"species","dd long","dd lat"
"Eight-Toothed_Spruce_Bark_Beetle",17.53122,62.4918
"Eight-Toothed_Spruce_Bark_Beetle",15.63134,62.70294
"Eight-Toothed_Spruce_Bark_Beetle",14.89153,59.45682
"Eight-Toothed_Spruce_Bark_Beetle",16.35427,59.12609
"Eight-Toothed_Spruce_Bark_Beetle",16.94976,59.21937
"Eight-Toothed_Spruce_Bark_Beetle",15.92247,56.73439
"Eight-Toothed_Spruce_Bark_Beetle",24.0994,61.6392
"Eight-Toothed_Spruce_Bark_Beetle",25.82718,61.89125
"Eight-Toothed_Spruce_Bark_Beetle",25.52603,62.22041
"Eight-Toothed_Spruce_Bark_Beetle",25.67386,62.35651
"Eight-Toothed_Spruce_Bark_Beetle",23.12902,60.22386
"Eight-Toothed_Spruce_Bark_Beetle",24.0994,61.6392
"Eight-Toothed_Spruce_Bark_Beetle",13.4124,48.9375
"Eight-Toothed_Spruce_Bark_Beetle",13.1318,49.07
"Eight-Toothed_Spruce_Bark_Beetle",13.4921,48.929699
"Eight-Toothed_Spruce_Bark_Beetle",13.1936,50.515301
"Eight-Toothed_Spruce_Bark_Beetle",11.5543,48.2561
"Eight-Toothed_Spruce_Bark_Beetle",7.805,50.004002
"Eight-Toothed_Spruce_Bark_Beetle",13.4124,48.9375
"Eight-Toothed_Spruce_Bark_Beetle",11.228,48.821999
"Eight-Toothed_Spruce_Bark_Beetle",13.3619,48.945599
"Eight-Toothed_Spruce_Bark_Beetle",8.13539,51.446098
"Eight-Toothed_Spruce_Bark_Beetle",13.2294,49.071201
"Eight-Toothed_Spruce_Bark_Beetle",12.013,47.646999
"Eight-Toothed_Spruce_Bark_Beetle",8.13539,51.446098
"Eight-Toothed_Spruce_Bark_Beetle",5.99,50.401
"Eight-Toothed_Spruce_Bark_Beetle",5.498,50.413
"Eight-Toothed_Spruce_Bark_Beetle",7.124236,49.723881
"Eight-Toothed_Spruce_Bark_Beetle",10.457067,50.973747
"Eight-Toothed_Spruce_Bark_Beetle",17.52832,59.97462
"Eight-Toothed_Spruce_Bark_Beetle",23.666384,54.866571
"Eight-Toothed_Spruce_Bark_Beetle",14.829779,46.796095
"Eight-Toothed_Spruce_Bark_Beetle",55.957855,54.734301
"Eight-Toothed_Spruce_Bark_Beetle",24.995971,67.6199
"Eight-Toothed_Spruce_Bark_Beetle",24.042774,61.949762
"Eight-Toothed_Spruce_Bark_Beetle",24.042774,61.949762
"Eight-Toothed_Spruce_Bark_Beetle",23.82847,60.328328
"Eight-Toothed_Spruce_Bark_Beetle",24.415854,62.047048
"Eight-Toothed_Spruce_Bark_Beetle",12.05402,57.69709
"Eight-Toothed_Spruce_Bark_Beetle",15.74103,59.97964
"Eight-Toothed_Spruce_Bark_Beetle",16.81642,58.8913
"Eight-Toothed_Spruce_Bark_Beetle",16.19887,59.82698
"Eight-Toothed_Spruce_Bark_Beetle",15.68322,60.14917
"Eight-Toothed_Spruce_Bark_Beetle",11.215278,59.090407
"Eight-Toothed_Spruce_Bark_Beetle",10.976173,59.701029
"Eight-Toothed_Spruce_Bark_Beetle",11.165502,59.200011
"Eight-Toothed_Spruce_Bark_Beetle",11.010911,59.53415
"Eight-Toothed_Spruce_Bark_Beetle",11.100311,59.297515
"Eight-Toothed_Spruce_Bark_Beetle",8.89614,46.19956
"Eight-Toothed_Spruce_Bark_Beetle",8.64204,46.42747
"Eight-Toothed_Spruce_Bark_Beetle",8.70813,46.47173
"Eight-Toothed_Spruce_Bark_Beetle",8.89614,46.19956
"Eight-Toothed_Spruce_Bark_Beetle",8.77322,46.47099
"Eight-Toothed_Spruce_Bark_Beetle",9.09042,46.19688
"Eight-Toothed_Spruce_Bark_Beetle",9.02829,46.28775
"Eight-Toothed_Spruce_Bark_Beetle",8.89614,46.19956
"Eight-Toothed_Spruce_Bark_Beetle",8.70813,46.47173
"Eight-Toothed_Spruce_Bark_Beetle",8.98646,47.09808
"Eight-Toothed_Spruce_Bark_Beetle",8.89614,46.19956
"Eight-Toothed_Spruce_Bark_Beetle",8.77322,46.47099
"Eight-Toothed_Spruce_Bark_Beetle",8.50842,46.24888
"Eight-Toothed_Spruce_Bark_Beetle",9.02829,46.28775
"Eight-Toothed_Spruce_Bark_Beetle",8.89614,46.19956
"Eight-Toothed_Spruce_Bark_Beetle",8.64204,46.42747
"Eight-Toothed_Spruce_Bark_Beetle",8.70813,46.47173
"Eight-Toothed_Spruce_Bark_Beetle",9.51666,47.17969
"Eight-Toothed_Spruce_Bark_Beetle",9.76863,46.90489
"Eight-Toothed_Spruce_Bark_Beetle",9.00354,47.68258
"Eight-Toothed_Spruce_Bark_Beetle",9.62828,46.68269
"Eight-Toothed_Spruce_Bark_Beetle",9.62828,46.68269
"Eight-Toothed_Spruce_Bark_Beetle",9.62828,46.68269
"Eight-Toothed_Spruce_Bark_Beetle",7.21152,46.29868
"Eight-Toothed_Spruce_Bark_Beetle",8.46826,47.55364
"Eight-Toothed_Spruce_Bark_Beetle",8.40184,47.55422
"Eight-Toothed_Spruce_Bark_Beetle",8.40184,47.55422
"Eight-Toothed_Spruce_Bark_Beetle",8.52822,47.23827
"Eight-Toothed_Spruce_Bark_Beetle",7.14094,47.33298
"Eight-Toothed_Spruce_Bark_Beetle",8.40184,47.55422
"Eight-Toothed_Spruce_Bark_Beetle",8.40184,47.55422
"Eight-Toothed_Spruce_Bark_Beetle",8.52822,47.23827
"Eight-Toothed_Spruce_Bark_Beetle",7.14094,47.33298
"Eight-Toothed_Spruce_Bark_Beetle",7.14094,47.33298
"Eight-Toothed_Spruce_Bark_Beetle",7.14094,47.33298
"Eight-Toothed_Spruce_Bark_Beetle",7.40561,47.24341
"Eight-Toothed_Spruce_Bark_Beetle",7.40564,47.19844
"Eight-Toothed_Spruce_Bark_Beetle",7.40564,47.19844
"Eight-Toothed_Spruce_Bark_Beetle",6.23524,46.42745
"Eight-Toothed_Spruce_Bark_Beetle",8.40184,47.55422
"Eight-Toothed_Spruce_Bark_Beetle",8.40184,47.55422
"Eight-Toothed_Spruce_Bark_Beetle",8.40184,47.55422
"Eight-Toothed_Spruce_Bark_Beetle",8.40184,47.55422
"Eight-Toothed_Spruce_Bark_Beetle",8.52822,47.23827
"Eight-Toothed_Spruce_Bark_Beetle",7.14094,47.33298
"Eight-Toothed_Spruce_Bark_Beetle",7.40561,47.24341
"Eight-Toothed_Spruce_Bark_Beetle",7.40564,47.19844
"Eight-Toothed_Spruce_Bark_Beetle",7.40564,47.19844
"Eight-Toothed_Spruce_Bark_Beetle",7.40564,47.19844
"Eight-Toothed_Spruce_Bark_Beetle",6.23524,46.42745
"Eight-Toothed_Spruce_Bark_Beetle",6.23524,46.42745
"Eight-Toothed_Spruce_Bark_Beetle",7.14094,47.33298
"Eight-Toothed_Spruce_Bark_Beetle",7.14094,47.33298
"Eight-Toothed_Spruce_Bark_Beetle",7.40564,47.19844
"Eight-Toothed_Spruce_Bark_Beetle",7.40564,47.19844
"Eight-Toothed_Spruce_Bark_Beetle",7.40564,47.19844
"Eight-Toothed_Spruce_Bark_Beetle",6.23524,46.42745
"Eight-Toothed_Spruce_Bark_Beetle",6.23524,46.42745
"Eight-Toothed_Spruce_Bark_Beetle",8.40184,47.55422
"Eight-Toothed_Spruce_Bark_Beetle",8.40184,47.55422
"Eight-Toothed_Spruce_Bark_Beetle",8.40184,47.55422
"Eight-Toothed_Spruce_Bark_Beetle",8.40184,47.55422
"Eight-Toothed_Spruce_Bark_Beetle",7.14094,47.33298
"Eight-Toothed_Spruce_Bark_Beetle",7.14094,47.33298
"Eight-Toothed_Spruce_Bark_Beetle",7.14094,47.33298
"Eight-Toothed_Spruce_Bark_Beetle",7.40561,47.24341
"Eight-Toothed_Spruce_Bark_Beetle",7.40564,47.19844
"Eight-Toothed_Spruce_Bark_Beetle",6.23524,46.42745
"Eight-Toothed_Spruce_Bark_Beetle",6.23524,46.42745
"Eight-Toothed_Spruce_Bark_Beetle",6.23524,46.42745
"Eight-Toothed_Spruce_Bark_Beetle",8.40184,47.55422
"Eight-Toothed_Spruce_Bark_Beetle",8.40184,47.55422
"Eight-Toothed_Spruce_Bark_Beetle",8.40184,47.55422
"Eight-Toothed_Spruce_Bark_Beetle",8.40184,47.55422
"Eight-Toothed_Spruce_Bark_Beetle",7.01045,47.10769
"Eight-Toothed_Spruce_Bark_Beetle",7.14094,47.33298
"Eight-Toothed_Spruce_Bark_Beetle",7.14094,47.33298
"Eight-Toothed_Spruce_Bark_Beetle",7.40564,47.19844
"Eight-Toothed_Spruce_Bark_Beetle",7.40564,47.19844
"Eight-Toothed_Spruce_Bark_Beetle",6.23524,46.42745
"Eight-Toothed_Spruce_Bark_Beetle",6.23524,46.42745
"Eight-Toothed_Spruce_Bark_Beetle",6.23524,46.42745
"Eight-Toothed_Spruce_Bark_Beetle",6.75274,46.65666
"Eight-Toothed_Spruce_Bark_Beetle",6.81755,46.70201
"Eight-Toothed_Spruce_Bark_Beetle",15.865207,46.792698
"Eight-Toothed_Spruce_Bark_Beetle",9.517999,56.129641
"Eight-Toothed_Spruce_Bark_Beetle",9.630613,56.077008
"Eight-Toothed_Spruce_Bark_Beetle",15.97573,59.81845
"Eight-Toothed_Spruce_Bark_Beetle",12.47118,57.53528
"Eight-Toothed_Spruce_Bark_Beetle",14.42871,61.0472
"Eight-Toothed_Spruce_Bark_Beetle",20.40584,63.76147
"Eight-Toothed_Spruce_Bark_Beetle",17.72903,59.80406
"Eight-Toothed_Spruce_Bark_Beetle",16.1172,58.69374
"Eight-Toothed_Spruce_Bark_Beetle",8.742,59.4492
"Eight-Toothed_Spruce_Bark_Beetle",15.987917,48.182942
"Eight-Toothed_Spruce_Bark_Beetle",15.987917,48.182942
"Eight-Toothed_Spruce_Bark_Beetle",27.883491,60.716269
"Eight-Toothed_Spruce_Bark_Beetle",27.879139,60.715948
"Eight-Toothed_Spruce_Bark_Beetle",27.879139,60.715948
"Eight-Toothed_Spruce_Bark_Beetle",27.879139,60.715948
"Eight-Toothed_Spruce_Bark_Beetle",27.655243,60.741139
"Eight-Toothed_Spruce_Bark_Beetle",27.655243,60.741139
"Eight-Toothed_Spruce_Bark_Beetle",27.655243,60.741139
"Eight-Toothed_Spruce_Bark_Beetle",27.880856,60.715739
"Eight-Toothed_Spruce_Bark_Beetle",27.884124,60.714595
"Eight-Toothed_Spruce_Bark_Beetle",27.883419,60.71363
"Eight-Toothed_Spruce_Bark_Beetle",27.657246,60.741317
"Eight-Toothed_Spruce_Bark_Beetle",27.656809,60.741463
"Eight-Toothed_Spruce_Bark_Beetle",27.652204,60.741414
"Eight-Toothed_Spruce_Bark_Beetle",27.880682,60.715417
"Eight-Toothed_Spruce_Bark_Beetle",27.883316,60.714555
"Eight-Toothed_Spruce_Bark_Beetle",27.656809,60.741463
"Eight-Toothed_Spruce_Bark_Beetle",27.657246,60.741317
"Eight-Toothed_Spruce_Bark_Beetle",56.064611,53.464581
"Eight-Toothed_Spruce_Bark_Beetle",16.07119,57.02767
"Eight-Toothed_Spruce_Bark_Beetle",20.40936,63.78817
"Eight-Toothed_Spruce_Bark_Beetle",15.14163,59.10789
"Eight-Toothed_Spruce_Bark_Beetle",15.56933,58.39692
"Eight-Toothed_Spruce_Bark_Beetle",15.27332,57.1313
"Eight-Toothed_Spruce_Bark_Beetle",15.785542,46.787565
"Eight-Toothed_Spruce_Bark_Beetle",16.19385,58.70982
"Eight-Toothed_Spruce_Bark_Beetle",16.18608,58.71035
"Eight-Toothed_Spruce_Bark_Beetle",17.41576,59.02671
"Eight-Toothed_Spruce_Bark_Beetle",16.18608,58.71035
"Eight-Toothed_Spruce_Bark_Beetle",14.36094,56.86551
"Eight-Toothed_Spruce_Bark_Beetle",16.53795,58.69739
"Eight-Toothed_Spruce_Bark_Beetle",15.37334,58.83578
"Eight-Toothed_Spruce_Bark_Beetle",15.35158,58.00387
"Eight-Toothed_Spruce_Bark_Beetle",15.37334,58.83578
"Eight-Toothed_Spruce_Bark_Beetle",16.00283,59.70911
"Eight-Toothed_Spruce_Bark_Beetle",15.37334,58.83578
"Eight-Toothed_Spruce_Bark_Beetle",16.2075,59.77623
"Eight-Toothed_Spruce_Bark_Beetle",17.69925,59.94124
"Eight-Toothed_Spruce_Bark_Beetle",17.70137,59.93386
"Eight-Toothed_Spruce_Bark_Beetle",16.53709,59.52702
"Eight-Toothed_Spruce_Bark_Beetle",27.552434,60.531055
"Eight-Toothed_Spruce_Bark_Beetle",14.78502,56.48712
"Eight-Toothed_Spruce_Bark_Beetle",14.75969,57.3824
"Eight-Toothed_Spruce_Bark_Beetle",12.22811,63.613639
"Eight-Toothed_Spruce_Bark_Beetle",11.81663,57.77818
"Eight-Toothed_Spruce_Bark_Beetle",16.927488,60.297384
"Eight-Toothed_Spruce_Bark_Beetle",14.03068,63.65601
"Eight-Toothed_Spruce_Bark_Beetle",16.927488,60.297384
"Eight-Toothed_Spruce_Bark_Beetle",16.927488,60.297384
"Eight-Toothed_Spruce_Bark_Beetle",16.825,56.9317
"Eight-Toothed_Spruce_Bark_Beetle",18.54391,68.35452
"Eight-Toothed_Spruce_Bark_Beetle",15.585445,58.28649
"Eight-Toothed_Spruce_Bark_Beetle",13.45307,58.48989
"Eight-Toothed_Spruce_Bark_Beetle",13.45307,58.48989
"Eight-Toothed_Spruce_Bark_Beetle",17.358107,59.626304
"Eight-Toothed_Spruce_Bark_Beetle",13.45307,58.48989
"Eight-Toothed_Spruce_Bark_Beetle",13.45307,58.48989
"Eight-Toothed_Spruce_Bark_Beetle",13.45307,58.48989
"Eight-Toothed_Spruce_Bark_Beetle",17.778725,59.171847
"Eight-Toothed_Spruce_Bark_Beetle",18.73115,65.7914
"Eight-Toothed_Spruce_Bark_Beetle",16.54983,58.78957
"Eight-Toothed_Spruce_Bark_Beetle",7.457521,49.873863
"Eight-Toothed_Spruce_Bark_Beetle",11.873547,49.573917
"Eight-Toothed_Spruce_Bark_Beetle",10.148535,52.515072
"Eight-Toothed_Spruce_Bark_Beetle",11.59956,49.287041
"Eight-Toothed_Spruce_Bark_Beetle",13.864059,48.853886
"Eight-Toothed_Spruce_Bark_Beetle",8.525391,50.918835
"Eight-Toothed_Spruce_Bark_Beetle",8.18276,51.460049
"Eight-Toothed_Spruce_Bark_Beetle",7.524569,49.884636
"Eight-Toothed_Spruce_Bark_Beetle",10.216255,49.003197
"Eight-Toothed_Spruce_Bark_Beetle",11.58268,50.391121
"Eight-Toothed_Spruce_Bark_Beetle",9.086723,48.723953
"Eight-Toothed_Spruce_Bark_Beetle",8.790667,48.823986
"Eight-Toothed_Spruce_Bark_Beetle",13.20666,50.823784
"Eight-Toothed_Spruce_Bark_Beetle",9.45395,48.882553
"Eight-Toothed_Spruce_Bark_Beetle",9.971423,51.617699
"Eight-Toothed_Spruce_Bark_Beetle",9.21687,48.109234
"Eight-Toothed_Spruce_Bark_Beetle",7.624163,49.923859
"Eight-Toothed_Spruce_Bark_Beetle",10.008435,51.635727
"Eight-Toothed_Spruce_Bark_Beetle",9.811271,52.401985
"Eight-Toothed_Spruce_Bark_Beetle",9.888798,51.585194
"Eight-Toothed_Spruce_Bark_Beetle",14.0577,51.360451
"Eight-Toothed_Spruce_Bark_Beetle",-3.714621,38.28339
"Eight-Toothed_Spruce_Bark_Beetle",9.281602,49.31908
"Eight-Toothed_Spruce_Bark_Beetle",11.017352,49.124237
"Eight-Toothed_Spruce_Bark_Beetle",8.227386,50.416176
"Eight-Toothed_Spruce_Bark_Beetle",10.710883,49.205532
"Eight-Toothed_Spruce_Bark_Beetle",8.021254,50.597656
"Eight-Toothed_Spruce_Bark_Beetle",7.103385,51.265137
"Eight-Toothed_Spruce_Bark_Beetle",9.643753,50.021366
"Eight-Toothed_Spruce_Bark_Beetle",11.715546,52.869129
"Eight-Toothed_Spruce_Bark_Beetle",10.494473,51.924561
"Eight-Toothed_Spruce_Bark_Beetle",10.715092,49.17852
"Eight-Toothed_Spruce_Bark_Beetle",7.559988,49.909863
"Eight-Toothed_Spruce_Bark_Beetle",11.490326,47.463455
"Eight-Toothed_Spruce_Bark_Beetle",9.414425,48.842239
"Eight-Toothed_Spruce_Bark_Beetle",9.787134,49.002274
"Eight-Toothed_Spruce_Bark_Beetle",10.224599,48.895573
"Eight-Toothed_Spruce_Bark_Beetle",10.012115,53.681168
"Eight-Toothed_Spruce_Bark_Beetle",10.969231,47.577415
"Eight-Toothed_Spruce_Bark_Beetle",13.789901,51.073761
"Eight-Toothed_Spruce_Bark_Beetle",8.624014,50.273823
"Eight-Toothed_Spruce_Bark_Beetle",8.43838,50.231808
"Eight-Toothed_Spruce_Bark_Beetle",12.417142,47.788799
"Eight-Toothed_Spruce_Bark_Beetle",7.272067,49.866325
"Eight-Toothed_Spruce_Bark_Beetle",9.382238,50.127014
"Eight-Toothed_Spruce_Bark_Beetle",10.008435,51.635727
"Eight-Toothed_Spruce_Bark_Beetle",7.795537,48.437019
"Eight-Toothed_Spruce_Bark_Beetle",10.857925,48.145874
"Eight-Toothed_Spruce_Bark_Beetle",7.215242,50.690296
"Eight-Toothed_Spruce_Bark_Beetle",7.955892,50.612007
"Eight-Toothed_Spruce_Bark_Beetle",9.264028,48.779121
"Eight-Toothed_Spruce_Bark_Beetle",8.581781,50.303074
"Eight-Toothed_Spruce_Bark_Beetle",10.01475,48.733639
"Eight-Toothed_Spruce_Bark_Beetle",7.950153,51.616657
"Eight-Toothed_Spruce_Bark_Beetle",9.214886,49.284309
"Eight-Toothed_Spruce_Bark_Beetle",10.79034,51.673672
"Eight-Toothed_Spruce_Bark_Beetle",10.776408,47.210606
"Eight-Toothed_Spruce_Bark_Beetle",12.873428,48.224079
"Eight-Toothed_Spruce_Bark_Beetle",6.701018,50.953583
"Eight-Toothed_Spruce_Bark_Beetle",8.428574,50.09597
"Eight-Toothed_Spruce_Bark_Beetle",11.984306,47.711075
"Eight-Toothed_Spruce_Bark_Beetle",8.042438,47.860229
"Eight-Toothed_Spruce_Bark_Beetle",11.54024,50.923759
"Eight-Toothed_Spruce_Bark_Beetle",12.260906,53.752964
"Eight-Toothed_Spruce_Bark_Beetle",10.710883,49.205532
"Eight-Toothed_Spruce_Bark_Beetle",9.465859,48.941906
"Eight-Toothed_Spruce_Bark_Beetle",9.888798,51.585194
"Eight-Toothed_Spruce_Bark_Beetle",9.978511,53.268238
"Eight-Toothed_Spruce_Bark_Beetle",10.606034,47.12059
"Eight-Toothed_Spruce_Bark_Beetle",9.895978,51.59288
"Eight-Toothed_Spruce_Bark_Beetle",13.123339,50.823784
"Eight-Toothed_Spruce_Bark_Beetle",9.895978,51.59288
"Eight-Toothed_Spruce_Bark_Beetle",9.396818,48.850552
"Eight-Toothed_Spruce_Bark_Beetle",13.040064,48.574039
"Eight-Toothed_Spruce_Bark_Beetle",7.457521,49.773876
"Eight-Toothed_Spruce_Bark_Beetle",8.363342,50.804634
"Eight-Toothed_Spruce_Bark_Beetle",7.457521,49.773876
"Eight-Toothed_Spruce_Bark_Beetle",7.189588,51.341503
"Eight-Toothed_Spruce_Bark_Beetle",12.266235,51.659351
"Eight-Toothed_Spruce_Bark_Beetle",8.374047,50.823757
"Eight-Toothed_Spruce_Bark_Beetle",7.950153,51.616657
"Eight-Toothed_Spruce_Bark_Beetle",9.895978,51.59288
"Eight-Toothed_Spruce_Bark_Beetle",10.70702,51.673672
"Eight-Toothed_Spruce_Bark_Beetle",9.372711,48.950127
"Eight-Toothed_Spruce_Bark_Beetle",10.123795,50.073849
"Eight-Toothed_Spruce_Bark_Beetle",9.394512,48.849243
"Eight-Toothed_Spruce_Bark_Beetle",9.414425,48.842239
"Eight-Toothed_Spruce_Bark_Beetle",9.55832,48.933426
"Eight-Toothed_Spruce_Bark_Beetle",9.821575,52.029404
"Eight-Toothed_Spruce_Bark_Beetle",10.483329,47.673115
"Eight-Toothed_Spruce_Bark_Beetle",9.086723,48.723953
"Eight-Toothed_Spruce_Bark_Beetle",10.008435,51.635727
"Eight-Toothed_Spruce_Bark_Beetle",6.879222,50.966171
"Eight-Toothed_Spruce_Bark_Beetle",10.357919,51.811642
"Eight-Toothed_Spruce_Bark_Beetle",10.452547,51.967327
"Eight-Toothed_Spruce_Bark_Beetle",9.895978,51.59288
"Eight-Toothed_Spruce_Bark_Beetle",7.457521,49.773876
"Eight-Toothed_Spruce_Bark_Beetle",6.877506,50.952045
"Eight-Toothed_Spruce_Bark_Beetle",9.402709,48.847305
"Eight-Toothed_Spruce_Bark_Beetle",7.950153,51.616657
"Eight-Toothed_Spruce_Bark_Beetle",10.236168,50.217339
"Eight-Toothed_Spruce_Bark_Beetle",7.429898,49.833832
"Eight-Toothed_Spruce_Bark_Beetle",10.008435,51.635727
"Eight-Toothed_Spruce_Bark_Beetle",13.459027,48.908928
"Eight-Toothed_Spruce_Bark_Beetle",10.095222,50.074528
"Eight-Toothed_Spruce_Bark_Beetle",8.457381,48.773991
"Eight-Toothed_Spruce_Bark_Beetle",7.950153,51.616657
"Eight-Toothed_Spruce_Bark_Beetle",10.576061,51.748703
"Eight-Toothed_Spruce_Bark_Beetle",14.115128,50.965572
"Eight-Toothed_Spruce_Bark_Beetle",9.895978,51.59288
"Eight-Toothed_Spruce_Bark_Beetle",13.527693,48.883923
"Eight-Toothed_Spruce_Bark_Beetle",7.457521,49.823872
"Eight-Toothed_Spruce_Bark_Beetle",14.237002,50.902569
"Eight-Toothed_Spruce_Bark_Beetle",14.251082,50.9217
"Eight-Toothed_Spruce_Bark_Beetle",9.978511,53.268238
"Eight-Toothed_Spruce_Bark_Beetle",10.083373,52.602329
"Eight-Toothed_Spruce_Bark_Beetle",8.363342,50.804634
"Eight-Toothed_Spruce_Bark_Beetle",8.374047,50.823757
"Eight-Toothed_Spruce_Bark_Beetle",10.674419,51.778675
"Eight-Toothed_Spruce_Bark_Beetle",6.163694,50.85553
"Eight-Toothed_Spruce_Bark_Beetle",9.79138,48.43948
"Eight-Toothed_Spruce_Bark_Beetle",9.24165,50.441051
"Eight-Toothed_Spruce_Bark_Beetle",7.950153,51.616657
"Eight-Toothed_Spruce_Bark_Beetle",9.895978,51.59288
"Eight-Toothed_Spruce_Bark_Beetle",12.424241,46.818424
"Eight-Toothed_Spruce_Bark_Beetle",7.950153,51.616657
"Eight-Toothed_Spruce_Bark_Beetle",8.339285,48.54221
"Eight-Toothed_Spruce_Bark_Beetle",9.372711,48.950127
"Eight-Toothed_Spruce_Bark_Beetle",7.874123,50.523788
"Eight-Toothed_Spruce_Bark_Beetle",11.456915,51.173733
"Eight-Toothed_Spruce_Bark_Beetle",7.790965,47.998096
"Eight-Toothed_Spruce_Bark_Beetle",8.830071,48.863815
"Eight-Toothed_Spruce_Bark_Beetle",12.932153,48.844639
"Eight-Toothed_Spruce_Bark_Beetle",13.452814,48.832684
"Eight-Toothed_Spruce_Bark_Beetle",9.895978,51.59288
"Eight-Toothed_Spruce_Bark_Beetle",10.358906,51.690647
"Eight-Toothed_Spruce_Bark_Beetle",10.008435,51.635727
"Eight-Toothed_Spruce_Bark_Beetle",10.012115,53.681168
"Eight-Toothed_Spruce_Bark_Beetle",9.895978,51.59288
"Eight-Toothed_Spruce_Bark_Beetle",9.543063,51.957294
"Eight-Toothed_Spruce_Bark_Beetle",9.059021,50.628742
"Eight-Toothed_Spruce_Bark_Beetle",9.888798,51.585194
"Eight-Toothed_Spruce_Bark_Beetle",10.785398,51.738777
"Eight-Toothed_Spruce_Bark_Beetle",11.511491,50.486073
"Eight-Toothed_Spruce_Bark_Beetle",10.744173,49.200424
"Eight-Toothed_Spruce_Bark_Beetle",8.043838,51.102013
"Eight-Toothed_Spruce_Bark_Beetle",9.286115,48.535172
"Eight-Toothed_Spruce_Bark_Beetle",8.876395,48.171036
"Eight-Toothed_Spruce_Bark_Beetle",11.54024,50.923759
"Eight-Toothed_Spruce_Bark_Beetle",8.912306,50.133141
"Eight-Toothed_Spruce_Bark_Beetle",8.041306,51.097271
"Eight-Toothed_Spruce_Bark_Beetle",16.471893,50.101704
"Eight-Toothed_Spruce_Bark_Beetle",37.544918,55.233703
"Eight-Toothed_Spruce_Bark_Beetle",38.532444,54.399167
"Eight-Toothed_Spruce_Bark_Beetle",15.41295,60.67422
"Eight-Toothed_Spruce_Bark_Beetle",15.44307,59.83663
"Eight-Toothed_Spruce_Bark_Beetle",15.57067,59.98397
"Eight-Toothed_Spruce_Bark_Beetle",15.19175,60.13299
"Eight-Toothed_Spruce_Bark_Beetle",15.79643,60.08018
"Eight-Toothed_Spruce_Bark_Beetle",14.67097,59.4484
"Eight-Toothed_Spruce_Bark_Beetle",15.32756,60.01734
"Eight-Toothed_Spruce_Bark_Beetle",11.743523,60.131535
"Eight-Toothed_Spruce_Bark_Beetle",15.08195,60.85954
"Eight-Toothed_Spruce_Bark_Beetle",15.73961,59.78436
"Eight-Toothed_Spruce_Bark_Beetle",15.73961,59.78436
"Eight-Toothed_Spruce_Bark_Beetle",7.547349,47.594897
"Eight-Toothed_Spruce_Bark_Beetle",15.269162,47.141911
"Eight-Toothed_Spruce_Bark_Beetle",14.73,47.57
"Eight-Toothed_Spruce_Bark_Beetle",14.72,47.56
"Eight-Toothed_Spruce_Bark_Beetle",14.73,47.57
"Eight-Toothed_Spruce_Bark_Beetle",14.71,47.57
"Eight-Toothed_Spruce_Bark_Beetle",14.7,47.57
"Eight-Toothed_Spruce_Bark_Beetle",14.72,47.56
"Eight-Toothed_Spruce_Bark_Beetle",14.72,47.56
"Eight-Toothed_Spruce_Bark_Beetle",14.73,47.59
"Eight-Toothed_Spruce_Bark_Beetle",14.73,47.58
"Eight-Toothed_Spruce_Bark_Beetle",14.71,47.55
"Eight-Toothed_Spruce_Bark_Beetle",14.71,47.56
"Eight-Toothed_Spruce_Bark_Beetle",14.71,47.57
"Eight-Toothed_Spruce_Bark_Beetle",14.72,47.56
"Eight-Toothed_Spruce_Bark_Beetle",14.73,47.58
"Eight-Toothed_Spruce_Bark_Beetle",14.72,47.58
"Eight-Toothed_Spruce_Bark_Beetle",14.73,47.58
"Eight-Toothed_Spruce_Bark_Beetle",14.73,47.57
"Eight-Toothed_Spruce_Bark_Beetle",14.73,47.57
"Eight-Toothed_Spruce_Bark_Beetle",14.71,47.57
"Eight-Toothed_Spruce_Bark_Beetle",14.73,47.58
"Eight-Toothed_Spruce_Bark_Beetle",14.72,47.58
"Eight-Toothed_Spruce_Bark_Beetle",14.71,47.57
"Eight-Toothed_Spruce_Bark_Beetle",14.71,47.58
"Eight-Toothed_Spruce_Bark_Beetle",14.7,47.57
"Eight-Toothed_Spruce_Bark_Beetle",14.71,47.55
"Eight-Toothed_Spruce_Bark_Beetle",14.71,47.56
"Eight-Toothed_Spruce_Bark_Beetle",14.71,47.57
"Eight-Toothed_Spruce_Bark_Beetle",14.73,47.59
"Eight-Toothed_Spruce_Bark_Beetle",14.73,47.58
"Eight-Toothed_Spruce_Bark_Beetle",14.72,47.56
"Eight-Toothed_Spruce_Bark_Beetle",14.72,47.56
"Eight-Toothed_Spruce_Bark_Beetle",14.72,47.56
"Eight-Toothed_Spruce_Bark_Beetle",14.72,47.56
"Eight-Toothed_Spruce_Bark_Beetle",14.72,47.58
"Eight-Toothed_Spruce_Bark_Beetle",14.73,47.58
"Eight-Toothed_Spruce_Bark_Beetle",14.73,47.58
"Eight-Toothed_Spruce_Bark_Beetle",14.72,47.58
"Eight-Toothed_Spruce_Bark_Beetle",14.73,47.58
"Eight-Toothed_Spruce_Bark_Beetle",14.71,47.57
"Eight-Toothed_Spruce_Bark_Beetle",14.71,47.57
"Eight-Toothed_Spruce_Bark_Beetle",14.71,47.58
"Eight-Toothed_Spruce_Bark_Beetle",14.73,47.57
"Eight-Toothed_Spruce_Bark_Beetle",14.73,47.57
"Eight-Toothed_Spruce_Bark_Beetle",14.73,47.58
"Eight-Toothed_Spruce_Bark_Beetle",14.73,47.58
"Eight-Toothed_Spruce_Bark_Beetle",14.72,47.58
"Eight-Toothed_Spruce_Bark_Beetle",14.71,47.57
"Eight-Toothed_Spruce_Bark_Beetle",14.73,47.58
"Eight-Toothed_Spruce_Bark_Beetle",14.73,47.58
"Eight-Toothed_Spruce_Bark_Beetle",14.72,47.58
"Eight-Toothed_Spruce_Bark_Beetle",14.71,47.58
"Eight-Toothed_Spruce_Bark_Beetle",14.73,47.57
"Eight-Toothed_Spruce_Bark_Beetle",14.73,47.57
"Eight-Toothed_Spruce_Bark_Beetle",14.71,47.57
"Eight-Toothed_Spruce_Bark_Beetle",14.72,47.56
"Eight-Toothed_Spruce_Bark_Beetle",14.72,47.56
"Eight-Toothed_Spruce_Bark_Beetle",14.72,47.56
"Eight-Toothed_Spruce_Bark_Beetle",14.71,47.57
"Eight-Toothed_Spruce_Bark_Beetle",14.7,47.57
"Eight-Toothed_Spruce_Bark_Beetle",14.71,47.55
"Eight-Toothed_Spruce_Bark_Beetle",14.71,47.56
"Eight-Toothed_Spruce_Bark_Beetle",14.72,47.56
"Eight-Toothed_Spruce_Bark_Beetle",14.73,47.59
"Eight-Toothed_Spruce_Bark_Beetle",14.73,47.58
"Eight-Toothed_Spruce_Bark_Beetle",14.72,47.58
"Eight-Toothed_Spruce_Bark_Beetle",14.71,47.57
"Eight-Toothed_Spruce_Bark_Beetle",14.71,47.58
"Eight-Toothed_Spruce_Bark_Beetle",14.73,47.57
"Eight-Toothed_Spruce_Bark_Beetle",14.73,47.58
"Eight-Toothed_Spruce_Bark_Beetle",14.72,47.58
"Eight-Toothed_Spruce_Bark_Beetle",14.73,47.58
"Eight-Toothed_Spruce_Bark_Beetle",14.73,47.58
"Eight-Toothed_Spruce_Bark_Beetle",14.71,47.56
"Eight-Toothed_Spruce_Bark_Beetle",14.71,47.57
"Eight-Toothed_Spruce_Bark_Beetle",14.72,47.56
"Eight-Toothed_Spruce_Bark_Beetle",14.72,47.56
"Eight-Toothed_Spruce_Bark_Beetle",14.7,47.57
"Eight-Toothed_Spruce_Bark_Beetle",14.71,47.55
"Eight-Toothed_Spruce_Bark_Beetle",14.72,47.56
"Eight-Toothed_Spruce_Bark_Beetle",14.72,47.56
"Eight-Toothed_Spruce_Bark_Beetle",14.73,47.59
"Eight-Toothed_Spruce_Bark_Beetle",14.73,47.58
"Eight-Toothed_Spruce_Bark_Beetle",14.73,47.58
"Eight-Toothed_Spruce_Bark_Beetle",14.72,47.58
"Eight-Toothed_Spruce_Bark_Beetle",14.71,47.57
"Eight-Toothed_Spruce_Bark_Beetle",14.71,47.58
"Eight-Toothed_Spruce_Bark_Beetle",14.73,47.58
"Eight-Toothed_Spruce_Bark_Beetle",14.72,47.58
"Eight-Toothed_Spruce_Bark_Beetle",14.73,47.58
"Eight-Toothed_Spruce_Bark_Beetle",14.73,47.57
"Eight-Toothed_Spruce_Bark_Beetle",14.73,47.57
"Eight-Toothed_Spruce_Bark_Beetle",14.71,47.57
"Eight-Toothed_Spruce_Bark_Beetle",14.72,47.56
"Eight-Toothed_Spruce_Bark_Beetle",14.72,47.56
"Eight-Toothed_Spruce_Bark_Beetle",14.72,47.56
"Eight-Toothed_Spruce_Bark_Beetle",14.72,47.56
"Eight-Toothed_Spruce_Bark_Beetle",14.7,47.57
"Eight-Toothed_Spruce_Bark_Beetle",14.71,47.55
"Eight-Toothed_Spruce_Bark_Beetle",14.71,47.56
"Eight-Toothed_Spruce_Bark_Beetle",14.71,47.57
"Eight-Toothed_Spruce_Bark_Beetle",14.73,47.59
"Eight-Toothed_Spruce_Bark_Beetle",14.73,47.58
"Eight-Toothed_Spruce_Bark_Beetle",14.72,47.58
"Eight-Toothed_Spruce_Bark_Beetle",14.71,47.57
"Eight-Toothed_Spruce_Bark_Beetle",14.71,47.58
"Eight-Toothed_Spruce_Bark_Beetle",14.71,47.55
"Eight-Toothed_Spruce_Bark_Beetle",14.71,47.56
"Eight-Toothed_Spruce_Bark_Beetle",14.71,47.57
"Eight-Toothed_Spruce_Bark_Beetle",14.72,47.56
"Eight-Toothed_Spruce_Bark_Beetle",14.73,47.57
"Eight-Toothed_Spruce_Bark_Beetle",14.73,47.57
"Eight-Toothed_Spruce_Bark_Beetle",14.71,47.57
"Eight-Toothed_Spruce_Bark_Beetle",14.7,47.57
"Eight-Toothed_Spruce_Bark_Beetle",14.72,47.56
"Eight-Toothed_Spruce_Bark_Beetle",14.72,47.56
"Eight-Toothed_Spruce_Bark_Beetle",14.73,47.59
"Eight-Toothed_Spruce_Bark_Beetle",14.73,47.58
"Eight-Toothed_Spruce_Bark_Beetle",14.72,47.58
"Eight-Toothed_Spruce_Bark_Beetle",14.71,47.57
"Eight-Toothed_Spruce_Bark_Beetle",14.71,47.58
"Eight-Toothed_Spruce_Bark_Beetle",14.73,47.58
"Eight-Toothed_Spruce_Bark_Beetle",14.73,47.58
"Eight-Toothed_Spruce_Bark_Beetle",14.72,47.58
"Eight-Toothed_Spruce_Bark_Beetle",14.73,47.58
"Eight-Toothed_Spruce_Bark_Beetle",14.73,47.57
"Eight-Toothed_Spruce_Bark_Beetle",14.73,47.57
"Eight-Toothed_Spruce_Bark_Beetle",14.71,47.57
"Eight-Toothed_Spruce_Bark_Beetle",14.72,47.56
"Eight-Toothed_Spruce_Bark_Beetle",14.72,47.56
"Eight-Toothed_Spruce_Bark_Beetle",14.72,47.56
"Eight-Toothed_Spruce_Bark_Beetle",14.7,47.57
"Eight-Toothed_Spruce_Bark_Beetle",14.71,47.56
"Eight-Toothed_Spruce_Bark_Beetle",14.71,47.57
"Eight-Toothed_Spruce_Bark_Beetle",14.72,47.56
"Eight-Toothed_Spruce_Bark_Beetle",14.73,47.59
"Eight-Toothed_Spruce_Bark_Beetle",14.73,47.58
"Eight-Toothed_Spruce_Bark_Beetle",14.72,47.58
"Eight-Toothed_Spruce_Bark_Beetle",14.73,47.58
"Eight-Toothed_Spruce_Bark_Beetle",14.73,47.57
"Eight-Toothed_Spruce_Bark_Beetle",14.73,47.57
"Eight-Toothed_Spruce_Bark_Beetle",14.73,47.58
"Eight-Toothed_Spruce_Bark_Beetle",14.72,47.58
"Eight-Toothed_Spruce_Bark_Beetle",14.71,47.57
"Eight-Toothed_Spruce_Bark_Beetle",14.71,47.58
"Eight-Toothed_Spruce_Bark_Beetle",14.73,47.58
"Eight-Toothed_Spruce_Bark_Beetle",14.72,47.58
"Eight-Toothed_Spruce_Bark_Beetle",14.73,47.58
"Eight-Toothed_Spruce_Bark_Beetle",14.73,47.58
"Eight-Toothed_Spruce_Bark_Beetle",14.71,47.56
"Eight-Toothed_Spruce_Bark_Beetle",14.71,47.57
"Eight-Toothed_Spruce_Bark_Beetle",14.73,47.59
"Eight-Toothed_Spruce_Bark_Beetle",14.73,47.58
"Eight-Toothed_Spruce_Bark_Beetle",14.71,47.57
"Eight-Toothed_Spruce_Bark_Beetle",14.72,47.56
"Eight-Toothed_Spruce_Bark_Beetle",14.72,47.56
"Eight-Toothed_Spruce_Bark_Beetle",14.72,47.56
"Eight-Toothed_Spruce_Bark_Beetle",14.72,47.56
"Eight-Toothed_Spruce_Bark_Beetle",14.7,47.57
"Eight-Toothed_Spruce_Bark_Beetle",14.71,47.55
"Eight-Toothed_Spruce_Bark_Beetle",14.71,47.56
"Eight-Toothed_Spruce_Bark_Beetle",14.71,47.57
"Eight-Toothed_Spruce_Bark_Beetle",14.73,47.59
"Eight-Toothed_Spruce_Bark_Beetle",14.7,47.57
"Eight-Toothed_Spruce_Bark_Beetle",14.71,47.55
"Eight-Toothed_Spruce_Bark_Beetle",14.71,47.56
"Eight-Toothed_Spruce_Bark_Beetle",14.71,47.57
"Eight-Toothed_Spruce_Bark_Beetle",14.71,47.57
"Eight-Toothed_Spruce_Bark_Beetle",14.73,47.59
"Eight-Toothed_Spruce_Bark_Beetle",14.72,47.56
"Eight-Toothed_Spruce_Bark_Beetle",14.72,47.56
"Eight-Toothed_Spruce_Bark_Beetle",14.72,47.56
"Eight-Toothed_Spruce_Bark_Beetle",14.72,47.56
"Eight-Toothed_Spruce_Bark_Beetle",14.72,47.58
"Eight-Toothed_Spruce_Bark_Beetle",14.73,47.58
"Eight-Toothed_Spruce_Bark_Beetle",14.73,47.58
"Eight-Toothed_Spruce_Bark_Beetle",14.72,47.58
"Eight-Toothed_Spruce_Bark_Beetle",14.73,47.58
"Eight-Toothed_Spruce_Bark_Beetle",14.73,47.58
"Eight-Toothed_Spruce_Bark_Beetle",14.71,47.57
"Eight-Toothed_Spruce_Bark_Beetle",14.71,47.58
"Eight-Toothed_Spruce_Bark_Beetle",14.73,47.57
"Eight-Toothed_Spruce_Bark_Beetle",14.73,47.57
"Eight-Toothed_Spruce_Bark_Beetle",14.71,47.56
"Eight-Toothed_Spruce_Bark_Beetle",14.71,47.57
"Eight-Toothed_Spruce_Bark_Beetle",14.72,47.56
"Eight-Toothed_Spruce_Bark_Beetle",14.72,47.56
"Eight-Toothed_Spruce_Bark_Beetle",14.71,47.57
"Eight-Toothed_Spruce_Bark_Beetle",14.7,47.57
"Eight-Toothed_Spruce_Bark_Beetle",14.71,47.55
"Eight-Toothed_Spruce_Bark_Beetle",14.72,47.56
"Eight-Toothed_Spruce_Bark_Beetle",14.72,47.56
"Eight-Toothed_Spruce_Bark_Beetle",14.73,47.59
"Eight-Toothed_Spruce_Bark_Beetle",14.73,47.58
"Eight-Toothed_Spruce_Bark_Beetle",14.72,47.58
"Eight-Toothed_Spruce_Bark_Beetle",14.71,47.57
"Eight-Toothed_Spruce_Bark_Beetle",14.71,47.58
"Eight-Toothed_Spruce_Bark_Beetle",14.73,47.58
"Eight-Toothed_Spruce_Bark_Beetle",14.73,47.58
"Eight-Toothed_Spruce_Bark_Beetle",14.72,47.58
"Eight-Toothed_Spruce_Bark_Beetle",14.73,47.58
"Eight-Toothed_Spruce_Bark_Beetle",14.73,47.57
"Eight-Toothed_Spruce_Bark_Beetle",14.73,47.57
"Eight-Toothed_Spruce_Bark_Beetle",14.73,47.58
"Eight-Toothed_Spruce_Bark_Beetle",14.72,47.58
"Eight-Toothed_Spruce_Bark_Beetle",14.71,47.57
"Eight-Toothed_Spruce_Bark_Beetle",14.71,47.57
"Eight-Toothed_Spruce_Bark_Beetle",16.766814,48.134923
"Eight-Toothed_Spruce_Bark_Beetle",14.71,47.55
"Eight-Toothed_Spruce_Bark_Beetle",16.733049,48.137687
"Eight-Toothed_Spruce_Bark_Beetle",16.781595,48.121187
"Eight-Toothed_Spruce_Bark_Beetle",16.754802,48.136064
"Eight-Toothed_Spruce_Bark_Beetle",16.723527,48.127523
"Eight-Toothed_Spruce_Bark_Beetle",16.723527,48.127523
"Eight-Toothed_Spruce_Bark_Beetle",14.72,47.56
"Eight-Toothed_Spruce_Bark_Beetle",14.72,47.56
"Eight-Toothed_Spruce_Bark_Beetle",14.7,47.57
"Eight-Toothed_Spruce_Bark_Beetle",14.71,47.55
"Eight-Toothed_Spruce_Bark_Beetle",14.71,47.56
"Eight-Toothed_Spruce_Bark_Beetle",14.72,47.56
"Eight-Toothed_Spruce_Bark_Beetle",14.73,47.59
"Eight-Toothed_Spruce_Bark_Beetle",14.73,47.58
"Eight-Toothed_Spruce_Bark_Beetle",14.71,47.57
"Eight-Toothed_Spruce_Bark_Beetle",14.72,47.56
"Eight-Toothed_Spruce_Bark_Beetle",14.72,47.56
"Eight-Toothed_Spruce_Bark_Beetle",14.72,47.56
"Eight-Toothed_Spruce_Bark_Beetle",14.73,47.58
"Eight-Toothed_Spruce_Bark_Beetle",14.72,47.58
"Eight-Toothed_Spruce_Bark_Beetle",14.73,47.58
"Eight-Toothed_Spruce_Bark_Beetle",14.73,47.58
"Eight-Toothed_Spruce_Bark_Beetle",14.73,47.57
"Eight-Toothed_Spruce_Bark_Beetle",14.71,47.57
"Eight-Toothed_Spruce_Bark_Beetle",14.72,47.58
"Eight-Toothed_Spruce_Bark_Beetle",14.71,47.57
"Eight-Toothed_Spruce_Bark_Beetle",14.71,47.58
"Eight-Toothed_Spruce_Bark_Beetle",14.73,47.57
"Eight-Toothed_Spruce_Bark_Beetle",14.71,47.55
"Eight-Toothed_Spruce_Bark_Beetle",14.71,47.56
"Eight-Toothed_Spruce_Bark_Beetle",14.71,47.57
"Eight-Toothed_Spruce_Bark_Beetle",14.72,47.56
"Eight-Toothed_Spruce_Bark_Beetle",14.7,47.57
"Eight-Toothed_Spruce_Bark_Beetle",14.72,47.56
"Eight-Toothed_Spruce_Bark_Beetle",14.72,47.56
"Eight-Toothed_Spruce_Bark_Beetle",14.72,47.56
"Eight-Toothed_Spruce_Bark_Beetle",14.71,47.58
"Eight-Toothed_Spruce_Bark_Beetle",14.73,47.57
"Eight-Toothed_Spruce_Bark_Beetle",14.73,47.57
"Eight-Toothed_Spruce_Bark_Beetle",14.71,47.57
"Eight-Toothed_Spruce_Bark_Beetle",14.71,47.57
"Eight-Toothed_Spruce_Bark_Beetle",14.72,47.56
"Eight-Toothed_Spruce_Bark_Beetle",14.72,47.56
"Eight-Toothed_Spruce_Bark_Beetle",14.72,47.56
"Eight-Toothed_Spruce_Bark_Beetle",14.7,47.57
"Eight-Toothed_Spruce_Bark_Beetle",14.71,47.55
"Eight-Toothed_Spruce_Bark_Beetle",14.71,47.56
"Eight-Toothed_Spruce_Bark_Beetle",14.72,47.56
"Eight-Toothed_Spruce_Bark_Beetle",14.73,47.59
"Eight-Toothed_Spruce_Bark_Beetle",14.73,47.58
"Eight-Toothed_Spruce_Bark_Beetle",14.72,47.58
"Eight-Toothed_Spruce_Bark_Beetle",14.71,47.57
"Eight-Toothed_Spruce_Bark_Beetle",14.71,47.58
"Eight-Toothed_Spruce_Bark_Beetle",14.73,47.57
"Eight-Toothed_Spruce_Bark_Beetle",14.73,47.58
"Eight-Toothed_Spruce_Bark_Beetle",14.72,47.58
"Eight-Toothed_Spruce_Bark_Beetle",14.73,47.58
"Eight-Toothed_Spruce_Bark_Beetle",14.73,47.58
"Eight-Toothed_Spruce_Bark_Beetle",14.73,47.57
"Eight-Toothed_Spruce_Bark_Beetle",14.71,47.57
"Eight-Toothed_Spruce_Bark_Beetle",14.7,47.57
"Eight-Toothed_Spruce_Bark_Beetle",14.72,47.56
"Eight-Toothed_Spruce_Bark_Beetle",14.72,47.56
"Eight-Toothed_Spruce_Bark_Beetle",14.72,47.56
"Eight-Toothed_Spruce_Bark_Beetle",14.73,47.59
"Eight-Toothed_Spruce_Bark_Beetle",14.71,47.55
"Eight-Toothed_Spruce_Bark_Beetle",14.71,47.56
"Eight-Toothed_Spruce_Bark_Beetle",14.71,47.57
"Eight-Toothed_Spruce_Bark_Beetle",14.72,47.56
"Eight-Toothed_Spruce_Bark_Beetle",14.73,47.58
"Eight-Toothed_Spruce_Bark_Beetle",14.73,47.58
"Eight-Toothed_Spruce_Bark_Beetle",14.72,47.58
"Eight-Toothed_Spruce_Bark_Beetle",14.71,47.58
"Eight-Toothed_Spruce_Bark_Beetle",14.73,47.57
"Eight-Toothed_Spruce_Bark_Beetle",14.73,47.57
"Eight-Toothed_Spruce_Bark_Beetle",14.71,47.57
"Eight-Toothed_Spruce_Bark_Beetle",14.73,47.58
"Eight-Toothed_Spruce_Bark_Beetle",14.73,47.58
"Eight-Toothed_Spruce_Bark_Beetle",14.72,47.58
"Eight-Toothed_Spruce_Bark_Beetle",14.71,47.57
"Eight-Toothed_Spruce_Bark_Beetle",14.73,47.58
"Eight-Toothed_Spruce_Bark_Beetle",14.73,47.58
"Eight-Toothed_Spruce_Bark_Beetle",14.72,47.58
"Eight-Toothed_Spruce_Bark_Beetle",14.71,47.57
"Eight-Toothed_Spruce_Bark_Beetle",14.73,47.58
"Eight-Toothed_Spruce_Bark_Beetle",14.72,47.58
"Eight-Toothed_Spruce_Bark_Beetle",14.73,47.58
"Eight-Toothed_Spruce_Bark_Beetle",14.72,47.58
"Eight-Toothed_Spruce_Bark_Beetle",14.71,47.56
"Eight-Toothed_Spruce_Bark_Beetle",14.71,47.57
"Eight-Toothed_Spruce_Bark_Beetle",14.72,47.56
"Eight-Toothed_Spruce_Bark_Beetle",14.73,47.57
"Eight-Toothed_Spruce_Bark_Beetle",14.71,47.57
"Eight-Toothed_Spruce_Bark_Beetle",14.73,47.58
"Eight-Toothed_Spruce_Bark_Beetle",14.71,47.58
"Eight-Toothed_Spruce_Bark_Beetle",14.73,47.58
"Eight-Toothed_Spruce_Bark_Beetle",14.73,47.58
"Eight-Toothed_Spruce_Bark_Beetle",14.72,47.58
"Eight-Toothed_Spruce_Bark_Beetle",14.73,47.57
"Eight-Toothed_Spruce_Bark_Beetle",14.73,47.58
"Eight-Toothed_Spruce_Bark_Beetle",14.73,47.58
"Eight-Toothed_Spruce_Bark_Beetle",14.72,47.56
"Eight-Toothed_Spruce_Bark_Beetle",14.73,47.58
"Eight-Toothed_Spruce_Bark_Beetle",14.7,47.57
"Eight-Toothed_Spruce_Bark_Beetle",14.71,47.57
"Eight-Toothed_Spruce_Bark_Beetle",8.124281,51.339274
"Eight-Toothed_Spruce_Bark_Beetle",27.563106,62.851139
"Eight-Toothed_Spruce_Bark_Beetle",32.697454,55.059673
"Eight-Toothed_Spruce_Bark_Beetle",18.37516,59.07758
"Eight-Toothed_Spruce_Bark_Beetle",27.879196,60.716028
"Eight-Toothed_Spruce_Bark_Beetle",27.879196,60.716028
"Eight-Toothed_Spruce_Bark_Beetle",10.730762,59.713599
"Eight-Toothed_Spruce_Bark_Beetle",17.37472,59.61429
"Eight-Toothed_Spruce_Bark_Beetle",15.19013,61.00604
"Eight-Toothed_Spruce_Bark_Beetle",17.96631,59.20275
"Eight-Toothed_Spruce_Bark_Beetle",9.364937,59.409253
"Eight-Toothed_Spruce_Bark_Beetle",16.22355,58.72933
"Eight-Toothed_Spruce_Bark_Beetle",16.21113,58.22247
"Eight-Toothed_Spruce_Bark_Beetle",15.78869,58.74517
"Eight-Toothed_Spruce_Bark_Beetle",15.78861,58.7452
"Eight-Toothed_Spruce_Bark_Beetle",16.24324,59.02284
"Eight-Toothed_Spruce_Bark_Beetle",15.78869,58.74517
"Eight-Toothed_Spruce_Bark_Beetle",16.22415,58.72926
"Eight-Toothed_Spruce_Bark_Beetle",16.21115,58.22248
"Eight-Toothed_Spruce_Bark_Beetle",16.46643,58.40069
"Eight-Toothed_Spruce_Bark_Beetle",16.21094,58.22144
"Eight-Toothed_Spruce_Bark_Beetle",15.78869,58.74517
"Eight-Toothed_Spruce_Bark_Beetle",16.46643,58.40069
"Eight-Toothed_Spruce_Bark_Beetle",15.79246,58.74604
"Eight-Toothed_Spruce_Bark_Beetle",16.21111,58.22253
"Eight-Toothed_Spruce_Bark_Beetle",16.22404,58.72855
"Eight-Toothed_Spruce_Bark_Beetle",12.84498,56.23869
"Eight-Toothed_Spruce_Bark_Beetle",16.21115,58.22248
"Eight-Toothed_Spruce_Bark_Beetle",16.21111,58.22253
"Eight-Toothed_Spruce_Bark_Beetle",16.22415,58.72926
"Eight-Toothed_Spruce_Bark_Beetle",16.21094,58.22144
"Eight-Toothed_Spruce_Bark_Beetle",16.46467,58.39781
"Eight-Toothed_Spruce_Bark_Beetle",16.46643,58.40069
"Eight-Toothed_Spruce_Bark_Beetle",15.78847,58.74517
"Eight-Toothed_Spruce_Bark_Beetle",16.22389,58.72927
"Eight-Toothed_Spruce_Bark_Beetle",16.22389,58.72927
"Eight-Toothed_Spruce_Bark_Beetle",16.22355,58.72933
"Eight-Toothed_Spruce_Bark_Beetle",16.21115,58.22248
"Eight-Toothed_Spruce_Bark_Beetle",15.78861,58.7452
"Eight-Toothed_Spruce_Bark_Beetle",15.78861,58.7452
"Eight-Toothed_Spruce_Bark_Beetle",15.78847,58.74517
"Eight-Toothed_Spruce_Bark_Beetle",16.46634,58.40071
"Eight-Toothed_Spruce_Bark_Beetle",15.79246,58.74604
"Eight-Toothed_Spruce_Bark_Beetle",16.46634,58.40071
"Eight-Toothed_Spruce_Bark_Beetle",8.80265,47.64014
"Eight-Toothed_Spruce_Bark_Beetle",8.80265,47.64014
"Eight-Toothed_Spruce_Bark_Beetle",8.80265,47.64014
"Eight-Toothed_Spruce_Bark_Beetle",8.40184,47.55422
"Eight-Toothed_Spruce_Bark_Beetle",8.46826,47.55364
"Eight-Toothed_Spruce_Bark_Beetle",8.60109,47.55239
"Eight-Toothed_Spruce_Bark_Beetle",8.46826,47.55364
"Eight-Toothed_Spruce_Bark_Beetle",8.46826,47.55364
"Eight-Toothed_Spruce_Bark_Beetle",7.08025,46.52323
"Eight-Toothed_Spruce_Bark_Beetle",7.80185,47.24285
"Eight-Toothed_Spruce_Bark_Beetle",7.93476,47.3323
"Eight-Toothed_Spruce_Bark_Beetle",7.87006,47.51244
"Eight-Toothed_Spruce_Bark_Beetle",8.00185,47.42194
"Eight-Toothed_Spruce_Bark_Beetle",7.93601,47.46721
"Eight-Toothed_Spruce_Bark_Beetle",8.00281,47.51187
"Eight-Toothed_Spruce_Bark_Beetle",8.1332,47.33128
"Eight-Toothed_Spruce_Bark_Beetle",9.57005,46.86377
"Eight-Toothed_Spruce_Bark_Beetle",8.13437,47.42122
"Eight-Toothed_Spruce_Bark_Beetle",8.06705,47.33165
"Eight-Toothed_Spruce_Bark_Beetle",8.20127,47.46577
"Eight-Toothed_Spruce_Bark_Beetle",8.00281,47.51187
"Eight-Toothed_Spruce_Bark_Beetle",8.1332,47.33128
"Eight-Toothed_Spruce_Bark_Beetle",8.3339,47.46482
"Eight-Toothed_Spruce_Bark_Beetle",7.86788,47.24262
"Eight-Toothed_Spruce_Bark_Beetle",7.86788,47.24262
"Eight-Toothed_Spruce_Bark_Beetle",7.93476,47.3323
"Eight-Toothed_Spruce_Bark_Beetle",8.1332,47.33128
"Eight-Toothed_Spruce_Bark_Beetle",9.57005,46.86377
"Eight-Toothed_Spruce_Bark_Beetle",8.06705,47.33165
"Eight-Toothed_Spruce_Bark_Beetle",8.00281,47.51187
"Eight-Toothed_Spruce_Bark_Beetle",7.86788,47.24262
"Eight-Toothed_Spruce_Bark_Beetle",7.86788,47.24262
"Eight-Toothed_Spruce_Bark_Beetle",7.86788,47.24262
"Eight-Toothed_Spruce_Bark_Beetle",7.93476,47.3323
"Eight-Toothed_Spruce_Bark_Beetle",8.00328,47.55684
"Eight-Toothed_Spruce_Bark_Beetle",7.86788,47.24262
"Eight-Toothed_Spruce_Bark_Beetle",7.86788,47.24262
"Eight-Toothed_Spruce_Bark_Beetle",7.80185,47.24285
"Eight-Toothed_Spruce_Bark_Beetle",7.86825,47.28759
"Eight-Toothed_Spruce_Bark_Beetle",8.40021,47.46428
"Eight-Toothed_Spruce_Bark_Beetle",8.40021,47.46428
"Eight-Toothed_Spruce_Bark_Beetle",8.00185,47.42194
"Eight-Toothed_Spruce_Bark_Beetle",7.86788,47.24262
"Eight-Toothed_Spruce_Bark_Beetle",7.86825,47.28759
"Eight-Toothed_Spruce_Bark_Beetle",6.94541,47.01748
"Eight-Toothed_Spruce_Bark_Beetle",9.57005,46.86377
"Eight-Toothed_Spruce_Bark_Beetle",7.86788,47.24262
"Eight-Toothed_Spruce_Bark_Beetle",7.86825,47.28759
"Eight-Toothed_Spruce_Bark_Beetle",8.00233,47.46691
"Eight-Toothed_Spruce_Bark_Beetle",5.25,52.05
"Eight-Toothed_Spruce_Bark_Beetle",5.45,51.65
"Eight-Toothed_Spruce_Bark_Beetle",20.262685,49.168576
"Eight-Toothed_Spruce_Bark_Beetle",20.247638,49.177578
"Eight-Toothed_Spruce_Bark_Beetle",20.27409,49.171208
"Eight-Toothed_Spruce_Bark_Beetle",18.42172,60.50057
"Eight-Toothed_Spruce_Bark_Beetle",11.907639,55.562294
"Eight-Toothed_Spruce_Bark_Beetle",19.02112,64.68085
"Eight-Toothed_Spruce_Bark_Beetle",17.20797,58.98223
"Eight-Toothed_Spruce_Bark_Beetle",0.631642,51.04321
"Eight-Toothed_Spruce_Bark_Beetle",1.164695,51.238457
"Eight-Toothed_Spruce_Bark_Beetle",0.837963,51.071901
"Eight-Toothed_Spruce_Bark_Beetle",0.680752,51.04301
"Eight-Toothed_Spruce_Bark_Beetle",0.838616,51.071139
"Eight-Toothed_Spruce_Bark_Beetle",-0.364114,51.340663
"Eight-Toothed_Spruce_Bark_Beetle",-0.364246,51.340653
"Eight-Toothed_Spruce_Bark_Beetle",14.03,50.901
"Eight-Toothed_Spruce_Bark_Beetle",14.125324,51.171324
"Eight-Toothed_Spruce_Bark_Beetle",13.735174,50.767354
"Eight-Toothed_Spruce_Bark_Beetle",13.317961,50.937723
"Eight-Toothed_Spruce_Bark_Beetle",13.06656,56.65762
"Eight-Toothed_Spruce_Bark_Beetle",11.014944,60.739582
"Eight-Toothed_Spruce_Bark_Beetle",19.48009,63.94304
"Eight-Toothed_Spruce_Bark_Beetle",17.57487,59.81996
"Eight-Toothed_Spruce_Bark_Beetle",19.48006,63.94313
"Eight-Toothed_Spruce_Bark_Beetle",19.47982,63.9429
"Eight-Toothed_Spruce_Bark_Beetle",11.273341,46.133962
"Eight-Toothed_Spruce_Bark_Beetle",11.770365,46.476778
"Eight-Toothed_Spruce_Bark_Beetle",11.677564,46.123083
"Eight-Toothed_Spruce_Bark_Beetle",10.966376,46.414387
"Eight-Toothed_Spruce_Bark_Beetle",11.182413,45.917263
"Eight-Toothed_Spruce_Bark_Beetle",11.257998,46.027679
"Eight-Toothed_Spruce_Bark_Beetle",11.327262,46.132582
"Eight-Toothed_Spruce_Bark_Beetle",11.472582,46.183033
"Eight-Toothed_Spruce_Bark_Beetle",10.835385,45.940233
"Eight-Toothed_Spruce_Bark_Beetle",11.803721,46.298366
"Eight-Toothed_Spruce_Bark_Beetle",11.143276,46.335372
"Eight-Toothed_Spruce_Bark_Beetle",11.60551,46.314533
"Eight-Toothed_Spruce_Bark_Beetle",11.177954,45.930458
"Eight-Toothed_Spruce_Bark_Beetle",11.255774,46.103117
"Eight-Toothed_Spruce_Bark_Beetle",11.607273,45.936977
"Eight-Toothed_Spruce_Bark_Beetle",10.996252,45.89401
"Eight-Toothed_Spruce_Bark_Beetle",17.02825,59.33581
"Eight-Toothed_Spruce_Bark_Beetle",14.52877,58.91392
"Eight-Toothed_Spruce_Bark_Beetle",8.462758,50.240187
"Eight-Toothed_Spruce_Bark_Beetle",13.62863,48.658793
"Eight-Toothed_Spruce_Bark_Beetle",30.1907,69.2862
"Eight-Toothed_Spruce_Bark_Beetle",32.9754,68.0257
"Eight-Toothed_Spruce_Bark_Beetle",32.9754,68.0257
"Eight-Toothed_Spruce_Bark_Beetle",26.264814,59.311642
"Eight-Toothed_Spruce_Bark_Beetle",24.562449,58.400575
"Eight-Toothed_Spruce_Bark_Beetle",26.264783,59.31175
"Eight-Toothed_Spruce_Bark_Beetle",23.655237,54.882811
"Eight-Toothed_Spruce_Bark_Beetle",10.510963,63.428778
"Eight-Toothed_Spruce_Bark_Beetle",26.166667,49.2
"Eight-Toothed_Spruce_Bark_Beetle",13.11,47.61
"Eight-Toothed_Spruce_Bark_Beetle",16.44738,56.79094
"Eight-Toothed_Spruce_Bark_Beetle",41,57
"Eight-Toothed_Spruce_Bark_Beetle",131.31,42.57
"Eight-Toothed_Spruce_Bark_Beetle",41,57
"Eight-Toothed_Spruce_Bark_Beetle",145.7,44
"Eight-Toothed_Spruce_Bark_Beetle",41,57
"Eight-Toothed_Spruce_Bark_Beetle",41,57
"Eight-Toothed_Spruce_Bark_Beetle",41,57
"Eight-Toothed_Spruce_Bark_Beetle",145.7,44
"Eight-Toothed_Spruce_Bark_Beetle",11.228,48.822
"Eight-Toothed_Spruce_Bark_Beetle",11.554303,48.25605
"Eight-Toothed_Spruce_Bark_Beetle",41,57
"Eight-Toothed_Spruce_Bark_Beetle",41,57
"Eight-Toothed_Spruce_Bark_Beetle",29.8,59.49
"Eight-Toothed_Spruce_Bark_Beetle",29.8,59.49
"Eight-Toothed_Spruce_Bark_Beetle",41,57
"Eight-Toothed_Spruce_Bark_Beetle",12.013,47.647
"Eight-Toothed_Spruce_Bark_Beetle",15.12539,60.21797
"Eight-Toothed_Spruce_Bark_Beetle",16.48716,59.15759
"Eight-Toothed_Spruce_Bark_Beetle",15.497043,47.058788
"Eight-Toothed_Spruce_Bark_Beetle",14.60336,61.07028
"Eight-Toothed_Spruce_Bark_Beetle",13.094994,49.013771
"Eight-Toothed_Spruce_Bark_Beetle",21.70954,47.72251
"Eight-Toothed_Spruce_Bark_Beetle",21.71009,47.72333
"Eight-Toothed_Spruce_Bark_Beetle",18.13825,62.87776
"Eight-Toothed_Spruce_Bark_Beetle",18.53668,59.02782
"Eight-Toothed_Spruce_Bark_Beetle",15.19009,60.13506
"Eight-Toothed_Spruce_Bark_Beetle",25.1021,60.3577
"Eight-Toothed_Spruce_Bark_Beetle",22.592756,57.750457
"Eight-Toothed_Spruce_Bark_Beetle",26.878223,57.071401
"Eight-Toothed_Spruce_Bark_Beetle",26.876996,57.074374
"Eight-Toothed_Spruce_Bark_Beetle",26.820517,57.418495
"Eight-Toothed_Spruce_Bark_Beetle",24.590621,57.018078
"Eight-Toothed_Spruce_Bark_Beetle",24.410598,56.910535
"Eight-Toothed_Spruce_Bark_Beetle",26.866911,57.089471
"Eight-Toothed_Spruce_Bark_Beetle",24.390107,56.919313
"Eight-Toothed_Spruce_Bark_Beetle",24.390107,56.919313
"Eight-Toothed_Spruce_Bark_Beetle",24.813448,57.146983
"Eight-Toothed_Spruce_Bark_Beetle",16.29194,58.88563
"Eight-Toothed_Spruce_Bark_Beetle",16.27721,59.11966
"Eight-Toothed_Spruce_Bark_Beetle",16.50832,58.78039
"Eight-Toothed_Spruce_Bark_Beetle",18.00943,59.37652
"Eight-Toothed_Spruce_Bark_Beetle",13.12401,56.719
"Eight-Toothed_Spruce_Bark_Beetle",14.288803,50.881542
"Eight-Toothed_Spruce_Bark_Beetle",12.64,47.26
"Eight-Toothed_Spruce_Bark_Beetle",12.86,47.51
"Eight-Toothed_Spruce_Bark_Beetle",13.12,47.54
"Eight-Toothed_Spruce_Bark_Beetle",12.57,47.39
"Eight-Toothed_Spruce_Bark_Beetle",12.57,47.39
"Eight-Toothed_Spruce_Bark_Beetle",12.57,47.39
"Eight-Toothed_Spruce_Bark_Beetle",17.85275,59.87145
"Eight-Toothed_Spruce_Bark_Beetle",15.75969,58.28413
"Eight-Toothed_Spruce_Bark_Beetle",30.303582,64.168566
"Eight-Toothed_Spruce_Bark_Beetle",30.303409,64.168499
"Eight-Toothed_Spruce_Bark_Beetle",27.678386,66.290073
"Eight-Toothed_Spruce_Bark_Beetle",27.739359,65.853297
"Eight-Toothed_Spruce_Bark_Beetle",27.200174,60.542308
"Eight-Toothed_Spruce_Bark_Beetle",28.68829,61.090382
"Eight-Toothed_Spruce_Bark_Beetle",28.569944,60.976061
"Eight-Toothed_Spruce_Bark_Beetle",28.569944,60.976061
"Eight-Toothed_Spruce_Bark_Beetle",26.942876,60.768961
"Eight-Toothed_Spruce_Bark_Beetle",26.944017,60.767301
"Eight-Toothed_Spruce_Bark_Beetle",26.944017,60.767301
"Eight-Toothed_Spruce_Bark_Beetle",26.944917,60.766969
"Eight-Toothed_Spruce_Bark_Beetle",29.293398,64.992932
"Eight-Toothed_Spruce_Bark_Beetle",22.359912,59.977707
"Eight-Toothed_Spruce_Bark_Beetle",23.792759,60.23818
"Eight-Toothed_Spruce_Bark_Beetle",23.792795,60.238181
"Eight-Toothed_Spruce_Bark_Beetle",24.76038,68.304753
"Eight-Toothed_Spruce_Bark_Beetle",23.792759,60.23818
"Eight-Toothed_Spruce_Bark_Beetle",25.536187,66.091302
"Eight-Toothed_Spruce_Bark_Beetle",21.3209,60.281517
"Eight-Toothed_Spruce_Bark_Beetle",31.427518,62.942361
"Eight-Toothed_Spruce_Bark_Beetle",31.425756,62.942065
"Eight-Toothed_Spruce_Bark_Beetle",23.467834,61.90775
"Eight-Toothed_Spruce_Bark_Beetle",23.469876,61.907389
"Eight-Toothed_Spruce_Bark_Beetle",29.536925,66.34667
"Eight-Toothed_Spruce_Bark_Beetle",29.536398,66.346544
"Eight-Toothed_Spruce_Bark_Beetle",29.536823,66.346331
"Eight-Toothed_Spruce_Bark_Beetle",29.619953,64.874918
"Eight-Toothed_Spruce_Bark_Beetle",29.617608,64.87513
"Eight-Toothed_Spruce_Bark_Beetle",28.995203,62.257614
"Eight-Toothed_Spruce_Bark_Beetle",28.994521,62.257489
"Eight-Toothed_Spruce_Bark_Beetle",29.616544,64.874834
"Eight-Toothed_Spruce_Bark_Beetle",29.616544,64.874834
"Eight-Toothed_Spruce_Bark_Beetle",29.617984,64.874872
"Eight-Toothed_Spruce_Bark_Beetle",30.303035,64.167088
"Eight-Toothed_Spruce_Bark_Beetle",30.302643,64.168121
"Eight-Toothed_Spruce_Bark_Beetle",30.302949,64.168266
"Eight-Toothed_Spruce_Bark_Beetle",30.302949,64.168266
"Eight-Toothed_Spruce_Bark_Beetle",30.303582,64.168566
"Eight-Toothed_Spruce_Bark_Beetle",30.303409,64.168499
"Eight-Toothed_Spruce_Bark_Beetle",25.061746,66.4684
"Eight-Toothed_Spruce_Bark_Beetle",25.06183,66.465583
"Eight-Toothed_Spruce_Bark_Beetle",27.200174,60.542308
"Eight-Toothed_Spruce_Bark_Beetle",27.201303,60.542046
"Eight-Toothed_Spruce_Bark_Beetle",28.569944,60.976061
"Eight-Toothed_Spruce_Bark_Beetle",28.572925,60.979538
"Eight-Toothed_Spruce_Bark_Beetle",26.942031,60.76967
"Eight-Toothed_Spruce_Bark_Beetle",28.568971,60.976189
"Eight-Toothed_Spruce_Bark_Beetle",26.944182,60.767391
"Eight-Toothed_Spruce_Bark_Beetle",26.942509,60.768808
"Eight-Toothed_Spruce_Bark_Beetle",26.942767,60.768315
"Eight-Toothed_Spruce_Bark_Beetle",26.943411,60.767704
"Eight-Toothed_Spruce_Bark_Beetle",26.943411,60.767704
"Eight-Toothed_Spruce_Bark_Beetle",26.944752,60.767157
"Eight-Toothed_Spruce_Bark_Beetle",26.944917,60.766969
"Eight-Toothed_Spruce_Bark_Beetle",24.986723,61.210367
"Eight-Toothed_Spruce_Bark_Beetle",28.035155,64.703042
"Eight-Toothed_Spruce_Bark_Beetle",21.679083,60.327892
"Eight-Toothed_Spruce_Bark_Beetle",23.792759,60.23818
"Eight-Toothed_Spruce_Bark_Beetle",24.76038,68.304753
"Eight-Toothed_Spruce_Bark_Beetle",25.541705,66.091121
"Eight-Toothed_Spruce_Bark_Beetle",24.76038,68.304753
"Eight-Toothed_Spruce_Bark_Beetle",24.76038,68.304753
"Eight-Toothed_Spruce_Bark_Beetle",25.541705,66.091121
"Eight-Toothed_Spruce_Bark_Beetle",21.314415,60.623835
"Eight-Toothed_Spruce_Bark_Beetle",23.469545,61.908441
"Eight-Toothed_Spruce_Bark_Beetle",23.468259,61.907698
"Eight-Toothed_Spruce_Bark_Beetle",23.469876,61.907389
"Eight-Toothed_Spruce_Bark_Beetle",23.469936,61.907202
"Eight-Toothed_Spruce_Bark_Beetle",23.469637,61.908803
"Eight-Toothed_Spruce_Bark_Beetle",29.536821,66.346753
"Eight-Toothed_Spruce_Bark_Beetle",29.536925,66.34667
"Eight-Toothed_Spruce_Bark_Beetle",28.995203,62.257614
"Eight-Toothed_Spruce_Bark_Beetle",29.621708,64.873854
"Eight-Toothed_Spruce_Bark_Beetle",29.621708,64.873854
"Eight-Toothed_Spruce_Bark_Beetle",29.615452,64.874889
"Eight-Toothed_Spruce_Bark_Beetle",30.303409,64.168499
"Eight-Toothed_Spruce_Bark_Beetle",28.941892,66.817826
"Eight-Toothed_Spruce_Bark_Beetle",27.534844,64.796441
"Eight-Toothed_Spruce_Bark_Beetle",21.360461,60.687681
"Eight-Toothed_Spruce_Bark_Beetle",27.195192,60.544381
"Eight-Toothed_Spruce_Bark_Beetle",25.198781,60.303766
"Eight-Toothed_Spruce_Bark_Beetle",29.778361,63.06326
"Eight-Toothed_Spruce_Bark_Beetle",29.778361,63.06326
"Eight-Toothed_Spruce_Bark_Beetle",28.68829,61.090382
"Eight-Toothed_Spruce_Bark_Beetle",28.693771,61.088832
"Eight-Toothed_Spruce_Bark_Beetle",28.572122,60.975641
"Eight-Toothed_Spruce_Bark_Beetle",28.567849,60.977801
"Eight-Toothed_Spruce_Bark_Beetle",28.571912,60.975509
"Eight-Toothed_Spruce_Bark_Beetle",26.942951,60.768342
"Eight-Toothed_Spruce_Bark_Beetle",26.942767,60.768315
"Eight-Toothed_Spruce_Bark_Beetle",26.942509,60.768808
"Eight-Toothed_Spruce_Bark_Beetle",26.944917,60.766969
"Eight-Toothed_Spruce_Bark_Beetle",28.025872,64.698288
"Eight-Toothed_Spruce_Bark_Beetle",30.473971,63.368184
"Eight-Toothed_Spruce_Bark_Beetle",28.035155,64.703042
"Eight-Toothed_Spruce_Bark_Beetle",28.035155,64.703042
"Eight-Toothed_Spruce_Bark_Beetle",25.539295,66.091493
"Eight-Toothed_Spruce_Bark_Beetle",25.541791,66.091149
"Eight-Toothed_Spruce_Bark_Beetle",21.474444,61.18784
"Eight-Toothed_Spruce_Bark_Beetle",23.792795,60.238181
"Eight-Toothed_Spruce_Bark_Beetle",23.792795,60.238181
"Eight-Toothed_Spruce_Bark_Beetle",21.655177,60.880473
"Eight-Toothed_Spruce_Bark_Beetle",25.539403,66.09153
"Eight-Toothed_Spruce_Bark_Beetle",25.541705,66.091121
"Eight-Toothed_Spruce_Bark_Beetle",31.425461,62.94194
"Eight-Toothed_Spruce_Bark_Beetle",31.425756,62.942065
"Eight-Toothed_Spruce_Bark_Beetle",23.469144,61.908781
"Eight-Toothed_Spruce_Bark_Beetle",23.469936,61.907202
"Eight-Toothed_Spruce_Bark_Beetle",23.46733,61.908312
"Eight-Toothed_Spruce_Bark_Beetle",29.537429,66.346796
"Eight-Toothed_Spruce_Bark_Beetle",29.536823,66.346331
"Eight-Toothed_Spruce_Bark_Beetle",30.306136,64.165814
"Eight-Toothed_Spruce_Bark_Beetle",18.36438,59.5874
"Eight-Toothed_Spruce_Bark_Beetle",23.888964,61.587149
"Eight-Toothed_Spruce_Bark_Beetle",7.636051,51.911271
"Eight-Toothed_Spruce_Bark_Beetle",13.108406,47.605187
"Eight-Toothed_Spruce_Bark_Beetle",12.21434,57.64192
"Eight-Toothed_Spruce_Bark_Beetle",17.65649,59.81821
"Eight-Toothed_Spruce_Bark_Beetle",17.29574,60.50559
"Eight-Toothed_Spruce_Bark_Beetle",15.67397,57.36649
"Eight-Toothed_Spruce_Bark_Beetle",12.631361,46.610276
"Eight-Toothed_Spruce_Bark_Beetle",12.630522,46.609937
"Eight-Toothed_Spruce_Bark_Beetle",17.10861,58.97714
"Eight-Toothed_Spruce_Bark_Beetle",17.07148,58.68704
"Eight-Toothed_Spruce_Bark_Beetle",5.566667,45.683333
"Eight-Toothed_Spruce_Bark_Beetle",25.673133,62.25874
"Eight-Toothed_Spruce_Bark_Beetle",15.43978,57.86488
"Eight-Toothed_Spruce_Bark_Beetle",15.5293,57.85113
"Eight-Toothed_Spruce_Bark_Beetle",17.84013,59.29866
"Eight-Toothed_Spruce_Bark_Beetle",15.53139,57.84862
"Eight-Toothed_Spruce_Bark_Beetle",15.52998,57.85025
"Eight-Toothed_Spruce_Bark_Beetle",11.53492,58.28409
"Eight-Toothed_Spruce_Bark_Beetle",15.93178,58.66895
"Eight-Toothed_Spruce_Bark_Beetle",17.0329,51.1093
"Eight-Toothed_Spruce_Bark_Beetle",17.0329,51.1093
"Eight-Toothed_Spruce_Bark_Beetle",17.0329,51.1093
"Eight-Toothed_Spruce_Bark_Beetle",17.0329,51.1093
"Eight-Toothed_Spruce_Bark_Beetle",17.0329,51.1093
"Eight-Toothed_Spruce_Bark_Beetle",17.0329,51.1093
"Eight-Toothed_Spruce_Bark_Beetle",17.0329,51.1093
"Eight-Toothed_Spruce_Bark_Beetle",17.0329,51.1093
"Eight-Toothed_Spruce_Bark_Beetle",17.0329,51.1093
"Eight-Toothed_Spruce_Bark_Beetle",17.0329,51.1093
"Eight-Toothed_Spruce_Bark_Beetle",18.7411,50.5137
"Eight-Toothed_Spruce_Bark_Beetle",18.7411,50.5137
"Eight-Toothed_Spruce_Bark_Beetle",18.7411,50.5137
"Eight-Toothed_Spruce_Bark_Beetle",18.7411,50.5137
"Eight-Toothed_Spruce_Bark_Beetle",18.7411,50.5137
"Eight-Toothed_Spruce_Bark_Beetle",18.7411,50.5137
"Eight-Toothed_Spruce_Bark_Beetle",18.7411,50.5137
"Eight-Toothed_Spruce_Bark_Beetle",18.7411,50.5137
"Eight-Toothed_Spruce_Bark_Beetle",18.7411,50.5137
"Eight-Toothed_Spruce_Bark_Beetle",18.7411,50.5137
"Eight-Toothed_Spruce_Bark_Beetle",18.7411,50.5137
"Eight-Toothed_Spruce_Bark_Beetle",18.7411,50.5137
"Eight-Toothed_Spruce_Bark_Beetle",18.7411,50.5137
"Eight-Toothed_Spruce_Bark_Beetle",18.7411,50.5137
"Eight-Toothed_Spruce_Bark_Beetle",18.7411,50.5137
"Eight-Toothed_Spruce_Bark_Beetle",18.7411,50.5137
"Eight-Toothed_Spruce_Bark_Beetle",18.7411,50.5137
"Eight-Toothed_Spruce_Bark_Beetle",18.7411,50.5137
"Eight-Toothed_Spruce_Bark_Beetle",18.7411,50.5137
"Eight-Toothed_Spruce_Bark_Beetle",18.7411,50.5137
"Eight-Toothed_Spruce_Bark_Beetle",18.7411,50.5137
"Eight-Toothed_Spruce_Bark_Beetle",18.7411,50.5137
"Eight-Toothed_Spruce_Bark_Beetle",18.7411,50.5137
"Eight-Toothed_Spruce_Bark_Beetle",18.7411,50.5137
"Eight-Toothed_Spruce_Bark_Beetle",18.7411,50.5137
"Eight-Toothed_Spruce_Bark_Beetle",18.7411,50.5137
"Eight-Toothed_Spruce_Bark_Beetle",18.7411,50.5137
"Eight-Toothed_Spruce_Bark_Beetle",18.7411,50.5137
"Eight-Toothed_Spruce_Bark_Beetle",18.7411,50.5137
"Eight-Toothed_Spruce_Bark_Beetle",18.7411,50.5137
"Eight-Toothed_Spruce_Bark_Beetle",18.7411,50.5137
"Eight-Toothed_Spruce_Bark_Beetle",18.7411,50.5137
"Eight-Toothed_Spruce_Bark_Beetle",18.7411,50.5137
"Eight-Toothed_Spruce_Bark_Beetle",18.7411,50.5137
"Eight-Toothed_Spruce_Bark_Beetle",18.7411,50.5137
"Eight-Toothed_Spruce_Bark_Beetle",18.7411,50.5137
"Eight-Toothed_Spruce_Bark_Beetle",18.7411,50.5137
"Eight-Toothed_Spruce_Bark_Beetle",18.7411,50.5137
"Eight-Toothed_Spruce_Bark_Beetle",18.7411,50.5137
"Eight-Toothed_Spruce_Bark_Beetle",18.7411,50.5137
"Eight-Toothed_Spruce_Bark_Beetle",18.7411,50.5137
"Eight-Toothed_Spruce_Bark_Beetle",18.7411,50.5137
"Eight-Toothed_Spruce_Bark_Beetle",18.7411,50.5137
"Eight-Toothed_Spruce_Bark_Beetle",18.7411,50.5137
"Eight-Toothed_Spruce_Bark_Beetle",18.7411,50.5137
"Eight-Toothed_Spruce_Bark_Beetle",18.7411,50.5137
"Eight-Toothed_Spruce_Bark_Beetle",18.7411,50.5137
"Eight-Toothed_Spruce_Bark_Beetle",18.7411,50.5137
"Eight-Toothed_Spruce_Bark_Beetle",18.98852,49.63708
"Eight-Toothed_Spruce_Bark_Beetle",18.98852,49.63708
"Eight-Toothed_Spruce_Bark_Beetle",18.98852,49.63708
"Eight-Toothed_Spruce_Bark_Beetle",18.98852,49.63708
"Eight-Toothed_Spruce_Bark_Beetle",18.98852,49.63708
"Eight-Toothed_Spruce_Bark_Beetle",18.98852,49.63708
"Eight-Toothed_Spruce_Bark_Beetle",18.98852,49.63708
"Eight-Toothed_Spruce_Bark_Beetle",18.98852,49.63708
"Eight-Toothed_Spruce_Bark_Beetle",18.98852,49.63708
"Eight-Toothed_Spruce_Bark_Beetle",18.7411,50.5137
"Eight-Toothed_Spruce_Bark_Beetle",18.7411,50.5137
"Eight-Toothed_Spruce_Bark_Beetle",18.7411,50.5137
"Eight-Toothed_Spruce_Bark_Beetle",18.7411,50.5137
"Eight-Toothed_Spruce_Bark_Beetle",18.7411,50.5137
"Eight-Toothed_Spruce_Bark_Beetle",18.7411,50.5137
"Eight-Toothed_Spruce_Bark_Beetle",18.7411,50.5137
"Eight-Toothed_Spruce_Bark_Beetle",18.7411,50.5137
"Eight-Toothed_Spruce_Bark_Beetle",18.7411,50.5137
"Eight-Toothed_Spruce_Bark_Beetle",18.7411,50.5137
"Eight-Toothed_Spruce_Bark_Beetle",18.7411,50.5137
"Eight-Toothed_Spruce_Bark_Beetle",18.7411,50.5137
"Eight-Toothed_Spruce_Bark_Beetle",18.7411,50.5137
"Eight-Toothed_Spruce_Bark_Beetle",18.7411,50.5137
"Eight-Toothed_Spruce_Bark_Beetle",18.7411,50.5137
"Eight-Toothed_Spruce_Bark_Beetle",18.7411,50.5137
"Eight-Toothed_Spruce_Bark_Beetle",18.7411,50.5137
"Eight-Toothed_Spruce_Bark_Beetle",18.7411,50.5137
"Eight-Toothed_Spruce_Bark_Beetle",18.7411,50.5137
"Eight-Toothed_Spruce_Bark_Beetle",18.7411,50.5137
"Eight-Toothed_Spruce_Bark_Beetle",18.7411,50.5137
"Eight-Toothed_Spruce_Bark_Beetle",18.7411,50.5137
"Eight-Toothed_Spruce_Bark_Beetle",18.7411,50.5137
"Eight-Toothed_Spruce_Bark_Beetle",18.7411,50.5137
"Eight-Toothed_Spruce_Bark_Beetle",18.7411,50.5137
"Eight-Toothed_Spruce_Bark_Beetle",18.7411,50.5137
"Eight-Toothed_Spruce_Bark_Beetle",18.7411,50.5137
"Eight-Toothed_Spruce_Bark_Beetle",18.7411,50.5137
"Eight-Toothed_Spruce_Bark_Beetle",18.7411,50.5137
"Eight-Toothed_Spruce_Bark_Beetle",18.7411,50.5137
"Eight-Toothed_Spruce_Bark_Beetle",18.7411,50.5137
"Eight-Toothed_Spruce_Bark_Beetle",18.7411,50.5137
"Eight-Toothed_Spruce_Bark_Beetle",18.7411,50.5137
"Eight-Toothed_Spruce_Bark_Beetle",18.7411,50.5137
"Eight-Toothed_Spruce_Bark_Beetle",18.7411,50.5137
"Eight-Toothed_Spruce_Bark_Beetle",18.7411,50.5137
"Eight-Toothed_Spruce_Bark_Beetle",18.7411,50.5137
"Eight-Toothed_Spruce_Bark_Beetle",18.7411,50.5137
"Eight-Toothed_Spruce_Bark_Beetle",18.7411,50.5137
"Eight-Toothed_Spruce_Bark_Beetle",18.7411,50.5137
"Eight-Toothed_Spruce_Bark_Beetle",18.7411,50.5137
"Eight-Toothed_Spruce_Bark_Beetle",18.7411,50.5137
"Eight-Toothed_Spruce_Bark_Beetle",18.7411,50.5137
"Eight-Toothed_Spruce_Bark_Beetle",18.7411,50.5137
"Eight-Toothed_Spruce_Bark_Beetle",18.7411,50.5137
"Eight-Toothed_Spruce_Bark_Beetle",18.7411,50.5137
"Eight-Toothed_Spruce_Bark_Beetle",18.7411,50.5137
"Eight-Toothed_Spruce_Bark_Beetle",18.7411,50.5137
"Eight-Toothed_Spruce_Bark_Beetle",18.7411,50.5137
"Eight-Toothed_Spruce_Bark_Beetle",18.7411,50.5137
"Eight-Toothed_Spruce_Bark_Beetle",18.7411,50.5137
"Eight-Toothed_Spruce_Bark_Beetle",18.7411,50.5137
"Eight-Toothed_Spruce_Bark_Beetle",18.7411,50.5137
"Eight-Toothed_Spruce_Bark_Beetle",18.7411,50.5137
"Eight-Toothed_Spruce_Bark_Beetle",18.7411,50.5137
"Eight-Toothed_Spruce_Bark_Beetle",18.7411,50.5137
"Eight-Toothed_Spruce_Bark_Beetle",18.7411,50.5137
"Eight-Toothed_Spruce_Bark_Beetle",18.7411,50.5137
"Eight-Toothed_Spruce_Bark_Beetle",18.7411,50.5137
"Eight-Toothed_Spruce_Bark_Beetle",18.7411,50.5137
"Eight-Toothed_Spruce_Bark_Beetle",18.7411,50.5137
"Eight-Toothed_Spruce_Bark_Beetle",18.98852,49.63708
"Eight-Toothed_Spruce_Bark_Beetle",18.98852,49.63708
"Eight-Toothed_Spruce_Bark_Beetle",18.98852,49.63708
"Eight-Toothed_Spruce_Bark_Beetle",18.98852,49.63708
"Eight-Toothed_Spruce_Bark_Beetle",18.7411,50.5137
"Eight-Toothed_Spruce_Bark_Beetle",18.7411,50.5137
"Eight-Toothed_Spruce_Bark_Beetle",18.7411,50.5137
"Eight-Toothed_Spruce_Bark_Beetle",18.7411,50.5137
"Eight-Toothed_Spruce_Bark_Beetle",18.7411,50.5137
"Eight-Toothed_Spruce_Bark_Beetle",18.7411,50.5137
"Eight-Toothed_Spruce_Bark_Beetle",18.7411,50.5137
"Eight-Toothed_Spruce_Bark_Beetle",18.7411,50.5137
"Eight-Toothed_Spruce_Bark_Beetle",18.7411,50.5137
"Eight-Toothed_Spruce_Bark_Beetle",18.7411,50.5137
"Eight-Toothed_Spruce_Bark_Beetle",18.7411,50.5137
"Eight-Toothed_Spruce_Bark_Beetle",18.7411,50.5137
"Eight-Toothed_Spruce_Bark_Beetle",18.7411,50.5137
"Eight-Toothed_Spruce_Bark_Beetle",18.7411,50.5137
"Eight-Toothed_Spruce_Bark_Beetle",18.7411,50.5137
"Eight-Toothed_Spruce_Bark_Beetle",18.7411,50.5137
"Eight-Toothed_Spruce_Bark_Beetle",18.7411,50.5137
"Eight-Toothed_Spruce_Bark_Beetle",18.7411,50.5137
"Eight-Toothed_Spruce_Bark_Beetle",18.7411,50.5137
"Eight-Toothed_Spruce_Bark_Beetle",18.7411,50.5137
"Eight-Toothed_Spruce_Bark_Beetle",18.7411,50.5137
"Eight-Toothed_Spruce_Bark_Beetle",18.7411,50.5137
"Eight-Toothed_Spruce_Bark_Beetle",18.7411,50.5137
"Eight-Toothed_Spruce_Bark_Beetle",18.7411,50.5137
"Eight-Toothed_Spruce_Bark_Beetle",18.7411,50.5137
"Eight-Toothed_Spruce_Bark_Beetle",18.7411,50.5137
"Eight-Toothed_Spruce_Bark_Beetle",18.7411,50.5137
"Eight-Toothed_Spruce_Bark_Beetle",18.7411,50.5137
"Eight-Toothed_Spruce_Bark_Beetle",18.7411,50.5137
"Eight-Toothed_Spruce_Bark_Beetle",18.7411,50.5137
"Eight-Toothed_Spruce_Bark_Beetle",18.7411,50.5137
"Eight-Toothed_Spruce_Bark_Beetle",18.7411,50.5137
"Eight-Toothed_Spruce_Bark_Beetle",18.7411,50.5137
"Eight-Toothed_Spruce_Bark_Beetle",18.7411,50.5137
"Eight-Toothed_Spruce_Bark_Beetle",18.7411,50.5137
"Eight-Toothed_Spruce_Bark_Beetle",18.7411,50.5137
"Eight-Toothed_Spruce_Bark_Beetle",18.7411,50.5137
"Eight-Toothed_Spruce_Bark_Beetle",18.7411,50.5137
"Eight-Toothed_Spruce_Bark_Beetle",18.7411,50.5137
"Eight-Toothed_Spruce_Bark_Beetle",18.7411,50.5137
"Eight-Toothed_Spruce_Bark_Beetle",18.7411,50.5137
"Eight-Toothed_Spruce_Bark_Beetle",18.7411,50.5137
"Eight-Toothed_Spruce_Bark_Beetle",18.7411,50.5137
"Eight-Toothed_Spruce_Bark_Beetle",18.7411,50.5137
"Eight-Toothed_Spruce_Bark_Beetle",18.7411,50.5137
"Eight-Toothed_Spruce_Bark_Beetle",18.7411,50.5137
"Eight-Toothed_Spruce_Bark_Beetle",18.7411,50.5137
"Eight-Toothed_Spruce_Bark_Beetle",18.7411,50.5137
"Eight-Toothed_Spruce_Bark_Beetle",18.7411,50.5137
"Eight-Toothed_Spruce_Bark_Beetle",18.7411,50.5137
"Eight-Toothed_Spruce_Bark_Beetle",18.7411,50.5137
"Eight-Toothed_Spruce_Bark_Beetle",18.7411,50.5137
"Eight-Toothed_Spruce_Bark_Beetle",18.7411,50.5137
"Eight-Toothed_Spruce_Bark_Beetle",18.7411,50.5137
"Eight-Toothed_Spruce_Bark_Beetle",18.7411,50.5137
"Eight-Toothed_Spruce_Bark_Beetle",18.7411,50.5137
"Eight-Toothed_Spruce_Bark_Beetle",18.7411,50.5137
"Eight-Toothed_Spruce_Bark_Beetle",18.7411,50.5137
"Eight-Toothed_Spruce_Bark_Beetle",18.98852,49.63708
"Eight-Toothed_Spruce_Bark_Beetle",18.98852,49.63708
"Eight-Toothed_Spruce_Bark_Beetle",18.98852,49.63708
"Eight-Toothed_Spruce_Bark_Beetle",18.98852,49.63708
"Eight-Toothed_Spruce_Bark_Beetle",18.98852,49.63708
"Eight-Toothed_Spruce_Bark_Beetle",18.98852,49.63708
"Eight-Toothed_Spruce_Bark_Beetle",18.98852,49.63708
"Eight-Toothed_Spruce_Bark_Beetle",18.7411,50.5137
"Eight-Toothed_Spruce_Bark_Beetle",18.7411,50.5137
"Eight-Toothed_Spruce_Bark_Beetle",18.7411,50.5137
"Eight-Toothed_Spruce_Bark_Beetle",18.7411,50.5137
"Eight-Toothed_Spruce_Bark_Beetle",18.7411,50.5137
"Eight-Toothed_Spruce_Bark_Beetle",15.8795,50.8726
"Eight-Toothed_Spruce_Bark_Beetle",16.07528,51.05639
"Eight-Toothed_Spruce_Bark_Beetle",16.07528,51.05639
"Eight-Toothed_Spruce_Bark_Beetle",16.07528,51.05639
"Eight-Toothed_Spruce_Bark_Beetle",16.1133,51.3186
"Eight-Toothed_Spruce_Bark_Beetle",16.07528,51.05639
"Eight-Toothed_Spruce_Bark_Beetle",16.07528,51.05639
"Eight-Toothed_Spruce_Bark_Beetle",19.8294,50.2097
"Eight-Toothed_Spruce_Bark_Beetle",22.524,49.1817
"Eight-Toothed_Spruce_Bark_Beetle",23.6894,48.8919
"Eight-Toothed_Spruce_Bark_Beetle",20.553,49.4067
"Eight-Toothed_Spruce_Bark_Beetle",20.3879,49.4164
"Eight-Toothed_Spruce_Bark_Beetle",20.3879,49.4164
"Eight-Toothed_Spruce_Bark_Beetle",19.9505,49.2967
"Eight-Toothed_Spruce_Bark_Beetle",19.9505,49.2967
"Eight-Toothed_Spruce_Bark_Beetle",23.8442,52.6995
"Eight-Toothed_Spruce_Bark_Beetle",23.8442,52.6995
"Eight-Toothed_Spruce_Bark_Beetle",23.8442,52.6995
"Eight-Toothed_Spruce_Bark_Beetle",25.18,48.2627
"Eight-Toothed_Spruce_Bark_Beetle",20.67,49.4902
"Eight-Toothed_Spruce_Bark_Beetle",20.43496,49.42249
"Eight-Toothed_Spruce_Bark_Beetle",20.3879,49.4164
"Eight-Toothed_Spruce_Bark_Beetle",20.3879,49.4164
"Eight-Toothed_Spruce_Bark_Beetle",19.9505,49.2967
"Eight-Toothed_Spruce_Bark_Beetle",23.8442,52.6995
"Eight-Toothed_Spruce_Bark_Beetle",23.8442,52.6995
"Eight-Toothed_Spruce_Bark_Beetle",23.8442,52.6995
"Eight-Toothed_Spruce_Bark_Beetle",20.67,49.4902
"Eight-Toothed_Spruce_Bark_Beetle",19.9361,49.24
"Eight-Toothed_Spruce_Bark_Beetle",19.0669,52.655
"Eight-Toothed_Spruce_Bark_Beetle",23.8513,52.703
"Eight-Toothed_Spruce_Bark_Beetle",23.6894,48.8919
"Eight-Toothed_Spruce_Bark_Beetle",20.3879,49.4164
"Eight-Toothed_Spruce_Bark_Beetle",20.3879,49.4164
"Eight-Toothed_Spruce_Bark_Beetle",26.1037,48.55
"Eight-Toothed_Spruce_Bark_Beetle",19.9505,49.2967
"Eight-Toothed_Spruce_Bark_Beetle",19.9505,49.2967
"Eight-Toothed_Spruce_Bark_Beetle",23.8442,52.6995
"Eight-Toothed_Spruce_Bark_Beetle",23.8442,52.6995
"Eight-Toothed_Spruce_Bark_Beetle",23.8442,52.6995
"Eight-Toothed_Spruce_Bark_Beetle",20.67,49.4902
"Eight-Toothed_Spruce_Bark_Beetle",24.5647,48.291
"Eight-Toothed_Spruce_Bark_Beetle",20.6971,49.4363
"Eight-Toothed_Spruce_Bark_Beetle",20.3879,49.4164
"Eight-Toothed_Spruce_Bark_Beetle",20.3879,49.4164
"Eight-Toothed_Spruce_Bark_Beetle",27.686,53.449
"Eight-Toothed_Spruce_Bark_Beetle",19.9505,49.2967
"Eight-Toothed_Spruce_Bark_Beetle",23.8442,52.6995
"Eight-Toothed_Spruce_Bark_Beetle",23.8442,52.6995
"Eight-Toothed_Spruce_Bark_Beetle",23.8442,52.6995
"Eight-Toothed_Spruce_Bark_Beetle",25.18,48.2627
"Eight-Toothed_Spruce_Bark_Beetle",20.67,49.4902
"Eight-Toothed_Spruce_Bark_Beetle",10.250361,63.205292
"Eight-Toothed_Spruce_Bark_Beetle",14.78772,56.91928
"Eight-Toothed_Spruce_Bark_Beetle",16.79297,59.04511
"Eight-Toothed_Spruce_Bark_Beetle",18.22225,59.17227
"Eight-Toothed_Spruce_Bark_Beetle",14.57994,57.31299
"Eight-Toothed_Spruce_Bark_Beetle",14.7081,63.20607
"Eight-Toothed_Spruce_Bark_Beetle",16.02058,57.14155
"Eight-Toothed_Spruce_Bark_Beetle",17.93336,59.49071
"Eight-Toothed_Spruce_Bark_Beetle",6.026827,45.499078
"Eight-Toothed_Spruce_Bark_Beetle",82.818177,55.164812
"Eight-Toothed_Spruce_Bark_Beetle",23.544772,46.749664
"Eight-Toothed_Spruce_Bark_Beetle",18.677023,49.140027
"Eight-Toothed_Spruce_Bark_Beetle",14.7081,63.20607
"Eight-Toothed_Spruce_Bark_Beetle",9.281436,56.242584
"Eight-Toothed_Spruce_Bark_Beetle",8.949796,56.368684
"Eight-Toothed_Spruce_Bark_Beetle",14.34002,56.86574
"Eight-Toothed_Spruce_Bark_Beetle",12.90637,56.75263
"Eight-Toothed_Spruce_Bark_Beetle",17.80227,59.18291
"Eight-Toothed_Spruce_Bark_Beetle",16.5172,59.33876
"Eight-Toothed_Spruce_Bark_Beetle",18.27788,59.32668
"Eight-Toothed_Spruce_Bark_Beetle",17.80227,59.18291
"Eight-Toothed_Spruce_Bark_Beetle",11.92282,48.329063
"Eight-Toothed_Spruce_Bark_Beetle",16.150992,47.763482
"Eight-Toothed_Spruce_Bark_Beetle",19.714355,48.811459
"Eight-Toothed_Spruce_Bark_Beetle",13.384021,48.960375
"Eight-Toothed_Spruce_Bark_Beetle",11.4,50.016667
"Eight-Toothed_Spruce_Bark_Beetle",11.4,50.016667
"Eight-Toothed_Spruce_Bark_Beetle",11.4,50.016667
"Eight-Toothed_Spruce_Bark_Beetle",11.4,50.016667
"Eight-Toothed_Spruce_Bark_Beetle",14.423462,57.557744
"Eight-Toothed_Spruce_Bark_Beetle",14.423462,57.557744
"Eight-Toothed_Spruce_Bark_Beetle",14.677653,56.769158
"Eight-Toothed_Spruce_Bark_Beetle",14.677653,56.769158
"Eight-Toothed_Spruce_Bark_Beetle",15.5,60.5
"Eight-Toothed_Spruce_Bark_Beetle",15.5,60.5
"Eight-Toothed_Spruce_Bark_Beetle",13.095183,59.84235
"Eight-Toothed_Spruce_Bark_Beetle",8.461914,46.885712
"Eight-Toothed_Spruce_Bark_Beetle",8.461914,46.885712
"Eight-Toothed_Spruce_Bark_Beetle",8.461914,46.885712
"Eight-Toothed_Spruce_Bark_Beetle",8.461914,46.885712
"Eight-Toothed_Spruce_Bark_Beetle",8.461914,46.885712
"Eight-Toothed_Spruce_Bark_Beetle",8.461914,46.885712
"Eight-Toothed_Spruce_Bark_Beetle",8.461914,46.885712
"Eight-Toothed_Spruce_Bark_Beetle",8.461914,46.885712
"Eight-Toothed_Spruce_Bark_Beetle",8.461914,46.885712
"Eight-Toothed_Spruce_Bark_Beetle",8.461914,46.885712
"Eight-Toothed_Spruce_Bark_Beetle",8.461914,46.885712
"Eight-Toothed_Spruce_Bark_Beetle",8.461914,46.885712
"Eight-Toothed_Spruce_Bark_Beetle",8.461914,46.885712
"Eight-Toothed_Spruce_Bark_Beetle",8.461914,46.885712
"Eight-Toothed_Spruce_Bark_Beetle",8.461914,46.885712
"Eight-Toothed_Spruce_Bark_Beetle",8.461914,46.885712
"Eight-Toothed_Spruce_Bark_Beetle",8.461914,46.885712
"Eight-Toothed_Spruce_Bark_Beetle",8.461914,46.885712
"Eight-Toothed_Spruce_Bark_Beetle",8.461914,46.885712
"Eight-Toothed_Spruce_Bark_Beetle",8.461914,46.885712
"Eight-Toothed_Spruce_Bark_Beetle",8.461914,46.885712
"Eight-Toothed_Spruce_Bark_Beetle",13.095183,59.84235
"Eight-Toothed_Spruce_Bark_Beetle",13.095183,59.84235
"Eight-Toothed_Spruce_Bark_Beetle",17,62
"Eight-Toothed_Spruce_Bark_Beetle",14.409831,57.711568
"Eight-Toothed_Spruce_Bark_Beetle",14.567351,57.240738
"Eight-Toothed_Spruce_Bark_Beetle",14.409831,57.711568
"Eight-Toothed_Spruce_Bark_Beetle",17,62
"Eight-Toothed_Spruce_Bark_Beetle",17,62
"Eight-Toothed_Spruce_Bark_Beetle",14.648438,57.514788
"Eight-Toothed_Spruce_Bark_Beetle",19.714355,48.811459
"Eight-Toothed_Spruce_Bark_Beetle",19.714355,48.811459
"Eight-Toothed_Spruce_Bark_Beetle",19.714355,48.811459
"Eight-Toothed_Spruce_Bark_Beetle",19.714355,48.811459
"Eight-Toothed_Spruce_Bark_Beetle",19.714355,48.811459
"Eight-Toothed_Spruce_Bark_Beetle",20,52
"Eight-Toothed_Spruce_Bark_Beetle",13.484375,65.442029
"Eight-Toothed_Spruce_Bark_Beetle",13.484375,65.442029
"Eight-Toothed_Spruce_Bark_Beetle",13.484375,65.442029
"Eight-Toothed_Spruce_Bark_Beetle",5.461182,52.195722
"Eight-Toothed_Spruce_Bark_Beetle",6.131592,49.806299
"Eight-Toothed_Spruce_Bark_Beetle",11.116667,46.133333
"Eight-Toothed_Spruce_Bark_Beetle",11.116667,46.133333
"Eight-Toothed_Spruce_Bark_Beetle",11.116667,46.133333
"Eight-Toothed_Spruce_Bark_Beetle",11.116667,46.133333
"Eight-Toothed_Spruce_Bark_Beetle",11.116667,46.133333
"Eight-Toothed_Spruce_Bark_Beetle",11.116667,46.133333
"Eight-Toothed_Spruce_Bark_Beetle",7.333333,45.75
"Eight-Toothed_Spruce_Bark_Beetle",11.116667,46.133333
"Eight-Toothed_Spruce_Bark_Beetle",11.116667,46.133333
"Eight-Toothed_Spruce_Bark_Beetle",12.650444,54.135796
"Eight-Toothed_Spruce_Bark_Beetle",9.55,54.516667
"Eight-Toothed_Spruce_Bark_Beetle",12.55,52.416667
"Eight-Toothed_Spruce_Bark_Beetle",10.4,49.3
"Eight-Toothed_Spruce_Bark_Beetle",9.674902,51.798374
"Eight-Toothed_Spruce_Bark_Beetle",6.72771,51.53506
"Eight-Toothed_Spruce_Bark_Beetle",13,51
"Eight-Toothed_Spruce_Bark_Beetle",11.560449,50.803332
"Eight-Toothed_Spruce_Bark_Beetle",9.25,50.5
"Eight-Toothed_Spruce_Bark_Beetle",7.766667,50.083333
"Eight-Toothed_Spruce_Bark_Beetle",6.960833,49.404722
"Eight-Toothed_Spruce_Bark_Beetle",11.690132,48.543649
"Eight-Toothed_Spruce_Bark_Beetle",8.821289,48.342709
"Eight-Toothed_Spruce_Bark_Beetle",12.650444,54.135796
"Eight-Toothed_Spruce_Bark_Beetle",9.25,50.5
"Eight-Toothed_Spruce_Bark_Beetle",12.650444,54.135796
"Eight-Toothed_Spruce_Bark_Beetle",9.55,54.516667
"Eight-Toothed_Spruce_Bark_Beetle",12.55,52.416667
"Eight-Toothed_Spruce_Bark_Beetle",10.4,49.3
"Eight-Toothed_Spruce_Bark_Beetle",6.72771,51.53506
"Eight-Toothed_Spruce_Bark_Beetle",13,51
"Eight-Toothed_Spruce_Bark_Beetle",11.560449,50.803332
"Eight-Toothed_Spruce_Bark_Beetle",6.960833,49.404722
"Eight-Toothed_Spruce_Bark_Beetle",7.766667,50.083333
"Eight-Toothed_Spruce_Bark_Beetle",11.690132,48.543649
"Eight-Toothed_Spruce_Bark_Beetle",8.821289,48.342709
"Eight-Toothed_Spruce_Bark_Beetle",13,51
"Eight-Toothed_Spruce_Bark_Beetle",13.166667,50.5
"Eight-Toothed_Spruce_Bark_Beetle",12.650444,54.135796
"Eight-Toothed_Spruce_Bark_Beetle",12.55,52.416667
"Eight-Toothed_Spruce_Bark_Beetle",9.25,50.5
"Eight-Toothed_Spruce_Bark_Beetle",10.4,49.3
"Eight-Toothed_Spruce_Bark_Beetle",11.560449,50.803332
"Eight-Toothed_Spruce_Bark_Beetle",7.766667,50.083333
"Eight-Toothed_Spruce_Bark_Beetle",13,51
"Eight-Toothed_Spruce_Bark_Beetle",13.166667,50.5
"Eight-Toothed_Spruce_Bark_Beetle",12.650444,54.135796
"Eight-Toothed_Spruce_Bark_Beetle",11.560449,50.803332
"Eight-Toothed_Spruce_Bark_Beetle",10.4,49.3
"Eight-Toothed_Spruce_Bark_Beetle",12.55,52.416667
"Eight-Toothed_Spruce_Bark_Beetle",13,51
"Eight-Toothed_Spruce_Bark_Beetle",13.166667,50.5
"Eight-Toothed_Spruce_Bark_Beetle",12.650444,54.135796
"Eight-Toothed_Spruce_Bark_Beetle",11.560449,50.803332
"Eight-Toothed_Spruce_Bark_Beetle",12.55,52.416667
"Eight-Toothed_Spruce_Bark_Beetle",12.55,52.416667
"Eight-Toothed_Spruce_Bark_Beetle",12.650444,54.135796
"Eight-Toothed_Spruce_Bark_Beetle",13,51
"Eight-Toothed_Spruce_Bark_Beetle",10.4,49.3
"Eight-Toothed_Spruce_Bark_Beetle",11.560449,50.803332
"Eight-Toothed_Spruce_Bark_Beetle",9.25,50.5
"Eight-Toothed_Spruce_Bark_Beetle",9.25,50.5
"Eight-Toothed_Spruce_Bark_Beetle",13.166667,50.5
"Eight-Toothed_Spruce_Bark_Beetle",11.560449,50.803332
"Eight-Toothed_Spruce_Bark_Beetle",12.55,52.416667
"Eight-Toothed_Spruce_Bark_Beetle",12.650444,54.135796
"Eight-Toothed_Spruce_Bark_Beetle",13,51
"Eight-Toothed_Spruce_Bark_Beetle",10.4,49.3
"Eight-Toothed_Spruce_Bark_Beetle",11.560449,50.803332
"Eight-Toothed_Spruce_Bark_Beetle",9.25,50.5
"Eight-Toothed_Spruce_Bark_Beetle",9.25,50.5
"Eight-Toothed_Spruce_Bark_Beetle",13.166667,50.5
"Eight-Toothed_Spruce_Bark_Beetle",11.560449,50.803332
"Eight-Toothed_Spruce_Bark_Beetle",12.55,52.416667
"Eight-Toothed_Spruce_Bark_Beetle",12.650444,54.135796
"Eight-Toothed_Spruce_Bark_Beetle",13,51
"Eight-Toothed_Spruce_Bark_Beetle",10.4,49.3
"Eight-Toothed_Spruce_Bark_Beetle",9.25,50.5
"Eight-Toothed_Spruce_Bark_Beetle",9.25,50.5
"Eight-Toothed_Spruce_Bark_Beetle",13.166667,50.5
"Eight-Toothed_Spruce_Bark_Beetle",12,51
"Eight-Toothed_Spruce_Bark_Beetle",11.560449,50.803332
"Eight-Toothed_Spruce_Bark_Beetle",12.55,52.416667
"Eight-Toothed_Spruce_Bark_Beetle",12.650444,54.135796
"Eight-Toothed_Spruce_Bark_Beetle",13,51
"Eight-Toothed_Spruce_Bark_Beetle",10.4,49.3
"Eight-Toothed_Spruce_Bark_Beetle",9.25,50.5
"Eight-Toothed_Spruce_Bark_Beetle",9.25,50.5
"Eight-Toothed_Spruce_Bark_Beetle",13.166667,50.5
"Eight-Toothed_Spruce_Bark_Beetle",12.55,52.416667
"Eight-Toothed_Spruce_Bark_Beetle",12.650444,54.135796
"Eight-Toothed_Spruce_Bark_Beetle",13,51
"Eight-Toothed_Spruce_Bark_Beetle",10.4,49.3
"Eight-Toothed_Spruce_Bark_Beetle",9.25,50.5
"Eight-Toothed_Spruce_Bark_Beetle",9.25,50.5
"Eight-Toothed_Spruce_Bark_Beetle",12.650444,54.135796
"Eight-Toothed_Spruce_Bark_Beetle",13,51
"Eight-Toothed_Spruce_Bark_Beetle",9.25,50.5
"Eight-Toothed_Spruce_Bark_Beetle",9.25,50.5
"Eight-Toothed_Spruce_Bark_Beetle",12.650444,54.135796
"Eight-Toothed_Spruce_Bark_Beetle",13,51
"Eight-Toothed_Spruce_Bark_Beetle",9.25,50.5
"Eight-Toothed_Spruce_Bark_Beetle",9.25,50.5
"Eight-Toothed_Spruce_Bark_Beetle",13.166667,50.5
"Eight-Toothed_Spruce_Bark_Beetle",12.650444,54.135796
"Eight-Toothed_Spruce_Bark_Beetle",9.25,50.5
"Eight-Toothed_Spruce_Bark_Beetle",9.25,50.5
"Eight-Toothed_Spruce_Bark_Beetle",13.166667,50.5
"Eight-Toothed_Spruce_Bark_Beetle",12.650444,54.135796
"Eight-Toothed_Spruce_Bark_Beetle",13.166667,50.5
"Eight-Toothed_Spruce_Bark_Beetle",12.650444,54.135796
"Eight-Toothed_Spruce_Bark_Beetle",13.166667,50.5
"Eight-Toothed_Spruce_Bark_Beetle",12.650444,54.135796
"Eight-Toothed_Spruce_Bark_Beetle",13.166667,50.5
"Eight-Toothed_Spruce_Bark_Beetle",13.166667,50.5
"Eight-Toothed_Spruce_Bark_Beetle",13.166667,50.5
"Eight-Toothed_Spruce_Bark_Beetle",13.166667,50.5
"Eight-Toothed_Spruce_Bark_Beetle",13.166667,50.5
"Eight-Toothed_Spruce_Bark_Beetle",13.166667,50.5
"Eight-Toothed_Spruce_Bark_Beetle",13.166667,50.5
"Eight-Toothed_Spruce_Bark_Beetle",13.166667,50.5
"Eight-Toothed_Spruce_Bark_Beetle",12,51
"Eight-Toothed_Spruce_Bark_Beetle",12,51
"Eight-Toothed_Spruce_Bark_Beetle",11.616667,49.6
"Eight-Toothed_Spruce_Bark_Beetle",13.1,49.066667
"Eight-Toothed_Spruce_Bark_Beetle",13.733333,48.8
"Eight-Toothed_Spruce_Bark_Beetle",13.033333,48.5
"Eight-Toothed_Spruce_Bark_Beetle",10,47.616667
"Eight-Toothed_Spruce_Bark_Beetle",10.933333,47.833333
"Eight-Toothed_Spruce_Bark_Beetle",13.0153,49.160125
"Eight-Toothed_Spruce_Bark_Beetle",13.0153,49.160125
"Eight-Toothed_Spruce_Bark_Beetle",11.578333,49.948056
"Eight-Toothed_Spruce_Bark_Beetle",11.578333,49.948056
"Eight-Toothed_Spruce_Bark_Beetle",11.578333,49.948056
"Eight-Toothed_Spruce_Bark_Beetle",11.578333,49.948056
"Eight-Toothed_Spruce_Bark_Beetle",12.333056,49.8825
"Eight-Toothed_Spruce_Bark_Beetle",12.333056,49.8825
"Eight-Toothed_Spruce_Bark_Beetle",12.333056,49.8825
"Eight-Toothed_Spruce_Bark_Beetle",2,47
"Eight-Toothed_Spruce_Bark_Beetle",2,47
"Eight-Toothed_Spruce_Bark_Beetle",27,64
"Eight-Toothed_Spruce_Bark_Beetle",10.57,56
"Eight-Toothed_Spruce_Bark_Beetle",10.57,56
"Eight-Toothed_Spruce_Bark_Beetle",10.57,56
"Eight-Toothed_Spruce_Bark_Beetle",10.57,56
"Eight-Toothed_Spruce_Bark_Beetle",10.57,56
"Eight-Toothed_Spruce_Bark_Beetle",10.57,56
"Eight-Toothed_Spruce_Bark_Beetle",10.57,56
"Eight-Toothed_Spruce_Bark_Beetle",10.57,56
"Eight-Toothed_Spruce_Bark_Beetle",10.57,56
"Eight-Toothed_Spruce_Bark_Beetle",10.57,56
"Eight-Toothed_Spruce_Bark_Beetle",10.57,56
"Eight-Toothed_Spruce_Bark_Beetle",12.2,55.9
"Eight-Toothed_Spruce_Bark_Beetle",12.2,55.9
"Eight-Toothed_Spruce_Bark_Beetle",12.2,55.9
"Eight-Toothed_Spruce_Bark_Beetle",10.57,56
"Eight-Toothed_Spruce_Bark_Beetle",13.7,48.916667
"Eight-Toothed_Spruce_Bark_Beetle",15,50
"Eight-Toothed_Spruce_Bark_Beetle",15,50
"Eight-Toothed_Spruce_Bark_Beetle",15,50
"Eight-Toothed_Spruce_Bark_Beetle",15,50
"Eight-Toothed_Spruce_Bark_Beetle",15,50
"Eight-Toothed_Spruce_Bark_Beetle",14.5,49.75
"Eight-Toothed_Spruce_Bark_Beetle",14.5,49.75
"Eight-Toothed_Spruce_Bark_Beetle",15,50
"Eight-Toothed_Spruce_Bark_Beetle",15,50
"Eight-Toothed_Spruce_Bark_Beetle",4.5,50.7
"Eight-Toothed_Spruce_Bark_Beetle",4.5,50.7
"Eight-Toothed_Spruce_Bark_Beetle",4.5,50.7
"Eight-Toothed_Spruce_Bark_Beetle",14,47.5
"Eight-Toothed_Spruce_Bark_Beetle",14,47.5
"Eight-Toothed_Spruce_Bark_Beetle",14,47.5
"Eight-Toothed_Spruce_Bark_Beetle",14,47.5
"Eight-Toothed_Spruce_Bark_Beetle",15.299778,50.727633
"Eight-Toothed_Spruce_Bark_Beetle",8.964138,50.102495
"Eight-Toothed_Spruce_Bark_Beetle",13.239107,49.093472
"Eight-Toothed_Spruce_Bark_Beetle",16.040041,47.680752
"Eight-Toothed_Spruce_Bark_Beetle",37.829983,56.044358
"Eight-Toothed_Spruce_Bark_Beetle",37.319047,55.950473
"Eight-Toothed_Spruce_Bark_Beetle",32.428896,54.886551
"Eight-Toothed_Spruce_Bark_Beetle",16.503882,56.64523
"Eight-Toothed_Spruce_Bark_Beetle",27.689622,53.955997
"Eight-Toothed_Spruce_Bark_Beetle",14.164237,46.759396
"Eight-Toothed_Spruce_Bark_Beetle",9.961345,51.531202
"Eight-Toothed_Spruce_Bark_Beetle",14.164237,46.759396
"Eight-Toothed_Spruce_Bark_Beetle",50.034061,58.545972
"Eight-Toothed_Spruce_Bark_Beetle",36.660843,53.735469
"Eight-Toothed_Spruce_Bark_Beetle",11.134197,49.895448
"Eight-Toothed_Spruce_Bark_Beetle",9.326323,53.054242
"Eight-Toothed_Spruce_Bark_Beetle",32.919698,56.489912
"Eight-Toothed_Spruce_Bark_Beetle",37.297706,55.928983
"Eight-Toothed_Spruce_Bark_Beetle",37.052365,55.752339
"Eight-Toothed_Spruce_Bark_Beetle",15.63441,62.6455
"Eight-Toothed_Spruce_Bark_Beetle",23.572283,61.040612
"Eight-Toothed_Spruce_Bark_Beetle",16.50176,56.64571
"Eight-Toothed_Spruce_Bark_Beetle",15.88276,56.77717
"Eight-Toothed_Spruce_Bark_Beetle",14.79791,56.77867
"Eight-Toothed_Spruce_Bark_Beetle",14.79791,56.77867
"Eight-Toothed_Spruce_Bark_Beetle",14.79791,56.77867
"Eight-Toothed_Spruce_Bark_Beetle",14.79264,56.75648
"Eight-Toothed_Spruce_Bark_Beetle",16.6641,58.99764
"Eight-Toothed_Spruce_Bark_Beetle",16.029517,47.032767
"Eight-Toothed_Spruce_Bark_Beetle",12.356306,47.731896
"Eight-Toothed_Spruce_Bark_Beetle",8.66555,50.079731
"Eight-Toothed_Spruce_Bark_Beetle",2.08097,48.69651
"Eight-Toothed_Spruce_Bark_Beetle",3.06541,48.82368
"Eight-Toothed_Spruce_Bark_Beetle",2.6125,48.55722
"Eight-Toothed_Spruce_Bark_Beetle",2.6125,48.55722
"Eight-Toothed_Spruce_Bark_Beetle",2.6125,48.55722
"Eight-Toothed_Spruce_Bark_Beetle",2.6125,48.55722
"Eight-Toothed_Spruce_Bark_Beetle",2.29878,42.81338
"Eight-Toothed_Spruce_Bark_Beetle",3.63611,44.08277
"Eight-Toothed_Spruce_Bark_Beetle",3.63611,44.08277
"Eight-Toothed_Spruce_Bark_Beetle",2.4607,42.61507
"Eight-Toothed_Spruce_Bark_Beetle",3.85677,44.45942
"Eight-Toothed_Spruce_Bark_Beetle",3.85677,44.45942
"Eight-Toothed_Spruce_Bark_Beetle",3.85677,44.45942
"Eight-Toothed_Spruce_Bark_Beetle",3.51337,44.01158
"Eight-Toothed_Spruce_Bark_Beetle",2.06171,45.53103
"Eight-Toothed_Spruce_Bark_Beetle",6.06604,46.83885
"Eight-Toothed_Spruce_Bark_Beetle",7.02964,48.04381
"Eight-Toothed_Spruce_Bark_Beetle",7.09787,47.89561
"Eight-Toothed_Spruce_Bark_Beetle",7.0314,48.05034
"Eight-Toothed_Spruce_Bark_Beetle",7.02964,48.04381
"Eight-Toothed_Spruce_Bark_Beetle",6.68907,47.46307
"Eight-Toothed_Spruce_Bark_Beetle",7.01901,48.04823
"Eight-Toothed_Spruce_Bark_Beetle",7.0313,48.05049
"Eight-Toothed_Spruce_Bark_Beetle",7.01905,48.04821
"Eight-Toothed_Spruce_Bark_Beetle",7.02028,47.81378
"Eight-Toothed_Spruce_Bark_Beetle",7.02028,47.81378
"Eight-Toothed_Spruce_Bark_Beetle",7.02,47.81404
"Eight-Toothed_Spruce_Bark_Beetle",7.0313,48.05049
"Eight-Toothed_Spruce_Bark_Beetle",7.02,47.81404
"Eight-Toothed_Spruce_Bark_Beetle",1.58052,50.65758
"Eight-Toothed_Spruce_Bark_Beetle",1.58053,50.65752
"Eight-Toothed_Spruce_Bark_Beetle",2.24043,43.40591
"Eight-Toothed_Spruce_Bark_Beetle",17.76019,60.09895
"Eight-Toothed_Spruce_Bark_Beetle",26.578816,58.63615
"Eight-Toothed_Spruce_Bark_Beetle",26.15697,59.0239
"Eight-Toothed_Spruce_Bark_Beetle",26.578816,58.63615
"Eight-Toothed_Spruce_Bark_Beetle",26.661827,58.396473
"Eight-Toothed_Spruce_Bark_Beetle",14.83928,60.14719
"Eight-Toothed_Spruce_Bark_Beetle",20.460495,54.780514
"Eight-Toothed_Spruce_Bark_Beetle",16.174885,50.810122
"Eight-Toothed_Spruce_Bark_Beetle",15.411955,47.107364
"Eight-Toothed_Spruce_Bark_Beetle",24.709836,60.2327
"Eight-Toothed_Spruce_Bark_Beetle",7.708797,50.352999
"Eight-Toothed_Spruce_Bark_Beetle",11.641051,59.910178
"Eight-Toothed_Spruce_Bark_Beetle",11.431307,60.453649
"Eight-Toothed_Spruce_Bark_Beetle",11.431114,60.453654
"Eight-Toothed_Spruce_Bark_Beetle",11.431284,60.45357
"Eight-Toothed_Spruce_Bark_Beetle",11.431353,60.453557
"Eight-Toothed_Spruce_Bark_Beetle",11.431122,60.453606
"Eight-Toothed_Spruce_Bark_Beetle",11.431122,60.453606
"Eight-Toothed_Spruce_Bark_Beetle",10.13822,59.539884
"Eight-Toothed_Spruce_Bark_Beetle",11.431114,60.453654
"Eight-Toothed_Spruce_Bark_Beetle",11.431114,60.453654
"Eight-Toothed_Spruce_Bark_Beetle",11.431353,60.453557
"Eight-Toothed_Spruce_Bark_Beetle",8.97927,59.06566
"Eight-Toothed_Spruce_Bark_Beetle",13.83377,57.90304
"Eight-Toothed_Spruce_Bark_Beetle",7.77612,47.43843
"Eight-Toothed_Spruce_Bark_Beetle",8.50842,46.24888
"Eight-Toothed_Spruce_Bark_Beetle",6.61869,46.88067
"Eight-Toothed_Spruce_Bark_Beetle",6.17335,46.29182
"Eight-Toothed_Spruce_Bark_Beetle",8.89614,46.19956
"Eight-Toothed_Spruce_Bark_Beetle",9.02961,46.33272
"Eight-Toothed_Spruce_Bark_Beetle",8.90462,46.51435
"Eight-Toothed_Spruce_Bark_Beetle",8.77322,46.47099
"Eight-Toothed_Spruce_Bark_Beetle",8.77322,46.47099
"Eight-Toothed_Spruce_Bark_Beetle",8.64204,46.42747
"Eight-Toothed_Spruce_Bark_Beetle",9.02829,46.28775
"Eight-Toothed_Spruce_Bark_Beetle",9.02698,46.24278
"Eight-Toothed_Spruce_Bark_Beetle",8.82908,46.11043
"Eight-Toothed_Spruce_Bark_Beetle",9.09042,46.19688
"Eight-Toothed_Spruce_Bark_Beetle",8.70813,46.47173
"Eight-Toothed_Spruce_Bark_Beetle",9.02829,46.28775
"Eight-Toothed_Spruce_Bark_Beetle",13.318728,49.053497
"Eight-Toothed_Spruce_Bark_Beetle",24.126717,61.053561
"Eight-Toothed_Spruce_Bark_Beetle",24.126717,61.053561
"Eight-Toothed_Spruce_Bark_Beetle",14.53904,58.0089
"Eight-Toothed_Spruce_Bark_Beetle",18.22194,59.21484
"Eight-Toothed_Spruce_Bark_Beetle",17.712,62.20315
"Eight-Toothed_Spruce_Bark_Beetle",17.69323,62.19184
"Eight-Toothed_Spruce_Bark_Beetle",18.12245,59.15634
"Eight-Toothed_Spruce_Bark_Beetle",17.68912,62.18982
"Eight-Toothed_Spruce_Bark_Beetle",17.37763,61.5495
"Eight-Toothed_Spruce_Bark_Beetle",18.23167,59.22554
"Eight-Toothed_Spruce_Bark_Beetle",17.71007,62.20239
"Eight-Toothed_Spruce_Bark_Beetle",18.24553,59.21898
"Eight-Toothed_Spruce_Bark_Beetle",13.578361,48.945032
"Eight-Toothed_Spruce_Bark_Beetle",16.3618,58.6753
"Eight-Toothed_Spruce_Bark_Beetle",16.55338,61.79913
"Eight-Toothed_Spruce_Bark_Beetle",16.3618,58.6753
"Eight-Toothed_Spruce_Bark_Beetle",16.3618,58.6753
"Eight-Toothed_Spruce_Bark_Beetle",14.6515,58.3295
"Eight-Toothed_Spruce_Bark_Beetle",14.396246,56.326978
"Eight-Toothed_Spruce_Bark_Beetle",12.090708,47.695418
"Eight-Toothed_Spruce_Bark_Beetle",10.115195,45.77565
"Eight-Toothed_Spruce_Bark_Beetle",14.534963,48.540657
"Eight-Toothed_Spruce_Bark_Beetle",14.761111,48.583332
"Eight-Toothed_Spruce_Bark_Beetle",14.516873,48.537839
"Eight-Toothed_Spruce_Bark_Beetle",23.210994,63.854732
"Eight-Toothed_Spruce_Bark_Beetle",6.13691,49.7238
"Eight-Toothed_Spruce_Bark_Beetle",5.93606,49.8287
"Eight-Toothed_Spruce_Bark_Beetle",5.93606,49.8287
"Eight-Toothed_Spruce_Bark_Beetle",23.474779,54.902276
"Eight-Toothed_Spruce_Bark_Beetle",10.595532,51.717337
"Eight-Toothed_Spruce_Bark_Beetle",9.320011,45.929835
"Eight-Toothed_Spruce_Bark_Beetle",23.674259,61.649158
"Eight-Toothed_Spruce_Bark_Beetle",6.354571,50.640377
"Eight-Toothed_Spruce_Bark_Beetle",8.555522,50.266754
"Eight-Toothed_Spruce_Bark_Beetle",36.440677,55.565761
"Eight-Toothed_Spruce_Bark_Beetle",12.2116,49.82228
"Eight-Toothed_Spruce_Bark_Beetle",36.465791,55.580158
"Eight-Toothed_Spruce_Bark_Beetle",19.157694,49.296214
"Eight-Toothed_Spruce_Bark_Beetle",10.976173,59.701029
"Eight-Toothed_Spruce_Bark_Beetle",11.215278,59.090407
"Eight-Toothed_Spruce_Bark_Beetle",16.40493,59.32807
"Eight-Toothed_Spruce_Bark_Beetle",15.25867,56.55218
"Eight-Toothed_Spruce_Bark_Beetle",13.81144,57.72946
"Eight-Toothed_Spruce_Bark_Beetle",25.170842,54.460301
"Eight-Toothed_Spruce_Bark_Beetle",27.345649,60.556592
"Eight-Toothed_Spruce_Bark_Beetle",20.31161,63.75061
"Eight-Toothed_Spruce_Bark_Beetle",20.47277,63.79278
"Eight-Toothed_Spruce_Bark_Beetle",15.99779,58.21417
"Eight-Toothed_Spruce_Bark_Beetle",13.35779,56.36794
"Eight-Toothed_Spruce_Bark_Beetle",14.15686,57.50972
"Eight-Toothed_Spruce_Bark_Beetle",18.69395,57.71995
"Eight-Toothed_Spruce_Bark_Beetle",20.47277,63.79278
"Eight-Toothed_Spruce_Bark_Beetle",20.31161,63.75061
"Eight-Toothed_Spruce_Bark_Beetle",20.47286,63.79283
"Eight-Toothed_Spruce_Bark_Beetle",23.813602,61.456166
"Eight-Toothed_Spruce_Bark_Beetle",17.31813,59.03354
"Eight-Toothed_Spruce_Bark_Beetle",17.31813,59.03354
"Eight-Toothed_Spruce_Bark_Beetle",16.66676,59.08812
"Eight-Toothed_Spruce_Bark_Beetle",13.2,47.87
"Eight-Toothed_Spruce_Bark_Beetle",16.81803,60.26011
"Eight-Toothed_Spruce_Bark_Beetle",17.49528,59.48325
"Eight-Toothed_Spruce_Bark_Beetle",16.73105,60.21202
"Eight-Toothed_Spruce_Bark_Beetle",16.4984,60.18362
"Eight-Toothed_Spruce_Bark_Beetle",29.83835,63.081664
"Eight-Toothed_Spruce_Bark_Beetle",27.614632,62.856021
"Eight-Toothed_Spruce_Bark_Beetle",27.652137,62.910231
"Eight-Toothed_Spruce_Bark_Beetle",14.3426,48.328796
"Eight-Toothed_Spruce_Bark_Beetle",20.47277,63.79278
"Eight-Toothed_Spruce_Bark_Beetle",16.24874,58.27872
"Eight-Toothed_Spruce_Bark_Beetle",20.47196,63.79266
"Eight-Toothed_Spruce_Bark_Beetle",20.31161,63.75061
"Eight-Toothed_Spruce_Bark_Beetle",15.06438,56.77206
"Eight-Toothed_Spruce_Bark_Beetle",16.67038,59.07604
"Eight-Toothed_Spruce_Bark_Beetle",18.23891,59.17311
"Eight-Toothed_Spruce_Bark_Beetle",15.88223,56.77408
"Eight-Toothed_Spruce_Bark_Beetle",5.374307,45.410233
"Eight-Toothed_Spruce_Bark_Beetle",24.47,61.82
"Eight-Toothed_Spruce_Bark_Beetle",6.68301,46.97107
"Eight-Toothed_Spruce_Bark_Beetle",6.95397,46.07297
"Eight-Toothed_Spruce_Bark_Beetle",7.07541,47.24284
"Eight-Toothed_Spruce_Bark_Beetle",7.01824,46.11821
"Eight-Toothed_Spruce_Bark_Beetle",6.74929,46.92651
"Eight-Toothed_Spruce_Bark_Beetle",6.74929,46.92651
"Eight-Toothed_Spruce_Bark_Beetle",8.32565,46.97014
"Eight-Toothed_Spruce_Bark_Beetle",6.618,46.92565
"Eight-Toothed_Spruce_Bark_Beetle",6.74929,46.92651
"Eight-Toothed_Spruce_Bark_Beetle",9.06873,47.63671
"Eight-Toothed_Spruce_Bark_Beetle",6.74929,46.92651
"Eight-Toothed_Spruce_Bark_Beetle",6.74929,46.92651
"Eight-Toothed_Spruce_Bark_Beetle",7.07541,47.24284
"Eight-Toothed_Spruce_Bark_Beetle",9.32041,47.22805
"Eight-Toothed_Spruce_Bark_Beetle",6.74929,46.92651
"Eight-Toothed_Spruce_Bark_Beetle",6.74929,46.92651
"Eight-Toothed_Spruce_Bark_Beetle",8.80381,47.6851
"Eight-Toothed_Spruce_Bark_Beetle",6.74929,46.92651
"Eight-Toothed_Spruce_Bark_Beetle",6.74929,46.92651
"Eight-Toothed_Spruce_Bark_Beetle",6.74929,46.92651
"Eight-Toothed_Spruce_Bark_Beetle",6.618,46.92565
"Eight-Toothed_Spruce_Bark_Beetle",6.74929,46.92651
"Eight-Toothed_Spruce_Bark_Beetle",8.06232,46.9269
"Eight-Toothed_Spruce_Bark_Beetle",6.74929,46.92651
"Eight-Toothed_Spruce_Bark_Beetle",6.74929,46.92651
"Eight-Toothed_Spruce_Bark_Beetle",6.4883,46.83468
"Eight-Toothed_Spruce_Bark_Beetle",10.1508,46.67145
"Eight-Toothed_Spruce_Bark_Beetle",10.1508,46.67145
"Eight-Toothed_Spruce_Bark_Beetle",9.36855,46.73237
"Eight-Toothed_Spruce_Bark_Beetle",9.36855,46.73237
"Eight-Toothed_Spruce_Bark_Beetle",9.42896,46.59636
"Eight-Toothed_Spruce_Bark_Beetle",9.42896,46.59636
"Eight-Toothed_Spruce_Bark_Beetle",9.42896,46.59636
"Eight-Toothed_Spruce_Bark_Beetle",9.37016,46.77734
"Eight-Toothed_Spruce_Bark_Beetle",9.51143,47.04481
"Eight-Toothed_Spruce_Bark_Beetle",9.36855,46.73237
"Eight-Toothed_Spruce_Bark_Beetle",9.30471,46.77843
"Eight-Toothed_Spruce_Bark_Beetle",10.1508,46.67145
"Eight-Toothed_Spruce_Bark_Beetle",9.42896,46.59636
"Eight-Toothed_Spruce_Bark_Beetle",9.42896,46.59636
"Eight-Toothed_Spruce_Bark_Beetle",9.42896,46.59636
"Eight-Toothed_Spruce_Bark_Beetle",9.42896,46.59636
"Eight-Toothed_Spruce_Bark_Beetle",10.1508,46.67145
"Eight-Toothed_Spruce_Bark_Beetle",10.42191,46.84471
"Eight-Toothed_Spruce_Bark_Beetle",9.50969,46.99985
"Eight-Toothed_Spruce_Bark_Beetle",10.21379,46.62492
"Eight-Toothed_Spruce_Bark_Beetle",10.1508,46.67145
"Eight-Toothed_Spruce_Bark_Beetle",9.42896,46.59636
"Eight-Toothed_Spruce_Bark_Beetle",10.1508,46.67145
"Eight-Toothed_Spruce_Bark_Beetle",9.42896,46.59636
"Eight-Toothed_Spruce_Bark_Beetle",9.36855,46.73237
"Eight-Toothed_Spruce_Bark_Beetle",9.30471,46.77843
"Eight-Toothed_Spruce_Bark_Beetle",7.99949,47.19708
"Eight-Toothed_Spruce_Bark_Beetle",6.68301,46.97107
"Eight-Toothed_Spruce_Bark_Beetle",6.68301,46.97107
"Eight-Toothed_Spruce_Bark_Beetle",9.32041,47.22805
"Eight-Toothed_Spruce_Bark_Beetle",6.29839,46.51807
"Eight-Toothed_Spruce_Bark_Beetle",7.08025,46.52323
"Eight-Toothed_Spruce_Bark_Beetle",7.47157,47.10849
"Eight-Toothed_Spruce_Bark_Beetle",23.727731,60.339359
"Eight-Toothed_Spruce_Bark_Beetle",18.2371,59.63464
"Eight-Toothed_Spruce_Bark_Beetle",12.87285,56.79468
"Eight-Toothed_Spruce_Bark_Beetle",10.030946,48.31939
"Eight-Toothed_Spruce_Bark_Beetle",19.22117,64.20741
"Eight-Toothed_Spruce_Bark_Beetle",20.47286,63.79283
"Eight-Toothed_Spruce_Bark_Beetle",19.22309,64.20757
"Eight-Toothed_Spruce_Bark_Beetle",20.4718,63.79267
"Eight-Toothed_Spruce_Bark_Beetle",28.852952,61.291355
"Eight-Toothed_Spruce_Bark_Beetle",27.464755,65.726014
"Eight-Toothed_Spruce_Bark_Beetle",27.296078,68.102696
"Eight-Toothed_Spruce_Bark_Beetle",24.151474,60.259309
"Eight-Toothed_Spruce_Bark_Beetle",24.67,60.24
"Eight-Toothed_Spruce_Bark_Beetle",25.02,60.14
"Eight-Toothed_Spruce_Bark_Beetle",28.852952,61.291355
"Eight-Toothed_Spruce_Bark_Beetle",28.852952,61.291355
"Eight-Toothed_Spruce_Bark_Beetle",7,46.333
"Eight-Toothed_Spruce_Bark_Beetle",7,46.333
"Eight-Toothed_Spruce_Bark_Beetle",27.464755,65.726014
"Eight-Toothed_Spruce_Bark_Beetle",24.151474,60.259309
"Eight-Toothed_Spruce_Bark_Beetle",24.67,60.24
"Eight-Toothed_Spruce_Bark_Beetle",24.67,60.24
"Eight-Toothed_Spruce_Bark_Beetle",24.67,60.24
"Eight-Toothed_Spruce_Bark_Beetle",24.67,60.24
"Eight-Toothed_Spruce_Bark_Beetle",24.67,60.24
"Eight-Toothed_Spruce_Bark_Beetle",24.67,60.24
"Eight-Toothed_Spruce_Bark_Beetle",24.67,60.24
"Eight-Toothed_Spruce_Bark_Beetle",24.47,61.82
"Eight-Toothed_Spruce_Bark_Beetle",28.852952,61.291355
"Eight-Toothed_Spruce_Bark_Beetle",28.852952,61.291355
"Eight-Toothed_Spruce_Bark_Beetle",15.32585,58.9292
"Eight-Toothed_Spruce_Bark_Beetle",15.96874,46.6868
"Eight-Toothed_Spruce_Bark_Beetle",18.45635,60.0493
"Eight-Toothed_Spruce_Bark_Beetle",16.20851,59.82916
"Eight-Toothed_Spruce_Bark_Beetle",18.31198,59.548
"Eight-Toothed_Spruce_Bark_Beetle",40.898838,58.333416
"Eight-Toothed_Spruce_Bark_Beetle",5.85,52
"Eight-Toothed_Spruce_Bark_Beetle",5.85,52
"Eight-Toothed_Spruce_Bark_Beetle",27.371822,61.71378
"Eight-Toothed_Spruce_Bark_Beetle",6.78141,47.76791
"Eight-Toothed_Spruce_Bark_Beetle",6.83474,47.80938
"Eight-Toothed_Spruce_Bark_Beetle",2.31823,43.39344
"Eight-Toothed_Spruce_Bark_Beetle",2.31823,43.39344
"Eight-Toothed_Spruce_Bark_Beetle",2.31823,43.39344
"Eight-Toothed_Spruce_Bark_Beetle",2.31823,43.39344
"Eight-Toothed_Spruce_Bark_Beetle",2.31823,43.39344
"Eight-Toothed_Spruce_Bark_Beetle",2.31823,43.39344
"Eight-Toothed_Spruce_Bark_Beetle",2.31823,43.39344
"Eight-Toothed_Spruce_Bark_Beetle",4.47641,45.36493
"Eight-Toothed_Spruce_Bark_Beetle",4.47641,45.36493
"Eight-Toothed_Spruce_Bark_Beetle",4.47641,45.36493
"Eight-Toothed_Spruce_Bark_Beetle",4.4959,45.35574
"Eight-Toothed_Spruce_Bark_Beetle",4.47641,45.36493
"Eight-Toothed_Spruce_Bark_Beetle",4.47641,45.36493
"Eight-Toothed_Spruce_Bark_Beetle",4.47641,45.36493
"Eight-Toothed_Spruce_Bark_Beetle",4.47641,45.36493
"Eight-Toothed_Spruce_Bark_Beetle",4.47641,45.36493
"Eight-Toothed_Spruce_Bark_Beetle",2.31823,43.39344
"Eight-Toothed_Spruce_Bark_Beetle",2.31823,43.39344
"Eight-Toothed_Spruce_Bark_Beetle",2.31823,43.39344
"Eight-Toothed_Spruce_Bark_Beetle",2.31823,43.39344
"Eight-Toothed_Spruce_Bark_Beetle",2.31823,43.39344
"Eight-Toothed_Spruce_Bark_Beetle",2.31823,43.39344
"Eight-Toothed_Spruce_Bark_Beetle",2.31823,43.39344
"Eight-Toothed_Spruce_Bark_Beetle",7.09586,48.11876
"Eight-Toothed_Spruce_Bark_Beetle",7.3561,48.5836
"Eight-Toothed_Spruce_Bark_Beetle",7.09586,48.11876
"Eight-Toothed_Spruce_Bark_Beetle",7.0953,48.11949
"Eight-Toothed_Spruce_Bark_Beetle",7.33756,48.58487
"Eight-Toothed_Spruce_Bark_Beetle",7.05262,47.93656
"Eight-Toothed_Spruce_Bark_Beetle",7.09586,48.11876
"Eight-Toothed_Spruce_Bark_Beetle",7.42636,48.94947
"Eight-Toothed_Spruce_Bark_Beetle",7.33837,48.58456
"Eight-Toothed_Spruce_Bark_Beetle",7.09762,48.11784
"Eight-Toothed_Spruce_Bark_Beetle",7.42636,48.94947
"Eight-Toothed_Spruce_Bark_Beetle",7.33837,48.58456
"Eight-Toothed_Spruce_Bark_Beetle",7.33837,48.58456
"Eight-Toothed_Spruce_Bark_Beetle",6.7383,47.79315
"Eight-Toothed_Spruce_Bark_Beetle",6.76629,47.78486
"Eight-Toothed_Spruce_Bark_Beetle",6.79533,47.7946
"Eight-Toothed_Spruce_Bark_Beetle",6.78623,47.8227
"Eight-Toothed_Spruce_Bark_Beetle",6.794,47.79329
"Eight-Toothed_Spruce_Bark_Beetle",6.78129,47.83208
"Eight-Toothed_Spruce_Bark_Beetle",6.76159,47.78504
"Eight-Toothed_Spruce_Bark_Beetle",6.76285,47.78637
"Eight-Toothed_Spruce_Bark_Beetle",6.79173,47.82208
"Eight-Toothed_Spruce_Bark_Beetle",6.76613,47.7831
"Eight-Toothed_Spruce_Bark_Beetle",6.7383,47.79315
"Eight-Toothed_Spruce_Bark_Beetle",6.78129,47.83208
"Eight-Toothed_Spruce_Bark_Beetle",6.76629,47.78486
"Eight-Toothed_Spruce_Bark_Beetle",6.7894,47.82287
"Eight-Toothed_Spruce_Bark_Beetle",6.76613,47.7831
"Eight-Toothed_Spruce_Bark_Beetle",6.79173,47.82208
"Eight-Toothed_Spruce_Bark_Beetle",6.74656,47.79303
"Eight-Toothed_Spruce_Bark_Beetle",6.81501,47.81844
"Eight-Toothed_Spruce_Bark_Beetle",6.76159,47.78504
"Eight-Toothed_Spruce_Bark_Beetle",6.79173,47.82208
"Eight-Toothed_Spruce_Bark_Beetle",6.81727,47.81692
"Eight-Toothed_Spruce_Bark_Beetle",6.81727,47.81692
"Eight-Toothed_Spruce_Bark_Beetle",6.76486,47.78809
"Eight-Toothed_Spruce_Bark_Beetle",6.80569,47.80713
"Eight-Toothed_Spruce_Bark_Beetle",6.7894,47.82287
"Eight-Toothed_Spruce_Bark_Beetle",6.76613,47.7831
"Eight-Toothed_Spruce_Bark_Beetle",1.87843,46.17464
"Eight-Toothed_Spruce_Bark_Beetle",1.67838,45.99368
"Eight-Toothed_Spruce_Bark_Beetle",2.16928,45.88572
"Eight-Toothed_Spruce_Bark_Beetle",5.44648,44.91674
"Eight-Toothed_Spruce_Bark_Beetle",5.4552,44.92591
"Eight-Toothed_Spruce_Bark_Beetle",5.45522,44.92573
"Eight-Toothed_Spruce_Bark_Beetle",5.47431,44.90524
"Eight-Toothed_Spruce_Bark_Beetle",5.45522,44.92573
"Eight-Toothed_Spruce_Bark_Beetle",5.47431,44.90524
"Eight-Toothed_Spruce_Bark_Beetle",5.47431,44.90524
"Eight-Toothed_Spruce_Bark_Beetle",5.47431,44.90524
"Eight-Toothed_Spruce_Bark_Beetle",5.47442,44.90551
"Eight-Toothed_Spruce_Bark_Beetle",5.45522,44.92573
"Eight-Toothed_Spruce_Bark_Beetle",5.4552,44.92591
"Eight-Toothed_Spruce_Bark_Beetle",5.4552,44.92591
"Eight-Toothed_Spruce_Bark_Beetle",5.47442,44.90551
"Eight-Toothed_Spruce_Bark_Beetle",5.44655,44.91689
"Eight-Toothed_Spruce_Bark_Beetle",5.4552,44.92591
"Eight-Toothed_Spruce_Bark_Beetle",5.47442,44.90551
"Eight-Toothed_Spruce_Bark_Beetle",5.45522,44.92573
"Eight-Toothed_Spruce_Bark_Beetle",5.47431,44.90524
"Eight-Toothed_Spruce_Bark_Beetle",5.44648,44.91674
"Eight-Toothed_Spruce_Bark_Beetle",5.44648,44.91674
"Eight-Toothed_Spruce_Bark_Beetle",6.77,47.86
"Eight-Toothed_Spruce_Bark_Beetle",5.45522,44.92573
"Eight-Toothed_Spruce_Bark_Beetle",5.47431,44.90524
"Eight-Toothed_Spruce_Bark_Beetle",6.46135,44.48722
"Eight-Toothed_Spruce_Bark_Beetle",6.46135,44.48722
"Eight-Toothed_Spruce_Bark_Beetle",6.46135,44.48722
"Eight-Toothed_Spruce_Bark_Beetle",6.43955,44.48619
"Eight-Toothed_Spruce_Bark_Beetle",6.46135,44.48722
"Eight-Toothed_Spruce_Bark_Beetle",6.44805,44.47932
"Eight-Toothed_Spruce_Bark_Beetle",6.46135,44.48722
"Eight-Toothed_Spruce_Bark_Beetle",6.43955,44.48619
"Eight-Toothed_Spruce_Bark_Beetle",6.46135,44.48722
"Eight-Toothed_Spruce_Bark_Beetle",6.46135,44.48722
"Eight-Toothed_Spruce_Bark_Beetle",6.46135,44.48722
"Eight-Toothed_Spruce_Bark_Beetle",6.46135,44.48722
"Eight-Toothed_Spruce_Bark_Beetle",6.46135,44.48722
"Eight-Toothed_Spruce_Bark_Beetle",6.46135,44.48722
"Eight-Toothed_Spruce_Bark_Beetle",6.43955,44.48619
"Eight-Toothed_Spruce_Bark_Beetle",7.59807,49.02284
"Eight-Toothed_Spruce_Bark_Beetle",6.13119,47.24767
"Eight-Toothed_Spruce_Bark_Beetle",6.06326,46.55128
"Eight-Toothed_Spruce_Bark_Beetle",6.09673,46.57851
"Eight-Toothed_Spruce_Bark_Beetle",2.15466,49.0807
"Eight-Toothed_Spruce_Bark_Beetle",18.76214,59.62391
"Eight-Toothed_Spruce_Bark_Beetle",12.20005,57.64378
"Eight-Toothed_Spruce_Bark_Beetle",15.99381,58.51869
"Eight-Toothed_Spruce_Bark_Beetle",13.46465,55.69552
"Eight-Toothed_Spruce_Bark_Beetle",11.287721,45.857368
"Eight-Toothed_Spruce_Bark_Beetle",10.537525,46.253556
"Eight-Toothed_Spruce_Bark_Beetle",10.53668,46.247231
"Eight-Toothed_Spruce_Bark_Beetle",18.44913,60.05001
"Eight-Toothed_Spruce_Bark_Beetle",18.45635,60.0493
"Eight-Toothed_Spruce_Bark_Beetle",8.525111,59.351227
"Eight-Toothed_Spruce_Bark_Beetle",11.68754,63.784984
"Eight-Toothed_Spruce_Bark_Beetle",9.329435,59.58567
"Eight-Toothed_Spruce_Bark_Beetle",18.13966,59.54309
"Eight-Toothed_Spruce_Bark_Beetle",18.38056,60.01718
"Eight-Toothed_Spruce_Bark_Beetle",18.13966,59.54309
"Eight-Toothed_Spruce_Bark_Beetle",18.51951,59.61223
"Eight-Toothed_Spruce_Bark_Beetle",23.819247,54.520092
"Eight-Toothed_Spruce_Bark_Beetle",38.529512,54.400023
"Eight-Toothed_Spruce_Bark_Beetle",18.20199,59.35318
"Eight-Toothed_Spruce_Bark_Beetle",13.09621,56.08511
"Eight-Toothed_Spruce_Bark_Beetle",14.7081,63.20607
"Eight-Toothed_Spruce_Bark_Beetle",21.57487,65.76359
"Eight-Toothed_Spruce_Bark_Beetle",17.09723,58.97644
"Eight-Toothed_Spruce_Bark_Beetle",6.139708,46.43483
"Eight-Toothed_Spruce_Bark_Beetle",6.139686,46.434863
"Eight-Toothed_Spruce_Bark_Beetle",22.422753,48.718764
"Eight-Toothed_Spruce_Bark_Beetle",6.141708,46.435955
"Eight-Toothed_Spruce_Bark_Beetle",17.65649,59.81821
"Eight-Toothed_Spruce_Bark_Beetle",16.80472,59.84259
"Eight-Toothed_Spruce_Bark_Beetle",17.65649,59.81821
"Eight-Toothed_Spruce_Bark_Beetle",17.77991,59.7431
"Eight-Toothed_Spruce_Bark_Beetle",17.74313,60.01567
"Eight-Toothed_Spruce_Bark_Beetle",15.95712,59.35631
"Eight-Toothed_Spruce_Bark_Beetle",17.91305,59.84058
"Eight-Toothed_Spruce_Bark_Beetle",16.81538,59.8466
"Eight-Toothed_Spruce_Bark_Beetle",16.22274,59.42025
"Eight-Toothed_Spruce_Bark_Beetle",13.55778,57.37604
"Eight-Toothed_Spruce_Bark_Beetle",21.01087,64.23055
"Eight-Toothed_Spruce_Bark_Beetle",28.771666,61.168835
"Eight-Toothed_Spruce_Bark_Beetle",25.502775,60.411678
"Eight-Toothed_Spruce_Bark_Beetle",16.83269,59.04443
"Eight-Toothed_Spruce_Bark_Beetle",14.95866,59.4935
"Eight-Toothed_Spruce_Bark_Beetle",18.20199,59.35318
"Eight-Toothed_Spruce_Bark_Beetle",15.90792,56.75991
"Eight-Toothed_Spruce_Bark_Beetle",10.534894,59.670641
"Eight-Toothed_Spruce_Bark_Beetle",22.406374,60.406385
"Eight-Toothed_Spruce_Bark_Beetle",22.409318,60.283345
"Eight-Toothed_Spruce_Bark_Beetle",23.697234,54.876397
"Eight-Toothed_Spruce_Bark_Beetle",16.2438,57.16565
"Eight-Toothed_Spruce_Bark_Beetle",15.89461,59.9873
"Eight-Toothed_Spruce_Bark_Beetle",14.542788,50.022063
"Eight-Toothed_Spruce_Bark_Beetle",13.63483,61.42984
"Eight-Toothed_Spruce_Bark_Beetle",13.63172,61.42932
"Eight-Toothed_Spruce_Bark_Beetle",13.86003,60.43852
"Eight-Toothed_Spruce_Bark_Beetle",14.36865,60.75527
"Eight-Toothed_Spruce_Bark_Beetle",16.01308,60.49208
"Eight-Toothed_Spruce_Bark_Beetle",16.11336,60.77882
"Eight-Toothed_Spruce_Bark_Beetle",13.85592,60.44202
"Eight-Toothed_Spruce_Bark_Beetle",16.55555,60.30212
"Eight-Toothed_Spruce_Bark_Beetle",13.86043,60.44034
"Eight-Toothed_Spruce_Bark_Beetle",15.1643,59.28559
"Eight-Toothed_Spruce_Bark_Beetle",20.45152,63.79497
"Eight-Toothed_Spruce_Bark_Beetle",13.86043,60.44034
"Eight-Toothed_Spruce_Bark_Beetle",14.70928,60.13554
"Eight-Toothed_Spruce_Bark_Beetle",16.11322,60.77925
"Eight-Toothed_Spruce_Bark_Beetle",13.64062,61.43143
"Eight-Toothed_Spruce_Bark_Beetle",5,51.53
"Eight-Toothed_Spruce_Bark_Beetle",5,51.53
"Eight-Toothed_Spruce_Bark_Beetle",5,51.53
"Eight-Toothed_Spruce_Bark_Beetle",4.3,51.9
"Eight-Toothed_Spruce_Bark_Beetle",5.01,51.54
"Eight-Toothed_Spruce_Bark_Beetle",5.01,51.54
"Eight-Toothed_Spruce_Bark_Beetle",5,51.53
"Eight-Toothed_Spruce_Bark_Beetle",5,51.53
"Eight-Toothed_Spruce_Bark_Beetle",9.194436,49.889233
"Eight-Toothed_Spruce_Bark_Beetle",7.34204,44.09549
"Eight-Toothed_Spruce_Bark_Beetle",6.42248,44.39838
"Eight-Toothed_Spruce_Bark_Beetle",6.42248,44.39838
"Eight-Toothed_Spruce_Bark_Beetle",6.42248,44.39838
"Eight-Toothed_Spruce_Bark_Beetle",6.65878,44.16551
"Eight-Toothed_Spruce_Bark_Beetle",6.65878,44.16551
"Eight-Toothed_Spruce_Bark_Beetle",6.65878,44.16551
"Eight-Toothed_Spruce_Bark_Beetle",6.65878,44.16551
"Eight-Toothed_Spruce_Bark_Beetle",6.65878,44.16551
"Eight-Toothed_Spruce_Bark_Beetle",6.96471,44.06475
"Eight-Toothed_Spruce_Bark_Beetle",6.65878,44.16551
"Eight-Toothed_Spruce_Bark_Beetle",6.96785,44.10969
"Eight-Toothed_Spruce_Bark_Beetle",6.65878,44.16551
"Eight-Toothed_Spruce_Bark_Beetle",6.65878,44.16551
"Eight-Toothed_Spruce_Bark_Beetle",7.28308,44.14288
"Eight-Toothed_Spruce_Bark_Beetle",6.65878,44.16551
"Eight-Toothed_Spruce_Bark_Beetle",6.65878,44.16551
"Eight-Toothed_Spruce_Bark_Beetle",7.03023,44.10741
"Eight-Toothed_Spruce_Bark_Beetle",6.16402,44.27098
"Eight-Toothed_Spruce_Bark_Beetle",6.68797,44.6151
"Eight-Toothed_Spruce_Bark_Beetle",7.22067,44.14531
"Eight-Toothed_Spruce_Bark_Beetle",7.45616,43.95569
"Eight-Toothed_Spruce_Bark_Beetle",7.45616,43.95569
"Eight-Toothed_Spruce_Bark_Beetle",7.27631,44.05301
"Eight-Toothed_Spruce_Bark_Beetle",7.22067,44.14531
"Eight-Toothed_Spruce_Bark_Beetle",6.41433,44.26349
"Eight-Toothed_Spruce_Bark_Beetle",5.57809,43.79103
"Eight-Toothed_Spruce_Bark_Beetle",6.66039,43.21964
"Eight-Toothed_Spruce_Bark_Beetle",6.50611,43.72007
"Eight-Toothed_Spruce_Bark_Beetle",6.50887,43.76502
"Eight-Toothed_Spruce_Bark_Beetle",6.34911,44.22045
"Eight-Toothed_Spruce_Bark_Beetle",5.83083,43.8748
"Eight-Toothed_Spruce_Bark_Beetle",6.47608,43.22573
"Eight-Toothed_Spruce_Bark_Beetle",6.66749,44.30038
"Eight-Toothed_Spruce_Bark_Beetle",6.35841,43.31949
"Eight-Toothed_Spruce_Bark_Beetle",6.36103,43.36443
"Eight-Toothed_Spruce_Bark_Beetle",6.37156,43.5442
"Eight-Toothed_Spruce_Bark_Beetle",6.11378,44.49764
"Eight-Toothed_Spruce_Bark_Beetle",7.06369,43.70067
"Eight-Toothed_Spruce_Bark_Beetle",6.93672,43.66029
"Eight-Toothed_Spruce_Bark_Beetle",6.40354,44.08364
"Eight-Toothed_Spruce_Bark_Beetle",6.32017,43.7259
"Eight-Toothed_Spruce_Bark_Beetle",5.91837,43.15224
"Eight-Toothed_Spruce_Bark_Beetle",6.41198,43.18276
"Eight-Toothed_Spruce_Bark_Beetle",5.83083,43.8748
"Eight-Toothed_Spruce_Bark_Beetle",6.49074,44.48634
"Eight-Toothed_Spruce_Bark_Beetle",5.74918,43.47173
"Eight-Toothed_Spruce_Bark_Beetle",5.90673,44.14299
"Eight-Toothed_Spruce_Bark_Beetle",6.91475,44.24678
"Eight-Toothed_Spruce_Bark_Beetle",5.33158,43.84159
"Eight-Toothed_Spruce_Bark_Beetle",5.62571,43.47479
"Eight-Toothed_Spruce_Bark_Beetle",6.5103,44.80113
"Eight-Toothed_Spruce_Bark_Beetle",5.87154,44.68438
"Eight-Toothed_Spruce_Bark_Beetle",5.58012,43.836
"Eight-Toothed_Spruce_Bark_Beetle",6.44413,43.72205
"Eight-Toothed_Spruce_Bark_Beetle",6.52271,43.98978
"Eight-Toothed_Spruce_Bark_Beetle",6.69201,43.71392
"Eight-Toothed_Spruce_Bark_Beetle",6.41198,43.18276
"Eight-Toothed_Spruce_Bark_Beetle",4.83294,43.80611
"Eight-Toothed_Spruce_Bark_Beetle",6.66749,44.30038
"Eight-Toothed_Spruce_Bark_Beetle",6.11949,43.4617
"Eight-Toothed_Spruce_Bark_Beetle",6.21386,44.04433
"Eight-Toothed_Spruce_Bark_Beetle",5.88391,43.69332
"Eight-Toothed_Spruce_Bark_Beetle",6.47415,44.21656
"Eight-Toothed_Spruce_Bark_Beetle",5.80176,44.55104
"Eight-Toothed_Spruce_Bark_Beetle",6.16653,44.31595
"Eight-Toothed_Spruce_Bark_Beetle",6.46865,44.12664
"Eight-Toothed_Spruce_Bark_Beetle",6.36778,44.53522
"Eight-Toothed_Spruce_Bark_Beetle",5.86696,44.59441
"Eight-Toothed_Spruce_Bark_Beetle",5.38061,43.52546
"Eight-Toothed_Spruce_Bark_Beetle",5.58215,43.88097
"Eight-Toothed_Spruce_Bark_Beetle",6.91475,44.24678
"Eight-Toothed_Spruce_Bark_Beetle",7.39744,44.00314
"Eight-Toothed_Spruce_Bark_Beetle",6.59064,44.07766
"Eight-Toothed_Spruce_Bark_Beetle",6.46865,44.12664
"Eight-Toothed_Spruce_Bark_Beetle",5.03527,44.25267
"Eight-Toothed_Spruce_Bark_Beetle",6.2164,44.0893
"Eight-Toothed_Spruce_Bark_Beetle",5.85255,43.064
"Eight-Toothed_Spruce_Bark_Beetle",6.3046,43.45621
"Eight-Toothed_Spruce_Bark_Beetle",6.16142,43.10038
"Eight-Toothed_Spruce_Bark_Beetle",6.29686,43.32139
"Eight-Toothed_Spruce_Bark_Beetle",6.30491,44.53712
"Eight-Toothed_Spruce_Bark_Beetle",6.52549,44.03473
"Eight-Toothed_Spruce_Bark_Beetle",5.65688,44.14933
"Eight-Toothed_Spruce_Bark_Beetle",6.58497,43.98775
"Eight-Toothed_Spruce_Bark_Beetle",6.57089,43.763
"Eight-Toothed_Spruce_Bark_Beetle",6.55638,44.5293
"Eight-Toothed_Spruce_Bark_Beetle",5.73885,44.55262
"Eight-Toothed_Spruce_Bark_Beetle",6.87787,43.70745
"Eight-Toothed_Spruce_Bark_Beetle",6.14904,44.00118
"Eight-Toothed_Spruce_Bark_Beetle",5.54402,44.42218
"Eight-Toothed_Spruce_Bark_Beetle",6.35318,43.22962
"Eight-Toothed_Spruce_Bark_Beetle",6.65011,44.03064
"Eight-Toothed_Spruce_Bark_Beetle",6.58215,43.9428
"Eight-Toothed_Spruce_Bark_Beetle",5.92524,44.5028
"Eight-Toothed_Spruce_Bark_Beetle",5.40318,44.06514
"Eight-Toothed_Spruce_Bark_Beetle",6.2343,44.40407
"Eight-Toothed_Spruce_Bark_Beetle",7.27293,44.00808
"Eight-Toothed_Spruce_Bark_Beetle",6.29441,44.35724
"Eight-Toothed_Spruce_Bark_Beetle",5.93459,44.68272
"Eight-Toothed_Spruce_Bark_Beetle",6.48519,44.39641
"Eight-Toothed_Spruce_Bark_Beetle",6.52271,43.98978
"Eight-Toothed_Spruce_Bark_Beetle",6.88092,43.75239
"Eight-Toothed_Spruce_Bark_Beetle",6.48519,44.39641
"Eight-Toothed_Spruce_Bark_Beetle",6.48519,44.39641
"Eight-Toothed_Spruce_Bark_Beetle",7.27631,44.05301
"Eight-Toothed_Spruce_Bark_Beetle",6.48519,44.39641
"Eight-Toothed_Spruce_Bark_Beetle",6.48519,44.39641
"Eight-Toothed_Spruce_Bark_Beetle",6.48519,44.39641
"Eight-Toothed_Spruce_Bark_Beetle",6.48519,44.39641
"Eight-Toothed_Spruce_Bark_Beetle",6.48519,44.39641
"Eight-Toothed_Spruce_Bark_Beetle",6.48519,44.39641
"Eight-Toothed_Spruce_Bark_Beetle",6.48519,44.39641
"Eight-Toothed_Spruce_Bark_Beetle",6.48519,44.39641
"Eight-Toothed_Spruce_Bark_Beetle",6.48519,44.39641
"Eight-Toothed_Spruce_Bark_Beetle",6.48519,44.39641
"Eight-Toothed_Spruce_Bark_Beetle",6.48519,44.39641
"Eight-Toothed_Spruce_Bark_Beetle",6.48519,44.39641
"Eight-Toothed_Spruce_Bark_Beetle",6.48519,44.39641
"Eight-Toothed_Spruce_Bark_Beetle",6.48519,44.39641
"Eight-Toothed_Spruce_Bark_Beetle",6.48519,44.39641
"Eight-Toothed_Spruce_Bark_Beetle",6.48519,44.39641
"Eight-Toothed_Spruce_Bark_Beetle",6.48519,44.39641
"Eight-Toothed_Spruce_Bark_Beetle",7.27631,44.05301
"Eight-Toothed_Spruce_Bark_Beetle",6.48519,44.39641
"Eight-Toothed_Spruce_Bark_Beetle",6.48519,44.39641
"Eight-Toothed_Spruce_Bark_Beetle",6.48519,44.39641
"Eight-Toothed_Spruce_Bark_Beetle",5.93459,44.68272
"Eight-Toothed_Spruce_Bark_Beetle",7.214,44.05543
"Eight-Toothed_Spruce_Bark_Beetle",6.84004,44.06919
"Eight-Toothed_Spruce_Bark_Beetle",6.48519,44.39641
"Eight-Toothed_Spruce_Bark_Beetle",6.48519,44.39641
"Eight-Toothed_Spruce_Bark_Beetle",6.48519,44.39641
"Eight-Toothed_Spruce_Bark_Beetle",6.91475,44.24678
"Eight-Toothed_Spruce_Bark_Beetle",6.48519,44.39641
"Eight-Toothed_Spruce_Bark_Beetle",6.07867,46.88411
"Eight-Toothed_Spruce_Bark_Beetle",6.18321,47.36156
"Eight-Toothed_Spruce_Bark_Beetle",2.68723,43.60195
"Eight-Toothed_Spruce_Bark_Beetle",7.24307,48.29343
"Eight-Toothed_Spruce_Bark_Beetle",5.00521,49.44978
"Eight-Toothed_Spruce_Bark_Beetle",2.31737,45.4935
"Eight-Toothed_Spruce_Bark_Beetle",4.04918,46.59386
"Eight-Toothed_Spruce_Bark_Beetle",6.38223,48.03865
"Eight-Toothed_Spruce_Bark_Beetle",5.27185,47.60426
"Eight-Toothed_Spruce_Bark_Beetle",3.82149,45.7074
"Eight-Toothed_Spruce_Bark_Beetle",3.0842,49.43082
"Eight-Toothed_Spruce_Bark_Beetle",2.07829,43.36749
"Eight-Toothed_Spruce_Bark_Beetle",6.00985,45.56041
"Eight-Toothed_Spruce_Bark_Beetle",2.70743,45.54418
"Eight-Toothed_Spruce_Bark_Beetle",6.03059,48.2816
"Eight-Toothed_Spruce_Bark_Beetle",6.35563,48.3482
"Eight-Toothed_Spruce_Bark_Beetle",4.94929,49.13892
"Eight-Toothed_Spruce_Bark_Beetle",0.23416,43.06148
"Eight-Toothed_Spruce_Bark_Beetle",3.65164,48.04195
"Eight-Toothed_Spruce_Bark_Beetle",4.84767,49.90902
"Eight-Toothed_Spruce_Bark_Beetle",2.77091,43.65524
"Eight-Toothed_Spruce_Bark_Beetle",7.29583,48.56804
"Eight-Toothed_Spruce_Bark_Beetle",6.03256,47.69268
"Eight-Toothed_Spruce_Bark_Beetle",1.95571,45.67319
"Eight-Toothed_Spruce_Bark_Beetle",1.67203,42.89588
"Eight-Toothed_Spruce_Bark_Beetle",3.12643,50.77478
"Eight-Toothed_Spruce_Bark_Beetle",3.50627,48.04106
"Eight-Toothed_Spruce_Bark_Beetle",2.54996,45.43453
"Eight-Toothed_Spruce_Bark_Beetle",6.43262,45.77222
"Eight-Toothed_Spruce_Bark_Beetle",2.68844,43.69741
"Eight-Toothed_Spruce_Bark_Beetle",2.38877,43.45779
"Eight-Toothed_Spruce_Bark_Beetle",6.18146,45.54783
"Eight-Toothed_Spruce_Bark_Beetle",1.6861,45.1861
"Eight-Toothed_Spruce_Bark_Beetle",4.29092,47.29214
"Eight-Toothed_Spruce_Bark_Beetle",-1.04006,47.78462
"Eight-Toothed_Spruce_Bark_Beetle",4.94272,49.087
"Eight-Toothed_Spruce_Bark_Beetle",7.3105,48.40086
"Eight-Toothed_Spruce_Bark_Beetle",2.86055,43.69352
"Eight-Toothed_Spruce_Bark_Beetle",5.16923,48.69823
"Eight-Toothed_Spruce_Bark_Beetle",4.62223,48.3407
"Eight-Toothed_Spruce_Bark_Beetle",5.40156,49.24017
"Eight-Toothed_Spruce_Bark_Beetle",5.52125,46.96726
"Eight-Toothed_Spruce_Bark_Beetle",2.66365,47.86234
"Eight-Toothed_Spruce_Bark_Beetle",4.68283,48.26983
"Eight-Toothed_Spruce_Bark_Beetle",3.17653,49.19828
"Eight-Toothed_Spruce_Bark_Beetle",4.01569,47.04046
"Eight-Toothed_Spruce_Bark_Beetle",3.56339,45.08428
"Eight-Toothed_Spruce_Bark_Beetle",2.98068,44.93444
"Eight-Toothed_Spruce_Bark_Beetle",6.00586,46.91517
"Eight-Toothed_Spruce_Bark_Beetle",4.57895,48.14351
"Eight-Toothed_Spruce_Bark_Beetle",2.37825,45.55605
"Eight-Toothed_Spruce_Bark_Beetle",0.21567,43.01657
"Eight-Toothed_Spruce_Bark_Beetle",1.8864,45.61775
"Eight-Toothed_Spruce_Bark_Beetle",6.64877,47.99134
"Eight-Toothed_Spruce_Bark_Beetle",6.76284,47.38505
"Eight-Toothed_Spruce_Bark_Beetle",3.22256,47.83871
"Eight-Toothed_Spruce_Bark_Beetle",6.66361,47.93287
"Eight-Toothed_Spruce_Bark_Beetle",5.58144,48.8915
"Eight-Toothed_Spruce_Bark_Beetle",2.53112,43.65855
"Eight-Toothed_Spruce_Bark_Beetle",2.68723,43.60195
"Eight-Toothed_Spruce_Bark_Beetle",4.94272,49.087
"Eight-Toothed_Spruce_Bark_Beetle",6.81424,48.3428
"Eight-Toothed_Spruce_Bark_Beetle",2.89026,43.62552
"Eight-Toothed_Spruce_Bark_Beetle",6.59856,48.24853
"Eight-Toothed_Spruce_Bark_Beetle",1.70351,49.11315
"Eight-Toothed_Spruce_Bark_Beetle",4.92481,49.19616
"Eight-Toothed_Spruce_Bark_Beetle",4.60028,47.43621
"Eight-Toothed_Spruce_Bark_Beetle",5.19568,48.82338
"Eight-Toothed_Spruce_Bark_Beetle",6.98931,47.77755
"Eight-Toothed_Spruce_Bark_Beetle",3.82532,47.28914
"Eight-Toothed_Spruce_Bark_Beetle",6.10003,45.30191
"Eight-Toothed_Spruce_Bark_Beetle",-0.52523,48.60533
"Eight-Toothed_Spruce_Bark_Beetle",5.46543,47.46466
"Eight-Toothed_Spruce_Bark_Beetle",4.55917,45.2639
"Eight-Toothed_Spruce_Bark_Beetle",3.82077,45.2884
"Eight-Toothed_Spruce_Bark_Beetle",3.18095,47.6925
"Eight-Toothed_Spruce_Bark_Beetle",7.45977,49.04752
"Eight-Toothed_Spruce_Bark_Beetle",7.20817,47.59065
"Eight-Toothed_Spruce_Bark_Beetle",1.74055,45.71106
"Eight-Toothed_Spruce_Bark_Beetle",3.60802,45.57826
"Eight-Toothed_Spruce_Bark_Beetle",7.5201,49.02423
"Eight-Toothed_Spruce_Bark_Beetle",4.94272,49.087
"Eight-Toothed_Spruce_Bark_Beetle",2.58257,43.55073
"Eight-Toothed_Spruce_Bark_Beetle",5.47487,49.25741
"Eight-Toothed_Spruce_Bark_Beetle",7.5201,49.02423
"Eight-Toothed_Spruce_Bark_Beetle",5.08129,49.10886
"Eight-Toothed_Spruce_Bark_Beetle",5.83271,46.15432
"Eight-Toothed_Spruce_Bark_Beetle",3.6295,44.84313
"Eight-Toothed_Spruce_Bark_Beetle",4.10463,47.0214
"Eight-Toothed_Spruce_Bark_Beetle",5.5631,46.2182
"Eight-Toothed_Spruce_Bark_Beetle",2.79152,45.34876
"Eight-Toothed_Spruce_Bark_Beetle",2.21611,47.2721
"Eight-Toothed_Spruce_Bark_Beetle",5.72409,48.98564
"Eight-Toothed_Spruce_Bark_Beetle",3.31999,46.89909
"Eight-Toothed_Spruce_Bark_Beetle",4.88791,49.27463
"Eight-Toothed_Spruce_Bark_Beetle",5.33743,49.4376
"Eight-Toothed_Spruce_Bark_Beetle",3.18095,47.6925
"Eight-Toothed_Spruce_Bark_Beetle",2.53386,45.61227
"Eight-Toothed_Spruce_Bark_Beetle",2.55871,45.08198
"Eight-Toothed_Spruce_Bark_Beetle",3.7628,45.99376
"Eight-Toothed_Spruce_Bark_Beetle",6.81227,46.054
"Eight-Toothed_Spruce_Bark_Beetle",6.51579,45.78996
"Eight-Toothed_Spruce_Bark_Beetle",2.60828,43.62066
"Eight-Toothed_Spruce_Bark_Beetle",6.03769,45.35964
"Eight-Toothed_Spruce_Bark_Beetle",3.78499,45.85485
"Eight-Toothed_Spruce_Bark_Beetle",1.88029,45.45506
"Eight-Toothed_Spruce_Bark_Beetle",3.48119,49.55801
"Eight-Toothed_Spruce_Bark_Beetle",7.2412,48.53825
"Eight-Toothed_Spruce_Bark_Beetle",3.0842,49.43082
"Eight-Toothed_Spruce_Bark_Beetle",3.26869,44.69799
"Eight-Toothed_Spruce_Bark_Beetle",4.40286,46.89232
"Eight-Toothed_Spruce_Bark_Beetle",4.16283,47.0934
"Eight-Toothed_Spruce_Bark_Beetle",6.82207,47.78027
"Eight-Toothed_Spruce_Bark_Beetle",1.89862,42.87267
"Eight-Toothed_Spruce_Bark_Beetle",1.98676,45.52637
"Eight-Toothed_Spruce_Bark_Beetle",4.78515,49.19792
"Eight-Toothed_Spruce_Bark_Beetle",2.38877,43.45779
"Eight-Toothed_Spruce_Bark_Beetle",6.68332,48.63716
"Eight-Toothed_Spruce_Bark_Beetle",7.85051,49.01595
"Eight-Toothed_Spruce_Bark_Beetle",2.91828,45.7182
"Eight-Toothed_Spruce_Bark_Beetle",5.99129,45.25898
"Eight-Toothed_Spruce_Bark_Beetle",2.92518,44.2678
"Eight-Toothed_Spruce_Bark_Beetle",7.11294,48.58477
"Eight-Toothed_Spruce_Bark_Beetle",5.46804,49.29343
"Eight-Toothed_Spruce_Bark_Beetle",1.73038,42.89155
"Eight-Toothed_Spruce_Bark_Beetle",5.50646,48.49317
"Eight-Toothed_Spruce_Bark_Beetle",-1.10716,47.7231
"Eight-Toothed_Spruce_Bark_Beetle",3.362,46.80883
"Eight-Toothed_Spruce_Bark_Beetle",7.11294,48.58477
"Eight-Toothed_Spruce_Bark_Beetle",6.08253,45.42898
"Eight-Toothed_Spruce_Bark_Beetle",4.94272,49.087
"Eight-Toothed_Spruce_Bark_Beetle",4.85076,49.34958
"Eight-Toothed_Spruce_Bark_Beetle",1.89972,45.54715
"Eight-Toothed_Spruce_Bark_Beetle",5.37405,48.99864
"Eight-Toothed_Spruce_Bark_Beetle",3.49828,47.40221
"Eight-Toothed_Spruce_Bark_Beetle",2.21611,47.2721
"Eight-Toothed_Spruce_Bark_Beetle",2.77091,43.65524
"Eight-Toothed_Spruce_Bark_Beetle",1.24913,43.11958
"Eight-Toothed_Spruce_Bark_Beetle",2.03719,45.71046
"Eight-Toothed_Spruce_Bark_Beetle",7.32994,49.02006
"Eight-Toothed_Spruce_Bark_Beetle",5.89861,46.94925
"Eight-Toothed_Spruce_Bark_Beetle",4.15291,49.92601
"Eight-Toothed_Spruce_Bark_Beetle",2.10986,50.13478
"Eight-Toothed_Spruce_Bark_Beetle",2.99917,45.72292
"Eight-Toothed_Spruce_Bark_Beetle",4.85076,49.34958
"Eight-Toothed_Spruce_Bark_Beetle",5.06855,49.40748
"Eight-Toothed_Spruce_Bark_Beetle",3.82229,47.34736
"Eight-Toothed_Spruce_Bark_Beetle",3.04204,44.31842
"Eight-Toothed_Spruce_Bark_Beetle",2.2524,45.56509
"Eight-Toothed_Spruce_Bark_Beetle",5.57465,45.79157
"Eight-Toothed_Spruce_Bark_Beetle",6.06707,49.44628
"Eight-Toothed_Spruce_Bark_Beetle",6.17288,44.32516
"Eight-Toothed_Spruce_Bark_Beetle",4.35038,46.16218
"Eight-Toothed_Spruce_Bark_Beetle",5.47441,46.99396
"Eight-Toothed_Spruce_Bark_Beetle",4.27919,48.1093
"Eight-Toothed_Spruce_Bark_Beetle",3.46374,45.60017
"Eight-Toothed_Spruce_Bark_Beetle",4.89167,49.37205
"Eight-Toothed_Spruce_Bark_Beetle",2.68844,43.69741
"Eight-Toothed_Spruce_Bark_Beetle",2.68987,43.5431
"Eight-Toothed_Spruce_Bark_Beetle",2.03719,45.71046
"Eight-Toothed_Spruce_Bark_Beetle",2.99917,45.72292
"Eight-Toothed_Spruce_Bark_Beetle",4.02126,46.95631
"Eight-Toothed_Spruce_Bark_Beetle",5.46804,49.29343
"Eight-Toothed_Spruce_Bark_Beetle",1.71979,45.60252
"Eight-Toothed_Spruce_Bark_Beetle",4.83348,47.20007
"Eight-Toothed_Spruce_Bark_Beetle",4.64764,47.52907
"Eight-Toothed_Spruce_Bark_Beetle",3.31269,47.94951
"Eight-Toothed_Spruce_Bark_Beetle",5.83266,49.46951
"Eight-Toothed_Spruce_Bark_Beetle",4.58136,47.59768
"Eight-Toothed_Spruce_Bark_Beetle",4.34991,47.65743
"Eight-Toothed_Spruce_Bark_Beetle",6.03769,45.35964
"Eight-Toothed_Spruce_Bark_Beetle",4.33926,47.58322
"Eight-Toothed_Spruce_Bark_Beetle",1.08779,48.01005
"Eight-Toothed_Spruce_Bark_Beetle",2.21611,47.2721
"Eight-Toothed_Spruce_Bark_Beetle",6.1369,45.47164
"Eight-Toothed_Spruce_Bark_Beetle",7.25165,47.5888
"Eight-Toothed_Spruce_Bark_Beetle",2.6039,45.40417
"Eight-Toothed_Spruce_Bark_Beetle",2.28201,45.47462
"Eight-Toothed_Spruce_Bark_Beetle",0.12788,48.77664
"Eight-Toothed_Spruce_Bark_Beetle",3.03853,48.7134
"Eight-Toothed_Spruce_Bark_Beetle",6.10584,49.29831
"Eight-Toothed_Spruce_Bark_Beetle",6.36185,49.23077
"Eight-Toothed_Spruce_Bark_Beetle",1.3653,45.99452
"Eight-Toothed_Spruce_Bark_Beetle",4.42231,45.23491
"Eight-Toothed_Spruce_Bark_Beetle",3.73044,49.53868
"Eight-Toothed_Spruce_Bark_Beetle",5.49019,49.16111
"Eight-Toothed_Spruce_Bark_Beetle",1.90137,45.83796
"Eight-Toothed_Spruce_Bark_Beetle",2.23165,45.49427
"Eight-Toothed_Spruce_Bark_Beetle",3.31999,46.89909
"Eight-Toothed_Spruce_Bark_Beetle",1.50436,42.88341
"Eight-Toothed_Spruce_Bark_Beetle",3.11103,49.86484
"Eight-Toothed_Spruce_Bark_Beetle",4.40439,49.70321
"Eight-Toothed_Spruce_Bark_Beetle",6.00586,46.91517
"Eight-Toothed_Spruce_Bark_Beetle",3.63624,46.77469
"Eight-Toothed_Spruce_Bark_Beetle",6.62888,47.07865
"Eight-Toothed_Spruce_Bark_Beetle",4.27919,48.1093
"Eight-Toothed_Spruce_Bark_Beetle",2.31737,45.4935
"Eight-Toothed_Spruce_Bark_Beetle",5.46162,46.96781
"Eight-Toothed_Spruce_Bark_Beetle",5.60973,48.08534
"Eight-Toothed_Spruce_Bark_Beetle",6.24018,48.25068
"Eight-Toothed_Spruce_Bark_Beetle",5.1398,48.09788
"Eight-Toothed_Spruce_Bark_Beetle",6.41177,47.89824
"Eight-Toothed_Spruce_Bark_Beetle",0.91947,49.32368
"Eight-Toothed_Spruce_Bark_Beetle",3.45723,49.05732
"Eight-Toothed_Spruce_Bark_Beetle",2.46442,44.87611
"Eight-Toothed_Spruce_Bark_Beetle",3.68382,46.77077
"Eight-Toothed_Spruce_Bark_Beetle",1.57522,49.68968
"Eight-Toothed_Spruce_Bark_Beetle",4.36886,47.9872
"Eight-Toothed_Spruce_Bark_Beetle",3.33203,47.11796
"Eight-Toothed_Spruce_Bark_Beetle",3.99034,47.42948
"Eight-Toothed_Spruce_Bark_Beetle",5.54369,48.29048
"Eight-Toothed_Spruce_Bark_Beetle",2.47871,45.68489
"Eight-Toothed_Spruce_Bark_Beetle",0.8055,49.56406
"Eight-Toothed_Spruce_Bark_Beetle",4.2585,45.35679
"Eight-Toothed_Spruce_Bark_Beetle",2.41079,47.24918
"Eight-Toothed_Spruce_Bark_Beetle",5.42219,46.45792
"Eight-Toothed_Spruce_Bark_Beetle",4.88791,49.27463
"Eight-Toothed_Spruce_Bark_Beetle",4.52475,45.40545
"Eight-Toothed_Spruce_Bark_Beetle",5.99129,45.25898
"Eight-Toothed_Spruce_Bark_Beetle",1.45398,49.71131
"Eight-Toothed_Spruce_Bark_Beetle",5.56189,45.26042
"Eight-Toothed_Spruce_Bark_Beetle",2.95689,48.21649
"Eight-Toothed_Spruce_Bark_Beetle",4.53679,46.18924
"Eight-Toothed_Spruce_Bark_Beetle",4.15632,47.27318
"Eight-Toothed_Spruce_Bark_Beetle",3.31999,46.89909
"Eight-Toothed_Spruce_Bark_Beetle",3.04904,49.93829
"Eight-Toothed_Spruce_Bark_Beetle",-0.27147,48.0967
"Eight-Toothed_Spruce_Bark_Beetle",6.17021,45.40997
"Eight-Toothed_Spruce_Bark_Beetle",4.94272,49.087
"Eight-Toothed_Spruce_Bark_Beetle",3.2298,46.78794
"Eight-Toothed_Spruce_Bark_Beetle",5.66005,47.90901
"Eight-Toothed_Spruce_Bark_Beetle",3.71963,47.12413
"Eight-Toothed_Spruce_Bark_Beetle",6.69848,48.03145
"Eight-Toothed_Spruce_Bark_Beetle",1.87122,47.46237
"Eight-Toothed_Spruce_Bark_Beetle",2.70743,45.54418
"Eight-Toothed_Spruce_Bark_Beetle",2.31247,48.01465
"Eight-Toothed_Spruce_Bark_Beetle",4.70125,47.60887
"Eight-Toothed_Spruce_Bark_Beetle",5.5182,49.42108
"Eight-Toothed_Spruce_Bark_Beetle",-0.36632,48.57391
"Eight-Toothed_Spruce_Bark_Beetle",3.6904,45.18893
"Eight-Toothed_Spruce_Bark_Beetle",2.03719,45.71046
"Eight-Toothed_Spruce_Bark_Beetle",6.44106,47.52804
"Eight-Toothed_Spruce_Bark_Beetle",3.68382,46.77077
"Eight-Toothed_Spruce_Bark_Beetle",3.59942,47.58254
"Eight-Toothed_Spruce_Bark_Beetle",2.53112,43.65855
"Eight-Toothed_Spruce_Bark_Beetle",3.75304,45.26467
"Eight-Toothed_Spruce_Bark_Beetle",1.53025,46.39377
"Eight-Toothed_Spruce_Bark_Beetle",4.94272,49.087
"Eight-Toothed_Spruce_Bark_Beetle",0.02367,43.00044
"Eight-Toothed_Spruce_Bark_Beetle",5.40971,49.26179
"Eight-Toothed_Spruce_Bark_Beetle",-2.39622,48.19366
"Eight-Toothed_Spruce_Bark_Beetle",6.67554,47.7612
"Eight-Toothed_Spruce_Bark_Beetle",3.69376,45.27185
"Eight-Toothed_Spruce_Bark_Beetle",3.02437,49.97099
"Eight-Toothed_Spruce_Bark_Beetle",1.87811,49.72889
"Eight-Toothed_Spruce_Bark_Beetle",6.30745,45.78395
"Eight-Toothed_Spruce_Bark_Beetle",5.74186,47.94417
"Eight-Toothed_Spruce_Bark_Beetle",5.53942,46.25645
"Eight-Toothed_Spruce_Bark_Beetle",2.76948,50.68687
"Eight-Toothed_Spruce_Bark_Beetle",3.45203,44.17169
"Eight-Toothed_Spruce_Bark_Beetle",2.57595,44.95234
"Eight-Toothed_Spruce_Bark_Beetle",4.51512,45.37449
"Eight-Toothed_Spruce_Bark_Beetle",3.26814,49.59112
"Eight-Toothed_Spruce_Bark_Beetle",7.02083,47.76219
"Eight-Toothed_Spruce_Bark_Beetle",6.9631,47.95079
"Eight-Toothed_Spruce_Bark_Beetle",6.49134,49.04726
"Eight-Toothed_Spruce_Bark_Beetle",4.55965,46.23488
"Eight-Toothed_Spruce_Bark_Beetle",4.63128,49.89701
"Eight-Toothed_Spruce_Bark_Beetle",3.89585,49.3812
"Eight-Toothed_Spruce_Bark_Beetle",4.90324,49.06198
"Eight-Toothed_Spruce_Bark_Beetle",4.94929,49.13892
"Eight-Toothed_Spruce_Bark_Beetle",4.43898,48.01175
"Eight-Toothed_Spruce_Bark_Beetle",7.37555,48.46673
"Eight-Toothed_Spruce_Bark_Beetle",6.87762,48.73009
"Eight-Toothed_Spruce_Bark_Beetle",2.27916,43.39049
"Eight-Toothed_Spruce_Bark_Beetle",5.14025,49.03127
"Eight-Toothed_Spruce_Bark_Beetle",3.61655,49.00794
"Eight-Toothed_Spruce_Bark_Beetle",3.45203,44.17169
"Eight-Toothed_Spruce_Bark_Beetle",1.42549,46.0307
"Eight-Toothed_Spruce_Bark_Beetle",4.88791,49.27463
"Eight-Toothed_Spruce_Bark_Beetle",1.9325,45.37289
"Eight-Toothed_Spruce_Bark_Beetle",-0.07698,43.1076
"Eight-Toothed_Spruce_Bark_Beetle",5.47441,46.99396
"Eight-Toothed_Spruce_Bark_Beetle",3.12193,47.87238
"Eight-Toothed_Spruce_Bark_Beetle",6.68332,48.63716
"Eight-Toothed_Spruce_Bark_Beetle",6.11213,46.95966
"Eight-Toothed_Spruce_Bark_Beetle",3.82997,45.17366
"Eight-Toothed_Spruce_Bark_Beetle",6.26188,48.2133
"Eight-Toothed_Spruce_Bark_Beetle",2.84375,44.29102
"Eight-Toothed_Spruce_Bark_Beetle",3.23914,47.93599
"Eight-Toothed_Spruce_Bark_Beetle",7.45977,49.04752
"Eight-Toothed_Spruce_Bark_Beetle",4.1013,47.74397
"Eight-Toothed_Spruce_Bark_Beetle",6.61837,48.27333
"Eight-Toothed_Spruce_Bark_Beetle",6.74139,47.89581
"Eight-Toothed_Spruce_Bark_Beetle",6.84523,47.43411
"Eight-Toothed_Spruce_Bark_Beetle",4.45608,48.13703
"Eight-Toothed_Spruce_Bark_Beetle",3.15124,44.74706
"Eight-Toothed_Spruce_Bark_Beetle",6.03688,49.25421
"Eight-Toothed_Spruce_Bark_Beetle",2.03404,47.77204
"Eight-Toothed_Spruce_Bark_Beetle",5.33743,49.4376
"Eight-Toothed_Spruce_Bark_Beetle",2.99336,48.85906
"Eight-Toothed_Spruce_Bark_Beetle",6.72392,48.01853
"Eight-Toothed_Spruce_Bark_Beetle",4.71704,49.77501
"Eight-Toothed_Spruce_Bark_Beetle",3.81069,47.48929
"Eight-Toothed_Spruce_Bark_Beetle",-0.49849,48.24548
"Eight-Toothed_Spruce_Bark_Beetle",7.45977,49.04752
"Eight-Toothed_Spruce_Bark_Beetle",2.86055,43.69352
"Eight-Toothed_Spruce_Bark_Beetle",2.11352,45.42393
"Eight-Toothed_Spruce_Bark_Beetle",6.46503,45.70785
"Eight-Toothed_Spruce_Bark_Beetle",0.18677,49.3508
"Eight-Toothed_Spruce_Bark_Beetle",2.77091,43.65524
"Eight-Toothed_Spruce_Bark_Beetle",5.83403,46.5681
"Eight-Toothed_Spruce_Bark_Beetle",4.0927,46.91902
"Eight-Toothed_Spruce_Bark_Beetle",6.05516,49.29556
"Eight-Toothed_Spruce_Bark_Beetle",2.79305,44.24941
"Eight-Toothed_Spruce_Bark_Beetle",2.89026,43.62552
"Eight-Toothed_Spruce_Bark_Beetle",3.94132,47.34541
"Eight-Toothed_Spruce_Bark_Beetle",5.23925,48.08966
"Eight-Toothed_Spruce_Bark_Beetle",3.62115,49.56789
"Eight-Toothed_Spruce_Bark_Beetle",6.87349,47.23802
"Eight-Toothed_Spruce_Bark_Beetle",5.64701,49.25711
"Eight-Toothed_Spruce_Bark_Beetle",2.57752,49.11224
"Eight-Toothed_Spruce_Bark_Beetle",3.02437,49.97099
"Eight-Toothed_Spruce_Bark_Beetle",4.1303,47.16953
"Eight-Toothed_Spruce_Bark_Beetle",1.93121,45.41212
"Eight-Toothed_Spruce_Bark_Beetle",7.08764,48.3785
"Eight-Toothed_Spruce_Bark_Beetle",2.30204,49.83666
"Eight-Toothed_Spruce_Bark_Beetle",1.78413,42.79852
"Eight-Toothed_Spruce_Bark_Beetle",6.00586,46.91517
"Eight-Toothed_Spruce_Bark_Beetle",6.28648,49.38788
"Eight-Toothed_Spruce_Bark_Beetle",6.67251,47.8688
"Eight-Toothed_Spruce_Bark_Beetle",6.94195,47.83422
"Eight-Toothed_Spruce_Bark_Beetle",3.63072,45.14186
"Eight-Toothed_Spruce_Bark_Beetle",6.73543,47.72349
"Eight-Toothed_Spruce_Bark_Beetle",7.29115,48.76323
"Eight-Toothed_Spruce_Bark_Beetle",1.2357,49.71787
"Eight-Toothed_Spruce_Bark_Beetle",4.30515,47.82901
"Eight-Toothed_Spruce_Bark_Beetle",-0.11287,48.24402
"Eight-Toothed_Spruce_Bark_Beetle",4.80802,49.89933
"Eight-Toothed_Spruce_Bark_Beetle",4.89016,49.73775
"Eight-Toothed_Spruce_Bark_Beetle",1.8866,46.10819
"Eight-Toothed_Spruce_Bark_Beetle",3.7599,45.18326
"Eight-Toothed_Spruce_Bark_Beetle",7.11294,48.58477
"Eight-Toothed_Spruce_Bark_Beetle",3.30154,46.77533
"Eight-Toothed_Spruce_Bark_Beetle",6.47669,49.33155
"Eight-Toothed_Spruce_Bark_Beetle",5.62691,46.96729
"Eight-Toothed_Spruce_Bark_Beetle",0.12788,48.77664
"Eight-Toothed_Spruce_Bark_Beetle",5.75779,46.54018
"Eight-Toothed_Spruce_Bark_Beetle",1.20348,49.38104
"Eight-Toothed_Spruce_Bark_Beetle",6.94195,47.83422
"Eight-Toothed_Spruce_Bark_Beetle",6.73581,47.35095
"Eight-Toothed_Spruce_Bark_Beetle",3.82229,47.34736
"Eight-Toothed_Spruce_Bark_Beetle",5.73525,45.38017
"Eight-Toothed_Spruce_Bark_Beetle",6.42869,47.55928
"Eight-Toothed_Spruce_Bark_Beetle",6.03769,45.35964
"Eight-Toothed_Spruce_Bark_Beetle",2.60828,43.62066
"Eight-Toothed_Spruce_Bark_Beetle",2.03719,45.71046
"Eight-Toothed_Spruce_Bark_Beetle",2.37439,43.39372
"Eight-Toothed_Spruce_Bark_Beetle",1.79614,45.46721
"Eight-Toothed_Spruce_Bark_Beetle",3.78499,45.85485
"Eight-Toothed_Spruce_Bark_Beetle",6.03769,45.35964
"Eight-Toothed_Spruce_Bark_Beetle",3.65164,48.04195
"Eight-Toothed_Spruce_Bark_Beetle",5.36905,49.27649
"Eight-Toothed_Spruce_Bark_Beetle",5.95434,48.20087
"Eight-Toothed_Spruce_Bark_Beetle",1.80103,45.55255
"Eight-Toothed_Spruce_Bark_Beetle",6.7352,47.62073
"Eight-Toothed_Spruce_Bark_Beetle",1.76311,45.27309
"Eight-Toothed_Spruce_Bark_Beetle",-0.07698,43.1076
"Eight-Toothed_Spruce_Bark_Beetle",1.19726,49.73927
"Eight-Toothed_Spruce_Bark_Beetle",3.38524,45.03928
"Eight-Toothed_Spruce_Bark_Beetle",4.92445,48.98265
"Eight-Toothed_Spruce_Bark_Beetle",2.68844,43.69741
"Eight-Toothed_Spruce_Bark_Beetle",5.34258,45.52961
"Eight-Toothed_Spruce_Bark_Beetle",6.14604,46.85185
"Eight-Toothed_Spruce_Bark_Beetle",1.37672,42.87577
"Eight-Toothed_Spruce_Bark_Beetle",4.80866,48.47611
"Eight-Toothed_Spruce_Bark_Beetle",4.0927,46.91902
"Eight-Toothed_Spruce_Bark_Beetle",7.83045,48.842
"Eight-Toothed_Spruce_Bark_Beetle",7.31189,48.51256
"Eight-Toothed_Spruce_Bark_Beetle",6.13483,45.4862
"Eight-Toothed_Spruce_Bark_Beetle",4.92481,49.19616
"Eight-Toothed_Spruce_Bark_Beetle",4.00345,47.35789
"Eight-Toothed_Spruce_Bark_Beetle",7.2467,48.31663
"Eight-Toothed_Spruce_Bark_Beetle",5.83403,46.5681
"Eight-Toothed_Spruce_Bark_Beetle",2.2524,43.44002
"Eight-Toothed_Spruce_Bark_Beetle",2.14622,45.87882
"Eight-Toothed_Spruce_Bark_Beetle",3.94081,47.05603
"Eight-Toothed_Spruce_Bark_Beetle",6.94195,47.83422
"Eight-Toothed_Spruce_Bark_Beetle",6.82207,47.78027
"Eight-Toothed_Spruce_Bark_Beetle",0.22827,48.43688
"Eight-Toothed_Spruce_Bark_Beetle",-1.46268,48.44007
"Eight-Toothed_Spruce_Bark_Beetle",3.36006,47.06264
"Eight-Toothed_Spruce_Bark_Beetle",2.68723,43.60195
"Eight-Toothed_Spruce_Bark_Beetle",1.36005,46.78811
"Eight-Toothed_Spruce_Bark_Beetle",6.86953,45.27694
"Eight-Toothed_Spruce_Bark_Beetle",2.18064,45.66942
"Eight-Toothed_Spruce_Bark_Beetle",0.29305,48.42795
"Eight-Toothed_Spruce_Bark_Beetle",5.58726,46.76938
"Eight-Toothed_Spruce_Bark_Beetle",4.63128,49.89701
"Eight-Toothed_Spruce_Bark_Beetle",2.86055,43.69352
"Eight-Toothed_Spruce_Bark_Beetle",4.62173,47.99376
"Eight-Toothed_Spruce_Bark_Beetle",5.93455,47.99773
"Eight-Toothed_Spruce_Bark_Beetle",1.21468,47.53325
"Eight-Toothed_Spruce_Bark_Beetle",-1.83088,47.62777
"Eight-Toothed_Spruce_Bark_Beetle",5.14356,48.14206
"Eight-Toothed_Spruce_Bark_Beetle",6.941,47.78709
"Eight-Toothed_Spruce_Bark_Beetle",4.85076,49.34958
"Eight-Toothed_Spruce_Bark_Beetle",1.78235,45.80828
"Eight-Toothed_Spruce_Bark_Beetle",5.54369,48.29048
"Eight-Toothed_Spruce_Bark_Beetle",5.96014,45.21043
"Eight-Toothed_Spruce_Bark_Beetle",6.80087,45.89702
"Eight-Toothed_Spruce_Bark_Beetle",2.40221,43.39331
"Eight-Toothed_Spruce_Bark_Beetle",2.43851,43.4117
"Eight-Toothed_Spruce_Bark_Beetle",3.45506,47.15138
"Eight-Toothed_Spruce_Bark_Beetle",6.51745,47.81088
"Eight-Toothed_Spruce_Bark_Beetle",3.74954,44.51364
"Eight-Toothed_Spruce_Bark_Beetle",5.95785,49.45846
"Eight-Toothed_Spruce_Bark_Beetle",6.54228,47.67752
"Eight-Toothed_Spruce_Bark_Beetle",7.02083,47.76219
"Eight-Toothed_Spruce_Bark_Beetle",4.09631,50.23409
"Eight-Toothed_Spruce_Bark_Beetle",6.46394,48.22191
"Eight-Toothed_Spruce_Bark_Beetle",2.44989,45.43142
"Eight-Toothed_Spruce_Bark_Beetle",5.38464,48.95515
"Eight-Toothed_Spruce_Bark_Beetle",5.64167,45.71279
"Eight-Toothed_Spruce_Bark_Beetle",5.95434,48.20087
"Eight-Toothed_Spruce_Bark_Beetle",4.35038,46.16218
"Eight-Toothed_Spruce_Bark_Beetle",2.64204,43.75789
"Eight-Toothed_Spruce_Bark_Beetle",2.57752,49.11224
"Eight-Toothed_Spruce_Bark_Beetle",5.6833,49.53616
"Eight-Toothed_Spruce_Bark_Beetle",7.08764,48.3785
"Eight-Toothed_Spruce_Bark_Beetle",1.72533,46.41691
"Eight-Toothed_Spruce_Bark_Beetle",-0.01355,48.37367
"Eight-Toothed_Spruce_Bark_Beetle",6.04624,46.3473
"Eight-Toothed_Spruce_Bark_Beetle",6.49791,45.35578
"Eight-Toothed_Spruce_Bark_Beetle",6.50514,47.9424
"Eight-Toothed_Spruce_Bark_Beetle",5.40971,49.26179
"Eight-Toothed_Spruce_Bark_Beetle",6.58111,47.711
"Eight-Toothed_Spruce_Bark_Beetle",5.92999,45.40665
"Eight-Toothed_Spruce_Bark_Beetle",2.37439,43.39372
"Eight-Toothed_Spruce_Bark_Beetle",4.20728,48.04578
"Eight-Toothed_Spruce_Bark_Beetle",5.40971,49.26179
"Eight-Toothed_Spruce_Bark_Beetle",7.76847,49.01244
"Eight-Toothed_Spruce_Bark_Beetle",3.73427,48.06561
"Eight-Toothed_Spruce_Bark_Beetle",3.31999,46.89909
"Eight-Toothed_Spruce_Bark_Beetle",1.89683,45.90779
"Eight-Toothed_Spruce_Bark_Beetle",1.86176,48.23808
"Eight-Toothed_Spruce_Bark_Beetle",4.84614,49.20855
"Eight-Toothed_Spruce_Bark_Beetle",5.1398,48.09788
"Eight-Toothed_Spruce_Bark_Beetle",5.60458,47.7501
"Eight-Toothed_Spruce_Bark_Beetle",5.67272,47.6507
"Eight-Toothed_Spruce_Bark_Beetle",4.36886,47.9872
"Eight-Toothed_Spruce_Bark_Beetle",6.69848,48.03145
"Eight-Toothed_Spruce_Bark_Beetle",2.57494,45.03431
"Eight-Toothed_Spruce_Bark_Beetle",7.63969,48.96379
"Eight-Toothed_Spruce_Bark_Beetle",3.60473,49.25568
"Eight-Toothed_Spruce_Bark_Beetle",6.66361,47.93287
"Eight-Toothed_Spruce_Bark_Beetle",5.66235,49.16655
"Eight-Toothed_Spruce_Bark_Beetle",6.24854,47.91194
"Eight-Toothed_Spruce_Bark_Beetle",6.28525,45.50802
"Eight-Toothed_Spruce_Bark_Beetle",3.18801,47.1427
"Eight-Toothed_Spruce_Bark_Beetle",4.88791,49.27463
"Eight-Toothed_Spruce_Bark_Beetle",6.03531,45.90353
"Eight-Toothed_Spruce_Bark_Beetle",6.57746,47.89945
"Eight-Toothed_Spruce_Bark_Beetle",5.06984,48.74366
"Eight-Toothed_Spruce_Bark_Beetle",1.89862,42.87267
"Eight-Toothed_Spruce_Bark_Beetle",2.3578,43.39865
"Eight-Toothed_Spruce_Bark_Beetle",4.55965,46.23488
"Eight-Toothed_Spruce_Bark_Beetle",2.21728,46.2914
"Eight-Toothed_Spruce_Bark_Beetle",2.40221,43.39331
"Eight-Toothed_Spruce_Bark_Beetle",5.51331,47.63225
"Eight-Toothed_Spruce_Bark_Beetle",3.1136,47.38003
"Eight-Toothed_Spruce_Bark_Beetle",3.37669,44.74479
"Eight-Toothed_Spruce_Bark_Beetle",6.28972,48.21049
"Eight-Toothed_Spruce_Bark_Beetle",3.62347,45.11593
"Eight-Toothed_Spruce_Bark_Beetle",3.9678,49.39374
"Eight-Toothed_Spruce_Bark_Beetle",6.14989,45.82256
"Eight-Toothed_Spruce_Bark_Beetle",2.87539,48.49563
"Eight-Toothed_Spruce_Bark_Beetle",3.60582,50.46738
"Eight-Toothed_Spruce_Bark_Beetle",3.41005,48.00902
"Eight-Toothed_Spruce_Bark_Beetle",4.14097,46.96893
"Eight-Toothed_Spruce_Bark_Beetle",4.0608,46.97177
"Eight-Toothed_Spruce_Bark_Beetle",2.68844,43.69741
"Eight-Toothed_Spruce_Bark_Beetle",3.03433,46.07766
"Eight-Toothed_Spruce_Bark_Beetle",0.87586,49.23845
"Eight-Toothed_Spruce_Bark_Beetle",4.07743,50.10455
"Eight-Toothed_Spruce_Bark_Beetle",-0.11287,48.24402
"Eight-Toothed_Spruce_Bark_Beetle",4.00394,45.13118
"Eight-Toothed_Spruce_Bark_Beetle",0.38183,49.33748
"Eight-Toothed_Spruce_Bark_Beetle",3.38524,45.03928
"Eight-Toothed_Spruce_Bark_Beetle",6.31918,45.88503
"Eight-Toothed_Spruce_Bark_Beetle",3.82997,45.17366
"Eight-Toothed_Spruce_Bark_Beetle",1.019,48.55958
"Eight-Toothed_Spruce_Bark_Beetle",4.76332,47.39101
"Eight-Toothed_Spruce_Bark_Beetle",5.26156,49.13903
"Eight-Toothed_Spruce_Bark_Beetle",1.7913,47.68298
"Eight-Toothed_Spruce_Bark_Beetle",5.55281,47.03043
"Eight-Toothed_Spruce_Bark_Beetle",6.58111,47.711
"Eight-Toothed_Spruce_Bark_Beetle",7.11768,48.7103
"Eight-Toothed_Spruce_Bark_Beetle",6.16899,45.44201
"Eight-Toothed_Spruce_Bark_Beetle",3.41005,48.00902
"Eight-Toothed_Spruce_Bark_Beetle",5.83393,47.50791
"Eight-Toothed_Spruce_Bark_Beetle",5.19499,48.20793
"Eight-Toothed_Spruce_Bark_Beetle",2.68723,43.60195
"Eight-Toothed_Spruce_Bark_Beetle",2.79706,43.59266
"Eight-Toothed_Spruce_Bark_Beetle",5.47625,46.16192
"Eight-Toothed_Spruce_Bark_Beetle",4.63128,49.89701
"Eight-Toothed_Spruce_Bark_Beetle",1.5984,49.99171
"Eight-Toothed_Spruce_Bark_Beetle",3.7435,49.58715
"Eight-Toothed_Spruce_Bark_Beetle",2.53112,43.65855
"Eight-Toothed_Spruce_Bark_Beetle",6.28762,45.38962
"Eight-Toothed_Spruce_Bark_Beetle",2.3578,43.39865
"Eight-Toothed_Spruce_Bark_Beetle",4.10463,47.0214
"Eight-Toothed_Spruce_Bark_Beetle",2.19475,49.83054
"Eight-Toothed_Spruce_Bark_Beetle",5.92879,47.65203
"Eight-Toothed_Spruce_Bark_Beetle",3.67873,45.51543
"Eight-Toothed_Spruce_Bark_Beetle",5.60973,48.08534
"Eight-Toothed_Spruce_Bark_Beetle",6.1369,45.47164
"Eight-Toothed_Spruce_Bark_Beetle",4.53679,46.18924
"Eight-Toothed_Spruce_Bark_Beetle",4.12425,47.37222
"Eight-Toothed_Spruce_Bark_Beetle",2.31013,43.42217
"Eight-Toothed_Spruce_Bark_Beetle",-0.59671,47.80679
"Eight-Toothed_Spruce_Bark_Beetle",5.56189,45.26042
"Eight-Toothed_Spruce_Bark_Beetle",6.12912,45.68108
"Eight-Toothed_Spruce_Bark_Beetle",6.40608,49.19513
"Eight-Toothed_Spruce_Bark_Beetle",2.72142,44.39563
"Eight-Toothed_Spruce_Bark_Beetle",3.88707,47.06844
"Eight-Toothed_Spruce_Bark_Beetle",5.55368,46.9792
"Eight-Toothed_Spruce_Bark_Beetle",4.44609,49.64688
"Eight-Toothed_Spruce_Bark_Beetle",6.16899,45.44201
"Eight-Toothed_Spruce_Bark_Beetle",4.54781,45.33612
"Eight-Toothed_Spruce_Bark_Beetle",4.02626,47.14256
"Eight-Toothed_Spruce_Bark_Beetle",4.45731,46.98729
"Eight-Toothed_Spruce_Bark_Beetle",1.17548,49.54695
"Eight-Toothed_Spruce_Bark_Beetle",3.78259,45.30676
"Eight-Toothed_Spruce_Bark_Beetle",6.37127,49.31881
"Eight-Toothed_Spruce_Bark_Beetle",6.32819,47.80004
"Eight-Toothed_Spruce_Bark_Beetle",6.80328,47.61073
"Eight-Toothed_Spruce_Bark_Beetle",3.85586,47.39862
"Eight-Toothed_Spruce_Bark_Beetle",6.4868,47.62387
"Eight-Toothed_Spruce_Bark_Beetle",6.80699,48.13132
"Eight-Toothed_Spruce_Bark_Beetle",5.39701,48.20768
"Eight-Toothed_Spruce_Bark_Beetle",2.27916,43.39049
"Eight-Toothed_Spruce_Bark_Beetle",-0.14393,42.96723
"Eight-Toothed_Spruce_Bark_Beetle",6.03769,45.35964
"Eight-Toothed_Spruce_Bark_Beetle",6.11213,46.95966
"Eight-Toothed_Spruce_Bark_Beetle",2.66279,45.01834
"Eight-Toothed_Spruce_Bark_Beetle",5.88571,45.33409
"Eight-Toothed_Spruce_Bark_Beetle",2.49904,45.70705
"Eight-Toothed_Spruce_Bark_Beetle",2.72142,44.39563
"Eight-Toothed_Spruce_Bark_Beetle",6.71217,49.12828
"Eight-Toothed_Spruce_Bark_Beetle",3.78696,47.6683
"Eight-Toothed_Spruce_Bark_Beetle",1.98509,46.03537
"Eight-Toothed_Spruce_Bark_Beetle",5.50092,47.07549
"Eight-Toothed_Spruce_Bark_Beetle",5.12223,48.43331
"Eight-Toothed_Spruce_Bark_Beetle",-0.18196,42.99345
"Eight-Toothed_Spruce_Bark_Beetle",7.88462,48.99566
"Eight-Toothed_Spruce_Bark_Beetle",4.64197,48.25465
"Eight-Toothed_Spruce_Bark_Beetle",6.14989,45.82256
"Eight-Toothed_Spruce_Bark_Beetle",2.94607,43.71876
"Eight-Toothed_Spruce_Bark_Beetle",4.21176,45.10402
"Eight-Toothed_Spruce_Bark_Beetle",5.67272,47.6507
"Eight-Toothed_Spruce_Bark_Beetle",6.34785,45.76144
"Eight-Toothed_Spruce_Bark_Beetle",6.31918,45.88503
"Eight-Toothed_Spruce_Bark_Beetle",6.02784,49.22117
"Eight-Toothed_Spruce_Bark_Beetle",1.89026,46.75565
"Eight-Toothed_Spruce_Bark_Beetle",5.50092,47.07549
"Eight-Toothed_Spruce_Bark_Beetle",4.79201,49.60358
"Eight-Toothed_Spruce_Bark_Beetle",3.6691,46.5874
"Eight-Toothed_Spruce_Bark_Beetle",0.90349,46.23012
"Eight-Toothed_Spruce_Bark_Beetle",7.33712,48.90046
"Eight-Toothed_Spruce_Bark_Beetle",2.12276,49.80626
"Eight-Toothed_Spruce_Bark_Beetle",1.99849,49.40715
"Eight-Toothed_Spruce_Bark_Beetle",1.88029,45.45506
"Eight-Toothed_Spruce_Bark_Beetle",2.94466,49.42869
"Eight-Toothed_Spruce_Bark_Beetle",5.40971,49.26179
"Eight-Toothed_Spruce_Bark_Beetle",6.70216,47.8213
"Eight-Toothed_Spruce_Bark_Beetle",5.6833,49.53616
"Eight-Toothed_Spruce_Bark_Beetle",2.31013,43.42217
"Eight-Toothed_Spruce_Bark_Beetle",4.42615,47.33162
"Eight-Toothed_Spruce_Bark_Beetle",4.19026,49.82532
"Eight-Toothed_Spruce_Bark_Beetle",2.31013,43.42217
"Eight-Toothed_Spruce_Bark_Beetle",6.41496,48.38458
"Eight-Toothed_Spruce_Bark_Beetle",4.83191,49.26594
"Eight-Toothed_Spruce_Bark_Beetle",6.67554,47.7612
"Eight-Toothed_Spruce_Bark_Beetle",4.85076,49.34958
"Eight-Toothed_Spruce_Bark_Beetle",6.61837,48.27333
"Eight-Toothed_Spruce_Bark_Beetle",5.38193,49.13191
"Eight-Toothed_Spruce_Bark_Beetle",6.51411,48.05638
"Eight-Toothed_Spruce_Bark_Beetle",6.73581,47.35095
"Eight-Toothed_Spruce_Bark_Beetle",6.29392,45.31921
"Eight-Toothed_Spruce_Bark_Beetle",6.09489,47.26139
"Eight-Toothed_Spruce_Bark_Beetle",4.85076,49.34958
"Eight-Toothed_Spruce_Bark_Beetle",5.92999,45.40665
"Eight-Toothed_Spruce_Bark_Beetle",6.66753,47.36918
"Eight-Toothed_Spruce_Bark_Beetle",5.22244,45.47703
"Eight-Toothed_Spruce_Bark_Beetle",2.72142,44.39563
"Eight-Toothed_Spruce_Bark_Beetle",6.0711,47.08201
"Eight-Toothed_Spruce_Bark_Beetle",3.75839,49.84325
"Eight-Toothed_Spruce_Bark_Beetle",4.03313,47.21429
"Eight-Toothed_Spruce_Bark_Beetle",5.46804,49.29343
"Eight-Toothed_Spruce_Bark_Beetle",2.41079,47.24918
"Eight-Toothed_Spruce_Bark_Beetle",2.12694,45.47074
"Eight-Toothed_Spruce_Bark_Beetle",4.92481,49.19616
"Eight-Toothed_Spruce_Bark_Beetle",5.51331,47.63225
"Eight-Toothed_Spruce_Bark_Beetle",5.40971,49.26179
"Eight-Toothed_Spruce_Bark_Beetle",4.8353,49.41955
"Eight-Toothed_Spruce_Bark_Beetle",6.98931,47.77755
"Eight-Toothed_Spruce_Bark_Beetle",6.70737,47.51926
"Eight-Toothed_Spruce_Bark_Beetle",6.59856,48.24853
"Eight-Toothed_Spruce_Bark_Beetle",2.41915,50.20096
"Eight-Toothed_Spruce_Bark_Beetle",4.37185,45.36629
"Eight-Toothed_Spruce_Bark_Beetle",5.58505,49.40378
"Eight-Toothed_Spruce_Bark_Beetle",6.73862,48.0876
"Eight-Toothed_Spruce_Bark_Beetle",3.45901,46.61225
"Eight-Toothed_Spruce_Bark_Beetle",3.70332,49.53843
"Eight-Toothed_Spruce_Bark_Beetle",5.36905,49.27649
"Eight-Toothed_Spruce_Bark_Beetle",6.03957,47.93078
"Eight-Toothed_Spruce_Bark_Beetle",2.30474,45.54995
"Eight-Toothed_Spruce_Bark_Beetle",6.8427,48.67831
"Eight-Toothed_Spruce_Bark_Beetle",3.24674,47.34851
"Eight-Toothed_Spruce_Bark_Beetle",2.79706,43.59266
"Eight-Toothed_Spruce_Bark_Beetle",8.10522,48.97168
"Eight-Toothed_Spruce_Bark_Beetle",6.41794,48.34728
"Eight-Toothed_Spruce_Bark_Beetle",2.60967,45.7552
"Eight-Toothed_Spruce_Bark_Beetle",6.58377,47.83194
"Eight-Toothed_Spruce_Bark_Beetle",2.50755,45.29925
"Eight-Toothed_Spruce_Bark_Beetle",7.73427,48.91009
"Eight-Toothed_Spruce_Bark_Beetle",5.90942,46.52864
"Eight-Toothed_Spruce_Bark_Beetle",6.77403,47.78656
"Eight-Toothed_Spruce_Bark_Beetle",2.92518,44.2678
"Eight-Toothed_Spruce_Bark_Beetle",7.41793,49.13217
"Eight-Toothed_Spruce_Bark_Beetle",6.51906,45.72782
"Eight-Toothed_Spruce_Bark_Beetle",2.11764,45.69685
"Eight-Toothed_Spruce_Bark_Beetle",5.24906,45.2481
"Eight-Toothed_Spruce_Bark_Beetle",5.66005,47.90901
"Eight-Toothed_Spruce_Bark_Beetle",7.85051,49.01595
"Eight-Toothed_Spruce_Bark_Beetle",4.20728,48.04578
"Eight-Toothed_Spruce_Bark_Beetle",2.67888,49.34634
"Eight-Toothed_Spruce_Bark_Beetle",6.7352,47.62073
"Eight-Toothed_Spruce_Bark_Beetle",2.45881,45.50691
"Eight-Toothed_Spruce_Bark_Beetle",1.57522,49.68968
"Eight-Toothed_Spruce_Bark_Beetle",7.20783,48.26814
"Eight-Toothed_Spruce_Bark_Beetle",2.99698,45.78725
"Eight-Toothed_Spruce_Bark_Beetle",5.36905,49.27649
"Eight-Toothed_Spruce_Bark_Beetle",4.42231,45.23491
"Eight-Toothed_Spruce_Bark_Beetle",4.13121,45.13938
"Eight-Toothed_Spruce_Bark_Beetle",6.91912,47.60928
"Eight-Toothed_Spruce_Bark_Beetle",5.69059,47.42185
"Eight-Toothed_Spruce_Bark_Beetle",6.34432,48.10173
"Eight-Toothed_Spruce_Bark_Beetle",3.93391,47.26384
"Eight-Toothed_Spruce_Bark_Beetle",4.55628,46.96138
"Eight-Toothed_Spruce_Bark_Beetle",5.49893,45.89023
"Eight-Toothed_Spruce_Bark_Beetle",2.58257,43.55073
"Eight-Toothed_Spruce_Bark_Beetle",3.6904,45.18893
"Eight-Toothed_Spruce_Bark_Beetle",3.74425,45.80564
"Eight-Toothed_Spruce_Bark_Beetle",2.23165,45.49427
"Eight-Toothed_Spruce_Bark_Beetle",3.63588,45.69036
"Eight-Toothed_Spruce_Bark_Beetle",6.62529,48.04608
"Eight-Toothed_Spruce_Bark_Beetle",6.11213,46.95966
"Eight-Toothed_Spruce_Bark_Beetle",5.12907,48.03809
"Eight-Toothed_Spruce_Bark_Beetle",6.46503,45.70785
"Eight-Toothed_Spruce_Bark_Beetle",5.54893,48.59531
"Eight-Toothed_Spruce_Bark_Beetle",3.55283,44.54028
"Eight-Toothed_Spruce_Bark_Beetle",4.02126,46.95631
"Eight-Toothed_Spruce_Bark_Beetle",4.02126,46.95631
"Eight-Toothed_Spruce_Bark_Beetle",4.57895,48.14351
"Eight-Toothed_Spruce_Bark_Beetle",4.94272,49.087
"Eight-Toothed_Spruce_Bark_Beetle",-0.27147,48.0967
"Eight-Toothed_Spruce_Bark_Beetle",-1.32763,47.8285
"Eight-Toothed_Spruce_Bark_Beetle",4.68283,48.26983
"Eight-Toothed_Spruce_Bark_Beetle",5.46804,49.29343
"Eight-Toothed_Spruce_Bark_Beetle",2.68844,43.69741
"Eight-Toothed_Spruce_Bark_Beetle",4.34991,47.65743
"Eight-Toothed_Spruce_Bark_Beetle",3.69442,47.58801
"Eight-Toothed_Spruce_Bark_Beetle",1.29252,45.32265
"Eight-Toothed_Spruce_Bark_Beetle",2.89026,43.62552
"Eight-Toothed_Spruce_Bark_Beetle",1.30613,45.15627
"Eight-Toothed_Spruce_Bark_Beetle",2.6407,45.84081
"Eight-Toothed_Spruce_Bark_Beetle",4.37877,45.43024
"Eight-Toothed_Spruce_Bark_Beetle",7.31189,48.51256
"Eight-Toothed_Spruce_Bark_Beetle",6.03769,45.35964
"Eight-Toothed_Spruce_Bark_Beetle",6.21886,45.53433
"Eight-Toothed_Spruce_Bark_Beetle",-0.13419,47.82992
"Eight-Toothed_Spruce_Bark_Beetle",6.96578,47.8588
"Eight-Toothed_Spruce_Bark_Beetle",4.32241,45.3468
"Eight-Toothed_Spruce_Bark_Beetle",5.02177,46.0734
"Eight-Toothed_Spruce_Bark_Beetle",4.51512,45.37449
"Eight-Toothed_Spruce_Bark_Beetle",3.69245,45.31885
"Eight-Toothed_Spruce_Bark_Beetle",3.90786,47.00835
"Eight-Toothed_Spruce_Bark_Beetle",5.93455,47.99773
"Eight-Toothed_Spruce_Bark_Beetle",4.84767,49.90902
"Eight-Toothed_Spruce_Bark_Beetle",2.4151,45.96957
"Eight-Toothed_Spruce_Bark_Beetle",3.31269,47.94951
"Eight-Toothed_Spruce_Bark_Beetle",5.18975,48.10274
"Eight-Toothed_Spruce_Bark_Beetle",5.58378,45.93958
"Eight-Toothed_Spruce_Bark_Beetle",2.68723,43.60195
"Eight-Toothed_Spruce_Bark_Beetle",2.74858,46.20024
"Eight-Toothed_Spruce_Bark_Beetle",1.9325,45.37289
"Eight-Toothed_Spruce_Bark_Beetle",1.89972,45.54715
"Eight-Toothed_Spruce_Bark_Beetle",6.02784,49.22117
"Eight-Toothed_Spruce_Bark_Beetle",6.40468,47.34268
"Eight-Toothed_Spruce_Bark_Beetle",3.68382,46.77077
"Eight-Toothed_Spruce_Bark_Beetle",-0.04272,43.1786
"Eight-Toothed_Spruce_Bark_Beetle",6.61655,47.85211
"Eight-Toothed_Spruce_Bark_Beetle",2.99917,45.72292
"Eight-Toothed_Spruce_Bark_Beetle",6.65117,47.51924
"Eight-Toothed_Spruce_Bark_Beetle",6.82207,47.78027
"Eight-Toothed_Spruce_Bark_Beetle",6.24287,48.22551
"Eight-Toothed_Spruce_Bark_Beetle",2.81507,44.77556
"Eight-Toothed_Spruce_Bark_Beetle",4.60166,45.48491
"Eight-Toothed_Spruce_Bark_Beetle",5.22639,49.67645
"Eight-Toothed_Spruce_Bark_Beetle",1.76779,45.50791
"Eight-Toothed_Spruce_Bark_Beetle",2.01115,45.38827
"Eight-Toothed_Spruce_Bark_Beetle",6.60409,47.74114
"Eight-Toothed_Spruce_Bark_Beetle",-2.39622,48.19366
"Eight-Toothed_Spruce_Bark_Beetle",4.92481,49.19616
"Eight-Toothed_Spruce_Bark_Beetle",2.68723,43.60195
"Eight-Toothed_Spruce_Bark_Beetle",4.35281,48.03682
"Eight-Toothed_Spruce_Bark_Beetle",4.80802,49.89933
"Eight-Toothed_Spruce_Bark_Beetle",-0.07698,43.1076
"Eight-Toothed_Spruce_Bark_Beetle",1.19726,49.73927
"Eight-Toothed_Spruce_Bark_Beetle",2.09223,49.34415
"Eight-Toothed_Spruce_Bark_Beetle",2.14457,49.75007
"Eight-Toothed_Spruce_Bark_Beetle",6.61655,47.85211
"Eight-Toothed_Spruce_Bark_Beetle",5.55368,46.9792
"Eight-Toothed_Spruce_Bark_Beetle",2.37439,43.39372
"Eight-Toothed_Spruce_Bark_Beetle",7.85051,49.01595
"Eight-Toothed_Spruce_Bark_Beetle",2.26578,45.20396
"Eight-Toothed_Spruce_Bark_Beetle",1.019,48.55958
"Eight-Toothed_Spruce_Bark_Beetle",1.42549,46.0307
"Eight-Toothed_Spruce_Bark_Beetle",0.80359,49.14084
"Eight-Toothed_Spruce_Bark_Beetle",2.92766,44.14065
"Eight-Toothed_Spruce_Bark_Beetle",5.59235,47.39678
"Eight-Toothed_Spruce_Bark_Beetle",7.06745,48.38863
"Eight-Toothed_Spruce_Bark_Beetle",2.27027,49.02081
"Eight-Toothed_Spruce_Bark_Beetle",4.88791,49.27463
"Eight-Toothed_Spruce_Bark_Beetle",4.37877,45.43024
"Eight-Toothed_Spruce_Bark_Beetle",5.99183,49.058
"Eight-Toothed_Spruce_Bark_Beetle",2.18938,43.4243
"Eight-Toothed_Spruce_Bark_Beetle",2.88473,43.81857
"Eight-Toothed_Spruce_Bark_Beetle",6.36185,49.23077
"Eight-Toothed_Spruce_Bark_Beetle",3.33203,47.11796
"Eight-Toothed_Spruce_Bark_Beetle",-0.12071,43.01249
"Eight-Toothed_Spruce_Bark_Beetle",2.85364,44.19778
"Eight-Toothed_Spruce_Bark_Beetle",6.65117,47.51924
"Eight-Toothed_Spruce_Bark_Beetle",3.58957,45.52132
"Eight-Toothed_Spruce_Bark_Beetle",5.20511,49.20962
"Eight-Toothed_Spruce_Bark_Beetle",5.7574,48.75531
"Eight-Toothed_Spruce_Bark_Beetle",3.74198,45.94621
"Eight-Toothed_Spruce_Bark_Beetle",4.85076,49.34958
"Eight-Toothed_Spruce_Bark_Beetle",4.75103,49.84776
"Eight-Toothed_Spruce_Bark_Beetle",5.16923,48.69823
"Eight-Toothed_Spruce_Bark_Beetle",5.01664,49.22717
"Eight-Toothed_Spruce_Bark_Beetle",1.78235,45.80828
"Eight-Toothed_Spruce_Bark_Beetle",6.48296,47.22489
"Eight-Toothed_Spruce_Bark_Beetle",3.74425,45.80564
"Eight-Toothed_Spruce_Bark_Beetle",6.56299,47.86784
"Eight-Toothed_Spruce_Bark_Beetle",3.63624,46.77469
"Eight-Toothed_Spruce_Bark_Beetle",1.4774,47.51003
"Eight-Toothed_Spruce_Bark_Beetle",5.75131,47.99676
"Eight-Toothed_Spruce_Bark_Beetle",6.09514,49.22502
"Eight-Toothed_Spruce_Bark_Beetle",6.26188,48.2133
"Eight-Toothed_Spruce_Bark_Beetle",0.74862,49.45679
"Eight-Toothed_Spruce_Bark_Beetle",6.34435,48.24712
"Eight-Toothed_Spruce_Bark_Beetle",7.85051,49.01595
"Eight-Toothed_Spruce_Bark_Beetle",2.3578,43.39865
"Eight-Toothed_Spruce_Bark_Beetle",6.02784,49.22117
"Eight-Toothed_Spruce_Bark_Beetle",6.24641,45.73861
"Eight-Toothed_Spruce_Bark_Beetle",-1.05608,48.0346
"Eight-Toothed_Spruce_Bark_Beetle",6.00586,46.91517
"Eight-Toothed_Spruce_Bark_Beetle",1.06282,46.90738
"Eight-Toothed_Spruce_Bark_Beetle",2.51542,45.35607
"Eight-Toothed_Spruce_Bark_Beetle",2.82278,45.42134
"Eight-Toothed_Spruce_Bark_Beetle",5.34767,48.90673
"Eight-Toothed_Spruce_Bark_Beetle",3.92595,45.65526
"Eight-Toothed_Spruce_Bark_Beetle",2.52525,43.70039
"Eight-Toothed_Spruce_Bark_Beetle",-0.42073,48.56684
"Eight-Toothed_Spruce_Bark_Beetle",6.29095,49.35979
"Eight-Toothed_Spruce_Bark_Beetle",2.82289,46.48321
"Eight-Toothed_Spruce_Bark_Beetle",2.36983,45.51144
"Eight-Toothed_Spruce_Bark_Beetle",6.64902,49.11933
"Eight-Toothed_Spruce_Bark_Beetle",4.35281,48.03682
"Eight-Toothed_Spruce_Bark_Beetle",6.1081,46.60694
"Eight-Toothed_Spruce_Bark_Beetle",4.54527,48.55471
"Eight-Toothed_Spruce_Bark_Beetle",2.03179,44.90542
"Eight-Toothed_Spruce_Bark_Beetle",6.13483,45.4862
"Eight-Toothed_Spruce_Bark_Beetle",6.91734,48.38463
"Eight-Toothed_Spruce_Bark_Beetle",6.10584,49.29831
"Eight-Toothed_Spruce_Bark_Beetle",5.22639,49.67645
"Eight-Toothed_Spruce_Bark_Beetle",5.86184,46.50078
"Eight-Toothed_Spruce_Bark_Beetle",4.35038,46.16218
"Eight-Toothed_Spruce_Bark_Beetle",-0.20249,42.98614
"Eight-Toothed_Spruce_Bark_Beetle",4.09104,47.32319
"Eight-Toothed_Spruce_Bark_Beetle",5.22444,49.24985
"Eight-Toothed_Spruce_Bark_Beetle",3.82963,44.68156
"Eight-Toothed_Spruce_Bark_Beetle",2.47573,44.82302
"Eight-Toothed_Spruce_Bark_Beetle",2.2524,43.44002
"Eight-Toothed_Spruce_Bark_Beetle",1.85528,45.77156
"Eight-Toothed_Spruce_Bark_Beetle",6.36185,49.23077
"Eight-Toothed_Spruce_Bark_Beetle",5.47924,48.39299
"Eight-Toothed_Spruce_Bark_Beetle",4.55965,46.23488
"Eight-Toothed_Spruce_Bark_Beetle",4.92481,49.19616
"Eight-Toothed_Spruce_Bark_Beetle",6.04532,46.90158
"Eight-Toothed_Spruce_Bark_Beetle",3.905,48.05571
"Eight-Toothed_Spruce_Bark_Beetle",3.46188,47.01197
"Eight-Toothed_Spruce_Bark_Beetle",3.82023,49.41788
"Eight-Toothed_Spruce_Bark_Beetle",5.66233,48.51156
"Eight-Toothed_Spruce_Bark_Beetle",2.31013,43.42217
"Eight-Toothed_Spruce_Bark_Beetle",5.5631,46.2182
"Eight-Toothed_Spruce_Bark_Beetle",6.22149,45.77068
"Eight-Toothed_Spruce_Bark_Beetle",3.01671,43.72785
"Eight-Toothed_Spruce_Bark_Beetle",3.93391,47.26384
"Eight-Toothed_Spruce_Bark_Beetle",3.62886,45.63008
"Eight-Toothed_Spruce_Bark_Beetle",2.53112,43.65855
"Eight-Toothed_Spruce_Bark_Beetle",7.0985,48.16337
"Eight-Toothed_Spruce_Bark_Beetle",4.83191,49.26594
"Eight-Toothed_Spruce_Bark_Beetle",6.51745,47.81088
"Eight-Toothed_Spruce_Bark_Beetle",6.29393,45.42168
"Eight-Toothed_Spruce_Bark_Beetle",4.92481,49.19616
"Eight-Toothed_Spruce_Bark_Beetle",5.52125,46.96726
"Eight-Toothed_Spruce_Bark_Beetle",2.41593,45.4558
"Eight-Toothed_Spruce_Bark_Beetle",7.06053,48.05499
"Eight-Toothed_Spruce_Bark_Beetle",5.06984,48.74366
"Eight-Toothed_Spruce_Bark_Beetle",2.77091,43.65524
"Eight-Toothed_Spruce_Bark_Beetle",1.72655,45.54543
"Eight-Toothed_Spruce_Bark_Beetle",5.54392,45.06011
"Eight-Toothed_Spruce_Bark_Beetle",6.401,48.31992
"Eight-Toothed_Spruce_Bark_Beetle",5.96014,45.21043
"Eight-Toothed_Spruce_Bark_Beetle",6.11213,46.95966
"Eight-Toothed_Spruce_Bark_Beetle",-1.71026,48.34698
"Eight-Toothed_Spruce_Bark_Beetle",5.51331,47.63225
"Eight-Toothed_Spruce_Bark_Beetle",4.27919,48.1093
"Eight-Toothed_Spruce_Bark_Beetle",5.95785,49.45846
"Eight-Toothed_Spruce_Bark_Beetle",1.88029,45.45506
"Eight-Toothed_Spruce_Bark_Beetle",5.12907,48.03809
"Eight-Toothed_Spruce_Bark_Beetle",5.65847,45.4396
"Eight-Toothed_Spruce_Bark_Beetle",2.54269,47.76137
"Eight-Toothed_Spruce_Bark_Beetle",3.31999,46.89909
"Eight-Toothed_Spruce_Bark_Beetle",7.85051,49.01595
"Eight-Toothed_Spruce_Bark_Beetle",4.16437,47.77787
"Eight-Toothed_Spruce_Bark_Beetle",2.21611,47.2721
"Eight-Toothed_Spruce_Bark_Beetle",3.71657,45.89787
"Eight-Toothed_Spruce_Bark_Beetle",5.61308,46.15401
"Eight-Toothed_Spruce_Bark_Beetle",7.06918,47.82676
"Eight-Toothed_Spruce_Bark_Beetle",7.45977,49.04752
"Eight-Toothed_Spruce_Bark_Beetle",3.98513,46.89033
"Eight-Toothed_Spruce_Bark_Beetle",2.23165,45.49427
"Eight-Toothed_Spruce_Bark_Beetle",4.84767,49.90902
"Eight-Toothed_Spruce_Bark_Beetle",3.37813,44.62874
"Eight-Toothed_Spruce_Bark_Beetle",4.23517,45.17941
"Eight-Toothed_Spruce_Bark_Beetle",4.85076,49.34958
"Eight-Toothed_Spruce_Bark_Beetle",3.36006,47.06264
"Eight-Toothed_Spruce_Bark_Beetle",3.4909,45.29178
"Eight-Toothed_Spruce_Bark_Beetle",6.47983,48.16323
"Eight-Toothed_Spruce_Bark_Beetle",6.26188,48.2133
"Eight-Toothed_Spruce_Bark_Beetle",7.21075,48.2048
"Eight-Toothed_Spruce_Bark_Beetle",3.8783,47.23325
"Eight-Toothed_Spruce_Bark_Beetle",7.24844,49.02527
"Eight-Toothed_Spruce_Bark_Beetle",6.1081,46.60694
"Eight-Toothed_Spruce_Bark_Beetle",2.2592,50.00336
"Eight-Toothed_Spruce_Bark_Beetle",1.98676,45.52637
"Eight-Toothed_Spruce_Bark_Beetle",2.47838,45.00733
"Eight-Toothed_Spruce_Bark_Beetle",3.89185,49.44702
"Eight-Toothed_Spruce_Bark_Beetle",6.24641,45.73861
"Eight-Toothed_Spruce_Bark_Beetle",5.1398,48.09788
"Eight-Toothed_Spruce_Bark_Beetle",-0.1946,48.0156
"Eight-Toothed_Spruce_Bark_Beetle",5.49857,46.95088
"Eight-Toothed_Spruce_Bark_Beetle",2.36773,45.26943
"Eight-Toothed_Spruce_Bark_Beetle",7.31189,48.51256
"Eight-Toothed_Spruce_Bark_Beetle",2.16147,43.36618
"Eight-Toothed_Spruce_Bark_Beetle",2.68844,43.69741
"Eight-Toothed_Spruce_Bark_Beetle",-0.07698,43.1076
"Eight-Toothed_Spruce_Bark_Beetle",1.42549,46.0307
"Eight-Toothed_Spruce_Bark_Beetle",4.92481,49.19616
"Eight-Toothed_Spruce_Bark_Beetle",4.89016,49.73775
"Eight-Toothed_Spruce_Bark_Beetle",4.31852,46.82854
"Eight-Toothed_Spruce_Bark_Beetle",-0.07698,43.1076
"Eight-Toothed_Spruce_Bark_Beetle",3.62115,49.56789
"Eight-Toothed_Spruce_Bark_Beetle",5.34956,48.24739
"Eight-Toothed_Spruce_Bark_Beetle",1.80103,45.55255
"Eight-Toothed_Spruce_Bark_Beetle",3.18095,47.6925
"Eight-Toothed_Spruce_Bark_Beetle",3.82149,45.7074
"Eight-Toothed_Spruce_Bark_Beetle",5.87977,46.97161
"Eight-Toothed_Spruce_Bark_Beetle",4.92481,49.19616
"Eight-Toothed_Spruce_Bark_Beetle",2.86055,43.69352
"Eight-Toothed_Spruce_Bark_Beetle",1.56645,49.86396
"Eight-Toothed_Spruce_Bark_Beetle",1.70351,49.11315
"Eight-Toothed_Spruce_Bark_Beetle",4.74774,49.89967
"Eight-Toothed_Spruce_Bark_Beetle",2.68723,43.60195
"Eight-Toothed_Spruce_Bark_Beetle",5.90312,46.56821
"Eight-Toothed_Spruce_Bark_Beetle",6.96578,47.8588
"Eight-Toothed_Spruce_Bark_Beetle",-0.52523,48.60533
"Eight-Toothed_Spruce_Bark_Beetle",5.1398,48.09788
"Eight-Toothed_Spruce_Bark_Beetle",4.40054,47.73606
"Eight-Toothed_Spruce_Bark_Beetle",2.65681,45.28967
"Eight-Toothed_Spruce_Bark_Beetle",4.01569,47.04046
"Eight-Toothed_Spruce_Bark_Beetle",7.20783,48.26814
"Eight-Toothed_Spruce_Bark_Beetle",2.68844,43.69741
"Eight-Toothed_Spruce_Bark_Beetle",6.941,47.78709
"Eight-Toothed_Spruce_Bark_Beetle",4.4267,47.77801
"Eight-Toothed_Spruce_Bark_Beetle",6.1135,45.38022
"Eight-Toothed_Spruce_Bark_Beetle",3.77819,49.55631
"Eight-Toothed_Spruce_Bark_Beetle",4.62173,47.99376
"Eight-Toothed_Spruce_Bark_Beetle",4.55965,46.23488
"Eight-Toothed_Spruce_Bark_Beetle",6.4714,47.30564
"Eight-Toothed_Spruce_Bark_Beetle",3.40825,49.47715
"Eight-Toothed_Spruce_Bark_Beetle",4.78278,49.35763
"Eight-Toothed_Spruce_Bark_Beetle",6.66361,47.93287
"Eight-Toothed_Spruce_Bark_Beetle",3.59942,47.58254
"Eight-Toothed_Spruce_Bark_Beetle",5.45189,48.96557
"Eight-Toothed_Spruce_Bark_Beetle",2.52744,43.44423
"Eight-Toothed_Spruce_Bark_Beetle",2.00364,45.57571
"Eight-Toothed_Spruce_Bark_Beetle",2.63816,44.23963
"Eight-Toothed_Spruce_Bark_Beetle",0.78356,45.8906
"Eight-Toothed_Spruce_Bark_Beetle",2.46442,44.87611
"Eight-Toothed_Spruce_Bark_Beetle",3.38341,46.19274
"Eight-Toothed_Spruce_Bark_Beetle",5.89897,48.14303
"Eight-Toothed_Spruce_Bark_Beetle",2.53112,43.65855
"Eight-Toothed_Spruce_Bark_Beetle",1.65204,45.65785
"Eight-Toothed_Spruce_Bark_Beetle",-0.52523,48.60533
"Eight-Toothed_Spruce_Bark_Beetle",6.24641,45.73861
"Eight-Toothed_Spruce_Bark_Beetle",6.9188,47.79582
"Eight-Toothed_Spruce_Bark_Beetle",5.39327,48.49621
"Eight-Toothed_Spruce_Bark_Beetle",5.56189,45.26042
"Eight-Toothed_Spruce_Bark_Beetle",5.99421,47.88512
"Eight-Toothed_Spruce_Bark_Beetle",2.85364,44.19778
"Eight-Toothed_Spruce_Bark_Beetle",2.92766,44.14065
"Eight-Toothed_Spruce_Bark_Beetle",6.28525,45.50802
"Eight-Toothed_Spruce_Bark_Beetle",2.45881,45.50691
"Eight-Toothed_Spruce_Bark_Beetle",4.90564,48.45476
"Eight-Toothed_Spruce_Bark_Beetle",6.08067,47.7664
"Eight-Toothed_Spruce_Bark_Beetle",3.68992,45.0652
"Eight-Toothed_Spruce_Bark_Beetle",2.6039,45.40417
"Eight-Toothed_Spruce_Bark_Beetle",0.99823,49.45853
"Eight-Toothed_Spruce_Bark_Beetle",6.98931,47.77755
"Eight-Toothed_Spruce_Bark_Beetle",3.61465,44.65326
"Eight-Toothed_Spruce_Bark_Beetle",4.77464,48.09407
"Eight-Toothed_Spruce_Bark_Beetle",4.79201,49.60358
"Eight-Toothed_Spruce_Bark_Beetle",2.99917,45.72292
"Eight-Toothed_Spruce_Bark_Beetle",1.61501,49.57763
"Eight-Toothed_Spruce_Bark_Beetle",5.40156,49.24017
"Eight-Toothed_Spruce_Bark_Beetle",4.94272,49.087
"Eight-Toothed_Spruce_Bark_Beetle",4.75103,49.84776
"Eight-Toothed_Spruce_Bark_Beetle",3.71703,47.50804
"Eight-Toothed_Spruce_Bark_Beetle",4.23517,45.17941
"Eight-Toothed_Spruce_Bark_Beetle",6.4073,49.22363
"Eight-Toothed_Spruce_Bark_Beetle",4.66665,49.60181
"Eight-Toothed_Spruce_Bark_Beetle",3.87516,47.33076
"Eight-Toothed_Spruce_Bark_Beetle",7.85051,49.01595
"Eight-Toothed_Spruce_Bark_Beetle",6.58377,47.83194
"Eight-Toothed_Spruce_Bark_Beetle",2.92766,44.14065
"Eight-Toothed_Spruce_Bark_Beetle",3.57393,44.44208
"Eight-Toothed_Spruce_Bark_Beetle",6.58111,47.711
"Eight-Toothed_Spruce_Bark_Beetle",4.77385,49.25826
"Eight-Toothed_Spruce_Bark_Beetle",4.62173,47.99376
"Eight-Toothed_Spruce_Bark_Beetle",6.01776,45.17046
"Eight-Toothed_Spruce_Bark_Beetle",4.84281,47.98616
"Eight-Toothed_Spruce_Bark_Beetle",3.01236,44.51263
"Eight-Toothed_Spruce_Bark_Beetle",7.85051,49.01595
"Eight-Toothed_Spruce_Bark_Beetle",-0.21082,48.3542
"Eight-Toothed_Spruce_Bark_Beetle",6.16899,45.44201
"Eight-Toothed_Spruce_Bark_Beetle",6.36335,49.3352
"Eight-Toothed_Spruce_Bark_Beetle",3.68975,47.53044
"Eight-Toothed_Spruce_Bark_Beetle",3.393,49.59541
"Eight-Toothed_Spruce_Bark_Beetle",2.85364,44.19778
"Eight-Toothed_Spruce_Bark_Beetle",6.06328,45.78347
"Eight-Toothed_Spruce_Bark_Beetle",2.95487,43.67365
"Eight-Toothed_Spruce_Bark_Beetle",4.78278,49.35763
"Eight-Toothed_Spruce_Bark_Beetle",6.35516,49.08135
"Eight-Toothed_Spruce_Bark_Beetle",6.48291,49.29037
"Eight-Toothed_Spruce_Bark_Beetle",3.92343,48.09237
"Eight-Toothed_Spruce_Bark_Beetle",2.67005,45.38516
"Eight-Toothed_Spruce_Bark_Beetle",1.18041,46.129
"Eight-Toothed_Spruce_Bark_Beetle",6.17021,45.40997
"Eight-Toothed_Spruce_Bark_Beetle",7.1271,47.80502
"Eight-Toothed_Spruce_Bark_Beetle",1.30613,45.15627
"Eight-Toothed_Spruce_Bark_Beetle",6.53615,48.25607
"Eight-Toothed_Spruce_Bark_Beetle",6.53995,48.22961
"Eight-Toothed_Spruce_Bark_Beetle",2.68723,43.60195
"Eight-Toothed_Spruce_Bark_Beetle",6.43262,45.77222
"Eight-Toothed_Spruce_Bark_Beetle",3.34226,48.02809
"Eight-Toothed_Spruce_Bark_Beetle",1.39484,42.94529
"Eight-Toothed_Spruce_Bark_Beetle",1.2357,49.71787
"Eight-Toothed_Spruce_Bark_Beetle",3.67418,45.35338
"Eight-Toothed_Spruce_Bark_Beetle",3.36006,47.06264
"Eight-Toothed_Spruce_Bark_Beetle",6.49256,48.39426
"Eight-Toothed_Spruce_Bark_Beetle",3.62347,45.11593
"Eight-Toothed_Spruce_Bark_Beetle",6.35644,45.39501
"Eight-Toothed_Spruce_Bark_Beetle",2.68723,43.60195
"Eight-Toothed_Spruce_Bark_Beetle",3.2396,47.12043
"Eight-Toothed_Spruce_Bark_Beetle",5.99371,48.14021
"Eight-Toothed_Spruce_Bark_Beetle",5.65046,48.30147
"Eight-Toothed_Spruce_Bark_Beetle",6.32848,48.33046
"Eight-Toothed_Spruce_Bark_Beetle",2.20348,45.26141
"Eight-Toothed_Spruce_Bark_Beetle",2.9796,45.89816
"Eight-Toothed_Spruce_Bark_Beetle",6.38709,45.71749
"Eight-Toothed_Spruce_Bark_Beetle",2.2524,43.44002
"Eight-Toothed_Spruce_Bark_Beetle",4.11134,48.09914
"Eight-Toothed_Spruce_Bark_Beetle",5.16923,48.69823
"Eight-Toothed_Spruce_Bark_Beetle",5.73525,45.38017
"Eight-Toothed_Spruce_Bark_Beetle",1.82225,42.77218
"Eight-Toothed_Spruce_Bark_Beetle",2.2524,45.56509
"Eight-Toothed_Spruce_Bark_Beetle",3.04204,44.31842
"Eight-Toothed_Spruce_Bark_Beetle",2.70833,45.32806
"Eight-Toothed_Spruce_Bark_Beetle",4.94521,49.48882
"Eight-Toothed_Spruce_Bark_Beetle",6.0136,45.29748
"Eight-Toothed_Spruce_Bark_Beetle",5.4124,44.97245
"Eight-Toothed_Spruce_Bark_Beetle",3.2298,46.78794
"Eight-Toothed_Spruce_Bark_Beetle",-0.42073,48.56684
"Eight-Toothed_Spruce_Bark_Beetle",3.72687,44.75786
"Eight-Toothed_Spruce_Bark_Beetle",5.7155,47.13805
"Eight-Toothed_Spruce_Bark_Beetle",5.80276,47.09492
"Eight-Toothed_Spruce_Bark_Beetle",3.97753,47.8412
"Eight-Toothed_Spruce_Bark_Beetle",4.83191,49.26594
"Eight-Toothed_Spruce_Bark_Beetle",5.74805,46.60149
"Eight-Toothed_Spruce_Bark_Beetle",2.3578,43.39865
"Eight-Toothed_Spruce_Bark_Beetle",5.57956,49.37185
"Eight-Toothed_Spruce_Bark_Beetle",4.20888,46.50081
"Eight-Toothed_Spruce_Bark_Beetle",7.33829,47.52668
"Eight-Toothed_Spruce_Bark_Beetle",3.2298,46.78794
"Eight-Toothed_Spruce_Bark_Beetle",2.3052,44.85628
"Eight-Toothed_Spruce_Bark_Beetle",6.24499,45.82284
"Eight-Toothed_Spruce_Bark_Beetle",2.34656,49.7466
"Eight-Toothed_Spruce_Bark_Beetle",2.37825,45.55605
"Eight-Toothed_Spruce_Bark_Beetle",4.11134,48.09914
"Eight-Toothed_Spruce_Bark_Beetle",4.4267,47.77801
"Eight-Toothed_Spruce_Bark_Beetle",6.43329,47.13865
"Eight-Toothed_Spruce_Bark_Beetle",3.08853,46.41877
"Eight-Toothed_Spruce_Bark_Beetle",4.77191,48.13583
"Eight-Toothed_Spruce_Bark_Beetle",5.43427,48.89885
"Eight-Toothed_Spruce_Bark_Beetle",3.83484,46.78307
"Eight-Toothed_Spruce_Bark_Beetle",2.24043,43.40591
"Eight-Toothed_Spruce_Bark_Beetle",5.71856,48.0244
"Eight-Toothed_Spruce_Bark_Beetle",6.06328,45.78347
"Eight-Toothed_Spruce_Bark_Beetle",7.2467,48.31663
"Eight-Toothed_Spruce_Bark_Beetle",2.14582,45.12394
"Eight-Toothed_Spruce_Bark_Beetle",4.0927,46.91902
"Eight-Toothed_Spruce_Bark_Beetle",3.40503,47.1188
"Eight-Toothed_Spruce_Bark_Beetle",6.91599,47.72477
"Eight-Toothed_Spruce_Bark_Beetle",1.52963,45.77967
"Eight-Toothed_Spruce_Bark_Beetle",4.01137,45.50107
"Eight-Toothed_Spruce_Bark_Beetle",4.04918,46.59386
"Eight-Toothed_Spruce_Bark_Beetle",1.83336,49.40018
"Eight-Toothed_Spruce_Bark_Beetle",7.02874,48.08826
"Eight-Toothed_Spruce_Bark_Beetle",2.84375,44.29102
"Eight-Toothed_Spruce_Bark_Beetle",4.03313,47.21429
"Eight-Toothed_Spruce_Bark_Beetle",4.20888,46.50081
"Eight-Toothed_Spruce_Bark_Beetle",5.39416,45.14235
"Eight-Toothed_Spruce_Bark_Beetle",4.43156,45.34723
"Eight-Toothed_Spruce_Bark_Beetle",4.8353,49.41955
"Eight-Toothed_Spruce_Bark_Beetle",1.93993,42.92747
"Eight-Toothed_Spruce_Bark_Beetle",-0.35859,42.95178
"Eight-Toothed_Spruce_Bark_Beetle",1.83297,45.43329
"Eight-Toothed_Spruce_Bark_Beetle",4.85076,49.34958
"Eight-Toothed_Spruce_Bark_Beetle",3.35276,49.4734
"Eight-Toothed_Spruce_Bark_Beetle",3.75226,46.02471
"Eight-Toothed_Spruce_Bark_Beetle",5.74186,47.94417
"Eight-Toothed_Spruce_Bark_Beetle",4.17346,47.20977
"Eight-Toothed_Spruce_Bark_Beetle",3.52979,48.09558
"Eight-Toothed_Spruce_Bark_Beetle",4.89816,49.13982
"Eight-Toothed_Spruce_Bark_Beetle",5.26156,49.13903
"Eight-Toothed_Spruce_Bark_Beetle",6.66361,47.93287
"Eight-Toothed_Spruce_Bark_Beetle",6.14604,46.85185
"Eight-Toothed_Spruce_Bark_Beetle",7.40003,47.48952
"Eight-Toothed_Spruce_Bark_Beetle",7.11294,48.58477
"Eight-Toothed_Spruce_Bark_Beetle",5.5089,48.4508
"Eight-Toothed_Spruce_Bark_Beetle",5.01664,49.22717
"Eight-Toothed_Spruce_Bark_Beetle",5.5089,48.4508
"Eight-Toothed_Spruce_Bark_Beetle",6.9833,49.04886
"Eight-Toothed_Spruce_Bark_Beetle",6.26583,46.7139
"Eight-Toothed_Spruce_Bark_Beetle",4.90402,49.24425
"Eight-Toothed_Spruce_Bark_Beetle",2.37439,43.39372
"Eight-Toothed_Spruce_Bark_Beetle",6.68332,48.63716
"Eight-Toothed_Spruce_Bark_Beetle",4.69208,49.93442
"Eight-Toothed_Spruce_Bark_Beetle",6.06707,49.44628
"Eight-Toothed_Spruce_Bark_Beetle",4.40054,47.73606
"Eight-Toothed_Spruce_Bark_Beetle",3.393,49.59541
"Eight-Toothed_Spruce_Bark_Beetle",5.96014,45.21043
"Eight-Toothed_Spruce_Bark_Beetle",3.09906,49.37258
"Eight-Toothed_Spruce_Bark_Beetle",4.34991,47.65743
"Eight-Toothed_Spruce_Bark_Beetle",0.21567,43.01657
"Eight-Toothed_Spruce_Bark_Beetle",4.20888,46.50081
"Eight-Toothed_Spruce_Bark_Beetle",7.36675,48.82703
"Eight-Toothed_Spruce_Bark_Beetle",6.35644,45.39501
"Eight-Toothed_Spruce_Bark_Beetle",5.4474,45.24543
"Eight-Toothed_Spruce_Bark_Beetle",2.36983,45.51144
"Eight-Toothed_Spruce_Bark_Beetle",4.01569,47.04046
"Eight-Toothed_Spruce_Bark_Beetle",3.82149,45.7074
"Eight-Toothed_Spruce_Bark_Beetle",8.10522,48.97168
"Eight-Toothed_Spruce_Bark_Beetle",4.42231,45.23491
"Eight-Toothed_Spruce_Bark_Beetle",5.86412,48.16569
"Eight-Toothed_Spruce_Bark_Beetle",-0.01143,49.0792
"Eight-Toothed_Spruce_Bark_Beetle",3.86009,47.19472
"Eight-Toothed_Spruce_Bark_Beetle",2.06322,45.44528
"Eight-Toothed_Spruce_Bark_Beetle",4.84767,49.90902
"Eight-Toothed_Spruce_Bark_Beetle",3.36006,47.06264
"Eight-Toothed_Spruce_Bark_Beetle",6.36678,45.53128
"Eight-Toothed_Spruce_Bark_Beetle",1.82856,45.90538
"Eight-Toothed_Spruce_Bark_Beetle",5.54369,48.29048
"Eight-Toothed_Spruce_Bark_Beetle",4.31067,46.94596
"Eight-Toothed_Spruce_Bark_Beetle",6.68872,47.69545
"Eight-Toothed_Spruce_Bark_Beetle",5.1398,48.09788
"Eight-Toothed_Spruce_Bark_Beetle",-0.07698,43.1076
"Eight-Toothed_Spruce_Bark_Beetle",6.21175,45.48206
"Eight-Toothed_Spruce_Bark_Beetle",1.85936,45.40291
"Eight-Toothed_Spruce_Bark_Beetle",5.74186,47.94417
"Eight-Toothed_Spruce_Bark_Beetle",5.54651,46.16817
"Eight-Toothed_Spruce_Bark_Beetle",2.2291,43.48276
"Eight-Toothed_Spruce_Bark_Beetle",2.89491,46.11107
"Eight-Toothed_Spruce_Bark_Beetle",4.10501,47.62804
"Eight-Toothed_Spruce_Bark_Beetle",2.03719,45.71046
"Eight-Toothed_Spruce_Bark_Beetle",5.88571,45.33409
"Eight-Toothed_Spruce_Bark_Beetle",6.66361,47.93287
"Eight-Toothed_Spruce_Bark_Beetle",2.0892,45.64608
"Eight-Toothed_Spruce_Bark_Beetle",1.74055,45.71106
"Eight-Toothed_Spruce_Bark_Beetle",3.68108,49.12769
"Eight-Toothed_Spruce_Bark_Beetle",6.29095,49.35979
"Eight-Toothed_Spruce_Bark_Beetle",5.71856,48.0244
"Eight-Toothed_Spruce_Bark_Beetle",2.88473,43.81857
"Eight-Toothed_Spruce_Bark_Beetle",6.14318,45.60747
"Eight-Toothed_Spruce_Bark_Beetle",3.48331,44.98162
"Eight-Toothed_Spruce_Bark_Beetle",3.33532,47.2854
"Eight-Toothed_Spruce_Bark_Beetle",3.6224,45.82134
"Eight-Toothed_Spruce_Bark_Beetle",3.71657,45.89787
"Eight-Toothed_Spruce_Bark_Beetle",0.68408,47.08105
"Eight-Toothed_Spruce_Bark_Beetle",2.9796,45.89816
"Eight-Toothed_Spruce_Bark_Beetle",7.06053,48.05499
"Eight-Toothed_Spruce_Bark_Beetle",6.67251,47.8688
"Eight-Toothed_Spruce_Bark_Beetle",6.3331,47.93819
"Eight-Toothed_Spruce_Bark_Beetle",2.62001,45.64663
"Eight-Toothed_Spruce_Bark_Beetle",3.1755,44.59856
"Eight-Toothed_Spruce_Bark_Beetle",5.84723,46.08373
"Eight-Toothed_Spruce_Bark_Beetle",3.37669,44.74479
"Eight-Toothed_Spruce_Bark_Beetle",5.80276,47.09492
"Eight-Toothed_Spruce_Bark_Beetle",5.79387,46.49222
"Eight-Toothed_Spruce_Bark_Beetle",2.68844,43.69741
"Eight-Toothed_Spruce_Bark_Beetle",6.04133,46.93919
"Eight-Toothed_Spruce_Bark_Beetle",2.21611,47.2721
"Eight-Toothed_Spruce_Bark_Beetle",3.6904,45.18893
"Eight-Toothed_Spruce_Bark_Beetle",5.73543,46.40627
"Eight-Toothed_Spruce_Bark_Beetle",2.51542,45.35607
"Eight-Toothed_Spruce_Bark_Beetle",4.96396,49.77617
"Eight-Toothed_Spruce_Bark_Beetle",2.40221,43.39331
"Eight-Toothed_Spruce_Bark_Beetle",5.07327,49.32732
"Eight-Toothed_Spruce_Bark_Beetle",6.67251,47.8688
"Eight-Toothed_Spruce_Bark_Beetle",2.37439,43.39372
"Eight-Toothed_Spruce_Bark_Beetle",5.38281,49.06511
"Eight-Toothed_Spruce_Bark_Beetle",7.19853,48.49217
"Eight-Toothed_Spruce_Bark_Beetle",3.5186,45.60692
"Eight-Toothed_Spruce_Bark_Beetle",4.47849,49.87937
"Eight-Toothed_Spruce_Bark_Beetle",2.79534,49.35569
"Eight-Toothed_Spruce_Bark_Beetle",1.82149,45.59834
"Eight-Toothed_Spruce_Bark_Beetle",4.87192,49.10107
"Eight-Toothed_Spruce_Bark_Beetle",5.96978,49.32876
"Eight-Toothed_Spruce_Bark_Beetle",4.58136,47.59768
"Eight-Toothed_Spruce_Bark_Beetle",3.68382,46.77077
"Eight-Toothed_Spruce_Bark_Beetle",5.56189,45.26042
"Eight-Toothed_Spruce_Bark_Beetle",6.3331,47.93819
"Eight-Toothed_Spruce_Bark_Beetle",4.69208,49.93442
"Eight-Toothed_Spruce_Bark_Beetle",4.78278,49.35763
"Eight-Toothed_Spruce_Bark_Beetle",4.02126,46.95631
"Eight-Toothed_Spruce_Bark_Beetle",6.16899,45.44201
"Eight-Toothed_Spruce_Bark_Beetle",2.60203,43.39709
"Eight-Toothed_Spruce_Bark_Beetle",5.87977,46.97161
"Eight-Toothed_Spruce_Bark_Beetle",3.32466,49.37943
"Eight-Toothed_Spruce_Bark_Beetle",4.32735,47.31642
"Eight-Toothed_Spruce_Bark_Beetle",3.76337,44.99615
"Eight-Toothed_Spruce_Bark_Beetle",3.53196,45.54639
"Eight-Toothed_Spruce_Bark_Beetle",4.01569,47.04046
"Eight-Toothed_Spruce_Bark_Beetle",0.63449,42.91214
"Eight-Toothed_Spruce_Bark_Beetle",6.14989,45.82256
"Eight-Toothed_Spruce_Bark_Beetle",4.51765,49.84042
"Eight-Toothed_Spruce_Bark_Beetle",6.56299,47.86784
"Eight-Toothed_Spruce_Bark_Beetle",4.51881,47.50902
"Eight-Toothed_Spruce_Bark_Beetle",6.4868,47.62387
"Eight-Toothed_Spruce_Bark_Beetle",5.74571,48.25402
"Eight-Toothed_Spruce_Bark_Beetle",4.51512,45.37449
"Eight-Toothed_Spruce_Bark_Beetle",7.81442,49.03912
"Eight-Toothed_Spruce_Bark_Beetle",7.24307,48.29343
"Eight-Toothed_Spruce_Bark_Beetle",4.77464,48.09407
"Eight-Toothed_Spruce_Bark_Beetle",2.40221,43.39331
"Eight-Toothed_Spruce_Bark_Beetle",2.70743,45.54418
"Eight-Toothed_Spruce_Bark_Beetle",7.31189,48.51256
"Eight-Toothed_Spruce_Bark_Beetle",1.74055,45.71106
"Eight-Toothed_Spruce_Bark_Beetle",5.73543,45.91629
"Eight-Toothed_Spruce_Bark_Beetle",6.47002,48.36172
"Eight-Toothed_Spruce_Bark_Beetle",2.21611,47.2721
"Eight-Toothed_Spruce_Bark_Beetle",4.0927,46.91902
"Eight-Toothed_Spruce_Bark_Beetle",3.46188,47.01197
"Eight-Toothed_Spruce_Bark_Beetle",4.35038,46.16218
"Eight-Toothed_Spruce_Bark_Beetle",4.6038,48.1738
"Eight-Toothed_Spruce_Bark_Beetle",4.30558,48.1346
"Eight-Toothed_Spruce_Bark_Beetle",-0.27147,48.0967
"Eight-Toothed_Spruce_Bark_Beetle",4.17346,47.20977
"Eight-Toothed_Spruce_Bark_Beetle",0.72395,49.3582
"Eight-Toothed_Spruce_Bark_Beetle",4.13502,45.21989
"Eight-Toothed_Spruce_Bark_Beetle",4.94929,49.13892
"Eight-Toothed_Spruce_Bark_Beetle",1.93708,46.46909
"Eight-Toothed_Spruce_Bark_Beetle",5.42573,46.88052
"Eight-Toothed_Spruce_Bark_Beetle",5.1398,48.09788
"Eight-Toothed_Spruce_Bark_Beetle",6.62529,48.04608
"Eight-Toothed_Spruce_Bark_Beetle",1.40009,45.45425
"Eight-Toothed_Spruce_Bark_Beetle",3.04061,46.37476
"Eight-Toothed_Spruce_Bark_Beetle",4.09104,47.32319
"Eight-Toothed_Spruce_Bark_Beetle",5.75017,45.57165
"Eight-Toothed_Spruce_Bark_Beetle",3.53956,45.86185
"Eight-Toothed_Spruce_Bark_Beetle",4.84614,49.20855
"Eight-Toothed_Spruce_Bark_Beetle",7.20047,47.469
"Eight-Toothed_Spruce_Bark_Beetle",6.4476,47.29245
"Eight-Toothed_Spruce_Bark_Beetle",1.8639,45.5419
"Eight-Toothed_Spruce_Bark_Beetle",6.54228,47.67752
"Eight-Toothed_Spruce_Bark_Beetle",1.56206,49.60918
"Eight-Toothed_Spruce_Bark_Beetle",3.74425,45.80564
"Eight-Toothed_Spruce_Bark_Beetle",6.60409,47.74114
"Eight-Toothed_Spruce_Bark_Beetle",3.66513,45.14104
"Eight-Toothed_Spruce_Bark_Beetle",6.57746,47.89945
"Eight-Toothed_Spruce_Bark_Beetle",-0.10242,47.56624
"Eight-Toothed_Spruce_Bark_Beetle",4.92481,49.19616
"Eight-Toothed_Spruce_Bark_Beetle",4.90402,49.24425
"Eight-Toothed_Spruce_Bark_Beetle",5.57956,49.37185
"Eight-Toothed_Spruce_Bark_Beetle",4.55965,46.23488
"Eight-Toothed_Spruce_Bark_Beetle",2.6039,45.40417
"Eight-Toothed_Spruce_Bark_Beetle",4.94272,49.087
"Eight-Toothed_Spruce_Bark_Beetle",3.68992,45.0652
"Eight-Toothed_Spruce_Bark_Beetle",4.37877,45.43024
"Eight-Toothed_Spruce_Bark_Beetle",7.76847,49.01244
"Eight-Toothed_Spruce_Bark_Beetle",6.80699,48.13132
"Eight-Toothed_Spruce_Bark_Beetle",6.20086,49.35176
"Eight-Toothed_Spruce_Bark_Beetle",2.11764,45.69685
"Eight-Toothed_Spruce_Bark_Beetle",2.27916,43.39049
"Eight-Toothed_Spruce_Bark_Beetle",5.6833,49.53616
"Eight-Toothed_Spruce_Bark_Beetle",4.78765,47.17474
"Eight-Toothed_Spruce_Bark_Beetle",2.41915,50.20096
"Eight-Toothed_Spruce_Bark_Beetle",4.55965,46.23488
"Eight-Toothed_Spruce_Bark_Beetle",4.16874,45.0652
"Eight-Toothed_Spruce_Bark_Beetle",5.36905,49.27649
"Eight-Toothed_Spruce_Bark_Beetle",6.50514,47.9424
"Eight-Toothed_Spruce_Bark_Beetle",5.40156,49.24017
"Eight-Toothed_Spruce_Bark_Beetle",4.34991,47.65743
"Eight-Toothed_Spruce_Bark_Beetle",4.00345,47.35789
"Eight-Toothed_Spruce_Bark_Beetle",3.58957,45.52132
"Eight-Toothed_Spruce_Bark_Beetle",3.65823,47.05529
"Eight-Toothed_Spruce_Bark_Beetle",4.01821,46.54202
"Eight-Toothed_Spruce_Bark_Beetle",7.35381,47.47104
"Eight-Toothed_Spruce_Bark_Beetle",-0.52523,48.60533
"Eight-Toothed_Spruce_Bark_Beetle",0.95263,48.24023
"Eight-Toothed_Spruce_Bark_Beetle",1.70085,45.77142
"Eight-Toothed_Spruce_Bark_Beetle",3.31999,46.89909
"Eight-Toothed_Spruce_Bark_Beetle",4.6038,48.1738
"Eight-Toothed_Spruce_Bark_Beetle",-0.32917,42.97991
"Eight-Toothed_Spruce_Bark_Beetle",7.20817,47.59065
"Eight-Toothed_Spruce_Bark_Beetle",1.98676,45.52637
"Eight-Toothed_Spruce_Bark_Beetle",1.56645,49.86396
"Eight-Toothed_Spruce_Bark_Beetle",5.39101,49.42587
"Eight-Toothed_Spruce_Bark_Beetle",4.92481,49.19616
"Eight-Toothed_Spruce_Bark_Beetle",2.94607,43.71876
"Eight-Toothed_Spruce_Bark_Beetle",1.07431,48.39598
"Eight-Toothed_Spruce_Bark_Beetle",1.78235,45.80828
"Eight-Toothed_Spruce_Bark_Beetle",5.1398,48.09788
"Eight-Toothed_Spruce_Bark_Beetle",4.0927,46.91902
"Eight-Toothed_Spruce_Bark_Beetle",2.7324,45.37038
"Eight-Toothed_Spruce_Bark_Beetle",6.2454,45.55308
"Eight-Toothed_Spruce_Bark_Beetle",2.36983,45.51144
"Eight-Toothed_Spruce_Bark_Beetle",5.43325,49.19414
"Eight-Toothed_Spruce_Bark_Beetle",7.2467,48.31663
"Eight-Toothed_Spruce_Bark_Beetle",-0.08298,47.26749
"Eight-Toothed_Spruce_Bark_Beetle",6.3331,47.93819
"Eight-Toothed_Spruce_Bark_Beetle",4.0927,46.91902
"Eight-Toothed_Spruce_Bark_Beetle",4.66974,49.85981
"Eight-Toothed_Spruce_Bark_Beetle",7.85051,49.01595
"Eight-Toothed_Spruce_Bark_Beetle",6.941,47.78709
"Eight-Toothed_Spruce_Bark_Beetle",6.67251,47.8688
"Eight-Toothed_Spruce_Bark_Beetle",7.06053,48.05499
"Eight-Toothed_Spruce_Bark_Beetle",4.86553,47.34392
"Eight-Toothed_Spruce_Bark_Beetle",2.27916,43.39049
"Eight-Toothed_Spruce_Bark_Beetle",1.7599,48.73025
"Eight-Toothed_Spruce_Bark_Beetle",5.22555,47.95345
"Eight-Toothed_Spruce_Bark_Beetle",5.96392,48.9716
"Eight-Toothed_Spruce_Bark_Beetle",4.16437,47.77787
"Eight-Toothed_Spruce_Bark_Beetle",2.02611,45.4728
"Eight-Toothed_Spruce_Bark_Beetle",6.71217,49.12828
"Eight-Toothed_Spruce_Bark_Beetle",3.38341,46.19274
"Eight-Toothed_Spruce_Bark_Beetle",2.25344,43.37495
"Eight-Toothed_Spruce_Bark_Beetle",1.88029,45.45506
"Eight-Toothed_Spruce_Bark_Beetle",5.6833,49.53616
"Eight-Toothed_Spruce_Bark_Beetle",5.69722,46.6995
"Eight-Toothed_Spruce_Bark_Beetle",1.61748,49.51436
"Eight-Toothed_Spruce_Bark_Beetle",2.21611,47.2721
"Eight-Toothed_Spruce_Bark_Beetle",6.13483,45.4862
"Eight-Toothed_Spruce_Bark_Beetle",5.8265,48.30934
"Eight-Toothed_Spruce_Bark_Beetle",1.0704,49.27803
"Eight-Toothed_Spruce_Bark_Beetle",2.96655,48.9586
"Eight-Toothed_Spruce_Bark_Beetle",7.14426,49.02392
"Eight-Toothed_Spruce_Bark_Beetle",0.22827,48.43688
"Eight-Toothed_Spruce_Bark_Beetle",2.68844,43.69741
"Eight-Toothed_Spruce_Bark_Beetle",4.69312,47.63697
"Eight-Toothed_Spruce_Bark_Beetle",6.11535,47.86168
"Eight-Toothed_Spruce_Bark_Beetle",6.66361,47.93287
"Eight-Toothed_Spruce_Bark_Beetle",6.10003,45.30191
"Eight-Toothed_Spruce_Bark_Beetle",6.16899,45.44201
"Eight-Toothed_Spruce_Bark_Beetle",1.4999,50.00505
"Eight-Toothed_Spruce_Bark_Beetle",3.59435,45.28645
"Eight-Toothed_Spruce_Bark_Beetle",3.74954,44.51364
"Eight-Toothed_Spruce_Bark_Beetle",2.49817,44.96933
"Eight-Toothed_Spruce_Bark_Beetle",5.88799,47.67375
"Eight-Toothed_Spruce_Bark_Beetle",1.98466,46.11572
"Eight-Toothed_Spruce_Bark_Beetle",5.25492,49.52131
"Eight-Toothed_Spruce_Bark_Beetle",1.78413,42.79852
"Eight-Toothed_Spruce_Bark_Beetle",5.60458,47.7501
"Eight-Toothed_Spruce_Bark_Beetle",6.50845,47.39002
"Eight-Toothed_Spruce_Bark_Beetle",2.68723,43.60195
"Eight-Toothed_Spruce_Bark_Beetle",4.04918,46.59386
"Eight-Toothed_Spruce_Bark_Beetle",2.3578,43.39865
"Eight-Toothed_Spruce_Bark_Beetle",5.57994,47.35225
"Eight-Toothed_Spruce_Bark_Beetle",6.28972,48.21049
"Eight-Toothed_Spruce_Bark_Beetle",3.27929,47.02542
"Eight-Toothed_Spruce_Bark_Beetle",3.905,48.05571
"Eight-Toothed_Spruce_Bark_Beetle",4.08355,47.23061
"Eight-Toothed_Spruce_Bark_Beetle",4.7839,48.8424
"Eight-Toothed_Spruce_Bark_Beetle",6.19637,45.77535
"Eight-Toothed_Spruce_Bark_Beetle",7.11294,48.58477
"Eight-Toothed_Spruce_Bark_Beetle",2.52525,43.70039
"Eight-Toothed_Spruce_Bark_Beetle",4.05556,49.52974
"Eight-Toothed_Spruce_Bark_Beetle",4.81246,47.23784
"Eight-Toothed_Spruce_Bark_Beetle",5.55262,49.46303
"Eight-Toothed_Spruce_Bark_Beetle",6.43433,49.40364
"Eight-Toothed_Spruce_Bark_Beetle",4.55628,46.96138
"Eight-Toothed_Spruce_Bark_Beetle",2.94607,43.71876
"Eight-Toothed_Spruce_Bark_Beetle",5.73543,46.40627
"Eight-Toothed_Spruce_Bark_Beetle",7.44209,49.10396
"Eight-Toothed_Spruce_Bark_Beetle",7.06053,48.05499
"Eight-Toothed_Spruce_Bark_Beetle",2.1765,43.47602
"Eight-Toothed_Spruce_Bark_Beetle",2.9796,45.89816
"Eight-Toothed_Spruce_Bark_Beetle",6.38923,46.912
"Eight-Toothed_Spruce_Bark_Beetle",3.82085,45.13494
"Eight-Toothed_Spruce_Bark_Beetle",4.55965,46.23488
"Eight-Toothed_Spruce_Bark_Beetle",3.68992,45.0652
"Eight-Toothed_Spruce_Bark_Beetle",2.54996,45.43453
"Eight-Toothed_Spruce_Bark_Beetle",6.67554,47.7612
"Eight-Toothed_Spruce_Bark_Beetle",5.4124,44.97245
"Eight-Toothed_Spruce_Bark_Beetle",1.89683,45.90779
"Eight-Toothed_Spruce_Bark_Beetle",1.9325,45.37289
"Eight-Toothed_Spruce_Bark_Beetle",6.38923,46.912
"Eight-Toothed_Spruce_Bark_Beetle",5.49264,48.11366
"Eight-Toothed_Spruce_Bark_Beetle",4.03313,47.21429
"Eight-Toothed_Spruce_Bark_Beetle",7.16805,47.50691
"Eight-Toothed_Spruce_Bark_Beetle",1.78235,45.80828
"Eight-Toothed_Spruce_Bark_Beetle",4.89167,49.37205
"Eight-Toothed_Spruce_Bark_Beetle",6.69848,48.03145
"Eight-Toothed_Spruce_Bark_Beetle",3.11103,49.86484
"Eight-Toothed_Spruce_Bark_Beetle",6.4179,45.68637
"Eight-Toothed_Spruce_Bark_Beetle",4.96787,49.25939
"Eight-Toothed_Spruce_Bark_Beetle",6.8427,48.67831
"Eight-Toothed_Spruce_Bark_Beetle",0.75966,45.58169
"Eight-Toothed_Spruce_Bark_Beetle",6.1081,46.60694
"Eight-Toothed_Spruce_Bark_Beetle",3.82532,47.28914
"Eight-Toothed_Spruce_Bark_Beetle",5.33921,48.17599
"Eight-Toothed_Spruce_Bark_Beetle",5.83164,45.76473
"Eight-Toothed_Spruce_Bark_Beetle",3.5186,45.60692
"Eight-Toothed_Spruce_Bark_Beetle",5.64587,48.16932
"Eight-Toothed_Spruce_Bark_Beetle",2.70743,45.54418
"Eight-Toothed_Spruce_Bark_Beetle",2.43914,43.59097
"Eight-Toothed_Spruce_Bark_Beetle",5.11508,45.46276
"Eight-Toothed_Spruce_Bark_Beetle",6.44106,47.52804
"Eight-Toothed_Spruce_Bark_Beetle",6.70836,47.37925
"Eight-Toothed_Spruce_Bark_Beetle",6.23532,49.26961
"Eight-Toothed_Spruce_Bark_Beetle",2.37439,43.39372
"Eight-Toothed_Spruce_Bark_Beetle",2.37983,45.42792
"Eight-Toothed_Spruce_Bark_Beetle",-0.08375,48.02194
"Eight-Toothed_Spruce_Bark_Beetle",5.68077,46.1856
"Eight-Toothed_Spruce_Bark_Beetle",1.19726,49.73927
"Eight-Toothed_Spruce_Bark_Beetle",2.03719,45.71046
"Eight-Toothed_Spruce_Bark_Beetle",6.10483,45.48766
"Eight-Toothed_Spruce_Bark_Beetle",-0.67067,43.01033
"Eight-Toothed_Spruce_Bark_Beetle",3.62347,45.11593
"Eight-Toothed_Spruce_Bark_Beetle",4.08222,45.19419
"Eight-Toothed_Spruce_Bark_Beetle",-1.26251,48.34454
"Eight-Toothed_Spruce_Bark_Beetle",0.78356,45.8906
"Eight-Toothed_Spruce_Bark_Beetle",1.82639,45.72095
"Eight-Toothed_Spruce_Bark_Beetle",3.59942,47.58254
"Eight-Toothed_Spruce_Bark_Beetle",6.1135,45.38022
"Eight-Toothed_Spruce_Bark_Beetle",7.02083,47.76219
"Eight-Toothed_Spruce_Bark_Beetle",2.16147,43.36618
"Eight-Toothed_Spruce_Bark_Beetle",6.66294,47.96958
"Eight-Toothed_Spruce_Bark_Beetle",4.41331,45.84377
"Eight-Toothed_Spruce_Bark_Beetle",4.78278,49.35763
"Eight-Toothed_Spruce_Bark_Beetle",2.89026,43.62552
"Eight-Toothed_Spruce_Bark_Beetle",6.68126,49.20926
"Eight-Toothed_Spruce_Bark_Beetle",5.7602,45.28496
"Eight-Toothed_Spruce_Bark_Beetle",4.8518,49.30788
"Eight-Toothed_Spruce_Bark_Beetle",3.45038,45.48832
"Eight-Toothed_Spruce_Bark_Beetle",6.60408,45.68622
"Eight-Toothed_Spruce_Bark_Beetle",3.65164,48.04195
"Eight-Toothed_Spruce_Bark_Beetle",2.16147,43.36618
"Eight-Toothed_Spruce_Bark_Beetle",5.20004,48.05625
"Eight-Toothed_Spruce_Bark_Beetle",6.43927,47.803
"Eight-Toothed_Spruce_Bark_Beetle",4.46764,47.72707
"Eight-Toothed_Spruce_Bark_Beetle",2.57039,45.76365
"Eight-Toothed_Spruce_Bark_Beetle",2.38877,43.45779
"Eight-Toothed_Spruce_Bark_Beetle",3.26869,44.69799
"Eight-Toothed_Spruce_Bark_Beetle",7.88462,48.99566
"Eight-Toothed_Spruce_Bark_Beetle",4.75103,49.84776
"Eight-Toothed_Spruce_Bark_Beetle",4.55108,47.73335
"Eight-Toothed_Spruce_Bark_Beetle",5.57994,47.35225
"Eight-Toothed_Spruce_Bark_Beetle",1.88029,45.45506
"Eight-Toothed_Spruce_Bark_Beetle",4.68283,48.26983
"Eight-Toothed_Spruce_Bark_Beetle",5.06984,48.74366
"Eight-Toothed_Spruce_Bark_Beetle",2.68844,43.69741
"Eight-Toothed_Spruce_Bark_Beetle",3.76337,44.99615
"Eight-Toothed_Spruce_Bark_Beetle",4.92481,49.19616
"Eight-Toothed_Spruce_Bark_Beetle",1.88029,45.45506
"Eight-Toothed_Spruce_Bark_Beetle",5.90942,46.52864
"Eight-Toothed_Spruce_Bark_Beetle",4.66058,49.97272
"Eight-Toothed_Spruce_Bark_Beetle",6.69486,47.5018
"Eight-Toothed_Spruce_Bark_Beetle",7.3105,48.40086
"Eight-Toothed_Spruce_Bark_Beetle",4.28281,45.24213
"Eight-Toothed_Spruce_Bark_Beetle",3.41005,48.00902
"Eight-Toothed_Spruce_Bark_Beetle",5.87734,49.39413
"Eight-Toothed_Spruce_Bark_Beetle",2.50087,43.50657
"Eight-Toothed_Spruce_Bark_Beetle",6.1081,46.60694
"Eight-Toothed_Spruce_Bark_Beetle",5.42573,46.88052
"Eight-Toothed_Spruce_Bark_Beetle",6.25844,45.45364
"Eight-Toothed_Spruce_Bark_Beetle",2.03719,45.71046
"Eight-Toothed_Spruce_Bark_Beetle",2.68723,43.60195
"Eight-Toothed_Spruce_Bark_Beetle",-0.0545,43.13296
"Eight-Toothed_Spruce_Bark_Beetle",6.03769,45.35964
"Eight-Toothed_Spruce_Bark_Beetle",2.68987,43.5431
"Eight-Toothed_Spruce_Bark_Beetle",3.41005,48.00902
"Eight-Toothed_Spruce_Bark_Beetle",5.52844,46.12013
"Eight-Toothed_Spruce_Bark_Beetle",2.41915,50.20096
"Eight-Toothed_Spruce_Bark_Beetle",7.85051,49.01595
"Eight-Toothed_Spruce_Bark_Beetle",6.1383,45.85542
"Eight-Toothed_Spruce_Bark_Beetle",6.28648,49.38788
"Eight-Toothed_Spruce_Bark_Beetle",6.56299,47.86784
"Eight-Toothed_Spruce_Bark_Beetle",3.3167,45.1503
"Eight-Toothed_Spruce_Bark_Beetle",4.17346,47.20977
"Eight-Toothed_Spruce_Bark_Beetle",5.61382,46.25195
"Eight-Toothed_Spruce_Bark_Beetle",6.4476,47.29245
"Eight-Toothed_Spruce_Bark_Beetle",3.45881,47.1965
"Eight-Toothed_Spruce_Bark_Beetle",-0.07698,43.1076
"Eight-Toothed_Spruce_Bark_Beetle",1.58177,45.30032
"Eight-Toothed_Spruce_Bark_Beetle",4.79201,49.60358
"Eight-Toothed_Spruce_Bark_Beetle",4.43156,45.34723
"Eight-Toothed_Spruce_Bark_Beetle",3.60044,49.04755
"Eight-Toothed_Spruce_Bark_Beetle",2.16147,43.36618
"Eight-Toothed_Spruce_Bark_Beetle",6.67554,47.7612
"Eight-Toothed_Spruce_Bark_Beetle",1.82639,45.72095
"Eight-Toothed_Spruce_Bark_Beetle",3.6172,45.16963
"Eight-Toothed_Spruce_Bark_Beetle",3.7682,49.61035
"Eight-Toothed_Spruce_Bark_Beetle",5.33826,46.54301
"Eight-Toothed_Spruce_Bark_Beetle",5.78401,45.26541
"Eight-Toothed_Spruce_Bark_Beetle",4.51512,45.37449
"Eight-Toothed_Spruce_Bark_Beetle",3.7435,49.58715
"Eight-Toothed_Spruce_Bark_Beetle",4.43156,45.34723
"Eight-Toothed_Spruce_Bark_Beetle",3.26869,44.69799
"Eight-Toothed_Spruce_Bark_Beetle",6.09966,46.86459
"Eight-Toothed_Spruce_Bark_Beetle",5.83403,46.5681
"Eight-Toothed_Spruce_Bark_Beetle",5.85681,45.15324
"Eight-Toothed_Spruce_Bark_Beetle",2.71586,44.09737
"Eight-Toothed_Spruce_Bark_Beetle",0.94788,49.02509
"Eight-Toothed_Spruce_Bark_Beetle",6.29742,47.2264
"Eight-Toothed_Spruce_Bark_Beetle",-1.60035,48.26194
"Eight-Toothed_Spruce_Bark_Beetle",5.40156,49.24017
"Eight-Toothed_Spruce_Bark_Beetle",5.7225,46.95878
"Eight-Toothed_Spruce_Bark_Beetle",2.16147,43.36618
"Eight-Toothed_Spruce_Bark_Beetle",4.94929,49.13892
"Eight-Toothed_Spruce_Bark_Beetle",5.1398,48.09788
"Eight-Toothed_Spruce_Bark_Beetle",6.14425,45.73809
"Eight-Toothed_Spruce_Bark_Beetle",4.96787,49.25939
"Eight-Toothed_Spruce_Bark_Beetle",2.42317,44.97029
"Eight-Toothed_Spruce_Bark_Beetle",6.03769,45.35964
"Eight-Toothed_Spruce_Bark_Beetle",1.67203,42.89588
"Eight-Toothed_Spruce_Bark_Beetle",6.48884,47.26067
"Eight-Toothed_Spruce_Bark_Beetle",4.40054,47.73606
"Eight-Toothed_Spruce_Bark_Beetle",3.18801,47.1427
"Eight-Toothed_Spruce_Bark_Beetle",6.04532,46.90158
"Eight-Toothed_Spruce_Bark_Beetle",1.95571,45.67319
"Eight-Toothed_Spruce_Bark_Beetle",7.21075,48.2048
"Eight-Toothed_Spruce_Bark_Beetle",6.63835,49.22526
"Eight-Toothed_Spruce_Bark_Beetle",3.88014,45.73095
"Eight-Toothed_Spruce_Bark_Beetle",6.14989,45.82256
"Eight-Toothed_Spruce_Bark_Beetle",2.03719,45.71046
"Eight-Toothed_Spruce_Bark_Beetle",5.56691,47.0819
"Eight-Toothed_Spruce_Bark_Beetle",4.83348,47.20007
"Eight-Toothed_Spruce_Bark_Beetle",2.25863,45.37143
"Eight-Toothed_Spruce_Bark_Beetle",5.95434,48.20087
"Eight-Toothed_Spruce_Bark_Beetle",5.46804,49.29343
"Eight-Toothed_Spruce_Bark_Beetle",2.28201,45.47462
"Eight-Toothed_Spruce_Bark_Beetle",2.68723,43.60195
"Eight-Toothed_Spruce_Bark_Beetle",4.04918,46.59386
"Eight-Toothed_Spruce_Bark_Beetle",2.46535,45.19682
"Eight-Toothed_Spruce_Bark_Beetle",3.22321,44.62892
"Eight-Toothed_Spruce_Bark_Beetle",6.56299,47.86784
"Eight-Toothed_Spruce_Bark_Beetle",2.45289,43.62226
"Eight-Toothed_Spruce_Bark_Beetle",1.93708,46.46909
"Eight-Toothed_Spruce_Bark_Beetle",1.8705,45.36521
"Eight-Toothed_Spruce_Bark_Beetle",0.24836,43.14251
"Eight-Toothed_Spruce_Bark_Beetle",7.33829,47.52668
"Eight-Toothed_Spruce_Bark_Beetle",3.65435,46.9937
"Eight-Toothed_Spruce_Bark_Beetle",6.38923,46.912
"Eight-Toothed_Spruce_Bark_Beetle",7.31189,48.51256
"Eight-Toothed_Spruce_Bark_Beetle",4.20728,48.04578
"Eight-Toothed_Spruce_Bark_Beetle",6.97691,47.8152
"Eight-Toothed_Spruce_Bark_Beetle",2.25344,43.37495
"Eight-Toothed_Spruce_Bark_Beetle",6.10003,45.30191
"Eight-Toothed_Spruce_Bark_Beetle",1.91441,50.06225
"Eight-Toothed_Spruce_Bark_Beetle",2.32251,42.8516
"Eight-Toothed_Spruce_Bark_Beetle",5.66233,48.51156
"Eight-Toothed_Spruce_Bark_Beetle",6.70216,47.8213
"Eight-Toothed_Spruce_Bark_Beetle",5.75478,46.56435
"Eight-Toothed_Spruce_Bark_Beetle",5.79649,46.12411
"Eight-Toothed_Spruce_Bark_Beetle",6.57308,47.68931
"Eight-Toothed_Spruce_Bark_Beetle",7.5201,49.02423
"Eight-Toothed_Spruce_Bark_Beetle",2.92518,44.2678
"Eight-Toothed_Spruce_Bark_Beetle",5.40156,49.24017
"Eight-Toothed_Spruce_Bark_Beetle",5.1398,48.09788
"Eight-Toothed_Spruce_Bark_Beetle",6.1135,45.38022
"Eight-Toothed_Spruce_Bark_Beetle",5.33743,49.4376
"Eight-Toothed_Spruce_Bark_Beetle",6.17383,45.50051
"Eight-Toothed_Spruce_Bark_Beetle",6.48884,47.26067
"Eight-Toothed_Spruce_Bark_Beetle",4.8886,49.66287
"Eight-Toothed_Spruce_Bark_Beetle",3.90786,47.00835
"Eight-Toothed_Spruce_Bark_Beetle",2.25344,43.37495
"Eight-Toothed_Spruce_Bark_Beetle",1.39484,42.94529
"Eight-Toothed_Spruce_Bark_Beetle",5.13427,49.25671
"Eight-Toothed_Spruce_Bark_Beetle",4.40054,47.73606
"Eight-Toothed_Spruce_Bark_Beetle",6.70216,47.8213
"Eight-Toothed_Spruce_Bark_Beetle",3.98513,46.89033
"Eight-Toothed_Spruce_Bark_Beetle",5.59163,48.99949
"Eight-Toothed_Spruce_Bark_Beetle",5.1398,48.09788
"Eight-Toothed_Spruce_Bark_Beetle",4.13502,45.21989
"Eight-Toothed_Spruce_Bark_Beetle",1.90137,45.83796
"Eight-Toothed_Spruce_Bark_Beetle",6.48884,47.26067
"Eight-Toothed_Spruce_Bark_Beetle",3.4605,49.6191
"Eight-Toothed_Spruce_Bark_Beetle",5.30894,47.95049
"Eight-Toothed_Spruce_Bark_Beetle",4.0927,46.91902
"Eight-Toothed_Spruce_Bark_Beetle",2.86055,43.69352
"Eight-Toothed_Spruce_Bark_Beetle",2.98485,49.44526
"Eight-Toothed_Spruce_Bark_Beetle",3.04204,44.31842
"Eight-Toothed_Spruce_Bark_Beetle",6.12002,48.29346
"Eight-Toothed_Spruce_Bark_Beetle",4.05556,49.52974
"Eight-Toothed_Spruce_Bark_Beetle",6.87419,47.50617
"Eight-Toothed_Spruce_Bark_Beetle",3.2554,46.7293
"Eight-Toothed_Spruce_Bark_Beetle",2.95487,43.67365
"Eight-Toothed_Spruce_Bark_Beetle",4.43898,48.01175
"Eight-Toothed_Spruce_Bark_Beetle",4.45608,48.13703
"Eight-Toothed_Spruce_Bark_Beetle",2.68987,43.5431
"Eight-Toothed_Spruce_Bark_Beetle",4.15291,49.92601
"Eight-Toothed_Spruce_Bark_Beetle",5.54369,48.29048
"Eight-Toothed_Spruce_Bark_Beetle",4.14236,47.56507
"Eight-Toothed_Spruce_Bark_Beetle",1.019,48.55958
"Eight-Toothed_Spruce_Bark_Beetle",7.85051,49.01595
"Eight-Toothed_Spruce_Bark_Beetle",4.17346,47.20977
"Eight-Toothed_Spruce_Bark_Beetle",4.37877,45.43024
"Eight-Toothed_Spruce_Bark_Beetle",4.60928,47.72955
"Eight-Toothed_Spruce_Bark_Beetle",6.56761,47.95017
"Eight-Toothed_Spruce_Bark_Beetle",3.48958,50.4108
"Eight-Toothed_Spruce_Bark_Beetle",1.99849,49.40715
"Eight-Toothed_Spruce_Bark_Beetle",1.2033,49.85704
"Eight-Toothed_Spruce_Bark_Beetle",5.38281,49.06511
"Eight-Toothed_Spruce_Bark_Beetle",4.31852,46.82854
"Eight-Toothed_Spruce_Bark_Beetle",4.13952,44.97323
"Eight-Toothed_Spruce_Bark_Beetle",6.15253,49.41703
"Eight-Toothed_Spruce_Bark_Beetle",6.10584,49.29831
"Eight-Toothed_Spruce_Bark_Beetle",5.6833,49.53616
"Eight-Toothed_Spruce_Bark_Beetle",4.43898,48.01175
"Eight-Toothed_Spruce_Bark_Beetle",5.6655,49.01035
"Eight-Toothed_Spruce_Bark_Beetle",1.85936,45.40291
"Eight-Toothed_Spruce_Bark_Beetle",2.38877,43.45779
"Eight-Toothed_Spruce_Bark_Beetle",5.95785,49.45846
"Eight-Toothed_Spruce_Bark_Beetle",4.95682,45.58949
"Eight-Toothed_Spruce_Bark_Beetle",7.36998,48.92557
"Eight-Toothed_Spruce_Bark_Beetle",6.67442,48.05648
"Eight-Toothed_Spruce_Bark_Beetle",2.36856,45.3203
"Eight-Toothed_Spruce_Bark_Beetle",2.86055,43.69352
"Eight-Toothed_Spruce_Bark_Beetle",1.84311,47.40338
"Eight-Toothed_Spruce_Bark_Beetle",6.71217,49.12828
"Eight-Toothed_Spruce_Bark_Beetle",2.98485,49.44526
"Eight-Toothed_Spruce_Bark_Beetle",7.05064,47.53743
"Eight-Toothed_Spruce_Bark_Beetle",1.82856,45.90538
"Eight-Toothed_Spruce_Bark_Beetle",2.68844,43.69741
"Eight-Toothed_Spruce_Bark_Beetle",6.55275,46.29352
"Eight-Toothed_Spruce_Bark_Beetle",4.20888,46.50081
"Eight-Toothed_Spruce_Bark_Beetle",6.5472,47.1841
"Eight-Toothed_Spruce_Bark_Beetle",3.76337,44.99615
"Eight-Toothed_Spruce_Bark_Beetle",5.22555,47.95345
"Eight-Toothed_Spruce_Bark_Beetle",2.53112,43.65855
"Eight-Toothed_Spruce_Bark_Beetle",5.6785,48.86577
"Eight-Toothed_Spruce_Bark_Beetle",1.71979,45.60252
"Eight-Toothed_Spruce_Bark_Beetle",7.23992,48.64223
"Eight-Toothed_Spruce_Bark_Beetle",4.66974,49.85981
"Eight-Toothed_Spruce_Bark_Beetle",3.69245,45.31885
"Eight-Toothed_Spruce_Bark_Beetle",1.42861,50.04147
"Eight-Toothed_Spruce_Bark_Beetle",4.66251,47.7557
"Eight-Toothed_Spruce_Bark_Beetle",2.06996,45.8393
"Eight-Toothed_Spruce_Bark_Beetle",5.74186,47.94417
"Eight-Toothed_Spruce_Bark_Beetle",6.36678,45.53128
"Eight-Toothed_Spruce_Bark_Beetle",3.64591,45.29856
"Eight-Toothed_Spruce_Bark_Beetle",7.31189,48.51256
"Eight-Toothed_Spruce_Bark_Beetle",2.3064,47.23431
"Eight-Toothed_Spruce_Bark_Beetle",4.73077,47.06097
"Eight-Toothed_Spruce_Bark_Beetle",4.83191,49.26594
"Eight-Toothed_Spruce_Bark_Beetle",7.20783,48.26814
"Eight-Toothed_Spruce_Bark_Beetle",4.19026,49.82532
"Eight-Toothed_Spruce_Bark_Beetle",6.39493,47.79544
"Eight-Toothed_Spruce_Bark_Beetle",1.99098,46.281
"Eight-Toothed_Spruce_Bark_Beetle",1.42549,46.0307
"Eight-Toothed_Spruce_Bark_Beetle",3.64488,45.17755
"Eight-Toothed_Spruce_Bark_Beetle",3.02233,49.51962
"Eight-Toothed_Spruce_Bark_Beetle",3.82149,45.7074
"Eight-Toothed_Spruce_Bark_Beetle",3.66513,45.14104
"Eight-Toothed_Spruce_Bark_Beetle",6.43262,45.77222
"Eight-Toothed_Spruce_Bark_Beetle",4.43172,45.38636
"Eight-Toothed_Spruce_Bark_Beetle",1.60514,42.90398
"Eight-Toothed_Spruce_Bark_Beetle",4.40054,47.73606
"Eight-Toothed_Spruce_Bark_Beetle",1.67585,45.28992
"Eight-Toothed_Spruce_Bark_Beetle",2.3064,47.23431
"Eight-Toothed_Spruce_Bark_Beetle",5.44423,45.15309
"Eight-Toothed_Spruce_Bark_Beetle",4.12266,50.07609
"Eight-Toothed_Spruce_Bark_Beetle",7.02083,47.76219
"Eight-Toothed_Spruce_Bark_Beetle",3.34226,48.02809
"Eight-Toothed_Spruce_Bark_Beetle",3.66513,45.14104
"Eight-Toothed_Spruce_Bark_Beetle",6.67442,48.05648
"Eight-Toothed_Spruce_Bark_Beetle",1.88029,45.45506
"Eight-Toothed_Spruce_Bark_Beetle",5.50092,47.07549
"Eight-Toothed_Spruce_Bark_Beetle",4.47849,49.87937
"Eight-Toothed_Spruce_Bark_Beetle",6.0711,47.08201
"Eight-Toothed_Spruce_Bark_Beetle",4.55628,46.96138
"Eight-Toothed_Spruce_Bark_Beetle",1.83297,45.43329
"Eight-Toothed_Spruce_Bark_Beetle",4.38368,47.90753
"Eight-Toothed_Spruce_Bark_Beetle",0.89323,48.11924
"Eight-Toothed_Spruce_Bark_Beetle",6.61837,48.27333
"Eight-Toothed_Spruce_Bark_Beetle",6.24946,45.4689
"Eight-Toothed_Spruce_Bark_Beetle",1.73029,45.46997
"Eight-Toothed_Spruce_Bark_Beetle",3.31999,46.89909
"Eight-Toothed_Spruce_Bark_Beetle",4.0608,46.97177
"Eight-Toothed_Spruce_Bark_Beetle",5.09434,49.1552
"Eight-Toothed_Spruce_Bark_Beetle",5.7155,47.13805
"Eight-Toothed_Spruce_Bark_Beetle",6.63305,47.79613
"Eight-Toothed_Spruce_Bark_Beetle",7.39588,49.03894
"Eight-Toothed_Spruce_Bark_Beetle",3.04204,44.31842
"Eight-Toothed_Spruce_Bark_Beetle",3.91373,46.75883
"Eight-Toothed_Spruce_Bark_Beetle",4.44609,49.64688
"Eight-Toothed_Spruce_Bark_Beetle",6.15517,47.69419
"Eight-Toothed_Spruce_Bark_Beetle",3.33668,47.21433
"Eight-Toothed_Spruce_Bark_Beetle",5.73822,46.43903
"Eight-Toothed_Spruce_Bark_Beetle",6.24287,48.22551
"Eight-Toothed_Spruce_Bark_Beetle",7.96205,49.01858
"Eight-Toothed_Spruce_Bark_Beetle",0.4453,43.10121
"Eight-Toothed_Spruce_Bark_Beetle",3.83459,45.52034
"Eight-Toothed_Spruce_Bark_Beetle",2.84375,44.29102
"Eight-Toothed_Spruce_Bark_Beetle",2.88084,43.76365
"Eight-Toothed_Spruce_Bark_Beetle",5.06984,48.74366
"Eight-Toothed_Spruce_Bark_Beetle",4.38368,47.90753
"Eight-Toothed_Spruce_Bark_Beetle",3.81539,45.21708
"Eight-Toothed_Spruce_Bark_Beetle",6.34479,49.34681
"Eight-Toothed_Spruce_Bark_Beetle",1.83885,45.9627
"Eight-Toothed_Spruce_Bark_Beetle",3.7095,45.74164
"Eight-Toothed_Spruce_Bark_Beetle",6.44251,49.05748
"Eight-Toothed_Spruce_Bark_Beetle",7.36633,48.50546
"Eight-Toothed_Spruce_Bark_Beetle",6.33349,46.95361
"Eight-Toothed_Spruce_Bark_Beetle",1.82149,45.59834
"Eight-Toothed_Spruce_Bark_Beetle",5.39701,48.20768
"Eight-Toothed_Spruce_Bark_Beetle",3.08853,46.41877
"Eight-Toothed_Spruce_Bark_Beetle",2.35549,43.49412
"Eight-Toothed_Spruce_Bark_Beetle",1.64382,42.87997
"Eight-Toothed_Spruce_Bark_Beetle",3.87215,44.76552
"Eight-Toothed_Spruce_Bark_Beetle",1.8709,46.16271
"Eight-Toothed_Spruce_Bark_Beetle",3.17833,49.22727
"Eight-Toothed_Spruce_Bark_Beetle",4.57895,48.14351
"Eight-Toothed_Spruce_Bark_Beetle",3.3061,44.84544
"Eight-Toothed_Spruce_Bark_Beetle",2.68723,43.60195
"Eight-Toothed_Spruce_Bark_Beetle",3.36276,48.00016
"Eight-Toothed_Spruce_Bark_Beetle",2.37439,43.39372
"Eight-Toothed_Spruce_Bark_Beetle",6.03256,47.69268
"Eight-Toothed_Spruce_Bark_Beetle",2.66279,45.01834
"Eight-Toothed_Spruce_Bark_Beetle",5.17865,48.64283
"Eight-Toothed_Spruce_Bark_Beetle",2.6039,45.40417
"Eight-Toothed_Spruce_Bark_Beetle",5.6144,46.07561
"Eight-Toothed_Spruce_Bark_Beetle",3.71425,45.22894
"Eight-Toothed_Spruce_Bark_Beetle",6.17021,45.40997
"Eight-Toothed_Spruce_Bark_Beetle",4.38368,47.90753
"Eight-Toothed_Spruce_Bark_Beetle",6.03957,47.93078
"Eight-Toothed_Spruce_Bark_Beetle",4.85076,49.34958
"Eight-Toothed_Spruce_Bark_Beetle",4.83191,49.26594
"Eight-Toothed_Spruce_Bark_Beetle",6.29095,49.35979
"Eight-Toothed_Spruce_Bark_Beetle",6.92758,47.87997
"Eight-Toothed_Spruce_Bark_Beetle",3.48486,49.6615
"Eight-Toothed_Spruce_Bark_Beetle",4.20888,46.50081
"Eight-Toothed_Spruce_Bark_Beetle",3.7095,45.74164
"Eight-Toothed_Spruce_Bark_Beetle",6.61655,47.85211
"Eight-Toothed_Spruce_Bark_Beetle",1.95571,45.67319
"Eight-Toothed_Spruce_Bark_Beetle",5.46312,46.03605
"Eight-Toothed_Spruce_Bark_Beetle",-1.22792,48.25087
"Eight-Toothed_Spruce_Bark_Beetle",2.44109,42.41993
"Eight-Toothed_Spruce_Bark_Beetle",6.36185,49.23077
"Eight-Toothed_Spruce_Bark_Beetle",6.17021,45.40997
"Eight-Toothed_Spruce_Bark_Beetle",6.37264,49.39105
"Eight-Toothed_Spruce_Bark_Beetle",2.92766,44.14065
"Eight-Toothed_Spruce_Bark_Beetle",5.74186,47.94417
"Eight-Toothed_Spruce_Bark_Beetle",5.88571,45.33409
"Eight-Toothed_Spruce_Bark_Beetle",4.49228,45.36108
"Eight-Toothed_Spruce_Bark_Beetle",4.15291,49.92601
"Eight-Toothed_Spruce_Bark_Beetle",3.81069,47.48929
"Eight-Toothed_Spruce_Bark_Beetle",1.67203,42.89588
"Eight-Toothed_Spruce_Bark_Beetle",5.22555,47.95345
"Eight-Toothed_Spruce_Bark_Beetle",6.41496,48.38458
"Eight-Toothed_Spruce_Bark_Beetle",1.8432,49.95555
"Eight-Toothed_Spruce_Bark_Beetle",6.2537,47.16524
"Eight-Toothed_Spruce_Bark_Beetle",5.28601,48.1027
"Eight-Toothed_Spruce_Bark_Beetle",4.94272,49.087
"Eight-Toothed_Spruce_Bark_Beetle",3.41005,48.00902
"Eight-Toothed_Spruce_Bark_Beetle",3.35016,47.51125
"Eight-Toothed_Spruce_Bark_Beetle",6.03688,49.25421
"Eight-Toothed_Spruce_Bark_Beetle",1.82639,45.72095
"Eight-Toothed_Spruce_Bark_Beetle",2.11764,45.69685
"Eight-Toothed_Spruce_Bark_Beetle",3.39058,44.99678
"Eight-Toothed_Spruce_Bark_Beetle",6.02784,49.22117
"Eight-Toothed_Spruce_Bark_Beetle",5.40971,49.26179
"Eight-Toothed_Spruce_Bark_Beetle",3.6172,45.16963
"Eight-Toothed_Spruce_Bark_Beetle",3.66513,45.14104
"Eight-Toothed_Spruce_Bark_Beetle",1.93708,46.46909
"Eight-Toothed_Spruce_Bark_Beetle",4.34544,45.21491
"Eight-Toothed_Spruce_Bark_Beetle",2.81507,44.77556
"Eight-Toothed_Spruce_Bark_Beetle",6.03957,47.93078
"Eight-Toothed_Spruce_Bark_Beetle",3.62115,49.56789
"Eight-Toothed_Spruce_Bark_Beetle",4.92328,48.24463
"Eight-Toothed_Spruce_Bark_Beetle",1.58177,45.30032
"Eight-Toothed_Spruce_Bark_Beetle",5.39948,47.46566
"Eight-Toothed_Spruce_Bark_Beetle",6.11799,45.47497
"Eight-Toothed_Spruce_Bark_Beetle",4.83348,47.20007
"Eight-Toothed_Spruce_Bark_Beetle",5.99421,47.88512
"Eight-Toothed_Spruce_Bark_Beetle",1.30613,45.15627
"Eight-Toothed_Spruce_Bark_Beetle",4.49228,45.36108
"Eight-Toothed_Spruce_Bark_Beetle",3.31999,46.89909
"Eight-Toothed_Spruce_Bark_Beetle",4.09504,47.26726
"Eight-Toothed_Spruce_Bark_Beetle",1.60514,42.90398
"Eight-Toothed_Spruce_Bark_Beetle",2.66279,45.01834
"Eight-Toothed_Spruce_Bark_Beetle",2.30474,45.54995
"Eight-Toothed_Spruce_Bark_Beetle",0.81985,49.48412
"Eight-Toothed_Spruce_Bark_Beetle",7.438,48.99027
"Eight-Toothed_Spruce_Bark_Beetle",5.79787,45.33144
"Eight-Toothed_Spruce_Bark_Beetle",2.95487,43.67365
"Eight-Toothed_Spruce_Bark_Beetle",4.94272,49.087
"Eight-Toothed_Spruce_Bark_Beetle",7.11294,48.58477
"Eight-Toothed_Spruce_Bark_Beetle",6.67554,47.7612
"Eight-Toothed_Spruce_Bark_Beetle",4.42253,48.07371
"Eight-Toothed_Spruce_Bark_Beetle",4.80802,49.89933
"Eight-Toothed_Spruce_Bark_Beetle",3.18722,47.56072
"Eight-Toothed_Spruce_Bark_Beetle",0.92353,49.50157
"Eight-Toothed_Spruce_Bark_Beetle",4.82301,47.88139
"Eight-Toothed_Spruce_Bark_Beetle",4.61454,49.67719
"Eight-Toothed_Spruce_Bark_Beetle",2.0493,47.64293
"Eight-Toothed_Spruce_Bark_Beetle",5.08129,49.10886
"Eight-Toothed_Spruce_Bark_Beetle",2.27138,47.32215
"Eight-Toothed_Spruce_Bark_Beetle",2.87539,48.49563
"Eight-Toothed_Spruce_Bark_Beetle",3.36006,47.06264
"Eight-Toothed_Spruce_Bark_Beetle",14.79264,56.75656
"Eight-Toothed_Spruce_Bark_Beetle",21.47398,66.03231
"Eight-Toothed_Spruce_Bark_Beetle",21.59778,65.94567
"Eight-Toothed_Spruce_Bark_Beetle",21.52507,65.92752
"Eight-Toothed_Spruce_Bark_Beetle",10.595646,48.268583
"Eight-Toothed_Spruce_Bark_Beetle",12.728777,47.713785
"Eight-Toothed_Spruce_Bark_Beetle",19.639468,49.149194
"Eight-Toothed_Spruce_Bark_Beetle",38.877252,55.553652
"Eight-Toothed_Spruce_Bark_Beetle",33.7353,61.0155
"Eight-Toothed_Spruce_Bark_Beetle",33.7353,61.0155
"Eight-Toothed_Spruce_Bark_Beetle",33.7353,61.0155
"Eight-Toothed_Spruce_Bark_Beetle",33.7353,61.0155
"Eight-Toothed_Spruce_Bark_Beetle",33.7353,61.0155
"Eight-Toothed_Spruce_Bark_Beetle",10.988004,60.727233
"Eight-Toothed_Spruce_Bark_Beetle",20.18876,54.594845
"Eight-Toothed_Spruce_Bark_Beetle",16.61769,58.69603
"Eight-Toothed_Spruce_Bark_Beetle",22.830897,42.843137
"Eight-Toothed_Spruce_Bark_Beetle",14.59223,63.16817
"Eight-Toothed_Spruce_Bark_Beetle",14.59223,63.16817
"Eight-Toothed_Spruce_Bark_Beetle",15.18889,58.26865
"Eight-Toothed_Spruce_Bark_Beetle",5.75783,45.9295
"Eight-Toothed_Spruce_Bark_Beetle",5.76257,45.93702
"Eight-Toothed_Spruce_Bark_Beetle",15.896255,46.992638
"Eight-Toothed_Spruce_Bark_Beetle",141.065225,40.198586
"Eight-Toothed_Spruce_Bark_Beetle",6.51579,45.78996
"Eight-Toothed_Spruce_Bark_Beetle",6.25744,46.7748
"Eight-Toothed_Spruce_Bark_Beetle",7.3561,48.5836
"Eight-Toothed_Spruce_Bark_Beetle",7.12539,48.44041
"Eight-Toothed_Spruce_Bark_Beetle",5.88915,45.38305
"Eight-Toothed_Spruce_Bark_Beetle",6.76741,48.29167
"Eight-Toothed_Spruce_Bark_Beetle",7.1275,48.44408
"Eight-Toothed_Spruce_Bark_Beetle",7.12876,48.44394
"Eight-Toothed_Spruce_Bark_Beetle",7.12558,48.44057
"Eight-Toothed_Spruce_Bark_Beetle",7.35354,48.58169
"Eight-Toothed_Spruce_Bark_Beetle",6.9543,48.11677
"Eight-Toothed_Spruce_Bark_Beetle",7.12876,48.44394
"Eight-Toothed_Spruce_Bark_Beetle",7.08852,48.11019
"Eight-Toothed_Spruce_Bark_Beetle",5.85012,45.08614
"Eight-Toothed_Spruce_Bark_Beetle",5.88841,45.3863
"Eight-Toothed_Spruce_Bark_Beetle",7.06892,47.94909
"Eight-Toothed_Spruce_Bark_Beetle",7.12754,48.44388
"Eight-Toothed_Spruce_Bark_Beetle",7.12558,48.44057
"Eight-Toothed_Spruce_Bark_Beetle",-0.54852,42.79896
"Eight-Toothed_Spruce_Bark_Beetle",5.84931,45.08679
"Eight-Toothed_Spruce_Bark_Beetle",7.09408,48.12241
"Eight-Toothed_Spruce_Bark_Beetle",3.81722,45.99501
"Eight-Toothed_Spruce_Bark_Beetle",7.12876,48.44394
"Eight-Toothed_Spruce_Bark_Beetle",7.12558,48.44057
"Eight-Toothed_Spruce_Bark_Beetle",7.12718,48.44341
"Eight-Toothed_Spruce_Bark_Beetle",7.12876,48.44394
"Eight-Toothed_Spruce_Bark_Beetle",7.09408,48.12241
"Eight-Toothed_Spruce_Bark_Beetle",7.09586,48.11876
"Eight-Toothed_Spruce_Bark_Beetle",7.12558,48.44057
"Eight-Toothed_Spruce_Bark_Beetle",7.12558,48.44057
"Eight-Toothed_Spruce_Bark_Beetle",5.86604,45.37511
"Eight-Toothed_Spruce_Bark_Beetle",5.86579,45.37532
"Eight-Toothed_Spruce_Bark_Beetle",5.86604,45.37511
"Eight-Toothed_Spruce_Bark_Beetle",7.12539,48.44041
"Eight-Toothed_Spruce_Bark_Beetle",-0.60074,42.91645
"Eight-Toothed_Spruce_Bark_Beetle",7.33837,48.58456
"Eight-Toothed_Spruce_Bark_Beetle",7.12877,48.44394
"Eight-Toothed_Spruce_Bark_Beetle",-0.55756,42.8095
"Eight-Toothed_Spruce_Bark_Beetle",7.12539,48.44041
"Eight-Toothed_Spruce_Bark_Beetle",7.1275,48.44408
"Eight-Toothed_Spruce_Bark_Beetle",7.12558,48.44057
"Eight-Toothed_Spruce_Bark_Beetle",6.9543,48.11677
"Eight-Toothed_Spruce_Bark_Beetle",7.12962,48.44312
"Eight-Toothed_Spruce_Bark_Beetle",6.21007,45.71476
"Eight-Toothed_Spruce_Bark_Beetle",7.12962,48.44312
"Eight-Toothed_Spruce_Bark_Beetle",7.12962,48.44312
"Eight-Toothed_Spruce_Bark_Beetle",6.21007,45.71476
"Eight-Toothed_Spruce_Bark_Beetle",7.08907,48.10722
"Eight-Toothed_Spruce_Bark_Beetle",7.09586,48.11876
"Eight-Toothed_Spruce_Bark_Beetle",5.89292,45.38668
"Eight-Toothed_Spruce_Bark_Beetle",0.61935,42.71382
"Eight-Toothed_Spruce_Bark_Beetle",6.25744,46.7748
"Eight-Toothed_Spruce_Bark_Beetle",5.88895,45.38305
"Eight-Toothed_Spruce_Bark_Beetle",5.84846,45.0866
"Eight-Toothed_Spruce_Bark_Beetle",7.1275,48.44408
"Eight-Toothed_Spruce_Bark_Beetle",7.28727,48.59958
"Eight-Toothed_Spruce_Bark_Beetle",7.1275,48.44408
"Eight-Toothed_Spruce_Bark_Beetle",7.12876,48.44394
"Eight-Toothed_Spruce_Bark_Beetle",7.09586,48.11876
"Eight-Toothed_Spruce_Bark_Beetle",7.42636,48.94947
"Eight-Toothed_Spruce_Bark_Beetle",7.12718,48.44341
"Eight-Toothed_Spruce_Bark_Beetle",6.60976,48.65137
"Eight-Toothed_Spruce_Bark_Beetle",7.28683,48.59789
"Eight-Toothed_Spruce_Bark_Beetle",7.09408,48.12241
"Eight-Toothed_Spruce_Bark_Beetle",7.33837,48.58456
"Eight-Toothed_Spruce_Bark_Beetle",7.12558,48.44057
"Eight-Toothed_Spruce_Bark_Beetle",7.12962,48.44312
"Eight-Toothed_Spruce_Bark_Beetle",7.12558,48.44057
"Eight-Toothed_Spruce_Bark_Beetle",3.81722,45.99501
"Eight-Toothed_Spruce_Bark_Beetle",7.12558,48.44057
"Eight-Toothed_Spruce_Bark_Beetle",6.21007,45.71476
"Eight-Toothed_Spruce_Bark_Beetle",7.23353,48.57769
"Eight-Toothed_Spruce_Bark_Beetle",5.76266,45.34194
"Eight-Toothed_Spruce_Bark_Beetle",6.21007,45.71476
"Eight-Toothed_Spruce_Bark_Beetle",7.12962,48.44312
"Eight-Toothed_Spruce_Bark_Beetle",7.08979,48.11043
"Eight-Toothed_Spruce_Bark_Beetle",7.08907,48.10722
"Eight-Toothed_Spruce_Bark_Beetle",7.12876,48.44394
"Eight-Toothed_Spruce_Bark_Beetle",7.09762,48.11784
"Eight-Toothed_Spruce_Bark_Beetle",7.27612,48.59163
"Eight-Toothed_Spruce_Bark_Beetle",6.21007,45.71476
"Eight-Toothed_Spruce_Bark_Beetle",3.80676,45.9941
"Eight-Toothed_Spruce_Bark_Beetle",7.1275,48.44408
"Eight-Toothed_Spruce_Bark_Beetle",7.09586,48.11876
"Eight-Toothed_Spruce_Bark_Beetle",7.12754,48.44388
"Eight-Toothed_Spruce_Bark_Beetle",-0.54852,42.79896
"Eight-Toothed_Spruce_Bark_Beetle",6.9543,48.11677
"Eight-Toothed_Spruce_Bark_Beetle",7.0894,48.1065
"Eight-Toothed_Spruce_Bark_Beetle",7.12876,48.44394
"Eight-Toothed_Spruce_Bark_Beetle",7.09395,48.12182
"Eight-Toothed_Spruce_Bark_Beetle",5.88915,45.38305
"Eight-Toothed_Spruce_Bark_Beetle",7.1275,48.44408
"Eight-Toothed_Spruce_Bark_Beetle",6.21007,45.71476
"Eight-Toothed_Spruce_Bark_Beetle",6.21007,45.71476
"Eight-Toothed_Spruce_Bark_Beetle",7.33837,48.58456
"Eight-Toothed_Spruce_Bark_Beetle",5.59116,45.20579
"Eight-Toothed_Spruce_Bark_Beetle",7.28683,48.59789
"Eight-Toothed_Spruce_Bark_Beetle",7.06892,47.94909
"Eight-Toothed_Spruce_Bark_Beetle",7.12876,48.44394
"Eight-Toothed_Spruce_Bark_Beetle",7.12877,48.44394
"Eight-Toothed_Spruce_Bark_Beetle",7.12718,48.44341
"Eight-Toothed_Spruce_Bark_Beetle",7.12558,48.44057
"Eight-Toothed_Spruce_Bark_Beetle",7.09408,48.12241
"Eight-Toothed_Spruce_Bark_Beetle",7.12718,48.44341
"Eight-Toothed_Spruce_Bark_Beetle",3.81722,45.99501
"Eight-Toothed_Spruce_Bark_Beetle",7.42511,48.95062
"Eight-Toothed_Spruce_Bark_Beetle",6.25989,46
"Eight-Toothed_Spruce_Bark_Beetle",7.27531,48.59193
"Eight-Toothed_Spruce_Bark_Beetle",7.12718,48.44341
"Eight-Toothed_Spruce_Bark_Beetle",7.09586,48.11876
"Eight-Toothed_Spruce_Bark_Beetle",7.12718,48.44341
"Eight-Toothed_Spruce_Bark_Beetle",6.40157,47.57038
"Eight-Toothed_Spruce_Bark_Beetle",7.12754,48.44388
"Eight-Toothed_Spruce_Bark_Beetle",7.12876,48.44394
"Eight-Toothed_Spruce_Bark_Beetle",7.08907,48.10722
"Eight-Toothed_Spruce_Bark_Beetle",7.08907,48.10722
"Eight-Toothed_Spruce_Bark_Beetle",7.12876,48.44394
"Eight-Toothed_Spruce_Bark_Beetle",7.33837,48.58456
"Eight-Toothed_Spruce_Bark_Beetle",7.28683,48.59789
"Eight-Toothed_Spruce_Bark_Beetle",7.09408,48.12241
"Eight-Toothed_Spruce_Bark_Beetle",6.40157,47.57038
"Eight-Toothed_Spruce_Bark_Beetle",7.12877,48.44394
"Eight-Toothed_Spruce_Bark_Beetle",7.12718,48.44341
"Eight-Toothed_Spruce_Bark_Beetle",7.12876,48.44394
"Eight-Toothed_Spruce_Bark_Beetle",5.84983,45.0869
"Eight-Toothed_Spruce_Bark_Beetle",7.09762,48.11784
"Eight-Toothed_Spruce_Bark_Beetle",-0.60132,42.91299
"Eight-Toothed_Spruce_Bark_Beetle",-0.60811,42.91075
"Eight-Toothed_Spruce_Bark_Beetle",7.23353,48.57769
"Eight-Toothed_Spruce_Bark_Beetle",7.12539,48.44041
"Eight-Toothed_Spruce_Bark_Beetle",7.12877,48.44394
"Eight-Toothed_Spruce_Bark_Beetle",7.12718,48.44341
"Eight-Toothed_Spruce_Bark_Beetle",7.12962,48.44312
"Eight-Toothed_Spruce_Bark_Beetle",7.09395,48.12182
"Eight-Toothed_Spruce_Bark_Beetle",5.89304,45.38668
"Eight-Toothed_Spruce_Bark_Beetle",7.12558,48.44057
"Eight-Toothed_Spruce_Bark_Beetle",7.28727,48.59958
"Eight-Toothed_Spruce_Bark_Beetle",7.12718,48.44341
"Eight-Toothed_Spruce_Bark_Beetle",7.42636,48.94947
"Eight-Toothed_Spruce_Bark_Beetle",7.05566,47.93487
"Eight-Toothed_Spruce_Bark_Beetle",7.12962,48.44312
"Eight-Toothed_Spruce_Bark_Beetle",7.12718,48.44341
"Eight-Toothed_Spruce_Bark_Beetle",7.12876,48.44394
"Eight-Toothed_Spruce_Bark_Beetle",7.12962,48.44312
"Eight-Toothed_Spruce_Bark_Beetle",7.27498,48.59185
"Eight-Toothed_Spruce_Bark_Beetle",6.61553,43.94344
"Eight-Toothed_Spruce_Bark_Beetle",7.12718,48.44341
"Eight-Toothed_Spruce_Bark_Beetle",7.09762,48.11784
"Eight-Toothed_Spruce_Bark_Beetle",5.60508,45.21476
"Eight-Toothed_Spruce_Bark_Beetle",6.21007,45.71476
"Eight-Toothed_Spruce_Bark_Beetle",6.92666,47.85721
"Eight-Toothed_Spruce_Bark_Beetle",7.12877,48.44394
"Eight-Toothed_Spruce_Bark_Beetle",7.12558,48.44057
"Eight-Toothed_Spruce_Bark_Beetle",7.09408,48.12241
"Eight-Toothed_Spruce_Bark_Beetle",7.42247,48.95303
"Eight-Toothed_Spruce_Bark_Beetle",5.84983,45.0869
"Eight-Toothed_Spruce_Bark_Beetle",7.33837,48.58456
"Eight-Toothed_Spruce_Bark_Beetle",7.12962,48.44312
"Eight-Toothed_Spruce_Bark_Beetle",7.12718,48.44341
"Eight-Toothed_Spruce_Bark_Beetle",6.40157,47.57038
"Eight-Toothed_Spruce_Bark_Beetle",7.12539,48.44041
"Eight-Toothed_Spruce_Bark_Beetle",7.12962,48.44312
"Eight-Toothed_Spruce_Bark_Beetle",7.12754,48.44388
"Eight-Toothed_Spruce_Bark_Beetle",7.12558,48.44057
"Eight-Toothed_Spruce_Bark_Beetle",7.06892,47.94909
"Eight-Toothed_Spruce_Bark_Beetle",7.12539,48.44041
"Eight-Toothed_Spruce_Bark_Beetle",7.19378,48.56528
"Eight-Toothed_Spruce_Bark_Beetle",6.67003,44.18961
"Eight-Toothed_Spruce_Bark_Beetle",7.12877,48.44394
"Eight-Toothed_Spruce_Bark_Beetle",7.12876,48.44394
"Eight-Toothed_Spruce_Bark_Beetle",7.12962,48.44312
"Eight-Toothed_Spruce_Bark_Beetle",7.28683,48.59789
"Eight-Toothed_Spruce_Bark_Beetle",6.04122,46.33398
"Eight-Toothed_Spruce_Bark_Beetle",7.12962,48.44312
"Eight-Toothed_Spruce_Bark_Beetle",7.09586,48.11876
"Eight-Toothed_Spruce_Bark_Beetle",7.12718,48.44341
"Eight-Toothed_Spruce_Bark_Beetle",6.89682,47.82828
"Eight-Toothed_Spruce_Bark_Beetle",6.89981,47.82846
"Eight-Toothed_Spruce_Bark_Beetle",6.90055,47.83183
"Eight-Toothed_Spruce_Bark_Beetle",6.89682,47.82828
"Eight-Toothed_Spruce_Bark_Beetle",6.89682,47.82828
"Eight-Toothed_Spruce_Bark_Beetle",6.89682,47.82828
"Eight-Toothed_Spruce_Bark_Beetle",6.89682,47.82828
"Eight-Toothed_Spruce_Bark_Beetle",5.47449,44.90557
"Eight-Toothed_Spruce_Bark_Beetle",6.89981,47.82846
"Eight-Toothed_Spruce_Bark_Beetle",6.89682,47.82828
"Eight-Toothed_Spruce_Bark_Beetle",7.28683,48.59789
"Eight-Toothed_Spruce_Bark_Beetle",7.09762,48.11784
"Eight-Toothed_Spruce_Bark_Beetle",6.89682,47.82828
"Eight-Toothed_Spruce_Bark_Beetle",6.89981,47.82846
"Eight-Toothed_Spruce_Bark_Beetle",7.12558,48.44057
"Eight-Toothed_Spruce_Bark_Beetle",6.89682,47.82828
"Eight-Toothed_Spruce_Bark_Beetle",6.89981,47.82846
"Eight-Toothed_Spruce_Bark_Beetle",6.89981,47.82846
"Eight-Toothed_Spruce_Bark_Beetle",6.89682,47.82828
"Eight-Toothed_Spruce_Bark_Beetle",6.89682,47.82828
"Eight-Toothed_Spruce_Bark_Beetle",6.89503,47.82655
"Eight-Toothed_Spruce_Bark_Beetle",6.89981,47.82846
"Eight-Toothed_Spruce_Bark_Beetle",5.84846,45.0866
"Eight-Toothed_Spruce_Bark_Beetle",7.09762,48.11784
"Eight-Toothed_Spruce_Bark_Beetle",6.96761,48.11813
"Eight-Toothed_Spruce_Bark_Beetle",7.35728,48.58366
"Eight-Toothed_Spruce_Bark_Beetle",5.84867,45.08578
"Eight-Toothed_Spruce_Bark_Beetle",7.09586,48.11876
"Eight-Toothed_Spruce_Bark_Beetle",6.26756,46.78661
"Eight-Toothed_Spruce_Bark_Beetle",7.12876,48.44394
"Eight-Toothed_Spruce_Bark_Beetle",7.272,48.59333
"Eight-Toothed_Spruce_Bark_Beetle",7.27572,48.59142
"Eight-Toothed_Spruce_Bark_Beetle",7.12962,48.44312
"Eight-Toothed_Spruce_Bark_Beetle",7.12558,48.44057
"Eight-Toothed_Spruce_Bark_Beetle",7.12962,48.44312
"Eight-Toothed_Spruce_Bark_Beetle",7.12539,48.44041
"Eight-Toothed_Spruce_Bark_Beetle",7.09586,48.11876
"Eight-Toothed_Spruce_Bark_Beetle",7.12877,48.44394
"Eight-Toothed_Spruce_Bark_Beetle",6.9543,48.11677
"Eight-Toothed_Spruce_Bark_Beetle",7.12718,48.44341
"Eight-Toothed_Spruce_Bark_Beetle",6.9543,48.11677
"Eight-Toothed_Spruce_Bark_Beetle",7.08852,48.11019
"Eight-Toothed_Spruce_Bark_Beetle",7.33837,48.58456
"Eight-Toothed_Spruce_Bark_Beetle",7.12558,48.44057
"Eight-Toothed_Spruce_Bark_Beetle",7.12539,48.44041
"Eight-Toothed_Spruce_Bark_Beetle",7.22333,48.56303
"Eight-Toothed_Spruce_Bark_Beetle",7.43523,48.94981
"Eight-Toothed_Spruce_Bark_Beetle",7.12962,48.44312
"Eight-Toothed_Spruce_Bark_Beetle",-0.9117,49.21215
"Eight-Toothed_Spruce_Bark_Beetle",7.63019,49.00965
"Eight-Toothed_Spruce_Bark_Beetle",7.33199,48.62858
"Eight-Toothed_Spruce_Bark_Beetle",7.20846,48.91315
"Eight-Toothed_Spruce_Bark_Beetle",7.64078,49.00972
"Eight-Toothed_Spruce_Bark_Beetle",7.35789,48.13417
"Eight-Toothed_Spruce_Bark_Beetle",7.35789,48.13417
"Eight-Toothed_Spruce_Bark_Beetle",6.10395,47.27419
"Eight-Toothed_Spruce_Bark_Beetle",7.35789,48.13417
"Eight-Toothed_Spruce_Bark_Beetle",3.51944,44.52917
"Eight-Toothed_Spruce_Bark_Beetle",7.35789,48.13417
"Eight-Toothed_Spruce_Bark_Beetle",7.79762,48.5517
"Eight-Toothed_Spruce_Bark_Beetle",7.35789,48.13417
"Eight-Toothed_Spruce_Bark_Beetle",3.8241,46.77068
"Eight-Toothed_Spruce_Bark_Beetle",7.35789,48.13417
"Eight-Toothed_Spruce_Bark_Beetle",7.57143,48.15572
"Eight-Toothed_Spruce_Bark_Beetle",7.56412,48.03544
"Eight-Toothed_Spruce_Bark_Beetle",7.30528,48.6209
"Eight-Toothed_Spruce_Bark_Beetle",7.35789,48.13417
"Eight-Toothed_Spruce_Bark_Beetle",7.40699,47.74956
"Eight-Toothed_Spruce_Bark_Beetle",4.64759,43.77797
"Eight-Toothed_Spruce_Bark_Beetle",7.36636,48.44321
"Eight-Toothed_Spruce_Bark_Beetle",7.38164,48.86949
"Eight-Toothed_Spruce_Bark_Beetle",6.0868,47.24182
"Eight-Toothed_Spruce_Bark_Beetle",7.31139,48.15064
"Eight-Toothed_Spruce_Bark_Beetle",3.66833,44.23278
"Eight-Toothed_Spruce_Bark_Beetle",6.10395,47.27419
"Eight-Toothed_Spruce_Bark_Beetle",7.40831,48.73134
"Eight-Toothed_Spruce_Bark_Beetle",7.56412,48.03544
"Eight-Toothed_Spruce_Bark_Beetle",7.34822,48.52005
"Eight-Toothed_Spruce_Bark_Beetle",7.35789,48.13417
"Eight-Toothed_Spruce_Bark_Beetle",7.56412,48.03544
"Eight-Toothed_Spruce_Bark_Beetle",7.30528,48.6209
"Eight-Toothed_Spruce_Bark_Beetle",3.82205,46.7707
"Eight-Toothed_Spruce_Bark_Beetle",6.10395,47.27419
"Eight-Toothed_Spruce_Bark_Beetle",7.36636,48.44321
"Eight-Toothed_Spruce_Bark_Beetle",3.8241,46.77068
"Eight-Toothed_Spruce_Bark_Beetle",7.35789,48.13417
"Eight-Toothed_Spruce_Bark_Beetle",7.34822,48.52005
"Eight-Toothed_Spruce_Bark_Beetle",7.79762,48.5517
"Eight-Toothed_Spruce_Bark_Beetle",5.82278,44.55736
"Eight-Toothed_Spruce_Bark_Beetle",7.79762,48.5517
"Eight-Toothed_Spruce_Bark_Beetle",0.73481,43.12486
"Eight-Toothed_Spruce_Bark_Beetle",7.35789,48.13417
"Eight-Toothed_Spruce_Bark_Beetle",7.34822,48.52005
"Eight-Toothed_Spruce_Bark_Beetle",7.23055,48.92686
"Eight-Toothed_Spruce_Bark_Beetle",7.57313,49.06484
"Eight-Toothed_Spruce_Bark_Beetle",-2.44978,47.87462
"Eight-Toothed_Spruce_Bark_Beetle",-2.42292,48.19925
"Eight-Toothed_Spruce_Bark_Beetle",-2.42292,48.19925
"Eight-Toothed_Spruce_Bark_Beetle",3.6623,46.7933
"Eight-Toothed_Spruce_Bark_Beetle",6.12326,47.28405
"Eight-Toothed_Spruce_Bark_Beetle",3.6623,46.7933
"Eight-Toothed_Spruce_Bark_Beetle",6.09805,47.28263
"Eight-Toothed_Spruce_Bark_Beetle",3.6623,46.7933
"Eight-Toothed_Spruce_Bark_Beetle",3.64984,46.86017
"Eight-Toothed_Spruce_Bark_Beetle",7.43483,47.75113
"Eight-Toothed_Spruce_Bark_Beetle",-2.42292,48.19925
"Eight-Toothed_Spruce_Bark_Beetle",7.4399,47.74687
"Eight-Toothed_Spruce_Bark_Beetle",-2.44978,47.87462
"Eight-Toothed_Spruce_Bark_Beetle",-2.42292,48.19925
"Eight-Toothed_Spruce_Bark_Beetle",-2.42292,48.19925
"Eight-Toothed_Spruce_Bark_Beetle",6.0978,47.28271
"Eight-Toothed_Spruce_Bark_Beetle",6.00391,47.22423
"Eight-Toothed_Spruce_Bark_Beetle",2.6125,48.55722
"Eight-Toothed_Spruce_Bark_Beetle",2.6125,48.55722
"Eight-Toothed_Spruce_Bark_Beetle",3.8956,45.02778
"Eight-Toothed_Spruce_Bark_Beetle",3.8956,45.02778
"Eight-Toothed_Spruce_Bark_Beetle",3.8956,45.02778
"Eight-Toothed_Spruce_Bark_Beetle",3.8956,45.02778
"Eight-Toothed_Spruce_Bark_Beetle",3.8956,45.02778
"Eight-Toothed_Spruce_Bark_Beetle",3.8956,45.02778
"Eight-Toothed_Spruce_Bark_Beetle",4.95646,47.23885
"Eight-Toothed_Spruce_Bark_Beetle",26.110672,59.425026
"Eight-Toothed_Spruce_Bark_Beetle",26.70662,58.4014
"Eight-Toothed_Spruce_Bark_Beetle",26.11107,59.42523
"Eight-Toothed_Spruce_Bark_Beetle",24.376067,58.896107
"Eight-Toothed_Spruce_Bark_Beetle",22.099247,58.302982
"Eight-Toothed_Spruce_Bark_Beetle",17.93126,59.03857
"Eight-Toothed_Spruce_Bark_Beetle",41.481264,57.829106
"Eight-Toothed_Spruce_Bark_Beetle",17.42281,59.46217
"Eight-Toothed_Spruce_Bark_Beetle",17.88807,59.40914
"Eight-Toothed_Spruce_Bark_Beetle",18.03111,63.96572
"Eight-Toothed_Spruce_Bark_Beetle",18.39911,63.62018
"Eight-Toothed_Spruce_Bark_Beetle",18.03797,64.20238
"Eight-Toothed_Spruce_Bark_Beetle",18.31952,63.7617
"Eight-Toothed_Spruce_Bark_Beetle",18.0626,63.93647
"Eight-Toothed_Spruce_Bark_Beetle",18.39911,63.62018
"Eight-Toothed_Spruce_Bark_Beetle",18.30148,63.81384
"Eight-Toothed_Spruce_Bark_Beetle",18.03797,64.20238
"Eight-Toothed_Spruce_Bark_Beetle",18.31952,63.7617
"Eight-Toothed_Spruce_Bark_Beetle",19.54447,63.69372
"Eight-Toothed_Spruce_Bark_Beetle",19.54447,63.69372
"Eight-Toothed_Spruce_Bark_Beetle",18.38753,63.61967
"Eight-Toothed_Spruce_Bark_Beetle",18.38753,63.61967
"Eight-Toothed_Spruce_Bark_Beetle",18.04367,63.87032
"Eight-Toothed_Spruce_Bark_Beetle",18.04367,63.87032
"Eight-Toothed_Spruce_Bark_Beetle",17.04972,64.23336
"Eight-Toothed_Spruce_Bark_Beetle",19.54447,63.69372
"Eight-Toothed_Spruce_Bark_Beetle",18.38753,63.61967
"Eight-Toothed_Spruce_Bark_Beetle",18.03797,64.20238
"Eight-Toothed_Spruce_Bark_Beetle",18.38753,63.61967
"Eight-Toothed_Spruce_Bark_Beetle",18.04367,63.87032
"Eight-Toothed_Spruce_Bark_Beetle",17.04972,64.23336
"Eight-Toothed_Spruce_Bark_Beetle",18.39911,63.62018
"Eight-Toothed_Spruce_Bark_Beetle",18.30148,63.81384
"Eight-Toothed_Spruce_Bark_Beetle",18.3627,63.80372
"Eight-Toothed_Spruce_Bark_Beetle",19.53559,63.66305
"Eight-Toothed_Spruce_Bark_Beetle",16.90517,64.00529
"Eight-Toothed_Spruce_Bark_Beetle",18.38753,63.61967
"Eight-Toothed_Spruce_Bark_Beetle",18.03797,64.20238
"Eight-Toothed_Spruce_Bark_Beetle",18.04367,63.87032
"Eight-Toothed_Spruce_Bark_Beetle",16.90517,64.00529
"Eight-Toothed_Spruce_Bark_Beetle",19.54447,63.69372
"Eight-Toothed_Spruce_Bark_Beetle",18.31952,63.7617
"Eight-Toothed_Spruce_Bark_Beetle",19.54447,63.69372
"Eight-Toothed_Spruce_Bark_Beetle",19.5337,63.64975
"Eight-Toothed_Spruce_Bark_Beetle",18.0626,63.93647
"Eight-Toothed_Spruce_Bark_Beetle",18.39911,63.62018
"Eight-Toothed_Spruce_Bark_Beetle",18.30148,63.81384
"Eight-Toothed_Spruce_Bark_Beetle",18.77273,63.72489
"Eight-Toothed_Spruce_Bark_Beetle",18.31952,63.7617
"Eight-Toothed_Spruce_Bark_Beetle",17.9766,64.20757
"Eight-Toothed_Spruce_Bark_Beetle",18.03111,63.96572
"Eight-Toothed_Spruce_Bark_Beetle",19.5337,63.64975
"Eight-Toothed_Spruce_Bark_Beetle",18.31952,63.7617
"Eight-Toothed_Spruce_Bark_Beetle",18.03948,64.19933
"Eight-Toothed_Spruce_Bark_Beetle",19.54447,63.69372
"Eight-Toothed_Spruce_Bark_Beetle",18.03111,63.96572
"Eight-Toothed_Spruce_Bark_Beetle",18.03111,63.96572
"Eight-Toothed_Spruce_Bark_Beetle",18.03797,64.20238
"Eight-Toothed_Spruce_Bark_Beetle",18.10549,63.86047
"Eight-Toothed_Spruce_Bark_Beetle",15.73337,56.84016
"Eight-Toothed_Spruce_Bark_Beetle",18.04367,63.87032
"Eight-Toothed_Spruce_Bark_Beetle",16.90433,64.00911
"Eight-Toothed_Spruce_Bark_Beetle",19.54447,63.69372
"Eight-Toothed_Spruce_Bark_Beetle",19.5337,63.64975
"Eight-Toothed_Spruce_Bark_Beetle",18.31952,63.7617
"Eight-Toothed_Spruce_Bark_Beetle",18.04367,63.87032
"Eight-Toothed_Spruce_Bark_Beetle",17.0511,64.28425
"Eight-Toothed_Spruce_Bark_Beetle",19.54447,63.69372
"Eight-Toothed_Spruce_Bark_Beetle",19.54447,63.69372
"Eight-Toothed_Spruce_Bark_Beetle",18.38753,63.61967
"Eight-Toothed_Spruce_Bark_Beetle",18.0626,63.93647
"Eight-Toothed_Spruce_Bark_Beetle",18.30148,63.81384
"Eight-Toothed_Spruce_Bark_Beetle",18.04367,63.87032
"Eight-Toothed_Spruce_Bark_Beetle",18.10549,63.86047
"Eight-Toothed_Spruce_Bark_Beetle",19.54447,63.69372
"Eight-Toothed_Spruce_Bark_Beetle",19.5337,63.64975
"Eight-Toothed_Spruce_Bark_Beetle",18.0626,63.93647
"Eight-Toothed_Spruce_Bark_Beetle",18.30148,63.81384
"Eight-Toothed_Spruce_Bark_Beetle",18.31952,63.7617
"Eight-Toothed_Spruce_Bark_Beetle",18.0626,63.93647
"Eight-Toothed_Spruce_Bark_Beetle",18.3627,63.80372
"Eight-Toothed_Spruce_Bark_Beetle",18.38753,63.61967
"Eight-Toothed_Spruce_Bark_Beetle",18.12566,63.83668
"Eight-Toothed_Spruce_Bark_Beetle",18.03948,64.19933
"Eight-Toothed_Spruce_Bark_Beetle",17.05365,64.23392
"Eight-Toothed_Spruce_Bark_Beetle",19.54447,63.69372
"Eight-Toothed_Spruce_Bark_Beetle",17.05365,64.23392
"Eight-Toothed_Spruce_Bark_Beetle",19.54447,63.69372
"Eight-Toothed_Spruce_Bark_Beetle",18.04367,63.87032
"Eight-Toothed_Spruce_Bark_Beetle",16.90517,64.00529
"Eight-Toothed_Spruce_Bark_Beetle",18.10549,63.86047
"Eight-Toothed_Spruce_Bark_Beetle",18.10549,63.86047
"Eight-Toothed_Spruce_Bark_Beetle",18.03797,64.20238
"Eight-Toothed_Spruce_Bark_Beetle",18.06474,63.93782
"Eight-Toothed_Spruce_Bark_Beetle",18.10549,63.86047
"Eight-Toothed_Spruce_Bark_Beetle",17.0511,64.28425
"Eight-Toothed_Spruce_Bark_Beetle",19.54447,63.69372
"Eight-Toothed_Spruce_Bark_Beetle",19.54447,63.69372
"Eight-Toothed_Spruce_Bark_Beetle",18.04367,63.87032
"Eight-Toothed_Spruce_Bark_Beetle",17.04972,64.23336
"Eight-Toothed_Spruce_Bark_Beetle",18.04367,63.87032
"Eight-Toothed_Spruce_Bark_Beetle",17.0511,64.28425
"Eight-Toothed_Spruce_Bark_Beetle",19.54447,63.69372
"Eight-Toothed_Spruce_Bark_Beetle",19.5337,63.64975
"Eight-Toothed_Spruce_Bark_Beetle",19.54447,63.69372
"Eight-Toothed_Spruce_Bark_Beetle",19.54447,63.69372
"Eight-Toothed_Spruce_Bark_Beetle",19.5337,63.64975
"Eight-Toothed_Spruce_Bark_Beetle",17.9766,64.20757
"Eight-Toothed_Spruce_Bark_Beetle",18.10549,63.86047
"Eight-Toothed_Spruce_Bark_Beetle",17.0511,64.28425
"Eight-Toothed_Spruce_Bark_Beetle",19.54447,63.69372
"Eight-Toothed_Spruce_Bark_Beetle",19.54447,63.69372
"Eight-Toothed_Spruce_Bark_Beetle",19.54447,63.69372
"Eight-Toothed_Spruce_Bark_Beetle",19.54447,63.69372
"Eight-Toothed_Spruce_Bark_Beetle",19.53559,63.66305
"Eight-Toothed_Spruce_Bark_Beetle",19.54447,63.69372
"Eight-Toothed_Spruce_Bark_Beetle",18.78283,63.72577
"Eight-Toothed_Spruce_Bark_Beetle",16.90433,64.00911
"Eight-Toothed_Spruce_Bark_Beetle",19.54447,63.69372
"Eight-Toothed_Spruce_Bark_Beetle",19.5337,63.64975
"Eight-Toothed_Spruce_Bark_Beetle",16.90433,64.00911
"Eight-Toothed_Spruce_Bark_Beetle",18.38753,63.61967
"Eight-Toothed_Spruce_Bark_Beetle",19.53559,63.66305
"Eight-Toothed_Spruce_Bark_Beetle",18.04367,63.87032
"Eight-Toothed_Spruce_Bark_Beetle",16.90517,64.00529
"Eight-Toothed_Spruce_Bark_Beetle",19.54447,63.69372
"Eight-Toothed_Spruce_Bark_Beetle",19.5337,63.64975
"Eight-Toothed_Spruce_Bark_Beetle",19.54447,63.69372
"Eight-Toothed_Spruce_Bark_Beetle",16.44033,59.06499
"Eight-Toothed_Spruce_Bark_Beetle",17.05365,64.23392
"Eight-Toothed_Spruce_Bark_Beetle",19.54447,63.69372
"Eight-Toothed_Spruce_Bark_Beetle",17.05365,64.23392
"Eight-Toothed_Spruce_Bark_Beetle",19.54447,63.69372
"Eight-Toothed_Spruce_Bark_Beetle",18.0626,63.93647
"Eight-Toothed_Spruce_Bark_Beetle",18.10549,63.86047
"Eight-Toothed_Spruce_Bark_Beetle",17.0511,64.28425
"Eight-Toothed_Spruce_Bark_Beetle",18.38753,63.61967
"Eight-Toothed_Spruce_Bark_Beetle",19.54447,63.69372
"Eight-Toothed_Spruce_Bark_Beetle",18.12566,63.83668
"Eight-Toothed_Spruce_Bark_Beetle",18.03948,64.19933
"Eight-Toothed_Spruce_Bark_Beetle",18.04367,63.87032
"Eight-Toothed_Spruce_Bark_Beetle",17.05365,64.23392
"Eight-Toothed_Spruce_Bark_Beetle",18.10549,63.86047
"Eight-Toothed_Spruce_Bark_Beetle",19.54447,63.69372
"Eight-Toothed_Spruce_Bark_Beetle",18.10549,63.86047
"Eight-Toothed_Spruce_Bark_Beetle",19.54447,63.69372
"Eight-Toothed_Spruce_Bark_Beetle",19.5337,63.64975
"Eight-Toothed_Spruce_Bark_Beetle",19.54447,63.69372
"Eight-Toothed_Spruce_Bark_Beetle",18.10549,63.86047
"Eight-Toothed_Spruce_Bark_Beetle",18.03948,64.19933
"Eight-Toothed_Spruce_Bark_Beetle",19.54447,63.69372
"Eight-Toothed_Spruce_Bark_Beetle",19.54447,63.69372
"Eight-Toothed_Spruce_Bark_Beetle",18.78283,63.72577
"Eight-Toothed_Spruce_Bark_Beetle",19.5337,63.64975
"Eight-Toothed_Spruce_Bark_Beetle",17.05365,64.23392
"Eight-Toothed_Spruce_Bark_Beetle",18.10549,63.86047
"Eight-Toothed_Spruce_Bark_Beetle",19.54447,63.69372
"Eight-Toothed_Spruce_Bark_Beetle",19.54447,63.69372
"Eight-Toothed_Spruce_Bark_Beetle",19.5337,63.64975
"Eight-Toothed_Spruce_Bark_Beetle",18.10549,63.86047
"Eight-Toothed_Spruce_Bark_Beetle",19.54447,63.69372
"Eight-Toothed_Spruce_Bark_Beetle",19.54447,63.69372
"Eight-Toothed_Spruce_Bark_Beetle",18.38753,63.61967
"Eight-Toothed_Spruce_Bark_Beetle",19.54447,63.69372
"Eight-Toothed_Spruce_Bark_Beetle",18.03797,64.20238
"Eight-Toothed_Spruce_Bark_Beetle",18.39911,63.62018
"Eight-Toothed_Spruce_Bark_Beetle",18.12566,63.83668
"Eight-Toothed_Spruce_Bark_Beetle",17.9766,64.20757
"Eight-Toothed_Spruce_Bark_Beetle",16.90433,64.00911
"Eight-Toothed_Spruce_Bark_Beetle",19.54447,63.69372
"Eight-Toothed_Spruce_Bark_Beetle",18.04367,63.87032
"Eight-Toothed_Spruce_Bark_Beetle",17.0511,64.28425
"Eight-Toothed_Spruce_Bark_Beetle",19.54447,63.69372
"Eight-Toothed_Spruce_Bark_Beetle",19.54447,63.69372
"Eight-Toothed_Spruce_Bark_Beetle",18.10549,63.86047
"Eight-Toothed_Spruce_Bark_Beetle",17.0511,64.28425
"Eight-Toothed_Spruce_Bark_Beetle",19.54447,63.69372
"Eight-Toothed_Spruce_Bark_Beetle",19.54447,63.69372
"Eight-Toothed_Spruce_Bark_Beetle",19.54447,63.69372
"Eight-Toothed_Spruce_Bark_Beetle",16.90433,64.00911
"Eight-Toothed_Spruce_Bark_Beetle",19.54447,63.69372
"Eight-Toothed_Spruce_Bark_Beetle",18.10549,63.86047
"Eight-Toothed_Spruce_Bark_Beetle",19.54447,63.69372
"Eight-Toothed_Spruce_Bark_Beetle",18.10549,63.86047
"Eight-Toothed_Spruce_Bark_Beetle",18.03948,64.19933
"Eight-Toothed_Spruce_Bark_Beetle",26.256,58.883
"Eight-Toothed_Spruce_Bark_Beetle",27.259041,58.288114
"Eight-Toothed_Spruce_Bark_Beetle",27.311586,58.26173
"Eight-Toothed_Spruce_Bark_Beetle",27.314386,58.26552
"Eight-Toothed_Spruce_Bark_Beetle",27.314386,58.26552
"Eight-Toothed_Spruce_Bark_Beetle",27.314386,58.26552
"Eight-Toothed_Spruce_Bark_Beetle",27.311454,58.26685
"Eight-Toothed_Spruce_Bark_Beetle",27.259041,58.288114
"Eight-Toothed_Spruce_Bark_Beetle",27.311586,58.26173
"Eight-Toothed_Spruce_Bark_Beetle",27.314386,58.26552
"Eight-Toothed_Spruce_Bark_Beetle",26.67,58.21
"Eight-Toothed_Spruce_Bark_Beetle",26.3194,59.4833
"Eight-Toothed_Spruce_Bark_Beetle",26.3194,59.4833
"Eight-Toothed_Spruce_Bark_Beetle",26.256,58.883
"Eight-Toothed_Spruce_Bark_Beetle",27.314386,58.26552
"Eight-Toothed_Spruce_Bark_Beetle",26.3194,59.4833
"Eight-Toothed_Spruce_Bark_Beetle",27.311454,58.26685
"Eight-Toothed_Spruce_Bark_Beetle",27.314386,58.26552
"Eight-Toothed_Spruce_Bark_Beetle",27.314386,58.26552
"Eight-Toothed_Spruce_Bark_Beetle",26.67,58.21
"Eight-Toothed_Spruce_Bark_Beetle",26.67,58.21
"Eight-Toothed_Spruce_Bark_Beetle",27.311586,58.26173
"Eight-Toothed_Spruce_Bark_Beetle",27.314386,58.26552
"Eight-Toothed_Spruce_Bark_Beetle",27.314386,58.26552
"Eight-Toothed_Spruce_Bark_Beetle",26.256,58.883
"Eight-Toothed_Spruce_Bark_Beetle",27.259041,58.288114
"Eight-Toothed_Spruce_Bark_Beetle",27.314386,58.26552
"Eight-Toothed_Spruce_Bark_Beetle",27.314386,58.26552
"Eight-Toothed_Spruce_Bark_Beetle",27.314386,58.26552
"Eight-Toothed_Spruce_Bark_Beetle",27.314386,58.26552
"Eight-Toothed_Spruce_Bark_Beetle",26.67,58.21
"Eight-Toothed_Spruce_Bark_Beetle",27.311454,58.26685
"Eight-Toothed_Spruce_Bark_Beetle",27.259041,58.288114
"Eight-Toothed_Spruce_Bark_Beetle",27.311586,58.26173
"Eight-Toothed_Spruce_Bark_Beetle",27.314386,58.26552
"Eight-Toothed_Spruce_Bark_Beetle",27.314386,58.26552
"Eight-Toothed_Spruce_Bark_Beetle",26.67,58.21
"Eight-Toothed_Spruce_Bark_Beetle",26.3194,59.4833
"Eight-Toothed_Spruce_Bark_Beetle",26.256,58.883
"Eight-Toothed_Spruce_Bark_Beetle",27.314386,58.26552
"Eight-Toothed_Spruce_Bark_Beetle",27.314386,58.26552
"Eight-Toothed_Spruce_Bark_Beetle",27.314386,58.26552
"Eight-Toothed_Spruce_Bark_Beetle",24.0709,58.8833
"Eight-Toothed_Spruce_Bark_Beetle",17.1394,60.07353
"Eight-Toothed_Spruce_Bark_Beetle",25.716667,59.366667
"Eight-Toothed_Spruce_Bark_Beetle",25.716667,59.366667
"Eight-Toothed_Spruce_Bark_Beetle",27.316667,57.916667
"Eight-Toothed_Spruce_Bark_Beetle",25.716667,59.366667
"Eight-Toothed_Spruce_Bark_Beetle",18.0029,59.89621
"Eight-Toothed_Spruce_Bark_Beetle",17.68602,59.79387
"Eight-Toothed_Spruce_Bark_Beetle",17.9964,59.9048
"Eight-Toothed_Spruce_Bark_Beetle",17.99521,59.8941
"Eight-Toothed_Spruce_Bark_Beetle",12.48671,55.807264
"Eight-Toothed_Spruce_Bark_Beetle",15.39866,66.826
"Eight-Toothed_Spruce_Bark_Beetle",20.00725,64.35873
"Eight-Toothed_Spruce_Bark_Beetle",18.54198,63.97311
"Eight-Toothed_Spruce_Bark_Beetle",20.29782,64.24118
"Eight-Toothed_Spruce_Bark_Beetle",20.28405,64.27496
"Eight-Toothed_Spruce_Bark_Beetle",20.28293,64.27569
"Eight-Toothed_Spruce_Bark_Beetle",20.01492,64.35787
"Eight-Toothed_Spruce_Bark_Beetle",20.30108,64.23884
"Eight-Toothed_Spruce_Bark_Beetle",18.54393,63.97394
"Eight-Toothed_Spruce_Bark_Beetle",20.01652,64.35841
"Eight-Toothed_Spruce_Bark_Beetle",20.00717,64.35834
"Eight-Toothed_Spruce_Bark_Beetle",20.30141,64.24088
"Eight-Toothed_Spruce_Bark_Beetle",20.28143,64.27503
"Eight-Toothed_Spruce_Bark_Beetle",20.0166,64.35869
"Eight-Toothed_Spruce_Bark_Beetle",18.53797,63.97858
"Eight-Toothed_Spruce_Bark_Beetle",20.30281,64.23972
"Eight-Toothed_Spruce_Bark_Beetle",18.53666,63.97932
"Eight-Toothed_Spruce_Bark_Beetle",18.53797,63.97858
"Eight-Toothed_Spruce_Bark_Beetle",18.54216,63.97431
"Eight-Toothed_Spruce_Bark_Beetle",20.30401,64.23897
"Eight-Toothed_Spruce_Bark_Beetle",20.28255,64.27412
"Eight-Toothed_Spruce_Bark_Beetle",20.00747,64.35999
"Eight-Toothed_Spruce_Bark_Beetle",20.29612,64.24039
"Eight-Toothed_Spruce_Bark_Beetle",20.29484,64.24136
"Eight-Toothed_Spruce_Bark_Beetle",20.01375,64.35849
"Eight-Toothed_Spruce_Bark_Beetle",20.00854,64.35892
"Eight-Toothed_Spruce_Bark_Beetle",18.57012,64.3171
"Eight-Toothed_Spruce_Bark_Beetle",20.29652,64.24194
"Eight-Toothed_Spruce_Bark_Beetle",20.29621,64.24066
"Eight-Toothed_Spruce_Bark_Beetle",17.40737,62.6861
"Eight-Toothed_Spruce_Bark_Beetle",20.01495,64.35819
"Eight-Toothed_Spruce_Bark_Beetle",18.5348,63.97807
"Eight-Toothed_Spruce_Bark_Beetle",20.77903,64.36141
"Eight-Toothed_Spruce_Bark_Beetle",19.48416,64.29702
"Eight-Toothed_Spruce_Bark_Beetle",18.53663,63.97911
"Eight-Toothed_Spruce_Bark_Beetle",20.30108,64.23913
"Eight-Toothed_Spruce_Bark_Beetle",20.77809,64.36243
"Eight-Toothed_Spruce_Bark_Beetle",16.1907,58.70968
"Eight-Toothed_Spruce_Bark_Beetle",19.49648,64.35293
"Eight-Toothed_Spruce_Bark_Beetle",20.28276,64.27529
"Eight-Toothed_Spruce_Bark_Beetle",9.961729,51.526129
"Eight-Toothed_Spruce_Bark_Beetle",9.527206,56.13189
"Eight-Toothed_Spruce_Bark_Beetle",37.297132,55.928348
"Eight-Toothed_Spruce_Bark_Beetle",21.4323,65.5512
"Eight-Toothed_Spruce_Bark_Beetle",16.26066,58.28117
"Eight-Toothed_Spruce_Bark_Beetle",10.999928,50.511188
"Eight-Toothed_Spruce_Bark_Beetle",9.156342,50.654095
"Eight-Toothed_Spruce_Bark_Beetle",20.45139,63.79463
"Eight-Toothed_Spruce_Bark_Beetle",17.13348,62.65446
"Eight-Toothed_Spruce_Bark_Beetle",20.45152,63.79497
"Eight-Toothed_Spruce_Bark_Beetle",20.45103,63.79459
"Eight-Toothed_Spruce_Bark_Beetle",20.45142,63.79447
"Eight-Toothed_Spruce_Bark_Beetle",20.45139,63.79463
"Eight-Toothed_Spruce_Bark_Beetle",16.52423,59.70103
"Eight-Toothed_Spruce_Bark_Beetle",16.78766,58.63118
"Eight-Toothed_Spruce_Bark_Beetle",17.41028,62.71278
"Eight-Toothed_Spruce_Bark_Beetle",20.45142,63.79447
"Eight-Toothed_Spruce_Bark_Beetle",19.81928,63.75487
"Eight-Toothed_Spruce_Bark_Beetle",20.31161,63.75061
"Eight-Toothed_Spruce_Bark_Beetle",18.21975,62.79926
"Eight-Toothed_Spruce_Bark_Beetle",20.31161,63.75061
"Eight-Toothed_Spruce_Bark_Beetle",20.45273,63.79757
"Eight-Toothed_Spruce_Bark_Beetle",20.45152,63.79497
"Eight-Toothed_Spruce_Bark_Beetle",20.45142,63.79447
"Eight-Toothed_Spruce_Bark_Beetle",16.72959,60.12436
"Eight-Toothed_Spruce_Bark_Beetle",20.45103,63.79459
"Eight-Toothed_Spruce_Bark_Beetle",20.45139,63.79463
"Eight-Toothed_Spruce_Bark_Beetle",20.45127,63.79495
"Eight-Toothed_Spruce_Bark_Beetle",17.41348,62.70115
"Eight-Toothed_Spruce_Bark_Beetle",17.40347,62.70415
"Eight-Toothed_Spruce_Bark_Beetle",20.45127,63.79495
"Eight-Toothed_Spruce_Bark_Beetle",15.82213,60.86003
"Eight-Toothed_Spruce_Bark_Beetle",20.29106,63.65936
"Eight-Toothed_Spruce_Bark_Beetle",16.81564,59.84588
"Eight-Toothed_Spruce_Bark_Beetle",19.60386,64.07641
"Eight-Toothed_Spruce_Bark_Beetle",13.8724,57.88341
"Eight-Toothed_Spruce_Bark_Beetle",18.14134,60.38439
"Eight-Toothed_Spruce_Bark_Beetle",19.76213,63.74328
"Eight-Toothed_Spruce_Bark_Beetle",20.31161,63.75061
"Eight-Toothed_Spruce_Bark_Beetle",29.763038,62.145541
"Eight-Toothed_Spruce_Bark_Beetle",15.403196,46.948831
"Eight-Toothed_Spruce_Bark_Beetle",28.03244,63.26791
"Eight-Toothed_Spruce_Bark_Beetle",26.175854,61.143602
"Eight-Toothed_Spruce_Bark_Beetle",11.380834,48.155413
"Eight-Toothed_Spruce_Bark_Beetle",8.188726,48.606034
"Eight-Toothed_Spruce_Bark_Beetle",15.708889,48.545278
"Eight-Toothed_Spruce_Bark_Beetle",17.40752,62.67688
"Eight-Toothed_Spruce_Bark_Beetle",14.77077,56.95038
"Eight-Toothed_Spruce_Bark_Beetle",17.40968,62.70919
"Eight-Toothed_Spruce_Bark_Beetle",18.14242,59.54457
"Eight-Toothed_Spruce_Bark_Beetle",17.41287,62.68282
"Eight-Toothed_Spruce_Bark_Beetle",17.4825,59.47503
"Eight-Toothed_Spruce_Bark_Beetle",16.3565,59.12242
"Eight-Toothed_Spruce_Bark_Beetle",16.35075,59.1296
"Eight-Toothed_Spruce_Bark_Beetle",12.32378,57.68372
"Eight-Toothed_Spruce_Bark_Beetle",20.58681,64.19699
"Eight-Toothed_Spruce_Bark_Beetle",16.94987,63.71511
"Eight-Toothed_Spruce_Bark_Beetle",18.35681,63.07737
"Eight-Toothed_Spruce_Bark_Beetle",17.4825,59.47503
"Eight-Toothed_Spruce_Bark_Beetle",16.1541,59.15502
"Eight-Toothed_Spruce_Bark_Beetle",17.4825,59.47503
"Eight-Toothed_Spruce_Bark_Beetle",6.68301,46.97107
"Eight-Toothed_Spruce_Bark_Beetle",9.11534,47.0063
"Eight-Toothed_Spruce_Bark_Beetle",9.11534,47.0063
"Eight-Toothed_Spruce_Bark_Beetle",9.11534,47.0063
"Eight-Toothed_Spruce_Bark_Beetle",9.11534,47.0063
"Eight-Toothed_Spruce_Bark_Beetle",9.11534,47.0063
"Eight-Toothed_Spruce_Bark_Beetle",9.11534,47.0063
"Eight-Toothed_Spruce_Bark_Beetle",9.11534,47.0063
"Eight-Toothed_Spruce_Bark_Beetle",9.11534,47.0063
"Eight-Toothed_Spruce_Bark_Beetle",9.11534,47.0063
"Eight-Toothed_Spruce_Bark_Beetle",9.11534,47.0063
"Eight-Toothed_Spruce_Bark_Beetle",9.11534,47.0063
"Eight-Toothed_Spruce_Bark_Beetle",9.11534,47.0063
"Eight-Toothed_Spruce_Bark_Beetle",9.11534,47.0063
"Eight-Toothed_Spruce_Bark_Beetle",9.11534,47.0063
"Eight-Toothed_Spruce_Bark_Beetle",9.11534,47.0063
"Eight-Toothed_Spruce_Bark_Beetle",9.11534,47.0063
"Eight-Toothed_Spruce_Bark_Beetle",9.11534,47.0063
"Eight-Toothed_Spruce_Bark_Beetle",9.11534,47.0063
"Eight-Toothed_Spruce_Bark_Beetle",9.11534,47.0063
"Eight-Toothed_Spruce_Bark_Beetle",9.11534,47.0063
"Eight-Toothed_Spruce_Bark_Beetle",9.11534,47.0063
"Eight-Toothed_Spruce_Bark_Beetle",9.11534,47.0063
"Eight-Toothed_Spruce_Bark_Beetle",9.11534,47.0063
"Eight-Toothed_Spruce_Bark_Beetle",9.11534,47.0063
"Eight-Toothed_Spruce_Bark_Beetle",9.11534,47.0063
"Eight-Toothed_Spruce_Bark_Beetle",9.11534,47.0063
"Eight-Toothed_Spruce_Bark_Beetle",9.11534,47.0063
"Eight-Toothed_Spruce_Bark_Beetle",9.11534,47.0063
"Eight-Toothed_Spruce_Bark_Beetle",9.11534,47.0063
"Eight-Toothed_Spruce_Bark_Beetle",9.11534,47.0063
"Eight-Toothed_Spruce_Bark_Beetle",9.11534,47.0063
"Eight-Toothed_Spruce_Bark_Beetle",8.92686,47.32377
"Eight-Toothed_Spruce_Bark_Beetle",8.92686,47.32377
"Eight-Toothed_Spruce_Bark_Beetle",8.92686,47.32377
"Eight-Toothed_Spruce_Bark_Beetle",8.92686,47.32377
"Eight-Toothed_Spruce_Bark_Beetle",8.92686,47.32377
"Eight-Toothed_Spruce_Bark_Beetle",8.92686,47.32377
"Eight-Toothed_Spruce_Bark_Beetle",8.92686,47.32377
"Eight-Toothed_Spruce_Bark_Beetle",8.92686,47.32377
"Eight-Toothed_Spruce_Bark_Beetle",8.92686,47.32377
"Eight-Toothed_Spruce_Bark_Beetle",8.92686,47.32377
"Eight-Toothed_Spruce_Bark_Beetle",8.92686,47.32377
"Eight-Toothed_Spruce_Bark_Beetle",8.92686,47.32377
"Eight-Toothed_Spruce_Bark_Beetle",8.92686,47.32377
"Eight-Toothed_Spruce_Bark_Beetle",8.92686,47.32377
"Eight-Toothed_Spruce_Bark_Beetle",8.92686,47.32377
"Eight-Toothed_Spruce_Bark_Beetle",8.92686,47.32377
"Eight-Toothed_Spruce_Bark_Beetle",8.92686,47.32377
"Eight-Toothed_Spruce_Bark_Beetle",8.92686,47.32377
"Eight-Toothed_Spruce_Bark_Beetle",8.92686,47.32377
"Eight-Toothed_Spruce_Bark_Beetle",8.92686,47.32377
"Eight-Toothed_Spruce_Bark_Beetle",8.92686,47.32377
"Eight-Toothed_Spruce_Bark_Beetle",8.92686,47.32377
"Eight-Toothed_Spruce_Bark_Beetle",8.92686,47.32377
"Eight-Toothed_Spruce_Bark_Beetle",8.92686,47.32377
"Eight-Toothed_Spruce_Bark_Beetle",8.92686,47.32377
"Eight-Toothed_Spruce_Bark_Beetle",8.92686,47.32377
"Eight-Toothed_Spruce_Bark_Beetle",8.92686,47.32377
"Eight-Toothed_Spruce_Bark_Beetle",8.92686,47.32377
"Eight-Toothed_Spruce_Bark_Beetle",8.92686,47.32377
"Eight-Toothed_Spruce_Bark_Beetle",8.92686,47.32377
"Eight-Toothed_Spruce_Bark_Beetle",8.92686,47.32377
"Eight-Toothed_Spruce_Bark_Beetle",8.92686,47.32377
"Eight-Toothed_Spruce_Bark_Beetle",8.92686,47.32377
"Eight-Toothed_Spruce_Bark_Beetle",8.92686,47.32377
"Eight-Toothed_Spruce_Bark_Beetle",8.92686,47.32377
"Eight-Toothed_Spruce_Bark_Beetle",8.92686,47.32377
"Eight-Toothed_Spruce_Bark_Beetle",8.92686,47.32377
"Eight-Toothed_Spruce_Bark_Beetle",8.92686,47.32377
"Eight-Toothed_Spruce_Bark_Beetle",8.92686,47.32377
"Eight-Toothed_Spruce_Bark_Beetle",8.92686,47.32377
"Eight-Toothed_Spruce_Bark_Beetle",8.92686,47.32377
"Eight-Toothed_Spruce_Bark_Beetle",8.92686,47.32377
"Eight-Toothed_Spruce_Bark_Beetle",8.26202,47.10555
"Eight-Toothed_Spruce_Bark_Beetle",8.26202,47.10555
"Eight-Toothed_Spruce_Bark_Beetle",8.26202,47.10555
"Eight-Toothed_Spruce_Bark_Beetle",8.26202,47.10555
"Eight-Toothed_Spruce_Bark_Beetle",8.26202,47.10555
"Eight-Toothed_Spruce_Bark_Beetle",8.26202,47.10555
"Eight-Toothed_Spruce_Bark_Beetle",8.26202,47.10555
"Eight-Toothed_Spruce_Bark_Beetle",8.26202,47.10555
"Eight-Toothed_Spruce_Bark_Beetle",8.26202,47.10555
"Eight-Toothed_Spruce_Bark_Beetle",8.26202,47.10555
"Eight-Toothed_Spruce_Bark_Beetle",8.26202,47.10555
"Eight-Toothed_Spruce_Bark_Beetle",8.26202,47.10555
"Eight-Toothed_Spruce_Bark_Beetle",8.26202,47.10555
"Eight-Toothed_Spruce_Bark_Beetle",8.26202,47.10555
"Eight-Toothed_Spruce_Bark_Beetle",8.26202,47.10555
"Eight-Toothed_Spruce_Bark_Beetle",8.26202,47.10555
"Eight-Toothed_Spruce_Bark_Beetle",8.26202,47.10555
"Eight-Toothed_Spruce_Bark_Beetle",8.26202,47.10555
"Eight-Toothed_Spruce_Bark_Beetle",8.26202,47.10555
"Eight-Toothed_Spruce_Bark_Beetle",8.26202,47.10555
"Eight-Toothed_Spruce_Bark_Beetle",8.26202,47.10555
"Eight-Toothed_Spruce_Bark_Beetle",8.26202,47.10555
"Eight-Toothed_Spruce_Bark_Beetle",8.26202,47.10555
"Eight-Toothed_Spruce_Bark_Beetle",8.26202,47.10555
"Eight-Toothed_Spruce_Bark_Beetle",8.26202,47.10555
"Eight-Toothed_Spruce_Bark_Beetle",8.26202,47.10555
"Eight-Toothed_Spruce_Bark_Beetle",8.26202,47.10555
"Eight-Toothed_Spruce_Bark_Beetle",8.26202,47.10555
"Eight-Toothed_Spruce_Bark_Beetle",8.26202,47.10555
"Eight-Toothed_Spruce_Bark_Beetle",8.26202,47.10555
"Eight-Toothed_Spruce_Bark_Beetle",8.26202,47.10555
"Eight-Toothed_Spruce_Bark_Beetle",8.26202,47.10555
"Eight-Toothed_Spruce_Bark_Beetle",8.26202,47.10555
"Eight-Toothed_Spruce_Bark_Beetle",8.26202,47.10555
"Eight-Toothed_Spruce_Bark_Beetle",8.26202,47.10555
"Eight-Toothed_Spruce_Bark_Beetle",8.26202,47.10555
"Eight-Toothed_Spruce_Bark_Beetle",8.26202,47.10555
"Eight-Toothed_Spruce_Bark_Beetle",8.26202,47.10555
"Eight-Toothed_Spruce_Bark_Beetle",8.26202,47.10555
"Eight-Toothed_Spruce_Bark_Beetle",8.26202,47.10555
"Eight-Toothed_Spruce_Bark_Beetle",8.26202,47.10555
"Eight-Toothed_Spruce_Bark_Beetle",8.26202,47.10555
"Eight-Toothed_Spruce_Bark_Beetle",8.26202,47.10555
"Eight-Toothed_Spruce_Bark_Beetle",8.26202,47.10555
"Eight-Toothed_Spruce_Bark_Beetle",8.26202,47.10555
"Eight-Toothed_Spruce_Bark_Beetle",8.26202,47.10555
"Eight-Toothed_Spruce_Bark_Beetle",8.26202,47.10555
"Eight-Toothed_Spruce_Bark_Beetle",8.26202,47.10555
"Eight-Toothed_Spruce_Bark_Beetle",8.26202,47.10555
"Eight-Toothed_Spruce_Bark_Beetle",8.26202,47.10555
"Eight-Toothed_Spruce_Bark_Beetle",8.26202,47.10555
"Eight-Toothed_Spruce_Bark_Beetle",8.26202,47.10555
"Eight-Toothed_Spruce_Bark_Beetle",8.26202,47.10555
"Eight-Toothed_Spruce_Bark_Beetle",8.26202,47.10555
"Eight-Toothed_Spruce_Bark_Beetle",8.26202,47.10555
"Eight-Toothed_Spruce_Bark_Beetle",8.26202,47.10555
"Eight-Toothed_Spruce_Bark_Beetle",8.26202,47.10555
"Eight-Toothed_Spruce_Bark_Beetle",8.26202,47.10555
"Eight-Toothed_Spruce_Bark_Beetle",8.26202,47.10555
"Eight-Toothed_Spruce_Bark_Beetle",8.26202,47.10555
"Eight-Toothed_Spruce_Bark_Beetle",8.26202,47.10555
"Eight-Toothed_Spruce_Bark_Beetle",8.26202,47.10555
"Eight-Toothed_Spruce_Bark_Beetle",8.26202,47.10555
"Eight-Toothed_Spruce_Bark_Beetle",8.26202,47.10555
"Eight-Toothed_Spruce_Bark_Beetle",8.26202,47.10555
"Eight-Toothed_Spruce_Bark_Beetle",8.26202,47.10555
"Eight-Toothed_Spruce_Bark_Beetle",8.26202,47.10555
"Eight-Toothed_Spruce_Bark_Beetle",8.26202,47.10555
"Eight-Toothed_Spruce_Bark_Beetle",8.26202,47.10555
"Eight-Toothed_Spruce_Bark_Beetle",8.26202,47.10555
"Eight-Toothed_Spruce_Bark_Beetle",8.26202,47.10555
"Eight-Toothed_Spruce_Bark_Beetle",8.26202,47.10555
"Eight-Toothed_Spruce_Bark_Beetle",8.26202,47.10555
"Eight-Toothed_Spruce_Bark_Beetle",8.26202,47.10555
"Eight-Toothed_Spruce_Bark_Beetle",8.26202,47.10555
"Eight-Toothed_Spruce_Bark_Beetle",8.26202,47.10555
"Eight-Toothed_Spruce_Bark_Beetle",8.26202,47.10555
"Eight-Toothed_Spruce_Bark_Beetle",8.26202,47.10555
"Eight-Toothed_Spruce_Bark_Beetle",8.26202,47.10555
"Eight-Toothed_Spruce_Bark_Beetle",8.26202,47.10555
"Eight-Toothed_Spruce_Bark_Beetle",8.26202,47.10555
"Eight-Toothed_Spruce_Bark_Beetle",9.11534,47.0063
"Eight-Toothed_Spruce_Bark_Beetle",9.11534,47.0063
"Eight-Toothed_Spruce_Bark_Beetle",9.11534,47.0063
"Eight-Toothed_Spruce_Bark_Beetle",9.11534,47.0063
"Eight-Toothed_Spruce_Bark_Beetle",9.11534,47.0063
"Eight-Toothed_Spruce_Bark_Beetle",9.11534,47.0063
"Eight-Toothed_Spruce_Bark_Beetle",9.11534,47.0063
"Eight-Toothed_Spruce_Bark_Beetle",9.11534,47.0063
"Eight-Toothed_Spruce_Bark_Beetle",9.11534,47.0063
"Eight-Toothed_Spruce_Bark_Beetle",9.11534,47.0063
"Eight-Toothed_Spruce_Bark_Beetle",9.11534,47.0063
"Eight-Toothed_Spruce_Bark_Beetle",9.11534,47.0063
"Eight-Toothed_Spruce_Bark_Beetle",9.11534,47.0063
"Eight-Toothed_Spruce_Bark_Beetle",9.11534,47.0063
"Eight-Toothed_Spruce_Bark_Beetle",9.11534,47.0063
"Eight-Toothed_Spruce_Bark_Beetle",9.11534,47.0063
"Eight-Toothed_Spruce_Bark_Beetle",9.11534,47.0063
"Eight-Toothed_Spruce_Bark_Beetle",9.11534,47.0063
"Eight-Toothed_Spruce_Bark_Beetle",9.11534,47.0063
"Eight-Toothed_Spruce_Bark_Beetle",9.11534,47.0063
"Eight-Toothed_Spruce_Bark_Beetle",9.11534,47.0063
"Eight-Toothed_Spruce_Bark_Beetle",9.11534,47.0063
"Eight-Toothed_Spruce_Bark_Beetle",9.11534,47.0063
"Eight-Toothed_Spruce_Bark_Beetle",9.11534,47.0063
"Eight-Toothed_Spruce_Bark_Beetle",9.11534,47.0063
"Eight-Toothed_Spruce_Bark_Beetle",9.11534,47.0063
"Eight-Toothed_Spruce_Bark_Beetle",9.11534,47.0063
"Eight-Toothed_Spruce_Bark_Beetle",9.11534,47.0063
"Eight-Toothed_Spruce_Bark_Beetle",9.11534,47.0063
"Eight-Toothed_Spruce_Bark_Beetle",9.11534,47.0063
"Eight-Toothed_Spruce_Bark_Beetle",9.11534,47.0063
"Eight-Toothed_Spruce_Bark_Beetle",9.11534,47.0063
"Eight-Toothed_Spruce_Bark_Beetle",9.11534,47.0063
"Eight-Toothed_Spruce_Bark_Beetle",9.11534,47.0063
"Eight-Toothed_Spruce_Bark_Beetle",9.11534,47.0063
"Eight-Toothed_Spruce_Bark_Beetle",9.11534,47.0063
"Eight-Toothed_Spruce_Bark_Beetle",8.92686,47.32377
"Eight-Toothed_Spruce_Bark_Beetle",8.92686,47.32377
"Eight-Toothed_Spruce_Bark_Beetle",8.92686,47.32377
"Eight-Toothed_Spruce_Bark_Beetle",8.92686,47.32377
"Eight-Toothed_Spruce_Bark_Beetle",8.92686,47.32377
"Eight-Toothed_Spruce_Bark_Beetle",8.92686,47.32377
"Eight-Toothed_Spruce_Bark_Beetle",8.92686,47.32377
"Eight-Toothed_Spruce_Bark_Beetle",8.92686,47.32377
"Eight-Toothed_Spruce_Bark_Beetle",8.92686,47.32377
"Eight-Toothed_Spruce_Bark_Beetle",8.92686,47.32377
"Eight-Toothed_Spruce_Bark_Beetle",8.92686,47.32377
"Eight-Toothed_Spruce_Bark_Beetle",8.92686,47.32377
"Eight-Toothed_Spruce_Bark_Beetle",8.92686,47.32377
"Eight-Toothed_Spruce_Bark_Beetle",8.92686,47.32377
"Eight-Toothed_Spruce_Bark_Beetle",8.92686,47.32377
"Eight-Toothed_Spruce_Bark_Beetle",8.92686,47.32377
"Eight-Toothed_Spruce_Bark_Beetle",8.92686,47.32377
"Eight-Toothed_Spruce_Bark_Beetle",8.92686,47.32377
"Eight-Toothed_Spruce_Bark_Beetle",8.92686,47.32377
"Eight-Toothed_Spruce_Bark_Beetle",8.92686,47.32377
"Eight-Toothed_Spruce_Bark_Beetle",8.92686,47.32377
"Eight-Toothed_Spruce_Bark_Beetle",8.92686,47.32377
"Eight-Toothed_Spruce_Bark_Beetle",8.92686,47.32377
"Eight-Toothed_Spruce_Bark_Beetle",8.92686,47.32377
"Eight-Toothed_Spruce_Bark_Beetle",8.92686,47.32377
"Eight-Toothed_Spruce_Bark_Beetle",8.92686,47.32377
"Eight-Toothed_Spruce_Bark_Beetle",8.92686,47.32377
"Eight-Toothed_Spruce_Bark_Beetle",8.92686,47.32377
"Eight-Toothed_Spruce_Bark_Beetle",8.92686,47.32377
"Eight-Toothed_Spruce_Bark_Beetle",8.92686,47.32377
"Eight-Toothed_Spruce_Bark_Beetle",8.92686,47.32377
"Eight-Toothed_Spruce_Bark_Beetle",8.92686,47.32377
"Eight-Toothed_Spruce_Bark_Beetle",8.92686,47.32377
"Eight-Toothed_Spruce_Bark_Beetle",8.92686,47.32377
"Eight-Toothed_Spruce_Bark_Beetle",8.92686,47.32377
"Eight-Toothed_Spruce_Bark_Beetle",8.92686,47.32377
"Eight-Toothed_Spruce_Bark_Beetle",8.92686,47.32377
"Eight-Toothed_Spruce_Bark_Beetle",8.92686,47.32377
"Eight-Toothed_Spruce_Bark_Beetle",8.92686,47.32377
"Eight-Toothed_Spruce_Bark_Beetle",8.26202,47.10555
"Eight-Toothed_Spruce_Bark_Beetle",8.26202,47.10555
"Eight-Toothed_Spruce_Bark_Beetle",8.26202,47.10555
"Eight-Toothed_Spruce_Bark_Beetle",8.26202,47.10555
"Eight-Toothed_Spruce_Bark_Beetle",8.26202,47.10555
"Eight-Toothed_Spruce_Bark_Beetle",8.26202,47.10555
"Eight-Toothed_Spruce_Bark_Beetle",8.26202,47.10555
"Eight-Toothed_Spruce_Bark_Beetle",8.26202,47.10555
"Eight-Toothed_Spruce_Bark_Beetle",8.26202,47.10555
"Eight-Toothed_Spruce_Bark_Beetle",8.26202,47.10555
"Eight-Toothed_Spruce_Bark_Beetle",8.26202,47.10555
"Eight-Toothed_Spruce_Bark_Beetle",8.26202,47.10555
"Eight-Toothed_Spruce_Bark_Beetle",8.26202,47.10555
"Eight-Toothed_Spruce_Bark_Beetle",8.26202,47.10555
"Eight-Toothed_Spruce_Bark_Beetle",8.26202,47.10555
"Eight-Toothed_Spruce_Bark_Beetle",8.26202,47.10555
"Eight-Toothed_Spruce_Bark_Beetle",8.26202,47.10555
"Eight-Toothed_Spruce_Bark_Beetle",8.26202,47.10555
"Eight-Toothed_Spruce_Bark_Beetle",8.26202,47.10555
"Eight-Toothed_Spruce_Bark_Beetle",8.26202,47.10555
"Eight-Toothed_Spruce_Bark_Beetle",8.26202,47.10555
"Eight-Toothed_Spruce_Bark_Beetle",8.26202,47.10555
"Eight-Toothed_Spruce_Bark_Beetle",8.26202,47.10555
"Eight-Toothed_Spruce_Bark_Beetle",8.26202,47.10555
"Eight-Toothed_Spruce_Bark_Beetle",8.26202,47.10555
"Eight-Toothed_Spruce_Bark_Beetle",8.26202,47.10555
"Eight-Toothed_Spruce_Bark_Beetle",8.26202,47.10555
"Eight-Toothed_Spruce_Bark_Beetle",8.26202,47.10555
"Eight-Toothed_Spruce_Bark_Beetle",8.26202,47.10555
"Eight-Toothed_Spruce_Bark_Beetle",8.26202,47.10555
"Eight-Toothed_Spruce_Bark_Beetle",8.26202,47.10555
"Eight-Toothed_Spruce_Bark_Beetle",8.26202,47.10555
"Eight-Toothed_Spruce_Bark_Beetle",8.26202,47.10555
"Eight-Toothed_Spruce_Bark_Beetle",8.26202,47.10555
"Eight-Toothed_Spruce_Bark_Beetle",8.26202,47.10555
"Eight-Toothed_Spruce_Bark_Beetle",8.26202,47.10555
"Eight-Toothed_Spruce_Bark_Beetle",8.26202,47.10555
"Eight-Toothed_Spruce_Bark_Beetle",8.26202,47.10555
"Eight-Toothed_Spruce_Bark_Beetle",8.26202,47.10555
"Eight-Toothed_Spruce_Bark_Beetle",8.26202,47.10555
"Eight-Toothed_Spruce_Bark_Beetle",8.26202,47.10555
"Eight-Toothed_Spruce_Bark_Beetle",8.26202,47.10555
"Eight-Toothed_Spruce_Bark_Beetle",8.26202,47.10555
"Eight-Toothed_Spruce_Bark_Beetle",8.26202,47.10555
"Eight-Toothed_Spruce_Bark_Beetle",8.26202,47.10555
"Eight-Toothed_Spruce_Bark_Beetle",8.26202,47.10555
"Eight-Toothed_Spruce_Bark_Beetle",8.26202,47.10555
"Eight-Toothed_Spruce_Bark_Beetle",8.26202,47.10555
"Eight-Toothed_Spruce_Bark_Beetle",8.26202,47.10555
"Eight-Toothed_Spruce_Bark_Beetle",8.26202,47.10555
"Eight-Toothed_Spruce_Bark_Beetle",8.26202,47.10555
"Eight-Toothed_Spruce_Bark_Beetle",8.26202,47.10555
"Eight-Toothed_Spruce_Bark_Beetle",8.26202,47.10555
"Eight-Toothed_Spruce_Bark_Beetle",8.26202,47.10555
"Eight-Toothed_Spruce_Bark_Beetle",8.26202,47.10555
"Eight-Toothed_Spruce_Bark_Beetle",8.26202,47.10555
"Eight-Toothed_Spruce_Bark_Beetle",8.26202,47.10555
"Eight-Toothed_Spruce_Bark_Beetle",8.26202,47.10555
"Eight-Toothed_Spruce_Bark_Beetle",8.26202,47.10555
"Eight-Toothed_Spruce_Bark_Beetle",8.26202,47.10555
"Eight-Toothed_Spruce_Bark_Beetle",8.26202,47.10555
"Eight-Toothed_Spruce_Bark_Beetle",8.26202,47.10555
"Eight-Toothed_Spruce_Bark_Beetle",8.26202,47.10555
"Eight-Toothed_Spruce_Bark_Beetle",8.26202,47.10555
"Eight-Toothed_Spruce_Bark_Beetle",8.26202,47.10555
"Eight-Toothed_Spruce_Bark_Beetle",8.26202,47.10555
"Eight-Toothed_Spruce_Bark_Beetle",8.26202,47.10555
"Eight-Toothed_Spruce_Bark_Beetle",8.26202,47.10555
"Eight-Toothed_Spruce_Bark_Beetle",8.26202,47.10555
"Eight-Toothed_Spruce_Bark_Beetle",8.26202,47.10555
"Eight-Toothed_Spruce_Bark_Beetle",8.26202,47.10555
"Eight-Toothed_Spruce_Bark_Beetle",8.26202,47.10555
"Eight-Toothed_Spruce_Bark_Beetle",8.26202,47.10555
"Eight-Toothed_Spruce_Bark_Beetle",8.26202,47.10555
"Eight-Toothed_Spruce_Bark_Beetle",8.26202,47.10555
"Eight-Toothed_Spruce_Bark_Beetle",8.26202,47.10555
"Eight-Toothed_Spruce_Bark_Beetle",8.26202,47.10555
"Eight-Toothed_Spruce_Bark_Beetle",8.26202,47.10555
"Eight-Toothed_Spruce_Bark_Beetle",8.26202,47.10555
"Eight-Toothed_Spruce_Bark_Beetle",8.26202,47.10555
"Eight-Toothed_Spruce_Bark_Beetle",8.26202,47.10555
"Eight-Toothed_Spruce_Bark_Beetle",8.26202,47.10555
"Eight-Toothed_Spruce_Bark_Beetle",8.26202,47.10555
"Eight-Toothed_Spruce_Bark_Beetle",8.26202,47.10555
"Eight-Toothed_Spruce_Bark_Beetle",8.26202,47.10555
"Eight-Toothed_Spruce_Bark_Beetle",9.11534,47.0063
"Eight-Toothed_Spruce_Bark_Beetle",9.11534,47.0063
"Eight-Toothed_Spruce_Bark_Beetle",9.11534,47.0063
"Eight-Toothed_Spruce_Bark_Beetle",9.11534,47.0063
"Eight-Toothed_Spruce_Bark_Beetle",9.11534,47.0063
"Eight-Toothed_Spruce_Bark_Beetle",9.11534,47.0063
"Eight-Toothed_Spruce_Bark_Beetle",9.11534,47.0063
"Eight-Toothed_Spruce_Bark_Beetle",9.11534,47.0063
"Eight-Toothed_Spruce_Bark_Beetle",9.11534,47.0063
"Eight-Toothed_Spruce_Bark_Beetle",9.11534,47.0063
"Eight-Toothed_Spruce_Bark_Beetle",9.11534,47.0063
"Eight-Toothed_Spruce_Bark_Beetle",9.11534,47.0063
"Eight-Toothed_Spruce_Bark_Beetle",9.11534,47.0063
"Eight-Toothed_Spruce_Bark_Beetle",9.11534,47.0063
"Eight-Toothed_Spruce_Bark_Beetle",9.11534,47.0063
"Eight-Toothed_Spruce_Bark_Beetle",9.11534,47.0063
"Eight-Toothed_Spruce_Bark_Beetle",9.11534,47.0063
"Eight-Toothed_Spruce_Bark_Beetle",9.11534,47.0063
"Eight-Toothed_Spruce_Bark_Beetle",9.11534,47.0063
"Eight-Toothed_Spruce_Bark_Beetle",9.11534,47.0063
"Eight-Toothed_Spruce_Bark_Beetle",9.11534,47.0063
"Eight-Toothed_Spruce_Bark_Beetle",9.11534,47.0063
"Eight-Toothed_Spruce_Bark_Beetle",9.11534,47.0063
"Eight-Toothed_Spruce_Bark_Beetle",9.11534,47.0063
"Eight-Toothed_Spruce_Bark_Beetle",9.11534,47.0063
"Eight-Toothed_Spruce_Bark_Beetle",9.11534,47.0063
"Eight-Toothed_Spruce_Bark_Beetle",9.11534,47.0063
"Eight-Toothed_Spruce_Bark_Beetle",9.11534,47.0063
"Eight-Toothed_Spruce_Bark_Beetle",9.11534,47.0063
"Eight-Toothed_Spruce_Bark_Beetle",9.11534,47.0063
"Eight-Toothed_Spruce_Bark_Beetle",9.11534,47.0063
"Eight-Toothed_Spruce_Bark_Beetle",9.11534,47.0063
"Eight-Toothed_Spruce_Bark_Beetle",9.11534,47.0063
"Eight-Toothed_Spruce_Bark_Beetle",9.11534,47.0063
"Eight-Toothed_Spruce_Bark_Beetle",9.11534,47.0063
"Eight-Toothed_Spruce_Bark_Beetle",8.92686,47.32377
"Eight-Toothed_Spruce_Bark_Beetle",8.92686,47.32377
"Eight-Toothed_Spruce_Bark_Beetle",8.92686,47.32377
"Eight-Toothed_Spruce_Bark_Beetle",8.92686,47.32377
"Eight-Toothed_Spruce_Bark_Beetle",8.92686,47.32377
"Eight-Toothed_Spruce_Bark_Beetle",8.92686,47.32377
"Eight-Toothed_Spruce_Bark_Beetle",8.92686,47.32377
"Eight-Toothed_Spruce_Bark_Beetle",8.92686,47.32377
"Eight-Toothed_Spruce_Bark_Beetle",8.92686,47.32377
"Eight-Toothed_Spruce_Bark_Beetle",8.92686,47.32377
"Eight-Toothed_Spruce_Bark_Beetle",8.92686,47.32377
"Eight-Toothed_Spruce_Bark_Beetle",8.92686,47.32377
"Eight-Toothed_Spruce_Bark_Beetle",8.92686,47.32377
"Eight-Toothed_Spruce_Bark_Beetle",8.92686,47.32377
"Eight-Toothed_Spruce_Bark_Beetle",8.92686,47.32377
"Eight-Toothed_Spruce_Bark_Beetle",8.92686,47.32377
"Eight-Toothed_Spruce_Bark_Beetle",8.92686,47.32377
"Eight-Toothed_Spruce_Bark_Beetle",8.92686,47.32377
"Eight-Toothed_Spruce_Bark_Beetle",8.92686,47.32377
"Eight-Toothed_Spruce_Bark_Beetle",8.92686,47.32377
"Eight-Toothed_Spruce_Bark_Beetle",8.92686,47.32377
"Eight-Toothed_Spruce_Bark_Beetle",8.92686,47.32377
"Eight-Toothed_Spruce_Bark_Beetle",8.92686,47.32377
"Eight-Toothed_Spruce_Bark_Beetle",8.92686,47.32377
"Eight-Toothed_Spruce_Bark_Beetle",8.92686,47.32377
"Eight-Toothed_Spruce_Bark_Beetle",8.92686,47.32377
"Eight-Toothed_Spruce_Bark_Beetle",8.92686,47.32377
"Eight-Toothed_Spruce_Bark_Beetle",8.92686,47.32377
"Eight-Toothed_Spruce_Bark_Beetle",8.92686,47.32377
"Eight-Toothed_Spruce_Bark_Beetle",8.92686,47.32377
"Eight-Toothed_Spruce_Bark_Beetle",8.92686,47.32377
"Eight-Toothed_Spruce_Bark_Beetle",8.92686,47.32377
"Eight-Toothed_Spruce_Bark_Beetle",8.92686,47.32377
"Eight-Toothed_Spruce_Bark_Beetle",8.92686,47.32377
"Eight-Toothed_Spruce_Bark_Beetle",8.92686,47.32377
"Eight-Toothed_Spruce_Bark_Beetle",8.92686,47.32377
"Eight-Toothed_Spruce_Bark_Beetle",8.92686,47.32377
"Eight-Toothed_Spruce_Bark_Beetle",8.92686,47.32377
"Eight-Toothed_Spruce_Bark_Beetle",8.92686,47.32377
"Eight-Toothed_Spruce_Bark_Beetle",8.92686,47.32377
"Eight-Toothed_Spruce_Bark_Beetle",8.92686,47.32377
"Eight-Toothed_Spruce_Bark_Beetle",8.92686,47.32377
"Eight-Toothed_Spruce_Bark_Beetle",8.26202,47.10555
"Eight-Toothed_Spruce_Bark_Beetle",8.26202,47.10555
"Eight-Toothed_Spruce_Bark_Beetle",8.26202,47.10555
"Eight-Toothed_Spruce_Bark_Beetle",8.26202,47.10555
"Eight-Toothed_Spruce_Bark_Beetle",8.26202,47.10555
"Eight-Toothed_Spruce_Bark_Beetle",8.26202,47.10555
"Eight-Toothed_Spruce_Bark_Beetle",8.26202,47.10555
"Eight-Toothed_Spruce_Bark_Beetle",8.26202,47.10555
"Eight-Toothed_Spruce_Bark_Beetle",8.26202,47.10555
"Eight-Toothed_Spruce_Bark_Beetle",8.26202,47.10555
"Eight-Toothed_Spruce_Bark_Beetle",8.26202,47.10555
"Eight-Toothed_Spruce_Bark_Beetle",8.26202,47.10555
"Eight-Toothed_Spruce_Bark_Beetle",8.26202,47.10555
"Eight-Toothed_Spruce_Bark_Beetle",8.26202,47.10555
"Eight-Toothed_Spruce_Bark_Beetle",8.26202,47.10555
"Eight-Toothed_Spruce_Bark_Beetle",8.26202,47.10555
"Eight-Toothed_Spruce_Bark_Beetle",8.26202,47.10555
"Eight-Toothed_Spruce_Bark_Beetle",8.26202,47.10555
"Eight-Toothed_Spruce_Bark_Beetle",8.26202,47.10555
"Eight-Toothed_Spruce_Bark_Beetle",8.26202,47.10555
"Eight-Toothed_Spruce_Bark_Beetle",8.26202,47.10555
"Eight-Toothed_Spruce_Bark_Beetle",8.26202,47.10555
"Eight-Toothed_Spruce_Bark_Beetle",8.26202,47.10555
"Eight-Toothed_Spruce_Bark_Beetle",8.26202,47.10555
"Eight-Toothed_Spruce_Bark_Beetle",8.26202,47.10555
"Eight-Toothed_Spruce_Bark_Beetle",8.26202,47.10555
"Eight-Toothed_Spruce_Bark_Beetle",8.26202,47.10555
"Eight-Toothed_Spruce_Bark_Beetle",8.26202,47.10555
"Eight-Toothed_Spruce_Bark_Beetle",8.26202,47.10555
"Eight-Toothed_Spruce_Bark_Beetle",8.26202,47.10555
"Eight-Toothed_Spruce_Bark_Beetle",8.26202,47.10555
"Eight-Toothed_Spruce_Bark_Beetle",8.26202,47.10555
"Eight-Toothed_Spruce_Bark_Beetle",8.26202,47.10555
"Eight-Toothed_Spruce_Bark_Beetle",8.26202,47.10555
"Eight-Toothed_Spruce_Bark_Beetle",8.26202,47.10555
"Eight-Toothed_Spruce_Bark_Beetle",8.26202,47.10555
"Eight-Toothed_Spruce_Bark_Beetle",8.26202,47.10555
"Eight-Toothed_Spruce_Bark_Beetle",8.26202,47.10555
"Eight-Toothed_Spruce_Bark_Beetle",8.26202,47.10555
"Eight-Toothed_Spruce_Bark_Beetle",8.26202,47.10555
"Eight-Toothed_Spruce_Bark_Beetle",8.26202,47.10555
"Eight-Toothed_Spruce_Bark_Beetle",8.26202,47.10555
"Eight-Toothed_Spruce_Bark_Beetle",8.26202,47.10555
"Eight-Toothed_Spruce_Bark_Beetle",8.26202,47.10555
"Eight-Toothed_Spruce_Bark_Beetle",8.26202,47.10555
"Eight-Toothed_Spruce_Bark_Beetle",8.26202,47.10555
"Eight-Toothed_Spruce_Bark_Beetle",8.26202,47.10555
"Eight-Toothed_Spruce_Bark_Beetle",8.26202,47.10555
"Eight-Toothed_Spruce_Bark_Beetle",8.26202,47.10555
"Eight-Toothed_Spruce_Bark_Beetle",8.26202,47.10555
"Eight-Toothed_Spruce_Bark_Beetle",8.26202,47.10555
"Eight-Toothed_Spruce_Bark_Beetle",8.26202,47.10555
"Eight-Toothed_Spruce_Bark_Beetle",8.26202,47.10555
"Eight-Toothed_Spruce_Bark_Beetle",8.26202,47.10555
"Eight-Toothed_Spruce_Bark_Beetle",8.26202,47.10555
"Eight-Toothed_Spruce_Bark_Beetle",8.26202,47.10555
"Eight-Toothed_Spruce_Bark_Beetle",8.26202,47.10555
"Eight-Toothed_Spruce_Bark_Beetle",8.26202,47.10555
"Eight-Toothed_Spruce_Bark_Beetle",8.26202,47.10555
"Eight-Toothed_Spruce_Bark_Beetle",8.26202,47.10555
"Eight-Toothed_Spruce_Bark_Beetle",8.26202,47.10555
"Eight-Toothed_Spruce_Bark_Beetle",8.26202,47.10555
"Eight-Toothed_Spruce_Bark_Beetle",8.26202,47.10555
"Eight-Toothed_Spruce_Bark_Beetle",8.26202,47.10555
"Eight-Toothed_Spruce_Bark_Beetle",8.26202,47.10555
"Eight-Toothed_Spruce_Bark_Beetle",8.26202,47.10555
"Eight-Toothed_Spruce_Bark_Beetle",8.26202,47.10555
"Eight-Toothed_Spruce_Bark_Beetle",8.26202,47.10555
"Eight-Toothed_Spruce_Bark_Beetle",8.26202,47.10555
"Eight-Toothed_Spruce_Bark_Beetle",8.26202,47.10555
"Eight-Toothed_Spruce_Bark_Beetle",8.26202,47.10555
"Eight-Toothed_Spruce_Bark_Beetle",8.26202,47.10555
"Eight-Toothed_Spruce_Bark_Beetle",8.26202,47.10555
"Eight-Toothed_Spruce_Bark_Beetle",8.26202,47.10555
"Eight-Toothed_Spruce_Bark_Beetle",8.26202,47.10555
"Eight-Toothed_Spruce_Bark_Beetle",8.26202,47.10555
"Eight-Toothed_Spruce_Bark_Beetle",8.26202,47.10555
"Eight-Toothed_Spruce_Bark_Beetle",8.26202,47.10555
"Eight-Toothed_Spruce_Bark_Beetle",8.26202,47.10555
"Eight-Toothed_Spruce_Bark_Beetle",8.26202,47.10555
"Eight-Toothed_Spruce_Bark_Beetle",8.26202,47.10555
"Eight-Toothed_Spruce_Bark_Beetle",8.26202,47.10555
"Eight-Toothed_Spruce_Bark_Beetle",9.11534,47.0063
"Eight-Toothed_Spruce_Bark_Beetle",9.11534,47.0063
"Eight-Toothed_Spruce_Bark_Beetle",9.11534,47.0063
"Eight-Toothed_Spruce_Bark_Beetle",9.11534,47.0063
"Eight-Toothed_Spruce_Bark_Beetle",9.11534,47.0063
"Eight-Toothed_Spruce_Bark_Beetle",9.11534,47.0063
"Eight-Toothed_Spruce_Bark_Beetle",9.11534,47.0063
"Eight-Toothed_Spruce_Bark_Beetle",9.11534,47.0063
"Eight-Toothed_Spruce_Bark_Beetle",9.11534,47.0063
"Eight-Toothed_Spruce_Bark_Beetle",9.11534,47.0063
"Eight-Toothed_Spruce_Bark_Beetle",9.11534,47.0063
"Eight-Toothed_Spruce_Bark_Beetle",9.11534,47.0063
"Eight-Toothed_Spruce_Bark_Beetle",9.11534,47.0063
"Eight-Toothed_Spruce_Bark_Beetle",9.11534,47.0063
"Eight-Toothed_Spruce_Bark_Beetle",9.11534,47.0063
"Eight-Toothed_Spruce_Bark_Beetle",9.11534,47.0063
"Eight-Toothed_Spruce_Bark_Beetle",9.11534,47.0063
"Eight-Toothed_Spruce_Bark_Beetle",9.11534,47.0063
"Eight-Toothed_Spruce_Bark_Beetle",9.11534,47.0063
"Eight-Toothed_Spruce_Bark_Beetle",9.11534,47.0063
"Eight-Toothed_Spruce_Bark_Beetle",9.11534,47.0063
"Eight-Toothed_Spruce_Bark_Beetle",9.11534,47.0063
"Eight-Toothed_Spruce_Bark_Beetle",9.11534,47.0063
"Eight-Toothed_Spruce_Bark_Beetle",9.11534,47.0063
"Eight-Toothed_Spruce_Bark_Beetle",9.11534,47.0063
"Eight-Toothed_Spruce_Bark_Beetle",9.11534,47.0063
"Eight-Toothed_Spruce_Bark_Beetle",9.11534,47.0063
"Eight-Toothed_Spruce_Bark_Beetle",9.11534,47.0063
"Eight-Toothed_Spruce_Bark_Beetle",9.11534,47.0063
"Eight-Toothed_Spruce_Bark_Beetle",9.11534,47.0063
"Eight-Toothed_Spruce_Bark_Beetle",9.11534,47.0063
"Eight-Toothed_Spruce_Bark_Beetle",9.11534,47.0063
"Eight-Toothed_Spruce_Bark_Beetle",9.11534,47.0063
"Eight-Toothed_Spruce_Bark_Beetle",8.92686,47.32377
"Eight-Toothed_Spruce_Bark_Beetle",8.92686,47.32377
"Eight-Toothed_Spruce_Bark_Beetle",8.92686,47.32377
"Eight-Toothed_Spruce_Bark_Beetle",8.92686,47.32377
"Eight-Toothed_Spruce_Bark_Beetle",8.92686,47.32377
"Eight-Toothed_Spruce_Bark_Beetle",8.92686,47.32377
"Eight-Toothed_Spruce_Bark_Beetle",8.92686,47.32377
"Eight-Toothed_Spruce_Bark_Beetle",8.92686,47.32377
"Eight-Toothed_Spruce_Bark_Beetle",8.92686,47.32377
"Eight-Toothed_Spruce_Bark_Beetle",8.92686,47.32377
"Eight-Toothed_Spruce_Bark_Beetle",8.92686,47.32377
"Eight-Toothed_Spruce_Bark_Beetle",8.92686,47.32377
"Eight-Toothed_Spruce_Bark_Beetle",8.92686,47.32377
"Eight-Toothed_Spruce_Bark_Beetle",8.92686,47.32377
"Eight-Toothed_Spruce_Bark_Beetle",8.92686,47.32377
"Eight-Toothed_Spruce_Bark_Beetle",8.92686,47.32377
"Eight-Toothed_Spruce_Bark_Beetle",8.92686,47.32377
"Eight-Toothed_Spruce_Bark_Beetle",8.92686,47.32377
"Eight-Toothed_Spruce_Bark_Beetle",8.92686,47.32377
"Eight-Toothed_Spruce_Bark_Beetle",8.92686,47.32377
"Eight-Toothed_Spruce_Bark_Beetle",8.92686,47.32377
"Eight-Toothed_Spruce_Bark_Beetle",8.92686,47.32377
"Eight-Toothed_Spruce_Bark_Beetle",8.92686,47.32377
"Eight-Toothed_Spruce_Bark_Beetle",8.92686,47.32377
"Eight-Toothed_Spruce_Bark_Beetle",8.92686,47.32377
"Eight-Toothed_Spruce_Bark_Beetle",8.92686,47.32377
"Eight-Toothed_Spruce_Bark_Beetle",8.92686,47.32377
"Eight-Toothed_Spruce_Bark_Beetle",8.92686,47.32377
"Eight-Toothed_Spruce_Bark_Beetle",8.92686,47.32377
"Eight-Toothed_Spruce_Bark_Beetle",8.92686,47.32377
"Eight-Toothed_Spruce_Bark_Beetle",8.92686,47.32377
"Eight-Toothed_Spruce_Bark_Beetle",8.92686,47.32377
"Eight-Toothed_Spruce_Bark_Beetle",8.92686,47.32377
"Eight-Toothed_Spruce_Bark_Beetle",8.92686,47.32377
"Eight-Toothed_Spruce_Bark_Beetle",8.92686,47.32377
"Eight-Toothed_Spruce_Bark_Beetle",8.92686,47.32377
"Eight-Toothed_Spruce_Bark_Beetle",8.92686,47.32377
"Eight-Toothed_Spruce_Bark_Beetle",8.92686,47.32377
"Eight-Toothed_Spruce_Bark_Beetle",8.92686,47.32377
"Eight-Toothed_Spruce_Bark_Beetle",8.92686,47.32377
"Eight-Toothed_Spruce_Bark_Beetle",8.92686,47.32377
"Eight-Toothed_Spruce_Bark_Beetle",8.92686,47.32377
"Eight-Toothed_Spruce_Bark_Beetle",8.92686,47.32377
"Eight-Toothed_Spruce_Bark_Beetle",8.92686,47.32377
"Eight-Toothed_Spruce_Bark_Beetle",8.26202,47.10555
"Eight-Toothed_Spruce_Bark_Beetle",8.26202,47.10555
"Eight-Toothed_Spruce_Bark_Beetle",8.26202,47.10555
"Eight-Toothed_Spruce_Bark_Beetle",8.26202,47.10555
"Eight-Toothed_Spruce_Bark_Beetle",8.26202,47.10555
"Eight-Toothed_Spruce_Bark_Beetle",8.26202,47.10555
"Eight-Toothed_Spruce_Bark_Beetle",8.26202,47.10555
"Eight-Toothed_Spruce_Bark_Beetle",8.26202,47.10555
"Eight-Toothed_Spruce_Bark_Beetle",8.26202,47.10555
"Eight-Toothed_Spruce_Bark_Beetle",8.26202,47.10555
"Eight-Toothed_Spruce_Bark_Beetle",8.26202,47.10555
"Eight-Toothed_Spruce_Bark_Beetle",8.26202,47.10555
"Eight-Toothed_Spruce_Bark_Beetle",8.26202,47.10555
"Eight-Toothed_Spruce_Bark_Beetle",8.26202,47.10555
"Eight-Toothed_Spruce_Bark_Beetle",8.26202,47.10555
"Eight-Toothed_Spruce_Bark_Beetle",8.26202,47.10555
"Eight-Toothed_Spruce_Bark_Beetle",8.26202,47.10555
"Eight-Toothed_Spruce_Bark_Beetle",8.26202,47.10555
"Eight-Toothed_Spruce_Bark_Beetle",8.26202,47.10555
"Eight-Toothed_Spruce_Bark_Beetle",8.26202,47.10555
"Eight-Toothed_Spruce_Bark_Beetle",8.26202,47.10555
"Eight-Toothed_Spruce_Bark_Beetle",8.26202,47.10555
"Eight-Toothed_Spruce_Bark_Beetle",8.26202,47.10555
"Eight-Toothed_Spruce_Bark_Beetle",8.26202,47.10555
"Eight-Toothed_Spruce_Bark_Beetle",8.26202,47.10555
"Eight-Toothed_Spruce_Bark_Beetle",8.26202,47.10555
"Eight-Toothed_Spruce_Bark_Beetle",8.26202,47.10555
"Eight-Toothed_Spruce_Bark_Beetle",8.26202,47.10555
"Eight-Toothed_Spruce_Bark_Beetle",8.26202,47.10555
"Eight-Toothed_Spruce_Bark_Beetle",8.26202,47.10555
"Eight-Toothed_Spruce_Bark_Beetle",8.26202,47.10555
"Eight-Toothed_Spruce_Bark_Beetle",8.26202,47.10555
"Eight-Toothed_Spruce_Bark_Beetle",8.26202,47.10555
"Eight-Toothed_Spruce_Bark_Beetle",8.26202,47.10555
"Eight-Toothed_Spruce_Bark_Beetle",8.26202,47.10555
"Eight-Toothed_Spruce_Bark_Beetle",8.26202,47.10555
"Eight-Toothed_Spruce_Bark_Beetle",8.26202,47.10555
"Eight-Toothed_Spruce_Bark_Beetle",8.26202,47.10555
"Eight-Toothed_Spruce_Bark_Beetle",8.26202,47.10555
"Eight-Toothed_Spruce_Bark_Beetle",8.26202,47.10555
"Eight-Toothed_Spruce_Bark_Beetle",8.26202,47.10555
"Eight-Toothed_Spruce_Bark_Beetle",8.26202,47.10555
"Eight-Toothed_Spruce_Bark_Beetle",8.26202,47.10555
"Eight-Toothed_Spruce_Bark_Beetle",8.26202,47.10555
"Eight-Toothed_Spruce_Bark_Beetle",8.26202,47.10555
"Eight-Toothed_Spruce_Bark_Beetle",8.26202,47.10555
"Eight-Toothed_Spruce_Bark_Beetle",8.26202,47.10555
"Eight-Toothed_Spruce_Bark_Beetle",8.26202,47.10555
"Eight-Toothed_Spruce_Bark_Beetle",8.26202,47.10555
"Eight-Toothed_Spruce_Bark_Beetle",8.26202,47.10555
"Eight-Toothed_Spruce_Bark_Beetle",8.26202,47.10555
"Eight-Toothed_Spruce_Bark_Beetle",8.26202,47.10555
"Eight-Toothed_Spruce_Bark_Beetle",8.26202,47.10555
"Eight-Toothed_Spruce_Bark_Beetle",8.26202,47.10555
"Eight-Toothed_Spruce_Bark_Beetle",8.26202,47.10555
"Eight-Toothed_Spruce_Bark_Beetle",8.26202,47.10555
"Eight-Toothed_Spruce_Bark_Beetle",8.26202,47.10555
"Eight-Toothed_Spruce_Bark_Beetle",8.26202,47.10555
"Eight-Toothed_Spruce_Bark_Beetle",8.26202,47.10555
"Eight-Toothed_Spruce_Bark_Beetle",8.26202,47.10555
"Eight-Toothed_Spruce_Bark_Beetle",8.26202,47.10555
"Eight-Toothed_Spruce_Bark_Beetle",8.26202,47.10555
"Eight-Toothed_Spruce_Bark_Beetle",8.26202,47.10555
"Eight-Toothed_Spruce_Bark_Beetle",8.26202,47.10555
"Eight-Toothed_Spruce_Bark_Beetle",8.26202,47.10555
"Eight-Toothed_Spruce_Bark_Beetle",8.26202,47.10555
"Eight-Toothed_Spruce_Bark_Beetle",8.26202,47.10555
"Eight-Toothed_Spruce_Bark_Beetle",8.26202,47.10555
"Eight-Toothed_Spruce_Bark_Beetle",8.26202,47.10555
"Eight-Toothed_Spruce_Bark_Beetle",8.26202,47.10555
"Eight-Toothed_Spruce_Bark_Beetle",8.26202,47.10555
"Eight-Toothed_Spruce_Bark_Beetle",8.26202,47.10555
"Eight-Toothed_Spruce_Bark_Beetle",8.26202,47.10555
"Eight-Toothed_Spruce_Bark_Beetle",8.26202,47.10555
"Eight-Toothed_Spruce_Bark_Beetle",8.26202,47.10555
"Eight-Toothed_Spruce_Bark_Beetle",8.26202,47.10555
"Eight-Toothed_Spruce_Bark_Beetle",8.26202,47.10555
"Eight-Toothed_Spruce_Bark_Beetle",8.26202,47.10555
"Eight-Toothed_Spruce_Bark_Beetle",8.26202,47.10555
"Eight-Toothed_Spruce_Bark_Beetle",6.68301,46.97107
"Eight-Toothed_Spruce_Bark_Beetle",9.11534,47.0063
"Eight-Toothed_Spruce_Bark_Beetle",9.11534,47.0063
"Eight-Toothed_Spruce_Bark_Beetle",9.11534,47.0063
"Eight-Toothed_Spruce_Bark_Beetle",9.11534,47.0063
"Eight-Toothed_Spruce_Bark_Beetle",9.11534,47.0063
"Eight-Toothed_Spruce_Bark_Beetle",9.11534,47.0063
"Eight-Toothed_Spruce_Bark_Beetle",9.11534,47.0063
"Eight-Toothed_Spruce_Bark_Beetle",9.11534,47.0063
"Eight-Toothed_Spruce_Bark_Beetle",9.11534,47.0063
"Eight-Toothed_Spruce_Bark_Beetle",9.11534,47.0063
"Eight-Toothed_Spruce_Bark_Beetle",9.11534,47.0063
"Eight-Toothed_Spruce_Bark_Beetle",9.11534,47.0063
"Eight-Toothed_Spruce_Bark_Beetle",9.11534,47.0063
"Eight-Toothed_Spruce_Bark_Beetle",9.11534,47.0063
"Eight-Toothed_Spruce_Bark_Beetle",9.11534,47.0063
"Eight-Toothed_Spruce_Bark_Beetle",9.11534,47.0063
"Eight-Toothed_Spruce_Bark_Beetle",9.11534,47.0063
"Eight-Toothed_Spruce_Bark_Beetle",9.11534,47.0063
"Eight-Toothed_Spruce_Bark_Beetle",9.11534,47.0063
"Eight-Toothed_Spruce_Bark_Beetle",9.11534,47.0063
"Eight-Toothed_Spruce_Bark_Beetle",9.11534,47.0063
"Eight-Toothed_Spruce_Bark_Beetle",9.11534,47.0063
"Eight-Toothed_Spruce_Bark_Beetle",9.11534,47.0063
"Eight-Toothed_Spruce_Bark_Beetle",9.11534,47.0063
"Eight-Toothed_Spruce_Bark_Beetle",9.11534,47.0063
"Eight-Toothed_Spruce_Bark_Beetle",9.11534,47.0063
"Eight-Toothed_Spruce_Bark_Beetle",9.11534,47.0063
"Eight-Toothed_Spruce_Bark_Beetle",9.11534,47.0063
"Eight-Toothed_Spruce_Bark_Beetle",9.11534,47.0063
"Eight-Toothed_Spruce_Bark_Beetle",9.11534,47.0063
"Eight-Toothed_Spruce_Bark_Beetle",9.11534,47.0063
"Eight-Toothed_Spruce_Bark_Beetle",9.11534,47.0063
"Eight-Toothed_Spruce_Bark_Beetle",9.11534,47.0063
"Eight-Toothed_Spruce_Bark_Beetle",8.92686,47.32377
"Eight-Toothed_Spruce_Bark_Beetle",8.92686,47.32377
"Eight-Toothed_Spruce_Bark_Beetle",8.92686,47.32377
"Eight-Toothed_Spruce_Bark_Beetle",8.92686,47.32377
"Eight-Toothed_Spruce_Bark_Beetle",8.92686,47.32377
"Eight-Toothed_Spruce_Bark_Beetle",8.92686,47.32377
"Eight-Toothed_Spruce_Bark_Beetle",8.92686,47.32377
"Eight-Toothed_Spruce_Bark_Beetle",8.92686,47.32377
"Eight-Toothed_Spruce_Bark_Beetle",8.92686,47.32377
"Eight-Toothed_Spruce_Bark_Beetle",8.92686,47.32377
"Eight-Toothed_Spruce_Bark_Beetle",8.92686,47.32377
"Eight-Toothed_Spruce_Bark_Beetle",8.92686,47.32377
"Eight-Toothed_Spruce_Bark_Beetle",8.92686,47.32377
"Eight-Toothed_Spruce_Bark_Beetle",8.92686,47.32377
"Eight-Toothed_Spruce_Bark_Beetle",8.92686,47.32377
"Eight-Toothed_Spruce_Bark_Beetle",8.92686,47.32377
"Eight-Toothed_Spruce_Bark_Beetle",8.92686,47.32377
"Eight-Toothed_Spruce_Bark_Beetle",8.92686,47.32377
"Eight-Toothed_Spruce_Bark_Beetle",8.92686,47.32377
"Eight-Toothed_Spruce_Bark_Beetle",8.92686,47.32377
"Eight-Toothed_Spruce_Bark_Beetle",8.92686,47.32377
"Eight-Toothed_Spruce_Bark_Beetle",8.92686,47.32377
"Eight-Toothed_Spruce_Bark_Beetle",8.92686,47.32377
"Eight-Toothed_Spruce_Bark_Beetle",8.92686,47.32377
"Eight-Toothed_Spruce_Bark_Beetle",8.92686,47.32377
"Eight-Toothed_Spruce_Bark_Beetle",8.92686,47.32377
"Eight-Toothed_Spruce_Bark_Beetle",8.92686,47.32377
"Eight-Toothed_Spruce_Bark_Beetle",8.92686,47.32377
"Eight-Toothed_Spruce_Bark_Beetle",8.92686,47.32377
"Eight-Toothed_Spruce_Bark_Beetle",8.92686,47.32377
"Eight-Toothed_Spruce_Bark_Beetle",8.92686,47.32377
"Eight-Toothed_Spruce_Bark_Beetle",8.92686,47.32377
"Eight-Toothed_Spruce_Bark_Beetle",8.92686,47.32377
"Eight-Toothed_Spruce_Bark_Beetle",8.92686,47.32377
"Eight-Toothed_Spruce_Bark_Beetle",8.92686,47.32377
"Eight-Toothed_Spruce_Bark_Beetle",8.92686,47.32377
"Eight-Toothed_Spruce_Bark_Beetle",8.92686,47.32377
"Eight-Toothed_Spruce_Bark_Beetle",8.92686,47.32377
"Eight-Toothed_Spruce_Bark_Beetle",8.26202,47.10555
"Eight-Toothed_Spruce_Bark_Beetle",8.26202,47.10555
"Eight-Toothed_Spruce_Bark_Beetle",8.26202,47.10555
"Eight-Toothed_Spruce_Bark_Beetle",8.26202,47.10555
"Eight-Toothed_Spruce_Bark_Beetle",8.26202,47.10555
"Eight-Toothed_Spruce_Bark_Beetle",8.26202,47.10555
"Eight-Toothed_Spruce_Bark_Beetle",8.26202,47.10555
"Eight-Toothed_Spruce_Bark_Beetle",8.26202,47.10555
"Eight-Toothed_Spruce_Bark_Beetle",8.26202,47.10555
"Eight-Toothed_Spruce_Bark_Beetle",8.26202,47.10555
"Eight-Toothed_Spruce_Bark_Beetle",8.26202,47.10555
"Eight-Toothed_Spruce_Bark_Beetle",8.26202,47.10555
"Eight-Toothed_Spruce_Bark_Beetle",8.26202,47.10555
"Eight-Toothed_Spruce_Bark_Beetle",8.26202,47.10555
"Eight-Toothed_Spruce_Bark_Beetle",8.26202,47.10555
"Eight-Toothed_Spruce_Bark_Beetle",8.26202,47.10555
"Eight-Toothed_Spruce_Bark_Beetle",8.26202,47.10555
"Eight-Toothed_Spruce_Bark_Beetle",8.26202,47.10555
"Eight-Toothed_Spruce_Bark_Beetle",8.26202,47.10555
"Eight-Toothed_Spruce_Bark_Beetle",8.26202,47.10555
"Eight-Toothed_Spruce_Bark_Beetle",8.26202,47.10555
"Eight-Toothed_Spruce_Bark_Beetle",8.26202,47.10555
"Eight-Toothed_Spruce_Bark_Beetle",8.26202,47.10555
"Eight-Toothed_Spruce_Bark_Beetle",8.26202,47.10555
"Eight-Toothed_Spruce_Bark_Beetle",8.26202,47.10555
"Eight-Toothed_Spruce_Bark_Beetle",8.26202,47.10555
"Eight-Toothed_Spruce_Bark_Beetle",8.26202,47.10555
"Eight-Toothed_Spruce_Bark_Beetle",8.26202,47.10555
"Eight-Toothed_Spruce_Bark_Beetle",8.26202,47.10555
"Eight-Toothed_Spruce_Bark_Beetle",8.26202,47.10555
"Eight-Toothed_Spruce_Bark_Beetle",8.26202,47.10555
"Eight-Toothed_Spruce_Bark_Beetle",8.26202,47.10555
"Eight-Toothed_Spruce_Bark_Beetle",8.26202,47.10555
"Eight-Toothed_Spruce_Bark_Beetle",8.26202,47.10555
"Eight-Toothed_Spruce_Bark_Beetle",8.26202,47.10555
"Eight-Toothed_Spruce_Bark_Beetle",8.26202,47.10555
"Eight-Toothed_Spruce_Bark_Beetle",8.26202,47.10555
"Eight-Toothed_Spruce_Bark_Beetle",8.26202,47.10555
"Eight-Toothed_Spruce_Bark_Beetle",8.26202,47.10555
"Eight-Toothed_Spruce_Bark_Beetle",8.26202,47.10555
"Eight-Toothed_Spruce_Bark_Beetle",8.26202,47.10555
"Eight-Toothed_Spruce_Bark_Beetle",8.26202,47.10555
"Eight-Toothed_Spruce_Bark_Beetle",8.26202,47.10555
"Eight-Toothed_Spruce_Bark_Beetle",8.26202,47.10555
"Eight-Toothed_Spruce_Bark_Beetle",8.26202,47.10555
"Eight-Toothed_Spruce_Bark_Beetle",8.26202,47.10555
"Eight-Toothed_Spruce_Bark_Beetle",8.26202,47.10555
"Eight-Toothed_Spruce_Bark_Beetle",8.26202,47.10555
"Eight-Toothed_Spruce_Bark_Beetle",8.26202,47.10555
"Eight-Toothed_Spruce_Bark_Beetle",8.26202,47.10555
"Eight-Toothed_Spruce_Bark_Beetle",8.26202,47.10555
"Eight-Toothed_Spruce_Bark_Beetle",8.26202,47.10555
"Eight-Toothed_Spruce_Bark_Beetle",8.26202,47.10555
"Eight-Toothed_Spruce_Bark_Beetle",8.26202,47.10555
"Eight-Toothed_Spruce_Bark_Beetle",8.26202,47.10555
"Eight-Toothed_Spruce_Bark_Beetle",8.26202,47.10555
"Eight-Toothed_Spruce_Bark_Beetle",8.26202,47.10555
"Eight-Toothed_Spruce_Bark_Beetle",8.26202,47.10555
"Eight-Toothed_Spruce_Bark_Beetle",8.26202,47.10555
"Eight-Toothed_Spruce_Bark_Beetle",8.26202,47.10555
"Eight-Toothed_Spruce_Bark_Beetle",8.26202,47.10555
"Eight-Toothed_Spruce_Bark_Beetle",8.26202,47.10555
"Eight-Toothed_Spruce_Bark_Beetle",8.26202,47.10555
"Eight-Toothed_Spruce_Bark_Beetle",8.26202,47.10555
"Eight-Toothed_Spruce_Bark_Beetle",8.26202,47.10555
"Eight-Toothed_Spruce_Bark_Beetle",8.26202,47.10555
"Eight-Toothed_Spruce_Bark_Beetle",8.26202,47.10555
"Eight-Toothed_Spruce_Bark_Beetle",8.26202,47.10555
"Eight-Toothed_Spruce_Bark_Beetle",8.26202,47.10555
"Eight-Toothed_Spruce_Bark_Beetle",8.26202,47.10555
"Eight-Toothed_Spruce_Bark_Beetle",8.26202,47.10555
"Eight-Toothed_Spruce_Bark_Beetle",8.26202,47.10555
"Eight-Toothed_Spruce_Bark_Beetle",8.26202,47.10555
"Eight-Toothed_Spruce_Bark_Beetle",8.26202,47.10555
"Eight-Toothed_Spruce_Bark_Beetle",8.26202,47.10555
"Eight-Toothed_Spruce_Bark_Beetle",8.26202,47.10555
"Eight-Toothed_Spruce_Bark_Beetle",8.26202,47.10555
"Eight-Toothed_Spruce_Bark_Beetle",8.26202,47.10555
"Eight-Toothed_Spruce_Bark_Beetle",8.26202,47.10555
"Eight-Toothed_Spruce_Bark_Beetle",8.26202,47.10555
"Eight-Toothed_Spruce_Bark_Beetle",8.26202,47.10555
"Eight-Toothed_Spruce_Bark_Beetle",8.26202,47.10555
"Eight-Toothed_Spruce_Bark_Beetle",8.26202,47.10555
"Eight-Toothed_Spruce_Bark_Beetle",8.26202,47.10555
"Eight-Toothed_Spruce_Bark_Beetle",8.26202,47.10555
"Eight-Toothed_Spruce_Bark_Beetle",8.26202,47.10555
"Eight-Toothed_Spruce_Bark_Beetle",9.11534,47.0063
"Eight-Toothed_Spruce_Bark_Beetle",9.11534,47.0063
"Eight-Toothed_Spruce_Bark_Beetle",9.11534,47.0063
"Eight-Toothed_Spruce_Bark_Beetle",9.11534,47.0063
"Eight-Toothed_Spruce_Bark_Beetle",9.11534,47.0063
"Eight-Toothed_Spruce_Bark_Beetle",9.11534,47.0063
"Eight-Toothed_Spruce_Bark_Beetle",9.11534,47.0063
"Eight-Toothed_Spruce_Bark_Beetle",9.11534,47.0063
"Eight-Toothed_Spruce_Bark_Beetle",9.11534,47.0063
"Eight-Toothed_Spruce_Bark_Beetle",9.11534,47.0063
"Eight-Toothed_Spruce_Bark_Beetle",9.11534,47.0063
"Eight-Toothed_Spruce_Bark_Beetle",9.11534,47.0063
"Eight-Toothed_Spruce_Bark_Beetle",9.11534,47.0063
"Eight-Toothed_Spruce_Bark_Beetle",9.11534,47.0063
"Eight-Toothed_Spruce_Bark_Beetle",9.11534,47.0063
"Eight-Toothed_Spruce_Bark_Beetle",9.11534,47.0063
"Eight-Toothed_Spruce_Bark_Beetle",9.11534,47.0063
"Eight-Toothed_Spruce_Bark_Beetle",9.11534,47.0063
"Eight-Toothed_Spruce_Bark_Beetle",9.11534,47.0063
"Eight-Toothed_Spruce_Bark_Beetle",9.11534,47.0063
"Eight-Toothed_Spruce_Bark_Beetle",9.11534,47.0063
"Eight-Toothed_Spruce_Bark_Beetle",9.11534,47.0063
"Eight-Toothed_Spruce_Bark_Beetle",9.11534,47.0063
"Eight-Toothed_Spruce_Bark_Beetle",9.11534,47.0063
"Eight-Toothed_Spruce_Bark_Beetle",9.11534,47.0063
"Eight-Toothed_Spruce_Bark_Beetle",9.11534,47.0063
"Eight-Toothed_Spruce_Bark_Beetle",9.11534,47.0063
"Eight-Toothed_Spruce_Bark_Beetle",9.11534,47.0063
"Eight-Toothed_Spruce_Bark_Beetle",9.11534,47.0063
"Eight-Toothed_Spruce_Bark_Beetle",9.11534,47.0063
"Eight-Toothed_Spruce_Bark_Beetle",9.11534,47.0063
"Eight-Toothed_Spruce_Bark_Beetle",9.11534,47.0063
"Eight-Toothed_Spruce_Bark_Beetle",9.11534,47.0063
"Eight-Toothed_Spruce_Bark_Beetle",9.11534,47.0063
"Eight-Toothed_Spruce_Bark_Beetle",8.92686,47.32377
"Eight-Toothed_Spruce_Bark_Beetle",8.92686,47.32377
"Eight-Toothed_Spruce_Bark_Beetle",8.92686,47.32377
"Eight-Toothed_Spruce_Bark_Beetle",8.92686,47.32377
"Eight-Toothed_Spruce_Bark_Beetle",8.92686,47.32377
"Eight-Toothed_Spruce_Bark_Beetle",8.92686,47.32377
"Eight-Toothed_Spruce_Bark_Beetle",8.92686,47.32377
"Eight-Toothed_Spruce_Bark_Beetle",8.92686,47.32377
"Eight-Toothed_Spruce_Bark_Beetle",8.92686,47.32377
"Eight-Toothed_Spruce_Bark_Beetle",8.92686,47.32377
"Eight-Toothed_Spruce_Bark_Beetle",8.92686,47.32377
"Eight-Toothed_Spruce_Bark_Beetle",8.92686,47.32377
"Eight-Toothed_Spruce_Bark_Beetle",8.92686,47.32377
"Eight-Toothed_Spruce_Bark_Beetle",8.92686,47.32377
"Eight-Toothed_Spruce_Bark_Beetle",8.92686,47.32377
"Eight-Toothed_Spruce_Bark_Beetle",8.92686,47.32377
"Eight-Toothed_Spruce_Bark_Beetle",8.92686,47.32377
"Eight-Toothed_Spruce_Bark_Beetle",8.92686,47.32377
"Eight-Toothed_Spruce_Bark_Beetle",8.92686,47.32377
"Eight-Toothed_Spruce_Bark_Beetle",8.92686,47.32377
"Eight-Toothed_Spruce_Bark_Beetle",8.92686,47.32377
"Eight-Toothed_Spruce_Bark_Beetle",8.92686,47.32377
"Eight-Toothed_Spruce_Bark_Beetle",8.92686,47.32377
"Eight-Toothed_Spruce_Bark_Beetle",8.92686,47.32377
"Eight-Toothed_Spruce_Bark_Beetle",8.92686,47.32377
"Eight-Toothed_Spruce_Bark_Beetle",8.92686,47.32377
"Eight-Toothed_Spruce_Bark_Beetle",8.92686,47.32377
"Eight-Toothed_Spruce_Bark_Beetle",8.92686,47.32377
"Eight-Toothed_Spruce_Bark_Beetle",8.92686,47.32377
"Eight-Toothed_Spruce_Bark_Beetle",8.92686,47.32377
"Eight-Toothed_Spruce_Bark_Beetle",8.92686,47.32377
"Eight-Toothed_Spruce_Bark_Beetle",8.92686,47.32377
"Eight-Toothed_Spruce_Bark_Beetle",8.92686,47.32377
"Eight-Toothed_Spruce_Bark_Beetle",8.92686,47.32377
"Eight-Toothed_Spruce_Bark_Beetle",8.92686,47.32377
"Eight-Toothed_Spruce_Bark_Beetle",8.92686,47.32377
"Eight-Toothed_Spruce_Bark_Beetle",8.92686,47.32377
"Eight-Toothed_Spruce_Bark_Beetle",8.92686,47.32377
"Eight-Toothed_Spruce_Bark_Beetle",8.26202,47.10555
"Eight-Toothed_Spruce_Bark_Beetle",8.26202,47.10555
"Eight-Toothed_Spruce_Bark_Beetle",8.26202,47.10555
"Eight-Toothed_Spruce_Bark_Beetle",8.26202,47.10555
"Eight-Toothed_Spruce_Bark_Beetle",8.26202,47.10555
"Eight-Toothed_Spruce_Bark_Beetle",8.26202,47.10555
"Eight-Toothed_Spruce_Bark_Beetle",8.26202,47.10555
"Eight-Toothed_Spruce_Bark_Beetle",8.26202,47.10555
"Eight-Toothed_Spruce_Bark_Beetle",8.26202,47.10555
"Eight-Toothed_Spruce_Bark_Beetle",8.26202,47.10555
"Eight-Toothed_Spruce_Bark_Beetle",8.26202,47.10555
"Eight-Toothed_Spruce_Bark_Beetle",8.26202,47.10555
"Eight-Toothed_Spruce_Bark_Beetle",8.26202,47.10555
"Eight-Toothed_Spruce_Bark_Beetle",8.26202,47.10555
"Eight-Toothed_Spruce_Bark_Beetle",8.26202,47.10555
"Eight-Toothed_Spruce_Bark_Beetle",8.26202,47.10555
"Eight-Toothed_Spruce_Bark_Beetle",8.26202,47.10555
"Eight-Toothed_Spruce_Bark_Beetle",8.26202,47.10555
"Eight-Toothed_Spruce_Bark_Beetle",8.26202,47.10555
"Eight-Toothed_Spruce_Bark_Beetle",8.26202,47.10555
"Eight-Toothed_Spruce_Bark_Beetle",8.26202,47.10555
"Eight-Toothed_Spruce_Bark_Beetle",8.26202,47.10555
"Eight-Toothed_Spruce_Bark_Beetle",8.26202,47.10555
"Eight-Toothed_Spruce_Bark_Beetle",8.26202,47.10555
"Eight-Toothed_Spruce_Bark_Beetle",8.26202,47.10555
"Eight-Toothed_Spruce_Bark_Beetle",8.26202,47.10555
"Eight-Toothed_Spruce_Bark_Beetle",8.26202,47.10555
"Eight-Toothed_Spruce_Bark_Beetle",8.26202,47.10555
"Eight-Toothed_Spruce_Bark_Beetle",8.26202,47.10555
"Eight-Toothed_Spruce_Bark_Beetle",8.26202,47.10555
"Eight-Toothed_Spruce_Bark_Beetle",8.26202,47.10555
"Eight-Toothed_Spruce_Bark_Beetle",8.26202,47.10555
"Eight-Toothed_Spruce_Bark_Beetle",8.26202,47.10555
"Eight-Toothed_Spruce_Bark_Beetle",8.26202,47.10555
"Eight-Toothed_Spruce_Bark_Beetle",8.26202,47.10555
"Eight-Toothed_Spruce_Bark_Beetle",8.26202,47.10555
"Eight-Toothed_Spruce_Bark_Beetle",8.26202,47.10555
"Eight-Toothed_Spruce_Bark_Beetle",8.26202,47.10555
"Eight-Toothed_Spruce_Bark_Beetle",8.26202,47.10555
"Eight-Toothed_Spruce_Bark_Beetle",8.26202,47.10555
"Eight-Toothed_Spruce_Bark_Beetle",8.26202,47.10555
"Eight-Toothed_Spruce_Bark_Beetle",8.26202,47.10555
"Eight-Toothed_Spruce_Bark_Beetle",8.26202,47.10555
"Eight-Toothed_Spruce_Bark_Beetle",8.26202,47.10555
"Eight-Toothed_Spruce_Bark_Beetle",8.26202,47.10555
"Eight-Toothed_Spruce_Bark_Beetle",8.26202,47.10555
"Eight-Toothed_Spruce_Bark_Beetle",8.26202,47.10555
"Eight-Toothed_Spruce_Bark_Beetle",8.26202,47.10555
"Eight-Toothed_Spruce_Bark_Beetle",8.26202,47.10555
"Eight-Toothed_Spruce_Bark_Beetle",8.26202,47.10555
"Eight-Toothed_Spruce_Bark_Beetle",8.26202,47.10555
"Eight-Toothed_Spruce_Bark_Beetle",8.26202,47.10555
"Eight-Toothed_Spruce_Bark_Beetle",8.26202,47.10555
"Eight-Toothed_Spruce_Bark_Beetle",8.26202,47.10555
"Eight-Toothed_Spruce_Bark_Beetle",8.26202,47.10555
"Eight-Toothed_Spruce_Bark_Beetle",8.26202,47.10555
"Eight-Toothed_Spruce_Bark_Beetle",8.26202,47.10555
"Eight-Toothed_Spruce_Bark_Beetle",8.26202,47.10555
"Eight-Toothed_Spruce_Bark_Beetle",8.26202,47.10555
"Eight-Toothed_Spruce_Bark_Beetle",8.26202,47.10555
"Eight-Toothed_Spruce_Bark_Beetle",8.26202,47.10555
"Eight-Toothed_Spruce_Bark_Beetle",8.26202,47.10555
"Eight-Toothed_Spruce_Bark_Beetle",8.26202,47.10555
"Eight-Toothed_Spruce_Bark_Beetle",8.26202,47.10555
"Eight-Toothed_Spruce_Bark_Beetle",8.26202,47.10555
"Eight-Toothed_Spruce_Bark_Beetle",8.26202,47.10555
"Eight-Toothed_Spruce_Bark_Beetle",8.26202,47.10555
"Eight-Toothed_Spruce_Bark_Beetle",8.26202,47.10555
"Eight-Toothed_Spruce_Bark_Beetle",8.26202,47.10555
"Eight-Toothed_Spruce_Bark_Beetle",8.26202,47.10555
"Eight-Toothed_Spruce_Bark_Beetle",8.26202,47.10555
"Eight-Toothed_Spruce_Bark_Beetle",8.26202,47.10555
"Eight-Toothed_Spruce_Bark_Beetle",8.26202,47.10555
"Eight-Toothed_Spruce_Bark_Beetle",8.26202,47.10555
"Eight-Toothed_Spruce_Bark_Beetle",8.26202,47.10555
"Eight-Toothed_Spruce_Bark_Beetle",8.26202,47.10555
"Eight-Toothed_Spruce_Bark_Beetle",8.26202,47.10555
"Eight-Toothed_Spruce_Bark_Beetle",8.26202,47.10555
"Eight-Toothed_Spruce_Bark_Beetle",8.26202,47.10555
"Eight-Toothed_Spruce_Bark_Beetle",8.26202,47.10555
"Eight-Toothed_Spruce_Bark_Beetle",8.26202,47.10555
"Eight-Toothed_Spruce_Bark_Beetle",8.26202,47.10555
"Eight-Toothed_Spruce_Bark_Beetle",8.26202,47.10555
"Eight-Toothed_Spruce_Bark_Beetle",8.26202,47.10555
"Eight-Toothed_Spruce_Bark_Beetle",8.26202,47.10555
"Eight-Toothed_Spruce_Bark_Beetle",8.26202,47.10555
"Eight-Toothed_Spruce_Bark_Beetle",8.26202,47.10555
"Eight-Toothed_Spruce_Bark_Beetle",6.68301,46.97107
"Eight-Toothed_Spruce_Bark_Beetle",6.68301,46.97107
"Eight-Toothed_Spruce_Bark_Beetle",9.11534,47.0063
"Eight-Toothed_Spruce_Bark_Beetle",9.11534,47.0063
"Eight-Toothed_Spruce_Bark_Beetle",9.11534,47.0063
"Eight-Toothed_Spruce_Bark_Beetle",9.11534,47.0063
"Eight-Toothed_Spruce_Bark_Beetle",9.11534,47.0063
"Eight-Toothed_Spruce_Bark_Beetle",9.11534,47.0063
"Eight-Toothed_Spruce_Bark_Beetle",9.11534,47.0063
"Eight-Toothed_Spruce_Bark_Beetle",9.11534,47.0063
"Eight-Toothed_Spruce_Bark_Beetle",9.11534,47.0063
"Eight-Toothed_Spruce_Bark_Beetle",9.11534,47.0063
"Eight-Toothed_Spruce_Bark_Beetle",9.11534,47.0063
"Eight-Toothed_Spruce_Bark_Beetle",9.11534,47.0063
"Eight-Toothed_Spruce_Bark_Beetle",9.11534,47.0063
"Eight-Toothed_Spruce_Bark_Beetle",9.11534,47.0063
"Eight-Toothed_Spruce_Bark_Beetle",9.11534,47.0063
"Eight-Toothed_Spruce_Bark_Beetle",9.11534,47.0063
"Eight-Toothed_Spruce_Bark_Beetle",9.11534,47.0063
"Eight-Toothed_Spruce_Bark_Beetle",9.11534,47.0063
"Eight-Toothed_Spruce_Bark_Beetle",9.11534,47.0063
"Eight-Toothed_Spruce_Bark_Beetle",9.11534,47.0063
"Eight-Toothed_Spruce_Bark_Beetle",9.11534,47.0063
"Eight-Toothed_Spruce_Bark_Beetle",9.11534,47.0063
"Eight-Toothed_Spruce_Bark_Beetle",9.11534,47.0063
"Eight-Toothed_Spruce_Bark_Beetle",9.11534,47.0063
"Eight-Toothed_Spruce_Bark_Beetle",9.11534,47.0063
"Eight-Toothed_Spruce_Bark_Beetle",9.11534,47.0063
"Eight-Toothed_Spruce_Bark_Beetle",9.11534,47.0063
"Eight-Toothed_Spruce_Bark_Beetle",9.11534,47.0063
"Eight-Toothed_Spruce_Bark_Beetle",9.11534,47.0063
"Eight-Toothed_Spruce_Bark_Beetle",9.11534,47.0063
"Eight-Toothed_Spruce_Bark_Beetle",9.11534,47.0063
"Eight-Toothed_Spruce_Bark_Beetle",9.11534,47.0063
"Eight-Toothed_Spruce_Bark_Beetle",8.92686,47.32377
"Eight-Toothed_Spruce_Bark_Beetle",8.92686,47.32377
"Eight-Toothed_Spruce_Bark_Beetle",8.92686,47.32377
"Eight-Toothed_Spruce_Bark_Beetle",8.92686,47.32377
"Eight-Toothed_Spruce_Bark_Beetle",8.92686,47.32377
"Eight-Toothed_Spruce_Bark_Beetle",8.92686,47.32377
"Eight-Toothed_Spruce_Bark_Beetle",8.92686,47.32377
"Eight-Toothed_Spruce_Bark_Beetle",8.92686,47.32377
"Eight-Toothed_Spruce_Bark_Beetle",8.92686,47.32377
"Eight-Toothed_Spruce_Bark_Beetle",8.92686,47.32377
"Eight-Toothed_Spruce_Bark_Beetle",8.92686,47.32377
"Eight-Toothed_Spruce_Bark_Beetle",8.92686,47.32377
"Eight-Toothed_Spruce_Bark_Beetle",8.92686,47.32377
"Eight-Toothed_Spruce_Bark_Beetle",8.92686,47.32377
"Eight-Toothed_Spruce_Bark_Beetle",8.92686,47.32377
"Eight-Toothed_Spruce_Bark_Beetle",8.92686,47.32377
"Eight-Toothed_Spruce_Bark_Beetle",8.92686,47.32377
"Eight-Toothed_Spruce_Bark_Beetle",8.92686,47.32377
"Eight-Toothed_Spruce_Bark_Beetle",8.92686,47.32377
"Eight-Toothed_Spruce_Bark_Beetle",8.92686,47.32377
"Eight-Toothed_Spruce_Bark_Beetle",8.92686,47.32377
"Eight-Toothed_Spruce_Bark_Beetle",8.92686,47.32377
"Eight-Toothed_Spruce_Bark_Beetle",8.92686,47.32377
"Eight-Toothed_Spruce_Bark_Beetle",8.92686,47.32377
"Eight-Toothed_Spruce_Bark_Beetle",8.92686,47.32377
"Eight-Toothed_Spruce_Bark_Beetle",8.92686,47.32377
"Eight-Toothed_Spruce_Bark_Beetle",8.92686,47.32377
"Eight-Toothed_Spruce_Bark_Beetle",8.92686,47.32377
"Eight-Toothed_Spruce_Bark_Beetle",8.92686,47.32377
"Eight-Toothed_Spruce_Bark_Beetle",8.92686,47.32377
"Eight-Toothed_Spruce_Bark_Beetle",8.92686,47.32377
"Eight-Toothed_Spruce_Bark_Beetle",8.92686,47.32377
"Eight-Toothed_Spruce_Bark_Beetle",8.92686,47.32377
"Eight-Toothed_Spruce_Bark_Beetle",8.92686,47.32377
"Eight-Toothed_Spruce_Bark_Beetle",8.92686,47.32377
"Eight-Toothed_Spruce_Bark_Beetle",8.92686,47.32377
"Eight-Toothed_Spruce_Bark_Beetle",8.92686,47.32377
"Eight-Toothed_Spruce_Bark_Beetle",8.92686,47.32377
"Eight-Toothed_Spruce_Bark_Beetle",8.92686,47.32377
"Eight-Toothed_Spruce_Bark_Beetle",8.26202,47.10555
"Eight-Toothed_Spruce_Bark_Beetle",8.26202,47.10555
"Eight-Toothed_Spruce_Bark_Beetle",8.26202,47.10555
"Eight-Toothed_Spruce_Bark_Beetle",8.26202,47.10555
"Eight-Toothed_Spruce_Bark_Beetle",8.26202,47.10555
"Eight-Toothed_Spruce_Bark_Beetle",8.26202,47.10555
"Eight-Toothed_Spruce_Bark_Beetle",8.26202,47.10555
"Eight-Toothed_Spruce_Bark_Beetle",8.26202,47.10555
"Eight-Toothed_Spruce_Bark_Beetle",8.26202,47.10555
"Eight-Toothed_Spruce_Bark_Beetle",8.26202,47.10555
"Eight-Toothed_Spruce_Bark_Beetle",8.26202,47.10555
"Eight-Toothed_Spruce_Bark_Beetle",8.26202,47.10555
"Eight-Toothed_Spruce_Bark_Beetle",8.26202,47.10555
"Eight-Toothed_Spruce_Bark_Beetle",8.26202,47.10555
"Eight-Toothed_Spruce_Bark_Beetle",8.26202,47.10555
"Eight-Toothed_Spruce_Bark_Beetle",8.26202,47.10555
"Eight-Toothed_Spruce_Bark_Beetle",8.26202,47.10555
"Eight-Toothed_Spruce_Bark_Beetle",8.26202,47.10555
"Eight-Toothed_Spruce_Bark_Beetle",8.26202,47.10555
"Eight-Toothed_Spruce_Bark_Beetle",8.26202,47.10555
"Eight-Toothed_Spruce_Bark_Beetle",8.26202,47.10555
"Eight-Toothed_Spruce_Bark_Beetle",8.26202,47.10555
"Eight-Toothed_Spruce_Bark_Beetle",8.26202,47.10555
"Eight-Toothed_Spruce_Bark_Beetle",8.26202,47.10555
"Eight-Toothed_Spruce_Bark_Beetle",8.26202,47.10555
"Eight-Toothed_Spruce_Bark_Beetle",8.26202,47.10555
"Eight-Toothed_Spruce_Bark_Beetle",8.26202,47.10555
"Eight-Toothed_Spruce_Bark_Beetle",8.26202,47.10555
"Eight-Toothed_Spruce_Bark_Beetle",8.26202,47.10555
"Eight-Toothed_Spruce_Bark_Beetle",8.26202,47.10555
"Eight-Toothed_Spruce_Bark_Beetle",8.26202,47.10555
"Eight-Toothed_Spruce_Bark_Beetle",8.26202,47.10555
"Eight-Toothed_Spruce_Bark_Beetle",8.26202,47.10555
"Eight-Toothed_Spruce_Bark_Beetle",8.26202,47.10555
"Eight-Toothed_Spruce_Bark_Beetle",8.26202,47.10555
"Eight-Toothed_Spruce_Bark_Beetle",8.26202,47.10555
"Eight-Toothed_Spruce_Bark_Beetle",8.26202,47.10555
"Eight-Toothed_Spruce_Bark_Beetle",8.26202,47.10555
"Eight-Toothed_Spruce_Bark_Beetle",8.26202,47.10555
"Eight-Toothed_Spruce_Bark_Beetle",8.26202,47.10555
"Eight-Toothed_Spruce_Bark_Beetle",8.26202,47.10555
"Eight-Toothed_Spruce_Bark_Beetle",8.26202,47.10555
"Eight-Toothed_Spruce_Bark_Beetle",8.26202,47.10555
"Eight-Toothed_Spruce_Bark_Beetle",8.26202,47.10555
"Eight-Toothed_Spruce_Bark_Beetle",8.26202,47.10555
"Eight-Toothed_Spruce_Bark_Beetle",8.26202,47.10555
"Eight-Toothed_Spruce_Bark_Beetle",8.26202,47.10555
"Eight-Toothed_Spruce_Bark_Beetle",8.26202,47.10555
"Eight-Toothed_Spruce_Bark_Beetle",8.26202,47.10555
"Eight-Toothed_Spruce_Bark_Beetle",8.26202,47.10555
"Eight-Toothed_Spruce_Bark_Beetle",8.26202,47.10555
"Eight-Toothed_Spruce_Bark_Beetle",8.26202,47.10555
"Eight-Toothed_Spruce_Bark_Beetle",8.26202,47.10555
"Eight-Toothed_Spruce_Bark_Beetle",8.26202,47.10555
"Eight-Toothed_Spruce_Bark_Beetle",8.26202,47.10555
"Eight-Toothed_Spruce_Bark_Beetle",8.26202,47.10555
"Eight-Toothed_Spruce_Bark_Beetle",8.26202,47.10555
"Eight-Toothed_Spruce_Bark_Beetle",8.26202,47.10555
"Eight-Toothed_Spruce_Bark_Beetle",8.26202,47.10555
"Eight-Toothed_Spruce_Bark_Beetle",8.26202,47.10555
"Eight-Toothed_Spruce_Bark_Beetle",8.26202,47.10555
"Eight-Toothed_Spruce_Bark_Beetle",8.26202,47.10555
"Eight-Toothed_Spruce_Bark_Beetle",8.26202,47.10555
"Eight-Toothed_Spruce_Bark_Beetle",8.26202,47.10555
"Eight-Toothed_Spruce_Bark_Beetle",8.26202,47.10555
"Eight-Toothed_Spruce_Bark_Beetle",8.26202,47.10555
"Eight-Toothed_Spruce_Bark_Beetle",8.26202,47.10555
"Eight-Toothed_Spruce_Bark_Beetle",8.26202,47.10555
"Eight-Toothed_Spruce_Bark_Beetle",8.26202,47.10555
"Eight-Toothed_Spruce_Bark_Beetle",8.26202,47.10555
"Eight-Toothed_Spruce_Bark_Beetle",8.26202,47.10555
"Eight-Toothed_Spruce_Bark_Beetle",8.26202,47.10555
"Eight-Toothed_Spruce_Bark_Beetle",8.26202,47.10555
"Eight-Toothed_Spruce_Bark_Beetle",8.26202,47.10555
"Eight-Toothed_Spruce_Bark_Beetle",8.26202,47.10555
"Eight-Toothed_Spruce_Bark_Beetle",8.26202,47.10555
"Eight-Toothed_Spruce_Bark_Beetle",8.26202,47.10555
"Eight-Toothed_Spruce_Bark_Beetle",8.26202,47.10555
"Eight-Toothed_Spruce_Bark_Beetle",8.26202,47.10555
"Eight-Toothed_Spruce_Bark_Beetle",8.26202,47.10555
"Eight-Toothed_Spruce_Bark_Beetle",8.26202,47.10555
"Eight-Toothed_Spruce_Bark_Beetle",8.26202,47.10555
"Eight-Toothed_Spruce_Bark_Beetle",8.26202,47.10555
"Eight-Toothed_Spruce_Bark_Beetle",8.26202,47.10555
"Eight-Toothed_Spruce_Bark_Beetle",6.68301,46.97107
"Eight-Toothed_Spruce_Bark_Beetle",9.11534,47.0063
"Eight-Toothed_Spruce_Bark_Beetle",9.11534,47.0063
"Eight-Toothed_Spruce_Bark_Beetle",9.11534,47.0063
"Eight-Toothed_Spruce_Bark_Beetle",9.11534,47.0063
"Eight-Toothed_Spruce_Bark_Beetle",9.11534,47.0063
"Eight-Toothed_Spruce_Bark_Beetle",9.11534,47.0063
"Eight-Toothed_Spruce_Bark_Beetle",9.11534,47.0063
"Eight-Toothed_Spruce_Bark_Beetle",9.11534,47.0063
"Eight-Toothed_Spruce_Bark_Beetle",9.11534,47.0063
"Eight-Toothed_Spruce_Bark_Beetle",9.11534,47.0063
"Eight-Toothed_Spruce_Bark_Beetle",9.11534,47.0063
"Eight-Toothed_Spruce_Bark_Beetle",9.11534,47.0063
"Eight-Toothed_Spruce_Bark_Beetle",9.11534,47.0063
"Eight-Toothed_Spruce_Bark_Beetle",9.11534,47.0063
"Eight-Toothed_Spruce_Bark_Beetle",9.11534,47.0063
"Eight-Toothed_Spruce_Bark_Beetle",9.11534,47.0063
"Eight-Toothed_Spruce_Bark_Beetle",9.11534,47.0063
"Eight-Toothed_Spruce_Bark_Beetle",9.11534,47.0063
"Eight-Toothed_Spruce_Bark_Beetle",9.11534,47.0063
"Eight-Toothed_Spruce_Bark_Beetle",9.11534,47.0063
"Eight-Toothed_Spruce_Bark_Beetle",9.11534,47.0063
"Eight-Toothed_Spruce_Bark_Beetle",9.11534,47.0063
"Eight-Toothed_Spruce_Bark_Beetle",9.11534,47.0063
"Eight-Toothed_Spruce_Bark_Beetle",9.11534,47.0063
"Eight-Toothed_Spruce_Bark_Beetle",9.11534,47.0063
"Eight-Toothed_Spruce_Bark_Beetle",9.11534,47.0063
"Eight-Toothed_Spruce_Bark_Beetle",9.11534,47.0063
"Eight-Toothed_Spruce_Bark_Beetle",9.11534,47.0063
"Eight-Toothed_Spruce_Bark_Beetle",9.11534,47.0063
"Eight-Toothed_Spruce_Bark_Beetle",9.11534,47.0063
"Eight-Toothed_Spruce_Bark_Beetle",9.11534,47.0063
"Eight-Toothed_Spruce_Bark_Beetle",8.92686,47.32377
"Eight-Toothed_Spruce_Bark_Beetle",8.92686,47.32377
"Eight-Toothed_Spruce_Bark_Beetle",8.92686,47.32377
"Eight-Toothed_Spruce_Bark_Beetle",8.92686,47.32377
"Eight-Toothed_Spruce_Bark_Beetle",8.92686,47.32377
"Eight-Toothed_Spruce_Bark_Beetle",8.92686,47.32377
"Eight-Toothed_Spruce_Bark_Beetle",8.92686,47.32377
"Eight-Toothed_Spruce_Bark_Beetle",8.92686,47.32377
"Eight-Toothed_Spruce_Bark_Beetle",8.92686,47.32377
"Eight-Toothed_Spruce_Bark_Beetle",8.92686,47.32377
"Eight-Toothed_Spruce_Bark_Beetle",8.92686,47.32377
"Eight-Toothed_Spruce_Bark_Beetle",8.92686,47.32377
"Eight-Toothed_Spruce_Bark_Beetle",8.92686,47.32377
"Eight-Toothed_Spruce_Bark_Beetle",8.92686,47.32377
"Eight-Toothed_Spruce_Bark_Beetle",8.92686,47.32377
"Eight-Toothed_Spruce_Bark_Beetle",8.92686,47.32377
"Eight-Toothed_Spruce_Bark_Beetle",8.92686,47.32377
"Eight-Toothed_Spruce_Bark_Beetle",8.92686,47.32377
"Eight-Toothed_Spruce_Bark_Beetle",8.92686,47.32377
"Eight-Toothed_Spruce_Bark_Beetle",8.92686,47.32377
"Eight-Toothed_Spruce_Bark_Beetle",8.92686,47.32377
"Eight-Toothed_Spruce_Bark_Beetle",8.92686,47.32377
"Eight-Toothed_Spruce_Bark_Beetle",8.92686,47.32377
"Eight-Toothed_Spruce_Bark_Beetle",8.92686,47.32377
"Eight-Toothed_Spruce_Bark_Beetle",8.92686,47.32377
"Eight-Toothed_Spruce_Bark_Beetle",8.92686,47.32377
"Eight-Toothed_Spruce_Bark_Beetle",8.92686,47.32377
"Eight-Toothed_Spruce_Bark_Beetle",8.92686,47.32377
"Eight-Toothed_Spruce_Bark_Beetle",8.92686,47.32377
"Eight-Toothed_Spruce_Bark_Beetle",8.92686,47.32377
"Eight-Toothed_Spruce_Bark_Beetle",8.92686,47.32377
"Eight-Toothed_Spruce_Bark_Beetle",8.92686,47.32377
"Eight-Toothed_Spruce_Bark_Beetle",8.92686,47.32377
"Eight-Toothed_Spruce_Bark_Beetle",8.92686,47.32377
"Eight-Toothed_Spruce_Bark_Beetle",8.92686,47.32377
"Eight-Toothed_Spruce_Bark_Beetle",8.92686,47.32377
"Eight-Toothed_Spruce_Bark_Beetle",8.92686,47.32377
"Eight-Toothed_Spruce_Bark_Beetle",8.92686,47.32377
"Eight-Toothed_Spruce_Bark_Beetle",8.92686,47.32377
"Eight-Toothed_Spruce_Bark_Beetle",8.92686,47.32377
"Eight-Toothed_Spruce_Bark_Beetle",8.92686,47.32377
"Eight-Toothed_Spruce_Bark_Beetle",8.92686,47.32377
"Eight-Toothed_Spruce_Bark_Beetle",8.92686,47.32377
"Eight-Toothed_Spruce_Bark_Beetle",8.92686,47.32377
"Eight-Toothed_Spruce_Bark_Beetle",8.26202,47.10555
"Eight-Toothed_Spruce_Bark_Beetle",8.26202,47.10555
"Eight-Toothed_Spruce_Bark_Beetle",8.26202,47.10555
"Eight-Toothed_Spruce_Bark_Beetle",8.26202,47.10555
"Eight-Toothed_Spruce_Bark_Beetle",8.26202,47.10555
"Eight-Toothed_Spruce_Bark_Beetle",8.26202,47.10555
"Eight-Toothed_Spruce_Bark_Beetle",8.26202,47.10555
"Eight-Toothed_Spruce_Bark_Beetle",8.26202,47.10555
"Eight-Toothed_Spruce_Bark_Beetle",8.26202,47.10555
"Eight-Toothed_Spruce_Bark_Beetle",8.26202,47.10555
"Eight-Toothed_Spruce_Bark_Beetle",8.26202,47.10555
"Eight-Toothed_Spruce_Bark_Beetle",8.26202,47.10555
"Eight-Toothed_Spruce_Bark_Beetle",8.26202,47.10555
"Eight-Toothed_Spruce_Bark_Beetle",8.26202,47.10555
"Eight-Toothed_Spruce_Bark_Beetle",8.26202,47.10555
"Eight-Toothed_Spruce_Bark_Beetle",8.26202,47.10555
"Eight-Toothed_Spruce_Bark_Beetle",8.26202,47.10555
"Eight-Toothed_Spruce_Bark_Beetle",8.26202,47.10555
"Eight-Toothed_Spruce_Bark_Beetle",8.26202,47.10555
"Eight-Toothed_Spruce_Bark_Beetle",8.26202,47.10555
"Eight-Toothed_Spruce_Bark_Beetle",8.26202,47.10555
"Eight-Toothed_Spruce_Bark_Beetle",8.26202,47.10555
"Eight-Toothed_Spruce_Bark_Beetle",8.26202,47.10555
"Eight-Toothed_Spruce_Bark_Beetle",8.26202,47.10555
"Eight-Toothed_Spruce_Bark_Beetle",8.26202,47.10555
"Eight-Toothed_Spruce_Bark_Beetle",8.26202,47.10555
"Eight-Toothed_Spruce_Bark_Beetle",8.26202,47.10555
"Eight-Toothed_Spruce_Bark_Beetle",8.26202,47.10555
"Eight-Toothed_Spruce_Bark_Beetle",8.26202,47.10555
"Eight-Toothed_Spruce_Bark_Beetle",8.26202,47.10555
"Eight-Toothed_Spruce_Bark_Beetle",8.26202,47.10555
"Eight-Toothed_Spruce_Bark_Beetle",8.26202,47.10555
"Eight-Toothed_Spruce_Bark_Beetle",8.26202,47.10555
"Eight-Toothed_Spruce_Bark_Beetle",8.26202,47.10555
"Eight-Toothed_Spruce_Bark_Beetle",8.26202,47.10555
"Eight-Toothed_Spruce_Bark_Beetle",8.26202,47.10555
"Eight-Toothed_Spruce_Bark_Beetle",8.26202,47.10555
"Eight-Toothed_Spruce_Bark_Beetle",8.26202,47.10555
"Eight-Toothed_Spruce_Bark_Beetle",8.26202,47.10555
"Eight-Toothed_Spruce_Bark_Beetle",8.26202,47.10555
"Eight-Toothed_Spruce_Bark_Beetle",8.26202,47.10555
"Eight-Toothed_Spruce_Bark_Beetle",8.26202,47.10555
"Eight-Toothed_Spruce_Bark_Beetle",8.26202,47.10555
"Eight-Toothed_Spruce_Bark_Beetle",8.26202,47.10555
"Eight-Toothed_Spruce_Bark_Beetle",8.26202,47.10555
"Eight-Toothed_Spruce_Bark_Beetle",8.26202,47.10555
"Eight-Toothed_Spruce_Bark_Beetle",8.26202,47.10555
"Eight-Toothed_Spruce_Bark_Beetle",8.26202,47.10555
"Eight-Toothed_Spruce_Bark_Beetle",8.26202,47.10555
"Eight-Toothed_Spruce_Bark_Beetle",8.26202,47.10555
"Eight-Toothed_Spruce_Bark_Beetle",8.26202,47.10555
"Eight-Toothed_Spruce_Bark_Beetle",8.26202,47.10555
"Eight-Toothed_Spruce_Bark_Beetle",8.26202,47.10555
"Eight-Toothed_Spruce_Bark_Beetle",8.26202,47.10555
"Eight-Toothed_Spruce_Bark_Beetle",8.26202,47.10555
"Eight-Toothed_Spruce_Bark_Beetle",8.26202,47.10555
"Eight-Toothed_Spruce_Bark_Beetle",8.26202,47.10555
"Eight-Toothed_Spruce_Bark_Beetle",8.26202,47.10555
"Eight-Toothed_Spruce_Bark_Beetle",8.26202,47.10555
"Eight-Toothed_Spruce_Bark_Beetle",8.26202,47.10555
"Eight-Toothed_Spruce_Bark_Beetle",8.26202,47.10555
"Eight-Toothed_Spruce_Bark_Beetle",8.26202,47.10555
"Eight-Toothed_Spruce_Bark_Beetle",8.26202,47.10555
"Eight-Toothed_Spruce_Bark_Beetle",8.26202,47.10555
"Eight-Toothed_Spruce_Bark_Beetle",8.26202,47.10555
"Eight-Toothed_Spruce_Bark_Beetle",8.26202,47.10555
"Eight-Toothed_Spruce_Bark_Beetle",8.26202,47.10555
"Eight-Toothed_Spruce_Bark_Beetle",8.26202,47.10555
"Eight-Toothed_Spruce_Bark_Beetle",8.26202,47.10555
"Eight-Toothed_Spruce_Bark_Beetle",8.26202,47.10555
"Eight-Toothed_Spruce_Bark_Beetle",8.26202,47.10555
"Eight-Toothed_Spruce_Bark_Beetle",8.26202,47.10555
"Eight-Toothed_Spruce_Bark_Beetle",8.26202,47.10555
"Eight-Toothed_Spruce_Bark_Beetle",8.26202,47.10555
"Eight-Toothed_Spruce_Bark_Beetle",8.26202,47.10555
"Eight-Toothed_Spruce_Bark_Beetle",8.26202,47.10555
"Eight-Toothed_Spruce_Bark_Beetle",8.26202,47.10555
"Eight-Toothed_Spruce_Bark_Beetle",8.26202,47.10555
"Eight-Toothed_Spruce_Bark_Beetle",8.26202,47.10555
"Eight-Toothed_Spruce_Bark_Beetle",9.06873,47.63671
"Eight-Toothed_Spruce_Bark_Beetle",6.95397,46.07297
"Eight-Toothed_Spruce_Bark_Beetle",9.26362,47.49887
"Eight-Toothed_Spruce_Bark_Beetle",8.46913,47.59861
"Eight-Toothed_Spruce_Bark_Beetle",9.20026,47.58981
"Eight-Toothed_Spruce_Bark_Beetle",9.39464,47.45174
"Eight-Toothed_Spruce_Bark_Beetle",8.73502,47.59594
"Eight-Toothed_Spruce_Bark_Beetle",8.53375,47.50807
"Eight-Toothed_Spruce_Bark_Beetle",6.48751,46.87965
"Eight-Toothed_Spruce_Bark_Beetle",6.68174,47.06102
"Eight-Toothed_Spruce_Bark_Beetle",10.47473,46.61826
"Eight-Toothed_Spruce_Bark_Beetle",9.18546,47.14021
"Eight-Toothed_Spruce_Bark_Beetle",9.18546,47.14021
"Eight-Toothed_Spruce_Bark_Beetle",9.18693,47.18517
"Eight-Toothed_Spruce_Bark_Beetle",9.18546,47.14021
"Eight-Toothed_Spruce_Bark_Beetle",9.18693,47.18517
"Eight-Toothed_Spruce_Bark_Beetle",9.18693,47.18517
"Eight-Toothed_Spruce_Bark_Beetle",9.18693,47.18517
"Eight-Toothed_Spruce_Bark_Beetle",9.18546,47.14021
"Eight-Toothed_Spruce_Bark_Beetle",9.18693,47.18517
"Eight-Toothed_Spruce_Bark_Beetle",9.18693,47.18517
"Eight-Toothed_Spruce_Bark_Beetle",9.18693,47.18517
"Eight-Toothed_Spruce_Bark_Beetle",8.92435,47.23384
"Eight-Toothed_Spruce_Bark_Beetle",9.18546,47.14021
"Eight-Toothed_Spruce_Bark_Beetle",9.18693,47.18517
"Eight-Toothed_Spruce_Bark_Beetle",9.18693,47.18517
"Eight-Toothed_Spruce_Bark_Beetle",6.48751,46.87965
"Eight-Toothed_Spruce_Bark_Beetle",9.18546,47.14021
"Eight-Toothed_Spruce_Bark_Beetle",9.18546,47.14021
"Eight-Toothed_Spruce_Bark_Beetle",9.18693,47.18517
"Eight-Toothed_Spruce_Bark_Beetle",9.18546,47.14021
"Eight-Toothed_Spruce_Bark_Beetle",9.18693,47.18517
"Eight-Toothed_Spruce_Bark_Beetle",9.18546,47.14021
"Eight-Toothed_Spruce_Bark_Beetle",9.18693,47.18517
"Eight-Toothed_Spruce_Bark_Beetle",9.18693,47.18517
"Eight-Toothed_Spruce_Bark_Beetle",8.92435,47.23384
"Eight-Toothed_Spruce_Bark_Beetle",9.18546,47.14021
"Eight-Toothed_Spruce_Bark_Beetle",9.18546,47.14021
"Eight-Toothed_Spruce_Bark_Beetle",9.18693,47.18517
"Eight-Toothed_Spruce_Bark_Beetle",6.74697,47.10641
"Eight-Toothed_Spruce_Bark_Beetle",6.48751,46.87965
"Eight-Toothed_Spruce_Bark_Beetle",8.92435,47.23384
"Eight-Toothed_Spruce_Bark_Beetle",9.18546,47.14021
"Eight-Toothed_Spruce_Bark_Beetle",9.18546,47.14021
"Eight-Toothed_Spruce_Bark_Beetle",9.18693,47.18517
"Eight-Toothed_Spruce_Bark_Beetle",9.18693,47.18517
"Eight-Toothed_Spruce_Bark_Beetle",7.73656,47.37795
"Eight-Toothed_Spruce_Bark_Beetle",6.74814,47.01646
"Eight-Toothed_Spruce_Bark_Beetle",7.73656,47.37795
"Eight-Toothed_Spruce_Bark_Beetle",6.95437,46.028
"Eight-Toothed_Spruce_Bark_Beetle",6.23624,46.38248
"Eight-Toothed_Spruce_Bark_Beetle",8.77322,46.47099
"Eight-Toothed_Spruce_Bark_Beetle",7.60087,46.29879
"Eight-Toothed_Spruce_Bark_Beetle",8.77322,46.47099
"Eight-Toothed_Spruce_Bark_Beetle",8.77322,46.47099
"Eight-Toothed_Spruce_Bark_Beetle",8.77322,46.47099
"Eight-Toothed_Spruce_Bark_Beetle",8.77322,46.47099
"Eight-Toothed_Spruce_Bark_Beetle",25.199437,49.940229
"Eight-Toothed_Spruce_Bark_Beetle",9.407684,52.16329
"Eight-Toothed_Spruce_Bark_Beetle",23.476381,54.902589
"Eight-Toothed_Spruce_Bark_Beetle",7.38837,43.973
"Eight-Toothed_Spruce_Bark_Beetle",2.51326,49.22861
"Eight-Toothed_Spruce_Bark_Beetle",2.92575,44.26799
"Eight-Toothed_Spruce_Bark_Beetle",2.30271,44.46011
"Eight-Toothed_Spruce_Bark_Beetle",2.34144,42.92439
"Eight-Toothed_Spruce_Bark_Beetle",2.58243,43.55047
"Eight-Toothed_Spruce_Bark_Beetle",0.20137,43.2811
"Eight-Toothed_Spruce_Bark_Beetle",0.67635,43.19597
"Eight-Toothed_Spruce_Bark_Beetle",2.77047,43.65525
"Eight-Toothed_Spruce_Bark_Beetle",2.52759,43.65787
"Eight-Toothed_Spruce_Bark_Beetle",1.22533,43.79603
"Eight-Toothed_Spruce_Bark_Beetle",2.75664,43.88507
"Eight-Toothed_Spruce_Bark_Beetle",0.40347,43.22299
"Eight-Toothed_Spruce_Bark_Beetle",3.44127,44.47547
"Eight-Toothed_Spruce_Bark_Beetle",1.74791,42.91924
"Eight-Toothed_Spruce_Bark_Beetle",1.02889,43.08515
"Eight-Toothed_Spruce_Bark_Beetle",0.3268,43.13427
"Eight-Toothed_Spruce_Bark_Beetle",2.22874,43.48227
"Eight-Toothed_Spruce_Bark_Beetle",1.38585,42.83569
"Eight-Toothed_Spruce_Bark_Beetle",1.11405,43.1194
"Eight-Toothed_Spruce_Bark_Beetle",2.68891,42.63946
"Eight-Toothed_Spruce_Bark_Beetle",2.37478,43.39396
"Eight-Toothed_Spruce_Bark_Beetle",2.14557,42.47289
"Eight-Toothed_Spruce_Bark_Beetle",0.28628,42.75914
"Eight-Toothed_Spruce_Bark_Beetle",2.53889,43.80931
"Eight-Toothed_Spruce_Bark_Beetle",2.44256,42.90966
"Eight-Toothed_Spruce_Bark_Beetle",2.68833,43.69727
"Eight-Toothed_Spruce_Bark_Beetle",2.17946,43.49676
"Eight-Toothed_Spruce_Bark_Beetle",1.24342,42.91629
"Eight-Toothed_Spruce_Bark_Beetle",2.77047,43.65525
"Eight-Toothed_Spruce_Bark_Beetle",0.55564,42.83825
"Eight-Toothed_Spruce_Bark_Beetle",0.40347,43.22299
"Eight-Toothed_Spruce_Bark_Beetle",2.70339,43.97093
"Eight-Toothed_Spruce_Bark_Beetle",1.37726,42.8757
"Eight-Toothed_Spruce_Bark_Beetle",2.06737,44.91801
"Eight-Toothed_Spruce_Bark_Beetle",1.37255,43.15753
"Eight-Toothed_Spruce_Bark_Beetle",1.44681,43.10027
"Eight-Toothed_Spruce_Bark_Beetle",2.87687,42.77859
"Eight-Toothed_Spruce_Bark_Beetle",2.64192,43.75759
"Eight-Toothed_Spruce_Bark_Beetle",2.60808,43.62014
"Eight-Toothed_Spruce_Bark_Beetle",2.20135,43.52812
"Eight-Toothed_Spruce_Bark_Beetle",0.92034,42.83588
"Eight-Toothed_Spruce_Bark_Beetle",0.05547,43.39107
"Eight-Toothed_Spruce_Bark_Beetle",2.10916,43.46344
"Eight-Toothed_Spruce_Bark_Beetle",2.85279,44.35884
"Eight-Toothed_Spruce_Bark_Beetle",2.46312,44.60621
"Eight-Toothed_Spruce_Bark_Beetle",2.68706,43.60217
"Eight-Toothed_Spruce_Bark_Beetle",1.01294,43.04704
"Eight-Toothed_Spruce_Bark_Beetle",3.72694,44.75749
"Eight-Toothed_Spruce_Bark_Beetle",0.90184,42.9459
"Eight-Toothed_Spruce_Bark_Beetle",0.33196,43.10704
"Eight-Toothed_Spruce_Bark_Beetle",1.02889,43.08515
"Eight-Toothed_Spruce_Bark_Beetle",1.87696,43.00066
"Eight-Toothed_Spruce_Bark_Beetle",1.17101,43.11973
"Eight-Toothed_Spruce_Bark_Beetle",1.9805,44.85107
"Eight-Toothed_Spruce_Bark_Beetle",2.70931,44.27772
"Eight-Toothed_Spruce_Bark_Beetle",2.30271,44.46011
"Eight-Toothed_Spruce_Bark_Beetle",3.5868,44.04169
"Eight-Toothed_Spruce_Bark_Beetle",3.48088,44.52945
"Eight-Toothed_Spruce_Bark_Beetle",2.05615,42.68791
"Eight-Toothed_Spruce_Bark_Beetle",1.91299,44.38116
"Eight-Toothed_Spruce_Bark_Beetle",0.03649,43.28635
"Eight-Toothed_Spruce_Bark_Beetle",1.64647,42.76867
"Eight-Toothed_Spruce_Bark_Beetle",0.03553,43.32249
"Eight-Toothed_Spruce_Bark_Beetle",-0.05653,43.90653
"Eight-Toothed_Spruce_Bark_Beetle",3.58786,44.49047
"Eight-Toothed_Spruce_Bark_Beetle",1.47227,42.95188
"Eight-Toothed_Spruce_Bark_Beetle",3.38225,44.02621
"Eight-Toothed_Spruce_Bark_Beetle",2.86654,43.96567
"Eight-Toothed_Spruce_Bark_Beetle",1.27737,43.06938
"Eight-Toothed_Spruce_Bark_Beetle",3.61948,44.08756
"Eight-Toothed_Spruce_Bark_Beetle",1.95275,42.89347
"Eight-Toothed_Spruce_Bark_Beetle",2.87758,44.74855
"Eight-Toothed_Spruce_Bark_Beetle",1.2001,42.93509
"Eight-Toothed_Spruce_Bark_Beetle",3.00632,44.30484
"Eight-Toothed_Spruce_Bark_Beetle",3.60665,44.57252
"Eight-Toothed_Spruce_Bark_Beetle",1.5048,42.88374
"Eight-Toothed_Spruce_Bark_Beetle",0.99087,42.92414
"Eight-Toothed_Spruce_Bark_Beetle",2.34061,43.38138
"Eight-Toothed_Spruce_Bark_Beetle",2.73234,43.42212
"Eight-Toothed_Spruce_Bark_Beetle",2.68992,43.5431
"Eight-Toothed_Spruce_Bark_Beetle",3.41933,44.3777
"Eight-Toothed_Spruce_Bark_Beetle",1.69063,42.94077
"Eight-Toothed_Spruce_Bark_Beetle",2.58243,43.55047
"Eight-Toothed_Spruce_Bark_Beetle",2.08598,44.20009
"Eight-Toothed_Spruce_Bark_Beetle",2.17632,43.47567
"Eight-Toothed_Spruce_Bark_Beetle",2.69279,43.77206
"Eight-Toothed_Spruce_Bark_Beetle",2.63558,43.48266
"Eight-Toothed_Spruce_Bark_Beetle",1.26185,42.95137
"Eight-Toothed_Spruce_Bark_Beetle",2.86654,43.96567
"Eight-Toothed_Spruce_Bark_Beetle",0.08821,43.31912
"Eight-Toothed_Spruce_Bark_Beetle",0.3486,43.12916
"Eight-Toothed_Spruce_Bark_Beetle",2.88523,43.81836
"Eight-Toothed_Spruce_Bark_Beetle",2.33941,43.05585
"Eight-Toothed_Spruce_Bark_Beetle",3.58786,44.49047
"Eight-Toothed_Spruce_Bark_Beetle",0.55564,42.83825
"Eight-Toothed_Spruce_Bark_Beetle",2.01685,43.58245
"Eight-Toothed_Spruce_Bark_Beetle",2.69279,43.77206
"Eight-Toothed_Spruce_Bark_Beetle",2.19673,44.22103
"Eight-Toothed_Spruce_Bark_Beetle",1.02889,43.08515
"Eight-Toothed_Spruce_Bark_Beetle",1.78201,43.89749
"Eight-Toothed_Spruce_Bark_Beetle",3.75085,44.64175
"Eight-Toothed_Spruce_Bark_Beetle",1.49683,43.07576
"Eight-Toothed_Spruce_Bark_Beetle",1.26419,44.62662
"Eight-Toothed_Spruce_Bark_Beetle",3.5868,44.04169
"Eight-Toothed_Spruce_Bark_Beetle",3.27832,43.79152
"Eight-Toothed_Spruce_Bark_Beetle",2.441,42.42015
"Eight-Toothed_Spruce_Bark_Beetle",1.2632,42.77385
"Eight-Toothed_Spruce_Bark_Beetle",2.88523,43.81836
"Eight-Toothed_Spruce_Bark_Beetle",2.38853,43.45788
"Eight-Toothed_Spruce_Bark_Beetle",3.4475,43.97421
"Eight-Toothed_Spruce_Bark_Beetle",-0.00516,43.28521
"Eight-Toothed_Spruce_Bark_Beetle",1.23712,43.45725
"Eight-Toothed_Spruce_Bark_Beetle",0.39196,43.24857
"Eight-Toothed_Spruce_Bark_Beetle",1.35388,42.95936
"Eight-Toothed_Spruce_Bark_Beetle",1.698,42.75445
"Eight-Toothed_Spruce_Bark_Beetle",2.86654,43.96567
"Eight-Toothed_Spruce_Bark_Beetle",0.33196,43.10704
"Eight-Toothed_Spruce_Bark_Beetle",2.70339,43.97093
"Eight-Toothed_Spruce_Bark_Beetle",0.97191,44.08999
"Eight-Toothed_Spruce_Bark_Beetle",0.93851,42.92632
"Eight-Toothed_Spruce_Bark_Beetle",3.39131,44.07003
"Eight-Toothed_Spruce_Bark_Beetle",3.48118,43.9902
"Eight-Toothed_Spruce_Bark_Beetle",2.47186,43.37645
"Eight-Toothed_Spruce_Bark_Beetle",1.61379,43.76858
"Eight-Toothed_Spruce_Bark_Beetle",1.09853,42.94388
"Eight-Toothed_Spruce_Bark_Beetle",2.63788,44.23954
"Eight-Toothed_Spruce_Bark_Beetle",2.52111,43.85829
"Eight-Toothed_Spruce_Bark_Beetle",1.11455,43.41217
"Eight-Toothed_Spruce_Bark_Beetle",0.91681,42.91088
"Eight-Toothed_Spruce_Bark_Beetle",0.92857,42.95219
"Eight-Toothed_Spruce_Bark_Beetle",2.18966,43.42463
"Eight-Toothed_Spruce_Bark_Beetle",2.87286,42.63748
"Eight-Toothed_Spruce_Bark_Beetle",2.10916,43.46344
"Eight-Toothed_Spruce_Bark_Beetle",2.70931,44.27772
"Eight-Toothed_Spruce_Bark_Beetle",2.6934,44.3513
"Eight-Toothed_Spruce_Bark_Beetle",0.05547,43.39107
"Eight-Toothed_Spruce_Bark_Beetle",1.43428,43.32123
"Eight-Toothed_Spruce_Bark_Beetle",3.62523,43.98866
"Eight-Toothed_Spruce_Bark_Beetle",3.9205,44.51889
"Eight-Toothed_Spruce_Bark_Beetle",3.48088,44.52945
"Eight-Toothed_Spruce_Bark_Beetle",3.04762,43.60241
"Eight-Toothed_Spruce_Bark_Beetle",0.25285,43.02496
"Eight-Toothed_Spruce_Bark_Beetle",1.0289,43.03123
"Eight-Toothed_Spruce_Bark_Beetle",1.07932,43.0241
"Eight-Toothed_Spruce_Bark_Beetle",1.17101,43.11973
"Eight-Toothed_Spruce_Bark_Beetle",2.27759,43.67265
"Eight-Toothed_Spruce_Bark_Beetle",2.43947,43.8471
"Eight-Toothed_Spruce_Bark_Beetle",2.17946,43.49676
"Eight-Toothed_Spruce_Bark_Beetle",3.38225,44.02621
"Eight-Toothed_Spruce_Bark_Beetle",0.34579,42.85645
"Eight-Toothed_Spruce_Bark_Beetle",1.49314,42.84571
"Eight-Toothed_Spruce_Bark_Beetle",3.61948,44.08756
"Eight-Toothed_Spruce_Bark_Beetle",0.90513,43.08611
"Eight-Toothed_Spruce_Bark_Beetle",3.02462,43.83116
"Eight-Toothed_Spruce_Bark_Beetle",0.11451,43.29826
"Eight-Toothed_Spruce_Bark_Beetle",1.51243,42.93221
"Eight-Toothed_Spruce_Bark_Beetle",2.70339,43.97093
"Eight-Toothed_Spruce_Bark_Beetle",2.89047,43.62551
"Eight-Toothed_Spruce_Bark_Beetle",1.35388,42.95936
"Eight-Toothed_Spruce_Bark_Beetle",2.69025,43.40176
"Eight-Toothed_Spruce_Bark_Beetle",2.64192,43.75759
"Eight-Toothed_Spruce_Bark_Beetle",3.9205,44.51889
"Eight-Toothed_Spruce_Bark_Beetle",1.62633,43.28415
"Eight-Toothed_Spruce_Bark_Beetle",2.4098,43.53085
"Eight-Toothed_Spruce_Bark_Beetle",3.88803,44.56555
"Eight-Toothed_Spruce_Bark_Beetle",2.03152,44.79357
"Eight-Toothed_Spruce_Bark_Beetle",1.90256,42.78019
"Eight-Toothed_Spruce_Bark_Beetle",2.02109,44.17915
"Eight-Toothed_Spruce_Bark_Beetle",2.71526,44.09718
"Eight-Toothed_Spruce_Bark_Beetle",3.39131,44.07003
"Eight-Toothed_Spruce_Bark_Beetle",3.14835,42.44391
"Eight-Toothed_Spruce_Bark_Beetle",-0.15755,43.08428
"Eight-Toothed_Spruce_Bark_Beetle",1.07008,43.07935
"Eight-Toothed_Spruce_Bark_Beetle",1.35388,42.95936
"Eight-Toothed_Spruce_Bark_Beetle",2.75112,43.8248
"Eight-Toothed_Spruce_Bark_Beetle",1.06578,43.44028
"Eight-Toothed_Spruce_Bark_Beetle",2.32733,43.95893
"Eight-Toothed_Spruce_Bark_Beetle",4.0016,44.33554
"Eight-Toothed_Spruce_Bark_Beetle",1.21926,43.9127
"Eight-Toothed_Spruce_Bark_Beetle",2.6934,44.3513
"Eight-Toothed_Spruce_Bark_Beetle",-0.20142,42.98576
"Eight-Toothed_Spruce_Bark_Beetle",2.86654,43.96567
"Eight-Toothed_Spruce_Bark_Beetle",2.33165,44.39441
"Eight-Toothed_Spruce_Bark_Beetle",1.17101,43.11973
"Eight-Toothed_Spruce_Bark_Beetle",2.68992,43.5431
"Eight-Toothed_Spruce_Bark_Beetle",2.17946,43.49676
"Eight-Toothed_Spruce_Bark_Beetle",3.61948,44.08756
"Eight-Toothed_Spruce_Bark_Beetle",1.95275,42.89347
"Eight-Toothed_Spruce_Bark_Beetle",1.68798,42.7628
"Eight-Toothed_Spruce_Bark_Beetle",1.81825,42.68735
"Eight-Toothed_Spruce_Bark_Beetle",1.02889,43.08515
"Eight-Toothed_Spruce_Bark_Beetle",3.37515,43.97975
"Eight-Toothed_Spruce_Bark_Beetle",1.92593,44.43905
"Eight-Toothed_Spruce_Bark_Beetle",2.51134,43.61174
"Eight-Toothed_Spruce_Bark_Beetle",2.08598,44.20009
"Eight-Toothed_Spruce_Bark_Beetle",1.12852,44.56305
"Eight-Toothed_Spruce_Bark_Beetle",0.91681,42.91088
"Eight-Toothed_Spruce_Bark_Beetle",0.66604,42.89485
"Eight-Toothed_Spruce_Bark_Beetle",3.48865,44.62384
"Eight-Toothed_Spruce_Bark_Beetle",2.61455,42.98459
"Eight-Toothed_Spruce_Bark_Beetle",0.65758,43.16634
"Eight-Toothed_Spruce_Bark_Beetle",0.30289,43.04695
"Eight-Toothed_Spruce_Bark_Beetle",2.94671,44.59189
"Eight-Toothed_Spruce_Bark_Beetle",2.81918,43.79828
"Eight-Toothed_Spruce_Bark_Beetle",0.60678,42.83325
"Eight-Toothed_Spruce_Bark_Beetle",1.75588,43.10158
"Eight-Toothed_Spruce_Bark_Beetle",2.92772,44.14047
"Eight-Toothed_Spruce_Bark_Beetle",2.70931,44.27772
"Eight-Toothed_Spruce_Bark_Beetle",2.793,44.24933
"Eight-Toothed_Spruce_Bark_Beetle",2.46312,44.60621
"Eight-Toothed_Spruce_Bark_Beetle",2.44256,42.90966
"Eight-Toothed_Spruce_Bark_Beetle",2.50072,43.50615
"Eight-Toothed_Spruce_Bark_Beetle",0.40347,43.22299
"Eight-Toothed_Spruce_Bark_Beetle",2.88523,43.81836
"Eight-Toothed_Spruce_Bark_Beetle",2.43947,43.8471
"Eight-Toothed_Spruce_Bark_Beetle",1.40522,43.3374
"Eight-Toothed_Spruce_Bark_Beetle",3.88803,44.56555
"Eight-Toothed_Spruce_Bark_Beetle",-0.07679,43.10743
"Eight-Toothed_Spruce_Bark_Beetle",2.63788,44.23954
"Eight-Toothed_Spruce_Bark_Beetle",2.44088,44.16764
"Eight-Toothed_Spruce_Bark_Beetle",-0.07679,43.10743
"Eight-Toothed_Spruce_Bark_Beetle",0.77035,42.91538
"Eight-Toothed_Spruce_Bark_Beetle",3.37038,44.60831
"Eight-Toothed_Spruce_Bark_Beetle",0.72661,43.11992
"Eight-Toothed_Spruce_Bark_Beetle",2.89047,43.62551
"Eight-Toothed_Spruce_Bark_Beetle",0.03649,43.28635
"Eight-Toothed_Spruce_Bark_Beetle",1.9586,44.35995
"Eight-Toothed_Spruce_Bark_Beetle",3.5868,44.04169
"Eight-Toothed_Spruce_Bark_Beetle",3.48865,44.62384
"Eight-Toothed_Spruce_Bark_Beetle",0.33527,43.06491
"Eight-Toothed_Spruce_Bark_Beetle",1.37726,42.8757
"Eight-Toothed_Spruce_Bark_Beetle",3.49144,44.46907
"Eight-Toothed_Spruce_Bark_Beetle",2.16956,43.88846
"Eight-Toothed_Spruce_Bark_Beetle",2.53889,43.80931
"Eight-Toothed_Spruce_Bark_Beetle",1.78201,43.89749
"Eight-Toothed_Spruce_Bark_Beetle",2.92772,44.14047
"Eight-Toothed_Spruce_Bark_Beetle",1.90256,42.78019
"Eight-Toothed_Spruce_Bark_Beetle",0.62994,42.80309
"Eight-Toothed_Spruce_Bark_Beetle",1.35388,42.95936
"Eight-Toothed_Spruce_Bark_Beetle",3.71249,44.59634
"Eight-Toothed_Spruce_Bark_Beetle",1.40018,42.99317
"Eight-Toothed_Spruce_Bark_Beetle",1.95275,42.89347
"Eight-Toothed_Spruce_Bark_Beetle",0.66604,42.89485
"Eight-Toothed_Spruce_Bark_Beetle",3.13205,44.52358
"Eight-Toothed_Spruce_Bark_Beetle",0.05547,43.39107
"Eight-Toothed_Spruce_Bark_Beetle",2.50072,43.50615
"Eight-Toothed_Spruce_Bark_Beetle",0.89793,44.10683
"Eight-Toothed_Spruce_Bark_Beetle",2.68706,43.60217
"Eight-Toothed_Spruce_Bark_Beetle",1.51243,42.93221
"Eight-Toothed_Spruce_Bark_Beetle",1.52381,42.75607
"Eight-Toothed_Spruce_Bark_Beetle",2.47186,43.37645
"Eight-Toothed_Spruce_Bark_Beetle",0.22556,43.2734
"Eight-Toothed_Spruce_Bark_Beetle",0.84717,43.27429
"Eight-Toothed_Spruce_Bark_Beetle",3.57374,44.44206
"Eight-Toothed_Spruce_Bark_Beetle",15.63089,58.26239
"Eight-Toothed_Spruce_Bark_Beetle",16.78242,58.63398
"Eight-Toothed_Spruce_Bark_Beetle",17.729,59.80426
"Eight-Toothed_Spruce_Bark_Beetle",17.0569,58.72014
"Eight-Toothed_Spruce_Bark_Beetle",17.05372,58.71946
"Eight-Toothed_Spruce_Bark_Beetle",15.6999,63.19873
"Eight-Toothed_Spruce_Bark_Beetle",18.75735,60.20309
"Eight-Toothed_Spruce_Bark_Beetle",14.29295,60.74126
"Eight-Toothed_Spruce_Bark_Beetle",16.78866,58.63245
"Eight-Toothed_Spruce_Bark_Beetle",16.71928,59.14722
"Eight-Toothed_Spruce_Bark_Beetle",17.4825,59.47503
"Eight-Toothed_Spruce_Bark_Beetle",5.988199,49.846036
"Eight-Toothed_Spruce_Bark_Beetle",15.951338,46.826033
"Eight-Toothed_Spruce_Bark_Beetle",15.664722,48.536389
"Eight-Toothed_Spruce_Bark_Beetle",10.661511,59.546168
"Eight-Toothed_Spruce_Bark_Beetle",25.815904,60.450648
"Eight-Toothed_Spruce_Bark_Beetle",13.97065,47.984589
"Eight-Toothed_Spruce_Bark_Beetle",23.613763,61.502591
"Eight-Toothed_Spruce_Bark_Beetle",23.613763,61.502591
"Eight-Toothed_Spruce_Bark_Beetle",11.699195,55.710989
"Eight-Toothed_Spruce_Bark_Beetle",11.847249,50.184166
"Eight-Toothed_Spruce_Bark_Beetle",17.72919,59.80455
"Eight-Toothed_Spruce_Bark_Beetle",15.58221,60.53672
"Eight-Toothed_Spruce_Bark_Beetle",16.12041,57.0016
"Eight-Toothed_Spruce_Bark_Beetle",38.9475,52.8567
"Eight-Toothed_Spruce_Bark_Beetle",38.9959,52.8788
"Eight-Toothed_Spruce_Bark_Beetle",7.952695,59.445445
"Eight-Toothed_Spruce_Bark_Beetle",20.10108,63.81268
"Eight-Toothed_Spruce_Bark_Beetle",8.943492,49.047813
"Eight-Toothed_Spruce_Bark_Beetle",12.79,47.119999
"Eight-Toothed_Spruce_Bark_Beetle",13.83,47.75
"Eight-Toothed_Spruce_Bark_Beetle",13.74,47.150002
"Eight-Toothed_Spruce_Bark_Beetle",13.62,47.709999
"Eight-Toothed_Spruce_Bark_Beetle",13.48,47.709999
"Eight-Toothed_Spruce_Bark_Beetle",12.41,47.75
"Eight-Toothed_Spruce_Bark_Beetle",14.028334,46.499722
"Eight-Toothed_Spruce_Bark_Beetle",10.21,47.349998
"Eight-Toothed_Spruce_Bark_Beetle",13.21,47.68
"Eight-Toothed_Spruce_Bark_Beetle",14.268888,46.591946
"Eight-Toothed_Spruce_Bark_Beetle",12.33,47.700001
"Eight-Toothed_Spruce_Bark_Beetle",13.07,47.810001
"Eight-Toothed_Spruce_Bark_Beetle",11.18,47.240002
"Eight-Toothed_Spruce_Bark_Beetle",13.846945,46.614166
"Eight-Toothed_Spruce_Bark_Beetle",12.65,47.720001
"Eight-Toothed_Spruce_Bark_Beetle",12.565,46.961666
"Eight-Toothed_Spruce_Bark_Beetle",12.78,46.790001
"Eight-Toothed_Spruce_Bark_Beetle",14.346389,46.49889
"Eight-Toothed_Spruce_Bark_Beetle",13.06,47.740002
"Eight-Toothed_Spruce_Bark_Beetle",12.7,46.84
"Eight-Toothed_Spruce_Bark_Beetle",12.75,46.830002
"Eight-Toothed_Spruce_Bark_Beetle",12.74,46.810001
"Eight-Toothed_Spruce_Bark_Beetle",12.78,46.700001
"Eight-Toothed_Spruce_Bark_Beetle",13.11,47.799999
"Eight-Toothed_Spruce_Bark_Beetle",11.31,46.689999
"Eight-Toothed_Spruce_Bark_Beetle",10.5,47.41
"Eight-Toothed_Spruce_Bark_Beetle",12.57,46.93
"Eight-Toothed_Spruce_Bark_Beetle",12.533334,47
"Eight-Toothed_Spruce_Bark_Beetle",14.310555,46.622223
"Eight-Toothed_Spruce_Bark_Beetle",13.01,47.880001
"Eight-Toothed_Spruce_Bark_Beetle",11.583333,47.349998
"Eight-Toothed_Spruce_Bark_Beetle",12.79,46.84
"Eight-Toothed_Spruce_Bark_Beetle",12.84,46.790001
"Eight-Toothed_Spruce_Bark_Beetle",12.79,46.799999
"Eight-Toothed_Spruce_Bark_Beetle",12.82,48.040001
"Eight-Toothed_Spruce_Bark_Beetle",13.02,47.540001
"Eight-Toothed_Spruce_Bark_Beetle",13.11,47.799999
"Eight-Toothed_Spruce_Bark_Beetle",12.73,46.82
"Eight-Toothed_Spruce_Bark_Beetle",12.49,46.709999
"Eight-Toothed_Spruce_Bark_Beetle",12.74,46.790001
"Eight-Toothed_Spruce_Bark_Beetle",12.75,46.950001
"Eight-Toothed_Spruce_Bark_Beetle",11.52,47.009998
"Eight-Toothed_Spruce_Bark_Beetle",14.34,46.779999
"Eight-Toothed_Spruce_Bark_Beetle",13.04,47.799999
"Eight-Toothed_Spruce_Bark_Beetle",12.75,46.849998
"Eight-Toothed_Spruce_Bark_Beetle",12.21,47.630001
"Eight-Toothed_Spruce_Bark_Beetle",10.5,46.889999
"Eight-Toothed_Spruce_Bark_Beetle",12.84,46.82
"Eight-Toothed_Spruce_Bark_Beetle",13.09,47.169998
"Eight-Toothed_Spruce_Bark_Beetle",12.416945,46.75
"Eight-Toothed_Spruce_Bark_Beetle",14.01,47.389999
"Eight-Toothed_Spruce_Bark_Beetle",12.06,47.48
"Eight-Toothed_Spruce_Bark_Beetle",12.64,47
"Eight-Toothed_Spruce_Bark_Beetle",12.855278,46.814999
"Eight-Toothed_Spruce_Bark_Beetle",12.89,47.549999
"Eight-Toothed_Spruce_Bark_Beetle",11.39,47.279999
"Eight-Toothed_Spruce_Bark_Beetle",13.2,47.34
"Eight-Toothed_Spruce_Bark_Beetle",14.42,48.360001
"Eight-Toothed_Spruce_Bark_Beetle",12.75,46.849998
"Eight-Toothed_Spruce_Bark_Beetle",12.41,46.740002
"Eight-Toothed_Spruce_Bark_Beetle",12.81,46.790001
"Eight-Toothed_Spruce_Bark_Beetle",13.33,47.23
"Eight-Toothed_Spruce_Bark_Beetle",12.45,47.060001
"Eight-Toothed_Spruce_Bark_Beetle",12.69,46.860001
"Eight-Toothed_Spruce_Bark_Beetle",13.416667,47.75
"Eight-Toothed_Spruce_Bark_Beetle",13.48,47.709999
"Eight-Toothed_Spruce_Bark_Beetle",12.76,46.810001
"Eight-Toothed_Spruce_Bark_Beetle",13.73,47.209999
"Eight-Toothed_Spruce_Bark_Beetle",14.97102,57.97099
"Eight-Toothed_Spruce_Bark_Beetle",15.76299,59.40118
"Eight-Toothed_Spruce_Bark_Beetle",13.98927,59.06569
"Eight-Toothed_Spruce_Bark_Beetle",18.25041,59.25698
"Eight-Toothed_Spruce_Bark_Beetle",17.26693,58.96123
"Eight-Toothed_Spruce_Bark_Beetle",-2.521895,52.911279
"Eight-Toothed_Spruce_Bark_Beetle",23.931469,60.555388
"Eight-Toothed_Spruce_Bark_Beetle",4.867465,50.433285
"Eight-Toothed_Spruce_Bark_Beetle",33.434054,50.380242
"Eight-Toothed_Spruce_Bark_Beetle",24.077601,54.515275
"Eight-Toothed_Spruce_Bark_Beetle",15.46293,60.62091
"Eight-Toothed_Spruce_Bark_Beetle",18.15923,59.90966
"Eight-Toothed_Spruce_Bark_Beetle",18.13895,59.54253
"Eight-Toothed_Spruce_Bark_Beetle",18.13648,59.5418
"Eight-Toothed_Spruce_Bark_Beetle",18.13409,59.54126
"Eight-Toothed_Spruce_Bark_Beetle",15.53782,65.21312
"Eight-Toothed_Spruce_Bark_Beetle",16.25581,64.7104
"Eight-Toothed_Spruce_Bark_Beetle",15.47394,65.19505
"Eight-Toothed_Spruce_Bark_Beetle",16.19936,59.82698
"Eight-Toothed_Spruce_Bark_Beetle",18.30743,59.21094
"Eight-Toothed_Spruce_Bark_Beetle",18.14742,59.55384
"Eight-Toothed_Spruce_Bark_Beetle",20.4586,63.79621
"Eight-Toothed_Spruce_Bark_Beetle",16.63641,59.54859
"Eight-Toothed_Spruce_Bark_Beetle",17.91437,59.44872
"Eight-Toothed_Spruce_Bark_Beetle",16.50946,59.10576
"Eight-Toothed_Spruce_Bark_Beetle",15.95708,56.72018
"Eight-Toothed_Spruce_Bark_Beetle",16.27382,58.93103
"Eight-Toothed_Spruce_Bark_Beetle",16.20192,59.82452
"Eight-Toothed_Spruce_Bark_Beetle",17.74253,59.97507
"Eight-Toothed_Spruce_Bark_Beetle",17.11292,58.68866
"Eight-Toothed_Spruce_Bark_Beetle",16.50123,56.64548
"Eight-Toothed_Spruce_Bark_Beetle",18.27861,59.34687
"Eight-Toothed_Spruce_Bark_Beetle",17.38396,59.97877
"Eight-Toothed_Spruce_Bark_Beetle",18.13499,59.54174
"Eight-Toothed_Spruce_Bark_Beetle",15.11185,56.48116
"Eight-Toothed_Spruce_Bark_Beetle",17.71291,59.94787
"Eight-Toothed_Spruce_Bark_Beetle",17.13006,63.19753
"Eight-Toothed_Spruce_Bark_Beetle",17.38416,59.97868
"Eight-Toothed_Spruce_Bark_Beetle",15.89001,58.1098
"Eight-Toothed_Spruce_Bark_Beetle",19.67436,63.99375
"Eight-Toothed_Spruce_Bark_Beetle",17.40454,62.8237
"Eight-Toothed_Spruce_Bark_Beetle",18.13409,59.54126
"Eight-Toothed_Spruce_Bark_Beetle",18.14916,59.55424
"Eight-Toothed_Spruce_Bark_Beetle",14.70235,63.20818
"Eight-Toothed_Spruce_Bark_Beetle",15.71645,58.32578
"Eight-Toothed_Spruce_Bark_Beetle",19.09639,64.63175
"Eight-Toothed_Spruce_Bark_Beetle",20.31161,63.75061
"Eight-Toothed_Spruce_Bark_Beetle",15.53506,58.1496
"Eight-Toothed_Spruce_Bark_Beetle",18.42262,63.16856
"Eight-Toothed_Spruce_Bark_Beetle",20.45139,63.79463
"Eight-Toothed_Spruce_Bark_Beetle",22.361818,61.32977
"Eight-Toothed_Spruce_Bark_Beetle",22.361818,61.32977
"Eight-Toothed_Spruce_Bark_Beetle",22.361818,61.32977
"Eight-Toothed_Spruce_Bark_Beetle",22.361818,61.32977
"Eight-Toothed_Spruce_Bark_Beetle",22.361818,61.32977
"Eight-Toothed_Spruce_Bark_Beetle",22.361818,61.32977
"Eight-Toothed_Spruce_Bark_Beetle",22.361818,61.32977
"Eight-Toothed_Spruce_Bark_Beetle",22.361818,61.32977
"Eight-Toothed_Spruce_Bark_Beetle",22.361818,61.32977
"Eight-Toothed_Spruce_Bark_Beetle",22.361818,61.32977
"Eight-Toothed_Spruce_Bark_Beetle",22.361818,61.32977
"Eight-Toothed_Spruce_Bark_Beetle",22.361818,61.32977
"Eight-Toothed_Spruce_Bark_Beetle",22.361818,61.32977
"Eight-Toothed_Spruce_Bark_Beetle",22.361818,61.32977
"Eight-Toothed_Spruce_Bark_Beetle",22.361818,61.32977
"Eight-Toothed_Spruce_Bark_Beetle",22.361818,61.32977
"Eight-Toothed_Spruce_Bark_Beetle",22.361818,61.32977
"Eight-Toothed_Spruce_Bark_Beetle",22.361818,61.32977
"Eight-Toothed_Spruce_Bark_Beetle",6.15399,45.77136
"Eight-Toothed_Spruce_Bark_Beetle",5.67387,45.33041
"Eight-Toothed_Spruce_Bark_Beetle",5.73525,45.38017
"Eight-Toothed_Spruce_Bark_Beetle",6.15228,45.79489
"Eight-Toothed_Spruce_Bark_Beetle",5.54511,45.16838
"Eight-Toothed_Spruce_Bark_Beetle",2.80494,49.32874
"Eight-Toothed_Spruce_Bark_Beetle",5.85135,45.38558
"Eight-Toothed_Spruce_Bark_Beetle",5.79787,45.33144
"Eight-Toothed_Spruce_Bark_Beetle",2.88725,49.35017
"Eight-Toothed_Spruce_Bark_Beetle",1.89862,42.87267
"Eight-Toothed_Spruce_Bark_Beetle",6.1879,45.62859
"Eight-Toothed_Spruce_Bark_Beetle",5.54511,45.16838
"Eight-Toothed_Spruce_Bark_Beetle",1.95285,42.8934
"Eight-Toothed_Spruce_Bark_Beetle",5.67387,45.33041
"Eight-Toothed_Spruce_Bark_Beetle",1.95285,42.8934
"Eight-Toothed_Spruce_Bark_Beetle",6.15399,45.77136
"Eight-Toothed_Spruce_Bark_Beetle",2.22469,47.99398
"Eight-Toothed_Spruce_Bark_Beetle",6.15399,45.77136
"Eight-Toothed_Spruce_Bark_Beetle",6.08749,45.65045
"Eight-Toothed_Spruce_Bark_Beetle",1.95285,42.8934
"Eight-Toothed_Spruce_Bark_Beetle",5.79787,45.33144
"Eight-Toothed_Spruce_Bark_Beetle",5.67387,45.33041
"Eight-Toothed_Spruce_Bark_Beetle",2.21611,47.2721
"Eight-Toothed_Spruce_Bark_Beetle",5.54511,45.16838
"Eight-Toothed_Spruce_Bark_Beetle",0.33541,42.89405
"Eight-Toothed_Spruce_Bark_Beetle",5.79787,45.33144
"Eight-Toothed_Spruce_Bark_Beetle",5.54511,45.16838
"Eight-Toothed_Spruce_Bark_Beetle",5.85135,45.38558
"Eight-Toothed_Spruce_Bark_Beetle",5.79787,45.33144
"Eight-Toothed_Spruce_Bark_Beetle",5.85135,45.38558
"Eight-Toothed_Spruce_Bark_Beetle",6.50078,44.51114
"Eight-Toothed_Spruce_Bark_Beetle",6.09491,45.94945
"Eight-Toothed_Spruce_Bark_Beetle",6.09491,45.94945
"Eight-Toothed_Spruce_Bark_Beetle",22.90178,61.632513
"Eight-Toothed_Spruce_Bark_Beetle",5.82118,49.7531
"Eight-Toothed_Spruce_Bark_Beetle",6.01588,49.6186
"Eight-Toothed_Spruce_Bark_Beetle",6.05741,49.6097
"Eight-Toothed_Spruce_Bark_Beetle",6.20969,49.6997
"Eight-Toothed_Spruce_Bark_Beetle",6.07116,49.6547
"Eight-Toothed_Spruce_Bark_Beetle",6.36356,49.719
"Eight-Toothed_Spruce_Bark_Beetle",9.003095,58.663645
"Eight-Toothed_Spruce_Bark_Beetle",1.76271,52.582951
"Eight-Toothed_Spruce_Bark_Beetle",0.725358,52.521466
"Eight-Toothed_Spruce_Bark_Beetle",21.759097,60.747143
"Eight-Toothed_Spruce_Bark_Beetle",16.50176,56.64571
"Eight-Toothed_Spruce_Bark_Beetle",17.37536,59.61419
"Eight-Toothed_Spruce_Bark_Beetle",17.22076,60.66009
"Eight-Toothed_Spruce_Bark_Beetle",15.63282,56.92652
"Eight-Toothed_Spruce_Bark_Beetle",18.13409,59.54126
"Eight-Toothed_Spruce_Bark_Beetle",20.218231,49.137508
"Eight-Toothed_Spruce_Bark_Beetle",41.429252,57.812019
"Eight-Toothed_Spruce_Bark_Beetle",5.911194,49.826328
"Eight-Toothed_Spruce_Bark_Beetle",9.815954,51.700531
"Eight-Toothed_Spruce_Bark_Beetle",5.911715,49.821232
"Eight-Toothed_Spruce_Bark_Beetle",37.236133,55.712214
"Eight-Toothed_Spruce_Bark_Beetle",37.422732,55.781804
"Eight-Toothed_Spruce_Bark_Beetle",15.13712,64.30838
"Eight-Toothed_Spruce_Bark_Beetle",16.86578,61.50734
"Eight-Toothed_Spruce_Bark_Beetle",17.55113,59.85575
"Eight-Toothed_Spruce_Bark_Beetle",16.86688,61.5067
"Eight-Toothed_Spruce_Bark_Beetle",16.02171,57.02611
"Eight-Toothed_Spruce_Bark_Beetle",15.7391,63.22167
"Eight-Toothed_Spruce_Bark_Beetle",22.80671,67.4579
"Eight-Toothed_Spruce_Bark_Beetle",15.73927,63.22088
"Eight-Toothed_Spruce_Bark_Beetle",16.29334,56.77122
"Eight-Toothed_Spruce_Bark_Beetle",17.42399,59.46155
"Eight-Toothed_Spruce_Bark_Beetle",16.50252,56.64536
"Eight-Toothed_Spruce_Bark_Beetle",20.89029,67.73704
"Eight-Toothed_Spruce_Bark_Beetle",15.36663,64.23781
"Eight-Toothed_Spruce_Bark_Beetle",16.5045,56.64508
"Eight-Toothed_Spruce_Bark_Beetle",16.74763,60.2063
"Eight-Toothed_Spruce_Bark_Beetle",16.8679,61.5073
"Eight-Toothed_Spruce_Bark_Beetle",16.50123,56.64548
"Eight-Toothed_Spruce_Bark_Beetle",15.5321,62.29152
"Eight-Toothed_Spruce_Bark_Beetle",15.01619,59.53729
"Eight-Toothed_Spruce_Bark_Beetle",15.53641,62.28961
"Eight-Toothed_Spruce_Bark_Beetle",16.72678,60.12796
"Eight-Toothed_Spruce_Bark_Beetle",22.7881,67.448
"Eight-Toothed_Spruce_Bark_Beetle",16.69804,58.65028
"Eight-Toothed_Spruce_Bark_Beetle",15.53653,62.28978
"Eight-Toothed_Spruce_Bark_Beetle",21.57669,65.7682
"Eight-Toothed_Spruce_Bark_Beetle",16.34578,58.85835
"Eight-Toothed_Spruce_Bark_Beetle",20.52688,66.34766
"Eight-Toothed_Spruce_Bark_Beetle",16.7256,60.12579
"Eight-Toothed_Spruce_Bark_Beetle",16.69972,58.64979
"Eight-Toothed_Spruce_Bark_Beetle",16.75088,60.19811
"Eight-Toothed_Spruce_Bark_Beetle",15.7391,63.22167
"Eight-Toothed_Spruce_Bark_Beetle",16.73321,60.13116
"Eight-Toothed_Spruce_Bark_Beetle",16.74763,60.2063
"Eight-Toothed_Spruce_Bark_Beetle",16.74728,60.20492
"Eight-Toothed_Spruce_Bark_Beetle",16.7488,60.20565
"Eight-Toothed_Spruce_Bark_Beetle",15.36059,64.2472
"Eight-Toothed_Spruce_Bark_Beetle",15.12432,57.1067
"Eight-Toothed_Spruce_Bark_Beetle",16.74866,60.20398
"Eight-Toothed_Spruce_Bark_Beetle",16.17143,62.2168
"Eight-Toothed_Spruce_Bark_Beetle",15.53269,62.29154
"Eight-Toothed_Spruce_Bark_Beetle",16.34484,59.2772
"Eight-Toothed_Spruce_Bark_Beetle",15.72024,60.52369
"Eight-Toothed_Spruce_Bark_Beetle",15.83872,60.63972
"Eight-Toothed_Spruce_Bark_Beetle",15.53253,62.29065
"Eight-Toothed_Spruce_Bark_Beetle",22.8036,67.45233
"Eight-Toothed_Spruce_Bark_Beetle",16.86527,61.5077
"Eight-Toothed_Spruce_Bark_Beetle",18.21326,59.56125
"Eight-Toothed_Spruce_Bark_Beetle",13.81445,55.9807
"Eight-Toothed_Spruce_Bark_Beetle",16.50176,56.64571
"Eight-Toothed_Spruce_Bark_Beetle",15.53405,62.28966
"Eight-Toothed_Spruce_Bark_Beetle",16.86756,61.50796
"Eight-Toothed_Spruce_Bark_Beetle",21.45567,66.20267
"Eight-Toothed_Spruce_Bark_Beetle",16.72582,60.12302
"Eight-Toothed_Spruce_Bark_Beetle",16.73233,60.13049
"Eight-Toothed_Spruce_Bark_Beetle",16.92247,62.61334
"Eight-Toothed_Spruce_Bark_Beetle",19.55716,64.17231
"Eight-Toothed_Spruce_Bark_Beetle",15.74502,56.61846
"Eight-Toothed_Spruce_Bark_Beetle",18.05231,62.75722
"Eight-Toothed_Spruce_Bark_Beetle",16.72599,60.12317
"Eight-Toothed_Spruce_Bark_Beetle",13.2042,55.68678
"Eight-Toothed_Spruce_Bark_Beetle",16.0406,57.03633
"Eight-Toothed_Spruce_Bark_Beetle",18.30605,60.10775
"Eight-Toothed_Spruce_Bark_Beetle",20.29621,64.24066
"Eight-Toothed_Spruce_Bark_Beetle",16.73681,60.22052
"Eight-Toothed_Spruce_Bark_Beetle",15.89899,58.70353
"Eight-Toothed_Spruce_Bark_Beetle",15.53732,62.2893
"Eight-Toothed_Spruce_Bark_Beetle",22.80671,67.4579
"Eight-Toothed_Spruce_Bark_Beetle",15.3674,64.2382
"Eight-Toothed_Spruce_Bark_Beetle",15.52905,59.23806
"Eight-Toothed_Spruce_Bark_Beetle",16.30407,58.95732
"Eight-Toothed_Spruce_Bark_Beetle",16.16892,62.21655
"Eight-Toothed_Spruce_Bark_Beetle",16.70353,58.72783
"Eight-Toothed_Spruce_Bark_Beetle",15.74502,56.61846
"Eight-Toothed_Spruce_Bark_Beetle",15.0297,59.31123
"Eight-Toothed_Spruce_Bark_Beetle",16.72566,60.12093
"Eight-Toothed_Spruce_Bark_Beetle",16.1695,62.21651
"Eight-Toothed_Spruce_Bark_Beetle",18.0528,62.75689
"Eight-Toothed_Spruce_Bark_Beetle",15.53326,62.29146
"Eight-Toothed_Spruce_Bark_Beetle",16.73242,60.13107
"Eight-Toothed_Spruce_Bark_Beetle",16.89012,62.17721
"Eight-Toothed_Spruce_Bark_Beetle",16.74866,60.20398
"Eight-Toothed_Spruce_Bark_Beetle",16.89047,62.1771
"Eight-Toothed_Spruce_Bark_Beetle",16.86636,61.50813
"Eight-Toothed_Spruce_Bark_Beetle",20.5513,63.79846
"Eight-Toothed_Spruce_Bark_Beetle",15.87963,56.76163
"Eight-Toothed_Spruce_Bark_Beetle",17.59982,59.9665
"Eight-Toothed_Spruce_Bark_Beetle",17.56334,60.59289
"Eight-Toothed_Spruce_Bark_Beetle",22.81596,67.45316
"Eight-Toothed_Spruce_Bark_Beetle",16.31256,62.62212
"Eight-Toothed_Spruce_Bark_Beetle",13.32115,55.54251
"Eight-Toothed_Spruce_Bark_Beetle",21.55457,65.91694
"Eight-Toothed_Spruce_Bark_Beetle",16.69959,58.65006
"Eight-Toothed_Spruce_Bark_Beetle",16.86538,61.50777
"Eight-Toothed_Spruce_Bark_Beetle",16.86653,61.50788
"Eight-Toothed_Spruce_Bark_Beetle",16.74771,60.20596
"Eight-Toothed_Spruce_Bark_Beetle",16.76585,58.8084
"Eight-Toothed_Spruce_Bark_Beetle",17.01373,58.83851
"Eight-Toothed_Spruce_Bark_Beetle",17.6659,59.81797
"Eight-Toothed_Spruce_Bark_Beetle",20.45535,63.79907
"Eight-Toothed_Spruce_Bark_Beetle",16.63111,62.21683
"Eight-Toothed_Spruce_Bark_Beetle",12.99224,59.33217
"Eight-Toothed_Spruce_Bark_Beetle",16.74899,60.20377
"Eight-Toothed_Spruce_Bark_Beetle",20.28127,64.27479
"Eight-Toothed_Spruce_Bark_Beetle",15.74502,56.61846
"Eight-Toothed_Spruce_Bark_Beetle",19.55826,64.17159
"Eight-Toothed_Spruce_Bark_Beetle",15.87551,56.74731
"Eight-Toothed_Spruce_Bark_Beetle",12.10008,59.66719
"Eight-Toothed_Spruce_Bark_Beetle",13.76395,58.35669
"Eight-Toothed_Spruce_Bark_Beetle",15.7458,56.61749
"Eight-Toothed_Spruce_Bark_Beetle",13.57626,55.66009
"Eight-Toothed_Spruce_Bark_Beetle",18.28637,60.11195
"Eight-Toothed_Spruce_Bark_Beetle",12.45893,59.85708
"Eight-Toothed_Spruce_Bark_Beetle",20.00717,64.35834
"Eight-Toothed_Spruce_Bark_Beetle",12.7343,60.04217
"Eight-Toothed_Spruce_Bark_Beetle",16.08192,56.92751
"Eight-Toothed_Spruce_Bark_Beetle",18.28945,60.11277
"Eight-Toothed_Spruce_Bark_Beetle",11.380819,48.155401
"Eight-Toothed_Spruce_Bark_Beetle",38.14272,56.252326
"Eight-Toothed_Spruce_Bark_Beetle",20.115826,54.937104
"Eight-Toothed_Spruce_Bark_Beetle",11.283367,47.965863
"Eight-Toothed_Spruce_Bark_Beetle",59.555632,57.034906
"Eight-Toothed_Spruce_Bark_Beetle",13.639053,49.785526
"Eight-Toothed_Spruce_Bark_Beetle",23.032182,63.820229
"Eight-Toothed_Spruce_Bark_Beetle",59.555493,57.035102
"Eight-Toothed_Spruce_Bark_Beetle",12.802412,48.590045
"Eight-Toothed_Spruce_Bark_Beetle",13.792304,48.874367
"Eight-Toothed_Spruce_Bark_Beetle",37.345356,53.036138
"Eight-Toothed_Spruce_Bark_Beetle",9.370375,51.819851
"Eight-Toothed_Spruce_Bark_Beetle",39.184363,55.608255
"Eight-Toothed_Spruce_Bark_Beetle",59.084037,60.122696
"Eight-Toothed_Spruce_Bark_Beetle",37.302547,55.926475
"Eight-Toothed_Spruce_Bark_Beetle",43.225,54.7211
"Eight-Toothed_Spruce_Bark_Beetle",23.845953,61.630071
"Eight-Toothed_Spruce_Bark_Beetle",37.297097,55.928278
"Eight-Toothed_Spruce_Bark_Beetle",11.926783,60.740458
"Eight-Toothed_Spruce_Bark_Beetle",11.926655,60.739803
"Eight-Toothed_Spruce_Bark_Beetle",10.998862,59.861205
"Eight-Toothed_Spruce_Bark_Beetle",11.02747,59.854888
"Eight-Toothed_Spruce_Bark_Beetle",12.527601,60.200412
"Eight-Toothed_Spruce_Bark_Beetle",10.774669,60.235061
"Eight-Toothed_Spruce_Bark_Beetle",10.998862,59.861205
"Eight-Toothed_Spruce_Bark_Beetle",11.926783,60.740458
"Eight-Toothed_Spruce_Bark_Beetle",10.99938,59.861765
"Eight-Toothed_Spruce_Bark_Beetle",12.527601,60.200412
"Eight-Toothed_Spruce_Bark_Beetle",11.926655,60.739803
"Eight-Toothed_Spruce_Bark_Beetle",11.926655,60.739803
"Eight-Toothed_Spruce_Bark_Beetle",10.774669,60.235061
"Eight-Toothed_Spruce_Bark_Beetle",11.927161,60.747483
"Eight-Toothed_Spruce_Bark_Beetle",11.927641,60.747826
"Eight-Toothed_Spruce_Bark_Beetle",11.927686,60.747105
"Eight-Toothed_Spruce_Bark_Beetle",11.02686,59.854168
"Eight-Toothed_Spruce_Bark_Beetle",10.999068,59.861674
"Eight-Toothed_Spruce_Bark_Beetle",11.92627,60.740155
"Eight-Toothed_Spruce_Bark_Beetle",10.998862,59.861205
"Eight-Toothed_Spruce_Bark_Beetle",10.998977,59.861897
"Eight-Toothed_Spruce_Bark_Beetle",11.926783,60.740458
"Eight-Toothed_Spruce_Bark_Beetle",11.927161,60.747483
"Eight-Toothed_Spruce_Bark_Beetle",11.92627,60.740155
"Eight-Toothed_Spruce_Bark_Beetle",11.92627,60.740155
"Eight-Toothed_Spruce_Bark_Beetle",11.927686,60.747105
"Eight-Toothed_Spruce_Bark_Beetle",12.527022,60.200305
"Eight-Toothed_Spruce_Bark_Beetle",10.999068,59.861674
"Eight-Toothed_Spruce_Bark_Beetle",11.926655,60.739803
"Eight-Toothed_Spruce_Bark_Beetle",11.926655,60.739803
"Eight-Toothed_Spruce_Bark_Beetle",10.99938,59.861765
"Eight-Toothed_Spruce_Bark_Beetle",12.420116,48.225545
"Eight-Toothed_Spruce_Bark_Beetle",8.954256,45.813655
"Eight-Toothed_Spruce_Bark_Beetle",6.685676,51.54895
"Eight-Toothed_Spruce_Bark_Beetle",6.652818,50.560428
"Eight-Toothed_Spruce_Bark_Beetle",5.25,52.05
"Eight-Toothed_Spruce_Bark_Beetle",6.679648,51.542577
"Eight-Toothed_Spruce_Bark_Beetle",6.1,51.15
"Eight-Toothed_Spruce_Bark_Beetle",6.691743,51.558446
"Eight-Toothed_Spruce_Bark_Beetle",5.7,51.95
"Eight-Toothed_Spruce_Bark_Beetle",5.65,50.8
"Eight-Toothed_Spruce_Bark_Beetle",5.65,51.95
"Eight-Toothed_Spruce_Bark_Beetle",5.65,51.95
"Eight-Toothed_Spruce_Bark_Beetle",6.7,52.15
"Eight-Toothed_Spruce_Bark_Beetle",27.595946,62.872986
"Eight-Toothed_Spruce_Bark_Beetle",24.542421,62.276432
"Eight-Toothed_Spruce_Bark_Beetle",24.542421,62.276432
"Eight-Toothed_Spruce_Bark_Beetle",23.946007,60.391664
"Eight-Toothed_Spruce_Bark_Beetle",23.946007,60.391664
"Eight-Toothed_Spruce_Bark_Beetle",23.946007,60.391664
"Eight-Toothed_Spruce_Bark_Beetle",23.946007,60.391664
"Eight-Toothed_Spruce_Bark_Beetle",23.946007,60.391664
"Eight-Toothed_Spruce_Bark_Beetle",23.946007,60.391664
"Eight-Toothed_Spruce_Bark_Beetle",23.946007,60.391664
"Eight-Toothed_Spruce_Bark_Beetle",23.946007,60.391664
"Eight-Toothed_Spruce_Bark_Beetle",22.551291,60.788924
"Eight-Toothed_Spruce_Bark_Beetle",22.551291,60.788924
"Eight-Toothed_Spruce_Bark_Beetle",22.551291,60.788924
"Eight-Toothed_Spruce_Bark_Beetle",23.946007,60.391664
"Eight-Toothed_Spruce_Bark_Beetle",37.299587,55.929103
"Eight-Toothed_Spruce_Bark_Beetle",26.0495,65.1568
"Eight-Toothed_Spruce_Bark_Beetle",12.427424,46.130203
"Eight-Toothed_Spruce_Bark_Beetle",4.808404,52.331243
"Eight-Toothed_Spruce_Bark_Beetle",5.464,49.739
"Eight-Toothed_Spruce_Bark_Beetle",5.748,49.867
"Eight-Toothed_Spruce_Bark_Beetle",5.528,49.647
"Eight-Toothed_Spruce_Bark_Beetle",5.748,49.867
"Eight-Toothed_Spruce_Bark_Beetle",5.323,49.697
"Eight-Toothed_Spruce_Bark_Beetle",5.748,49.867
"Eight-Toothed_Spruce_Bark_Beetle",5.748,49.867
"Eight-Toothed_Spruce_Bark_Beetle",5.186,49.744
"Eight-Toothed_Spruce_Bark_Beetle",5.323,49.697
"Eight-Toothed_Spruce_Bark_Beetle",5.253,49.698
"Eight-Toothed_Spruce_Bark_Beetle",5.528,49.647
"Eight-Toothed_Spruce_Bark_Beetle",4.499,49.98
"Eight-Toothed_Spruce_Bark_Beetle",4.499,49.98
"Eight-Toothed_Spruce_Bark_Beetle",5.464,49.739
"Eight-Toothed_Spruce_Bark_Beetle",5.667,49.644
"Eight-Toothed_Spruce_Bark_Beetle",4.293,50.073
"Eight-Toothed_Spruce_Bark_Beetle",4.501,50.025
"Eight-Toothed_Spruce_Bark_Beetle",4.572,50.069
"Eight-Toothed_Spruce_Bark_Beetle",4.152,50.029
"Eight-Toothed_Spruce_Bark_Beetle",4.293,50.073
"Eight-Toothed_Spruce_Bark_Beetle",4.579,50.294
"Eight-Toothed_Spruce_Bark_Beetle",4.579,50.294
"Eight-Toothed_Spruce_Bark_Beetle",4.645,50.158
"Eight-Toothed_Spruce_Bark_Beetle",4.37,50.342
"Eight-Toothed_Spruce_Bark_Beetle",4.436,50.206
"Eight-Toothed_Spruce_Bark_Beetle",4.64,50.023
"Eight-Toothed_Spruce_Bark_Beetle",4.431,50.026
"Eight-Toothed_Spruce_Bark_Beetle",4.501,50.025
"Eight-Toothed_Spruce_Bark_Beetle",4.3,50.342
"Eight-Toothed_Spruce_Bark_Beetle",4.361,50.027
"Eight-Toothed_Spruce_Bark_Beetle",4.721,50.337
"Eight-Toothed_Spruce_Bark_Beetle",4.436,50.206
"Eight-Toothed_Spruce_Bark_Beetle",4.369,50.297
"Eight-Toothed_Spruce_Bark_Beetle",4.3,50.342
"Eight-Toothed_Spruce_Bark_Beetle",4.3,50.342
"Eight-Toothed_Spruce_Bark_Beetle",5.131,50.06
"Eight-Toothed_Spruce_Bark_Beetle",5.41,50.055
"Eight-Toothed_Spruce_Bark_Beetle",6.364,50.365
"Eight-Toothed_Spruce_Bark_Beetle",5.256,49.743
"Eight-Toothed_Spruce_Bark_Beetle",4.659,50.563
"Eight-Toothed_Spruce_Bark_Beetle",5.131,50.06
"Eight-Toothed_Spruce_Bark_Beetle",6.08,50.403
"Eight-Toothed_Spruce_Bark_Beetle",5.39,49.65
"Eight-Toothed_Spruce_Bark_Beetle",5.696,50.183
"Eight-Toothed_Spruce_Bark_Beetle",4.645,50.158
"Eight-Toothed_Spruce_Bark_Beetle",4.715,50.157
"Eight-Toothed_Spruce_Bark_Beetle",4.715,50.157
"Eight-Toothed_Spruce_Bark_Beetle",5.207,50.194
"Eight-Toothed_Spruce_Bark_Beetle",6.145,50.494
"Eight-Toothed_Spruce_Bark_Beetle",4.295,50.162
"Eight-Toothed_Spruce_Bark_Beetle",5.268,50.013
"Eight-Toothed_Spruce_Bark_Beetle",5.505,50.547
"Eight-Toothed_Spruce_Bark_Beetle",4.579,50.294
"Eight-Toothed_Spruce_Bark_Beetle",4.579,50.294
"Eight-Toothed_Spruce_Bark_Beetle",5.712,50.453
"Eight-Toothed_Spruce_Bark_Beetle",4.788,50.246
"Eight-Toothed_Spruce_Bark_Beetle",5.746,49.822
"Eight-Toothed_Spruce_Bark_Beetle",6.364,50.365
"Eight-Toothed_Spruce_Bark_Beetle",6.364,50.365
"Eight-Toothed_Spruce_Bark_Beetle",6.007,50.446
"Eight-Toothed_Spruce_Bark_Beetle",4.3,50.342
"Eight-Toothed_Spruce_Bark_Beetle",4.453,50.745
"Eight-Toothed_Spruce_Bark_Beetle",4.654,50.428
"Eight-Toothed_Spruce_Bark_Beetle",5.651,50.634
"Eight-Toothed_Spruce_Bark_Beetle",5.717,50.543
"Eight-Toothed_Spruce_Bark_Beetle",3.951,50.481
"Eight-Toothed_Spruce_Bark_Beetle",5.457,49.604
"Eight-Toothed_Spruce_Bark_Beetle",4.364,50.117
"Eight-Toothed_Spruce_Bark_Beetle",4.366,50.207
"Eight-Toothed_Spruce_Bark_Beetle",4.501,50.025
"Eight-Toothed_Spruce_Bark_Beetle",4.501,50.025
"Eight-Toothed_Spruce_Bark_Beetle",4.435,50.161
"Eight-Toothed_Spruce_Bark_Beetle",4.435,50.161
"Eight-Toothed_Spruce_Bark_Beetle",4.369,50.297
"Eight-Toothed_Spruce_Bark_Beetle",4.369,50.297
"Eight-Toothed_Spruce_Bark_Beetle",4.369,50.297
"Eight-Toothed_Spruce_Bark_Beetle",4.369,50.297
"Eight-Toothed_Spruce_Bark_Beetle",4.383,50.791
"Eight-Toothed_Spruce_Bark_Beetle",4.01569,47.04046
"Eight-Toothed_Spruce_Bark_Beetle",6.13638,45.87507
"Eight-Toothed_Spruce_Bark_Beetle",6.71373,44.59265
"Eight-Toothed_Spruce_Bark_Beetle",6.71373,44.59265
"Eight-Toothed_Spruce_Bark_Beetle",6.71373,44.59265
"Eight-Toothed_Spruce_Bark_Beetle",6.71373,44.59265
"Eight-Toothed_Spruce_Bark_Beetle",6.71373,44.59265
"Eight-Toothed_Spruce_Bark_Beetle",6.71373,44.59265
"Eight-Toothed_Spruce_Bark_Beetle",7.17268,48.4602
"Eight-Toothed_Spruce_Bark_Beetle",7.17268,48.4602
"Eight-Toothed_Spruce_Bark_Beetle",7.36633,48.50546
"Eight-Toothed_Spruce_Bark_Beetle",7.13741,48.42424
"Eight-Toothed_Spruce_Bark_Beetle",7.13741,48.42424
"Eight-Toothed_Spruce_Bark_Beetle",7.54508,48.02389
"Eight-Toothed_Spruce_Bark_Beetle",7.09397,47.95236
"Eight-Toothed_Spruce_Bark_Beetle",7.13741,48.42424
"Eight-Toothed_Spruce_Bark_Beetle",7.17268,48.4602
"Eight-Toothed_Spruce_Bark_Beetle",7.36601,48.56708
"Eight-Toothed_Spruce_Bark_Beetle",7.13547,48.1152
"Eight-Toothed_Spruce_Bark_Beetle",5.8299,45.07245
"Eight-Toothed_Spruce_Bark_Beetle",7.17268,48.4602
"Eight-Toothed_Spruce_Bark_Beetle",7.13741,48.42424
"Eight-Toothed_Spruce_Bark_Beetle",-0.53517,42.83497
"Eight-Toothed_Spruce_Bark_Beetle",7.13741,48.42424
"Eight-Toothed_Spruce_Bark_Beetle",7.17268,48.4602
"Eight-Toothed_Spruce_Bark_Beetle",7.54508,48.02389
"Eight-Toothed_Spruce_Bark_Beetle",6.92473,47.81895
"Eight-Toothed_Spruce_Bark_Beetle",7.17268,48.4602
"Eight-Toothed_Spruce_Bark_Beetle",7.13741,48.42424
"Eight-Toothed_Spruce_Bark_Beetle",7.17268,48.4602
"Eight-Toothed_Spruce_Bark_Beetle",5.4417,44.89745
"Eight-Toothed_Spruce_Bark_Beetle",7.18845,48.62027
"Eight-Toothed_Spruce_Bark_Beetle",7.33998,48.13937
"Eight-Toothed_Spruce_Bark_Beetle",7.17268,48.4602
"Eight-Toothed_Spruce_Bark_Beetle",6.08675,47.24178
"Eight-Toothed_Spruce_Bark_Beetle",5.88571,45.33409
"Eight-Toothed_Spruce_Bark_Beetle",7.17268,48.4602
"Eight-Toothed_Spruce_Bark_Beetle",7.17268,48.4602
"Eight-Toothed_Spruce_Bark_Beetle",7.17268,48.4602
"Eight-Toothed_Spruce_Bark_Beetle",6.92473,47.81895
"Eight-Toothed_Spruce_Bark_Beetle",7.23044,48.92696
"Eight-Toothed_Spruce_Bark_Beetle",7.17268,48.4602
"Eight-Toothed_Spruce_Bark_Beetle",7.17268,48.4602
"Eight-Toothed_Spruce_Bark_Beetle",7.13547,48.1152
"Eight-Toothed_Spruce_Bark_Beetle",7.33998,48.13937
"Eight-Toothed_Spruce_Bark_Beetle",6.92473,47.81895
"Eight-Toothed_Spruce_Bark_Beetle",5.8299,45.07245
"Eight-Toothed_Spruce_Bark_Beetle",-0.58747,42.85871
"Eight-Toothed_Spruce_Bark_Beetle",6.97542,48.12702
"Eight-Toothed_Spruce_Bark_Beetle",7.13741,48.42424
"Eight-Toothed_Spruce_Bark_Beetle",6.92473,47.81895
"Eight-Toothed_Spruce_Bark_Beetle",7.13741,48.42424
"Eight-Toothed_Spruce_Bark_Beetle",5.79787,45.33144
"Eight-Toothed_Spruce_Bark_Beetle",7.17268,48.4602
"Eight-Toothed_Spruce_Bark_Beetle",7.3054,48.62085
"Eight-Toothed_Spruce_Bark_Beetle",7.3054,48.62085
"Eight-Toothed_Spruce_Bark_Beetle",5.8299,45.07245
"Eight-Toothed_Spruce_Bark_Beetle",7.44619,48.94776
"Eight-Toothed_Spruce_Bark_Beetle",6.97542,48.12702
"Eight-Toothed_Spruce_Bark_Beetle",6.97542,48.12702
"Eight-Toothed_Spruce_Bark_Beetle",5.60914,45.19318
"Eight-Toothed_Spruce_Bark_Beetle",-0.93823,49.19183
"Eight-Toothed_Spruce_Bark_Beetle",7.17268,48.4602
"Eight-Toothed_Spruce_Bark_Beetle",7.17268,48.4602
"Eight-Toothed_Spruce_Bark_Beetle",7.33998,48.13937
"Eight-Toothed_Spruce_Bark_Beetle",7.17268,48.4602
"Eight-Toothed_Spruce_Bark_Beetle",6.97542,48.12702
"Eight-Toothed_Spruce_Bark_Beetle",7.13547,48.1152
"Eight-Toothed_Spruce_Bark_Beetle",7.3054,48.62085
"Eight-Toothed_Spruce_Bark_Beetle",7.17268,48.4602
"Eight-Toothed_Spruce_Bark_Beetle",6.42869,47.55928
"Eight-Toothed_Spruce_Bark_Beetle",7.13741,48.42424
"Eight-Toothed_Spruce_Bark_Beetle",7.17268,48.4602
"Eight-Toothed_Spruce_Bark_Beetle",6.97542,48.12702
"Eight-Toothed_Spruce_Bark_Beetle",7.09397,47.95236
"Eight-Toothed_Spruce_Bark_Beetle",7.17268,48.4602
"Eight-Toothed_Spruce_Bark_Beetle",7.17268,48.4602
"Eight-Toothed_Spruce_Bark_Beetle",7.17268,48.4602
"Eight-Toothed_Spruce_Bark_Beetle",6.97542,48.12702
"Eight-Toothed_Spruce_Bark_Beetle",7.17268,48.4602
"Eight-Toothed_Spruce_Bark_Beetle",5.85135,45.38558
"Eight-Toothed_Spruce_Bark_Beetle",7.13741,48.42424
"Eight-Toothed_Spruce_Bark_Beetle",7.3054,48.62085
"Eight-Toothed_Spruce_Bark_Beetle",6.92473,47.81895
"Eight-Toothed_Spruce_Bark_Beetle",3.84826,46.75221
"Eight-Toothed_Spruce_Bark_Beetle",6.60793,48.66807
"Eight-Toothed_Spruce_Bark_Beetle",3.67118,44.25413
"Eight-Toothed_Spruce_Bark_Beetle",3.84826,46.75221
"Eight-Toothed_Spruce_Bark_Beetle",7.76776,48.57125
"Eight-Toothed_Spruce_Bark_Beetle",7.17268,48.4602
"Eight-Toothed_Spruce_Bark_Beetle",6.92473,47.81895
"Eight-Toothed_Spruce_Bark_Beetle",6.94312,47.86465
"Eight-Toothed_Spruce_Bark_Beetle",7.76776,48.57125
"Eight-Toothed_Spruce_Bark_Beetle",3.7628,45.99376
"Eight-Toothed_Spruce_Bark_Beetle",7.33998,48.13937
"Eight-Toothed_Spruce_Bark_Beetle",-0.57933,42.9394
"Eight-Toothed_Spruce_Bark_Beetle",7.17268,48.4602
"Eight-Toothed_Spruce_Bark_Beetle",6.10759,47.28137
"Eight-Toothed_Spruce_Bark_Beetle",-0.53517,42.83497
"Eight-Toothed_Spruce_Bark_Beetle",7.3054,48.62085
"Eight-Toothed_Spruce_Bark_Beetle",7.17268,48.4602
"Eight-Toothed_Spruce_Bark_Beetle",7.3054,48.62085
"Eight-Toothed_Spruce_Bark_Beetle",7.44619,48.94776
"Eight-Toothed_Spruce_Bark_Beetle",7.17268,48.4602
"Eight-Toothed_Spruce_Bark_Beetle",7.13741,48.42424
"Eight-Toothed_Spruce_Bark_Beetle",7.17268,48.4602
"Eight-Toothed_Spruce_Bark_Beetle",7.64075,49.00968
"Eight-Toothed_Spruce_Bark_Beetle",7.09397,47.95236
"Eight-Toothed_Spruce_Bark_Beetle",7.56067,48.14964
"Eight-Toothed_Spruce_Bark_Beetle",7.13741,48.42424
"Eight-Toothed_Spruce_Bark_Beetle",7.17268,48.4602
"Eight-Toothed_Spruce_Bark_Beetle",7.3054,48.62085
"Eight-Toothed_Spruce_Bark_Beetle",7.13741,48.42424
"Eight-Toothed_Spruce_Bark_Beetle",7.17268,48.4602
"Eight-Toothed_Spruce_Bark_Beetle",6.27698,46.77939
"Eight-Toothed_Spruce_Bark_Beetle",5.85135,45.38558
"Eight-Toothed_Spruce_Bark_Beetle",7.17268,48.4602
"Eight-Toothed_Spruce_Bark_Beetle",6.04624,46.3473
"Eight-Toothed_Spruce_Bark_Beetle",7.3054,48.62085
"Eight-Toothed_Spruce_Bark_Beetle",7.17268,48.4602
"Eight-Toothed_Spruce_Bark_Beetle",7.13547,48.1152
"Eight-Toothed_Spruce_Bark_Beetle",7.17268,48.4602
"Eight-Toothed_Spruce_Bark_Beetle",7.36601,48.56708
"Eight-Toothed_Spruce_Bark_Beetle",5.88571,45.33409
"Eight-Toothed_Spruce_Bark_Beetle",7.3054,48.62085
"Eight-Toothed_Spruce_Bark_Beetle",7.17268,48.4602
"Eight-Toothed_Spruce_Bark_Beetle",7.13547,48.1152
"Eight-Toothed_Spruce_Bark_Beetle",7.13741,48.42424
"Eight-Toothed_Spruce_Bark_Beetle",7.3054,48.62085
"Eight-Toothed_Spruce_Bark_Beetle",7.13741,48.42424
"Eight-Toothed_Spruce_Bark_Beetle",7.13547,48.1152
"Eight-Toothed_Spruce_Bark_Beetle",7.17268,48.4602
"Eight-Toothed_Spruce_Bark_Beetle",7.17268,48.4602
"Eight-Toothed_Spruce_Bark_Beetle",3.7628,45.99376
"Eight-Toothed_Spruce_Bark_Beetle",7.17268,48.4602
"Eight-Toothed_Spruce_Bark_Beetle",6.10759,47.28137
"Eight-Toothed_Spruce_Bark_Beetle",6.92473,47.81895
"Eight-Toothed_Spruce_Bark_Beetle",7.17268,48.4602
"Eight-Toothed_Spruce_Bark_Beetle",7.17268,48.4602
"Eight-Toothed_Spruce_Bark_Beetle",7.17268,48.4602
"Eight-Toothed_Spruce_Bark_Beetle",6.27698,46.77939
"Eight-Toothed_Spruce_Bark_Beetle",7.13547,48.1152
"Eight-Toothed_Spruce_Bark_Beetle",7.3054,48.62085
"Eight-Toothed_Spruce_Bark_Beetle",7.36601,48.56708
"Eight-Toothed_Spruce_Bark_Beetle",7.59359,49.0534
"Eight-Toothed_Spruce_Bark_Beetle",7.17268,48.4602
"Eight-Toothed_Spruce_Bark_Beetle",7.17268,48.4602
"Eight-Toothed_Spruce_Bark_Beetle",7.3054,48.62085
"Eight-Toothed_Spruce_Bark_Beetle",7.17268,48.4602
"Eight-Toothed_Spruce_Bark_Beetle",7.34162,48.73984
"Eight-Toothed_Spruce_Bark_Beetle",7.17268,48.4602
"Eight-Toothed_Spruce_Bark_Beetle",7.76776,48.57125
"Eight-Toothed_Spruce_Bark_Beetle",5.54511,45.16838
"Eight-Toothed_Spruce_Bark_Beetle",7.13741,48.42424
"Eight-Toothed_Spruce_Bark_Beetle",7.17268,48.4602
"Eight-Toothed_Spruce_Bark_Beetle",3.7628,45.99376
"Eight-Toothed_Spruce_Bark_Beetle",6.27698,46.77939
"Eight-Toothed_Spruce_Bark_Beetle",7.18845,48.62027
"Eight-Toothed_Spruce_Bark_Beetle",7.13741,48.42424
"Eight-Toothed_Spruce_Bark_Beetle",7.17268,48.4602
"Eight-Toothed_Spruce_Bark_Beetle",6.92473,47.81895
"Eight-Toothed_Spruce_Bark_Beetle",6.10759,47.28137
"Eight-Toothed_Spruce_Bark_Beetle",5.8299,45.07245
"Eight-Toothed_Spruce_Bark_Beetle",7.17268,48.4602
"Eight-Toothed_Spruce_Bark_Beetle",7.33998,48.13937
"Eight-Toothed_Spruce_Bark_Beetle",4.6862,43.7942
"Eight-Toothed_Spruce_Bark_Beetle",7.13547,48.1152
"Eight-Toothed_Spruce_Bark_Beetle",5.85135,45.38558
"Eight-Toothed_Spruce_Bark_Beetle",7.35687,48.88286
"Eight-Toothed_Spruce_Bark_Beetle",6.72422,48.28966
"Eight-Toothed_Spruce_Bark_Beetle",5.8299,45.07245
"Eight-Toothed_Spruce_Bark_Beetle",7.36601,48.56708
"Eight-Toothed_Spruce_Bark_Beetle",6.92473,47.81895
"Eight-Toothed_Spruce_Bark_Beetle",7.13547,48.1152
"Eight-Toothed_Spruce_Bark_Beetle",7.13741,48.42424
"Eight-Toothed_Spruce_Bark_Beetle",6.92473,47.81895
"Eight-Toothed_Spruce_Bark_Beetle",7.17268,48.4602
"Eight-Toothed_Spruce_Bark_Beetle",7.17268,48.4602
"Eight-Toothed_Spruce_Bark_Beetle",6.92473,47.81895
"Eight-Toothed_Spruce_Bark_Beetle",5.88571,45.33409
"Eight-Toothed_Spruce_Bark_Beetle",7.17268,48.4602
"Eight-Toothed_Spruce_Bark_Beetle",7.33998,48.13937
"Eight-Toothed_Spruce_Bark_Beetle",6.92473,47.81895
"Eight-Toothed_Spruce_Bark_Beetle",7.15566,48.60178
"Eight-Toothed_Spruce_Bark_Beetle",7.17268,48.4602
"Eight-Toothed_Spruce_Bark_Beetle",7.13741,48.42424
"Eight-Toothed_Spruce_Bark_Beetle",6.6617,44.17242
"Eight-Toothed_Spruce_Bark_Beetle",7.13741,48.42424
"Eight-Toothed_Spruce_Bark_Beetle",7.13741,48.42424
"Eight-Toothed_Spruce_Bark_Beetle",7.13741,48.42424
"Eight-Toothed_Spruce_Bark_Beetle",7.17268,48.4602
"Eight-Toothed_Spruce_Bark_Beetle",7.36633,48.50546
"Eight-Toothed_Spruce_Bark_Beetle",7.33998,48.13937
"Eight-Toothed_Spruce_Bark_Beetle",7.13741,48.42424
"Eight-Toothed_Spruce_Bark_Beetle",7.17268,48.4602
"Eight-Toothed_Spruce_Bark_Beetle",7.13547,48.1152
"Eight-Toothed_Spruce_Bark_Beetle",3.7628,45.99376
"Eight-Toothed_Spruce_Bark_Beetle",6.92473,47.81895
"Eight-Toothed_Spruce_Bark_Beetle",5.88571,45.33409
"Eight-Toothed_Spruce_Bark_Beetle",6.92473,47.81895
"Eight-Toothed_Spruce_Bark_Beetle",7.54508,48.02389
"Eight-Toothed_Spruce_Bark_Beetle",6.60422,43.91515
"Eight-Toothed_Spruce_Bark_Beetle",6.42869,47.55928
"Eight-Toothed_Spruce_Bark_Beetle",7.17268,48.4602
"Eight-Toothed_Spruce_Bark_Beetle",6.88007,47.80769
"Eight-Toothed_Spruce_Bark_Beetle",-0.58747,42.85871
"Eight-Toothed_Spruce_Bark_Beetle",6.92473,47.81895
"Eight-Toothed_Spruce_Bark_Beetle",7.13547,48.1152
"Eight-Toothed_Spruce_Bark_Beetle",7.33998,48.13937
"Eight-Toothed_Spruce_Bark_Beetle",7.18845,48.62027
"Eight-Toothed_Spruce_Bark_Beetle",7.17268,48.4602
"Eight-Toothed_Spruce_Bark_Beetle",6.24927,45.99578
"Eight-Toothed_Spruce_Bark_Beetle",7.17268,48.4602
"Eight-Toothed_Spruce_Bark_Beetle",7.13547,48.1152
"Eight-Toothed_Spruce_Bark_Beetle",6.42869,47.55928
"Eight-Toothed_Spruce_Bark_Beetle",6.92473,47.81895
"Eight-Toothed_Spruce_Bark_Beetle",7.17268,48.4602
"Eight-Toothed_Spruce_Bark_Beetle",5.88571,45.33409
"Eight-Toothed_Spruce_Bark_Beetle",7.31137,48.15061
"Eight-Toothed_Spruce_Bark_Beetle",7.36601,48.56708
"Eight-Toothed_Spruce_Bark_Beetle",7.3054,48.62085
"Eight-Toothed_Spruce_Bark_Beetle",3.48123,44.52924
"Eight-Toothed_Spruce_Bark_Beetle",7.36633,48.50546
"Eight-Toothed_Spruce_Bark_Beetle",-0.57933,42.9394
"Eight-Toothed_Spruce_Bark_Beetle",3.84826,46.75221
"Eight-Toothed_Spruce_Bark_Beetle",7.13741,48.42424
"Eight-Toothed_Spruce_Bark_Beetle",7.13547,48.1152
"Eight-Toothed_Spruce_Bark_Beetle",5.8299,45.07245
"Eight-Toothed_Spruce_Bark_Beetle",7.17268,48.4602
"Eight-Toothed_Spruce_Bark_Beetle",7.13547,48.1152
"Eight-Toothed_Spruce_Bark_Beetle",6.92473,47.81895
"Eight-Toothed_Spruce_Bark_Beetle",5.88571,45.33409
"Eight-Toothed_Spruce_Bark_Beetle",7.33998,48.13937
"Eight-Toothed_Spruce_Bark_Beetle",5.8299,45.07245
"Eight-Toothed_Spruce_Bark_Beetle",7.17268,48.4602
"Eight-Toothed_Spruce_Bark_Beetle",7.13547,48.1152
"Eight-Toothed_Spruce_Bark_Beetle",7.17268,48.4602
"Eight-Toothed_Spruce_Bark_Beetle",0.62699,42.73494
"Eight-Toothed_Spruce_Bark_Beetle",7.13547,48.1152
"Eight-Toothed_Spruce_Bark_Beetle",7.33998,48.13937
"Eight-Toothed_Spruce_Bark_Beetle",20.153104,54.725805
"Eight-Toothed_Spruce_Bark_Beetle",37.324498,55.953058
"Eight-Toothed_Spruce_Bark_Beetle",24.134813,60.96393
"Eight-Toothed_Spruce_Bark_Beetle",15.437626,46.921946
"Eight-Toothed_Spruce_Bark_Beetle",10.403985,47.864845
"Eight-Toothed_Spruce_Bark_Beetle",20.950562,52.341204
"Eight-Toothed_Spruce_Bark_Beetle",37.872729,56.03434
"Eight-Toothed_Spruce_Bark_Beetle",25.144712,60.385357
"Eight-Toothed_Spruce_Bark_Beetle",24.43749,59.988992
"Eight-Toothed_Spruce_Bark_Beetle",22.267619,61.091008
"Eight-Toothed_Spruce_Bark_Beetle",22.186115,61.12407
"Eight-Toothed_Spruce_Bark_Beetle",22.186115,61.12407
"Eight-Toothed_Spruce_Bark_Beetle",22.893207,61.625965
"Eight-Toothed_Spruce_Bark_Beetle",24.745126,60.167466
"Eight-Toothed_Spruce_Bark_Beetle",22.893207,61.625965
"Eight-Toothed_Spruce_Bark_Beetle",26.511292,62.518993
"Eight-Toothed_Spruce_Bark_Beetle",27.120039,68.887372
"Eight-Toothed_Spruce_Bark_Beetle",24.126717,61.053561
"Eight-Toothed_Spruce_Bark_Beetle",24.126717,61.053561
"Eight-Toothed_Spruce_Bark_Beetle",24.421388,60.023004
"Eight-Toothed_Spruce_Bark_Beetle",22.893444,61.624175
"Eight-Toothed_Spruce_Bark_Beetle",22.186115,61.12407
"Eight-Toothed_Spruce_Bark_Beetle",22.189541,61.097686
"Eight-Toothed_Spruce_Bark_Beetle",22.186115,61.12407
"Eight-Toothed_Spruce_Bark_Beetle",22.186115,61.12407
"Eight-Toothed_Spruce_Bark_Beetle",22.187575,61.122791
"Eight-Toothed_Spruce_Bark_Beetle",22.186115,61.12407
"Eight-Toothed_Spruce_Bark_Beetle",22.187575,61.122791
"Eight-Toothed_Spruce_Bark_Beetle",22.186115,61.12407
"Eight-Toothed_Spruce_Bark_Beetle",22.186115,61.12407
"Eight-Toothed_Spruce_Bark_Beetle",22.188227,61.123138
"Eight-Toothed_Spruce_Bark_Beetle",22.188227,61.123138
"Eight-Toothed_Spruce_Bark_Beetle",22.267619,61.091008
"Eight-Toothed_Spruce_Bark_Beetle",22.187575,61.122791
"Eight-Toothed_Spruce_Bark_Beetle",22.186115,61.12407
"Eight-Toothed_Spruce_Bark_Beetle",22.189541,61.097686
"Eight-Toothed_Spruce_Bark_Beetle",22.188345,61.123097
"Eight-Toothed_Spruce_Bark_Beetle",22.188345,61.123097
"Eight-Toothed_Spruce_Bark_Beetle",22.190005,61.123426
"Eight-Toothed_Spruce_Bark_Beetle",22.188345,61.123097
"Eight-Toothed_Spruce_Bark_Beetle",25.027135,60.354884
"Eight-Toothed_Spruce_Bark_Beetle",25.044719,60.332754
"Eight-Toothed_Spruce_Bark_Beetle",21.755503,60.745361
"Eight-Toothed_Spruce_Bark_Beetle",24.745126,60.167466
"Eight-Toothed_Spruce_Bark_Beetle",21.734836,61.06445
"Eight-Toothed_Spruce_Bark_Beetle",22.186115,61.12407
"Eight-Toothed_Spruce_Bark_Beetle",22.188227,61.123138
"Eight-Toothed_Spruce_Bark_Beetle",25.05416,60.34292
"Eight-Toothed_Spruce_Bark_Beetle",24.134813,60.96393
"Eight-Toothed_Spruce_Bark_Beetle",27.120039,68.887372
"Eight-Toothed_Spruce_Bark_Beetle",24.134813,60.96393
"Eight-Toothed_Spruce_Bark_Beetle",24.438466,61.778126
"Eight-Toothed_Spruce_Bark_Beetle",24.126717,61.053561
"Eight-Toothed_Spruce_Bark_Beetle",23.99569,62.716496
"Eight-Toothed_Spruce_Bark_Beetle",22.186115,61.12407
"Eight-Toothed_Spruce_Bark_Beetle",22.186115,61.12407
"Eight-Toothed_Spruce_Bark_Beetle",22.186115,61.12407
"Eight-Toothed_Spruce_Bark_Beetle",22.186115,61.12407
"Eight-Toothed_Spruce_Bark_Beetle",22.188345,61.123097
"Eight-Toothed_Spruce_Bark_Beetle",22.190005,61.123426
"Eight-Toothed_Spruce_Bark_Beetle",22.188227,61.123138
"Eight-Toothed_Spruce_Bark_Beetle",22.188345,61.123097
"Eight-Toothed_Spruce_Bark_Beetle",22.191398,61.122217
"Eight-Toothed_Spruce_Bark_Beetle",22.186115,61.12407
"Eight-Toothed_Spruce_Bark_Beetle",22.190005,61.123426
"Eight-Toothed_Spruce_Bark_Beetle",22.188345,61.123097
"Eight-Toothed_Spruce_Bark_Beetle",22.193787,61.123003
"Eight-Toothed_Spruce_Bark_Beetle",22.186115,61.12407
"Eight-Toothed_Spruce_Bark_Beetle",22.188227,61.123138
"Eight-Toothed_Spruce_Bark_Beetle",22.16758,61.10769
"Eight-Toothed_Spruce_Bark_Beetle",21.987656,60.911971
"Eight-Toothed_Spruce_Bark_Beetle",22.16758,61.10769
"Eight-Toothed_Spruce_Bark_Beetle",22.168568,61.095139
"Eight-Toothed_Spruce_Bark_Beetle",24.449106,61.403252
"Eight-Toothed_Spruce_Bark_Beetle",144.1048,43.4348
"Eight-Toothed_Spruce_Bark_Beetle",14.9166,57.26675
"Eight-Toothed_Spruce_Bark_Beetle",16.08,61.83
"Eight-Toothed_Spruce_Bark_Beetle",15.97,56.25
"Eight-Toothed_Spruce_Bark_Beetle",15.97,56.25
"Eight-Toothed_Spruce_Bark_Beetle",17.55,60.02
"Eight-Toothed_Spruce_Bark_Beetle",14.69,57.65
"Eight-Toothed_Spruce_Bark_Beetle",14.46,57.57
"Eight-Toothed_Spruce_Bark_Beetle",16.39,56.95
"Eight-Toothed_Spruce_Bark_Beetle",14.32,47.72
"Eight-Toothed_Spruce_Bark_Beetle",29.501,64.1166
"Eight-Toothed_Spruce_Bark_Beetle",21.730846,61.063746
"Eight-Toothed_Spruce_Bark_Beetle",21.730846,61.063746
"Eight-Toothed_Spruce_Bark_Beetle",24.4373,59.989
"Eight-Toothed_Spruce_Bark_Beetle",25.26,60.37
"Eight-Toothed_Spruce_Bark_Beetle",28.344488,61.180663
"Eight-Toothed_Spruce_Bark_Beetle",28.43495,61.125882
"Eight-Toothed_Spruce_Bark_Beetle",24.96,60.27
"Eight-Toothed_Spruce_Bark_Beetle",24.96,60.27
"Eight-Toothed_Spruce_Bark_Beetle",24.94,60.73
"Eight-Toothed_Spruce_Bark_Beetle",29.18,63.21
"Eight-Toothed_Spruce_Bark_Beetle",24.96,60.27
"Eight-Toothed_Spruce_Bark_Beetle",29.18,63.21
"Eight-Toothed_Spruce_Bark_Beetle",26.03,60.44
"Eight-Toothed_Spruce_Bark_Beetle",26.03,60.44
"Eight-Toothed_Spruce_Bark_Beetle",24.96,60.27
"Eight-Toothed_Spruce_Bark_Beetle",25.46,62.84
"Eight-Toothed_Spruce_Bark_Beetle",27.47,67.14
"Eight-Toothed_Spruce_Bark_Beetle",24.936,60.171
"Eight-Toothed_Spruce_Bark_Beetle",24.96,60.27
"Eight-Toothed_Spruce_Bark_Beetle",26.03,60.44
"Eight-Toothed_Spruce_Bark_Beetle",25.024,60.251
"Eight-Toothed_Spruce_Bark_Beetle",25.024,60.251
"Eight-Toothed_Spruce_Bark_Beetle",24.4,60.41
"Eight-Toothed_Spruce_Bark_Beetle",23.5,60.1
"Eight-Toothed_Spruce_Bark_Beetle",23.87,60.14
"Eight-Toothed_Spruce_Bark_Beetle",29.18,63.21
"Eight-Toothed_Spruce_Bark_Beetle",30.11,66.27
"Eight-Toothed_Spruce_Bark_Beetle",28.414396,61.08122
"Eight-Toothed_Spruce_Bark_Beetle",28.526828,61.106924
"Eight-Toothed_Spruce_Bark_Beetle",28.307695,61.189999
"Eight-Toothed_Spruce_Bark_Beetle",28.265485,61.064746
"Eight-Toothed_Spruce_Bark_Beetle",28.417607,61.152991
"Eight-Toothed_Spruce_Bark_Beetle",28.417607,61.152991
"Eight-Toothed_Spruce_Bark_Beetle",28.613118,60.980257
"Eight-Toothed_Spruce_Bark_Beetle",27.647233,61.172327
"Eight-Toothed_Spruce_Bark_Beetle",25.533,62.083
"Eight-Toothed_Spruce_Bark_Beetle",23.194361,59.938772
"Eight-Toothed_Spruce_Bark_Beetle",27.609945,68.617364
"Eight-Toothed_Spruce_Bark_Beetle",25.6784,66.5079
"Eight-Toothed_Spruce_Bark_Beetle",25.29,60.31
"Eight-Toothed_Spruce_Bark_Beetle",29.25,60.3
"Eight-Toothed_Spruce_Bark_Beetle",25.29,60.31
"Eight-Toothed_Spruce_Bark_Beetle",30.11,66.27
"Eight-Toothed_Spruce_Bark_Beetle",25.29,60.31
"Eight-Toothed_Spruce_Bark_Beetle",29.18,63.21
"Eight-Toothed_Spruce_Bark_Beetle",23.54,61.06
"Eight-Toothed_Spruce_Bark_Beetle",29.25,60.3
"Eight-Toothed_Spruce_Bark_Beetle",29.25,60.3
"Eight-Toothed_Spruce_Bark_Beetle",30.11,66.27
"Eight-Toothed_Spruce_Bark_Beetle",29.25,60.3
"Eight-Toothed_Spruce_Bark_Beetle",24.5616,62.0473
"Eight-Toothed_Spruce_Bark_Beetle",25.1937,61.8791
"Eight-Toothed_Spruce_Bark_Beetle",25.697,66.4998
"Eight-Toothed_Spruce_Bark_Beetle",23.125,60.2
"Eight-Toothed_Spruce_Bark_Beetle",23.125,60.2
"Eight-Toothed_Spruce_Bark_Beetle",23.125,60.2
"Eight-Toothed_Spruce_Bark_Beetle",23.125,60.2
"Eight-Toothed_Spruce_Bark_Beetle",23.125,60.2
"Eight-Toothed_Spruce_Bark_Beetle",17.73989,59.94304
"Eight-Toothed_Spruce_Bark_Beetle",20.31161,63.75061
"Eight-Toothed_Spruce_Bark_Beetle",14.80731,59.43081
"Eight-Toothed_Spruce_Bark_Beetle",16.88768,58.26883
"Eight-Toothed_Spruce_Bark_Beetle",13.69014,58.49353
"Eight-Toothed_Spruce_Bark_Beetle",18.93263,59.86716
"Eight-Toothed_Spruce_Bark_Beetle",16.88514,58.26783
"Eight-Toothed_Spruce_Bark_Beetle",14.53393,56.89423
"Eight-Toothed_Spruce_Bark_Beetle",13.68293,61.19516
"Eight-Toothed_Spruce_Bark_Beetle",17.6922,59.25396
"Eight-Toothed_Spruce_Bark_Beetle",15.94649,58.67753
"Eight-Toothed_Spruce_Bark_Beetle",16.32779,59.26863
"Eight-Toothed_Spruce_Bark_Beetle",16.13869,57.81253
"Eight-Toothed_Spruce_Bark_Beetle",19.01272,64.68637
"Eight-Toothed_Spruce_Bark_Beetle",18.41271,59.93624
"Eight-Toothed_Spruce_Bark_Beetle",16.31253,58.89637
"Eight-Toothed_Spruce_Bark_Beetle",13.69014,58.49353
"Eight-Toothed_Spruce_Bark_Beetle",18.41271,59.93624
"Eight-Toothed_Spruce_Bark_Beetle",20.30915,63.74878
"Eight-Toothed_Spruce_Bark_Beetle",16.03207,59.87751
"Eight-Toothed_Spruce_Bark_Beetle",17.33961,59.76
"Eight-Toothed_Spruce_Bark_Beetle",14.54555,56.8874
"Eight-Toothed_Spruce_Bark_Beetle",18.13077,59.53872
"Eight-Toothed_Spruce_Bark_Beetle",17.97471,59.17828
"Eight-Toothed_Spruce_Bark_Beetle",19.01141,64.68699
"Eight-Toothed_Spruce_Bark_Beetle",18.25307,59.59231
"Eight-Toothed_Spruce_Bark_Beetle",18.41558,59.94003
"Eight-Toothed_Spruce_Bark_Beetle",18.41375,59.93795
"Eight-Toothed_Spruce_Bark_Beetle",15.2277,59.21502
"Eight-Toothed_Spruce_Bark_Beetle",20.30897,63.7488
"Eight-Toothed_Spruce_Bark_Beetle",14.54575,56.88795
"Eight-Toothed_Spruce_Bark_Beetle",14.53393,56.89423
"Eight-Toothed_Spruce_Bark_Beetle",14.91051,58.19458
"Eight-Toothed_Spruce_Bark_Beetle",16.10924,56.90288
"Eight-Toothed_Spruce_Bark_Beetle",11.96657,57.85245
"Eight-Toothed_Spruce_Bark_Beetle",18.41271,59.93624
"Eight-Toothed_Spruce_Bark_Beetle",18.41586,59.93311
"Eight-Toothed_Spruce_Bark_Beetle",15.73367,59.98159
"Eight-Toothed_Spruce_Bark_Beetle",14.98021,59.52564
"Eight-Toothed_Spruce_Bark_Beetle",15.85028,58.84935
"Eight-Toothed_Spruce_Bark_Beetle",18.80855,59.95314
"Eight-Toothed_Spruce_Bark_Beetle",18.41271,59.93624
"Eight-Toothed_Spruce_Bark_Beetle",16.24344,58.90448
"Eight-Toothed_Spruce_Bark_Beetle",16.73865,58.07374
"Eight-Toothed_Spruce_Bark_Beetle",14.84328,59.44979
"Eight-Toothed_Spruce_Bark_Beetle",20.31171,63.75123
"Eight-Toothed_Spruce_Bark_Beetle",16.25829,58.97158
"Eight-Toothed_Spruce_Bark_Beetle",13.83226,61.08457
"Eight-Toothed_Spruce_Bark_Beetle",12.59615,59.93066
"Eight-Toothed_Spruce_Bark_Beetle",18.41593,59.94382
"Eight-Toothed_Spruce_Bark_Beetle",17.69531,59.24947
"Eight-Toothed_Spruce_Bark_Beetle",17.12459,64.38915
"Eight-Toothed_Spruce_Bark_Beetle",17.70829,59.90911
"Eight-Toothed_Spruce_Bark_Beetle",12.56643,57.97148
"Eight-Toothed_Spruce_Bark_Beetle",17.52867,59.83471
"Eight-Toothed_Spruce_Bark_Beetle",13.24022,56.00353
"Eight-Toothed_Spruce_Bark_Beetle",19.01184,64.68686
"Eight-Toothed_Spruce_Bark_Beetle",14.55122,56.45572
"Eight-Toothed_Spruce_Bark_Beetle",16.26529,58.96859
"Eight-Toothed_Spruce_Bark_Beetle",16.74116,58.07505
"Eight-Toothed_Spruce_Bark_Beetle",16.43641,58.04566
"Eight-Toothed_Spruce_Bark_Beetle",17.12405,63.31012
"Eight-Toothed_Spruce_Bark_Beetle",15.46703,56.10958
"Eight-Toothed_Spruce_Bark_Beetle",15.12073,59.29524
"Eight-Toothed_Spruce_Bark_Beetle",17.12102,63.3047
"Eight-Toothed_Spruce_Bark_Beetle",17.12355,63.30991
"Eight-Toothed_Spruce_Bark_Beetle",17.56283,60.59394
"Eight-Toothed_Spruce_Bark_Beetle",17.24868,59.70968
"Eight-Toothed_Spruce_Bark_Beetle",18.41558,59.94003
"Eight-Toothed_Spruce_Bark_Beetle",18.32312,59.77609
"Eight-Toothed_Spruce_Bark_Beetle",16.43641,58.04566
"Eight-Toothed_Spruce_Bark_Beetle",18.41593,59.94382
"Eight-Toothed_Spruce_Bark_Beetle",17.65693,59.77011
"Eight-Toothed_Spruce_Bark_Beetle",16.69525,59.07562
"Eight-Toothed_Spruce_Bark_Beetle",15.12013,59.29283
"Eight-Toothed_Spruce_Bark_Beetle",17.73993,59.94307
"Eight-Toothed_Spruce_Bark_Beetle",16.31412,59.27514
"Eight-Toothed_Spruce_Bark_Beetle",18.1329,59.54089
"Eight-Toothed_Spruce_Bark_Beetle",15.53293,62.53755
"Eight-Toothed_Spruce_Bark_Beetle",15.03086,61.36355
"Eight-Toothed_Spruce_Bark_Beetle",17.56501,59.77321
"Eight-Toothed_Spruce_Bark_Beetle",16.83193,59.04409
"Eight-Toothed_Spruce_Bark_Beetle",15.62279,58.99098
"Eight-Toothed_Spruce_Bark_Beetle",18.64052,59.83798
"Eight-Toothed_Spruce_Bark_Beetle",15.06336,59.32096
"Eight-Toothed_Spruce_Bark_Beetle",15.10949,59.29254
"Eight-Toothed_Spruce_Bark_Beetle",18.41436,59.93864
"Eight-Toothed_Spruce_Bark_Beetle",18.13784,59.54093
"Eight-Toothed_Spruce_Bark_Beetle",16.05502,56.98025
"Eight-Toothed_Spruce_Bark_Beetle",18.32312,59.77609
"Eight-Toothed_Spruce_Bark_Beetle",12.55841,57.34556
"Eight-Toothed_Spruce_Bark_Beetle",17.08889,61.74234
"Eight-Toothed_Spruce_Bark_Beetle",15.03838,59.32593
"Eight-Toothed_Spruce_Bark_Beetle",16.32659,58.8258
"Eight-Toothed_Spruce_Bark_Beetle",20.31161,63.75061
"Eight-Toothed_Spruce_Bark_Beetle",13.69003,58.49682
"Eight-Toothed_Spruce_Bark_Beetle",12.16034,59.80207
"Eight-Toothed_Spruce_Bark_Beetle",18.4121,59.93773
"Eight-Toothed_Spruce_Bark_Beetle",14.54575,56.88795
"Eight-Toothed_Spruce_Bark_Beetle",18.41586,59.93311
"Eight-Toothed_Spruce_Bark_Beetle",18.41375,59.93795
"Eight-Toothed_Spruce_Bark_Beetle",18.41328,59.93905
"Eight-Toothed_Spruce_Bark_Beetle",16.3026,58.95827
"Eight-Toothed_Spruce_Bark_Beetle",18.41593,59.94382
"Eight-Toothed_Spruce_Bark_Beetle",20.31171,63.75123
"Eight-Toothed_Spruce_Bark_Beetle",20.31161,63.75061
"Eight-Toothed_Spruce_Bark_Beetle",16.20744,59.82536
"Eight-Toothed_Spruce_Bark_Beetle",12.9805,59.6573
"Eight-Toothed_Spruce_Bark_Beetle",18.32312,59.77609
"Eight-Toothed_Spruce_Bark_Beetle",15.12051,59.29351
"Eight-Toothed_Spruce_Bark_Beetle",18.12906,59.54038
"Eight-Toothed_Spruce_Bark_Beetle",18.41271,59.93624
"Eight-Toothed_Spruce_Bark_Beetle",18.4121,59.93773
"Eight-Toothed_Spruce_Bark_Beetle",13.87977,58.36252
"Eight-Toothed_Spruce_Bark_Beetle",16.26986,58.16003
"Eight-Toothed_Spruce_Bark_Beetle",16.941853,51.111748
"Eight-Toothed_Spruce_Bark_Beetle",3.88203,51.019688
"Eight-Toothed_Spruce_Bark_Beetle",56.584115,55.442695
"Eight-Toothed_Spruce_Bark_Beetle",7.905127,50.881622
"Eight-Toothed_Spruce_Bark_Beetle",13.4,56.74
"Eight-Toothed_Spruce_Bark_Beetle",19.72,64.2
"Eight-Toothed_Spruce_Bark_Beetle",18.13,60.35
"Eight-Toothed_Spruce_Bark_Beetle",14.63,60.97
"Eight-Toothed_Spruce_Bark_Beetle",13.4,56.74
"Eight-Toothed_Spruce_Bark_Beetle",14.63,60.97
"Eight-Toothed_Spruce_Bark_Beetle",19.72,64.2
"Eight-Toothed_Spruce_Bark_Beetle",18.13,60.35
"Eight-Toothed_Spruce_Bark_Beetle",18.13,60.35
"Eight-Toothed_Spruce_Bark_Beetle",18.13,60.35
"Eight-Toothed_Spruce_Bark_Beetle",19.72,64.2
"Eight-Toothed_Spruce_Bark_Beetle",14.63,60.97
"Eight-Toothed_Spruce_Bark_Beetle",19.72,64.2
"Eight-Toothed_Spruce_Bark_Beetle",14.63,60.97
"Eight-Toothed_Spruce_Bark_Beetle",13.4,56.74
"Eight-Toothed_Spruce_Bark_Beetle",10.86,50.3
"Eight-Toothed_Spruce_Bark_Beetle",11.26,51.3
"Eight-Toothed_Spruce_Bark_Beetle",10.69,50.69
"Eight-Toothed_Spruce_Bark_Beetle",12.42,46.79
"Eight-Toothed_Spruce_Bark_Beetle",12.41,46.8
"Eight-Toothed_Spruce_Bark_Beetle",11.26,51.3
"Eight-Toothed_Spruce_Bark_Beetle",10.67,51.77
"Eight-Toothed_Spruce_Bark_Beetle",10.93,51.83
"Eight-Toothed_Spruce_Bark_Beetle",3.859,44.473
"Eight-Toothed_Spruce_Bark_Beetle",13.4,56.74
"Eight-Toothed_Spruce_Bark_Beetle",13.48,50.68
"Eight-Toothed_Spruce_Bark_Beetle",10.64,50.76
"Eight-Toothed_Spruce_Bark_Beetle",10.86,50.3
"Eight-Toothed_Spruce_Bark_Beetle",13.48,50.68
"Eight-Toothed_Spruce_Bark_Beetle",24.7,60.16
"Eight-Toothed_Spruce_Bark_Beetle",24.72,60.15
"Eight-Toothed_Spruce_Bark_Beetle",10.495026,60.068592
"Eight-Toothed_Spruce_Bark_Beetle",24.924802,55.18615
"Eight-Toothed_Spruce_Bark_Beetle",9.829878,59.066186
"Eight-Toothed_Spruce_Bark_Beetle",10.962923,59.325252
"Eight-Toothed_Spruce_Bark_Beetle",20.446641,54.778705
"Eight-Toothed_Spruce_Bark_Beetle",10.546642,51.844283
"Eight-Toothed_Spruce_Bark_Beetle",14.973928,48.910847
"Eight-Toothed_Spruce_Bark_Beetle",25.199461,60.353256
"Eight-Toothed_Spruce_Bark_Beetle",7.066139,58.0641
"Eight-Toothed_Spruce_Bark_Beetle",8.68553,50.14393
"Eight-Toothed_Spruce_Bark_Beetle",8.7346,46.48943
"Eight-Toothed_Spruce_Bark_Beetle",8.85016,46.42507
"Eight-Toothed_Spruce_Bark_Beetle",8.91764,46.51418
"Eight-Toothed_Spruce_Bark_Beetle",9.27883,46.78784
"Eight-Toothed_Spruce_Bark_Beetle",8.6701,46.51713
"Eight-Toothed_Spruce_Bark_Beetle",8.6701,46.51713
"Eight-Toothed_Spruce_Bark_Beetle",8.91764,46.51418
"Eight-Toothed_Spruce_Bark_Beetle",7.4452,46.94659
"Eight-Toothed_Spruce_Bark_Beetle",8.60515,46.52682
"Eight-Toothed_Spruce_Bark_Beetle",8.62864,46.40962
"Eight-Toothed_Spruce_Bark_Beetle",7.19742,46.55053
"Eight-Toothed_Spruce_Bark_Beetle",9.02812,45.83789
"Eight-Toothed_Spruce_Bark_Beetle",9.27883,46.78784
"Eight-Toothed_Spruce_Bark_Beetle",8.7346,46.48943
"Eight-Toothed_Spruce_Bark_Beetle",8.79949,46.47967
"Eight-Toothed_Spruce_Bark_Beetle",7.28859,46.58667
"Eight-Toothed_Spruce_Bark_Beetle",9.02812,45.83789
"Eight-Toothed_Spruce_Bark_Beetle",7.4713,46.65873
"Eight-Toothed_Spruce_Bark_Beetle",8.77322,46.47099
"Eight-Toothed_Spruce_Bark_Beetle",8.60515,46.52682
"Eight-Toothed_Spruce_Bark_Beetle",8.6701,46.51713
"Eight-Toothed_Spruce_Bark_Beetle",8.77322,46.47099
"Eight-Toothed_Spruce_Bark_Beetle",8.5444,47.38204
"Eight-Toothed_Spruce_Bark_Beetle",8.6701,46.51713
"Eight-Toothed_Spruce_Bark_Beetle",7.4713,46.65873
"Eight-Toothed_Spruce_Bark_Beetle",7.4713,46.65873
"Eight-Toothed_Spruce_Bark_Beetle",7.00423,46.25309
"Eight-Toothed_Spruce_Bark_Beetle",7.4713,46.65873
"Eight-Toothed_Spruce_Bark_Beetle",7.63988,46.31672
"Eight-Toothed_Spruce_Bark_Beetle",8.93664,46.72987
"Eight-Toothed_Spruce_Bark_Beetle",9.53002,46.84651
"Eight-Toothed_Spruce_Bark_Beetle",6.70147,46.58437
"Eight-Toothed_Spruce_Bark_Beetle",8.7346,46.48943
"Eight-Toothed_Spruce_Bark_Beetle",8.62864,46.40962
"Eight-Toothed_Spruce_Bark_Beetle",8.91764,46.51418
"Eight-Toothed_Spruce_Bark_Beetle",8.5444,47.38204
"Eight-Toothed_Spruce_Bark_Beetle",8.93664,46.72987
"Eight-Toothed_Spruce_Bark_Beetle",6.46745,46.53763
"Eight-Toothed_Spruce_Bark_Beetle",8.77322,46.47099
"Eight-Toothed_Spruce_Bark_Beetle",9.02812,45.83789
"Eight-Toothed_Spruce_Bark_Beetle",8.5444,47.38204
"Eight-Toothed_Spruce_Bark_Beetle",8.5444,47.38204
"Eight-Toothed_Spruce_Bark_Beetle",7.4452,46.94659
"Eight-Toothed_Spruce_Bark_Beetle",8.60515,46.52682
"Eight-Toothed_Spruce_Bark_Beetle",8.83947,46.51517
"Eight-Toothed_Spruce_Bark_Beetle",9.02812,45.83789
"Eight-Toothed_Spruce_Bark_Beetle",7.4452,46.94659
"Eight-Toothed_Spruce_Bark_Beetle",7.74746,46.97316
"Eight-Toothed_Spruce_Bark_Beetle",7.4452,46.94659
"Eight-Toothed_Spruce_Bark_Beetle",8.5444,47.38204
"Eight-Toothed_Spruce_Bark_Beetle",8.77322,46.47099
"Eight-Toothed_Spruce_Bark_Beetle",8.77322,46.47099
"Eight-Toothed_Spruce_Bark_Beetle",8.62864,46.40962
"Eight-Toothed_Spruce_Bark_Beetle",8.6701,46.51713
"Eight-Toothed_Spruce_Bark_Beetle",8.65546,46.44532
"Eight-Toothed_Spruce_Bark_Beetle",8.62864,46.40962
"Eight-Toothed_Spruce_Bark_Beetle",8.90097,46.37944
"Eight-Toothed_Spruce_Bark_Beetle",8.91764,46.51418
"Eight-Toothed_Spruce_Bark_Beetle",9.02812,45.83789
"Eight-Toothed_Spruce_Bark_Beetle",9.02812,45.83789
"Eight-Toothed_Spruce_Bark_Beetle",8.77322,46.47099
"Eight-Toothed_Spruce_Bark_Beetle",8.85016,46.42507
"Eight-Toothed_Spruce_Bark_Beetle",8.54695,46.23051
"Eight-Toothed_Spruce_Bark_Beetle",9.02812,45.83789
"Eight-Toothed_Spruce_Bark_Beetle",7.62699,46.34373
"Eight-Toothed_Spruce_Bark_Beetle",10.07639,46.7542
"Eight-Toothed_Spruce_Bark_Beetle",6.42801,46.55528
"Eight-Toothed_Spruce_Bark_Beetle",8.77322,46.47099
"Eight-Toothed_Spruce_Bark_Beetle",8.79949,46.47967
"Eight-Toothed_Spruce_Bark_Beetle",8.91764,46.51418
"Eight-Toothed_Spruce_Bark_Beetle",7.74746,46.97316
"Eight-Toothed_Spruce_Bark_Beetle",8.77322,46.47099
"Eight-Toothed_Spruce_Bark_Beetle",8.60515,46.52682
"Eight-Toothed_Spruce_Bark_Beetle",8.6701,46.51713
"Eight-Toothed_Spruce_Bark_Beetle",7.24891,46.73953
"Eight-Toothed_Spruce_Bark_Beetle",7.26217,46.68558
"Eight-Toothed_Spruce_Bark_Beetle",7.4452,46.94659
"Eight-Toothed_Spruce_Bark_Beetle",7.4452,46.94659
"Eight-Toothed_Spruce_Bark_Beetle",7.4452,46.94659
"Eight-Toothed_Spruce_Bark_Beetle",8.60515,46.52682
"Eight-Toothed_Spruce_Bark_Beetle",8.77322,46.47099
"Eight-Toothed_Spruce_Bark_Beetle",8.83947,46.51517
"Eight-Toothed_Spruce_Bark_Beetle",8.7346,46.48943
"Eight-Toothed_Spruce_Bark_Beetle",7.2475,47.13532
"Eight-Toothed_Spruce_Bark_Beetle",8.5444,47.38204
"Eight-Toothed_Spruce_Bark_Beetle",8.85016,46.42507
"Eight-Toothed_Spruce_Bark_Beetle",8.91764,46.51418
"Eight-Toothed_Spruce_Bark_Beetle",8.6701,46.51713
"Eight-Toothed_Spruce_Bark_Beetle",7.4713,46.65873
"Eight-Toothed_Spruce_Bark_Beetle",9.55588,46.83703
"Eight-Toothed_Spruce_Bark_Beetle",7.12246,45.99261
"Eight-Toothed_Spruce_Bark_Beetle",8.60515,46.52682
"Eight-Toothed_Spruce_Bark_Beetle",8.77322,46.47099
"Eight-Toothed_Spruce_Bark_Beetle",8.6701,46.51713
"Eight-Toothed_Spruce_Bark_Beetle",7.63988,46.31672
"Eight-Toothed_Spruce_Bark_Beetle",8.60515,46.52682
"Eight-Toothed_Spruce_Bark_Beetle",8.77322,46.47099
"Eight-Toothed_Spruce_Bark_Beetle",8.77322,46.47099
"Eight-Toothed_Spruce_Bark_Beetle",8.7346,46.48943
"Eight-Toothed_Spruce_Bark_Beetle",8.54695,46.23051
"Eight-Toothed_Spruce_Bark_Beetle",8.6701,46.51713
"Eight-Toothed_Spruce_Bark_Beetle",9.02812,45.83789
"Eight-Toothed_Spruce_Bark_Beetle",7.12246,45.99261
"Eight-Toothed_Spruce_Bark_Beetle",8.26009,46.97963
"Eight-Toothed_Spruce_Bark_Beetle",8.60515,46.52682
"Eight-Toothed_Spruce_Bark_Beetle",8.77322,46.47099
"Eight-Toothed_Spruce_Bark_Beetle",8.77322,46.47099
"Eight-Toothed_Spruce_Bark_Beetle",8.6701,46.51713
"Eight-Toothed_Spruce_Bark_Beetle",8.77322,46.47099
"Eight-Toothed_Spruce_Bark_Beetle",8.77322,46.47099
"Eight-Toothed_Spruce_Bark_Beetle",7.74746,46.97316
"Eight-Toothed_Spruce_Bark_Beetle",8.5444,47.38204
"Eight-Toothed_Spruce_Bark_Beetle",7.12246,45.99261
"Eight-Toothed_Spruce_Bark_Beetle",6.89771,46.5315
"Eight-Toothed_Spruce_Bark_Beetle",7.4452,46.94659
"Eight-Toothed_Spruce_Bark_Beetle",9.84237,46.49838
"Eight-Toothed_Spruce_Bark_Beetle",8.5444,47.38204
"Eight-Toothed_Spruce_Bark_Beetle",10.523943,63.344387
"Eight-Toothed_Spruce_Bark_Beetle",27.189267,63.649688
"Eight-Toothed_Spruce_Bark_Beetle",7.27519,46.70359
"Eight-Toothed_Spruce_Bark_Beetle",8.06547,47.19674
"Eight-Toothed_Spruce_Bark_Beetle",7.27519,46.70359
"Eight-Toothed_Spruce_Bark_Beetle",7.27519,46.70359
"Eight-Toothed_Spruce_Bark_Beetle",7.21,46.6585
"Eight-Toothed_Spruce_Bark_Beetle",8.60604,47.7772
"Eight-Toothed_Spruce_Bark_Beetle",7.27533,46.65862
"Eight-Toothed_Spruce_Bark_Beetle",8.06547,47.19674
"Eight-Toothed_Spruce_Bark_Beetle",6.94993,46.52274
"Eight-Toothed_Spruce_Bark_Beetle",6.94993,46.52274
"Eight-Toothed_Spruce_Bark_Beetle",7.27519,46.70359
"Eight-Toothed_Spruce_Bark_Beetle",7.27519,46.70359
"Eight-Toothed_Spruce_Bark_Beetle",7.21,46.6585
"Eight-Toothed_Spruce_Bark_Beetle",6.94952,46.56772
"Eight-Toothed_Spruce_Bark_Beetle",23.477612,54.901044
"Eight-Toothed_Spruce_Bark_Beetle",16.50176,56.64571
"Eight-Toothed_Spruce_Bark_Beetle",18.12847,59.01817
"Eight-Toothed_Spruce_Bark_Beetle",17.56497,59.77312
"Eight-Toothed_Spruce_Bark_Beetle",16.19048,58.15192
"Eight-Toothed_Spruce_Bark_Beetle",18.25623,59.59461
"Eight-Toothed_Spruce_Bark_Beetle",18.98278,65.51789
"Eight-Toothed_Spruce_Bark_Beetle",18.1888,59.58129
"Eight-Toothed_Spruce_Bark_Beetle",16.07051,57.00947
"Eight-Toothed_Spruce_Bark_Beetle",17.92071,59.43896
"Eight-Toothed_Spruce_Bark_Beetle",16.0742,59.78176
"Eight-Toothed_Spruce_Bark_Beetle",16.63987,58.81592
"Eight-Toothed_Spruce_Bark_Beetle",16.64093,58.81742
"Eight-Toothed_Spruce_Bark_Beetle",17.14996,58.97577
"Eight-Toothed_Spruce_Bark_Beetle",17.36105,59.61296
"Eight-Toothed_Spruce_Bark_Beetle",16.63904,58.81616
"Eight-Toothed_Spruce_Bark_Beetle",18.21411,59.56041
"Eight-Toothed_Spruce_Bark_Beetle",20.57028,63.79636
"Eight-Toothed_Spruce_Bark_Beetle",16.64093,58.81742
"Eight-Toothed_Spruce_Bark_Beetle",18.13825,59.55023
"Eight-Toothed_Spruce_Bark_Beetle",18.18165,59.55141
"Eight-Toothed_Spruce_Bark_Beetle",18.23945,59.59551
"Eight-Toothed_Spruce_Bark_Beetle",16.63987,58.81592
"Eight-Toothed_Spruce_Bark_Beetle",16.24464,58.92155
"Eight-Toothed_Spruce_Bark_Beetle",17.35,59.95805
"Eight-Toothed_Spruce_Bark_Beetle",16.34786,59.13126
"Eight-Toothed_Spruce_Bark_Beetle",16.92867,58.77178
"Eight-Toothed_Spruce_Bark_Beetle",17.77461,59.99359
"Eight-Toothed_Spruce_Bark_Beetle",16.31248,58.89689
"Eight-Toothed_Spruce_Bark_Beetle",18.25185,59.59296
"Eight-Toothed_Spruce_Bark_Beetle",20.28068,63.77391
"Eight-Toothed_Spruce_Bark_Beetle",15.02176,60.28901
"Eight-Toothed_Spruce_Bark_Beetle",17.09226,58.73131
"Eight-Toothed_Spruce_Bark_Beetle",10.919924,47.135683
"Eight-Toothed_Spruce_Bark_Beetle",10.919813,47.135757
"Eight-Toothed_Spruce_Bark_Beetle",14.549464,50.709593
"Eight-Toothed_Spruce_Bark_Beetle",9.059231,58.733446
"Eight-Toothed_Spruce_Bark_Beetle",56.556775,55.426702
"Eight-Toothed_Spruce_Bark_Beetle",11.258094,46.05189
"Eight-Toothed_Spruce_Bark_Beetle",23.828796,61.442921
"Eight-Toothed_Spruce_Bark_Beetle",20.126204,54.937276
"Eight-Toothed_Spruce_Bark_Beetle",23.737337,54.931333
"Eight-Toothed_Spruce_Bark_Beetle",57.708219,54.983371
"Eight-Toothed_Spruce_Bark_Beetle",37.300212,55.929173
"Eight-Toothed_Spruce_Bark_Beetle",18.6758,64.59565
"Eight-Toothed_Spruce_Bark_Beetle",16.20667,59.83003
"Eight-Toothed_Spruce_Bark_Beetle",15.60507,56.3231
"Eight-Toothed_Spruce_Bark_Beetle",21.54742,65.95794
"Eight-Toothed_Spruce_Bark_Beetle",20.26153,63.72223
"Eight-Toothed_Spruce_Bark_Beetle",21.09163,66.06257
"Eight-Toothed_Spruce_Bark_Beetle",22.29438,66.00618
"Eight-Toothed_Spruce_Bark_Beetle",21.54742,65.95734
"Eight-Toothed_Spruce_Bark_Beetle",17.96949,59.07749
"Eight-Toothed_Spruce_Bark_Beetle",14.76474,58.7812
"Eight-Toothed_Spruce_Bark_Beetle",20.49233,64.31432
"Eight-Toothed_Spruce_Bark_Beetle",14.34428,57.15923
"Eight-Toothed_Spruce_Bark_Beetle",14.79544,58.76879
"Eight-Toothed_Spruce_Bark_Beetle",14.42087,57.45622
"Eight-Toothed_Spruce_Bark_Beetle",14.47751,58.88161
"Eight-Toothed_Spruce_Bark_Beetle",14.76474,58.7812
"Eight-Toothed_Spruce_Bark_Beetle",14.29966,57.54058
"Eight-Toothed_Spruce_Bark_Beetle",14.31014,57.53623
"Eight-Toothed_Spruce_Bark_Beetle",14.36579,57.1728
"Eight-Toothed_Spruce_Bark_Beetle",13.73884,57.5791
"Eight-Toothed_Spruce_Bark_Beetle",14.34428,57.15923
"Eight-Toothed_Spruce_Bark_Beetle",14.36579,57.1728
"Eight-Toothed_Spruce_Bark_Beetle",14.40396,59.00713
"Eight-Toothed_Spruce_Bark_Beetle",14.47751,58.88161
"Eight-Toothed_Spruce_Bark_Beetle",14.32098,57.5208
"Eight-Toothed_Spruce_Bark_Beetle",13.2721,57.30778
"Eight-Toothed_Spruce_Bark_Beetle",14.39864,59.0151
"Eight-Toothed_Spruce_Bark_Beetle",14.9887,59.4913
"Eight-Toothed_Spruce_Bark_Beetle",13.61618,62.2656
"Eight-Toothed_Spruce_Bark_Beetle",14.42854,59.19865
"Eight-Toothed_Spruce_Bark_Beetle",14.31014,57.53623
"Eight-Toothed_Spruce_Bark_Beetle",14.09758,56.85409
"Eight-Toothed_Spruce_Bark_Beetle",14.98992,59.47873
"Eight-Toothed_Spruce_Bark_Beetle",14.97176,59.47217
"Eight-Toothed_Spruce_Bark_Beetle",14.97176,59.47217
"Eight-Toothed_Spruce_Bark_Beetle",14.31499,57.52687
"Eight-Toothed_Spruce_Bark_Beetle",14.9887,59.4913
"Eight-Toothed_Spruce_Bark_Beetle",19.49419,64.56622
"Eight-Toothed_Spruce_Bark_Beetle",13.30906,57.4798
"Eight-Toothed_Spruce_Bark_Beetle",13.86047,57.67662
"Eight-Toothed_Spruce_Bark_Beetle",14.42153,57.44437
"Eight-Toothed_Spruce_Bark_Beetle",20.44716,63.79712
"Eight-Toothed_Spruce_Bark_Beetle",14.32444,57.54118
"Eight-Toothed_Spruce_Bark_Beetle",17.56283,60.59394
"Eight-Toothed_Spruce_Bark_Beetle",14.09433,57.83293
"Eight-Toothed_Spruce_Bark_Beetle",20.44725,63.79443
"Eight-Toothed_Spruce_Bark_Beetle",20.49233,64.31432
"Eight-Toothed_Spruce_Bark_Beetle",13.32398,57.48843
"Eight-Toothed_Spruce_Bark_Beetle",13.32398,57.48843
"Eight-Toothed_Spruce_Bark_Beetle",15.0297,59.31123
"Eight-Toothed_Spruce_Bark_Beetle",19.49443,64.56585
"Eight-Toothed_Spruce_Bark_Beetle",20.44722,63.79624
"Eight-Toothed_Spruce_Bark_Beetle",14.47049,59.13291
"Eight-Toothed_Spruce_Bark_Beetle",14.5726,59.17824
"Eight-Toothed_Spruce_Bark_Beetle",18.20178,59.55536
"Eight-Toothed_Spruce_Bark_Beetle",14.47049,59.13291
"Eight-Toothed_Spruce_Bark_Beetle",17.59012,59.82877
"Eight-Toothed_Spruce_Bark_Beetle",19.27995,64.55068
"Eight-Toothed_Spruce_Bark_Beetle",16.99147,59.39521
"Eight-Toothed_Spruce_Bark_Beetle",19.27995,64.55068
"Eight-Toothed_Spruce_Bark_Beetle",20.02875,64.60344
"Eight-Toothed_Spruce_Bark_Beetle",16.99096,58.72482
"Eight-Toothed_Spruce_Bark_Beetle",15.65368,56.22875
"Eight-Toothed_Spruce_Bark_Beetle",11.330666,47.765233
"Eight-Toothed_Spruce_Bark_Beetle",9.20026,47.58981
"Eight-Toothed_Spruce_Bark_Beetle",10.523943,63.344387
"Eight-Toothed_Spruce_Bark_Beetle",10.77893,47.536906
"Eight-Toothed_Spruce_Bark_Beetle",8.52914,47.28324
"Eight-Toothed_Spruce_Bark_Beetle",7.21019,46.61352
"Eight-Toothed_Spruce_Bark_Beetle",7.21,46.6585
"Eight-Toothed_Spruce_Bark_Beetle",7.79496,46.20839
"Eight-Toothed_Spruce_Bark_Beetle",7.0158,46.43305
"Eight-Toothed_Spruce_Bark_Beetle",8.66855,47.59667
"Eight-Toothed_Spruce_Bark_Beetle",7.14492,46.61337
"Eight-Toothed_Spruce_Bark_Beetle",7.21019,46.61352
"Eight-Toothed_Spruce_Bark_Beetle",7.07541,47.24284
"Eight-Toothed_Spruce_Bark_Beetle",8.18612,46.38641
"Eight-Toothed_Spruce_Bark_Beetle",7.21019,46.61352
"Eight-Toothed_Spruce_Bark_Beetle",7.0158,46.43305
"Eight-Toothed_Spruce_Bark_Beetle",7.21019,46.61352
"Eight-Toothed_Spruce_Bark_Beetle",27.31944,58.26666
"Eight-Toothed_Spruce_Bark_Beetle",27.31944,58.26666
"Eight-Toothed_Spruce_Bark_Beetle",26.1,58.0111
"Eight-Toothed_Spruce_Bark_Beetle",26.3194,59.4833
"Eight-Toothed_Spruce_Bark_Beetle",22.05277,57.97638
"Eight-Toothed_Spruce_Bark_Beetle",27.459722,58.1
"Eight-Toothed_Spruce_Bark_Beetle",22.825,58.3
"Eight-Toothed_Spruce_Bark_Beetle",25.57222,58.22083
"Eight-Toothed_Spruce_Bark_Beetle",22.08333,58.30611
"Eight-Toothed_Spruce_Bark_Beetle",21.966667,58.323611
"Eight-Toothed_Spruce_Bark_Beetle",23.258333,57.78888
"Eight-Toothed_Spruce_Bark_Beetle",23.691667,58.61667
"Eight-Toothed_Spruce_Bark_Beetle",24.8,58.7833
"Eight-Toothed_Spruce_Bark_Beetle",26.65,58.425
"Eight-Toothed_Spruce_Bark_Beetle",21.9635,58.32366
"Eight-Toothed_Spruce_Bark_Beetle",27.31944,58.26666
"Eight-Toothed_Spruce_Bark_Beetle",27.31944,58.26666
"Eight-Toothed_Spruce_Bark_Beetle",27.31944,58.26666
"Eight-Toothed_Spruce_Bark_Beetle",26.3194,59.4833
"Eight-Toothed_Spruce_Bark_Beetle",22.825,58.3
"Eight-Toothed_Spruce_Bark_Beetle",25.57222,58.22083
"Eight-Toothed_Spruce_Bark_Beetle",21.966667,58.323611
"Eight-Toothed_Spruce_Bark_Beetle",23.258333,57.78888
"Eight-Toothed_Spruce_Bark_Beetle",26.725,58.387222
"Eight-Toothed_Spruce_Bark_Beetle",26.775,58.506944
"Eight-Toothed_Spruce_Bark_Beetle",26.983333,58.356944
"Eight-Toothed_Spruce_Bark_Beetle",26.65,58.425
"Eight-Toothed_Spruce_Bark_Beetle",27.31944,58.26666
"Eight-Toothed_Spruce_Bark_Beetle",27.31944,58.26666
"Eight-Toothed_Spruce_Bark_Beetle",27.31944,58.26666
"Eight-Toothed_Spruce_Bark_Beetle",26.3194,59.4833
"Eight-Toothed_Spruce_Bark_Beetle",22.05277,57.97638
"Eight-Toothed_Spruce_Bark_Beetle",22.825,58.3
"Eight-Toothed_Spruce_Bark_Beetle",25.908333,58.003889
"Eight-Toothed_Spruce_Bark_Beetle",22.08333,58.30611
"Eight-Toothed_Spruce_Bark_Beetle",23.24167,57.80278
"Eight-Toothed_Spruce_Bark_Beetle",23.258333,57.78888
"Eight-Toothed_Spruce_Bark_Beetle",26.775,58.506944
"Eight-Toothed_Spruce_Bark_Beetle",23.691667,58.61667
"Eight-Toothed_Spruce_Bark_Beetle",24.8,58.7833
"Eight-Toothed_Spruce_Bark_Beetle",27.31944,58.26666
"Eight-Toothed_Spruce_Bark_Beetle",27.31944,58.26666
"Eight-Toothed_Spruce_Bark_Beetle",27.31944,58.26666
"Eight-Toothed_Spruce_Bark_Beetle",27.31944,58.26666
"Eight-Toothed_Spruce_Bark_Beetle",25.95,59.25
"Eight-Toothed_Spruce_Bark_Beetle",26.1,58.0111
"Eight-Toothed_Spruce_Bark_Beetle",22.825,58.3
"Eight-Toothed_Spruce_Bark_Beetle",24.49444,58.2333
"Eight-Toothed_Spruce_Bark_Beetle",25.57222,58.22083
"Eight-Toothed_Spruce_Bark_Beetle",22.08333,58.30611
"Eight-Toothed_Spruce_Bark_Beetle",23.24167,57.80278
"Eight-Toothed_Spruce_Bark_Beetle",23.258333,57.78888
"Eight-Toothed_Spruce_Bark_Beetle",23.691667,58.61667
"Eight-Toothed_Spruce_Bark_Beetle",26.783333,58.3111
"Eight-Toothed_Spruce_Bark_Beetle",27.31944,58.26666
"Eight-Toothed_Spruce_Bark_Beetle",27.31944,58.26666
"Eight-Toothed_Spruce_Bark_Beetle",27.31944,58.26666
"Eight-Toothed_Spruce_Bark_Beetle",26.3194,59.4833
"Eight-Toothed_Spruce_Bark_Beetle",22.05277,57.97638
"Eight-Toothed_Spruce_Bark_Beetle",24.49444,58.2333
"Eight-Toothed_Spruce_Bark_Beetle",25.57222,58.22083
"Eight-Toothed_Spruce_Bark_Beetle",23.258333,57.78888
"Eight-Toothed_Spruce_Bark_Beetle",23.258333,57.78888
"Eight-Toothed_Spruce_Bark_Beetle",26.83611,58.430556
"Eight-Toothed_Spruce_Bark_Beetle",23.691667,58.61667
"Eight-Toothed_Spruce_Bark_Beetle",26.25639,58.88333
"Eight-Toothed_Spruce_Bark_Beetle",27.31944,58.26666
"Eight-Toothed_Spruce_Bark_Beetle",26.1,58.0111
"Eight-Toothed_Spruce_Bark_Beetle",22.05277,57.97638
"Eight-Toothed_Spruce_Bark_Beetle",26.44722,58.23333
"Eight-Toothed_Spruce_Bark_Beetle",25.57222,58.22083
"Eight-Toothed_Spruce_Bark_Beetle",22.08333,58.30611
"Eight-Toothed_Spruce_Bark_Beetle",21.966667,58.323611
"Eight-Toothed_Spruce_Bark_Beetle",23.258333,57.78888
"Eight-Toothed_Spruce_Bark_Beetle",26.41111,58.22778
"Eight-Toothed_Spruce_Bark_Beetle",26.8833,58.358333
"Eight-Toothed_Spruce_Bark_Beetle",23.691667,58.61667
"Eight-Toothed_Spruce_Bark_Beetle",26.25639,58.88333
"Eight-Toothed_Spruce_Bark_Beetle",27.31944,58.26666
"Eight-Toothed_Spruce_Bark_Beetle",27.31944,58.26666
"Eight-Toothed_Spruce_Bark_Beetle",27.31944,58.26666
"Eight-Toothed_Spruce_Bark_Beetle",26.7,58.23694
"Eight-Toothed_Spruce_Bark_Beetle",24.41666,58.9
"Eight-Toothed_Spruce_Bark_Beetle",26.3194,59.4833
"Eight-Toothed_Spruce_Bark_Beetle",22.05277,57.97638
"Eight-Toothed_Spruce_Bark_Beetle",25.57222,58.22083
"Eight-Toothed_Spruce_Bark_Beetle",22.08333,58.30611
"Eight-Toothed_Spruce_Bark_Beetle",23.258333,57.78888
"Eight-Toothed_Spruce_Bark_Beetle",26.41111,58.22778
"Eight-Toothed_Spruce_Bark_Beetle",26.83611,58.430556
"Eight-Toothed_Spruce_Bark_Beetle",23.691667,58.61667
"Eight-Toothed_Spruce_Bark_Beetle",24.8,58.7833
"Eight-Toothed_Spruce_Bark_Beetle",26.25639,58.88333
"Eight-Toothed_Spruce_Bark_Beetle",27.31944,58.26666
"Eight-Toothed_Spruce_Bark_Beetle",27.31944,58.26666
"Eight-Toothed_Spruce_Bark_Beetle",27.31944,58.26666
"Eight-Toothed_Spruce_Bark_Beetle",27.31944,58.26666
"Eight-Toothed_Spruce_Bark_Beetle",24.49444,58.2333
"Eight-Toothed_Spruce_Bark_Beetle",25.57222,58.22083
"Eight-Toothed_Spruce_Bark_Beetle",22.08333,58.30611
"Eight-Toothed_Spruce_Bark_Beetle",23.258333,57.78888
"Eight-Toothed_Spruce_Bark_Beetle",23.258333,57.78888
"Eight-Toothed_Spruce_Bark_Beetle",26.83611,58.430556
"Eight-Toothed_Spruce_Bark_Beetle",26.775,58.506944
"Eight-Toothed_Spruce_Bark_Beetle",25.57222,58.275
"Eight-Toothed_Spruce_Bark_Beetle",27.31944,58.26666
"Eight-Toothed_Spruce_Bark_Beetle",27.31944,58.26666
"Eight-Toothed_Spruce_Bark_Beetle",27.31944,58.26666
"Eight-Toothed_Spruce_Bark_Beetle",26.95556,57.63333
"Eight-Toothed_Spruce_Bark_Beetle",26.3194,59.4833
"Eight-Toothed_Spruce_Bark_Beetle",22.05277,57.97638
"Eight-Toothed_Spruce_Bark_Beetle",22.05277,57.97638
"Eight-Toothed_Spruce_Bark_Beetle",26.191667,59.191667
"Eight-Toothed_Spruce_Bark_Beetle",26.386111,58.491666
"Eight-Toothed_Spruce_Bark_Beetle",25.57222,58.22083
"Eight-Toothed_Spruce_Bark_Beetle",22.08333,58.30611
"Eight-Toothed_Spruce_Bark_Beetle",21.966667,58.323611
"Eight-Toothed_Spruce_Bark_Beetle",26.41111,58.22778
"Eight-Toothed_Spruce_Bark_Beetle",26.8833,58.358333
"Eight-Toothed_Spruce_Bark_Beetle",25.57222,58.22083
"Eight-Toothed_Spruce_Bark_Beetle",23.691667,58.61667
"Eight-Toothed_Spruce_Bark_Beetle",27.31944,58.26666
"Eight-Toothed_Spruce_Bark_Beetle",27.31944,58.26666
"Eight-Toothed_Spruce_Bark_Beetle",27.31944,58.26666
"Eight-Toothed_Spruce_Bark_Beetle",26.7,58.23694
"Eight-Toothed_Spruce_Bark_Beetle",26.95556,57.63333
"Eight-Toothed_Spruce_Bark_Beetle",26.74167,58.4
"Eight-Toothed_Spruce_Bark_Beetle",26.3194,59.4833
"Eight-Toothed_Spruce_Bark_Beetle",25.57222,58.22083
"Eight-Toothed_Spruce_Bark_Beetle",25.57222,58.22083
"Eight-Toothed_Spruce_Bark_Beetle",22.08333,58.30611
"Eight-Toothed_Spruce_Bark_Beetle",21.966667,58.323611
"Eight-Toothed_Spruce_Bark_Beetle",23.258333,57.78888
"Eight-Toothed_Spruce_Bark_Beetle",26.41111,58.22778
"Eight-Toothed_Spruce_Bark_Beetle",26.8833,58.358333
"Eight-Toothed_Spruce_Bark_Beetle",25.57222,58.22083
"Eight-Toothed_Spruce_Bark_Beetle",23.691667,58.61667
"Eight-Toothed_Spruce_Bark_Beetle",26.25639,58.88333
"Eight-Toothed_Spruce_Bark_Beetle",27.06667,57.73333
"Eight-Toothed_Spruce_Bark_Beetle",26.36667,58.16667
"Eight-Toothed_Spruce_Bark_Beetle",26.46667,58.58333
"Eight-Toothed_Spruce_Bark_Beetle",23.78333,58.35
"Eight-Toothed_Spruce_Bark_Beetle",25.16667,58.26667
"Eight-Toothed_Spruce_Bark_Beetle",26.61667,59.31667
"Eight-Toothed_Spruce_Bark_Beetle",26.25,58.43333
"Eight-Toothed_Spruce_Bark_Beetle",27.35,57.95
"Eight-Toothed_Spruce_Bark_Beetle",22.75,58.85
"Eight-Toothed_Spruce_Bark_Beetle",27.3,57.96667
"Eight-Toothed_Spruce_Bark_Beetle",24.73333,58.96667
"Eight-Toothed_Spruce_Bark_Beetle",23.85,58.41667
"Eight-Toothed_Spruce_Bark_Beetle",26.53333,57.75
"Eight-Toothed_Spruce_Bark_Beetle",25.78333,58.08333
"Eight-Toothed_Spruce_Bark_Beetle",27.81667,59.15
"Eight-Toothed_Spruce_Bark_Beetle",27.3,58.3
"Eight-Toothed_Spruce_Bark_Beetle",27.06667,57.73333
"Eight-Toothed_Spruce_Bark_Beetle",24.6,58.01667
"Eight-Toothed_Spruce_Bark_Beetle",27.05,58.1
"Eight-Toothed_Spruce_Bark_Beetle",26.16667,59.15
"Eight-Toothed_Spruce_Bark_Beetle",27.06667,58.61667
"Eight-Toothed_Spruce_Bark_Beetle",25.16667,58.26667
"Eight-Toothed_Spruce_Bark_Beetle",26.35,58.83333
"Eight-Toothed_Spruce_Bark_Beetle",26.91667,57.78333
"Eight-Toothed_Spruce_Bark_Beetle",22.75,58.85
"Eight-Toothed_Spruce_Bark_Beetle",27.3,57.96667
"Eight-Toothed_Spruce_Bark_Beetle",24.73333,58.96667
"Eight-Toothed_Spruce_Bark_Beetle",23.85,58.41667
"Eight-Toothed_Spruce_Bark_Beetle",26.85,58.65
"Eight-Toothed_Spruce_Bark_Beetle",27.35,58.28333
"Eight-Toothed_Spruce_Bark_Beetle",27.3,58.3
"Eight-Toothed_Spruce_Bark_Beetle",27.01667,57.9
"Eight-Toothed_Spruce_Bark_Beetle",26.36667,58.16667
"Eight-Toothed_Spruce_Bark_Beetle",27.05,58.1
"Eight-Toothed_Spruce_Bark_Beetle",26.46667,58.58333
"Eight-Toothed_Spruce_Bark_Beetle",23.78333,58.35
"Eight-Toothed_Spruce_Bark_Beetle",24.6,58.31667
"Eight-Toothed_Spruce_Bark_Beetle",26.61667,59.31667
"Eight-Toothed_Spruce_Bark_Beetle",27.35,57.95
"Eight-Toothed_Spruce_Bark_Beetle",26.21667,57.9
"Eight-Toothed_Spruce_Bark_Beetle",26.13333,57.8
"Eight-Toothed_Spruce_Bark_Beetle",22.93333,58.95
"Eight-Toothed_Spruce_Bark_Beetle",24.23333,58.4
"Eight-Toothed_Spruce_Bark_Beetle",26.53333,57.75
"Eight-Toothed_Spruce_Bark_Beetle",24.81667,58.78333
"Eight-Toothed_Spruce_Bark_Beetle",27.3,58.3
"Eight-Toothed_Spruce_Bark_Beetle",27.01667,57.9
"Eight-Toothed_Spruce_Bark_Beetle",25.45,59.21667
"Eight-Toothed_Spruce_Bark_Beetle",26.36667,58.16667
"Eight-Toothed_Spruce_Bark_Beetle",27.05,58.1
"Eight-Toothed_Spruce_Bark_Beetle",26.46667,58.58333
"Eight-Toothed_Spruce_Bark_Beetle",23.78333,58.35
"Eight-Toothed_Spruce_Bark_Beetle",24.6,58.31667
"Eight-Toothed_Spruce_Bark_Beetle",26.78333,58.16667
"Eight-Toothed_Spruce_Bark_Beetle",27.01667,58.66667
"Eight-Toothed_Spruce_Bark_Beetle",27.35,57.95
"Eight-Toothed_Spruce_Bark_Beetle",26.21667,57.9
"Eight-Toothed_Spruce_Bark_Beetle",26.13333,57.8
"Eight-Toothed_Spruce_Bark_Beetle",25.83333,59.25
"Eight-Toothed_Spruce_Bark_Beetle",24.23333,58.4
"Eight-Toothed_Spruce_Bark_Beetle",26.53333,57.75
"Eight-Toothed_Spruce_Bark_Beetle",25,59.03333
"Eight-Toothed_Spruce_Bark_Beetle",27.81667,59.15
"Eight-Toothed_Spruce_Bark_Beetle",27.28333,58.3
"Eight-Toothed_Spruce_Bark_Beetle",27.01667,57.9
"Eight-Toothed_Spruce_Bark_Beetle",24.45,59.06667
"Eight-Toothed_Spruce_Bark_Beetle",25.88333,59.28333
"Eight-Toothed_Spruce_Bark_Beetle",27.05,58.1
"Eight-Toothed_Spruce_Bark_Beetle",26.15,57.86667
"Eight-Toothed_Spruce_Bark_Beetle",26.53333,57.6
"Eight-Toothed_Spruce_Bark_Beetle",25.85,59.11667
"Eight-Toothed_Spruce_Bark_Beetle",26.78333,58.16667
"Eight-Toothed_Spruce_Bark_Beetle",27.01667,58.66667
"Eight-Toothed_Spruce_Bark_Beetle",24.68333,58.01667
"Eight-Toothed_Spruce_Bark_Beetle",26.21667,57.9
"Eight-Toothed_Spruce_Bark_Beetle",26.13333,57.8
"Eight-Toothed_Spruce_Bark_Beetle",25.83333,59.25
"Eight-Toothed_Spruce_Bark_Beetle",22.93333,58.95
"Eight-Toothed_Spruce_Bark_Beetle",27.06667,58.36667
"Eight-Toothed_Spruce_Bark_Beetle",26.06667,58.6
"Eight-Toothed_Spruce_Bark_Beetle",25,59.03333
"Eight-Toothed_Spruce_Bark_Beetle",27.81667,59.15
"Eight-Toothed_Spruce_Bark_Beetle",26.85,58.86667
"Eight-Toothed_Spruce_Bark_Beetle",24.45,59.06667
"Eight-Toothed_Spruce_Bark_Beetle",25.88333,59.28333
"Eight-Toothed_Spruce_Bark_Beetle",27.05,58.1
"Eight-Toothed_Spruce_Bark_Beetle",26.53333,57.6
"Eight-Toothed_Spruce_Bark_Beetle",25.85,59.11667
"Eight-Toothed_Spruce_Bark_Beetle",26.78333,58.16667
"Eight-Toothed_Spruce_Bark_Beetle",27.01667,58.66667
"Eight-Toothed_Spruce_Bark_Beetle",27.48333,57.93333
"Eight-Toothed_Spruce_Bark_Beetle",24.43333,58.9
"Eight-Toothed_Spruce_Bark_Beetle",26.11667,58.2
"Eight-Toothed_Spruce_Bark_Beetle",26.6,58.65
"Eight-Toothed_Spruce_Bark_Beetle",25.83333,59.25
"Eight-Toothed_Spruce_Bark_Beetle",22.93333,58.95
"Eight-Toothed_Spruce_Bark_Beetle",27.06667,58.36667
"Eight-Toothed_Spruce_Bark_Beetle",26.06667,58.6
"Eight-Toothed_Spruce_Bark_Beetle",25,59.03333
"Eight-Toothed_Spruce_Bark_Beetle",23.81667,58.48333
"Eight-Toothed_Spruce_Bark_Beetle",27.06667,58.2
"Eight-Toothed_Spruce_Bark_Beetle",24.45,59.06667
"Eight-Toothed_Spruce_Bark_Beetle",25.88333,59.28333
"Eight-Toothed_Spruce_Bark_Beetle",27.05,58.1
"Eight-Toothed_Spruce_Bark_Beetle",26.15,57.86667
"Eight-Toothed_Spruce_Bark_Beetle",26.53333,57.6
"Eight-Toothed_Spruce_Bark_Beetle",25.85,59.11667
"Eight-Toothed_Spruce_Bark_Beetle",26.2,58.03333
"Eight-Toothed_Spruce_Bark_Beetle",24.68333,58.81667
"Eight-Toothed_Spruce_Bark_Beetle",27.48333,57.93333
"Eight-Toothed_Spruce_Bark_Beetle",26.11667,58.2
"Eight-Toothed_Spruce_Bark_Beetle",26.6,58.65
"Eight-Toothed_Spruce_Bark_Beetle",25.01667,58.88333
"Eight-Toothed_Spruce_Bark_Beetle",26.51667,58.75
"Eight-Toothed_Spruce_Bark_Beetle",25.26667,58.58333
"Eight-Toothed_Spruce_Bark_Beetle",24.63333,58.86667
"Eight-Toothed_Spruce_Bark_Beetle",26.06667,58.6
"Eight-Toothed_Spruce_Bark_Beetle",24.55,58.86667
"Eight-Toothed_Spruce_Bark_Beetle",23.81667,58.48333
"Eight-Toothed_Spruce_Bark_Beetle",27.06667,58.2
"Eight-Toothed_Spruce_Bark_Beetle",26.85,58.86667
"Eight-Toothed_Spruce_Bark_Beetle",22.66667,58.25
"Eight-Toothed_Spruce_Bark_Beetle",23.98333,58.33333
"Eight-Toothed_Spruce_Bark_Beetle",26.15,57.86667
"Eight-Toothed_Spruce_Bark_Beetle",24.61667,58.66667
"Eight-Toothed_Spruce_Bark_Beetle",26.2,58.03333
"Eight-Toothed_Spruce_Bark_Beetle",27.05,58.58333
"Eight-Toothed_Spruce_Bark_Beetle",26.28333,58.93333
"Eight-Toothed_Spruce_Bark_Beetle",24.43333,58.9
"Eight-Toothed_Spruce_Bark_Beetle",26.11667,58.2
"Eight-Toothed_Spruce_Bark_Beetle",26.6,58.65
"Eight-Toothed_Spruce_Bark_Beetle",25.01667,58.88333
"Eight-Toothed_Spruce_Bark_Beetle",25.36667,58.3
"Eight-Toothed_Spruce_Bark_Beetle",25.26667,58.58333
"Eight-Toothed_Spruce_Bark_Beetle",26.68333,59.33333
"Eight-Toothed_Spruce_Bark_Beetle",24.55,58.86667
"Eight-Toothed_Spruce_Bark_Beetle",26.23333,59.1
"Eight-Toothed_Spruce_Bark_Beetle",27.06667,58.2
"Eight-Toothed_Spruce_Bark_Beetle",26.78333,58.31667
"Eight-Toothed_Spruce_Bark_Beetle",25.133333,58.25
"Eight-Toothed_Spruce_Bark_Beetle",22.22889,58.91333
"Eight-Toothed_Spruce_Bark_Beetle",26.85,58.86667
"Eight-Toothed_Spruce_Bark_Beetle",23.98333,58.33333
"Eight-Toothed_Spruce_Bark_Beetle",26.28333,58.53333
"Eight-Toothed_Spruce_Bark_Beetle",26.53333,59.13333
"Eight-Toothed_Spruce_Bark_Beetle",24.61667,58.66667
"Eight-Toothed_Spruce_Bark_Beetle",26.2,58.03333
"Eight-Toothed_Spruce_Bark_Beetle",27.05,58.58333
"Eight-Toothed_Spruce_Bark_Beetle",26.28333,58.93333
"Eight-Toothed_Spruce_Bark_Beetle",24.43333,58.9
"Eight-Toothed_Spruce_Bark_Beetle",26.6,58.65
"Eight-Toothed_Spruce_Bark_Beetle",25.01667,58.88333
"Eight-Toothed_Spruce_Bark_Beetle",25.11667,58.75
"Eight-Toothed_Spruce_Bark_Beetle",25.26667,58.58333
"Eight-Toothed_Spruce_Bark_Beetle",24.63333,58.86667
"Eight-Toothed_Spruce_Bark_Beetle",26.68333,59.33333
"Eight-Toothed_Spruce_Bark_Beetle",24.55,58.86667
"Eight-Toothed_Spruce_Bark_Beetle",26.23333,59.1
"Eight-Toothed_Spruce_Bark_Beetle",25.58333,59.28333
"Eight-Toothed_Spruce_Bark_Beetle",26.78333,58.31667
"Eight-Toothed_Spruce_Bark_Beetle",24.86667,58.65
"Eight-Toothed_Spruce_Bark_Beetle",22.66667,58.25
"Eight-Toothed_Spruce_Bark_Beetle",24,58.45
"Eight-Toothed_Spruce_Bark_Beetle",26.28333,58.53333
"Eight-Toothed_Spruce_Bark_Beetle",26.25,58.15
"Eight-Toothed_Spruce_Bark_Beetle",24.41667,58.58333
"Eight-Toothed_Spruce_Bark_Beetle",27.05,58.58333
"Eight-Toothed_Spruce_Bark_Beetle",26.71667,58.85
"Eight-Toothed_Spruce_Bark_Beetle",25.95,58.68333
"Eight-Toothed_Spruce_Bark_Beetle",22.23333,58.45
"Eight-Toothed_Spruce_Bark_Beetle",26.6,58.65
"Eight-Toothed_Spruce_Bark_Beetle",25.9,59.6
"Eight-Toothed_Spruce_Bark_Beetle",25.11667,58.75
"Eight-Toothed_Spruce_Bark_Beetle",25.26667,58.58333
"Eight-Toothed_Spruce_Bark_Beetle",25.58333,58.11667
"Eight-Toothed_Spruce_Bark_Beetle",26.55,58.38333
"Eight-Toothed_Spruce_Bark_Beetle",26.36667,58.03333
"Eight-Toothed_Spruce_Bark_Beetle",24.76667,59.58333
"Eight-Toothed_Spruce_Bark_Beetle",24.8,59
"Eight-Toothed_Spruce_Bark_Beetle",24.45,58.8
"Eight-Toothed_Spruce_Bark_Beetle",27.31944,58.26666
"Eight-Toothed_Spruce_Bark_Beetle",27.31944,58.26666
"Eight-Toothed_Spruce_Bark_Beetle",27.459722,58.1
"Eight-Toothed_Spruce_Bark_Beetle",26.191667,59.191667
"Eight-Toothed_Spruce_Bark_Beetle",27.31944,58.26666
"Eight-Toothed_Spruce_Bark_Beetle",25.95,59.25
"Eight-Toothed_Spruce_Bark_Beetle",27.459722,58.1
"Eight-Toothed_Spruce_Bark_Beetle",26.191667,59.191667
"Eight-Toothed_Spruce_Bark_Beetle",26.74167,58.4
"Eight-Toothed_Spruce_Bark_Beetle",25.57222,58.22083
"Eight-Toothed_Spruce_Bark_Beetle",21.966667,58.323611
"Eight-Toothed_Spruce_Bark_Beetle",23.258333,57.78888
"Eight-Toothed_Spruce_Bark_Beetle",26.25,59.12777
"Eight-Toothed_Spruce_Bark_Beetle",26.816667,58.325
"Eight-Toothed_Spruce_Bark_Beetle",25.57222,58.22083
"Eight-Toothed_Spruce_Bark_Beetle",23.691667,58.61667
"Eight-Toothed_Spruce_Bark_Beetle",27.31944,58.26666
"Eight-Toothed_Spruce_Bark_Beetle",26.3194,59.4833
"Eight-Toothed_Spruce_Bark_Beetle",22.05277,57.97638
"Eight-Toothed_Spruce_Bark_Beetle",26.191667,59.191667
"Eight-Toothed_Spruce_Bark_Beetle",25.57222,58.22083
"Eight-Toothed_Spruce_Bark_Beetle",25.57222,58.22083
"Eight-Toothed_Spruce_Bark_Beetle",25.61389,58.99305
"Eight-Toothed_Spruce_Bark_Beetle",21.966667,58.323611
"Eight-Toothed_Spruce_Bark_Beetle",23.258333,57.78888
"Eight-Toothed_Spruce_Bark_Beetle",26.41111,58.22778
"Eight-Toothed_Spruce_Bark_Beetle",25.57222,58.22083
"Eight-Toothed_Spruce_Bark_Beetle",27.31944,58.26666
"Eight-Toothed_Spruce_Bark_Beetle",25.95,59.25
"Eight-Toothed_Spruce_Bark_Beetle",27.459722,58.1
"Eight-Toothed_Spruce_Bark_Beetle",22.825,58.3
"Eight-Toothed_Spruce_Bark_Beetle",25.908333,58.003889
"Eight-Toothed_Spruce_Bark_Beetle",25.57222,58.22083
"Eight-Toothed_Spruce_Bark_Beetle",25.57222,58.22083
"Eight-Toothed_Spruce_Bark_Beetle",21.966667,58.323611
"Eight-Toothed_Spruce_Bark_Beetle",23.258333,57.78888
"Eight-Toothed_Spruce_Bark_Beetle",26.725,58.387222
"Eight-Toothed_Spruce_Bark_Beetle",26.525,57.8333
"Eight-Toothed_Spruce_Bark_Beetle",25.57222,58.22083
"Eight-Toothed_Spruce_Bark_Beetle",27.31944,58.26666
"Eight-Toothed_Spruce_Bark_Beetle",27.31944,58.26666
"Eight-Toothed_Spruce_Bark_Beetle",25.95,59.25
"Eight-Toothed_Spruce_Bark_Beetle",24.41666,58.9
"Eight-Toothed_Spruce_Bark_Beetle",22.05277,57.97638
"Eight-Toothed_Spruce_Bark_Beetle",22.825,58.3
"Eight-Toothed_Spruce_Bark_Beetle",25.908333,58.003889
"Eight-Toothed_Spruce_Bark_Beetle",25.57222,58.22083
"Eight-Toothed_Spruce_Bark_Beetle",25.57222,58.22083
"Eight-Toothed_Spruce_Bark_Beetle",21.966667,58.323611
"Eight-Toothed_Spruce_Bark_Beetle",26.725,58.387222
"Eight-Toothed_Spruce_Bark_Beetle",26.783333,58.3111
"Eight-Toothed_Spruce_Bark_Beetle",26.65,58.425
"Eight-Toothed_Spruce_Bark_Beetle",21.9635,58.32366
"Eight-Toothed_Spruce_Bark_Beetle",27.31944,58.26666
"Eight-Toothed_Spruce_Bark_Beetle",27.31944,58.26666
"Eight-Toothed_Spruce_Bark_Beetle",26.7,58.23694
"Eight-Toothed_Spruce_Bark_Beetle",22.05277,57.97638
"Eight-Toothed_Spruce_Bark_Beetle",26.191667,59.191667
"Eight-Toothed_Spruce_Bark_Beetle",26.74167,58.4
"Eight-Toothed_Spruce_Bark_Beetle",25.57222,58.22083
"Eight-Toothed_Spruce_Bark_Beetle",25.57222,58.22083
"Eight-Toothed_Spruce_Bark_Beetle",21.966667,58.323611
"Eight-Toothed_Spruce_Bark_Beetle",23.258333,57.78888
"Eight-Toothed_Spruce_Bark_Beetle",25.78333,59.46666
"Eight-Toothed_Spruce_Bark_Beetle",26.816667,58.325
"Eight-Toothed_Spruce_Bark_Beetle",25.57222,58.22083
"Eight-Toothed_Spruce_Bark_Beetle",23.691667,58.61667
"Eight-Toothed_Spruce_Bark_Beetle",26.983333,58.356944
"Eight-Toothed_Spruce_Bark_Beetle",25.57222,58.275
"Eight-Toothed_Spruce_Bark_Beetle",25.9643,59.2581
"Eight-Toothed_Spruce_Bark_Beetle",27.31944,58.26666
"Eight-Toothed_Spruce_Bark_Beetle",27.31944,58.26666
"Eight-Toothed_Spruce_Bark_Beetle",24.41666,58.9
"Eight-Toothed_Spruce_Bark_Beetle",22.05277,57.97638
"Eight-Toothed_Spruce_Bark_Beetle",25.57222,58.22083
"Eight-Toothed_Spruce_Bark_Beetle",25.57222,58.22083
"Eight-Toothed_Spruce_Bark_Beetle",23.258333,57.78888
"Eight-Toothed_Spruce_Bark_Beetle",26.725,58.387222
"Eight-Toothed_Spruce_Bark_Beetle",26.525,57.8333
"Eight-Toothed_Spruce_Bark_Beetle",25.57222,58.22083
"Eight-Toothed_Spruce_Bark_Beetle",25.133333,58.825
"Eight-Toothed_Spruce_Bark_Beetle",24.8,58.7833
"Eight-Toothed_Spruce_Bark_Beetle",26.725,58.38333
"Eight-Toothed_Spruce_Bark_Beetle",27.31944,58.26666
"Eight-Toothed_Spruce_Bark_Beetle",26.7,58.23694
"Eight-Toothed_Spruce_Bark_Beetle",26.3194,59.4833
"Eight-Toothed_Spruce_Bark_Beetle",26.74167,58.4
"Eight-Toothed_Spruce_Bark_Beetle",26.3194,59.4833
"Eight-Toothed_Spruce_Bark_Beetle",22.05277,57.97638
"Eight-Toothed_Spruce_Bark_Beetle",27.459722,58.1
"Eight-Toothed_Spruce_Bark_Beetle",26.386111,58.491666
"Eight-Toothed_Spruce_Bark_Beetle",25.57222,58.22083
"Eight-Toothed_Spruce_Bark_Beetle",25.61389,58.99305
"Eight-Toothed_Spruce_Bark_Beetle",21.966667,58.323611
"Eight-Toothed_Spruce_Bark_Beetle",23.258333,57.78888
"Eight-Toothed_Spruce_Bark_Beetle",26.41111,58.22778
"Eight-Toothed_Spruce_Bark_Beetle",26.0278,58.9833
"Eight-Toothed_Spruce_Bark_Beetle",25.57222,58.22083
"Eight-Toothed_Spruce_Bark_Beetle",23.691667,58.61667
"Eight-Toothed_Spruce_Bark_Beetle",27.30833,58.26667
"Eight-Toothed_Spruce_Bark_Beetle",26.386111,58.491666
"Eight-Toothed_Spruce_Bark_Beetle",25.57222,58.22083
"Eight-Toothed_Spruce_Bark_Beetle",21.966667,58.323611
"Eight-Toothed_Spruce_Bark_Beetle",21.966667,58.323611
"Eight-Toothed_Spruce_Bark_Beetle",23.258333,57.78888
"Eight-Toothed_Spruce_Bark_Beetle",25.78333,59.46666
"Eight-Toothed_Spruce_Bark_Beetle",26.816667,58.325
"Eight-Toothed_Spruce_Bark_Beetle",25.57222,58.22083
"Eight-Toothed_Spruce_Bark_Beetle",23.691667,58.61667
"Eight-Toothed_Spruce_Bark_Beetle",25.133333,58.825
"Eight-Toothed_Spruce_Bark_Beetle",27.31944,58.26666
"Eight-Toothed_Spruce_Bark_Beetle",27.459722,58.1
"Eight-Toothed_Spruce_Bark_Beetle",26.191667,59.191667
"Eight-Toothed_Spruce_Bark_Beetle",25.57222,58.22083
"Eight-Toothed_Spruce_Bark_Beetle",25.57222,58.22083
"Eight-Toothed_Spruce_Bark_Beetle",21.966667,58.323611
"Eight-Toothed_Spruce_Bark_Beetle",21.966667,58.323611
"Eight-Toothed_Spruce_Bark_Beetle",23.258333,57.78888
"Eight-Toothed_Spruce_Bark_Beetle",25.78333,59.46666
"Eight-Toothed_Spruce_Bark_Beetle",26.816667,58.325
"Eight-Toothed_Spruce_Bark_Beetle",24.8,58.7833
"Eight-Toothed_Spruce_Bark_Beetle",27.30833,58.26667
"Eight-Toothed_Spruce_Bark_Beetle",26.983333,58.356944
"Eight-Toothed_Spruce_Bark_Beetle",25.133333,58.825
"Eight-Toothed_Spruce_Bark_Beetle",24.8,58.7833
"Eight-Toothed_Spruce_Bark_Beetle",26.783333,58.3111
"Eight-Toothed_Spruce_Bark_Beetle",24.49861,58.12667
"Eight-Toothed_Spruce_Bark_Beetle",26.7,58.23694
"Eight-Toothed_Spruce_Bark_Beetle",26.3194,59.4833
"Eight-Toothed_Spruce_Bark_Beetle",26.74167,58.4
"Eight-Toothed_Spruce_Bark_Beetle",26.3194,59.4833
"Eight-Toothed_Spruce_Bark_Beetle",22.05277,57.97638
"Eight-Toothed_Spruce_Bark_Beetle",27.459722,58.1
"Eight-Toothed_Spruce_Bark_Beetle",26.191667,59.191667
"Eight-Toothed_Spruce_Bark_Beetle",25.57222,58.22083
"Eight-Toothed_Spruce_Bark_Beetle",22.08333,58.30611
"Eight-Toothed_Spruce_Bark_Beetle",21.966667,58.323611
"Eight-Toothed_Spruce_Bark_Beetle",23.258333,57.78888
"Eight-Toothed_Spruce_Bark_Beetle",26.0278,58.9833
"Eight-Toothed_Spruce_Bark_Beetle",25.57222,58.22083
"Eight-Toothed_Spruce_Bark_Beetle",25.57222,58.275
"Eight-Toothed_Spruce_Bark_Beetle",27.30833,58.26667
"Eight-Toothed_Spruce_Bark_Beetle",25.85417,57.98889
"Eight-Toothed_Spruce_Bark_Beetle",25.85417,57.98889
"Eight-Toothed_Spruce_Bark_Beetle",25.85417,57.98889
"Eight-Toothed_Spruce_Bark_Beetle",27.06667,57.73333
"Eight-Toothed_Spruce_Bark_Beetle",22.11667,58.26667
"Eight-Toothed_Spruce_Bark_Beetle",27.05,58.1
"Eight-Toothed_Spruce_Bark_Beetle",26.16667,59.15
"Eight-Toothed_Spruce_Bark_Beetle",27.06667,58.61667
"Eight-Toothed_Spruce_Bark_Beetle",25.16667,58.26667
"Eight-Toothed_Spruce_Bark_Beetle",26.61667,59.31667
"Eight-Toothed_Spruce_Bark_Beetle",26.35,58.83333
"Eight-Toothed_Spruce_Bark_Beetle",24.71667,58.78333
"Eight-Toothed_Spruce_Bark_Beetle",22.75,58.85
"Eight-Toothed_Spruce_Bark_Beetle",22.4,58.93333
"Eight-Toothed_Spruce_Bark_Beetle",24.73333,58.96667
"Eight-Toothed_Spruce_Bark_Beetle",23.85,58.41667
"Eight-Toothed_Spruce_Bark_Beetle",26.85,58.65
"Eight-Toothed_Spruce_Bark_Beetle",25.78333,58.08333
"Eight-Toothed_Spruce_Bark_Beetle",26.4,57.6
"Eight-Toothed_Spruce_Bark_Beetle",25.61667,58.25
"Eight-Toothed_Spruce_Bark_Beetle",22.1,58.28333
"Eight-Toothed_Spruce_Bark_Beetle",23.85,58.35
"Eight-Toothed_Spruce_Bark_Beetle",26.76667,58.38333
"Eight-Toothed_Spruce_Bark_Beetle",26.71667,58.06667
"Eight-Toothed_Spruce_Bark_Beetle",26.38333,58.81667
"Eight-Toothed_Spruce_Bark_Beetle",24.41667,58.76667
"Eight-Toothed_Spruce_Bark_Beetle",26.98333,58.36667
"Eight-Toothed_Spruce_Bark_Beetle",25.73333,58.43333
"Eight-Toothed_Spruce_Bark_Beetle",22.36667,58.93333
"Eight-Toothed_Spruce_Bark_Beetle",25.9,59.6
"Eight-Toothed_Spruce_Bark_Beetle",24.93333,58.15
"Eight-Toothed_Spruce_Bark_Beetle",26.7,58.23333
"Eight-Toothed_Spruce_Bark_Beetle",24.96667,58.03333
"Eight-Toothed_Spruce_Bark_Beetle",25.5,58.31667
"Eight-Toothed_Spruce_Bark_Beetle",26.9,58.61667
"Eight-Toothed_Spruce_Bark_Beetle",26.23333,59.06667
"Eight-Toothed_Spruce_Bark_Beetle",24.6,58.01667
"Eight-Toothed_Spruce_Bark_Beetle",27.33333,59.13333
"Eight-Toothed_Spruce_Bark_Beetle",26.71667,58.06667
"Eight-Toothed_Spruce_Bark_Beetle",26.38333,58.81667
"Eight-Toothed_Spruce_Bark_Beetle",24.58333,58.35
"Eight-Toothed_Spruce_Bark_Beetle",24.71667,58.78333
"Eight-Toothed_Spruce_Bark_Beetle",25.73333,58.43333
"Eight-Toothed_Spruce_Bark_Beetle",22.4,58.93333
"Eight-Toothed_Spruce_Bark_Beetle",25.15,58.83333
"Eight-Toothed_Spruce_Bark_Beetle",24.93333,58.15
"Eight-Toothed_Spruce_Bark_Beetle",26.7,58.23333
"Eight-Toothed_Spruce_Bark_Beetle",27.3,58.26667
"Eight-Toothed_Spruce_Bark_Beetle",26.4,57.6
"Eight-Toothed_Spruce_Bark_Beetle",25.61667,58.25
"Eight-Toothed_Spruce_Bark_Beetle",27.2,58.18333
"Eight-Toothed_Spruce_Bark_Beetle",25.96667,58.38333
"Eight-Toothed_Spruce_Bark_Beetle",26.76667,58.38333
"Eight-Toothed_Spruce_Bark_Beetle",25.61667,58.05
"Eight-Toothed_Spruce_Bark_Beetle",26.46667,59.13333
"Eight-Toothed_Spruce_Bark_Beetle",24.41667,58.76667
"Eight-Toothed_Spruce_Bark_Beetle",26.5,58.3
"Eight-Toothed_Spruce_Bark_Beetle",27.03333,58.35
"Eight-Toothed_Spruce_Bark_Beetle",27.13333,58.15
"Eight-Toothed_Spruce_Bark_Beetle",26.6,58.65
"Eight-Toothed_Spruce_Bark_Beetle",25.9,59.6
"Eight-Toothed_Spruce_Bark_Beetle",25.26667,58.58333
"Eight-Toothed_Spruce_Bark_Beetle",24.98333,58.68333
"Eight-Toothed_Spruce_Bark_Beetle",25.08333,58.23333
"Eight-Toothed_Spruce_Bark_Beetle",26.18333,57.76667
"Eight-Toothed_Spruce_Bark_Beetle",26.7,57.6
"Eight-Toothed_Spruce_Bark_Beetle",22.5,58.15
"Eight-Toothed_Spruce_Bark_Beetle",24.86667,58.65
"Eight-Toothed_Spruce_Bark_Beetle",25.96667,58.38333
"Eight-Toothed_Spruce_Bark_Beetle",24,58.45
"Eight-Toothed_Spruce_Bark_Beetle",25.61667,58.05
"Eight-Toothed_Spruce_Bark_Beetle",26.25,58.15
"Eight-Toothed_Spruce_Bark_Beetle",22.48333,58.55
"Eight-Toothed_Spruce_Bark_Beetle",25.56667,58.98333
"Eight-Toothed_Spruce_Bark_Beetle",26.71667,58.85
"Eight-Toothed_Spruce_Bark_Beetle",25.95,58.68333
"Eight-Toothed_Spruce_Bark_Beetle",22.23333,58.45
"Eight-Toothed_Spruce_Bark_Beetle",26.6,58.65
"Eight-Toothed_Spruce_Bark_Beetle",25.9,59.6
"Eight-Toothed_Spruce_Bark_Beetle",25.18333,59.01667
"Eight-Toothed_Spruce_Bark_Beetle",25.26667,58.8
"Eight-Toothed_Spruce_Bark_Beetle",25.58333,58.11667
"Eight-Toothed_Spruce_Bark_Beetle",26.18333,57.76667
"Eight-Toothed_Spruce_Bark_Beetle",26.36667,58.03333
"Eight-Toothed_Spruce_Bark_Beetle",26.81667,58.93333
"Eight-Toothed_Spruce_Bark_Beetle",27.2,58.18333
"Eight-Toothed_Spruce_Bark_Beetle",25.96667,58.38333
"Eight-Toothed_Spruce_Bark_Beetle",26.76667,58.38333
"Eight-Toothed_Spruce_Bark_Beetle",25.61667,58.05
"Eight-Toothed_Spruce_Bark_Beetle",26.46667,59.13333
"Eight-Toothed_Spruce_Bark_Beetle",22.48333,58.55
"Eight-Toothed_Spruce_Bark_Beetle",25.56667,58.98333
"Eight-Toothed_Spruce_Bark_Beetle",26.5,58.3
"Eight-Toothed_Spruce_Bark_Beetle",27.03333,58.35
"Eight-Toothed_Spruce_Bark_Beetle",24.06667,58.4
"Eight-Toothed_Spruce_Bark_Beetle",26.6,58.65
"Eight-Toothed_Spruce_Bark_Beetle",25.18333,59.01667
"Eight-Toothed_Spruce_Bark_Beetle",24.98333,58.68333
"Eight-Toothed_Spruce_Bark_Beetle",25.08333,58.23333
"Eight-Toothed_Spruce_Bark_Beetle",26.18333,57.76667
"Eight-Toothed_Spruce_Bark_Beetle",26.7,57.6
"Eight-Toothed_Spruce_Bark_Beetle",26.7,59.23333
"Eight-Toothed_Spruce_Bark_Beetle",26.81667,58.93333
"Eight-Toothed_Spruce_Bark_Beetle",24.86667,58.65
"Eight-Toothed_Spruce_Bark_Beetle",22.66667,58.25
"Eight-Toothed_Spruce_Bark_Beetle",26.28333,58.53333
"Eight-Toothed_Spruce_Bark_Beetle",26.25,58.15
"Eight-Toothed_Spruce_Bark_Beetle",24.61667,58.66667
"Eight-Toothed_Spruce_Bark_Beetle",24.41667,58.58333
"Eight-Toothed_Spruce_Bark_Beetle",25.56667,58.98333
"Eight-Toothed_Spruce_Bark_Beetle",26.71667,58.85
"Eight-Toothed_Spruce_Bark_Beetle",25.95,58.68333
"Eight-Toothed_Spruce_Bark_Beetle",22.23333,58.45
"Eight-Toothed_Spruce_Bark_Beetle",25.9,59.6
"Eight-Toothed_Spruce_Bark_Beetle",25.11667,58.75
"Eight-Toothed_Spruce_Bark_Beetle",25.26667,58.58333
"Eight-Toothed_Spruce_Bark_Beetle",25.58333,58.11667
"Eight-Toothed_Spruce_Bark_Beetle",26.68333,59.33333
"Eight-Toothed_Spruce_Bark_Beetle",26.7,57.6
"Eight-Toothed_Spruce_Bark_Beetle",26.36667,58.03333
"Eight-Toothed_Spruce_Bark_Beetle",26.81667,58.93333
"Eight-Toothed_Spruce_Bark_Beetle",26.23333,59.06667
"Eight-Toothed_Spruce_Bark_Beetle",22.11667,58.26667
"Eight-Toothed_Spruce_Bark_Beetle",23.85,58.35
"Eight-Toothed_Spruce_Bark_Beetle",26.76667,58.38333
"Eight-Toothed_Spruce_Bark_Beetle",26.38333,58.81667
"Eight-Toothed_Spruce_Bark_Beetle",24.58333,58.35
"Eight-Toothed_Spruce_Bark_Beetle",25.16667,59.21667
"Eight-Toothed_Spruce_Bark_Beetle",26.98333,58.36667
"Eight-Toothed_Spruce_Bark_Beetle",25.73333,58.43333
"Eight-Toothed_Spruce_Bark_Beetle",22.36667,58.93333
"Eight-Toothed_Spruce_Bark_Beetle",25.15,58.83333
"Eight-Toothed_Spruce_Bark_Beetle",26.7,58.23333
"Eight-Toothed_Spruce_Bark_Beetle",24.96667,58.03333
"Eight-Toothed_Spruce_Bark_Beetle",25.5,58.31667
"Eight-Toothed_Spruce_Bark_Beetle",26.9,58.61667
"Eight-Toothed_Spruce_Bark_Beetle",22.46667,58.85
"Eight-Toothed_Spruce_Bark_Beetle",22.11667,58.26667
"Eight-Toothed_Spruce_Bark_Beetle",24.6,58.01667
"Eight-Toothed_Spruce_Bark_Beetle",27.05,58.1
"Eight-Toothed_Spruce_Bark_Beetle",26.16667,59.15
"Eight-Toothed_Spruce_Bark_Beetle",27.06667,58.61667
"Eight-Toothed_Spruce_Bark_Beetle",24.58333,58.35
"Eight-Toothed_Spruce_Bark_Beetle",24.71667,58.78333
"Eight-Toothed_Spruce_Bark_Beetle",26.98333,58.36667
"Eight-Toothed_Spruce_Bark_Beetle",27.3,57.96667
"Eight-Toothed_Spruce_Bark_Beetle",22.4,58.93333
"Eight-Toothed_Spruce_Bark_Beetle",25.15,58.83333
"Eight-Toothed_Spruce_Bark_Beetle",24.93333,58.15
"Eight-Toothed_Spruce_Bark_Beetle",25.78333,58.08333
"Eight-Toothed_Spruce_Bark_Beetle",26.4,57.6
"Eight-Toothed_Spruce_Bark_Beetle",25.61667,58.25
"Eight-Toothed_Spruce_Bark_Beetle",27.2,58.18333
"Eight-Toothed_Spruce_Bark_Beetle",23.85,58.35
"Eight-Toothed_Spruce_Bark_Beetle",26.76667,58.38333
"Eight-Toothed_Spruce_Bark_Beetle",26.71667,58.06667
"Eight-Toothed_Spruce_Bark_Beetle",26.46667,59.13333
"Eight-Toothed_Spruce_Bark_Beetle",24.41667,58.76667
"Eight-Toothed_Spruce_Bark_Beetle",25.16667,59.21667
"Eight-Toothed_Spruce_Bark_Beetle",27.03333,58.35
"Eight-Toothed_Spruce_Bark_Beetle",27.13333,58.15
"Eight-Toothed_Spruce_Bark_Beetle",22.36667,58.93333
"Eight-Toothed_Spruce_Bark_Beetle",25.9,59.6
"Eight-Toothed_Spruce_Bark_Beetle",24.98333,58.68333
"Eight-Toothed_Spruce_Bark_Beetle",25.08333,58.23333
"Eight-Toothed_Spruce_Bark_Beetle",24.96667,58.03333
"Eight-Toothed_Spruce_Bark_Beetle",25.5,58.31667
"Eight-Toothed_Spruce_Bark_Beetle",26.9,58.61667
"Eight-Toothed_Spruce_Bark_Beetle",26.78333,58.31667
"Eight-Toothed_Spruce_Bark_Beetle",22.17333,58.92222
"Eight-Toothed_Spruce_Bark_Beetle",22.17333,58.92222
"Eight-Toothed_Spruce_Bark_Beetle",22.17333,58.92222
"Eight-Toothed_Spruce_Bark_Beetle",22.17333,58.92222
"Eight-Toothed_Spruce_Bark_Beetle",22.17333,58.92222
"Eight-Toothed_Spruce_Bark_Beetle",22.17333,58.92222
"Eight-Toothed_Spruce_Bark_Beetle",22.17333,58.92222
"Eight-Toothed_Spruce_Bark_Beetle",22.17333,58.92222
"Eight-Toothed_Spruce_Bark_Beetle",36.466869,55.55948
"Eight-Toothed_Spruce_Bark_Beetle",27.0074,58.1397
"Eight-Toothed_Spruce_Bark_Beetle",26.391228,58.003309
"Eight-Toothed_Spruce_Bark_Beetle",23.243732,58.990778
"Eight-Toothed_Spruce_Bark_Beetle",27.467,57.84
"Eight-Toothed_Spruce_Bark_Beetle",23.244324,57.802254
"Eight-Toothed_Spruce_Bark_Beetle",23.243732,58.990778
"Eight-Toothed_Spruce_Bark_Beetle",23.243732,58.990778
"Eight-Toothed_Spruce_Bark_Beetle",23.244324,57.802254
"Eight-Toothed_Spruce_Bark_Beetle",23.243732,58.990778
"Eight-Toothed_Spruce_Bark_Beetle",23.243732,58.990778
"Eight-Toothed_Spruce_Bark_Beetle",23.244324,57.802254
"Eight-Toothed_Spruce_Bark_Beetle",25.972438,59.515398
"Eight-Toothed_Spruce_Bark_Beetle",26.49147,58.055561
"Eight-Toothed_Spruce_Bark_Beetle",25.972438,59.515398
"Eight-Toothed_Spruce_Bark_Beetle",26.391228,58.003309
"Eight-Toothed_Spruce_Bark_Beetle",26.458945,58.248233
"Eight-Toothed_Spruce_Bark_Beetle",27.0074,58.1397
"Eight-Toothed_Spruce_Bark_Beetle",25.5142,58.5503
"Eight-Toothed_Spruce_Bark_Beetle",26.5304,59.4161
"Eight-Toothed_Spruce_Bark_Beetle",23.243732,58.990778
"Eight-Toothed_Spruce_Bark_Beetle",23.243732,58.990778
"Eight-Toothed_Spruce_Bark_Beetle",26.5304,59.4161
"Eight-Toothed_Spruce_Bark_Beetle",26.5304,59.4161
"Eight-Toothed_Spruce_Bark_Beetle",26.5304,59.4161
"Eight-Toothed_Spruce_Bark_Beetle",23.243732,58.990778
"Eight-Toothed_Spruce_Bark_Beetle",26.5304,59.4161
"Eight-Toothed_Spruce_Bark_Beetle",26.391228,58.003309
"Eight-Toothed_Spruce_Bark_Beetle",25.085856,58.359019
"Eight-Toothed_Spruce_Bark_Beetle",26.391228,58.003309
"Eight-Toothed_Spruce_Bark_Beetle",23.243732,58.990778
"Eight-Toothed_Spruce_Bark_Beetle",26.97497,58.1455
"Eight-Toothed_Spruce_Bark_Beetle",26.391228,58.003309
"Eight-Toothed_Spruce_Bark_Beetle",26.714,58.3907
"Eight-Toothed_Spruce_Bark_Beetle",26.391228,58.003309
"Eight-Toothed_Spruce_Bark_Beetle",26.458945,58.248233
"Eight-Toothed_Spruce_Bark_Beetle",26.714,58.3907
"Eight-Toothed_Spruce_Bark_Beetle",26.391228,58.003309
"Eight-Toothed_Spruce_Bark_Beetle",26.40918,58.26186
"Eight-Toothed_Spruce_Bark_Beetle",26.391228,58.003309
"Eight-Toothed_Spruce_Bark_Beetle",26.1085,59.1623
"Eight-Toothed_Spruce_Bark_Beetle",15.88481,56.77775
"Eight-Toothed_Spruce_Bark_Beetle",54.213319,56.099039
"Eight-Toothed_Spruce_Bark_Beetle",9.9186,51.012895
"Eight-Toothed_Spruce_Bark_Beetle",15.09686,56.50459
"Eight-Toothed_Spruce_Bark_Beetle",17.75245,59.74547
"Eight-Toothed_Spruce_Bark_Beetle",17.63869,59.80128
"Eight-Toothed_Spruce_Bark_Beetle",13.22,46.98
"Eight-Toothed_Spruce_Bark_Beetle",13.19,46.98
"Eight-Toothed_Spruce_Bark_Beetle",13.22,46.98
"Eight-Toothed_Spruce_Bark_Beetle",13.23,46.98
"Eight-Toothed_Spruce_Bark_Beetle",12.67,47.01
"Eight-Toothed_Spruce_Bark_Beetle",12.43,47.26
"Eight-Toothed_Spruce_Bark_Beetle",12.88,47.12
"Eight-Toothed_Spruce_Bark_Beetle",12.94,47.18
"Eight-Toothed_Spruce_Bark_Beetle",7.092712,50.72417
"Eight-Toothed_Spruce_Bark_Beetle",26.778356,57.638572
"Eight-Toothed_Spruce_Bark_Beetle",25.653056,59.425
"Eight-Toothed_Spruce_Bark_Beetle",27.564722,59.306111
"Eight-Toothed_Spruce_Bark_Beetle",25.653056,59.425
"Eight-Toothed_Spruce_Bark_Beetle",27.626944,59.065556
"Eight-Toothed_Spruce_Bark_Beetle",25.15,58.25
"Eight-Toothed_Spruce_Bark_Beetle",25.166667,58.266667
"Eight-Toothed_Spruce_Bark_Beetle",25.702264,59.366426
"Eight-Toothed_Spruce_Bark_Beetle",25.6,59.283333
"Eight-Toothed_Spruce_Bark_Beetle",25.45,59.266667
"Eight-Toothed_Spruce_Bark_Beetle",25.6,59.283333
"Eight-Toothed_Spruce_Bark_Beetle",26.533333,59.3
"Eight-Toothed_Spruce_Bark_Beetle",26.533333,59.3
"Eight-Toothed_Spruce_Bark_Beetle",25.716667,59.366667
"Eight-Toothed_Spruce_Bark_Beetle",27.122287,58.152357
"Eight-Toothed_Spruce_Bark_Beetle",24.633333,59.433333
"Eight-Toothed_Spruce_Bark_Beetle",25.633333,59.416667
"Eight-Toothed_Spruce_Bark_Beetle",24.633333,59.433333
"Eight-Toothed_Spruce_Bark_Beetle",26.533333,59.3
"Eight-Toothed_Spruce_Bark_Beetle",26.533333,59.3
"Eight-Toothed_Spruce_Bark_Beetle",26.533333,59.3
"Eight-Toothed_Spruce_Bark_Beetle",36.2047,54.33
"Eight-Toothed_Spruce_Bark_Beetle",36.1942,54.3011
"Eight-Toothed_Spruce_Bark_Beetle",18.10606,59.24543
"Eight-Toothed_Spruce_Bark_Beetle",15.62901,59.69172
"Eight-Toothed_Spruce_Bark_Beetle",21.91745,66.74742
"Eight-Toothed_Spruce_Bark_Beetle",16.45502,57.1792
"Eight-Toothed_Spruce_Bark_Beetle",15.46808,60.62754
"Eight-Toothed_Spruce_Bark_Beetle",14.29272,56.82494
"Eight-Toothed_Spruce_Bark_Beetle",14.29245,56.8265
"Eight-Toothed_Spruce_Bark_Beetle",14.29341,56.82834
"Eight-Toothed_Spruce_Bark_Beetle",14.29341,56.82834
"Eight-Toothed_Spruce_Bark_Beetle",14.29056,56.82896
"Eight-Toothed_Spruce_Bark_Beetle",14.29245,56.8265
"Eight-Toothed_Spruce_Bark_Beetle",14.29341,56.82834
"Eight-Toothed_Spruce_Bark_Beetle",16.82682,58.30937
"Eight-Toothed_Spruce_Bark_Beetle",14.29272,56.82494
"Eight-Toothed_Spruce_Bark_Beetle",15.406,56.32095
"Eight-Toothed_Spruce_Bark_Beetle",12.09269,47.887735
"Eight-Toothed_Spruce_Bark_Beetle",47.256221,54.863654
"Eight-Toothed_Spruce_Bark_Beetle",11.553117,47.626967
"Eight-Toothed_Spruce_Bark_Beetle",16.52099,59.63025
"Eight-Toothed_Spruce_Bark_Beetle",16.3383,59.43757
"Eight-Toothed_Spruce_Bark_Beetle",13.57672,58.18918
"Eight-Toothed_Spruce_Bark_Beetle",15.74055,57.18911
"Eight-Toothed_Spruce_Bark_Beetle",17.03483,62.67308
"Eight-Toothed_Spruce_Bark_Beetle",17.32661,62.66959
"Eight-Toothed_Spruce_Bark_Beetle",16.61844,59.04935
"Eight-Toothed_Spruce_Bark_Beetle",16.84983,62.50426
"Eight-Toothed_Spruce_Bark_Beetle",18.05033,62.75737
"Eight-Toothed_Spruce_Bark_Beetle",16.63147,62.21731
"Eight-Toothed_Spruce_Bark_Beetle",17.62955,62.21367
"Eight-Toothed_Spruce_Bark_Beetle",17.77641,62.51226
"Eight-Toothed_Spruce_Bark_Beetle",16.63147,62.21731
"Eight-Toothed_Spruce_Bark_Beetle",18.05033,62.75737
"Eight-Toothed_Spruce_Bark_Beetle",16.63147,62.21731
"Eight-Toothed_Spruce_Bark_Beetle",17.77641,62.51226
"Eight-Toothed_Spruce_Bark_Beetle",18.05033,62.75737
"Eight-Toothed_Spruce_Bark_Beetle",16.89223,62.17676
"Eight-Toothed_Spruce_Bark_Beetle",17.77641,62.51226
"Eight-Toothed_Spruce_Bark_Beetle",17.77641,62.51226
"Eight-Toothed_Spruce_Bark_Beetle",12.43532,58.16346
"Eight-Toothed_Spruce_Bark_Beetle",16.84983,62.50426
"Eight-Toothed_Spruce_Bark_Beetle",17.62955,62.21367
"Eight-Toothed_Spruce_Bark_Beetle",16.92252,62.61383
"Eight-Toothed_Spruce_Bark_Beetle",18.05033,62.75737
"Eight-Toothed_Spruce_Bark_Beetle",16.63147,62.21731
"Eight-Toothed_Spruce_Bark_Beetle",16.63147,62.21731
"Eight-Toothed_Spruce_Bark_Beetle",15.08157,62.52488
"Eight-Toothed_Spruce_Bark_Beetle",18.05033,62.75737
"Eight-Toothed_Spruce_Bark_Beetle",15.08157,62.52488
"Eight-Toothed_Spruce_Bark_Beetle",16.84983,62.50426
"Eight-Toothed_Spruce_Bark_Beetle",16.38196,60.45496
"Eight-Toothed_Spruce_Bark_Beetle",16.92252,62.61383
"Eight-Toothed_Spruce_Bark_Beetle",17.07983,58.76106
"Eight-Toothed_Spruce_Bark_Beetle",16.31127,62.62136
"Eight-Toothed_Spruce_Bark_Beetle",16.89223,62.17676
"Eight-Toothed_Spruce_Bark_Beetle",16.89223,62.17676
"Eight-Toothed_Spruce_Bark_Beetle",16.63147,62.21731
"Eight-Toothed_Spruce_Bark_Beetle",14.33736,58.4188
"Eight-Toothed_Spruce_Bark_Beetle",16.63147,62.21731
"Eight-Toothed_Spruce_Bark_Beetle",17.03483,62.67308
"Eight-Toothed_Spruce_Bark_Beetle",16.85069,62.50369
"Eight-Toothed_Spruce_Bark_Beetle",17.32661,62.66959
"Eight-Toothed_Spruce_Bark_Beetle",17.77641,62.51226
"Eight-Toothed_Spruce_Bark_Beetle",16.89223,62.17676
"Eight-Toothed_Spruce_Bark_Beetle",18.05033,62.75737
"Eight-Toothed_Spruce_Bark_Beetle",18.05033,62.75737
"Eight-Toothed_Spruce_Bark_Beetle",18.05033,62.75737
"Eight-Toothed_Spruce_Bark_Beetle",16.63147,62.21731
"Eight-Toothed_Spruce_Bark_Beetle",16.89223,62.17676
"Eight-Toothed_Spruce_Bark_Beetle",16.84983,62.50426
"Eight-Toothed_Spruce_Bark_Beetle",17.62955,62.21367
"Eight-Toothed_Spruce_Bark_Beetle",17.77641,62.51226
"Eight-Toothed_Spruce_Bark_Beetle",16.63147,62.21731
"Eight-Toothed_Spruce_Bark_Beetle",16.31127,62.62136
"Eight-Toothed_Spruce_Bark_Beetle",16.89223,62.17676
"Eight-Toothed_Spruce_Bark_Beetle",16.89223,62.17676
"Eight-Toothed_Spruce_Bark_Beetle",13.2122,58.48274
"Eight-Toothed_Spruce_Bark_Beetle",17.03483,62.67308
"Eight-Toothed_Spruce_Bark_Beetle",18.05033,62.75737
"Eight-Toothed_Spruce_Bark_Beetle",16.84983,62.50426
"Eight-Toothed_Spruce_Bark_Beetle",17.77641,62.51226
"Eight-Toothed_Spruce_Bark_Beetle",15.08157,62.52488
"Eight-Toothed_Spruce_Bark_Beetle",16.84983,62.50426
"Eight-Toothed_Spruce_Bark_Beetle",17.77641,62.51226
"Eight-Toothed_Spruce_Bark_Beetle",16.63147,62.21731
"Eight-Toothed_Spruce_Bark_Beetle",17.77641,62.51226
"Eight-Toothed_Spruce_Bark_Beetle",16.31127,62.62136
"Eight-Toothed_Spruce_Bark_Beetle",16.89223,62.17676
"Eight-Toothed_Spruce_Bark_Beetle",-2.974001,53.178115
"Eight-Toothed_Spruce_Bark_Beetle",14.229784,50.917212
"Eight-Toothed_Spruce_Bark_Beetle",8.402663,51.436146
"Eight-Toothed_Spruce_Bark_Beetle",-2.858897,54.886705
"Eight-Toothed_Spruce_Bark_Beetle",-2.858897,54.886705
"Eight-Toothed_Spruce_Bark_Beetle",8.12112,46.38682
"Eight-Toothed_Spruce_Bark_Beetle",7.66595,46.34366
"Eight-Toothed_Spruce_Bark_Beetle",7.21209,46.16375
"Eight-Toothed_Spruce_Bark_Beetle",7.21038,46.56855
"Eight-Toothed_Spruce_Bark_Beetle",7.66595,46.34366
"Eight-Toothed_Spruce_Bark_Beetle",7.66595,46.34366
"Eight-Toothed_Spruce_Bark_Beetle",7.21038,46.56855
"Eight-Toothed_Spruce_Bark_Beetle",7.66595,46.34366
"Eight-Toothed_Spruce_Bark_Beetle",8.12112,46.38682
"Eight-Toothed_Spruce_Bark_Beetle",7.21038,46.56855
"Eight-Toothed_Spruce_Bark_Beetle",7.66595,46.34366
"Eight-Toothed_Spruce_Bark_Beetle",7.21038,46.56855
"Eight-Toothed_Spruce_Bark_Beetle",7.66595,46.34366
"Eight-Toothed_Spruce_Bark_Beetle",7.66595,46.34366
"Eight-Toothed_Spruce_Bark_Beetle",7.66595,46.34366
"Eight-Toothed_Spruce_Bark_Beetle",7.66595,46.34366
"Eight-Toothed_Spruce_Bark_Beetle",7.66595,46.34366
"Eight-Toothed_Spruce_Bark_Beetle",7.66595,46.34366
"Eight-Toothed_Spruce_Bark_Beetle",7.66595,46.34366
"Eight-Toothed_Spruce_Bark_Beetle",7.27668,46.20884
"Eight-Toothed_Spruce_Bark_Beetle",7.66595,46.34366
"Eight-Toothed_Spruce_Bark_Beetle",7.21019,46.61352
"Eight-Toothed_Spruce_Bark_Beetle",7.66595,46.34366
"Eight-Toothed_Spruce_Bark_Beetle",7.21038,46.56855
"Eight-Toothed_Spruce_Bark_Beetle",7.21038,46.56855
"Eight-Toothed_Spruce_Bark_Beetle",7.66595,46.34366
"Eight-Toothed_Spruce_Bark_Beetle",7.66595,46.34366
"Eight-Toothed_Spruce_Bark_Beetle",6.95074,46.43279
"Eight-Toothed_Spruce_Bark_Beetle",7.66595,46.34366
"Eight-Toothed_Spruce_Bark_Beetle",7.21038,46.56855
"Eight-Toothed_Spruce_Bark_Beetle",7.21019,46.61352
"Eight-Toothed_Spruce_Bark_Beetle",7.66595,46.34366
"Eight-Toothed_Spruce_Bark_Beetle",7.66595,46.34366
"Eight-Toothed_Spruce_Bark_Beetle",7.66595,46.34366
"Eight-Toothed_Spruce_Bark_Beetle",7.21038,46.56855
"Eight-Toothed_Spruce_Bark_Beetle",7.21038,46.56855
"Eight-Toothed_Spruce_Bark_Beetle",7.66595,46.34366
"Eight-Toothed_Spruce_Bark_Beetle",7.21019,46.61352
"Eight-Toothed_Spruce_Bark_Beetle",7.66595,46.34366
"Eight-Toothed_Spruce_Bark_Beetle",7.66595,46.34366
"Eight-Toothed_Spruce_Bark_Beetle",7.21019,46.61352
"Eight-Toothed_Spruce_Bark_Beetle",7.66595,46.34366
"Eight-Toothed_Spruce_Bark_Beetle",7.66595,46.34366
"Eight-Toothed_Spruce_Bark_Beetle",7.66595,46.34366
"Eight-Toothed_Spruce_Bark_Beetle",15.55259,60.86691
"Eight-Toothed_Spruce_Bark_Beetle",15.49701,60.90511
"Eight-Toothed_Spruce_Bark_Beetle",14.80818,60.69584
"Eight-Toothed_Spruce_Bark_Beetle",14.6106,60.67827
"Eight-Toothed_Spruce_Bark_Beetle",13.48493,61.0111
"Eight-Toothed_Spruce_Bark_Beetle",17.46258,58.87632
"Eight-Toothed_Spruce_Bark_Beetle",15.48466,60.81264
"Eight-Toothed_Spruce_Bark_Beetle",23.259603,63.814239
"Eight-Toothed_Spruce_Bark_Beetle",17.2064,58.98856
"Eight-Toothed_Spruce_Bark_Beetle",19.21395,64.21417
"Eight-Toothed_Spruce_Bark_Beetle",16.63489,59.55215
"Eight-Toothed_Spruce_Bark_Beetle",12.46312,59.66177
"Eight-Toothed_Spruce_Bark_Beetle",16.85617,60.01657
"Eight-Toothed_Spruce_Bark_Beetle",16.62993,59.55422
"Eight-Toothed_Spruce_Bark_Beetle",17.37705,59.68242
"Eight-Toothed_Spruce_Bark_Beetle",15.51674,58.09641
"Eight-Toothed_Spruce_Bark_Beetle",16.27146,58.91767
"Eight-Toothed_Spruce_Bark_Beetle",16.39405,59.09815
"Eight-Toothed_Spruce_Bark_Beetle",11.154533,47.450312
"Eight-Toothed_Spruce_Bark_Beetle",15.73984,63.22209
"Eight-Toothed_Spruce_Bark_Beetle",10.018,50.4781
"Eight-Toothed_Spruce_Bark_Beetle",10.01785,63.604038
"Eight-Toothed_Spruce_Bark_Beetle",17.31577,60.46291
"Eight-Toothed_Spruce_Bark_Beetle",16.12078,59.03674
"Eight-Toothed_Spruce_Bark_Beetle",17.39625,59.62048
"Eight-Toothed_Spruce_Bark_Beetle",11.747141,47.629898
"Eight-Toothed_Spruce_Bark_Beetle",17.3177,60.46048
"Eight-Toothed_Spruce_Bark_Beetle",17.62678,59.79452
"Eight-Toothed_Spruce_Bark_Beetle",15.21358,59.2463
"Eight-Toothed_Spruce_Bark_Beetle",16.95162,59.30302
"Eight-Toothed_Spruce_Bark_Beetle",18.76652,63.74042
"Eight-Toothed_Spruce_Bark_Beetle",18.76652,63.74042
"Eight-Toothed_Spruce_Bark_Beetle",14.13101,57.33174
"Eight-Toothed_Spruce_Bark_Beetle",14.72461,57.05407
"Eight-Toothed_Spruce_Bark_Beetle",18.76671,63.74075
"Eight-Toothed_Spruce_Bark_Beetle",17.6955,59.99638
"Eight-Toothed_Spruce_Bark_Beetle",18.33087,59.66971
"Eight-Toothed_Spruce_Bark_Beetle",17.69239,59.09568
"Eight-Toothed_Spruce_Bark_Beetle",14.96531,59.328
"Eight-Toothed_Spruce_Bark_Beetle",5.7,51.95
"Eight-Toothed_Spruce_Bark_Beetle",6.698349,51.556067
"Eight-Toothed_Spruce_Bark_Beetle",12.838798,46.663749
"Eight-Toothed_Spruce_Bark_Beetle",5.245179,49.904937
"Eight-Toothed_Spruce_Bark_Beetle",5.253759,50.015052
"Eight-Toothed_Spruce_Bark_Beetle",5.28641,49.873217
"Eight-Toothed_Spruce_Bark_Beetle",25.223426,60.61187
"Eight-Toothed_Spruce_Bark_Beetle",13.94474,58.07778
"Eight-Toothed_Spruce_Bark_Beetle",18.7113,59.77798
"Eight-Toothed_Spruce_Bark_Beetle",10.803912,59.327388
"Eight-Toothed_Spruce_Bark_Beetle",9.285903,59.666386
"Eight-Toothed_Spruce_Bark_Beetle",11.294166,46.038998
"Eight-Toothed_Spruce_Bark_Beetle",16.73914,59.14029
"Eight-Toothed_Spruce_Bark_Beetle",18.04441,63.97775
"Eight-Toothed_Spruce_Bark_Beetle",16.46862,59.34339
"Eight-Toothed_Spruce_Bark_Beetle",16.16924,59.79206
"Eight-Toothed_Spruce_Bark_Beetle",17.71818,59.95418
"Eight-Toothed_Spruce_Bark_Beetle",12.10002,59.6668
"Eight-Toothed_Spruce_Bark_Beetle",15.53273,56.76463
"Eight-Toothed_Spruce_Bark_Beetle",14.76377,59.11702
"Eight-Toothed_Spruce_Bark_Beetle",12.77706,60.25596
"Eight-Toothed_Spruce_Bark_Beetle",17.7557,59.9156
"Eight-Toothed_Spruce_Bark_Beetle",15.64665,64.22688
"Eight-Toothed_Spruce_Bark_Beetle",15.25745,59.05438
"Eight-Toothed_Spruce_Bark_Beetle",17.73884,59.98203
"Eight-Toothed_Spruce_Bark_Beetle",14.11881,58.133
"Eight-Toothed_Spruce_Bark_Beetle",15.0916,58.53288
"Eight-Toothed_Spruce_Bark_Beetle",14.32316,57.30618
"Eight-Toothed_Spruce_Bark_Beetle",16.2788,58.92593
"Eight-Toothed_Spruce_Bark_Beetle",14.32316,57.30618
"Eight-Toothed_Spruce_Bark_Beetle",13.40209,56.0149
"Eight-Toothed_Spruce_Bark_Beetle",13.36403,56.28356
"Eight-Toothed_Spruce_Bark_Beetle",14.32316,57.30618
"Eight-Toothed_Spruce_Bark_Beetle",17.67211,59.77526
"Eight-Toothed_Spruce_Bark_Beetle",19.54447,63.69373
"Eight-Toothed_Spruce_Bark_Beetle",12.17308,59.80805
"Eight-Toothed_Spruce_Bark_Beetle",15.62932,59.55842
"Eight-Toothed_Spruce_Bark_Beetle",17.97662,64.20757
"Eight-Toothed_Spruce_Bark_Beetle",18.95407,59.74467
"Eight-Toothed_Spruce_Bark_Beetle",17.52103,59.83387
"Eight-Toothed_Spruce_Bark_Beetle",17.73896,59.98183
"Eight-Toothed_Spruce_Bark_Beetle",16.63703,57.44253
"Eight-Toothed_Spruce_Bark_Beetle",14.82818,58.80024
"Eight-Toothed_Spruce_Bark_Beetle",16.57611,59.06228
"Eight-Toothed_Spruce_Bark_Beetle",16.26323,59.49945
"Eight-Toothed_Spruce_Bark_Beetle",17.99326,59.79906
"Eight-Toothed_Spruce_Bark_Beetle",16.19639,57.10429
"Eight-Toothed_Spruce_Bark_Beetle",15.99381,58.51869
"Eight-Toothed_Spruce_Bark_Beetle",14.11817,58.13463
"Eight-Toothed_Spruce_Bark_Beetle",18.81436,57.37929
"Eight-Toothed_Spruce_Bark_Beetle",15.10085,59.34038
"Eight-Toothed_Spruce_Bark_Beetle",13.65566,58.46807
"Eight-Toothed_Spruce_Bark_Beetle",17.78147,59.74351
"Eight-Toothed_Spruce_Bark_Beetle",20.4083,63.92879
"Eight-Toothed_Spruce_Bark_Beetle",20.05915,64.62831
"Eight-Toothed_Spruce_Bark_Beetle",15.99381,58.51869
"Eight-Toothed_Spruce_Bark_Beetle",17.05112,64.28425
"Eight-Toothed_Spruce_Bark_Beetle",18.03111,63.96572
"Eight-Toothed_Spruce_Bark_Beetle",16.90434,64.00911
"Eight-Toothed_Spruce_Bark_Beetle",15.91145,56.72989
"Eight-Toothed_Spruce_Bark_Beetle",17.81012,60.12962
"Eight-Toothed_Spruce_Bark_Beetle",18.34553,59.6666
"Eight-Toothed_Spruce_Bark_Beetle",16.11882,58.56715
"Eight-Toothed_Spruce_Bark_Beetle",16.7345,59.13787
"Eight-Toothed_Spruce_Bark_Beetle",18.72787,57.38162
"Eight-Toothed_Spruce_Bark_Beetle",13.05066,56.00847
"Eight-Toothed_Spruce_Bark_Beetle",15.46426,56.46082
"Eight-Toothed_Spruce_Bark_Beetle",18.914735,49.546302
"Eight-Toothed_Spruce_Bark_Beetle",13.39697,56.73708
"Eight-Toothed_Spruce_Bark_Beetle",14.63378,60.97044
"Eight-Toothed_Spruce_Bark_Beetle",19.72047,64.20158
"Eight-Toothed_Spruce_Bark_Beetle",18.13239,60.35333
"Eight-Toothed_Spruce_Bark_Beetle",19.72047,64.20158
"Eight-Toothed_Spruce_Bark_Beetle",19.72047,64.20158
"Eight-Toothed_Spruce_Bark_Beetle",13.39697,56.73708
"Eight-Toothed_Spruce_Bark_Beetle",18.13239,60.35333
"Eight-Toothed_Spruce_Bark_Beetle",18.13239,60.35333
"Eight-Toothed_Spruce_Bark_Beetle",14.63378,60.97044
"Eight-Toothed_Spruce_Bark_Beetle",14.63378,60.97044
"Eight-Toothed_Spruce_Bark_Beetle",13.39697,56.73708
"Eight-Toothed_Spruce_Bark_Beetle",14.63378,60.97044
"Eight-Toothed_Spruce_Bark_Beetle",19.72047,64.20158
"Eight-Toothed_Spruce_Bark_Beetle",13.39697,56.73708
"Eight-Toothed_Spruce_Bark_Beetle",18.13239,60.35333
"Eight-Toothed_Spruce_Bark_Beetle",7.7833,58.523101
"Eight-Toothed_Spruce_Bark_Beetle",10.27476,59.81017
"Eight-Toothed_Spruce_Bark_Beetle",10.440328,59.858975
"Eight-Toothed_Spruce_Bark_Beetle",4.324986,50.924351
"Eight-Toothed_Spruce_Bark_Beetle",15.99381,58.51869
"Eight-Toothed_Spruce_Bark_Beetle",14.02681,59.05377
"Eight-Toothed_Spruce_Bark_Beetle",15.99781,58.51948
"Eight-Toothed_Spruce_Bark_Beetle",14.81359,58.80736
"Eight-Toothed_Spruce_Bark_Beetle",14.35169,57.68355
"Eight-Toothed_Spruce_Bark_Beetle",20.04176,64.12324
"Eight-Toothed_Spruce_Bark_Beetle",14.81359,58.80736
"Eight-Toothed_Spruce_Bark_Beetle",15.55341,59.26342
"Eight-Toothed_Spruce_Bark_Beetle",12.58373,59.34422
"Eight-Toothed_Spruce_Bark_Beetle",16.20397,59.82859
"Eight-Toothed_Spruce_Bark_Beetle",15.0297,59.31123
"Eight-Toothed_Spruce_Bark_Beetle",16.23258,58.8457
"Eight-Toothed_Spruce_Bark_Beetle",17.07154,59.00843
"Eight-Toothed_Spruce_Bark_Beetle",12.26037,57.98565
"Eight-Toothed_Spruce_Bark_Beetle",37.383849,55.348118
"Eight-Toothed_Spruce_Bark_Beetle",37.131502,55.565184
"Eight-Toothed_Spruce_Bark_Beetle",9.50796,46.95489
"Eight-Toothed_Spruce_Bark_Beetle",7.87042,47.55741
"Eight-Toothed_Spruce_Bark_Beetle",9.50623,46.90993
"Eight-Toothed_Spruce_Bark_Beetle",9.50796,46.95489
"Eight-Toothed_Spruce_Bark_Beetle",9.50796,46.95489
"Eight-Toothed_Spruce_Bark_Beetle",8.98465,47.03512
"Eight-Toothed_Spruce_Bark_Beetle",8.79004,47.14554
"Eight-Toothed_Spruce_Bark_Beetle",8.84414,46.69505
"Eight-Toothed_Spruce_Bark_Beetle",7.27381,47.15335
"Eight-Toothed_Spruce_Bark_Beetle",9.11393,46.96133
"Eight-Toothed_Spruce_Bark_Beetle",9.26672,47.58878
"Eight-Toothed_Spruce_Bark_Beetle",9.50796,46.95489
"Eight-Toothed_Spruce_Bark_Beetle",7.07418,47.42273
"Eight-Toothed_Spruce_Bark_Beetle",7.53719,46.97353
"Eight-Toothed_Spruce_Bark_Beetle",6.36174,46.60865
"Eight-Toothed_Spruce_Bark_Beetle",7.4062,46.2989
"Eight-Toothed_Spruce_Bark_Beetle",9.50796,46.95489
"Eight-Toothed_Spruce_Bark_Beetle",9.11393,46.96133
"Eight-Toothed_Spruce_Bark_Beetle",9.11393,46.96133
"Eight-Toothed_Spruce_Bark_Beetle",9.50796,46.95489
"Eight-Toothed_Spruce_Bark_Beetle",9.10417,46.64656
"Eight-Toothed_Spruce_Bark_Beetle",9.50796,46.95489
"Eight-Toothed_Spruce_Bark_Beetle",8.20127,47.46577
"Eight-Toothed_Spruce_Bark_Beetle",8.02382,47.00806
"Eight-Toothed_Spruce_Bark_Beetle",8.84414,46.69505
"Eight-Toothed_Spruce_Bark_Beetle",9.11393,46.96133
"Eight-Toothed_Spruce_Bark_Beetle",9.11393,46.96133
"Eight-Toothed_Spruce_Bark_Beetle",8.84414,46.69505
"Eight-Toothed_Spruce_Bark_Beetle",8.33239,47.37488
"Eight-Toothed_Spruce_Bark_Beetle",9.11393,46.96133
"Eight-Toothed_Spruce_Bark_Beetle",9.32358,47.31797
"Eight-Toothed_Spruce_Bark_Beetle",7.07663,47.06295
"Eight-Toothed_Spruce_Bark_Beetle",8.1274,46.88155
"Eight-Toothed_Spruce_Bark_Beetle",8.77322,46.47099
"Eight-Toothed_Spruce_Bark_Beetle",7.34131,46.29887
"Eight-Toothed_Spruce_Bark_Beetle",8.59522,47.28259
"Eight-Toothed_Spruce_Bark_Beetle",6.42447,46.74417
"Eight-Toothed_Spruce_Bark_Beetle",8.52822,47.23827
"Eight-Toothed_Spruce_Bark_Beetle",7.73456,47.01817
"Eight-Toothed_Spruce_Bark_Beetle",8.12682,46.83658
"Eight-Toothed_Spruce_Bark_Beetle",9.50796,46.95489
"Eight-Toothed_Spruce_Bark_Beetle",6.36174,46.60865
"Eight-Toothed_Spruce_Bark_Beetle",8.85595,47.14474
"Eight-Toothed_Spruce_Bark_Beetle",9.50796,46.95489
"Eight-Toothed_Spruce_Bark_Beetle",10.42156,46.60166
"Eight-Toothed_Spruce_Bark_Beetle",9.11393,46.96133
"Eight-Toothed_Spruce_Bark_Beetle",9.50796,46.95489
"Eight-Toothed_Spruce_Bark_Beetle",8.12682,46.83658
"Eight-Toothed_Spruce_Bark_Beetle",9.50796,46.95489
"Eight-Toothed_Spruce_Bark_Beetle",8.84414,46.69505
"Eight-Toothed_Spruce_Bark_Beetle",10.1508,46.67145
"Eight-Toothed_Spruce_Bark_Beetle",8.93316,47.54858
"Eight-Toothed_Spruce_Bark_Beetle",9.11393,46.96133
"Eight-Toothed_Spruce_Bark_Beetle",9.11393,46.96133
"Eight-Toothed_Spruce_Bark_Beetle",9.50796,46.95489
"Eight-Toothed_Spruce_Bark_Beetle",9.11393,46.96133
"Eight-Toothed_Spruce_Bark_Beetle",9.69361,46.68141
"Eight-Toothed_Spruce_Bark_Beetle",9.10834,46.78147
"Eight-Toothed_Spruce_Bark_Beetle",9.33156,47.54276
"Eight-Toothed_Spruce_Bark_Beetle",8.46219,47.23888
"Eight-Toothed_Spruce_Bark_Beetle",9.50796,46.95489
"Eight-Toothed_Spruce_Bark_Beetle",7.53711,46.92855
"Eight-Toothed_Spruce_Bark_Beetle",9.11393,46.96133
"Eight-Toothed_Spruce_Bark_Beetle",8.72955,47.37112
"Eight-Toothed_Spruce_Bark_Beetle",6.36174,46.60865
"Eight-Toothed_Spruce_Bark_Beetle",8.65089,46.82322
"Eight-Toothed_Spruce_Bark_Beetle",9.50796,46.95489
"Eight-Toothed_Spruce_Bark_Beetle",8.26549,47.3304
"Eight-Toothed_Spruce_Bark_Beetle",9.50796,46.95489
"Eight-Toothed_Spruce_Bark_Beetle",8.4562,46.92408
"Eight-Toothed_Spruce_Bark_Beetle",9.50796,46.95489
"Eight-Toothed_Spruce_Bark_Beetle",9.50796,46.95489
"Eight-Toothed_Spruce_Bark_Beetle",10.35397,46.80145
"Eight-Toothed_Spruce_Bark_Beetle",9.11393,46.96133
"Eight-Toothed_Spruce_Bark_Beetle",9.50796,46.95489
"Eight-Toothed_Spruce_Bark_Beetle",9.50796,46.95489
"Eight-Toothed_Spruce_Bark_Beetle",8.46478,47.37378
"Eight-Toothed_Spruce_Bark_Beetle",9.50796,46.95489
"Eight-Toothed_Spruce_Bark_Beetle",9.50796,46.95489
"Eight-Toothed_Spruce_Bark_Beetle",9.4962,46.9911
"Eight-Toothed_Spruce_Bark_Beetle",9.11393,46.96133
"Eight-Toothed_Spruce_Bark_Beetle",9.50796,46.95489
"Eight-Toothed_Spruce_Bark_Beetle",8.72521,47.19126
"Eight-Toothed_Spruce_Bark_Beetle",8.97486,46.69337
"Eight-Toothed_Spruce_Bark_Beetle",9.11393,46.96133
"Eight-Toothed_Spruce_Bark_Beetle",9.04996,47.45706
"Eight-Toothed_Spruce_Bark_Beetle",9.43561,46.77621
"Eight-Toothed_Spruce_Bark_Beetle",9.50796,46.95489
"Eight-Toothed_Spruce_Bark_Beetle",9.7186,46.65392
"Eight-Toothed_Spruce_Bark_Beetle",6.81389,47.01684
"Eight-Toothed_Spruce_Bark_Beetle",7.47157,47.10849
"Eight-Toothed_Spruce_Bark_Beetle",6.36174,46.60865
"Eight-Toothed_Spruce_Bark_Beetle",7.47157,47.10849
"Eight-Toothed_Spruce_Bark_Beetle",9.50796,46.95489
"Eight-Toothed_Spruce_Bark_Beetle",8.79689,47.41533
"Eight-Toothed_Spruce_Bark_Beetle",9.50796,46.95489
"Eight-Toothed_Spruce_Bark_Beetle",7.47157,47.10849
"Eight-Toothed_Spruce_Bark_Beetle",9.50796,46.95489
"Eight-Toothed_Spruce_Bark_Beetle",8.85595,47.14474
"Eight-Toothed_Spruce_Bark_Beetle",9.11393,46.96133
"Eight-Toothed_Spruce_Bark_Beetle",9.11393,46.96133
"Eight-Toothed_Spruce_Bark_Beetle",8.93442,47.59354
"Eight-Toothed_Spruce_Bark_Beetle",9.11393,46.96133
"Eight-Toothed_Spruce_Bark_Beetle",8.53561,47.598
"Eight-Toothed_Spruce_Bark_Beetle",7.34155,46.16393
"Eight-Toothed_Spruce_Bark_Beetle",9.50796,46.95489
"Eight-Toothed_Spruce_Bark_Beetle",9.50796,46.95489
"Eight-Toothed_Spruce_Bark_Beetle",6.88753,46.25258
"Eight-Toothed_Spruce_Bark_Beetle",8.71768,46.87648
"Eight-Toothed_Spruce_Bark_Beetle",7.27408,47.0634
"Eight-Toothed_Spruce_Bark_Beetle",7.80154,47.19787
"Eight-Toothed_Spruce_Bark_Beetle",6.36174,46.60865
"Eight-Toothed_Spruce_Bark_Beetle",9.50796,46.95489
"Eight-Toothed_Spruce_Bark_Beetle",8.84414,46.69505
"Eight-Toothed_Spruce_Bark_Beetle",8.79574,47.37037
"Eight-Toothed_Spruce_Bark_Beetle",9.20176,47.63476
"Eight-Toothed_Spruce_Bark_Beetle",9.50796,46.95489
"Eight-Toothed_Spruce_Bark_Beetle",9.50796,46.95489
"Eight-Toothed_Spruce_Bark_Beetle",8.98776,47.14304
"Eight-Toothed_Spruce_Bark_Beetle",7.07449,47.37776
"Eight-Toothed_Spruce_Bark_Beetle",6.36174,46.60865
"Eight-Toothed_Spruce_Bark_Beetle",9.50796,46.95489
"Eight-Toothed_Spruce_Bark_Beetle",8.96101,47.5932
"Eight-Toothed_Spruce_Bark_Beetle",9.11393,46.96133
"Eight-Toothed_Spruce_Bark_Beetle",10.44914,46.62794
"Eight-Toothed_Spruce_Bark_Beetle",7.08262,46.16341
"Eight-Toothed_Spruce_Bark_Beetle",7.5376,47.1984
"Eight-Toothed_Spruce_Bark_Beetle",10.21564,46.66088
"Eight-Toothed_Spruce_Bark_Beetle",9.11393,46.96133
"Eight-Toothed_Spruce_Bark_Beetle",7.73706,47.46789
"Eight-Toothed_Spruce_Bark_Beetle",7.21019,46.61352
"Eight-Toothed_Spruce_Bark_Beetle",8.79004,47.14554
"Eight-Toothed_Spruce_Bark_Beetle",6.36174,46.60865
"Eight-Toothed_Spruce_Bark_Beetle",9.50796,46.95489
"Eight-Toothed_Spruce_Bark_Beetle",7.21019,46.61352
"Eight-Toothed_Spruce_Bark_Beetle",9.06384,47.04303
"Eight-Toothed_Spruce_Bark_Beetle",9.50796,46.95489
"Eight-Toothed_Spruce_Bark_Beetle",7.30039,47.07243
"Eight-Toothed_Spruce_Bark_Beetle",8.84414,46.69505
"Eight-Toothed_Spruce_Bark_Beetle",9.0496,47.00724
"Eight-Toothed_Spruce_Bark_Beetle",9.11393,46.96133
"Eight-Toothed_Spruce_Bark_Beetle",8.84414,46.69505
"Eight-Toothed_Spruce_Bark_Beetle",9.11393,46.96133
"Eight-Toothed_Spruce_Bark_Beetle",9.11393,46.96133
"Eight-Toothed_Spruce_Bark_Beetle",8.84414,46.69505
"Eight-Toothed_Spruce_Bark_Beetle",9.50796,46.95489
"Eight-Toothed_Spruce_Bark_Beetle",9.11393,46.96133
"Eight-Toothed_Spruce_Bark_Beetle",9.11393,46.96133
"Eight-Toothed_Spruce_Bark_Beetle",9.11393,46.96133
"Eight-Toothed_Spruce_Bark_Beetle",8.11831,46.16193
"Eight-Toothed_Spruce_Bark_Beetle",7.65565,47.01834
"Eight-Toothed_Spruce_Bark_Beetle",9.85579,46.50709
"Eight-Toothed_Spruce_Bark_Beetle",6.36174,46.60865
"Eight-Toothed_Spruce_Bark_Beetle",9.06185,47.41191
"Eight-Toothed_Spruce_Bark_Beetle",9.50796,46.95489
"Eight-Toothed_Spruce_Bark_Beetle",7.38035,46.19994
"Eight-Toothed_Spruce_Bark_Beetle",8.77767,46.65087
"Eight-Toothed_Spruce_Bark_Beetle",8.38976,46.87967
"Eight-Toothed_Spruce_Bark_Beetle",9.18166,46.61841
"Eight-Toothed_Spruce_Bark_Beetle",8.04686,46.72008
"Eight-Toothed_Spruce_Bark_Beetle",6.36174,46.60865
"Eight-Toothed_Spruce_Bark_Beetle",9.06322,47.45687
"Eight-Toothed_Spruce_Bark_Beetle",8.79232,47.23547
"Eight-Toothed_Spruce_Bark_Beetle",9.50796,46.95489
"Eight-Toothed_Spruce_Bark_Beetle",8.20127,47.46577
"Eight-Toothed_Spruce_Bark_Beetle",9.50796,46.95489
"Eight-Toothed_Spruce_Bark_Beetle",7.4452,46.94659
"Eight-Toothed_Spruce_Bark_Beetle",9.11393,46.96133
"Eight-Toothed_Spruce_Bark_Beetle",8.20127,47.46577
"Eight-Toothed_Spruce_Bark_Beetle",7.41894,46.92859
"Eight-Toothed_Spruce_Bark_Beetle",9.11393,46.96133
"Eight-Toothed_Spruce_Bark_Beetle",9.50796,46.95489
"Eight-Toothed_Spruce_Bark_Beetle",9.11393,46.96133
"Eight-Toothed_Spruce_Bark_Beetle",9.50796,46.95489
"Eight-Toothed_Spruce_Bark_Beetle",9.50796,46.95489
"Eight-Toothed_Spruce_Bark_Beetle",9.33317,47.58771
"Eight-Toothed_Spruce_Bark_Beetle",8.93442,47.59354
"Eight-Toothed_Spruce_Bark_Beetle",8.5054,47.41839
"Eight-Toothed_Spruce_Bark_Beetle",7.47154,47.06352
"Eight-Toothed_Spruce_Bark_Beetle",7.73456,47.01817
"Eight-Toothed_Spruce_Bark_Beetle",8.43898,47.40999
"Eight-Toothed_Spruce_Bark_Beetle",9.50796,46.95489
"Eight-Toothed_Spruce_Bark_Beetle",8.86796,47.59438
"Eight-Toothed_Spruce_Bark_Beetle",6.17335,46.29182
"Eight-Toothed_Spruce_Bark_Beetle",9.50796,46.95489
"Eight-Toothed_Spruce_Bark_Beetle",9.11393,46.96133
"Eight-Toothed_Spruce_Bark_Beetle",7.47154,47.06352
"Eight-Toothed_Spruce_Bark_Beetle",9.50796,46.95489
"Eight-Toothed_Spruce_Bark_Beetle",10.30113,46.79379
"Eight-Toothed_Spruce_Bark_Beetle",9.04826,46.96227
"Eight-Toothed_Spruce_Bark_Beetle",7.47157,47.10849
"Eight-Toothed_Spruce_Bark_Beetle",8.84414,46.69505
"Eight-Toothed_Spruce_Bark_Beetle",9.11393,46.96133
"Eight-Toothed_Spruce_Bark_Beetle",9.50796,46.95489
"Eight-Toothed_Spruce_Bark_Beetle",8.79574,47.37037
"Eight-Toothed_Spruce_Bark_Beetle",7.07387,47.4677
"Eight-Toothed_Spruce_Bark_Beetle",8.85595,47.14474
"Eight-Toothed_Spruce_Bark_Beetle",9.11393,46.96133
"Eight-Toothed_Spruce_Bark_Beetle",8.84414,46.69505
"Eight-Toothed_Spruce_Bark_Beetle",8.84414,46.69505
"Eight-Toothed_Spruce_Bark_Beetle",8.84414,46.69505
"Eight-Toothed_Spruce_Bark_Beetle",8.90218,46.42441
"Eight-Toothed_Spruce_Bark_Beetle",9.11393,46.96133
"Eight-Toothed_Spruce_Bark_Beetle",9.50796,46.95489
"Eight-Toothed_Spruce_Bark_Beetle",9.50796,46.95489
"Eight-Toothed_Spruce_Bark_Beetle",8.20127,47.46577
"Eight-Toothed_Spruce_Bark_Beetle",9.70304,46.90621
"Eight-Toothed_Spruce_Bark_Beetle",7.4452,46.94659
"Eight-Toothed_Spruce_Bark_Beetle",7.53719,46.97353
"Eight-Toothed_Spruce_Bark_Beetle",7.06296,47.13486
"Eight-Toothed_Spruce_Bark_Beetle",9.39464,47.45174
"Eight-Toothed_Spruce_Bark_Beetle",9.69256,46.96941
"Eight-Toothed_Spruce_Bark_Beetle",7.07418,47.42273
"Eight-Toothed_Spruce_Bark_Beetle",8.99037,47.23297
"Eight-Toothed_Spruce_Bark_Beetle",8.64404,46.51741
"Eight-Toothed_Spruce_Bark_Beetle",9.50796,46.95489
"Eight-Toothed_Spruce_Bark_Beetle",8.77878,46.69584
"Eight-Toothed_Spruce_Bark_Beetle",8.90218,46.42441
"Eight-Toothed_Spruce_Bark_Beetle",9.50796,46.95489
"Eight-Toothed_Spruce_Bark_Beetle",8.84414,46.69505
"Eight-Toothed_Spruce_Bark_Beetle",7.99435,46.70236
"Eight-Toothed_Spruce_Bark_Beetle",7.66659,46.49659
"Eight-Toothed_Spruce_Bark_Beetle",9.11393,46.96133
"Eight-Toothed_Spruce_Bark_Beetle",9.13237,47.54584
"Eight-Toothed_Spruce_Bark_Beetle",8.20127,47.46577
"Eight-Toothed_Spruce_Bark_Beetle",9.11393,46.96133
"Eight-Toothed_Spruce_Bark_Beetle",8.9442,46.53183
"Eight-Toothed_Spruce_Bark_Beetle",9.11393,46.96133
"Eight-Toothed_Spruce_Bark_Beetle",9.50796,46.95489
"Eight-Toothed_Spruce_Bark_Beetle",9.50796,46.95489
"Eight-Toothed_Spruce_Bark_Beetle",8.53006,47.32821
"Eight-Toothed_Spruce_Bark_Beetle",8.04686,46.72008
"Eight-Toothed_Spruce_Bark_Beetle",9.18166,46.61841
"Eight-Toothed_Spruce_Bark_Beetle",6.36174,46.60865
"Eight-Toothed_Spruce_Bark_Beetle",7.21152,46.29868
"Eight-Toothed_Spruce_Bark_Beetle",7.2067,47.42307
"Eight-Toothed_Spruce_Bark_Beetle",9.50796,46.95489
"Eight-Toothed_Spruce_Bark_Beetle",9.11393,46.96133
"Eight-Toothed_Spruce_Bark_Beetle",8.84414,46.69505
"Eight-Toothed_Spruce_Bark_Beetle",7.47157,47.10849
"Eight-Toothed_Spruce_Bark_Beetle",7.27408,47.0634
"Eight-Toothed_Spruce_Bark_Beetle",9.11393,46.96133
"Eight-Toothed_Spruce_Bark_Beetle",8.46392,47.32881
"Eight-Toothed_Spruce_Bark_Beetle",8.5093,46.29385
"Eight-Toothed_Spruce_Bark_Beetle",9.1738,46.78049
"Eight-Toothed_Spruce_Bark_Beetle",6.29649,46.60801
"Eight-Toothed_Spruce_Bark_Beetle",9.50796,46.95489
"Eight-Toothed_Spruce_Bark_Beetle",9.63376,46.81757
"Eight-Toothed_Spruce_Bark_Beetle",9.50796,46.95489
"Eight-Toothed_Spruce_Bark_Beetle",9.11393,46.96133
"Eight-Toothed_Spruce_Bark_Beetle",8.84414,46.69505
"Eight-Toothed_Spruce_Bark_Beetle",9.50796,46.95489
"Eight-Toothed_Spruce_Bark_Beetle",9.50796,46.95489
"Eight-Toothed_Spruce_Bark_Beetle",9.50796,46.95489
"Eight-Toothed_Spruce_Bark_Beetle",9.50796,46.95489
"Eight-Toothed_Spruce_Bark_Beetle",8.77878,46.69584
"Eight-Toothed_Spruce_Bark_Beetle",6.68942,46.51233
"Eight-Toothed_Spruce_Bark_Beetle",7.67039,47.3871
"Eight-Toothed_Spruce_Bark_Beetle",9.26517,47.54382
"Eight-Toothed_Spruce_Bark_Beetle",8.72955,47.37112
"Eight-Toothed_Spruce_Bark_Beetle",8.96101,47.5932
"Eight-Toothed_Spruce_Bark_Beetle",8.84414,46.69505
"Eight-Toothed_Spruce_Bark_Beetle",9.17235,46.73552
"Eight-Toothed_Spruce_Bark_Beetle",7.41894,46.92859
"Eight-Toothed_Spruce_Bark_Beetle",8.46219,47.23888
"Eight-Toothed_Spruce_Bark_Beetle",8.84414,46.69505
"Eight-Toothed_Spruce_Bark_Beetle",8.20127,47.46577
"Eight-Toothed_Spruce_Bark_Beetle",7.73456,47.01817
"Eight-Toothed_Spruce_Bark_Beetle",8.45876,47.05899
"Eight-Toothed_Spruce_Bark_Beetle",10.39596,46.61133
"Eight-Toothed_Spruce_Bark_Beetle",7.47157,47.10849
"Eight-Toothed_Spruce_Bark_Beetle",7.30039,47.07243
"Eight-Toothed_Spruce_Bark_Beetle",6.36174,46.60865
"Eight-Toothed_Spruce_Bark_Beetle",9.11393,46.96133
"Eight-Toothed_Spruce_Bark_Beetle",7.59139,47.54912
"Eight-Toothed_Spruce_Bark_Beetle",7.99761,47.01719
"Eight-Toothed_Spruce_Bark_Beetle",8.84414,46.69505
"Eight-Toothed_Spruce_Bark_Beetle",9.11393,46.96133
"Eight-Toothed_Spruce_Bark_Beetle",8.20127,47.46577
"Eight-Toothed_Spruce_Bark_Beetle",9.11393,46.96133
"Eight-Toothed_Spruce_Bark_Beetle",9.11393,46.96133
"Eight-Toothed_Spruce_Bark_Beetle",8.47263,47.77846
"Eight-Toothed_Spruce_Bark_Beetle",8.79346,47.28044
"Eight-Toothed_Spruce_Bark_Beetle",7.66842,46.92837
"Eight-Toothed_Spruce_Bark_Beetle",9.56827,46.81881
"Eight-Toothed_Spruce_Bark_Beetle",9.28068,46.8418
"Eight-Toothed_Spruce_Bark_Beetle",9.50796,46.95489
"Eight-Toothed_Spruce_Bark_Beetle",9.04288,46.7824
"Eight-Toothed_Spruce_Bark_Beetle",6.18363,46.40889
"Eight-Toothed_Spruce_Bark_Beetle",7.4978,47.00054
"Eight-Toothed_Spruce_Bark_Beetle",9.15802,46.28585
"Eight-Toothed_Spruce_Bark_Beetle",9.50796,46.95489
"Eight-Toothed_Spruce_Bark_Beetle",7.40578,46.97357
"Eight-Toothed_Spruce_Bark_Beetle",9.11393,46.96133
"Eight-Toothed_Spruce_Bark_Beetle",9.50277,46.82001
"Eight-Toothed_Spruce_Bark_Beetle",9.87114,46.84876
"Eight-Toothed_Spruce_Bark_Beetle",7.80154,47.19787
"Eight-Toothed_Spruce_Bark_Beetle",8.20127,47.46577
"Eight-Toothed_Spruce_Bark_Beetle",9.11393,46.96133
"Eight-Toothed_Spruce_Bark_Beetle",9.50796,46.95489
"Eight-Toothed_Spruce_Bark_Beetle",6.36174,46.60865
"Eight-Toothed_Spruce_Bark_Beetle",7.1337,46.2895
"Eight-Toothed_Spruce_Bark_Beetle",7.07449,47.37776
"Eight-Toothed_Spruce_Bark_Beetle",9.11393,46.96133
"Eight-Toothed_Spruce_Bark_Beetle",9.04154,46.73744
"Eight-Toothed_Spruce_Bark_Beetle",8.84414,46.69505
"Eight-Toothed_Spruce_Bark_Beetle",7.01045,47.10769
"Eight-Toothed_Spruce_Bark_Beetle",8.20127,47.46577
"Eight-Toothed_Spruce_Bark_Beetle",6.36174,46.60865
"Eight-Toothed_Spruce_Bark_Beetle",9.87114,46.84876
"Eight-Toothed_Spruce_Bark_Beetle",9.61486,46.34998
"Eight-Toothed_Spruce_Bark_Beetle",9.11393,46.96133
"Eight-Toothed_Spruce_Bark_Beetle",8.84414,46.69505
"Eight-Toothed_Spruce_Bark_Beetle",9.50796,46.95489
"Eight-Toothed_Spruce_Bark_Beetle",8.77322,46.47099
"Eight-Toothed_Spruce_Bark_Beetle",9.26517,47.54382
"Eight-Toothed_Spruce_Bark_Beetle",7.07602,47.1529
"Eight-Toothed_Spruce_Bark_Beetle",7.66577,46.29868
"Eight-Toothed_Spruce_Bark_Beetle",9.50796,46.95489
"Eight-Toothed_Spruce_Bark_Beetle",9.50796,46.95489
"Eight-Toothed_Spruce_Bark_Beetle",6.36174,46.60865
"Eight-Toothed_Spruce_Bark_Beetle",8.92186,47.14391
"Eight-Toothed_Spruce_Bark_Beetle",8.46739,47.50868
"Eight-Toothed_Spruce_Bark_Beetle",6.10517,46.42599
"Eight-Toothed_Spruce_Bark_Beetle",7.4452,46.94659
"Eight-Toothed_Spruce_Bark_Beetle",9.11534,47.0063
"Eight-Toothed_Spruce_Bark_Beetle",9.50796,46.95489
"Eight-Toothed_Spruce_Bark_Beetle",9.11393,46.96133
"Eight-Toothed_Spruce_Bark_Beetle",9.11393,46.96133
"Eight-Toothed_Spruce_Bark_Beetle",7.1459,46.43346
"Eight-Toothed_Spruce_Bark_Beetle",7.65565,47.01834
"Eight-Toothed_Spruce_Bark_Beetle",8.84414,46.69505
"Eight-Toothed_Spruce_Bark_Beetle",9.50796,46.95489
"Eight-Toothed_Spruce_Bark_Beetle",9.11393,46.96133
"Eight-Toothed_Spruce_Bark_Beetle",9.77472,46.74278
"Eight-Toothed_Spruce_Bark_Beetle",8.84414,46.69505
"Eight-Toothed_Spruce_Bark_Beetle",9.0496,47.00724
"Eight-Toothed_Spruce_Bark_Beetle",9.50796,46.95489
"Eight-Toothed_Spruce_Bark_Beetle",8.84414,46.69505
"Eight-Toothed_Spruce_Bark_Beetle",7.60456,47.51313
"Eight-Toothed_Spruce_Bark_Beetle",9.50796,46.95489
"Eight-Toothed_Spruce_Bark_Beetle",8.67064,47.68659
"Eight-Toothed_Spruce_Bark_Beetle",8.47176,47.7335
"Eight-Toothed_Spruce_Bark_Beetle",9.11393,46.96133
"Eight-Toothed_Spruce_Bark_Beetle",8.96101,47.5932
"Eight-Toothed_Spruce_Bark_Beetle",9.50796,46.95489
"Eight-Toothed_Spruce_Bark_Beetle",7.79626,46.4063
"Eight-Toothed_Spruce_Bark_Beetle",8.84414,46.69505
"Eight-Toothed_Spruce_Bark_Beetle",9.11393,46.96133
"Eight-Toothed_Spruce_Bark_Beetle",9.50796,46.95489
"Eight-Toothed_Spruce_Bark_Beetle",9.50796,46.95489
"Eight-Toothed_Spruce_Bark_Beetle",8.4562,46.92408
"Eight-Toothed_Spruce_Bark_Beetle",9.22435,46.32982
"Eight-Toothed_Spruce_Bark_Beetle",9.11393,46.96133
"Eight-Toothed_Spruce_Bark_Beetle",9.0496,47.00724
"Eight-Toothed_Spruce_Bark_Beetle",9.11393,46.96133
"Eight-Toothed_Spruce_Bark_Beetle",9.50796,46.95489
"Eight-Toothed_Spruce_Bark_Beetle",9.50796,46.95489
"Eight-Toothed_Spruce_Bark_Beetle",9.50796,46.95489
"Eight-Toothed_Spruce_Bark_Beetle",7.00792,47.4225
"Eight-Toothed_Spruce_Bark_Beetle",9.97804,46.61243
"Eight-Toothed_Spruce_Bark_Beetle",7.4452,46.94659
"Eight-Toothed_Spruce_Bark_Beetle",9.50796,46.95489
"Eight-Toothed_Spruce_Bark_Beetle",9.50796,46.95489
"Eight-Toothed_Spruce_Bark_Beetle",9.50796,46.95489
"Eight-Toothed_Spruce_Bark_Beetle",6.55295,46.88918
"Eight-Toothed_Spruce_Bark_Beetle",8.20127,47.46577
"Eight-Toothed_Spruce_Bark_Beetle",9.50796,46.95489
"Eight-Toothed_Spruce_Bark_Beetle",8.97614,46.73834
"Eight-Toothed_Spruce_Bark_Beetle",9.50796,46.95489
"Eight-Toothed_Spruce_Bark_Beetle",6.36174,46.60865
"Eight-Toothed_Spruce_Bark_Beetle",8.72305,47.10132
"Eight-Toothed_Spruce_Bark_Beetle",6.36174,46.60865
"Eight-Toothed_Spruce_Bark_Beetle",7.20885,46.92836
"Eight-Toothed_Spruce_Bark_Beetle",9.11393,46.96133
"Eight-Toothed_Spruce_Bark_Beetle",9.11393,46.96133
"Eight-Toothed_Spruce_Bark_Beetle",9.11393,46.96133
"Eight-Toothed_Spruce_Bark_Beetle",7.28837,46.66763
"Eight-Toothed_Spruce_Bark_Beetle",9.50796,46.95489
"Eight-Toothed_Spruce_Bark_Beetle",9.11393,46.96133
"Eight-Toothed_Spruce_Bark_Beetle",9.0496,47.00724
"Eight-Toothed_Spruce_Bark_Beetle",8.45876,47.05899
"Eight-Toothed_Spruce_Bark_Beetle",8.77322,46.47099
"Eight-Toothed_Spruce_Bark_Beetle",9.22643,46.39277
"Eight-Toothed_Spruce_Bark_Beetle",8.06971,47.5565
"Eight-Toothed_Spruce_Bark_Beetle",9.50796,46.95489
"Eight-Toothed_Spruce_Bark_Beetle",8.19425,46.97108
"Eight-Toothed_Spruce_Bark_Beetle",9.50796,46.95489
"Eight-Toothed_Spruce_Bark_Beetle",8.46478,47.37378
"Eight-Toothed_Spruce_Bark_Beetle",9.50796,46.95489
"Eight-Toothed_Spruce_Bark_Beetle",9.00089,47.59267
"Eight-Toothed_Spruce_Bark_Beetle",9.11393,46.96133
"Eight-Toothed_Spruce_Bark_Beetle",8.06705,47.33165
"Eight-Toothed_Spruce_Bark_Beetle",9.11393,46.96133
"Eight-Toothed_Spruce_Bark_Beetle",9.42731,46.5514
"Eight-Toothed_Spruce_Bark_Beetle",9.09315,46.28682
"Eight-Toothed_Spruce_Bark_Beetle",8.06025,46.747
"Eight-Toothed_Spruce_Bark_Beetle",9.50796,46.95489
"Eight-Toothed_Spruce_Bark_Beetle",7.27668,46.20884
"Eight-Toothed_Spruce_Bark_Beetle",8.65822,47.14701
"Eight-Toothed_Spruce_Bark_Beetle",9.50796,46.95489
"Eight-Toothed_Spruce_Bark_Beetle",8.20192,47.51073
"Eight-Toothed_Spruce_Bark_Beetle",7.73716,47.48588
"Eight-Toothed_Spruce_Bark_Beetle",9.50796,46.95489
"Eight-Toothed_Spruce_Bark_Beetle",9.11393,46.96133
"Eight-Toothed_Spruce_Bark_Beetle",8.96595,46.37858
"Eight-Toothed_Spruce_Bark_Beetle",6.55384,46.83521
"Eight-Toothed_Spruce_Bark_Beetle",6.36174,46.60865
"Eight-Toothed_Spruce_Bark_Beetle",8.06705,47.33165
"Eight-Toothed_Spruce_Bark_Beetle",6.4891,46.78971
"Eight-Toothed_Spruce_Bark_Beetle",8.84414,46.69505
"Eight-Toothed_Spruce_Bark_Beetle",9.50796,46.95489
"Eight-Toothed_Spruce_Bark_Beetle",9.04996,47.45706
"Eight-Toothed_Spruce_Bark_Beetle",7.53752,47.15343
"Eight-Toothed_Spruce_Bark_Beetle",8.52275,46.96845
"Eight-Toothed_Spruce_Bark_Beetle",9.68017,46.67268
"Eight-Toothed_Spruce_Bark_Beetle",8.84414,46.69505
"Eight-Toothed_Spruce_Bark_Beetle",8.46478,47.37378
"Eight-Toothed_Spruce_Bark_Beetle",8.25517,46.65581
"Eight-Toothed_Spruce_Bark_Beetle",9.11393,46.96133
"Eight-Toothed_Spruce_Bark_Beetle",8.84414,46.69505
"Eight-Toothed_Spruce_Bark_Beetle",9.11393,46.96133
"Eight-Toothed_Spruce_Bark_Beetle",8.52822,47.23827
"Eight-Toothed_Spruce_Bark_Beetle",7.80399,47.55764
"Eight-Toothed_Spruce_Bark_Beetle",8.84414,46.69505
"Eight-Toothed_Spruce_Bark_Beetle",8.84414,46.69505
"Eight-Toothed_Spruce_Bark_Beetle",9.50796,46.95489
"Eight-Toothed_Spruce_Bark_Beetle",9.11393,46.96133
"Eight-Toothed_Spruce_Bark_Beetle",8.86796,47.59438
"Eight-Toothed_Spruce_Bark_Beetle",8.26969,47.60021
"Eight-Toothed_Spruce_Bark_Beetle",10.1508,46.67145
"Eight-Toothed_Spruce_Bark_Beetle",9.11393,46.96133
"Eight-Toothed_Spruce_Bark_Beetle",8.43898,47.40999
"Eight-Toothed_Spruce_Bark_Beetle",8.77322,46.47099
"Eight-Toothed_Spruce_Bark_Beetle",7.60476,47.57608
"Eight-Toothed_Spruce_Bark_Beetle",9.50796,46.95489
"Eight-Toothed_Spruce_Bark_Beetle",9.11393,46.96133
"Eight-Toothed_Spruce_Bark_Beetle",7.2067,47.42307
"Eight-Toothed_Spruce_Bark_Beetle",8.84414,46.69505
"Eight-Toothed_Spruce_Bark_Beetle",8.05613,46.38719
"Eight-Toothed_Spruce_Bark_Beetle",8.71555,46.78653
"Eight-Toothed_Spruce_Bark_Beetle",9.10834,46.78147
"Eight-Toothed_Spruce_Bark_Beetle",6.36174,46.60865
"Eight-Toothed_Spruce_Bark_Beetle",9.11393,46.96133
"Eight-Toothed_Spruce_Bark_Beetle",9.50796,46.95489
"Eight-Toothed_Spruce_Bark_Beetle",8.84414,46.69505
"Eight-Toothed_Spruce_Bark_Beetle",9.43062,46.64132
"Eight-Toothed_Spruce_Bark_Beetle",9.33152,46.79598
"Eight-Toothed_Spruce_Bark_Beetle",8.52822,47.23827
"Eight-Toothed_Spruce_Bark_Beetle",9.11393,46.96133
"Eight-Toothed_Spruce_Bark_Beetle",7.07724,46.973
"Eight-Toothed_Spruce_Bark_Beetle",9.50796,46.95489
"Eight-Toothed_Spruce_Bark_Beetle",9.33156,47.54276
"Eight-Toothed_Spruce_Bark_Beetle",9.11393,46.96133
"Eight-Toothed_Spruce_Bark_Beetle",7.47154,47.06352
"Eight-Toothed_Spruce_Bark_Beetle",9.50796,46.95489
"Eight-Toothed_Spruce_Bark_Beetle",7.27408,47.0634
"Eight-Toothed_Spruce_Bark_Beetle",8.12682,46.83658
"Eight-Toothed_Spruce_Bark_Beetle",9.11393,46.96133
"Eight-Toothed_Spruce_Bark_Beetle",7.14044,47.42292
"Eight-Toothed_Spruce_Bark_Beetle",9.11393,46.96133
"Eight-Toothed_Spruce_Bark_Beetle",8.89494,46.15459
"Eight-Toothed_Spruce_Bark_Beetle",9.50796,46.95489
"Eight-Toothed_Spruce_Bark_Beetle",8.39778,47.32938
"Eight-Toothed_Spruce_Bark_Beetle",9.11393,46.96133
"Eight-Toothed_Spruce_Bark_Beetle",8.84414,46.69505
"Eight-Toothed_Spruce_Bark_Beetle",9.50796,46.95489
"Eight-Toothed_Spruce_Bark_Beetle",9.50796,46.95489
"Eight-Toothed_Spruce_Bark_Beetle",9.11393,46.96133
"Eight-Toothed_Spruce_Bark_Beetle",9.50796,46.95489
"Eight-Toothed_Spruce_Bark_Beetle",7.2116,46.28069
"Eight-Toothed_Spruce_Bark_Beetle",7.60208,46.7036
"Eight-Toothed_Spruce_Bark_Beetle",9.50796,46.95489
"Eight-Toothed_Spruce_Bark_Beetle",8.65546,46.44532
"Eight-Toothed_Spruce_Bark_Beetle",7.66842,46.92837
"Eight-Toothed_Spruce_Bark_Beetle",8.20192,47.51073
"Eight-Toothed_Spruce_Bark_Beetle",7.01685,46.29812
"Eight-Toothed_Spruce_Bark_Beetle",9.11393,46.96133
"Eight-Toothed_Spruce_Bark_Beetle",9.50796,46.95489
"Eight-Toothed_Spruce_Bark_Beetle",9.50796,46.95489
"Eight-Toothed_Spruce_Bark_Beetle",7.2475,47.13532
"Eight-Toothed_Spruce_Bark_Beetle",9.11393,46.96133
"Eight-Toothed_Spruce_Bark_Beetle",9.50796,46.95489
"Eight-Toothed_Spruce_Bark_Beetle",8.1274,46.88155
"Eight-Toothed_Spruce_Bark_Beetle",9.50796,46.95489
"Eight-Toothed_Spruce_Bark_Beetle",9.50796,46.95489
"Eight-Toothed_Spruce_Bark_Beetle",8.97614,46.73834
"Eight-Toothed_Spruce_Bark_Beetle",8.67273,47.77651
"Eight-Toothed_Spruce_Bark_Beetle",6.17335,46.29182
"Eight-Toothed_Spruce_Bark_Beetle",8.97486,46.69337
"Eight-Toothed_Spruce_Bark_Beetle",9.50796,46.95489
"Eight-Toothed_Spruce_Bark_Beetle",8.93442,47.59354
"Eight-Toothed_Spruce_Bark_Beetle",8.20127,47.46577
"Eight-Toothed_Spruce_Bark_Beetle",8.84414,46.69505
"Eight-Toothed_Spruce_Bark_Beetle",7.66708,46.61353
"Eight-Toothed_Spruce_Bark_Beetle",9.50796,46.95489
"Eight-Toothed_Spruce_Bark_Beetle",7.80399,47.55764
"Eight-Toothed_Spruce_Bark_Beetle",9.50796,46.95489
"Eight-Toothed_Spruce_Bark_Beetle",9.50796,46.95489
"Eight-Toothed_Spruce_Bark_Beetle",9.7186,46.65392
"Eight-Toothed_Spruce_Bark_Beetle",9.11393,46.96133
"Eight-Toothed_Spruce_Bark_Beetle",7.47135,46.74868
"Eight-Toothed_Spruce_Bark_Beetle",7.67074,47.46804
"Eight-Toothed_Spruce_Bark_Beetle",7.07479,47.33278
"Eight-Toothed_Spruce_Bark_Beetle",9.55164,46.72913
"Eight-Toothed_Spruce_Bark_Beetle",8.48491,47.04976
"Eight-Toothed_Spruce_Bark_Beetle",7.53794,47.37829
"Eight-Toothed_Spruce_Bark_Beetle",6.82269,46.25225
"Eight-Toothed_Spruce_Bark_Beetle",7.78509,46.69419
"Eight-Toothed_Spruce_Bark_Beetle",9.32168,47.26402
"Eight-Toothed_Spruce_Bark_Beetle",8.53561,47.598
"Eight-Toothed_Spruce_Bark_Beetle",7.09432,46.36135
"Eight-Toothed_Spruce_Bark_Beetle",8.60515,46.52682
"Eight-Toothed_Spruce_Bark_Beetle",9.19461,47.41897
"Eight-Toothed_Spruce_Bark_Beetle",9.32303,46.55317
"Eight-Toothed_Spruce_Bark_Beetle",9.61486,46.34998
"Eight-Toothed_Spruce_Bark_Beetle",7.60456,47.51313
"Eight-Toothed_Spruce_Bark_Beetle",7.73456,47.01817
"Eight-Toothed_Spruce_Bark_Beetle",7.41894,46.92859
"Eight-Toothed_Spruce_Bark_Beetle",8.05613,46.38719
"Eight-Toothed_Spruce_Bark_Beetle",8.29536,46.71849
"Eight-Toothed_Spruce_Bark_Beetle",9.7186,46.65392
"Eight-Toothed_Spruce_Bark_Beetle",6.17335,46.29182
"Eight-Toothed_Spruce_Bark_Beetle",7.23637,46.59558
"Eight-Toothed_Spruce_Bark_Beetle",6.37284,46.70771
"Eight-Toothed_Spruce_Bark_Beetle",7.10769,46.29842
"Eight-Toothed_Spruce_Bark_Beetle",7.08174,46.29834
"Eight-Toothed_Spruce_Bark_Beetle",9.81077,46.96702
"Eight-Toothed_Spruce_Bark_Beetle",9.41107,46.82163
"Eight-Toothed_Spruce_Bark_Beetle",6.55295,46.88918
"Eight-Toothed_Spruce_Bark_Beetle",6.70147,46.58437
"Eight-Toothed_Spruce_Bark_Beetle",8.65546,46.44532
"Eight-Toothed_Spruce_Bark_Beetle",9.32168,47.26402
"Eight-Toothed_Spruce_Bark_Beetle",6.68238,47.01605
"Eight-Toothed_Spruce_Bark_Beetle",9.19752,46.30324
"Eight-Toothed_Spruce_Bark_Beetle",6.38977,46.50995
"Eight-Toothed_Spruce_Bark_Beetle",8.93442,47.59354
"Eight-Toothed_Spruce_Bark_Beetle",7.87292,46.23511
"Eight-Toothed_Spruce_Bark_Beetle",9.5753,46.6657
"Eight-Toothed_Spruce_Bark_Beetle",9.26517,47.54382
"Eight-Toothed_Spruce_Bark_Beetle",8.77322,46.47099
"Eight-Toothed_Spruce_Bark_Beetle",6.49305,46.56484
"Eight-Toothed_Spruce_Bark_Beetle",9.17816,46.91539
"Eight-Toothed_Spruce_Bark_Beetle",9.05096,47.0522
"Eight-Toothed_Spruce_Bark_Beetle",7.66727,46.65851
"Eight-Toothed_Spruce_Bark_Beetle",6.81284,47.10679
"Eight-Toothed_Spruce_Bark_Beetle",7.2475,47.13532
"Eight-Toothed_Spruce_Bark_Beetle",7.13269,46.46941
"Eight-Toothed_Spruce_Bark_Beetle",7.15965,46.28957
"Eight-Toothed_Spruce_Bark_Beetle",9.41107,46.82163
"Eight-Toothed_Spruce_Bark_Beetle",7.4452,46.92859
"Eight-Toothed_Spruce_Bark_Beetle",7.2116,46.28069
"Eight-Toothed_Spruce_Bark_Beetle",6.68868,46.5663
"Eight-Toothed_Spruce_Bark_Beetle",8.65546,46.44532
"Eight-Toothed_Spruce_Bark_Beetle",7.4452,46.92859
"Eight-Toothed_Spruce_Bark_Beetle",6.63517,46.65589
"Eight-Toothed_Spruce_Bark_Beetle",10.05544,46.32265
"Eight-Toothed_Spruce_Bark_Beetle",7.27408,47.0634
"Eight-Toothed_Spruce_Bark_Beetle",7.4452,46.94659
"Eight-Toothed_Spruce_Bark_Beetle",6.17335,46.29182
"Eight-Toothed_Spruce_Bark_Beetle",7.47159,47.15347
"Eight-Toothed_Spruce_Bark_Beetle",7.01824,46.11821
"Eight-Toothed_Spruce_Bark_Beetle",7.17307,46.19964
"Eight-Toothed_Spruce_Bark_Beetle",6.10517,46.42599
"Eight-Toothed_Spruce_Bark_Beetle",7.79626,46.4063
"Eight-Toothed_Spruce_Bark_Beetle",7.78509,46.69419
"Eight-Toothed_Spruce_Bark_Beetle",7.4452,46.92859
"Eight-Toothed_Spruce_Bark_Beetle",9.32303,46.55317
"Eight-Toothed_Spruce_Bark_Beetle",8.65546,46.44532
"Eight-Toothed_Spruce_Bark_Beetle",6.10517,46.42599
"Eight-Toothed_Spruce_Bark_Beetle",9.22554,46.36579
"Eight-Toothed_Spruce_Bark_Beetle",9.84332,46.81335
"Eight-Toothed_Spruce_Bark_Beetle",8.78732,47.03761
"Eight-Toothed_Spruce_Bark_Beetle",7.41922,46.17297
"Eight-Toothed_Spruce_Bark_Beetle",9.28431,47.52103
"Eight-Toothed_Spruce_Bark_Beetle",7.80154,47.19787
"Eight-Toothed_Spruce_Bark_Beetle",8.77322,46.47099
"Eight-Toothed_Spruce_Bark_Beetle",7.27408,47.0634
"Eight-Toothed_Spruce_Bark_Beetle",9.7205,46.69888
"Eight-Toothed_Spruce_Bark_Beetle",9.7186,46.65392
"Eight-Toothed_Spruce_Bark_Beetle",8.77322,46.47099
"Eight-Toothed_Spruce_Bark_Beetle",6.30405,46.24823
"Eight-Toothed_Spruce_Bark_Beetle",5.98235,46.15456
"Eight-Toothed_Spruce_Bark_Beetle",7.82239,46.4242
"Eight-Toothed_Spruce_Bark_Beetle",8.8512,46.96487
"Eight-Toothed_Spruce_Bark_Beetle",9.05096,47.0522
"Eight-Toothed_Spruce_Bark_Beetle",7.2475,47.13532
"Eight-Toothed_Spruce_Bark_Beetle",7.23637,46.59558
"Eight-Toothed_Spruce_Bark_Beetle",6.38977,46.50995
"Eight-Toothed_Spruce_Bark_Beetle",9.56827,46.81881
"Eight-Toothed_Spruce_Bark_Beetle",9.56827,46.81881
"Eight-Toothed_Spruce_Bark_Beetle",6.38977,46.50995
"Eight-Toothed_Spruce_Bark_Beetle",8.05613,46.38719
"Eight-Toothed_Spruce_Bark_Beetle",9.60829,46.83605
"Eight-Toothed_Spruce_Bark_Beetle",8.05348,46.15331
"Eight-Toothed_Spruce_Bark_Beetle",9.06735,47.59175
"Eight-Toothed_Spruce_Bark_Beetle",9.00089,47.59267
"Eight-Toothed_Spruce_Bark_Beetle",8.96101,47.5932
"Eight-Toothed_Spruce_Bark_Beetle",8.89356,47.55808
"Eight-Toothed_Spruce_Bark_Beetle",7.07724,46.973
"Eight-Toothed_Spruce_Bark_Beetle",7.30039,47.07243
"Eight-Toothed_Spruce_Bark_Beetle",7.53752,47.15343
"Eight-Toothed_Spruce_Bark_Beetle",7.66919,47.10827
"Eight-Toothed_Spruce_Bark_Beetle",7.66842,46.92837
"Eight-Toothed_Spruce_Bark_Beetle",7.27408,47.0634
"Eight-Toothed_Spruce_Bark_Beetle",7.27408,47.0634
"Eight-Toothed_Spruce_Bark_Beetle",7.4452,46.94659
"Eight-Toothed_Spruce_Bark_Beetle",9.04996,47.45706
"Eight-Toothed_Spruce_Bark_Beetle",7.37931,47.13546
"Eight-Toothed_Spruce_Bark_Beetle",9.51068,46.68489
"Eight-Toothed_Spruce_Bark_Beetle",7.67039,47.3871
"Eight-Toothed_Spruce_Bark_Beetle",9.51068,46.68489
"Eight-Toothed_Spruce_Bark_Beetle",8.77322,46.47099
"Eight-Toothed_Spruce_Bark_Beetle",6.17335,46.29182
"Eight-Toothed_Spruce_Bark_Beetle",7.2116,46.28069
"Eight-Toothed_Spruce_Bark_Beetle",9.43894,46.86614
"Eight-Toothed_Spruce_Bark_Beetle",7.86219,46.52301
"Eight-Toothed_Spruce_Bark_Beetle",7.17307,46.19964
"Eight-Toothed_Spruce_Bark_Beetle",6.09149,46.45282
"Eight-Toothed_Spruce_Bark_Beetle",9.48397,47.36022
"Eight-Toothed_Spruce_Bark_Beetle",7.78509,46.69419
"Eight-Toothed_Spruce_Bark_Beetle",7.78509,46.69419
"Eight-Toothed_Spruce_Bark_Beetle",7.4452,46.92859
"Eight-Toothed_Spruce_Bark_Beetle",6.68868,46.5663
"Eight-Toothed_Spruce_Bark_Beetle",6.68868,46.5663
"Eight-Toothed_Spruce_Bark_Beetle",9.28068,46.8418
"Eight-Toothed_Spruce_Bark_Beetle",9.84332,46.81335
"Eight-Toothed_Spruce_Bark_Beetle",9.18166,46.61841
"Eight-Toothed_Spruce_Bark_Beetle",8.04686,46.72008
"Eight-Toothed_Spruce_Bark_Beetle",7.74374,46.31649
"Eight-Toothed_Spruce_Bark_Beetle",9.00089,47.59267
"Eight-Toothed_Spruce_Bark_Beetle",7.73716,47.48588
"Eight-Toothed_Spruce_Bark_Beetle",7.73716,47.48588
"Eight-Toothed_Spruce_Bark_Beetle",7.80154,47.19787
"Eight-Toothed_Spruce_Bark_Beetle",6.24021,46.20258
"Eight-Toothed_Spruce_Bark_Beetle",7.66842,46.92837
"Eight-Toothed_Spruce_Bark_Beetle",7.65565,47.01834
"Eight-Toothed_Spruce_Bark_Beetle",9.04996,47.45706
"Eight-Toothed_Spruce_Bark_Beetle",7.4452,46.94659
"Eight-Toothed_Spruce_Bark_Beetle",9.14621,47.14979
"Eight-Toothed_Spruce_Bark_Beetle",9.87114,46.84876
"Eight-Toothed_Spruce_Bark_Beetle",9.7186,46.65392
"Eight-Toothed_Spruce_Bark_Beetle",9.26517,47.54382
"Eight-Toothed_Spruce_Bark_Beetle",6.17335,46.29182
"Eight-Toothed_Spruce_Bark_Beetle",7.01678,46.30712
"Eight-Toothed_Spruce_Bark_Beetle",7.2475,47.13532
"Eight-Toothed_Spruce_Bark_Beetle",7.78509,46.69419
"Eight-Toothed_Spruce_Bark_Beetle",7.78509,46.69419
"Eight-Toothed_Spruce_Bark_Beetle",7.4452,46.92859
"Eight-Toothed_Spruce_Bark_Beetle",7.4452,46.92859
"Eight-Toothed_Spruce_Bark_Beetle",9.19461,47.41897
"Eight-Toothed_Spruce_Bark_Beetle",7.2116,46.28069
"Eight-Toothed_Spruce_Bark_Beetle",9.64075,46.98841
"Eight-Toothed_Spruce_Bark_Beetle",7.73716,47.48588
"Eight-Toothed_Spruce_Bark_Beetle",7.5376,47.1984
"Eight-Toothed_Spruce_Bark_Beetle",7.53752,47.15343
"Eight-Toothed_Spruce_Bark_Beetle",7.66919,47.10827
"Eight-Toothed_Spruce_Bark_Beetle",7.27408,47.0634
"Eight-Toothed_Spruce_Bark_Beetle",7.4452,46.94659
"Eight-Toothed_Spruce_Bark_Beetle",9.87114,46.84876
"Eight-Toothed_Spruce_Bark_Beetle",9.87114,46.84876
"Eight-Toothed_Spruce_Bark_Beetle",9.26517,47.54382
"Eight-Toothed_Spruce_Bark_Beetle",8.77322,46.47099
"Eight-Toothed_Spruce_Bark_Beetle",6.17335,46.29182
"Eight-Toothed_Spruce_Bark_Beetle",7.2475,47.13532
"Eight-Toothed_Spruce_Bark_Beetle",8.05511,46.29723
"Eight-Toothed_Spruce_Bark_Beetle",6.09149,46.45282
"Eight-Toothed_Spruce_Bark_Beetle",7.0812,46.3793
"Eight-Toothed_Spruce_Bark_Beetle",7.37996,46.55077
"Eight-Toothed_Spruce_Bark_Beetle",7.79626,46.4063
"Eight-Toothed_Spruce_Bark_Beetle",7.4452,46.92859
"Eight-Toothed_Spruce_Bark_Beetle",9.55164,46.72913
"Eight-Toothed_Spruce_Bark_Beetle",7.12246,45.99261
"Eight-Toothed_Spruce_Bark_Beetle",9.84332,46.81335
"Eight-Toothed_Spruce_Bark_Beetle",8.26009,46.97963
"Eight-Toothed_Spruce_Bark_Beetle",8.86796,47.59438
"Eight-Toothed_Spruce_Bark_Beetle",7.80154,47.19787
"Eight-Toothed_Spruce_Bark_Beetle",7.52369,46.73966
"Eight-Toothed_Spruce_Bark_Beetle",7.5376,47.1984
"Eight-Toothed_Spruce_Bark_Beetle",7.66842,46.92837
"Eight-Toothed_Spruce_Bark_Beetle",7.66842,46.92837
"Eight-Toothed_Spruce_Bark_Beetle",8.05613,46.38719
"Eight-Toothed_Spruce_Bark_Beetle",7.4978,47.00054
"Eight-Toothed_Spruce_Bark_Beetle",7.4452,46.94659
"Eight-Toothed_Spruce_Bark_Beetle",8.96179,46.69354
"Eight-Toothed_Spruce_Bark_Beetle",8.96179,46.69354
"Eight-Toothed_Spruce_Bark_Beetle",9.87114,46.84876
"Eight-Toothed_Spruce_Bark_Beetle",7.51127,47.24339
"Eight-Toothed_Spruce_Bark_Beetle",8.77322,46.47099
"Eight-Toothed_Spruce_Bark_Beetle",8.77322,46.47099
"Eight-Toothed_Spruce_Bark_Beetle",7.23637,46.59558
"Eight-Toothed_Spruce_Bark_Beetle",6.62414,46.52087
"Eight-Toothed_Spruce_Bark_Beetle",6.10517,46.42599
"Eight-Toothed_Spruce_Bark_Beetle",9.50277,46.82001
"Eight-Toothed_Spruce_Bark_Beetle",7.47146,46.92859
"Eight-Toothed_Spruce_Bark_Beetle",9.32303,46.55317
"Eight-Toothed_Spruce_Bark_Beetle",6.75137,46.7646
"Eight-Toothed_Spruce_Bark_Beetle",7.05527,46.37022
"Eight-Toothed_Spruce_Bark_Beetle",7.14019,47.46789
"Eight-Toothed_Spruce_Bark_Beetle",7.62947,47.05437
"Eight-Toothed_Spruce_Bark_Beetle",7.2116,46.28069
"Eight-Toothed_Spruce_Bark_Beetle",9.52862,46.81054
"Eight-Toothed_Spruce_Bark_Beetle",8.94071,46.40591
"Eight-Toothed_Spruce_Bark_Beetle",6.7516,46.74661
"Eight-Toothed_Spruce_Bark_Beetle",9.11393,46.96133
"Eight-Toothed_Spruce_Bark_Beetle",9.50796,46.95489
"Eight-Toothed_Spruce_Bark_Beetle",9.11393,46.96133
"Eight-Toothed_Spruce_Bark_Beetle",9.50796,46.95489
"Eight-Toothed_Spruce_Bark_Beetle",9.11393,46.96133
"Eight-Toothed_Spruce_Bark_Beetle",9.50796,46.95489
"Eight-Toothed_Spruce_Bark_Beetle",9.11393,46.96133
"Eight-Toothed_Spruce_Bark_Beetle",9.50796,46.95489
"Eight-Toothed_Spruce_Bark_Beetle",9.50796,46.95489
"Eight-Toothed_Spruce_Bark_Beetle",9.50796,46.95489
"Eight-Toothed_Spruce_Bark_Beetle",9.11393,46.96133
"Eight-Toothed_Spruce_Bark_Beetle",9.11393,46.96133
"Eight-Toothed_Spruce_Bark_Beetle",9.50796,46.95489
"Eight-Toothed_Spruce_Bark_Beetle",9.50796,46.95489
"Eight-Toothed_Spruce_Bark_Beetle",9.50796,46.95489
"Eight-Toothed_Spruce_Bark_Beetle",8.84414,46.69505
"Eight-Toothed_Spruce_Bark_Beetle",7.14784,46.07364
"Eight-Toothed_Spruce_Bark_Beetle",7.1427,47.01816
"Eight-Toothed_Spruce_Bark_Beetle",9.11393,46.96133
"Eight-Toothed_Spruce_Bark_Beetle",9.50796,46.95489
"Eight-Toothed_Spruce_Bark_Beetle",9.50796,46.95489
"Eight-Toothed_Spruce_Bark_Beetle",9.50796,46.95489
"Eight-Toothed_Spruce_Bark_Beetle",9.11393,46.96133
"Eight-Toothed_Spruce_Bark_Beetle",9.50796,46.95489
"Eight-Toothed_Spruce_Bark_Beetle",9.11393,46.96133
"Eight-Toothed_Spruce_Bark_Beetle",9.50796,46.95489
"Eight-Toothed_Spruce_Bark_Beetle",8.84414,46.69505
"Eight-Toothed_Spruce_Bark_Beetle",9.50796,46.95489
"Eight-Toothed_Spruce_Bark_Beetle",9.11393,46.96133
"Eight-Toothed_Spruce_Bark_Beetle",9.11393,46.96133
"Eight-Toothed_Spruce_Bark_Beetle",9.50796,46.95489
"Eight-Toothed_Spruce_Bark_Beetle",9.50796,46.95489
"Eight-Toothed_Spruce_Bark_Beetle",9.50796,46.95489
"Eight-Toothed_Spruce_Bark_Beetle",8.84414,46.69505
"Eight-Toothed_Spruce_Bark_Beetle",8.18674,46.43138
"Eight-Toothed_Spruce_Bark_Beetle",10.35641,46.8464
"Eight-Toothed_Spruce_Bark_Beetle",9.11393,46.96133
"Eight-Toothed_Spruce_Bark_Beetle",9.50796,46.95489
"Eight-Toothed_Spruce_Bark_Beetle",9.11393,46.96133
"Eight-Toothed_Spruce_Bark_Beetle",9.11393,46.96133
"Eight-Toothed_Spruce_Bark_Beetle",9.50796,46.95489
"Eight-Toothed_Spruce_Bark_Beetle",9.11393,46.96133
"Eight-Toothed_Spruce_Bark_Beetle",9.50796,46.95489
"Eight-Toothed_Spruce_Bark_Beetle",9.11393,46.96133
"Eight-Toothed_Spruce_Bark_Beetle",9.50796,46.95489
"Eight-Toothed_Spruce_Bark_Beetle",8.84414,46.69505
"Eight-Toothed_Spruce_Bark_Beetle",9.50796,46.95489
"Eight-Toothed_Spruce_Bark_Beetle",9.11393,46.96133
"Eight-Toothed_Spruce_Bark_Beetle",9.11393,46.96133
"Eight-Toothed_Spruce_Bark_Beetle",9.50796,46.95489
"Eight-Toothed_Spruce_Bark_Beetle",9.50796,46.95489
"Eight-Toothed_Spruce_Bark_Beetle",9.50796,46.95489
"Eight-Toothed_Spruce_Bark_Beetle",8.84414,46.69505
"Eight-Toothed_Spruce_Bark_Beetle",9.11393,46.96133
"Eight-Toothed_Spruce_Bark_Beetle",9.11393,46.96133
"Eight-Toothed_Spruce_Bark_Beetle",9.11393,46.96133
"Eight-Toothed_Spruce_Bark_Beetle",9.50796,46.95489
"Eight-Toothed_Spruce_Bark_Beetle",9.11393,46.96133
"Eight-Toothed_Spruce_Bark_Beetle",9.11393,46.96133
"Eight-Toothed_Spruce_Bark_Beetle",9.50796,46.95489
"Eight-Toothed_Spruce_Bark_Beetle",9.50796,46.95489
"Eight-Toothed_Spruce_Bark_Beetle",9.50796,46.95489
"Eight-Toothed_Spruce_Bark_Beetle",8.84414,46.69505
"Eight-Toothed_Spruce_Bark_Beetle",9.50796,46.95489
"Eight-Toothed_Spruce_Bark_Beetle",9.11393,46.96133
"Eight-Toothed_Spruce_Bark_Beetle",9.11393,46.96133
"Eight-Toothed_Spruce_Bark_Beetle",9.50796,46.95489
"Eight-Toothed_Spruce_Bark_Beetle",9.50796,46.95489
"Eight-Toothed_Spruce_Bark_Beetle",9.50796,46.95489
"Eight-Toothed_Spruce_Bark_Beetle",8.84414,46.69505
"Eight-Toothed_Spruce_Bark_Beetle",7.21246,46.07379
"Eight-Toothed_Spruce_Bark_Beetle",9.50796,46.95489
"Eight-Toothed_Spruce_Bark_Beetle",9.11393,46.96133
"Eight-Toothed_Spruce_Bark_Beetle",9.11393,46.96133
"Eight-Toothed_Spruce_Bark_Beetle",9.11393,46.96133
"Eight-Toothed_Spruce_Bark_Beetle",9.11393,46.96133
"Eight-Toothed_Spruce_Bark_Beetle",9.11393,46.96133
"Eight-Toothed_Spruce_Bark_Beetle",9.50796,46.95489
"Eight-Toothed_Spruce_Bark_Beetle",9.11393,46.96133
"Eight-Toothed_Spruce_Bark_Beetle",9.50796,46.95489
"Eight-Toothed_Spruce_Bark_Beetle",9.50796,46.95489
"Eight-Toothed_Spruce_Bark_Beetle",8.84414,46.69505
"Eight-Toothed_Spruce_Bark_Beetle",9.50796,46.95489
"Eight-Toothed_Spruce_Bark_Beetle",9.11393,46.96133
"Eight-Toothed_Spruce_Bark_Beetle",9.11393,46.96133
"Eight-Toothed_Spruce_Bark_Beetle",9.11393,46.96133
"Eight-Toothed_Spruce_Bark_Beetle",9.11393,46.96133
"Eight-Toothed_Spruce_Bark_Beetle",9.50796,46.95489
"Eight-Toothed_Spruce_Bark_Beetle",9.50796,46.95489
"Eight-Toothed_Spruce_Bark_Beetle",8.84414,46.69505
"Eight-Toothed_Spruce_Bark_Beetle",9.11393,46.96133
"Eight-Toothed_Spruce_Bark_Beetle",9.50796,46.95489
"Eight-Toothed_Spruce_Bark_Beetle",9.50796,46.95489
"Eight-Toothed_Spruce_Bark_Beetle",9.11393,46.96133
"Eight-Toothed_Spruce_Bark_Beetle",9.50796,46.95489
"Eight-Toothed_Spruce_Bark_Beetle",9.11393,46.96133
"Eight-Toothed_Spruce_Bark_Beetle",9.50796,46.95489
"Eight-Toothed_Spruce_Bark_Beetle",9.11393,46.96133
"Eight-Toothed_Spruce_Bark_Beetle",9.50796,46.95489
"Eight-Toothed_Spruce_Bark_Beetle",9.50796,46.95489
"Eight-Toothed_Spruce_Bark_Beetle",8.84414,46.69505
"Eight-Toothed_Spruce_Bark_Beetle",9.50796,46.95489
"Eight-Toothed_Spruce_Bark_Beetle",9.11393,46.96133
"Eight-Toothed_Spruce_Bark_Beetle",9.11393,46.96133
"Eight-Toothed_Spruce_Bark_Beetle",9.50796,46.95489
"Eight-Toothed_Spruce_Bark_Beetle",9.50796,46.95489
"Eight-Toothed_Spruce_Bark_Beetle",8.84414,46.69505
"Eight-Toothed_Spruce_Bark_Beetle",9.11393,46.96133
"Eight-Toothed_Spruce_Bark_Beetle",9.50796,46.95489
"Eight-Toothed_Spruce_Bark_Beetle",9.50796,46.95489
"Eight-Toothed_Spruce_Bark_Beetle",9.11393,46.96133
"Eight-Toothed_Spruce_Bark_Beetle",9.50796,46.95489
"Eight-Toothed_Spruce_Bark_Beetle",9.50796,46.95489
"Eight-Toothed_Spruce_Bark_Beetle",9.11393,46.96133
"Eight-Toothed_Spruce_Bark_Beetle",9.50796,46.95489
"Eight-Toothed_Spruce_Bark_Beetle",9.11393,46.96133
"Eight-Toothed_Spruce_Bark_Beetle",9.50796,46.95489
"Eight-Toothed_Spruce_Bark_Beetle",9.50796,46.95489
"Eight-Toothed_Spruce_Bark_Beetle",8.84414,46.69505
"Eight-Toothed_Spruce_Bark_Beetle",9.50796,46.95489
"Eight-Toothed_Spruce_Bark_Beetle",9.11393,46.96133
"Eight-Toothed_Spruce_Bark_Beetle",9.50796,46.95489
"Eight-Toothed_Spruce_Bark_Beetle",9.50796,46.95489
"Eight-Toothed_Spruce_Bark_Beetle",9.50796,46.95489
"Eight-Toothed_Spruce_Bark_Beetle",8.84414,46.69505
"Eight-Toothed_Spruce_Bark_Beetle",7.60074,46.25382
"Eight-Toothed_Spruce_Bark_Beetle",9.37177,46.8223
"Eight-Toothed_Spruce_Bark_Beetle",7.1427,47.01816
"Eight-Toothed_Spruce_Bark_Beetle",9.11393,46.96133
"Eight-Toothed_Spruce_Bark_Beetle",9.50796,46.95489
"Eight-Toothed_Spruce_Bark_Beetle",9.50796,46.95489
"Eight-Toothed_Spruce_Bark_Beetle",9.50796,46.95489
"Eight-Toothed_Spruce_Bark_Beetle",9.50796,46.95489
"Eight-Toothed_Spruce_Bark_Beetle",9.11393,46.96133
"Eight-Toothed_Spruce_Bark_Beetle",9.50796,46.95489
"Eight-Toothed_Spruce_Bark_Beetle",9.11393,46.96133
"Eight-Toothed_Spruce_Bark_Beetle",9.50796,46.95489
"Eight-Toothed_Spruce_Bark_Beetle",9.50796,46.95489
"Eight-Toothed_Spruce_Bark_Beetle",8.84414,46.69505
"Eight-Toothed_Spruce_Bark_Beetle",9.50796,46.95489
"Eight-Toothed_Spruce_Bark_Beetle",9.11393,46.96133
"Eight-Toothed_Spruce_Bark_Beetle",9.50796,46.95489
"Eight-Toothed_Spruce_Bark_Beetle",9.50796,46.95489
"Eight-Toothed_Spruce_Bark_Beetle",9.50796,46.95489
"Eight-Toothed_Spruce_Bark_Beetle",9.50796,46.95489
"Eight-Toothed_Spruce_Bark_Beetle",9.11393,46.96133
"Eight-Toothed_Spruce_Bark_Beetle",9.11393,46.96133
"Eight-Toothed_Spruce_Bark_Beetle",9.50796,46.95489
"Eight-Toothed_Spruce_Bark_Beetle",8.84414,46.69505
"Eight-Toothed_Spruce_Bark_Beetle",9.11393,46.96133
"Eight-Toothed_Spruce_Bark_Beetle",9.11393,46.96133
"Eight-Toothed_Spruce_Bark_Beetle",9.50796,46.95489
"Eight-Toothed_Spruce_Bark_Beetle",9.50796,46.95489
"Eight-Toothed_Spruce_Bark_Beetle",8.84414,46.69505
"Eight-Toothed_Spruce_Bark_Beetle",9.11393,46.96133
"Eight-Toothed_Spruce_Bark_Beetle",9.11393,46.96133
"Eight-Toothed_Spruce_Bark_Beetle",9.11393,46.96133
"Eight-Toothed_Spruce_Bark_Beetle",9.11393,46.96133
"Eight-Toothed_Spruce_Bark_Beetle",9.50796,46.95489
"Eight-Toothed_Spruce_Bark_Beetle",9.50796,46.95489
"Eight-Toothed_Spruce_Bark_Beetle",9.50796,46.95489
"Eight-Toothed_Spruce_Bark_Beetle",8.84414,46.69505
"Eight-Toothed_Spruce_Bark_Beetle",7.21246,46.07379
"Eight-Toothed_Spruce_Bark_Beetle",9.50796,46.95489
"Eight-Toothed_Spruce_Bark_Beetle",9.11393,46.96133
"Eight-Toothed_Spruce_Bark_Beetle",9.11393,46.96133
"Eight-Toothed_Spruce_Bark_Beetle",9.50796,46.95489
"Eight-Toothed_Spruce_Bark_Beetle",9.11393,46.96133
"Eight-Toothed_Spruce_Bark_Beetle",9.50796,46.95489
"Eight-Toothed_Spruce_Bark_Beetle",8.20192,47.51073
"Eight-Toothed_Spruce_Bark_Beetle",9.11393,46.96133
"Eight-Toothed_Spruce_Bark_Beetle",9.50796,46.95489
"Eight-Toothed_Spruce_Bark_Beetle",9.50796,46.95489
"Eight-Toothed_Spruce_Bark_Beetle",8.84414,46.69505
"Eight-Toothed_Spruce_Bark_Beetle",9.50796,46.95489
"Eight-Toothed_Spruce_Bark_Beetle",9.11393,46.96133
"Eight-Toothed_Spruce_Bark_Beetle",9.11393,46.96133
"Eight-Toothed_Spruce_Bark_Beetle",9.11393,46.96133
"Eight-Toothed_Spruce_Bark_Beetle",9.50796,46.95489
"Eight-Toothed_Spruce_Bark_Beetle",9.50796,46.95489
"Eight-Toothed_Spruce_Bark_Beetle",9.50796,46.95489
"Eight-Toothed_Spruce_Bark_Beetle",8.84414,46.69505
"Eight-Toothed_Spruce_Bark_Beetle",9.50796,46.95489
"Eight-Toothed_Spruce_Bark_Beetle",9.50796,46.95489
"Eight-Toothed_Spruce_Bark_Beetle",8.84414,46.69505
"Eight-Toothed_Spruce_Bark_Beetle",8.84414,46.69505
"Eight-Toothed_Spruce_Bark_Beetle",7.47157,47.10849
"Eight-Toothed_Spruce_Bark_Beetle",8.20127,47.46577
"Eight-Toothed_Spruce_Bark_Beetle",8.20127,47.46577
"Eight-Toothed_Spruce_Bark_Beetle",7.27381,47.15335
"Eight-Toothed_Spruce_Bark_Beetle",9.48907,46.46031
"Eight-Toothed_Spruce_Bark_Beetle",10.1508,46.67145
"Eight-Toothed_Spruce_Bark_Beetle",9.68053,46.3667
"Eight-Toothed_Spruce_Bark_Beetle",8.33314,47.41985
"Eight-Toothed_Spruce_Bark_Beetle",7.26282,46.48768
"Eight-Toothed_Spruce_Bark_Beetle",7.6669,46.56855
"Eight-Toothed_Spruce_Bark_Beetle",7.67074,47.46804
"Eight-Toothed_Spruce_Bark_Beetle",7.08025,46.52323
"Eight-Toothed_Spruce_Bark_Beetle",8.33163,47.32991
"Eight-Toothed_Spruce_Bark_Beetle",6.16598,46.60663
"Eight-Toothed_Spruce_Bark_Beetle",8.13435,46.40473
"Eight-Toothed_Spruce_Bark_Beetle",8.84414,46.69505
"Eight-Toothed_Spruce_Bark_Beetle",8.77878,46.69584
"Eight-Toothed_Spruce_Bark_Beetle",8.39536,47.19447
"Eight-Toothed_Spruce_Bark_Beetle",9.84332,46.81335
"Eight-Toothed_Spruce_Bark_Beetle",8.91668,46.00135
"Eight-Toothed_Spruce_Bark_Beetle",9.04996,47.45706
"Eight-Toothed_Spruce_Bark_Beetle",9.11393,46.96133
"Eight-Toothed_Spruce_Bark_Beetle",9.11393,46.96133
"Eight-Toothed_Spruce_Bark_Beetle",9.50796,46.95489
"Eight-Toothed_Spruce_Bark_Beetle",8.20127,47.46577
"Eight-Toothed_Spruce_Bark_Beetle",8.20127,47.46577
"Eight-Toothed_Spruce_Bark_Beetle",9.11393,46.96133
"Eight-Toothed_Spruce_Bark_Beetle",9.12098,47.18615
"Eight-Toothed_Spruce_Bark_Beetle",7.33999,47.0185
"Eight-Toothed_Spruce_Bark_Beetle",7.27641,46.29879
"Eight-Toothed_Spruce_Bark_Beetle",7.1459,46.43346
"Eight-Toothed_Spruce_Bark_Beetle",9.30783,46.86835
"Eight-Toothed_Spruce_Bark_Beetle",8.92561,47.27881
"Eight-Toothed_Spruce_Bark_Beetle",7.00901,47.28759
"Eight-Toothed_Spruce_Bark_Beetle",9.11534,47.0063
"Eight-Toothed_Spruce_Bark_Beetle",7.86219,46.52301
"Eight-Toothed_Spruce_Bark_Beetle",8.85595,47.14474
"Eight-Toothed_Spruce_Bark_Beetle",8.8512,46.96487
"Eight-Toothed_Spruce_Bark_Beetle",7.60087,46.29879
"Eight-Toothed_Spruce_Bark_Beetle",9.02829,46.28775
"Eight-Toothed_Spruce_Bark_Beetle",8.52822,47.23827
"Eight-Toothed_Spruce_Bark_Beetle",9.23926,46.77948
"Eight-Toothed_Spruce_Bark_Beetle",7.73456,47.01817
"Eight-Toothed_Spruce_Bark_Beetle",9.05096,47.0522
"Eight-Toothed_Spruce_Bark_Beetle",8.79118,47.1905
"Eight-Toothed_Spruce_Bark_Beetle",7.99435,46.70236
"Eight-Toothed_Spruce_Bark_Beetle",9.50796,46.95489
"Eight-Toothed_Spruce_Bark_Beetle",6.36174,46.60865
"Eight-Toothed_Spruce_Bark_Beetle",6.36174,46.60865
"Eight-Toothed_Spruce_Bark_Beetle",9.18166,46.61841
"Eight-Toothed_Spruce_Bark_Beetle",8.91668,46.00135
"Eight-Toothed_Spruce_Bark_Beetle",9.84332,46.81335
"Eight-Toothed_Spruce_Bark_Beetle",8.77322,46.47099
"Eight-Toothed_Spruce_Bark_Beetle",7.28837,46.66763
"Eight-Toothed_Spruce_Bark_Beetle",7.86861,47.33256
"Eight-Toothed_Spruce_Bark_Beetle",9.50796,46.95489
"Eight-Toothed_Spruce_Bark_Beetle",9.11393,46.96133
"Eight-Toothed_Spruce_Bark_Beetle",9.50796,46.95489
"Eight-Toothed_Spruce_Bark_Beetle",7.47157,47.10849
"Eight-Toothed_Spruce_Bark_Beetle",8.20127,47.46577
"Eight-Toothed_Spruce_Bark_Beetle",9.11393,46.96133
"Eight-Toothed_Spruce_Bark_Beetle",9.11393,46.96133
"Eight-Toothed_Spruce_Bark_Beetle",7.40578,46.97357
"Eight-Toothed_Spruce_Bark_Beetle",7.08262,46.16341
"Eight-Toothed_Spruce_Bark_Beetle",9.10834,46.78147
"Eight-Toothed_Spruce_Bark_Beetle",7.14492,46.61337
"Eight-Toothed_Spruce_Bark_Beetle",7.93601,47.46721
"Eight-Toothed_Spruce_Bark_Beetle",7.93601,47.46721
"Eight-Toothed_Spruce_Bark_Beetle",9.04288,46.7824
"Eight-Toothed_Spruce_Bark_Beetle",9.11534,47.0063
"Eight-Toothed_Spruce_Bark_Beetle",7.40603,46.56877
"Eight-Toothed_Spruce_Bark_Beetle",8.67169,47.73155
"Eight-Toothed_Spruce_Bark_Beetle",8.66338,46.7961
"Eight-Toothed_Spruce_Bark_Beetle",8.19489,47.01606
"Eight-Toothed_Spruce_Bark_Beetle",8.85595,47.14474
"Eight-Toothed_Spruce_Bark_Beetle",8.8512,46.96487
"Eight-Toothed_Spruce_Bark_Beetle",8.59522,47.28259
"Eight-Toothed_Spruce_Bark_Beetle",7.30039,47.07243
"Eight-Toothed_Spruce_Bark_Beetle",9.89366,46.76728
"Eight-Toothed_Spruce_Bark_Beetle",8.59425,47.23763
"Eight-Toothed_Spruce_Bark_Beetle",7.40603,46.56877
"Eight-Toothed_Spruce_Bark_Beetle",9.03224,46.42266
"Eight-Toothed_Spruce_Bark_Beetle",8.63609,46.15763
"Eight-Toothed_Spruce_Bark_Beetle",6.62142,46.70077
"Eight-Toothed_Spruce_Bark_Beetle",9.50796,46.95489
"Eight-Toothed_Spruce_Bark_Beetle",6.36174,46.60865
"Eight-Toothed_Spruce_Bark_Beetle",8.04686,46.72008
"Eight-Toothed_Spruce_Bark_Beetle",9.50796,46.95489
"Eight-Toothed_Spruce_Bark_Beetle",9.50796,46.95489
"Eight-Toothed_Spruce_Bark_Beetle",9.50796,46.95489
"Eight-Toothed_Spruce_Bark_Beetle",8.20127,47.46577
"Eight-Toothed_Spruce_Bark_Beetle",8.20127,47.46577
"Eight-Toothed_Spruce_Bark_Beetle",8.20127,47.46577
"Eight-Toothed_Spruce_Bark_Beetle",8.18612,46.38641
"Eight-Toothed_Spruce_Bark_Beetle",7.08262,46.16341
"Eight-Toothed_Spruce_Bark_Beetle",7.27641,46.29879
"Eight-Toothed_Spruce_Bark_Beetle",9.04288,46.7824
"Eight-Toothed_Spruce_Bark_Beetle",7.34081,46.56874
"Eight-Toothed_Spruce_Bark_Beetle",8.92061,47.09894
"Eight-Toothed_Spruce_Bark_Beetle",9.16677,46.96954
"Eight-Toothed_Spruce_Bark_Beetle",9.11534,47.0063
"Eight-Toothed_Spruce_Bark_Beetle",8.24573,46.89877
"Eight-Toothed_Spruce_Bark_Beetle",8.84414,46.69505
"Eight-Toothed_Spruce_Bark_Beetle",8.39778,47.32938
"Eight-Toothed_Spruce_Bark_Beetle",7.8636,46.70292
"Eight-Toothed_Spruce_Bark_Beetle",9.43561,46.77621
"Eight-Toothed_Spruce_Bark_Beetle",8.40184,47.55422
"Eight-Toothed_Spruce_Bark_Beetle",7.40603,46.56877
"Eight-Toothed_Spruce_Bark_Beetle",7.99574,46.83729
"Eight-Toothed_Spruce_Bark_Beetle",8.26549,47.3304
"Eight-Toothed_Spruce_Bark_Beetle",8.8512,46.96487
"Eight-Toothed_Spruce_Bark_Beetle",9.20026,47.58981
"Eight-Toothed_Spruce_Bark_Beetle",6.36174,46.60865
"Eight-Toothed_Spruce_Bark_Beetle",8.78732,47.03761
"Eight-Toothed_Spruce_Bark_Beetle",9.18166,46.61841
"Eight-Toothed_Spruce_Bark_Beetle",7.09477,46.28939
"Eight-Toothed_Spruce_Bark_Beetle",7.28837,46.66763
"Eight-Toothed_Spruce_Bark_Beetle",9.50796,46.95489
"Eight-Toothed_Spruce_Bark_Beetle",9.50796,46.95489
"Eight-Toothed_Spruce_Bark_Beetle",9.50796,46.95489
"Eight-Toothed_Spruce_Bark_Beetle",8.84414,46.69505
"Eight-Toothed_Spruce_Bark_Beetle",7.47157,47.10849
"Eight-Toothed_Spruce_Bark_Beetle",7.47157,47.10849
"Eight-Toothed_Spruce_Bark_Beetle",8.20127,47.46577
"Eight-Toothed_Spruce_Bark_Beetle",9.04288,46.7824
"Eight-Toothed_Spruce_Bark_Beetle",8.51375,47.17544
"Eight-Toothed_Spruce_Bark_Beetle",8.66336,47.37185
"Eight-Toothed_Spruce_Bark_Beetle",9.05231,47.09717
"Eight-Toothed_Spruce_Bark_Beetle",9.11393,46.96133
"Eight-Toothed_Spruce_Bark_Beetle",8.24533,46.87178
"Eight-Toothed_Spruce_Bark_Beetle",8.46478,47.37378
"Eight-Toothed_Spruce_Bark_Beetle",9.11393,46.96133
"Eight-Toothed_Spruce_Bark_Beetle",7.73456,47.01817
"Eight-Toothed_Spruce_Bark_Beetle",8.45962,47.10397
"Eight-Toothed_Spruce_Bark_Beetle",7.86219,46.52301
"Eight-Toothed_Spruce_Bark_Beetle",8.19362,46.92611
"Eight-Toothed_Spruce_Bark_Beetle",9.94516,46.74816
"Eight-Toothed_Spruce_Bark_Beetle",8.96722,46.42355
"Eight-Toothed_Spruce_Bark_Beetle",8.8512,46.96487
"Eight-Toothed_Spruce_Bark_Beetle",8.85239,47.00984
"Eight-Toothed_Spruce_Bark_Beetle",6.36174,46.60865
"Eight-Toothed_Spruce_Bark_Beetle",6.36174,46.60865
"Eight-Toothed_Spruce_Bark_Beetle",9.18166,46.61841
"Eight-Toothed_Spruce_Bark_Beetle",7.06894,46.27132
"Eight-Toothed_Spruce_Bark_Beetle",9.11393,46.96133
"Eight-Toothed_Spruce_Bark_Beetle",9.50796,46.95489
"Eight-Toothed_Spruce_Bark_Beetle",7.47157,47.10849
"Eight-Toothed_Spruce_Bark_Beetle",8.20127,47.46577
"Eight-Toothed_Spruce_Bark_Beetle",7.47157,47.10849
"Eight-Toothed_Spruce_Bark_Beetle",9.50796,46.95489
"Eight-Toothed_Spruce_Bark_Beetle",8.05613,46.38719
"Eight-Toothed_Spruce_Bark_Beetle",7.0158,46.43305
"Eight-Toothed_Spruce_Bark_Beetle",7.40628,46.16397
"Eight-Toothed_Spruce_Bark_Beetle",9.10834,46.78147
"Eight-Toothed_Spruce_Bark_Beetle",8.92186,47.14391
"Eight-Toothed_Spruce_Bark_Beetle",8.06128,46.83695
"Eight-Toothed_Spruce_Bark_Beetle",8.77878,46.69584
"Eight-Toothed_Spruce_Bark_Beetle",7.21152,46.29868
"Eight-Toothed_Spruce_Bark_Beetle",7.60087,46.29879
"Eight-Toothed_Spruce_Bark_Beetle",8.12567,46.74662
"Eight-Toothed_Spruce_Bark_Beetle",8.6644,47.41681
"Eight-Toothed_Spruce_Bark_Beetle",9.23926,46.77948
"Eight-Toothed_Spruce_Bark_Beetle",7.40603,46.56877
"Eight-Toothed_Spruce_Bark_Beetle",7.65392,46.58657
"Eight-Toothed_Spruce_Bark_Beetle",9.05096,47.0522
"Eight-Toothed_Spruce_Bark_Beetle",8.85476,47.09977
"Eight-Toothed_Spruce_Bark_Beetle",8.33239,47.37488
"Eight-Toothed_Spruce_Bark_Beetle",8.2641,47.24046
"Eight-Toothed_Spruce_Bark_Beetle",6.36174,46.60865
"Eight-Toothed_Spruce_Bark_Beetle",6.36174,46.60865
"Eight-Toothed_Spruce_Bark_Beetle",6.29649,46.60801
"Eight-Toothed_Spruce_Bark_Beetle",9.18166,46.61841
"Eight-Toothed_Spruce_Bark_Beetle",9.11393,46.96133
"Eight-Toothed_Spruce_Bark_Beetle",9.50796,46.95489
"Eight-Toothed_Spruce_Bark_Beetle",7.47157,47.10849
"Eight-Toothed_Spruce_Bark_Beetle",8.20127,47.46577
"Eight-Toothed_Spruce_Bark_Beetle",9.50796,46.95489
"Eight-Toothed_Spruce_Bark_Beetle",7.40578,46.97357
"Eight-Toothed_Spruce_Bark_Beetle",8.18612,46.38641
"Eight-Toothed_Spruce_Bark_Beetle",7.08262,46.16341
"Eight-Toothed_Spruce_Bark_Beetle",7.1459,46.43346
"Eight-Toothed_Spruce_Bark_Beetle",7.21,46.6585
"Eight-Toothed_Spruce_Bark_Beetle",7.93476,47.3323
"Eight-Toothed_Spruce_Bark_Beetle",8.9072,47.09012
"Eight-Toothed_Spruce_Bark_Beetle",9.45411,47.27078
"Eight-Toothed_Spruce_Bark_Beetle",8.65008,46.78725
"Eight-Toothed_Spruce_Bark_Beetle",7.86219,46.52301
"Eight-Toothed_Spruce_Bark_Beetle",8.85595,47.14474
"Eight-Toothed_Spruce_Bark_Beetle",8.46219,47.23888
"Eight-Toothed_Spruce_Bark_Beetle",9.69925,46.81629
"Eight-Toothed_Spruce_Bark_Beetle",7.66659,46.49659
"Eight-Toothed_Spruce_Bark_Beetle",8.19362,46.92611
"Eight-Toothed_Spruce_Bark_Beetle",7.40603,46.56877
"Eight-Toothed_Spruce_Bark_Beetle",9.28903,47.0846
"Eight-Toothed_Spruce_Bark_Beetle",9.18107,47.00532
"Eight-Toothed_Spruce_Bark_Beetle",8.25927,46.92566
"Eight-Toothed_Spruce_Bark_Beetle",7.8636,46.70292
"Eight-Toothed_Spruce_Bark_Beetle",9.50796,46.95489
"Eight-Toothed_Spruce_Bark_Beetle",6.36174,46.60865
"Eight-Toothed_Spruce_Bark_Beetle",6.36174,46.60865
"Eight-Toothed_Spruce_Bark_Beetle",6.36174,46.60865
"Eight-Toothed_Spruce_Bark_Beetle",6.36174,46.60865
"Eight-Toothed_Spruce_Bark_Beetle",9.84332,46.81335
"Eight-Toothed_Spruce_Bark_Beetle",8.66027,47.23695
"Eight-Toothed_Spruce_Bark_Beetle",8.02867,46.2524
"Eight-Toothed_Spruce_Bark_Beetle",7.80154,47.19787
"Eight-Toothed_Spruce_Bark_Beetle",9.50796,46.95489
"Eight-Toothed_Spruce_Bark_Beetle",9.50796,46.95489
"Eight-Toothed_Spruce_Bark_Beetle",9.50796,46.95489
"Eight-Toothed_Spruce_Bark_Beetle",7.47157,47.10849
"Eight-Toothed_Spruce_Bark_Beetle",7.47157,47.10849
"Eight-Toothed_Spruce_Bark_Beetle",8.20127,47.46577
"Eight-Toothed_Spruce_Bark_Beetle",8.18612,46.38641
"Eight-Toothed_Spruce_Bark_Beetle",9.04288,46.7824
"Eight-Toothed_Spruce_Bark_Beetle",8.52639,47.14833
"Eight-Toothed_Spruce_Bark_Beetle",6.55458,46.79023
"Eight-Toothed_Spruce_Bark_Beetle",8.96595,46.37858
"Eight-Toothed_Spruce_Bark_Beetle",8.79346,47.28044
"Eight-Toothed_Spruce_Bark_Beetle",9.11393,46.96133
"Eight-Toothed_Spruce_Bark_Beetle",6.4891,46.78971
"Eight-Toothed_Spruce_Bark_Beetle",7.67074,47.46804
"Eight-Toothed_Spruce_Bark_Beetle",7.79467,46.16342
"Eight-Toothed_Spruce_Bark_Beetle",7.96829,46.71148
"Eight-Toothed_Spruce_Bark_Beetle",8.58748,46.92284
"Eight-Toothed_Spruce_Bark_Beetle",8.78891,47.10057
"Eight-Toothed_Spruce_Bark_Beetle",8.02245,46.88213
"Eight-Toothed_Spruce_Bark_Beetle",8.85953,47.27964
"Eight-Toothed_Spruce_Bark_Beetle",8.39056,46.92464
"Eight-Toothed_Spruce_Bark_Beetle",8.8512,46.96487
"Eight-Toothed_Spruce_Bark_Beetle",6.4891,46.78971
"Eight-Toothed_Spruce_Bark_Beetle",6.36174,46.60865
"Eight-Toothed_Spruce_Bark_Beetle",6.36174,46.60865
"Eight-Toothed_Spruce_Bark_Beetle",6.36174,46.60865
"Eight-Toothed_Spruce_Bark_Beetle",7.86861,47.33256
"Eight-Toothed_Spruce_Bark_Beetle",9.50796,46.95489
"Eight-Toothed_Spruce_Bark_Beetle",9.11393,46.96133
"Eight-Toothed_Spruce_Bark_Beetle",8.20127,47.46577
"Eight-Toothed_Spruce_Bark_Beetle",8.20127,47.46577
"Eight-Toothed_Spruce_Bark_Beetle",9.11393,46.96133
"Eight-Toothed_Spruce_Bark_Beetle",9.11393,46.96133
"Eight-Toothed_Spruce_Bark_Beetle",7.08262,46.16341
"Eight-Toothed_Spruce_Bark_Beetle",8.96595,46.37858
"Eight-Toothed_Spruce_Bark_Beetle",8.25246,46.47591
"Eight-Toothed_Spruce_Bark_Beetle",9.04288,46.7824
"Eight-Toothed_Spruce_Bark_Beetle",7.40603,46.56877
"Eight-Toothed_Spruce_Bark_Beetle",8.33239,47.37488
"Eight-Toothed_Spruce_Bark_Beetle",9.04154,46.73744
"Eight-Toothed_Spruce_Bark_Beetle",9.11393,46.96133
"Eight-Toothed_Spruce_Bark_Beetle",9.11534,47.0063
"Eight-Toothed_Spruce_Bark_Beetle",8.85595,47.14474
"Eight-Toothed_Spruce_Bark_Beetle",7.60456,47.51313
"Eight-Toothed_Spruce_Bark_Beetle",8.31369,47.0422
"Eight-Toothed_Spruce_Bark_Beetle",9.43561,46.77621
"Eight-Toothed_Spruce_Bark_Beetle",8.65822,47.14701
"Eight-Toothed_Spruce_Bark_Beetle",7.40603,46.56877
"Eight-Toothed_Spruce_Bark_Beetle",9.31567,47.09317
"Eight-Toothed_Spruce_Bark_Beetle",8.26479,47.28543
"Eight-Toothed_Spruce_Bark_Beetle",8.96468,46.33361
"Eight-Toothed_Spruce_Bark_Beetle",7.14069,47.37795
"Eight-Toothed_Spruce_Bark_Beetle",9.50796,46.95489
"Eight-Toothed_Spruce_Bark_Beetle",6.36174,46.60865
"Eight-Toothed_Spruce_Bark_Beetle",6.36174,46.60865
"Eight-Toothed_Spruce_Bark_Beetle",8.66027,47.23695
"Eight-Toothed_Spruce_Bark_Beetle",10.30113,46.79379
"Eight-Toothed_Spruce_Bark_Beetle",9.50796,46.95489
"Eight-Toothed_Spruce_Bark_Beetle",9.50796,46.95489
"Eight-Toothed_Spruce_Bark_Beetle",8.84414,46.69505
"Eight-Toothed_Spruce_Bark_Beetle",8.84414,46.69505
"Eight-Toothed_Spruce_Bark_Beetle",8.20127,47.46577
"Eight-Toothed_Spruce_Bark_Beetle",8.20127,47.46577
"Eight-Toothed_Spruce_Bark_Beetle",7.27655,46.25381
"Eight-Toothed_Spruce_Bark_Beetle",9.48907,46.46031
"Eight-Toothed_Spruce_Bark_Beetle",9.04288,46.7824
"Eight-Toothed_Spruce_Bark_Beetle",7.93434,47.28733
"Eight-Toothed_Spruce_Bark_Beetle",8.19935,47.33086
"Eight-Toothed_Spruce_Bark_Beetle",7.73706,47.46789
"Eight-Toothed_Spruce_Bark_Beetle",9.11393,46.96133
"Eight-Toothed_Spruce_Bark_Beetle",8.24533,46.87178
"Eight-Toothed_Spruce_Bark_Beetle",9.03224,46.42266
"Eight-Toothed_Spruce_Bark_Beetle",8.80149,47.59518
"Eight-Toothed_Spruce_Bark_Beetle",7.63988,46.31672
"Eight-Toothed_Spruce_Bark_Beetle",7.47127,46.61375
"Eight-Toothed_Spruce_Bark_Beetle",8.98516,47.05311
"Eight-Toothed_Spruce_Bark_Beetle",9.69361,46.68141
"Eight-Toothed_Spruce_Bark_Beetle",7.60373,47.2433
"Eight-Toothed_Spruce_Bark_Beetle",8.77878,46.69584
"Eight-Toothed_Spruce_Bark_Beetle",8.1251,46.70165
"Eight-Toothed_Spruce_Bark_Beetle",8.39536,47.19447
"Eight-Toothed_Spruce_Bark_Beetle",6.36174,46.60865
"Eight-Toothed_Spruce_Bark_Beetle",6.36174,46.60865
"Eight-Toothed_Spruce_Bark_Beetle",9.84332,46.81335
"Eight-Toothed_Spruce_Bark_Beetle",7.08174,46.29834
"Eight-Toothed_Spruce_Bark_Beetle",7.47122,46.5238
"Eight-Toothed_Spruce_Bark_Beetle",7.5376,47.1984
"Eight-Toothed_Spruce_Bark_Beetle",7.5376,47.1984
"Eight-Toothed_Spruce_Bark_Beetle",7.40578,46.97357
"Eight-Toothed_Spruce_Bark_Beetle",7.66842,46.92837
"Eight-Toothed_Spruce_Bark_Beetle",7.27408,47.0634
"Eight-Toothed_Spruce_Bark_Beetle",7.65565,47.01834
"Eight-Toothed_Spruce_Bark_Beetle",9.04996,47.45706
"Eight-Toothed_Spruce_Bark_Beetle",8.96179,46.69354
"Eight-Toothed_Spruce_Bark_Beetle",7.19523,47.03628
"Eight-Toothed_Spruce_Bark_Beetle",7.77725,47.53074
"Eight-Toothed_Spruce_Bark_Beetle",7.77725,47.53074
"Eight-Toothed_Spruce_Bark_Beetle",8.43898,47.40999
"Eight-Toothed_Spruce_Bark_Beetle",6.08522,46.18284
"Eight-Toothed_Spruce_Bark_Beetle",6.30405,46.24823
"Eight-Toothed_Spruce_Bark_Beetle",7.60304,47.01843
"Eight-Toothed_Spruce_Bark_Beetle",8.65883,47.17399
"Eight-Toothed_Spruce_Bark_Beetle",6.99289,46.05514
"Eight-Toothed_Spruce_Bark_Beetle",6.09149,46.45282
"Eight-Toothed_Spruce_Bark_Beetle",9.56827,46.81881
"Eight-Toothed_Spruce_Bark_Beetle",6.55384,46.83521
"Eight-Toothed_Spruce_Bark_Beetle",7.78509,46.69419
"Eight-Toothed_Spruce_Bark_Beetle",7.4452,46.92859
"Eight-Toothed_Spruce_Bark_Beetle",8.05613,46.38719
"Eight-Toothed_Spruce_Bark_Beetle",6.75137,46.7646
"Eight-Toothed_Spruce_Bark_Beetle",6.55295,46.88918
"Eight-Toothed_Spruce_Bark_Beetle",8.71543,46.22874
"Eight-Toothed_Spruce_Bark_Beetle",8.96101,47.5932
"Eight-Toothed_Spruce_Bark_Beetle",7.27408,47.0634
"Eight-Toothed_Spruce_Bark_Beetle",8.05613,46.38719
"Eight-Toothed_Spruce_Bark_Beetle",7.65565,47.01834
"Eight-Toothed_Spruce_Bark_Beetle",7.27408,47.0634
"Eight-Toothed_Spruce_Bark_Beetle",7.27408,47.0634
"Eight-Toothed_Spruce_Bark_Beetle",6.29971,46.4551
"Eight-Toothed_Spruce_Bark_Beetle",7.77725,47.53074
"Eight-Toothed_Spruce_Bark_Beetle",8.77322,46.47099
"Eight-Toothed_Spruce_Bark_Beetle",8.77322,46.47099
"Eight-Toothed_Spruce_Bark_Beetle",6.96423,46.37887
"Eight-Toothed_Spruce_Bark_Beetle",8.85745,46.70389
"Eight-Toothed_Spruce_Bark_Beetle",8.85745,46.70389
"Eight-Toothed_Spruce_Bark_Beetle",6.82269,46.25225
"Eight-Toothed_Spruce_Bark_Beetle",8.05511,46.29723
"Eight-Toothed_Spruce_Bark_Beetle",7.62947,47.05437
"Eight-Toothed_Spruce_Bark_Beetle",7.1337,46.2895
"Eight-Toothed_Spruce_Bark_Beetle",7.1337,46.2895
"Eight-Toothed_Spruce_Bark_Beetle",7.1337,46.2895
"Eight-Toothed_Spruce_Bark_Beetle",6.05841,46.2185
"Eight-Toothed_Spruce_Bark_Beetle",9.81077,46.96702
"Eight-Toothed_Spruce_Bark_Beetle",9.50277,46.82001
"Eight-Toothed_Spruce_Bark_Beetle",7.37996,46.55077
"Eight-Toothed_Spruce_Bark_Beetle",7.78509,46.69419
"Eight-Toothed_Spruce_Bark_Beetle",7.4452,46.92859
"Eight-Toothed_Spruce_Bark_Beetle",7.4452,46.92859
"Eight-Toothed_Spruce_Bark_Beetle",7.4452,46.92859
"Eight-Toothed_Spruce_Bark_Beetle",7.2071,47.33313
"Eight-Toothed_Spruce_Bark_Beetle",7.604,47.33324
"Eight-Toothed_Spruce_Bark_Beetle",9.51544,46.46883
"Eight-Toothed_Spruce_Bark_Beetle",8.96101,47.5932
"Eight-Toothed_Spruce_Bark_Beetle",7.80154,47.19787
"Eight-Toothed_Spruce_Bark_Beetle",7.73456,47.01817
"Eight-Toothed_Spruce_Bark_Beetle",7.66919,47.10827
"Eight-Toothed_Spruce_Bark_Beetle",7.66842,46.92837
"Eight-Toothed_Spruce_Bark_Beetle",7.66842,46.92837
"Eight-Toothed_Spruce_Bark_Beetle",8.31369,47.0422
"Eight-Toothed_Spruce_Bark_Beetle",7.67039,47.3871
"Eight-Toothed_Spruce_Bark_Beetle",5.98235,46.15456
"Eight-Toothed_Spruce_Bark_Beetle",8.77322,46.47099
"Eight-Toothed_Spruce_Bark_Beetle",8.77322,46.47099
"Eight-Toothed_Spruce_Bark_Beetle",8.8512,46.96487
"Eight-Toothed_Spruce_Bark_Beetle",7.60208,46.7036
"Eight-Toothed_Spruce_Bark_Beetle",7.10868,46.1365
"Eight-Toothed_Spruce_Bark_Beetle",6.10517,46.42599
"Eight-Toothed_Spruce_Bark_Beetle",6.95155,46.34284
"Eight-Toothed_Spruce_Bark_Beetle",7.4452,46.92859
"Eight-Toothed_Spruce_Bark_Beetle",6.95058,46.45078
"Eight-Toothed_Spruce_Bark_Beetle",9.32303,46.55317
"Eight-Toothed_Spruce_Bark_Beetle",6.81992,46.49512
"Eight-Toothed_Spruce_Bark_Beetle",8.5444,47.38204
"Eight-Toothed_Spruce_Bark_Beetle",7.84385,47.55751
"Eight-Toothed_Spruce_Bark_Beetle",7.80154,47.19787
"Eight-Toothed_Spruce_Bark_Beetle",7.07724,46.973
"Eight-Toothed_Spruce_Bark_Beetle",7.30039,47.07243
"Eight-Toothed_Spruce_Bark_Beetle",6.42447,46.74417
"Eight-Toothed_Spruce_Bark_Beetle",7.66842,46.92837
"Eight-Toothed_Spruce_Bark_Beetle",8.05613,46.38719
"Eight-Toothed_Spruce_Bark_Beetle",7.65565,47.01834
"Eight-Toothed_Spruce_Bark_Beetle",9.04996,47.45706
"Eight-Toothed_Spruce_Bark_Beetle",7.4452,46.94659
"Eight-Toothed_Spruce_Bark_Beetle",6.29971,46.4551
"Eight-Toothed_Spruce_Bark_Beetle",7.67039,47.3871
"Eight-Toothed_Spruce_Bark_Beetle",7.67039,47.3871
"Eight-Toothed_Spruce_Bark_Beetle",6.17335,46.29182
"Eight-Toothed_Spruce_Bark_Beetle",9.05096,47.0522
"Eight-Toothed_Spruce_Bark_Beetle",7.17307,46.19964
"Eight-Toothed_Spruce_Bark_Beetle",6.09149,46.45282
"Eight-Toothed_Spruce_Bark_Beetle",6.62414,46.52087
"Eight-Toothed_Spruce_Bark_Beetle",7.79626,46.4063
"Eight-Toothed_Spruce_Bark_Beetle",7.4452,46.92859
"Eight-Toothed_Spruce_Bark_Beetle",6.75137,46.7646
"Eight-Toothed_Spruce_Bark_Beetle",6.63704,46.52996
"Eight-Toothed_Spruce_Bark_Beetle",6.38977,46.50995
"Eight-Toothed_Spruce_Bark_Beetle",6.38977,46.50995
"Eight-Toothed_Spruce_Bark_Beetle",9.12143,46.78127
"Eight-Toothed_Spruce_Bark_Beetle",8.86917,47.63934
"Eight-Toothed_Spruce_Bark_Beetle",7.07694,47.01797
"Eight-Toothed_Spruce_Bark_Beetle",7.80767,46.17237
"Eight-Toothed_Spruce_Bark_Beetle",7.66842,46.92837
"Eight-Toothed_Spruce_Bark_Beetle",7.27408,47.0634
"Eight-Toothed_Spruce_Bark_Beetle",9.04996,47.45706
"Eight-Toothed_Spruce_Bark_Beetle",7.4452,46.94659
"Eight-Toothed_Spruce_Bark_Beetle",6.29971,46.4551
"Eight-Toothed_Spruce_Bark_Beetle",7.77725,47.53074
"Eight-Toothed_Spruce_Bark_Beetle",9.43561,46.77621
"Eight-Toothed_Spruce_Bark_Beetle",9.51068,46.68489
"Eight-Toothed_Spruce_Bark_Beetle",7.67039,47.3871
"Eight-Toothed_Spruce_Bark_Beetle",9.26517,47.54382
"Eight-Toothed_Spruce_Bark_Beetle",6.17335,46.29182
"Eight-Toothed_Spruce_Bark_Beetle",9.26517,47.54382
"Eight-Toothed_Spruce_Bark_Beetle",9.05096,47.0522
"Eight-Toothed_Spruce_Bark_Beetle",9.54888,46.32423
"Eight-Toothed_Spruce_Bark_Beetle",7.94483,46.99944
"Eight-Toothed_Spruce_Bark_Beetle",7.1337,46.2895
"Eight-Toothed_Spruce_Bark_Beetle",9.41107,46.82163
"Eight-Toothed_Spruce_Bark_Beetle",9.81077,46.96702
"Eight-Toothed_Spruce_Bark_Beetle",9.50277,46.82001
"Eight-Toothed_Spruce_Bark_Beetle",7.4452,46.92859
"Eight-Toothed_Spruce_Bark_Beetle",7.4452,46.92859
"Eight-Toothed_Spruce_Bark_Beetle",7.4452,46.92859
"Eight-Toothed_Spruce_Bark_Beetle",7.14663,46.29853
"Eight-Toothed_Spruce_Bark_Beetle",6.94333,47.24235
"Eight-Toothed_Spruce_Bark_Beetle",7.66659,46.49659
"Eight-Toothed_Spruce_Bark_Beetle",9.56756,46.80082
"Eight-Toothed_Spruce_Bark_Beetle",7.80154,47.19787
"Eight-Toothed_Spruce_Bark_Beetle",7.34139,46.25389
"Eight-Toothed_Spruce_Bark_Beetle",7.30039,47.07243
"Eight-Toothed_Spruce_Bark_Beetle",7.5376,47.1984
"Eight-Toothed_Spruce_Bark_Beetle",7.73456,47.01817
"Eight-Toothed_Spruce_Bark_Beetle",7.66919,47.10827
"Eight-Toothed_Spruce_Bark_Beetle",7.40581,46.92859
"Eight-Toothed_Spruce_Bark_Beetle",7.4978,47.00054
"Eight-Toothed_Spruce_Bark_Beetle",6.29971,46.4551
"Eight-Toothed_Spruce_Bark_Beetle",9.7186,46.65392
"Eight-Toothed_Spruce_Bark_Beetle",9.7186,46.65392
"Eight-Toothed_Spruce_Bark_Beetle",8.77322,46.47099
"Eight-Toothed_Spruce_Bark_Beetle",6.08522,46.18284
"Eight-Toothed_Spruce_Bark_Beetle",6.17335,46.29182
"Eight-Toothed_Spruce_Bark_Beetle",7.99761,47.01719
"Eight-Toothed_Spruce_Bark_Beetle",8.8512,46.96487
"Eight-Toothed_Spruce_Bark_Beetle",7.60318,47.0634
"Eight-Toothed_Spruce_Bark_Beetle",6.99289,46.05514
"Eight-Toothed_Spruce_Bark_Beetle",6.95034,46.47777
"Eight-Toothed_Spruce_Bark_Beetle",6.47729,46.71764
"Eight-Toothed_Spruce_Bark_Beetle",6.23922,46.24756
"Eight-Toothed_Spruce_Bark_Beetle",9.56827,46.81881
"Eight-Toothed_Spruce_Bark_Beetle",7.12225,46.0286
"Eight-Toothed_Spruce_Bark_Beetle",9.28068,46.8418
"Eight-Toothed_Spruce_Bark_Beetle",7.14663,46.29853
"Eight-Toothed_Spruce_Bark_Beetle",7.73716,47.48588
"Eight-Toothed_Spruce_Bark_Beetle",7.73716,47.48588
"Eight-Toothed_Spruce_Bark_Beetle",7.14394,46.79328
"Eight-Toothed_Spruce_Bark_Beetle",7.30039,47.07243
"Eight-Toothed_Spruce_Bark_Beetle",7.73456,47.01817
"Eight-Toothed_Spruce_Bark_Beetle",7.66842,46.92837
"Eight-Toothed_Spruce_Bark_Beetle",7.27408,47.0634
"Eight-Toothed_Spruce_Bark_Beetle",7.27408,47.0634
"Eight-Toothed_Spruce_Bark_Beetle",8.05613,46.38719
"Eight-Toothed_Spruce_Bark_Beetle",7.65565,47.01834
"Eight-Toothed_Spruce_Bark_Beetle",7.4452,46.94659
"Eight-Toothed_Spruce_Bark_Beetle",7.4452,46.94659
"Eight-Toothed_Spruce_Bark_Beetle",9.77472,46.74278
"Eight-Toothed_Spruce_Bark_Beetle",9.7186,46.65392
"Eight-Toothed_Spruce_Bark_Beetle",9.51068,46.68489
"Eight-Toothed_Spruce_Bark_Beetle",6.17335,46.29182
"Eight-Toothed_Spruce_Bark_Beetle",8.77322,46.47099
"Eight-Toothed_Spruce_Bark_Beetle",6.17335,46.29182
"Eight-Toothed_Spruce_Bark_Beetle",9.34201,47.09273
"Eight-Toothed_Spruce_Bark_Beetle",7.17307,46.19964
"Eight-Toothed_Spruce_Bark_Beetle",6.82269,46.25225
"Eight-Toothed_Spruce_Bark_Beetle",6.50531,46.60992
"Eight-Toothed_Spruce_Bark_Beetle",6.71307,46.6924
"Eight-Toothed_Spruce_Bark_Beetle",6.16809,46.51668
"Eight-Toothed_Spruce_Bark_Beetle",9.19313,47.37401
"Eight-Toothed_Spruce_Bark_Beetle",7.78509,46.69419
"Eight-Toothed_Spruce_Bark_Beetle",8.9072,47.09012
"Eight-Toothed_Spruce_Bark_Beetle",6.63517,46.65589
"Eight-Toothed_Spruce_Bark_Beetle",8.5444,47.38204
"Eight-Toothed_Spruce_Bark_Beetle",6.05887,46.20051
"Eight-Toothed_Spruce_Bark_Beetle",7.59139,47.54912
"Eight-Toothed_Spruce_Bark_Beetle",7.80154,47.19787
"Eight-Toothed_Spruce_Bark_Beetle",7.80154,47.19787
"Eight-Toothed_Spruce_Bark_Beetle",7.73456,47.01817
"Eight-Toothed_Spruce_Bark_Beetle",7.27408,47.0634
"Eight-Toothed_Spruce_Bark_Beetle",9.68017,46.67268
"Eight-Toothed_Spruce_Bark_Beetle",8.77322,46.47099
"Eight-Toothed_Spruce_Bark_Beetle",6.17335,46.29182
"Eight-Toothed_Spruce_Bark_Beetle",7.99761,47.01719
"Eight-Toothed_Spruce_Bark_Beetle",7.04424,46.10031
"Eight-Toothed_Spruce_Bark_Beetle",8.85745,46.70389
"Eight-Toothed_Spruce_Bark_Beetle",7.6439,47.38715
"Eight-Toothed_Spruce_Bark_Beetle",9.54888,46.32423
"Eight-Toothed_Spruce_Bark_Beetle",7.92979,46.79261
"Eight-Toothed_Spruce_Bark_Beetle",7.86009,46.25315
"Eight-Toothed_Spruce_Bark_Beetle",6.09149,46.45282
"Eight-Toothed_Spruce_Bark_Beetle",6.09149,46.45282
"Eight-Toothed_Spruce_Bark_Beetle",9.3565,47.49736
"Eight-Toothed_Spruce_Bark_Beetle",9.41107,46.82163
"Eight-Toothed_Spruce_Bark_Beetle",7.4452,46.92859
"Eight-Toothed_Spruce_Bark_Beetle",7.4452,46.92859
"Eight-Toothed_Spruce_Bark_Beetle",9.32303,46.55317
"Eight-Toothed_Spruce_Bark_Beetle",6.10517,46.42599
"Eight-Toothed_Spruce_Bark_Beetle",6.75137,46.7646
"Eight-Toothed_Spruce_Bark_Beetle",7.07418,47.42273
"Eight-Toothed_Spruce_Bark_Beetle",9.28068,46.8418
"Eight-Toothed_Spruce_Bark_Beetle",7.88855,46.5589
"Eight-Toothed_Spruce_Bark_Beetle",7.30039,47.07243
"Eight-Toothed_Spruce_Bark_Beetle",7.30039,47.07243
"Eight-Toothed_Spruce_Bark_Beetle",7.5376,47.1984
"Eight-Toothed_Spruce_Bark_Beetle",7.27408,47.0634
"Eight-Toothed_Spruce_Bark_Beetle",7.65565,47.01834
"Eight-Toothed_Spruce_Bark_Beetle",8.05613,46.38719
"Eight-Toothed_Spruce_Bark_Beetle",8.96179,46.69354
"Eight-Toothed_Spruce_Bark_Beetle",8.66336,47.37185
"Eight-Toothed_Spruce_Bark_Beetle",9.5753,46.6657
"Eight-Toothed_Spruce_Bark_Beetle",9.68017,46.67268
"Eight-Toothed_Spruce_Bark_Beetle",6.17335,46.29182
"Eight-Toothed_Spruce_Bark_Beetle",6.17335,46.29182
"Eight-Toothed_Spruce_Bark_Beetle",8.85745,46.70389
"Eight-Toothed_Spruce_Bark_Beetle",8.8512,46.96487
"Eight-Toothed_Spruce_Bark_Beetle",7.92979,46.79261
"Eight-Toothed_Spruce_Bark_Beetle",7.14736,46.1636
"Eight-Toothed_Spruce_Bark_Beetle",6.09149,46.45282
"Eight-Toothed_Spruce_Bark_Beetle",6.10517,46.42599
"Eight-Toothed_Spruce_Bark_Beetle",7.8594,46.16319
"Eight-Toothed_Spruce_Bark_Beetle",9.41107,46.82163
"Eight-Toothed_Spruce_Bark_Beetle",9.81077,46.96702
"Eight-Toothed_Spruce_Bark_Beetle",7.78509,46.69419
"Eight-Toothed_Spruce_Bark_Beetle",7.78509,46.69419
"Eight-Toothed_Spruce_Bark_Beetle",9.32303,46.55317
"Eight-Toothed_Spruce_Bark_Beetle",8.5444,47.38204
"Eight-Toothed_Spruce_Bark_Beetle",6.68238,47.01605
"Eight-Toothed_Spruce_Bark_Beetle",6.64638,46.78191
"Eight-Toothed_Spruce_Bark_Beetle",6.81992,46.49512
"Eight-Toothed_Spruce_Bark_Beetle",10.07016,46.35832
"Eight-Toothed_Spruce_Bark_Beetle",8.53561,47.598
"Eight-Toothed_Spruce_Bark_Beetle",7.19523,47.03628
"Eight-Toothed_Spruce_Bark_Beetle",7.73716,47.48588
"Eight-Toothed_Spruce_Bark_Beetle",7.73716,47.48588
"Eight-Toothed_Spruce_Bark_Beetle",7.07724,46.973
"Eight-Toothed_Spruce_Bark_Beetle",7.66919,47.10827
"Eight-Toothed_Spruce_Bark_Beetle",7.41894,46.92859
"Eight-Toothed_Spruce_Bark_Beetle",7.65565,47.01834
"Eight-Toothed_Spruce_Bark_Beetle",7.27408,47.0634
"Eight-Toothed_Spruce_Bark_Beetle",7.4452,46.94659
"Eight-Toothed_Spruce_Bark_Beetle",7.4452,46.94659
"Eight-Toothed_Spruce_Bark_Beetle",9.7186,46.65392
"Eight-Toothed_Spruce_Bark_Beetle",9.51068,46.68489
"Eight-Toothed_Spruce_Bark_Beetle",8.57108,47.39078
"Eight-Toothed_Spruce_Bark_Beetle",6.30405,46.24823
"Eight-Toothed_Spruce_Bark_Beetle",9.26517,47.54382
"Eight-Toothed_Spruce_Bark_Beetle",6.96423,46.37887
"Eight-Toothed_Spruce_Bark_Beetle",7.92979,46.79261
"Eight-Toothed_Spruce_Bark_Beetle",6.23922,46.24756
"Eight-Toothed_Spruce_Bark_Beetle",6.55384,46.83521
"Eight-Toothed_Spruce_Bark_Beetle",7.4452,46.92859
"Eight-Toothed_Spruce_Bark_Beetle",8.05613,46.38719
"Eight-Toothed_Spruce_Bark_Beetle",6.68868,46.5663
"Eight-Toothed_Spruce_Bark_Beetle",6.75137,46.7646
"Eight-Toothed_Spruce_Bark_Beetle",7.88855,46.5589
"Eight-Toothed_Spruce_Bark_Beetle",7.27311,47.37821
"Eight-Toothed_Spruce_Bark_Beetle",9.62785,46.34973
"Eight-Toothed_Spruce_Bark_Beetle",19.71017,64.21526
"Eight-Toothed_Spruce_Bark_Beetle",20.29705,63.73113
"Eight-Toothed_Spruce_Bark_Beetle",10.466096,51.757233
"Eight-Toothed_Spruce_Bark_Beetle",15.521631,46.654798
"Eight-Toothed_Spruce_Bark_Beetle",24.872311,55.165367
"Eight-Toothed_Spruce_Bark_Beetle",13.49623,48.594282
"Eight-Toothed_Spruce_Bark_Beetle",15.602182,49.395908
"Eight-Toothed_Spruce_Bark_Beetle",24.063309,54.552427
"Eight-Toothed_Spruce_Bark_Beetle",17.012693,49.295524
"Eight-Toothed_Spruce_Bark_Beetle",14.743233,50.026522
"Eight-Toothed_Spruce_Bark_Beetle",36.922185,55.407155
"Eight-Toothed_Spruce_Bark_Beetle",36.932502,55.40984
"Eight-Toothed_Spruce_Bark_Beetle",11.242679,46.107485
"Eight-Toothed_Spruce_Bark_Beetle",16.38265,58.98022
"Eight-Toothed_Spruce_Bark_Beetle",16.36545,58.66685
"Eight-Toothed_Spruce_Bark_Beetle",15.10055,59.33976
"Eight-Toothed_Spruce_Bark_Beetle",17.27376,58.8323
"Eight-Toothed_Spruce_Bark_Beetle",15.95868,56.71689
"Eight-Toothed_Spruce_Bark_Beetle",15.98195,59.3306
"Eight-Toothed_Spruce_Bark_Beetle",14.57972,60.39418
"Eight-Toothed_Spruce_Bark_Beetle",17.60055,59.80836
"Eight-Toothed_Spruce_Bark_Beetle",14.58027,60.43516
"Eight-Toothed_Spruce_Bark_Beetle",16.79549,60.26827
"Eight-Toothed_Spruce_Bark_Beetle",16.43261,56.94387
"Eight-Toothed_Spruce_Bark_Beetle",14.53309,60.4805
"Eight-Toothed_Spruce_Bark_Beetle",14.4531,60.37419
"Eight-Toothed_Spruce_Bark_Beetle",14.50162,60.46813
"Eight-Toothed_Spruce_Bark_Beetle",14.50162,60.46813
"Eight-Toothed_Spruce_Bark_Beetle",14.50162,60.46813
"Eight-Toothed_Spruce_Bark_Beetle",14.35674,60.38689
"Eight-Toothed_Spruce_Bark_Beetle",14.37172,60.54987
"Eight-Toothed_Spruce_Bark_Beetle",14.54018,60.51095
"Eight-Toothed_Spruce_Bark_Beetle",14.50162,60.46813
"Eight-Toothed_Spruce_Bark_Beetle",14.53309,60.4805
"Eight-Toothed_Spruce_Bark_Beetle",15.90915,56.74236
"Eight-Toothed_Spruce_Bark_Beetle",15.9717,56.71056
"Eight-Toothed_Spruce_Bark_Beetle",2.59868,48.29396
"Eight-Toothed_Spruce_Bark_Beetle",6.80087,45.89702
"Eight-Toothed_Spruce_Bark_Beetle",6.6617,44.17242
"Eight-Toothed_Spruce_Bark_Beetle",6.6617,44.17242
"Eight-Toothed_Spruce_Bark_Beetle",6.92401,45.93126
"Eight-Toothed_Spruce_Bark_Beetle",6.6617,44.17242
"Eight-Toothed_Spruce_Bark_Beetle",6.73168,45.78916
"Eight-Toothed_Spruce_Bark_Beetle",6.73168,45.78916
"Eight-Toothed_Spruce_Bark_Beetle",6.6617,44.17242
"Eight-Toothed_Spruce_Bark_Beetle",6.92401,45.93126
"Eight-Toothed_Spruce_Bark_Beetle",7.5037,43.94022
"Eight-Toothed_Spruce_Bark_Beetle",6.73168,45.78916
"Eight-Toothed_Spruce_Bark_Beetle",6.92401,45.93126
"Eight-Toothed_Spruce_Bark_Beetle",6.80087,45.89702
"Eight-Toothed_Spruce_Bark_Beetle",6.97223,44.10845
"Eight-Toothed_Spruce_Bark_Beetle",6.6617,44.17242
"Eight-Toothed_Spruce_Bark_Beetle",6.6617,44.17242
"Eight-Toothed_Spruce_Bark_Beetle",6.92401,45.93126
"Eight-Toothed_Spruce_Bark_Beetle",6.92401,45.93126
"Eight-Toothed_Spruce_Bark_Beetle",6.80087,45.89702
"Eight-Toothed_Spruce_Bark_Beetle",6.80087,45.89702
"Eight-Toothed_Spruce_Bark_Beetle",6.92401,45.93126
"Eight-Toothed_Spruce_Bark_Beetle",6.80087,45.89702
"Eight-Toothed_Spruce_Bark_Beetle",6.92401,45.93126
"Eight-Toothed_Spruce_Bark_Beetle",6.80087,45.89702
"Eight-Toothed_Spruce_Bark_Beetle",6.80087,45.89702
"Eight-Toothed_Spruce_Bark_Beetle",7.19595,44.11291
"Eight-Toothed_Spruce_Bark_Beetle",6.73168,45.78916
"Eight-Toothed_Spruce_Bark_Beetle",6.92401,45.93126
"Eight-Toothed_Spruce_Bark_Beetle",6.73168,45.78916
"Eight-Toothed_Spruce_Bark_Beetle",4.637346,50.075079
"Eight-Toothed_Spruce_Bark_Beetle",9.104964,58.755786
"Eight-Toothed_Spruce_Bark_Beetle",25.297754,54.755479
"Eight-Toothed_Spruce_Bark_Beetle",57.687421,54.989612
"Eight-Toothed_Spruce_Bark_Beetle",33.372632,58.06588
"Eight-Toothed_Spruce_Bark_Beetle",49.830025,58.728888
"Eight-Toothed_Spruce_Bark_Beetle",9.384916,51.806457
"Eight-Toothed_Spruce_Bark_Beetle",16.1779,59.00497
"Eight-Toothed_Spruce_Bark_Beetle",17.11704,62.96598
"Eight-Toothed_Spruce_Bark_Beetle",17.20073,62.93407
"Eight-Toothed_Spruce_Bark_Beetle",18.79506,57.44332
"Eight-Toothed_Spruce_Bark_Beetle",6.36,52.83
"Eight-Toothed_Spruce_Bark_Beetle",14,45.73
"Eight-Toothed_Spruce_Bark_Beetle",28.774,61.176
"Eight-Toothed_Spruce_Bark_Beetle",14,45.73
"Eight-Toothed_Spruce_Bark_Beetle",14,45.73
"Eight-Toothed_Spruce_Bark_Beetle",6.36,52.83
"Eight-Toothed_Spruce_Bark_Beetle",28.774,61.176
"Eight-Toothed_Spruce_Bark_Beetle",14.5,47.3
"Eight-Toothed_Spruce_Bark_Beetle",14,45.73
"Eight-Toothed_Spruce_Bark_Beetle",5.595,49.647
"Eight-Toothed_Spruce_Bark_Beetle",5.595,49.647
"Eight-Toothed_Spruce_Bark_Beetle",5.595,49.647
"Eight-Toothed_Spruce_Bark_Beetle",12.17053,58.56167
"Eight-Toothed_Spruce_Bark_Beetle",16.31915,58.95688
"Eight-Toothed_Spruce_Bark_Beetle",13.14374,55.56484
"Eight-Toothed_Spruce_Bark_Beetle",14.65154,58.32951
"Eight-Toothed_Spruce_Bark_Beetle",16.75651,59.12165
"Eight-Toothed_Spruce_Bark_Beetle",15.59758,57.75584
"Eight-Toothed_Spruce_Bark_Beetle",16.31253,58.89637
"Eight-Toothed_Spruce_Bark_Beetle",9.299063,60.08939
"Eight-Toothed_Spruce_Bark_Beetle",9.299154,60.089524
"Eight-Toothed_Spruce_Bark_Beetle",9.1694,59.682949
"Eight-Toothed_Spruce_Bark_Beetle",10.512199,60.158607
"Eight-Toothed_Spruce_Bark_Beetle",10.79318,60.239956
"Eight-Toothed_Spruce_Bark_Beetle",11.589583,60.587799
"Eight-Toothed_Spruce_Bark_Beetle",9.169311,59.682887
"Eight-Toothed_Spruce_Bark_Beetle",11.031157,59.904139
"Eight-Toothed_Spruce_Bark_Beetle",11.031106,59.904185
"Eight-Toothed_Spruce_Bark_Beetle",9.169701,59.682805
"Eight-Toothed_Spruce_Bark_Beetle",9.299154,60.089524
"Eight-Toothed_Spruce_Bark_Beetle",10.510911,60.085375
"Eight-Toothed_Spruce_Bark_Beetle",9.169701,59.682805
"Eight-Toothed_Spruce_Bark_Beetle",9.169275,59.682806
"Eight-Toothed_Spruce_Bark_Beetle",11.031001,59.904222
"Eight-Toothed_Spruce_Bark_Beetle",10.79318,60.239956
"Eight-Toothed_Spruce_Bark_Beetle",10.027296,59.140156
"Eight-Toothed_Spruce_Bark_Beetle",9.911815,59.109782
"Eight-Toothed_Spruce_Bark_Beetle",10.027296,59.140156
"Eight-Toothed_Spruce_Bark_Beetle",10.349203,59.21779
"Eight-Toothed_Spruce_Bark_Beetle",9.866285,59.158681
"Eight-Toothed_Spruce_Bark_Beetle",9.857291,59.240559
"Eight-Toothed_Spruce_Bark_Beetle",10.027256,59.137626
"Eight-Toothed_Spruce_Bark_Beetle",9.85707,59.23907
"Eight-Toothed_Spruce_Bark_Beetle",10.027256,59.137626
"Eight-Toothed_Spruce_Bark_Beetle",14.41767,59.25251
"Eight-Toothed_Spruce_Bark_Beetle",15.88481,56.77775
"Eight-Toothed_Spruce_Bark_Beetle",23.3583,66.68776
"Eight-Toothed_Spruce_Bark_Beetle",15.406,56.32095
"Eight-Toothed_Spruce_Bark_Beetle",10.933134,47.563213
"Eight-Toothed_Spruce_Bark_Beetle",2.465228,50.80391
"Eight-Toothed_Spruce_Bark_Beetle",15.32602,61.94731
"Eight-Toothed_Spruce_Bark_Beetle",6.16402,44.27098
"Eight-Toothed_Spruce_Bark_Beetle",3.49112,44.46933
"Eight-Toothed_Spruce_Bark_Beetle",5.51357,45.22378
"Eight-Toothed_Spruce_Bark_Beetle",3.81042,44.92209
"Eight-Toothed_Spruce_Bark_Beetle",2.79152,45.34876
"Eight-Toothed_Spruce_Bark_Beetle",5.54511,45.16838
"Eight-Toothed_Spruce_Bark_Beetle",3.73621,44.27677
"Eight-Toothed_Spruce_Bark_Beetle",5.99129,45.25898
"Eight-Toothed_Spruce_Bark_Beetle",5.90126,47.15163
"Eight-Toothed_Spruce_Bark_Beetle",5.59017,45.12096
"Eight-Toothed_Spruce_Bark_Beetle",3.80938,44.63159
"Eight-Toothed_Spruce_Bark_Beetle",3.83459,45.52034
"Eight-Toothed_Spruce_Bark_Beetle",5.73253,46.82159
"Eight-Toothed_Spruce_Bark_Beetle",-1.1478,48.41311
"Eight-Toothed_Spruce_Bark_Beetle",1.57853,45.82657
"Eight-Toothed_Spruce_Bark_Beetle",6.49756,45.60976
"Eight-Toothed_Spruce_Bark_Beetle",5.81138,45.09898
"Eight-Toothed_Spruce_Bark_Beetle",3.39058,44.99678
"Eight-Toothed_Spruce_Bark_Beetle",7.04707,48.73832
"Eight-Toothed_Spruce_Bark_Beetle",5.78507,46.25334
"Eight-Toothed_Spruce_Bark_Beetle",1.4431,42.70205
"Eight-Toothed_Spruce_Bark_Beetle",6.88821,48.53565
"Eight-Toothed_Spruce_Bark_Beetle",4.12425,47.37222
"Eight-Toothed_Spruce_Bark_Beetle",4.21493,47.12131
"Eight-Toothed_Spruce_Bark_Beetle",6.03288,45.034
"Eight-Toothed_Spruce_Bark_Beetle",6.56049,45.19848
"Eight-Toothed_Spruce_Bark_Beetle",6.49813,44.37127
"Eight-Toothed_Spruce_Bark_Beetle",5.88545,44.93377
"Eight-Toothed_Spruce_Bark_Beetle",6.38115,47.18953
"Eight-Toothed_Spruce_Bark_Beetle",6.02835,47.47222
"Eight-Toothed_Spruce_Bark_Beetle",3.48886,44.64815
"Eight-Toothed_Spruce_Bark_Beetle",4.66974,49.85981
"Eight-Toothed_Spruce_Bark_Beetle",5.81138,45.09898
"Eight-Toothed_Spruce_Bark_Beetle",3.04034,45.7578
"Eight-Toothed_Spruce_Bark_Beetle",5.63581,45.46088
"Eight-Toothed_Spruce_Bark_Beetle",2.10402,47.91419
"Eight-Toothed_Spruce_Bark_Beetle",7.21025,47.9097
"Eight-Toothed_Spruce_Bark_Beetle",-0.02207,48.52574
"Eight-Toothed_Spruce_Bark_Beetle",6.04997,45.42638
"Eight-Toothed_Spruce_Bark_Beetle",5.26275,48.17417
"Eight-Toothed_Spruce_Bark_Beetle",4.38992,45.98763
"Eight-Toothed_Spruce_Bark_Beetle",1.82856,45.90538
"Eight-Toothed_Spruce_Bark_Beetle",5.7602,45.28496
"Eight-Toothed_Spruce_Bark_Beetle",5.8299,45.07245
"Eight-Toothed_Spruce_Bark_Beetle",6.50142,43.97152
"Eight-Toothed_Spruce_Bark_Beetle",1.47838,42.78255
"Eight-Toothed_Spruce_Bark_Beetle",2.14045,45.55436
"Eight-Toothed_Spruce_Bark_Beetle",6.10003,45.30191
"Eight-Toothed_Spruce_Bark_Beetle",6.61591,45.22422
"Eight-Toothed_Spruce_Bark_Beetle",5.99129,45.25898
"Eight-Toothed_Spruce_Bark_Beetle",2.65402,45.70068
"Eight-Toothed_Spruce_Bark_Beetle",6.07936,44.88144
"Eight-Toothed_Spruce_Bark_Beetle",3.51477,45.21848
"Eight-Toothed_Spruce_Bark_Beetle",1.47838,42.78255
"Eight-Toothed_Spruce_Bark_Beetle",5.24906,45.2481
"Eight-Toothed_Spruce_Bark_Beetle",5.78426,45.21231
"Eight-Toothed_Spruce_Bark_Beetle",6.6606,46.22792
"Eight-Toothed_Spruce_Bark_Beetle",6.73168,45.78916
"Eight-Toothed_Spruce_Bark_Beetle",6.93795,48.2968
"Eight-Toothed_Spruce_Bark_Beetle",2.77654,45.67161
"Eight-Toothed_Spruce_Bark_Beetle",6.92401,45.93126
"Eight-Toothed_Spruce_Bark_Beetle",5.54392,45.06011
"Eight-Toothed_Spruce_Bark_Beetle",6.07936,44.88144
"Eight-Toothed_Spruce_Bark_Beetle",5.74356,45.21081
"Eight-Toothed_Spruce_Bark_Beetle",1.324,45.5169
"Eight-Toothed_Spruce_Bark_Beetle",5.81138,45.09898
"Eight-Toothed_Spruce_Bark_Beetle",5.99129,45.25898
"Eight-Toothed_Spruce_Bark_Beetle",5.99129,45.25898
"Eight-Toothed_Spruce_Bark_Beetle",4.55965,46.23488
"Eight-Toothed_Spruce_Bark_Beetle",1.88874,42.82835
"Eight-Toothed_Spruce_Bark_Beetle",4.34991,47.65743
"Eight-Toothed_Spruce_Bark_Beetle",6.55685,45.79491
"Eight-Toothed_Spruce_Bark_Beetle",6.3756,49.44148
"Eight-Toothed_Spruce_Bark_Beetle",2.68092,48.4065
"Eight-Toothed_Spruce_Bark_Beetle",6.73168,45.78916
"Eight-Toothed_Spruce_Bark_Beetle",2.68141,46.47084
"Eight-Toothed_Spruce_Bark_Beetle",5.564,44.98171
"Eight-Toothed_Spruce_Bark_Beetle",5.58378,45.93958
"Eight-Toothed_Spruce_Bark_Beetle",6.15517,47.69419
"Eight-Toothed_Spruce_Bark_Beetle",6.60408,45.68622
"Eight-Toothed_Spruce_Bark_Beetle",5.54511,45.16838
"Eight-Toothed_Spruce_Bark_Beetle",5.8402,45.11553
"Eight-Toothed_Spruce_Bark_Beetle",5.81911,44.986
"Eight-Toothed_Spruce_Bark_Beetle",7.04707,48.73832
"Eight-Toothed_Spruce_Bark_Beetle",5.81138,45.09898
"Eight-Toothed_Spruce_Bark_Beetle",3.7628,45.99376
"Eight-Toothed_Spruce_Bark_Beetle",5.99129,45.25898
"Eight-Toothed_Spruce_Bark_Beetle",6.5903,48.21807
"Eight-Toothed_Spruce_Bark_Beetle",5.75908,45.22582
"Eight-Toothed_Spruce_Bark_Beetle",3.87215,44.76552
"Eight-Toothed_Spruce_Bark_Beetle",2.10886,43.46316
"Eight-Toothed_Spruce_Bark_Beetle",7.14271,48.04504
"Eight-Toothed_Spruce_Bark_Beetle",6.75976,48.12838
"Eight-Toothed_Spruce_Bark_Beetle",6.25242,48.34854
"Eight-Toothed_Spruce_Bark_Beetle",5.58378,45.93958
"Eight-Toothed_Spruce_Bark_Beetle",5.21635,46.06706
"Eight-Toothed_Spruce_Bark_Beetle",6.71217,49.12828
"Eight-Toothed_Spruce_Bark_Beetle",4.12425,47.37222
"Eight-Toothed_Spruce_Bark_Beetle",4.02126,46.95631
"Eight-Toothed_Spruce_Bark_Beetle",6.60408,45.68622
"Eight-Toothed_Spruce_Bark_Beetle",5.63137,45.16484
"Eight-Toothed_Spruce_Bark_Beetle",2.85289,49.39926
"Eight-Toothed_Spruce_Bark_Beetle",5.7602,45.28496
"Eight-Toothed_Spruce_Bark_Beetle",5.4124,44.97245
"Eight-Toothed_Spruce_Bark_Beetle",6.51544,47.5942
"Eight-Toothed_Spruce_Bark_Beetle",5.54511,45.16838
"Eight-Toothed_Spruce_Bark_Beetle",4.17129,47.3818
"Eight-Toothed_Spruce_Bark_Beetle",7.07034,49.10894
"Eight-Toothed_Spruce_Bark_Beetle",6.45604,48.08217
"Eight-Toothed_Spruce_Bark_Beetle",2.32181,43.72445
"Eight-Toothed_Spruce_Bark_Beetle",3.71227,44.59652
"Eight-Toothed_Spruce_Bark_Beetle",4.10478,45.07046
"Eight-Toothed_Spruce_Bark_Beetle",4.03902,44.26369
"Eight-Toothed_Spruce_Bark_Beetle",-0.02207,48.52574
"Eight-Toothed_Spruce_Bark_Beetle",5.68623,47.22169
"Eight-Toothed_Spruce_Bark_Beetle",5.92732,49.3519
"Eight-Toothed_Spruce_Bark_Beetle",5.29989,45.30095
"Eight-Toothed_Spruce_Bark_Beetle",6.48205,46.37114
"Eight-Toothed_Spruce_Bark_Beetle",5.7602,45.28496
"Eight-Toothed_Spruce_Bark_Beetle",6.51906,45.72782
"Eight-Toothed_Spruce_Bark_Beetle",3.00629,45.82537
"Eight-Toothed_Spruce_Bark_Beetle",2.32364,45.40484
"Eight-Toothed_Spruce_Bark_Beetle",1.96317,42.77158
"Eight-Toothed_Spruce_Bark_Beetle",5.59017,45.12096
"Eight-Toothed_Spruce_Bark_Beetle",5.89279,47.2549
"Eight-Toothed_Spruce_Bark_Beetle",6.71621,48.21305
"Eight-Toothed_Spruce_Bark_Beetle",2.03939,47.31915
"Eight-Toothed_Spruce_Bark_Beetle",5.53875,44.80748
"Eight-Toothed_Spruce_Bark_Beetle",2.77654,45.67161
"Eight-Toothed_Spruce_Bark_Beetle",6.81688,46.24886
"Eight-Toothed_Spruce_Bark_Beetle",2.90398,46.41106
"Eight-Toothed_Spruce_Bark_Beetle",5.26049,45.38369
"Eight-Toothed_Spruce_Bark_Beetle",2.14045,45.55436
"Eight-Toothed_Spruce_Bark_Beetle",4.16074,49.14422
"Eight-Toothed_Spruce_Bark_Beetle",5.81138,45.09898
"Eight-Toothed_Spruce_Bark_Beetle",3.83784,46.0706
"Eight-Toothed_Spruce_Bark_Beetle",5.73525,45.38017
"Eight-Toothed_Spruce_Bark_Beetle",5.85916,45.22206
"Eight-Toothed_Spruce_Bark_Beetle",5.54511,45.16838
"Eight-Toothed_Spruce_Bark_Beetle",4.10478,45.07046
"Eight-Toothed_Spruce_Bark_Beetle",6.12912,45.68108
"Eight-Toothed_Spruce_Bark_Beetle",4.07007,44.93557
"Eight-Toothed_Spruce_Bark_Beetle",7.11294,48.58477
"Eight-Toothed_Spruce_Bark_Beetle",0.34589,42.85643
"Eight-Toothed_Spruce_Bark_Beetle",5.9189,45.09058
"Eight-Toothed_Spruce_Bark_Beetle",6.92401,45.93126
"Eight-Toothed_Spruce_Bark_Beetle",5.74186,47.94417
"Eight-Toothed_Spruce_Bark_Beetle",3.54661,48.29006
"Eight-Toothed_Spruce_Bark_Beetle",5.7602,45.28496
"Eight-Toothed_Spruce_Bark_Beetle",6.07936,44.88144
"Eight-Toothed_Spruce_Bark_Beetle",5.17865,48.64283
"Eight-Toothed_Spruce_Bark_Beetle",5.88506,45.46172
"Eight-Toothed_Spruce_Bark_Beetle",5.24906,45.2481
"Eight-Toothed_Spruce_Bark_Beetle",6.69145,45.21945
"Eight-Toothed_Spruce_Bark_Beetle",1.47838,42.78255
"Eight-Toothed_Spruce_Bark_Beetle",5.21697,45.43451
"Eight-Toothed_Spruce_Bark_Beetle",6.74078,45.85691
"Eight-Toothed_Spruce_Bark_Beetle",-0.42073,48.56684
"Eight-Toothed_Spruce_Bark_Beetle",7.19853,48.49217
"Eight-Toothed_Spruce_Bark_Beetle",6.47983,48.16323
"Eight-Toothed_Spruce_Bark_Beetle",6.69145,45.21945
"Eight-Toothed_Spruce_Bark_Beetle",6.62374,45.84022
"Eight-Toothed_Spruce_Bark_Beetle",3.80938,44.63159
"Eight-Toothed_Spruce_Bark_Beetle",7.13423,47.91718
"Eight-Toothed_Spruce_Bark_Beetle",7.34162,48.73984
"Eight-Toothed_Spruce_Bark_Beetle",5.86175,45.02625
"Eight-Toothed_Spruce_Bark_Beetle",6.36053,48.61894
"Eight-Toothed_Spruce_Bark_Beetle",6.38115,47.18953
"Eight-Toothed_Spruce_Bark_Beetle",5.6158,45.40723
"Eight-Toothed_Spruce_Bark_Beetle",2.91828,45.7182
"Eight-Toothed_Spruce_Bark_Beetle",2.65979,45.72738
"Eight-Toothed_Spruce_Bark_Beetle",6.70216,47.8213
"Eight-Toothed_Spruce_Bark_Beetle",6.49813,44.37127
"Eight-Toothed_Spruce_Bark_Beetle",5.78199,45.03002
"Eight-Toothed_Spruce_Bark_Beetle",3.67418,45.35338
"Eight-Toothed_Spruce_Bark_Beetle",6.11213,46.95966
"Eight-Toothed_Spruce_Bark_Beetle",6.55901,47.7604
"Eight-Toothed_Spruce_Bark_Beetle",5.8402,45.11553
"Eight-Toothed_Spruce_Bark_Beetle",6.03008,45.06069
"Eight-Toothed_Spruce_Bark_Beetle",5.72488,45.34315
"Eight-Toothed_Spruce_Bark_Beetle",5.82221,45.39134
"Eight-Toothed_Spruce_Bark_Beetle",2.6125,48.55722
"Eight-Toothed_Spruce_Bark_Beetle",2.6125,48.55722
"Eight-Toothed_Spruce_Bark_Beetle",2.08097,48.69651
"Eight-Toothed_Spruce_Bark_Beetle",6.63006,44.15936
"Eight-Toothed_Spruce_Bark_Beetle",6.63006,44.15936
"Eight-Toothed_Spruce_Bark_Beetle",7.2548,44.06952
"Eight-Toothed_Spruce_Bark_Beetle",6.63006,44.15936
"Eight-Toothed_Spruce_Bark_Beetle",6.63077,44.16148
"Eight-Toothed_Spruce_Bark_Beetle",6.63077,44.16148
"Eight-Toothed_Spruce_Bark_Beetle",6.95494,44.05987
"Eight-Toothed_Spruce_Bark_Beetle",6.63006,44.15936
"Eight-Toothed_Spruce_Bark_Beetle",7.2776,44.12303
"Eight-Toothed_Spruce_Bark_Beetle",6.63077,44.16148
"Eight-Toothed_Spruce_Bark_Beetle",7.45897,43.9511
"Eight-Toothed_Spruce_Bark_Beetle",7.45969,43.95012
"Eight-Toothed_Spruce_Bark_Beetle",7.22893,44.14213
"Eight-Toothed_Spruce_Bark_Beetle",7.23124,44.14176
"Eight-Toothed_Spruce_Bark_Beetle",3.09064,49.25273
"Eight-Toothed_Spruce_Bark_Beetle",2.45994,43.88947
"Eight-Toothed_Spruce_Bark_Beetle",5.84983,45.0869
"Eight-Toothed_Spruce_Bark_Beetle",5.84846,45.0866
"Eight-Toothed_Spruce_Bark_Beetle",5.85012,45.08614
"Eight-Toothed_Spruce_Bark_Beetle",5.84846,45.0866
"Eight-Toothed_Spruce_Bark_Beetle",5.84931,45.08679
"Eight-Toothed_Spruce_Bark_Beetle",5.84983,45.0869
"Eight-Toothed_Spruce_Bark_Beetle",5.84867,45.08578
"Eight-Toothed_Spruce_Bark_Beetle",6.64436,43.94074
"Eight-Toothed_Spruce_Bark_Beetle",6.58743,45.37011
"Eight-Toothed_Spruce_Bark_Beetle",6.26753,49.33017
"Eight-Toothed_Spruce_Bark_Beetle",6.26278,49.33645
"Eight-Toothed_Spruce_Bark_Beetle",6.26753,49.33017
"Eight-Toothed_Spruce_Bark_Beetle",2.58257,43.55073
"Eight-Toothed_Spruce_Bark_Beetle",6.26753,49.33017
"Eight-Toothed_Spruce_Bark_Beetle",6.49813,44.37127
"Eight-Toothed_Spruce_Bark_Beetle",6.49813,44.37127
"Eight-Toothed_Spruce_Bark_Beetle",6.00902,46.39145
"Eight-Toothed_Spruce_Bark_Beetle",6.49813,44.37127
"Eight-Toothed_Spruce_Bark_Beetle",6.08237,46.55655
"Eight-Toothed_Spruce_Bark_Beetle",5.49759,45.19039
"Eight-Toothed_Spruce_Bark_Beetle",6.06969,46.49823
"Eight-Toothed_Spruce_Bark_Beetle",6.06969,46.49823
"Eight-Toothed_Spruce_Bark_Beetle",6.08237,46.55655
"Eight-Toothed_Spruce_Bark_Beetle",5.85447,45.60104
"Eight-Toothed_Spruce_Bark_Beetle",6.08237,46.55655
"Eight-Toothed_Spruce_Bark_Beetle",5.49759,45.19039
"Eight-Toothed_Spruce_Bark_Beetle",6.0879,45.60881
"Eight-Toothed_Spruce_Bark_Beetle",6.49813,44.37127
"Eight-Toothed_Spruce_Bark_Beetle",6.64837,45.17415
"Eight-Toothed_Spruce_Bark_Beetle",6.49813,44.37127
"Eight-Toothed_Spruce_Bark_Beetle",6.49813,44.37127
"Eight-Toothed_Spruce_Bark_Beetle",6.49813,44.37127
"Eight-Toothed_Spruce_Bark_Beetle",6.49813,44.37127
"Eight-Toothed_Spruce_Bark_Beetle",6.49813,44.37127
"Eight-Toothed_Spruce_Bark_Beetle",6.0879,45.60881
"Eight-Toothed_Spruce_Bark_Beetle",5.49759,45.19039
"Eight-Toothed_Spruce_Bark_Beetle",6.49813,44.37127
"Eight-Toothed_Spruce_Bark_Beetle",6.49813,44.37127
"Eight-Toothed_Spruce_Bark_Beetle",5.49759,45.19039
"Eight-Toothed_Spruce_Bark_Beetle",5.49759,45.19039
"Eight-Toothed_Spruce_Bark_Beetle",6.49813,44.37127
"Eight-Toothed_Spruce_Bark_Beetle",6.49813,44.37127
"Eight-Toothed_Spruce_Bark_Beetle",6.49813,44.37127
"Eight-Toothed_Spruce_Bark_Beetle",6.49813,44.37127
"Eight-Toothed_Spruce_Bark_Beetle",6.49813,44.37127
"Eight-Toothed_Spruce_Bark_Beetle",5.49759,45.19039
"Eight-Toothed_Spruce_Bark_Beetle",6.03288,45.03399
"Eight-Toothed_Spruce_Bark_Beetle",6.49813,44.37127
"Eight-Toothed_Spruce_Bark_Beetle",6.49813,44.37127
"Eight-Toothed_Spruce_Bark_Beetle",6.49813,44.37127
"Eight-Toothed_Spruce_Bark_Beetle",6.49813,44.37127
"Eight-Toothed_Spruce_Bark_Beetle",6.49813,44.37127
"Eight-Toothed_Spruce_Bark_Beetle",6.58743,45.37011
"Eight-Toothed_Spruce_Bark_Beetle",6.49813,44.37127
"Eight-Toothed_Spruce_Bark_Beetle",6.49813,44.37127
"Eight-Toothed_Spruce_Bark_Beetle",6.49813,44.37127
"Eight-Toothed_Spruce_Bark_Beetle",6.49813,44.37127
"Eight-Toothed_Spruce_Bark_Beetle",6.58743,45.37011
"Eight-Toothed_Spruce_Bark_Beetle",6.49813,44.37127
"Eight-Toothed_Spruce_Bark_Beetle",6.49813,44.37127
"Eight-Toothed_Spruce_Bark_Beetle",6.49813,44.37127
"Eight-Toothed_Spruce_Bark_Beetle",6.49813,44.37127
"Eight-Toothed_Spruce_Bark_Beetle",5.85447,45.60104
"Eight-Toothed_Spruce_Bark_Beetle",6.49813,44.37127
"Eight-Toothed_Spruce_Bark_Beetle",6.49813,44.37127
"Eight-Toothed_Spruce_Bark_Beetle",6.49813,44.37127
"Eight-Toothed_Spruce_Bark_Beetle",6.49813,44.37127
"Eight-Toothed_Spruce_Bark_Beetle",6.49813,44.37127
"Eight-Toothed_Spruce_Bark_Beetle",6.49813,44.37127
"Eight-Toothed_Spruce_Bark_Beetle",6.49813,44.37127
"Eight-Toothed_Spruce_Bark_Beetle",5.49759,45.19039
"Eight-Toothed_Spruce_Bark_Beetle",6.49813,44.37127
"Eight-Toothed_Spruce_Bark_Beetle",6.49813,44.37127
"Eight-Toothed_Spruce_Bark_Beetle",6.49813,44.37127
"Eight-Toothed_Spruce_Bark_Beetle",6.06969,46.49823
"Eight-Toothed_Spruce_Bark_Beetle",6.08237,46.55655
"Eight-Toothed_Spruce_Bark_Beetle",6.00902,46.39145
"Eight-Toothed_Spruce_Bark_Beetle",6.08237,46.55655
"Eight-Toothed_Spruce_Bark_Beetle",6.00902,46.39145
"Eight-Toothed_Spruce_Bark_Beetle",6.49813,44.37127
"Eight-Toothed_Spruce_Bark_Beetle",5.49759,45.19039
"Eight-Toothed_Spruce_Bark_Beetle",5.99589,46.51439
"Eight-Toothed_Spruce_Bark_Beetle",6.06969,46.49823
"Eight-Toothed_Spruce_Bark_Beetle",6.49813,44.37127
"Eight-Toothed_Spruce_Bark_Beetle",6.00902,46.39145
"Eight-Toothed_Spruce_Bark_Beetle",5.49759,45.19039
"Eight-Toothed_Spruce_Bark_Beetle",6.08237,46.55655
"Eight-Toothed_Spruce_Bark_Beetle",6.49813,44.37127
"Eight-Toothed_Spruce_Bark_Beetle",6.06969,46.49823
"Eight-Toothed_Spruce_Bark_Beetle",6.49813,44.37127
"Eight-Toothed_Spruce_Bark_Beetle",5.49759,45.19039
"Eight-Toothed_Spruce_Bark_Beetle",5.85447,45.60104
"Eight-Toothed_Spruce_Bark_Beetle",6.00902,46.39145
"Eight-Toothed_Spruce_Bark_Beetle",6.49813,44.37127
"Eight-Toothed_Spruce_Bark_Beetle",6.49813,44.37127
"Eight-Toothed_Spruce_Bark_Beetle",6.49813,44.37127
"Eight-Toothed_Spruce_Bark_Beetle",6.49813,44.37127
"Eight-Toothed_Spruce_Bark_Beetle",6.49813,44.37127
"Eight-Toothed_Spruce_Bark_Beetle",6.49813,44.37127
"Eight-Toothed_Spruce_Bark_Beetle",6.49813,44.37127
"Eight-Toothed_Spruce_Bark_Beetle",6.49813,44.37127
"Eight-Toothed_Spruce_Bark_Beetle",6.49813,44.37127
"Eight-Toothed_Spruce_Bark_Beetle",6.49813,44.37127
"Eight-Toothed_Spruce_Bark_Beetle",6.58743,45.37011
"Eight-Toothed_Spruce_Bark_Beetle",6.49813,44.37127
"Eight-Toothed_Spruce_Bark_Beetle",6.49813,44.37127
"Eight-Toothed_Spruce_Bark_Beetle",5.49759,45.19039
"Eight-Toothed_Spruce_Bark_Beetle",6.58743,45.37011
"Eight-Toothed_Spruce_Bark_Beetle",6.49813,44.37127
"Eight-Toothed_Spruce_Bark_Beetle",6.49813,44.37127
"Eight-Toothed_Spruce_Bark_Beetle",6.49813,44.37127
"Eight-Toothed_Spruce_Bark_Beetle",5.49759,45.19039
"Eight-Toothed_Spruce_Bark_Beetle",6.58743,45.37011
"Eight-Toothed_Spruce_Bark_Beetle",6.49813,44.37127
"Eight-Toothed_Spruce_Bark_Beetle",6.49813,44.37127
"Eight-Toothed_Spruce_Bark_Beetle",6.49813,44.37127
"Eight-Toothed_Spruce_Bark_Beetle",6.49813,44.37127
"Eight-Toothed_Spruce_Bark_Beetle",5.85447,45.60104
"Eight-Toothed_Spruce_Bark_Beetle",6.49813,44.37127
"Eight-Toothed_Spruce_Bark_Beetle",6.49813,44.37127
"Eight-Toothed_Spruce_Bark_Beetle",5.49759,45.19039
"Eight-Toothed_Spruce_Bark_Beetle",6.49813,44.37127
"Eight-Toothed_Spruce_Bark_Beetle",6.49813,44.37127
"Eight-Toothed_Spruce_Bark_Beetle",6.49813,44.37127
"Eight-Toothed_Spruce_Bark_Beetle",6.49813,44.37127
"Eight-Toothed_Spruce_Bark_Beetle",6.49813,44.37127
"Eight-Toothed_Spruce_Bark_Beetle",5.49759,45.19039
"Eight-Toothed_Spruce_Bark_Beetle",3.45227,46.00384
"Eight-Toothed_Spruce_Bark_Beetle",7.22067,44.14531
"Eight-Toothed_Spruce_Bark_Beetle",7.27631,44.05301
"Eight-Toothed_Spruce_Bark_Beetle",7.22067,44.14531
"Eight-Toothed_Spruce_Bark_Beetle",7.45616,43.95569
"Eight-Toothed_Spruce_Bark_Beetle",7.45616,43.95569
"Eight-Toothed_Spruce_Bark_Beetle",2.627,48.57157
"Eight-Toothed_Spruce_Bark_Beetle",2.07914,48.70406
"Eight-Toothed_Spruce_Bark_Beetle",2.627,48.57157
"Eight-Toothed_Spruce_Bark_Beetle",7.06053,48.05499
"Eight-Toothed_Spruce_Bark_Beetle",2.63788,47.08335
"Eight-Toothed_Spruce_Bark_Beetle",5.39905,44.07311
"Eight-Toothed_Spruce_Bark_Beetle",5.89085,44.68478
"Eight-Toothed_Spruce_Bark_Beetle",7.37203,43.99564
"Eight-Toothed_Spruce_Bark_Beetle",7.29256,44.02716
"Eight-Toothed_Spruce_Bark_Beetle",5.3986,43.53609
"Eight-Toothed_Spruce_Bark_Beetle",5.87616,44.13685
"Eight-Toothed_Spruce_Bark_Beetle",6.50306,43.7036
"Eight-Toothed_Spruce_Bark_Beetle",5.56032,43.90345
"Eight-Toothed_Spruce_Bark_Beetle",6.2939,44.37218
"Eight-Toothed_Spruce_Bark_Beetle",6.59252,43.76343
"Eight-Toothed_Spruce_Bark_Beetle",6.30447,43.72853
"Eight-Toothed_Spruce_Bark_Beetle",6.33698,44.54343
"Eight-Toothed_Spruce_Bark_Beetle",6.37546,43.37374
"Eight-Toothed_Spruce_Bark_Beetle",6.23586,44.0907
"Eight-Toothed_Spruce_Bark_Beetle",6.67038,44.31912
"Eight-Toothed_Spruce_Bark_Beetle",6.53715,44.82156
"Eight-Toothed_Spruce_Bark_Beetle",7.03914,43.71726
"Eight-Toothed_Spruce_Bark_Beetle",6.67038,44.31912
"Eight-Toothed_Spruce_Bark_Beetle",6.37154,44.21843
"Eight-Toothed_Spruce_Bark_Beetle",5.82293,44.55737
"Eight-Toothed_Spruce_Bark_Beetle",6.39454,44.52672
"Eight-Toothed_Spruce_Bark_Beetle",6.52937,44.5371
"Eight-Toothed_Spruce_Bark_Beetle",5.67322,44.17672
"Eight-Toothed_Spruce_Bark_Beetle",5.62436,43.48398
"Eight-Toothed_Spruce_Bark_Beetle",5.31474,43.82695
"Eight-Toothed_Spruce_Bark_Beetle",6.504,43.78016
"Eight-Toothed_Spruce_Bark_Beetle",4.85331,43.78328
"Eight-Toothed_Spruce_Bark_Beetle",6.70931,43.69885
"Eight-Toothed_Spruce_Bark_Beetle",6.66532,44.01475
"Eight-Toothed_Spruce_Bark_Beetle",6.17288,44.32516
"Eight-Toothed_Spruce_Bark_Beetle",6.40325,44.2765
"Eight-Toothed_Spruce_Bark_Beetle",6.60097,44.08587
"Eight-Toothed_Spruce_Bark_Beetle",6.85088,43.69688
"Eight-Toothed_Spruce_Bark_Beetle",6.59001,43.97994
"Eight-Toothed_Spruce_Bark_Beetle",5.83101,43.87109
"Eight-Toothed_Spruce_Bark_Beetle",6.92462,44.24904
"Eight-Toothed_Spruce_Bark_Beetle",6.46395,44.21333
"Eight-Toothed_Spruce_Bark_Beetle",6.46191,44.49623
"Eight-Toothed_Spruce_Bark_Beetle",6.93195,43.65594
"Eight-Toothed_Spruce_Bark_Beetle",5.83101,43.87109
"Eight-Toothed_Spruce_Bark_Beetle",6.92462,44.24904
"Eight-Toothed_Spruce_Bark_Beetle",5.55941,43.79632
"Eight-Toothed_Spruce_Bark_Beetle",6.17891,43.99794
"Eight-Toothed_Spruce_Bark_Beetle",6.22356,44.42098
"Eight-Toothed_Spruce_Bark_Beetle",5.55778,44.4105
"Eight-Toothed_Spruce_Bark_Beetle",6.63729,43.21865
"Eight-Toothed_Spruce_Bark_Beetle",6.1381,44.48945
"Eight-Toothed_Spruce_Bark_Beetle",6.33999,43.24138
"Eight-Toothed_Spruce_Bark_Beetle",6.43656,43.7415
"Eight-Toothed_Spruce_Bark_Beetle",6.36299,43.54236
"Eight-Toothed_Spruce_Bark_Beetle",5.0602,44.24788
"Eight-Toothed_Spruce_Bark_Beetle",5.89811,44.50534
"Eight-Toothed_Spruce_Bark_Beetle",5.88556,44.59037
"Eight-Toothed_Spruce_Bark_Beetle",6.47636,43.21607
"Eight-Toothed_Spruce_Bark_Beetle",6.1899,43.10166
"Eight-Toothed_Spruce_Bark_Beetle",5.74061,44.56722
"Eight-Toothed_Spruce_Bark_Beetle",6.30041,43.32041
"Eight-Toothed_Spruce_Bark_Beetle",6.41272,43.16603
"Eight-Toothed_Spruce_Bark_Beetle",5.9326,43.13654
"Eight-Toothed_Spruce_Bark_Beetle",6.50142,43.97152
"Eight-Toothed_Spruce_Bark_Beetle",6.55207,43.94412
"Eight-Toothed_Spruce_Bark_Beetle",6.41272,43.16603
"Eight-Toothed_Spruce_Bark_Beetle",6.3838,44.07854
"Eight-Toothed_Spruce_Bark_Beetle",5.89085,44.68478
"Eight-Toothed_Spruce_Bark_Beetle",5.74705,43.49404
"Eight-Toothed_Spruce_Bark_Beetle",6.35996,43.30658
"Eight-Toothed_Spruce_Bark_Beetle",6.48954,44.10741
"Eight-Toothed_Spruce_Bark_Beetle",5.82751,43.08639
"Eight-Toothed_Spruce_Bark_Beetle",6.12555,43.48143
"Eight-Toothed_Spruce_Bark_Beetle",6.53212,44.01681
"Eight-Toothed_Spruce_Bark_Beetle",6.48954,44.10741
"Eight-Toothed_Spruce_Bark_Beetle",6.28368,43.45884
"Eight-Toothed_Spruce_Bark_Beetle",5.59849,43.81366
"Eight-Toothed_Spruce_Bark_Beetle",6.22459,44.02646
"Eight-Toothed_Spruce_Bark_Beetle",5.91455,43.70001
"Eight-Toothed_Spruce_Bark_Beetle",6.04773,46.6803
"Eight-Toothed_Spruce_Bark_Beetle",2.51326,49.22861
"Eight-Toothed_Spruce_Bark_Beetle",6.73862,48.0876
"Eight-Toothed_Spruce_Bark_Beetle",5.66275,46.5237
"Eight-Toothed_Spruce_Bark_Beetle",5.73309,46.35444
"Eight-Toothed_Spruce_Bark_Beetle",5.06469,47.73738
"Eight-Toothed_Spruce_Bark_Beetle",0.72738,47.9721
"Eight-Toothed_Spruce_Bark_Beetle",2.48949,45.49704
"Eight-Toothed_Spruce_Bark_Beetle",7.07127,48.02824
"Eight-Toothed_Spruce_Bark_Beetle",6.06969,46.49823
"Eight-Toothed_Spruce_Bark_Beetle",5.87734,49.39413
"Eight-Toothed_Spruce_Bark_Beetle",1.68718,45.33106
"Eight-Toothed_Spruce_Bark_Beetle",6.53437,49.35085
"Eight-Toothed_Spruce_Bark_Beetle",0.67101,48.73596
"Eight-Toothed_Spruce_Bark_Beetle",1.36615,43.11344
"Eight-Toothed_Spruce_Bark_Beetle",4.36824,47.82618
"Eight-Toothed_Spruce_Bark_Beetle",6.4714,47.30564
"Eight-Toothed_Spruce_Bark_Beetle",6.94512,48.90607
"Eight-Toothed_Spruce_Bark_Beetle",7.02649,48.92383
"Eight-Toothed_Spruce_Bark_Beetle",6.38223,48.03865
"Eight-Toothed_Spruce_Bark_Beetle",-0.02207,48.52574
"Eight-Toothed_Spruce_Bark_Beetle",0.29305,48.42795
"Eight-Toothed_Spruce_Bark_Beetle",4.95115,47.41056
"Eight-Toothed_Spruce_Bark_Beetle",2.02574,42.84279
"Eight-Toothed_Spruce_Bark_Beetle",6.92571,48.0184
"Eight-Toothed_Spruce_Bark_Beetle",1.93686,46.05861
"Eight-Toothed_Spruce_Bark_Beetle",2.99698,45.78725
"Eight-Toothed_Spruce_Bark_Beetle",5.86575,49.35748
"Eight-Toothed_Spruce_Bark_Beetle",7.10932,48.50625
"Eight-Toothed_Spruce_Bark_Beetle",4.66974,49.85981
"Eight-Toothed_Spruce_Bark_Beetle",6.19866,48.79299
"Eight-Toothed_Spruce_Bark_Beetle",2.65681,45.28967
"Eight-Toothed_Spruce_Bark_Beetle",3.37998,48.29836
"Eight-Toothed_Spruce_Bark_Beetle",5.44308,46.38631
"Eight-Toothed_Spruce_Bark_Beetle",5.20474,48.31526
"Eight-Toothed_Spruce_Bark_Beetle",1.50545,45.90468
"Eight-Toothed_Spruce_Bark_Beetle",2.35337,43.77569
"Eight-Toothed_Spruce_Bark_Beetle",2.92413,45.43642
"Eight-Toothed_Spruce_Bark_Beetle",7.04451,48.25969
"Eight-Toothed_Spruce_Bark_Beetle",2.60122,45.26386
"Eight-Toothed_Spruce_Bark_Beetle",1.64704,42.82258
"Eight-Toothed_Spruce_Bark_Beetle",5.03872,48.41557
"Eight-Toothed_Spruce_Bark_Beetle",1.15348,42.97574
"Eight-Toothed_Spruce_Bark_Beetle",1.57853,45.82657
"Eight-Toothed_Spruce_Bark_Beetle",6.16571,46.93391
"Eight-Toothed_Spruce_Bark_Beetle",-2.39622,48.19366
"Eight-Toothed_Spruce_Bark_Beetle",5.46804,49.29343
"Eight-Toothed_Spruce_Bark_Beetle",6.27603,47.03446
"Eight-Toothed_Spruce_Bark_Beetle",3.23752,44.97001
"Eight-Toothed_Spruce_Bark_Beetle",2.26467,45.24748
"Eight-Toothed_Spruce_Bark_Beetle",6.57645,49.32387
"Eight-Toothed_Spruce_Bark_Beetle",5.95191,46.69681
"Eight-Toothed_Spruce_Bark_Beetle",6.12242,48.72087
"Eight-Toothed_Spruce_Bark_Beetle",5.79387,46.49222
"Eight-Toothed_Spruce_Bark_Beetle",-1.41013,48.7885
"Eight-Toothed_Spruce_Bark_Beetle",2.49904,45.70705
"Eight-Toothed_Spruce_Bark_Beetle",5.49264,48.11366
"Eight-Toothed_Spruce_Bark_Beetle",1.12953,45.85033
"Eight-Toothed_Spruce_Bark_Beetle",1.29266,45.94726
"Eight-Toothed_Spruce_Bark_Beetle",3.60589,45.39953
"Eight-Toothed_Spruce_Bark_Beetle",2.68092,48.4065
"Eight-Toothed_Spruce_Bark_Beetle",6.28606,45.7254
"Eight-Toothed_Spruce_Bark_Beetle",3.09621,44.00597
"Eight-Toothed_Spruce_Bark_Beetle",6.49496,47.64284
"Eight-Toothed_Spruce_Bark_Beetle",4.09504,47.26726
"Eight-Toothed_Spruce_Bark_Beetle",6.66163,48.56469
"Eight-Toothed_Spruce_Bark_Beetle",1.5282,42.70955
"Eight-Toothed_Spruce_Bark_Beetle",6.3263,48.14708
"Eight-Toothed_Spruce_Bark_Beetle",5.09243,48.24904
"Eight-Toothed_Spruce_Bark_Beetle",5.6113,46.35801
"Eight-Toothed_Spruce_Bark_Beetle",6.02031,49.27942
"Eight-Toothed_Spruce_Bark_Beetle",5.27803,49.55782
"Eight-Toothed_Spruce_Bark_Beetle",5.01287,49.35218
"Eight-Toothed_Spruce_Bark_Beetle",5.87926,45.52083
"Eight-Toothed_Spruce_Bark_Beetle",5.95551,46.73032
"Eight-Toothed_Spruce_Bark_Beetle",1.697,45.21366
"Eight-Toothed_Spruce_Bark_Beetle",6.48809,48.84057
"Eight-Toothed_Spruce_Bark_Beetle",7.19457,48.71072
"Eight-Toothed_Spruce_Bark_Beetle",6.33149,47.97559
"Eight-Toothed_Spruce_Bark_Beetle",3.63588,45.69036
"Eight-Toothed_Spruce_Bark_Beetle",5.10725,48.94219
"Eight-Toothed_Spruce_Bark_Beetle",4.48599,48.29158
"Eight-Toothed_Spruce_Bark_Beetle",1.66849,45.91782
"Eight-Toothed_Spruce_Bark_Beetle",7.29795,48.94042
"Eight-Toothed_Spruce_Bark_Beetle",5.74186,47.94417
"Eight-Toothed_Spruce_Bark_Beetle",5.39244,48.42735
"Eight-Toothed_Spruce_Bark_Beetle",3.91628,47.48244
"Eight-Toothed_Spruce_Bark_Beetle",5.9745,47.13839
"Eight-Toothed_Spruce_Bark_Beetle",2.94293,45.15014
"Eight-Toothed_Spruce_Bark_Beetle",5.48426,46.37818
"Eight-Toothed_Spruce_Bark_Beetle",5.99053,46.77669
"Eight-Toothed_Spruce_Bark_Beetle",5.96361,46.64201
"Eight-Toothed_Spruce_Bark_Beetle",7.21025,47.9097
"Eight-Toothed_Spruce_Bark_Beetle",4.72035,48.06963
"Eight-Toothed_Spruce_Bark_Beetle",1.52643,45.23122
"Eight-Toothed_Spruce_Bark_Beetle",2.27291,45.8361
"Eight-Toothed_Spruce_Bark_Beetle",6.95251,47.74604
"Eight-Toothed_Spruce_Bark_Beetle",2.40314,45.36323
"Eight-Toothed_Spruce_Bark_Beetle",2.27916,43.39049
"Eight-Toothed_Spruce_Bark_Beetle",0.77011,42.91546
"Eight-Toothed_Spruce_Bark_Beetle",6.86261,47.73427
"Eight-Toothed_Spruce_Bark_Beetle",6.55629,48.03613
"Eight-Toothed_Spruce_Bark_Beetle",6.66379,48.89162
"Eight-Toothed_Spruce_Bark_Beetle",3.88749,45.24636
"Eight-Toothed_Spruce_Bark_Beetle",2.12654,45.74427
"Eight-Toothed_Spruce_Bark_Beetle",5.00151,47.4189
"Eight-Toothed_Spruce_Bark_Beetle",6.47983,48.16323
"Eight-Toothed_Spruce_Bark_Beetle",1.78235,45.80828
"Eight-Toothed_Spruce_Bark_Beetle",2.32636,45.16467
"Eight-Toothed_Spruce_Bark_Beetle",6.4564,47.18345
"Eight-Toothed_Spruce_Bark_Beetle",6.67912,47.59039
"Eight-Toothed_Spruce_Bark_Beetle",3.44181,44.70217
"Eight-Toothed_Spruce_Bark_Beetle",4.57688,47.81762
"Eight-Toothed_Spruce_Bark_Beetle",6.08336,47.71356
"Eight-Toothed_Spruce_Bark_Beetle",6.21763,46.75953
"Eight-Toothed_Spruce_Bark_Beetle",5.30582,48.91271
"Eight-Toothed_Spruce_Bark_Beetle",4.46938,47.93892
"Eight-Toothed_Spruce_Bark_Beetle",0.34589,42.85643
"Eight-Toothed_Spruce_Bark_Beetle",5.27854,48.72001
"Eight-Toothed_Spruce_Bark_Beetle",1.80508,45.37488
"Eight-Toothed_Spruce_Bark_Beetle",5.12223,48.43331
"Eight-Toothed_Spruce_Bark_Beetle",5.49264,48.11366
"Eight-Toothed_Spruce_Bark_Beetle",4.90564,48.45476
"Eight-Toothed_Spruce_Bark_Beetle",5.98805,45.33642
"Eight-Toothed_Spruce_Bark_Beetle",6.67442,48.05648
"Eight-Toothed_Spruce_Bark_Beetle",1.56539,45.42416
"Eight-Toothed_Spruce_Bark_Beetle",5.70455,46.36918
"Eight-Toothed_Spruce_Bark_Beetle",5.1398,48.09788
"Eight-Toothed_Spruce_Bark_Beetle",5.14463,48.53072
"Eight-Toothed_Spruce_Bark_Beetle",1.77085,42.86566
"Eight-Toothed_Spruce_Bark_Beetle",7.1592,48.15998
"Eight-Toothed_Spruce_Bark_Beetle",6.97285,47.48636
"Eight-Toothed_Spruce_Bark_Beetle",2.85612,45.31642
"Eight-Toothed_Spruce_Bark_Beetle",2.45289,43.62226
"Eight-Toothed_Spruce_Bark_Beetle",1.56539,45.42416
"Eight-Toothed_Spruce_Bark_Beetle",4.43172,45.38636
"Eight-Toothed_Spruce_Bark_Beetle",6.01642,46.55728
"Eight-Toothed_Spruce_Bark_Beetle",6.3394,47.08263
"Eight-Toothed_Spruce_Bark_Beetle",6.27672,47.69442
"Eight-Toothed_Spruce_Bark_Beetle",3.56302,45.63009
"Eight-Toothed_Spruce_Bark_Beetle",6.37996,47.25151
"Eight-Toothed_Spruce_Bark_Beetle",6.02404,49.11113
"Eight-Toothed_Spruce_Bark_Beetle",0.66171,49.11235
"Eight-Toothed_Spruce_Bark_Beetle",3.81539,45.21708
"Eight-Toothed_Spruce_Bark_Beetle",3.11843,45.39875
"Eight-Toothed_Spruce_Bark_Beetle",2.40725,45.91366
"Eight-Toothed_Spruce_Bark_Beetle",5.27905,49.59973
"Eight-Toothed_Spruce_Bark_Beetle",3.74425,45.80564
"Eight-Toothed_Spruce_Bark_Beetle",1.79649,45.65777
"Eight-Toothed_Spruce_Bark_Beetle",6.95571,47.50339
"Eight-Toothed_Spruce_Bark_Beetle",4.37125,46.84356
"Eight-Toothed_Spruce_Bark_Beetle",5.47684,49.10084
"Eight-Toothed_Spruce_Bark_Beetle",6.01992,46.81573
"Eight-Toothed_Spruce_Bark_Beetle",7.20409,48.94387
"Eight-Toothed_Spruce_Bark_Beetle",5.96303,46.46317
"Eight-Toothed_Spruce_Bark_Beetle",0.74759,48.81637
"Eight-Toothed_Spruce_Bark_Beetle",1.68718,45.33106
"Eight-Toothed_Spruce_Bark_Beetle",7.2412,48.53825
"Eight-Toothed_Spruce_Bark_Beetle",6.38115,47.18953
"Eight-Toothed_Spruce_Bark_Beetle",4.63128,49.89701
"Eight-Toothed_Spruce_Bark_Beetle",6.05734,48.65796
"Eight-Toothed_Spruce_Bark_Beetle",6.49995,49.25708
"Eight-Toothed_Spruce_Bark_Beetle",7.06116,48.44849
"Eight-Toothed_Spruce_Bark_Beetle",2.03833,45.90676
"Eight-Toothed_Spruce_Bark_Beetle",3.46374,45.60017
"Eight-Toothed_Spruce_Bark_Beetle",6.57632,47.37596
"Eight-Toothed_Spruce_Bark_Beetle",6.7542,47.19238
"Eight-Toothed_Spruce_Bark_Beetle",4.10478,45.07046
"Eight-Toothed_Spruce_Bark_Beetle",4.1411,44.90675
"Eight-Toothed_Spruce_Bark_Beetle",2.47343,43.53138
"Eight-Toothed_Spruce_Bark_Beetle",6.45037,47.61838
"Eight-Toothed_Spruce_Bark_Beetle",4.90731,48.94924
"Eight-Toothed_Spruce_Bark_Beetle",5.33743,49.4376
"Eight-Toothed_Spruce_Bark_Beetle",6.73139,48.47646
"Eight-Toothed_Spruce_Bark_Beetle",4.86259,47.78085
"Eight-Toothed_Spruce_Bark_Beetle",3.31017,44.99349
"Eight-Toothed_Spruce_Bark_Beetle",2.3858,45.93618
"Eight-Toothed_Spruce_Bark_Beetle",3.68992,45.0652
"Eight-Toothed_Spruce_Bark_Beetle",2.83132,46.01895
"Eight-Toothed_Spruce_Bark_Beetle",1.95285,42.8934
"Eight-Toothed_Spruce_Bark_Beetle",4.92328,48.24463
"Eight-Toothed_Spruce_Bark_Beetle",3.5186,45.60692
"Eight-Toothed_Spruce_Bark_Beetle",5.03921,49.04399
"Eight-Toothed_Spruce_Bark_Beetle",4.6051,49.84933
"Eight-Toothed_Spruce_Bark_Beetle",2.766,45.89686
"Eight-Toothed_Spruce_Bark_Beetle",4.69208,49.93442
"Eight-Toothed_Spruce_Bark_Beetle",6.49657,47.68547
"Eight-Toothed_Spruce_Bark_Beetle",6.23531,47.24471
"Eight-Toothed_Spruce_Bark_Beetle",4.09104,47.32319
"Eight-Toothed_Spruce_Bark_Beetle",1.61192,49.82984
"Eight-Toothed_Spruce_Bark_Beetle",2.49402,45.90847
"Eight-Toothed_Spruce_Bark_Beetle",6.93383,47.67968
"Eight-Toothed_Spruce_Bark_Beetle",5.62246,46.59469
"Eight-Toothed_Spruce_Bark_Beetle",5.70342,48.42526
"Eight-Toothed_Spruce_Bark_Beetle",5.70938,47.85906
"Eight-Toothed_Spruce_Bark_Beetle",6.02985,46.63253
"Eight-Toothed_Spruce_Bark_Beetle",6.11049,48.89287
"Eight-Toothed_Spruce_Bark_Beetle",6.80699,48.13132
"Eight-Toothed_Spruce_Bark_Beetle",2.58565,45.93905
"Eight-Toothed_Spruce_Bark_Beetle",6.53029,49.32487
"Eight-Toothed_Spruce_Bark_Beetle",4.8524,49.12951
"Eight-Toothed_Spruce_Bark_Beetle",4.4611,48.24602
"Eight-Toothed_Spruce_Bark_Beetle",7.67589,48.93751
"Eight-Toothed_Spruce_Bark_Beetle",6.24109,46.95022
"Eight-Toothed_Spruce_Bark_Beetle",5.57446,48.31926
"Eight-Toothed_Spruce_Bark_Beetle",6.77521,47.95144
"Eight-Toothed_Spruce_Bark_Beetle",2.67985,45.66208
"Eight-Toothed_Spruce_Bark_Beetle",6.97043,47.53809
"Eight-Toothed_Spruce_Bark_Beetle",1.83297,45.43329
"Eight-Toothed_Spruce_Bark_Beetle",4.22644,44.89473
"Eight-Toothed_Spruce_Bark_Beetle",3.6904,45.18893
"Eight-Toothed_Spruce_Bark_Beetle",3.85288,45.33179
"Eight-Toothed_Spruce_Bark_Beetle",2.49738,45.57971
"Eight-Toothed_Spruce_Bark_Beetle",2.77058,45.76221
"Eight-Toothed_Spruce_Bark_Beetle",4.08105,44.72462
"Eight-Toothed_Spruce_Bark_Beetle",5.37265,49.51497
"Eight-Toothed_Spruce_Bark_Beetle",4.82345,49.73193
"Eight-Toothed_Spruce_Bark_Beetle",6.6643,49.24651
"Eight-Toothed_Spruce_Bark_Beetle",4.30158,47.14628
"Eight-Toothed_Spruce_Bark_Beetle",6.34313,47.3543
"Eight-Toothed_Spruce_Bark_Beetle",6.77056,47.68677
"Eight-Toothed_Spruce_Bark_Beetle",2.84375,44.29102
"Eight-Toothed_Spruce_Bark_Beetle",7.29569,48.90212
"Eight-Toothed_Spruce_Bark_Beetle",6.07867,46.88411
"Eight-Toothed_Spruce_Bark_Beetle",1.8639,45.5419
"Eight-Toothed_Spruce_Bark_Beetle",6.95367,48.07178
"Eight-Toothed_Spruce_Bark_Beetle",4.94612,49.03994
"Eight-Toothed_Spruce_Bark_Beetle",6.38709,45.71749
"Eight-Toothed_Spruce_Bark_Beetle",3.78981,48.16339
"Eight-Toothed_Spruce_Bark_Beetle",3.70332,49.53843
"Eight-Toothed_Spruce_Bark_Beetle",4.13952,44.97323
"Eight-Toothed_Spruce_Bark_Beetle",1.88029,45.45506
"Eight-Toothed_Spruce_Bark_Beetle",5.09767,49.07523
"Eight-Toothed_Spruce_Bark_Beetle",6.41576,46.84023
"Eight-Toothed_Spruce_Bark_Beetle",1.51233,42.93217
"Eight-Toothed_Spruce_Bark_Beetle",6.76791,47.9866
"Eight-Toothed_Spruce_Bark_Beetle",2.68844,43.69741
"Eight-Toothed_Spruce_Bark_Beetle",6.03863,49.03185
"Eight-Toothed_Spruce_Bark_Beetle",2.54885,43.40888
"Eight-Toothed_Spruce_Bark_Beetle",5.02955,48.757
"Eight-Toothed_Spruce_Bark_Beetle",4.75636,49.50881
"Eight-Toothed_Spruce_Bark_Beetle",7.26651,48.83396
"Eight-Toothed_Spruce_Bark_Beetle",3.99747,46.5932
"Eight-Toothed_Spruce_Bark_Beetle",1.50436,42.88341
"Eight-Toothed_Spruce_Bark_Beetle",2.07677,45.29243
"Eight-Toothed_Spruce_Bark_Beetle",7.54213,48.91681
"Eight-Toothed_Spruce_Bark_Beetle",2.21892,45.56401
"Eight-Toothed_Spruce_Bark_Beetle",-0.11287,48.24402
"Eight-Toothed_Spruce_Bark_Beetle",2.03719,45.71046
"Eight-Toothed_Spruce_Bark_Beetle",2.99698,45.78725
"Eight-Toothed_Spruce_Bark_Beetle",5.21572,48.4236
"Eight-Toothed_Spruce_Bark_Beetle",0.32048,48.40047
"Eight-Toothed_Spruce_Bark_Beetle",6.01626,46.80391
"Eight-Toothed_Spruce_Bark_Beetle",2.60967,45.7552
"Eight-Toothed_Spruce_Bark_Beetle",1.17998,45.92093
"Eight-Toothed_Spruce_Bark_Beetle",6.48291,49.29037
"Eight-Toothed_Spruce_Bark_Beetle",1.58865,45.22696
"Eight-Toothed_Spruce_Bark_Beetle",5.03642,48.67479
"Eight-Toothed_Spruce_Bark_Beetle",7.16206,48.85891
"Eight-Toothed_Spruce_Bark_Beetle",2.03179,44.90542
"Eight-Toothed_Spruce_Bark_Beetle",2.23165,45.49427
"Eight-Toothed_Spruce_Bark_Beetle",5.66184,45.40631
"Eight-Toothed_Spruce_Bark_Beetle",1.83885,45.9627
"Eight-Toothed_Spruce_Bark_Beetle",1.25478,49.95515
"Eight-Toothed_Spruce_Bark_Beetle",5.98403,46.40824
"Eight-Toothed_Spruce_Bark_Beetle",3.362,46.80883
"Eight-Toothed_Spruce_Bark_Beetle",7.14612,48.02146
"Eight-Toothed_Spruce_Bark_Beetle",7.23713,48.70809
"Eight-Toothed_Spruce_Bark_Beetle",1.28165,45.9974
"Eight-Toothed_Spruce_Bark_Beetle",7.42107,48.92137
"Eight-Toothed_Spruce_Bark_Beetle",6.58648,48.48733
"Eight-Toothed_Spruce_Bark_Beetle",3.31999,46.89909
"Eight-Toothed_Spruce_Bark_Beetle",6.79853,47.23984
"Eight-Toothed_Spruce_Bark_Beetle",2.95369,45.23128
"Eight-Toothed_Spruce_Bark_Beetle",6.04563,49.06323
"Eight-Toothed_Spruce_Bark_Beetle",6.21294,45.66843
"Eight-Toothed_Spruce_Bark_Beetle",3.6887,45.6733
"Eight-Toothed_Spruce_Bark_Beetle",5.57446,48.31926
"Eight-Toothed_Spruce_Bark_Beetle",3.7599,45.18326
"Eight-Toothed_Spruce_Bark_Beetle",4.40439,49.70321
"Eight-Toothed_Spruce_Bark_Beetle",1.45558,42.98148
"Eight-Toothed_Spruce_Bark_Beetle",3.60802,45.57826
"Eight-Toothed_Spruce_Bark_Beetle",5.13427,49.25671
"Eight-Toothed_Spruce_Bark_Beetle",4.52746,46.16445
"Eight-Toothed_Spruce_Bark_Beetle",1.7599,48.73025
"Eight-Toothed_Spruce_Bark_Beetle",1.96105,46.42339
"Eight-Toothed_Spruce_Bark_Beetle",5.03529,49.5279
"Eight-Toothed_Spruce_Bark_Beetle",6.86975,48.92995
"Eight-Toothed_Spruce_Bark_Beetle",4.23967,47.61708
"Eight-Toothed_Spruce_Bark_Beetle",6.72989,47.21686
"Eight-Toothed_Spruce_Bark_Beetle",6.07788,46.81657
"Eight-Toothed_Spruce_Bark_Beetle",4.86041,48.31574
"Eight-Toothed_Spruce_Bark_Beetle",7.14398,48.35867
"Eight-Toothed_Spruce_Bark_Beetle",5.69596,49.22425
"Eight-Toothed_Spruce_Bark_Beetle",5.13427,49.25671
"Eight-Toothed_Spruce_Bark_Beetle",6.41965,48.16729
"Eight-Toothed_Spruce_Bark_Beetle",6.89848,47.30303
"Eight-Toothed_Spruce_Bark_Beetle",3.82229,47.34736
"Eight-Toothed_Spruce_Bark_Beetle",6.48802,47.05418
"Eight-Toothed_Spruce_Bark_Beetle",6.92401,45.93126
"Eight-Toothed_Spruce_Bark_Beetle",7.65122,48.22654
"Eight-Toothed_Spruce_Bark_Beetle",3.63611,44.08277
"Eight-Toothed_Spruce_Bark_Beetle",6.40377,46.76421
"Eight-Toothed_Spruce_Bark_Beetle",6.62529,48.04608
"Eight-Toothed_Spruce_Bark_Beetle",5.29475,48.66177
"Eight-Toothed_Spruce_Bark_Beetle",4.17917,47.00729
"Eight-Toothed_Spruce_Bark_Beetle",1.64704,42.82258
"Eight-Toothed_Spruce_Bark_Beetle",5.32863,48.63935
"Eight-Toothed_Spruce_Bark_Beetle",6.88093,47.71844
"Eight-Toothed_Spruce_Bark_Beetle",5.22882,49.61604
"Eight-Toothed_Spruce_Bark_Beetle",6.38096,47.77435
"Eight-Toothed_Spruce_Bark_Beetle",2.57028,45.70063
"Eight-Toothed_Spruce_Bark_Beetle",5.23461,48.4597
"Eight-Toothed_Spruce_Bark_Beetle",5.57956,49.37185
"Eight-Toothed_Spruce_Bark_Beetle",6.41401,48.81046
"Eight-Toothed_Spruce_Bark_Beetle",6.19686,46.80901
"Eight-Toothed_Spruce_Bark_Beetle",5.22519,48.57497
"Eight-Toothed_Spruce_Bark_Beetle",1.69681,42.91674
"Eight-Toothed_Spruce_Bark_Beetle",6.708,48.13963
"Eight-Toothed_Spruce_Bark_Beetle",2.57595,44.95234
"Eight-Toothed_Spruce_Bark_Beetle",4.81696,49.46609
"Eight-Toothed_Spruce_Bark_Beetle",4.97898,48.94449
"Eight-Toothed_Spruce_Bark_Beetle",5.52638,46.58165
"Eight-Toothed_Spruce_Bark_Beetle",0.91947,49.32368
"Eight-Toothed_Spruce_Bark_Beetle",6.90013,48.34184
"Eight-Toothed_Spruce_Bark_Beetle",1.30231,45.40226
"Eight-Toothed_Spruce_Bark_Beetle",2.90683,45.0533
"Eight-Toothed_Spruce_Bark_Beetle",6.38842,48.22223
"Eight-Toothed_Spruce_Bark_Beetle",5.42219,46.45792
"Eight-Toothed_Spruce_Bark_Beetle",6.41788,47.68083
"Eight-Toothed_Spruce_Bark_Beetle",4.79488,48.06232
"Eight-Toothed_Spruce_Bark_Beetle",6.33218,47.16328
"Eight-Toothed_Spruce_Bark_Beetle",3.93391,47.26384
"Eight-Toothed_Spruce_Bark_Beetle",1.93993,42.92747
"Eight-Toothed_Spruce_Bark_Beetle",6.65925,47.10474
"Eight-Toothed_Spruce_Bark_Beetle",5.2996,48.7704
"Eight-Toothed_Spruce_Bark_Beetle",5.71578,46.46888
"Eight-Toothed_Spruce_Bark_Beetle",1.24352,42.91608
"Eight-Toothed_Spruce_Bark_Beetle",1.5186,45.44911
"Eight-Toothed_Spruce_Bark_Beetle",1.51964,45.54171
"Eight-Toothed_Spruce_Bark_Beetle",2.0758,49.9187
"Eight-Toothed_Spruce_Bark_Beetle",3.78328,44.95491
"Eight-Toothed_Spruce_Bark_Beetle",2.20776,45.34555
"Eight-Toothed_Spruce_Bark_Beetle",5.36283,49.14565
"Eight-Toothed_Spruce_Bark_Beetle",6.4968,47.15945
"Eight-Toothed_Spruce_Bark_Beetle",2.32333,43.49271
"Eight-Toothed_Spruce_Bark_Beetle",6.4419,48.54931
"Eight-Toothed_Spruce_Bark_Beetle",6.60849,48.4107
"Eight-Toothed_Spruce_Bark_Beetle",6.38223,48.03865
"Eight-Toothed_Spruce_Bark_Beetle",6.47903,47.19738
"Eight-Toothed_Spruce_Bark_Beetle",5.46939,47.8145
"Eight-Toothed_Spruce_Bark_Beetle",6.10483,45.48766
"Eight-Toothed_Spruce_Bark_Beetle",7.34162,48.73984
"Eight-Toothed_Spruce_Bark_Beetle",7.25954,48.73503
"Eight-Toothed_Spruce_Bark_Beetle",0.2522,43.02464
"Eight-Toothed_Spruce_Bark_Beetle",6.62925,47.57018
"Eight-Toothed_Spruce_Bark_Beetle",2.64382,45.98359
"Eight-Toothed_Spruce_Bark_Beetle",5.4124,44.97245
"Eight-Toothed_Spruce_Bark_Beetle",5.77819,46.35752
"Eight-Toothed_Spruce_Bark_Beetle",5.49628,46.7295
"Eight-Toothed_Spruce_Bark_Beetle",-0.39336,48.95406
"Eight-Toothed_Spruce_Bark_Beetle",6.22922,47.02843
"Eight-Toothed_Spruce_Bark_Beetle",1.59879,45.48259
"Eight-Toothed_Spruce_Bark_Beetle",4.8886,49.66287
"Eight-Toothed_Spruce_Bark_Beetle",3.03091,43.7762
"Eight-Toothed_Spruce_Bark_Beetle",2.7105,46.03458
"Eight-Toothed_Spruce_Bark_Beetle",5.93121,48.30362
"Eight-Toothed_Spruce_Bark_Beetle",5.52638,46.58165
"Eight-Toothed_Spruce_Bark_Beetle",6.89391,48.85312
"Eight-Toothed_Spruce_Bark_Beetle",1.62297,45.31271
"Eight-Toothed_Spruce_Bark_Beetle",5.89286,48.18508
"Eight-Toothed_Spruce_Bark_Beetle",6.30366,47.46605
"Eight-Toothed_Spruce_Bark_Beetle",7.59638,48.93786
"Eight-Toothed_Spruce_Bark_Beetle",2.52846,45.02414
"Eight-Toothed_Spruce_Bark_Beetle",1.57853,45.82657
"Eight-Toothed_Spruce_Bark_Beetle",4.85076,49.34958
"Eight-Toothed_Spruce_Bark_Beetle",0.63425,48.60285
"Eight-Toothed_Spruce_Bark_Beetle",4.22958,47.23747
"Eight-Toothed_Spruce_Bark_Beetle",5.72564,46.86968
"Eight-Toothed_Spruce_Bark_Beetle",2.49888,46.16875
"Eight-Toothed_Spruce_Bark_Beetle",1.67036,47.28949
"Eight-Toothed_Spruce_Bark_Beetle",5.13516,48.40054
"Eight-Toothed_Spruce_Bark_Beetle",1.58177,45.30032
"Eight-Toothed_Spruce_Bark_Beetle",2.18267,45.89026
"Eight-Toothed_Spruce_Bark_Beetle",6.76997,48.41768
"Eight-Toothed_Spruce_Bark_Beetle",4.99189,48.7749
"Eight-Toothed_Spruce_Bark_Beetle",2.14582,45.12394
"Eight-Toothed_Spruce_Bark_Beetle",1.82856,45.90538
"Eight-Toothed_Spruce_Bark_Beetle",6.43433,49.40364
"Eight-Toothed_Spruce_Bark_Beetle",2.51166,43.61208
"Eight-Toothed_Spruce_Bark_Beetle",7.36675,48.82703
"Eight-Toothed_Spruce_Bark_Beetle",6.47717,49.38754
"Eight-Toothed_Spruce_Bark_Beetle",5.69075,46.2836
"Eight-Toothed_Spruce_Bark_Beetle",6.57157,47.29342
"Eight-Toothed_Spruce_Bark_Beetle",1.39962,42.99347
"Eight-Toothed_Spruce_Bark_Beetle",5.8759,46.40871
"Eight-Toothed_Spruce_Bark_Beetle",5.80075,48.4057
"Eight-Toothed_Spruce_Bark_Beetle",6.31348,46.764
"Eight-Toothed_Spruce_Bark_Beetle",4.53845,49.95325
"Eight-Toothed_Spruce_Bark_Beetle",5.5988,48.63967
"Eight-Toothed_Spruce_Bark_Beetle",3.2298,46.78794
"Eight-Toothed_Spruce_Bark_Beetle",6.29836,47.55201
"Eight-Toothed_Spruce_Bark_Beetle",2.79534,49.35569
"Eight-Toothed_Spruce_Bark_Beetle",6.52275,49.41466
"Eight-Toothed_Spruce_Bark_Beetle",6.87349,47.23802
"Eight-Toothed_Spruce_Bark_Beetle",6.00902,46.39145
"Eight-Toothed_Spruce_Bark_Beetle",6.42294,46.33136
"Eight-Toothed_Spruce_Bark_Beetle",4.96373,49.68951
"Eight-Toothed_Spruce_Bark_Beetle",1.80508,45.37488
"Eight-Toothed_Spruce_Bark_Beetle",5.73525,45.38017
"Eight-Toothed_Spruce_Bark_Beetle",6.63791,48.81405
"Eight-Toothed_Spruce_Bark_Beetle",5.47107,46.45428
"Eight-Toothed_Spruce_Bark_Beetle",5.87049,47.27364
"Eight-Toothed_Spruce_Bark_Beetle",5.87241,46.22254
"Eight-Toothed_Spruce_Bark_Beetle",6.9443,48.85616
"Eight-Toothed_Spruce_Bark_Beetle",6.72422,48.28966
"Eight-Toothed_Spruce_Bark_Beetle",2.79817,45.87121
"Eight-Toothed_Spruce_Bark_Beetle",6.42362,48.25213
"Eight-Toothed_Spruce_Bark_Beetle",2.70925,44.27783
"Eight-Toothed_Spruce_Bark_Beetle",4.78235,50.09148
"Eight-Toothed_Spruce_Bark_Beetle",1.81515,45.34276
"Eight-Toothed_Spruce_Bark_Beetle",3.42018,45.56566
"Eight-Toothed_Spruce_Bark_Beetle",1.9433,45.32727
"Eight-Toothed_Spruce_Bark_Beetle",3.31696,44.76448
"Eight-Toothed_Spruce_Bark_Beetle",7.30278,44.10217
"Eight-Toothed_Spruce_Bark_Beetle",2.03719,45.71046
"Eight-Toothed_Spruce_Bark_Beetle",7.17385,48.39116
"Eight-Toothed_Spruce_Bark_Beetle",5.5089,48.4508
"Eight-Toothed_Spruce_Bark_Beetle",3.54428,45.46298
"Eight-Toothed_Spruce_Bark_Beetle",7.35939,48.65858
"Eight-Toothed_Spruce_Bark_Beetle",2.87735,45.66704
"Eight-Toothed_Spruce_Bark_Beetle",6.15768,48.22899
"Eight-Toothed_Spruce_Bark_Beetle",5.11224,48.77951
"Eight-Toothed_Spruce_Bark_Beetle",4.38238,47.94689
"Eight-Toothed_Spruce_Bark_Beetle",6.57166,48.2101
"Eight-Toothed_Spruce_Bark_Beetle",4.38323,46.9888
"Eight-Toothed_Spruce_Bark_Beetle",1.3912,42.9077
"Eight-Toothed_Spruce_Bark_Beetle",1.79649,45.65777
"Eight-Toothed_Spruce_Bark_Beetle",0.90107,42.87314
"Eight-Toothed_Spruce_Bark_Beetle",2.69322,45.99226
"Eight-Toothed_Spruce_Bark_Beetle",4.93981,47.97676
"Eight-Toothed_Spruce_Bark_Beetle",5.42549,48.52558
"Eight-Toothed_Spruce_Bark_Beetle",4.5803,47.01073
"Eight-Toothed_Spruce_Bark_Beetle",5.4274,46.42395
"Eight-Toothed_Spruce_Bark_Beetle",5.26864,48.54386
"Eight-Toothed_Spruce_Bark_Beetle",2.21611,47.2721
"Eight-Toothed_Spruce_Bark_Beetle",3.53196,45.54639
"Eight-Toothed_Spruce_Bark_Beetle",1.50194,43.01396
"Eight-Toothed_Spruce_Bark_Beetle",6.85489,47.84661
"Eight-Toothed_Spruce_Bark_Beetle",6.24723,47.82041
"Eight-Toothed_Spruce_Bark_Beetle",6.20474,49.27583
"Eight-Toothed_Spruce_Bark_Beetle",6.07264,46.99923
"Eight-Toothed_Spruce_Bark_Beetle",3.73427,48.06561
"Eight-Toothed_Spruce_Bark_Beetle",4.76711,47.36151
"Eight-Toothed_Spruce_Bark_Beetle",4.79143,50.00921
"Eight-Toothed_Spruce_Bark_Beetle",6.80201,47.27495
"Eight-Toothed_Spruce_Bark_Beetle",4.70196,48.47839
"Eight-Toothed_Spruce_Bark_Beetle",1.95692,45.27613
"Eight-Toothed_Spruce_Bark_Beetle",2.84375,44.29102
"Eight-Toothed_Spruce_Bark_Beetle",7.20783,48.26814
"Eight-Toothed_Spruce_Bark_Beetle",4.43763,47.15829
"Eight-Toothed_Spruce_Bark_Beetle",5.63817,47.33617
"Eight-Toothed_Spruce_Bark_Beetle",6.27227,46.84187
"Eight-Toothed_Spruce_Bark_Beetle",6.19215,48.4096
"Eight-Toothed_Spruce_Bark_Beetle",5.51331,47.63225
"Eight-Toothed_Spruce_Bark_Beetle",6.62004,48.09312
"Eight-Toothed_Spruce_Bark_Beetle",1.47838,42.78255
"Eight-Toothed_Spruce_Bark_Beetle",2.53112,43.65855
"Eight-Toothed_Spruce_Bark_Beetle",6.64046,48.17377
"Eight-Toothed_Spruce_Bark_Beetle",7.29583,48.56804
"Eight-Toothed_Spruce_Bark_Beetle",7.02065,48.46898
"Eight-Toothed_Spruce_Bark_Beetle",5.96392,48.9716
"Eight-Toothed_Spruce_Bark_Beetle",5.60927,46.62808
"Eight-Toothed_Spruce_Bark_Beetle",3.51635,45.65517
"Eight-Toothed_Spruce_Bark_Beetle",6.51006,48.84378
"Eight-Toothed_Spruce_Bark_Beetle",4.79389,47.73012
"Eight-Toothed_Spruce_Bark_Beetle",2.43059,45.73331
"Eight-Toothed_Spruce_Bark_Beetle",4.84614,49.20855
"Eight-Toothed_Spruce_Bark_Beetle",5.29969,48.62435
"Eight-Toothed_Spruce_Bark_Beetle",6.59021,47.9243
"Eight-Toothed_Spruce_Bark_Beetle",2.62013,44.97141
"Eight-Toothed_Spruce_Bark_Beetle",4.55847,49.93162
"Eight-Toothed_Spruce_Bark_Beetle",1.90237,49.84752
"Eight-Toothed_Spruce_Bark_Beetle",5.40709,47.44036
"Eight-Toothed_Spruce_Bark_Beetle",4.12425,47.37222
"Eight-Toothed_Spruce_Bark_Beetle",3.2396,47.12043
"Eight-Toothed_Spruce_Bark_Beetle",4.34991,47.65743
"Eight-Toothed_Spruce_Bark_Beetle",6.05146,46.78998
"Eight-Toothed_Spruce_Bark_Beetle",2.63858,45.14505
"Eight-Toothed_Spruce_Bark_Beetle",5.26568,49.21671
"Eight-Toothed_Spruce_Bark_Beetle",5.54392,45.06011
"Eight-Toothed_Spruce_Bark_Beetle",3.61465,44.65326
"Eight-Toothed_Spruce_Bark_Beetle",6.39493,47.79544
"Eight-Toothed_Spruce_Bark_Beetle",6.17021,45.40997
"Eight-Toothed_Spruce_Bark_Beetle",3.61384,49.97771
"Eight-Toothed_Spruce_Bark_Beetle",6.51411,48.05638
"Eight-Toothed_Spruce_Bark_Beetle",6.25299,48.01501
"Eight-Toothed_Spruce_Bark_Beetle",5.55637,46.8253
"Eight-Toothed_Spruce_Bark_Beetle",4.29865,47.7746
"Eight-Toothed_Spruce_Bark_Beetle",7.08764,48.3785
"Eight-Toothed_Spruce_Bark_Beetle",6.25527,47.04967
"Eight-Toothed_Spruce_Bark_Beetle",2.4151,45.96957
"Eight-Toothed_Spruce_Bark_Beetle",1.82639,45.72095
"Eight-Toothed_Spruce_Bark_Beetle",5.58993,48.36476
"Eight-Toothed_Spruce_Bark_Beetle",3.15862,45.1174
"Eight-Toothed_Spruce_Bark_Beetle",2.50087,43.50657
"Eight-Toothed_Spruce_Bark_Beetle",5.30426,44.93547
"Eight-Toothed_Spruce_Bark_Beetle",6.31198,49.00073
"Eight-Toothed_Spruce_Bark_Beetle",6.45867,45.53059
"Eight-Toothed_Spruce_Bark_Beetle",5.74018,47.0604
"Eight-Toothed_Spruce_Bark_Beetle",5.49893,45.89023
"Eight-Toothed_Spruce_Bark_Beetle",7.10219,48.31842
"Eight-Toothed_Spruce_Bark_Beetle",5.9381,47.48934
"Eight-Toothed_Spruce_Bark_Beetle",5.54012,45.83377
"Eight-Toothed_Spruce_Bark_Beetle",1.08145,46.84601
"Eight-Toothed_Spruce_Bark_Beetle",5.00769,48.54291
"Eight-Toothed_Spruce_Bark_Beetle",6.15087,48.37065
"Eight-Toothed_Spruce_Bark_Beetle",4.43763,47.15829
"Eight-Toothed_Spruce_Bark_Beetle",6.38791,48.7299
"Eight-Toothed_Spruce_Bark_Beetle",6.70216,47.8213
"Eight-Toothed_Spruce_Bark_Beetle",2.94607,43.71876
"Eight-Toothed_Spruce_Bark_Beetle",5.89444,48.04577
"Eight-Toothed_Spruce_Bark_Beetle",1.80311,46.00164
"Eight-Toothed_Spruce_Bark_Beetle",4.8695,49.61741
"Eight-Toothed_Spruce_Bark_Beetle",7.17268,48.4602
"Eight-Toothed_Spruce_Bark_Beetle",3.60802,45.57826
"Eight-Toothed_Spruce_Bark_Beetle",5.10457,47.73588
"Eight-Toothed_Spruce_Bark_Beetle",4.10477,49.9428
"Eight-Toothed_Spruce_Bark_Beetle",1.47738,46.05567
"Eight-Toothed_Spruce_Bark_Beetle",3.50401,45.35477
"Eight-Toothed_Spruce_Bark_Beetle",2.49904,45.70705
"Eight-Toothed_Spruce_Bark_Beetle",5.86339,46.3629
"Eight-Toothed_Spruce_Bark_Beetle",4.37476,47.31178
"Eight-Toothed_Spruce_Bark_Beetle",4.55965,46.23488
"Eight-Toothed_Spruce_Bark_Beetle",4.35038,46.16218
"Eight-Toothed_Spruce_Bark_Beetle",4.96396,49.77617
"Eight-Toothed_Spruce_Bark_Beetle",1.97888,46.05811
"Eight-Toothed_Spruce_Bark_Beetle",5.40156,49.24017
"Eight-Toothed_Spruce_Bark_Beetle",6.46576,46.98361
"Eight-Toothed_Spruce_Bark_Beetle",5.9439,46.7908
"Eight-Toothed_Spruce_Bark_Beetle",5.89004,47.81711
"Eight-Toothed_Spruce_Bark_Beetle",5.22639,49.67645
"Eight-Toothed_Spruce_Bark_Beetle",6.24761,47.96223
"Eight-Toothed_Spruce_Bark_Beetle",6.38613,49.46015
"Eight-Toothed_Spruce_Bark_Beetle",6.18734,45.44993
"Eight-Toothed_Spruce_Bark_Beetle",5.25663,49.60147
"Eight-Toothed_Spruce_Bark_Beetle",5.61286,46.56242
"Eight-Toothed_Spruce_Bark_Beetle",6.22218,46.99535
"Eight-Toothed_Spruce_Bark_Beetle",4.61842,49.61093
"Eight-Toothed_Spruce_Bark_Beetle",1.62382,45.35537
"Eight-Toothed_Spruce_Bark_Beetle",6.11213,46.95966
"Eight-Toothed_Spruce_Bark_Beetle",3.82795,46.13013
"Eight-Toothed_Spruce_Bark_Beetle",4.78951,49.40536
"Eight-Toothed_Spruce_Bark_Beetle",6.64007,47.38146
"Eight-Toothed_Spruce_Bark_Beetle",6.42291,47.09461
"Eight-Toothed_Spruce_Bark_Beetle",5.62616,47.38314
"Eight-Toothed_Spruce_Bark_Beetle",5.38464,48.95515
"Eight-Toothed_Spruce_Bark_Beetle",1.98676,45.52637
"Eight-Toothed_Spruce_Bark_Beetle",1.35998,46.10885
"Eight-Toothed_Spruce_Bark_Beetle",3.27929,47.02542
"Eight-Toothed_Spruce_Bark_Beetle",2.00854,45.78492
"Eight-Toothed_Spruce_Bark_Beetle",3.30154,46.77533
"Eight-Toothed_Spruce_Bark_Beetle",7.41375,48.76427
"Eight-Toothed_Spruce_Bark_Beetle",4.2596,47.14302
"Eight-Toothed_Spruce_Bark_Beetle",4.75636,49.50881
"Eight-Toothed_Spruce_Bark_Beetle",5.03009,48.57805
"Eight-Toothed_Spruce_Bark_Beetle",4.28211,45.19185
"Eight-Toothed_Spruce_Bark_Beetle",4.18335,45.2904
"Eight-Toothed_Spruce_Bark_Beetle",7.3054,48.62085
"Eight-Toothed_Spruce_Bark_Beetle",2.23244,45.89551
"Eight-Toothed_Spruce_Bark_Beetle",6.73731,48.76123
"Eight-Toothed_Spruce_Bark_Beetle",4.90261,47.22754
"Eight-Toothed_Spruce_Bark_Beetle",5.66617,46.80632
"Eight-Toothed_Spruce_Bark_Beetle",6.49542,49.35753
"Eight-Toothed_Spruce_Bark_Beetle",3.29367,47.73375
"Eight-Toothed_Spruce_Bark_Beetle",3.67714,48.63131
"Eight-Toothed_Spruce_Bark_Beetle",5.26824,49.23448
"Eight-Toothed_Spruce_Bark_Beetle",5.39761,46.38979
"Eight-Toothed_Spruce_Bark_Beetle",4.84408,49.81772
"Eight-Toothed_Spruce_Bark_Beetle",5.42954,49.07956
"Eight-Toothed_Spruce_Bark_Beetle",3.87516,47.33076
"Eight-Toothed_Spruce_Bark_Beetle",6.55968,49.25815
"Eight-Toothed_Spruce_Bark_Beetle",5.08309,48.9204
"Eight-Toothed_Spruce_Bark_Beetle",6.73881,47.18041
"Eight-Toothed_Spruce_Bark_Beetle",6.44221,48.59017
"Eight-Toothed_Spruce_Bark_Beetle",2.88747,45.01994
"Eight-Toothed_Spruce_Bark_Beetle",3.86009,47.19472
"Eight-Toothed_Spruce_Bark_Beetle",5.97023,46.93208
"Eight-Toothed_Spruce_Bark_Beetle",6.183,45.26709
"Eight-Toothed_Spruce_Bark_Beetle",6.04624,46.3473
"Eight-Toothed_Spruce_Bark_Beetle",5.35492,47.9203
"Eight-Toothed_Spruce_Bark_Beetle",6.17541,47.93832
"Eight-Toothed_Spruce_Bark_Beetle",2.89192,45.6312
"Eight-Toothed_Spruce_Bark_Beetle",1.74055,45.71106
"Eight-Toothed_Spruce_Bark_Beetle",5.63592,46.23815
"Eight-Toothed_Spruce_Bark_Beetle",4.47536,49.92761
"Eight-Toothed_Spruce_Bark_Beetle",6.3322,48.17334
"Eight-Toothed_Spruce_Bark_Beetle",3.5474,45.30495
"Eight-Toothed_Spruce_Bark_Beetle",5.67518,49.43575
"Eight-Toothed_Spruce_Bark_Beetle",1.8705,45.36521
"Eight-Toothed_Spruce_Bark_Beetle",6.91599,47.72477
"Eight-Toothed_Spruce_Bark_Beetle",3.65061,45.59666
"Eight-Toothed_Spruce_Bark_Beetle",6.52443,48.21792
"Eight-Toothed_Spruce_Bark_Beetle",7.88462,48.99566
"Eight-Toothed_Spruce_Bark_Beetle",5.806,48.70755
"Eight-Toothed_Spruce_Bark_Beetle",4.97384,49.4184
"Eight-Toothed_Spruce_Bark_Beetle",1.63623,45.54713
"Eight-Toothed_Spruce_Bark_Beetle",6.67514,46.39321
"Eight-Toothed_Spruce_Bark_Beetle",8.00615,48.89426
"Eight-Toothed_Spruce_Bark_Beetle",5.19593,48.39644
"Eight-Toothed_Spruce_Bark_Beetle",5.27921,47.46617
"Eight-Toothed_Spruce_Bark_Beetle",4.11134,48.09914
"Eight-Toothed_Spruce_Bark_Beetle",5.41157,48.37521
"Eight-Toothed_Spruce_Bark_Beetle",6.02289,48.30452
"Eight-Toothed_Spruce_Bark_Beetle",4.99791,48.9653
"Eight-Toothed_Spruce_Bark_Beetle",3.69245,45.31885
"Eight-Toothed_Spruce_Bark_Beetle",3.81847,47.22694
"Eight-Toothed_Spruce_Bark_Beetle",1.39612,45.89765
"Eight-Toothed_Spruce_Bark_Beetle",0.96567,48.88209
"Eight-Toothed_Spruce_Bark_Beetle",4.80866,48.47611
"Eight-Toothed_Spruce_Bark_Beetle",5.36453,46.50448
"Eight-Toothed_Spruce_Bark_Beetle",4.66974,49.85981
"Eight-Toothed_Spruce_Bark_Beetle",1.20403,45.52495
"Eight-Toothed_Spruce_Bark_Beetle",7.09213,48.08282
"Eight-Toothed_Spruce_Bark_Beetle",6.55338,49.27656
"Eight-Toothed_Spruce_Bark_Beetle",6.87461,47.28392
"Eight-Toothed_Spruce_Bark_Beetle",3.97912,49.14825
"Eight-Toothed_Spruce_Bark_Beetle",5.62172,48.84401
"Eight-Toothed_Spruce_Bark_Beetle",3.47349,44.74126
"Eight-Toothed_Spruce_Bark_Beetle",6.45606,46.96752
"Eight-Toothed_Spruce_Bark_Beetle",5.56905,46.59852
"Eight-Toothed_Spruce_Bark_Beetle",8.10522,48.97168
"Eight-Toothed_Spruce_Bark_Beetle",5.02285,47.94784
"Eight-Toothed_Spruce_Bark_Beetle",3.69376,45.27185
"Eight-Toothed_Spruce_Bark_Beetle",0.33488,43.06541
"Eight-Toothed_Spruce_Bark_Beetle",3.5941,48.09861
"Eight-Toothed_Spruce_Bark_Beetle",5.09671,49.71031
"Eight-Toothed_Spruce_Bark_Beetle",4.86387,47.30031
"Eight-Toothed_Spruce_Bark_Beetle",6.73381,48.16554
"Eight-Toothed_Spruce_Bark_Beetle",5.5219,46.34839
"Eight-Toothed_Spruce_Bark_Beetle",6.84241,47.20196
"Eight-Toothed_Spruce_Bark_Beetle",6.41012,48.78798
"Eight-Toothed_Spruce_Bark_Beetle",2.94561,44.75246
"Eight-Toothed_Spruce_Bark_Beetle",5.21288,48.96733
"Eight-Toothed_Spruce_Bark_Beetle",6.35891,49.43573
"Eight-Toothed_Spruce_Bark_Beetle",4.29865,47.7746
"Eight-Toothed_Spruce_Bark_Beetle",2.26851,45.79504
"Eight-Toothed_Spruce_Bark_Beetle",1.62112,45.26708
"Eight-Toothed_Spruce_Bark_Beetle",1.101,43.08374
"Eight-Toothed_Spruce_Bark_Beetle",4.96168,49.58907
"Eight-Toothed_Spruce_Bark_Beetle",4.20654,47.33599
"Eight-Toothed_Spruce_Bark_Beetle",1.89418,45.30801
"Eight-Toothed_Spruce_Bark_Beetle",1.58177,45.30032
"Eight-Toothed_Spruce_Bark_Beetle",5.84376,48.05021
"Eight-Toothed_Spruce_Bark_Beetle",6.72045,45.34992
"Eight-Toothed_Spruce_Bark_Beetle",6.45489,48.69153
"Eight-Toothed_Spruce_Bark_Beetle",5.80736,49.4967
"Eight-Toothed_Spruce_Bark_Beetle",7.24395,48.97114
"Eight-Toothed_Spruce_Bark_Beetle",1.55586,45.87422
"Eight-Toothed_Spruce_Bark_Beetle",6.4868,47.62387
"Eight-Toothed_Spruce_Bark_Beetle",6.41934,47.83376
"Eight-Toothed_Spruce_Bark_Beetle",4.49439,49.82997
"Eight-Toothed_Spruce_Bark_Beetle",5.52474,46.03764
"Eight-Toothed_Spruce_Bark_Beetle",-1.19441,48.35277
"Eight-Toothed_Spruce_Bark_Beetle",4.2322,47.28405
"Eight-Toothed_Spruce_Bark_Beetle",5.64539,46.70489
"Eight-Toothed_Spruce_Bark_Beetle",6.01597,48.86518
"Eight-Toothed_Spruce_Bark_Beetle",5.96377,47.68024
"Eight-Toothed_Spruce_Bark_Beetle",6.1081,46.60694
"Eight-Toothed_Spruce_Bark_Beetle",6.20551,46.68177
"Eight-Toothed_Spruce_Bark_Beetle",5.59235,47.39678
"Eight-Toothed_Spruce_Bark_Beetle",5.34671,47.2108
"Eight-Toothed_Spruce_Bark_Beetle",7.08764,48.3785
"Eight-Toothed_Spruce_Bark_Beetle",6.00153,47.01612
"Eight-Toothed_Spruce_Bark_Beetle",1.93009,45.48778
"Eight-Toothed_Spruce_Bark_Beetle",6.48296,47.22489
"Eight-Toothed_Spruce_Bark_Beetle",5.46232,46.49416
"Eight-Toothed_Spruce_Bark_Beetle",2.64204,43.75789
"Eight-Toothed_Spruce_Bark_Beetle",5.48726,49.45522
"Eight-Toothed_Spruce_Bark_Beetle",6.3394,47.08263
"Eight-Toothed_Spruce_Bark_Beetle",5.8624,47.78354
"Eight-Toothed_Spruce_Bark_Beetle",2.28201,45.47462
"Eight-Toothed_Spruce_Bark_Beetle",4.09385,44.89712
"Eight-Toothed_Spruce_Bark_Beetle",5.30426,44.93547
"Eight-Toothed_Spruce_Bark_Beetle",2.54996,45.43453
"Eight-Toothed_Spruce_Bark_Beetle",4.2523,49.76603
"Eight-Toothed_Spruce_Bark_Beetle",5.17572,49.23564
"Eight-Toothed_Spruce_Bark_Beetle",4.92505,48.93746
"Eight-Toothed_Spruce_Bark_Beetle",6.58371,47.16757
"Eight-Toothed_Spruce_Bark_Beetle",6.92086,48.13085
"Eight-Toothed_Spruce_Bark_Beetle",7.17183,48.02964
"Eight-Toothed_Spruce_Bark_Beetle",3.55912,49.99279
"Eight-Toothed_Spruce_Bark_Beetle",6.89396,48.57074
"Eight-Toothed_Spruce_Bark_Beetle",6.29571,46.81082
"Eight-Toothed_Spruce_Bark_Beetle",7.00691,48.83387
"Eight-Toothed_Spruce_Bark_Beetle",4.03166,49.11905
"Eight-Toothed_Spruce_Bark_Beetle",3.00713,46.20543
"Eight-Toothed_Spruce_Bark_Beetle",7.76847,49.01244
"Eight-Toothed_Spruce_Bark_Beetle",4.17346,47.20977
"Eight-Toothed_Spruce_Bark_Beetle",6.47002,48.36172
"Eight-Toothed_Spruce_Bark_Beetle",5.59163,48.99949
"Eight-Toothed_Spruce_Bark_Beetle",6.00041,46.66414
"Eight-Toothed_Spruce_Bark_Beetle",5.90051,47.19925
"Eight-Toothed_Spruce_Bark_Beetle",3.24243,45.18349
"Eight-Toothed_Spruce_Bark_Beetle",3.69658,47.95529
"Eight-Toothed_Spruce_Bark_Beetle",2.07622,45.49123
"Eight-Toothed_Spruce_Bark_Beetle",7.40033,48.87999
"Eight-Toothed_Spruce_Bark_Beetle",0.6798,49.3425
"Eight-Toothed_Spruce_Bark_Beetle",5.51094,46.00129
"Eight-Toothed_Spruce_Bark_Beetle",4.75103,49.84776
"Eight-Toothed_Spruce_Bark_Beetle",4.0608,46.97177
"Eight-Toothed_Spruce_Bark_Beetle",3.61151,45.93821
"Eight-Toothed_Spruce_Bark_Beetle",3.63706,47.89723
"Eight-Toothed_Spruce_Bark_Beetle",6.97641,48.54618
"Eight-Toothed_Spruce_Bark_Beetle",4.91448,49.62927
"Eight-Toothed_Spruce_Bark_Beetle",6.01,46.60064
"Eight-Toothed_Spruce_Bark_Beetle",5.63132,46.78793
"Eight-Toothed_Spruce_Bark_Beetle",6.41884,47.75468
"Eight-Toothed_Spruce_Bark_Beetle",6.58301,47.06324
"Eight-Toothed_Spruce_Bark_Beetle",3.90786,47.00835
"Eight-Toothed_Spruce_Bark_Beetle",5.80973,46.95578
"Eight-Toothed_Spruce_Bark_Beetle",4.7948,47.75772
"Eight-Toothed_Spruce_Bark_Beetle",1.74055,45.71106
"Eight-Toothed_Spruce_Bark_Beetle",5.92732,49.3519
"Eight-Toothed_Spruce_Bark_Beetle",6.52086,46.33368
"Eight-Toothed_Spruce_Bark_Beetle",6.02936,47.04453
"Eight-Toothed_Spruce_Bark_Beetle",6.51544,47.5942
"Eight-Toothed_Spruce_Bark_Beetle",6.74956,48.15647
"Eight-Toothed_Spruce_Bark_Beetle",1.85202,44.82536
"Eight-Toothed_Spruce_Bark_Beetle",2.49817,44.96933
"Eight-Toothed_Spruce_Bark_Beetle",4.17129,47.3818
"Eight-Toothed_Spruce_Bark_Beetle",5.54511,45.16838
"Eight-Toothed_Spruce_Bark_Beetle",2.64382,45.98359
"Eight-Toothed_Spruce_Bark_Beetle",1.35385,42.95944
"Eight-Toothed_Spruce_Bark_Beetle",2.14622,45.87882
"Eight-Toothed_Spruce_Bark_Beetle",2.16491,45.46888
"Eight-Toothed_Spruce_Bark_Beetle",2.43407,46.0604
"Eight-Toothed_Spruce_Bark_Beetle",6.1748,48.16362
"Eight-Toothed_Spruce_Bark_Beetle",5.87971,46.88415
"Eight-Toothed_Spruce_Bark_Beetle",6.13165,46.70676
"Eight-Toothed_Spruce_Bark_Beetle",0.11394,42.8776
"Eight-Toothed_Spruce_Bark_Beetle",3.82149,45.7074
"Eight-Toothed_Spruce_Bark_Beetle",6.64396,48.12413
"Eight-Toothed_Spruce_Bark_Beetle",6.96873,48.45023
"Eight-Toothed_Spruce_Bark_Beetle",5.34373,47.82261
"Eight-Toothed_Spruce_Bark_Beetle",1.95285,42.8934
"Eight-Toothed_Spruce_Bark_Beetle",6.2762,46.87328
"Eight-Toothed_Spruce_Bark_Beetle",7.08674,48.28182
"Eight-Toothed_Spruce_Bark_Beetle",5.44015,45.95097
"Eight-Toothed_Spruce_Bark_Beetle",4.1411,44.90675
"Eight-Toothed_Spruce_Bark_Beetle",1.95571,45.67319
"Eight-Toothed_Spruce_Bark_Beetle",3.81042,44.92209
"Eight-Toothed_Spruce_Bark_Beetle",5.16575,48.86853
"Eight-Toothed_Spruce_Bark_Beetle",5.30426,44.93547
"Eight-Toothed_Spruce_Bark_Beetle",4.35272,49.90624
"Eight-Toothed_Spruce_Bark_Beetle",6.86512,47.96858
"Eight-Toothed_Spruce_Bark_Beetle",6.83351,47.55912
"Eight-Toothed_Spruce_Bark_Beetle",4.97717,49.63502
"Eight-Toothed_Spruce_Bark_Beetle",4.55546,47.0746
"Eight-Toothed_Spruce_Bark_Beetle",4.33138,48.47109
"Eight-Toothed_Spruce_Bark_Beetle",1.76828,45.76962
"Eight-Toothed_Spruce_Bark_Beetle",5.53909,48.92321
"Eight-Toothed_Spruce_Bark_Beetle",1.60514,42.90398
"Eight-Toothed_Spruce_Bark_Beetle",5.5988,48.63967
"Eight-Toothed_Spruce_Bark_Beetle",5.20587,44.92396
"Eight-Toothed_Spruce_Bark_Beetle",4.2516,44.86258
"Eight-Toothed_Spruce_Bark_Beetle",2.08403,45.99928
"Eight-Toothed_Spruce_Bark_Beetle",6.61358,45.56645
"Eight-Toothed_Spruce_Bark_Beetle",4.81478,48.37038
"Eight-Toothed_Spruce_Bark_Beetle",5.55577,46.10585
"Eight-Toothed_Spruce_Bark_Beetle",6.73519,47.15517
"Eight-Toothed_Spruce_Bark_Beetle",4.02606,44.68474
"Eight-Toothed_Spruce_Bark_Beetle",1.20041,42.93507
"Eight-Toothed_Spruce_Bark_Beetle",2.54269,47.76137
"Eight-Toothed_Spruce_Bark_Beetle",2.92766,44.14065
"Eight-Toothed_Spruce_Bark_Beetle",4.57735,47.99937
"Eight-Toothed_Spruce_Bark_Beetle",3.80938,44.63159
"Eight-Toothed_Spruce_Bark_Beetle",4.81901,48.15264
"Eight-Toothed_Spruce_Bark_Beetle",0.50626,48.67961
"Eight-Toothed_Spruce_Bark_Beetle",3.1057,45.13426
"Eight-Toothed_Spruce_Bark_Beetle",5.03032,48.90115
"Eight-Toothed_Spruce_Bark_Beetle",1.5186,45.44911
"Eight-Toothed_Spruce_Bark_Beetle",1.8112,45.84973
"Eight-Toothed_Spruce_Bark_Beetle",6.34447,46.82071
"Eight-Toothed_Spruce_Bark_Beetle",1.08894,49.50428
"Eight-Toothed_Spruce_Bark_Beetle",6.52413,48.3114
"Eight-Toothed_Spruce_Bark_Beetle",0.53688,46.64595
"Eight-Toothed_Spruce_Bark_Beetle",1.80508,45.37488
"Eight-Toothed_Spruce_Bark_Beetle",5.02895,49.71711
"Eight-Toothed_Spruce_Bark_Beetle",2.12344,47.78246
"Eight-Toothed_Spruce_Bark_Beetle",2.96848,46.15445
"Eight-Toothed_Spruce_Bark_Beetle",7.06253,48.30472
"Eight-Toothed_Spruce_Bark_Beetle",2.69282,45.61144
"Eight-Toothed_Spruce_Bark_Beetle",2.0854,45.53252
"Eight-Toothed_Spruce_Bark_Beetle",4.32735,47.31642
"Eight-Toothed_Spruce_Bark_Beetle",6.58166,48.0015
"Eight-Toothed_Spruce_Bark_Beetle",5.69368,48.70136
"Eight-Toothed_Spruce_Bark_Beetle",6.61717,47.21595
"Eight-Toothed_Spruce_Bark_Beetle",5.58378,45.93958
"Eight-Toothed_Spruce_Bark_Beetle",6.53029,49.32487
"Eight-Toothed_Spruce_Bark_Beetle",7.3049,48.48149
"Eight-Toothed_Spruce_Bark_Beetle",6.66782,48.23648
"Eight-Toothed_Spruce_Bark_Beetle",4.13234,48.15647
"Eight-Toothed_Spruce_Bark_Beetle",5.86977,46.46863
"Eight-Toothed_Spruce_Bark_Beetle",4.09294,47.39506
"Eight-Toothed_Spruce_Bark_Beetle",1.95285,42.8934
"Eight-Toothed_Spruce_Bark_Beetle",6.72652,47.12212
"Eight-Toothed_Spruce_Bark_Beetle",6.45551,49.44625
"Eight-Toothed_Spruce_Bark_Beetle",5.66594,46.55576
"Eight-Toothed_Spruce_Bark_Beetle",7.11941,48.99809
"Eight-Toothed_Spruce_Bark_Beetle",3.74954,44.51364
"Eight-Toothed_Spruce_Bark_Beetle",6.01134,46.9571
"Eight-Toothed_Spruce_Bark_Beetle",3.80901,46.67513
"Eight-Toothed_Spruce_Bark_Beetle",2.47074,43.55983
"Eight-Toothed_Spruce_Bark_Beetle",3.94779,45.23315
"Eight-Toothed_Spruce_Bark_Beetle",7.24322,48.46707
"Eight-Toothed_Spruce_Bark_Beetle",6.71723,48.33114
"Eight-Toothed_Spruce_Bark_Beetle",5.58583,48.38862
"Eight-Toothed_Spruce_Bark_Beetle",0.55582,42.83867
"Eight-Toothed_Spruce_Bark_Beetle",6.29393,45.42168
"Eight-Toothed_Spruce_Bark_Beetle",1.79649,45.65777
"Eight-Toothed_Spruce_Bark_Beetle",4.1303,47.16953
"Eight-Toothed_Spruce_Bark_Beetle",6.68872,47.69545
"Eight-Toothed_Spruce_Bark_Beetle",4.17174,45.64111
"Eight-Toothed_Spruce_Bark_Beetle",2.17319,44.82759
"Eight-Toothed_Spruce_Bark_Beetle",7.19504,47.62275
"Eight-Toothed_Spruce_Bark_Beetle",4.52738,47.02825
"Eight-Toothed_Spruce_Bark_Beetle",2.44994,45.34335
"Eight-Toothed_Spruce_Bark_Beetle",5.7425,47.41275
"Eight-Toothed_Spruce_Bark_Beetle",3.00629,45.82537
"Eight-Toothed_Spruce_Bark_Beetle",2.3079,45.45271
"Eight-Toothed_Spruce_Bark_Beetle",4.83164,50.10237
"Eight-Toothed_Spruce_Bark_Beetle",6.03442,46.45424
"Eight-Toothed_Spruce_Bark_Beetle",3.65552,46.06019
"Eight-Toothed_Spruce_Bark_Beetle",6.74059,48.22066
"Eight-Toothed_Spruce_Bark_Beetle",5.81644,49.44351
"Eight-Toothed_Spruce_Bark_Beetle",6.36387,47.82371
"Eight-Toothed_Spruce_Bark_Beetle",5.58226,46.39382
"Eight-Toothed_Spruce_Bark_Beetle",7.27656,47.43836
"Eight-Toothed_Spruce_Bark_Beetle",1.53781,42.99197
"Eight-Toothed_Spruce_Bark_Beetle",2.08073,46.19017
"Eight-Toothed_Spruce_Bark_Beetle",5.93787,46.77921
"Eight-Toothed_Spruce_Bark_Beetle",2.21728,46.2914
"Eight-Toothed_Spruce_Bark_Beetle",5.85135,45.38558
"Eight-Toothed_Spruce_Bark_Beetle",6.15298,47.27648
"Eight-Toothed_Spruce_Bark_Beetle",5.1398,48.09788
"Eight-Toothed_Spruce_Bark_Beetle",1.42655,43.0241
"Eight-Toothed_Spruce_Bark_Beetle",4.15948,44.6689
"Eight-Toothed_Spruce_Bark_Beetle",3.64484,44.59732
"Eight-Toothed_Spruce_Bark_Beetle",6.08552,48.15403
"Eight-Toothed_Spruce_Bark_Beetle",5.89081,46.63635
"Eight-Toothed_Spruce_Bark_Beetle",5.17524,48.79839
"Eight-Toothed_Spruce_Bark_Beetle",5.27553,49.25979
"Eight-Toothed_Spruce_Bark_Beetle",5.83533,46.93157
"Eight-Toothed_Spruce_Bark_Beetle",3.54661,48.29006
"Eight-Toothed_Spruce_Bark_Beetle",6.54095,49.29902
"Eight-Toothed_Spruce_Bark_Beetle",5.26275,48.17417
"Eight-Toothed_Spruce_Bark_Beetle",3.95089,44.69389
"Eight-Toothed_Spruce_Bark_Beetle",5.04226,48.84252
"Eight-Toothed_Spruce_Bark_Beetle",2.77091,43.65524
"Eight-Toothed_Spruce_Bark_Beetle",6.56001,47.01608
"Eight-Toothed_Spruce_Bark_Beetle",-0.35859,42.95178
"Eight-Toothed_Spruce_Bark_Beetle",7.17781,48.67701
"Eight-Toothed_Spruce_Bark_Beetle",4.08355,47.23061
"Eight-Toothed_Spruce_Bark_Beetle",1.9325,45.37289
"Eight-Toothed_Spruce_Bark_Beetle",6.49134,49.04726
"Eight-Toothed_Spruce_Bark_Beetle",5.74254,47.17324
"Eight-Toothed_Spruce_Bark_Beetle",5.46772,47.40154
"Eight-Toothed_Spruce_Bark_Beetle",1.79649,45.65777
"Eight-Toothed_Spruce_Bark_Beetle",6.16317,48.24607
"Eight-Toothed_Spruce_Bark_Beetle",5.39432,48.62677
"Eight-Toothed_Spruce_Bark_Beetle",5.44798,49.21439
"Eight-Toothed_Spruce_Bark_Beetle",3.5941,48.09861
"Eight-Toothed_Spruce_Bark_Beetle",5.47487,49.25741
"Eight-Toothed_Spruce_Bark_Beetle",4.44604,49.85287
"Eight-Toothed_Spruce_Bark_Beetle",6.3995,47.052
"Eight-Toothed_Spruce_Bark_Beetle",3.54728,48.80168
"Eight-Toothed_Spruce_Bark_Beetle",2.85364,44.19778
"Eight-Toothed_Spruce_Bark_Beetle",3.00713,46.20543
"Eight-Toothed_Spruce_Bark_Beetle",4.93279,48.02906
"Eight-Toothed_Spruce_Bark_Beetle",5.72696,46.61453
"Eight-Toothed_Spruce_Bark_Beetle",3.94132,47.34541
"Eight-Toothed_Spruce_Bark_Beetle",6.09917,46.72854
"Eight-Toothed_Spruce_Bark_Beetle",3.86197,47.1442
"Eight-Toothed_Spruce_Bark_Beetle",5.62258,49.05982
"Eight-Toothed_Spruce_Bark_Beetle",7.36998,48.92557
"Eight-Toothed_Spruce_Bark_Beetle",5.32252,48.36701
"Eight-Toothed_Spruce_Bark_Beetle",6.77521,47.95144
"Eight-Toothed_Spruce_Bark_Beetle",6.14425,45.73809
"Eight-Toothed_Spruce_Bark_Beetle",5.02185,48.26247
"Eight-Toothed_Spruce_Bark_Beetle",3.21471,45.06907
"Eight-Toothed_Spruce_Bark_Beetle",6.2242,48.52484
"Eight-Toothed_Spruce_Bark_Beetle",5.56319,47.33677
"Eight-Toothed_Spruce_Bark_Beetle",5.66235,49.16655
"Eight-Toothed_Spruce_Bark_Beetle",1.56935,49.55777
"Eight-Toothed_Spruce_Bark_Beetle",6.12851,48.66194
"Eight-Toothed_Spruce_Bark_Beetle",6.56091,48.15903
"Eight-Toothed_Spruce_Bark_Beetle",5.89096,48.0982
"Eight-Toothed_Spruce_Bark_Beetle",6.25299,48.01501
"Eight-Toothed_Spruce_Bark_Beetle",-0.14008,48.07831
"Eight-Toothed_Spruce_Bark_Beetle",7.33572,48.93214
"Eight-Toothed_Spruce_Bark_Beetle",5.60178,49.02387
"Eight-Toothed_Spruce_Bark_Beetle",4.2878,44.84472
"Eight-Toothed_Spruce_Bark_Beetle",5.62387,46.80408
"Eight-Toothed_Spruce_Bark_Beetle",5.85138,48.88362
"Eight-Toothed_Spruce_Bark_Beetle",5.86831,46.9257
"Eight-Toothed_Spruce_Bark_Beetle",6.04409,45.96958
"Eight-Toothed_Spruce_Bark_Beetle",5.86893,47.3041
"Eight-Toothed_Spruce_Bark_Beetle",1.9354,45.74324
"Eight-Toothed_Spruce_Bark_Beetle",6.41389,46.97997
"Eight-Toothed_Spruce_Bark_Beetle",3.68846,45.78292
"Eight-Toothed_Spruce_Bark_Beetle",2.09896,45.61971
"Eight-Toothed_Spruce_Bark_Beetle",0.22706,49.00343
"Eight-Toothed_Spruce_Bark_Beetle",6.52703,48.85961
"Eight-Toothed_Spruce_Bark_Beetle",5.19568,48.82338
"Eight-Toothed_Spruce_Bark_Beetle",2.96567,49.34834
"Eight-Toothed_Spruce_Bark_Beetle",2.81663,46.10231
"Eight-Toothed_Spruce_Bark_Beetle",7.09291,47.61209
"Eight-Toothed_Spruce_Bark_Beetle",1.96294,45.99769
"Eight-Toothed_Spruce_Bark_Beetle",6.12987,47.88774
"Eight-Toothed_Spruce_Bark_Beetle",1.8324,45.64293
"Eight-Toothed_Spruce_Bark_Beetle",5.45582,46.9458
"Eight-Toothed_Spruce_Bark_Beetle",6.62394,48.54179
"Eight-Toothed_Spruce_Bark_Beetle",6.941,47.78709
"Eight-Toothed_Spruce_Bark_Beetle",6.33028,48.85044
"Eight-Toothed_Spruce_Bark_Beetle",3.87215,44.76552
"Eight-Toothed_Spruce_Bark_Beetle",5.19971,47.59487
"Eight-Toothed_Spruce_Bark_Beetle",7.01609,48.34328
"Eight-Toothed_Spruce_Bark_Beetle",6.21226,46.15272
"Eight-Toothed_Spruce_Bark_Beetle",6.25299,48.01501
"Eight-Toothed_Spruce_Bark_Beetle",7.2621,48.02388
"Eight-Toothed_Spruce_Bark_Beetle",5.09904,48.58034
"Eight-Toothed_Spruce_Bark_Beetle",1.76949,46.35317
"Eight-Toothed_Spruce_Bark_Beetle",4.02118,47.10549
"Eight-Toothed_Spruce_Bark_Beetle",6.64877,47.99134
"Eight-Toothed_Spruce_Bark_Beetle",5.23882,49.45007
"Eight-Toothed_Spruce_Bark_Beetle",6.71977,47.91122
"Eight-Toothed_Spruce_Bark_Beetle",5.64177,46.31383
"Eight-Toothed_Spruce_Bark_Beetle",-0.53924,48.71431
"Eight-Toothed_Spruce_Bark_Beetle",2.37825,45.55605
"Eight-Toothed_Spruce_Bark_Beetle",2.24611,45.98907
"Eight-Toothed_Spruce_Bark_Beetle",6.62488,48.14176
"Eight-Toothed_Spruce_Bark_Beetle",3.95957,47.10619
"Eight-Toothed_Spruce_Bark_Beetle",6.80519,47.872
"Eight-Toothed_Spruce_Bark_Beetle",2.09293,46.13448
"Eight-Toothed_Spruce_Bark_Beetle",4.51582,49.39387
"Eight-Toothed_Spruce_Bark_Beetle",5.67007,47.74717
"Eight-Toothed_Spruce_Bark_Beetle",4.16071,45.02471
"Eight-Toothed_Spruce_Bark_Beetle",4.82796,50.07935
"Eight-Toothed_Spruce_Bark_Beetle",3.98455,47.62521
"Eight-Toothed_Spruce_Bark_Beetle",5.34335,47.98651
"Eight-Toothed_Spruce_Bark_Beetle",6.49763,47.84608
"Eight-Toothed_Spruce_Bark_Beetle",5.69522,46.14502
"Eight-Toothed_Spruce_Bark_Beetle",6.63904,48.217
"Eight-Toothed_Spruce_Bark_Beetle",-0.42073,48.56684
"Eight-Toothed_Spruce_Bark_Beetle",6.06332,48.1025
"Eight-Toothed_Spruce_Bark_Beetle",5.06984,48.74366
"Eight-Toothed_Spruce_Bark_Beetle",1.82639,45.72095
"Eight-Toothed_Spruce_Bark_Beetle",6.61655,47.85211
"Eight-Toothed_Spruce_Bark_Beetle",-0.28548,48.5343
"Eight-Toothed_Spruce_Bark_Beetle",6.63137,47.12149
"Eight-Toothed_Spruce_Bark_Beetle",5.57164,48.05289
"Eight-Toothed_Spruce_Bark_Beetle",2.37825,45.55605
"Eight-Toothed_Spruce_Bark_Beetle",0.71688,49.28933
"Eight-Toothed_Spruce_Bark_Beetle",2.38877,43.45779
"Eight-Toothed_Spruce_Bark_Beetle",5.83403,46.5681
"Eight-Toothed_Spruce_Bark_Beetle",4.88791,49.27463
"Eight-Toothed_Spruce_Bark_Beetle",4.98655,49.50253
"Eight-Toothed_Spruce_Bark_Beetle",4.70696,47.912
"Eight-Toothed_Spruce_Bark_Beetle",7.19595,44.11291
"Eight-Toothed_Spruce_Bark_Beetle",6.74929,48.49245
"Eight-Toothed_Spruce_Bark_Beetle",7.48264,48.92167
"Eight-Toothed_Spruce_Bark_Beetle",6.00729,46.7494
"Eight-Toothed_Spruce_Bark_Beetle",5.31135,49.57896
"Eight-Toothed_Spruce_Bark_Beetle",5.16923,48.69823
"Eight-Toothed_Spruce_Bark_Beetle",6.21175,45.48206
"Eight-Toothed_Spruce_Bark_Beetle",4.26775,47.33157
"Eight-Toothed_Spruce_Bark_Beetle",5.6828,46.76722
"Eight-Toothed_Spruce_Bark_Beetle",6.2537,47.16524
"Eight-Toothed_Spruce_Bark_Beetle",4.7537,49.8201
"Eight-Toothed_Spruce_Bark_Beetle",5.96726,48.0277
"Eight-Toothed_Spruce_Bark_Beetle",6.76857,48.00301
"Eight-Toothed_Spruce_Bark_Beetle",2.00329,42.92036
"Eight-Toothed_Spruce_Bark_Beetle",4.77573,49.75872
"Eight-Toothed_Spruce_Bark_Beetle",4.2585,45.35679
"Eight-Toothed_Spruce_Bark_Beetle",3.78499,45.85485
"Eight-Toothed_Spruce_Bark_Beetle",7.01817,48.18679
"Eight-Toothed_Spruce_Bark_Beetle",3.82077,45.25915
"Eight-Toothed_Spruce_Bark_Beetle",6.39118,46.8035
"Eight-Toothed_Spruce_Bark_Beetle",7.64565,48.89328
"Eight-Toothed_Spruce_Bark_Beetle",7.00791,48.29769
"Eight-Toothed_Spruce_Bark_Beetle",4.23592,47.17862
"Eight-Toothed_Spruce_Bark_Beetle",0.92364,49.60817
"Eight-Toothed_Spruce_Bark_Beetle",6.43329,47.13865
"Eight-Toothed_Spruce_Bark_Beetle",2.33507,46.05592
"Eight-Toothed_Spruce_Bark_Beetle",3.82651,49.46218
"Eight-Toothed_Spruce_Bark_Beetle",2.54696,45.97875
"Eight-Toothed_Spruce_Bark_Beetle",5.72324,44.68254
"Eight-Toothed_Spruce_Bark_Beetle",4.00394,45.13118
"Eight-Toothed_Spruce_Bark_Beetle",7.01817,48.18679
"Eight-Toothed_Spruce_Bark_Beetle",5.14236,47.98126
"Eight-Toothed_Spruce_Bark_Beetle",5.49264,48.11366
"Eight-Toothed_Spruce_Bark_Beetle",6.19257,48.34044
"Eight-Toothed_Spruce_Bark_Beetle",3.62502,45.49697
"Eight-Toothed_Spruce_Bark_Beetle",3.91628,47.48244
"Eight-Toothed_Spruce_Bark_Beetle",3.94081,47.05603
"Eight-Toothed_Spruce_Bark_Beetle",6.03215,46.83031
"Eight-Toothed_Spruce_Bark_Beetle",7.20409,48.94387
"Eight-Toothed_Spruce_Bark_Beetle",4.51765,49.84042
"Eight-Toothed_Spruce_Bark_Beetle",3.62706,45.0788
"Eight-Toothed_Spruce_Bark_Beetle",4.8695,49.61741
"Eight-Toothed_Spruce_Bark_Beetle",4.55965,46.23488
"Eight-Toothed_Spruce_Bark_Beetle",2.69734,45.2443
"Eight-Toothed_Spruce_Bark_Beetle",5.48312,48.33353
"Eight-Toothed_Spruce_Bark_Beetle",6.81138,48.43556
"Eight-Toothed_Spruce_Bark_Beetle",2.85364,44.19778
"Eight-Toothed_Spruce_Bark_Beetle",6.3818,48.14274
"Eight-Toothed_Spruce_Bark_Beetle",1.90092,42.9101
"Eight-Toothed_Spruce_Bark_Beetle",1.93636,43.04672
"Eight-Toothed_Spruce_Bark_Beetle",1.70085,45.77142
"Eight-Toothed_Spruce_Bark_Beetle",1.51233,42.93217
"Eight-Toothed_Spruce_Bark_Beetle",3.4909,45.29178
"Eight-Toothed_Spruce_Bark_Beetle",2.2549,44.78577
"Eight-Toothed_Spruce_Bark_Beetle",3.65771,45.42963
"Eight-Toothed_Spruce_Bark_Beetle",2.78236,45.10349
"Eight-Toothed_Spruce_Bark_Beetle",3.21886,45.11134
"Eight-Toothed_Spruce_Bark_Beetle",7.30278,44.10217
"Eight-Toothed_Spruce_Bark_Beetle",5.02254,49.19622
"Eight-Toothed_Spruce_Bark_Beetle",6.36721,47.32604
"Eight-Toothed_Spruce_Bark_Beetle",5.54511,45.16838
"Eight-Toothed_Spruce_Bark_Beetle",2.11284,45.96361
"Eight-Toothed_Spruce_Bark_Beetle",6.47717,49.38754
"Eight-Toothed_Spruce_Bark_Beetle",7.73145,48.52031
"Eight-Toothed_Spruce_Bark_Beetle",0.1329,42.97485
"Eight-Toothed_Spruce_Bark_Beetle",3.95167,44.74172
"Eight-Toothed_Spruce_Bark_Beetle",1.76354,45.20697
"Eight-Toothed_Spruce_Bark_Beetle",2.20658,45.43389
"Eight-Toothed_Spruce_Bark_Beetle",4.98168,49.30848
"Eight-Toothed_Spruce_Bark_Beetle",0.19452,48.56353
"Eight-Toothed_Spruce_Bark_Beetle",1.26277,42.95128
"Eight-Toothed_Spruce_Bark_Beetle",5.45151,47.14542
"Eight-Toothed_Spruce_Bark_Beetle",2.14658,46.0222
"Eight-Toothed_Spruce_Bark_Beetle",4.74774,49.89967
"Eight-Toothed_Spruce_Bark_Beetle",5.16575,48.86853
"Eight-Toothed_Spruce_Bark_Beetle",4.4267,47.77801
"Eight-Toothed_Spruce_Bark_Beetle",0.96626,42.92069
"Eight-Toothed_Spruce_Bark_Beetle",5.66325,46.4487
"Eight-Toothed_Spruce_Bark_Beetle",4.35981,47.78485
"Eight-Toothed_Spruce_Bark_Beetle",5.75478,46.56435
"Eight-Toothed_Spruce_Bark_Beetle",6.21886,45.53433
"Eight-Toothed_Spruce_Bark_Beetle",6.56299,47.86784
"Eight-Toothed_Spruce_Bark_Beetle",3.86949,46.00849
"Eight-Toothed_Spruce_Bark_Beetle",1.69038,45.52713
"Eight-Toothed_Spruce_Bark_Beetle",6.55493,47.81877
"Eight-Toothed_Spruce_Bark_Beetle",3.15849,44.98938
"Eight-Toothed_Spruce_Bark_Beetle",6.71405,48.88198
"Eight-Toothed_Spruce_Bark_Beetle",5.57446,48.31926
"Eight-Toothed_Spruce_Bark_Beetle",6.17629,45.69648
"Eight-Toothed_Spruce_Bark_Beetle",5.64265,46.60309
"Eight-Toothed_Spruce_Bark_Beetle",6.9497,48.24232
"Eight-Toothed_Spruce_Bark_Beetle",5.98151,45.23614
"Eight-Toothed_Spruce_Bark_Beetle",2.94562,46.19582
"Eight-Toothed_Spruce_Bark_Beetle",6.57258,48.61271
"Eight-Toothed_Spruce_Bark_Beetle",6.5444,47.54179
"Eight-Toothed_Spruce_Bark_Beetle",2.87202,45.27296
"Eight-Toothed_Spruce_Bark_Beetle",3.98513,46.89033
"Eight-Toothed_Spruce_Bark_Beetle",4.89174,48.54337
"Eight-Toothed_Spruce_Bark_Beetle",3.95658,46.938
"Eight-Toothed_Spruce_Bark_Beetle",5.69195,48.21596
"Eight-Toothed_Spruce_Bark_Beetle",4.35901,48.33136
"Eight-Toothed_Spruce_Bark_Beetle",6.55888,47.25504
"Eight-Toothed_Spruce_Bark_Beetle",2.40936,43.53085
"Eight-Toothed_Spruce_Bark_Beetle",5.92931,46.90481
"Eight-Toothed_Spruce_Bark_Beetle",5.63182,47.05622
"Eight-Toothed_Spruce_Bark_Beetle",1.08278,49.04971
"Eight-Toothed_Spruce_Bark_Beetle",4.2596,47.14302
"Eight-Toothed_Spruce_Bark_Beetle",2.06996,45.8393
"Eight-Toothed_Spruce_Bark_Beetle",3.76839,46.62068
"Eight-Toothed_Spruce_Bark_Beetle",3.45642,44.3608
"Eight-Toothed_Spruce_Bark_Beetle",1.5676,46.0721
"Eight-Toothed_Spruce_Bark_Beetle",6.16333,46.72129
"Eight-Toothed_Spruce_Bark_Beetle",7.37555,48.46673
"Eight-Toothed_Spruce_Bark_Beetle",6.20576,48.06224
"Eight-Toothed_Spruce_Bark_Beetle",-0.02207,48.52574
"Eight-Toothed_Spruce_Bark_Beetle",7.16658,48.92469
"Eight-Toothed_Spruce_Bark_Beetle",6.06707,49.44628
"Eight-Toothed_Spruce_Bark_Beetle",5.68782,49.26348
"Eight-Toothed_Spruce_Bark_Beetle",4.03313,47.21429
"Eight-Toothed_Spruce_Bark_Beetle",6.57421,48.39156
"Eight-Toothed_Spruce_Bark_Beetle",1.28405,42.98826
"Eight-Toothed_Spruce_Bark_Beetle",7.88462,48.99566
"Eight-Toothed_Spruce_Bark_Beetle",5.95296,49.26219
"Eight-Toothed_Spruce_Bark_Beetle",4.17332,47.31644
"Eight-Toothed_Spruce_Bark_Beetle",6.68863,47.16081
"Eight-Toothed_Spruce_Bark_Beetle",7.22855,48.86386
"Eight-Toothed_Spruce_Bark_Beetle",6.56519,48.09571
"Eight-Toothed_Spruce_Bark_Beetle",5.62164,48.67453
"Eight-Toothed_Spruce_Bark_Beetle",6.00002,46.8024
"Eight-Toothed_Spruce_Bark_Beetle",6.08237,46.55655
"Eight-Toothed_Spruce_Bark_Beetle",4.83174,48.57508
"Eight-Toothed_Spruce_Bark_Beetle",5.64341,46.41231
"Eight-Toothed_Spruce_Bark_Beetle",5.56625,46.52992
"Eight-Toothed_Spruce_Bark_Beetle",6.06604,46.83885
"Eight-Toothed_Spruce_Bark_Beetle",4.30113,47.65155
"Eight-Toothed_Spruce_Bark_Beetle",4.3542,44.72225
"Eight-Toothed_Spruce_Bark_Beetle",6.57746,47.89945
"Eight-Toothed_Spruce_Bark_Beetle",4.57895,48.14351
"Eight-Toothed_Spruce_Bark_Beetle",3.05941,45.07023
"Eight-Toothed_Spruce_Bark_Beetle",7.01627,48.57708
"Eight-Toothed_Spruce_Bark_Beetle",1.71979,45.60252
"Eight-Toothed_Spruce_Bark_Beetle",5.66004,47.2409
"Eight-Toothed_Spruce_Bark_Beetle",5.70093,46.38958
"Eight-Toothed_Spruce_Bark_Beetle",5.83266,49.46951
"Eight-Toothed_Spruce_Bark_Beetle",6.03256,47.69268
"Eight-Toothed_Spruce_Bark_Beetle",5.75186,46.87631
"Eight-Toothed_Spruce_Bark_Beetle",5.62172,48.84401
"Eight-Toothed_Spruce_Bark_Beetle",2.42242,45.81783
"Eight-Toothed_Spruce_Bark_Beetle",3.58767,44.49027
"Eight-Toothed_Spruce_Bark_Beetle",6.81588,48.21332
"Eight-Toothed_Spruce_Bark_Beetle",6.58077,48.34692
"Eight-Toothed_Spruce_Bark_Beetle",5.65046,48.30147
"Eight-Toothed_Spruce_Bark_Beetle",4.71704,49.77501
"Eight-Toothed_Spruce_Bark_Beetle",5.67612,48.2749
"Eight-Toothed_Spruce_Bark_Beetle",2.93452,45.54872
"Eight-Toothed_Spruce_Bark_Beetle",4.02334,47.9027
"Eight-Toothed_Spruce_Bark_Beetle",6.13499,49.46642
"Eight-Toothed_Spruce_Bark_Beetle",0.24836,43.14251
"Eight-Toothed_Spruce_Bark_Beetle",0.52235,48.39103
"Eight-Toothed_Spruce_Bark_Beetle",2.65979,45.72738
"Eight-Toothed_Spruce_Bark_Beetle",6.12242,48.72087
"Eight-Toothed_Spruce_Bark_Beetle",2.8078,45.16538
"Eight-Toothed_Spruce_Bark_Beetle",6.94474,48.58611
"Eight-Toothed_Spruce_Bark_Beetle",5.74194,49.17387
"Eight-Toothed_Spruce_Bark_Beetle",3.87516,47.33076
"Eight-Toothed_Spruce_Bark_Beetle",5.49416,47.04497
"Eight-Toothed_Spruce_Bark_Beetle",6.92758,47.87997
"Eight-Toothed_Spruce_Bark_Beetle",6.63114,48.34611
"Eight-Toothed_Spruce_Bark_Beetle",7.02874,48.08826
"Eight-Toothed_Spruce_Bark_Beetle",6.74625,47.83743
"Eight-Toothed_Spruce_Bark_Beetle",5.89085,44.68478
"Eight-Toothed_Spruce_Bark_Beetle",1.0905,49.12919
"Eight-Toothed_Spruce_Bark_Beetle",3.82077,45.2884
"Eight-Toothed_Spruce_Bark_Beetle",2.33507,46.05592
"Eight-Toothed_Spruce_Bark_Beetle",6.21803,48.40987
"Eight-Toothed_Spruce_Bark_Beetle",2.07699,45.13652
"Eight-Toothed_Spruce_Bark_Beetle",6.8592,48.06515
"Eight-Toothed_Spruce_Bark_Beetle",2.44989,45.43142
"Eight-Toothed_Spruce_Bark_Beetle",6.10841,47.69511
"Eight-Toothed_Spruce_Bark_Beetle",5.99489,48.25517
"Eight-Toothed_Spruce_Bark_Beetle",4.90925,47.31841
"Eight-Toothed_Spruce_Bark_Beetle",6.63833,48.52176
"Eight-Toothed_Spruce_Bark_Beetle",4.66974,49.85981
"Eight-Toothed_Spruce_Bark_Beetle",5.75361,49.264
"Eight-Toothed_Spruce_Bark_Beetle",5.65305,46.00417
"Eight-Toothed_Spruce_Bark_Beetle",5.67246,46.39473
"Eight-Toothed_Spruce_Bark_Beetle",6.77403,47.78656
"Eight-Toothed_Spruce_Bark_Beetle",6.60409,47.74114
"Eight-Toothed_Spruce_Bark_Beetle",4.96787,49.25939
"Eight-Toothed_Spruce_Bark_Beetle",5.62258,49.05982
"Eight-Toothed_Spruce_Bark_Beetle",5.3059,47.63815
"Eight-Toothed_Spruce_Bark_Beetle",7.03745,48.1428
"Eight-Toothed_Spruce_Bark_Beetle",2.56307,45.6575
"Eight-Toothed_Spruce_Bark_Beetle",6.82207,47.78027
"Eight-Toothed_Spruce_Bark_Beetle",4.54705,49.78418
"Eight-Toothed_Spruce_Bark_Beetle",5.84384,46.78682
"Eight-Toothed_Spruce_Bark_Beetle",5.75779,46.54018
"Eight-Toothed_Spruce_Bark_Beetle",5.0791,47.87996
"Eight-Toothed_Spruce_Bark_Beetle",1.4431,42.70205
"Eight-Toothed_Spruce_Bark_Beetle",3.53346,45.6867
"Eight-Toothed_Spruce_Bark_Beetle",4.83098,48.85213
"Eight-Toothed_Spruce_Bark_Beetle",7.07785,48.49732
"Eight-Toothed_Spruce_Bark_Beetle",1.8864,45.61775
"Eight-Toothed_Spruce_Bark_Beetle",1.8864,45.61775
"Eight-Toothed_Spruce_Bark_Beetle",6.33567,48.79555
"Eight-Toothed_Spruce_Bark_Beetle",5.57465,45.79157
"Eight-Toothed_Spruce_Bark_Beetle",7.20783,48.26814
"Eight-Toothed_Spruce_Bark_Beetle",6.26125,46.13563
"Eight-Toothed_Spruce_Bark_Beetle",6.42779,47.28347
"Eight-Toothed_Spruce_Bark_Beetle",3.75241,47.24
"Eight-Toothed_Spruce_Bark_Beetle",2.91507,45.83935
"Eight-Toothed_Spruce_Bark_Beetle",-0.19359,47.85966
"Eight-Toothed_Spruce_Bark_Beetle",7.06228,48.97638
"Eight-Toothed_Spruce_Bark_Beetle",2.63624,44.82492
"Eight-Toothed_Spruce_Bark_Beetle",5.55617,48.74632
"Eight-Toothed_Spruce_Bark_Beetle",2.94293,45.15014
"Eight-Toothed_Spruce_Bark_Beetle",6.93816,47.54321
"Eight-Toothed_Spruce_Bark_Beetle",4.01176,45.28789
"Eight-Toothed_Spruce_Bark_Beetle",0.51686,49.32162
"Eight-Toothed_Spruce_Bark_Beetle",1.39041,45.64926
"Eight-Toothed_Spruce_Bark_Beetle",5.14051,48.68716
"Eight-Toothed_Spruce_Bark_Beetle",6.26913,49.08758
"Eight-Toothed_Spruce_Bark_Beetle",5.08209,47.59418
"Eight-Toothed_Spruce_Bark_Beetle",7.52313,48.96772
"Eight-Toothed_Spruce_Bark_Beetle",4.92962,49.69682
"Eight-Toothed_Spruce_Bark_Beetle",7.13945,47.82233
"Eight-Toothed_Spruce_Bark_Beetle",2.20222,45.32014
"Eight-Toothed_Spruce_Bark_Beetle",5.4048,46.54693
"Eight-Toothed_Spruce_Bark_Beetle",6.73963,47.24226
"Eight-Toothed_Spruce_Bark_Beetle",3.79444,46.06329
"Eight-Toothed_Spruce_Bark_Beetle",4.47849,49.87937
"Eight-Toothed_Spruce_Bark_Beetle",6.83837,47.71246
"Eight-Toothed_Spruce_Bark_Beetle",5.45455,48.85182
"Eight-Toothed_Spruce_Bark_Beetle",1.80103,45.55255
"Eight-Toothed_Spruce_Bark_Beetle",1.47738,46.05567
"Eight-Toothed_Spruce_Bark_Beetle",5.83638,46.95329
"Eight-Toothed_Spruce_Bark_Beetle",2.12694,45.47074
"Eight-Toothed_Spruce_Bark_Beetle",4.87158,47.66249
"Eight-Toothed_Spruce_Bark_Beetle",2.94293,45.15014
"Eight-Toothed_Spruce_Bark_Beetle",6.45604,48.08217
"Eight-Toothed_Spruce_Bark_Beetle",4.99327,49.17582
"Eight-Toothed_Spruce_Bark_Beetle",4.0927,46.91902
"Eight-Toothed_Spruce_Bark_Beetle",2.07699,45.13652
"Eight-Toothed_Spruce_Bark_Beetle",7.05177,48.322
"Eight-Toothed_Spruce_Bark_Beetle",4.13502,45.21989
"Eight-Toothed_Spruce_Bark_Beetle",3.76337,44.99615
"Eight-Toothed_Spruce_Bark_Beetle",4.73485,47.55281
"Eight-Toothed_Spruce_Bark_Beetle",5.84229,49.41177
"Eight-Toothed_Spruce_Bark_Beetle",5.95817,45.46161
"Eight-Toothed_Spruce_Bark_Beetle",4.6665,49.76876
"Eight-Toothed_Spruce_Bark_Beetle",4.80802,49.89933
"Eight-Toothed_Spruce_Bark_Beetle",5.1528,49.69156
"Eight-Toothed_Spruce_Bark_Beetle",5.94669,46.74721
"Eight-Toothed_Spruce_Bark_Beetle",6.66361,47.93287
"Eight-Toothed_Spruce_Bark_Beetle",5.82651,48.39803
"Eight-Toothed_Spruce_Bark_Beetle",4.18648,47.44677
"Eight-Toothed_Spruce_Bark_Beetle",6.88406,48.46741
"Eight-Toothed_Spruce_Bark_Beetle",6.16293,48.41406
"Eight-Toothed_Spruce_Bark_Beetle",5.92737,46.35736
"Eight-Toothed_Spruce_Bark_Beetle",6.25791,47.08029
"Eight-Toothed_Spruce_Bark_Beetle",6.90438,47.25942
"Eight-Toothed_Spruce_Bark_Beetle",4.90402,49.24425
"Eight-Toothed_Spruce_Bark_Beetle",3.50627,48.04106
"Eight-Toothed_Spruce_Bark_Beetle",6.79903,48.76672
"Eight-Toothed_Spruce_Bark_Beetle",5.81423,46.72437
"Eight-Toothed_Spruce_Bark_Beetle",2.94626,44.59187
"Eight-Toothed_Spruce_Bark_Beetle",7.13423,47.91718
"Eight-Toothed_Spruce_Bark_Beetle",6.33896,46.85194
"Eight-Toothed_Spruce_Bark_Beetle",1.69247,42.80636
"Eight-Toothed_Spruce_Bark_Beetle",2.8105,45.8324
"Eight-Toothed_Spruce_Bark_Beetle",6.23798,45.38799
"Eight-Toothed_Spruce_Bark_Beetle",4.11134,48.09914
"Eight-Toothed_Spruce_Bark_Beetle",5.83379,47.27473
"Eight-Toothed_Spruce_Bark_Beetle",6.01533,48.11174
"Eight-Toothed_Spruce_Bark_Beetle",5.30426,44.93547
"Eight-Toothed_Spruce_Bark_Beetle",3.04781,45.39501
"Eight-Toothed_Spruce_Bark_Beetle",4.21527,46.79669
"Eight-Toothed_Spruce_Bark_Beetle",4.10463,47.0214
"Eight-Toothed_Spruce_Bark_Beetle",4.86426,48.62361
"Eight-Toothed_Spruce_Bark_Beetle",1.5186,45.44911
"Eight-Toothed_Spruce_Bark_Beetle",2.47871,45.68489
"Eight-Toothed_Spruce_Bark_Beetle",3.70255,49.07253
"Eight-Toothed_Spruce_Bark_Beetle",5.17516,48.74956
"Eight-Toothed_Spruce_Bark_Beetle",2.94831,46.0778
"Eight-Toothed_Spruce_Bark_Beetle",4.65521,47.34607
"Eight-Toothed_Spruce_Bark_Beetle",2.01171,42.70994
"Eight-Toothed_Spruce_Bark_Beetle",5.79951,49.03279
"Eight-Toothed_Spruce_Bark_Beetle",6.49542,49.35753
"Eight-Toothed_Spruce_Bark_Beetle",5.7225,46.95878
"Eight-Toothed_Spruce_Bark_Beetle",6.92109,49.21313
"Eight-Toothed_Spruce_Bark_Beetle",1.74055,45.71106
"Eight-Toothed_Spruce_Bark_Beetle",6.02835,47.47222
"Eight-Toothed_Spruce_Bark_Beetle",1.26277,42.95128
"Eight-Toothed_Spruce_Bark_Beetle",3.80938,44.63159
"Eight-Toothed_Spruce_Bark_Beetle",7.23538,48.83333
"Eight-Toothed_Spruce_Bark_Beetle",5.50108,49.43989
"Eight-Toothed_Spruce_Bark_Beetle",2.83882,45.65652
"Eight-Toothed_Spruce_Bark_Beetle",5.07546,48.39873
"Eight-Toothed_Spruce_Bark_Beetle",4.61178,49.80921
"Eight-Toothed_Spruce_Bark_Beetle",5.03593,48.77645
"Eight-Toothed_Spruce_Bark_Beetle",5.14242,49.20301
"Eight-Toothed_Spruce_Bark_Beetle",4.45608,48.13703
"Eight-Toothed_Spruce_Bark_Beetle",6.696,48.38466
"Eight-Toothed_Spruce_Bark_Beetle",5.17993,49.68195
"Eight-Toothed_Spruce_Bark_Beetle",2.32364,45.40484
"Eight-Toothed_Spruce_Bark_Beetle",4.28497,47.04791
"Eight-Toothed_Spruce_Bark_Beetle",1.99809,45.30614
"Eight-Toothed_Spruce_Bark_Beetle",2.51166,43.61208
"Eight-Toothed_Spruce_Bark_Beetle",4.38255,47.63987
"Eight-Toothed_Spruce_Bark_Beetle",6.14468,47.49194
"Eight-Toothed_Spruce_Bark_Beetle",7.03991,48.39251
"Eight-Toothed_Spruce_Bark_Beetle",5.80871,46.8803
"Eight-Toothed_Spruce_Bark_Beetle",4.74778,48.44271
"Eight-Toothed_Spruce_Bark_Beetle",3.50401,45.35477
"Eight-Toothed_Spruce_Bark_Beetle",5.43325,49.19414
"Eight-Toothed_Spruce_Bark_Beetle",7.23205,48.81499
"Eight-Toothed_Spruce_Bark_Beetle",5.64348,48.3528
"Eight-Toothed_Spruce_Bark_Beetle",4.31067,46.94596
"Eight-Toothed_Spruce_Bark_Beetle",2.89816,44.8309
"Eight-Toothed_Spruce_Bark_Beetle",2.90879,45.10477
"Eight-Toothed_Spruce_Bark_Beetle",3.82149,47.12248
"Eight-Toothed_Spruce_Bark_Beetle",6.73605,48.30831
"Eight-Toothed_Spruce_Bark_Beetle",3.88245,47.10293
"Eight-Toothed_Spruce_Bark_Beetle",1.61192,49.82984
"Eight-Toothed_Spruce_Bark_Beetle",3.72687,44.75786
"Eight-Toothed_Spruce_Bark_Beetle",3.60445,48.66021
"Eight-Toothed_Spruce_Bark_Beetle",6.08022,48.30691
"Eight-Toothed_Spruce_Bark_Beetle",2.97485,45.51464
"Eight-Toothed_Spruce_Bark_Beetle",6.52017,47.83848
"Eight-Toothed_Spruce_Bark_Beetle",6.19237,47.08799
"Eight-Toothed_Spruce_Bark_Beetle",2.92518,44.2678
"Eight-Toothed_Spruce_Bark_Beetle",5.4866,48.81895
"Eight-Toothed_Spruce_Bark_Beetle",2.56307,45.6575
"Eight-Toothed_Spruce_Bark_Beetle",3.63791,45.46125
"Eight-Toothed_Spruce_Bark_Beetle",1.62112,45.26708
"Eight-Toothed_Spruce_Bark_Beetle",2.00364,45.57571
"Eight-Toothed_Spruce_Bark_Beetle",6.97285,47.48636
"Eight-Toothed_Spruce_Bark_Beetle",4.60413,47.62509
"Eight-Toothed_Spruce_Bark_Beetle",5.08869,49.68043
"Eight-Toothed_Spruce_Bark_Beetle",5.91643,46.94595
"Eight-Toothed_Spruce_Bark_Beetle",2.58257,43.55073
"Eight-Toothed_Spruce_Bark_Beetle",6.03256,47.69268
"Eight-Toothed_Spruce_Bark_Beetle",5.63137,45.16484
"Eight-Toothed_Spruce_Bark_Beetle",2.83132,46.01895
"Eight-Toothed_Spruce_Bark_Beetle",3.44119,48.13683
"Eight-Toothed_Spruce_Bark_Beetle",4.94935,48.62825
"Eight-Toothed_Spruce_Bark_Beetle",6.1137,48.68224
"Eight-Toothed_Spruce_Bark_Beetle",3.58679,44.04156
"Eight-Toothed_Spruce_Bark_Beetle",6.55629,48.03613
"Eight-Toothed_Spruce_Bark_Beetle",5.73881,46.49498
"Eight-Toothed_Spruce_Bark_Beetle",6.43792,47.22359
"Eight-Toothed_Spruce_Bark_Beetle",1.63126,45.79238
"Eight-Toothed_Spruce_Bark_Beetle",4.8842,48.4252
"Eight-Toothed_Spruce_Bark_Beetle",7.06745,48.38863
"Eight-Toothed_Spruce_Bark_Beetle",5.94285,46.76084
"Eight-Toothed_Spruce_Bark_Beetle",5.95712,46.66329
"Eight-Toothed_Spruce_Bark_Beetle",4.32238,45.18396
"Eight-Toothed_Spruce_Bark_Beetle",7.83045,48.842
"Eight-Toothed_Spruce_Bark_Beetle",5.62258,49.05982
"Eight-Toothed_Spruce_Bark_Beetle",1.88651,45.27232
"Eight-Toothed_Spruce_Bark_Beetle",0.22706,49.00343
"Eight-Toothed_Spruce_Bark_Beetle",6.8908,48.54868
"Eight-Toothed_Spruce_Bark_Beetle",6.36897,47.30442
"Eight-Toothed_Spruce_Bark_Beetle",6.53707,47.04731
"Eight-Toothed_Spruce_Bark_Beetle",2.79247,45.46967
"Eight-Toothed_Spruce_Bark_Beetle",5.63789,47.02113
"Eight-Toothed_Spruce_Bark_Beetle",2.36502,45.8507
"Eight-Toothed_Spruce_Bark_Beetle",5.74805,46.60149
"Eight-Toothed_Spruce_Bark_Beetle",5.54893,48.59531
"Eight-Toothed_Spruce_Bark_Beetle",6.58979,47.12796
"Eight-Toothed_Spruce_Bark_Beetle",5.89861,46.94925
"Eight-Toothed_Spruce_Bark_Beetle",5.56735,46.34793
"Eight-Toothed_Spruce_Bark_Beetle",6.46496,46.1387
"Eight-Toothed_Spruce_Bark_Beetle",6.32333,47.33334
"Eight-Toothed_Spruce_Bark_Beetle",5.76981,46.38753
"Eight-Toothed_Spruce_Bark_Beetle",6.01761,48.26883
"Eight-Toothed_Spruce_Bark_Beetle",3.84426,49.55314
"Eight-Toothed_Spruce_Bark_Beetle",2.22183,45.64878
"Eight-Toothed_Spruce_Bark_Beetle",6.38478,47.38025
"Eight-Toothed_Spruce_Bark_Beetle",2.30305,43.38806
"Eight-Toothed_Spruce_Bark_Beetle",6.1038,48.16135
"Eight-Toothed_Spruce_Bark_Beetle",4.7635,47.21149
"Eight-Toothed_Spruce_Bark_Beetle",1.29252,45.32265
"Eight-Toothed_Spruce_Bark_Beetle",2.38587,46.04735
"Eight-Toothed_Spruce_Bark_Beetle",2.06322,45.44528
"Eight-Toothed_Spruce_Bark_Beetle",2.1765,43.47602
"Eight-Toothed_Spruce_Bark_Beetle",6.19585,47.02309
"Eight-Toothed_Spruce_Bark_Beetle",5.57994,47.35225
"Eight-Toothed_Spruce_Bark_Beetle",5.73822,46.43903
"Eight-Toothed_Spruce_Bark_Beetle",5.58226,46.39382
"Eight-Toothed_Spruce_Bark_Beetle",3.49854,48.32965
"Eight-Toothed_Spruce_Bark_Beetle",3.3167,45.1503
"Eight-Toothed_Spruce_Bark_Beetle",5.24908,49.04628
"Eight-Toothed_Spruce_Bark_Beetle",3.60554,44.15823
"Eight-Toothed_Spruce_Bark_Beetle",6.86137,48.20539
"Eight-Toothed_Spruce_Bark_Beetle",4.74198,49.66912
"Eight-Toothed_Spruce_Bark_Beetle",3.13525,48.66412
"Eight-Toothed_Spruce_Bark_Beetle",1.81514,46.15103
"Eight-Toothed_Spruce_Bark_Beetle",1.79649,45.65777
"Eight-Toothed_Spruce_Bark_Beetle",5.20004,48.05625
"Eight-Toothed_Spruce_Bark_Beetle",5.86184,46.50078
"Eight-Toothed_Spruce_Bark_Beetle",5.65689,45.91817
"Eight-Toothed_Spruce_Bark_Beetle",3.62886,45.63008
"Eight-Toothed_Spruce_Bark_Beetle",1.85528,45.77156
"Eight-Toothed_Spruce_Bark_Beetle",5.53391,47.84496
"Eight-Toothed_Spruce_Bark_Beetle",7.3054,48.62085
"Eight-Toothed_Spruce_Bark_Beetle",6.62374,45.84022
"Eight-Toothed_Spruce_Bark_Beetle",6.12389,47.15843
"Eight-Toothed_Spruce_Bark_Beetle",4.93318,47.39397
"Eight-Toothed_Spruce_Bark_Beetle",6.36053,48.61894
"Eight-Toothed_Spruce_Bark_Beetle",6.00648,49.43754
"Eight-Toothed_Spruce_Bark_Beetle",5.72126,46.58039
"Eight-Toothed_Spruce_Bark_Beetle",5.52832,46.44646
"Eight-Toothed_Spruce_Bark_Beetle",-0.14393,42.96723
"Eight-Toothed_Spruce_Bark_Beetle",2.68987,43.5431
"Eight-Toothed_Spruce_Bark_Beetle",5.73845,48.41353
"Eight-Toothed_Spruce_Bark_Beetle",3.21582,47.33208
"Eight-Toothed_Spruce_Bark_Beetle",5.52638,46.58165
"Eight-Toothed_Spruce_Bark_Beetle",2.09396,45.01893
"Eight-Toothed_Spruce_Bark_Beetle",3.49844,48.1191
"Eight-Toothed_Spruce_Bark_Beetle",6.64152,47.88702
"Eight-Toothed_Spruce_Bark_Beetle",2.26578,45.20396
"Eight-Toothed_Spruce_Bark_Beetle",2.03431,45.25287
"Eight-Toothed_Spruce_Bark_Beetle",6.51147,48.49339
"Eight-Toothed_Spruce_Bark_Beetle",1.67598,45.89474
"Eight-Toothed_Spruce_Bark_Beetle",3.25862,49.56631
"Eight-Toothed_Spruce_Bark_Beetle",4.02126,46.95631
"Eight-Toothed_Spruce_Bark_Beetle",0.96879,47.17237
"Eight-Toothed_Spruce_Bark_Beetle",7.18774,48.18345
"Eight-Toothed_Spruce_Bark_Beetle",6.21175,45.48206
"Eight-Toothed_Spruce_Bark_Beetle",6.53906,49.24166
"Eight-Toothed_Spruce_Bark_Beetle",6.22333,47.7298
"Eight-Toothed_Spruce_Bark_Beetle",2.87747,45.07685
"Eight-Toothed_Spruce_Bark_Beetle",5.58585,46.58508
"Eight-Toothed_Spruce_Bark_Beetle",5.94717,49.41832
"Eight-Toothed_Spruce_Bark_Beetle",5.02895,49.71711
"Eight-Toothed_Spruce_Bark_Beetle",2.8199,45.07719
"Eight-Toothed_Spruce_Bark_Beetle",7.1187,48.26127
"Eight-Toothed_Spruce_Bark_Beetle",4.92445,48.98265
"Eight-Toothed_Spruce_Bark_Beetle",3.45038,45.48832
"Eight-Toothed_Spruce_Bark_Beetle",2.72187,45.72102
"Eight-Toothed_Spruce_Bark_Beetle",4.8531,48.92363
"Eight-Toothed_Spruce_Bark_Beetle",3.04204,44.31842
"Eight-Toothed_Spruce_Bark_Beetle",6.2081,48.22613
"Eight-Toothed_Spruce_Bark_Beetle",5.8624,47.78354
"Eight-Toothed_Spruce_Bark_Beetle",6.05733,48.30941
"Eight-Toothed_Spruce_Bark_Beetle",6.75227,48.3927
"Eight-Toothed_Spruce_Bark_Beetle",2.6157,43.76576
"Eight-Toothed_Spruce_Bark_Beetle",6.60408,45.68622
"Eight-Toothed_Spruce_Bark_Beetle",1.80193,45.24547
"Eight-Toothed_Spruce_Bark_Beetle",6.62622,47.34882
"Eight-Toothed_Spruce_Bark_Beetle",2.58257,43.55073
"Eight-Toothed_Spruce_Bark_Beetle",5.77014,46.30174
"Eight-Toothed_Spruce_Bark_Beetle",2.60604,45.59727
"Eight-Toothed_Spruce_Bark_Beetle",3.48886,44.64815
"Eight-Toothed_Spruce_Bark_Beetle",6.81688,46.24886
"Eight-Toothed_Spruce_Bark_Beetle",5.02955,48.757
"Eight-Toothed_Spruce_Bark_Beetle",3.29513,47.81971
"Eight-Toothed_Spruce_Bark_Beetle",6.68872,47.69545
"Eight-Toothed_Spruce_Bark_Beetle",6.03604,46.77013
"Eight-Toothed_Spruce_Bark_Beetle",5.01916,49.60652
"Eight-Toothed_Spruce_Bark_Beetle",7.13615,48.97185
"Eight-Toothed_Spruce_Bark_Beetle",3.27269,45.05284
"Eight-Toothed_Spruce_Bark_Beetle",7.35687,48.88286
"Eight-Toothed_Spruce_Bark_Beetle",4.20654,47.33599
"Eight-Toothed_Spruce_Bark_Beetle",3.23545,47.18349
"Eight-Toothed_Spruce_Bark_Beetle",5.02156,49.29491
"Eight-Toothed_Spruce_Bark_Beetle",6.16103,46.08879
"Eight-Toothed_Spruce_Bark_Beetle",3.08296,45.28455
"Eight-Toothed_Spruce_Bark_Beetle",4.55482,49.88908
"Eight-Toothed_Spruce_Bark_Beetle",4.00345,44.9895
"Eight-Toothed_Spruce_Bark_Beetle",1.93121,45.41212
"Eight-Toothed_Spruce_Bark_Beetle",3.37258,45.56312
"Eight-Toothed_Spruce_Bark_Beetle",6.5903,48.21807
"Eight-Toothed_Spruce_Bark_Beetle",7.438,48.99027
"Eight-Toothed_Spruce_Bark_Beetle",3.07835,47.54832
"Eight-Toothed_Spruce_Bark_Beetle",6.29041,47.90371
"Eight-Toothed_Spruce_Bark_Beetle",5.82358,48.81231
"Eight-Toothed_Spruce_Bark_Beetle",3.95294,47.18922
"Eight-Toothed_Spruce_Bark_Beetle",7.06543,48.42339
"Eight-Toothed_Spruce_Bark_Beetle",3.29513,47.81971
"Eight-Toothed_Spruce_Bark_Beetle",2.83882,45.65652
"Eight-Toothed_Spruce_Bark_Beetle",7.22418,48.88059
"Eight-Toothed_Spruce_Bark_Beetle",6.10462,45.99996
"Eight-Toothed_Spruce_Bark_Beetle",5.69194,46.4791
"Eight-Toothed_Spruce_Bark_Beetle",5.54988,46.28976
"Eight-Toothed_Spruce_Bark_Beetle",6.69406,47.12976
"Eight-Toothed_Spruce_Bark_Beetle",5.4866,48.81895
"Eight-Toothed_Spruce_Bark_Beetle",5.58195,46.55725
"Eight-Toothed_Spruce_Bark_Beetle",6.30393,47.50694
"Eight-Toothed_Spruce_Bark_Beetle",6.2307,47.34573
"Eight-Toothed_Spruce_Bark_Beetle",2.85885,44.98386
"Eight-Toothed_Spruce_Bark_Beetle",5.04375,49.48182
"Eight-Toothed_Spruce_Bark_Beetle",5.16575,48.86853
"Eight-Toothed_Spruce_Bark_Beetle",6.30192,47.00114
"Eight-Toothed_Spruce_Bark_Beetle",6.05843,48.17567
"Eight-Toothed_Spruce_Bark_Beetle",5.51487,49.48465
"Eight-Toothed_Spruce_Bark_Beetle",5.64498,48.7446
"Eight-Toothed_Spruce_Bark_Beetle",3.1956,45.03742
"Eight-Toothed_Spruce_Bark_Beetle",4.74089,48.18338
"Eight-Toothed_Spruce_Bark_Beetle",6.01246,48.1525
"Eight-Toothed_Spruce_Bark_Beetle",6.84391,47.27123
"Eight-Toothed_Spruce_Bark_Beetle",4.08105,44.72462
"Eight-Toothed_Spruce_Bark_Beetle",4.24725,48.1878
"Eight-Toothed_Spruce_Bark_Beetle",2.9398,45.94467
"Eight-Toothed_Spruce_Bark_Beetle",2.25344,43.37495
"Eight-Toothed_Spruce_Bark_Beetle",7.07386,47.97797
"Eight-Toothed_Spruce_Bark_Beetle",4.37633,48.68572
"Eight-Toothed_Spruce_Bark_Beetle",2.68379,45.75916
"Eight-Toothed_Spruce_Bark_Beetle",5.89897,48.14303
"Eight-Toothed_Spruce_Bark_Beetle",4.96289,47.49169
"Eight-Toothed_Spruce_Bark_Beetle",5.4339,46.98675
"Eight-Toothed_Spruce_Bark_Beetle",-2.195,48.19235
"Eight-Toothed_Spruce_Bark_Beetle",3.59942,47.58254
"Eight-Toothed_Spruce_Bark_Beetle",2.89198,44.6495
"Eight-Toothed_Spruce_Bark_Beetle",3.37998,48.29836
"Eight-Toothed_Spruce_Bark_Beetle",3.45203,44.17169
"Eight-Toothed_Spruce_Bark_Beetle",6.81602,47.91396
"Eight-Toothed_Spruce_Bark_Beetle",6.09029,48.7901
"Eight-Toothed_Spruce_Bark_Beetle",6.41884,47.75468
"Eight-Toothed_Spruce_Bark_Beetle",5.73253,46.82159
"Eight-Toothed_Spruce_Bark_Beetle",4.53993,48.04939
"Eight-Toothed_Spruce_Bark_Beetle",7.11294,48.58477
"Eight-Toothed_Spruce_Bark_Beetle",5.39919,48.35214
"Eight-Toothed_Spruce_Bark_Beetle",6.10003,45.30191
"Eight-Toothed_Spruce_Bark_Beetle",4.15273,47.13348
"Eight-Toothed_Spruce_Bark_Beetle",6.80331,48.24182
"Eight-Toothed_Spruce_Bark_Beetle",5.80468,46.29422
"Eight-Toothed_Spruce_Bark_Beetle",4.45731,46.98729
"Eight-Toothed_Spruce_Bark_Beetle",2.40725,45.91366
"Eight-Toothed_Spruce_Bark_Beetle",7.44209,49.10396
"Eight-Toothed_Spruce_Bark_Beetle",5.9151,49.05202
"Eight-Toothed_Spruce_Bark_Beetle",6.59809,48.13711
"Eight-Toothed_Spruce_Bark_Beetle",6.26605,47.87864
"Eight-Toothed_Spruce_Bark_Beetle",5.4124,44.97245
"Eight-Toothed_Spruce_Bark_Beetle",7.12332,48.01652
"Eight-Toothed_Spruce_Bark_Beetle",5.23075,49.654
"Eight-Toothed_Spruce_Bark_Beetle",2.79152,45.34876
"Eight-Toothed_Spruce_Bark_Beetle",2.17707,45.77599
"Eight-Toothed_Spruce_Bark_Beetle",4.35538,45.15982
"Eight-Toothed_Spruce_Bark_Beetle",5.54824,46.5312
"Eight-Toothed_Spruce_Bark_Beetle",6.54036,46.98755
"Eight-Toothed_Spruce_Bark_Beetle",6.10003,45.30191
"Eight-Toothed_Spruce_Bark_Beetle",0.01677,43.44178
"Eight-Toothed_Spruce_Bark_Beetle",6.58189,49.27376
"Eight-Toothed_Spruce_Bark_Beetle",3.49144,47.75422
"Eight-Toothed_Spruce_Bark_Beetle",6.27267,46.96368
"Eight-Toothed_Spruce_Bark_Beetle",4.87192,49.10107
"Eight-Toothed_Spruce_Bark_Beetle",2.76306,43.76116
"Eight-Toothed_Spruce_Bark_Beetle",5.17874,49.53465
"Eight-Toothed_Spruce_Bark_Beetle",7.44048,48.87159
"Eight-Toothed_Spruce_Bark_Beetle",4.82301,47.88139
"Eight-Toothed_Spruce_Bark_Beetle",6.51349,47.1109
"Eight-Toothed_Spruce_Bark_Beetle",1.96891,45.24949
"Eight-Toothed_Spruce_Bark_Beetle",2.78623,44.15951
"Eight-Toothed_Spruce_Bark_Beetle",6.25844,45.45364
"Eight-Toothed_Spruce_Bark_Beetle",1.49577,45.84106
"Eight-Toothed_Spruce_Bark_Beetle",3.26853,45.11477
"Eight-Toothed_Spruce_Bark_Beetle",-0.14008,48.07831
"Eight-Toothed_Spruce_Bark_Beetle",6.20069,47.33513
"Eight-Toothed_Spruce_Bark_Beetle",3.7472,47.48782
"Eight-Toothed_Spruce_Bark_Beetle",3.8783,47.23325
"Eight-Toothed_Spruce_Bark_Beetle",3.92768,47.06266
"Eight-Toothed_Spruce_Bark_Beetle",6.55907,47.10181
"Eight-Toothed_Spruce_Bark_Beetle",3.63125,45.73695
"Eight-Toothed_Spruce_Bark_Beetle",6.29406,46.98102
"Eight-Toothed_Spruce_Bark_Beetle",7.44737,48.85128
"Eight-Toothed_Spruce_Bark_Beetle",2.38598,45.67561
"Eight-Toothed_Spruce_Bark_Beetle",6.25296,47.34416
"Eight-Toothed_Spruce_Bark_Beetle",6.17828,46.97595
"Eight-Toothed_Spruce_Bark_Beetle",6.26363,49.24
"Eight-Toothed_Spruce_Bark_Beetle",6.05247,49.11863
"Eight-Toothed_Spruce_Bark_Beetle",1.95285,42.8934
"Eight-Toothed_Spruce_Bark_Beetle",2.25863,45.37143
"Eight-Toothed_Spruce_Bark_Beetle",5.90611,48.02117
"Eight-Toothed_Spruce_Bark_Beetle",0.30598,43.01065
"Eight-Toothed_Spruce_Bark_Beetle",5.64539,46.70489
"Eight-Toothed_Spruce_Bark_Beetle",4.42231,45.23491
"Eight-Toothed_Spruce_Bark_Beetle",6.32703,47.52383
"Eight-Toothed_Spruce_Bark_Beetle",3.7435,49.58715
"Eight-Toothed_Spruce_Bark_Beetle",6.90639,47.592
"Eight-Toothed_Spruce_Bark_Beetle",6.84345,48.36441
"Eight-Toothed_Spruce_Bark_Beetle",0.92027,42.83596
"Eight-Toothed_Spruce_Bark_Beetle",1.62112,45.26708
"Eight-Toothed_Spruce_Bark_Beetle",4.54673,47.93531
"Eight-Toothed_Spruce_Bark_Beetle",5.8952,47.50258
"Eight-Toothed_Spruce_Bark_Beetle",6.74371,48.6286
"Eight-Toothed_Spruce_Bark_Beetle",3.58679,44.04156
"Eight-Toothed_Spruce_Bark_Beetle",6.74093,48.65587
"Eight-Toothed_Spruce_Bark_Beetle",2.44929,45.56635
"Eight-Toothed_Spruce_Bark_Beetle",3.00713,46.20543
"Eight-Toothed_Spruce_Bark_Beetle",1.77941,45.92272
"Eight-Toothed_Spruce_Bark_Beetle",2.39606,45.48925
"Eight-Toothed_Spruce_Bark_Beetle",6.66822,48.85492
"Eight-Toothed_Spruce_Bark_Beetle",3.1267,45.23377
"Eight-Toothed_Spruce_Bark_Beetle",2.63816,44.23963
"Eight-Toothed_Spruce_Bark_Beetle",3.96427,47.95721
"Eight-Toothed_Spruce_Bark_Beetle",4.40382,49.89111
"Eight-Toothed_Spruce_Bark_Beetle",5.94617,46.91342
"Eight-Toothed_Spruce_Bark_Beetle",5.61214,46.65136
"Eight-Toothed_Spruce_Bark_Beetle",6.15517,47.69419
"Eight-Toothed_Spruce_Bark_Beetle",4.73538,47.36943
"Eight-Toothed_Spruce_Bark_Beetle",5.60519,48.57813
"Eight-Toothed_Spruce_Bark_Beetle",6.07624,47.03101
"Eight-Toothed_Spruce_Bark_Beetle",5.79098,46.6018
"Eight-Toothed_Spruce_Bark_Beetle",6.88359,48.25006
"Eight-Toothed_Spruce_Bark_Beetle",6.32038,46.87859
"Eight-Toothed_Spruce_Bark_Beetle",2.16491,45.46888
"Eight-Toothed_Spruce_Bark_Beetle",1.03533,42.9981
"Eight-Toothed_Spruce_Bark_Beetle",1.82149,45.59834
"Eight-Toothed_Spruce_Bark_Beetle",3.8638,45.79319
"Eight-Toothed_Spruce_Bark_Beetle",5.86516,48.99642
"Eight-Toothed_Spruce_Bark_Beetle",0.18677,49.3508
"Eight-Toothed_Spruce_Bark_Beetle",6.1927,49.31487
"Eight-Toothed_Spruce_Bark_Beetle",3.96462,48.09275
"Eight-Toothed_Spruce_Bark_Beetle",4.02626,47.14256
"Eight-Toothed_Spruce_Bark_Beetle",7.11009,48.35198
"Eight-Toothed_Spruce_Bark_Beetle",5.32252,48.36701
"Eight-Toothed_Spruce_Bark_Beetle",5.9745,47.13839
"Eight-Toothed_Spruce_Bark_Beetle",7.19409,47.44713
"Eight-Toothed_Spruce_Bark_Beetle",3.69017,45.82869
"Eight-Toothed_Spruce_Bark_Beetle",4.8876,47.90248
"Eight-Toothed_Spruce_Bark_Beetle",3.38524,45.03928
"Eight-Toothed_Spruce_Bark_Beetle",4.87121,48.64798
"Eight-Toothed_Spruce_Bark_Beetle",4.78209,47.44141
"Eight-Toothed_Spruce_Bark_Beetle",6.34432,48.10173
"Eight-Toothed_Spruce_Bark_Beetle",5.89913,46.8766
"Eight-Toothed_Spruce_Bark_Beetle",1.53781,42.99197
"Eight-Toothed_Spruce_Bark_Beetle",2.63842,45.49821
"Eight-Toothed_Spruce_Bark_Beetle",4.23152,47.40062
"Eight-Toothed_Spruce_Bark_Beetle",5.69722,46.6995
"Eight-Toothed_Spruce_Bark_Beetle",1.95285,42.8934
"Eight-Toothed_Spruce_Bark_Beetle",4.74094,49.38409
"Eight-Toothed_Spruce_Bark_Beetle",3.67873,45.51543
"Eight-Toothed_Spruce_Bark_Beetle",6.42569,46.23174
"Eight-Toothed_Spruce_Bark_Beetle",4.70359,47.79248
"Eight-Toothed_Spruce_Bark_Beetle",4.8353,49.41955
"Eight-Toothed_Spruce_Bark_Beetle",6.33325,45.48924
"Eight-Toothed_Spruce_Bark_Beetle",4.29829,44.74908
"Eight-Toothed_Spruce_Bark_Beetle",6.75362,47.26603
"Eight-Toothed_Spruce_Bark_Beetle",5.50588,48.36362
"Eight-Toothed_Spruce_Bark_Beetle",4.15291,49.92601
"Eight-Toothed_Spruce_Bark_Beetle",0.22827,48.43688
"Eight-Toothed_Spruce_Bark_Beetle",4.55965,46.23488
"Eight-Toothed_Spruce_Bark_Beetle",5.9745,47.13839
"Eight-Toothed_Spruce_Bark_Beetle",5.16328,48.76428
"Eight-Toothed_Spruce_Bark_Beetle",5.72716,46.82299
"Eight-Toothed_Spruce_Bark_Beetle",6.13871,48.24413
"Eight-Toothed_Spruce_Bark_Beetle",1.7263,46.15229
"Eight-Toothed_Spruce_Bark_Beetle",5.78027,48.415
"Eight-Toothed_Spruce_Bark_Beetle",5.52729,46.51528
"Eight-Toothed_Spruce_Bark_Beetle",4.16874,45.0652
"Eight-Toothed_Spruce_Bark_Beetle",2.57028,45.70063
"Eight-Toothed_Spruce_Bark_Beetle",7.52473,48.48531
"Eight-Toothed_Spruce_Bark_Beetle",4.74728,50.05686
"Eight-Toothed_Spruce_Bark_Beetle",6.27698,46.77939
"Eight-Toothed_Spruce_Bark_Beetle",7.24395,48.97114
"Eight-Toothed_Spruce_Bark_Beetle",1.72312,45.36674
"Eight-Toothed_Spruce_Bark_Beetle",2.22242,45.86425
"Eight-Toothed_Spruce_Bark_Beetle",5.26002,49.07058
"Eight-Toothed_Spruce_Bark_Beetle",1.42655,43.0241
"Eight-Toothed_Spruce_Bark_Beetle",5.2289,48.68171
"Eight-Toothed_Spruce_Bark_Beetle",1.15333,49.22072
"Eight-Toothed_Spruce_Bark_Beetle",5.56882,46.92589
"Eight-Toothed_Spruce_Bark_Beetle",6.51388,48.11351
"Eight-Toothed_Spruce_Bark_Beetle",6.23536,47.48858
"Eight-Toothed_Spruce_Bark_Beetle",0.11394,42.8776
"Eight-Toothed_Spruce_Bark_Beetle",4.1669,47.04542
"Eight-Toothed_Spruce_Bark_Beetle",7.17753,48.90557
"Eight-Toothed_Spruce_Bark_Beetle",5.68755,46.572
"Eight-Toothed_Spruce_Bark_Beetle",4.866,47.82743
"Eight-Toothed_Spruce_Bark_Beetle",6.33341,46.78254
"Eight-Toothed_Spruce_Bark_Beetle",7.18157,48.95727
"Eight-Toothed_Spruce_Bark_Beetle",4.66058,49.97272
"Eight-Toothed_Spruce_Bark_Beetle",4.61454,49.67719
"Eight-Toothed_Spruce_Bark_Beetle",1.37672,42.87577
"Eight-Toothed_Spruce_Bark_Beetle",4.78278,49.35763
"Eight-Toothed_Spruce_Bark_Beetle",6.68126,49.20926
"Eight-Toothed_Spruce_Bark_Beetle",2.1591,45.29761
"Eight-Toothed_Spruce_Bark_Beetle",7.73145,48.52031
"Eight-Toothed_Spruce_Bark_Beetle",5.07596,49.72101
"Eight-Toothed_Spruce_Bark_Beetle",2.99852,44.84853
"Eight-Toothed_Spruce_Bark_Beetle",5.55765,46.4991
"Eight-Toothed_Spruce_Bark_Beetle",6.9231,47.53155
"Eight-Toothed_Spruce_Bark_Beetle",7.29583,48.56804
"Eight-Toothed_Spruce_Bark_Beetle",4.43274,49.88271
"Eight-Toothed_Spruce_Bark_Beetle",5.4516,49.14774
"Eight-Toothed_Spruce_Bark_Beetle",1.61024,42.96532
"Eight-Toothed_Spruce_Bark_Beetle",0.27968,43.07596
"Eight-Toothed_Spruce_Bark_Beetle",5.63395,46.50235
"Eight-Toothed_Spruce_Bark_Beetle",4.94105,48.41308
"Eight-Toothed_Spruce_Bark_Beetle",5.99183,49.058
"Eight-Toothed_Spruce_Bark_Beetle",6.97542,48.12702
"Eight-Toothed_Spruce_Bark_Beetle",6.34794,47.47965
"Eight-Toothed_Spruce_Bark_Beetle",1.4431,42.70205
"Eight-Toothed_Spruce_Bark_Beetle",7.01101,48.9959
"Eight-Toothed_Spruce_Bark_Beetle",6.24927,45.99578
"Eight-Toothed_Spruce_Bark_Beetle",1.53278,45.50252
"Eight-Toothed_Spruce_Bark_Beetle",4.93054,48.49942
"Eight-Toothed_Spruce_Bark_Beetle",2.9796,45.89816
"Eight-Toothed_Spruce_Bark_Beetle",4.19026,49.82532
"Eight-Toothed_Spruce_Bark_Beetle",5.46063,48.09005
"Eight-Toothed_Spruce_Bark_Beetle",4.92481,49.19616
"Eight-Toothed_Spruce_Bark_Beetle",6.01241,48.98828
"Eight-Toothed_Spruce_Bark_Beetle",5.30894,47.95049
"Eight-Toothed_Spruce_Bark_Beetle",5.74061,48.35523
"Eight-Toothed_Spruce_Bark_Beetle",5.292,47.22864
"Eight-Toothed_Spruce_Bark_Beetle",5.87277,48.28698
"Eight-Toothed_Spruce_Bark_Beetle",6.40828,46.2931
"Eight-Toothed_Spruce_Bark_Beetle",0.93622,42.98126
"Eight-Toothed_Spruce_Bark_Beetle",4.75636,49.50881
"Eight-Toothed_Spruce_Bark_Beetle",5.13068,48.82755
"Eight-Toothed_Spruce_Bark_Beetle",5.5832,46.8219
"Eight-Toothed_Spruce_Bark_Beetle",4.8353,49.41955
"Eight-Toothed_Spruce_Bark_Beetle",5.05537,49.45047
"Eight-Toothed_Spruce_Bark_Beetle",7.68535,48.42161
"Eight-Toothed_Spruce_Bark_Beetle",6.53365,48.72494
"Eight-Toothed_Spruce_Bark_Beetle",6.21126,47.18009
"Eight-Toothed_Spruce_Bark_Beetle",5.74342,46.32796
"Eight-Toothed_Spruce_Bark_Beetle",5.76372,46.62936
"Eight-Toothed_Spruce_Bark_Beetle",1.67203,42.89588
"Eight-Toothed_Spruce_Bark_Beetle",6.65314,48.32053
"Eight-Toothed_Spruce_Bark_Beetle",3.55523,44.02643
"Eight-Toothed_Spruce_Bark_Beetle",7.96205,49.01858
"Eight-Toothed_Spruce_Bark_Beetle",3.05523,44.9975
"Eight-Toothed_Spruce_Bark_Beetle",7.15566,48.60178
"Eight-Toothed_Spruce_Bark_Beetle",4.07941,45.03004
"Eight-Toothed_Spruce_Bark_Beetle",7.45977,49.04752
"Eight-Toothed_Spruce_Bark_Beetle",2.74605,45.65118
"Eight-Toothed_Spruce_Bark_Beetle",5.58655,47.3781
"Eight-Toothed_Spruce_Bark_Beetle",5.2996,48.7704
"Eight-Toothed_Spruce_Bark_Beetle",5.41434,47.18877
"Eight-Toothed_Spruce_Bark_Beetle",6.65262,48.02437
"Eight-Toothed_Spruce_Bark_Beetle",4.7503,49.42185
"Eight-Toothed_Spruce_Bark_Beetle",2.21611,47.2721
"Eight-Toothed_Spruce_Bark_Beetle",5.65689,45.91817
"Eight-Toothed_Spruce_Bark_Beetle",6.01361,47.34976
"Eight-Toothed_Spruce_Bark_Beetle",3.48667,47.78832
"Eight-Toothed_Spruce_Bark_Beetle",6.24135,46.7468
"Eight-Toothed_Spruce_Bark_Beetle",6.77521,47.95144
"Eight-Toothed_Spruce_Bark_Beetle",3.94779,45.23315
"Eight-Toothed_Spruce_Bark_Beetle",4.67593,47.84508
"Eight-Toothed_Spruce_Bark_Beetle",1.52963,45.77967
"Eight-Toothed_Spruce_Bark_Beetle",-0.20249,42.98614
"Eight-Toothed_Spruce_Bark_Beetle",1.89418,45.30801
"Eight-Toothed_Spruce_Bark_Beetle",6.00119,48.18482
"Eight-Toothed_Spruce_Bark_Beetle",4.66974,49.85981
"Eight-Toothed_Spruce_Bark_Beetle",6.01929,47.25517
"Eight-Toothed_Spruce_Bark_Beetle",6.24438,47.84814
"Eight-Toothed_Spruce_Bark_Beetle",1.59879,45.48259
"Eight-Toothed_Spruce_Bark_Beetle",5.81825,46.90002
"Eight-Toothed_Spruce_Bark_Beetle",4.13356,48.01637
"Eight-Toothed_Spruce_Bark_Beetle",4.84296,47.70106
"Eight-Toothed_Spruce_Bark_Beetle",5.57632,48.70728
"Eight-Toothed_Spruce_Bark_Beetle",5.66406,46.35582
"Eight-Toothed_Spruce_Bark_Beetle",5.61232,47.1039
"Eight-Toothed_Spruce_Bark_Beetle",4.97974,49.75707
"Eight-Toothed_Spruce_Bark_Beetle",5.21942,48.71328
"Eight-Toothed_Spruce_Bark_Beetle",3.8249,47.94268
"Eight-Toothed_Spruce_Bark_Beetle",2.40221,43.39331
"Eight-Toothed_Spruce_Bark_Beetle",5.40882,48.58213
"Eight-Toothed_Spruce_Bark_Beetle",6.06146,46.65937
"Eight-Toothed_Spruce_Bark_Beetle",2.26358,45.9162
"Eight-Toothed_Spruce_Bark_Beetle",7.37729,48.81445
"Eight-Toothed_Spruce_Bark_Beetle",4.08364,47.70252
"Eight-Toothed_Spruce_Bark_Beetle",6.47717,49.38754
"Eight-Toothed_Spruce_Bark_Beetle",-1.5144,48.20413
"Eight-Toothed_Spruce_Bark_Beetle",4.2585,45.35679
"Eight-Toothed_Spruce_Bark_Beetle",5.16575,48.86853
"Eight-Toothed_Spruce_Bark_Beetle",3.04204,44.31842
"Eight-Toothed_Spruce_Bark_Beetle",6.14785,45.94705
"Eight-Toothed_Spruce_Bark_Beetle",5.0855,48.61718
"Eight-Toothed_Spruce_Bark_Beetle",3.96668,47.00262
"Eight-Toothed_Spruce_Bark_Beetle",5.53203,48.70148
"Eight-Toothed_Spruce_Bark_Beetle",5.49528,46.55496
"Eight-Toothed_Spruce_Bark_Beetle",5.24908,49.04628
"Eight-Toothed_Spruce_Bark_Beetle",7.32714,48.86585
"Eight-Toothed_Spruce_Bark_Beetle",4.82301,47.88139
"Eight-Toothed_Spruce_Bark_Beetle",6.62888,47.07865
"Eight-Toothed_Spruce_Bark_Beetle",5.25702,48.29707
"Eight-Toothed_Spruce_Bark_Beetle",3.82834,45.47675
"Eight-Toothed_Spruce_Bark_Beetle",3.01671,43.72785
"Eight-Toothed_Spruce_Bark_Beetle",7.02445,47.99732
"Eight-Toothed_Spruce_Bark_Beetle",6.79667,48.2736
"Eight-Toothed_Spruce_Bark_Beetle",1.95571,45.67319
"Eight-Toothed_Spruce_Bark_Beetle",6.58914,47.42404
"Eight-Toothed_Spruce_Bark_Beetle",3.79203,45.77506
"Eight-Toothed_Spruce_Bark_Beetle",3.72415,44.94218
"Eight-Toothed_Spruce_Bark_Beetle",4.77385,49.25826
"Eight-Toothed_Spruce_Bark_Beetle",3.4747,44.10444
"Eight-Toothed_Spruce_Bark_Beetle",2.0892,45.64608
"Eight-Toothed_Spruce_Bark_Beetle",4.10463,47.0214
"Eight-Toothed_Spruce_Bark_Beetle",5.75227,44.81477
"Eight-Toothed_Spruce_Bark_Beetle",0.245,48.38727
"Eight-Toothed_Spruce_Bark_Beetle",4.36288,48.1416
"Eight-Toothed_Spruce_Bark_Beetle",1.90137,45.83796
"Eight-Toothed_Spruce_Bark_Beetle",4.21493,47.12131
"Eight-Toothed_Spruce_Bark_Beetle",6.0723,47.21946
"Eight-Toothed_Spruce_Bark_Beetle",6.02917,48.16741
"Eight-Toothed_Spruce_Bark_Beetle",2.2291,43.48276
"Eight-Toothed_Spruce_Bark_Beetle",5.52305,45.81051
"Eight-Toothed_Spruce_Bark_Beetle",7.71726,48.72045
"Eight-Toothed_Spruce_Bark_Beetle",7.60937,48.84113
"Eight-Toothed_Spruce_Bark_Beetle",6.03215,46.83031
"Eight-Toothed_Spruce_Bark_Beetle",4.50008,47.62228
"Eight-Toothed_Spruce_Bark_Beetle",6.05146,46.78998
"Eight-Toothed_Spruce_Bark_Beetle",6.95942,48.76222
"Eight-Toothed_Spruce_Bark_Beetle",6.74216,48.11874
"Eight-Toothed_Spruce_Bark_Beetle",5.62501,46.66364
"Eight-Toothed_Spruce_Bark_Beetle",2.87747,45.07685
"Eight-Toothed_Spruce_Bark_Beetle",1.97028,45.45521
"Eight-Toothed_Spruce_Bark_Beetle",5.98262,46.88945
"Eight-Toothed_Spruce_Bark_Beetle",1.79649,45.65777
"Eight-Toothed_Spruce_Bark_Beetle",2.33042,44.39402
"Eight-Toothed_Spruce_Bark_Beetle",3.39058,44.99678
"Eight-Toothed_Spruce_Bark_Beetle",6.70216,47.8213
"Eight-Toothed_Spruce_Bark_Beetle",5.80069,48.51932
"Eight-Toothed_Spruce_Bark_Beetle",4.42182,46.046
"Eight-Toothed_Spruce_Bark_Beetle",5.54762,46.3081
"Eight-Toothed_Spruce_Bark_Beetle",4.07975,45.13097
"Eight-Toothed_Spruce_Bark_Beetle",7.92438,48.89326
"Eight-Toothed_Spruce_Bark_Beetle",7.25897,47.99598
"Eight-Toothed_Spruce_Bark_Beetle",-0.07698,43.1076
"Eight-Toothed_Spruce_Bark_Beetle",5.4124,44.97245
"Eight-Toothed_Spruce_Bark_Beetle",4.00345,47.35789
"Eight-Toothed_Spruce_Bark_Beetle",3.26263,45.08946
"Eight-Toothed_Spruce_Bark_Beetle",5.91207,46.77345
"Eight-Toothed_Spruce_Bark_Beetle",3.22417,45.00464
"Eight-Toothed_Spruce_Bark_Beetle",7.01609,48.34328
"Eight-Toothed_Spruce_Bark_Beetle",7.19853,48.49217
"Eight-Toothed_Spruce_Bark_Beetle",6.93795,48.2968
"Eight-Toothed_Spruce_Bark_Beetle",1.89972,45.54715
"Eight-Toothed_Spruce_Bark_Beetle",6.30079,48.32399
"Eight-Toothed_Spruce_Bark_Beetle",2.16333,46.06614
"Eight-Toothed_Spruce_Bark_Beetle",2.21892,45.56401
"Eight-Toothed_Spruce_Bark_Beetle",5.76551,49.40919
"Eight-Toothed_Spruce_Bark_Beetle",5.80888,48.65394
"Eight-Toothed_Spruce_Bark_Beetle",2.49431,44.69571
"Eight-Toothed_Spruce_Bark_Beetle",0.1329,42.97485
"Eight-Toothed_Spruce_Bark_Beetle",6.27064,46.06118
"Eight-Toothed_Spruce_Bark_Beetle",1.74377,45.88486
"Eight-Toothed_Spruce_Bark_Beetle",6.34443,46.2935
"Eight-Toothed_Spruce_Bark_Beetle",2.26577,45.14726
"Eight-Toothed_Spruce_Bark_Beetle",5.50588,48.36362
"Eight-Toothed_Spruce_Bark_Beetle",6.11213,46.95966
"Eight-Toothed_Spruce_Bark_Beetle",2.20658,45.43389
"Eight-Toothed_Spruce_Bark_Beetle",4.84614,49.20855
"Eight-Toothed_Spruce_Bark_Beetle",4.19616,44.94607
"Eight-Toothed_Spruce_Bark_Beetle",4.84296,47.70106
"Eight-Toothed_Spruce_Bark_Beetle",2.07699,45.13652
"Eight-Toothed_Spruce_Bark_Beetle",6.48884,47.26067
"Eight-Toothed_Spruce_Bark_Beetle",7.04251,47.70579
"Eight-Toothed_Spruce_Bark_Beetle",6.68975,47.0706
"Eight-Toothed_Spruce_Bark_Beetle",6.33661,49.02529
"Eight-Toothed_Spruce_Bark_Beetle",5.3738,48.26614
"Eight-Toothed_Spruce_Bark_Beetle",2.69364,43.77211
"Eight-Toothed_Spruce_Bark_Beetle",3.93419,48.01413
"Eight-Toothed_Spruce_Bark_Beetle",6.01374,49.31752
"Eight-Toothed_Spruce_Bark_Beetle",1.58177,45.30032
"Eight-Toothed_Spruce_Bark_Beetle",2.17137,45.373
"Eight-Toothed_Spruce_Bark_Beetle",0.48902,48.85233
"Eight-Toothed_Spruce_Bark_Beetle",2.07622,45.49123
"Eight-Toothed_Spruce_Bark_Beetle",6.94474,48.58611
"Eight-Toothed_Spruce_Bark_Beetle",6.23888,46.72539
"Eight-Toothed_Spruce_Bark_Beetle",5.52959,49.34639
"Eight-Toothed_Spruce_Bark_Beetle",2.74707,45.84451
"Eight-Toothed_Spruce_Bark_Beetle",6.63114,48.34611
"Eight-Toothed_Spruce_Bark_Beetle",3.18913,48.61335
"Eight-Toothed_Spruce_Bark_Beetle",5.44303,49.04179
"Eight-Toothed_Spruce_Bark_Beetle",1.73038,42.89155
"Eight-Toothed_Spruce_Bark_Beetle",3.6517,45.87251
"Eight-Toothed_Spruce_Bark_Beetle",7.44619,48.94776
"Eight-Toothed_Spruce_Bark_Beetle",6.15153,47.10138
"Eight-Toothed_Spruce_Bark_Beetle",2.30149,45.61338
"Eight-Toothed_Spruce_Bark_Beetle",6.87533,48.13245
"Eight-Toothed_Spruce_Bark_Beetle",0.02721,48.50704
"Eight-Toothed_Spruce_Bark_Beetle",5.82813,44.92806
"Eight-Toothed_Spruce_Bark_Beetle",2.43851,43.4117
"Eight-Toothed_Spruce_Bark_Beetle",6.66294,47.96958
"Eight-Toothed_Spruce_Bark_Beetle",7.18845,48.62027
"Eight-Toothed_Spruce_Bark_Beetle",7.06496,48.48145
"Eight-Toothed_Spruce_Bark_Beetle",6.86953,45.27694
"Eight-Toothed_Spruce_Bark_Beetle",3.7628,45.99376
"Eight-Toothed_Spruce_Bark_Beetle",5.83513,48.14797
"Eight-Toothed_Spruce_Bark_Beetle",2.74977,45.57963
"Eight-Toothed_Spruce_Bark_Beetle",7.09711,47.92579
"Eight-Toothed_Spruce_Bark_Beetle",6.38923,46.912
"Eight-Toothed_Spruce_Bark_Beetle",2.81551,44.88496
"Eight-Toothed_Spruce_Bark_Beetle",5.47535,45.88405
"Eight-Toothed_Spruce_Bark_Beetle",6.7791,47.7504
"Eight-Toothed_Spruce_Bark_Beetle",4.25732,48.16602
"Eight-Toothed_Spruce_Bark_Beetle",3.12193,47.87238
"Eight-Toothed_Spruce_Bark_Beetle",6.34377,47.03699
"Eight-Toothed_Spruce_Bark_Beetle",6.84345,48.36441
"Eight-Toothed_Spruce_Bark_Beetle",6.65022,47.43179
"Eight-Toothed_Spruce_Bark_Beetle",-0.56022,48.25187
"Eight-Toothed_Spruce_Bark_Beetle",1.38583,42.83586
"Eight-Toothed_Spruce_Bark_Beetle",6.97285,47.48636
"Eight-Toothed_Spruce_Bark_Beetle",3.81042,44.92209
"Eight-Toothed_Spruce_Bark_Beetle",3.7651,44.37103
"Eight-Toothed_Spruce_Bark_Beetle",6.56761,47.95017
"Eight-Toothed_Spruce_Bark_Beetle",5.51142,46.45798
"Eight-Toothed_Spruce_Bark_Beetle",0.84843,48.84332
"Eight-Toothed_Spruce_Bark_Beetle",4.73376,47.13028
"Eight-Toothed_Spruce_Bark_Beetle",6.71217,49.12828
"Eight-Toothed_Spruce_Bark_Beetle",3.99859,46.7966
"Eight-Toothed_Spruce_Bark_Beetle",6.64898,47.14371
"Eight-Toothed_Spruce_Bark_Beetle",3.24022,47.88728
"Eight-Toothed_Spruce_Bark_Beetle",5.93891,46.93403
"Eight-Toothed_Spruce_Bark_Beetle",-0.52523,48.60533
"Eight-Toothed_Spruce_Bark_Beetle",5.84579,48.36701
"Eight-Toothed_Spruce_Bark_Beetle",5.59518,46.17937
"Eight-Toothed_Spruce_Bark_Beetle",3.02677,44.76708
"Eight-Toothed_Spruce_Bark_Beetle",1.90905,45.51127
"Eight-Toothed_Spruce_Bark_Beetle",6.42451,48.76873
"Eight-Toothed_Spruce_Bark_Beetle",3.88814,45.30377
"Eight-Toothed_Spruce_Bark_Beetle",4.74051,47.25235
"Eight-Toothed_Spruce_Bark_Beetle",2.97952,44.7056
"Eight-Toothed_Spruce_Bark_Beetle",2.23502,45.0204
"Eight-Toothed_Spruce_Bark_Beetle",3.14104,48.05705
"Eight-Toothed_Spruce_Bark_Beetle",7.21703,48.51239
"Eight-Toothed_Spruce_Bark_Beetle",6.74139,47.89581
"Eight-Toothed_Spruce_Bark_Beetle",6.17049,48.03389
"Eight-Toothed_Spruce_Bark_Beetle",2.50886,43.7429
"Eight-Toothed_Spruce_Bark_Beetle",3.82532,47.28914
"Eight-Toothed_Spruce_Bark_Beetle",7.02343,48.49545
"Eight-Toothed_Spruce_Bark_Beetle",5.2996,48.7704
"Eight-Toothed_Spruce_Bark_Beetle",5.79074,48.34769
"Eight-Toothed_Spruce_Bark_Beetle",6.73731,48.76123
"Eight-Toothed_Spruce_Bark_Beetle",4.75429,47.3316
"Eight-Toothed_Spruce_Bark_Beetle",5.92839,46.68756
"Eight-Toothed_Spruce_Bark_Beetle",5.39713,49.4732
"Eight-Toothed_Spruce_Bark_Beetle",4.79201,49.60358
"Eight-Toothed_Spruce_Bark_Beetle",6.23798,45.38799
"Eight-Toothed_Spruce_Bark_Beetle",7.25165,47.5888
"Eight-Toothed_Spruce_Bark_Beetle",1.28146,45.73695
"Eight-Toothed_Spruce_Bark_Beetle",5.91994,46.89297
"Eight-Toothed_Spruce_Bark_Beetle",5.17948,47.51913
"Eight-Toothed_Spruce_Bark_Beetle",6.93967,47.26706
"Eight-Toothed_Spruce_Bark_Beetle",6.86956,48.44706
"Eight-Toothed_Spruce_Bark_Beetle",6.77403,47.78656
"Eight-Toothed_Spruce_Bark_Beetle",6.21069,46.84067
"Eight-Toothed_Spruce_Bark_Beetle",1.74055,45.71106
"Eight-Toothed_Spruce_Bark_Beetle",1.81761,46.07846
"Eight-Toothed_Spruce_Bark_Beetle",5.07421,48.15202
"Eight-Toothed_Spruce_Bark_Beetle",2.63842,45.49821
"Eight-Toothed_Spruce_Bark_Beetle",6.06834,47.36487
"Eight-Toothed_Spruce_Bark_Beetle",5.57446,48.31926
"Eight-Toothed_Spruce_Bark_Beetle",6.35978,46.93154
"Eight-Toothed_Spruce_Bark_Beetle",6.88007,47.80769
"Eight-Toothed_Spruce_Bark_Beetle",2.90712,45.49689
"Eight-Toothed_Spruce_Bark_Beetle",6.58377,47.83194
"Eight-Toothed_Spruce_Bark_Beetle",6.66154,48.26406
"Eight-Toothed_Spruce_Bark_Beetle",4.86911,49.40383
"Eight-Toothed_Spruce_Bark_Beetle",3.62347,45.11593
"Eight-Toothed_Spruce_Bark_Beetle",5.17656,49.00505
"Eight-Toothed_Spruce_Bark_Beetle",1.62297,45.31271
"Eight-Toothed_Spruce_Bark_Beetle",6.39101,46.78588
"Eight-Toothed_Spruce_Bark_Beetle",6.85578,48.32956
"Eight-Toothed_Spruce_Bark_Beetle",2.32572,45.8815
"Eight-Toothed_Spruce_Bark_Beetle",3.69852,45.87145
"Eight-Toothed_Spruce_Bark_Beetle",4.62173,47.99376
"Eight-Toothed_Spruce_Bark_Beetle",6.30396,46.72656
"Eight-Toothed_Spruce_Bark_Beetle",5.55865,47.41174
"Eight-Toothed_Spruce_Bark_Beetle",4.69177,49.50034
"Eight-Toothed_Spruce_Bark_Beetle",5.628,48.39803
"Eight-Toothed_Spruce_Bark_Beetle",7.85051,49.01595
"Eight-Toothed_Spruce_Bark_Beetle",5.96727,48.27452
"Eight-Toothed_Spruce_Bark_Beetle",4.94521,49.48882
"Eight-Toothed_Spruce_Bark_Beetle",2.41077,46.75866
"Eight-Toothed_Spruce_Bark_Beetle",6.72392,48.01853
"Eight-Toothed_Spruce_Bark_Beetle",4.70125,47.60887
"Eight-Toothed_Spruce_Bark_Beetle",5.4866,48.81895
"Eight-Toothed_Spruce_Bark_Beetle",0.0078,48.67233
"Eight-Toothed_Spruce_Bark_Beetle",1.67203,42.89588
"Eight-Toothed_Spruce_Bark_Beetle",5.69599,46.62832
"Eight-Toothed_Spruce_Bark_Beetle",4.31992,47.89086
"Eight-Toothed_Spruce_Bark_Beetle",0.26696,48.50631
"Eight-Toothed_Spruce_Bark_Beetle",2.72923,45.27361
"Eight-Toothed_Spruce_Bark_Beetle",5.48992,48.76094
"Eight-Toothed_Spruce_Bark_Beetle",1.27744,43.06959
"Eight-Toothed_Spruce_Bark_Beetle",2.98433,45.66661
"Eight-Toothed_Spruce_Bark_Beetle",6.14875,47.30524
"Eight-Toothed_Spruce_Bark_Beetle",4.68041,47.98893
"Eight-Toothed_Spruce_Bark_Beetle",1.11902,49.81829
"Eight-Toothed_Spruce_Bark_Beetle",6.77719,47.20035
"Eight-Toothed_Spruce_Bark_Beetle",3.6894,49.22455
"Eight-Toothed_Spruce_Bark_Beetle",6.73009,48.24249
"Eight-Toothed_Spruce_Bark_Beetle",2.73217,45.12559
"Eight-Toothed_Spruce_Bark_Beetle",5.55521,46.79472
"Eight-Toothed_Spruce_Bark_Beetle",6.49134,49.04726
"Eight-Toothed_Spruce_Bark_Beetle",6.63835,49.22526
"Eight-Toothed_Spruce_Bark_Beetle",2.31737,45.4935
"Eight-Toothed_Spruce_Bark_Beetle",3.71695,47.90812
"Eight-Toothed_Spruce_Bark_Beetle",4.55965,46.23488
"Eight-Toothed_Spruce_Bark_Beetle",6.39343,46.86839
"Eight-Toothed_Spruce_Bark_Beetle",3.4747,44.10444
"Eight-Toothed_Spruce_Bark_Beetle",5.92865,46.96797
"Eight-Toothed_Spruce_Bark_Beetle",6.23536,47.48858
"Eight-Toothed_Spruce_Bark_Beetle",6.73581,47.35095
"Eight-Toothed_Spruce_Bark_Beetle",3.01213,45.3305
"Eight-Toothed_Spruce_Bark_Beetle",5.92879,47.65203
"Eight-Toothed_Spruce_Bark_Beetle",2.6407,45.84081
"Eight-Toothed_Spruce_Bark_Beetle",2.94293,45.15014
"Eight-Toothed_Spruce_Bark_Beetle",6.60335,47.50028
"Eight-Toothed_Spruce_Bark_Beetle",3.48065,43.99061
"Eight-Toothed_Spruce_Bark_Beetle",1.77728,42.59549
"Eight-Toothed_Spruce_Bark_Beetle",4.55233,47.20532
"Eight-Toothed_Spruce_Bark_Beetle",6.32848,48.33046
"Eight-Toothed_Spruce_Bark_Beetle",3.44119,48.13683
"Eight-Toothed_Spruce_Bark_Beetle",4.41495,49.92599
"Eight-Toothed_Spruce_Bark_Beetle",5.57034,46.46947
"Eight-Toothed_Spruce_Bark_Beetle",6.23839,46.89896
"Eight-Toothed_Spruce_Bark_Beetle",2.72142,44.39563
"Eight-Toothed_Spruce_Bark_Beetle",6.92462,44.24904
"Eight-Toothed_Spruce_Bark_Beetle",5.58378,45.93958
"Eight-Toothed_Spruce_Bark_Beetle",6.35644,45.39501
"Eight-Toothed_Spruce_Bark_Beetle",4.83191,49.26594
"Eight-Toothed_Spruce_Bark_Beetle",6.44589,46.08724
"Eight-Toothed_Spruce_Bark_Beetle",4.20728,48.04578
"Eight-Toothed_Spruce_Bark_Beetle",3.60802,45.57826
"Eight-Toothed_Spruce_Bark_Beetle",5.98152,46.8542
"Eight-Toothed_Spruce_Bark_Beetle",6.2889,46.82768
"Eight-Toothed_Spruce_Bark_Beetle",6.51388,48.11351
"Eight-Toothed_Spruce_Bark_Beetle",5.79531,48.14625
"Eight-Toothed_Spruce_Bark_Beetle",2.9796,45.89816
"Eight-Toothed_Spruce_Bark_Beetle",3.14642,45.21025
"Eight-Toothed_Spruce_Bark_Beetle",5.58293,49.06418
"Eight-Toothed_Spruce_Bark_Beetle",5.84123,48.20997
"Eight-Toothed_Spruce_Bark_Beetle",4.28504,45.30979
"Eight-Toothed_Spruce_Bark_Beetle",5.77819,46.35752
"Eight-Toothed_Spruce_Bark_Beetle",5.7962,46.78617
"Eight-Toothed_Spruce_Bark_Beetle",0.6465,45.67179
"Eight-Toothed_Spruce_Bark_Beetle",3.85288,45.33179
"Eight-Toothed_Spruce_Bark_Beetle",6.36678,45.53128
"Eight-Toothed_Spruce_Bark_Beetle",7.40033,48.87999
"Eight-Toothed_Spruce_Bark_Beetle",1.50436,42.88341
"Eight-Toothed_Spruce_Bark_Beetle",-0.26049,42.91025
"Eight-Toothed_Spruce_Bark_Beetle",6.37264,49.39105
"Eight-Toothed_Spruce_Bark_Beetle",1.84974,46.25373
"Eight-Toothed_Spruce_Bark_Beetle",4.83348,47.20007
"Eight-Toothed_Spruce_Bark_Beetle",5.58144,48.8915
"Eight-Toothed_Spruce_Bark_Beetle",1.97028,45.45521
"Eight-Toothed_Spruce_Bark_Beetle",5.10883,48.71549
"Eight-Toothed_Spruce_Bark_Beetle",4.74774,49.89967
"Eight-Toothed_Spruce_Bark_Beetle",2.70743,45.54418
"Eight-Toothed_Spruce_Bark_Beetle",4.30113,47.65155
"Eight-Toothed_Spruce_Bark_Beetle",2.77091,43.65524
"Eight-Toothed_Spruce_Bark_Beetle",6.67663,48.78953
"Eight-Toothed_Spruce_Bark_Beetle",2.81003,45.57568
"Eight-Toothed_Spruce_Bark_Beetle",0.49611,42.74191
"Eight-Toothed_Spruce_Bark_Beetle",7.07755,48.34127
"Eight-Toothed_Spruce_Bark_Beetle",2.70967,49.57455
"Eight-Toothed_Spruce_Bark_Beetle",2.38593,45.46512
"Eight-Toothed_Spruce_Bark_Beetle",6.16382,46.88689
"Eight-Toothed_Spruce_Bark_Beetle",7.56604,49.00311
"Eight-Toothed_Spruce_Bark_Beetle",5.21502,47.72801
"Eight-Toothed_Spruce_Bark_Beetle",2.41236,45.85796
"Eight-Toothed_Spruce_Bark_Beetle",4.81833,47.8137
"Eight-Toothed_Spruce_Bark_Beetle",2.03663,45.42148
"Eight-Toothed_Spruce_Bark_Beetle",6.68975,47.0706
"Eight-Toothed_Spruce_Bark_Beetle",4.64764,47.52907
"Eight-Toothed_Spruce_Bark_Beetle",2.0559,42.68797
"Eight-Toothed_Spruce_Bark_Beetle",2.87202,45.27296
"Eight-Toothed_Spruce_Bark_Beetle",2.39224,45.61336
"Eight-Toothed_Spruce_Bark_Beetle",5.63132,46.78793
"Eight-Toothed_Spruce_Bark_Beetle",6.24927,45.99578
"Eight-Toothed_Spruce_Bark_Beetle",5.58378,45.93958
"Eight-Toothed_Spruce_Bark_Beetle",2.10886,43.46316
"Eight-Toothed_Spruce_Bark_Beetle",3.71093,45.14683
"Eight-Toothed_Spruce_Bark_Beetle",3.82085,45.13494
"Eight-Toothed_Spruce_Bark_Beetle",3.96264,45.34775
"Eight-Toothed_Spruce_Bark_Beetle",6.23607,45.31472
"Eight-Toothed_Spruce_Bark_Beetle",6.1775,47.7445
"Eight-Toothed_Spruce_Bark_Beetle",6.43433,49.40364
"Eight-Toothed_Spruce_Bark_Beetle",4.21493,47.12131
"Eight-Toothed_Spruce_Bark_Beetle",6.0711,47.08201
"Eight-Toothed_Spruce_Bark_Beetle",2.45212,44.69521
"Eight-Toothed_Spruce_Bark_Beetle",6.33349,46.95361
"Eight-Toothed_Spruce_Bark_Beetle",1.63394,45.87129
"Eight-Toothed_Spruce_Bark_Beetle",4.77611,47.83037
"Eight-Toothed_Spruce_Bark_Beetle",5.23439,49.28229
"Eight-Toothed_Spruce_Bark_Beetle",6.35379,46.76478
"Eight-Toothed_Spruce_Bark_Beetle",6.80116,48.56095
"Eight-Toothed_Spruce_Bark_Beetle",4.34153,47.49099
"Eight-Toothed_Spruce_Bark_Beetle",6.27527,47.31994
"Eight-Toothed_Spruce_Bark_Beetle",5.62276,46.506
"Eight-Toothed_Spruce_Bark_Beetle",6.63305,47.79613
"Eight-Toothed_Spruce_Bark_Beetle",4.72632,47.84188
"Eight-Toothed_Spruce_Bark_Beetle",6.71341,48.68728
"Eight-Toothed_Spruce_Bark_Beetle",5.17524,48.79839
"Eight-Toothed_Spruce_Bark_Beetle",6.18623,45.47212
"Eight-Toothed_Spruce_Bark_Beetle",1.51911,45.37858
"Eight-Toothed_Spruce_Bark_Beetle",3.47827,45.55725
"Eight-Toothed_Spruce_Bark_Beetle",1.93015,45.58984
"Eight-Toothed_Spruce_Bark_Beetle",5.6202,48.26685
"Eight-Toothed_Spruce_Bark_Beetle",1.09878,42.9435
"Eight-Toothed_Spruce_Bark_Beetle",7.0194,47.99507
"Eight-Toothed_Spruce_Bark_Beetle",6.43433,49.40364
"Eight-Toothed_Spruce_Bark_Beetle",5.5856,46.43166
"Eight-Toothed_Spruce_Bark_Beetle",0.37969,48.8017
"Eight-Toothed_Spruce_Bark_Beetle",4.79998,49.38604
"Eight-Toothed_Spruce_Bark_Beetle",3.69951,48.21422
"Eight-Toothed_Spruce_Bark_Beetle",1.69681,42.91674
"Eight-Toothed_Spruce_Bark_Beetle",5.45455,48.85182
"Eight-Toothed_Spruce_Bark_Beetle",6.33004,45.58268
"Eight-Toothed_Spruce_Bark_Beetle",2.47343,43.53138
"Eight-Toothed_Spruce_Bark_Beetle",6.87419,47.50617
"Eight-Toothed_Spruce_Bark_Beetle",6.49813,44.37127
"Eight-Toothed_Spruce_Bark_Beetle",3.71425,45.22894
"Eight-Toothed_Spruce_Bark_Beetle",7.29507,48.53868
"Eight-Toothed_Spruce_Bark_Beetle",3.69104,45.6174
"Eight-Toothed_Spruce_Bark_Beetle",3.72159,45.48033
"Eight-Toothed_Spruce_Bark_Beetle",7.12781,48.28906
"Eight-Toothed_Spruce_Bark_Beetle",3.64671,45.21763
"Eight-Toothed_Spruce_Bark_Beetle",6.26951,47.42952
"Eight-Toothed_Spruce_Bark_Beetle",2.10115,45.37958
"Eight-Toothed_Spruce_Bark_Beetle",2.78623,44.15951
"Eight-Toothed_Spruce_Bark_Beetle",6.59534,49.28415
"Eight-Toothed_Spruce_Bark_Beetle",4.06032,47.37306
"Eight-Toothed_Spruce_Bark_Beetle",7.20598,48.84137
"Eight-Toothed_Spruce_Bark_Beetle",5.06648,48.49206
"Eight-Toothed_Spruce_Bark_Beetle",4.26093,47.08419
"Eight-Toothed_Spruce_Bark_Beetle",6.20529,49.03756
"Eight-Toothed_Spruce_Bark_Beetle",5.05582,48.97398
"Eight-Toothed_Spruce_Bark_Beetle",2.31737,45.4935
"Eight-Toothed_Spruce_Bark_Beetle",5.00162,49.70514
"Eight-Toothed_Spruce_Bark_Beetle",6.37901,46.96553
"Eight-Toothed_Spruce_Bark_Beetle",6.43933,48.10738
"Eight-Toothed_Spruce_Bark_Beetle",6.26571,47.73006
"Eight-Toothed_Spruce_Bark_Beetle",1.40009,45.45425
"Eight-Toothed_Spruce_Bark_Beetle",1.89862,42.87267
"Eight-Toothed_Spruce_Bark_Beetle",7.20539,48.89109
"Eight-Toothed_Spruce_Bark_Beetle",1.89714,45.95533
"Eight-Toothed_Spruce_Bark_Beetle",7.05064,47.53743
"Eight-Toothed_Spruce_Bark_Beetle",6.9192,47.28042
"Eight-Toothed_Spruce_Bark_Beetle",5.02895,49.71711
"Eight-Toothed_Spruce_Bark_Beetle",2.42327,45.67702
"Eight-Toothed_Spruce_Bark_Beetle",5.99677,49.35775
"Eight-Toothed_Spruce_Bark_Beetle",2.0854,45.53252
"Eight-Toothed_Spruce_Bark_Beetle",6.06742,49.41726
"Eight-Toothed_Spruce_Bark_Beetle",6.33038,46.74515
"Eight-Toothed_Spruce_Bark_Beetle",4.04144,44.61696
"Eight-Toothed_Spruce_Bark_Beetle",2.14045,45.55436
"Eight-Toothed_Spruce_Bark_Beetle",5.69075,46.2836
"Eight-Toothed_Spruce_Bark_Beetle",6.33218,47.16328
"Eight-Toothed_Spruce_Bark_Beetle",5.99494,48.94293
"Eight-Toothed_Spruce_Bark_Beetle",-0.39785,48.66111
"Eight-Toothed_Spruce_Bark_Beetle",7.63969,48.96379
"Eight-Toothed_Spruce_Bark_Beetle",6.46433,48.01042
"Eight-Toothed_Spruce_Bark_Beetle",5.76364,47.87922
"Eight-Toothed_Spruce_Bark_Beetle",4.30581,46.15136
"Eight-Toothed_Spruce_Bark_Beetle",1.89862,42.87267
"Eight-Toothed_Spruce_Bark_Beetle",3.94081,47.05603
"Eight-Toothed_Spruce_Bark_Beetle",2.40725,45.91366
"Eight-Toothed_Spruce_Bark_Beetle",7.26948,48.4852
"Eight-Toothed_Spruce_Bark_Beetle",3.58866,48.69781
"Eight-Toothed_Spruce_Bark_Beetle",6.87762,48.73009
"Eight-Toothed_Spruce_Bark_Beetle",4.80385,49.78653
"Eight-Toothed_Spruce_Bark_Beetle",6.87666,48.52082
"Eight-Toothed_Spruce_Bark_Beetle",5.82702,48.59697
"Eight-Toothed_Spruce_Bark_Beetle",5.97342,48.30259
"Eight-Toothed_Spruce_Bark_Beetle",2.20802,46.12489
"Eight-Toothed_Spruce_Bark_Beetle",4.13121,45.13938
"Eight-Toothed_Spruce_Bark_Beetle",5.58527,48.80803
"Eight-Toothed_Spruce_Bark_Beetle",7.00261,48.21412
"Eight-Toothed_Spruce_Bark_Beetle",6.46996,47.36376
"Eight-Toothed_Spruce_Bark_Beetle",3.74397,47.77701
"Eight-Toothed_Spruce_Bark_Beetle",5.45189,48.96557
"Eight-Toothed_Spruce_Bark_Beetle",3.57354,44.19345
"Eight-Toothed_Spruce_Bark_Beetle",3.5186,45.60692
"Eight-Toothed_Spruce_Bark_Beetle",3.53409,48.17205
"Eight-Toothed_Spruce_Bark_Beetle",4.92264,49.54938
"Eight-Toothed_Spruce_Bark_Beetle",1.51544,46.02443
"Eight-Toothed_Spruce_Bark_Beetle",1.74055,45.71106
"Eight-Toothed_Spruce_Bark_Beetle",6.62198,47.90956
"Eight-Toothed_Spruce_Bark_Beetle",6.27111,47.83344
"Eight-Toothed_Spruce_Bark_Beetle",5.67859,47.32388
"Eight-Toothed_Spruce_Bark_Beetle",2.9796,45.89816
"Eight-Toothed_Spruce_Bark_Beetle",6.94195,47.83422
"Eight-Toothed_Spruce_Bark_Beetle",4.38,47.09432
"Eight-Toothed_Spruce_Bark_Beetle",0.51954,48.93129
"Eight-Toothed_Spruce_Bark_Beetle",3.68382,46.77077
"Eight-Toothed_Spruce_Bark_Beetle",3.20463,47.63913
"Eight-Toothed_Spruce_Bark_Beetle",6.92174,48.54165
"Eight-Toothed_Spruce_Bark_Beetle",3.4684,44.91067
"Eight-Toothed_Spruce_Bark_Beetle",5.33921,48.17599
"Eight-Toothed_Spruce_Bark_Beetle",3.88123,45.43249
"Eight-Toothed_Spruce_Bark_Beetle",4.38368,47.90753
"Eight-Toothed_Spruce_Bark_Beetle",0.34589,42.85643
"Eight-Toothed_Spruce_Bark_Beetle",2.34514,45.43319
"Eight-Toothed_Spruce_Bark_Beetle",6.37162,45.71171
"Eight-Toothed_Spruce_Bark_Beetle",2.04041,46.02893
"Eight-Toothed_Spruce_Bark_Beetle",2.58679,43.74648
"Eight-Toothed_Spruce_Bark_Beetle",2.2524,45.56509
"Eight-Toothed_Spruce_Bark_Beetle",5.27553,49.25979
"Eight-Toothed_Spruce_Bark_Beetle",2.68723,43.60195
"Eight-Toothed_Spruce_Bark_Beetle",7.11023,48.24525
"Eight-Toothed_Spruce_Bark_Beetle",7.19476,48.86788
"Eight-Toothed_Spruce_Bark_Beetle",1.93009,45.48778
"Eight-Toothed_Spruce_Bark_Beetle",4.0196,47.28967
"Eight-Toothed_Spruce_Bark_Beetle",6.63599,47.16183
"Eight-Toothed_Spruce_Bark_Beetle",1.7263,46.15229
"Eight-Toothed_Spruce_Bark_Beetle",5.95817,45.46161
"Eight-Toothed_Spruce_Bark_Beetle",5.99357,48.30542
"Eight-Toothed_Spruce_Bark_Beetle",6.98527,48.78987
"Eight-Toothed_Spruce_Bark_Beetle",1.02917,43.03085
"Eight-Toothed_Spruce_Bark_Beetle",4.43692,47.65901
"Eight-Toothed_Spruce_Bark_Beetle",6.97641,48.54618
"Eight-Toothed_Spruce_Bark_Beetle",4.7942,47.32078
"Eight-Toothed_Spruce_Bark_Beetle",0.8055,49.56406
"Eight-Toothed_Spruce_Bark_Beetle",6.66831,47.23962
"Eight-Toothed_Spruce_Bark_Beetle",5.677,46.59443
"Eight-Toothed_Spruce_Bark_Beetle",7.64075,49.00968
"Eight-Toothed_Spruce_Bark_Beetle",1.88874,42.82835
"Eight-Toothed_Spruce_Bark_Beetle",4.59825,47.77285
"Eight-Toothed_Spruce_Bark_Beetle",6.17208,48.28693
"Eight-Toothed_Spruce_Bark_Beetle",3.33203,47.11796
"Eight-Toothed_Spruce_Bark_Beetle",5.61741,46.4745
"Eight-Toothed_Spruce_Bark_Beetle",5.63132,46.78793
"Eight-Toothed_Spruce_Bark_Beetle",6.48149,48.13882
"Eight-Toothed_Spruce_Bark_Beetle",3.21722,45.50946
"Eight-Toothed_Spruce_Bark_Beetle",4.73842,48.26769
"Eight-Toothed_Spruce_Bark_Beetle",3.58971,47.44245
"Eight-Toothed_Spruce_Bark_Beetle",5.13452,48.60611
"Eight-Toothed_Spruce_Bark_Beetle",7.5201,49.02423
"Eight-Toothed_Spruce_Bark_Beetle",6.74907,48.35541
"Eight-Toothed_Spruce_Bark_Beetle",5.75131,47.99676
"Eight-Toothed_Spruce_Bark_Beetle",5.98152,46.8542
"Eight-Toothed_Spruce_Bark_Beetle",2.11486,45.32353
"Eight-Toothed_Spruce_Bark_Beetle",5.68756,46.04743
"Eight-Toothed_Spruce_Bark_Beetle",4.91871,47.79513
"Eight-Toothed_Spruce_Bark_Beetle",4.14097,46.96893
"Eight-Toothed_Spruce_Bark_Beetle",2.99917,45.72292
"Eight-Toothed_Spruce_Bark_Beetle",5.95296,49.26219
"Eight-Toothed_Spruce_Bark_Beetle",4.83473,50.14224
"Eight-Toothed_Spruce_Bark_Beetle",5.02349,49.75997
"Eight-Toothed_Spruce_Bark_Beetle",1.33833,42.99243
"Eight-Toothed_Spruce_Bark_Beetle",1.99493,45.17138
"Eight-Toothed_Spruce_Bark_Beetle",1.91702,46.10037
"Eight-Toothed_Spruce_Bark_Beetle",4.70359,47.79248
"Eight-Toothed_Spruce_Bark_Beetle",4.84408,49.81772
"Eight-Toothed_Spruce_Bark_Beetle",5.61232,47.1039
"Eight-Toothed_Spruce_Bark_Beetle",2.33802,45.92353
"Eight-Toothed_Spruce_Bark_Beetle",5.54392,45.06011
"Eight-Toothed_Spruce_Bark_Beetle",5.52945,46.47394
"Eight-Toothed_Spruce_Bark_Beetle",5.87202,48.46494
"Eight-Toothed_Spruce_Bark_Beetle",2.50087,43.50657
"Eight-Toothed_Spruce_Bark_Beetle",4.68249,49.80743
"Eight-Toothed_Spruce_Bark_Beetle",5.74551,46.51995
"Eight-Toothed_Spruce_Bark_Beetle",2.19817,45.91831
"Eight-Toothed_Spruce_Bark_Beetle",1.8929,45.7328
"Eight-Toothed_Spruce_Bark_Beetle",6.401,48.31992
"Eight-Toothed_Spruce_Bark_Beetle",6.12242,48.72087
"Eight-Toothed_Spruce_Bark_Beetle",5.99189,46.76696
"Eight-Toothed_Spruce_Bark_Beetle",6.4782,48.87587
"Eight-Toothed_Spruce_Bark_Beetle",6.46996,47.36376
"Eight-Toothed_Spruce_Bark_Beetle",1.77085,42.86566
"Eight-Toothed_Spruce_Bark_Beetle",5.71856,48.0244
"Eight-Toothed_Spruce_Bark_Beetle",0.95436,42.92276
"Eight-Toothed_Spruce_Bark_Beetle",5.41586,49.34336
"Eight-Toothed_Spruce_Bark_Beetle",1.70551,45.82252
"Eight-Toothed_Spruce_Bark_Beetle",2.07829,43.36749
"Eight-Toothed_Spruce_Bark_Beetle",2.03221,45.62304
"Eight-Toothed_Spruce_Bark_Beetle",4.32811,47.69019
"Eight-Toothed_Spruce_Bark_Beetle",6.13644,47.03328
"Eight-Toothed_Spruce_Bark_Beetle",3.89367,44.79929
"Eight-Toothed_Spruce_Bark_Beetle",5.92873,46.8593
"Eight-Toothed_Spruce_Bark_Beetle",0.22827,48.43688
"Eight-Toothed_Spruce_Bark_Beetle",3.39138,44.70008
"Eight-Toothed_Spruce_Bark_Beetle",4.86005,49.54927
"Eight-Toothed_Spruce_Bark_Beetle",2.32484,45.35086
"Eight-Toothed_Spruce_Bark_Beetle",7.3054,48.62085
"Eight-Toothed_Spruce_Bark_Beetle",4.85076,49.34958
"Eight-Toothed_Spruce_Bark_Beetle",6.87518,44.08824
"Eight-Toothed_Spruce_Bark_Beetle",4.87059,48.86887
"Eight-Toothed_Spruce_Bark_Beetle",6.51952,47.72456
"Eight-Toothed_Spruce_Bark_Beetle",6.43375,47.36089
"Eight-Toothed_Spruce_Bark_Beetle",6.77874,48.47368
"Eight-Toothed_Spruce_Bark_Beetle",2.65681,45.28967
"Eight-Toothed_Spruce_Bark_Beetle",4.48956,47.85604
"Eight-Toothed_Spruce_Bark_Beetle",6.17753,47.24954
"Eight-Toothed_Spruce_Bark_Beetle",1.81514,46.15103
"Eight-Toothed_Spruce_Bark_Beetle",6.23307,48.87718
"Eight-Toothed_Spruce_Bark_Beetle",4.08701,47.84492
"Eight-Toothed_Spruce_Bark_Beetle",2.65402,45.70068
"Eight-Toothed_Spruce_Bark_Beetle",3.58679,44.04156
"Eight-Toothed_Spruce_Bark_Beetle",7.01377,48.87177
"Eight-Toothed_Spruce_Bark_Beetle",5.73597,48.50178
"Eight-Toothed_Spruce_Bark_Beetle",2.26851,45.79504
"Eight-Toothed_Spruce_Bark_Beetle",4.31067,46.94596
"Eight-Toothed_Spruce_Bark_Beetle",2.38648,45.7783
"Eight-Toothed_Spruce_Bark_Beetle",6.3394,47.08263
"Eight-Toothed_Spruce_Bark_Beetle",5.83403,46.5681
"Eight-Toothed_Spruce_Bark_Beetle",6.63305,47.79613
"Eight-Toothed_Spruce_Bark_Beetle",1.04623,45.6175
"Eight-Toothed_Spruce_Bark_Beetle",6.72019,48.07044
"Eight-Toothed_Spruce_Bark_Beetle",7.46852,48.88609
"Eight-Toothed_Spruce_Bark_Beetle",1.89683,45.90779
"Eight-Toothed_Spruce_Bark_Beetle",5.62258,49.05982
"Eight-Toothed_Spruce_Bark_Beetle",6.05409,48.22396
"Eight-Toothed_Spruce_Bark_Beetle",7.08158,49.0215
"Eight-Toothed_Spruce_Bark_Beetle",4.40286,46.89232
"Eight-Toothed_Spruce_Bark_Beetle",2.07699,45.13652
"Eight-Toothed_Spruce_Bark_Beetle",2.38877,43.45779
"Eight-Toothed_Spruce_Bark_Beetle",2.18633,45.73397
"Eight-Toothed_Spruce_Bark_Beetle",6.67806,47.6433
"Eight-Toothed_Spruce_Bark_Beetle",2.38086,44.67388
"Eight-Toothed_Spruce_Bark_Beetle",6.50514,47.9424
"Eight-Toothed_Spruce_Bark_Beetle",5.51487,49.48465
"Eight-Toothed_Spruce_Bark_Beetle",4.75636,49.50881
"Eight-Toothed_Spruce_Bark_Beetle",2.67888,49.34634
"Eight-Toothed_Spruce_Bark_Beetle",2.24403,44.94942
"Eight-Toothed_Spruce_Bark_Beetle",6.29758,49.27342
"Eight-Toothed_Spruce_Bark_Beetle",5.99589,46.51439
"Eight-Toothed_Spruce_Bark_Beetle",2.30269,44.4605
"Eight-Toothed_Spruce_Bark_Beetle",5.50973,49.28185
"Eight-Toothed_Spruce_Bark_Beetle",4.46764,47.72707
"Eight-Toothed_Spruce_Bark_Beetle",3.41086,45.11266
"Eight-Toothed_Spruce_Bark_Beetle",6.77874,48.47368
"Eight-Toothed_Spruce_Bark_Beetle",1.64483,45.46905
"Eight-Toothed_Spruce_Bark_Beetle",5.98415,46.95029
"Eight-Toothed_Spruce_Bark_Beetle",5.90622,46.60752
"Eight-Toothed_Spruce_Bark_Beetle",5.69307,47.49879
"Eight-Toothed_Spruce_Bark_Beetle",3.30154,46.77533
"Eight-Toothed_Spruce_Bark_Beetle",1.86087,42.79102
"Eight-Toothed_Spruce_Bark_Beetle",3.905,48.05571
"Eight-Toothed_Spruce_Bark_Beetle",5.23671,48.59668
"Eight-Toothed_Spruce_Bark_Beetle",5.36499,48.03739
"Eight-Toothed_Spruce_Bark_Beetle",6.3845,47.13439
"Eight-Toothed_Spruce_Bark_Beetle",7.33689,48.36131
"Eight-Toothed_Spruce_Bark_Beetle",4.52005,47.68711
"Eight-Toothed_Spruce_Bark_Beetle",5.4417,44.89745
"Eight-Toothed_Spruce_Bark_Beetle",3.56792,45.56358
"Eight-Toothed_Spruce_Bark_Beetle",2.932,46.13844
"Eight-Toothed_Spruce_Bark_Beetle",6.55901,47.7604
"Eight-Toothed_Spruce_Bark_Beetle",6.49815,46.99987
"Eight-Toothed_Spruce_Bark_Beetle",2.88334,45.21916
"Eight-Toothed_Spruce_Bark_Beetle",3.86497,44.63639
"Eight-Toothed_Spruce_Bark_Beetle",5.83263,45.49429
"Eight-Toothed_Spruce_Bark_Beetle",6.88498,47.93713
"Eight-Toothed_Spruce_Bark_Beetle",4.6038,48.1738
"Eight-Toothed_Spruce_Bark_Beetle",3.75134,44.64188
"Eight-Toothed_Spruce_Bark_Beetle",2.67985,45.66208
"Eight-Toothed_Spruce_Bark_Beetle",0.1329,42.97485
"Eight-Toothed_Spruce_Bark_Beetle",5.44738,45.84845
"Eight-Toothed_Spruce_Bark_Beetle",5.52125,46.96726
"Eight-Toothed_Spruce_Bark_Beetle",6.60563,49.29305
"Eight-Toothed_Spruce_Bark_Beetle",1.98509,46.03537
"Eight-Toothed_Spruce_Bark_Beetle",3.38422,49.50932
"Eight-Toothed_Spruce_Bark_Beetle",2.81918,43.79821
"Eight-Toothed_Spruce_Bark_Beetle",3.48685,45.39987
"Eight-Toothed_Spruce_Bark_Beetle",7.05443,48.94745
"Eight-Toothed_Spruce_Bark_Beetle",5.85678,47.47344
"Eight-Toothed_Spruce_Bark_Beetle",5.29501,49.61526
"Eight-Toothed_Spruce_Bark_Beetle",5.4866,48.81895
"Eight-Toothed_Spruce_Bark_Beetle",3.53129,44.20928
"Eight-Toothed_Spruce_Bark_Beetle",6.80206,48.095
"Eight-Toothed_Spruce_Bark_Beetle",6.40032,49.11887
"Eight-Toothed_Spruce_Bark_Beetle",7.4654,48.81741
"Eight-Toothed_Spruce_Bark_Beetle",2.19319,44.97408
"Eight-Toothed_Spruce_Bark_Beetle",6.72217,48.17148
"Eight-Toothed_Spruce_Bark_Beetle",5.73282,46.22737
"Eight-Toothed_Spruce_Bark_Beetle",3.83484,46.78307
"Eight-Toothed_Spruce_Bark_Beetle",5.41648,46.08924
"Eight-Toothed_Spruce_Bark_Beetle",6.54228,47.67752
"Eight-Toothed_Spruce_Bark_Beetle",5.95094,48.28928
"Eight-Toothed_Spruce_Bark_Beetle",5.99167,46.72263
"Eight-Toothed_Spruce_Bark_Beetle",6.67498,48.10808
"Eight-Toothed_Spruce_Bark_Beetle",2.34514,45.43319
"Eight-Toothed_Spruce_Bark_Beetle",6.05304,47.79009
"Eight-Toothed_Spruce_Bark_Beetle",3.4799,44.0637
"Eight-Toothed_Spruce_Bark_Beetle",6.22111,47.61272
"Eight-Toothed_Spruce_Bark_Beetle",4.34991,47.65743
"Eight-Toothed_Spruce_Bark_Beetle",7.05177,48.322
"Eight-Toothed_Spruce_Bark_Beetle",5.90942,46.52864
"Eight-Toothed_Spruce_Bark_Beetle",7.23992,48.64223
"Eight-Toothed_Spruce_Bark_Beetle",3.58957,45.52132
"Eight-Toothed_Spruce_Bark_Beetle",6.86041,48.40791
"Eight-Toothed_Spruce_Bark_Beetle",3.71227,44.59652
"Eight-Toothed_Spruce_Bark_Beetle",5.47441,46.99396
"Eight-Toothed_Spruce_Bark_Beetle",5.9745,47.13839
"Eight-Toothed_Spruce_Bark_Beetle",6.67251,47.8688
"Eight-Toothed_Spruce_Bark_Beetle",4.911,47.73268
"Eight-Toothed_Spruce_Bark_Beetle",2.05149,45.35856
"Eight-Toothed_Spruce_Bark_Beetle",3.22417,45.00464
"Eight-Toothed_Spruce_Bark_Beetle",6.1137,48.68224
"Eight-Toothed_Spruce_Bark_Beetle",7.47122,48.85008
"Eight-Toothed_Spruce_Bark_Beetle",7.06154,48.20172
"Eight-Toothed_Spruce_Bark_Beetle",6.87672,47.89146
"Eight-Toothed_Spruce_Bark_Beetle",4.29913,49.93129
"Eight-Toothed_Spruce_Bark_Beetle",2.01545,45.34636
"Eight-Toothed_Spruce_Bark_Beetle",2.98068,44.93444
"Eight-Toothed_Spruce_Bark_Beetle",4.37877,45.43024
"Eight-Toothed_Spruce_Bark_Beetle",6.90041,48.80831
"Eight-Toothed_Spruce_Bark_Beetle",4.69547,47.3438
"Eight-Toothed_Spruce_Bark_Beetle",1.83806,45.50205
"Eight-Toothed_Spruce_Bark_Beetle",4.69926,47.22664
"Eight-Toothed_Spruce_Bark_Beetle",5.20523,47.62592
"Eight-Toothed_Spruce_Bark_Beetle",3.41052,48.2544
"Eight-Toothed_Spruce_Bark_Beetle",1.28146,45.73695
"Eight-Toothed_Spruce_Bark_Beetle",3.12193,47.87238
"Eight-Toothed_Spruce_Bark_Beetle",1.82826,46.20227
"Eight-Toothed_Spruce_Bark_Beetle",5.71539,48.23554
"Eight-Toothed_Spruce_Bark_Beetle",6.30393,47.50694
"Eight-Toothed_Spruce_Bark_Beetle",2.91828,45.7182
"Eight-Toothed_Spruce_Bark_Beetle",4.86678,47.24576
"Eight-Toothed_Spruce_Bark_Beetle",6.67302,47.13644
"Eight-Toothed_Spruce_Bark_Beetle",2.84983,45.12766
"Eight-Toothed_Spruce_Bark_Beetle",6.07834,47.10904
"Eight-Toothed_Spruce_Bark_Beetle",-0.05534,48.58399
"Eight-Toothed_Spruce_Bark_Beetle",4.86427,49.75383
"Eight-Toothed_Spruce_Bark_Beetle",2.03179,44.90542
"Eight-Toothed_Spruce_Bark_Beetle",6.65955,47.31549
"Eight-Toothed_Spruce_Bark_Beetle",4.04016,49.25172
"Eight-Toothed_Spruce_Bark_Beetle",5.206,48.62103
"Eight-Toothed_Spruce_Bark_Beetle",2.86055,43.69352
"Eight-Toothed_Spruce_Bark_Beetle",7.25897,47.99598
"Eight-Toothed_Spruce_Bark_Beetle",5.89645,46.98918
"Eight-Toothed_Spruce_Bark_Beetle",6.12573,46.73671
"Eight-Toothed_Spruce_Bark_Beetle",4.86347,48.35461
"Eight-Toothed_Spruce_Bark_Beetle",7.00791,48.29769
"Eight-Toothed_Spruce_Bark_Beetle",7.28659,48.20636
"Eight-Toothed_Spruce_Bark_Beetle",7.76776,48.57125
"Eight-Toothed_Spruce_Bark_Beetle",4.5579,49.85251
"Eight-Toothed_Spruce_Bark_Beetle",2.14082,45.61375
"Eight-Toothed_Spruce_Bark_Beetle",5.09053,48.68795
"Eight-Toothed_Spruce_Bark_Beetle",5.85821,46.87019
"Eight-Toothed_Spruce_Bark_Beetle",2.10782,44.63273
"Eight-Toothed_Spruce_Bark_Beetle",6.04532,46.90158
"Eight-Toothed_Spruce_Bark_Beetle",5.07235,48.438
"Eight-Toothed_Spruce_Bark_Beetle",5.68475,46.33651
"Eight-Toothed_Spruce_Bark_Beetle",6.78192,48.03555
"Eight-Toothed_Spruce_Bark_Beetle",3.86063,45.08024
"Eight-Toothed_Spruce_Bark_Beetle",6.71217,49.12828
"Eight-Toothed_Spruce_Bark_Beetle",5.68926,45.71394
"Eight-Toothed_Spruce_Bark_Beetle",5.5856,46.43166
"Eight-Toothed_Spruce_Bark_Beetle",7.96947,48.89298
"Eight-Toothed_Spruce_Bark_Beetle",5.3746,49.10216
"Eight-Toothed_Spruce_Bark_Beetle",1.56539,45.42416
"Eight-Toothed_Spruce_Bark_Beetle",4.76686,50.08799
"Eight-Toothed_Spruce_Bark_Beetle",5.44308,46.38631
"Eight-Toothed_Spruce_Bark_Beetle",3.38598,45.82916
"Eight-Toothed_Spruce_Bark_Beetle",5.99333,47.05522
"Eight-Toothed_Spruce_Bark_Beetle",2.51542,45.35607
"Eight-Toothed_Spruce_Bark_Beetle",5.62258,49.05982
"Eight-Toothed_Spruce_Bark_Beetle",6.11558,46.03621
"Eight-Toothed_Spruce_Bark_Beetle",5.52725,47.76469
"Eight-Toothed_Spruce_Bark_Beetle",0.52398,43.06204
"Eight-Toothed_Spruce_Bark_Beetle",5.8411,46.40141
"Eight-Toothed_Spruce_Bark_Beetle",6.55329,47.51403
"Eight-Toothed_Spruce_Bark_Beetle",3.92656,48.20912
"Eight-Toothed_Spruce_Bark_Beetle",3.5941,48.09861
"Eight-Toothed_Spruce_Bark_Beetle",5.4855,47.77259
"Eight-Toothed_Spruce_Bark_Beetle",4.86544,48.13498
"Eight-Toothed_Spruce_Bark_Beetle",2.03221,45.62304
"Eight-Toothed_Spruce_Bark_Beetle",1.55301,45.33716
"Eight-Toothed_Spruce_Bark_Beetle",6.31168,47.39939
"Eight-Toothed_Spruce_Bark_Beetle",2.45641,43.88463
"Eight-Toothed_Spruce_Bark_Beetle",4.84767,49.90902
"Eight-Toothed_Spruce_Bark_Beetle",6.17785,47.5254
"Eight-Toothed_Spruce_Bark_Beetle",5.69161,48.35682
"Eight-Toothed_Spruce_Bark_Beetle",1.72655,45.54543
"Eight-Toothed_Spruce_Bark_Beetle",1.63815,45.83172
"Eight-Toothed_Spruce_Bark_Beetle",4.93998,49.01832
"Eight-Toothed_Spruce_Bark_Beetle",6.80699,48.13132
"Eight-Toothed_Spruce_Bark_Beetle",2.91767,45.3897
"Eight-Toothed_Spruce_Bark_Beetle",5.83403,46.5681
"Eight-Toothed_Spruce_Bark_Beetle",6.98931,47.77755
"Eight-Toothed_Spruce_Bark_Beetle",5.23925,48.08966
"Eight-Toothed_Spruce_Bark_Beetle",5.81678,46.82539
"Eight-Toothed_Spruce_Bark_Beetle",5.81911,44.986
"Eight-Toothed_Spruce_Bark_Beetle",3.69411,45.11678
"Eight-Toothed_Spruce_Bark_Beetle",1.4847,49.08771
"Eight-Toothed_Spruce_Bark_Beetle",3.7637,46.76307
"Eight-Toothed_Spruce_Bark_Beetle",7.08424,48.228
"Eight-Toothed_Spruce_Bark_Beetle",4.11172,44.59466
"Eight-Toothed_Spruce_Bark_Beetle",6.3116,46.79896
"Eight-Toothed_Spruce_Bark_Beetle",2.07465,44.83731
"Eight-Toothed_Spruce_Bark_Beetle",6.59665,48.2992
"Eight-Toothed_Spruce_Bark_Beetle",3.79158,47.17142
"Eight-Toothed_Spruce_Bark_Beetle",1.58018,45.54077
"Eight-Toothed_Spruce_Bark_Beetle",2.89192,45.6312
"Eight-Toothed_Spruce_Bark_Beetle",6.99302,48.41932
"Eight-Toothed_Spruce_Bark_Beetle",5.30426,44.93547
"Eight-Toothed_Spruce_Bark_Beetle",2.20222,45.32014
"Eight-Toothed_Spruce_Bark_Beetle",6.76997,47.87919
"Eight-Toothed_Spruce_Bark_Beetle",3.5937,49.97048
"Eight-Toothed_Spruce_Bark_Beetle",1.54195,43.01769
"Eight-Toothed_Spruce_Bark_Beetle",7.0385,48.36499
"Eight-Toothed_Spruce_Bark_Beetle",3.83459,45.52034
"Eight-Toothed_Spruce_Bark_Beetle",2.18064,45.66942
"Eight-Toothed_Spruce_Bark_Beetle",2.18039,43.49627
"Eight-Toothed_Spruce_Bark_Beetle",6.40114,48.1039
"Eight-Toothed_Spruce_Bark_Beetle",5.46946,48.58607
"Eight-Toothed_Spruce_Bark_Beetle",5.66797,48.24372
"Eight-Toothed_Spruce_Bark_Beetle",4.70359,47.79248
"Eight-Toothed_Spruce_Bark_Beetle",6.07555,47.43735
"Eight-Toothed_Spruce_Bark_Beetle",1.61417,45.95996
"Eight-Toothed_Spruce_Bark_Beetle",5.55262,49.46303
"Eight-Toothed_Spruce_Bark_Beetle",3.8249,47.94268
"Eight-Toothed_Spruce_Bark_Beetle",2.02223,45.14012
"Eight-Toothed_Spruce_Bark_Beetle",7.21825,48.41798
"Eight-Toothed_Spruce_Bark_Beetle",5.47924,48.39299
"Eight-Toothed_Spruce_Bark_Beetle",-0.1268,42.85222
"Eight-Toothed_Spruce_Bark_Beetle",5.90823,46.70443
"Eight-Toothed_Spruce_Bark_Beetle",7.3807,48.64098
"Eight-Toothed_Spruce_Bark_Beetle",4.51155,49.71505
"Eight-Toothed_Spruce_Bark_Beetle",1.76055,46.25579
"Eight-Toothed_Spruce_Bark_Beetle",6.65943,48.29132
"Eight-Toothed_Spruce_Bark_Beetle",4.25236,48.06041
"Eight-Toothed_Spruce_Bark_Beetle",4.84281,47.98616
"Eight-Toothed_Spruce_Bark_Beetle",2.43906,43.84747
"Eight-Toothed_Spruce_Bark_Beetle",5.95296,49.26219
"Eight-Toothed_Spruce_Bark_Beetle",5.89368,49.36756
"Eight-Toothed_Spruce_Bark_Beetle",5.35296,48.94092
"Eight-Toothed_Spruce_Bark_Beetle",1.74884,46.20032
"Eight-Toothed_Spruce_Bark_Beetle",1.95571,45.67319
"Eight-Toothed_Spruce_Bark_Beetle",5.63609,46.57576
"Eight-Toothed_Spruce_Bark_Beetle",5.38928,49.20801
"Eight-Toothed_Spruce_Bark_Beetle",3.24243,45.18349
"Eight-Toothed_Spruce_Bark_Beetle",6.19643,46.11968
"Eight-Toothed_Spruce_Bark_Beetle",7.96205,49.01858
"Eight-Toothed_Spruce_Bark_Beetle",2.68844,43.69741
"Eight-Toothed_Spruce_Bark_Beetle",5.75691,47.1247
"Eight-Toothed_Spruce_Bark_Beetle",5.51694,47.16214
"Eight-Toothed_Spruce_Bark_Beetle",5.99589,46.51439
"Eight-Toothed_Spruce_Bark_Beetle",3.00713,46.20543
"Eight-Toothed_Spruce_Bark_Beetle",6.90304,48.60529
"Eight-Toothed_Spruce_Bark_Beetle",1.64468,47.14981
"Eight-Toothed_Spruce_Bark_Beetle",2.47871,45.68489
"Eight-Toothed_Spruce_Bark_Beetle",4.3063,49.68503
"Eight-Toothed_Spruce_Bark_Beetle",4.98168,49.30848
"Eight-Toothed_Spruce_Bark_Beetle",3.92607,45.7429
"Eight-Toothed_Spruce_Bark_Beetle",5.71679,49.52567
"Eight-Toothed_Spruce_Bark_Beetle",0.28513,42.81869
"Eight-Toothed_Spruce_Bark_Beetle",7.23051,48.07467
"Eight-Toothed_Spruce_Bark_Beetle",6.33317,47.89555
"Eight-Toothed_Spruce_Bark_Beetle",5.88549,48.22155
"Eight-Toothed_Spruce_Bark_Beetle",7.35049,48.53572
"Eight-Toothed_Spruce_Bark_Beetle",6.13939,45.40223
"Eight-Toothed_Spruce_Bark_Beetle",6.67663,48.78953
"Eight-Toothed_Spruce_Bark_Beetle",1.5186,45.44911
"Eight-Toothed_Spruce_Bark_Beetle",6.74096,48.45025
"Eight-Toothed_Spruce_Bark_Beetle",2.41611,45.89695
"Eight-Toothed_Spruce_Bark_Beetle",5.39713,49.4732
"Eight-Toothed_Spruce_Bark_Beetle",6.54202,47.46277
"Eight-Toothed_Spruce_Bark_Beetle",1.74884,46.20032
"Eight-Toothed_Spruce_Bark_Beetle",5.10719,47.77895
"Eight-Toothed_Spruce_Bark_Beetle",6.96155,48.33915
"Eight-Toothed_Spruce_Bark_Beetle",3.78259,45.30676
"Eight-Toothed_Spruce_Bark_Beetle",2.58257,43.55073
"Eight-Toothed_Spruce_Bark_Beetle",7.17405,48.66336
"Eight-Toothed_Spruce_Bark_Beetle",5.66582,49.13817
"Eight-Toothed_Spruce_Bark_Beetle",6.54929,48.13251
"Eight-Toothed_Spruce_Bark_Beetle",4.38255,47.63987
"Eight-Toothed_Spruce_Bark_Beetle",5.34645,45.00991
"Eight-Toothed_Spruce_Bark_Beetle",6.24927,45.99578
"Eight-Toothed_Spruce_Bark_Beetle",5.66388,46.66655
"Eight-Toothed_Spruce_Bark_Beetle",1.49454,45.3187
"Eight-Toothed_Spruce_Bark_Beetle",3.03373,45.83917
"Eight-Toothed_Spruce_Bark_Beetle",1.76828,45.76962
"Eight-Toothed_Spruce_Bark_Beetle",5.77308,46.8944
"Eight-Toothed_Spruce_Bark_Beetle",2.6039,45.40417
"Eight-Toothed_Spruce_Bark_Beetle",1.90905,45.51127
"Eight-Toothed_Spruce_Bark_Beetle",5.51487,49.48465
"Eight-Toothed_Spruce_Bark_Beetle",4.92182,48.57994
"Eight-Toothed_Spruce_Bark_Beetle",6.01246,48.1525
"Eight-Toothed_Spruce_Bark_Beetle",5.97312,49.1221
"Eight-Toothed_Spruce_Bark_Beetle",5.79716,48.8926
"Eight-Toothed_Spruce_Bark_Beetle",4.59825,47.77285
"Eight-Toothed_Spruce_Bark_Beetle",1.9224,46.02516
"Eight-Toothed_Spruce_Bark_Beetle",3.19441,45.15934
"Eight-Toothed_Spruce_Bark_Beetle",5.82137,48.78517
"Eight-Toothed_Spruce_Bark_Beetle",2.87735,45.66704
"Eight-Toothed_Spruce_Bark_Beetle",6.50741,47.87752
"Eight-Toothed_Spruce_Bark_Beetle",7.07366,48.40892
"Eight-Toothed_Spruce_Bark_Beetle",1.35385,42.95944
"Eight-Toothed_Spruce_Bark_Beetle",5.79951,49.03279
"Eight-Toothed_Spruce_Bark_Beetle",4.9142,48.40037
"Eight-Toothed_Spruce_Bark_Beetle",1.00484,45.83679
"Eight-Toothed_Spruce_Bark_Beetle",6.6714,47.5388
"Eight-Toothed_Spruce_Bark_Beetle",5.34956,48.24739
"Eight-Toothed_Spruce_Bark_Beetle",2.35713,44.78246
"Eight-Toothed_Spruce_Bark_Beetle",6.87691,48.31171
"Eight-Toothed_Spruce_Bark_Beetle",5.1528,49.69156
"Eight-Toothed_Spruce_Bark_Beetle",4.73996,49.59378
"Eight-Toothed_Spruce_Bark_Beetle",6.90331,43.73729
"Eight-Toothed_Spruce_Bark_Beetle",7.08949,48.94535
"Eight-Toothed_Spruce_Bark_Beetle",6.13712,47.3311
"Eight-Toothed_Spruce_Bark_Beetle",5.91253,46.8226
"Eight-Toothed_Spruce_Bark_Beetle",-0.80381,48.67156
"Eight-Toothed_Spruce_Bark_Beetle",2.53957,44.78444
"Eight-Toothed_Spruce_Bark_Beetle",1.93959,45.97393
"Eight-Toothed_Spruce_Bark_Beetle",7.59638,48.93786
"Eight-Toothed_Spruce_Bark_Beetle",4.46938,47.93892
"Eight-Toothed_Spruce_Bark_Beetle",3.65771,45.42963
"Eight-Toothed_Spruce_Bark_Beetle",1.3912,42.9077
"Eight-Toothed_Spruce_Bark_Beetle",2.75939,45.60391
"Eight-Toothed_Spruce_Bark_Beetle",2.18039,43.49627
"Eight-Toothed_Spruce_Bark_Beetle",4.81246,47.23784
"Eight-Toothed_Spruce_Bark_Beetle",6.68332,48.63716
"Eight-Toothed_Spruce_Bark_Beetle",7.51028,48.9057
"Eight-Toothed_Spruce_Bark_Beetle",2.0195,45.98863
"Eight-Toothed_Spruce_Bark_Beetle",6.18716,48.47438
"Eight-Toothed_Spruce_Bark_Beetle",2.17123,46.11313
"Eight-Toothed_Spruce_Bark_Beetle",5.44881,45.0159
"Eight-Toothed_Spruce_Bark_Beetle",6.17099,48.09022
"Eight-Toothed_Spruce_Bark_Beetle",6.16606,49.49748
"Eight-Toothed_Spruce_Bark_Beetle",4.55965,46.23488
"Eight-Toothed_Spruce_Bark_Beetle",5.31848,48.65851
"Eight-Toothed_Spruce_Bark_Beetle",5.24809,47.91793
"Eight-Toothed_Spruce_Bark_Beetle",2.71586,44.09737
"Eight-Toothed_Spruce_Bark_Beetle",5.66005,47.90901
"Eight-Toothed_Spruce_Bark_Beetle",3.41005,48.00902
"Eight-Toothed_Spruce_Bark_Beetle",6.99389,47.67717
"Eight-Toothed_Spruce_Bark_Beetle",2.86055,43.69352
"Eight-Toothed_Spruce_Bark_Beetle",3.56722,45.35462
"Eight-Toothed_Spruce_Bark_Beetle",5.85646,46.59641
"Eight-Toothed_Spruce_Bark_Beetle",1.82225,42.77218
"Eight-Toothed_Spruce_Bark_Beetle",5.60571,48.21982
"Eight-Toothed_Spruce_Bark_Beetle",3.79153,49.44766
"Eight-Toothed_Spruce_Bark_Beetle",6.46611,47.55034
"Eight-Toothed_Spruce_Bark_Beetle",2.02611,45.4728
"Eight-Toothed_Spruce_Bark_Beetle",6.22494,47.38234
"Eight-Toothed_Spruce_Bark_Beetle",6.07959,46.71564
"Eight-Toothed_Spruce_Bark_Beetle",5.54772,47.88674
"Eight-Toothed_Spruce_Bark_Beetle",1.75038,45.31488
"Eight-Toothed_Spruce_Bark_Beetle",6.9634,48.40655
"Eight-Toothed_Spruce_Bark_Beetle",5.54012,45.83377
"Eight-Toothed_Spruce_Bark_Beetle",4.93274,49.72306
"Eight-Toothed_Spruce_Bark_Beetle",6.37849,47.67517
"Eight-Toothed_Spruce_Bark_Beetle",5.17865,48.64283
"Eight-Toothed_Spruce_Bark_Beetle",6.1717,48.25969
"Eight-Toothed_Spruce_Bark_Beetle",5.18975,48.10274
"Eight-Toothed_Spruce_Bark_Beetle",6.93871,48.46492
"Eight-Toothed_Spruce_Bark_Beetle",5.78043,47.20122
"Eight-Toothed_Spruce_Bark_Beetle",3.89496,44.73435
"Eight-Toothed_Spruce_Bark_Beetle",6.41188,49.34902
"Eight-Toothed_Spruce_Bark_Beetle",6.30982,48.75537
"Eight-Toothed_Spruce_Bark_Beetle",6.80116,48.56095
"Eight-Toothed_Spruce_Bark_Beetle",4.77552,47.31046
"Eight-Toothed_Spruce_Bark_Beetle",6.67554,47.7612
"Eight-Toothed_Spruce_Bark_Beetle",5.06832,48.54993
"Eight-Toothed_Spruce_Bark_Beetle",5.02475,47.06859
"Eight-Toothed_Spruce_Bark_Beetle",2.01115,45.38827
"Eight-Toothed_Spruce_Bark_Beetle",6.40093,45.85022
"Eight-Toothed_Spruce_Bark_Beetle",3.31017,44.99349
"Eight-Toothed_Spruce_Bark_Beetle",6.21175,45.48206
"Eight-Toothed_Spruce_Bark_Beetle",4.99606,49.69287
"Eight-Toothed_Spruce_Bark_Beetle",6.73045,47.96599
"Eight-Toothed_Spruce_Bark_Beetle",6.20305,47.97751
"Eight-Toothed_Spruce_Bark_Beetle",5.73099,46.29726
"Eight-Toothed_Spruce_Bark_Beetle",1.93993,42.92747
"Eight-Toothed_Spruce_Bark_Beetle",4.10475,45.31574
"Eight-Toothed_Spruce_Bark_Beetle",4.11747,49.82349
"Eight-Toothed_Spruce_Bark_Beetle",3.88785,44.56565
"Eight-Toothed_Spruce_Bark_Beetle",3.31269,47.94951
"Eight-Toothed_Spruce_Bark_Beetle",6.59856,48.24853
"Eight-Toothed_Spruce_Bark_Beetle",5.52638,46.58165
"Eight-Toothed_Spruce_Bark_Beetle",6.30366,47.46605
"Eight-Toothed_Spruce_Bark_Beetle",3.98058,44.8666
"Eight-Toothed_Spruce_Bark_Beetle",7.05064,47.53743
"Eight-Toothed_Spruce_Bark_Beetle",3.47349,44.74126
"Eight-Toothed_Spruce_Bark_Beetle",3.61465,44.65326
"Eight-Toothed_Spruce_Bark_Beetle",6.90991,48.49485
"Eight-Toothed_Spruce_Bark_Beetle",5.19794,47.77098
"Eight-Toothed_Spruce_Bark_Beetle",2.93891,45.61626
"Eight-Toothed_Spruce_Bark_Beetle",6.42814,47.97002
"Eight-Toothed_Spruce_Bark_Beetle",6.3518,46.79355
"Eight-Toothed_Spruce_Bark_Beetle",5.7428,45.48968
"Eight-Toothed_Spruce_Bark_Beetle",7.18845,48.62027
"Eight-Toothed_Spruce_Bark_Beetle",3.59942,47.58254
"Eight-Toothed_Spruce_Bark_Beetle",7.33712,48.90046
"Eight-Toothed_Spruce_Bark_Beetle",6.01758,48.22873
"Eight-Toothed_Spruce_Bark_Beetle",0.91694,42.91079
"Eight-Toothed_Spruce_Bark_Beetle",6.93989,48.60498
"Eight-Toothed_Spruce_Bark_Beetle",6.68795,47.10814
"Eight-Toothed_Spruce_Bark_Beetle",2.41593,45.4558
"Eight-Toothed_Spruce_Bark_Beetle",4.12425,47.37222
"Eight-Toothed_Spruce_Bark_Beetle",2.3584,45.98997
"Eight-Toothed_Spruce_Bark_Beetle",6.32194,45.54128
"Eight-Toothed_Spruce_Bark_Beetle",1.97028,45.45521
"Eight-Toothed_Spruce_Bark_Beetle",2.58257,43.55073
"Eight-Toothed_Spruce_Bark_Beetle",2.02439,46.08634
"Eight-Toothed_Spruce_Bark_Beetle",5.98347,48.08963
"Eight-Toothed_Spruce_Bark_Beetle",1.59582,42.84685
"Eight-Toothed_Spruce_Bark_Beetle",4.46885,47.89926
"Eight-Toothed_Spruce_Bark_Beetle",5.38464,48.95515
"Eight-Toothed_Spruce_Bark_Beetle",5.99708,49.01621
"Eight-Toothed_Spruce_Bark_Beetle",3.92044,44.5191
"Eight-Toothed_Spruce_Bark_Beetle",5.55055,45.77399
"Eight-Toothed_Spruce_Bark_Beetle",5.25692,48.0488
"Eight-Toothed_Spruce_Bark_Beetle",6.2537,47.16524
"Eight-Toothed_Spruce_Bark_Beetle",6.73743,48.86737
"Eight-Toothed_Spruce_Bark_Beetle",4.2121,44.98602
"Eight-Toothed_Spruce_Bark_Beetle",5.11346,48.7441
"Eight-Toothed_Spruce_Bark_Beetle",6.7068,47.64425
"Eight-Toothed_Spruce_Bark_Beetle",6.70752,48.17519
"Eight-Toothed_Spruce_Bark_Beetle",6.27761,47.79302
"Eight-Toothed_Spruce_Bark_Beetle",6.31974,46.17211
"Eight-Toothed_Spruce_Bark_Beetle",3.50627,48.04106
"Eight-Toothed_Spruce_Bark_Beetle",3.08898,45.32459
"Eight-Toothed_Spruce_Bark_Beetle",6.28895,48.15026
"Eight-Toothed_Spruce_Bark_Beetle",3.64591,45.29856
"Eight-Toothed_Spruce_Bark_Beetle",5.62762,49.38719
"Eight-Toothed_Spruce_Bark_Beetle",4.0645,50.0504
"Eight-Toothed_Spruce_Bark_Beetle",6.15241,46.65592
"Eight-Toothed_Spruce_Bark_Beetle",1.62543,46.00688
"Eight-Toothed_Spruce_Bark_Beetle",6.00096,48.89639
"Eight-Toothed_Spruce_Bark_Beetle",1.70933,46.01178
"Eight-Toothed_Spruce_Bark_Beetle",4.33926,47.58322
"Eight-Toothed_Spruce_Bark_Beetle",2.07622,45.49123
"Eight-Toothed_Spruce_Bark_Beetle",2.83812,44.92869
"Eight-Toothed_Spruce_Bark_Beetle",5.33781,48.11238
"Eight-Toothed_Spruce_Bark_Beetle",6.69072,48.82921
"Eight-Toothed_Spruce_Bark_Beetle",1.50455,42.97014
"Eight-Toothed_Spruce_Bark_Beetle",5.68108,47.45556
"Eight-Toothed_Spruce_Bark_Beetle",6.14073,46.77774
"Eight-Toothed_Spruce_Bark_Beetle",3.78733,44.88633
"Eight-Toothed_Spruce_Bark_Beetle",3.48331,44.98162
"Eight-Toothed_Spruce_Bark_Beetle",5.48992,48.76094
"Eight-Toothed_Spruce_Bark_Beetle",5.65689,45.91817
"Eight-Toothed_Spruce_Bark_Beetle",6.20943,45.50772
"Eight-Toothed_Spruce_Bark_Beetle",5.09053,48.68795
"Eight-Toothed_Spruce_Bark_Beetle",5.97398,46.79445
"Eight-Toothed_Spruce_Bark_Beetle",6.64902,49.11933
"Eight-Toothed_Spruce_Bark_Beetle",2.21293,45.60746
"Eight-Toothed_Spruce_Bark_Beetle",4.48521,45.12846
"Eight-Toothed_Spruce_Bark_Beetle",5.52725,47.76469
"Eight-Toothed_Spruce_Bark_Beetle",4.11449,45.00979
"Eight-Toothed_Spruce_Bark_Beetle",5.48374,46.52699
"Eight-Toothed_Spruce_Bark_Beetle",2.11764,45.69685
"Eight-Toothed_Spruce_Bark_Beetle",6.35563,48.3482
"Eight-Toothed_Spruce_Bark_Beetle",2.97256,45.37938
"Eight-Toothed_Spruce_Bark_Beetle",6.90304,48.60529
"Eight-Toothed_Spruce_Bark_Beetle",4.43156,45.34723
"Eight-Toothed_Spruce_Bark_Beetle",5.9745,47.13839
"Eight-Toothed_Spruce_Bark_Beetle",4.87968,49.43301
"Eight-Toothed_Spruce_Bark_Beetle",6.26363,49.24
"Eight-Toothed_Spruce_Bark_Beetle",0.43891,48.66607
"Eight-Toothed_Spruce_Bark_Beetle",1.65204,45.65785
"Eight-Toothed_Spruce_Bark_Beetle",4.2769,47.17239
"Eight-Toothed_Spruce_Bark_Beetle",5.73525,45.38017
"Eight-Toothed_Spruce_Bark_Beetle",3.63579,44.97635
"Eight-Toothed_Spruce_Bark_Beetle",2.46311,44.60568
"Eight-Toothed_Spruce_Bark_Beetle",1.95571,45.67319
"Eight-Toothed_Spruce_Bark_Beetle",5.79787,45.33144
"Eight-Toothed_Spruce_Bark_Beetle",7.14271,48.04504
"Eight-Toothed_Spruce_Bark_Beetle",5.88789,45.99942
"Eight-Toothed_Spruce_Bark_Beetle",2.26688,43.50914
"Eight-Toothed_Spruce_Bark_Beetle",6.47717,49.38754
"Eight-Toothed_Spruce_Bark_Beetle",3.94132,47.34541
"Eight-Toothed_Spruce_Bark_Beetle",5.94709,46.81854
"Eight-Toothed_Spruce_Bark_Beetle",3.67418,45.35338
"Eight-Toothed_Spruce_Bark_Beetle",5.03872,48.41557
"Eight-Toothed_Spruce_Bark_Beetle",5.67908,45.84816
"Eight-Toothed_Spruce_Bark_Beetle",6.24946,45.4689
"Eight-Toothed_Spruce_Bark_Beetle",7.06053,48.05499
"Eight-Toothed_Spruce_Bark_Beetle",2.40725,45.91366
"Eight-Toothed_Spruce_Bark_Beetle",7.81442,49.03912
"Eight-Toothed_Spruce_Bark_Beetle",1.90905,45.51127
"Eight-Toothed_Spruce_Bark_Beetle",5.14786,48.6571
"Eight-Toothed_Spruce_Bark_Beetle",1.62297,45.31271
"Eight-Toothed_Spruce_Bark_Beetle",3.63706,47.89723
"Eight-Toothed_Spruce_Bark_Beetle",3.51635,45.65517
"Eight-Toothed_Spruce_Bark_Beetle",4.84614,49.20855
"Eight-Toothed_Spruce_Bark_Beetle",3.91348,47.14554
"Eight-Toothed_Spruce_Bark_Beetle",5.51336,48.18626
"Eight-Toothed_Spruce_Bark_Beetle",7.2106,48.73253
"Eight-Toothed_Spruce_Bark_Beetle",2.00313,45.21494
"Eight-Toothed_Spruce_Bark_Beetle",6.2614,48.09125
"Eight-Toothed_Spruce_Bark_Beetle",2.16147,43.36618
"Eight-Toothed_Spruce_Bark_Beetle",2.53925,43.80927
"Eight-Toothed_Spruce_Bark_Beetle",1.47899,46.00506
"Eight-Toothed_Spruce_Bark_Beetle",6.37264,49.39105
"Eight-Toothed_Spruce_Bark_Beetle",2.11352,45.42393
"Eight-Toothed_Spruce_Bark_Beetle",1.7064,45.24801
"Eight-Toothed_Spruce_Bark_Beetle",6.99971,48.23753
"Eight-Toothed_Spruce_Bark_Beetle",4.63248,49.68876
"Eight-Toothed_Spruce_Bark_Beetle",5.36983,47.27288
"Eight-Toothed_Spruce_Bark_Beetle",5.58144,48.8915
"Eight-Toothed_Spruce_Bark_Beetle",4.40695,49.65233
"Eight-Toothed_Spruce_Bark_Beetle",6.3394,47.08263
"Eight-Toothed_Spruce_Bark_Beetle",5.4516,49.14774
"Eight-Toothed_Spruce_Bark_Beetle",7.38466,48.39085
"Eight-Toothed_Spruce_Bark_Beetle",6.36477,48.46927
"Eight-Toothed_Spruce_Bark_Beetle",3.87215,44.76552
"Eight-Toothed_Spruce_Bark_Beetle",1.84594,42.93386
"Eight-Toothed_Spruce_Bark_Beetle",2.33783,49.26229
"Eight-Toothed_Spruce_Bark_Beetle",5.65131,49.41126
"Eight-Toothed_Spruce_Bark_Beetle",2.52242,44.89574
"Eight-Toothed_Spruce_Bark_Beetle",5.89352,47.63929
"Eight-Toothed_Spruce_Bark_Beetle",3.27929,47.02542
"Eight-Toothed_Spruce_Bark_Beetle",5.90133,48.93275
"Eight-Toothed_Spruce_Bark_Beetle",5.63654,46.52538
"Eight-Toothed_Spruce_Bark_Beetle",6.7825,47.47355
"Eight-Toothed_Spruce_Bark_Beetle",3.46602,45.22725
"Eight-Toothed_Spruce_Bark_Beetle",3.40503,47.1188
"Eight-Toothed_Spruce_Bark_Beetle",4.99726,49.73303
"Eight-Toothed_Spruce_Bark_Beetle",2.81507,44.77556
"Eight-Toothed_Spruce_Bark_Beetle",3.84457,45.75738
"Eight-Toothed_Spruce_Bark_Beetle",1.58177,45.30032
"Eight-Toothed_Spruce_Bark_Beetle",6.79706,47.2044
"Eight-Toothed_Spruce_Bark_Beetle",4.30967,48.18594
"Eight-Toothed_Spruce_Bark_Beetle",6.24707,48.14403
"Eight-Toothed_Spruce_Bark_Beetle",2.24382,45.96345
"Eight-Toothed_Spruce_Bark_Beetle",6.54688,46.04828
"Eight-Toothed_Spruce_Bark_Beetle",6.83347,47.25065
"Eight-Toothed_Spruce_Bark_Beetle",6.01268,48.93242
"Eight-Toothed_Spruce_Bark_Beetle",7.52403,48.87126
"Eight-Toothed_Spruce_Bark_Beetle",4.33982,45.26519
"Eight-Toothed_Spruce_Bark_Beetle",3.059,48.30103
"Eight-Toothed_Spruce_Bark_Beetle",5.00588,48.68845
"Eight-Toothed_Spruce_Bark_Beetle",5.69421,48.56397
"Eight-Toothed_Spruce_Bark_Beetle",5.54988,46.28976
"Eight-Toothed_Spruce_Bark_Beetle",6.31915,48.45533
"Eight-Toothed_Spruce_Bark_Beetle",1.75095,42.91889
"Eight-Toothed_Spruce_Bark_Beetle",3.45881,47.1965
"Eight-Toothed_Spruce_Bark_Beetle",4.22293,47.81997
"Eight-Toothed_Spruce_Bark_Beetle",4.64218,47.3006
"Eight-Toothed_Spruce_Bark_Beetle",2.55131,43.87791
"Eight-Toothed_Spruce_Bark_Beetle",7.12816,48.67126
"Eight-Toothed_Spruce_Bark_Beetle",4.17346,47.20977
"Eight-Toothed_Spruce_Bark_Beetle",6.81035,47.43263
"Eight-Toothed_Spruce_Bark_Beetle",1.56136,45.94274
"Eight-Toothed_Spruce_Bark_Beetle",5.64159,48.61606
"Eight-Toothed_Spruce_Bark_Beetle",6.31544,46.83236
"Eight-Toothed_Spruce_Bark_Beetle",3.8956,45.02778
"Eight-Toothed_Spruce_Bark_Beetle",6.04432,48.03255
"Eight-Toothed_Spruce_Bark_Beetle",2.82274,45.20842
"Eight-Toothed_Spruce_Bark_Beetle",5.45643,48.55171
"Eight-Toothed_Spruce_Bark_Beetle",6.80614,48.17852
"Eight-Toothed_Spruce_Bark_Beetle",2.79152,45.34876
"Eight-Toothed_Spruce_Bark_Beetle",4.38255,47.63987
"Eight-Toothed_Spruce_Bark_Beetle",3.77767,46.91262
"Eight-Toothed_Spruce_Bark_Beetle",4.07007,44.93557
"Eight-Toothed_Spruce_Bark_Beetle",6.3394,47.08263
"Eight-Toothed_Spruce_Bark_Beetle",7.3807,48.64098
"Eight-Toothed_Spruce_Bark_Beetle",6.96043,47.46763
"Eight-Toothed_Spruce_Bark_Beetle",5.27543,49.63642
"Eight-Toothed_Spruce_Bark_Beetle",2.22097,45.81635
"Eight-Toothed_Spruce_Bark_Beetle",2.21892,45.56401
"Eight-Toothed_Spruce_Bark_Beetle",7.11776,48.92828
"Eight-Toothed_Spruce_Bark_Beetle",1.95571,45.67319
"Eight-Toothed_Spruce_Bark_Beetle",5.48537,46.30548
"Eight-Toothed_Spruce_Bark_Beetle",1.15333,49.22072
"Eight-Toothed_Spruce_Bark_Beetle",6.52275,49.41466
"Eight-Toothed_Spruce_Bark_Beetle",6.57308,47.68931
"Eight-Toothed_Spruce_Bark_Beetle",5.41157,48.37521
"Eight-Toothed_Spruce_Bark_Beetle",1.76311,45.27309
"Eight-Toothed_Spruce_Bark_Beetle",2.99874,45.47437
"Eight-Toothed_Spruce_Bark_Beetle",0.54635,48.37221
"Eight-Toothed_Spruce_Bark_Beetle",6.53544,48.87811
"Eight-Toothed_Spruce_Bark_Beetle",3.74316,49.07366
"Eight-Toothed_Spruce_Bark_Beetle",6.06294,45.91901
"Eight-Toothed_Spruce_Bark_Beetle",3.75304,45.26467
"Eight-Toothed_Spruce_Bark_Beetle",2.27343,45.65412
"Eight-Toothed_Spruce_Bark_Beetle",4.35795,49.62826
"Eight-Toothed_Spruce_Bark_Beetle",3.4121,45.6
"Eight-Toothed_Spruce_Bark_Beetle",4.16283,47.0934
"Eight-Toothed_Spruce_Bark_Beetle",4.01569,47.04046
"Eight-Toothed_Spruce_Bark_Beetle",7.76776,48.57125
"Eight-Toothed_Spruce_Bark_Beetle",3.81816,45.40784
"Eight-Toothed_Spruce_Bark_Beetle",6.52332,48.19688
"Eight-Toothed_Spruce_Bark_Beetle",4.66959,48.20468
"Eight-Toothed_Spruce_Bark_Beetle",6.3002,48.67097
"Eight-Toothed_Spruce_Bark_Beetle",6.82455,48.01981
"Eight-Toothed_Spruce_Bark_Beetle",7.35538,48.24673
"Eight-Toothed_Spruce_Bark_Beetle",4.94949,48.31605
"Eight-Toothed_Spruce_Bark_Beetle",6.04133,46.93919
"Eight-Toothed_Spruce_Bark_Beetle",6.32275,48.02831
"Eight-Toothed_Spruce_Bark_Beetle",5.76544,49.35689
"Eight-Toothed_Spruce_Bark_Beetle",5.64841,46.75924
"Eight-Toothed_Spruce_Bark_Beetle",6.30575,46.3608
"Eight-Toothed_Spruce_Bark_Beetle",2.30474,45.54995
"Eight-Toothed_Spruce_Bark_Beetle",7.22993,48.3629
"Eight-Toothed_Spruce_Bark_Beetle",6.00078,49.38854
"Eight-Toothed_Spruce_Bark_Beetle",5.89836,46.74498
"Eight-Toothed_Spruce_Bark_Beetle",3.55654,48.13063
"Eight-Toothed_Spruce_Bark_Beetle",2.11764,45.69685
"Eight-Toothed_Spruce_Bark_Beetle",3.60916,45.32969
"Eight-Toothed_Spruce_Bark_Beetle",4.15632,47.27318
"Eight-Toothed_Spruce_Bark_Beetle",7.20783,48.26814
"Eight-Toothed_Spruce_Bark_Beetle",3.32535,45.4507
"Eight-Toothed_Spruce_Bark_Beetle",5.52954,46.4043
"Eight-Toothed_Spruce_Bark_Beetle",1.66211,46.30376
"Eight-Toothed_Spruce_Bark_Beetle",4.87953,47.93373
"Eight-Toothed_Spruce_Bark_Beetle",5.96258,46.56967
"Eight-Toothed_Spruce_Bark_Beetle",6.62106,47.02254
"Eight-Toothed_Spruce_Bark_Beetle",6.43049,48.4471
"Eight-Toothed_Spruce_Bark_Beetle",2.76582,44.93555
"Eight-Toothed_Spruce_Bark_Beetle",3.82911,45.77069
"Eight-Toothed_Spruce_Bark_Beetle",7.10525,48.0108
"Eight-Toothed_Spruce_Bark_Beetle",7.37394,48.25873
"Eight-Toothed_Spruce_Bark_Beetle",5.16736,48.02221
"Eight-Toothed_Spruce_Bark_Beetle",6.23516,47.36151
"Eight-Toothed_Spruce_Bark_Beetle",3.70332,49.53843
"Eight-Toothed_Spruce_Bark_Beetle",5.9255,47.42634
"Eight-Toothed_Spruce_Bark_Beetle",1.55934,42.93061
"Eight-Toothed_Spruce_Bark_Beetle",6.05454,48.07763
"Eight-Toothed_Spruce_Bark_Beetle",7.29115,48.76323
"Eight-Toothed_Spruce_Bark_Beetle",4.96373,49.68951
"Eight-Toothed_Spruce_Bark_Beetle",7.26365,48.85465
"Eight-Toothed_Spruce_Bark_Beetle",4.11072,47.41766
"Eight-Toothed_Spruce_Bark_Beetle",3.63791,45.46125
"Eight-Toothed_Spruce_Bark_Beetle",6.23437,46.79929
"Eight-Toothed_Spruce_Bark_Beetle",5.47611,46.07194
"Eight-Toothed_Spruce_Bark_Beetle",2.39224,45.61336
"Eight-Toothed_Spruce_Bark_Beetle",6.06707,49.44628
"Eight-Toothed_Spruce_Bark_Beetle",6.03117,47.62812
"Eight-Toothed_Spruce_Bark_Beetle",5.88447,49.09692
"Eight-Toothed_Spruce_Bark_Beetle",4.65251,47.24914
"Eight-Toothed_Spruce_Bark_Beetle",3.09163,43.8097
"Eight-Toothed_Spruce_Bark_Beetle",5.68409,46.65883
"Eight-Toothed_Spruce_Bark_Beetle",4.14236,47.56507
"Eight-Toothed_Spruce_Bark_Beetle",2.52558,45.87586
"Eight-Toothed_Spruce_Bark_Beetle",2.88232,44.94633
"Eight-Toothed_Spruce_Bark_Beetle",4.48575,47.32234
"Eight-Toothed_Spruce_Bark_Beetle",1.50436,42.88341
"Eight-Toothed_Spruce_Bark_Beetle",6.11176,47.0471
"Eight-Toothed_Spruce_Bark_Beetle",5.90622,46.60752
"Eight-Toothed_Spruce_Bark_Beetle",5.05101,48.60856
"Eight-Toothed_Spruce_Bark_Beetle",-0.07698,43.1076
"Eight-Toothed_Spruce_Bark_Beetle",6.13667,47.59325
"Eight-Toothed_Spruce_Bark_Beetle",5.50646,48.49317
"Eight-Toothed_Spruce_Bark_Beetle",2.37557,45.88893
"Eight-Toothed_Spruce_Bark_Beetle",4.13939,48.05528
"Eight-Toothed_Spruce_Bark_Beetle",7.12879,48.49847
"Eight-Toothed_Spruce_Bark_Beetle",6.78016,47.13581
"Eight-Toothed_Spruce_Bark_Beetle",4.85198,49.65522
"Eight-Toothed_Spruce_Bark_Beetle",5.22639,49.67645
"Eight-Toothed_Spruce_Bark_Beetle",5.43427,48.89885
"Eight-Toothed_Spruce_Bark_Beetle",1.76779,45.50791
"Eight-Toothed_Spruce_Bark_Beetle",6.94059,48.18487
"Eight-Toothed_Spruce_Bark_Beetle",7.36658,48.44329
"Eight-Toothed_Spruce_Bark_Beetle",0.77011,42.91546
"Eight-Toothed_Spruce_Bark_Beetle",4.73497,49.9929
"Eight-Toothed_Spruce_Bark_Beetle",4.91987,48.74361
"Eight-Toothed_Spruce_Bark_Beetle",6.84955,48.57079
"Eight-Toothed_Spruce_Bark_Beetle",3.69048,44.70984
"Eight-Toothed_Spruce_Bark_Beetle",4.87927,47.45908
"Eight-Toothed_Spruce_Bark_Beetle",5.89701,47.70958
"Eight-Toothed_Spruce_Bark_Beetle",0.93873,42.9264
"Eight-Toothed_Spruce_Bark_Beetle",6.49281,48.81959
"Eight-Toothed_Spruce_Bark_Beetle",5.95703,48.06714
"Eight-Toothed_Spruce_Bark_Beetle",7.13741,48.42424
"Eight-Toothed_Spruce_Bark_Beetle",5.87394,46.82809
"Eight-Toothed_Spruce_Bark_Beetle",2.11352,45.42393
"Eight-Toothed_Spruce_Bark_Beetle",6.41794,48.34728
"Eight-Toothed_Spruce_Bark_Beetle",7.1961,48.37368
"Eight-Toothed_Spruce_Bark_Beetle",2.20348,45.26141
"Eight-Toothed_Spruce_Bark_Beetle",7.24382,48.90198
"Eight-Toothed_Spruce_Bark_Beetle",5.96405,48.63996
"Eight-Toothed_Spruce_Bark_Beetle",6.59827,48.54451
"Eight-Toothed_Spruce_Bark_Beetle",6.01908,47.86961
"Eight-Toothed_Spruce_Bark_Beetle",3.99701,44.7293
"Eight-Toothed_Spruce_Bark_Beetle",6.08237,46.55655
"Eight-Toothed_Spruce_Bark_Beetle",6.18256,46.73324
"Eight-Toothed_Spruce_Bark_Beetle",3.70035,48.9437
"Eight-Toothed_Spruce_Bark_Beetle",2.23174,44.88386
"Eight-Toothed_Spruce_Bark_Beetle",1.75038,45.31488
"Eight-Toothed_Spruce_Bark_Beetle",5.58144,48.8915
"Eight-Toothed_Spruce_Bark_Beetle",4.69681,49.41483
"Eight-Toothed_Spruce_Bark_Beetle",7.14561,48.94845
"Eight-Toothed_Spruce_Bark_Beetle",5.80148,49.41706
"Eight-Toothed_Spruce_Bark_Beetle",2.85289,49.39926
"Eight-Toothed_Spruce_Bark_Beetle",1.56645,49.86396
"Eight-Toothed_Spruce_Bark_Beetle",5.52959,49.34639
"Eight-Toothed_Spruce_Bark_Beetle",4.1301,44.85532
"Eight-Toothed_Spruce_Bark_Beetle",6.37987,48.70831
"Eight-Toothed_Spruce_Bark_Beetle",6.20305,47.97751
"Eight-Toothed_Spruce_Bark_Beetle",4.19026,49.82532
"Eight-Toothed_Spruce_Bark_Beetle",2.47351,46.93907
"Eight-Toothed_Spruce_Bark_Beetle",2.14045,45.55436
"Eight-Toothed_Spruce_Bark_Beetle",3.73273,45.30698
"Eight-Toothed_Spruce_Bark_Beetle",1.81037,49.82319
"Eight-Toothed_Spruce_Bark_Beetle",1.55586,45.87422
"Eight-Toothed_Spruce_Bark_Beetle",6.29384,47.92409
"Eight-Toothed_Spruce_Bark_Beetle",2.52242,44.89574
"Eight-Toothed_Spruce_Bark_Beetle",6.69848,48.03145
"Eight-Toothed_Spruce_Bark_Beetle",6.15311,48.18642
"Eight-Toothed_Spruce_Bark_Beetle",4.31992,47.89086
"Eight-Toothed_Spruce_Bark_Beetle",5.21073,47.88425
"Eight-Toothed_Spruce_Bark_Beetle",5.68574,47.39145
"Eight-Toothed_Spruce_Bark_Beetle",2.18938,43.4243
"Eight-Toothed_Spruce_Bark_Beetle",4.43288,45.14373
"Eight-Toothed_Spruce_Bark_Beetle",4.23524,47.36003
"Eight-Toothed_Spruce_Bark_Beetle",6.56123,48.56361
"Eight-Toothed_Spruce_Bark_Beetle",6.29266,47.1385
"Eight-Toothed_Spruce_Bark_Beetle",6.44246,48.52015
"Eight-Toothed_Spruce_Bark_Beetle",1.98742,46.13851
"Eight-Toothed_Spruce_Bark_Beetle",5.47488,49.36454
"Eight-Toothed_Spruce_Bark_Beetle",5.40971,49.26179
"Eight-Toothed_Spruce_Bark_Beetle",6.71405,48.88198
"Eight-Toothed_Spruce_Bark_Beetle",7.16667,48.3177
"Eight-Toothed_Spruce_Bark_Beetle",6.03059,48.2816
"Eight-Toothed_Spruce_Bark_Beetle",5.55963,46.63501
"Eight-Toothed_Spruce_Bark_Beetle",4.34544,45.21491
"Eight-Toothed_Spruce_Bark_Beetle",5.77916,49.28818
"Eight-Toothed_Spruce_Bark_Beetle",6.91816,48.21536
"Eight-Toothed_Spruce_Bark_Beetle",5.79681,45.14363
"Eight-Toothed_Spruce_Bark_Beetle",6.12242,48.72087
"Eight-Toothed_Spruce_Bark_Beetle",3.81292,45.95876
"Eight-Toothed_Spruce_Bark_Beetle",4.48575,47.32234
"Eight-Toothed_Spruce_Bark_Beetle",4.27919,48.1093
"Eight-Toothed_Spruce_Bark_Beetle",2.44369,45.88893
"Eight-Toothed_Spruce_Bark_Beetle",1.79614,45.46721
"Eight-Toothed_Spruce_Bark_Beetle",5.50064,46.49603
"Eight-Toothed_Spruce_Bark_Beetle",6.04272,48.70503
"Eight-Toothed_Spruce_Bark_Beetle",5.12643,48.63512
"Eight-Toothed_Spruce_Bark_Beetle",5.22259,48.16837
"Eight-Toothed_Spruce_Bark_Beetle",5.57342,46.65382
"Eight-Toothed_Spruce_Bark_Beetle",5.97617,46.75112
"Eight-Toothed_Spruce_Bark_Beetle",6.47283,48.74779
"Eight-Toothed_Spruce_Bark_Beetle",2.27409,45.86177
"Eight-Toothed_Spruce_Bark_Beetle",1.561,46.03145
"Eight-Toothed_Spruce_Bark_Beetle",1.98676,45.52637
"Eight-Toothed_Spruce_Bark_Beetle",4.6613,48.41532
"Eight-Toothed_Spruce_Bark_Beetle",5.14051,48.68716
"Eight-Toothed_Spruce_Bark_Beetle",5.89085,44.68478
"Eight-Toothed_Spruce_Bark_Beetle",5.79959,46.43316
"Eight-Toothed_Spruce_Bark_Beetle",-0.14008,48.07831
"Eight-Toothed_Spruce_Bark_Beetle",5.17189,47.93403
"Eight-Toothed_Spruce_Bark_Beetle",5.71047,48.13704
"Eight-Toothed_Spruce_Bark_Beetle",2.92362,45.58639
"Eight-Toothed_Spruce_Bark_Beetle",6.67554,47.7612
"Eight-Toothed_Spruce_Bark_Beetle",5.20112,48.49859
"Eight-Toothed_Spruce_Bark_Beetle",5.91709,45.55191
"Eight-Toothed_Spruce_Bark_Beetle",1.11554,45.44999
"Eight-Toothed_Spruce_Bark_Beetle",2.04967,45.32091
"Eight-Toothed_Spruce_Bark_Beetle",6.24358,48.84687
"Eight-Toothed_Spruce_Bark_Beetle",7.00622,48.55511
"Eight-Toothed_Spruce_Bark_Beetle",5.35626,48.89246
"Eight-Toothed_Spruce_Bark_Beetle",4.16074,49.14422
"Eight-Toothed_Spruce_Bark_Beetle",6.88474,48.16742
"Eight-Toothed_Spruce_Bark_Beetle",5.83393,47.50791
"Eight-Toothed_Spruce_Bark_Beetle",5.41653,48.25098
"Eight-Toothed_Spruce_Bark_Beetle",1.72575,49.80139
"Eight-Toothed_Spruce_Bark_Beetle",1.3653,45.99452
"Eight-Toothed_Spruce_Bark_Beetle",4.76371,49.83218
"Eight-Toothed_Spruce_Bark_Beetle",6.45294,47.85611
"Eight-Toothed_Spruce_Bark_Beetle",10.267259,63.083823
"Eight-Toothed_Spruce_Bark_Beetle",10.298709,63.073919
"Eight-Toothed_Spruce_Bark_Beetle",10.269891,63.096138
"Eight-Toothed_Spruce_Bark_Beetle",15.7494,56.83712
"Eight-Toothed_Spruce_Bark_Beetle",20.18564,64.26501
"Eight-Toothed_Spruce_Bark_Beetle",16.25787,58.27599
"Eight-Toothed_Spruce_Bark_Beetle",17.084951,49.304129
"Eight-Toothed_Spruce_Bark_Beetle",16.75651,59.12165
"Eight-Toothed_Spruce_Bark_Beetle",17.03089,58.69011
"Eight-Toothed_Spruce_Bark_Beetle",18.23593,59.46603
"Eight-Toothed_Spruce_Bark_Beetle",18.14664,59.3123
"Eight-Toothed_Spruce_Bark_Beetle",17.03916,58.68993
"Eight-Toothed_Spruce_Bark_Beetle",14.57824,58.01254
"Eight-Toothed_Spruce_Bark_Beetle",15.52931,60.92798
"Eight-Toothed_Spruce_Bark_Beetle",17.66536,59.81803
"Eight-Toothed_Spruce_Bark_Beetle",5.48326,51.43876
"Eight-Toothed_Spruce_Bark_Beetle",11.1276,59.2855
"Eight-Toothed_Spruce_Bark_Beetle",16.14257,58.99636
"Eight-Toothed_Spruce_Bark_Beetle",17.02888,58.68201
"Eight-Toothed_Spruce_Bark_Beetle",15.65256,59.92762
"Eight-Toothed_Spruce_Bark_Beetle",17.66593,59.81774
"Eight-Toothed_Spruce_Bark_Beetle",16.42375,59.08477
"Eight-Toothed_Spruce_Bark_Beetle",17.03968,58.69047
"Eight-Toothed_Spruce_Bark_Beetle",17.76704,59.48213
"Eight-Toothed_Spruce_Bark_Beetle",12.71962,56.09248
"Eight-Toothed_Spruce_Bark_Beetle",16.32279,58.82653
"Eight-Toothed_Spruce_Bark_Beetle",15.86941,56.89684
"Eight-Toothed_Spruce_Bark_Beetle",15.08257,59.53372
"Eight-Toothed_Spruce_Bark_Beetle",16.53793,58.80745
"Eight-Toothed_Spruce_Bark_Beetle",10.709059,59.779298
"Eight-Toothed_Spruce_Bark_Beetle",9.056464,58.899636
"Eight-Toothed_Spruce_Bark_Beetle",11.02108,60.810533
"Eight-Toothed_Spruce_Bark_Beetle",10.655016,59.567133
"Eight-Toothed_Spruce_Bark_Beetle",9.903288,58.98235
"Eight-Toothed_Spruce_Bark_Beetle",10.125567,59.063171
"Eight-Toothed_Spruce_Bark_Beetle",9.899821,58.97773
"Eight-Toothed_Spruce_Bark_Beetle",10.66029,59.542949
"Eight-Toothed_Spruce_Bark_Beetle",12.317843,64.224751
"Eight-Toothed_Spruce_Bark_Beetle",10.534894,59.670641
"Eight-Toothed_Spruce_Bark_Beetle",10.506273,59.691098
"Eight-Toothed_Spruce_Bark_Beetle",10.534894,59.670641
"Eight-Toothed_Spruce_Bark_Beetle",10.065614,59.542749
"Eight-Toothed_Spruce_Bark_Beetle",10.57353,63.340228
"Eight-Toothed_Spruce_Bark_Beetle",12.751334,61.365355
"Eight-Toothed_Spruce_Bark_Beetle",9.975234,59.254235
"Eight-Toothed_Spruce_Bark_Beetle",10.65225,59.570359
"Eight-Toothed_Spruce_Bark_Beetle",10.534894,59.670641
"Eight-Toothed_Spruce_Bark_Beetle",10.048752,63.061241
"Eight-Toothed_Spruce_Bark_Beetle",9.947117,63.111844
"Eight-Toothed_Spruce_Bark_Beetle",10.324167,63.345145
"Eight-Toothed_Spruce_Bark_Beetle",10.759724,59.555259
"Eight-Toothed_Spruce_Bark_Beetle",10.657374,60.793582
"Eight-Toothed_Spruce_Bark_Beetle",10.627539,59.972357
"Eight-Toothed_Spruce_Bark_Beetle",10.616949,59.87823
"Eight-Toothed_Spruce_Bark_Beetle",9.528118,59.912236
"Eight-Toothed_Spruce_Bark_Beetle",8.676368,59.883084
"Eight-Toothed_Spruce_Bark_Beetle",10.616949,59.87823
"Eight-Toothed_Spruce_Bark_Beetle",10.224185,59.686329
"Eight-Toothed_Spruce_Bark_Beetle",10.256751,60.160997
"Eight-Toothed_Spruce_Bark_Beetle",11.64218,60.294857
"Eight-Toothed_Spruce_Bark_Beetle",10.78816,59.922362
"Eight-Toothed_Spruce_Bark_Beetle",9.649788,59.668788
"Eight-Toothed_Spruce_Bark_Beetle",11.435175,59.057089
"Eight-Toothed_Spruce_Bark_Beetle",10.672056,59.96511
"Eight-Toothed_Spruce_Bark_Beetle",12.063049,60.02738
"Eight-Toothed_Spruce_Bark_Beetle",11.373215,61.131966
"Eight-Toothed_Spruce_Bark_Beetle",10.819446,59.921934
"Eight-Toothed_Spruce_Bark_Beetle",9.625509,60.854965
"Eight-Toothed_Spruce_Bark_Beetle",10.687611,59.968055
"Eight-Toothed_Spruce_Bark_Beetle",13.961418,66.42237
"Eight-Toothed_Spruce_Bark_Beetle",11.64218,60.294857
"Eight-Toothed_Spruce_Bark_Beetle",8.69578,58.412214
"Eight-Toothed_Spruce_Bark_Beetle",10.638236,59.91506
"Eight-Toothed_Spruce_Bark_Beetle",10.78816,59.922362
"Eight-Toothed_Spruce_Bark_Beetle",10.78816,59.922362
"Eight-Toothed_Spruce_Bark_Beetle",10.78816,59.922362
"Eight-Toothed_Spruce_Bark_Beetle",10.78816,59.922362
"Eight-Toothed_Spruce_Bark_Beetle",9.396866,58.872609
"Eight-Toothed_Spruce_Bark_Beetle",9.649788,59.668788
"Eight-Toothed_Spruce_Bark_Beetle",10.672056,59.96511
"Eight-Toothed_Spruce_Bark_Beetle",10.048881,60.066541
"Eight-Toothed_Spruce_Bark_Beetle",11.62304,60.885172
"Eight-Toothed_Spruce_Bark_Beetle",10.200061,59.744343
"Eight-Toothed_Spruce_Bark_Beetle",10.681561,59.907015
"Eight-Toothed_Spruce_Bark_Beetle",10.776306,59.939902
"Eight-Toothed_Spruce_Bark_Beetle",9.009619,59.478138
"Eight-Toothed_Spruce_Bark_Beetle",10.78816,59.922362
"Eight-Toothed_Spruce_Bark_Beetle",10.78816,59.922362
"Eight-Toothed_Spruce_Bark_Beetle",10.438811,59.834449
"Eight-Toothed_Spruce_Bark_Beetle",11.11218,63.986975
"Eight-Toothed_Spruce_Bark_Beetle",13.168618,64.92792
"Eight-Toothed_Spruce_Bark_Beetle",10.18143,63.304886
"Eight-Toothed_Spruce_Bark_Beetle",11.405921,64.387521
"Eight-Toothed_Spruce_Bark_Beetle",10.665007,59.992412
"Eight-Toothed_Spruce_Bark_Beetle",12.35161,61.358701
"Eight-Toothed_Spruce_Bark_Beetle",13.426344,65.961312
"Eight-Toothed_Spruce_Bark_Beetle",10.246332,60.773782
"Eight-Toothed_Spruce_Bark_Beetle",11.87275,64.483116
"Eight-Toothed_Spruce_Bark_Beetle",12.113359,63.978211
"Eight-Toothed_Spruce_Bark_Beetle",11.43319,63.919004
"Eight-Toothed_Spruce_Bark_Beetle",8.94532,60.702523
"Eight-Toothed_Spruce_Bark_Beetle",8.562197,60.628285
"Eight-Toothed_Spruce_Bark_Beetle",8.651008,58.526255
"Eight-Toothed_Spruce_Bark_Beetle",10.165216,59.304596
"Eight-Toothed_Spruce_Bark_Beetle",10.165216,59.304596
"Eight-Toothed_Spruce_Bark_Beetle",8.767424,59.993633
"Eight-Toothed_Spruce_Bark_Beetle",9.067845,59.422938
"Eight-Toothed_Spruce_Bark_Beetle",8.482604,59.434503
"Eight-Toothed_Spruce_Bark_Beetle",13.406914,65.53412
"Eight-Toothed_Spruce_Bark_Beetle",13.548843,66.102055
"Eight-Toothed_Spruce_Bark_Beetle",13.988882,65.595642
"Eight-Toothed_Spruce_Bark_Beetle",12.378768,64.245817
"Eight-Toothed_Spruce_Bark_Beetle",9.255075,59.281224
"Eight-Toothed_Spruce_Bark_Beetle",9.60371,59.227718
"Eight-Toothed_Spruce_Bark_Beetle",11.500386,60.577604
"Eight-Toothed_Spruce_Bark_Beetle",11.500386,60.577604
"Eight-Toothed_Spruce_Bark_Beetle",11.044783,60.41632
"Eight-Toothed_Spruce_Bark_Beetle",9.345397,61.418167
"Eight-Toothed_Spruce_Bark_Beetle",11.072578,60.812333
"Eight-Toothed_Spruce_Bark_Beetle",10.849999,61.736308
"Eight-Toothed_Spruce_Bark_Beetle",9.295231,59.984529
"Eight-Toothed_Spruce_Bark_Beetle",10.990254,64.017426
"Eight-Toothed_Spruce_Bark_Beetle",12.486104,64.560888
"Eight-Toothed_Spruce_Bark_Beetle",11.733397,64.092087
"Eight-Toothed_Spruce_Bark_Beetle",11.482271,63.793537
"Eight-Toothed_Spruce_Bark_Beetle",13.258606,65.981492
"Eight-Toothed_Spruce_Bark_Beetle",25.510545,69.472105
"Eight-Toothed_Spruce_Bark_Beetle",25.510545,69.472105
"Eight-Toothed_Spruce_Bark_Beetle",11.042765,63.218287
"Eight-Toothed_Spruce_Bark_Beetle",9.836472,62.878198
"Eight-Toothed_Spruce_Bark_Beetle",11.56549,63.0558
"Eight-Toothed_Spruce_Bark_Beetle",10.766903,59.666941
"Eight-Toothed_Spruce_Bark_Beetle",9.80526,59.184956
"Eight-Toothed_Spruce_Bark_Beetle",7.678592,58.949904
"Eight-Toothed_Spruce_Bark_Beetle",7.809678,58.585255
"Eight-Toothed_Spruce_Bark_Beetle",11.576016,60.183144
"Eight-Toothed_Spruce_Bark_Beetle",11.576016,60.183144
"Eight-Toothed_Spruce_Bark_Beetle",9.06937,61.143695
"Eight-Toothed_Spruce_Bark_Beetle",11.737555,64.094703
"Eight-Toothed_Spruce_Bark_Beetle",9.044508,61.030406
"Eight-Toothed_Spruce_Bark_Beetle",8.981736,61.090564
"Eight-Toothed_Spruce_Bark_Beetle",8.575388,61.125091
"Eight-Toothed_Spruce_Bark_Beetle",8.575388,61.125091
"Eight-Toothed_Spruce_Bark_Beetle",9.580028,59.792229
"Eight-Toothed_Spruce_Bark_Beetle",11.052848,63.609503
"Eight-Toothed_Spruce_Bark_Beetle",11.176051,61.760258
"Eight-Toothed_Spruce_Bark_Beetle",9.100604,60.568179
"Eight-Toothed_Spruce_Bark_Beetle",11.373215,61.131966
"Eight-Toothed_Spruce_Bark_Beetle",10.762828,59.667086
"Eight-Toothed_Spruce_Bark_Beetle",10.762828,59.667086
"Eight-Toothed_Spruce_Bark_Beetle",10.757446,59.672817
"Eight-Toothed_Spruce_Bark_Beetle",10.762828,59.667086
"Eight-Toothed_Spruce_Bark_Beetle",10.883748,60.043093
"Eight-Toothed_Spruce_Bark_Beetle",10.729355,59.974969
"Eight-Toothed_Spruce_Bark_Beetle",10.826612,59.948151
"Eight-Toothed_Spruce_Bark_Beetle",10.781441,60.010562
"Eight-Toothed_Spruce_Bark_Beetle",13.590069,64.467064
"Eight-Toothed_Spruce_Bark_Beetle",11.734165,63.429038
"Eight-Toothed_Spruce_Bark_Beetle",9.620196,60.179692
"Eight-Toothed_Spruce_Bark_Beetle",9.620196,60.179692
"Eight-Toothed_Spruce_Bark_Beetle",9.100604,60.568179
"Eight-Toothed_Spruce_Bark_Beetle",9.998606,59.972372
"Eight-Toothed_Spruce_Bark_Beetle",9.998606,59.972372
"Eight-Toothed_Spruce_Bark_Beetle",9.998606,59.972372
"Eight-Toothed_Spruce_Bark_Beetle",9.998606,59.972372
"Eight-Toothed_Spruce_Bark_Beetle",10.666702,59.804951
"Eight-Toothed_Spruce_Bark_Beetle",10.693261,59.233727
"Eight-Toothed_Spruce_Bark_Beetle",10.693261,59.233727
"Eight-Toothed_Spruce_Bark_Beetle",10.693261,59.233727
"Eight-Toothed_Spruce_Bark_Beetle",10.693261,59.233727
"Eight-Toothed_Spruce_Bark_Beetle",10.693261,59.233727
"Eight-Toothed_Spruce_Bark_Beetle",17.03105,58.68988
"Eight-Toothed_Spruce_Bark_Beetle",17.46302,58.74685
"Eight-Toothed_Spruce_Bark_Beetle",20.74156,67.89123
"Eight-Toothed_Spruce_Bark_Beetle",17.60696,59.8219
"Eight-Toothed_Spruce_Bark_Beetle",18.281029,49.516732
"Eight-Toothed_Spruce_Bark_Beetle",15.09686,56.50459
"Eight-Toothed_Spruce_Bark_Beetle",15.09686,56.50459
"Eight-Toothed_Spruce_Bark_Beetle",16.70885,58.49074
"Eight-Toothed_Spruce_Bark_Beetle",9.132264,59.052769
"Eight-Toothed_Spruce_Bark_Beetle",17.01485,58.68493
"Eight-Toothed_Spruce_Bark_Beetle",17.0183,58.68545
"Eight-Toothed_Spruce_Bark_Beetle",16.94955,59.1127
"Eight-Toothed_Spruce_Bark_Beetle",8.974435,51.521472
"Eight-Toothed_Spruce_Bark_Beetle",15.673,58.37265
"Eight-Toothed_Spruce_Bark_Beetle",16.0402,57.49651
"Eight-Toothed_Spruce_Bark_Beetle",18.13898,59.54393
"Eight-Toothed_Spruce_Bark_Beetle",18.21652,59.76075
"Eight-Toothed_Spruce_Bark_Beetle",17.72107,59.96366
"Eight-Toothed_Spruce_Bark_Beetle",10.508834,59.963531
"Eight-Toothed_Spruce_Bark_Beetle",15.0182,59.5588
"Eight-Toothed_Spruce_Bark_Beetle",17.08984,59.15376
"Eight-Toothed_Spruce_Bark_Beetle",9.917326,51.683052
"Eight-Toothed_Spruce_Bark_Beetle",8.645622,47.337941
"Eight-Toothed_Spruce_Bark_Beetle",4.920127,50.40692
"Eight-Toothed_Spruce_Bark_Beetle",16.61557,59.06524
"Eight-Toothed_Spruce_Bark_Beetle",18.77329,59.28146
"Eight-Toothed_Spruce_Bark_Beetle",16.29539,58.95771
"Eight-Toothed_Spruce_Bark_Beetle",14.8737,57.09051
"Eight-Toothed_Spruce_Bark_Beetle",12.63907,59.08092
"Eight-Toothed_Spruce_Bark_Beetle",17.56217,59.78223
"Eight-Toothed_Spruce_Bark_Beetle",16.28521,56.77246
"Eight-Toothed_Spruce_Bark_Beetle",13.0578,57.83261
"Eight-Toothed_Spruce_Bark_Beetle",16.76722,58.80837
"Eight-Toothed_Spruce_Bark_Beetle",16.42516,59.36589
"Eight-Toothed_Spruce_Bark_Beetle",16.10976,58.81545
"Eight-Toothed_Spruce_Bark_Beetle",16.42516,59.36589
"Eight-Toothed_Spruce_Bark_Beetle",15.7216,57.93483
"Eight-Toothed_Spruce_Bark_Beetle",16.03668,56.51742
"Eight-Toothed_Spruce_Bark_Beetle",20.61406,64.02098
"Eight-Toothed_Spruce_Bark_Beetle",16.56216,57.96857
"Eight-Toothed_Spruce_Bark_Beetle",15.78032,60.62751
"Eight-Toothed_Spruce_Bark_Beetle",17.25015,59.71139
"Eight-Toothed_Spruce_Bark_Beetle",15.00116,59.55015
"Eight-Toothed_Spruce_Bark_Beetle",15.95712,59.35631
"Eight-Toothed_Spruce_Bark_Beetle",16.61557,59.06524
"Eight-Toothed_Spruce_Bark_Beetle",18.02308,59.38267
"Eight-Toothed_Spruce_Bark_Beetle",18.01966,59.47915
"Eight-Toothed_Spruce_Bark_Beetle",17.54833,59.75813
"Eight-Toothed_Spruce_Bark_Beetle",17.56092,59.83485
"Eight-Toothed_Spruce_Bark_Beetle",17.97471,59.17828
"Eight-Toothed_Spruce_Bark_Beetle",16.23503,59.71995
"Eight-Toothed_Spruce_Bark_Beetle",16.40926,59.48399
"Eight-Toothed_Spruce_Bark_Beetle",16.37069,56.72185
"Eight-Toothed_Spruce_Bark_Beetle",16.09709,59.88154
"Eight-Toothed_Spruce_Bark_Beetle",18.08623,59.59776
"Eight-Toothed_Spruce_Bark_Beetle",15.31446,57.15255
"Eight-Toothed_Spruce_Bark_Beetle",17.84534,60.28814
"Eight-Toothed_Spruce_Bark_Beetle",16.42375,59.08477
"Eight-Toothed_Spruce_Bark_Beetle",13.95612,56.3539
"Eight-Toothed_Spruce_Bark_Beetle",12.21913,57.24966
"Eight-Toothed_Spruce_Bark_Beetle",17.57049,59.77176
"Eight-Toothed_Spruce_Bark_Beetle",16.13158,58.03598
"Eight-Toothed_Spruce_Bark_Beetle",15.25745,59.05438
"Eight-Toothed_Spruce_Bark_Beetle",17.07786,58.76732
"Eight-Toothed_Spruce_Bark_Beetle",16.19998,59.82434
"Eight-Toothed_Spruce_Bark_Beetle",16.20085,59.9233
"Eight-Toothed_Spruce_Bark_Beetle",16.21092,59.83045
"Eight-Toothed_Spruce_Bark_Beetle",15.21009,59.12203
"Eight-Toothed_Spruce_Bark_Beetle",17.65379,58.96469
"Eight-Toothed_Spruce_Bark_Beetle",13.58755,56.1527
"Eight-Toothed_Spruce_Bark_Beetle",15.74884,56.70589
"Eight-Toothed_Spruce_Bark_Beetle",14.94426,58.78598
"Eight-Toothed_Spruce_Bark_Beetle",12.22473,59.19652
"Eight-Toothed_Spruce_Bark_Beetle",13.02022,56.71755
"Eight-Toothed_Spruce_Bark_Beetle",12.09056,57.66089
"Eight-Toothed_Spruce_Bark_Beetle",12.89851,61.24089
"Eight-Toothed_Spruce_Bark_Beetle",16.30095,62.80945
"Eight-Toothed_Spruce_Bark_Beetle",15.606037,49.384998
"Eight-Toothed_Spruce_Bark_Beetle",11.567001,48.225332
"Eight-Toothed_Spruce_Bark_Beetle",25.00717,54.809083
"Eight-Toothed_Spruce_Bark_Beetle",17.4,65.4
"Eight-Toothed_Spruce_Bark_Beetle",132.794,43.122
"Eight-Toothed_Spruce_Bark_Beetle",14.1,66.34
"Eight-Toothed_Spruce_Bark_Beetle",11.7,64.2
"Eight-Toothed_Spruce_Bark_Beetle",11,63.2
"Eight-Toothed_Spruce_Bark_Beetle",14.2,63.1
"Eight-Toothed_Spruce_Bark_Beetle",15.3,66.1
"Eight-Toothed_Spruce_Bark_Beetle",132.794,43.122
"Eight-Toothed_Spruce_Bark_Beetle",133.222,44.456
"Eight-Toothed_Spruce_Bark_Beetle",133.222,44.456
"Eight-Toothed_Spruce_Bark_Beetle",3.859,44.473
"Eight-Toothed_Spruce_Bark_Beetle",11.2584,51.3025
"Eight-Toothed_Spruce_Bark_Beetle",11.2584,51.3025
"Eight-Toothed_Spruce_Bark_Beetle",10.8589,50.2966
"Eight-Toothed_Spruce_Bark_Beetle",10.8589,50.2966
"Eight-Toothed_Spruce_Bark_Beetle",12.4092,46.7962
"Eight-Toothed_Spruce_Bark_Beetle",12.417,46.794
"Eight-Toothed_Spruce_Bark_Beetle",10.6417,50.7571
"Eight-Toothed_Spruce_Bark_Beetle",13.4848,50.6811
"Eight-Toothed_Spruce_Bark_Beetle",13.4848,50.6811
"Eight-Toothed_Spruce_Bark_Beetle",10.6717,51.7735
"Eight-Toothed_Spruce_Bark_Beetle",10.9289,51.833
"Eight-Toothed_Spruce_Bark_Beetle",10.6876,50.6864
"Eight-Toothed_Spruce_Bark_Beetle",19.435732,52.06848
"Eight-Toothed_Spruce_Bark_Beetle",16.67026,64.97776
"Eight-Toothed_Spruce_Bark_Beetle",24.7212,60.1547
"Eight-Toothed_Spruce_Bark_Beetle",24.697,60.162
"Eight-Toothed_Spruce_Bark_Beetle",11.286712,63.72828
"Eight-Toothed_Spruce_Bark_Beetle",10.508834,59.963531
"Eight-Toothed_Spruce_Bark_Beetle",15.95085,56.93318
"Eight-Toothed_Spruce_Bark_Beetle",15.89516,56.76708
"Eight-Toothed_Spruce_Bark_Beetle",15.89526,56.767
"Eight-Toothed_Spruce_Bark_Beetle",15.0177,59.55669
"Eight-Toothed_Spruce_Bark_Beetle",12.774,61.91007
"Eight-Toothed_Spruce_Bark_Beetle",20.94721,66.4177
"Eight-Toothed_Spruce_Bark_Beetle",17.10402,63.4376
"Eight-Toothed_Spruce_Bark_Beetle",17.11374,63.44166
"Eight-Toothed_Spruce_Bark_Beetle",17.11374,63.44166
"Eight-Toothed_Spruce_Bark_Beetle",16.82303,60.25678
"Eight-Toothed_Spruce_Bark_Beetle",16.81881,60.25712
"Eight-Toothed_Spruce_Bark_Beetle",15.75311,56.83748
"Eight-Toothed_Spruce_Bark_Beetle",15.7494,56.70516
"Eight-Toothed_Spruce_Bark_Beetle",16.29846,62.80867
"Eight-Toothed_Spruce_Bark_Beetle",16.29846,62.80867
"Eight-Toothed_Spruce_Bark_Beetle",16.29995,62.809
"Eight-Toothed_Spruce_Bark_Beetle",16.29863,62.80945
"Eight-Toothed_Spruce_Bark_Beetle",16.29863,62.80945
"Eight-Toothed_Spruce_Bark_Beetle",16.30217,62.80915
"Eight-Toothed_Spruce_Bark_Beetle",16.30217,62.80915
"Eight-Toothed_Spruce_Bark_Beetle",16.30217,62.80915
"Eight-Toothed_Spruce_Bark_Beetle",19.06154,64.46312
"Eight-Toothed_Spruce_Bark_Beetle",19.06119,64.46294
"Eight-Toothed_Spruce_Bark_Beetle",19.06233,64.46343
"Eight-Toothed_Spruce_Bark_Beetle",15.97462,57.06124
"Eight-Toothed_Spruce_Bark_Beetle",14.8846,57.79116
"Eight-Toothed_Spruce_Bark_Beetle",14.8846,57.79116
"Eight-Toothed_Spruce_Bark_Beetle",15.88481,56.77775
"Eight-Toothed_Spruce_Bark_Beetle",16.32803,56.84588
"Eight-Toothed_Spruce_Bark_Beetle",13.41732,56.78741
"Eight-Toothed_Spruce_Bark_Beetle",13.41732,56.78741
"Eight-Toothed_Spruce_Bark_Beetle",13.41437,56.78828
"Eight-Toothed_Spruce_Bark_Beetle",13.41732,56.78741
"Eight-Toothed_Spruce_Bark_Beetle",13.41584,56.78796
"Eight-Toothed_Spruce_Bark_Beetle",13.41437,56.78828
"Eight-Toothed_Spruce_Bark_Beetle",13.41503,56.78651
"Eight-Toothed_Spruce_Bark_Beetle",13.41503,56.78651
"Eight-Toothed_Spruce_Bark_Beetle",13.41503,56.78651
"Eight-Toothed_Spruce_Bark_Beetle",13.41726,56.78756
"Eight-Toothed_Spruce_Bark_Beetle",15.97462,57.06124
"Eight-Toothed_Spruce_Bark_Beetle",15.80594,56.97414
"Eight-Toothed_Spruce_Bark_Beetle",15.79824,56.9422
"Eight-Toothed_Spruce_Bark_Beetle",15.79162,56.9266
"Eight-Toothed_Spruce_Bark_Beetle",15.79824,56.9422
"Eight-Toothed_Spruce_Bark_Beetle",15.79832,56.94134
"Eight-Toothed_Spruce_Bark_Beetle",15.79832,56.94134
"Eight-Toothed_Spruce_Bark_Beetle",18.37341,57.60955
"Eight-Toothed_Spruce_Bark_Beetle",19.71017,64.21526
"Eight-Toothed_Spruce_Bark_Beetle",13.63118,57.21859
"Eight-Toothed_Spruce_Bark_Beetle",18.74622,60.20935
"Eight-Toothed_Spruce_Bark_Beetle",16.72545,60.16341
"Eight-Toothed_Spruce_Bark_Beetle",16.73042,60.15568
"Eight-Toothed_Spruce_Bark_Beetle",16.72649,60.15711
"Eight-Toothed_Spruce_Bark_Beetle",13.818026,49.109502
"Eight-Toothed_Spruce_Bark_Beetle",10.835647,45.93049
"Eight-Toothed_Spruce_Bark_Beetle",10.907695,59.796403
"Eight-Toothed_Spruce_Bark_Beetle",13.61357,49.615472
"Eight-Toothed_Spruce_Bark_Beetle",6.12796,49.481041
"Eight-Toothed_Spruce_Bark_Beetle",17.9078,64.78143
"Eight-Toothed_Spruce_Bark_Beetle",18.41363,64.65982
"Eight-Toothed_Spruce_Bark_Beetle",18.6758,64.59565
"Eight-Toothed_Spruce_Bark_Beetle",18.31883,64.67625
"Eight-Toothed_Spruce_Bark_Beetle",18.31883,64.67625
"Eight-Toothed_Spruce_Bark_Beetle",18.31883,64.67625
"Eight-Toothed_Spruce_Bark_Beetle",18.37312,64.69783
"Eight-Toothed_Spruce_Bark_Beetle",17.0287,60.35803
"Eight-Toothed_Spruce_Bark_Beetle",13.80733,57.64603
"Eight-Toothed_Spruce_Bark_Beetle",18.71687,64.56753
"Eight-Toothed_Spruce_Bark_Beetle",16.26521,48.237505
"Eight-Toothed_Spruce_Bark_Beetle",6.13228,50.561033
"Eight-Toothed_Spruce_Bark_Beetle",17.37263,61.71439
"Eight-Toothed_Spruce_Bark_Beetle",25.0243,61.065193
"Eight-Toothed_Spruce_Bark_Beetle",22.99049,61.414099
"Eight-Toothed_Spruce_Bark_Beetle",24.694154,60.187689
"Eight-Toothed_Spruce_Bark_Beetle",24.7352,60.180765
"Eight-Toothed_Spruce_Bark_Beetle",26.121868,60.659899
"Eight-Toothed_Spruce_Bark_Beetle",24.788615,60.190646
"Eight-Toothed_Spruce_Bark_Beetle",22.390842,60.402605
"Eight-Toothed_Spruce_Bark_Beetle",22.450215,60.393864
"Eight-Toothed_Spruce_Bark_Beetle",22.581,62.787333
"Eight-Toothed_Spruce_Bark_Beetle",25.0243,61.065193
"Eight-Toothed_Spruce_Bark_Beetle",22.447601,60.386583
"Eight-Toothed_Spruce_Bark_Beetle",28.884887,61.248278
"Eight-Toothed_Spruce_Bark_Beetle",27.709776,62.9079
"Eight-Toothed_Spruce_Bark_Beetle",23.897924,61.497546
"Eight-Toothed_Spruce_Bark_Beetle",24.641502,61.602215
"Eight-Toothed_Spruce_Bark_Beetle",23.897924,61.497546
"Eight-Toothed_Spruce_Bark_Beetle",29.601637,62.661707
"Eight-Toothed_Spruce_Bark_Beetle",29.964456,62.385126
"Eight-Toothed_Spruce_Bark_Beetle",24.654884,60.198538
"Eight-Toothed_Spruce_Bark_Beetle",25.103241,66.275607
"Eight-Toothed_Spruce_Bark_Beetle",23.784129,60.776349
"Eight-Toothed_Spruce_Bark_Beetle",23.437653,60.587917
"Eight-Toothed_Spruce_Bark_Beetle",23.572153,61.040584
"Eight-Toothed_Spruce_Bark_Beetle",28.766919,61.252081
"Eight-Toothed_Spruce_Bark_Beetle",23.581804,60.951002
"Eight-Toothed_Spruce_Bark_Beetle",23.591393,60.861417
"Eight-Toothed_Spruce_Bark_Beetle",23.591393,60.861417
"Eight-Toothed_Spruce_Bark_Beetle",25.040559,61.249429
"Eight-Toothed_Spruce_Bark_Beetle",23.906824,61.40794
"Eight-Toothed_Spruce_Bark_Beetle",23.234687,60.762044
"Eight-Toothed_Spruce_Bark_Beetle",28.79293,61.220351
"Eight-Toothed_Spruce_Bark_Beetle",23.992707,60.511776
"Eight-Toothed_Spruce_Bark_Beetle",23.992707,60.511776
"Eight-Toothed_Spruce_Bark_Beetle",22.186116,61.12407
"Eight-Toothed_Spruce_Bark_Beetle",22.126816,60.254261
"Eight-Toothed_Spruce_Bark_Beetle",22.179733,61.119363
"Eight-Toothed_Spruce_Bark_Beetle",22.164752,61.134104
"Eight-Toothed_Spruce_Bark_Beetle",22.113542,61.132718
"Eight-Toothed_Spruce_Bark_Beetle",27.673946,60.724809
"Eight-Toothed_Spruce_Bark_Beetle",20.19126,64.26556
"Eight-Toothed_Spruce_Bark_Beetle",20.19236,64.26308
"Eight-Toothed_Spruce_Bark_Beetle",15.34233,62.57712
"Eight-Toothed_Spruce_Bark_Beetle",20.95439,66.41834
"Eight-Toothed_Spruce_Bark_Beetle",19.05509,64.45926
"Eight-Toothed_Spruce_Bark_Beetle",20.64969,64.02516
"Eight-Toothed_Spruce_Bark_Beetle",15.47634,60.15655
"Eight-Toothed_Spruce_Bark_Beetle",15.47454,60.15618
"Eight-Toothed_Spruce_Bark_Beetle",17.355942,49.214439
"Eight-Toothed_Spruce_Bark_Beetle",11.266321,60.407391
"Eight-Toothed_Spruce_Bark_Beetle",9.831088,60.276485
"Eight-Toothed_Spruce_Bark_Beetle",10.715843,59.985325
"Eight-Toothed_Spruce_Bark_Beetle",10.885041,59.833702
"Eight-Toothed_Spruce_Bark_Beetle",10.749123,59.714794
"Eight-Toothed_Spruce_Bark_Beetle",11.265954,60.867306
"Eight-Toothed_Spruce_Bark_Beetle",11.265954,60.867306
"Eight-Toothed_Spruce_Bark_Beetle",9.831088,60.276485
"Eight-Toothed_Spruce_Bark_Beetle",10.676274,59.573109
"Eight-Toothed_Spruce_Bark_Beetle",11.079887,59.344212
"Eight-Toothed_Spruce_Bark_Beetle",10.885041,59.833702
"Eight-Toothed_Spruce_Bark_Beetle",11.271934,60.413132
"Eight-Toothed_Spruce_Bark_Beetle",11.363244,60.584526
"Eight-Toothed_Spruce_Bark_Beetle",11.079887,59.344212
"Eight-Toothed_Spruce_Bark_Beetle",10.572849,61.11853
"Eight-Toothed_Spruce_Bark_Beetle",10.572849,61.11853
"Eight-Toothed_Spruce_Bark_Beetle",11.363244,60.584526
"Eight-Toothed_Spruce_Bark_Beetle",10.680532,61.079788
"Eight-Toothed_Spruce_Bark_Beetle",10.680532,61.079788
"Eight-Toothed_Spruce_Bark_Beetle",9.95302,59.715347
"Eight-Toothed_Spruce_Bark_Beetle",10.680532,61.079788
"Eight-Toothed_Spruce_Bark_Beetle",10.680532,61.079788
"Eight-Toothed_Spruce_Bark_Beetle",11.271934,60.413132
"Eight-Toothed_Spruce_Bark_Beetle",10.262358,60.187828
"Eight-Toothed_Spruce_Bark_Beetle",10.676274,59.573109
"Eight-Toothed_Spruce_Bark_Beetle",10.572849,61.11853
"Eight-Toothed_Spruce_Bark_Beetle",11.363244,60.584526
"Eight-Toothed_Spruce_Bark_Beetle",9.647589,60.375038
"Eight-Toothed_Spruce_Bark_Beetle",10.680532,61.079788
"Eight-Toothed_Spruce_Bark_Beetle",10.680532,61.079788
"Eight-Toothed_Spruce_Bark_Beetle",10.262358,60.187828
"Eight-Toothed_Spruce_Bark_Beetle",10.341341,60.159512
"Eight-Toothed_Spruce_Bark_Beetle",8.948526,60.690926
"Eight-Toothed_Spruce_Bark_Beetle",8.945561,60.690296
"Eight-Toothed_Spruce_Bark_Beetle",10.675827,59.571606
"Eight-Toothed_Spruce_Bark_Beetle",11.271934,60.413132
"Eight-Toothed_Spruce_Bark_Beetle",11.271934,60.413132
"Eight-Toothed_Spruce_Bark_Beetle",9.957781,59.715233
"Eight-Toothed_Spruce_Bark_Beetle",10.338911,60.160461
"Eight-Toothed_Spruce_Bark_Beetle",10.715843,59.985325
"Eight-Toothed_Spruce_Bark_Beetle",10.896602,60.294401
"Eight-Toothed_Spruce_Bark_Beetle",132.79,43.12
"Eight-Toothed_Spruce_Bark_Beetle",133.22,44.46
"Eight-Toothed_Spruce_Bark_Beetle",15.3,66.1
"Eight-Toothed_Spruce_Bark_Beetle",9.2,59
"Eight-Toothed_Spruce_Bark_Beetle",17.4,65.4
"Eight-Toothed_Spruce_Bark_Beetle",14.1,66.34
"Eight-Toothed_Spruce_Bark_Beetle",133.22,44.46
"Eight-Toothed_Spruce_Bark_Beetle",132.79,43.12
"Eight-Toothed_Spruce_Bark_Beetle",11,63.2
"Eight-Toothed_Spruce_Bark_Beetle",14.2,63.1
"Eight-Toothed_Spruce_Bark_Beetle",11.7,64.2
"Eight-Toothed_Spruce_Bark_Beetle",12.416,65.121
"Eight-Toothed_Spruce_Bark_Beetle",10.746,59.913
"Eight-Toothed_Spruce_Bark_Beetle",10.43,59.83
"Eight-Toothed_Spruce_Bark_Beetle",10.64,59.94
"Eight-Toothed_Spruce_Bark_Beetle",10.64,59.94
"Eight-Toothed_Spruce_Bark_Beetle",14.143,66.312
"Eight-Toothed_Spruce_Bark_Beetle",10.19,60.89
"Eight-Toothed_Spruce_Bark_Beetle",10.19,60.89
"Eight-Toothed_Spruce_Bark_Beetle",11.342,60.819
"Eight-Toothed_Spruce_Bark_Beetle",10.19,60.89
"Eight-Toothed_Spruce_Bark_Beetle",10.19,60.89
"Eight-Toothed_Spruce_Bark_Beetle",10.47,59.857
"Eight-Toothed_Spruce_Bark_Beetle",14.408,66.471
"Eight-Toothed_Spruce_Bark_Beetle",11.342,60.819
"Eight-Toothed_Spruce_Bark_Beetle",10.19,60.89
"Eight-Toothed_Spruce_Bark_Beetle",9.737,62.083
"Eight-Toothed_Spruce_Bark_Beetle",10.616,60.957
"Eight-Toothed_Spruce_Bark_Beetle",10.616,60.957
"Eight-Toothed_Spruce_Bark_Beetle",10.43,59.83
"Eight-Toothed_Spruce_Bark_Beetle",10.746,59.913
"Eight-Toothed_Spruce_Bark_Beetle",10.616,60.957
"Eight-Toothed_Spruce_Bark_Beetle",9.32,59.38
"Eight-Toothed_Spruce_Bark_Beetle",10.23,63.65
"Eight-Toothed_Spruce_Bark_Beetle",13.08,63.4
"Eight-Toothed_Spruce_Bark_Beetle",13.08,63.4
"Eight-Toothed_Spruce_Bark_Beetle",11.48,63.79
"Eight-Toothed_Spruce_Bark_Beetle",14.1,66.33
"Eight-Toothed_Spruce_Bark_Beetle",10.3,63.37
"Eight-Toothed_Spruce_Bark_Beetle",10.94,63.24
"Eight-Toothed_Spruce_Bark_Beetle",10.955,63.454
"Eight-Toothed_Spruce_Bark_Beetle",10.94,63.24
"Eight-Toothed_Spruce_Bark_Beetle",9.32,59.38
"Eight-Toothed_Spruce_Bark_Beetle",10.23,63.65
"Eight-Toothed_Spruce_Bark_Beetle",17.45,65.19
"Eight-Toothed_Spruce_Bark_Beetle",10.405,59.106
"Eight-Toothed_Spruce_Bark_Beetle",9.06,59.1
"Eight-Toothed_Spruce_Bark_Beetle",10.759,59.905
"Eight-Toothed_Spruce_Bark_Beetle",10.141,59.721
"Eight-Toothed_Spruce_Bark_Beetle",10.005,59.973
"Eight-Toothed_Spruce_Bark_Beetle",10.005,59.973
"Eight-Toothed_Spruce_Bark_Beetle",10.005,59.973
"Eight-Toothed_Spruce_Bark_Beetle",10.005,59.973
"Eight-Toothed_Spruce_Bark_Beetle",10.141,59.721
"Eight-Toothed_Spruce_Bark_Beetle",10.005,59.973
"Eight-Toothed_Spruce_Bark_Beetle",10.141,59.721
"Eight-Toothed_Spruce_Bark_Beetle",10.955,63.454
"Eight-Toothed_Spruce_Bark_Beetle",10.005,59.973
"Eight-Toothed_Spruce_Bark_Beetle",10.405,59.106
"Eight-Toothed_Spruce_Bark_Beetle",10.005,59.973
"Eight-Toothed_Spruce_Bark_Beetle",10.005,59.973
"Eight-Toothed_Spruce_Bark_Beetle",10.955,63.454
"Eight-Toothed_Spruce_Bark_Beetle",10.005,59.973
"Eight-Toothed_Spruce_Bark_Beetle",10.005,59.973
"Eight-Toothed_Spruce_Bark_Beetle",10.005,59.973
"Eight-Toothed_Spruce_Bark_Beetle",10.005,59.973
"Eight-Toothed_Spruce_Bark_Beetle",10.005,59.973
"Eight-Toothed_Spruce_Bark_Beetle",10.005,59.973
"Eight-Toothed_Spruce_Bark_Beetle",10.005,59.973
"Eight-Toothed_Spruce_Bark_Beetle",10.759,59.905
"Eight-Toothed_Spruce_Bark_Beetle",8.58,58.36
"Eight-Toothed_Spruce_Bark_Beetle",10.005,59.973
"Eight-Toothed_Spruce_Bark_Beetle",10.29,59.748
"Eight-Toothed_Spruce_Bark_Beetle",10.3,63.37
"Eight-Toothed_Spruce_Bark_Beetle",10.955,63.454
"Eight-Toothed_Spruce_Bark_Beetle",10.719,60.195
"Eight-Toothed_Spruce_Bark_Beetle",10.3,63.37
"Eight-Toothed_Spruce_Bark_Beetle",10.955,63.454
"Eight-Toothed_Spruce_Bark_Beetle",10.43,59.83
"Eight-Toothed_Spruce_Bark_Beetle",17.141,60.674
"Eight-Toothed_Spruce_Bark_Beetle",9.06,59.1
"Eight-Toothed_Spruce_Bark_Beetle",10.955,63.454
"Eight-Toothed_Spruce_Bark_Beetle",10.005,59.973
"Eight-Toothed_Spruce_Bark_Beetle",10.719,60.195
"Eight-Toothed_Spruce_Bark_Beetle",10.955,63.454
"Eight-Toothed_Spruce_Bark_Beetle",10.43,59.83
"Eight-Toothed_Spruce_Bark_Beetle",10.719,60.195
"Eight-Toothed_Spruce_Bark_Beetle",10.43,59.83
"Eight-Toothed_Spruce_Bark_Beetle",10.719,60.195
"Eight-Toothed_Spruce_Bark_Beetle",10.719,60.195
"Eight-Toothed_Spruce_Bark_Beetle",10.43,59.83
"Eight-Toothed_Spruce_Bark_Beetle",10.955,63.454
"Eight-Toothed_Spruce_Bark_Beetle",10.719,60.195
"Eight-Toothed_Spruce_Bark_Beetle",10.005,59.973
"Eight-Toothed_Spruce_Bark_Beetle",10.719,60.195
"Eight-Toothed_Spruce_Bark_Beetle",10.759,59.905
"Eight-Toothed_Spruce_Bark_Beetle",10.43,59.83
"Eight-Toothed_Spruce_Bark_Beetle",10.759,59.905
"Eight-Toothed_Spruce_Bark_Beetle",10.719,60.195
"Eight-Toothed_Spruce_Bark_Beetle",10.433,59.856
"Eight-Toothed_Spruce_Bark_Beetle",10.005,59.973
"Eight-Toothed_Spruce_Bark_Beetle",10.005,59.973
"Eight-Toothed_Spruce_Bark_Beetle",10.005,59.973
"Eight-Toothed_Spruce_Bark_Beetle",5.7,51.95
"Eight-Toothed_Spruce_Bark_Beetle",8.85031,59.286745
"Eight-Toothed_Spruce_Bark_Beetle",9.130802,59.220712
"Eight-Toothed_Spruce_Bark_Beetle",11.376139,58.95599
"Eight-Toothed_Spruce_Bark_Beetle",11.376139,58.95599
"Eight-Toothed_Spruce_Bark_Beetle",15.519557,46.654323
"Eight-Toothed_Spruce_Bark_Beetle",37.642706,54.97667
"Eight-Toothed_Spruce_Bark_Beetle",13.823563,48.967242
"Eight-Toothed_Spruce_Bark_Beetle",17.359215,49.234547
"Eight-Toothed_Spruce_Bark_Beetle",56.06229,54.735595
"Eight-Toothed_Spruce_Bark_Beetle",15.90611,56.73093
"Eight-Toothed_Spruce_Bark_Beetle",14.27614,55.61495
"Eight-Toothed_Spruce_Bark_Beetle",15.95642,56.72967
"Eight-Toothed_Spruce_Bark_Beetle",20.65091,64.02402
"Eight-Toothed_Spruce_Bark_Beetle",13.83873,56.41342
"Eight-Toothed_Spruce_Bark_Beetle",15.72061,57.17518
"Eight-Toothed_Spruce_Bark_Beetle",12.7459,61.00137
"Eight-Toothed_Spruce_Bark_Beetle",13.17655,56.67952
"Eight-Toothed_Spruce_Bark_Beetle",14.60126,58.04283
"Eight-Toothed_Spruce_Bark_Beetle",18.21652,59.76075
"Eight-Toothed_Spruce_Bark_Beetle",15.96106,59.14332
"Eight-Toothed_Spruce_Bark_Beetle",17.24404,59.70862
"Eight-Toothed_Spruce_Bark_Beetle",10.332212,47.491689
"Eight-Toothed_Spruce_Bark_Beetle",12.70524,61.63776
"Eight-Toothed_Spruce_Bark_Beetle",15.83682,58.79471
"Eight-Toothed_Spruce_Bark_Beetle",16.53571,59.52659
"Eight-Toothed_Spruce_Bark_Beetle",12.05633,58.40857
"Eight-Toothed_Spruce_Bark_Beetle",17.78147,59.74351
"Eight-Toothed_Spruce_Bark_Beetle",11.588519,60.180213
"Eight-Toothed_Spruce_Bark_Beetle",16.905454,62.079036
"Eight-Toothed_Spruce_Bark_Beetle",13.03021,56.68077
"Eight-Toothed_Spruce_Bark_Beetle",16.27285,58.87152
"Eight-Toothed_Spruce_Bark_Beetle",16.27285,58.87152
"Eight-Toothed_Spruce_Bark_Beetle",18.23083,59.60192
"Eight-Toothed_Spruce_Bark_Beetle",13.58231,59.39477
"Eight-Toothed_Spruce_Bark_Beetle",10.534894,59.670641
"Eight-Toothed_Spruce_Bark_Beetle",16.90396,62.07987
"Eight-Toothed_Spruce_Bark_Beetle",7.847817,58.098786
"Eight-Toothed_Spruce_Bark_Beetle",7.975755,58.077403
"Eight-Toothed_Spruce_Bark_Beetle",17.02679,61.99008
"Eight-Toothed_Spruce_Bark_Beetle",12.90637,56.75263
"Eight-Toothed_Spruce_Bark_Beetle",17.5242,60.64674
"Eight-Toothed_Spruce_Bark_Beetle",16.07121,59.79228
"Eight-Toothed_Spruce_Bark_Beetle",20.31625,63.76722
"Eight-Toothed_Spruce_Bark_Beetle",16.30434,62.13807
"Eight-Toothed_Spruce_Bark_Beetle",16.30661,62.13755
"Eight-Toothed_Spruce_Bark_Beetle",4.464458,51.254993
"Eight-Toothed_Spruce_Bark_Beetle",27.74786,42.275086
"Eight-Toothed_Spruce_Bark_Beetle",17.02679,61.99008
"Eight-Toothed_Spruce_Bark_Beetle",20.463,63.79986
"Eight-Toothed_Spruce_Bark_Beetle",16.5504,58.21919
"Eight-Toothed_Spruce_Bark_Beetle",17.49227,60.64962
"Eight-Toothed_Spruce_Bark_Beetle",12.28465,57.43478
"Eight-Toothed_Spruce_Bark_Beetle",12.95942,56.52327
"Eight-Toothed_Spruce_Bark_Beetle",12.95942,56.52327
"Eight-Toothed_Spruce_Bark_Beetle",143.88218,43.74075
"Eight-Toothed_Spruce_Bark_Beetle",143.20558,43.57821
"Eight-Toothed_Spruce_Bark_Beetle",145.21348,44.18415
"Eight-Toothed_Spruce_Bark_Beetle",139.24357,35.62523
"Eight-Toothed_Spruce_Bark_Beetle",137.63693,36.24316
"Eight-Toothed_Spruce_Bark_Beetle",144.43913,43.63692
"Eight-Toothed_Spruce_Bark_Beetle",141.60537,42.6343
"Eight-Toothed_Spruce_Bark_Beetle",141.60537,42.6343
"Eight-Toothed_Spruce_Bark_Beetle",141.15288,42.95036
"Eight-Toothed_Spruce_Bark_Beetle",141.32457,42.75702
"Eight-Toothed_Spruce_Bark_Beetle",141.60537,42.6343
"Eight-Toothed_Spruce_Bark_Beetle",141.60537,42.6343
"Eight-Toothed_Spruce_Bark_Beetle",142.96181,44.58255
"Eight-Toothed_Spruce_Bark_Beetle",142.96181,44.58255
"Eight-Toothed_Spruce_Bark_Beetle",143.19299,43.88742
"Eight-Toothed_Spruce_Bark_Beetle",143.19218,43.3648
"Eight-Toothed_Spruce_Bark_Beetle",141.25373,42.86487
"Eight-Toothed_Spruce_Bark_Beetle",142.96181,44.58255
"Eight-Toothed_Spruce_Bark_Beetle",142.96181,44.58255
"Eight-Toothed_Spruce_Bark_Beetle",142.96181,44.58255
"Eight-Toothed_Spruce_Bark_Beetle",142.96181,44.58255
"Eight-Toothed_Spruce_Bark_Beetle",141.60537,42.6343
"Eight-Toothed_Spruce_Bark_Beetle",141.32457,42.75702
"Eight-Toothed_Spruce_Bark_Beetle",142.63511,43.39364
"Eight-Toothed_Spruce_Bark_Beetle",143.19299,43.88742
"Eight-Toothed_Spruce_Bark_Beetle",141.60537,42.6343
"Eight-Toothed_Spruce_Bark_Beetle",141.25373,42.86487
"Eight-Toothed_Spruce_Bark_Beetle",142.96181,44.58255
"Eight-Toothed_Spruce_Bark_Beetle",143.19299,43.88742
"Eight-Toothed_Spruce_Bark_Beetle",141.60537,42.6343
"Eight-Toothed_Spruce_Bark_Beetle",142.96181,44.58255
"Eight-Toothed_Spruce_Bark_Beetle",142.89457,43.59148
"Eight-Toothed_Spruce_Bark_Beetle",141.60537,42.6343
"Eight-Toothed_Spruce_Bark_Beetle",141.60537,42.6343
"Eight-Toothed_Spruce_Bark_Beetle",141.60537,42.6343
"Eight-Toothed_Spruce_Bark_Beetle",141.32457,42.75702
"Eight-Toothed_Spruce_Bark_Beetle",141.32457,42.75702
"Eight-Toothed_Spruce_Bark_Beetle",141.25373,42.86487
"Eight-Toothed_Spruce_Bark_Beetle",141.60537,42.6343
"Eight-Toothed_Spruce_Bark_Beetle",142.88096,43.68014
"Eight-Toothed_Spruce_Bark_Beetle",141.25373,42.86487
"Eight-Toothed_Spruce_Bark_Beetle",142.88096,43.68014
"Eight-Toothed_Spruce_Bark_Beetle",141.60537,42.6343
"Eight-Toothed_Spruce_Bark_Beetle",142.88096,43.68014
"Eight-Toothed_Spruce_Bark_Beetle",141.60537,42.6343
"Eight-Toothed_Spruce_Bark_Beetle",141.60537,42.6343
"Eight-Toothed_Spruce_Bark_Beetle",141.1308,42.63442
"Eight-Toothed_Spruce_Bark_Beetle",142.96181,44.58255
"Eight-Toothed_Spruce_Bark_Beetle",142.96181,44.58255
"Eight-Toothed_Spruce_Bark_Beetle",141.34695,43.06429
"Eight-Toothed_Spruce_Bark_Beetle",142.96181,44.58255
"Eight-Toothed_Spruce_Bark_Beetle",141.60755,42.67246
"Eight-Toothed_Spruce_Bark_Beetle",141.32457,42.75702
"Eight-Toothed_Spruce_Bark_Beetle",141.60537,42.6343
"Eight-Toothed_Spruce_Bark_Beetle",141.1308,42.63442
"Eight-Toothed_Spruce_Bark_Beetle",141.25373,42.86487
"Eight-Toothed_Spruce_Bark_Beetle",141.32457,42.75702
"Eight-Toothed_Spruce_Bark_Beetle",143.19299,43.88742
"Eight-Toothed_Spruce_Bark_Beetle",141.25373,42.86487
"Eight-Toothed_Spruce_Bark_Beetle",141.40883,42.86558
"Eight-Toothed_Spruce_Bark_Beetle",142.96181,44.58255
"Eight-Toothed_Spruce_Bark_Beetle",141.34695,43.06429
"Eight-Toothed_Spruce_Bark_Beetle",141.34695,43.06429
"Eight-Toothed_Spruce_Bark_Beetle",141.34695,43.06429
"Eight-Toothed_Spruce_Bark_Beetle",141.34695,43.06429
"Eight-Toothed_Spruce_Bark_Beetle",141.34695,43.06429
"Eight-Toothed_Spruce_Bark_Beetle",143.14803,43.4492
"Eight-Toothed_Spruce_Bark_Beetle",143.14803,43.4492
"Eight-Toothed_Spruce_Bark_Beetle",141.34695,43.06429
"Eight-Toothed_Spruce_Bark_Beetle",141.34695,43.06429
"Eight-Toothed_Spruce_Bark_Beetle",9.961688,59.042706
"Eight-Toothed_Spruce_Bark_Beetle",13.60482,56.36652
"Eight-Toothed_Spruce_Bark_Beetle",17.97322,59.17796
"Eight-Toothed_Spruce_Bark_Beetle",17.97325,59.17833
"Eight-Toothed_Spruce_Bark_Beetle",17.35466,64.16378
"Eight-Toothed_Spruce_Bark_Beetle",12.98827,57.24215
"Eight-Toothed_Spruce_Bark_Beetle",22.02536,67.67097
"Eight-Toothed_Spruce_Bark_Beetle",22.02536,67.67097
"Eight-Toothed_Spruce_Bark_Beetle",22.02536,67.67097
"Eight-Toothed_Spruce_Bark_Beetle",22.02536,67.67097
"Eight-Toothed_Spruce_Bark_Beetle",22.02536,67.67097
"Eight-Toothed_Spruce_Bark_Beetle",17.01655,57.2405
"Eight-Toothed_Spruce_Bark_Beetle",19.12047,65.76027
"Eight-Toothed_Spruce_Bark_Beetle",19.12047,65.76027
"Eight-Toothed_Spruce_Bark_Beetle",14.55309,56.45531
"Eight-Toothed_Spruce_Bark_Beetle",13.63702,56.77618
"Eight-Toothed_Spruce_Bark_Beetle",13.64403,56.77682
"Eight-Toothed_Spruce_Bark_Beetle",16.97709,57.26949
"Eight-Toothed_Spruce_Bark_Beetle",16.98959,57.26144
"Eight-Toothed_Spruce_Bark_Beetle",15.49044,56.91356
"Eight-Toothed_Spruce_Bark_Beetle",15.7971,56.94049
"Eight-Toothed_Spruce_Bark_Beetle",16.52954,59.39032
"Eight-Toothed_Spruce_Bark_Beetle",20.37016,63.95597
"Eight-Toothed_Spruce_Bark_Beetle",12.38427,58.08561
"Eight-Toothed_Spruce_Bark_Beetle",14.00971,64.74935
"Eight-Toothed_Spruce_Bark_Beetle",15.88735,56.78066
"Eight-Toothed_Spruce_Bark_Beetle",13.889,64.4318
"Eight-Toothed_Spruce_Bark_Beetle",13.902,64.4696
"Eight-Toothed_Spruce_Bark_Beetle",13.891,64.4327
"Eight-Toothed_Spruce_Bark_Beetle",13.9315,64.459
"Eight-Toothed_Spruce_Bark_Beetle",13.9315,64.459
"Eight-Toothed_Spruce_Bark_Beetle",13.902,64.4696
"Eight-Toothed_Spruce_Bark_Beetle",10.2908,63.1684
"Eight-Toothed_Spruce_Bark_Beetle",10.2908,63.1684
"Eight-Toothed_Spruce_Bark_Beetle",10.6199,60.0178
"Eight-Toothed_Spruce_Bark_Beetle",10.6327,60.0221
"Eight-Toothed_Spruce_Bark_Beetle",10.2908,63.1684
"Eight-Toothed_Spruce_Bark_Beetle",10.2908,63.1684
"Eight-Toothed_Spruce_Bark_Beetle",10.6199,60.0178
"Eight-Toothed_Spruce_Bark_Beetle",13.9357,64.4591
"Eight-Toothed_Spruce_Bark_Beetle",13.889,64.4318
"Eight-Toothed_Spruce_Bark_Beetle",13.889,64.4318
"Eight-Toothed_Spruce_Bark_Beetle",13.902,64.4696
"Eight-Toothed_Spruce_Bark_Beetle",13.902,64.4696
"Eight-Toothed_Spruce_Bark_Beetle",13.889,64.4318
"Eight-Toothed_Spruce_Bark_Beetle",11.93546,57.7339
"Eight-Toothed_Spruce_Bark_Beetle",20.11594,66.92601
"Eight-Toothed_Spruce_Bark_Beetle",14.80858,59.34155
"Eight-Toothed_Spruce_Bark_Beetle",14.80827,59.34155
"Eight-Toothed_Spruce_Bark_Beetle",14.85664,59.34799
"Eight-Toothed_Spruce_Bark_Beetle",22.0611,65.58313
"Eight-Toothed_Spruce_Bark_Beetle",12.95251,56.53719
"Eight-Toothed_Spruce_Bark_Beetle",12.64858,59.10718
"Eight-Toothed_Spruce_Bark_Beetle",14.3511,66.3034
"Eight-Toothed_Spruce_Bark_Beetle",14.0166,65.4723
"Eight-Toothed_Spruce_Bark_Beetle",13.2473,65.7077
"Eight-Toothed_Spruce_Bark_Beetle",13.2532,65.005
"Eight-Toothed_Spruce_Bark_Beetle",7.5627,59.7375
"Eight-Toothed_Spruce_Bark_Beetle",12.3749,64.2474
"Eight-Toothed_Spruce_Bark_Beetle",13.2485,65.9958
"Eight-Toothed_Spruce_Bark_Beetle",12.4143,65.0983
"Eight-Toothed_Spruce_Bark_Beetle",13.2485,65.9958
"Eight-Toothed_Spruce_Bark_Beetle",21.2953,69.6689
"Eight-Toothed_Spruce_Bark_Beetle",14.1962,66.2652
"Eight-Toothed_Spruce_Bark_Beetle",14.6732,66.3974
"Eight-Toothed_Spruce_Bark_Beetle",21.2855,69.5648
"Eight-Toothed_Spruce_Bark_Beetle",10.4818,59.9597
"Eight-Toothed_Spruce_Bark_Beetle",13.2405,65.8575
"Eight-Toothed_Spruce_Bark_Beetle",7.9947,59.5713
"Eight-Toothed_Spruce_Bark_Beetle",12.352,64.5796
"Eight-Toothed_Spruce_Bark_Beetle",13.2485,65.9958
"Eight-Toothed_Spruce_Bark_Beetle",12.1466,65.0437
"Eight-Toothed_Spruce_Bark_Beetle",13.2187,65.7033
"Eight-Toothed_Spruce_Bark_Beetle",19.7096,68.7658
"Eight-Toothed_Spruce_Bark_Beetle",10.4891,63.3958
"Eight-Toothed_Spruce_Bark_Beetle",13.2187,65.7033
"Eight-Toothed_Spruce_Bark_Beetle",10.7255,59.9254
"Eight-Toothed_Spruce_Bark_Beetle",13.2485,65.9958
"Eight-Toothed_Spruce_Bark_Beetle",13.397,65.5858
"Eight-Toothed_Spruce_Bark_Beetle",13.2187,65.7033
"Eight-Toothed_Spruce_Bark_Beetle",13.397,65.5858
"Eight-Toothed_Spruce_Bark_Beetle",13.2485,65.9958
"Eight-Toothed_Spruce_Bark_Beetle",6.227188,50.550226
"Eight-Toothed_Spruce_Bark_Beetle",22.8486,53.6733
"Eight-Toothed_Spruce_Bark_Beetle",22.8486,53.6733
"Eight-Toothed_Spruce_Bark_Beetle",22.8486,53.6733
"Eight-Toothed_Spruce_Bark_Beetle",22.8486,53.6733
"Eight-Toothed_Spruce_Bark_Beetle",22.8486,53.6733
"Eight-Toothed_Spruce_Bark_Beetle",22.8486,53.6733
"Eight-Toothed_Spruce_Bark_Beetle",22.8486,53.6733
"Eight-Toothed_Spruce_Bark_Beetle",17.5621,53.7896
"Eight-Toothed_Spruce_Bark_Beetle",18.7326,50.5175
"Eight-Toothed_Spruce_Bark_Beetle",18.834,50.6707
"Eight-Toothed_Spruce_Bark_Beetle",20.9535,49.4513
"Eight-Toothed_Spruce_Bark_Beetle",22.9192,53.3129
"Eight-Toothed_Spruce_Bark_Beetle",19.4879,54.298
"Eight-Toothed_Spruce_Bark_Beetle",19.8858,51.8186
"Eight-Toothed_Spruce_Bark_Beetle",23.75,52.68
"Eight-Toothed_Spruce_Bark_Beetle",23.8411,52.802
"Eight-Toothed_Spruce_Bark_Beetle",23.65,52.73
"Eight-Toothed_Spruce_Bark_Beetle",23.8928,52.7
"Eight-Toothed_Spruce_Bark_Beetle",23.75,52.68
"Eight-Toothed_Spruce_Bark_Beetle",23.9,52.78
"Eight-Toothed_Spruce_Bark_Beetle",23.75,52.68
"Eight-Toothed_Spruce_Bark_Beetle",23.9,52.78
"Eight-Toothed_Spruce_Bark_Beetle",23.9,52.78
"Eight-Toothed_Spruce_Bark_Beetle",23.9,52.78
"Eight-Toothed_Spruce_Bark_Beetle",23.75,52.68
"Eight-Toothed_Spruce_Bark_Beetle",23.8411,52.802
"Eight-Toothed_Spruce_Bark_Beetle",23.9,52.78
"Eight-Toothed_Spruce_Bark_Beetle",23.75,52.68
"Eight-Toothed_Spruce_Bark_Beetle",23.8411,52.802
"Eight-Toothed_Spruce_Bark_Beetle",23.9,52.78
"Eight-Toothed_Spruce_Bark_Beetle",23.75,52.68
"Eight-Toothed_Spruce_Bark_Beetle",23.8411,52.802
"Eight-Toothed_Spruce_Bark_Beetle",23.9,52.78
"Eight-Toothed_Spruce_Bark_Beetle",23.8411,52.802
"Eight-Toothed_Spruce_Bark_Beetle",23.9,52.78
"Eight-Toothed_Spruce_Bark_Beetle",23.9,52.78
"Eight-Toothed_Spruce_Bark_Beetle",23.75,52.68
"Eight-Toothed_Spruce_Bark_Beetle",23.9,52.78
"Eight-Toothed_Spruce_Bark_Beetle",20.04,49.28
"Eight-Toothed_Spruce_Bark_Beetle",20.08,49.24
"Eight-Toothed_Spruce_Bark_Beetle",20.03,49.26
"Eight-Toothed_Spruce_Bark_Beetle",20.03,49.26
"Eight-Toothed_Spruce_Bark_Beetle",20.04,49.28
"Eight-Toothed_Spruce_Bark_Beetle",20.08,49.2
"Eight-Toothed_Spruce_Bark_Beetle",20.11,49.26
"Eight-Toothed_Spruce_Bark_Beetle",20.08,49.24
"Eight-Toothed_Spruce_Bark_Beetle",20.03,49.27
"Eight-Toothed_Spruce_Bark_Beetle",20.03,49.26
"Eight-Toothed_Spruce_Bark_Beetle",20.01,49.25
"Eight-Toothed_Spruce_Bark_Beetle",20.07,49.2
"Eight-Toothed_Spruce_Bark_Beetle",20.08,49.2
"Eight-Toothed_Spruce_Bark_Beetle",20.01,49.25
"Eight-Toothed_Spruce_Bark_Beetle",20.01,49.25
"Eight-Toothed_Spruce_Bark_Beetle",20.04,49.33
"Eight-Toothed_Spruce_Bark_Beetle",20.03,49.27
"Eight-Toothed_Spruce_Bark_Beetle",20.04,49.33
"Eight-Toothed_Spruce_Bark_Beetle",20.03,49.26
"Eight-Toothed_Spruce_Bark_Beetle",20.04,49.27
"Eight-Toothed_Spruce_Bark_Beetle",20.1,49.25
"Eight-Toothed_Spruce_Bark_Beetle",20.14,49.32
"Eight-Toothed_Spruce_Bark_Beetle",20.04,49.28
"Eight-Toothed_Spruce_Bark_Beetle",20.11,49.27
"Eight-Toothed_Spruce_Bark_Beetle",20.04,49.28
"Eight-Toothed_Spruce_Bark_Beetle",20.03,49.27
"Eight-Toothed_Spruce_Bark_Beetle",20.04,49.33
"Eight-Toothed_Spruce_Bark_Beetle",20.04,49.28
"Eight-Toothed_Spruce_Bark_Beetle",20.07,49.2
"Eight-Toothed_Spruce_Bark_Beetle",20.04,49.33
"Eight-Toothed_Spruce_Bark_Beetle",20.08,49.2
"Eight-Toothed_Spruce_Bark_Beetle",20.07,49.2
"Eight-Toothed_Spruce_Bark_Beetle",20.14,49.32
"Eight-Toothed_Spruce_Bark_Beetle",20.1,49.25
"Eight-Toothed_Spruce_Bark_Beetle",20.14,49.32
"Eight-Toothed_Spruce_Bark_Beetle",20.08,49.2
"Eight-Toothed_Spruce_Bark_Beetle",20.03,49.26
"Eight-Toothed_Spruce_Bark_Beetle",20.14,49.32
"Eight-Toothed_Spruce_Bark_Beetle",20.04,49.33
"Eight-Toothed_Spruce_Bark_Beetle",20.03,49.26
"Eight-Toothed_Spruce_Bark_Beetle",20.04,49.27
"Eight-Toothed_Spruce_Bark_Beetle",20.03,49.27
"Eight-Toothed_Spruce_Bark_Beetle",20.04,49.28
"Eight-Toothed_Spruce_Bark_Beetle",20.03,49.26
"Eight-Toothed_Spruce_Bark_Beetle",20.04,49.27
"Eight-Toothed_Spruce_Bark_Beetle",20.08,49.2
"Eight-Toothed_Spruce_Bark_Beetle",20.11,49.27
"Eight-Toothed_Spruce_Bark_Beetle",20.04,49.27
"Eight-Toothed_Spruce_Bark_Beetle",20.07,49.2
"Eight-Toothed_Spruce_Bark_Beetle",20.11,49.27
"Eight-Toothed_Spruce_Bark_Beetle",20.01,49.25
"Eight-Toothed_Spruce_Bark_Beetle",20.03,49.27
"Eight-Toothed_Spruce_Bark_Beetle",20.04,49.28
"Eight-Toothed_Spruce_Bark_Beetle",20.04,49.33
"Eight-Toothed_Spruce_Bark_Beetle",20.08,49.2
"Eight-Toothed_Spruce_Bark_Beetle",20.04,49.27
"Eight-Toothed_Spruce_Bark_Beetle",20.04,49.33
"Eight-Toothed_Spruce_Bark_Beetle",20.08,49.2
"Eight-Toothed_Spruce_Bark_Beetle",20.03,49.27
"Eight-Toothed_Spruce_Bark_Beetle",20.08,49.2
"Eight-Toothed_Spruce_Bark_Beetle",20.11,49.26
"Eight-Toothed_Spruce_Bark_Beetle",20.04,49.27
"Eight-Toothed_Spruce_Bark_Beetle",20.14,49.32
"Eight-Toothed_Spruce_Bark_Beetle",20.11,49.27
"Eight-Toothed_Spruce_Bark_Beetle",20.04,49.28
"Eight-Toothed_Spruce_Bark_Beetle",20.04,49.28
"Eight-Toothed_Spruce_Bark_Beetle",20.03,49.26
"Eight-Toothed_Spruce_Bark_Beetle",20.04,49.33
"Eight-Toothed_Spruce_Bark_Beetle",20.08,49.2
"Eight-Toothed_Spruce_Bark_Beetle",20.03,49.26
"Eight-Toothed_Spruce_Bark_Beetle",20.01,49.25
"Eight-Toothed_Spruce_Bark_Beetle",20.04,49.33
"Eight-Toothed_Spruce_Bark_Beetle",20.08,49.24
"Eight-Toothed_Spruce_Bark_Beetle",20.11,49.27
"Eight-Toothed_Spruce_Bark_Beetle",20.08,49.2
"Eight-Toothed_Spruce_Bark_Beetle",20.04,49.33
"Eight-Toothed_Spruce_Bark_Beetle",20.04,49.28
"Eight-Toothed_Spruce_Bark_Beetle",20.1,49.25
"Eight-Toothed_Spruce_Bark_Beetle",20.01,49.25
"Eight-Toothed_Spruce_Bark_Beetle",20.1,49.25
"Eight-Toothed_Spruce_Bark_Beetle",20.11,49.27
"Eight-Toothed_Spruce_Bark_Beetle",20.04,49.33
"Eight-Toothed_Spruce_Bark_Beetle",20.14,49.32
"Eight-Toothed_Spruce_Bark_Beetle",20.04,49.27
"Eight-Toothed_Spruce_Bark_Beetle",20.03,49.27
"Eight-Toothed_Spruce_Bark_Beetle",20.08,49.2
"Eight-Toothed_Spruce_Bark_Beetle",20.01,49.25
"Eight-Toothed_Spruce_Bark_Beetle",20.08,49.2
"Eight-Toothed_Spruce_Bark_Beetle",20.04,49.28
"Eight-Toothed_Spruce_Bark_Beetle",20.04,49.28
"Eight-Toothed_Spruce_Bark_Beetle",20.04,49.28
"Eight-Toothed_Spruce_Bark_Beetle",20.01,49.25
"Eight-Toothed_Spruce_Bark_Beetle",20.08,49.2
"Eight-Toothed_Spruce_Bark_Beetle",20.03,49.27
"Eight-Toothed_Spruce_Bark_Beetle",20.03,49.26
"Eight-Toothed_Spruce_Bark_Beetle",20.01,49.25
"Eight-Toothed_Spruce_Bark_Beetle",20.11,49.26
"Eight-Toothed_Spruce_Bark_Beetle",20.01,49.25
"Eight-Toothed_Spruce_Bark_Beetle",21.82395,53.54285
"Eight-Toothed_Spruce_Bark_Beetle",21.818633,53.567333
"Eight-Toothed_Spruce_Bark_Beetle",21.8169,53.57095
"Eight-Toothed_Spruce_Bark_Beetle",21.82395,53.54285
"Eight-Toothed_Spruce_Bark_Beetle",21.82395,53.54285
"Eight-Toothed_Spruce_Bark_Beetle",21.816883,53.5525
"Eight-Toothed_Spruce_Bark_Beetle",21.7894,53.600467
"Eight-Toothed_Spruce_Bark_Beetle",21.82395,53.54285
"Eight-Toothed_Spruce_Bark_Beetle",13.84484,56.98406
"Eight-Toothed_Spruce_Bark_Beetle",13.99653,56.57407
"Eight-Toothed_Spruce_Bark_Beetle",13.07941,56.77606
"Eight-Toothed_Spruce_Bark_Beetle",13.07978,56.77602
"Eight-Toothed_Spruce_Bark_Beetle",13.07978,56.77602
"Eight-Toothed_Spruce_Bark_Beetle",16.22613,56.99707
"Eight-Toothed_Spruce_Bark_Beetle",16.23149,57.27464
"Eight-Toothed_Spruce_Bark_Beetle",15.78093,56.87512
"Eight-Toothed_Spruce_Bark_Beetle",14.15128,56.64119
"Eight-Toothed_Spruce_Bark_Beetle",15.78096,56.87442
"Eight-Toothed_Spruce_Bark_Beetle",14.15251,56.64206
"Eight-Toothed_Spruce_Bark_Beetle",14.19133,56.61894
"Eight-Toothed_Spruce_Bark_Beetle",14.19133,56.61894
"Eight-Toothed_Spruce_Bark_Beetle",14.30407,56.79303
"Eight-Toothed_Spruce_Bark_Beetle",14.04313,57.02624
"Eight-Toothed_Spruce_Bark_Beetle",13.99109,56.57391
"Eight-Toothed_Spruce_Bark_Beetle",13.99397,56.57452
"Eight-Toothed_Spruce_Bark_Beetle",14.00062,57.00374
"Eight-Toothed_Spruce_Bark_Beetle",14.00115,57.00398
"Eight-Toothed_Spruce_Bark_Beetle",14.0435,57.02607
"Eight-Toothed_Spruce_Bark_Beetle",14.04313,57.02624
"Eight-Toothed_Spruce_Bark_Beetle",13.84671,56.98485
"Eight-Toothed_Spruce_Bark_Beetle",14.00062,57.00374
"Eight-Toothed_Spruce_Bark_Beetle",13.84564,56.98439
"Eight-Toothed_Spruce_Bark_Beetle",13.87544,57.12058
"Eight-Toothed_Spruce_Bark_Beetle",13.87668,57.12057
"Eight-Toothed_Spruce_Bark_Beetle",13.84564,56.98439
"Eight-Toothed_Spruce_Bark_Beetle",14.77659,56.61518
"Eight-Toothed_Spruce_Bark_Beetle",14.61799,56.66094
"Eight-Toothed_Spruce_Bark_Beetle",15.14491,56.53814
"Eight-Toothed_Spruce_Bark_Beetle",15.14491,56.53814
"Eight-Toothed_Spruce_Bark_Beetle",14.83924,56.46437
"Eight-Toothed_Spruce_Bark_Beetle",12.86726,56.79187
"Eight-Toothed_Spruce_Bark_Beetle",12.86726,56.79187
"Eight-Toothed_Spruce_Bark_Beetle",12.91056,56.80469
"Eight-Toothed_Spruce_Bark_Beetle",12.91056,56.80469
"Eight-Toothed_Spruce_Bark_Beetle",12.91056,56.80469
"Eight-Toothed_Spruce_Bark_Beetle",13.09459,56.67923
"Eight-Toothed_Spruce_Bark_Beetle",13.09459,56.67923
"Eight-Toothed_Spruce_Bark_Beetle",13.08062,56.77622
"Eight-Toothed_Spruce_Bark_Beetle",14.15215,56.64183
"Eight-Toothed_Spruce_Bark_Beetle",14.04313,57.02624
"Eight-Toothed_Spruce_Bark_Beetle",13.99269,56.57355
"Eight-Toothed_Spruce_Bark_Beetle",13.84564,56.98439
"Eight-Toothed_Spruce_Bark_Beetle",14.61764,56.66123
"Eight-Toothed_Spruce_Bark_Beetle",14.61785,56.66094
"Eight-Toothed_Spruce_Bark_Beetle",17.94193,59.87511
"Eight-Toothed_Spruce_Bark_Beetle",16.20153,59.84481
"Eight-Toothed_Spruce_Bark_Beetle",15.62628,62.71423
"Eight-Toothed_Spruce_Bark_Beetle",12.8382,56.82884
"Eight-Toothed_Spruce_Bark_Beetle",16.31457,58.36422
"Eight-Toothed_Spruce_Bark_Beetle",16.57036,56.79402
"Eight-Toothed_Spruce_Bark_Beetle",17.02392,57.27942
"Eight-Toothed_Spruce_Bark_Beetle",17.02392,57.27942
"Eight-Toothed_Spruce_Bark_Beetle",17.02392,57.27942
"Eight-Toothed_Spruce_Bark_Beetle",13.3817,57.24661
"Eight-Toothed_Spruce_Bark_Beetle",18.17146,59.88
"Eight-Toothed_Spruce_Bark_Beetle",16.20908,59.83487
"Eight-Toothed_Spruce_Bark_Beetle",16.09617,59.72153
"Eight-Toothed_Spruce_Bark_Beetle",13.25449,49.077802
"Eight-Toothed_Spruce_Bark_Beetle",10.741024,50.940691
"Eight-Toothed_Spruce_Bark_Beetle",10.468899,54.144938
"Eight-Toothed_Spruce_Bark_Beetle",9.792295,53.641939
"Eight-Toothed_Spruce_Bark_Beetle",11.246475,49.633472
"Eight-Toothed_Spruce_Bark_Beetle",8.876953,48.21232
"Eight-Toothed_Spruce_Bark_Beetle",11.089763,47.498148
"Eight-Toothed_Spruce_Bark_Beetle",8.881459,48.168661
"Eight-Toothed_Spruce_Bark_Beetle",9.767386,47.914857
"Eight-Toothed_Spruce_Bark_Beetle",10.721215,47.579481
"Eight-Toothed_Spruce_Bark_Beetle",9.210978,49.138669
"Eight-Toothed_Spruce_Bark_Beetle",10.168734,49.386604
"Eight-Toothed_Spruce_Bark_Beetle",10.528717,51.710018
"Eight-Toothed_Spruce_Bark_Beetle",12.400672,50.712942
"Eight-Toothed_Spruce_Bark_Beetle",12.012738,50.420842
"Eight-Toothed_Spruce_Bark_Beetle",8.453722,50.392871
"Eight-Toothed_Spruce_Bark_Beetle",17.74658,62.87415
"Eight-Toothed_Spruce_Bark_Beetle",12.90089,56.66679
"Eight-Toothed_Spruce_Bark_Beetle",16.46719,60.48354
"Eight-Toothed_Spruce_Bark_Beetle",14.69765,57.03445
"Eight-Toothed_Spruce_Bark_Beetle",17.60827,59.83634
"Eight-Toothed_Spruce_Bark_Beetle",12.07108,57.67286
"Eight-Toothed_Spruce_Bark_Beetle",13.88067,63.48822
"Eight-Toothed_Spruce_Bark_Beetle",13.09795,56.70582
"Eight-Toothed_Spruce_Bark_Beetle",16.31717,60.7453
"Eight-Toothed_Spruce_Bark_Beetle",16.32314,58.95473
"Eight-Toothed_Spruce_Bark_Beetle",18.44806,63.07715
"Eight-Toothed_Spruce_Bark_Beetle",12.8523,56.64881
"Eight-Toothed_Spruce_Bark_Beetle",18.503,63.22981
"Eight-Toothed_Spruce_Bark_Beetle",15.48574,57.1123
"Eight-Toothed_Spruce_Bark_Beetle",15.49036,57.11338
"Eight-Toothed_Spruce_Bark_Beetle",15.49102,57.1135
"Eight-Toothed_Spruce_Bark_Beetle",15.48649,57.11245
"Eight-Toothed_Spruce_Bark_Beetle",15.49078,57.11338
"Eight-Toothed_Spruce_Bark_Beetle",15.49147,57.11353
"Eight-Toothed_Spruce_Bark_Beetle",15.49102,57.1135
"Eight-Toothed_Spruce_Bark_Beetle",15.49078,57.11338
"Eight-Toothed_Spruce_Bark_Beetle",15.49147,57.11353
"Eight-Toothed_Spruce_Bark_Beetle",15.49078,57.11338
"Eight-Toothed_Spruce_Bark_Beetle",15.49147,57.11353
"Eight-Toothed_Spruce_Bark_Beetle",15.49102,57.1135
"Eight-Toothed_Spruce_Bark_Beetle",13.14948,56.69318
"Eight-Toothed_Spruce_Bark_Beetle",11.88618,58.23049
"Eight-Toothed_Spruce_Bark_Beetle",11.88618,58.23049
"Eight-Toothed_Spruce_Bark_Beetle",12.05396,57.69769
"Eight-Toothed_Spruce_Bark_Beetle",12.05396,57.69769
"Eight-Toothed_Spruce_Bark_Beetle",17.36348,59.55931
"Eight-Toothed_Spruce_Bark_Beetle",12.89209,56.9806
"Eight-Toothed_Spruce_Bark_Beetle",12.87609,56.78615
"Eight-Toothed_Spruce_Bark_Beetle",17.04532,59.50995
"Eight-Toothed_Spruce_Bark_Beetle",16.3258,61.80049
"Eight-Toothed_Spruce_Bark_Beetle",16.81895,61.26207
"Eight-Toothed_Spruce_Bark_Beetle",16.06796,61.82949
"Eight-Toothed_Spruce_Bark_Beetle",15.18507,61.73547
"Eight-Toothed_Spruce_Bark_Beetle",15.59726,61.85633
"Eight-Toothed_Spruce_Bark_Beetle",16.81895,61.26207
"Eight-Toothed_Spruce_Bark_Beetle",16.82182,61.16527
"Eight-Toothed_Spruce_Bark_Beetle",15.72873,62.0721
"Eight-Toothed_Spruce_Bark_Beetle",21.6393,67.6783
"Eight-Toothed_Spruce_Bark_Beetle",17.54373,65.53263
"Eight-Toothed_Spruce_Bark_Beetle",18.406,64.07712
"Eight-Toothed_Spruce_Bark_Beetle",16.16102,58.78164
"Eight-Toothed_Spruce_Bark_Beetle",22.70594,66.06809
"Eight-Toothed_Spruce_Bark_Beetle",18.05269,59.36048
"Eight-Toothed_Spruce_Bark_Beetle",17.63361,62.94881
"Eight-Toothed_Spruce_Bark_Beetle",13.93109,61.21598
"Eight-Toothed_Spruce_Bark_Beetle",16.1043,58.68269
"Eight-Toothed_Spruce_Bark_Beetle",15.79793,57.9595
"Eight-Toothed_Spruce_Bark_Beetle",16.19441,58.70947
"Eight-Toothed_Spruce_Bark_Beetle",16.19441,58.70947
"Eight-Toothed_Spruce_Bark_Beetle",16.19441,58.70947
"Eight-Toothed_Spruce_Bark_Beetle",16.19441,58.70947
"Eight-Toothed_Spruce_Bark_Beetle",16.19441,58.70947
"Eight-Toothed_Spruce_Bark_Beetle",16.24369,58.92324
"Eight-Toothed_Spruce_Bark_Beetle",17.3502,59.88825
"Eight-Toothed_Spruce_Bark_Beetle",11.74802,57.64459
"Eight-Toothed_Spruce_Bark_Beetle",17.64457,59.83708
"Eight-Toothed_Spruce_Bark_Beetle",14.79867,61.44013
"Eight-Toothed_Spruce_Bark_Beetle",13.48493,61.0111
"Eight-Toothed_Spruce_Bark_Beetle",14.80818,60.69584
"Eight-Toothed_Spruce_Bark_Beetle",13.68157,60.86507
"Eight-Toothed_Spruce_Bark_Beetle",12.46956,57.82287
"Eight-Toothed_Spruce_Bark_Beetle",15.65005,58.19475
"Eight-Toothed_Spruce_Bark_Beetle",15.65004,58.19474
"Eight-Toothed_Spruce_Bark_Beetle",15.3045,58.93567
"Eight-Toothed_Spruce_Bark_Beetle",15.32804,58.92821
"Eight-Toothed_Spruce_Bark_Beetle",18.17112,59.28789
"Eight-Toothed_Spruce_Bark_Beetle",16.84479,59.24318
"Eight-Toothed_Spruce_Bark_Beetle",16.1148,58.99265
"Eight-Toothed_Spruce_Bark_Beetle",18.91271,59.7553
"Eight-Toothed_Spruce_Bark_Beetle",12.90877,56.75502
"Eight-Toothed_Spruce_Bark_Beetle",13.06608,56.73082
"Eight-Toothed_Spruce_Bark_Beetle",15.47002,60.49167
"Eight-Toothed_Spruce_Bark_Beetle",12.3753,57.78729
"Eight-Toothed_Spruce_Bark_Beetle",15.72723,60.65317
"Eight-Toothed_Spruce_Bark_Beetle",14.47095,59.25197
"Eight-Toothed_Spruce_Bark_Beetle",16.15226,61.78715
"Eight-Toothed_Spruce_Bark_Beetle",12.55978,57.34333
"Eight-Toothed_Spruce_Bark_Beetle",13.30886,56.73943
"Eight-Toothed_Spruce_Bark_Beetle",18.34931,59.95971
"Eight-Toothed_Spruce_Bark_Beetle",12.8849,56.7958
"Eight-Toothed_Spruce_Bark_Beetle",14.20595,56.57311
"Eight-Toothed_Spruce_Bark_Beetle",14.882,56.44982
"Eight-Toothed_Spruce_Bark_Beetle",14.80727,56.55677
"Eight-Toothed_Spruce_Bark_Beetle",22.59996,66.90343
"Eight-Toothed_Spruce_Bark_Beetle",17.45235,59.55057
"Eight-Toothed_Spruce_Bark_Beetle",17.46321,59.54229
"Eight-Toothed_Spruce_Bark_Beetle",17.45021,59.55071
"Eight-Toothed_Spruce_Bark_Beetle",16.74892,60.12415
"Eight-Toothed_Spruce_Bark_Beetle",16.76187,60.18497
"Eight-Toothed_Spruce_Bark_Beetle",16.7425,60.17214
"Eight-Toothed_Spruce_Bark_Beetle",16.74111,60.15078
"Eight-Toothed_Spruce_Bark_Beetle",16.75511,60.19412
"Eight-Toothed_Spruce_Bark_Beetle",16.78655,58.04827
"Eight-Toothed_Spruce_Bark_Beetle",12.8994,56.77466
"Eight-Toothed_Spruce_Bark_Beetle",15.31478,60.54387
"Eight-Toothed_Spruce_Bark_Beetle",17.24868,59.70968
"Eight-Toothed_Spruce_Bark_Beetle",15.74994,57.97798
"Eight-Toothed_Spruce_Bark_Beetle",15.74994,57.97798
"Eight-Toothed_Spruce_Bark_Beetle",16.47565,58.97845
"Eight-Toothed_Spruce_Bark_Beetle",18.45625,60.20292
"Eight-Toothed_Spruce_Bark_Beetle",18.45625,60.20292
"Eight-Toothed_Spruce_Bark_Beetle",18.45625,60.20292
"Eight-Toothed_Spruce_Bark_Beetle",18.45625,60.20292
"Eight-Toothed_Spruce_Bark_Beetle",18.45625,60.20292
"Eight-Toothed_Spruce_Bark_Beetle",18.45625,60.20292
"Eight-Toothed_Spruce_Bark_Beetle",18.45625,60.20292
"Eight-Toothed_Spruce_Bark_Beetle",18.45625,60.20292
"Eight-Toothed_Spruce_Bark_Beetle",18.45625,60.20292
"Eight-Toothed_Spruce_Bark_Beetle",18.45625,60.20292
"Eight-Toothed_Spruce_Bark_Beetle",18.45625,60.20292
"Eight-Toothed_Spruce_Bark_Beetle",18.45625,60.20292
"Eight-Toothed_Spruce_Bark_Beetle",18.45625,60.20292
"Eight-Toothed_Spruce_Bark_Beetle",18.45625,60.20292
"Eight-Toothed_Spruce_Bark_Beetle",18.45625,60.20292
"Eight-Toothed_Spruce_Bark_Beetle",18.45625,60.20292
"Eight-Toothed_Spruce_Bark_Beetle",18.45625,60.20292
"Eight-Toothed_Spruce_Bark_Beetle",18.45625,60.20292
"Eight-Toothed_Spruce_Bark_Beetle",18.45625,60.20292
"Eight-Toothed_Spruce_Bark_Beetle",18.45625,60.20292
"Eight-Toothed_Spruce_Bark_Beetle",18.45625,60.20292
"Eight-Toothed_Spruce_Bark_Beetle",18.45625,60.20292
"Eight-Toothed_Spruce_Bark_Beetle",18.45625,60.20292
"Eight-Toothed_Spruce_Bark_Beetle",18.45625,60.20292
"Eight-Toothed_Spruce_Bark_Beetle",18.45625,60.20292
"Eight-Toothed_Spruce_Bark_Beetle",18.45625,60.20292
"Eight-Toothed_Spruce_Bark_Beetle",18.45625,60.20292
"Eight-Toothed_Spruce_Bark_Beetle",18.45625,60.20292
"Eight-Toothed_Spruce_Bark_Beetle",18.45625,60.20292
"Eight-Toothed_Spruce_Bark_Beetle",18.45625,60.20292
"Eight-Toothed_Spruce_Bark_Beetle",18.45625,60.20292
"Eight-Toothed_Spruce_Bark_Beetle",18.45625,60.20292
"Eight-Toothed_Spruce_Bark_Beetle",18.45625,60.20292
"Eight-Toothed_Spruce_Bark_Beetle",18.45625,60.20292
"Eight-Toothed_Spruce_Bark_Beetle",18.45625,60.20292
"Eight-Toothed_Spruce_Bark_Beetle",18.45625,60.20292
"Eight-Toothed_Spruce_Bark_Beetle",18.45625,60.20292
"Eight-Toothed_Spruce_Bark_Beetle",18.45625,60.20292
"Eight-Toothed_Spruce_Bark_Beetle",18.45625,60.20292
"Eight-Toothed_Spruce_Bark_Beetle",18.45625,60.20292
"Eight-Toothed_Spruce_Bark_Beetle",18.45625,60.20292
"Eight-Toothed_Spruce_Bark_Beetle",18.45625,60.20292
"Eight-Toothed_Spruce_Bark_Beetle",18.45625,60.20292
"Eight-Toothed_Spruce_Bark_Beetle",18.45625,60.20292
"Eight-Toothed_Spruce_Bark_Beetle",18.45625,60.20292
"Eight-Toothed_Spruce_Bark_Beetle",18.45625,60.20292
"Eight-Toothed_Spruce_Bark_Beetle",18.45625,60.20292
"Eight-Toothed_Spruce_Bark_Beetle",18.45625,60.20292
"Eight-Toothed_Spruce_Bark_Beetle",18.45625,60.20292
"Eight-Toothed_Spruce_Bark_Beetle",18.45625,60.20292
"Eight-Toothed_Spruce_Bark_Beetle",18.45625,60.20292
"Eight-Toothed_Spruce_Bark_Beetle",18.45625,60.20292
"Eight-Toothed_Spruce_Bark_Beetle",18.45625,60.20292
"Eight-Toothed_Spruce_Bark_Beetle",18.45625,60.20292
"Eight-Toothed_Spruce_Bark_Beetle",18.45625,60.20292
"Eight-Toothed_Spruce_Bark_Beetle",18.45625,60.20292
"Eight-Toothed_Spruce_Bark_Beetle",18.45625,60.20292
"Eight-Toothed_Spruce_Bark_Beetle",18.45625,60.20292
"Eight-Toothed_Spruce_Bark_Beetle",18.45625,60.20292
"Eight-Toothed_Spruce_Bark_Beetle",18.45625,60.20292
"Eight-Toothed_Spruce_Bark_Beetle",18.45625,60.20292
"Eight-Toothed_Spruce_Bark_Beetle",18.45625,60.20292
"Eight-Toothed_Spruce_Bark_Beetle",18.45625,60.20292
"Eight-Toothed_Spruce_Bark_Beetle",18.45625,60.20292
"Eight-Toothed_Spruce_Bark_Beetle",18.45625,60.20292
"Eight-Toothed_Spruce_Bark_Beetle",18.45625,60.20292
"Eight-Toothed_Spruce_Bark_Beetle",18.45625,60.20292
"Eight-Toothed_Spruce_Bark_Beetle",18.45625,60.20292
"Eight-Toothed_Spruce_Bark_Beetle",18.45625,60.20292
"Eight-Toothed_Spruce_Bark_Beetle",18.45625,60.20292
"Eight-Toothed_Spruce_Bark_Beetle",18.45625,60.20292
"Eight-Toothed_Spruce_Bark_Beetle",18.45625,60.20292
"Eight-Toothed_Spruce_Bark_Beetle",18.45625,60.20292
"Eight-Toothed_Spruce_Bark_Beetle",18.45625,60.20292
"Eight-Toothed_Spruce_Bark_Beetle",18.45625,60.20292
"Eight-Toothed_Spruce_Bark_Beetle",18.45625,60.20292
"Eight-Toothed_Spruce_Bark_Beetle",18.45625,60.20292
"Eight-Toothed_Spruce_Bark_Beetle",18.45625,60.20292
"Eight-Toothed_Spruce_Bark_Beetle",18.45625,60.20292
"Eight-Toothed_Spruce_Bark_Beetle",18.45625,60.20292
"Eight-Toothed_Spruce_Bark_Beetle",18.45625,60.20292
"Eight-Toothed_Spruce_Bark_Beetle",18.45625,60.20292
"Eight-Toothed_Spruce_Bark_Beetle",18.45625,60.20292
"Eight-Toothed_Spruce_Bark_Beetle",18.45625,60.20292
"Eight-Toothed_Spruce_Bark_Beetle",18.45625,60.20292
"Eight-Toothed_Spruce_Bark_Beetle",18.45625,60.20292
"Eight-Toothed_Spruce_Bark_Beetle",18.45625,60.20292
"Eight-Toothed_Spruce_Bark_Beetle",18.45625,60.20292
"Eight-Toothed_Spruce_Bark_Beetle",18.45625,60.20292
"Eight-Toothed_Spruce_Bark_Beetle",18.45625,60.20292
"Eight-Toothed_Spruce_Bark_Beetle",18.45625,60.20292
"Eight-Toothed_Spruce_Bark_Beetle",18.45625,60.20292
"Eight-Toothed_Spruce_Bark_Beetle",18.45625,60.20292
"Eight-Toothed_Spruce_Bark_Beetle",18.45625,60.20292
"Eight-Toothed_Spruce_Bark_Beetle",18.45625,60.20292
"Eight-Toothed_Spruce_Bark_Beetle",18.45625,60.20292
"Eight-Toothed_Spruce_Bark_Beetle",18.45625,60.20292
"Eight-Toothed_Spruce_Bark_Beetle",18.45625,60.20292
"Eight-Toothed_Spruce_Bark_Beetle",18.45625,60.20292
"Eight-Toothed_Spruce_Bark_Beetle",18.45625,60.20292
"Eight-Toothed_Spruce_Bark_Beetle",18.45625,60.20292
"Eight-Toothed_Spruce_Bark_Beetle",18.45625,60.20292
"Eight-Toothed_Spruce_Bark_Beetle",18.45625,60.20292
"Eight-Toothed_Spruce_Bark_Beetle",18.45625,60.20292
"Eight-Toothed_Spruce_Bark_Beetle",18.45625,60.20292
"Eight-Toothed_Spruce_Bark_Beetle",18.45625,60.20292
"Eight-Toothed_Spruce_Bark_Beetle",18.45625,60.20292
"Eight-Toothed_Spruce_Bark_Beetle",18.45625,60.20292
"Eight-Toothed_Spruce_Bark_Beetle",18.45625,60.20292
"Eight-Toothed_Spruce_Bark_Beetle",18.45625,60.20292
"Eight-Toothed_Spruce_Bark_Beetle",18.45625,60.20292
"Eight-Toothed_Spruce_Bark_Beetle",18.45625,60.20292
"Eight-Toothed_Spruce_Bark_Beetle",18.45625,60.20292
"Eight-Toothed_Spruce_Bark_Beetle",18.45625,60.20292
"Eight-Toothed_Spruce_Bark_Beetle",18.45625,60.20292
"Eight-Toothed_Spruce_Bark_Beetle",18.45625,60.20292
"Eight-Toothed_Spruce_Bark_Beetle",18.45625,60.20292
"Eight-Toothed_Spruce_Bark_Beetle",18.45625,60.20292
"Eight-Toothed_Spruce_Bark_Beetle",18.45625,60.20292
"Eight-Toothed_Spruce_Bark_Beetle",18.45625,60.20292
"Eight-Toothed_Spruce_Bark_Beetle",18.45625,60.20292
"Eight-Toothed_Spruce_Bark_Beetle",18.45625,60.20292
"Eight-Toothed_Spruce_Bark_Beetle",18.45625,60.20292
"Eight-Toothed_Spruce_Bark_Beetle",15.1864,61.94036
"Eight-Toothed_Spruce_Bark_Beetle",15.72873,62.0721
"Eight-Toothed_Spruce_Bark_Beetle",17.29826,60.4298
"Eight-Toothed_Spruce_Bark_Beetle",13.54101,57.88039
"Eight-Toothed_Spruce_Bark_Beetle",16.63993,58.78923
"Eight-Toothed_Spruce_Bark_Beetle",14.98526,59.52024
"Eight-Toothed_Spruce_Bark_Beetle",16.35556,59.12489
"Eight-Toothed_Spruce_Bark_Beetle",12.5741,57.33355
"Eight-Toothed_Spruce_Bark_Beetle",16.24399,56.90161
"Eight-Toothed_Spruce_Bark_Beetle",16.24399,56.90161
"Eight-Toothed_Spruce_Bark_Beetle",16.56254,59.11101
"Eight-Toothed_Spruce_Bark_Beetle",15.29618,56.86886
"Eight-Toothed_Spruce_Bark_Beetle",15.29712,56.86914
"Eight-Toothed_Spruce_Bark_Beetle",16.07382,59.31528
"Eight-Toothed_Spruce_Bark_Beetle",15.87409,59.01607
"Eight-Toothed_Spruce_Bark_Beetle",20.18748,63.87155
"Eight-Toothed_Spruce_Bark_Beetle",20.18748,63.87155
"Eight-Toothed_Spruce_Bark_Beetle",16.54946,59.02257
"Eight-Toothed_Spruce_Bark_Beetle",14.69067,56.35575
"Eight-Toothed_Spruce_Bark_Beetle",14.73885,56.30587
"Eight-Toothed_Spruce_Bark_Beetle",16.78655,58.04827
"Eight-Toothed_Spruce_Bark_Beetle",13.68718,58.50164
"Eight-Toothed_Spruce_Bark_Beetle",15.19052,56.21727
"Eight-Toothed_Spruce_Bark_Beetle",13.06608,56.73082
"Eight-Toothed_Spruce_Bark_Beetle",16.78855,58.3989
"Eight-Toothed_Spruce_Bark_Beetle",15.57195,56.20339
"Eight-Toothed_Spruce_Bark_Beetle",15.68143,65.02621
"Eight-Toothed_Spruce_Bark_Beetle",20.82765,66.15825
"Eight-Toothed_Spruce_Bark_Beetle",20.82765,66.15825
"Eight-Toothed_Spruce_Bark_Beetle",17.91864,59.83932
"Eight-Toothed_Spruce_Bark_Beetle",17.91864,59.83932
"Eight-Toothed_Spruce_Bark_Beetle",20.82765,66.15825
"Eight-Toothed_Spruce_Bark_Beetle",15.57435,56.20243
"Eight-Toothed_Spruce_Bark_Beetle",15.85954,56.89473
"Eight-Toothed_Spruce_Bark_Beetle",15.85954,56.89473
"Eight-Toothed_Spruce_Bark_Beetle",15.37891,56.29178
"Eight-Toothed_Spruce_Bark_Beetle",15.18432,56.24066
"Eight-Toothed_Spruce_Bark_Beetle",15.76968,56.32574
"Eight-Toothed_Spruce_Bark_Beetle",14.84767,56.35257
"Eight-Toothed_Spruce_Bark_Beetle",15.189,56.20565
"Eight-Toothed_Spruce_Bark_Beetle",14.97583,56.33553
"Eight-Toothed_Spruce_Bark_Beetle",14.72089,56.25991
"Eight-Toothed_Spruce_Bark_Beetle",19.7003,63.68329
"Eight-Toothed_Spruce_Bark_Beetle",15.26982,58.06575
"Eight-Toothed_Spruce_Bark_Beetle",16.72491,59.28475
"Eight-Toothed_Spruce_Bark_Beetle",18.46929,62.91013
"Eight-Toothed_Spruce_Bark_Beetle",11.88562,58.27295
"Eight-Toothed_Spruce_Bark_Beetle",17.88129,59.32156
"Eight-Toothed_Spruce_Bark_Beetle",18.15292,62.88837
"Eight-Toothed_Spruce_Bark_Beetle",15.60649,58.38096
"Eight-Toothed_Spruce_Bark_Beetle",15.61404,58.38083
"Eight-Toothed_Spruce_Bark_Beetle",15.60714,58.36413
"Eight-Toothed_Spruce_Bark_Beetle",15.60767,58.36405
"Eight-Toothed_Spruce_Bark_Beetle",15.60507,58.36518
"Eight-Toothed_Spruce_Bark_Beetle",15.5302,58.4149
"Eight-Toothed_Spruce_Bark_Beetle",15.52861,58.41456
"Eight-Toothed_Spruce_Bark_Beetle",15.5954,58.3963
"Eight-Toothed_Spruce_Bark_Beetle",15.65011,58.1935
"Eight-Toothed_Spruce_Bark_Beetle",15.66274,58.35096
"Eight-Toothed_Spruce_Bark_Beetle",15.66361,58.35097
"Eight-Toothed_Spruce_Bark_Beetle",15.66679,58.35456
"Eight-Toothed_Spruce_Bark_Beetle",15.66622,58.35372
"Eight-Toothed_Spruce_Bark_Beetle",15.64468,58.3629
"Eight-Toothed_Spruce_Bark_Beetle",15.64443,58.36261
"Eight-Toothed_Spruce_Bark_Beetle",15.64504,58.36306
"Eight-Toothed_Spruce_Bark_Beetle",15.64764,58.36265
"Eight-Toothed_Spruce_Bark_Beetle",15.63607,58.20385
"Eight-Toothed_Spruce_Bark_Beetle",15.63652,58.20272
"Eight-Toothed_Spruce_Bark_Beetle",14.12341,56.67253
"Eight-Toothed_Spruce_Bark_Beetle",14.12341,56.67253
"Eight-Toothed_Spruce_Bark_Beetle",14.79467,60.2067
"Eight-Toothed_Spruce_Bark_Beetle",15.63618,58.20383
"Eight-Toothed_Spruce_Bark_Beetle",15.63612,58.20402
"Eight-Toothed_Spruce_Bark_Beetle",15.63582,58.20332
"Eight-Toothed_Spruce_Bark_Beetle",15.63618,58.20383
"Eight-Toothed_Spruce_Bark_Beetle",15.39225,57.76714
"Eight-Toothed_Spruce_Bark_Beetle",14.16864,56.60381
"Eight-Toothed_Spruce_Bark_Beetle",17.30958,60.45867
"Eight-Toothed_Spruce_Bark_Beetle",14.17518,56.60324
"Eight-Toothed_Spruce_Bark_Beetle",14.17518,56.60324
"Eight-Toothed_Spruce_Bark_Beetle",14.17518,56.60324
"Eight-Toothed_Spruce_Bark_Beetle",14.17518,56.60324
"Eight-Toothed_Spruce_Bark_Beetle",14.17518,56.60324
"Eight-Toothed_Spruce_Bark_Beetle",14.17518,56.60324
"Eight-Toothed_Spruce_Bark_Beetle",14.16994,56.60509
"Eight-Toothed_Spruce_Bark_Beetle",14.16994,56.60509
"Eight-Toothed_Spruce_Bark_Beetle",14.16994,56.60509
"Eight-Toothed_Spruce_Bark_Beetle",14.16994,56.60509
"Eight-Toothed_Spruce_Bark_Beetle",14.16994,56.60509
"Eight-Toothed_Spruce_Bark_Beetle",14.16994,56.60509
"Eight-Toothed_Spruce_Bark_Beetle",14.16994,56.60509
"Eight-Toothed_Spruce_Bark_Beetle",14.16994,56.60509
"Eight-Toothed_Spruce_Bark_Beetle",14.17078,56.6042
"Eight-Toothed_Spruce_Bark_Beetle",14.17078,56.6042
"Eight-Toothed_Spruce_Bark_Beetle",14.17078,56.6042
"Eight-Toothed_Spruce_Bark_Beetle",14.17078,56.6042
"Eight-Toothed_Spruce_Bark_Beetle",14.17078,56.6042
"Eight-Toothed_Spruce_Bark_Beetle",14.17078,56.6042
"Eight-Toothed_Spruce_Bark_Beetle",14.17078,56.6042
"Eight-Toothed_Spruce_Bark_Beetle",14.20334,56.7492
"Eight-Toothed_Spruce_Bark_Beetle",14.17205,56.60415
"Eight-Toothed_Spruce_Bark_Beetle",14.17205,56.60415
"Eight-Toothed_Spruce_Bark_Beetle",14.17205,56.60415
"Eight-Toothed_Spruce_Bark_Beetle",14.17205,56.60415
"Eight-Toothed_Spruce_Bark_Beetle",14.17205,56.60415
"Eight-Toothed_Spruce_Bark_Beetle",14.17205,56.60415
"Eight-Toothed_Spruce_Bark_Beetle",14.17205,56.60415
"Eight-Toothed_Spruce_Bark_Beetle",14.17205,56.60415
"Eight-Toothed_Spruce_Bark_Beetle",14.17205,56.60415
"Eight-Toothed_Spruce_Bark_Beetle",14.17511,56.60314
"Eight-Toothed_Spruce_Bark_Beetle",14.17149,56.60498
"Eight-Toothed_Spruce_Bark_Beetle",14.17149,56.60498
"Eight-Toothed_Spruce_Bark_Beetle",14.17149,56.60498
"Eight-Toothed_Spruce_Bark_Beetle",14.17149,56.60498
"Eight-Toothed_Spruce_Bark_Beetle",14.65486,58.34531
"Eight-Toothed_Spruce_Bark_Beetle",14.65337,58.33442
"Eight-Toothed_Spruce_Bark_Beetle",14.65368,58.33455
"Eight-Toothed_Spruce_Bark_Beetle",14.63684,58.32891
"Eight-Toothed_Spruce_Bark_Beetle",14.62837,58.31167
"Eight-Toothed_Spruce_Bark_Beetle",16.82694,58.89724
"Eight-Toothed_Spruce_Bark_Beetle",14.19684,56.74821
"Eight-Toothed_Spruce_Bark_Beetle",15.31958,56.89769
"Eight-Toothed_Spruce_Bark_Beetle",15.1606,56.78612
"Eight-Toothed_Spruce_Bark_Beetle",15.1606,56.78612
"Eight-Toothed_Spruce_Bark_Beetle",15.1606,56.78612
"Eight-Toothed_Spruce_Bark_Beetle",18.89554,59.75642
"Eight-Toothed_Spruce_Bark_Beetle",16.84479,59.24318
"Eight-Toothed_Spruce_Bark_Beetle",18.32663,59.51671
"Eight-Toothed_Spruce_Bark_Beetle",16.386,59.64319
"Eight-Toothed_Spruce_Bark_Beetle",14.04086,55.70875
"Eight-Toothed_Spruce_Bark_Beetle",17.56889,58.90937
"Eight-Toothed_Spruce_Bark_Beetle",19.03161,59.71632
"Eight-Toothed_Spruce_Bark_Beetle",15.64797,62.52488
"Eight-Toothed_Spruce_Bark_Beetle",15.31533,57.02713
"Eight-Toothed_Spruce_Bark_Beetle",16.36801,59.40456
"Eight-Toothed_Spruce_Bark_Beetle",13.76823,63.09834
"Eight-Toothed_Spruce_Bark_Beetle",13.89851,63.4882
"Eight-Toothed_Spruce_Bark_Beetle",13.4594,55.69528
"Eight-Toothed_Spruce_Bark_Beetle",14.36302,60.39659
"Eight-Toothed_Spruce_Bark_Beetle",14.36302,60.39659
"Eight-Toothed_Spruce_Bark_Beetle",15.0971,57.58947
"Eight-Toothed_Spruce_Bark_Beetle",14.69956,57.03487
"Eight-Toothed_Spruce_Bark_Beetle",15.1606,56.78612
"Eight-Toothed_Spruce_Bark_Beetle",15.16153,56.78621
"Eight-Toothed_Spruce_Bark_Beetle",17.3995,62.64153
"Eight-Toothed_Spruce_Bark_Beetle",17.39643,62.67512
"Eight-Toothed_Spruce_Bark_Beetle",17.39077,62.66424
"Eight-Toothed_Spruce_Bark_Beetle",16.04487,59.69512
"Eight-Toothed_Spruce_Bark_Beetle",12.48934,57.73075
"Eight-Toothed_Spruce_Bark_Beetle",13.4594,55.69528
"Eight-Toothed_Spruce_Bark_Beetle",13.30911,55.55754
"Eight-Toothed_Spruce_Bark_Beetle",12.83067,55.3851
"Eight-Toothed_Spruce_Bark_Beetle",12.92522,55.38736
"Eight-Toothed_Spruce_Bark_Beetle",14.18803,55.38365
"Eight-Toothed_Spruce_Bark_Beetle",12.48934,57.73075
"Eight-Toothed_Spruce_Bark_Beetle",12.48934,57.73075
"Eight-Toothed_Spruce_Bark_Beetle",13.83172,55.56708
"Eight-Toothed_Spruce_Bark_Beetle",18.71492,57.41715
"Eight-Toothed_Spruce_Bark_Beetle",16.09799,57.00655
"Eight-Toothed_Spruce_Bark_Beetle",16.7462,60.13156
"Eight-Toothed_Spruce_Bark_Beetle",21.2781,66.52296
"Eight-Toothed_Spruce_Bark_Beetle",14.7678,61.7615
"Eight-Toothed_Spruce_Bark_Beetle",14.75952,61.76513
"Eight-Toothed_Spruce_Bark_Beetle",14.75952,61.76517
"Eight-Toothed_Spruce_Bark_Beetle",14.78607,61.75295
"Eight-Toothed_Spruce_Bark_Beetle",14.78592,61.75306
"Eight-Toothed_Spruce_Bark_Beetle",14.75952,61.76517
"Eight-Toothed_Spruce_Bark_Beetle",14.78661,61.75337
"Eight-Toothed_Spruce_Bark_Beetle",14.78592,61.75306
"Eight-Toothed_Spruce_Bark_Beetle",17.93352,59.46931
"Eight-Toothed_Spruce_Bark_Beetle",17.0999,59.1355
"Eight-Toothed_Spruce_Bark_Beetle",15.74572,58.96589
"Eight-Toothed_Spruce_Bark_Beetle",17.259,58.94877
"Eight-Toothed_Spruce_Bark_Beetle",17.20921,58.99771
"Eight-Toothed_Spruce_Bark_Beetle",17.42908,58.8259
"Eight-Toothed_Spruce_Bark_Beetle",14.70715,59.10758
"Eight-Toothed_Spruce_Bark_Beetle",17.80143,59.55339
"Eight-Toothed_Spruce_Bark_Beetle",17.93423,59.46857
"Eight-Toothed_Spruce_Bark_Beetle",15.53252,56.62976
"Eight-Toothed_Spruce_Bark_Beetle",14.93614,59.80557
"Eight-Toothed_Spruce_Bark_Beetle",14.64446,58.71721
"Eight-Toothed_Spruce_Bark_Beetle",14.62761,58.70265
"Eight-Toothed_Spruce_Bark_Beetle",17.93423,59.46857
"Eight-Toothed_Spruce_Bark_Beetle",17.93389,59.46946
"Eight-Toothed_Spruce_Bark_Beetle",15.53774,60.88204
"Eight-Toothed_Spruce_Bark_Beetle",15.48466,60.81264
"Eight-Toothed_Spruce_Bark_Beetle",15.43352,60.88126
"Eight-Toothed_Spruce_Bark_Beetle",15.40226,56.25099
"Eight-Toothed_Spruce_Bark_Beetle",12.18365,57.64463
"Eight-Toothed_Spruce_Bark_Beetle",13.06608,56.73082
"Eight-Toothed_Spruce_Bark_Beetle",13.64997,57.15845
"Eight-Toothed_Spruce_Bark_Beetle",13.62558,57.1432
"Eight-Toothed_Spruce_Bark_Beetle",13.91824,63.49358
"Eight-Toothed_Spruce_Bark_Beetle",16.49891,58.72498
"Eight-Toothed_Spruce_Bark_Beetle",15.10249,57.41422
"Eight-Toothed_Spruce_Bark_Beetle",18.19874,59.2714
"Eight-Toothed_Spruce_Bark_Beetle",17.98367,59.38688
"Eight-Toothed_Spruce_Bark_Beetle",16.1043,58.68269
"Eight-Toothed_Spruce_Bark_Beetle",15.79793,57.9595
"Eight-Toothed_Spruce_Bark_Beetle",16.19441,58.70947
"Eight-Toothed_Spruce_Bark_Beetle",16.19441,58.70947
"Eight-Toothed_Spruce_Bark_Beetle",16.19441,58.70947
"Eight-Toothed_Spruce_Bark_Beetle",16.19441,58.70947
"Eight-Toothed_Spruce_Bark_Beetle",16.19441,58.70947
"Eight-Toothed_Spruce_Bark_Beetle",16.69636,58.83877
"Eight-Toothed_Spruce_Bark_Beetle",16.46187,59.05887
"Eight-Toothed_Spruce_Bark_Beetle",16.22723,58.81216
"Eight-Toothed_Spruce_Bark_Beetle",16.37711,58.77136
"Eight-Toothed_Spruce_Bark_Beetle",13.50035,56.05538
"Eight-Toothed_Spruce_Bark_Beetle",15.92546,57.03423
"Eight-Toothed_Spruce_Bark_Beetle",17.32189,60.45567
"Eight-Toothed_Spruce_Bark_Beetle",17.32126,60.45547
"Eight-Toothed_Spruce_Bark_Beetle",17.31787,60.45682
"Eight-Toothed_Spruce_Bark_Beetle",17.31795,60.45676
"Eight-Toothed_Spruce_Bark_Beetle",17.31787,60.45699
"Eight-Toothed_Spruce_Bark_Beetle",17.31837,60.45696
"Eight-Toothed_Spruce_Bark_Beetle",17.3185,60.45711
"Eight-Toothed_Spruce_Bark_Beetle",17.32567,60.45601
"Eight-Toothed_Spruce_Bark_Beetle",17.32538,60.45598
"Eight-Toothed_Spruce_Bark_Beetle",17.32208,60.45574
"Eight-Toothed_Spruce_Bark_Beetle",17.32117,60.45543
"Eight-Toothed_Spruce_Bark_Beetle",17.32167,60.45575
"Eight-Toothed_Spruce_Bark_Beetle",16.1563,57.00482
"Eight-Toothed_Spruce_Bark_Beetle",14.55096,56.45461
"Eight-Toothed_Spruce_Bark_Beetle",15.19159,63.46271
"Eight-Toothed_Spruce_Bark_Beetle",14.09086,57.04331
"Eight-Toothed_Spruce_Bark_Beetle",13.461,59.37392
"Eight-Toothed_Spruce_Bark_Beetle",14.16123,56.67428
"Eight-Toothed_Spruce_Bark_Beetle",14.16101,56.67357
"Eight-Toothed_Spruce_Bark_Beetle",14.16232,56.67415
"Eight-Toothed_Spruce_Bark_Beetle",14.16232,56.67415
"Eight-Toothed_Spruce_Bark_Beetle",14.16232,56.67415
"Eight-Toothed_Spruce_Bark_Beetle",14.16232,56.67415
"Eight-Toothed_Spruce_Bark_Beetle",14.16232,56.67415
"Eight-Toothed_Spruce_Bark_Beetle",14.16232,56.67415
"Eight-Toothed_Spruce_Bark_Beetle",14.16232,56.67415
"Eight-Toothed_Spruce_Bark_Beetle",14.16384,56.67488
"Eight-Toothed_Spruce_Bark_Beetle",14.16384,56.67488
"Eight-Toothed_Spruce_Bark_Beetle",14.16384,56.67488
"Eight-Toothed_Spruce_Bark_Beetle",14.16384,56.67488
"Eight-Toothed_Spruce_Bark_Beetle",14.16384,56.67488
"Eight-Toothed_Spruce_Bark_Beetle",14.16384,56.67488
"Eight-Toothed_Spruce_Bark_Beetle",14.16333,56.67446
"Eight-Toothed_Spruce_Bark_Beetle",14.17784,56.68865
"Eight-Toothed_Spruce_Bark_Beetle",14.18431,56.68361
"Eight-Toothed_Spruce_Bark_Beetle",14.15941,56.67901
"Eight-Toothed_Spruce_Bark_Beetle",14.16333,56.67446
"Eight-Toothed_Spruce_Bark_Beetle",14.16331,56.69378
"Eight-Toothed_Spruce_Bark_Beetle",14.17068,56.698
"Eight-Toothed_Spruce_Bark_Beetle",14.17487,56.60301
"Eight-Toothed_Spruce_Bark_Beetle",19.03482,59.71085
"Eight-Toothed_Spruce_Bark_Beetle",12.95937,56.11457
"Eight-Toothed_Spruce_Bark_Beetle",14.71454,56.63528
"Eight-Toothed_Spruce_Bark_Beetle",17.26012,59.96223
"Eight-Toothed_Spruce_Bark_Beetle",13.78836,57.03941
"Eight-Toothed_Spruce_Bark_Beetle",16.32102,58.91703
"Eight-Toothed_Spruce_Bark_Beetle",16.12203,58.9841
"Eight-Toothed_Spruce_Bark_Beetle",17.30072,60.45563
"Eight-Toothed_Spruce_Bark_Beetle",17.30072,60.45563
"Eight-Toothed_Spruce_Bark_Beetle",17.30072,60.45563
"Eight-Toothed_Spruce_Bark_Beetle",17.30072,60.45563
"Eight-Toothed_Spruce_Bark_Beetle",17.30072,60.45563
"Eight-Toothed_Spruce_Bark_Beetle",17.30655,60.46382
"Eight-Toothed_Spruce_Bark_Beetle",16.25331,58.90238
"Eight-Toothed_Spruce_Bark_Beetle",16.38931,58.98327
"Eight-Toothed_Spruce_Bark_Beetle",15.40226,56.25099
"Eight-Toothed_Spruce_Bark_Beetle",16.35744,59.12201
"Eight-Toothed_Spruce_Bark_Beetle",15.48025,60.84952
"Eight-Toothed_Spruce_Bark_Beetle",16.40335,58.97099
"Eight-Toothed_Spruce_Bark_Beetle",16.51011,59.34579
"Eight-Toothed_Spruce_Bark_Beetle",15.31543,57.00774
"Eight-Toothed_Spruce_Bark_Beetle",13.09567,56.70577
"Eight-Toothed_Spruce_Bark_Beetle",20.18748,63.87155
"Eight-Toothed_Spruce_Bark_Beetle",16.60365,58.88175
"Eight-Toothed_Spruce_Bark_Beetle",13.09567,56.70577
"Eight-Toothed_Spruce_Bark_Beetle",15.36147,57.0529
"Eight-Toothed_Spruce_Bark_Beetle",14.33338,57.2125
"Eight-Toothed_Spruce_Bark_Beetle",14.69956,57.03487
"Eight-Toothed_Spruce_Bark_Beetle",16.38366,58.96812
"Eight-Toothed_Spruce_Bark_Beetle",16.23216,58.90398
"Eight-Toothed_Spruce_Bark_Beetle",16.39668,58.95666
"Eight-Toothed_Spruce_Bark_Beetle",16.28922,58.92721
"Eight-Toothed_Spruce_Bark_Beetle",16.22677,58.95966
"Eight-Toothed_Spruce_Bark_Beetle",16.33043,58.94204
"Eight-Toothed_Spruce_Bark_Beetle",16.51919,58.90622
"Eight-Toothed_Spruce_Bark_Beetle",16.30997,58.89679
"Eight-Toothed_Spruce_Bark_Beetle",16.31969,58.93275
"Eight-Toothed_Spruce_Bark_Beetle",13.04706,56.74055
"Eight-Toothed_Spruce_Bark_Beetle",16.30334,58.94323
"Eight-Toothed_Spruce_Bark_Beetle",16.24294,58.96077
"Eight-Toothed_Spruce_Bark_Beetle",16.33664,58.96222
"Eight-Toothed_Spruce_Bark_Beetle",16.31832,58.95726
"Eight-Toothed_Spruce_Bark_Beetle",19.58632,64.17327
"Eight-Toothed_Spruce_Bark_Beetle",16.13499,59.03066
"Eight-Toothed_Spruce_Bark_Beetle",16.31155,58.95783
"Eight-Toothed_Spruce_Bark_Beetle",16.2552,58.96773
"Eight-Toothed_Spruce_Bark_Beetle",16.29831,58.95572
"Eight-Toothed_Spruce_Bark_Beetle",16.31973,58.96242
"Eight-Toothed_Spruce_Bark_Beetle",16.2596,58.9582
"Eight-Toothed_Spruce_Bark_Beetle",16.27171,58.9543
"Eight-Toothed_Spruce_Bark_Beetle",16.30276,58.96316
"Eight-Toothed_Spruce_Bark_Beetle",14.17531,56.61128
"Eight-Toothed_Spruce_Bark_Beetle",16.31036,58.94778
"Eight-Toothed_Spruce_Bark_Beetle",16.32212,58.95554
"Eight-Toothed_Spruce_Bark_Beetle",14.18165,56.6222
"Eight-Toothed_Spruce_Bark_Beetle",14.18165,56.6222
"Eight-Toothed_Spruce_Bark_Beetle",14.181,56.62251
"Eight-Toothed_Spruce_Bark_Beetle",14.181,56.62251
"Eight-Toothed_Spruce_Bark_Beetle",17.73048,59.80693
"Eight-Toothed_Spruce_Bark_Beetle",17.73048,59.80693
"Eight-Toothed_Spruce_Bark_Beetle",16.26529,58.96859
"Eight-Toothed_Spruce_Bark_Beetle",16.31484,58.95727
"Eight-Toothed_Spruce_Bark_Beetle",14.16977,56.63635
"Eight-Toothed_Spruce_Bark_Beetle",14.16977,56.63635
"Eight-Toothed_Spruce_Bark_Beetle",18.04353,59.48553
"Eight-Toothed_Spruce_Bark_Beetle",14.19252,56.6095
"Eight-Toothed_Spruce_Bark_Beetle",16.2982,58.95985
"Eight-Toothed_Spruce_Bark_Beetle",15.88792,58.6769
"Eight-Toothed_Spruce_Bark_Beetle",15.67732,59.03909
"Eight-Toothed_Spruce_Bark_Beetle",16.08324,59.07064
"Eight-Toothed_Spruce_Bark_Beetle",16.62087,59.06811
"Eight-Toothed_Spruce_Bark_Beetle",16.50909,58.75886
"Eight-Toothed_Spruce_Bark_Beetle",16.35089,58.89591
"Eight-Toothed_Spruce_Bark_Beetle",15.72095,56.95442
"Eight-Toothed_Spruce_Bark_Beetle",16.47275,58.99058
"Eight-Toothed_Spruce_Bark_Beetle",16.72201,58.90521
"Eight-Toothed_Spruce_Bark_Beetle",16.34166,58.94927
"Eight-Toothed_Spruce_Bark_Beetle",16.3407,58.9437
"Eight-Toothed_Spruce_Bark_Beetle",15.76141,59.06446
"Eight-Toothed_Spruce_Bark_Beetle",17.18247,58.9119
"Eight-Toothed_Spruce_Bark_Beetle",16.02896,59.27631
"Eight-Toothed_Spruce_Bark_Beetle",16.24371,58.91184
"Eight-Toothed_Spruce_Bark_Beetle",16.35045,58.85694
"Eight-Toothed_Spruce_Bark_Beetle",15.99937,59.00688
"Eight-Toothed_Spruce_Bark_Beetle",16.41046,58.92975
"Eight-Toothed_Spruce_Bark_Beetle",17.589,58.93585
"Eight-Toothed_Spruce_Bark_Beetle",17.57663,58.89759
"Eight-Toothed_Spruce_Bark_Beetle",16.72201,58.90521
"Eight-Toothed_Spruce_Bark_Beetle",22.18364,65.58725
"Eight-Toothed_Spruce_Bark_Beetle",16.38011,58.99516
"Eight-Toothed_Spruce_Bark_Beetle",16.39423,59.09851
"Eight-Toothed_Spruce_Bark_Beetle",16.81363,59.45817
"Eight-Toothed_Spruce_Bark_Beetle",16.94399,59.06972
"Eight-Toothed_Spruce_Bark_Beetle",16.71272,59.18573
"Eight-Toothed_Spruce_Bark_Beetle",16.01651,59.10587
"Eight-Toothed_Spruce_Bark_Beetle",16.57491,58.9383
"Eight-Toothed_Spruce_Bark_Beetle",18.11159,59.50134
"Eight-Toothed_Spruce_Bark_Beetle",16.73191,59.13891
"Eight-Toothed_Spruce_Bark_Beetle",16.32212,58.95554
"Eight-Toothed_Spruce_Bark_Beetle",16.08605,58.92314
"Eight-Toothed_Spruce_Bark_Beetle",18.02162,60.27976
"Eight-Toothed_Spruce_Bark_Beetle",14.29606,56.82793
"Eight-Toothed_Spruce_Bark_Beetle",14.29153,56.82686
"Eight-Toothed_Spruce_Bark_Beetle",14.29058,56.82894
"Eight-Toothed_Spruce_Bark_Beetle",14.2931,56.82852
"Eight-Toothed_Spruce_Bark_Beetle",14.29301,56.82489
"Eight-Toothed_Spruce_Bark_Beetle",17.45477,58.96214
"Eight-Toothed_Spruce_Bark_Beetle",16.25091,59.28185
"Eight-Toothed_Spruce_Bark_Beetle",16.42217,58.97333
"Eight-Toothed_Spruce_Bark_Beetle",16.78596,59.04928
"Eight-Toothed_Spruce_Bark_Beetle",19.00778,63.865
"Eight-Toothed_Spruce_Bark_Beetle",18.25696,64.60698
"Eight-Toothed_Spruce_Bark_Beetle",18.25424,64.60469
"Eight-Toothed_Spruce_Bark_Beetle",18.25777,64.60679
"Eight-Toothed_Spruce_Bark_Beetle",19.00814,63.86553
"Eight-Toothed_Spruce_Bark_Beetle",19.8095,63.62683
"Eight-Toothed_Spruce_Bark_Beetle",17.94936,64.82273
"Eight-Toothed_Spruce_Bark_Beetle",18.32352,64.30474
"Eight-Toothed_Spruce_Bark_Beetle",18.3362,64.44292
"Eight-Toothed_Spruce_Bark_Beetle",15.44096,57.09599
"Eight-Toothed_Spruce_Bark_Beetle",15.96366,58.99642
"Eight-Toothed_Spruce_Bark_Beetle",16.37552,59.35856
"Eight-Toothed_Spruce_Bark_Beetle",16.29214,58.9246
"Eight-Toothed_Spruce_Bark_Beetle",16.28753,58.93036
"Eight-Toothed_Spruce_Bark_Beetle",16.24237,58.84595
"Eight-Toothed_Spruce_Bark_Beetle",16.46444,59.33849
"Eight-Toothed_Spruce_Bark_Beetle",16.46465,59.36766
"Eight-Toothed_Spruce_Bark_Beetle",16.39387,59.42356
"Eight-Toothed_Spruce_Bark_Beetle",16.2587,58.86296
"Eight-Toothed_Spruce_Bark_Beetle",16.1789,58.9528
"Eight-Toothed_Spruce_Bark_Beetle",16.28275,59.22518
"Eight-Toothed_Spruce_Bark_Beetle",16.80443,59.31352
"Eight-Toothed_Spruce_Bark_Beetle",16.24209,58.90664
"Eight-Toothed_Spruce_Bark_Beetle",16.39611,58.87227
"Eight-Toothed_Spruce_Bark_Beetle",16.40246,58.83849
"Eight-Toothed_Spruce_Bark_Beetle",15.79608,59.10864
"Eight-Toothed_Spruce_Bark_Beetle",15.72239,59.05654
"Eight-Toothed_Spruce_Bark_Beetle",15.7823,59.10334
"Eight-Toothed_Spruce_Bark_Beetle",16.24327,58.90421
"Eight-Toothed_Spruce_Bark_Beetle",16.27948,58.87446
"Eight-Toothed_Spruce_Bark_Beetle",15.91403,56.78572
"Eight-Toothed_Spruce_Bark_Beetle",16.23044,58.91907
"Eight-Toothed_Spruce_Bark_Beetle",11.71974,58.29417
"Eight-Toothed_Spruce_Bark_Beetle",16.04288,59.33589
"Eight-Toothed_Spruce_Bark_Beetle",16.23311,58.86798
"Eight-Toothed_Spruce_Bark_Beetle",15.81807,59.10262
"Eight-Toothed_Spruce_Bark_Beetle",16.1789,58.9528
"Eight-Toothed_Spruce_Bark_Beetle",16.6257,58.84588
"Eight-Toothed_Spruce_Bark_Beetle",14.65062,58.33091
"Eight-Toothed_Spruce_Bark_Beetle",15.35037,57.05788
"Eight-Toothed_Spruce_Bark_Beetle",15.36688,57.05534
"Eight-Toothed_Spruce_Bark_Beetle",15.97806,58.98958
"Eight-Toothed_Spruce_Bark_Beetle",17.3488,59.88522
"Eight-Toothed_Spruce_Bark_Beetle",15.91403,56.78572
"Eight-Toothed_Spruce_Bark_Beetle",15.91403,56.78572
"Eight-Toothed_Spruce_Bark_Beetle",16.45701,58.93079
"Eight-Toothed_Spruce_Bark_Beetle",16.74966,59.04093
"Eight-Toothed_Spruce_Bark_Beetle",16.80229,59.17368
"Eight-Toothed_Spruce_Bark_Beetle",16.89074,59.16731
"Eight-Toothed_Spruce_Bark_Beetle",16.77113,59.37742
"Eight-Toothed_Spruce_Bark_Beetle",16.05303,59.30553
"Eight-Toothed_Spruce_Bark_Beetle",16.47312,59.09041
"Eight-Toothed_Spruce_Bark_Beetle",16.08665,59.0823
"Eight-Toothed_Spruce_Bark_Beetle",16.25334,58.90462
"Eight-Toothed_Spruce_Bark_Beetle",18.16899,59.34827
"Eight-Toothed_Spruce_Bark_Beetle",18.72571,59.67085
"Eight-Toothed_Spruce_Bark_Beetle",21.17715,65.94182
"Eight-Toothed_Spruce_Bark_Beetle",21.18369,65.942
"Eight-Toothed_Spruce_Bark_Beetle",12.05188,57.7001
"Eight-Toothed_Spruce_Bark_Beetle",13.59428,56.15058
"Eight-Toothed_Spruce_Bark_Beetle",13.338,49.113
"Eight-Toothed_Spruce_Bark_Beetle",14.82824,59.44942
"Eight-Toothed_Spruce_Bark_Beetle",16.31915,58.95688
"Eight-Toothed_Spruce_Bark_Beetle",16.20096,59.92111
"Eight-Toothed_Spruce_Bark_Beetle",16.13356,59.88853
"Eight-Toothed_Spruce_Bark_Beetle",12.45246,58.39834
"Eight-Toothed_Spruce_Bark_Beetle",12.45601,58.39835
"Eight-Toothed_Spruce_Bark_Beetle",18.70314,63.33358
"Eight-Toothed_Spruce_Bark_Beetle",16.53639,58.64798
"Eight-Toothed_Spruce_Bark_Beetle",15.38563,57.88495
"Eight-Toothed_Spruce_Bark_Beetle",15.38563,57.88495
"Eight-Toothed_Spruce_Bark_Beetle",13.10729,59.82274
"Eight-Toothed_Spruce_Bark_Beetle",20.64889,68.04519
"Eight-Toothed_Spruce_Bark_Beetle",20.65057,68.04496
"Eight-Toothed_Spruce_Bark_Beetle",20.64855,68.0438
"Eight-Toothed_Spruce_Bark_Beetle",20.64709,68.04634
"Eight-Toothed_Spruce_Bark_Beetle",17.64438,59.83953
"Eight-Toothed_Spruce_Bark_Beetle",12.88933,56.8011
"Eight-Toothed_Spruce_Bark_Beetle",15.92309,62.67852
"Eight-Toothed_Spruce_Bark_Beetle",13.65566,58.46807
"Eight-Toothed_Spruce_Bark_Beetle",12.32273,58.9157
"Eight-Toothed_Spruce_Bark_Beetle",16.30162,58.95885
"Eight-Toothed_Spruce_Bark_Beetle",17.3502,59.88825
"Eight-Toothed_Spruce_Bark_Beetle",17.3502,59.88825
"Eight-Toothed_Spruce_Bark_Beetle",23.18576,65.8435
"Eight-Toothed_Spruce_Bark_Beetle",23.95286,66.04618
"Eight-Toothed_Spruce_Bark_Beetle",17.3502,59.88825
"Eight-Toothed_Spruce_Bark_Beetle",17.3502,59.88825
"Eight-Toothed_Spruce_Bark_Beetle",18.65111,63.00542
"Eight-Toothed_Spruce_Bark_Beetle",20.695,66.57727
"Eight-Toothed_Spruce_Bark_Beetle",20.695,66.57727
"Eight-Toothed_Spruce_Bark_Beetle",16.71891,62.97367
"Eight-Toothed_Spruce_Bark_Beetle",21.61153,66.38645
"Eight-Toothed_Spruce_Bark_Beetle",17.68871,62.61092
"Eight-Toothed_Spruce_Bark_Beetle",12.24118,57.12157
"Eight-Toothed_Spruce_Bark_Beetle",14.56886,58.72887
"Eight-Toothed_Spruce_Bark_Beetle",12.77423,62.85473
"Eight-Toothed_Spruce_Bark_Beetle",12.43116,59.52101
"Eight-Toothed_Spruce_Bark_Beetle",12.35806,59.08887
"Eight-Toothed_Spruce_Bark_Beetle",17.27034,63.14993
"Eight-Toothed_Spruce_Bark_Beetle",13.36027,60.45776
"Eight-Toothed_Spruce_Bark_Beetle",16.30407,58.95732
"Eight-Toothed_Spruce_Bark_Beetle",17.97258,59.87787
"Eight-Toothed_Spruce_Bark_Beetle",17.60608,62.96686
"Eight-Toothed_Spruce_Bark_Beetle",12.31665,61.00962
"Eight-Toothed_Spruce_Bark_Beetle",16.96516,59.24358
"Eight-Toothed_Spruce_Bark_Beetle",16.17119,56.99791
"Eight-Toothed_Spruce_Bark_Beetle",16.49482,56.67872
"Eight-Toothed_Spruce_Bark_Beetle",19.23326,64.18469
"Eight-Toothed_Spruce_Bark_Beetle",17.35589,59.10178
"Eight-Toothed_Spruce_Bark_Beetle",17.89237,59.40419
"Eight-Toothed_Spruce_Bark_Beetle",15.23916,57.24855
"Eight-Toothed_Spruce_Bark_Beetle",16.35814,56.75109
"Eight-Toothed_Spruce_Bark_Beetle",12.05188,57.7001
"Eight-Toothed_Spruce_Bark_Beetle",16.50258,56.64403
"Eight-Toothed_Spruce_Bark_Beetle",16.20957,59.83026
"Eight-Toothed_Spruce_Bark_Beetle",16.21092,59.83045
"Eight-Toothed_Spruce_Bark_Beetle",16.19998,59.82434
"Eight-Toothed_Spruce_Bark_Beetle",11.88562,58.27295
"Eight-Toothed_Spruce_Bark_Beetle",17.24823,60.0193
"Eight-Toothed_Spruce_Bark_Beetle",12.00692,58.45032
"Eight-Toothed_Spruce_Bark_Beetle",13.86781,58.43596
"Eight-Toothed_Spruce_Bark_Beetle",13.86781,58.43596
"Eight-Toothed_Spruce_Bark_Beetle",16.30292,62.91453
"Eight-Toothed_Spruce_Bark_Beetle",14.88543,59.27913
"Eight-Toothed_Spruce_Bark_Beetle",15.59408,57.48969
"Eight-Toothed_Spruce_Bark_Beetle",14.92153,57.2551
"Eight-Toothed_Spruce_Bark_Beetle",13.90269,57.39397
"Eight-Toothed_Spruce_Bark_Beetle",16.51714,59.63674
"Eight-Toothed_Spruce_Bark_Beetle",14.30906,57.19085
"Eight-Toothed_Spruce_Bark_Beetle",14.4366,57.44745
"Eight-Toothed_Spruce_Bark_Beetle",13.78679,57.74878
"Eight-Toothed_Spruce_Bark_Beetle",17.22477,59.84593
"Eight-Toothed_Spruce_Bark_Beetle",17.22477,59.84593
"Eight-Toothed_Spruce_Bark_Beetle",17.22477,59.84593
"Eight-Toothed_Spruce_Bark_Beetle",17.24597,59.85182
"Eight-Toothed_Spruce_Bark_Beetle",17.24597,59.85182
"Eight-Toothed_Spruce_Bark_Beetle",14.69765,57.03445
"Eight-Toothed_Spruce_Bark_Beetle",22.39456,65.55479
"Eight-Toothed_Spruce_Bark_Beetle",22.32482,65.56494
"Eight-Toothed_Spruce_Bark_Beetle",16.51348,60.1386
"Eight-Toothed_Spruce_Bark_Beetle",16.49961,60.18263
"Eight-Toothed_Spruce_Bark_Beetle",22.30947,65.57094
"Eight-Toothed_Spruce_Bark_Beetle",22.3346,65.57942
"Eight-Toothed_Spruce_Bark_Beetle",16.40612,59.48388
"Eight-Toothed_Spruce_Bark_Beetle",21.23403,65.54715
"Eight-Toothed_Spruce_Bark_Beetle",12.08877,57.86444
"Eight-Toothed_Spruce_Bark_Beetle",12.05368,57.86716
"Eight-Toothed_Spruce_Bark_Beetle",16.06976,60.13144
"Eight-Toothed_Spruce_Bark_Beetle",12.73569,56.85103
"Eight-Toothed_Spruce_Bark_Beetle",13.30886,56.73943
"Eight-Toothed_Spruce_Bark_Beetle",13.30886,56.73943
"Eight-Toothed_Spruce_Bark_Beetle",12.92195,56.89657
"Eight-Toothed_Spruce_Bark_Beetle",16.07066,60.59216
"Eight-Toothed_Spruce_Bark_Beetle",16.07066,60.59216
"Eight-Toothed_Spruce_Bark_Beetle",15.43214,57.31686
"Eight-Toothed_Spruce_Bark_Beetle",14.47099,60.30868
"Eight-Toothed_Spruce_Bark_Beetle",14.46675,60.30833
"Eight-Toothed_Spruce_Bark_Beetle",15.61117,60.19299
"Eight-Toothed_Spruce_Bark_Beetle",15.70614,60.1708
"Eight-Toothed_Spruce_Bark_Beetle",15.70614,60.1708
"Eight-Toothed_Spruce_Bark_Beetle",15.70753,60.17029
"Eight-Toothed_Spruce_Bark_Beetle",15.70529,60.17057
"Eight-Toothed_Spruce_Bark_Beetle",15.70529,60.17057
"Eight-Toothed_Spruce_Bark_Beetle",15.70614,60.1708
"Eight-Toothed_Spruce_Bark_Beetle",15.24986,60.29604
"Eight-Toothed_Spruce_Bark_Beetle",14.37659,60.2363
"Eight-Toothed_Spruce_Bark_Beetle",14.16676,60.18844
"Eight-Toothed_Spruce_Bark_Beetle",9.94397,59.06613
"Eight-Toothed_Spruce_Bark_Beetle",9.94931,59.18878
"Eight-Toothed_Spruce_Bark_Beetle",10.7984,62.95826
"Eight-Toothed_Spruce_Bark_Beetle",10.61703,59.96595
"Eight-Toothed_Spruce_Bark_Beetle",9.94397,59.06613
"Eight-Toothed_Spruce_Bark_Beetle",10.62383,60.73024
"Eight-Toothed_Spruce_Bark_Beetle",9.94931,59.18878
"Eight-Toothed_Spruce_Bark_Beetle",10.63467,60.71355
"Eight-Toothed_Spruce_Bark_Beetle",10.32,51.19
"Eight-Toothed_Spruce_Bark_Beetle",10.31,51.27
"Eight-Toothed_Spruce_Bark_Beetle",10.37,51.21
"Eight-Toothed_Spruce_Bark_Beetle",9.41,48.42
"Eight-Toothed_Spruce_Bark_Beetle",9.33,48.48
"Eight-Toothed_Spruce_Bark_Beetle",10.6574,60.7936
"Eight-Toothed_Spruce_Bark_Beetle",11.5004,60.5776
"Eight-Toothed_Spruce_Bark_Beetle",10.8194,59.9219
"Eight-Toothed_Spruce_Bark_Beetle",8.5754,61.1251
"Eight-Toothed_Spruce_Bark_Beetle",10.4388,59.8344
"Eight-Toothed_Spruce_Bark_Beetle",12.4861,64.5609
"Eight-Toothed_Spruce_Bark_Beetle",10.7574,59.6728
"Eight-Toothed_Spruce_Bark_Beetle",10.7669,59.6669
"Eight-Toothed_Spruce_Bark_Beetle",10.9714,59.8622
"Eight-Toothed_Spruce_Bark_Beetle",13.4263,65.9613
"Eight-Toothed_Spruce_Bark_Beetle",9.2952,59.9845
"Eight-Toothed_Spruce_Bark_Beetle",11.6422,60.2949
"Eight-Toothed_Spruce_Bark_Beetle",9.8365,62.8782
"Eight-Toothed_Spruce_Bark_Beetle",11.576,60.1831
"Eight-Toothed_Spruce_Bark_Beetle",10.7882,59.9224
"Eight-Toothed_Spruce_Bark_Beetle",10.6933,59.2337
"Eight-Toothed_Spruce_Bark_Beetle",8.4826,59.4345
"Eight-Toothed_Spruce_Bark_Beetle",11.623,60.8852
"Eight-Toothed_Spruce_Bark_Beetle",10.0489,60.0665
"Eight-Toothed_Spruce_Bark_Beetle",10.7882,59.9224
"Eight-Toothed_Spruce_Bark_Beetle",10.2242,59.6863
"Eight-Toothed_Spruce_Bark_Beetle",9.5281,59.9122
"Eight-Toothed_Spruce_Bark_Beetle",10.7882,59.9224
"Eight-Toothed_Spruce_Bark_Beetle",10.6275,59.9724
"Eight-Toothed_Spruce_Bark_Beetle",9.6498,59.6688
"Eight-Toothed_Spruce_Bark_Beetle",11.6422,60.2949
"Eight-Toothed_Spruce_Bark_Beetle",13.9614,66.4224
"Eight-Toothed_Spruce_Bark_Beetle",7.6786,58.9499
"Eight-Toothed_Spruce_Bark_Beetle",9.0445,61.0304
"Eight-Toothed_Spruce_Bark_Beetle",9.1006,60.5682
"Eight-Toothed_Spruce_Bark_Beetle",10.7628,59.6671
"Eight-Toothed_Spruce_Bark_Beetle",10.8266,59.9482
"Eight-Toothed_Spruce_Bark_Beetle",10.7882,59.9224
"Eight-Toothed_Spruce_Bark_Beetle",11.1122,63.987
"Eight-Toothed_Spruce_Bark_Beetle",9.0096,59.4781
"Eight-Toothed_Spruce_Bark_Beetle",8.7674,59.9936
"Eight-Toothed_Spruce_Bark_Beetle",11.7334,64.0921
"Eight-Toothed_Spruce_Bark_Beetle",25.5105,69.4721
"Eight-Toothed_Spruce_Bark_Beetle",11.5004,60.5776
"Eight-Toothed_Spruce_Bark_Beetle",10.85,61.7363
"Eight-Toothed_Spruce_Bark_Beetle",8.9453,60.7025
"Eight-Toothed_Spruce_Bark_Beetle",13.9889,65.5956
"Eight-Toothed_Spruce_Bark_Beetle",10.665,59.9924
"Eight-Toothed_Spruce_Bark_Beetle",10.6667,59.805
"Eight-Toothed_Spruce_Bark_Beetle",9.6202,60.1797
"Eight-Toothed_Spruce_Bark_Beetle",11.3732,61.132
"Eight-Toothed_Spruce_Bark_Beetle",10.6816,59.907
"Eight-Toothed_Spruce_Bark_Beetle",8.6958,58.4122
"Eight-Toothed_Spruce_Bark_Beetle",9.6255,60.855
"Eight-Toothed_Spruce_Bark_Beetle",11.5655,63.0558
"Eight-Toothed_Spruce_Bark_Beetle",9.0678,59.4229
"Eight-Toothed_Spruce_Bark_Beetle",12.1134,63.9782
"Eight-Toothed_Spruce_Bark_Beetle",10.7628,59.6671
"Eight-Toothed_Spruce_Bark_Beetle",11.576,60.1831
"Eight-Toothed_Spruce_Bark_Beetle",10.7814,60.0106
"Eight-Toothed_Spruce_Bark_Beetle",13.1686,64.9279
"Eight-Toothed_Spruce_Bark_Beetle",9.9986,59.9724
"Eight-Toothed_Spruce_Bark_Beetle",10.6933,59.2337
"Eight-Toothed_Spruce_Bark_Beetle",10.2001,59.7443
"Eight-Toothed_Spruce_Bark_Beetle",10.7763,59.9399
"Eight-Toothed_Spruce_Bark_Beetle",9.9986,59.9724
"Eight-Toothed_Spruce_Bark_Beetle",9.1006,60.5682
"Eight-Toothed_Spruce_Bark_Beetle",11.4059,64.3875
"Eight-Toothed_Spruce_Bark_Beetle",12.3788,64.2458
"Eight-Toothed_Spruce_Bark_Beetle",10.1652,59.3046
"Eight-Toothed_Spruce_Bark_Beetle",11.4332,63.919
"Eight-Toothed_Spruce_Bark_Beetle",10.7628,59.6671
"Eight-Toothed_Spruce_Bark_Beetle",9.8053,59.185
"Eight-Toothed_Spruce_Bark_Beetle",11.0528,63.6095
"Eight-Toothed_Spruce_Bark_Beetle",8.9817,61.0906
"Eight-Toothed_Spruce_Bark_Beetle",8.6764,59.8831
"Eight-Toothed_Spruce_Bark_Beetle",10.617,59.8782
"Eight-Toothed_Spruce_Bark_Beetle",10.2568,60.161
"Eight-Toothed_Spruce_Bark_Beetle",9.6498,59.6688
"Eight-Toothed_Spruce_Bark_Beetle",11.4352,59.0571
"Eight-Toothed_Spruce_Bark_Beetle",10.6721,59.9651
"Eight-Toothed_Spruce_Bark_Beetle",12.063,60.0274
"Eight-Toothed_Spruce_Bark_Beetle",10.617,59.8782
"Eight-Toothed_Spruce_Bark_Beetle",10.6382,59.9151
"Eight-Toothed_Spruce_Bark_Beetle",10.6721,59.9651
"Eight-Toothed_Spruce_Bark_Beetle",10.6876,59.9681
"Eight-Toothed_Spruce_Bark_Beetle",9.3969,58.8726
"Eight-Toothed_Spruce_Bark_Beetle",10.7882,59.9224
"Eight-Toothed_Spruce_Bark_Beetle",10.7882,59.9224
"Eight-Toothed_Spruce_Bark_Beetle",10.7882,59.9224
"Eight-Toothed_Spruce_Bark_Beetle",13.4069,65.5341
"Eight-Toothed_Spruce_Bark_Beetle",9.3454,61.4182
"Eight-Toothed_Spruce_Bark_Beetle",9.2551,59.2812
"Eight-Toothed_Spruce_Bark_Beetle",11.8728,64.4831
"Eight-Toothed_Spruce_Bark_Beetle",10.2463,60.7738
"Eight-Toothed_Spruce_Bark_Beetle",8.5622,60.6283
"Eight-Toothed_Spruce_Bark_Beetle",11.0448,60.4163
"Eight-Toothed_Spruce_Bark_Beetle",11.0726,60.8123
"Eight-Toothed_Spruce_Bark_Beetle",11.0428,63.2183
"Eight-Toothed_Spruce_Bark_Beetle",9.6037,59.2277
"Eight-Toothed_Spruce_Bark_Beetle",13.5488,66.1021
"Eight-Toothed_Spruce_Bark_Beetle",10.9903,64.0174
"Eight-Toothed_Spruce_Bark_Beetle",25.5105,69.4721
"Eight-Toothed_Spruce_Bark_Beetle",8.651,58.5263
"Eight-Toothed_Spruce_Bark_Beetle",10.1652,59.3046
"Eight-Toothed_Spruce_Bark_Beetle",11.4823,63.7935
"Eight-Toothed_Spruce_Bark_Beetle",10.7294,59.975
"Eight-Toothed_Spruce_Bark_Beetle",13.5901,64.4671
"Eight-Toothed_Spruce_Bark_Beetle",7.8097,58.5853
"Eight-Toothed_Spruce_Bark_Beetle",9.0694,61.1437
"Eight-Toothed_Spruce_Bark_Beetle",11.7376,64.0947
"Eight-Toothed_Spruce_Bark_Beetle",10.8837,60.0431
"Eight-Toothed_Spruce_Bark_Beetle",11.1761,61.7603
"Eight-Toothed_Spruce_Bark_Beetle",11.3732,61.132
"Eight-Toothed_Spruce_Bark_Beetle",8.5754,61.1251
"Eight-Toothed_Spruce_Bark_Beetle",9.58,59.7922
"Eight-Toothed_Spruce_Bark_Beetle",11.7342,63.429
"Eight-Toothed_Spruce_Bark_Beetle",12.3516,61.3587
"Eight-Toothed_Spruce_Bark_Beetle",10.1814,63.3049
"Eight-Toothed_Spruce_Bark_Beetle",9.6202,60.1797
"Eight-Toothed_Spruce_Bark_Beetle",10.6933,59.2337
"Eight-Toothed_Spruce_Bark_Beetle",10.6933,59.2337
"Eight-Toothed_Spruce_Bark_Beetle",10.6933,59.2337
"Eight-Toothed_Spruce_Bark_Beetle",9.9986,59.9724
"Eight-Toothed_Spruce_Bark_Beetle",9.9986,59.9724
"Eight-Toothed_Spruce_Bark_Beetle",14.7056,63.10399
"Eight-Toothed_Spruce_Bark_Beetle",15.79015,56.84036
"Eight-Toothed_Spruce_Bark_Beetle",19.23326,64.18469
"Eight-Toothed_Spruce_Bark_Beetle",19.23326,64.18469
"Eight-Toothed_Spruce_Bark_Beetle",13.80141,63.41437
"Eight-Toothed_Spruce_Bark_Beetle",16.42235,56.93352
"Eight-Toothed_Spruce_Bark_Beetle",12.54056,59.38436
"Eight-Toothed_Spruce_Bark_Beetle",16.42235,56.93352
"Eight-Toothed_Spruce_Bark_Beetle",15.59138,62.71825
"Eight-Toothed_Spruce_Bark_Beetle",17.56171,59.82299
"Eight-Toothed_Spruce_Bark_Beetle",12.86083,56.74276
"Eight-Toothed_Spruce_Bark_Beetle",12.90204,56.44997
"Eight-Toothed_Spruce_Bark_Beetle",17.97258,59.87787
"Eight-Toothed_Spruce_Bark_Beetle",11.40566,61.16948
"Eight-Toothed_Spruce_Bark_Beetle",11.40146,61.16681
"Eight-Toothed_Spruce_Bark_Beetle",10.14177,59.68104
"Eight-Toothed_Spruce_Bark_Beetle",10.91519,60.32204
"Eight-Toothed_Spruce_Bark_Beetle",11.40262,61.16667
"Eight-Toothed_Spruce_Bark_Beetle",10.093,59.65651
"Eight-Toothed_Spruce_Bark_Beetle",10.0941,59.69209
"Eight-Toothed_Spruce_Bark_Beetle",10.09167,59.64349
"Eight-Toothed_Spruce_Bark_Beetle",10.14177,59.68104
"Eight-Toothed_Spruce_Bark_Beetle",10.12109,59.68042
"Eight-Toothed_Spruce_Bark_Beetle",10.09977,59.64155
"Eight-Toothed_Spruce_Bark_Beetle",11.01219,59.84388
"Eight-Toothed_Spruce_Bark_Beetle",11.40265,61.16676
"Eight-Toothed_Spruce_Bark_Beetle",10.98509,59.85413
"Eight-Toothed_Spruce_Bark_Beetle",10.93429,59.87188
"Eight-Toothed_Spruce_Bark_Beetle",11.40165,61.16691
"Eight-Toothed_Spruce_Bark_Beetle",11.40367,61.16461
"Eight-Toothed_Spruce_Bark_Beetle",11.40165,61.16691
"Eight-Toothed_Spruce_Bark_Beetle",11.40667,61.16902
"Eight-Toothed_Spruce_Bark_Beetle",11.40312,61.16714
"Eight-Toothed_Spruce_Bark_Beetle",11.40265,61.16676
"Eight-Toothed_Spruce_Bark_Beetle",11.40262,61.16667
"Eight-Toothed_Spruce_Bark_Beetle",11.40396,61.1674
"Eight-Toothed_Spruce_Bark_Beetle",10.78421,60.05086
"Eight-Toothed_Spruce_Bark_Beetle",11.40603,61.16898
"Eight-Toothed_Spruce_Bark_Beetle",11.40023,61.16723
"Eight-Toothed_Spruce_Bark_Beetle",11.40591,61.16936
"Eight-Toothed_Spruce_Bark_Beetle",10.09167,59.64349
"Eight-Toothed_Spruce_Bark_Beetle",11.40358,61.16752
"Eight-Toothed_Spruce_Bark_Beetle",11.40367,61.16461
"Eight-Toothed_Spruce_Bark_Beetle",11.4007,61.16692
"Eight-Toothed_Spruce_Bark_Beetle",11.40314,61.16493
"Eight-Toothed_Spruce_Bark_Beetle",11.40339,61.16557
"Eight-Toothed_Spruce_Bark_Beetle",10.12109,59.68042
"Eight-Toothed_Spruce_Bark_Beetle",11.40603,61.16898
"Eight-Toothed_Spruce_Bark_Beetle",11.40329,61.16523
"Eight-Toothed_Spruce_Bark_Beetle",11.40295,61.1657
"Eight-Toothed_Spruce_Bark_Beetle",10.0941,59.69209
"Eight-Toothed_Spruce_Bark_Beetle",11.40262,61.16667
"Eight-Toothed_Spruce_Bark_Beetle",11.40682,61.16912
"Eight-Toothed_Spruce_Bark_Beetle",11.4007,61.16692
"Eight-Toothed_Spruce_Bark_Beetle",11.40146,61.16681
"Eight-Toothed_Spruce_Bark_Beetle",11.40591,61.16936
"Eight-Toothed_Spruce_Bark_Beetle",11.40335,61.16434
"Eight-Toothed_Spruce_Bark_Beetle",11.40218,61.16768
"Eight-Toothed_Spruce_Bark_Beetle",11.40335,61.16434
"Eight-Toothed_Spruce_Bark_Beetle",11.40257,61.16531
"Eight-Toothed_Spruce_Bark_Beetle",11.40682,61.16912
"Eight-Toothed_Spruce_Bark_Beetle",11.40329,61.16523
"Eight-Toothed_Spruce_Bark_Beetle",11.40165,61.16691
"Eight-Toothed_Spruce_Bark_Beetle",11.40354,61.16456
"Eight-Toothed_Spruce_Bark_Beetle",11.40335,61.16434
"Eight-Toothed_Spruce_Bark_Beetle",11.40204,61.16783
"Eight-Toothed_Spruce_Bark_Beetle",11.40023,61.16723
"Eight-Toothed_Spruce_Bark_Beetle",11.40293,61.1647
"Eight-Toothed_Spruce_Bark_Beetle",11.40591,61.16936
"Eight-Toothed_Spruce_Bark_Beetle",11.40293,61.1647
"Eight-Toothed_Spruce_Bark_Beetle",11.40204,61.16783
"Eight-Toothed_Spruce_Bark_Beetle",11.40295,61.1657
"Eight-Toothed_Spruce_Bark_Beetle",11.40262,61.16667
"Eight-Toothed_Spruce_Bark_Beetle",11.40005,61.16684
"Eight-Toothed_Spruce_Bark_Beetle",11.40367,61.16461
"Eight-Toothed_Spruce_Bark_Beetle",11.40295,61.1657
"Eight-Toothed_Spruce_Bark_Beetle",11.40298,61.16584
"Eight-Toothed_Spruce_Bark_Beetle",11.40367,61.16461
"Eight-Toothed_Spruce_Bark_Beetle",11.40257,61.16531
"Eight-Toothed_Spruce_Bark_Beetle",11.40684,61.16807
"Eight-Toothed_Spruce_Bark_Beetle",11.40272,61.16601
"Eight-Toothed_Spruce_Bark_Beetle",11.40204,61.16783
"Eight-Toothed_Spruce_Bark_Beetle",11.40358,61.16752
"Eight-Toothed_Spruce_Bark_Beetle",11.40354,61.16484
"Eight-Toothed_Spruce_Bark_Beetle",11.40339,61.16557
"Eight-Toothed_Spruce_Bark_Beetle",11.40335,61.16434
"Eight-Toothed_Spruce_Bark_Beetle",11.40265,61.16676
"Eight-Toothed_Spruce_Bark_Beetle",11.40566,61.16948
"Eight-Toothed_Spruce_Bark_Beetle",11.40146,61.16681
"Eight-Toothed_Spruce_Bark_Beetle",11.40488,61.16943
"Eight-Toothed_Spruce_Bark_Beetle",11.40367,61.16461
"Eight-Toothed_Spruce_Bark_Beetle",11.4031,61.16438
"Eight-Toothed_Spruce_Bark_Beetle",11.40335,61.16434
"Eight-Toothed_Spruce_Bark_Beetle",11.4072,61.16891
"Eight-Toothed_Spruce_Bark_Beetle",11.40354,61.16484
"Eight-Toothed_Spruce_Bark_Beetle",11.39915,61.16654
"Eight-Toothed_Spruce_Bark_Beetle",11.40603,61.16898
"Eight-Toothed_Spruce_Bark_Beetle",11.40146,61.16681
"Eight-Toothed_Spruce_Bark_Beetle",11.40603,61.16898
"Eight-Toothed_Spruce_Bark_Beetle",11.40298,61.16584
"Eight-Toothed_Spruce_Bark_Beetle",11.40348,61.16555
"Eight-Toothed_Spruce_Bark_Beetle",11.40682,61.16912
"Eight-Toothed_Spruce_Bark_Beetle",11.40667,61.16902
"Eight-Toothed_Spruce_Bark_Beetle",11.40312,61.16714
"Eight-Toothed_Spruce_Bark_Beetle",11.40314,61.16493
"Eight-Toothed_Spruce_Bark_Beetle",11.40591,61.16936
"Eight-Toothed_Spruce_Bark_Beetle",11.40589,61.16913
"Eight-Toothed_Spruce_Bark_Beetle",11.40023,61.16723
"Eight-Toothed_Spruce_Bark_Beetle",11.40165,61.16691
"Eight-Toothed_Spruce_Bark_Beetle",11.40316,61.16551
"Eight-Toothed_Spruce_Bark_Beetle",11.40536,61.16947
"Eight-Toothed_Spruce_Bark_Beetle",11.40396,61.1674
"Eight-Toothed_Spruce_Bark_Beetle",11.40314,61.16493
"Eight-Toothed_Spruce_Bark_Beetle",11.40566,61.16948
"Eight-Toothed_Spruce_Bark_Beetle",11.40667,61.16902
"Eight-Toothed_Spruce_Bark_Beetle",11.40591,61.16936
"Eight-Toothed_Spruce_Bark_Beetle",11.39915,61.16654
"Eight-Toothed_Spruce_Bark_Beetle",11.40682,61.16912
"Eight-Toothed_Spruce_Bark_Beetle",11.40165,61.16691
"Eight-Toothed_Spruce_Bark_Beetle",11.40023,61.16723
"Eight-Toothed_Spruce_Bark_Beetle",11.40298,61.16584
"Eight-Toothed_Spruce_Bark_Beetle",11.404,61.16948
"Eight-Toothed_Spruce_Bark_Beetle",11.40329,61.16523
"Eight-Toothed_Spruce_Bark_Beetle",11.40367,61.16461
"Eight-Toothed_Spruce_Bark_Beetle",11.40339,61.16557
"Eight-Toothed_Spruce_Bark_Beetle",11.40651,61.16914
"Eight-Toothed_Spruce_Bark_Beetle",11.40178,61.16829
"Eight-Toothed_Spruce_Bark_Beetle",11.4056,61.16918
"Eight-Toothed_Spruce_Bark_Beetle",11.4007,61.16692
"Eight-Toothed_Spruce_Bark_Beetle",11.40335,61.16434
"Eight-Toothed_Spruce_Bark_Beetle",11.40348,61.16555
"Eight-Toothed_Spruce_Bark_Beetle",11.40589,61.16913
"Eight-Toothed_Spruce_Bark_Beetle",11.40226,61.16462
"Eight-Toothed_Spruce_Bark_Beetle",11.4072,61.16891
"Eight-Toothed_Spruce_Bark_Beetle",11.40146,61.16681
"Eight-Toothed_Spruce_Bark_Beetle",11.40651,61.16914
"Eight-Toothed_Spruce_Bark_Beetle",11.40005,61.16684
"Eight-Toothed_Spruce_Bark_Beetle",11.40314,61.16493
"Eight-Toothed_Spruce_Bark_Beetle",11.40348,61.16555
"Eight-Toothed_Spruce_Bark_Beetle",11.40335,61.16434
"Eight-Toothed_Spruce_Bark_Beetle",11.40367,61.16461
"Eight-Toothed_Spruce_Bark_Beetle",11.40583,61.16898
"Eight-Toothed_Spruce_Bark_Beetle",11.40258,61.16956
"Eight-Toothed_Spruce_Bark_Beetle",11.40116,61.16746
"Eight-Toothed_Spruce_Bark_Beetle",11.40247,61.16489
"Eight-Toothed_Spruce_Bark_Beetle",11.40298,61.16584
"Eight-Toothed_Spruce_Bark_Beetle",11.40533,61.16851
"Eight-Toothed_Spruce_Bark_Beetle",11.4064,61.16823
"Eight-Toothed_Spruce_Bark_Beetle",11.40295,61.1657
"Eight-Toothed_Spruce_Bark_Beetle",11.40262,61.16667
"Eight-Toothed_Spruce_Bark_Beetle",11.40684,61.16807
"Eight-Toothed_Spruce_Bark_Beetle",11.40316,61.16551
"Eight-Toothed_Spruce_Bark_Beetle",11.40262,61.16667
"Eight-Toothed_Spruce_Bark_Beetle",11.40354,61.16484
"Eight-Toothed_Spruce_Bark_Beetle",11.40316,61.16551
"Eight-Toothed_Spruce_Bark_Beetle",11.40293,61.1647
"Eight-Toothed_Spruce_Bark_Beetle",11.39938,61.1671
"Eight-Toothed_Spruce_Bark_Beetle",11.40354,61.16456
"Eight-Toothed_Spruce_Bark_Beetle",11.40311,61.16429
"Eight-Toothed_Spruce_Bark_Beetle",11.40395,61.16976
"Eight-Toothed_Spruce_Bark_Beetle",11.40651,61.16914
"Eight-Toothed_Spruce_Bark_Beetle",11.40682,61.16912
"Eight-Toothed_Spruce_Bark_Beetle",11.4072,61.16891
"Eight-Toothed_Spruce_Bark_Beetle",11.40348,61.16555
"Eight-Toothed_Spruce_Bark_Beetle",11.40589,61.16913
"Eight-Toothed_Spruce_Bark_Beetle",11.40003,61.16443
"Eight-Toothed_Spruce_Bark_Beetle",11.40358,61.16752
"Eight-Toothed_Spruce_Bark_Beetle",11.40354,61.16484
"Eight-Toothed_Spruce_Bark_Beetle",11.40295,61.1657
"Eight-Toothed_Spruce_Bark_Beetle",11.39916,61.16614
"Eight-Toothed_Spruce_Bark_Beetle",11.40395,61.16976
"Eight-Toothed_Spruce_Bark_Beetle",11.40603,61.16898
"Eight-Toothed_Spruce_Bark_Beetle",11.40603,61.16898
"Eight-Toothed_Spruce_Bark_Beetle",11.40281,61.16922
"Eight-Toothed_Spruce_Bark_Beetle",11.40367,61.1697
"Eight-Toothed_Spruce_Bark_Beetle",11.40667,61.16902
"Eight-Toothed_Spruce_Bark_Beetle",11.40396,61.1674
"Eight-Toothed_Spruce_Bark_Beetle",11.40566,61.16948
"Eight-Toothed_Spruce_Bark_Beetle",11.40591,61.16936
"Eight-Toothed_Spruce_Bark_Beetle",11.40155,61.16799
"Eight-Toothed_Spruce_Bark_Beetle",11.40517,61.16841
"Eight-Toothed_Spruce_Bark_Beetle",11.40488,61.16943
"Eight-Toothed_Spruce_Bark_Beetle",11.4007,61.16692
"Eight-Toothed_Spruce_Bark_Beetle",11.40682,61.16912
"Eight-Toothed_Spruce_Bark_Beetle",11.40396,61.1674
"Eight-Toothed_Spruce_Bark_Beetle",11.40566,61.16948
"Eight-Toothed_Spruce_Bark_Beetle",11.40312,61.16714
"Eight-Toothed_Spruce_Bark_Beetle",11.40329,61.16523
"Eight-Toothed_Spruce_Bark_Beetle",11.40358,61.16752
"Eight-Toothed_Spruce_Bark_Beetle",11.40165,61.16691
"Eight-Toothed_Spruce_Bark_Beetle",11.40023,61.16723
"Eight-Toothed_Spruce_Bark_Beetle",11.40667,61.16902
"Eight-Toothed_Spruce_Bark_Beetle",11.40262,61.16667
"Eight-Toothed_Spruce_Bark_Beetle",11.40262,61.16667
"Eight-Toothed_Spruce_Bark_Beetle",11.40589,61.16913
"Eight-Toothed_Spruce_Bark_Beetle",11.39915,61.16654
"Eight-Toothed_Spruce_Bark_Beetle",11.40298,61.16584
"Eight-Toothed_Spruce_Bark_Beetle",11.40005,61.16684
"Eight-Toothed_Spruce_Bark_Beetle",11.4007,61.16692
"Eight-Toothed_Spruce_Bark_Beetle",11.40311,61.16429
"Eight-Toothed_Spruce_Bark_Beetle",11.40329,61.16523
"Eight-Toothed_Spruce_Bark_Beetle",11.40265,61.16676
"Eight-Toothed_Spruce_Bark_Beetle",11.40367,61.1697
"Eight-Toothed_Spruce_Bark_Beetle",11.40293,61.1647
"Eight-Toothed_Spruce_Bark_Beetle",11.40354,61.16456
"Eight-Toothed_Spruce_Bark_Beetle",11.40591,61.16936
"Eight-Toothed_Spruce_Bark_Beetle",11.40314,61.16493
"Eight-Toothed_Spruce_Bark_Beetle",11.40023,61.16723
"Eight-Toothed_Spruce_Bark_Beetle",11.40265,61.16676
"Eight-Toothed_Spruce_Bark_Beetle",11.40314,61.16493
"Eight-Toothed_Spruce_Bark_Beetle",11.40298,61.16584
"Eight-Toothed_Spruce_Bark_Beetle",11.40725,61.16795
"Eight-Toothed_Spruce_Bark_Beetle",11.40068,61.16685
"Eight-Toothed_Spruce_Bark_Beetle",11.40312,61.16714
"Eight-Toothed_Spruce_Bark_Beetle",11.40684,61.16807
"Eight-Toothed_Spruce_Bark_Beetle",11.40367,61.16461
"Eight-Toothed_Spruce_Bark_Beetle",11.40293,61.1647
"Eight-Toothed_Spruce_Bark_Beetle",11.40367,61.16461
"Eight-Toothed_Spruce_Bark_Beetle",11.40339,61.16557
"Eight-Toothed_Spruce_Bark_Beetle",11.40146,61.16681
"Eight-Toothed_Spruce_Bark_Beetle",11.40725,61.16795
"Eight-Toothed_Spruce_Bark_Beetle",11.40004,61.16652
"Eight-Toothed_Spruce_Bark_Beetle",11.40146,61.16681
"Eight-Toothed_Spruce_Bark_Beetle",11.4056,61.16918
"Eight-Toothed_Spruce_Bark_Beetle",11.4056,61.16918
"Eight-Toothed_Spruce_Bark_Beetle",11.40204,61.16783
"Eight-Toothed_Spruce_Bark_Beetle",11.40339,61.16557
"Eight-Toothed_Spruce_Bark_Beetle",10.99788,59.84905
"Eight-Toothed_Spruce_Bark_Beetle",11.40155,61.16799
"Eight-Toothed_Spruce_Bark_Beetle",11.40272,61.16601
"Eight-Toothed_Spruce_Bark_Beetle",11.40719,61.16877
"Eight-Toothed_Spruce_Bark_Beetle",11.39984,61.16653
"Eight-Toothed_Spruce_Bark_Beetle",11.40684,61.16807
"Eight-Toothed_Spruce_Bark_Beetle",11.40258,61.16956
"Eight-Toothed_Spruce_Bark_Beetle",11.40116,61.16746
"Eight-Toothed_Spruce_Bark_Beetle",10.99743,59.84016
"Eight-Toothed_Spruce_Bark_Beetle",11.40068,61.16685
"Eight-Toothed_Spruce_Bark_Beetle",10.99679,59.85
"Eight-Toothed_Spruce_Bark_Beetle",11.40335,61.16434
"Eight-Toothed_Spruce_Bark_Beetle",11.40272,61.16601
"Eight-Toothed_Spruce_Bark_Beetle",10.99728,59.84828
"Eight-Toothed_Spruce_Bark_Beetle",11.40211,61.16658
"Eight-Toothed_Spruce_Bark_Beetle",10.99892,59.84862
"Eight-Toothed_Spruce_Bark_Beetle",11.4072,61.16891
"Eight-Toothed_Spruce_Bark_Beetle",11.4072,61.16891
"Eight-Toothed_Spruce_Bark_Beetle",11.01741,59.87982
"Eight-Toothed_Spruce_Bark_Beetle",10.99906,59.84945
"Eight-Toothed_Spruce_Bark_Beetle",11.39984,61.16653
"Eight-Toothed_Spruce_Bark_Beetle",10.99974,59.8572
"Eight-Toothed_Spruce_Bark_Beetle",11.40536,61.16947
"Eight-Toothed_Spruce_Bark_Beetle",11.40247,61.16489
"Eight-Toothed_Spruce_Bark_Beetle",11.40226,61.16462
"Eight-Toothed_Spruce_Bark_Beetle",10.99679,59.85
"Eight-Toothed_Spruce_Bark_Beetle",10.99923,59.84067
"Eight-Toothed_Spruce_Bark_Beetle",10.98736,59.87565
"Eight-Toothed_Spruce_Bark_Beetle",11.40335,61.16434
"Eight-Toothed_Spruce_Bark_Beetle",10.99728,59.84828
"Eight-Toothed_Spruce_Bark_Beetle",10.99679,59.85
"Eight-Toothed_Spruce_Bark_Beetle",10.98736,59.87565
"Eight-Toothed_Spruce_Bark_Beetle",10.93423,59.85352
"Eight-Toothed_Spruce_Bark_Beetle",10.99807,59.84877
"Eight-Toothed_Spruce_Bark_Beetle",11.02041,59.88056
"Eight-Toothed_Spruce_Bark_Beetle",10.56626,60.04505
"Eight-Toothed_Spruce_Bark_Beetle",10.56626,60.04505
"Eight-Toothed_Spruce_Bark_Beetle",10.99679,59.85
"Eight-Toothed_Spruce_Bark_Beetle",10.99722,59.84975
"Eight-Toothed_Spruce_Bark_Beetle",10.99788,59.84905
"Eight-Toothed_Spruce_Bark_Beetle",10.56765,60.0426
"Eight-Toothed_Spruce_Bark_Beetle",10.99722,59.84975
"Eight-Toothed_Spruce_Bark_Beetle",10.47957,60.01712
"Eight-Toothed_Spruce_Bark_Beetle",11.40268,61.16432
"Eight-Toothed_Spruce_Bark_Beetle",10.5676,60.04269
"Eight-Toothed_Spruce_Bark_Beetle",10.99728,59.84828
"Eight-Toothed_Spruce_Bark_Beetle",10.56626,60.04505
"Eight-Toothed_Spruce_Bark_Beetle",10.94043,59.85188
"Eight-Toothed_Spruce_Bark_Beetle",10.99892,59.84862
"Eight-Toothed_Spruce_Bark_Beetle",10.94095,59.85008
"Eight-Toothed_Spruce_Bark_Beetle",10.94097,59.85413
"Eight-Toothed_Spruce_Bark_Beetle",10.99968,59.84523
"Eight-Toothed_Spruce_Bark_Beetle",10.94082,59.8527
"Eight-Toothed_Spruce_Bark_Beetle",10.94082,59.8527
"Eight-Toothed_Spruce_Bark_Beetle",10.94137,59.84997
"Eight-Toothed_Spruce_Bark_Beetle",10.99906,59.84945
"Eight-Toothed_Spruce_Bark_Beetle",10.94082,59.8527
"Eight-Toothed_Spruce_Bark_Beetle",10.47337,60.01998
"Eight-Toothed_Spruce_Bark_Beetle",10.94137,59.84997
"Eight-Toothed_Spruce_Bark_Beetle",10.94062,59.85303
"Eight-Toothed_Spruce_Bark_Beetle",10.02994,59.13967
"Eight-Toothed_Spruce_Bark_Beetle",10.80734,63.78769
"Eight-Toothed_Spruce_Bark_Beetle",10.47957,60.01712
"Eight-Toothed_Spruce_Bark_Beetle",10.99923,59.84067
"Eight-Toothed_Spruce_Bark_Beetle",10.56793,60.04277
"Eight-Toothed_Spruce_Bark_Beetle",9.85848,59.23959
"Eight-Toothed_Spruce_Bark_Beetle",10.80734,63.78769
"Eight-Toothed_Spruce_Bark_Beetle",10.56888,60.04546
"Eight-Toothed_Spruce_Bark_Beetle",10.99733,59.84803
"Eight-Toothed_Spruce_Bark_Beetle",10.02731,59.14065
"Eight-Toothed_Spruce_Bark_Beetle",10.94043,59.85188
"Eight-Toothed_Spruce_Bark_Beetle",10.02731,59.14065
"Eight-Toothed_Spruce_Bark_Beetle",9.95295,59.13349
"Eight-Toothed_Spruce_Bark_Beetle",10.02994,59.13967
"Eight-Toothed_Spruce_Bark_Beetle",10.47957,60.01712
"Eight-Toothed_Spruce_Bark_Beetle",10.5676,60.04269
"Eight-Toothed_Spruce_Bark_Beetle",9.94186,59.06051
"Eight-Toothed_Spruce_Bark_Beetle",10.02731,59.14065
"Eight-Toothed_Spruce_Bark_Beetle",9.91478,59.11043
"Eight-Toothed_Spruce_Bark_Beetle",10.82376,63.79422
"Eight-Toothed_Spruce_Bark_Beetle",10.80734,63.78769
"Eight-Toothed_Spruce_Bark_Beetle",10.80734,63.78769
"Eight-Toothed_Spruce_Bark_Beetle",9.95295,59.13349
"Eight-Toothed_Spruce_Bark_Beetle",10.79006,60.04786
"Eight-Toothed_Spruce_Bark_Beetle",9.85801,59.24008
"Eight-Toothed_Spruce_Bark_Beetle",9.0242,59.0803
"Eight-Toothed_Spruce_Bark_Beetle",9.92154,59.19309
"Eight-Toothed_Spruce_Bark_Beetle",10.81337,63.79145
"Eight-Toothed_Spruce_Bark_Beetle",10.80734,63.78769
"Eight-Toothed_Spruce_Bark_Beetle",10.09173,59.67311
"Eight-Toothed_Spruce_Bark_Beetle",10.80734,63.78769
"Eight-Toothed_Spruce_Bark_Beetle",10.70906,60.0543
"Eight-Toothed_Spruce_Bark_Beetle",9.94186,59.06051
"Eight-Toothed_Spruce_Bark_Beetle",10.94051,59.85389
"Eight-Toothed_Spruce_Bark_Beetle",10.09167,59.64349
"Eight-Toothed_Spruce_Bark_Beetle",11.02082,59.84207
"Eight-Toothed_Spruce_Bark_Beetle",10.78421,60.05086
"Eight-Toothed_Spruce_Bark_Beetle",10.06917,59.64207
"Eight-Toothed_Spruce_Bark_Beetle",10.82376,63.79422
"Eight-Toothed_Spruce_Bark_Beetle",10.09167,59.64349
"Eight-Toothed_Spruce_Bark_Beetle",10.14177,59.68104
"Eight-Toothed_Spruce_Bark_Beetle",10.78421,60.05086
"Eight-Toothed_Spruce_Bark_Beetle",10.80734,63.78769
"Eight-Toothed_Spruce_Bark_Beetle",10.70906,60.0543
"Eight-Toothed_Spruce_Bark_Beetle",10.79006,60.04786
"Eight-Toothed_Spruce_Bark_Beetle",10.14177,59.68104
"Eight-Toothed_Spruce_Bark_Beetle",10.10681,59.63142
"Eight-Toothed_Spruce_Bark_Beetle",10.02994,59.13967
"Eight-Toothed_Spruce_Bark_Beetle",11.03637,59.84996
"Eight-Toothed_Spruce_Bark_Beetle",10.70906,60.0543
"Eight-Toothed_Spruce_Bark_Beetle",10.14177,59.68104
"Eight-Toothed_Spruce_Bark_Beetle",3.599,50.483
"Eight-Toothed_Spruce_Bark_Beetle",4.504,50.115
"Eight-Toothed_Spruce_Bark_Beetle",4.648,50.248
"Eight-Toothed_Spruce_Bark_Beetle",4.446,50.52
"Eight-Toothed_Spruce_Bark_Beetle",5.834,50.135
"Eight-Toothed_Spruce_Bark_Beetle",5.39,49.65
"Eight-Toothed_Spruce_Bark_Beetle",12.8539,59.43113
"Eight-Toothed_Spruce_Bark_Beetle",11.91842,59.20076
"Eight-Toothed_Spruce_Bark_Beetle",12.85186,59.42459
"Eight-Toothed_Spruce_Bark_Beetle",12.8539,59.43113
"Eight-Toothed_Spruce_Bark_Beetle",12.85186,59.42459
"Eight-Toothed_Spruce_Bark_Beetle",12.77438,59.30543
"Eight-Toothed_Spruce_Bark_Beetle",12.47226,59.07301
"Eight-Toothed_Spruce_Bark_Beetle",16.40621,59.48388
"Eight-Toothed_Spruce_Bark_Beetle",14.62879,58.7107
"Eight-Toothed_Spruce_Bark_Beetle",12.77438,59.30543
"Eight-Toothed_Spruce_Bark_Beetle",12.77438,59.30543
"Eight-Toothed_Spruce_Bark_Beetle",12.47226,59.07301
"Eight-Toothed_Spruce_Bark_Beetle",12.85186,59.42459
"Eight-Toothed_Spruce_Bark_Beetle",12.47226,59.07301
"Eight-Toothed_Spruce_Bark_Beetle",13.80722,57.64615
"Eight-Toothed_Spruce_Bark_Beetle",18.67597,64.59574
"Eight-Toothed_Spruce_Bark_Beetle",18.31875,64.6763
"Eight-Toothed_Spruce_Bark_Beetle",18.41358,64.65985
"Eight-Toothed_Spruce_Bark_Beetle",18.31875,64.6763
"Eight-Toothed_Spruce_Bark_Beetle",18.37318,64.69781
"Eight-Toothed_Spruce_Bark_Beetle",18.67597,64.59574
"Eight-Toothed_Spruce_Bark_Beetle",17.9078,64.78142
"Eight-Toothed_Spruce_Bark_Beetle",18.31875,64.6763
"Eight-Toothed_Spruce_Bark_Beetle",18.71684,64.56756
"Eight-Toothed_Spruce_Bark_Beetle",15.03976,59.45123
"Eight-Toothed_Spruce_Bark_Beetle",16.1169,58.69242
"Eight-Toothed_Spruce_Bark_Beetle",16.1173,58.69298
"Eight-Toothed_Spruce_Bark_Beetle",16.11687,58.69273
"Eight-Toothed_Spruce_Bark_Beetle",14.75475,61.76337
"Eight-Toothed_Spruce_Bark_Beetle",13.67923,60.86504
"Eight-Toothed_Spruce_Bark_Beetle",17.73211,62.39216
"Eight-Toothed_Spruce_Bark_Beetle",16.12939,57.83402
"Eight-Toothed_Spruce_Bark_Beetle",16.74159,60.14316
"Eight-Toothed_Spruce_Bark_Beetle",16.74109,60.14308
"Eight-Toothed_Spruce_Bark_Beetle",16.7792,60.13068
"Eight-Toothed_Spruce_Bark_Beetle",16.74406,60.13981
"Eight-Toothed_Spruce_Bark_Beetle",16.77899,60.13058
"Eight-Toothed_Spruce_Bark_Beetle",16.74279,60.14074
"Eight-Toothed_Spruce_Bark_Beetle",16.7797,60.13066
"Eight-Toothed_Spruce_Bark_Beetle",16.66297,59.87771
"Eight-Toothed_Spruce_Bark_Beetle",14.82509,56.16109
"Eight-Toothed_Spruce_Bark_Beetle",14.12297,57.46337
"Eight-Toothed_Spruce_Bark_Beetle",16.20764,63.1178
"Eight-Toothed_Spruce_Bark_Beetle",16.20513,63.1231
"Eight-Toothed_Spruce_Bark_Beetle",16.20327,63.11764
"Eight-Toothed_Spruce_Bark_Beetle",16.0687,56.61756
"Eight-Toothed_Spruce_Bark_Beetle",16.0687,56.61756
"Eight-Toothed_Spruce_Bark_Beetle",16.07128,56.61477
"Eight-Toothed_Spruce_Bark_Beetle",16.0687,56.61756
"Eight-Toothed_Spruce_Bark_Beetle",16.0687,56.61756
"Eight-Toothed_Spruce_Bark_Beetle",16.49144,56.69207
"Eight-Toothed_Spruce_Bark_Beetle",16.22083,57.00294
"Eight-Toothed_Spruce_Bark_Beetle",16.14082,57.03613
"Eight-Toothed_Spruce_Bark_Beetle",16.10954,56.90284
"Eight-Toothed_Spruce_Bark_Beetle",16.10951,56.90275
"Eight-Toothed_Spruce_Bark_Beetle",15.33628,57.96532
"Eight-Toothed_Spruce_Bark_Beetle",12.10376,58.88707
"Eight-Toothed_Spruce_Bark_Beetle",15.33628,57.96532
"Eight-Toothed_Spruce_Bark_Beetle",16.09799,57.00655
"Eight-Toothed_Spruce_Bark_Beetle",12.10376,58.88707
"Eight-Toothed_Spruce_Bark_Beetle",12,49
"Eight-Toothed_Spruce_Bark_Beetle",7,51
"Eight-Toothed_Spruce_Bark_Beetle",7,51
"Eight-Toothed_Spruce_Bark_Beetle",16.58986,59.20072
"Eight-Toothed_Spruce_Bark_Beetle",16.01226,56.94611
"Eight-Toothed_Spruce_Bark_Beetle",14.50029,56.38802
"Eight-Toothed_Spruce_Bark_Beetle",17.03666,57.26623
"Eight-Toothed_Spruce_Bark_Beetle",16.94856,61.59949
"Eight-Toothed_Spruce_Bark_Beetle",16.79408,59.10724
"Eight-Toothed_Spruce_Bark_Beetle",16.32641,59.44316
"Eight-Toothed_Spruce_Bark_Beetle",17.61286,58.88147
