"species","dd long","dd lat"
"Hemlock_Woolly_Adelgid",-77.903648,40.795745
"Hemlock_Woolly_Adelgid",-79.445127,39.892185
"Hemlock_Woolly_Adelgid",-79.44407,39.891928
"Hemlock_Woolly_Adelgid",-79.457258,39.899506
"Hemlock_Woolly_Adelgid",-77.448399,39.872456
"Hemlock_Woolly_Adelgid",-72.584758,42.301752
"Hemlock_Woolly_Adelgid",-81.6605,36.114333
"Hemlock_Woolly_Adelgid",-72.512192,41.306328
"Hemlock_Woolly_Adelgid",-77.151833,41.049333
"Hemlock_Woolly_Adelgid",-72.656927,41.572717
"Hemlock_Woolly_Adelgid",-80.078972,40.509304
"Hemlock_Woolly_Adelgid",-72.442203,41.721356
"Hemlock_Woolly_Adelgid",-82.788248,36.882367
"Hemlock_Woolly_Adelgid",-77.478762,43.043067
"Hemlock_Woolly_Adelgid",-78.09597,40.623015
"Hemlock_Woolly_Adelgid",-81.722398,36.135149
"Hemlock_Woolly_Adelgid",-72.524186,42.305503
"Hemlock_Woolly_Adelgid",-81.496972,41.122311
"Hemlock_Woolly_Adelgid",-72.573491,42.380351
"Hemlock_Woolly_Adelgid",-81.847789,36.084647
"Hemlock_Woolly_Adelgid",-71.311737,43.196047
"Hemlock_Woolly_Adelgid",-81.07985,38.071428
"Hemlock_Woolly_Adelgid",-77.479142,43.043431
"Hemlock_Woolly_Adelgid",-65.398222,44.764643
"Hemlock_Woolly_Adelgid",-81.848292,36.084264
"Hemlock_Woolly_Adelgid",-74.015717,42.213225
"Hemlock_Woolly_Adelgid",-79.057101,43.128206
"Hemlock_Woolly_Adelgid",-71.079208,42.450478
"Hemlock_Woolly_Adelgid",-82.57501,35.240371
"Hemlock_Woolly_Adelgid",-79.417397,40.288922
"Hemlock_Woolly_Adelgid",-72.616172,42.928742
"Hemlock_Woolly_Adelgid",-76.68197,43.098503
"Hemlock_Woolly_Adelgid",-71.335904,42.559917
"Hemlock_Woolly_Adelgid",-81.722226,36.138105
"Hemlock_Woolly_Adelgid",-81.848061,36.084248
"Hemlock_Woolly_Adelgid",-81.846239,36.087235
"Hemlock_Woolly_Adelgid",-81.847747,36.084643
"Hemlock_Woolly_Adelgid",-72.323708,42.52387
"Hemlock_Woolly_Adelgid",-122.216183,47.555266
"Hemlock_Woolly_Adelgid",-81.72492,36.127629
"Hemlock_Woolly_Adelgid",-81.847467,36.085282
"Hemlock_Woolly_Adelgid",-85.475525,36.301258
"Hemlock_Woolly_Adelgid",-73.588188,41.106739
"Hemlock_Woolly_Adelgid",-72.937639,41.516006
"Hemlock_Woolly_Adelgid",-75.206733,40.035061
"Hemlock_Woolly_Adelgid",-72.82,41.88
"Hemlock_Woolly_Adelgid",-72.413011,42.849623
"Hemlock_Woolly_Adelgid",-71.124292,42.454455
"Hemlock_Woolly_Adelgid",-80.171234,42.062266
"Hemlock_Woolly_Adelgid",-80.181345,42.057061
"Hemlock_Woolly_Adelgid",-81.051194,38.057339
"Hemlock_Woolly_Adelgid",-72.57637,42.37792
"Hemlock_Woolly_Adelgid",-64.514372,44.367763
"Hemlock_Woolly_Adelgid",-76.226639,40.52698
"Hemlock_Woolly_Adelgid",-82.603453,35.18998
"Hemlock_Woolly_Adelgid",-82.57501,35.240371
"Hemlock_Woolly_Adelgid",-72.656166,42.352243
"Hemlock_Woolly_Adelgid",-73.119726,42.181782
"Hemlock_Woolly_Adelgid",-82.55768,36.049222
"Hemlock_Woolly_Adelgid",-82.365228,35.632317
"Hemlock_Woolly_Adelgid",-75.911006,42.075307
"Hemlock_Woolly_Adelgid",-83.492317,35.727755
"Hemlock_Woolly_Adelgid",-74.202918,41.730877
"Hemlock_Woolly_Adelgid",-76.140346,43.032946
"Hemlock_Woolly_Adelgid",-71.693963,42.976166
"Hemlock_Woolly_Adelgid",-74.418717,41.854477
"Hemlock_Woolly_Adelgid",-75.968658,42.090928
"Hemlock_Woolly_Adelgid",-80.19405,40.915353
"Hemlock_Woolly_Adelgid",-74.921837,41.164703
"Hemlock_Woolly_Adelgid",-76.608004,42.536987
"Hemlock_Woolly_Adelgid",-75.968415,42.090448
"Hemlock_Woolly_Adelgid",-72.522538,42.392795
"Hemlock_Woolly_Adelgid",-71.392783,42.37492
"Hemlock_Woolly_Adelgid",-71.214231,42.422632
"Hemlock_Woolly_Adelgid",-81.466799,41.159772
"Hemlock_Woolly_Adelgid",-72.976334,42.048413
"Hemlock_Woolly_Adelgid",-76.554994,40.735767
"Hemlock_Woolly_Adelgid",-82.558054,36.048213
"Hemlock_Woolly_Adelgid",-77.910597,42.729528
"Hemlock_Woolly_Adelgid",-73.303738,42.274898
"Hemlock_Woolly_Adelgid",-75.968839,42.090289
"Hemlock_Woolly_Adelgid",-75.968258,42.090519
"Hemlock_Woolly_Adelgid",-78.784531,42.952675
"Hemlock_Woolly_Adelgid",-79.944399,38.306227
"Hemlock_Woolly_Adelgid",-76.463534,40.827867
"Hemlock_Woolly_Adelgid",-73.047029,42.644672
"Hemlock_Woolly_Adelgid",-75.961067,42.086742
"Hemlock_Woolly_Adelgid",-76.515296,42.56329
"Hemlock_Woolly_Adelgid",-80.175931,40.932789
"Hemlock_Woolly_Adelgid",-70.969653,43.137046
"Hemlock_Woolly_Adelgid",-76.476067,42.304553
"Hemlock_Woolly_Adelgid",-77.722252,40.744354
"Hemlock_Woolly_Adelgid",-77.913313,42.721305
"Hemlock_Woolly_Adelgid",-72.770288,42.002015
"Hemlock_Woolly_Adelgid",-75.116003,40.973369
"Hemlock_Woolly_Adelgid",-75.256765,39.983498
"Hemlock_Woolly_Adelgid",-71.086075,42.449842
"Hemlock_Woolly_Adelgid",-80.181358,42.057075
"Hemlock_Woolly_Adelgid",-84.217064,36.943342
"Hemlock_Woolly_Adelgid",-82.561242,36.050475
"Hemlock_Woolly_Adelgid",-79.033277,35.898764
"Hemlock_Woolly_Adelgid",-71.124181,42.45445
"Hemlock_Woolly_Adelgid",-122.087957,47.589732
"Hemlock_Woolly_Adelgid",-122.09588,47.53547
"Hemlock_Woolly_Adelgid",-82.048308,35.963947
"Hemlock_Woolly_Adelgid",-82.698502,35.985699
"Hemlock_Woolly_Adelgid",-76.645228,42.537522
"Hemlock_Woolly_Adelgid",-83.393112,35.690933
"Hemlock_Woolly_Adelgid",-72.924009,41.322345
"Hemlock_Woolly_Adelgid",-80.413917,37.236862
"Hemlock_Woolly_Adelgid",-76.364822,42.45043
"Hemlock_Woolly_Adelgid",-65.770212,44.542958
"Hemlock_Woolly_Adelgid",-74.213822,41.161228
"Hemlock_Woolly_Adelgid",-81.732888,36.129801
"Hemlock_Woolly_Adelgid",-83.330262,35.613762
"Hemlock_Woolly_Adelgid",-73.800247,42.458297
"Hemlock_Woolly_Adelgid",-72.124482,41.954169
"Hemlock_Woolly_Adelgid",-72.873795,42.07122
"Hemlock_Woolly_Adelgid",-73.231421,42.704846
"Hemlock_Woolly_Adelgid",-76.457416,42.503229
"Hemlock_Woolly_Adelgid",-84.278053,34.809113
"Hemlock_Woolly_Adelgid",-75.299087,41.377697
"Hemlock_Woolly_Adelgid",-78.742644,40.964825
"Hemlock_Woolly_Adelgid",-79.045128,35.889812
"Hemlock_Woolly_Adelgid",-71.185189,42.174442
"Hemlock_Woolly_Adelgid",-70.212913,43.91095
"Hemlock_Woolly_Adelgid",-84.28968,35.234337
"Hemlock_Woolly_Adelgid",-79.22109,42.118251
"Hemlock_Woolly_Adelgid",-80.018242,40.48038
"Hemlock_Woolly_Adelgid",-73.453874,41.099956
"Hemlock_Woolly_Adelgid",-65.220162,44.483067
"Hemlock_Woolly_Adelgid",-82.950807,34.956943
"Hemlock_Woolly_Adelgid",-73.757057,41.72551
"Hemlock_Woolly_Adelgid",-72.522477,42.392715
"Hemlock_Woolly_Adelgid",-76.211955,41.282548
"Hemlock_Woolly_Adelgid",-70.211363,43.911637
"Hemlock_Woolly_Adelgid",-70.210847,43.907642
"Hemlock_Woolly_Adelgid",-76.497891,42.279407
"Hemlock_Woolly_Adelgid",-73.596015,41.605003
"Hemlock_Woolly_Adelgid",-74.892028,41.005822
"Hemlock_Woolly_Adelgid",-70.481568,43.541716
"Hemlock_Woolly_Adelgid",-65.221113,44.482405
"Hemlock_Woolly_Adelgid",-71.900835,43.327432
"Hemlock_Woolly_Adelgid",-79.491513,39.855208
"Hemlock_Woolly_Adelgid",-73.934022,41.408405
"Hemlock_Woolly_Adelgid",-69.825034,43.768934
"Hemlock_Woolly_Adelgid",-79.773975,39.116653
"Hemlock_Woolly_Adelgid",-82.153111,39.324983
"Hemlock_Woolly_Adelgid",-82.79645,35.189089
"Hemlock_Woolly_Adelgid",-77.190083,40.803774
"Hemlock_Woolly_Adelgid",-81.045325,38.057392
"Hemlock_Woolly_Adelgid",-72.409775,42.102131
"Hemlock_Woolly_Adelgid",-78.9057,42.606956
"Hemlock_Woolly_Adelgid",-72.382542,42.464062
"Hemlock_Woolly_Adelgid",-76.260855,42.779297
"Hemlock_Woolly_Adelgid",-82.679176,35.123122
"Hemlock_Woolly_Adelgid",-73.87738,42.547553
"Hemlock_Woolly_Adelgid",-72.158425,41.936867
"Hemlock_Woolly_Adelgid",-76.86042,40.2909
"Hemlock_Woolly_Adelgid",-72.653544,42.290155
"Hemlock_Woolly_Adelgid",-76.544607,43.377002
"Hemlock_Woolly_Adelgid",-78.382539,42.672019
"Hemlock_Woolly_Adelgid",-75.957234,41.498798
"Hemlock_Woolly_Adelgid",-79.502889,39.105819
"Hemlock_Woolly_Adelgid",-65.103295,44.440083
"Hemlock_Woolly_Adelgid",-79.730565,38.548916
"Hemlock_Woolly_Adelgid",-81.371663,35.758255
"Hemlock_Woolly_Adelgid",-78.911636,42.609447
"Hemlock_Woolly_Adelgid",-84.227813,35.319972
"Hemlock_Woolly_Adelgid",-81.039714,36.382594
"Hemlock_Woolly_Adelgid",-85.189438,36.11387
"Hemlock_Woolly_Adelgid",-72.749538,42.125061
"Hemlock_Woolly_Adelgid",-72.341653,41.483517
"Hemlock_Woolly_Adelgid",-72.258607,42.942362
"Hemlock_Woolly_Adelgid",-74.7797,41.86013
"Hemlock_Woolly_Adelgid",-80.288492,36.389263
"Hemlock_Woolly_Adelgid",-72.311727,42.494468
"Hemlock_Woolly_Adelgid",-82.559837,35.696864
"Hemlock_Woolly_Adelgid",-80.382425,42.018306
"Hemlock_Woolly_Adelgid",-71.079705,42.450205
"Hemlock_Woolly_Adelgid",-72.461841,42.40573
"Hemlock_Woolly_Adelgid",-73.697918,41.648106
"Hemlock_Woolly_Adelgid",-78.131972,40.321661
"Hemlock_Woolly_Adelgid",-77.533065,39.827823
"Hemlock_Woolly_Adelgid",-77.722122,40.744385
"Hemlock_Woolly_Adelgid",-81.9729,36.170003
"Hemlock_Woolly_Adelgid",-65.2161,44.439099
"Hemlock_Woolly_Adelgid",-64.567008,44.262417
"Hemlock_Woolly_Adelgid",-77.38028,38.45113
"Hemlock_Woolly_Adelgid",-75.992313,40.639305
"Hemlock_Woolly_Adelgid",-73.648433,41.593366
"Hemlock_Woolly_Adelgid",-81.244986,37.073568
"Hemlock_Woolly_Adelgid",-75.719431,41.131326
"Hemlock_Woolly_Adelgid",-71.394948,42.727718
"Hemlock_Woolly_Adelgid",-80.9469,37.982455
"Hemlock_Woolly_Adelgid",-64.93134,44.289866
"Hemlock_Woolly_Adelgid",-77.557187,43.226801
"Hemlock_Woolly_Adelgid",-69.820541,43.816391
"Hemlock_Woolly_Adelgid",-83.47863,35.763728
"Hemlock_Woolly_Adelgid",-78.778555,40.213587
"Hemlock_Woolly_Adelgid",-69.835407,43.782842
"Hemlock_Woolly_Adelgid",-85.599188,36.044545
"Hemlock_Woolly_Adelgid",-77.640507,40.302029
"Hemlock_Woolly_Adelgid",-85.347457,35.663964
"Hemlock_Woolly_Adelgid",-71.328749,42.419529
"Hemlock_Woolly_Adelgid",-78.768922,40.209463
"Hemlock_Woolly_Adelgid",-82.342935,35.654312
"Hemlock_Woolly_Adelgid",-76.640329,42.618097
"Hemlock_Woolly_Adelgid",-71.111197,42.457722
"Hemlock_Woolly_Adelgid",-79.90983,43.267186
"Hemlock_Woolly_Adelgid",-81.527928,35.870292
"Hemlock_Woolly_Adelgid",-79.748432,40.731102
"Hemlock_Woolly_Adelgid",-78.762987,40.21537
"Hemlock_Woolly_Adelgid",-79.49227,39.869669
"Hemlock_Woolly_Adelgid",-82.897852,35.154909
"Hemlock_Woolly_Adelgid",-72.344636,42.601597
"Hemlock_Woolly_Adelgid",-78.770233,40.208345
"Hemlock_Woolly_Adelgid",-72.626736,42.509432
"Hemlock_Woolly_Adelgid",-82.843172,35.287004
"Hemlock_Woolly_Adelgid",-71.090089,42.46415
"Hemlock_Woolly_Adelgid",-79.710962,40.708121
"Hemlock_Woolly_Adelgid",-73.776572,42.911617
"Hemlock_Woolly_Adelgid",-82.467781,35.215796
"Hemlock_Woolly_Adelgid",-77.195521,38.657981
"Hemlock_Woolly_Adelgid",-82.678201,35.336534
"Hemlock_Woolly_Adelgid",-74.079267,41.907537
"Hemlock_Woolly_Adelgid",-72.282908,42.509165
"Hemlock_Woolly_Adelgid",-72.524545,42.296212
"Hemlock_Woolly_Adelgid",-80.1829,40.989053
"Hemlock_Woolly_Adelgid",-78.995341,37.980769
"Hemlock_Woolly_Adelgid",-76.26116,42.779019
"Hemlock_Woolly_Adelgid",-76.373134,42.390769
"Hemlock_Woolly_Adelgid",-71.124486,42.454683
"Hemlock_Woolly_Adelgid",-85.650259,35.439223
"Hemlock_Woolly_Adelgid",-78.367447,38.569989
"Hemlock_Woolly_Adelgid",-80.681559,41.082027
"Hemlock_Woolly_Adelgid",-81.704106,35.883594
"Hemlock_Woolly_Adelgid",-77.755585,40.734039
"Hemlock_Woolly_Adelgid",-81.639529,38.344916
"Hemlock_Woolly_Adelgid",-71.283822,42.692062
"Hemlock_Woolly_Adelgid",-71.124486,42.454683
"Hemlock_Woolly_Adelgid",-72.516756,42.41616
"Hemlock_Woolly_Adelgid",-72.517445,42.416762
"Hemlock_Woolly_Adelgid",-72.634395,41.893882
"Hemlock_Woolly_Adelgid",-80.08715,37.231463
"Hemlock_Woolly_Adelgid",-72.517366,42.417892
"Hemlock_Woolly_Adelgid",-71.124278,42.454456
"Hemlock_Woolly_Adelgid",-73.79952,42.89014
"Hemlock_Woolly_Adelgid",-72.517691,42.416963
"Hemlock_Woolly_Adelgid",-81.727585,36.139715
"Hemlock_Woolly_Adelgid",-71.0765,42.4445
"Hemlock_Woolly_Adelgid",-71.683278,42.297482
"Hemlock_Woolly_Adelgid",-84.121619,35.392053
"Hemlock_Woolly_Adelgid",-84.013708,35.134461
"Hemlock_Woolly_Adelgid",-81.116957,35.942804
"Hemlock_Woolly_Adelgid",-84.112961,35.394345
"Hemlock_Woolly_Adelgid",-72.755547,42.472572
"Hemlock_Woolly_Adelgid",-76.812303,42.481155
"Hemlock_Woolly_Adelgid",-79.906702,40.907368
"Hemlock_Woolly_Adelgid",-72.869976,42.613844
"Hemlock_Woolly_Adelgid",-81.728458,36.141225
"Hemlock_Woolly_Adelgid",-75.994475,42.133436
"Hemlock_Woolly_Adelgid",-78.479482,39.675097
"Hemlock_Woolly_Adelgid",-69.675094,44.014489
"Hemlock_Woolly_Adelgid",-72.187672,42.532677
"Hemlock_Woolly_Adelgid",-71.245156,43.200712
"Hemlock_Woolly_Adelgid",-70.808542,42.588736
"Hemlock_Woolly_Adelgid",-71.406932,42.762438
"Hemlock_Woolly_Adelgid",-73.477928,41.330128
"Hemlock_Woolly_Adelgid",-83.500992,35.686937
"Hemlock_Woolly_Adelgid",-73.513486,41.102902
"Hemlock_Woolly_Adelgid",-79.592531,40.701589
"Hemlock_Woolly_Adelgid",-64.515038,44.368855
"Hemlock_Woolly_Adelgid",-64.516808,44.369322
"Hemlock_Woolly_Adelgid",-83.885531,35.419661
"Hemlock_Woolly_Adelgid",-71.43987,42.747931
"Hemlock_Woolly_Adelgid",-75.457078,40.092953
"Hemlock_Woolly_Adelgid",-64.415843,45.048776
"Hemlock_Woolly_Adelgid",-83.323354,35.762606
"Hemlock_Woolly_Adelgid",-83.323695,35.762474
"Hemlock_Woolly_Adelgid",-75.55436,40.396226
"Hemlock_Woolly_Adelgid",-80.686611,41.078634
"Hemlock_Woolly_Adelgid",-80.683771,41.075151
"Hemlock_Woolly_Adelgid",-80.685868,41.073341
"Hemlock_Woolly_Adelgid",-80.686903,41.078403
"Hemlock_Woolly_Adelgid",-80.684688,41.078339
"Hemlock_Woolly_Adelgid",-79.792183,39.474228
"Hemlock_Woolly_Adelgid",-80.683703,41.075076
"Hemlock_Woolly_Adelgid",-80.686064,41.078522
"Hemlock_Woolly_Adelgid",-80.687217,41.078779
"Hemlock_Woolly_Adelgid",-80.686035,41.078397
"Hemlock_Woolly_Adelgid",-80.685236,41.073644
"Hemlock_Woolly_Adelgid",-80.68742,41.077632
"Hemlock_Woolly_Adelgid",-80.686953,41.076205
"Hemlock_Woolly_Adelgid",-80.683933,41.075271
"Hemlock_Woolly_Adelgid",-80.686517,41.073112
"Hemlock_Woolly_Adelgid",-80.685863,41.078275
"Hemlock_Woolly_Adelgid",-80.684056,41.075377
"Hemlock_Woolly_Adelgid",-80.686811,41.078951
"Hemlock_Woolly_Adelgid",-80.687284,41.077945
"Hemlock_Woolly_Adelgid",-80.687589,41.07722
"Hemlock_Woolly_Adelgid",-80.685042,41.076349
"Hemlock_Woolly_Adelgid",-80.683787,41.075193
"Hemlock_Woolly_Adelgid",-80.687263,41.076491
"Hemlock_Woolly_Adelgid",-76.763314,43.117909
"Hemlock_Woolly_Adelgid",-80.677925,41.066376
"Hemlock_Woolly_Adelgid",-80.686542,41.073051
"Hemlock_Woolly_Adelgid",-80.675865,41.078621
"Hemlock_Woolly_Adelgid",-80.685848,41.075736
"Hemlock_Woolly_Adelgid",-80.683439,41.078261
"Hemlock_Woolly_Adelgid",-80.687125,41.078113
"Hemlock_Woolly_Adelgid",-80.687594,41.076978
"Hemlock_Woolly_Adelgid",-80.677919,41.066339
"Hemlock_Woolly_Adelgid",-80.683593,41.074802
"Hemlock_Woolly_Adelgid",-80.687381,41.07654
"Hemlock_Woolly_Adelgid",-80.687122,41.078024
"Hemlock_Woolly_Adelgid",-80.686517,41.075739
"Hemlock_Woolly_Adelgid",-80.68491,41.075791
"Hemlock_Woolly_Adelgid",-80.687364,41.077518
"Hemlock_Woolly_Adelgid",-80.686456,41.075624
"Hemlock_Woolly_Adelgid",-73.237537,42.685137
"Hemlock_Woolly_Adelgid",-83.185395,38.731145
"Hemlock_Woolly_Adelgid",-80.685199,41.078382
"Hemlock_Woolly_Adelgid",-80.687595,41.077058
"Hemlock_Woolly_Adelgid",-71.264606,42.366064
"Hemlock_Woolly_Adelgid",-80.687538,41.078593
"Hemlock_Woolly_Adelgid",-80.686154,41.073292
"Hemlock_Woolly_Adelgid",-80.68529,41.078029
"Hemlock_Woolly_Adelgid",-80.675865,41.078621
"Hemlock_Woolly_Adelgid",-80.677868,41.066131
"Hemlock_Woolly_Adelgid",-71.084649,42.449367
"Hemlock_Woolly_Adelgid",-71.086258,42.455475
"Hemlock_Woolly_Adelgid",-75.640227,41.400383
"Hemlock_Woolly_Adelgid",-71.016158,42.505681
"Hemlock_Woolly_Adelgid",-71.307787,42.308088
"Hemlock_Woolly_Adelgid",-74.026733,41.514437
"Hemlock_Woolly_Adelgid",-71.248564,41.95681
"Hemlock_Woolly_Adelgid",-72.665222,42.253047
"Hemlock_Woolly_Adelgid",-71.227153,42.44735
"Hemlock_Woolly_Adelgid",-71.080947,42.452063
"Hemlock_Woolly_Adelgid",-72.669846,42.350372
"Hemlock_Woolly_Adelgid",-71.081658,42.44257
"Hemlock_Woolly_Adelgid",-72.781331,42.331739
"Hemlock_Woolly_Adelgid",-71.099608,42.29887
"Hemlock_Woolly_Adelgid",-71.085808,42.45529
"Hemlock_Woolly_Adelgid",-71.084591,42.455204
"Hemlock_Woolly_Adelgid",-73.27845,42.701714
"Hemlock_Woolly_Adelgid",-71.084895,42.455244
"Hemlock_Woolly_Adelgid",-81.845522,36.085586
"Hemlock_Woolly_Adelgid",-81.366884,38.48038
"Hemlock_Woolly_Adelgid",-81.845531,36.085814
"Hemlock_Woolly_Adelgid",-71.860277,41.605743
"Hemlock_Woolly_Adelgid",-71.684864,42.466728
"Hemlock_Woolly_Adelgid",-71.084789,42.449344
"Hemlock_Woolly_Adelgid",-81.696167,36.126147
"Hemlock_Woolly_Adelgid",-71.208802,42.122971
"Hemlock_Woolly_Adelgid",-81.693614,36.135483
"Hemlock_Woolly_Adelgid",-81.695789,36.128842
"Hemlock_Woolly_Adelgid",-81.691994,36.132786
"Hemlock_Woolly_Adelgid",-81.841759,36.087988
"Hemlock_Woolly_Adelgid",-81.696628,36.130042
"Hemlock_Woolly_Adelgid",-81.692197,36.133036
"Hemlock_Woolly_Adelgid",-77.858712,40.800803
"Hemlock_Woolly_Adelgid",-80.772527,38.315514
"Hemlock_Woolly_Adelgid",-81.692336,36.132889
"Hemlock_Woolly_Adelgid",-71.084036,43.112383
"Hemlock_Woolly_Adelgid",-75.148784,39.783836
"Hemlock_Woolly_Adelgid",-84.649444,36.073647
"Hemlock_Woolly_Adelgid",-73.2379,42.06917
"Hemlock_Woolly_Adelgid",-83.063519,35.442884
"Hemlock_Woolly_Adelgid",-83.203788,35.30602
"Hemlock_Woolly_Adelgid",-71.264313,42.366112
"Hemlock_Woolly_Adelgid",-79.82087,39.613722
"Hemlock_Woolly_Adelgid",-83.671956,35.609452
"Hemlock_Woolly_Adelgid",-79.95137,40.470287
"Hemlock_Woolly_Adelgid",-79.385978,40.37202
"Hemlock_Woolly_Adelgid",-79.948525,40.468178
"Hemlock_Woolly_Adelgid",-79.820887,39.613722
"Hemlock_Woolly_Adelgid",-72.420932,42.453838
"Hemlock_Woolly_Adelgid",-72.494461,42.449207
"Hemlock_Woolly_Adelgid",-79.236227,42.118831
"Hemlock_Woolly_Adelgid",-73.925942,40.869412
"Hemlock_Woolly_Adelgid",-79.983065,40.587364
"Hemlock_Woolly_Adelgid",-80.169883,40.530555
"Hemlock_Woolly_Adelgid",-72.444838,41.83693
"Hemlock_Woolly_Adelgid",-76.473954,42.451827
"Hemlock_Woolly_Adelgid",-71.124252,42.454733
"Hemlock_Woolly_Adelgid",-80.94622,37.979755
"Hemlock_Woolly_Adelgid",-79.322022,43.113519
"Hemlock_Woolly_Adelgid",-78.481777,38.055471
"Hemlock_Woolly_Adelgid",-72.574261,42.841371
"Hemlock_Woolly_Adelgid",-71.997725,42.922953
"Hemlock_Woolly_Adelgid",-71.088247,42.460139
"Hemlock_Woolly_Adelgid",-73.977294,41.796895
"Hemlock_Woolly_Adelgid",-83.135384,35.08373
"Hemlock_Woolly_Adelgid",-82.613572,36.5073
"Hemlock_Woolly_Adelgid",-72.512868,42.306798
"Hemlock_Woolly_Adelgid",-79.055625,43.131278
"Hemlock_Woolly_Adelgid",-72.644103,42.257695
"Hemlock_Woolly_Adelgid",-71.265938,42.366388
"Hemlock_Woolly_Adelgid",-80.010261,40.422195
"Hemlock_Woolly_Adelgid",-79.955721,38.93281
"Hemlock_Woolly_Adelgid",-71.088255,42.460138
"Hemlock_Woolly_Adelgid",-72.363578,43.088426
"Hemlock_Woolly_Adelgid",-72.36319,43.088341
"Hemlock_Woolly_Adelgid",-75.76486,41.093274
"Hemlock_Woolly_Adelgid",-64.540778,44.238647
"Hemlock_Woolly_Adelgid",-72.023238,42.946274
"Hemlock_Woolly_Adelgid",-84.368553,37.148568
"Hemlock_Woolly_Adelgid",-84.315009,37.051431
"Hemlock_Woolly_Adelgid",-72.737248,41.318423
"Hemlock_Woolly_Adelgid",-73.284583,42.372095
"Hemlock_Woolly_Adelgid",-72.552764,42.464859
"Hemlock_Woolly_Adelgid",-73.673705,42.75518
"Hemlock_Woolly_Adelgid",-73.85298,42.504208
"Hemlock_Woolly_Adelgid",-73.857343,42.796535
"Hemlock_Woolly_Adelgid",-72.823791,42.014721
"Hemlock_Woolly_Adelgid",-73.280072,42.329053
"Hemlock_Woolly_Adelgid",-83.423336,34.90515
"Hemlock_Woolly_Adelgid",-81.79825,38.248177
"Hemlock_Woolly_Adelgid",-69.853158,43.801955
"Hemlock_Woolly_Adelgid",-79.819405,40.521684
"Hemlock_Woolly_Adelgid",-79.820782,40.521335
"Hemlock_Woolly_Adelgid",-77.067775,41.369755
"Hemlock_Woolly_Adelgid",-75.724861,41.179981
"Hemlock_Woolly_Adelgid",-72.472702,42.964692
"Hemlock_Woolly_Adelgid",-70.984347,42.492278
"Hemlock_Woolly_Adelgid",-70.986581,42.485742
"Hemlock_Woolly_Adelgid",-80.690379,41.075546
"Hemlock_Woolly_Adelgid",-69.107383,44.2374
"Hemlock_Woolly_Adelgid",-80.691603,41.076636
"Hemlock_Woolly_Adelgid",-80.692533,41.076203
"Hemlock_Woolly_Adelgid",-80.156867,40.487824
"Hemlock_Woolly_Adelgid",-65.135564,44.375616
"Hemlock_Woolly_Adelgid",-80.691915,41.076582
"Hemlock_Woolly_Adelgid",-80.690659,41.073249
"Hemlock_Woolly_Adelgid",-80.69042,41.076897
"Hemlock_Woolly_Adelgid",-71.21392,42.439831
"Hemlock_Woolly_Adelgid",-71.083405,42.461445
"Hemlock_Woolly_Adelgid",-72.647115,41.907625
"Hemlock_Woolly_Adelgid",-70.941842,43.137122
"Hemlock_Woolly_Adelgid",-74.014708,40.688245
"Hemlock_Woolly_Adelgid",-64.424202,44.322298
"Hemlock_Woolly_Adelgid",-80.431886,37.174648
"Hemlock_Woolly_Adelgid",-64.624464,44.462608
"Hemlock_Woolly_Adelgid",-69.109628,44.237562
"Hemlock_Woolly_Adelgid",-76.800833,42.557913
"Hemlock_Woolly_Adelgid",-80.690718,41.073212
"Hemlock_Woolly_Adelgid",-78.375741,42.680904
"Hemlock_Woolly_Adelgid",-80.161097,40.492689
"Hemlock_Woolly_Adelgid",-77.472375,42.721038
"Hemlock_Woolly_Adelgid",-80.689828,41.078487
"Hemlock_Woolly_Adelgid",-78.425316,43.116938
"Hemlock_Woolly_Adelgid",-69.109428,44.238312
"Hemlock_Woolly_Adelgid",-80.691014,41.075545
"Hemlock_Woolly_Adelgid",-72.473532,42.230131
"Hemlock_Woolly_Adelgid",-76.373526,42.391252
"Hemlock_Woolly_Adelgid",-76.608113,42.535646
"Hemlock_Woolly_Adelgid",-77.044167,41.18278
"Hemlock_Woolly_Adelgid",-75.707371,41.560829
"Hemlock_Woolly_Adelgid",-80.687187,41.068786
"Hemlock_Woolly_Adelgid",-83.391463,35.668107
"Hemlock_Woolly_Adelgid",-83.060835,36.041377
"Hemlock_Woolly_Adelgid",-122.906663,49.216806
"Hemlock_Woolly_Adelgid",-71.188814,43.279021
"Hemlock_Woolly_Adelgid",-82.870247,37.837262
"Hemlock_Woolly_Adelgid",-74.442444,40.946106
"Hemlock_Woolly_Adelgid",-76.319537,39.811636
"Hemlock_Woolly_Adelgid",-79.900398,40.537778
"Hemlock_Woolly_Adelgid",-79.897857,40.518667
"Hemlock_Woolly_Adelgid",-84.260375,35.264683
"Hemlock_Woolly_Adelgid",-71.162567,42.30982
"Hemlock_Woolly_Adelgid",-79.900923,40.536421
"Hemlock_Woolly_Adelgid",-79.894767,40.517013
"Hemlock_Woolly_Adelgid",-79.901943,40.537293
"Hemlock_Woolly_Adelgid",-79.901579,40.536539
"Hemlock_Woolly_Adelgid",-79.542171,40.327985
"Hemlock_Woolly_Adelgid",-72.018871,42.978264
"Hemlock_Woolly_Adelgid",-72.168358,42.458471
"Hemlock_Woolly_Adelgid",-73.201446,42.211113
"Hemlock_Woolly_Adelgid",-79.894623,40.529322
"Hemlock_Woolly_Adelgid",-81.871418,36.071752
"Hemlock_Woolly_Adelgid",-79.9011,40.536357
"Hemlock_Woolly_Adelgid",-83.190522,35.423158
"Hemlock_Woolly_Adelgid",-72.339445,41.479918
"Hemlock_Woolly_Adelgid",-78.563115,40.677995
"Hemlock_Woolly_Adelgid",-64.893509,44.951424
"Hemlock_Woolly_Adelgid",-80.406106,40.504525
"Hemlock_Woolly_Adelgid",-73.229642,42.703239
"Hemlock_Woolly_Adelgid",-79.898162,40.518663
"Hemlock_Woolly_Adelgid",-79.901854,40.5377
"Hemlock_Woolly_Adelgid",-65.135279,44.368199
"Hemlock_Woolly_Adelgid",-81.461347,41.0235
"Hemlock_Woolly_Adelgid",-79.882472,40.49902
"Hemlock_Woolly_Adelgid",-79.901119,40.519741
"Hemlock_Woolly_Adelgid",-79.901732,40.537428
"Hemlock_Woolly_Adelgid",-65.246129,44.405289
"Hemlock_Woolly_Adelgid",-79.89909,40.519485
"Hemlock_Woolly_Adelgid",-79.902237,40.537582
"Hemlock_Woolly_Adelgid",-64.632949,44.466216
"Hemlock_Woolly_Adelgid",-65.246129,44.405289
"Hemlock_Woolly_Adelgid",-71.633126,41.626857
"Hemlock_Woolly_Adelgid",-72.790906,42.13023
"Hemlock_Woolly_Adelgid",-79.894872,40.529177
"Hemlock_Woolly_Adelgid",-76.935662,41.345663
"Hemlock_Woolly_Adelgid",-75.830093,38.856605
"Hemlock_Woolly_Adelgid",-73.285197,42.368237
"Hemlock_Woolly_Adelgid",-76.859541,39.241612
"Hemlock_Woolly_Adelgid",-79.898803,40.519002
"Hemlock_Woolly_Adelgid",-78.895225,42.439658
"Hemlock_Woolly_Adelgid",-64.620989,44.462164
"Hemlock_Woolly_Adelgid",-71.075902,42.443034
"Hemlock_Woolly_Adelgid",-79.898473,40.519398
"Hemlock_Woolly_Adelgid",-70.940494,43.136377
"Hemlock_Woolly_Adelgid",-64.771131,44.503366
"Hemlock_Woolly_Adelgid",-70.338154,43.689544
"Hemlock_Woolly_Adelgid",-77.568847,39.123683
"Hemlock_Woolly_Adelgid",-71.199792,42.258033
"Hemlock_Woolly_Adelgid",-64.84822,44.982158
"Hemlock_Woolly_Adelgid",-77.479172,43.043931
"Hemlock_Woolly_Adelgid",-65.134325,44.367187
"Hemlock_Woolly_Adelgid",-73.849062,42.801728
"Hemlock_Woolly_Adelgid",-77.206208,41.28962
"Hemlock_Woolly_Adelgid",-71.424103,42.299701
"Hemlock_Woolly_Adelgid",-69.8294,43.937364
"Hemlock_Woolly_Adelgid",-72.741256,42.366939
"Hemlock_Woolly_Adelgid",-74.092946,42.084379
"Hemlock_Woolly_Adelgid",-75.265939,41.185044
"Hemlock_Woolly_Adelgid",-65.866224,44.342653
"Hemlock_Woolly_Adelgid",-76.97804,39.219246
"Hemlock_Woolly_Adelgid",-82.253525,35.182408
"Hemlock_Woolly_Adelgid",-71.710689,41.411214
"Hemlock_Woolly_Adelgid",-70.279789,43.712971
"Hemlock_Woolly_Adelgid",-81.092832,39.249273
"Hemlock_Woolly_Adelgid",-72.018951,42.977877
"Hemlock_Woolly_Adelgid",-75.950867,40.275895
"Hemlock_Woolly_Adelgid",-79.320008,43.114717
"Hemlock_Woolly_Adelgid",-79.227494,42.111951
"Hemlock_Woolly_Adelgid",-71.897233,42.667119
"Hemlock_Woolly_Adelgid",-69.873458,43.999908
"Hemlock_Woolly_Adelgid",-64.248383,44.551753
"Hemlock_Woolly_Adelgid",-78.798875,38.817578
"Hemlock_Woolly_Adelgid",-73.301917,42.384022
"Hemlock_Woolly_Adelgid",-76.769292,43.093458
"Hemlock_Woolly_Adelgid",-72.443008,41.843403
"Hemlock_Woolly_Adelgid",-83.381887,36.859373
"Hemlock_Woolly_Adelgid",-73.698897,42.116547
"Hemlock_Woolly_Adelgid",-81.227658,37.949133
"Hemlock_Woolly_Adelgid",-72.338843,41.471405
"Hemlock_Woolly_Adelgid",-79.900892,40.536577
"Hemlock_Woolly_Adelgid",-76.418306,42.330328
"Hemlock_Woolly_Adelgid",-72.581287,42.593737
"Hemlock_Woolly_Adelgid",-79.901762,40.537197
"Hemlock_Woolly_Adelgid",-79.357112,41.20319
"Hemlock_Woolly_Adelgid",-64.893509,44.951424
"Hemlock_Woolly_Adelgid",-81.453494,41.001964
"Hemlock_Woolly_Adelgid",-71.172067,42.31265
"Hemlock_Woolly_Adelgid",-70.209814,43.737388
"Hemlock_Woolly_Adelgid",-82.596847,35.074317
"Hemlock_Woolly_Adelgid",-79.895488,40.528621
"Hemlock_Woolly_Adelgid",-71.752796,42.823326
"Hemlock_Woolly_Adelgid",-74.149169,41.007717
"Hemlock_Woolly_Adelgid",-81.097129,39.245991
"Hemlock_Woolly_Adelgid",-79.899318,40.519548
"Hemlock_Woolly_Adelgid",-69.952445,43.855612
"Hemlock_Woolly_Adelgid",-73.2302,42.437039
"Hemlock_Woolly_Adelgid",-71.507607,42.145139
"Hemlock_Woolly_Adelgid",-82.094849,39.333585
"Hemlock_Woolly_Adelgid",-74.330205,41.746333
"Hemlock_Woolly_Adelgid",-81.11978,38.120956
"Hemlock_Woolly_Adelgid",-76.428963,41.305747
"Hemlock_Woolly_Adelgid",-71.078793,42.445815
"Hemlock_Woolly_Adelgid",-81.502126,41.123449
"Hemlock_Woolly_Adelgid",-76.468093,42.450178
"Hemlock_Woolly_Adelgid",-71.088547,42.444542
"Hemlock_Woolly_Adelgid",-79.895427,40.52877
"Hemlock_Woolly_Adelgid",-82.899199,35.891496
"Hemlock_Woolly_Adelgid",-81.785268,35.661857
"Hemlock_Woolly_Adelgid",-79.90255,40.522545
"Hemlock_Woolly_Adelgid",-79.891776,40.516298
"Hemlock_Woolly_Adelgid",-79.897768,40.518587
"Hemlock_Woolly_Adelgid",-71.1613,42.303968
"Hemlock_Woolly_Adelgid",-81.888847,35.900083
"Hemlock_Woolly_Adelgid",-83.3246,35.772738
"Hemlock_Woolly_Adelgid",-80.902122,37.186522
"Hemlock_Woolly_Adelgid",-79.668237,39.762803
"Hemlock_Woolly_Adelgid",-72.01885,42.978178
"Hemlock_Woolly_Adelgid",-78.558935,39.612115
"Hemlock_Woolly_Adelgid",-79.901883,40.537535
"Hemlock_Woolly_Adelgid",-74.417664,40.908229
"Hemlock_Woolly_Adelgid",-72.326624,42.670364
"Hemlock_Woolly_Adelgid",-74.234238,40.680572
"Hemlock_Woolly_Adelgid",-72.262713,41.544113
"Hemlock_Woolly_Adelgid",-75.269521,41.133206
"Hemlock_Woolly_Adelgid",-65.623525,44.645119
"Hemlock_Woolly_Adelgid",-71.807057,41.588295
"Hemlock_Woolly_Adelgid",-76.523676,42.336629
"Hemlock_Woolly_Adelgid",-77.269795,40.079628
"Hemlock_Woolly_Adelgid",-72.372375,42.625859
"Hemlock_Woolly_Adelgid",-82.625549,39.583317
"Hemlock_Woolly_Adelgid",-82.297951,35.647369
"Hemlock_Woolly_Adelgid",-81.095149,39.247613
"Hemlock_Woolly_Adelgid",-79.901928,40.537863
"Hemlock_Woolly_Adelgid",-79.894323,40.517485
"Hemlock_Woolly_Adelgid",-79.901547,40.53823
"Hemlock_Woolly_Adelgid",-77.895193,40.262907
"Hemlock_Woolly_Adelgid",-70.817714,43.204237
"Hemlock_Woolly_Adelgid",-122.376483,47.762641
"Hemlock_Woolly_Adelgid",-79.892065,40.516282
"Hemlock_Woolly_Adelgid",-75.94255,42.086761
"Hemlock_Woolly_Adelgid",-76.492,42.443
"Hemlock_Woolly_Adelgid",-74,40.7
"Hemlock_Woolly_Adelgid",-73.979,41.147
"Hemlock_Woolly_Adelgid",-76.258,43.522
"Hemlock_Woolly_Adelgid",-77.92,43.1
"Hemlock_Woolly_Adelgid",-79.901617,40.537533
"Hemlock_Woolly_Adelgid",-79.902822,40.522995
"Hemlock_Woolly_Adelgid",-71.307717,42.308017
"Hemlock_Woolly_Adelgid",-71.332838,42.25545
"Hemlock_Woolly_Adelgid",-79.895485,40.530195
"Hemlock_Woolly_Adelgid",-73.828614,41.462425
"Hemlock_Woolly_Adelgid",-79.896077,40.531287
"Hemlock_Woolly_Adelgid",-79.895152,40.528258
"Hemlock_Woolly_Adelgid",-79.895042,40.528818
"Hemlock_Woolly_Adelgid",-79.89519,40.528047
"Hemlock_Woolly_Adelgid",-79.895418,40.528517
"Hemlock_Woolly_Adelgid",-72.549408,42.313206
"Hemlock_Woolly_Adelgid",-74.113001,41.255888
"Hemlock_Woolly_Adelgid",-73.340429,42.15504
"Hemlock_Woolly_Adelgid",-71.528894,43.774007
"Hemlock_Woolly_Adelgid",-74.202001,41.744317
"Hemlock_Woolly_Adelgid",-79.895613,40.52896
"Hemlock_Woolly_Adelgid",-72.388569,42.135784
"Hemlock_Woolly_Adelgid",-73.222412,42.702278
"Hemlock_Woolly_Adelgid",-79.89528,40.529037
"Hemlock_Woolly_Adelgid",-75.115945,40.95811
"Hemlock_Woolly_Adelgid",-79.901703,40.537523
"Hemlock_Woolly_Adelgid",-75.122583,40.975964
"Hemlock_Woolly_Adelgid",-79.901831,40.53784
"Hemlock_Woolly_Adelgid",-73.228883,42.702886
"Hemlock_Woolly_Adelgid",-79.901075,40.537511
"Hemlock_Woolly_Adelgid",-74.273225,41.189197
"Hemlock_Woolly_Adelgid",-79.901848,40.537695
"Hemlock_Woolly_Adelgid",-74.36124,41.117995
"Hemlock_Woolly_Adelgid",-76.960617,43.235325
"Hemlock_Woolly_Adelgid",-79.902207,40.538089
"Hemlock_Woolly_Adelgid",-79.901645,40.537182
"Hemlock_Woolly_Adelgid",-79.902287,40.522165
"Hemlock_Woolly_Adelgid",-73.208525,42.708789
"Hemlock_Woolly_Adelgid",-79.902647,40.522647
"Hemlock_Woolly_Adelgid",-81.251729,37.946222
"Hemlock_Woolly_Adelgid",-79.900634,40.537885
"Hemlock_Woolly_Adelgid",-64.895313,44.084004
"Hemlock_Woolly_Adelgid",-79.901295,40.536803
"Hemlock_Woolly_Adelgid",-79.901474,40.537373
"Hemlock_Woolly_Adelgid",-79.8955,40.528615
"Hemlock_Woolly_Adelgid",-77.337456,42.743443
"Hemlock_Woolly_Adelgid",-79.89601,40.531325
"Hemlock_Woolly_Adelgid",-79.90261,40.522614
"Hemlock_Woolly_Adelgid",-71.081611,42.442453
"Hemlock_Woolly_Adelgid",-79.896208,40.528817
"Hemlock_Woolly_Adelgid",-79.89599,40.53181
"Hemlock_Woolly_Adelgid",-79.902662,40.522634
"Hemlock_Woolly_Adelgid",-79.901742,40.537597
"Hemlock_Woolly_Adelgid",-79.901792,40.537503
"Hemlock_Woolly_Adelgid",-73.217257,42.695086
"Hemlock_Woolly_Adelgid",-73.301324,42.384589
"Hemlock_Woolly_Adelgid",-74.196234,41.744571
"Hemlock_Woolly_Adelgid",-79.900618,40.5361
"Hemlock_Woolly_Adelgid",-79.900866,40.537389
"Hemlock_Woolly_Adelgid",-73.815375,42.656067
"Hemlock_Woolly_Adelgid",-77.617612,40.905305
"Hemlock_Woolly_Adelgid",-79.892967,40.516063
"Hemlock_Woolly_Adelgid",-75.655721,41.167298
"Hemlock_Woolly_Adelgid",-79.901657,40.536516
"Hemlock_Woolly_Adelgid",-79.902475,40.522846
"Hemlock_Woolly_Adelgid",-73.38063,41.997447
"Hemlock_Woolly_Adelgid",-79.90264,40.522708
"Hemlock_Woolly_Adelgid",-79.121775,41.894285
"Hemlock_Woolly_Adelgid",-72.51033,42.368683
"Hemlock_Woolly_Adelgid",-79.902127,40.522137
"Hemlock_Woolly_Adelgid",-79.895474,40.52858
"Hemlock_Woolly_Adelgid",-79.897647,40.518908
"Hemlock_Woolly_Adelgid",-79.902616,40.522639
"Hemlock_Woolly_Adelgid",-70.281587,43.666728
"Hemlock_Woolly_Adelgid",-79.901701,40.537183
"Hemlock_Woolly_Adelgid",-79.895985,40.531258
"Hemlock_Woolly_Adelgid",-79.902692,40.52291
"Hemlock_Woolly_Adelgid",-79.898248,40.518495
"Hemlock_Woolly_Adelgid",-79.901567,40.537462
"Hemlock_Woolly_Adelgid",-79.901493,40.537582
"Hemlock_Woolly_Adelgid",-79.895485,40.528586
"Hemlock_Woolly_Adelgid",-73.22156,42.671216
"Hemlock_Woolly_Adelgid",-72.435735,42.363821
"Hemlock_Woolly_Adelgid",-79.895927,40.52954
"Hemlock_Woolly_Adelgid",-79.89554,40.526807
"Hemlock_Woolly_Adelgid",-79.901469,40.537276
"Hemlock_Woolly_Adelgid",-79.891696,40.516412
"Hemlock_Woolly_Adelgid",-77.477133,39.911594
"Hemlock_Woolly_Adelgid",-73.216347,42.703663
"Hemlock_Woolly_Adelgid",-72.235386,42.310226
"Hemlock_Woolly_Adelgid",-73.229525,42.703839
"Hemlock_Woolly_Adelgid",-79.901477,40.537021
"Hemlock_Woolly_Adelgid",-79.902625,40.52259
"Hemlock_Woolly_Adelgid",-74.195745,41.738659
"Hemlock_Woolly_Adelgid",-65.241526,44.214902
"Hemlock_Woolly_Adelgid",-79.901623,40.536735
"Hemlock_Woolly_Adelgid",-79.895448,40.528598
"Hemlock_Woolly_Adelgid",-79.89547,40.52854
"Hemlock_Woolly_Adelgid",-79.895538,40.528456
"Hemlock_Woolly_Adelgid",-64.810631,44.346388
"Hemlock_Woolly_Adelgid",-79.894477,40.517618
"Hemlock_Woolly_Adelgid",-72.24283,42.467735
"Hemlock_Woolly_Adelgid",-77.341026,40.02146
"Hemlock_Woolly_Adelgid",-71.198517,42.342937
"Hemlock_Woolly_Adelgid",-71.854752,41.615913
"Hemlock_Woolly_Adelgid",-79.898927,40.519296
"Hemlock_Woolly_Adelgid",-79.898712,40.5192
"Hemlock_Woolly_Adelgid",-72.112315,41.676895
"Hemlock_Woolly_Adelgid",-65.852526,44.417312
"Hemlock_Woolly_Adelgid",-78.664444,39.696895
"Hemlock_Woolly_Adelgid",-76.691306,39.495793
"Hemlock_Woolly_Adelgid",-79.644031,38.89116
"Hemlock_Woolly_Adelgid",-72.435733,42.363807
"Hemlock_Woolly_Adelgid",-86.206867,42.664933
"Hemlock_Woolly_Adelgid",-72.282179,42.512368
"Hemlock_Woolly_Adelgid",-82.794555,35.309453
"Hemlock_Woolly_Adelgid",-76.772653,39.681022
"Hemlock_Woolly_Adelgid",-70.287033,43.667447
"Hemlock_Woolly_Adelgid",-79.894975,40.517505
"Hemlock_Woolly_Adelgid",-73.221246,42.700756
"Hemlock_Woolly_Adelgid",-75.390595,40.960917
"Hemlock_Woolly_Adelgid",-82.770608,35.299093
"Hemlock_Woolly_Adelgid",-79.894373,40.517395
"Hemlock_Woolly_Adelgid",-76.60915,42.539489
"Hemlock_Woolly_Adelgid",-79.89446,40.517455
"Hemlock_Woolly_Adelgid",-73.752368,40.62145
"Hemlock_Woolly_Adelgid",-81.497132,41.076858
"Hemlock_Woolly_Adelgid",-79.064937,39.573896
"Hemlock_Woolly_Adelgid",-74.082924,41.901537
"Hemlock_Woolly_Adelgid",-72.324156,42.672556
"Hemlock_Woolly_Adelgid",-65.433487,43.917992
"Hemlock_Woolly_Adelgid",-77.272595,38.872321
"Hemlock_Woolly_Adelgid",-74.208378,41.704017
"Hemlock_Woolly_Adelgid",-73.913444,42.042279
"Hemlock_Woolly_Adelgid",-80.678413,41.085083
"Hemlock_Woolly_Adelgid",-77.414908,42.7043
"Hemlock_Woolly_Adelgid",-75.721192,41.240905
"Hemlock_Woolly_Adelgid",-82.631707,35.483227
"Hemlock_Woolly_Adelgid",-79.882244,40.502215
"Hemlock_Woolly_Adelgid",-70.212372,43.909133
"Hemlock_Woolly_Adelgid",-71.281158,42.389225
"Hemlock_Woolly_Adelgid",-79.883084,40.499492
"Hemlock_Woolly_Adelgid",-70.211753,43.908725
"Hemlock_Woolly_Adelgid",-79.883087,40.500766
"Hemlock_Woolly_Adelgid",-76.340837,42.814053
"Hemlock_Woolly_Adelgid",-79.882398,40.502447
"Hemlock_Woolly_Adelgid",-79.909585,40.529739
"Hemlock_Woolly_Adelgid",-79.882183,40.501734
"Hemlock_Woolly_Adelgid",-79.881214,40.501632
"Hemlock_Woolly_Adelgid",-65.144426,44.374319
"Hemlock_Woolly_Adelgid",-71.181513,42.442347
"Hemlock_Woolly_Adelgid",-65.144864,44.378719
"Hemlock_Woolly_Adelgid",-79.902967,40.521086
"Hemlock_Woolly_Adelgid",-79.882068,40.501709
"Hemlock_Woolly_Adelgid",-75.999792,42.125132
"Hemlock_Woolly_Adelgid",-79.881981,40.501607
"Hemlock_Woolly_Adelgid",-79.883063,40.49951
"Hemlock_Woolly_Adelgid",-79.882242,40.501428
"Hemlock_Woolly_Adelgid",-79.883198,40.500478
"Hemlock_Woolly_Adelgid",-79.88218,40.501623
"Hemlock_Woolly_Adelgid",-79.882133,40.501581
"Hemlock_Woolly_Adelgid",-79.90346,40.522017
"Hemlock_Woolly_Adelgid",-73.669267,42.765872
"Hemlock_Woolly_Adelgid",-83.850914,35.590185
"Hemlock_Woolly_Adelgid",-71.084617,42.448008
"Hemlock_Woolly_Adelgid",-81.444893,41.014783
"Hemlock_Woolly_Adelgid",-71.139571,42.29619
"Hemlock_Woolly_Adelgid",-81.559903,41.091898
"Hemlock_Woolly_Adelgid",-79.883132,40.500024
"Hemlock_Woolly_Adelgid",-78.665024,39.697195
"Hemlock_Woolly_Adelgid",-79.908343,40.527378
"Hemlock_Woolly_Adelgid",-83.30453,34.768396
"Hemlock_Woolly_Adelgid",-79.881962,40.5015
"Hemlock_Woolly_Adelgid",-71.087792,42.45552
"Hemlock_Woolly_Adelgid",-76.002364,42.129289
"Hemlock_Woolly_Adelgid",-79.943666,40.537038
"Hemlock_Woolly_Adelgid",-65.137884,44.370497
"Hemlock_Woolly_Adelgid",-79.903415,40.52191
"Hemlock_Woolly_Adelgid",-72.09157,41.841252
"Hemlock_Woolly_Adelgid",-79.882048,40.501467
"Hemlock_Woolly_Adelgid",-79.906977,40.526498
"Hemlock_Woolly_Adelgid",-79.90836,40.52712
"Hemlock_Woolly_Adelgid",-72.188206,42.532472
"Hemlock_Woolly_Adelgid",-79.90295,40.5207
"Hemlock_Woolly_Adelgid",-79.882134,40.501627
"Hemlock_Woolly_Adelgid",-70.212342,43.908988
"Hemlock_Woolly_Adelgid",-79.88232,40.502043
"Hemlock_Woolly_Adelgid",-72.130134,42.354309
"Hemlock_Woolly_Adelgid",-79.882038,40.501503
"Hemlock_Woolly_Adelgid",-73.96251,40.667975
"Hemlock_Woolly_Adelgid",-80.889253,38.211358
"Hemlock_Woolly_Adelgid",-81.512644,41.036454
"Hemlock_Woolly_Adelgid",-81.583672,41.010287
"Hemlock_Woolly_Adelgid",-79.664643,39.76406
"Hemlock_Woolly_Adelgid",-79.882118,40.501627
"Hemlock_Woolly_Adelgid",-71.099364,42.299605
"Hemlock_Woolly_Adelgid",-79.882188,40.50229
"Hemlock_Woolly_Adelgid",-71.862827,42.639348
"Hemlock_Woolly_Adelgid",-80.575447,37.367838
"Hemlock_Woolly_Adelgid",-79.066982,37.915963
"Hemlock_Woolly_Adelgid",-79.991938,42.121045
"Hemlock_Woolly_Adelgid",-77.120461,42.22677
"Hemlock_Woolly_Adelgid",-72.350249,42.063718
"Hemlock_Woolly_Adelgid",-77.119492,42.227638
"Hemlock_Woolly_Adelgid",-74.0918,41.823693
"Hemlock_Woolly_Adelgid",-79.882109,40.501658
"Hemlock_Woolly_Adelgid",-81.575225,41.061375
"Hemlock_Woolly_Adelgid",-71.338276,42.256217
"Hemlock_Woolly_Adelgid",-74.088208,41.845626
"Hemlock_Woolly_Adelgid",-71.081794,42.442578
"Hemlock_Woolly_Adelgid",-79.394088,39.528667
"Hemlock_Woolly_Adelgid",-79.881881,40.502107
"Hemlock_Woolly_Adelgid",-76.560483,42.384647
"Hemlock_Woolly_Adelgid",-79.056397,43.130245
"Hemlock_Woolly_Adelgid",-71.089486,42.444755
"Hemlock_Woolly_Adelgid",-76.409244,42.445489
"Hemlock_Woolly_Adelgid",-64.493378,44.270237
"Hemlock_Woolly_Adelgid",-83.469322,35.634363
"Hemlock_Woolly_Adelgid",-79.882595,40.502725
"Hemlock_Woolly_Adelgid",-71.099542,42.299613
"Hemlock_Woolly_Adelgid",-72.615478,42.266467
"Hemlock_Woolly_Adelgid",-74.461172,42.411252
"Hemlock_Woolly_Adelgid",-72.782067,42.571267
"Hemlock_Woolly_Adelgid",-79.155128,40.486462
"Hemlock_Woolly_Adelgid",-79.493017,39.863069
"Hemlock_Woolly_Adelgid",-80.169443,42.062529
"Hemlock_Woolly_Adelgid",-75.703675,42.145456
"Hemlock_Woolly_Adelgid",-73.250063,42.127263
"Hemlock_Woolly_Adelgid",-83.585358,35.660744
"Hemlock_Woolly_Adelgid",-71.116592,42.44725
"Hemlock_Woolly_Adelgid",-79.188933,39.797522
"Hemlock_Woolly_Adelgid",-73.215937,42.704768
"Hemlock_Woolly_Adelgid",-71.263936,42.365954
"Hemlock_Woolly_Adelgid",-72.160485,42.739683
"Hemlock_Woolly_Adelgid",-81.392269,37.801381
"Hemlock_Woolly_Adelgid",-64.918725,44.352221
"Hemlock_Woolly_Adelgid",-71.85879,41.58783
"Hemlock_Woolly_Adelgid",-79.500533,39.86602
"Hemlock_Woolly_Adelgid",-76.477323,42.450528
"Hemlock_Woolly_Adelgid",-72.322834,42.498194
"Hemlock_Woolly_Adelgid",-73.221128,42.700775
"Hemlock_Woolly_Adelgid",-71.33915,42.437725
"Hemlock_Woolly_Adelgid",-76.474503,42.451825
"Hemlock_Woolly_Adelgid",-72.168094,42.459832
"Hemlock_Woolly_Adelgid",-69.960965,43.946585
"Hemlock_Woolly_Adelgid",-71.735675,43.005365
"Hemlock_Woolly_Adelgid",-75.138939,40.976883
"Hemlock_Woolly_Adelgid",-71.086064,42.455458
"Hemlock_Woolly_Adelgid",-72.168095,42.459837
"Hemlock_Woolly_Adelgid",-71.124317,42.454322
"Hemlock_Woolly_Adelgid",-83.592833,35.788507
"Hemlock_Woolly_Adelgid",-76.461512,42.405894
"Hemlock_Woolly_Adelgid",-65.165296,44.406027
"Hemlock_Woolly_Adelgid",-79.341553,39.71593
"Hemlock_Woolly_Adelgid",-79.810256,39.634111
"Hemlock_Woolly_Adelgid",-72.470612,42.828762
"Hemlock_Woolly_Adelgid",-78.3879,41.458472
"Hemlock_Woolly_Adelgid",-70.679003,43.385163
"Hemlock_Woolly_Adelgid",-71.124389,42.454617
"Hemlock_Woolly_Adelgid",-83.305267,34.814755
"Hemlock_Woolly_Adelgid",-73.229407,42.704198
"Hemlock_Woolly_Adelgid",-71.649956,42.953601
"Hemlock_Woolly_Adelgid",-73.56572,43.591508
"Hemlock_Woolly_Adelgid",-79.866713,39.627051
"Hemlock_Woolly_Adelgid",-86.335216,43.250422
"Hemlock_Woolly_Adelgid",-77.488089,43.244886
"Hemlock_Woolly_Adelgid",-76.134164,40.546239
"Hemlock_Woolly_Adelgid",-72.082901,42.810424
"Hemlock_Woolly_Adelgid",-78.021661,43.360563
"Hemlock_Woolly_Adelgid",-71.259613,42.022153
"Hemlock_Woolly_Adelgid",-80.546597,40.716655
"Hemlock_Woolly_Adelgid",-71.319467,42.291588
"Hemlock_Woolly_Adelgid",-79.893352,40.515718
"Hemlock_Woolly_Adelgid",-74.013461,41.405844
"Hemlock_Woolly_Adelgid",-74.018512,41.416087
"Hemlock_Woolly_Adelgid",-79.540641,40.359484
"Hemlock_Woolly_Adelgid",-79.972917,40.528708
"Hemlock_Woolly_Adelgid",-64.543586,44.239669
"Hemlock_Woolly_Adelgid",-64.539055,44.240475
"Hemlock_Woolly_Adelgid",-76.793323,42.482402
"Hemlock_Woolly_Adelgid",-74.031987,41.424551
"Hemlock_Woolly_Adelgid",-74.481323,42.452942
"Hemlock_Woolly_Adelgid",-78.247253,43.367825
"Hemlock_Woolly_Adelgid",-81.140928,37.781207
"Hemlock_Woolly_Adelgid",-64.539588,44.240547
"Hemlock_Woolly_Adelgid",-71.01009,42.937988
"Hemlock_Woolly_Adelgid",-79.380592,40.371788
"Hemlock_Woolly_Adelgid",-64.539597,44.240479
"Hemlock_Woolly_Adelgid",-65.216963,44.441028
"Hemlock_Woolly_Adelgid",-79.246504,40.247529
"Hemlock_Woolly_Adelgid",-76.843906,39.065096
"Hemlock_Woolly_Adelgid",-78.679755,42.717908
"Hemlock_Woolly_Adelgid",-64.543228,44.23977
"Hemlock_Woolly_Adelgid",-73.228953,42.703153
"Hemlock_Woolly_Adelgid",-74.272295,42.632673
"Hemlock_Woolly_Adelgid",-73.261921,42.66516
"Hemlock_Woolly_Adelgid",-74.250731,41.728054
"Hemlock_Woolly_Adelgid",-78.800888,37.933844
"Hemlock_Woolly_Adelgid",-77.388936,38.721953
"Hemlock_Woolly_Adelgid",-73.738644,40.74238
"Hemlock_Woolly_Adelgid",-71.210973,42.192979
"Hemlock_Woolly_Adelgid",-82.590125,39.583417
"Hemlock_Woolly_Adelgid",-73.737859,40.742905
"Hemlock_Woolly_Adelgid",-65.23153,44.398617
"Hemlock_Woolly_Adelgid",-76.880569,39.203853
"Hemlock_Woolly_Adelgid",-77.412338,40.285378
"Hemlock_Woolly_Adelgid",-73.926965,41.955746
"Hemlock_Woolly_Adelgid",-76.54113,40.479708
"Hemlock_Woolly_Adelgid",-81.884476,36.141908
"Hemlock_Woolly_Adelgid",-75.18035,39.83168
"Hemlock_Woolly_Adelgid",-74.180389,41.793533
"Hemlock_Woolly_Adelgid",-73.152825,41.76023
"Hemlock_Woolly_Adelgid",-77.388969,38.720089
"Hemlock_Woolly_Adelgid",-82.4411,35.612531
"Hemlock_Woolly_Adelgid",-65.113889,44.354135
"Hemlock_Woolly_Adelgid",-77.478417,39.902878
"Hemlock_Woolly_Adelgid",-75.984153,39.915272
"Hemlock_Woolly_Adelgid",-79.907742,43.269148
"Hemlock_Woolly_Adelgid",-71.089306,42.446808
"Hemlock_Woolly_Adelgid",-73.925261,41.955388
"Hemlock_Woolly_Adelgid",-77.485406,42.721704
"Hemlock_Woolly_Adelgid",-74.298819,41.789655
"Hemlock_Woolly_Adelgid",-74.078983,41.850275
"Hemlock_Woolly_Adelgid",-72.495351,41.764766
"Hemlock_Woolly_Adelgid",-72.761267,41.832733
"Hemlock_Woolly_Adelgid",-80.49373,37.38997
"Hemlock_Woolly_Adelgid",-76.961853,40.207847
"Hemlock_Woolly_Adelgid",-71.255761,42.991519
"Hemlock_Woolly_Adelgid",-71.219271,42.983816
"Hemlock_Woolly_Adelgid",-72.043606,42.798755
"Hemlock_Woolly_Adelgid",-65.137575,44.536266
"Hemlock_Woolly_Adelgid",-64.954784,44.33453
"Hemlock_Woolly_Adelgid",-64.952423,44.875296
"Hemlock_Woolly_Adelgid",-65.241493,44.214997
"Hemlock_Woolly_Adelgid",-64.93822,44.356048
"Hemlock_Woolly_Adelgid",-81.833283,36.118425
"Hemlock_Woolly_Adelgid",-65.250914,44.379925
"Hemlock_Woolly_Adelgid",-86.229058,43.019147
"Hemlock_Woolly_Adelgid",-76.393862,40.956317
"Hemlock_Woolly_Adelgid",-79.882436,40.498064
"Hemlock_Woolly_Adelgid",-79.907736,43.269114
"Hemlock_Woolly_Adelgid",-64.788635,44.3197
"Hemlock_Woolly_Adelgid",-64.892956,44.274283
"Hemlock_Woolly_Adelgid",-73.253874,42.650838
"Hemlock_Woolly_Adelgid",-71.769693,42.021875
"Hemlock_Woolly_Adelgid",-71.301438,42.292403
"Hemlock_Woolly_Adelgid",-74.134583,41.069991
"Hemlock_Woolly_Adelgid",-65.336477,44.453617
"Hemlock_Woolly_Adelgid",-73.200418,42.212607
"Hemlock_Woolly_Adelgid",-64.620939,44.462268
"Hemlock_Woolly_Adelgid",-71.759111,42.987828
"Hemlock_Woolly_Adelgid",-64.73368,44.471544
"Hemlock_Woolly_Adelgid",-79.468794,42.2113
"Hemlock_Woolly_Adelgid",-65.241791,44.215074
"Hemlock_Woolly_Adelgid",-65.266614,44.45262
"Hemlock_Woolly_Adelgid",-72.223903,42.641448
"Hemlock_Woolly_Adelgid",-72.168341,42.460889
"Hemlock_Woolly_Adelgid",-65.242753,44.403247
"Hemlock_Woolly_Adelgid",-76.365022,42.368397
"Hemlock_Woolly_Adelgid",-84.254467,35.263103
"Hemlock_Woolly_Adelgid",-81.854514,36.082458
"Hemlock_Woolly_Adelgid",-81.841514,36.085728
"Hemlock_Woolly_Adelgid",-73.253966,42.650993
"Hemlock_Woolly_Adelgid",-82.796424,35.023433
"Hemlock_Woolly_Adelgid",-81.841342,36.085878
"Hemlock_Woolly_Adelgid",-81.854328,36.082228
"Hemlock_Woolly_Adelgid",-81.854153,36.084822
"Hemlock_Woolly_Adelgid",-72.801842,41.941966
"Hemlock_Woolly_Adelgid",-73.255393,42.650708
"Hemlock_Woolly_Adelgid",-81.854603,36.082342
"Hemlock_Woolly_Adelgid",-82.290061,35.662377
"Hemlock_Woolly_Adelgid",-82.566819,35.605641
"Hemlock_Woolly_Adelgid",-84.258592,35.264222
"Hemlock_Woolly_Adelgid",-81.687108,36.217545
"Hemlock_Woolly_Adelgid",-81.841592,36.085969
"Hemlock_Woolly_Adelgid",-83.672044,34.683427
"Hemlock_Woolly_Adelgid",-75.999917,42.129808
"Hemlock_Woolly_Adelgid",-77.952033,43.36253
"Hemlock_Woolly_Adelgid",-79.819765,40.51906
"Hemlock_Woolly_Adelgid",-81.839994,36.0872
"Hemlock_Woolly_Adelgid",-80.848867,38.276898
"Hemlock_Woolly_Adelgid",-79.943395,39.631991
"Hemlock_Woolly_Adelgid",-72.49658,42.606278
"Hemlock_Woolly_Adelgid",-72.92142,42.750067
"Hemlock_Woolly_Adelgid",-74.238983,41.729572
"Hemlock_Woolly_Adelgid",-71.242192,43.106874
"Hemlock_Woolly_Adelgid",-71.936672,42.917946
"Hemlock_Woolly_Adelgid",-81.647328,36.213047
"Hemlock_Woolly_Adelgid",-79.485538,39.973107
"Hemlock_Woolly_Adelgid",-72.050079,42.936941
"Hemlock_Woolly_Adelgid",-78.616712,40.266673
"Hemlock_Woolly_Adelgid",-69.593573,43.951695
"Hemlock_Woolly_Adelgid",-78.024124,42.584277
"Hemlock_Woolly_Adelgid",-69.729376,43.980618
"Hemlock_Woolly_Adelgid",-79.268761,40.146264
"Hemlock_Woolly_Adelgid",-81.684656,36.176806
"Hemlock_Woolly_Adelgid",-71.996049,42.367645
"Hemlock_Woolly_Adelgid",-84.225487,37.382278
"Hemlock_Woolly_Adelgid",-123.332238,48.740433
"Hemlock_Woolly_Adelgid",-70.772047,42.596606
"Hemlock_Woolly_Adelgid",-72.440413,41.554047
"Hemlock_Woolly_Adelgid",-69.818633,43.80609
"Hemlock_Woolly_Adelgid",-84.39721,36.95072
"Hemlock_Woolly_Adelgid",-74.344604,41.333838
"Hemlock_Woolly_Adelgid",-71.423905,42.15135
"Hemlock_Woolly_Adelgid",-75.58695,41.084922
"Hemlock_Woolly_Adelgid",-71.933693,42.82524
"Hemlock_Woolly_Adelgid",-70.241592,43.70728
"Hemlock_Woolly_Adelgid",-70.264328,43.830929
"Hemlock_Woolly_Adelgid",-83.510827,37.990515
"Hemlock_Woolly_Adelgid",-122.37123,47.70932
"Hemlock_Woolly_Adelgid",-71.75489,41.921967
"Hemlock_Woolly_Adelgid",-80.234206,41.949137
"Hemlock_Woolly_Adelgid",-65.223992,44.406929
"Hemlock_Woolly_Adelgid",-83.974145,34.738838
"Hemlock_Woolly_Adelgid",-72.050106,42.936934
"Hemlock_Woolly_Adelgid",-71.998553,42.367475
"Hemlock_Woolly_Adelgid",-73.703915,42.098902
"Hemlock_Woolly_Adelgid",-81.152436,37.506937
"Hemlock_Woolly_Adelgid",-76.556349,40.693787
"Hemlock_Woolly_Adelgid",-83.734341,35.669257
"Hemlock_Woolly_Adelgid",-75.798058,40.226594
"Hemlock_Woolly_Adelgid",-78.062462,40.914879
"Hemlock_Woolly_Adelgid",-74.06765,42.0741
"Hemlock_Woolly_Adelgid",-78.059125,40.91139
"Hemlock_Woolly_Adelgid",-77.04986,38.936605
"Hemlock_Woolly_Adelgid",-72.796593,41.941922
"Hemlock_Woolly_Adelgid",-83.732579,35.669549
"Hemlock_Woolly_Adelgid",-72.598212,42.448504
"Hemlock_Woolly_Adelgid",-72.240037,41.827225
"Hemlock_Woolly_Adelgid",-75.633244,41.005536
"Hemlock_Woolly_Adelgid",-83.236534,35.372888
"Hemlock_Woolly_Adelgid",-69.809126,44.007343
"Hemlock_Woolly_Adelgid",-74.13079,42.500274
"Hemlock_Woolly_Adelgid",-82.340083,35.626275
"Hemlock_Woolly_Adelgid",-72.208808,42.77649
"Hemlock_Woolly_Adelgid",-78.392319,38.592802
"Hemlock_Woolly_Adelgid",-72.201283,42.767494
"Hemlock_Woolly_Adelgid",-74.215361,42.027514
"Hemlock_Woolly_Adelgid",-76.681358,42.38765
"Hemlock_Woolly_Adelgid",-71.564914,42.636199
"Hemlock_Woolly_Adelgid",-77.479103,43.043361
"Hemlock_Woolly_Adelgid",-79.808596,39.560684
"Hemlock_Woolly_Adelgid",-81.122251,36.134555
"Hemlock_Woolly_Adelgid",-82.099367,39.334087
"Hemlock_Woolly_Adelgid",-72.735061,42.259244
"Hemlock_Woolly_Adelgid",-75.79792,40.226496
"Hemlock_Woolly_Adelgid",-72.758065,41.977173
"Hemlock_Woolly_Adelgid",-76.544591,39.346298
"Hemlock_Woolly_Adelgid",-73.500747,42.126828
"Hemlock_Woolly_Adelgid",-77.550812,40.218857
"Hemlock_Woolly_Adelgid",-81.650018,36.171575
"Hemlock_Woolly_Adelgid",-81.729761,35.916472
"Hemlock_Woolly_Adelgid",-71.261626,42.996756
"Hemlock_Woolly_Adelgid",-75.920733,41.047615
"Hemlock_Woolly_Adelgid",-82.250399,35.750672
"Hemlock_Woolly_Adelgid",-78.755337,40.383732
"Hemlock_Woolly_Adelgid",-79.496759,39.86339
"Hemlock_Woolly_Adelgid",-72.712555,42.043503
"Hemlock_Woolly_Adelgid",-71.199447,42.259108
"Hemlock_Woolly_Adelgid",-86.226889,43.019631
"Hemlock_Woolly_Adelgid",-69.80943,44.007482
"Hemlock_Woolly_Adelgid",-75.713975,41.56021
"Hemlock_Woolly_Adelgid",-78.046417,42.580875
"Hemlock_Woolly_Adelgid",-82.306382,35.584768
"Hemlock_Woolly_Adelgid",-83.477439,34.975403
"Hemlock_Woolly_Adelgid",-75.067161,40.3288
"Hemlock_Woolly_Adelgid",-72.187878,42.732363
"Hemlock_Woolly_Adelgid",-79.292615,41.752679
"Hemlock_Woolly_Adelgid",-71.392024,43.594794
"Hemlock_Woolly_Adelgid",-71.461489,42.944785
"Hemlock_Woolly_Adelgid",-65.153005,44.363661
"Hemlock_Woolly_Adelgid",-65.202133,44.861095
"Hemlock_Woolly_Adelgid",-70.805755,43.086933
"Hemlock_Woolly_Adelgid",-74.308669,42.097478
"Hemlock_Woolly_Adelgid",-79.726425,38.564556
"Hemlock_Woolly_Adelgid",-77.238469,42.316692
"Hemlock_Woolly_Adelgid",-81.842075,36.087631
"Hemlock_Woolly_Adelgid",-79.834454,39.673833
"Hemlock_Woolly_Adelgid",-64.843245,44.357047
"Hemlock_Woolly_Adelgid",-81.853489,36.084631
"Hemlock_Woolly_Adelgid",-81.854228,36.084703
"Hemlock_Woolly_Adelgid",-75.336215,41.047974
"Hemlock_Woolly_Adelgid",-71.92489,42.81177
"Hemlock_Woolly_Adelgid",-79.518158,40.982613
"Hemlock_Woolly_Adelgid",-73.232392,42.077611
"Hemlock_Woolly_Adelgid",-73.826287,42.48217
"Hemlock_Woolly_Adelgid",-75.804537,40.211933
"Hemlock_Woolly_Adelgid",-79.90892,43.268833
"Hemlock_Woolly_Adelgid",-72.201789,42.761122
"Hemlock_Woolly_Adelgid",-72.371855,43.083553
"Hemlock_Woolly_Adelgid",-71.986722,42.934343
"Hemlock_Woolly_Adelgid",-78.139428,38.639278
"Hemlock_Woolly_Adelgid",-84.1736,34.558255
"Hemlock_Woolly_Adelgid",-72.198928,41.747472
"Hemlock_Woolly_Adelgid",-64.411085,45.085022
"Hemlock_Woolly_Adelgid",-72.331976,42.802914
"Hemlock_Woolly_Adelgid",-72.966044,42.0459
"Hemlock_Woolly_Adelgid",-78.139442,38.639245
"Hemlock_Woolly_Adelgid",-65.259872,44.28953
"Hemlock_Woolly_Adelgid",-79.899662,42.92163
"Hemlock_Woolly_Adelgid",-74.12308,41.790779
"Hemlock_Woolly_Adelgid",-77.192078,40.450819
"Hemlock_Woolly_Adelgid",-76.651475,42.278622
"Hemlock_Woolly_Adelgid",-77.4493,39.632401
"Hemlock_Woolly_Adelgid",-75.6204,41.002572
"Hemlock_Woolly_Adelgid",-71.124458,42.454528
"Hemlock_Woolly_Adelgid",-86.245163,43.085767
"Hemlock_Woolly_Adelgid",-79.422455,41.00264
"Hemlock_Woolly_Adelgid",-83.174093,38.723743
"Hemlock_Woolly_Adelgid",-81.671511,36.195325
"Hemlock_Woolly_Adelgid",-65.714359,44.200516
"Hemlock_Woolly_Adelgid",-81.675806,36.195522
"Hemlock_Woolly_Adelgid",-82.424897,35.661438
"Hemlock_Woolly_Adelgid",-122.491242,48.652355
"Hemlock_Woolly_Adelgid",-81.761531,36.162486
"Hemlock_Woolly_Adelgid",-84.233187,34.868092
"Hemlock_Woolly_Adelgid",-78.379953,38.578675
"Hemlock_Woolly_Adelgid",-81.060478,38.058419
"Hemlock_Woolly_Adelgid",-74.957718,40.063812
"Hemlock_Woolly_Adelgid",-70.387719,43.470947
"Hemlock_Woolly_Adelgid",-81.580256,38.38365
"Hemlock_Woolly_Adelgid",-84.55365,34.320503
"Hemlock_Woolly_Adelgid",-82.448767,35.270324
"Hemlock_Woolly_Adelgid",-83.139905,37.477338
"Hemlock_Woolly_Adelgid",-77.326242,38.981796
"Hemlock_Woolly_Adelgid",-77.510314,38.828371
"Hemlock_Woolly_Adelgid",-81.670158,36.208106
"Hemlock_Woolly_Adelgid",-81.075353,38.048273
"Hemlock_Woolly_Adelgid",-69.744091,43.847792
"Hemlock_Woolly_Adelgid",-74.126472,40.800917
"Hemlock_Woolly_Adelgid",-84.099226,34.617228
"Hemlock_Woolly_Adelgid",-75.612038,40.869384
"Hemlock_Woolly_Adelgid",-79.76113,35.630622
"Hemlock_Woolly_Adelgid",-82.538887,35.120209
"Hemlock_Woolly_Adelgid",-123.191995,49.127136
"Hemlock_Woolly_Adelgid",-82.099366,39.334076
"Hemlock_Woolly_Adelgid",-83.649014,35.774896
"Hemlock_Woolly_Adelgid",-76.969903,38.911968
"Hemlock_Woolly_Adelgid",-76.788894,42.414326
"Hemlock_Woolly_Adelgid",-84.111546,35.396986
"Hemlock_Woolly_Adelgid",-76.070489,40.605488
"Hemlock_Woolly_Adelgid",-77.260033,38.86483
"Hemlock_Woolly_Adelgid",-80.010733,40.45398
"Hemlock_Woolly_Adelgid",-80.200408,37.390872
"Hemlock_Woolly_Adelgid",-80.46146,37.284118
"Hemlock_Woolly_Adelgid",-82.402517,36.078047
"Hemlock_Woolly_Adelgid",-72.21488,42.813874
"Hemlock_Woolly_Adelgid",-75.35855,39.992845
"Hemlock_Woolly_Adelgid",-77.178545,39.076004
"Hemlock_Woolly_Adelgid",-80.404337,40.502905
"Hemlock_Woolly_Adelgid",-75.768463,39.313525
"Hemlock_Woolly_Adelgid",-81.683144,36.218839
"Hemlock_Woolly_Adelgid",-64.410865,45.085199
"Hemlock_Woolly_Adelgid",-80.403328,40.501995
"Hemlock_Woolly_Adelgid",-76.040597,40.620387
"Hemlock_Woolly_Adelgid",-65.137126,44.369497
"Hemlock_Woolly_Adelgid",-79.847938,41.27287
"Hemlock_Woolly_Adelgid",-76.355965,42.511907
"Hemlock_Woolly_Adelgid",-76.048439,40.609242
"Hemlock_Woolly_Adelgid",-78.379972,38.578477
"Hemlock_Woolly_Adelgid",-83.833624,35.588452
"Hemlock_Woolly_Adelgid",-65.203379,44.370357
"Hemlock_Woolly_Adelgid",-77.924263,42.706158
"Hemlock_Woolly_Adelgid",-75.27812,40.673415
"Hemlock_Woolly_Adelgid",-81.655511,36.217072
"Hemlock_Woolly_Adelgid",-80.033967,40.378178
"Hemlock_Woolly_Adelgid",-73.858904,42.499281
"Hemlock_Woolly_Adelgid",-77.736496,40.724838
"Hemlock_Woolly_Adelgid",-78.015283,42.587286
"Hemlock_Woolly_Adelgid",-81.670953,36.209592
"Hemlock_Woolly_Adelgid",-83.161272,35.007836
"Hemlock_Woolly_Adelgid",-77.108707,38.915354
"Hemlock_Woolly_Adelgid",-84.117639,35.394285
"Hemlock_Woolly_Adelgid",-81.076255,38.05545
"Hemlock_Woolly_Adelgid",-72.477471,42.412276
"Hemlock_Woolly_Adelgid",-74.089875,42.328213
"Hemlock_Woolly_Adelgid",-84.113487,35.39661
"Hemlock_Woolly_Adelgid",-71.29868,42.952939
"Hemlock_Woolly_Adelgid",-72.75031,42.046495
"Hemlock_Woolly_Adelgid",-77.711662,40.758738
"Hemlock_Woolly_Adelgid",-76.094148,40.703682
"Hemlock_Woolly_Adelgid",-76.684515,39.612331
"Hemlock_Woolly_Adelgid",-124.386499,48.025931
"Hemlock_Woolly_Adelgid",-73.906372,41.271637
"Hemlock_Woolly_Adelgid",-81.05437,38.057702
"Hemlock_Woolly_Adelgid",-64.893509,44.951425
"Hemlock_Woolly_Adelgid",-77.156427,38.823928
"Hemlock_Woolly_Adelgid",-71.260536,42.991398
"Hemlock_Woolly_Adelgid",-82.545045,39.432436
"Hemlock_Woolly_Adelgid",-65.220953,44.398337
"Hemlock_Woolly_Adelgid",-64.788405,44.071747
"Hemlock_Woolly_Adelgid",-83.774675,35.606281
"Hemlock_Woolly_Adelgid",-71.151629,43.079538
"Hemlock_Woolly_Adelgid",-79.163857,39.67497
"Hemlock_Woolly_Adelgid",-84.099691,34.617035
"Hemlock_Woolly_Adelgid",-72.117968,42.602965
"Hemlock_Woolly_Adelgid",-131.981438,53.308869
"Hemlock_Woolly_Adelgid",-65.241366,44.401831
"Hemlock_Woolly_Adelgid",-80.94878,37.98293
"Hemlock_Woolly_Adelgid",-80.950949,38.003301
"Hemlock_Woolly_Adelgid",-79.477393,39.114927
"Hemlock_Woolly_Adelgid",-65.635486,44.576998
"Hemlock_Woolly_Adelgid",-86.25712,43.09887
"Hemlock_Woolly_Adelgid",-72.001814,42.971033
"Hemlock_Woolly_Adelgid",-80.1117,38.118797
"Hemlock_Woolly_Adelgid",-76.874328,42.374573
"Hemlock_Woolly_Adelgid",-79.947922,40.530117
"Hemlock_Woolly_Adelgid",-82.238316,35.473418
"Hemlock_Woolly_Adelgid",-65.218737,44.402038
"Hemlock_Woolly_Adelgid",-72.2769,42.921158
"Hemlock_Woolly_Adelgid",-65.358592,44.792344
"Hemlock_Woolly_Adelgid",-75.269897,39.951385
"Hemlock_Woolly_Adelgid",-77.427453,39.473303
"Hemlock_Woolly_Adelgid",-73.21088,42.677441
"Hemlock_Woolly_Adelgid",-76.613342,41.015633
"Hemlock_Woolly_Adelgid",-80.178498,42.0509
"Hemlock_Woolly_Adelgid",-65.250655,44.401938
"Hemlock_Woolly_Adelgid",-65.211655,44.437613
"Hemlock_Woolly_Adelgid",-71.256968,42.991703
"Hemlock_Woolly_Adelgid",-76.55932,42.398205
"Hemlock_Woolly_Adelgid",-80.282698,36.398268
"Hemlock_Woolly_Adelgid",-79.119805,39.632053
"Hemlock_Woolly_Adelgid",-85.238354,35.247486
"Hemlock_Woolly_Adelgid",-77.136483,38.439612
"Hemlock_Woolly_Adelgid",-76.430389,39.9485
"Hemlock_Woolly_Adelgid",-75.201485,40.046539
"Hemlock_Woolly_Adelgid",-76.462692,40.248432
"Hemlock_Woolly_Adelgid",-76.490713,40.823637
"Hemlock_Woolly_Adelgid",-77.175813,38.893727
"Hemlock_Woolly_Adelgid",-75.169246,40.561029
"Hemlock_Woolly_Adelgid",-71.219638,42.976219
"Hemlock_Woolly_Adelgid",-79.316833,43.117908
"Hemlock_Woolly_Adelgid",-82.614244,36.506753
"Hemlock_Woolly_Adelgid",-79.703899,40.7086
"Hemlock_Woolly_Adelgid",-77.472797,39.919756
"Hemlock_Woolly_Adelgid",-73.200396,42.212561
"Hemlock_Woolly_Adelgid",-83.387772,35.696795
"Hemlock_Woolly_Adelgid",-82.322028,36.318255
"Hemlock_Woolly_Adelgid",-76.691606,39.49383
"Hemlock_Woolly_Adelgid",-81.064483,37.834468
"Hemlock_Woolly_Adelgid",-75.986912,40.633545
"Hemlock_Woolly_Adelgid",-78.955313,41.851392
"Hemlock_Woolly_Adelgid",-74.872933,40.296497
"Hemlock_Woolly_Adelgid",-76.477147,42.449731
"Hemlock_Woolly_Adelgid",-77.124342,39.08334
"Hemlock_Woolly_Adelgid",-83.361511,35.587986
"Hemlock_Woolly_Adelgid",-77.36428,38.91413
"Hemlock_Woolly_Adelgid",-83.361531,35.588411
"Hemlock_Woolly_Adelgid",-82.187706,35.48259
"Hemlock_Woolly_Adelgid",-71.124389,42.454583
"Hemlock_Woolly_Adelgid",-77.456115,39.941822
"Hemlock_Woolly_Adelgid",-72.67348,42.2212
"Hemlock_Woolly_Adelgid",-83.524556,35.665739
"Hemlock_Woolly_Adelgid",-76.522778,39.1484
"Hemlock_Woolly_Adelgid",-83.578383,35.657797
"Hemlock_Woolly_Adelgid",-83.099114,35.322828
"Hemlock_Woolly_Adelgid",-82.750849,35.367426
"Hemlock_Woolly_Adelgid",-83.819714,35.044445
"Hemlock_Woolly_Adelgid",-77.411825,38.773042
"Hemlock_Woolly_Adelgid",-73.855637,42.50465
"Hemlock_Woolly_Adelgid",-71.196223,42.188572
"Hemlock_Woolly_Adelgid",-79.947484,40.467141
"Hemlock_Woolly_Adelgid",-76.686546,39.47832
"Hemlock_Woolly_Adelgid",-76.69107,39.493811
"Hemlock_Woolly_Adelgid",-71.082755,42.461955
"Hemlock_Woolly_Adelgid",-83.190433,35.422778
"Hemlock_Woolly_Adelgid",-77.044292,38.935027
"Hemlock_Woolly_Adelgid",-72.385667,42.447812
"Hemlock_Woolly_Adelgid",-72.795969,41.926711
"Hemlock_Woolly_Adelgid",-79.924934,40.477413
"Hemlock_Woolly_Adelgid",-77.157478,39.024028
"Hemlock_Woolly_Adelgid",-79.820969,40.52095
"Hemlock_Woolly_Adelgid",-71.089492,42.445525
"Hemlock_Woolly_Adelgid",-77.044292,38.935027
"Hemlock_Woolly_Adelgid",-75.223175,40.356576
"Hemlock_Woolly_Adelgid",-80.032119,40.619492
"Hemlock_Woolly_Adelgid",-83.41793,35.738483
"Hemlock_Woolly_Adelgid",-70.914763,42.472012
"Hemlock_Woolly_Adelgid",-78.098258,39.678208
"Hemlock_Woolly_Adelgid",-75.81253,40.201788
"Hemlock_Woolly_Adelgid",-71.516219,42.603335
"Hemlock_Woolly_Adelgid",-76.592239,40.150085
"Hemlock_Woolly_Adelgid",-76.592293,40.150116
"Hemlock_Woolly_Adelgid",-79.710614,41.087061
"Hemlock_Woolly_Adelgid",-83.669511,35.617611
"Hemlock_Woolly_Adelgid",-73.211043,42.242007
"Hemlock_Woolly_Adelgid",-84.259047,35.263363
"Hemlock_Woolly_Adelgid",-76.965662,38.908833
"Hemlock_Woolly_Adelgid",-71.124389,42.454494
"Hemlock_Woolly_Adelgid",-79.705392,38.579563
"Hemlock_Woolly_Adelgid",-76.426971,42.469882
"Hemlock_Woolly_Adelgid",-83.290685,35.393389
"Hemlock_Woolly_Adelgid",-81.395783,35.986662
"Hemlock_Woolly_Adelgid",-79.502642,39.86848
"Hemlock_Woolly_Adelgid",-79.992589,42.12126
"Hemlock_Woolly_Adelgid",-71.084297,42.44902
"Hemlock_Woolly_Adelgid",-79.796202,37.907497
"Hemlock_Woolly_Adelgid",-72.880177,42.393095
"Hemlock_Woolly_Adelgid",-76.455314,42.455026
"Hemlock_Woolly_Adelgid",-71.118725,42.218336
"Hemlock_Woolly_Adelgid",-72.417973,42.499702
"Hemlock_Woolly_Adelgid",-76.409219,42.447128
"Hemlock_Woolly_Adelgid",-82.307008,35.642177
"Hemlock_Woolly_Adelgid",-82.306498,35.584796
"Hemlock_Woolly_Adelgid",-79.733833,40.39978
"Hemlock_Woolly_Adelgid",-71.0943,42.311037
"Hemlock_Woolly_Adelgid",-73.236209,42.68601
"Hemlock_Woolly_Adelgid",-73.517922,42.121533
"Hemlock_Woolly_Adelgid",-74.750105,41.229953
"Hemlock_Woolly_Adelgid",-78.665037,39.697426
"Hemlock_Woolly_Adelgid",-71.124397,42.454492
"Hemlock_Woolly_Adelgid",-80.181352,42.05705
"Hemlock_Woolly_Adelgid",-76.592415,40.150616
"Hemlock_Woolly_Adelgid",-80.14538,42.110079
"Hemlock_Woolly_Adelgid",-72.879892,42.393143
"Hemlock_Woolly_Adelgid",-83.723111,42.278306
"Hemlock_Woolly_Adelgid",-78.049514,42.578637
"Hemlock_Woolly_Adelgid",-76.762501,39.218422
"Hemlock_Woolly_Adelgid",-72.421997,42.497551
"Hemlock_Woolly_Adelgid",-79.987646,39.620288
"Hemlock_Woolly_Adelgid",-75.262452,41.22952
"Hemlock_Woolly_Adelgid",-81.657767,38.271222
"Hemlock_Woolly_Adelgid",-77.980129,38.815016
"Hemlock_Woolly_Adelgid",-80.264105,37.089131
"Hemlock_Woolly_Adelgid",-79.928714,40.818252
"Hemlock_Woolly_Adelgid",-74.912447,41.004897
"Hemlock_Woolly_Adelgid",-77.108305,38.914688
"Hemlock_Woolly_Adelgid",-75.223281,40.121014
"Hemlock_Woolly_Adelgid",-76.60289,39.987278
"Hemlock_Woolly_Adelgid",-76.592087,40.149963
"Hemlock_Woolly_Adelgid",-76.93084,41.217499
"Hemlock_Woolly_Adelgid",-79.979352,40.568125
"Hemlock_Woolly_Adelgid",-78.664867,39.697217
"Hemlock_Woolly_Adelgid",-71.258185,42.992023
"Hemlock_Woolly_Adelgid",-73.231766,42.426463
"Hemlock_Woolly_Adelgid",-75.942173,40.588809
"Hemlock_Woolly_Adelgid",-76.691115,39.493804
"Hemlock_Woolly_Adelgid",-75.967156,42.079939
"Hemlock_Woolly_Adelgid",-77.108213,38.914626
"Hemlock_Woolly_Adelgid",-72.522597,42.37455
"Hemlock_Woolly_Adelgid",-71.263155,42.992895
"Hemlock_Woolly_Adelgid",-82.830804,35.61119
"Hemlock_Woolly_Adelgid",-79.808363,39.635578
"Hemlock_Woolly_Adelgid",-77.1086,38.915313
"Hemlock_Woolly_Adelgid",-79.979287,39.646933
"Hemlock_Woolly_Adelgid",-80.938685,38.205344
"Hemlock_Woolly_Adelgid",-65.135952,44.368381
"Hemlock_Woolly_Adelgid",-72.182856,42.534591
"Hemlock_Woolly_Adelgid",-79.942572,40.53869
"Hemlock_Woolly_Adelgid",-80.677193,41.085719
"Hemlock_Woolly_Adelgid",-79.728866,39.656027
"Hemlock_Woolly_Adelgid",-77.544581,38.330023
"Hemlock_Woolly_Adelgid",-82.098908,39.329655
"Hemlock_Woolly_Adelgid",-74.944016,40.328872
"Hemlock_Woolly_Adelgid",-77.192307,40.898163
"Hemlock_Woolly_Adelgid",-79.943833,40.537039
"Hemlock_Woolly_Adelgid",-77.320582,38.919255
"Hemlock_Woolly_Adelgid",-82.506328,35.595255
"Hemlock_Woolly_Adelgid",-82.209282,35.859013
"Hemlock_Woolly_Adelgid",-122.292186,47.946172
"Hemlock_Woolly_Adelgid",-73.866767,40.956208
"Hemlock_Woolly_Adelgid",-77.693658,42.520858
"Hemlock_Woolly_Adelgid",-75.60428,40.787252
"Hemlock_Woolly_Adelgid",-73.719396,40.664414
"Hemlock_Woolly_Adelgid",-78.662714,39.697717
"Hemlock_Woolly_Adelgid",-75.37157,40.593361
"Hemlock_Woolly_Adelgid",-64.442033,44.435511
"Hemlock_Woolly_Adelgid",-71.089364,42.445362
"Hemlock_Woolly_Adelgid",-76.340058,39.929073
"Hemlock_Woolly_Adelgid",-72.140147,41.899637
"Hemlock_Woolly_Adelgid",-82.2863,35.258778
"Hemlock_Woolly_Adelgid",-76.47892,42.427433
"Hemlock_Woolly_Adelgid",-76.09,41.34
"Hemlock_Woolly_Adelgid",-72.135758,41.991555
"Hemlock_Woolly_Adelgid",-85.360297,35.129939
"Hemlock_Woolly_Adelgid",-76.770039,39.677103
"Hemlock_Woolly_Adelgid",-78.461538,39.664425
"Hemlock_Woolly_Adelgid",-72.162858,41.93293
"Hemlock_Woolly_Adelgid",-77.069558,38.693628
"Hemlock_Woolly_Adelgid",-83.405757,34.855419
"Hemlock_Woolly_Adelgid",-76.887405,39.36148
"Hemlock_Woolly_Adelgid",-75.894958,40.258858
"Hemlock_Woolly_Adelgid",-71.124314,42.454608
"Hemlock_Woolly_Adelgid",-74.276371,40.333466
"Hemlock_Woolly_Adelgid",-79.289169,43.094924
"Hemlock_Woolly_Adelgid",-79.94517,40.535953
"Hemlock_Woolly_Adelgid",-76.499269,42.442842
"Hemlock_Woolly_Adelgid",-79.93958,39.666233
"Hemlock_Woolly_Adelgid",-73.447053,42.1366
"Hemlock_Woolly_Adelgid",-77.050353,38.936836
"Hemlock_Woolly_Adelgid",-74.110655,40.61925
"Hemlock_Woolly_Adelgid",-77.488124,43.246206
"Hemlock_Woolly_Adelgid",-85.360292,35.130117
"Hemlock_Woolly_Adelgid",-82.307019,35.596548
"Hemlock_Woolly_Adelgid",-81.087403,38.054989
"Hemlock_Woolly_Adelgid",-83.713811,35.664353
"Hemlock_Woolly_Adelgid",-76.726432,39.233561
"Hemlock_Woolly_Adelgid",-76.477463,42.426667
"Hemlock_Woolly_Adelgid",-74.308782,41.141132
"Hemlock_Woolly_Adelgid",-82.60958,36.510513
"Hemlock_Woolly_Adelgid",-76.481614,42.316922
"Hemlock_Woolly_Adelgid",-77.039397,40.377822
"Hemlock_Woolly_Adelgid",-73.940692,41.792519
"Hemlock_Woolly_Adelgid",-72.514778,42.511968
"Hemlock_Woolly_Adelgid",-82.942097,37.023757
"Hemlock_Woolly_Adelgid",-81.056794,38.062686
"Hemlock_Woolly_Adelgid",-72.267158,42.098221
"Hemlock_Woolly_Adelgid",-82.285393,35.259216
"Hemlock_Woolly_Adelgid",-79.097592,39.447885
"Hemlock_Woolly_Adelgid",-77.333311,38.842505
"Hemlock_Woolly_Adelgid",-78.663928,39.696847
"Hemlock_Woolly_Adelgid",-80.173247,40.608762
"Hemlock_Woolly_Adelgid",-84.333197,34.637547
"Hemlock_Woolly_Adelgid",-84.113053,35.080989
"Hemlock_Woolly_Adelgid",-73.738663,40.742317
"Hemlock_Woolly_Adelgid",-84.238932,35.347545
"Hemlock_Woolly_Adelgid",-80.281425,36.39852
"Hemlock_Woolly_Adelgid",-82.439383,35.611337
"Hemlock_Woolly_Adelgid",-84.702176,36.483782
"Hemlock_Woolly_Adelgid",-77.243208,38.68034
"Hemlock_Woolly_Adelgid",-79.956032,39.663398
"Hemlock_Woolly_Adelgid",-77.2034,38.96528
"Hemlock_Woolly_Adelgid",-82.722291,35.281984
"Hemlock_Woolly_Adelgid",-85.465621,35.285623
"Hemlock_Woolly_Adelgid",-79.865605,39.629168
"Hemlock_Woolly_Adelgid",-83.304787,35.497622
"Hemlock_Woolly_Adelgid",-82.869903,35.086011
"Hemlock_Woolly_Adelgid",-79.549079,40.9818
"Hemlock_Woolly_Adelgid",-81.582123,38.382642
"Hemlock_Woolly_Adelgid",-72.244742,42.647628
"Hemlock_Woolly_Adelgid",-71.079636,42.44977
"Hemlock_Woolly_Adelgid",-79.94516,40.536339
"Hemlock_Woolly_Adelgid",-74.253718,41.248804
"Hemlock_Woolly_Adelgid",-83.966843,35.758209
"Hemlock_Woolly_Adelgid",-77.60788,42.735895
"Hemlock_Woolly_Adelgid",-81.580709,38.388808
"Hemlock_Woolly_Adelgid",-79.822145,40.520385
"Hemlock_Woolly_Adelgid",-76.800946,42.557926
"Hemlock_Woolly_Adelgid",-78.363892,38.140255
"Hemlock_Woolly_Adelgid",-74.555381,40.588534
"Hemlock_Woolly_Adelgid",-71.089064,42.445289
"Hemlock_Woolly_Adelgid",-80.678423,41.085119
"Hemlock_Woolly_Adelgid",-82.638488,35.30689
"Hemlock_Woolly_Adelgid",-80.172781,40.464225
"Hemlock_Woolly_Adelgid",-79.174318,39.579714
"Hemlock_Woolly_Adelgid",-80.677091,41.085638
"Hemlock_Woolly_Adelgid",-80.172781,40.464225
"Hemlock_Woolly_Adelgid",-83.589775,37.800472
"Hemlock_Woolly_Adelgid",-79.735058,40.710557
"Hemlock_Woolly_Adelgid",-84.2611,35.268833
"Hemlock_Woolly_Adelgid",-64.736729,44.047548
"Hemlock_Woolly_Adelgid",-71.506728,42.504087
"Hemlock_Woolly_Adelgid",-83.384107,38.783225
"Hemlock_Woolly_Adelgid",-83.639986,35.610792
"Hemlock_Woolly_Adelgid",-72.027314,42.428242
"Hemlock_Woolly_Adelgid",-83.301664,34.770486
"Hemlock_Woolly_Adelgid",-77.333113,38.847412
"Hemlock_Woolly_Adelgid",-75.216857,40.053444
"Hemlock_Woolly_Adelgid",-77.072273,42.117523
"Hemlock_Woolly_Adelgid",-72.182293,42.453187
"Hemlock_Woolly_Adelgid",-76.794489,38.888814
"Hemlock_Woolly_Adelgid",-84.260308,35.261097
"Hemlock_Woolly_Adelgid",-80.666028,40.107942
"Hemlock_Woolly_Adelgid",-79.05395,43.131679
"Hemlock_Woolly_Adelgid",-75.410523,41.004271
"Hemlock_Woolly_Adelgid",-71.079736,42.450317
"Hemlock_Woolly_Adelgid",-80.666205,40.108106
"Hemlock_Woolly_Adelgid",-80.473433,37.253022
"Hemlock_Woolly_Adelgid",-71.089294,42.444788
"Hemlock_Woolly_Adelgid",-80.422758,37.247644
"Hemlock_Woolly_Adelgid",-71.090037,42.44535
"Hemlock_Woolly_Adelgid",-81.915178,35.833472
"Hemlock_Woolly_Adelgid",-77.87,40.787
"Hemlock_Woolly_Adelgid",-80.266625,36.394489
"Hemlock_Woolly_Adelgid",-64.53224,44.307242
"Hemlock_Woolly_Adelgid",-71.556078,41.964575
"Hemlock_Woolly_Adelgid",-79.954663,37.261786
"Hemlock_Woolly_Adelgid",-84.256697,35.26635
"Hemlock_Woolly_Adelgid",-74.558192,40.743349
"Hemlock_Woolly_Adelgid",-76.638931,42.411102
"Hemlock_Woolly_Adelgid",-77.835512,42.662822
"Hemlock_Woolly_Adelgid",-65.119528,44.367099
"Hemlock_Woolly_Adelgid",-77.4151,39.809643
"Hemlock_Woolly_Adelgid",-72.632883,42.572552
"Hemlock_Woolly_Adelgid",-79.764672,38.91108
"Hemlock_Woolly_Adelgid",-73.851225,41.130181
"Hemlock_Woolly_Adelgid",-77.156847,38.825837
"Hemlock_Woolly_Adelgid",-79.909739,43.266078
"Hemlock_Woolly_Adelgid",-79.751049,38.912084
"Hemlock_Woolly_Adelgid",-82.895592,35.034512
"Hemlock_Woolly_Adelgid",-77.487854,43.244809
"Hemlock_Woolly_Adelgid",-82.286611,35.653248
"Hemlock_Woolly_Adelgid",-82.319127,35.652263
"Hemlock_Woolly_Adelgid",-83.739644,37.786834
"Hemlock_Woolly_Adelgid",-78.808442,39.678162
"Hemlock_Woolly_Adelgid",-73.296879,42.335356
"Hemlock_Woolly_Adelgid",-68.206767,44.36008
"Hemlock_Woolly_Adelgid",-82.435397,35.613194
"Hemlock_Woolly_Adelgid",-75.563225,40.876392
"Hemlock_Woolly_Adelgid",-79.757163,35.630255
"Hemlock_Woolly_Adelgid",-71.161933,42.317099
"Hemlock_Woolly_Adelgid",-73.237387,42.687087
"Hemlock_Woolly_Adelgid",-73.236974,42.687115
"Hemlock_Woolly_Adelgid",-78.751428,42.092675
"Hemlock_Woolly_Adelgid",-73.234144,42.686715
"Hemlock_Woolly_Adelgid",-81.097253,38.866287
"Hemlock_Woolly_Adelgid",-82.25438,35.181317
"Hemlock_Woolly_Adelgid",-71.174261,41.57452
"Hemlock_Woolly_Adelgid",-74.192688,41.745812
"Hemlock_Woolly_Adelgid",-74.755732,41.225035
"Hemlock_Woolly_Adelgid",-71.016304,42.657253
"Hemlock_Woolly_Adelgid",-73.120624,41.534746
"Hemlock_Woolly_Adelgid",-75.57001,40.030083
"Hemlock_Woolly_Adelgid",-71.100808,42.448395
"Hemlock_Woolly_Adelgid",-78.380983,38.590558
"Hemlock_Woolly_Adelgid",-71.062544,42.995912
"Hemlock_Woolly_Adelgid",-80.680031,41.081948
"Hemlock_Woolly_Adelgid",-71.1745,42.324192
"Hemlock_Woolly_Adelgid",-80.679921,41.082049
"Hemlock_Woolly_Adelgid",-79.146589,40.620117
"Hemlock_Woolly_Adelgid",-71.144135,42.371613
"Hemlock_Woolly_Adelgid",-123.079295,49.265097
"Hemlock_Woolly_Adelgid",-77.098192,42.939704
"Hemlock_Woolly_Adelgid",-81.690217,36.221428
"Hemlock_Woolly_Adelgid",-76.535636,42.400211
"Hemlock_Woolly_Adelgid",-72.182946,42.795304
"Hemlock_Woolly_Adelgid",-82.636944,35.570349
"Hemlock_Woolly_Adelgid",-72.10125,43.087517
"Hemlock_Woolly_Adelgid",-76.515543,40.330093
"Hemlock_Woolly_Adelgid",-71.765874,42.107188
"Hemlock_Woolly_Adelgid",-82.826369,35.2887
"Hemlock_Woolly_Adelgid",-73.657862,41.218945
"Hemlock_Woolly_Adelgid",-69.819817,43.909942
"Hemlock_Woolly_Adelgid",-79.217473,37.876917
"Hemlock_Woolly_Adelgid",-71.65499,41.980711
"Hemlock_Woolly_Adelgid",-70.077064,43.888833
"Hemlock_Woolly_Adelgid",-73.237238,42.687427
"Hemlock_Woolly_Adelgid",-72.44925,41.723903
"Hemlock_Woolly_Adelgid",-72.154075,42.070328
"Hemlock_Woolly_Adelgid",-76.747239,39.226754
"Hemlock_Woolly_Adelgid",-72.479901,42.489103
"Hemlock_Woolly_Adelgid",-76.49662,40.547372
"Hemlock_Woolly_Adelgid",-85.381788,34.915367
"Hemlock_Woolly_Adelgid",-76.501982,40.50475
"Hemlock_Woolly_Adelgid",-82.950696,35.373265
"Hemlock_Woolly_Adelgid",-75.223117,40.356527
"Hemlock_Woolly_Adelgid",-81.475647,36.124847
"Hemlock_Woolly_Adelgid",-80.680056,41.082319
"Hemlock_Woolly_Adelgid",-82.557022,35.234135
"Hemlock_Woolly_Adelgid",-80.505419,37.415853
"Hemlock_Woolly_Adelgid",-78.101482,40.059032
"Hemlock_Woolly_Adelgid",-76.384596,40.429248
"Hemlock_Woolly_Adelgid",-71.139298,42.296082
"Hemlock_Woolly_Adelgid",-75.3398,40.043368
"Hemlock_Woolly_Adelgid",-80.590334,41.051907
"Hemlock_Woolly_Adelgid",-75.512855,40.541663
"Hemlock_Woolly_Adelgid",-71.843775,42.815737
"Hemlock_Woolly_Adelgid",-73.569138,40.874737
"Hemlock_Woolly_Adelgid",-81.136245,37.02026
"Hemlock_Woolly_Adelgid",-122.522132,47.306403
"Hemlock_Woolly_Adelgid",-73.195112,42.481009
"Hemlock_Woolly_Adelgid",-77.17444,40.520327
"Hemlock_Woolly_Adelgid",-83.088478,34.942082
"Hemlock_Woolly_Adelgid",-72.500775,42.437803
"Hemlock_Woolly_Adelgid",-122.338327,47.839415
"Hemlock_Woolly_Adelgid",-74.585441,41.073498
"Hemlock_Woolly_Adelgid",-73.237678,42.687638
"Hemlock_Woolly_Adelgid",-75.462997,40.084714
"Hemlock_Woolly_Adelgid",-80.416364,37.224799
"Hemlock_Woolly_Adelgid",-71.608262,42.104724
"Hemlock_Woolly_Adelgid",-76.722053,39.64333
"Hemlock_Woolly_Adelgid",-81.64082,36.230427
"Hemlock_Woolly_Adelgid",-75.912082,41.179226
"Hemlock_Woolly_Adelgid",-72.139473,42.761295
"Hemlock_Woolly_Adelgid",-79.056198,37.902909
"Hemlock_Woolly_Adelgid",-80.590058,41.051081
"Hemlock_Woolly_Adelgid",-70.963267,42.961481
"Hemlock_Woolly_Adelgid",-71.124406,42.454525
"Hemlock_Woolly_Adelgid",-77.152528,42.145856
"Hemlock_Woolly_Adelgid",-75.988217,39.931058
"Hemlock_Woolly_Adelgid",-74.915596,41.162842
"Hemlock_Woolly_Adelgid",-84.349067,36.97762
"Hemlock_Woolly_Adelgid",-79.805543,38.051613
"Hemlock_Woolly_Adelgid",-71.182296,42.442971
"Hemlock_Woolly_Adelgid",-71.846733,42.835238
"Hemlock_Woolly_Adelgid",-71.61682,42.6042
"Hemlock_Woolly_Adelgid",-81.564366,41.53113
"Hemlock_Woolly_Adelgid",-77.116426,40.082423
"Hemlock_Woolly_Adelgid",-75.840344,39.710131
"Hemlock_Woolly_Adelgid",-71.094222,42.446542
"Hemlock_Woolly_Adelgid",-83.415588,35.740863
"Hemlock_Woolly_Adelgid",-78.363523,39.65815
"Hemlock_Woolly_Adelgid",-80.679984,41.081859
"Hemlock_Woolly_Adelgid",-71.475533,42.415579
"Hemlock_Woolly_Adelgid",-83.457313,38.093303
"Hemlock_Woolly_Adelgid",-81.832111,36.086412
"Hemlock_Woolly_Adelgid",-76.595812,39.410795
"Hemlock_Woolly_Adelgid",-82.92232,35.490043
"Hemlock_Woolly_Adelgid",-83.628028,37.816283
"Hemlock_Woolly_Adelgid",-77.079529,40.329082
"Hemlock_Woolly_Adelgid",-74.903725,40.557287
"Hemlock_Woolly_Adelgid",-122.489901,47.390545
"Hemlock_Woolly_Adelgid",-71.565009,42.186238
"Hemlock_Woolly_Adelgid",-123.359497,48.115211
"Hemlock_Woolly_Adelgid",-80.679809,41.081867
"Hemlock_Woolly_Adelgid",-77.689518,38.881806
"Hemlock_Woolly_Adelgid",-72.198692,42.596839
"Hemlock_Woolly_Adelgid",-69.755333,43.87955
"Hemlock_Woolly_Adelgid",-71.084389,42.448003
"Hemlock_Woolly_Adelgid",-72.586122,42.860845
"Hemlock_Woolly_Adelgid",-71.090661,42.444778
"Hemlock_Woolly_Adelgid",-77.490082,39.744278
"Hemlock_Woolly_Adelgid",-81.66478,35.711227
"Hemlock_Woolly_Adelgid",-69.818788,43.996686
"Hemlock_Woolly_Adelgid",-72.470299,42.307628
"Hemlock_Woolly_Adelgid",-71.124397,42.454586
"Hemlock_Woolly_Adelgid",-77.007185,39.014808
"Hemlock_Woolly_Adelgid",-76.518527,39.025013
"Hemlock_Woolly_Adelgid",-80.67995,41.081905
"Hemlock_Woolly_Adelgid",-71.316406,42.798252
"Hemlock_Woolly_Adelgid",-71.082642,42.450753
"Hemlock_Woolly_Adelgid",-123.008584,44.882087
"Hemlock_Woolly_Adelgid",-73.968817,40.775836
"Hemlock_Woolly_Adelgid",-73.884613,41.96283
"Hemlock_Woolly_Adelgid",-75.205842,40.035703
"Hemlock_Woolly_Adelgid",-81.594427,36.218561
"Hemlock_Woolly_Adelgid",-73.316777,42.343504
"Hemlock_Woolly_Adelgid",-76.801735,40.40995
"Hemlock_Woolly_Adelgid",-70.640811,42.650442
"Hemlock_Woolly_Adelgid",-72.225427,42.64716
"Hemlock_Woolly_Adelgid",-76.604375,42.541006
"Hemlock_Woolly_Adelgid",-83.088384,35.633962
"Hemlock_Woolly_Adelgid",-78.945264,40.43903
"Hemlock_Woolly_Adelgid",-70.878325,42.614133
"Hemlock_Woolly_Adelgid",-85.366379,35.010658
"Hemlock_Woolly_Adelgid",-73.236555,42.687156
"Hemlock_Woolly_Adelgid",-71.111157,42.452876
"Hemlock_Woolly_Adelgid",-75.356373,39.900473
"Hemlock_Woolly_Adelgid",-74.438145,40.444552
"Hemlock_Woolly_Adelgid",-71.767489,42.479687
"Hemlock_Woolly_Adelgid",-70.91818,42.856578
"Hemlock_Woolly_Adelgid",-72.368747,41.901575
"Hemlock_Woolly_Adelgid",-73.876022,40.862012
"Hemlock_Woolly_Adelgid",-71.124589,42.454506
"Hemlock_Woolly_Adelgid",-65.432364,43.917016
"Hemlock_Woolly_Adelgid",-83.637597,37.811562
"Hemlock_Woolly_Adelgid",-84.564713,34.819187
"Hemlock_Woolly_Adelgid",-83.65847,37.817483
"Hemlock_Woolly_Adelgid",-83.7585,34.685508
"Hemlock_Woolly_Adelgid",-79.251491,39.458909
"Hemlock_Woolly_Adelgid",-83.758587,37.746579
"Hemlock_Woolly_Adelgid",-73.236982,42.687093
"Hemlock_Woolly_Adelgid",-73.236251,42.687112
"Hemlock_Woolly_Adelgid",-64.514436,44.367856
"Hemlock_Woolly_Adelgid",-79.87207,37.252678
"Hemlock_Woolly_Adelgid",-71.228133,42.388251
"Hemlock_Woolly_Adelgid",-71.874917,41.493434
"Hemlock_Woolly_Adelgid",-75.678503,40.92893
"Hemlock_Woolly_Adelgid",-77.269501,40.04114
"Hemlock_Woolly_Adelgid",-71.887942,42.613318
"Hemlock_Woolly_Adelgid",-77.689594,38.881739
"Hemlock_Woolly_Adelgid",-71.124255,42.454311
"Hemlock_Woolly_Adelgid",-72.552558,42.867624
"Hemlock_Woolly_Adelgid",-81.709464,36.145085
"Hemlock_Woolly_Adelgid",-71.005415,42.320472
"Hemlock_Woolly_Adelgid",-77.469406,39.631973
"Hemlock_Woolly_Adelgid",-80.685919,41.081624
"Hemlock_Woolly_Adelgid",-80.679834,41.081629
"Hemlock_Woolly_Adelgid",-79.334362,41.002566
"Hemlock_Woolly_Adelgid",-81.7295,36.139274
"Hemlock_Woolly_Adelgid",-74.5583,40.74791
"Hemlock_Woolly_Adelgid",-80.678985,41.09261
"Hemlock_Woolly_Adelgid",-71.547408,42.137086
"Hemlock_Woolly_Adelgid",-79.813228,39.637382
"Hemlock_Woolly_Adelgid",-71.61682,42.6042
"Hemlock_Woolly_Adelgid",-84.673438,35.132572
"Hemlock_Woolly_Adelgid",-78.654589,39.699041
"Hemlock_Woolly_Adelgid",-82.85457,37.125576
"Hemlock_Woolly_Adelgid",-71.226678,42.313361
"Hemlock_Woolly_Adelgid",-79.180957,37.401738
"Hemlock_Woolly_Adelgid",-71.040306,43.116459
"Hemlock_Woolly_Adelgid",-85.372712,34.929958
"Hemlock_Woolly_Adelgid",-77.689454,38.881939
"Hemlock_Woolly_Adelgid",-78.650475,38.537496
"Hemlock_Woolly_Adelgid",-84.377511,34.778812
"Hemlock_Woolly_Adelgid",-80.795051,37.301642
"Hemlock_Woolly_Adelgid",-77.915594,40.658653
"Hemlock_Woolly_Adelgid",-78.46622,38.446923
"Hemlock_Woolly_Adelgid",-72.669504,42.169063
"Hemlock_Woolly_Adelgid",-80.484678,37.268511
"Hemlock_Woolly_Adelgid",-83.617325,35.085761
"Hemlock_Woolly_Adelgid",-71.124389,42.454589
"Hemlock_Woolly_Adelgid",-74.340854,41.870823
"Hemlock_Woolly_Adelgid",-65.41343,43.992088
"Hemlock_Woolly_Adelgid",-71.462864,42.481258
"Hemlock_Woolly_Adelgid",-74.29287,40.750212
"Hemlock_Woolly_Adelgid",-74.745483,41.131019
"Hemlock_Woolly_Adelgid",-73.652624,42.737338
"Hemlock_Woolly_Adelgid",-72.624565,43.024261
"Hemlock_Woolly_Adelgid",-77.867762,40.060272
"Hemlock_Woolly_Adelgid",-76.575011,40.958808
"Hemlock_Woolly_Adelgid",-75.05928,40.527267
"Hemlock_Woolly_Adelgid",-75.339332,40.044394
"Hemlock_Woolly_Adelgid",-75.952415,40.276172
"Hemlock_Woolly_Adelgid",-72.7823,41.755683
"Hemlock_Woolly_Adelgid",-80.4614,37.250783
"Hemlock_Woolly_Adelgid",-78.480144,39.133722
"Hemlock_Woolly_Adelgid",-77.350555,42.758238
"Hemlock_Woolly_Adelgid",-80.679574,41.082415
"Hemlock_Woolly_Adelgid",-71.098744,42.297953
"Hemlock_Woolly_Adelgid",-76.973944,40.788096
"Hemlock_Woolly_Adelgid",-74.858098,40.974994
"Hemlock_Woolly_Adelgid",-76.803709,40.175678
"Hemlock_Woolly_Adelgid",-85.35443,35.666672
"Hemlock_Woolly_Adelgid",-79.318199,41.224027
"Hemlock_Woolly_Adelgid",-80.679532,41.082111
"Hemlock_Woolly_Adelgid",-122.522206,47.306467
"Hemlock_Woolly_Adelgid",-80.46145,37.250703
"Hemlock_Woolly_Adelgid",-72.334606,42.270992
"Hemlock_Woolly_Adelgid",-73.187264,41.40477
"Hemlock_Woolly_Adelgid",-77.171684,38.900509
"Hemlock_Woolly_Adelgid",-78.030954,40.767571
"Hemlock_Woolly_Adelgid",-75.42152,40.023726
"Hemlock_Woolly_Adelgid",-82.844048,35.892273
"Hemlock_Woolly_Adelgid",-80.290557,36.380068
"Hemlock_Woolly_Adelgid",-76.761661,39.662818
"Hemlock_Woolly_Adelgid",-71.14145,42.371738
"Hemlock_Woolly_Adelgid",-85.382508,34.919613
"Hemlock_Woolly_Adelgid",-82.620575,35.202592
"Hemlock_Woolly_Adelgid",-76.76368,40.568115
"Hemlock_Woolly_Adelgid",-73.447242,42.136939
"Hemlock_Woolly_Adelgid",-74.755685,41.224799
"Hemlock_Woolly_Adelgid",-74.666139,40.464005
"Hemlock_Woolly_Adelgid",-71.081878,42.450333
"Hemlock_Woolly_Adelgid",-79.680548,40.421942
"Hemlock_Woolly_Adelgid",-74.824544,41.072702
"Hemlock_Woolly_Adelgid",-76.732467,39.417205
"Hemlock_Woolly_Adelgid",-77.467073,39.52745
"Hemlock_Woolly_Adelgid",-82.460897,35.668183
"Hemlock_Woolly_Adelgid",-78.379447,38.574967
"Hemlock_Woolly_Adelgid",-70.221925,43.614272
"Hemlock_Woolly_Adelgid",-84.448958,34.818755
"Hemlock_Woolly_Adelgid",-79.557687,40.562145
"Hemlock_Woolly_Adelgid",-83.748028,35.63491
"Hemlock_Woolly_Adelgid",-78.388318,41.458697
"Hemlock_Woolly_Adelgid",-69.075866,44.178296
"Hemlock_Woolly_Adelgid",-74.892647,41.230682
"Hemlock_Woolly_Adelgid",-74.551869,41.502297
"Hemlock_Woolly_Adelgid",-78.461359,38.463052
"Hemlock_Woolly_Adelgid",-73.538187,41.210083
"Hemlock_Woolly_Adelgid",-80.493414,37.389886
"Hemlock_Woolly_Adelgid",-82.764593,35.981935
"Hemlock_Woolly_Adelgid",-82.761097,35.290874
"Hemlock_Woolly_Adelgid",-70.221649,43.612026
"Hemlock_Woolly_Adelgid",-75.174317,40.996095
"Hemlock_Woolly_Adelgid",-80.680024,41.081972
"Hemlock_Woolly_Adelgid",-79.324482,37.755068
"Hemlock_Woolly_Adelgid",-80.994811,38.174661
"Hemlock_Woolly_Adelgid",-84.259556,36.840087
"Hemlock_Woolly_Adelgid",-81.782139,36.114794
"Hemlock_Woolly_Adelgid",-81.933097,35.944912
"Hemlock_Woolly_Adelgid",-84.326696,34.874647
"Hemlock_Woolly_Adelgid",-79.829149,37.998046
"Hemlock_Woolly_Adelgid",-70.943864,43.137536
"Hemlock_Woolly_Adelgid",-78.524604,41.112858
"Hemlock_Woolly_Adelgid",-83.366345,35.585019
"Hemlock_Woolly_Adelgid",-75.75035,39.66638
"Hemlock_Woolly_Adelgid",-71.124344,42.454583
"Hemlock_Woolly_Adelgid",-74.582909,40.378441
"Hemlock_Woolly_Adelgid",-77.924686,42.719053
"Hemlock_Woolly_Adelgid",-69.894325,43.849831
"Hemlock_Woolly_Adelgid",-81.359928,36.703275
"Hemlock_Woolly_Adelgid",-83.95493,35.507269
"Hemlock_Woolly_Adelgid",-80.523513,37.374305
"Hemlock_Woolly_Adelgid",-80.680113,41.081678
"Hemlock_Woolly_Adelgid",-80.679686,41.081999
"Hemlock_Woolly_Adelgid",-71.83915,42.835257
"Hemlock_Woolly_Adelgid",-71.342083,42.560025
"Hemlock_Woolly_Adelgid",-83.617195,35.085606
"Hemlock_Woolly_Adelgid",-84.584543,34.663319
"Hemlock_Woolly_Adelgid",-70.940413,43.135906
"Hemlock_Woolly_Adelgid",-81.78066,36.116351
"Hemlock_Woolly_Adelgid",-71.124367,42.454544
"Hemlock_Woolly_Adelgid",-71.124361,42.454561
"Hemlock_Woolly_Adelgid",-74.910003,40.998563
"Hemlock_Woolly_Adelgid",-65.579669,44.643267
"Hemlock_Woolly_Adelgid",-78.315784,38.551734
"Hemlock_Woolly_Adelgid",-85.36312,35.125452
"Hemlock_Woolly_Adelgid",-80.679682,41.082071
"Hemlock_Woolly_Adelgid",-85.590389,34.577749
"Hemlock_Woolly_Adelgid",-83.718537,35.09733
"Hemlock_Woolly_Adelgid",-75.443945,40.125141
"Hemlock_Woolly_Adelgid",-73.191415,41.950943
"Hemlock_Woolly_Adelgid",-84.766484,36.474078
"Hemlock_Woolly_Adelgid",-80.997483,38.084911
"Hemlock_Woolly_Adelgid",-78.725098,37.666646
"Hemlock_Woolly_Adelgid",-81.368405,38.478754
"Hemlock_Woolly_Adelgid",-69.488457,43.999664
"Hemlock_Woolly_Adelgid",-79.174004,39.670602
"Hemlock_Woolly_Adelgid",-82.7381,35.146869
"Hemlock_Woolly_Adelgid",-71.19649,42.188448
"Hemlock_Woolly_Adelgid",-70.941434,43.135435
"Hemlock_Woolly_Adelgid",-72.42516,41.351797
"Hemlock_Woolly_Adelgid",-76.489338,42.279244
"Hemlock_Woolly_Adelgid",-122.489901,47.390545
"Hemlock_Woolly_Adelgid",-77.12558,38.961747
"Hemlock_Woolly_Adelgid",-75.225355,40.121088
"Hemlock_Woolly_Adelgid",-80.279664,36.181711
"Hemlock_Woolly_Adelgid",-72.57892,42.289433
"Hemlock_Woolly_Adelgid",-76.580628,39.651612
"Hemlock_Woolly_Adelgid",-75.215915,40.052474
"Hemlock_Woolly_Adelgid",-73.298561,42.492654
"Hemlock_Woolly_Adelgid",-79.866546,39.62728
"Hemlock_Woolly_Adelgid",-77.754895,40.762791
"Hemlock_Woolly_Adelgid",-73.5363,41.210603
"Hemlock_Woolly_Adelgid",-74.482457,40.833142
"Hemlock_Woolly_Adelgid",-76.588317,39.356348
"Hemlock_Woolly_Adelgid",-79.867692,39.628842
"Hemlock_Woolly_Adelgid",-75.181337,41.707041
"Hemlock_Woolly_Adelgid",-74.229728,41.93445
"Hemlock_Woolly_Adelgid",-72.825517,42.548935
"Hemlock_Woolly_Adelgid",-80.680293,41.081601
"Hemlock_Woolly_Adelgid",-72.020959,41.394421
"Hemlock_Woolly_Adelgid",-72.566422,42.294895
"Hemlock_Woolly_Adelgid",-76.261481,39.625653
"Hemlock_Woolly_Adelgid",-73.173159,42.285616
"Hemlock_Woolly_Adelgid",-74.223323,41.736068
"Hemlock_Woolly_Adelgid",-81.720245,36.223847
"Hemlock_Woolly_Adelgid",-83.631007,36.601834
"Hemlock_Woolly_Adelgid",-75.010225,41.116883
"Hemlock_Woolly_Adelgid",-72.61644,42.268831
"Hemlock_Woolly_Adelgid",-76.691367,39.495831
"Hemlock_Woolly_Adelgid",-80.0129,40.429936
"Hemlock_Woolly_Adelgid",-76.490219,40.558606
"Hemlock_Woolly_Adelgid",-71.891065,42.352303
"Hemlock_Woolly_Adelgid",-79.579824,37.477488
"Hemlock_Woolly_Adelgid",-76.146927,42.063203
"Hemlock_Woolly_Adelgid",-79.521976,37.510159
"Hemlock_Woolly_Adelgid",-65.20551,44.401447
"Hemlock_Woolly_Adelgid",-73.253832,42.317005
"Hemlock_Woolly_Adelgid",-73.234106,42.686388
"Hemlock_Woolly_Adelgid",-77.062041,38.916379
"Hemlock_Woolly_Adelgid",-79.971083,39.649308
"Hemlock_Woolly_Adelgid",-73.250445,42.304688
"Hemlock_Woolly_Adelgid",-73.87703,42.547867
"Hemlock_Woolly_Adelgid",-77.462417,39.544528
"Hemlock_Woolly_Adelgid",-70.084153,43.820242
"Hemlock_Woolly_Adelgid",-79.820629,40.521574
"Hemlock_Woolly_Adelgid",-84.214638,36.941492
"Hemlock_Woolly_Adelgid",-77.076131,38.947931
"Hemlock_Woolly_Adelgid",-73.237238,42.687427
"Hemlock_Woolly_Adelgid",-73.237238,42.687427
"Hemlock_Woolly_Adelgid",-71.214178,42.422558
"Hemlock_Woolly_Adelgid",-73.254566,42.320966
"Hemlock_Woolly_Adelgid",-72.383388,42.676475
"Hemlock_Woolly_Adelgid",-64.624525,44.465222
"Hemlock_Woolly_Adelgid",-73.30989,42.34457
"Hemlock_Woolly_Adelgid",-79.32943,42.445358
"Hemlock_Woolly_Adelgid",-73.256399,42.319816
"Hemlock_Woolly_Adelgid",-80.677143,41.085712
"Hemlock_Woolly_Adelgid",-76.94144,38.901214
"Hemlock_Woolly_Adelgid",-77.435806,39.918446
"Hemlock_Woolly_Adelgid",-83.661505,37.755992
"Hemlock_Woolly_Adelgid",-65.122105,44.393405
"Hemlock_Woolly_Adelgid",-70.778536,42.615851
"Hemlock_Woolly_Adelgid",-79.827095,39.642353
"Hemlock_Woolly_Adelgid",-77.488045,43.24493
"Hemlock_Woolly_Adelgid",-65.118185,44.395001
"Hemlock_Woolly_Adelgid",-79.820779,40.51751
"Hemlock_Woolly_Adelgid",-81.88665,35.908195
"Hemlock_Woolly_Adelgid",-72.421053,42.625745
"Hemlock_Woolly_Adelgid",-71.100839,42.448453
"Hemlock_Woolly_Adelgid",-81.689443,36.209312
"Hemlock_Woolly_Adelgid",-82.682198,35.138588
"Hemlock_Woolly_Adelgid",-76.11675,38.864716
"Hemlock_Woolly_Adelgid",-82.098907,39.32989
"Hemlock_Woolly_Adelgid",-78.7453,38.1657
"Hemlock_Woolly_Adelgid",-80.367998,37.346507
"Hemlock_Woolly_Adelgid",-77.513112,43.143146
"Hemlock_Woolly_Adelgid",-75.399668,40.204705
"Hemlock_Woolly_Adelgid",-80.169358,42.062418
"Hemlock_Woolly_Adelgid",-65.206584,44.383758
"Hemlock_Woolly_Adelgid",-83.42923,35.474328
"Hemlock_Woolly_Adelgid",-65.234742,44.331195
"Hemlock_Woolly_Adelgid",-77.964703,42.67724
"Hemlock_Woolly_Adelgid",-77.960368,42.655633
"Hemlock_Woolly_Adelgid",-77.970392,42.667167
"Hemlock_Woolly_Adelgid",-71.081725,42.44255
"Hemlock_Woolly_Adelgid",-75.338433,40.241741
"Hemlock_Woolly_Adelgid",-79.337608,42.455242
"Hemlock_Woolly_Adelgid",-77.856431,42.530992
"Hemlock_Woolly_Adelgid",-76.964301,38.909016
"Hemlock_Woolly_Adelgid",-77.901017,42.733412
"Hemlock_Woolly_Adelgid",-77.976263,42.628933
"Hemlock_Woolly_Adelgid",-74.095579,41.257089
"Hemlock_Woolly_Adelgid",-77.998742,42.619213
"Hemlock_Woolly_Adelgid",-77.98688,42.613013
"Hemlock_Woolly_Adelgid",-77.9806,42.62307
"Hemlock_Woolly_Adelgid",-78.261245,43.369147
"Hemlock_Woolly_Adelgid",-77.087929,42.200195
"Hemlock_Woolly_Adelgid",-77.96742,42.671767
"Hemlock_Woolly_Adelgid",-76.384254,42.319124
"Hemlock_Woolly_Adelgid",-77.30407,42.050206
"Hemlock_Woolly_Adelgid",-79.038436,35.894708
"Hemlock_Woolly_Adelgid",-78.048792,42.580978
"Hemlock_Woolly_Adelgid",-77.961977,42.652393
"Hemlock_Woolly_Adelgid",-77.94504,42.691297
"Hemlock_Woolly_Adelgid",-77.971715,42.668927
"Hemlock_Woolly_Adelgid",-77.797969,42.73521
"Hemlock_Woolly_Adelgid",-77.75475,41.764021
"Hemlock_Woolly_Adelgid",-77.9974,42.623408
"Hemlock_Woolly_Adelgid",-77.605483,43.132583
"Hemlock_Woolly_Adelgid",-77.982617,42.621508
"Hemlock_Woolly_Adelgid",-77.964182,42.650172
"Hemlock_Woolly_Adelgid",-77.93669,42.689568
"Hemlock_Woolly_Adelgid",-77.274238,42.39297
"Hemlock_Woolly_Adelgid",-76.691008,42.808083
"Hemlock_Woolly_Adelgid",-78.215358,38.758144
"Hemlock_Woolly_Adelgid",-82.540047,35.514678
"Hemlock_Woolly_Adelgid",-78.904027,42.608931
"Hemlock_Woolly_Adelgid",-76.481827,42.447958
"Hemlock_Woolly_Adelgid",-77.969025,42.641382
"Hemlock_Woolly_Adelgid",-78.040536,42.594658
"Hemlock_Woolly_Adelgid",-82.616757,35.201154
"Hemlock_Woolly_Adelgid",-77.98469,42.644777
"Hemlock_Woolly_Adelgid",-77.963313,42.644897
"Hemlock_Woolly_Adelgid",-78.022217,42.581488
"Hemlock_Woolly_Adelgid",-73.448837,42.14165
"Hemlock_Woolly_Adelgid",-77.970202,42.667452
"Hemlock_Woolly_Adelgid",-76.53263,42.432835
"Hemlock_Woolly_Adelgid",-72.320115,42.47041
"Hemlock_Woolly_Adelgid",-76.387157,42.321592
"Hemlock_Woolly_Adelgid",-78.019774,42.594755
"Hemlock_Woolly_Adelgid",-77.962972,42.686012
"Hemlock_Woolly_Adelgid",-77.98719,42.64034
"Hemlock_Woolly_Adelgid",-73.714058,42.8663
"Hemlock_Woolly_Adelgid",-81.420344,36.536922
"Hemlock_Woolly_Adelgid",-77.936355,42.685182
"Hemlock_Woolly_Adelgid",-76.49639,42.423744
"Hemlock_Woolly_Adelgid",-78.028644,42.606622
"Hemlock_Woolly_Adelgid",-77.957812,42.658558
"Hemlock_Woolly_Adelgid",-77.582253,42.69667
"Hemlock_Woolly_Adelgid",-79.326425,43.062459
"Hemlock_Woolly_Adelgid",-77.942568,42.680878
"Hemlock_Woolly_Adelgid",-74.155195,41.766768
"Hemlock_Woolly_Adelgid",-77.9792,42.62476
"Hemlock_Woolly_Adelgid",-76.610053,42.537617
"Hemlock_Woolly_Adelgid",-77.974447,42.63088
"Hemlock_Woolly_Adelgid",-75.885628,42.150958
"Hemlock_Woolly_Adelgid",-77.679575,40.126433
"Hemlock_Woolly_Adelgid",-80.464375,37.275775
"Hemlock_Woolly_Adelgid",-83.311951,35.519252
"Hemlock_Woolly_Adelgid",-77.560622,43.235014
"Hemlock_Woolly_Adelgid",-79.943857,40.536999
"Hemlock_Woolly_Adelgid",-83.442806,35.184436
"Hemlock_Woolly_Adelgid",-77.416667,43.171596
"Hemlock_Woolly_Adelgid",-72.3058,42.532263
"Hemlock_Woolly_Adelgid",-79.041183,39.473755
"Hemlock_Woolly_Adelgid",-72.192136,41.359383
"Hemlock_Woolly_Adelgid",-77.363229,42.631666
"Hemlock_Woolly_Adelgid",-78.507167,37.994649
"Hemlock_Woolly_Adelgid",-72.284482,41.341502
"Hemlock_Woolly_Adelgid",-78.508564,37.995721
"Hemlock_Woolly_Adelgid",-78.506704,37.995243
"Hemlock_Woolly_Adelgid",-78.506076,37.995058
"Hemlock_Woolly_Adelgid",-76.768638,39.676853
"Hemlock_Woolly_Adelgid",-77.481598,43.127309
"Hemlock_Woolly_Adelgid",-71.0758,42.445464
"Hemlock_Woolly_Adelgid",-80.284184,36.399297
"Hemlock_Woolly_Adelgid",-72.218147,42.622139
"Hemlock_Woolly_Adelgid",-71.081397,42.449763
"Hemlock_Woolly_Adelgid",-77.945,42.673367
"Hemlock_Woolly_Adelgid",-77.488115,43.245032
"Hemlock_Woolly_Adelgid",-65.857505,44.423622
"Hemlock_Woolly_Adelgid",-82.545634,39.396407
"Hemlock_Woolly_Adelgid",-77.533867,39.852901
"Hemlock_Woolly_Adelgid",-74.083019,41.98527
"Hemlock_Woolly_Adelgid",-81.899925,35.73082
"Hemlock_Woolly_Adelgid",-77.488996,43.12767
"Hemlock_Woolly_Adelgid",-77.489468,43.127707
"Hemlock_Woolly_Adelgid",-77.489626,43.127589
"Hemlock_Woolly_Adelgid",-85.639842,34.478591
"Hemlock_Woolly_Adelgid",-64.586096,44.436997
"Hemlock_Woolly_Adelgid",-80.403584,40.502564
"Hemlock_Woolly_Adelgid",-76.514375,42.31449
"Hemlock_Woolly_Adelgid",-83.302431,34.932173
"Hemlock_Woolly_Adelgid",-71.084786,42.442963
"Hemlock_Woolly_Adelgid",-64.470228,44.329205
"Hemlock_Woolly_Adelgid",-79.05939,39.70153
"Hemlock_Woolly_Adelgid",-123.65963,48.415005
"Hemlock_Woolly_Adelgid",-77.488737,43.127746
"Hemlock_Woolly_Adelgid",-79.499267,39.872433
"Hemlock_Woolly_Adelgid",-76.479203,39.115218
"Hemlock_Woolly_Adelgid",-79.094891,42.85451
"Hemlock_Woolly_Adelgid",-71.089333,42.445355
"Hemlock_Woolly_Adelgid",-77.125956,42.222193
"Hemlock_Woolly_Adelgid",-71.124405,42.454537
"Hemlock_Woolly_Adelgid",-77.802817,37.572758
"Hemlock_Woolly_Adelgid",-75.638795,41.400149
"Hemlock_Woolly_Adelgid",-81.154348,37.793203
"Hemlock_Woolly_Adelgid",-74.106572,41.248442
"Hemlock_Woolly_Adelgid",-77.965289,42.645128
"Hemlock_Woolly_Adelgid",-75.38712,40.19797
"Hemlock_Woolly_Adelgid",-77.074494,42.111915
"Hemlock_Woolly_Adelgid",-71.801818,41.532687
"Hemlock_Woolly_Adelgid",-77.509336,38.82812
"Hemlock_Woolly_Adelgid",-83.106561,34.998792
"Hemlock_Woolly_Adelgid",-77.170902,42.159824
"Hemlock_Woolly_Adelgid",-77.334058,38.963333
"Hemlock_Woolly_Adelgid",-77.965942,42.645103
"Hemlock_Woolly_Adelgid",-79.33895,42.455233
"Hemlock_Woolly_Adelgid",-80.144952,42.112311
"Hemlock_Woolly_Adelgid",-71.08078,42.444967
"Hemlock_Woolly_Adelgid",-75.933504,38.953254
"Hemlock_Woolly_Adelgid",-72.52253,42.396692
"Hemlock_Woolly_Adelgid",-72.244025,44.243625
"Hemlock_Woolly_Adelgid",-72.165143,42.479317
"Hemlock_Woolly_Adelgid",-80.469003,37.255613
"Hemlock_Woolly_Adelgid",-77.609612,43.127936
"Hemlock_Woolly_Adelgid",-72.52198,42.397062
"Hemlock_Woolly_Adelgid",-83.611071,37.803429
"Hemlock_Woolly_Adelgid",-83.036561,35.166042
"Hemlock_Woolly_Adelgid",-64.389298,44.374094
"Hemlock_Woolly_Adelgid",-79.031814,35.896797
"Hemlock_Woolly_Adelgid",-79.041419,35.900203
"Hemlock_Woolly_Adelgid",-71.116586,42.447238
"Hemlock_Woolly_Adelgid",-71.075614,42.443242
"Hemlock_Woolly_Adelgid",-64.537903,44.24397
"Hemlock_Woolly_Adelgid",-72.29818,41.89422
"Hemlock_Woolly_Adelgid",-79.03183,35.896775
"Hemlock_Woolly_Adelgid",-77.033798,39.058403
"Hemlock_Woolly_Adelgid",-76.408408,42.4437
"Hemlock_Woolly_Adelgid",-85.236328,35.244328
"Hemlock_Woolly_Adelgid",-65.208625,44.438387
"Hemlock_Woolly_Adelgid",-65.054833,44.944681
"Hemlock_Woolly_Adelgid",-76.957847,38.915108
"Hemlock_Woolly_Adelgid",-79.917603,40.472287
"Hemlock_Woolly_Adelgid",-70.945938,42.973412
"Hemlock_Woolly_Adelgid",-82.74965,35.287113
"Hemlock_Woolly_Adelgid",-71.082161,42.450408
"Hemlock_Woolly_Adelgid",-80.18283,40.568383
"Hemlock_Woolly_Adelgid",-78.046353,42.580808
"Hemlock_Woolly_Adelgid",-81.929863,35.801987
"Hemlock_Woolly_Adelgid",-78.017847,42.587397
"Hemlock_Woolly_Adelgid",-71.081689,42.442592
"Hemlock_Woolly_Adelgid",-78.43027,40.016402
"Hemlock_Woolly_Adelgid",-76.517941,42.340609
"Hemlock_Woolly_Adelgid",-77.05412,43.140005
"Hemlock_Woolly_Adelgid",-78.363228,38.563292
"Hemlock_Woolly_Adelgid",-65.1232,44.368657
"Hemlock_Woolly_Adelgid",-77.491452,43.245429
"Hemlock_Woolly_Adelgid",-81.58007,36.278655
"Hemlock_Woolly_Adelgid",-75.655721,41.167298
"Hemlock_Woolly_Adelgid",-77.488573,43.245012
"Hemlock_Woolly_Adelgid",-78.065461,39.063678
"Hemlock_Woolly_Adelgid",-81.745812,35.63442
"Hemlock_Woolly_Adelgid",-77.36245,42.631053
"Hemlock_Woolly_Adelgid",-71.101608,42.300713
"Hemlock_Woolly_Adelgid",-85.357345,35.674308
"Hemlock_Woolly_Adelgid",-78.657745,39.704195
"Hemlock_Woolly_Adelgid",-72.351132,42.062057
"Hemlock_Woolly_Adelgid",-71.124374,42.454801
"Hemlock_Woolly_Adelgid",-71.09066,42.44638
"Hemlock_Woolly_Adelgid",-79.239621,40.191245
"Hemlock_Woolly_Adelgid",-86.201012,42.704383
"Hemlock_Woolly_Adelgid",-71.081672,42.442562
"Hemlock_Woolly_Adelgid",-77.167061,38.897121
"Hemlock_Woolly_Adelgid",-81.563618,41.168476
"Hemlock_Woolly_Adelgid",-71.391413,43.593667
"Hemlock_Woolly_Adelgid",-70.982043,42.964877
"Hemlock_Woolly_Adelgid",-83.922333,34.766137
"Hemlock_Woolly_Adelgid",-71.391752,43.593924
"Hemlock_Woolly_Adelgid",-71.101578,42.447803
"Hemlock_Woolly_Adelgid",-71.3919,43.594467
"Hemlock_Woolly_Adelgid",-82.625564,35.481622
"Hemlock_Woolly_Adelgid",-64.543595,44.239628
"Hemlock_Woolly_Adelgid",-71.079907,42.449269
"Hemlock_Woolly_Adelgid",-71.390215,43.593208
"Hemlock_Woolly_Adelgid",-70.980375,42.963292
"Hemlock_Woolly_Adelgid",-71.391846,43.594385
"Hemlock_Woolly_Adelgid",-83.750061,34.74422
"Hemlock_Woolly_Adelgid",-80.176211,40.942455
"Hemlock_Woolly_Adelgid",-85.384692,35.671928
"Hemlock_Woolly_Adelgid",-77.623375,43.207029
"Hemlock_Woolly_Adelgid",-76.489678,41.064736
"Hemlock_Woolly_Adelgid",-77.975413,42.657943
"Hemlock_Woolly_Adelgid",-80.145292,42.109991
"Hemlock_Woolly_Adelgid",-82.302006,35.647981
"Hemlock_Woolly_Adelgid",-80.186743,40.935262
"Hemlock_Woolly_Adelgid",-78.245833,43.367778
"Hemlock_Woolly_Adelgid",-85.651831,34.914146
"Hemlock_Woolly_Adelgid",-78.245549,43.367784
"Hemlock_Woolly_Adelgid",-78.049091,42.578989
"Hemlock_Woolly_Adelgid",-86.449376,43.445313
"Hemlock_Woolly_Adelgid",-86.34596,43.338163
"Hemlock_Woolly_Adelgid",-80.682962,41.066923
"Hemlock_Woolly_Adelgid",-80.488239,37.270472
"Hemlock_Woolly_Adelgid",-65.43264,43.917542
"Hemlock_Woolly_Adelgid",-77.569493,39.118077
"Hemlock_Woolly_Adelgid",-79.986065,42.11487
"Hemlock_Woolly_Adelgid",-80.181425,42.056985
"Hemlock_Woolly_Adelgid",-79.928903,37.471197
"Hemlock_Woolly_Adelgid",-77.571495,42.723038
"Hemlock_Woolly_Adelgid",-86.340031,43.252882
"Hemlock_Woolly_Adelgid",-82.930353,35.525313
"Hemlock_Woolly_Adelgid",-72.792463,40.856297
"Hemlock_Woolly_Adelgid",-64.803951,44.369582
"Hemlock_Woolly_Adelgid",-76.750027,39.240748
"Hemlock_Woolly_Adelgid",-71.868317,41.775952
"Hemlock_Woolly_Adelgid",-82.999893,35.019841
"Hemlock_Woolly_Adelgid",-79.867771,39.628857
"Hemlock_Woolly_Adelgid",-76.882571,42.372414
"Hemlock_Woolly_Adelgid",-78.379444,38.580119
"Hemlock_Woolly_Adelgid",-78.484607,38.099529
"Hemlock_Woolly_Adelgid",-76.636927,42.411222
"Hemlock_Woolly_Adelgid",-76.98416,39.395014
"Hemlock_Woolly_Adelgid",-77.41925,42.62363
"Hemlock_Woolly_Adelgid",-77.419442,42.62167
"Hemlock_Woolly_Adelgid",-73.879053,40.860178
"Hemlock_Woolly_Adelgid",-76.94233,42.674313
"Hemlock_Woolly_Adelgid",-77.477292,43.097367
"Hemlock_Woolly_Adelgid",-77.347388,42.688767
"Hemlock_Woolly_Adelgid",-76.415952,42.699327
"Hemlock_Woolly_Adelgid",-76.693929,42.739644
"Hemlock_Woolly_Adelgid",-77.399995,42.568375
"Hemlock_Woolly_Adelgid",-77.487158,43.247047
"Hemlock_Woolly_Adelgid",-65.235443,44.402336
"Hemlock_Woolly_Adelgid",-78.015869,42.586108
"Hemlock_Woolly_Adelgid",-77.418663,42.624958
"Hemlock_Woolly_Adelgid",-78.010589,42.58493
"Hemlock_Woolly_Adelgid",-77.347563,42.688453
"Hemlock_Woolly_Adelgid",-64.020247,44.965187
"Hemlock_Woolly_Adelgid",-80.741317,36.977683
"Hemlock_Woolly_Adelgid",-71.333246,42.826381
"Hemlock_Woolly_Adelgid",-77.737989,41.741731
"Hemlock_Woolly_Adelgid",-75.681323,42.017647
"Hemlock_Woolly_Adelgid",-74.099822,42.195812
"Hemlock_Woolly_Adelgid",-65.336215,44.448267
"Hemlock_Woolly_Adelgid",-76.34185,42.813908
"Hemlock_Woolly_Adelgid",-78.987853,39.678712
"Hemlock_Woolly_Adelgid",-83.581235,35.788989
"Hemlock_Woolly_Adelgid",-79.335258,42.4467
"Hemlock_Woolly_Adelgid",-76.868675,42.37093
"Hemlock_Woolly_Adelgid",-83.658705,37.817847
"Hemlock_Woolly_Adelgid",-83.194106,35.440878
"Hemlock_Woolly_Adelgid",-70.181572,43.902578
"Hemlock_Woolly_Adelgid",-79.140647,39.54482
"Hemlock_Woolly_Adelgid",-70.943817,43.137689
"Hemlock_Woolly_Adelgid",-70.926963,43.144764
"Hemlock_Woolly_Adelgid",-64.86922,44.339539
"Hemlock_Woolly_Adelgid",-65.015359,44.246935
"Hemlock_Woolly_Adelgid",-82.548164,35.539675
"Hemlock_Woolly_Adelgid",-79.365578,39.484395
"Hemlock_Woolly_Adelgid",-83.395892,34.739896
"Hemlock_Woolly_Adelgid",-65.214508,44.438617
"Hemlock_Woolly_Adelgid",-76.388642,39.884003
"Hemlock_Woolly_Adelgid",-83.430186,35.473549
"Hemlock_Woolly_Adelgid",-73.705834,42.217866
"Hemlock_Woolly_Adelgid",-64.954734,44.334533
"Hemlock_Woolly_Adelgid",-74.264883,40.794648
"Hemlock_Woolly_Adelgid",-65.626051,44.575443
"Hemlock_Woolly_Adelgid",-76.767352,39.677517
"Hemlock_Woolly_Adelgid",-84.641304,34.995068
"Hemlock_Woolly_Adelgid",-72.613468,42.360742
"Hemlock_Woolly_Adelgid",-72.160453,41.934195
"Hemlock_Woolly_Adelgid",-71.815072,42.60332
"Hemlock_Woolly_Adelgid",-74.076228,41.909103
"Hemlock_Woolly_Adelgid",-83.39187,35.751847
"Hemlock_Woolly_Adelgid",-84.43795,34.191589
"Hemlock_Woolly_Adelgid",-65.1341,44.366785
"Hemlock_Woolly_Adelgid",-79.138238,39.646967
"Hemlock_Woolly_Adelgid",-76.646553,39.326153
"Hemlock_Woolly_Adelgid",-79.539653,37.56458
"Hemlock_Woolly_Adelgid",-73.566055,43.585997
"Hemlock_Woolly_Adelgid",-71.891572,42.691538
"Hemlock_Woolly_Adelgid",-78.805072,39.735752
"Hemlock_Woolly_Adelgid",-75.212312,40.025667
"Hemlock_Woolly_Adelgid",-74.887049,41.189513
"Hemlock_Woolly_Adelgid",-78.293162,38.934496
"Hemlock_Woolly_Adelgid",-65.251099,44.403106
"Hemlock_Woolly_Adelgid",-77.754951,40.732999
"Hemlock_Woolly_Adelgid",-77.887989,41.627563
"Hemlock_Woolly_Adelgid",-78.895606,42.440203
"Hemlock_Woolly_Adelgid",-79.058084,39.580298
"Hemlock_Woolly_Adelgid",-76.331413,40.032471
"Hemlock_Woolly_Adelgid",-76.729994,39.2594
"Hemlock_Woolly_Adelgid",-85.599325,36.044874
"Hemlock_Woolly_Adelgid",-82.098853,39.329811
"Hemlock_Woolly_Adelgid",-80.287613,36.396572
"Hemlock_Woolly_Adelgid",-82.097232,39.329614
"Hemlock_Woolly_Adelgid",-75.288847,40.774987
"Hemlock_Woolly_Adelgid",-77.178545,39.076072
"Hemlock_Woolly_Adelgid",-82.098869,39.329775
"Hemlock_Woolly_Adelgid",-82.364884,35.747379
"Hemlock_Woolly_Adelgid",-81.840966,36.088707
"Hemlock_Woolly_Adelgid",-83.11332,35.770352
"Hemlock_Woolly_Adelgid",-65.490753,44.037678
"Hemlock_Woolly_Adelgid",-81.843886,36.085253
"Hemlock_Woolly_Adelgid",-76.969269,39.222496
"Hemlock_Woolly_Adelgid",-76.473617,42.451912
"Hemlock_Woolly_Adelgid",-81.843633,36.085991
"Hemlock_Woolly_Adelgid",-77.558554,43.232465
"Hemlock_Woolly_Adelgid",-81.837049,36.091577
"Hemlock_Woolly_Adelgid",-73.875774,40.861188
"Hemlock_Woolly_Adelgid",-76.115334,38.865779
"Hemlock_Woolly_Adelgid",-78.907637,37.813219
"Hemlock_Woolly_Adelgid",-81.679517,35.537756
"Hemlock_Woolly_Adelgid",-73.43812,41.531431
"Hemlock_Woolly_Adelgid",-75.561773,40.877498
"Hemlock_Woolly_Adelgid",-74.680864,40.694577
"Hemlock_Woolly_Adelgid",-77.85931,40.837993
"Hemlock_Woolly_Adelgid",-65.844055,44.411328
"Hemlock_Woolly_Adelgid",-65.844095,44.411287
"Hemlock_Woolly_Adelgid",-65.426788,43.917422
"Hemlock_Woolly_Adelgid",-65.432502,43.916988
"Hemlock_Woolly_Adelgid",-84.331637,34.637045
"Hemlock_Woolly_Adelgid",-65.242112,44.40127
"Hemlock_Woolly_Adelgid",-65.029455,44.916779
"Hemlock_Woolly_Adelgid",-79.18218,39.727972
"Hemlock_Woolly_Adelgid",-72.473072,42.379854
"Hemlock_Woolly_Adelgid",-64.514517,44.367761
"Hemlock_Woolly_Adelgid",-73.420907,40.80426
"Hemlock_Woolly_Adelgid",-76.462894,40.90586
"Hemlock_Woolly_Adelgid",-76.461608,40.904293
"Hemlock_Woolly_Adelgid",-64.520508,45.068908
"Hemlock_Woolly_Adelgid",-78.847047,41.685792
"Hemlock_Woolly_Adelgid",-122.003996,47.438746
"Hemlock_Woolly_Adelgid",-72.207761,42.763631
"Hemlock_Woolly_Adelgid",-76.789023,42.414072
"Hemlock_Woolly_Adelgid",-72.208519,42.763713
"Hemlock_Woolly_Adelgid",-71.333688,42.824488
"Hemlock_Woolly_Adelgid",-72.78787,42.73109
"Hemlock_Woolly_Adelgid",-77.827419,41.664359
"Hemlock_Woolly_Adelgid",-76.862386,40.422367
"Hemlock_Woolly_Adelgid",-65.184757,44.32119
"Hemlock_Woolly_Adelgid",-65.199098,44.383212
"Hemlock_Woolly_Adelgid",-85.340138,35.715707
"Hemlock_Woolly_Adelgid",-65.184328,44.320908
"Hemlock_Woolly_Adelgid",-122.255685,48.510788
"Hemlock_Woolly_Adelgid",-83.645888,35.678192
"Hemlock_Woolly_Adelgid",-124.407901,48.555759
"Hemlock_Woolly_Adelgid",-71.178375,42.441269
"Hemlock_Woolly_Adelgid",-72.493813,42.437358
"Hemlock_Woolly_Adelgid",-64.624903,44.466303
"Hemlock_Woolly_Adelgid",-72.765998,42.479848
"Hemlock_Woolly_Adelgid",-83.277218,35.358246
"Hemlock_Woolly_Adelgid",-76.492279,42.458243
"Hemlock_Woolly_Adelgid",-72.23792,42.91478
"Hemlock_Woolly_Adelgid",-77.287407,40.850086
"Hemlock_Woolly_Adelgid",-78.049361,42.578894
"Hemlock_Woolly_Adelgid",-72.537588,42.488144
"Hemlock_Woolly_Adelgid",-72.160768,42.469837
"Hemlock_Woolly_Adelgid",-65.219853,44.48325
"Hemlock_Woolly_Adelgid",-76.458695,38.376025
"Hemlock_Woolly_Adelgid",-83.929215,34.985511
"Hemlock_Woolly_Adelgid",-83.732028,35.635401
"Hemlock_Woolly_Adelgid",-77.130732,39.115929
"Hemlock_Woolly_Adelgid",-64.833412,44.17075
"Hemlock_Woolly_Adelgid",-74.823002,40.002488
"Hemlock_Woolly_Adelgid",-79.985239,43.35005
"Hemlock_Woolly_Adelgid",-77.460262,37.553758
"Hemlock_Woolly_Adelgid",-72.925042,42.099392
"Hemlock_Woolly_Adelgid",-83.486311,34.847286
"Hemlock_Woolly_Adelgid",-79.830455,40.427943
"Hemlock_Woolly_Adelgid",-83.190844,35.422797
"Hemlock_Woolly_Adelgid",-80.084485,41.069057
"Hemlock_Woolly_Adelgid",-83.027315,35.166537
"Hemlock_Woolly_Adelgid",-79.830469,40.427956
"Hemlock_Woolly_Adelgid",-72.799077,42.455985
"Hemlock_Woolly_Adelgid",-83.557003,35.680053
"Hemlock_Woolly_Adelgid",-72.324103,42.924273
"Hemlock_Woolly_Adelgid",-76.453315,42.455605
"Hemlock_Woolly_Adelgid",-79.347228,37.574438
"Hemlock_Woolly_Adelgid",-83.125647,35.250911
"Hemlock_Woolly_Adelgid",-77.206833,38.97623
"Hemlock_Woolly_Adelgid",-72.323717,42.523693
"Hemlock_Woolly_Adelgid",-76.123558,40.5401
"Hemlock_Woolly_Adelgid",-75.223267,40.121028
"Hemlock_Woolly_Adelgid",-76.969349,39.222649
"Hemlock_Woolly_Adelgid",-77.202768,38.961023
"Hemlock_Woolly_Adelgid",-72.580098,42.489787
"Hemlock_Woolly_Adelgid",-77.429025,38.855703
"Hemlock_Woolly_Adelgid",-72.52776,42.306572
"Hemlock_Woolly_Adelgid",-77.108142,38.914525
"Hemlock_Woolly_Adelgid",-70.215315,43.604328
"Hemlock_Woolly_Adelgid",-122.522279,47.306501
"Hemlock_Woolly_Adelgid",-64.929265,44.338194
"Hemlock_Woolly_Adelgid",-70.683605,43.2264
"Hemlock_Woolly_Adelgid",-71.21422,42.422628
"Hemlock_Woolly_Adelgid",-71.726075,42.361008
"Hemlock_Woolly_Adelgid",-70.941827,43.135739
"Hemlock_Woolly_Adelgid",-65.27804,44.53044
"Hemlock_Woolly_Adelgid",-74.087678,41.733066
"Hemlock_Woolly_Adelgid",-82.576883,39.43593
"Hemlock_Woolly_Adelgid",-80.256049,36.396108
"Hemlock_Woolly_Adelgid",-83.360497,34.595812
"Hemlock_Woolly_Adelgid",-76.474633,42.451592
"Hemlock_Woolly_Adelgid",-72.823947,42.552362
"Hemlock_Woolly_Adelgid",-71.209858,42.973009
"Hemlock_Woolly_Adelgid",-71.209242,42.974041
"Hemlock_Woolly_Adelgid",-71.124419,42.454569
"Hemlock_Woolly_Adelgid",-83.872963,35.674897
"Hemlock_Woolly_Adelgid",-71.104553,42.302383
"Hemlock_Woolly_Adelgid",-73.758077,43.159334
"Hemlock_Woolly_Adelgid",-77.389847,39.260678
"Hemlock_Woolly_Adelgid",-72.927247,42.425195
"Hemlock_Woolly_Adelgid",-79.089325,39.608133
"Hemlock_Woolly_Adelgid",-78.769728,39.729682
"Hemlock_Woolly_Adelgid",-71.458213,42.281355
"Hemlock_Woolly_Adelgid",-74.292862,40.750222
"Hemlock_Woolly_Adelgid",-71.463077,41.874512
"Hemlock_Woolly_Adelgid",-71.082907,42.440996
"Hemlock_Woolly_Adelgid",-71.166043,43.06032
"Hemlock_Woolly_Adelgid",-72.239297,42.110925
"Hemlock_Woolly_Adelgid",-71.996364,42.986897
"Hemlock_Woolly_Adelgid",-77.303629,40.0136
"Hemlock_Woolly_Adelgid",-71.167387,43.059182
"Hemlock_Woolly_Adelgid",-75.72031,39.228145
"Hemlock_Woolly_Adelgid",-72.14881,42.617303
"Hemlock_Woolly_Adelgid",-82.605223,35.495852
"Hemlock_Woolly_Adelgid",-74.236978,41.728108
"Hemlock_Woolly_Adelgid",-76.7212,39.225494
"Hemlock_Woolly_Adelgid",-72.004894,42.992746
"Hemlock_Woolly_Adelgid",-72.214413,42.548592
"Hemlock_Woolly_Adelgid",-81.686725,36.218033
"Hemlock_Woolly_Adelgid",-77.487153,43.247203
"Hemlock_Woolly_Adelgid",-80.084462,41.069067
"Hemlock_Woolly_Adelgid",-71.31606,42.798158
"Hemlock_Woolly_Adelgid",-75.337722,40.0456
"Hemlock_Woolly_Adelgid",-70.824547,41.706581
"Hemlock_Woolly_Adelgid",-75.194498,39.989385
"Hemlock_Woolly_Adelgid",-78.038003,43.97725
"Hemlock_Woolly_Adelgid",-83.709812,35.657405
"Hemlock_Woolly_Adelgid",-71.205416,42.973036
"Hemlock_Woolly_Adelgid",-74.867074,40.979887
"Hemlock_Woolly_Adelgid",-76.303245,42.483617
"Hemlock_Woolly_Adelgid",-79.846712,41.267892
"Hemlock_Woolly_Adelgid",-83.530729,35.808333
"Hemlock_Woolly_Adelgid",-71.205534,42.97297
"Hemlock_Woolly_Adelgid",-71.207782,42.975313
"Hemlock_Woolly_Adelgid",-70.884386,42.022022
"Hemlock_Woolly_Adelgid",-74.295067,40.747925
"Hemlock_Woolly_Adelgid",-83.687068,35.634423
"Hemlock_Woolly_Adelgid",-77.474953,43.041892
"Hemlock_Woolly_Adelgid",-81.777473,36.213931
"Hemlock_Woolly_Adelgid",-70.671951,43.689586
"Hemlock_Woolly_Adelgid",-84.768992,36.547778
"Hemlock_Woolly_Adelgid",-71.913996,43.149146
"Hemlock_Woolly_Adelgid",-72.465958,42.584142
"Hemlock_Woolly_Adelgid",-77.243919,42.456511
"Hemlock_Woolly_Adelgid",-74.293655,40.749908
"Hemlock_Woolly_Adelgid",-77.033601,39.058353
"Hemlock_Woolly_Adelgid",-72.639648,42.231985
"Hemlock_Woolly_Adelgid",-71.330182,42.825979
"Hemlock_Woolly_Adelgid",-65.217249,44.437954
"Hemlock_Woolly_Adelgid",-71.111799,42.639243
"Hemlock_Woolly_Adelgid",-64.532325,44.371513
"Hemlock_Woolly_Adelgid",-71.33815,43.114514
"Hemlock_Woolly_Adelgid",-73.95349,41.862531
"Hemlock_Woolly_Adelgid",-76.889811,38.995768
"Hemlock_Woolly_Adelgid",-83.916635,34.707643
"Hemlock_Woolly_Adelgid",-81.777198,36.213792
"Hemlock_Woolly_Adelgid",-72.185156,42.53384
"Hemlock_Woolly_Adelgid",-77.191093,40.78421
"Hemlock_Woolly_Adelgid",-69.889694,43.93325
"Hemlock_Woolly_Adelgid",-73.238181,42.68776
"Hemlock_Woolly_Adelgid",-82.98915,37.345905
"Hemlock_Woolly_Adelgid",-122.451359,47.391853
"Hemlock_Woolly_Adelgid",-65.123293,44.371141
"Hemlock_Woolly_Adelgid",-72.36985,42.643981
"Hemlock_Woolly_Adelgid",-76.467779,39.46497
"Hemlock_Woolly_Adelgid",-71.757517,41.646302
"Hemlock_Woolly_Adelgid",-73.237529,42.683281
"Hemlock_Woolly_Adelgid",-78.397625,39.647992
"Hemlock_Woolly_Adelgid",-64.735535,44.047986
"Hemlock_Woolly_Adelgid",-64.511772,44.381572
"Hemlock_Woolly_Adelgid",-80.679695,41.086361
"Hemlock_Woolly_Adelgid",-84.28453,34.437497
"Hemlock_Woolly_Adelgid",-72.521385,42.31684
"Hemlock_Woolly_Adelgid",-79.910133,43.265372
"Hemlock_Woolly_Adelgid",-64.946042,44.337467
"Hemlock_Woolly_Adelgid",-77.4197,42.622045
"Hemlock_Woolly_Adelgid",-64.900361,44.116855
"Hemlock_Woolly_Adelgid",-71.094328,42.444475
"Hemlock_Woolly_Adelgid",-77.487618,43.245731
"Hemlock_Woolly_Adelgid",-80.688939,41.070282
"Hemlock_Woolly_Adelgid",-77.258598,40.696053
"Hemlock_Woolly_Adelgid",-71.308961,41.508106
"Hemlock_Woolly_Adelgid",-72.189263,42.610763
"Hemlock_Woolly_Adelgid",-64.946131,44.336772
"Hemlock_Woolly_Adelgid",-72.286117,42.937103
"Hemlock_Woolly_Adelgid",-83.365425,34.667733
"Hemlock_Woolly_Adelgid",-76.661086,39.481679
"Hemlock_Woolly_Adelgid",-73.923439,41.98289
"Hemlock_Woolly_Adelgid",-72.470202,42.307823
"Hemlock_Woolly_Adelgid",-74.880652,40.688591
"Hemlock_Woolly_Adelgid",-83.844942,35.454365
"Hemlock_Woolly_Adelgid",-122.118729,47.530036
"Hemlock_Woolly_Adelgid",-72.61164,42.408871
"Hemlock_Woolly_Adelgid",-72.365778,42.592152
"Hemlock_Woolly_Adelgid",-83.525576,35.67254
"Hemlock_Woolly_Adelgid",-72.702394,42.365794
"Hemlock_Woolly_Adelgid",-72.41766,42.556207
"Hemlock_Woolly_Adelgid",-76.35946,39.491406
"Hemlock_Woolly_Adelgid",-76.669655,39.669774
"Hemlock_Woolly_Adelgid",-76.248542,39.509781
"Hemlock_Woolly_Adelgid",-71.090194,42.446422
"Hemlock_Woolly_Adelgid",-76.622467,39.72879
"Hemlock_Woolly_Adelgid",-76.393807,39.725223
"Hemlock_Woolly_Adelgid",-76.885502,39.248167
"Hemlock_Woolly_Adelgid",-82.605223,35.495851
"Hemlock_Woolly_Adelgid",-72.546618,42.653339
"Hemlock_Woolly_Adelgid",-71.167263,43.059318
"Hemlock_Woolly_Adelgid",-76.576746,39.756047
"Hemlock_Woolly_Adelgid",-72.247626,42.758562
"Hemlock_Woolly_Adelgid",-72.664616,42.318618
"Hemlock_Woolly_Adelgid",-73.508263,42.12225
"Hemlock_Woolly_Adelgid",-71.389106,42.118996
"Hemlock_Woolly_Adelgid",-79.110801,39.522178
"Hemlock_Woolly_Adelgid",-72.344161,42.678895
"Hemlock_Woolly_Adelgid",-71.696449,42.455173
"Hemlock_Woolly_Adelgid",-83.746644,35.634227
"Hemlock_Woolly_Adelgid",-75.005715,39.573027
"Hemlock_Woolly_Adelgid",-79.226109,39.282764
"Hemlock_Woolly_Adelgid",-79.257691,39.388699
"Hemlock_Woolly_Adelgid",-79.366541,39.714075
"Hemlock_Woolly_Adelgid",-79.41282,39.639675
"Hemlock_Woolly_Adelgid",-79.527845,39.775069
"Hemlock_Woolly_Adelgid",-71.081221,42.465589
"Hemlock_Woolly_Adelgid",-72.594447,42.468973
"Hemlock_Woolly_Adelgid",-80.266358,36.394649
"Hemlock_Woolly_Adelgid",-76.747964,38.959259
"Hemlock_Woolly_Adelgid",-78.502377,42.678389
"Hemlock_Woolly_Adelgid",-83.391953,34.739067
"Hemlock_Woolly_Adelgid",-71.087442,42.455617
"Hemlock_Woolly_Adelgid",-83.715239,34.734067
"Hemlock_Woolly_Adelgid",-70.999617,42.64084
"Hemlock_Woolly_Adelgid",-71.340128,42.438702
"Hemlock_Woolly_Adelgid",-83.535161,35.6914
"Hemlock_Woolly_Adelgid",-77.479775,43.046497
"Hemlock_Woolly_Adelgid",-77.574931,39.441667
"Hemlock_Woolly_Adelgid",-75.625913,41.38685
"Hemlock_Woolly_Adelgid",-83.365425,34.667733
"Hemlock_Woolly_Adelgid",-78.017505,42.581672
"Hemlock_Woolly_Adelgid",-79.062386,42.657897
"Hemlock_Woolly_Adelgid",-76.535421,42.466382
"Hemlock_Woolly_Adelgid",-71.778189,41.570906
"Hemlock_Woolly_Adelgid",-72.470039,42.892278
"Hemlock_Woolly_Adelgid",-80.163865,40.490796
"Hemlock_Woolly_Adelgid",-72.470039,42.892278
"Hemlock_Woolly_Adelgid",-72.470039,42.892278
"Hemlock_Woolly_Adelgid",-72.470039,42.892278
"Hemlock_Woolly_Adelgid",-72.470039,42.892278
"Hemlock_Woolly_Adelgid",-83.681488,37.85223
"Hemlock_Woolly_Adelgid",-72.470039,42.892278
"Hemlock_Woolly_Adelgid",-72.665133,42.319055
"Hemlock_Woolly_Adelgid",-72.470039,42.892278
"Hemlock_Woolly_Adelgid",-72.470039,42.892278
"Hemlock_Woolly_Adelgid",-72.470039,42.892278
"Hemlock_Woolly_Adelgid",-65.184417,44.320812
"Hemlock_Woolly_Adelgid",-72.487275,42.90807
"Hemlock_Woolly_Adelgid",-72.470039,42.892278
"Hemlock_Woolly_Adelgid",-74.428624,40.500083
"Hemlock_Woolly_Adelgid",-72.736443,42.311796
"Hemlock_Woolly_Adelgid",-72.470039,42.892278
"Hemlock_Woolly_Adelgid",-82.372023,34.927587
"Hemlock_Woolly_Adelgid",-72.470039,42.892278
"Hemlock_Woolly_Adelgid",-65.137339,44.369687
"Hemlock_Woolly_Adelgid",-72.470039,42.892278
"Hemlock_Woolly_Adelgid",-72.470039,42.892278
"Hemlock_Woolly_Adelgid",-71.265622,42.366154
"Hemlock_Woolly_Adelgid",-72.470039,42.892278
"Hemlock_Woolly_Adelgid",-72.470039,42.892278
"Hemlock_Woolly_Adelgid",-72.470039,42.892278
"Hemlock_Woolly_Adelgid",-79.507933,40.710525
"Hemlock_Woolly_Adelgid",-65.136401,44.369812
"Hemlock_Woolly_Adelgid",-72.470039,42.892278
"Hemlock_Woolly_Adelgid",-72.470039,42.892278
"Hemlock_Woolly_Adelgid",-74.869625,41.109398
"Hemlock_Woolly_Adelgid",-81.629566,35.602293
"Hemlock_Woolly_Adelgid",-71.089342,42.444828
"Hemlock_Woolly_Adelgid",-72.470039,42.892278
"Hemlock_Woolly_Adelgid",-72.470039,42.892278
"Hemlock_Woolly_Adelgid",-72.470039,42.892278
"Hemlock_Woolly_Adelgid",-72.470039,42.892278
"Hemlock_Woolly_Adelgid",-72.470039,42.892278
"Hemlock_Woolly_Adelgid",-72.470039,42.892278
"Hemlock_Woolly_Adelgid",-72.470039,42.892278
"Hemlock_Woolly_Adelgid",-80.867009,38.22711
"Hemlock_Woolly_Adelgid",-72.470039,42.892278
"Hemlock_Woolly_Adelgid",-71.333532,42.828719
"Hemlock_Woolly_Adelgid",-72.470039,42.892278
"Hemlock_Woolly_Adelgid",-72.470039,42.892278
"Hemlock_Woolly_Adelgid",-72.470039,42.892278
"Hemlock_Woolly_Adelgid",-72.470039,42.892278
"Hemlock_Woolly_Adelgid",-72.470039,42.892278
"Hemlock_Woolly_Adelgid",-64.633194,44.466565
"Hemlock_Woolly_Adelgid",-71.094269,42.444462
"Hemlock_Woolly_Adelgid",-84.800063,36.549376
"Hemlock_Woolly_Adelgid",-65.028611,44.901389
"Hemlock_Woolly_Adelgid",-83.966753,35.758227
"Hemlock_Woolly_Adelgid",-65.020556,44.898611
"Hemlock_Woolly_Adelgid",-79.001092,40.408904
"Hemlock_Woolly_Adelgid",-122.294042,45.492872
"Hemlock_Woolly_Adelgid",-72.249528,42.110378
"Hemlock_Woolly_Adelgid",-73.436408,42.16127
"Hemlock_Woolly_Adelgid",-65.406172,44.759462
"Hemlock_Woolly_Adelgid",-83.746498,35.609578
"Hemlock_Woolly_Adelgid",-72.245972,42.643645
"Hemlock_Woolly_Adelgid",-82.367114,36.299391
"Hemlock_Woolly_Adelgid",-71.472192,42.245053
"Hemlock_Woolly_Adelgid",-83.17514,35.190804
"Hemlock_Woolly_Adelgid",-80.089461,41.068475
"Hemlock_Woolly_Adelgid",-72.686824,42.435857
"Hemlock_Woolly_Adelgid",-78.771875,39.624224
"Hemlock_Woolly_Adelgid",-82.625486,35.109479
"Hemlock_Woolly_Adelgid",-71.0941,42.311113
"Hemlock_Woolly_Adelgid",-71.086128,42.45578
"Hemlock_Woolly_Adelgid",-74.491957,41.588723
"Hemlock_Woolly_Adelgid",-82.558423,36.08119
"Hemlock_Woolly_Adelgid",-80.6825,41.086385
"Hemlock_Woolly_Adelgid",-71.472428,42.245153
"Hemlock_Woolly_Adelgid",-82.537079,36.065328
"Hemlock_Woolly_Adelgid",-82.971879,35.519995
"Hemlock_Woolly_Adelgid",-82.566461,35.614265
"Hemlock_Woolly_Adelgid",-71.081908,42.442525
"Hemlock_Woolly_Adelgid",-85.119358,35.438003
"Hemlock_Woolly_Adelgid",-74.001773,41.317047
"Hemlock_Woolly_Adelgid",-71.080933,42.45042
"Hemlock_Woolly_Adelgid",-74.161227,41.775124
"Hemlock_Woolly_Adelgid",-83.659202,37.817221
"Hemlock_Woolly_Adelgid",-72.472528,42.38053
"Hemlock_Woolly_Adelgid",-83.68607,37.77601
"Hemlock_Woolly_Adelgid",-74.150378,41.784152
"Hemlock_Woolly_Adelgid",-71.083405,42.461455
"Hemlock_Woolly_Adelgid",-83.12871,34.80559
"Hemlock_Woolly_Adelgid",-74.150381,41.784161
"Hemlock_Woolly_Adelgid",-82.614367,36.878947
"Hemlock_Woolly_Adelgid",-64.769927,44.049913
"Hemlock_Woolly_Adelgid",-71.089561,42.444692
"Hemlock_Woolly_Adelgid",-73.442312,42.2562
"Hemlock_Woolly_Adelgid",-79.824128,39.651038
"Hemlock_Woolly_Adelgid",-72.334702,42.676984
"Hemlock_Woolly_Adelgid",-70.861465,43.262905
"Hemlock_Woolly_Adelgid",-123.029522,44.937411
"Hemlock_Woolly_Adelgid",-122.31697,47.177067
"Hemlock_Woolly_Adelgid",-69.758689,43.864504
"Hemlock_Woolly_Adelgid",-65.477183,44.795642
"Hemlock_Woolly_Adelgid",-73.464076,42.04799
"Hemlock_Woolly_Adelgid",-71.124344,42.45457
"Hemlock_Woolly_Adelgid",-75.515541,40.032754
"Hemlock_Woolly_Adelgid",-75.569941,40.030067
"Hemlock_Woolly_Adelgid",-71.619317,42.597877
"Hemlock_Woolly_Adelgid",-71.083275,42.461925
"Hemlock_Woolly_Adelgid",-75.569959,40.030084
"Hemlock_Woolly_Adelgid",-74.101939,41.252435
"Hemlock_Woolly_Adelgid",-72.324875,42.500763
"Hemlock_Woolly_Adelgid",-75.569956,40.030044
"Hemlock_Woolly_Adelgid",-75.569966,40.030042
"Hemlock_Woolly_Adelgid",-72.463888,42.386377
"Hemlock_Woolly_Adelgid",-73.609135,41.259518
"Hemlock_Woolly_Adelgid",-68.215813,44.342117
"Hemlock_Woolly_Adelgid",-71.090661,42.444705
"Hemlock_Woolly_Adelgid",-72.253872,42.542515
"Hemlock_Woolly_Adelgid",-81.897839,35.733917
"Hemlock_Woolly_Adelgid",-81.732147,36.133656
"Hemlock_Woolly_Adelgid",-75.569962,40.030039
"Hemlock_Woolly_Adelgid",-82.435842,35.348927
"Hemlock_Woolly_Adelgid",-75.56995,40.030069
"Hemlock_Woolly_Adelgid",-72.175012,42.597663
"Hemlock_Woolly_Adelgid",-83.582987,35.643718
"Hemlock_Woolly_Adelgid",-83.456889,35.73394
"Hemlock_Woolly_Adelgid",-73.703592,42.21698
"Hemlock_Woolly_Adelgid",-79.682875,38.997286
"Hemlock_Woolly_Adelgid",-72.522597,42.393692
"Hemlock_Woolly_Adelgid",-122.21668,47.578187
"Hemlock_Woolly_Adelgid",-71.081253,42.465314
"Hemlock_Woolly_Adelgid",-82.445612,35.61345
"Hemlock_Woolly_Adelgid",-80.288086,36.391625
"Hemlock_Woolly_Adelgid",-71.087079,42.465677
"Hemlock_Woolly_Adelgid",-73.468046,42.168669
"Hemlock_Woolly_Adelgid",-71.08248,42.460555
"Hemlock_Woolly_Adelgid",-78.764663,42.709878
"Hemlock_Woolly_Adelgid",-71.53658,42.577535
"Hemlock_Woolly_Adelgid",-73.969208,40.779603
"Hemlock_Woolly_Adelgid",-72.200987,42.650198
"Hemlock_Woolly_Adelgid",-75.658381,39.87963
"Hemlock_Woolly_Adelgid",-80.178264,36.361178
"Hemlock_Woolly_Adelgid",-80.288086,36.391625
"Hemlock_Woolly_Adelgid",-80.288089,36.391628
"Hemlock_Woolly_Adelgid",-79.712192,39.134175
"Hemlock_Woolly_Adelgid",-74.149701,41.00752
"Hemlock_Woolly_Adelgid",-65.639167,44.581487
"Hemlock_Woolly_Adelgid",-68.206442,44.360126
"Hemlock_Woolly_Adelgid",-71.099861,42.299738
"Hemlock_Woolly_Adelgid",-73.143343,42.625425
"Hemlock_Woolly_Adelgid",-122.093422,47.534356
"Hemlock_Woolly_Adelgid",-73.243739,41.469723
"Hemlock_Woolly_Adelgid",-80.288606,36.389142
"Hemlock_Woolly_Adelgid",-64.948336,44.317066
"Hemlock_Woolly_Adelgid",-85.25998,35.030211
"Hemlock_Woolly_Adelgid",-72.523108,42.393222
"Hemlock_Woolly_Adelgid",-71.337172,42.449475
"Hemlock_Woolly_Adelgid",-72.060764,41.428723
"Hemlock_Woolly_Adelgid",-71.165458,43.061214
"Hemlock_Woolly_Adelgid",-75.026576,41.060844
"Hemlock_Woolly_Adelgid",-71.895446,41.467525
"Hemlock_Woolly_Adelgid",-84.226519,36.329872
"Hemlock_Woolly_Adelgid",-65.398766,44.759533
"Hemlock_Woolly_Adelgid",-72.706989,42.347203
"Hemlock_Woolly_Adelgid",-80.06295,39.036006
"Hemlock_Woolly_Adelgid",-71.651845,41.990806
"Hemlock_Woolly_Adelgid",-77.751642,40.715906
"Hemlock_Woolly_Adelgid",-64.516782,45.07118
"Hemlock_Woolly_Adelgid",-76.70678,38.111683
"Hemlock_Woolly_Adelgid",-72.126003,41.998994
"Hemlock_Woolly_Adelgid",-80.318481,40.932452
"Hemlock_Woolly_Adelgid",-72.588879,42.303746
"Hemlock_Woolly_Adelgid",-74.961392,40.225735
"Hemlock_Woolly_Adelgid",-72.527348,42.516073
"Hemlock_Woolly_Adelgid",-72.65928,41.671375
"Hemlock_Woolly_Adelgid",-64.623198,44.466104
"Hemlock_Woolly_Adelgid",-71.360497,42.463755
"Hemlock_Woolly_Adelgid",-71.124339,42.454536
"Hemlock_Woolly_Adelgid",-77.509651,42.67832
"Hemlock_Woolly_Adelgid",-71.089522,42.44695
"Hemlock_Woolly_Adelgid",-71.089303,42.445828
"Hemlock_Woolly_Adelgid",-73.990897,42.732424
"Hemlock_Woolly_Adelgid",-82.701817,35.034468
"Hemlock_Woolly_Adelgid",-72.337518,42.525344
"Hemlock_Woolly_Adelgid",-84.266544,36.937657
"Hemlock_Woolly_Adelgid",-72.170563,42.595308
"Hemlock_Woolly_Adelgid",-84.279043,37.21325
"Hemlock_Woolly_Adelgid",-64.634775,44.477458
"Hemlock_Woolly_Adelgid",-72.21967,42.622155
"Hemlock_Woolly_Adelgid",-65.642355,44.580178
"Hemlock_Woolly_Adelgid",-75.139631,40.976153
"Hemlock_Woolly_Adelgid",-72.801628,41.304247
"Hemlock_Woolly_Adelgid",-83.593567,37.800067
"Hemlock_Woolly_Adelgid",-79.334449,42.447566
"Hemlock_Woolly_Adelgid",-71.089461,42.444962
"Hemlock_Woolly_Adelgid",-72.962075,41.917878
"Hemlock_Woolly_Adelgid",-85.597,36.042147
"Hemlock_Woolly_Adelgid",-85.596778,36.042725
"Hemlock_Woolly_Adelgid",-77.049255,40.667571
"Hemlock_Woolly_Adelgid",-78.994694,37.977781
"Hemlock_Woolly_Adelgid",-84.292034,37.565537
"Hemlock_Woolly_Adelgid",-72.522828,42.502753
"Hemlock_Woolly_Adelgid",-73.590637,41.592926
"Hemlock_Woolly_Adelgid",-77.44778,39.943178
"Hemlock_Woolly_Adelgid",-85.597,36.042136
"Hemlock_Woolly_Adelgid",-71.090286,42.463903
"Hemlock_Woolly_Adelgid",-73.592088,41.593599
"Hemlock_Woolly_Adelgid",-79.50595,40.710828
"Hemlock_Woolly_Adelgid",-77.474245,39.907329
"Hemlock_Woolly_Adelgid",-84.226909,36.329642
"Hemlock_Woolly_Adelgid",-82.177458,36.0498
"Hemlock_Woolly_Adelgid",-84.860959,36.478373
"Hemlock_Woolly_Adelgid",-72.45833,42.66077
"Hemlock_Woolly_Adelgid",-85.352142,35.003017
"Hemlock_Woolly_Adelgid",-77.328686,40.811021
"Hemlock_Woolly_Adelgid",-79.895406,40.528505
"Hemlock_Woolly_Adelgid",-77.572844,41.745619
"Hemlock_Woolly_Adelgid",-75.955921,40.273762
"Hemlock_Woolly_Adelgid",-79.54798,37.630347
"Hemlock_Woolly_Adelgid",-79.026375,41.30428
"Hemlock_Woolly_Adelgid",-78.18455,41.600081
"Hemlock_Woolly_Adelgid",-75.94838,40.281392
"Hemlock_Woolly_Adelgid",-75.858849,41.752189
"Hemlock_Woolly_Adelgid",-79.539177,40.294079
"Hemlock_Woolly_Adelgid",-79.146553,40.620095
"Hemlock_Woolly_Adelgid",-77.260002,40.700001
"Hemlock_Woolly_Adelgid",-79.208613,41.329903
"Hemlock_Woolly_Adelgid",-78.183243,41.362321
"Hemlock_Woolly_Adelgid",-77.791635,40.775972
"Hemlock_Woolly_Adelgid",-77.877525,40.791387
"Hemlock_Woolly_Adelgid",-77.490687,43.127513
"Hemlock_Woolly_Adelgid",-72.257232,42.48712
"Hemlock_Woolly_Adelgid",-76.8131,40.4063
"Hemlock_Woolly_Adelgid",-71.090929,43.150878
"Hemlock_Woolly_Adelgid",-79.163763,41.305181
"Hemlock_Woolly_Adelgid",-71.214019,43.152531
"Hemlock_Woolly_Adelgid",-78.015503,40.50158
"Hemlock_Woolly_Adelgid",-78.207938,40.89083
"Hemlock_Woolly_Adelgid",-79.674287,40.322245
"Hemlock_Woolly_Adelgid",-82.700497,35.032192
"Hemlock_Woolly_Adelgid",-71.209372,42.565679
"Hemlock_Woolly_Adelgid",-71.182226,42.442859
"Hemlock_Woolly_Adelgid",-73.228506,42.703744
"Hemlock_Woolly_Adelgid",-70.844313,42.555387
"Hemlock_Woolly_Adelgid",-64.762628,44.049275
"Hemlock_Woolly_Adelgid",-84.323671,36.849854
"Hemlock_Woolly_Adelgid",-76.792528,40.715144
"Hemlock_Woolly_Adelgid",-71.08178,42.442538
"Hemlock_Woolly_Adelgid",-77.395422,40.264507
"Hemlock_Woolly_Adelgid",-122.475809,47.413261
"Hemlock_Woolly_Adelgid",-69.774157,43.857417
"Hemlock_Woolly_Adelgid",-81.118347,35.966995
"Hemlock_Woolly_Adelgid",-71.489945,43.041301
"Hemlock_Woolly_Adelgid",-71.253267,42.968953
"Hemlock_Woolly_Adelgid",-72.49725,42.70546
"Hemlock_Woolly_Adelgid",-80.69497,41.084203
"Hemlock_Woolly_Adelgid",-123.802973,39.405633
"Hemlock_Woolly_Adelgid",-71.124236,42.454289
"Hemlock_Woolly_Adelgid",-71.211022,43.15376
"Hemlock_Woolly_Adelgid",-71.56008,43.126614
"Hemlock_Woolly_Adelgid",-72.306983,42.514032
"Hemlock_Woolly_Adelgid",-71.557908,43.015117
"Hemlock_Woolly_Adelgid",-72.058556,42.94127
"Hemlock_Woolly_Adelgid",-79.328659,43.062972
"Hemlock_Woolly_Adelgid",-82.218742,35.445572
"Hemlock_Woolly_Adelgid",-71.369722,43.001092
"Hemlock_Woolly_Adelgid",-83.383514,37.55314
"Hemlock_Woolly_Adelgid",-83.18821,35.053954
"Hemlock_Woolly_Adelgid",-73.329149,42.354387
"Hemlock_Woolly_Adelgid",-64.75408,44.057095
"Hemlock_Woolly_Adelgid",-71.102958,42.44712
"Hemlock_Woolly_Adelgid",-83.182754,35.053394
"Hemlock_Woolly_Adelgid",-77.788657,40.273276
"Hemlock_Woolly_Adelgid",-75.725519,41.176133
"Hemlock_Woolly_Adelgid",-83.299096,35.084644
"Hemlock_Woolly_Adelgid",-80.679087,41.082407
"Hemlock_Woolly_Adelgid",-73.278044,42.325834
"Hemlock_Woolly_Adelgid",-72.054283,42.675687
"Hemlock_Woolly_Adelgid",-71.085608,42.44975
"Hemlock_Woolly_Adelgid",-82.6084,36.509884
"Hemlock_Woolly_Adelgid",-85.34696,35.668415
"Hemlock_Woolly_Adelgid",-72.500934,41.979805
"Hemlock_Woolly_Adelgid",-73.327292,42.201436
"Hemlock_Woolly_Adelgid",-85.347032,35.668229
"Hemlock_Woolly_Adelgid",-71.247538,43.152985
"Hemlock_Woolly_Adelgid",-76.783522,39.689542
"Hemlock_Woolly_Adelgid",-75.986785,40.637135
"Hemlock_Woolly_Adelgid",-84.665258,34.892749
"Hemlock_Woolly_Adelgid",-71.124442,42.454547
"Hemlock_Woolly_Adelgid",-83.186003,35.439625
"Hemlock_Woolly_Adelgid",-71.209873,43.154832
"Hemlock_Woolly_Adelgid",-71.390579,41.854265
"Hemlock_Woolly_Adelgid",-84.583353,34.980935
"Hemlock_Woolly_Adelgid",-72.597059,42.292099
"Hemlock_Woolly_Adelgid",-85.420327,34.838718
"Hemlock_Woolly_Adelgid",-69.965683,43.906612
"Hemlock_Woolly_Adelgid",-71.082575,43.210666
"Hemlock_Woolly_Adelgid",-71.124406,42.454525
"Hemlock_Woolly_Adelgid",-73.59723,42.27462
"Hemlock_Woolly_Adelgid",-85.304661,35.846906
"Hemlock_Woolly_Adelgid",-76.135099,42.962681
"Hemlock_Woolly_Adelgid",-65.233313,44.398537
"Hemlock_Woolly_Adelgid",-71.090478,42.444897
"Hemlock_Woolly_Adelgid",-71.19225,43.11929
"Hemlock_Woolly_Adelgid",-71.36569,42.800906
"Hemlock_Woolly_Adelgid",-73.771935,42.34385
"Hemlock_Woolly_Adelgid",-73.499895,42.115739
"Hemlock_Woolly_Adelgid",-71.124414,42.454637
"Hemlock_Woolly_Adelgid",-77.963052,38.641823
"Hemlock_Woolly_Adelgid",-71.124472,42.454517
"Hemlock_Woolly_Adelgid",-75.407881,39.893467
"Hemlock_Woolly_Adelgid",-73.492268,42.361241
"Hemlock_Woolly_Adelgid",-81.667673,38.26429
"Hemlock_Woolly_Adelgid",-81.657578,36.212643
"Hemlock_Woolly_Adelgid",-74.014908,40.688222
"Hemlock_Woolly_Adelgid",-72.574105,42.104981
"Hemlock_Woolly_Adelgid",-80.268587,36.396247
"Hemlock_Woolly_Adelgid",-83.548897,35.636506
"Hemlock_Woolly_Adelgid",-69.051834,44.239858
"Hemlock_Woolly_Adelgid",-65.429378,43.918217
"Hemlock_Woolly_Adelgid",-65.219003,44.438672
"Hemlock_Woolly_Adelgid",-80.270295,36.384083
"Hemlock_Woolly_Adelgid",-64.770296,44.071827
"Hemlock_Woolly_Adelgid",-65.192483,44.322442
"Hemlock_Woolly_Adelgid",-79.869378,39.627675
"Hemlock_Woolly_Adelgid",-65.391512,44.445175
"Hemlock_Woolly_Adelgid",-85.38623,34.919445
"Hemlock_Woolly_Adelgid",-64.918035,44.354863
"Hemlock_Woolly_Adelgid",-65.215958,44.439063
"Hemlock_Woolly_Adelgid",-73.255457,42.411745
"Hemlock_Woolly_Adelgid",-72.191867,42.938837
"Hemlock_Woolly_Adelgid",-65.247392,44.37933
"Hemlock_Woolly_Adelgid",-72.029092,42.98049
"Hemlock_Woolly_Adelgid",-64.736228,44.047506
"Hemlock_Woolly_Adelgid",-72.79183,41.853969
"Hemlock_Woolly_Adelgid",-72.063748,42.863082
"Hemlock_Woolly_Adelgid",-73.236474,42.68834
"Hemlock_Woolly_Adelgid",-77.481842,43.045589
"Hemlock_Woolly_Adelgid",-78.370214,38.602092
"Hemlock_Woolly_Adelgid",-86.426217,43.828067
"Hemlock_Woolly_Adelgid",-80.87494,36.59452
"Hemlock_Woolly_Adelgid",-65.205471,44.132519
"Hemlock_Woolly_Adelgid",-72.706476,41.901967
"Hemlock_Woolly_Adelgid",-72.144073,42.645193
"Hemlock_Woolly_Adelgid",-65.233558,44.398717
"Hemlock_Woolly_Adelgid",-64.539411,44.240538
"Hemlock_Woolly_Adelgid",-64.535837,44.245042
"Hemlock_Woolly_Adelgid",-65.248018,44.346125
"Hemlock_Woolly_Adelgid",-73.76921,42.656329
"Hemlock_Woolly_Adelgid",-65.177132,44.433849
"Hemlock_Woolly_Adelgid",-66.114493,44.338502
"Hemlock_Woolly_Adelgid",-65.232563,44.31846
"Hemlock_Woolly_Adelgid",-68.959061,44.369995
"Hemlock_Woolly_Adelgid",-65.219911,44.343612
"Hemlock_Woolly_Adelgid",-79.128608,39.628776
"Hemlock_Woolly_Adelgid",-65.137211,44.369799
"Hemlock_Woolly_Adelgid",-71.698245,42.918938
"Hemlock_Woolly_Adelgid",-72.003905,42.961775
"Hemlock_Woolly_Adelgid",-81.826994,36.121571
"Hemlock_Woolly_Adelgid",-65.204244,44.363119
"Hemlock_Woolly_Adelgid",-65.203106,44.370189
"Hemlock_Woolly_Adelgid",-65.124972,44.366549
"Hemlock_Woolly_Adelgid",-76.285422,42.856158
"Hemlock_Woolly_Adelgid",-65.978685,44.265625
"Hemlock_Woolly_Adelgid",-77.864148,40.784185
"Hemlock_Woolly_Adelgid",-71.136262,42.436777
"Hemlock_Woolly_Adelgid",-70.461735,41.745468
"Hemlock_Woolly_Adelgid",-74.887137,41.189616
"Hemlock_Woolly_Adelgid",-65.231087,44.398983
"Hemlock_Woolly_Adelgid",-75.410698,41.005342
"Hemlock_Woolly_Adelgid",-65.234935,44.396858
"Hemlock_Woolly_Adelgid",-65.164233,44.43289
"Hemlock_Woolly_Adelgid",-75.614234,41.356981
"Hemlock_Woolly_Adelgid",-73.97003,40.779939
"Hemlock_Woolly_Adelgid",-72.2089,42.5725
"Hemlock_Woolly_Adelgid",-72.262923,42.5422
"Hemlock_Woolly_Adelgid",-71.642311,43.113837
"Hemlock_Woolly_Adelgid",-75.214972,40.123025
"Hemlock_Woolly_Adelgid",-74.557795,41.786722
"Hemlock_Woolly_Adelgid",-80.058321,40.316777
"Hemlock_Woolly_Adelgid",-71.61682,42.6042
"Hemlock_Woolly_Adelgid",-65.389384,44.284323
"Hemlock_Woolly_Adelgid",-76.228135,40.525375
"Hemlock_Woolly_Adelgid",-65.388595,44.447128
"Hemlock_Woolly_Adelgid",-79.14085,39.187361
"Hemlock_Woolly_Adelgid",-79.50788,40.710737
"Hemlock_Woolly_Adelgid",-72.506435,42.45129
"Hemlock_Woolly_Adelgid",-79.120986,39.633728
"Hemlock_Woolly_Adelgid",-72.559228,42.881492
"Hemlock_Woolly_Adelgid",-65.802833,44.520367
"Hemlock_Woolly_Adelgid",-79.505921,40.710815
"Hemlock_Woolly_Adelgid",-72.60354,42.896983
"Hemlock_Woolly_Adelgid",-65.215174,44.439857
"Hemlock_Woolly_Adelgid",-73.435113,42.1408
"Hemlock_Woolly_Adelgid",-65.517164,44.002408
"Hemlock_Woolly_Adelgid",-65.500665,44.007587
"Hemlock_Woolly_Adelgid",-128.579581,51.871177
"Hemlock_Woolly_Adelgid",-73.063217,42.166565
"Hemlock_Woolly_Adelgid",-64.852108,44.349107
"Hemlock_Woolly_Adelgid",-75.348444,41.127026
"Hemlock_Woolly_Adelgid",-74.500396,41.029272
"Hemlock_Woolly_Adelgid",-65.198988,44.383989
"Hemlock_Woolly_Adelgid",-72.160568,42.474417
"Hemlock_Woolly_Adelgid",-65.274543,44.457481
"Hemlock_Woolly_Adelgid",-65.38192,44.445103
"Hemlock_Woolly_Adelgid",-72.504621,41.979097
"Hemlock_Woolly_Adelgid",-72.059543,42.80666
"Hemlock_Woolly_Adelgid",-72.473816,43.01054
"Hemlock_Woolly_Adelgid",-65.394058,44.445545
"Hemlock_Woolly_Adelgid",-65.37777,44.441708
"Hemlock_Woolly_Adelgid",-84.658374,34.856501
"Hemlock_Woolly_Adelgid",-84.658411,34.857267
"Hemlock_Woolly_Adelgid",-65.337212,44.450478
"Hemlock_Woolly_Adelgid",-79.518657,39.297475
"Hemlock_Woolly_Adelgid",-84.658022,34.857033
"Hemlock_Woolly_Adelgid",-81.825437,36.121985
"Hemlock_Woolly_Adelgid",-83.341142,35.51978
"Hemlock_Woolly_Adelgid",-71.540267,43.125528
"Hemlock_Woolly_Adelgid",-79.5383,37.628185
"Hemlock_Woolly_Adelgid",-66.110308,44.214381
"Hemlock_Woolly_Adelgid",-72.646542,42.506095
"Hemlock_Woolly_Adelgid",-83.366412,35.584638
"Hemlock_Woolly_Adelgid",-71.154602,42.344196
"Hemlock_Woolly_Adelgid",-71.855494,42.764664
"Hemlock_Woolly_Adelgid",-81.846767,36.085146
"Hemlock_Woolly_Adelgid",-81.77678,36.221524
"Hemlock_Woolly_Adelgid",-81.881438,36.148788
"Hemlock_Woolly_Adelgid",-84.998253,35.898129
"Hemlock_Woolly_Adelgid",-81.845961,36.085392
"Hemlock_Woolly_Adelgid",-73.709647,41.441362
"Hemlock_Woolly_Adelgid",-83.625192,35.614238
"Hemlock_Woolly_Adelgid",-71.2026,42.865358
"Hemlock_Woolly_Adelgid",-65.238805,44.300803
"Hemlock_Woolly_Adelgid",-74.887624,41.189837
"Hemlock_Woolly_Adelgid",-78.568818,40.196023
"Hemlock_Woolly_Adelgid",-72.812242,41.628492
"Hemlock_Woolly_Adelgid",-83.354416,34.677521
"Hemlock_Woolly_Adelgid",-72.549192,42.707723
"Hemlock_Woolly_Adelgid",-82.563474,35.792381
"Hemlock_Woolly_Adelgid",-65.341287,44.309138
"Hemlock_Woolly_Adelgid",-80.297689,37.798837
"Hemlock_Woolly_Adelgid",-81.817514,36.119669
"Hemlock_Woolly_Adelgid",-79.4972,39.8633
"Hemlock_Woolly_Adelgid",-65.210976,44.443999
"Hemlock_Woolly_Adelgid",-65.341087,44.307388
"Hemlock_Woolly_Adelgid",-81.819287,36.123615
"Hemlock_Woolly_Adelgid",-83.616408,35.084403
"Hemlock_Woolly_Adelgid",-73.352555,42.144267
"Hemlock_Woolly_Adelgid",-71.999086,42.921189
"Hemlock_Woolly_Adelgid",-72.002756,42.293847
"Hemlock_Woolly_Adelgid",-81.826312,36.121281
"Hemlock_Woolly_Adelgid",-75.130097,40.989483
"Hemlock_Woolly_Adelgid",-71.537022,43.052338
"Hemlock_Woolly_Adelgid",-71.084226,42.448132
"Hemlock_Woolly_Adelgid",-65.210816,44.444243
"Hemlock_Woolly_Adelgid",-81.824431,36.122228
"Hemlock_Woolly_Adelgid",-78.048331,42.579913
"Hemlock_Woolly_Adelgid",-76.776205,40.451219
"Hemlock_Woolly_Adelgid",-72.011127,42.970154
"Hemlock_Woolly_Adelgid",-73.843499,41.440782
"Hemlock_Woolly_Adelgid",-75.255487,40.125133
"Hemlock_Woolly_Adelgid",-72.010441,42.960565
"Hemlock_Woolly_Adelgid",-79.494895,39.075801
"Hemlock_Woolly_Adelgid",-73.914784,42.038924
"Hemlock_Woolly_Adelgid",-81.844169,36.087986
"Hemlock_Woolly_Adelgid",-79.07455,37.844117
"Hemlock_Woolly_Adelgid",-72.213202,42.558902
"Hemlock_Woolly_Adelgid",-69.120728,44.210572
"Hemlock_Woolly_Adelgid",-82.388037,34.330324
"Hemlock_Woolly_Adelgid",-81.845756,36.08828
"Hemlock_Woolly_Adelgid",-81.819405,36.123757
"Hemlock_Woolly_Adelgid",-81.820036,36.123329
"Hemlock_Woolly_Adelgid",-71.202593,42.865344
"Hemlock_Woolly_Adelgid",-81.823944,36.122736
"Hemlock_Woolly_Adelgid",-83.258654,35.078243
"Hemlock_Woolly_Adelgid",-72.200787,42.625033
"Hemlock_Woolly_Adelgid",-82.448154,35.27181
"Hemlock_Woolly_Adelgid",-81.062373,38.055907
"Hemlock_Woolly_Adelgid",-82.317069,35.601652
"Hemlock_Woolly_Adelgid",-79.723336,40.409966
"Hemlock_Woolly_Adelgid",-72.149183,42.70367
"Hemlock_Woolly_Adelgid",-82.796967,35.063225
"Hemlock_Woolly_Adelgid",-79.189824,39.629238
"Hemlock_Woolly_Adelgid",-82.822579,34.959853
"Hemlock_Woolly_Adelgid",-80.160222,40.487086
"Hemlock_Woolly_Adelgid",-65.268258,44.453394
"Hemlock_Woolly_Adelgid",-80.154314,40.490131
"Hemlock_Woolly_Adelgid",-76.695613,40.468253
"Hemlock_Woolly_Adelgid",-77.356034,40.952574
"Hemlock_Woolly_Adelgid",-72.770234,42.277452
"Hemlock_Woolly_Adelgid",-65.232267,44.411409
"Hemlock_Woolly_Adelgid",-72.431056,41.97885
"Hemlock_Woolly_Adelgid",-76.887324,39.242419
"Hemlock_Woolly_Adelgid",-71.147153,42.386575
"Hemlock_Woolly_Adelgid",-82.557663,35.263139
"Hemlock_Woolly_Adelgid",-78.892706,37.894814
"Hemlock_Woolly_Adelgid",-79.304283,39.29325
"Hemlock_Woolly_Adelgid",-71.090133,42.452672
"Hemlock_Woolly_Adelgid",-77.958814,39.215318
"Hemlock_Woolly_Adelgid",-81.079658,38.062078
"Hemlock_Woolly_Adelgid",-72.325592,42.541495
"Hemlock_Woolly_Adelgid",-81.07546,38.045793
"Hemlock_Woolly_Adelgid",-77.123097,38.860959
"Hemlock_Woolly_Adelgid",-75.223136,40.356476
"Hemlock_Woolly_Adelgid",-122.316513,46.843406
"Hemlock_Woolly_Adelgid",-71.124383,42.454553
"Hemlock_Woolly_Adelgid",-65.215132,44.439906
"Hemlock_Woolly_Adelgid",-77.351443,38.974355
"Hemlock_Woolly_Adelgid",-79.98994,40.362187
"Hemlock_Woolly_Adelgid",-72.6329,42.665117
"Hemlock_Woolly_Adelgid",-77.315185,38.705348
"Hemlock_Woolly_Adelgid",-71.032014,42.723586
"Hemlock_Woolly_Adelgid",-71.081878,42.464536
"Hemlock_Woolly_Adelgid",-72.442667,42.596618
"Hemlock_Woolly_Adelgid",-71.124414,42.454544
"Hemlock_Woolly_Adelgid",-82.63382,35.479145
"Hemlock_Woolly_Adelgid",-70.257592,43.592955
"Hemlock_Woolly_Adelgid",-77.053903,38.943346
"Hemlock_Woolly_Adelgid",-71.032739,42.723597
"Hemlock_Woolly_Adelgid",-71.178102,43.105853
"Hemlock_Woolly_Adelgid",-83.510164,35.714259
"Hemlock_Woolly_Adelgid",-71.026567,42.728333
"Hemlock_Woolly_Adelgid",-74.894029,40.922347
"Hemlock_Woolly_Adelgid",-72.004776,42.992348
"Hemlock_Woolly_Adelgid",-71.081344,42.449772
"Hemlock_Woolly_Adelgid",-64.946509,44.314986
"Hemlock_Woolly_Adelgid",-75.986976,40.633679
"Hemlock_Woolly_Adelgid",-65.558212,44.791405
"Hemlock_Woolly_Adelgid",-65.77493,44.543231
"Hemlock_Woolly_Adelgid",-71.213871,42.422336
"Hemlock_Woolly_Adelgid",-75.201051,40.048417
"Hemlock_Woolly_Adelgid",-71.124417,42.454392
"Hemlock_Woolly_Adelgid",-77.120911,38.919037
"Hemlock_Woolly_Adelgid",-75.088924,39.712117
"Hemlock_Woolly_Adelgid",-82.545411,35.586363
"Hemlock_Woolly_Adelgid",-74.12228,41.7924
"Hemlock_Woolly_Adelgid",-74.21612,41.72999
"Hemlock_Woolly_Adelgid",-74.21467,41.72625
"Hemlock_Woolly_Adelgid",-74.21737,41.72372
"Hemlock_Woolly_Adelgid",-74.2133,41.72895
"Hemlock_Woolly_Adelgid",-74.14078,41.79437
"Hemlock_Woolly_Adelgid",-74.21533,41.72828
"Hemlock_Woolly_Adelgid",-74.11067,41.8127
"Hemlock_Woolly_Adelgid",-74.1289,41.78926
"Hemlock_Woolly_Adelgid",-74.19683,41.7338
"Hemlock_Woolly_Adelgid",-74.21681,41.72617
"Hemlock_Woolly_Adelgid",-74.1681,41.7563
"Hemlock_Woolly_Adelgid",-74.21514,41.7293
"Hemlock_Woolly_Adelgid",-74.21807,41.7318
"Hemlock_Woolly_Adelgid",-74.10966,41.78606
"Hemlock_Woolly_Adelgid",-74.21605,41.72504
"Hemlock_Woolly_Adelgid",-74.19193,41.74494
"Hemlock_Woolly_Adelgid",-74.21826,41.72487
"Hemlock_Woolly_Adelgid",-74.21816,41.72964
"Hemlock_Woolly_Adelgid",-74.1494,41.78744
"Hemlock_Woolly_Adelgid",-74.22085,41.72061
"Hemlock_Woolly_Adelgid",-74.11091,41.78539
"Hemlock_Woolly_Adelgid",-74.08931,41.83122
"Hemlock_Woolly_Adelgid",-74.11485,41.80137
"Hemlock_Woolly_Adelgid",-77.912325,40.21082
"Hemlock_Woolly_Adelgid",-84.474423,34.838083
"Hemlock_Woolly_Adelgid",-82.549203,35.54025
"Hemlock_Woolly_Adelgid",-76.97313,38.908742
"Hemlock_Woolly_Adelgid",-80.296281,36.146408
"Hemlock_Woolly_Adelgid",-75.147925,41.10175
"Hemlock_Woolly_Adelgid",-122.371737,47.711651
"Hemlock_Woolly_Adelgid",-73.045165,42.690949
"Hemlock_Woolly_Adelgid",-65.409531,44.578072
"Hemlock_Woolly_Adelgid",-79.454163,39.497855
"Hemlock_Woolly_Adelgid",-73.212455,42.635517
"Hemlock_Woolly_Adelgid",-79.750914,38.912296
"Hemlock_Woolly_Adelgid",-81.926345,35.94778
"Hemlock_Woolly_Adelgid",-76.453315,42.455605
"Hemlock_Woolly_Adelgid",-73.220102,42.638375
"Hemlock_Woolly_Adelgid",-80.465256,36.483014
"Hemlock_Woolly_Adelgid",-79.43988,39.5956
"Hemlock_Woolly_Adelgid",-77.359322,42.73757
"Hemlock_Woolly_Adelgid",-80.051664,40.386208
"Hemlock_Woolly_Adelgid",-76.394142,40.015815
"Hemlock_Woolly_Adelgid",-79.338905,42.456147
"Hemlock_Woolly_Adelgid",-82.56758,35.616342
"Hemlock_Woolly_Adelgid",-72.178848,42.456257
"Hemlock_Woolly_Adelgid",-76.791412,40.446243
"Hemlock_Woolly_Adelgid",-79.974075,39.649928
"Hemlock_Woolly_Adelgid",-76.994096,38.985271
"Hemlock_Woolly_Adelgid",-77.798441,40.777941
"Hemlock_Woolly_Adelgid",-78.657561,38.258756
"Hemlock_Woolly_Adelgid",-65.770175,44.587414
"Hemlock_Woolly_Adelgid",-80.170821,40.463675
"Hemlock_Woolly_Adelgid",-79.961875,39.647208
"Hemlock_Woolly_Adelgid",-83.195352,37.25236
"Hemlock_Woolly_Adelgid",-78.907988,42.609525
"Hemlock_Woolly_Adelgid",-71.78768,42.880283
"Hemlock_Woolly_Adelgid",-73.974403,40.669937
"Hemlock_Woolly_Adelgid",-81.646186,38.338772
"Hemlock_Woolly_Adelgid",-65.232073,44.397493
"Hemlock_Woolly_Adelgid",-82.495122,35.579425
"Hemlock_Woolly_Adelgid",-83.70798,35.660022
"Hemlock_Woolly_Adelgid",-81.119991,35.965534
"Hemlock_Woolly_Adelgid",-72.189275,42.781118
"Hemlock_Woolly_Adelgid",-72.523611,42.396111
"Hemlock_Woolly_Adelgid",-74.865785,40.667152
"Hemlock_Woolly_Adelgid",-81.033487,38.052622
"Hemlock_Woolly_Adelgid",-72.493287,42.422013
"Hemlock_Woolly_Adelgid",-81.645369,38.33765
"Hemlock_Woolly_Adelgid",-81.912072,36.170717
"Hemlock_Woolly_Adelgid",-83.535234,37.810467
"Hemlock_Woolly_Adelgid",-77.755312,40.764433
"Hemlock_Woolly_Adelgid",-65.753414,44.519736
"Hemlock_Woolly_Adelgid",-80.171261,40.46342
"Hemlock_Woolly_Adelgid",-82.495754,36.294207
"Hemlock_Woolly_Adelgid",-77.755187,40.76404
"Hemlock_Woolly_Adelgid",-84.249638,34.557776
"Hemlock_Woolly_Adelgid",-76.964869,38.908815
"Hemlock_Woolly_Adelgid",-71.088622,42.444653
"Hemlock_Woolly_Adelgid",-76.583183,39.102435
"Hemlock_Woolly_Adelgid",-77.039453,40.3778
"Hemlock_Woolly_Adelgid",-71.20774,43.153018
"Hemlock_Woolly_Adelgid",-79.498141,39.107497
"Hemlock_Woolly_Adelgid",-71.111777,43.247939
"Hemlock_Woolly_Adelgid",-85.478528,34.845069
"Hemlock_Woolly_Adelgid",-77.755245,40.764611
"Hemlock_Woolly_Adelgid",-73.615633,41.451908
"Hemlock_Woolly_Adelgid",-72.597554,42.291971
"Hemlock_Woolly_Adelgid",-73.22232,42.702272
"Hemlock_Woolly_Adelgid",-72.557232,42.453425
"Hemlock_Woolly_Adelgid",-77.928175,40.8104
"Hemlock_Woolly_Adelgid",-72.488528,41.823508
"Hemlock_Woolly_Adelgid",-77.164276,39.366724
"Hemlock_Woolly_Adelgid",-72.181367,42.535276
"Hemlock_Woolly_Adelgid",-76.878514,38.470769
"Hemlock_Woolly_Adelgid",-72.819995,41.620933
"Hemlock_Woolly_Adelgid",-72.396493,42.649578
"Hemlock_Woolly_Adelgid",-71.942347,43.082305
"Hemlock_Woolly_Adelgid",-74.892555,41.230597
"Hemlock_Woolly_Adelgid",-80.269139,36.395428
"Hemlock_Woolly_Adelgid",-76.583452,39.102308
"Hemlock_Woolly_Adelgid",-74.952637,40.978836
"Hemlock_Woolly_Adelgid",-78.355499,38.177796
"Hemlock_Woolly_Adelgid",-71.968651,43.051969
"Hemlock_Woolly_Adelgid",-84.795463,36.552505
"Hemlock_Woolly_Adelgid",-79.335792,42.456628
"Hemlock_Woolly_Adelgid",-72.5632,42.285717
"Hemlock_Woolly_Adelgid",-79.987,40.592155
"Hemlock_Woolly_Adelgid",-80.477109,37.276353
"Hemlock_Woolly_Adelgid",-77.910715,40.668232
"Hemlock_Woolly_Adelgid",-75.232877,40.448324
"Hemlock_Woolly_Adelgid",-76.532727,42.432598
"Hemlock_Woolly_Adelgid",-71.50046,42.752038
"Hemlock_Woolly_Adelgid",-82.566662,35.612846
"Hemlock_Woolly_Adelgid",-80.946614,37.980632
"Hemlock_Woolly_Adelgid",-82.802108,35.781819
"Hemlock_Woolly_Adelgid",-79.98728,40.59178
"Hemlock_Woolly_Adelgid",-71.665451,41.975519
"Hemlock_Woolly_Adelgid",-73.809197,42.882253
"Hemlock_Woolly_Adelgid",-72.268597,42.732286
"Hemlock_Woolly_Adelgid",-71.882056,42.439852
"Hemlock_Woolly_Adelgid",-82.643932,35.474912
"Hemlock_Woolly_Adelgid",-72.047213,42.526518
"Hemlock_Woolly_Adelgid",-82.610627,35.48031
"Hemlock_Woolly_Adelgid",-72.793052,42.598568
"Hemlock_Woolly_Adelgid",-71.654818,41.978067
"Hemlock_Woolly_Adelgid",-78.895095,40.372237
"Hemlock_Woolly_Adelgid",-72.667052,42.184875
"Hemlock_Woolly_Adelgid",-83.84267,34.933959
"Hemlock_Woolly_Adelgid",-72.404788,42.598822
"Hemlock_Woolly_Adelgid",-79.229961,39.706239
"Hemlock_Woolly_Adelgid",-65.203287,44.370195
"Hemlock_Woolly_Adelgid",-72.211807,42.439357
"Hemlock_Woolly_Adelgid",-71.124428,42.454547
"Hemlock_Woolly_Adelgid",-83.946251,34.768514
"Hemlock_Woolly_Adelgid",-72.159857,42.457685
"Hemlock_Woolly_Adelgid",-80.158663,40.487562
"Hemlock_Woolly_Adelgid",-77.388417,38.744748
"Hemlock_Woolly_Adelgid",-77.948068,40.059528
"Hemlock_Woolly_Adelgid",-71.956649,43.071947
"Hemlock_Woolly_Adelgid",-79.713302,40.62725
"Hemlock_Woolly_Adelgid",-79.418074,39.019829
"Hemlock_Woolly_Adelgid",-71.081994,42.441628
"Hemlock_Woolly_Adelgid",-83.715163,37.651737
"Hemlock_Woolly_Adelgid",-77.645021,41.022619
"Hemlock_Woolly_Adelgid",-79.505775,40.710628
"Hemlock_Woolly_Adelgid",-76.605576,42.542267
"Hemlock_Woolly_Adelgid",-74.591425,40.90281
"Hemlock_Woolly_Adelgid",-74.447118,40.499889
"Hemlock_Woolly_Adelgid",-72.488975,42.545912
"Hemlock_Woolly_Adelgid",-82.461131,36.876422
"Hemlock_Woolly_Adelgid",-79.507858,40.71067
"Hemlock_Woolly_Adelgid",-82.308872,35.640625
"Hemlock_Woolly_Adelgid",-84.231286,34.699248
"Hemlock_Woolly_Adelgid",-79.615793,40.623833
"Hemlock_Woolly_Adelgid",-76.638353,42.409305
"Hemlock_Woolly_Adelgid",-77.478424,43.044034
"Hemlock_Woolly_Adelgid",-76.838801,40.214516
"Hemlock_Woolly_Adelgid",-75.372322,40.593187
"Hemlock_Woolly_Adelgid",-72.388205,42.466078
"Hemlock_Woolly_Adelgid",-64.836702,44.333331
"Hemlock_Woolly_Adelgid",-73.895295,42.608463
"Hemlock_Woolly_Adelgid",-74.04757,42.663853
"Hemlock_Woolly_Adelgid",-83.238258,35.759845
"Hemlock_Woolly_Adelgid",-83.271202,35.762519
"Hemlock_Woolly_Adelgid",-83.793197,35.607055
"Hemlock_Woolly_Adelgid",-72.386506,42.459659
"Hemlock_Woolly_Adelgid",-72.462715,42.422325
"Hemlock_Woolly_Adelgid",-77.458782,39.997718
"Hemlock_Woolly_Adelgid",-81.657562,38.270542
"Hemlock_Woolly_Adelgid",-78.015242,41.352986
"Hemlock_Woolly_Adelgid",-76.804439,40.409558
"Hemlock_Woolly_Adelgid",-76.532435,42.432367
"Hemlock_Woolly_Adelgid",-72.475715,42.232211
"Hemlock_Woolly_Adelgid",-72.251567,42.551055
"Hemlock_Woolly_Adelgid",-78.767876,39.79498
"Hemlock_Woolly_Adelgid",-77.558377,43.234458
"Hemlock_Woolly_Adelgid",-72.599892,42.289433
"Hemlock_Woolly_Adelgid",-72.599542,42.28953
"Hemlock_Woolly_Adelgid",-71.087197,42.463625
"Hemlock_Woolly_Adelgid",-72.217505,42.6535
"Hemlock_Woolly_Adelgid",-65.220949,44.482567
"Hemlock_Woolly_Adelgid",-72.59983,42.289478
"Hemlock_Woolly_Adelgid",-72.205248,42.649397
"Hemlock_Woolly_Adelgid",-72.59967,42.289587
"Hemlock_Woolly_Adelgid",-72.598862,42.289545
"Hemlock_Woolly_Adelgid",-76.442271,42.463017
"Hemlock_Woolly_Adelgid",-85.282533,35.1881
"Hemlock_Woolly_Adelgid",-78.802885,40.615242
"Hemlock_Woolly_Adelgid",-76.394738,42.972713
"Hemlock_Woolly_Adelgid",-79.867217,39.626513
"Hemlock_Woolly_Adelgid",-65.019095,44.378694
"Hemlock_Woolly_Adelgid",-72.430022,42.514508
"Hemlock_Woolly_Adelgid",-76.603038,42.529779
"Hemlock_Woolly_Adelgid",-83.289898,35.396552
"Hemlock_Woolly_Adelgid",-71.455345,42.465103
"Hemlock_Woolly_Adelgid",-74.379342,41.025008
"Hemlock_Woolly_Adelgid",-74.441811,40.908604
"Hemlock_Woolly_Adelgid",-81.577637,36.271528
"Hemlock_Woolly_Adelgid",-72.487463,42.421505
"Hemlock_Woolly_Adelgid",-72.483527,42.378922
"Hemlock_Woolly_Adelgid",-77.471748,39.807317
"Hemlock_Woolly_Adelgid",-82.60445,35.49538
"Hemlock_Woolly_Adelgid",-83.2108,35.776537
"Hemlock_Woolly_Adelgid",-71.839788,42.256493
"Hemlock_Woolly_Adelgid",-122.535318,48.778259
"Hemlock_Woolly_Adelgid",-74.860749,41.156391
"Hemlock_Woolly_Adelgid",-71.466349,42.481771
"Hemlock_Woolly_Adelgid",-71.124375,42.454564
"Hemlock_Woolly_Adelgid",-79.272203,39.378375
"Hemlock_Woolly_Adelgid",-84.671754,36.195565
"Hemlock_Woolly_Adelgid",-78.87188,42.43937
"Hemlock_Woolly_Adelgid",-76.715522,39.617638
"Hemlock_Woolly_Adelgid",-76.948261,40.221972
"Hemlock_Woolly_Adelgid",-73.969001,40.780531
"Hemlock_Woolly_Adelgid",-72.156423,42.511925
"Hemlock_Woolly_Adelgid",-82.72195,35.285566
"Hemlock_Woolly_Adelgid",-77.482812,39.543397
"Hemlock_Woolly_Adelgid",-83.866295,35.603603
"Hemlock_Woolly_Adelgid",-71.153687,42.459694
"Hemlock_Woolly_Adelgid",-74.609025,40.574283
"Hemlock_Woolly_Adelgid",-70.989794,43.052843
"Hemlock_Woolly_Adelgid",-76.925741,40.534958
"Hemlock_Woolly_Adelgid",-77.032997,39.059422
"Hemlock_Woolly_Adelgid",-76.64273,40.257083
"Hemlock_Woolly_Adelgid",-83.690238,35.643297
"Hemlock_Woolly_Adelgid",-83.189147,35.053947
"Hemlock_Woolly_Adelgid",-71.099372,42.299642
"Hemlock_Woolly_Adelgid",-74.304488,41.075958
"Hemlock_Woolly_Adelgid",-71.825283,42.426905
"Hemlock_Woolly_Adelgid",-82.377412,36.055108
"Hemlock_Woolly_Adelgid",-74.963209,42.479767
"Hemlock_Woolly_Adelgid",-71.211048,43.151875
"Hemlock_Woolly_Adelgid",-71.124405,42.454537
"Hemlock_Woolly_Adelgid",-83.36487,35.717578
"Hemlock_Woolly_Adelgid",-81.524131,35.901208
"Hemlock_Woolly_Adelgid",-71.929386,41.364121
"Hemlock_Woolly_Adelgid",-71.088805,42.444742
"Hemlock_Woolly_Adelgid",-81.524221,35.901403
"Hemlock_Woolly_Adelgid",-73.492242,42.37913
"Hemlock_Woolly_Adelgid",-75.232583,40.083725
"Hemlock_Woolly_Adelgid",-72.466746,42.415936
"Hemlock_Woolly_Adelgid",-78.063855,40.914804
"Hemlock_Woolly_Adelgid",-71.088722,42.444778
"Hemlock_Woolly_Adelgid",-72.518159,42.856054
"Hemlock_Woolly_Adelgid",-77.483191,43.248828
"Hemlock_Woolly_Adelgid",-73.697975,41.647108
"Hemlock_Woolly_Adelgid",-80.479566,37.199806
"Hemlock_Woolly_Adelgid",-69.96231,43.823013
"Hemlock_Woolly_Adelgid",-79.609042,38.384862
"Hemlock_Woolly_Adelgid",-79.163521,40.626446
"Hemlock_Woolly_Adelgid",-74.173132,41.224029
"Hemlock_Woolly_Adelgid",-74.160643,41.22772
"Hemlock_Woolly_Adelgid",-72.88811,42.695461
"Hemlock_Woolly_Adelgid",-84.06607,35.35257
"Hemlock_Woolly_Adelgid",-82.661793,35.474313
"Hemlock_Woolly_Adelgid",-71.118757,42.218279
"Hemlock_Woolly_Adelgid",-74.237397,41.73407
"Hemlock_Woolly_Adelgid",-71.698513,41.903223
"Hemlock_Woolly_Adelgid",-79.105005,42.609738
"Hemlock_Woolly_Adelgid",-123.099868,44.08106
"Hemlock_Woolly_Adelgid",-72.540353,42.330308
"Hemlock_Woolly_Adelgid",-73.515045,42.221561
"Hemlock_Woolly_Adelgid",-77.363477,38.78137
"Hemlock_Woolly_Adelgid",-74.227555,41.737837
"Hemlock_Woolly_Adelgid",-80.678432,41.079688
"Hemlock_Woolly_Adelgid",-76.880028,42.373025
"Hemlock_Woolly_Adelgid",-77.482225,43.127528
"Hemlock_Woolly_Adelgid",-77.463303,39.549195
"Hemlock_Woolly_Adelgid",-73.970518,40.780209
"Hemlock_Woolly_Adelgid",-74.16477,41.224533
"Hemlock_Woolly_Adelgid",-83.044258,35.159214
"Hemlock_Woolly_Adelgid",-70.784068,42.004819
"Hemlock_Woolly_Adelgid",-73.590011,42.485197
"Hemlock_Woolly_Adelgid",-72.405625,42.471962
"Hemlock_Woolly_Adelgid",-85.395912,35.146931
"Hemlock_Woolly_Adelgid",-77.414995,42.615762
"Hemlock_Woolly_Adelgid",-74.487859,40.618199
"Hemlock_Woolly_Adelgid",-76.723663,39.621497
"Hemlock_Woolly_Adelgid",-73.506853,42.116956
"Hemlock_Woolly_Adelgid",-72.40439,42.873195
"Hemlock_Woolly_Adelgid",-75.351966,41.126457
"Hemlock_Woolly_Adelgid",-73.579059,41.323434
"Hemlock_Woolly_Adelgid",-71.088686,42.444725
"Hemlock_Woolly_Adelgid",-83.585955,35.659979
"Hemlock_Woolly_Adelgid",-79.412828,39.530828
"Hemlock_Woolly_Adelgid",-72.870108,42.322555
"Hemlock_Woolly_Adelgid",-73.224696,41.471867
"Hemlock_Woolly_Adelgid",-72.470045,42.415743
"Hemlock_Woolly_Adelgid",-71.089081,42.444681
"Hemlock_Woolly_Adelgid",-85.677208,35.183212
"Hemlock_Woolly_Adelgid",-73.49948,42.11555
"Hemlock_Woolly_Adelgid",-76.925304,40.452498
"Hemlock_Woolly_Adelgid",-79.338553,42.456244
"Hemlock_Woolly_Adelgid",-77.493662,41.430737
"Hemlock_Woolly_Adelgid",-77.079722,42.114565
"Hemlock_Woolly_Adelgid",-65.249614,44.405307
"Hemlock_Woolly_Adelgid",-72.127779,41.907306
"Hemlock_Woolly_Adelgid",-85.377319,34.924933
"Hemlock_Woolly_Adelgid",-74.23153,41.737972
"Hemlock_Woolly_Adelgid",-72.702173,42.402118
"Hemlock_Woolly_Adelgid",-74.24858,41.730775
"Hemlock_Woolly_Adelgid",-74.229255,41.737945
"Hemlock_Woolly_Adelgid",-72.556529,41.984666
"Hemlock_Woolly_Adelgid",-71.084664,42.448283
"Hemlock_Woolly_Adelgid",-74.235292,41.736437
"Hemlock_Woolly_Adelgid",-78.254455,43.37019
"Hemlock_Woolly_Adelgid",-79.949464,40.854037
"Hemlock_Woolly_Adelgid",-77.863068,40.799392
"Hemlock_Woolly_Adelgid",-65.210092,44.437642
"Hemlock_Woolly_Adelgid",-74.014786,40.6883
"Hemlock_Woolly_Adelgid",-71.083183,42.441881
"Hemlock_Woolly_Adelgid",-74.236047,41.7343
"Hemlock_Woolly_Adelgid",-79.951621,40.608343
"Hemlock_Woolly_Adelgid",-77.651755,42.557095
"Hemlock_Woolly_Adelgid",-65.214718,44.438334
"Hemlock_Woolly_Adelgid",-69.736938,43.856353
"Hemlock_Woolly_Adelgid",-82.214204,35.448403
"Hemlock_Woolly_Adelgid",-75.720331,39.934258
"Hemlock_Woolly_Adelgid",-71.246072,42.327367
"Hemlock_Woolly_Adelgid",-76.925145,39.38877
"Hemlock_Woolly_Adelgid",-77.115054,40.311086
"Hemlock_Woolly_Adelgid",-72.142744,42.451757
"Hemlock_Woolly_Adelgid",-76.753197,39.669425
"Hemlock_Woolly_Adelgid",-65.388044,44.446529
"Hemlock_Woolly_Adelgid",-77.457825,42.699787
"Hemlock_Woolly_Adelgid",-77.521995,43.131089
"Hemlock_Woolly_Adelgid",-82.195751,35.675099
"Hemlock_Woolly_Adelgid",-76.249206,39.77942
"Hemlock_Woolly_Adelgid",-77.560013,43.23462
"Hemlock_Woolly_Adelgid",-71.143372,42.371608
"Hemlock_Woolly_Adelgid",-72.199003,42.67529
"Hemlock_Woolly_Adelgid",-76.817387,41.218765
"Hemlock_Woolly_Adelgid",-80.679359,41.084663
"Hemlock_Woolly_Adelgid",-83.59933,35.169814
"Hemlock_Woolly_Adelgid",-76.272197,42.787765
"Hemlock_Woolly_Adelgid",-72.966611,41.829383
"Hemlock_Woolly_Adelgid",-73.448067,42.103447
"Hemlock_Woolly_Adelgid",-71.181987,42.442592
"Hemlock_Woolly_Adelgid",-77.558678,43.235128
"Hemlock_Woolly_Adelgid",-71.112136,42.612197
"Hemlock_Woolly_Adelgid",-83.240481,35.08131
"Hemlock_Woolly_Adelgid",-79.3115,39.537845
"Hemlock_Woolly_Adelgid",-77.482117,43.043725
"Hemlock_Woolly_Adelgid",-72.207846,42.624387
"Hemlock_Woolly_Adelgid",-71.143822,42.372983
"Hemlock_Woolly_Adelgid",-79.366457,38.839047
"Hemlock_Woolly_Adelgid",-72.222472,42.62309
"Hemlock_Woolly_Adelgid",-82.459563,35.620634
"Hemlock_Woolly_Adelgid",-77.480187,43.035156
"Hemlock_Woolly_Adelgid",-72.30854,42.529107
"Hemlock_Woolly_Adelgid",-77.489058,43.127572
"Hemlock_Woolly_Adelgid",-77.571487,43.039142
"Hemlock_Woolly_Adelgid",-77.456437,42.702162
"Hemlock_Woolly_Adelgid",-70.391905,43.479075
"Hemlock_Woolly_Adelgid",-77.896125,39.909331
"Hemlock_Woolly_Adelgid",-71.124405,42.454595
"Hemlock_Woolly_Adelgid",-83.647096,35.501107
"Hemlock_Woolly_Adelgid",-65.12697,44.365532
"Hemlock_Woolly_Adelgid",-79.703872,40.708672
"Hemlock_Woolly_Adelgid",-72.476017,42.838558
"Hemlock_Woolly_Adelgid",-77.651472,42.556488
"Hemlock_Woolly_Adelgid",-71.513907,42.201676
"Hemlock_Woolly_Adelgid",-65.481019,44.026266
"Hemlock_Woolly_Adelgid",-72.639627,42.429566
"Hemlock_Woolly_Adelgid",-82.227054,35.750013
"Hemlock_Woolly_Adelgid",-82.181733,35.83078
"Hemlock_Woolly_Adelgid",-65.480772,44.02641
"Hemlock_Woolly_Adelgid",-76.900322,40.9631
"Hemlock_Woolly_Adelgid",-82.6429,35.1434
"Hemlock_Woolly_Adelgid",-72.470613,42.307582
"Hemlock_Woolly_Adelgid",-77.474037,43.247987
"Hemlock_Woolly_Adelgid",-77.216303,39.207032
"Hemlock_Woolly_Adelgid",-77.571922,42.724663
"Hemlock_Woolly_Adelgid",-72.715482,42.477632
"Hemlock_Woolly_Adelgid",-71.143258,42.371617
"Hemlock_Woolly_Adelgid",-80.677572,41.081894
"Hemlock_Woolly_Adelgid",-77.559067,43.235217
"Hemlock_Woolly_Adelgid",-73.834443,42.767176
"Hemlock_Woolly_Adelgid",-72.327783,42.669722
"Hemlock_Woolly_Adelgid",-78.028542,42.596888
"Hemlock_Woolly_Adelgid",-72.587258,42.589513
"Hemlock_Woolly_Adelgid",-72.711583,42.453387
"Hemlock_Woolly_Adelgid",-80.678767,41.081699
"Hemlock_Woolly_Adelgid",-71.125,42.455361
"Hemlock_Woolly_Adelgid",-71.08203,42.441647
"Hemlock_Woolly_Adelgid",-72.45758,42.489052
"Hemlock_Woolly_Adelgid",-79.353157,40.313526
"Hemlock_Woolly_Adelgid",-81.671136,36.127222
"Hemlock_Woolly_Adelgid",-71.735733,42.129784
"Hemlock_Woolly_Adelgid",-77.47403,43.24793
"Hemlock_Woolly_Adelgid",-72.587077,42.861196
"Hemlock_Woolly_Adelgid",-85.550542,35.441085
"Hemlock_Woolly_Adelgid",-71.376512,42.558638
"Hemlock_Woolly_Adelgid",-64.438625,45.028195
"Hemlock_Woolly_Adelgid",-65.209079,44.438572
"Hemlock_Woolly_Adelgid",-71.84617,42.630397
"Hemlock_Woolly_Adelgid",-78.485713,39.346059
"Hemlock_Woolly_Adelgid",-75.727188,40.051972
"Hemlock_Woolly_Adelgid",-72.171389,42.464312
"Hemlock_Woolly_Adelgid",-79.444536,40.898302
"Hemlock_Woolly_Adelgid",-77.46018,42.704412
"Hemlock_Woolly_Adelgid",-80.677964,41.081449
"Hemlock_Woolly_Adelgid",-77.510422,38.828363
"Hemlock_Woolly_Adelgid",-65.131592,44.365326
"Hemlock_Woolly_Adelgid",-77.480387,43.044808
"Hemlock_Woolly_Adelgid",-82.700761,35.032252
"Hemlock_Woolly_Adelgid",-74.327806,41.414083
"Hemlock_Woolly_Adelgid",-77.60778,42.738205
"Hemlock_Woolly_Adelgid",-65.259255,44.312345
"Hemlock_Woolly_Adelgid",-74.892908,41.230731
"Hemlock_Woolly_Adelgid",-82.257278,35.181763
"Hemlock_Woolly_Adelgid",-74.148392,42.229347
"Hemlock_Woolly_Adelgid",-80.679359,41.084663
"Hemlock_Woolly_Adelgid",-77.479662,43.047133
"Hemlock_Woolly_Adelgid",-83.352586,35.346742
"Hemlock_Woolly_Adelgid",-71.11604,43.248228
"Hemlock_Woolly_Adelgid",-71.373153,42.559445
"Hemlock_Woolly_Adelgid",-71.866184,42.763884
"Hemlock_Woolly_Adelgid",-81.493059,36.258916
"Hemlock_Woolly_Adelgid",-65.401481,44.151856
"Hemlock_Woolly_Adelgid",-77.459,42.707595
"Hemlock_Woolly_Adelgid",-79.720528,40.709643
"Hemlock_Woolly_Adelgid",-77.489096,43.127707
"Hemlock_Woolly_Adelgid",-77.651938,42.557312
"Hemlock_Woolly_Adelgid",-77.5729,42.734345
"Hemlock_Woolly_Adelgid",-71.529027,43.773739
"Hemlock_Woolly_Adelgid",-82.311845,35.784455
"Hemlock_Woolly_Adelgid",-72.410983,42.300044
"Hemlock_Woolly_Adelgid",-77.458397,42.70627
"Hemlock_Woolly_Adelgid",-83.181105,34.824317
"Hemlock_Woolly_Adelgid",-65.335284,44.452111
"Hemlock_Woolly_Adelgid",-82.171711,35.721587
"Hemlock_Woolly_Adelgid",-72.463823,42.898367
"Hemlock_Woolly_Adelgid",-71.550322,42.457753
"Hemlock_Woolly_Adelgid",-73.283662,42.434508
"Hemlock_Woolly_Adelgid",-71.986181,42.978051
"Hemlock_Woolly_Adelgid",-76.652126,40.479656
"Hemlock_Woolly_Adelgid",-80.6784,41.080292
"Hemlock_Woolly_Adelgid",-77.461778,42.703617
"Hemlock_Woolly_Adelgid",-65.133522,44.367462
"Hemlock_Woolly_Adelgid",-80.679359,41.084663
"Hemlock_Woolly_Adelgid",-73.506378,42.116742
"Hemlock_Woolly_Adelgid",-71.332458,42.402412
"Hemlock_Woolly_Adelgid",-65.479627,44.027666
"Hemlock_Woolly_Adelgid",-75.834265,41.554522
"Hemlock_Woolly_Adelgid",-77.462303,43.245238
"Hemlock_Woolly_Adelgid",-77.596947,42.68705
"Hemlock_Woolly_Adelgid",-77.578912,43.227563
"Hemlock_Woolly_Adelgid",-77.460603,43.247595
"Hemlock_Woolly_Adelgid",-77.462813,43.245312
"Hemlock_Woolly_Adelgid",-77.560487,43.234692
"Hemlock_Woolly_Adelgid",-77.62313,43.211497
"Hemlock_Woolly_Adelgid",-79.479449,39.113691
"Hemlock_Woolly_Adelgid",-75.138686,40.9749
"Hemlock_Woolly_Adelgid",-73.114343,42.424504
"Hemlock_Woolly_Adelgid",-70.05008,43.874205
"Hemlock_Woolly_Adelgid",-77.800745,43.010925
"Hemlock_Woolly_Adelgid",-76.386866,39.885026
"Hemlock_Woolly_Adelgid",-77.48182,43.043808
"Hemlock_Woolly_Adelgid",-71.124397,42.454575
"Hemlock_Woolly_Adelgid",-76.974595,43.243758
"Hemlock_Woolly_Adelgid",-71.080856,42.445028
"Hemlock_Woolly_Adelgid",-71.124467,42.454525
"Hemlock_Woolly_Adelgid",-76.269053,42.78189
"Hemlock_Woolly_Adelgid",-71.275608,43.51881
"Hemlock_Woolly_Adelgid",-83.494933,35.163475
"Hemlock_Woolly_Adelgid",-79.901508,40.518417
"Hemlock_Woolly_Adelgid",-77.479963,43.046714
"Hemlock_Woolly_Adelgid",-82.020901,36.008326
"Hemlock_Woolly_Adelgid",-71.92111,42.458028
"Hemlock_Woolly_Adelgid",-72.478012,42.840253
"Hemlock_Woolly_Adelgid",-76.499838,42.826827
"Hemlock_Woolly_Adelgid",-65.239958,44.401353
"Hemlock_Woolly_Adelgid",-81.532088,36.288672
"Hemlock_Woolly_Adelgid",-77.590905,43.131039
"Hemlock_Woolly_Adelgid",-80.489329,36.91107
"Hemlock_Woolly_Adelgid",-72.585478,42.591913
"Hemlock_Woolly_Adelgid",-65.248338,44.402473
"Hemlock_Woolly_Adelgid",-72.256145,42.468883
"Hemlock_Woolly_Adelgid",-77.883413,40.725961
"Hemlock_Woolly_Adelgid",-77.523338,43.153847
"Hemlock_Woolly_Adelgid",-79.925598,40.809754
"Hemlock_Woolly_Adelgid",-72.763215,42.406538
"Hemlock_Woolly_Adelgid",-77.479033,43.043278
"Hemlock_Woolly_Adelgid",-77.477303,43.042656
"Hemlock_Woolly_Adelgid",-79.501814,39.864989
"Hemlock_Woolly_Adelgid",-73.537522,40.836978
"Hemlock_Woolly_Adelgid",-71.978717,42.449597
"Hemlock_Woolly_Adelgid",-81.060402,37.478451
"Hemlock_Woolly_Adelgid",-72.518569,42.902992
"Hemlock_Woolly_Adelgid",-80.9243,38.188213
"Hemlock_Woolly_Adelgid",-81.056667,38.063135
"Hemlock_Woolly_Adelgid",-74.439195,40.482975
"Hemlock_Woolly_Adelgid",-78.416198,38.535144
"Hemlock_Woolly_Adelgid",-80.694842,41.08481
"Hemlock_Woolly_Adelgid",-72.385712,42.447932
"Hemlock_Woolly_Adelgid",-79.495129,39.108591
"Hemlock_Woolly_Adelgid",-77.473428,39.534753
"Hemlock_Woolly_Adelgid",-122.522428,47.306605
"Hemlock_Woolly_Adelgid",-79.890587,38.597408
"Hemlock_Woolly_Adelgid",-71.659562,42.404505
"Hemlock_Woolly_Adelgid",-71.124314,42.454597
"Hemlock_Woolly_Adelgid",-78.029987,40.031406
"Hemlock_Woolly_Adelgid",-79.285227,39.383863
"Hemlock_Woolly_Adelgid",-81.648712,38.279373
"Hemlock_Woolly_Adelgid",-72.234952,42.373677
"Hemlock_Woolly_Adelgid",-79.986075,40.593628
"Hemlock_Woolly_Adelgid",-71.152953,42.280433
"Hemlock_Woolly_Adelgid",-77.751221,40.761705
"Hemlock_Woolly_Adelgid",-77.042656,39.144321
"Hemlock_Woolly_Adelgid",-77.514328,43.143945
"Hemlock_Woolly_Adelgid",-72.541985,42.731769
"Hemlock_Woolly_Adelgid",-76.373153,42.390863
"Hemlock_Woolly_Adelgid",-72.506553,42.521933
"Hemlock_Woolly_Adelgid",-80.165423,40.489761
"Hemlock_Woolly_Adelgid",-79.808699,39.634485
"Hemlock_Woolly_Adelgid",-71.124503,42.454539
"Hemlock_Woolly_Adelgid",-77.080086,39.034893
"Hemlock_Woolly_Adelgid",-77.2779,40.848263
"Hemlock_Woolly_Adelgid",-74.871178,41.222314
"Hemlock_Woolly_Adelgid",-76.4768,42.44793
"Hemlock_Woolly_Adelgid",-81.750259,38.298838
"Hemlock_Woolly_Adelgid",-72.443809,42.855846
"Hemlock_Woolly_Adelgid",-74.153,41.754
"Hemlock_Woolly_Adelgid",-74.153,41.754
"Hemlock_Woolly_Adelgid",-74.153,41.754
"Hemlock_Woolly_Adelgid",-74.153,41.754
"Hemlock_Woolly_Adelgid",-74.153,41.754
"Hemlock_Woolly_Adelgid",-74.153,41.754
"Hemlock_Woolly_Adelgid",-74.153,41.754
"Hemlock_Woolly_Adelgid",-74.153,41.754
"Hemlock_Woolly_Adelgid",-74.153,41.754
"Hemlock_Woolly_Adelgid",-74.153,41.754
"Hemlock_Woolly_Adelgid",-74.153,41.754
"Hemlock_Woolly_Adelgid",-74.153,41.754
"Hemlock_Woolly_Adelgid",-74.153,41.754
"Hemlock_Woolly_Adelgid",-74.153,41.754
"Hemlock_Woolly_Adelgid",-74.153,41.754
"Hemlock_Woolly_Adelgid",-74.153,41.754
"Hemlock_Woolly_Adelgid",-74.153,41.754
"Hemlock_Woolly_Adelgid",-74.153,41.754
"Hemlock_Woolly_Adelgid",-74.153,41.754
"Hemlock_Woolly_Adelgid",-74.153,41.754
"Hemlock_Woolly_Adelgid",-74.153,41.754
"Hemlock_Woolly_Adelgid",-74.153,41.754
"Hemlock_Woolly_Adelgid",-74.153,41.754
"Hemlock_Woolly_Adelgid",-74.153,41.754
"Hemlock_Woolly_Adelgid",-74.153,41.754
"Hemlock_Woolly_Adelgid",-74.153,41.754
"Hemlock_Woolly_Adelgid",-74.153,41.754
"Hemlock_Woolly_Adelgid",-74.153,41.754
"Hemlock_Woolly_Adelgid",-74.153,41.754
"Hemlock_Woolly_Adelgid",-74.153,41.754
"Hemlock_Woolly_Adelgid",-74.153,41.754
"Hemlock_Woolly_Adelgid",-74.153,41.754
"Hemlock_Woolly_Adelgid",-74.153,41.754
"Hemlock_Woolly_Adelgid",-74.153,41.754
"Hemlock_Woolly_Adelgid",-74.153,41.754
"Hemlock_Woolly_Adelgid",-74.153,41.754
"Hemlock_Woolly_Adelgid",-74.153,41.754
"Hemlock_Woolly_Adelgid",-74.153,41.754
"Hemlock_Woolly_Adelgid",-74.153,41.754
"Hemlock_Woolly_Adelgid",-74.153,41.754
"Hemlock_Woolly_Adelgid",-74.153,41.754
"Hemlock_Woolly_Adelgid",-74.153,41.754
"Hemlock_Woolly_Adelgid",-74.153,41.754
"Hemlock_Woolly_Adelgid",-74.153,41.754
"Hemlock_Woolly_Adelgid",-74.153,41.754
"Hemlock_Woolly_Adelgid",-74.153,41.754
"Hemlock_Woolly_Adelgid",-74.153,41.754
"Hemlock_Woolly_Adelgid",-74.153,41.754
"Hemlock_Woolly_Adelgid",-74.153,41.754
"Hemlock_Woolly_Adelgid",-74.153,41.754
"Hemlock_Woolly_Adelgid",-74.153,41.754
"Hemlock_Woolly_Adelgid",-74.153,41.754
"Hemlock_Woolly_Adelgid",-74.153,41.754
"Hemlock_Woolly_Adelgid",-74.153,41.754
"Hemlock_Woolly_Adelgid",-74.153,41.754
"Hemlock_Woolly_Adelgid",-74.153,41.754
"Hemlock_Woolly_Adelgid",-74.153,41.754
"Hemlock_Woolly_Adelgid",-74.153,41.754
"Hemlock_Woolly_Adelgid",-74.153,41.754
"Hemlock_Woolly_Adelgid",-74.153,41.754
"Hemlock_Woolly_Adelgid",-74.153,41.754
"Hemlock_Woolly_Adelgid",-74.153,41.754
"Hemlock_Woolly_Adelgid",-74.153,41.754
"Hemlock_Woolly_Adelgid",-74.153,41.754
"Hemlock_Woolly_Adelgid",-74.153,41.754
"Hemlock_Woolly_Adelgid",-74.153,41.754
"Hemlock_Woolly_Adelgid",-74.153,41.754
"Hemlock_Woolly_Adelgid",-74.153,41.754
"Hemlock_Woolly_Adelgid",-74.153,41.754
"Hemlock_Woolly_Adelgid",-74.153,41.754
"Hemlock_Woolly_Adelgid",-74.153,41.754
"Hemlock_Woolly_Adelgid",-74.153,41.754
"Hemlock_Woolly_Adelgid",-74.153,41.754
"Hemlock_Woolly_Adelgid",-74.153,41.754
"Hemlock_Woolly_Adelgid",-74.153,41.754
"Hemlock_Woolly_Adelgid",-74.153,41.754
"Hemlock_Woolly_Adelgid",-74.153,41.754
"Hemlock_Woolly_Adelgid",-74.153,41.754
"Hemlock_Woolly_Adelgid",-74.153,41.754
"Hemlock_Woolly_Adelgid",-74.153,41.754
"Hemlock_Woolly_Adelgid",-74.153,41.754
"Hemlock_Woolly_Adelgid",-74.153,41.754
"Hemlock_Woolly_Adelgid",-74.153,41.754
"Hemlock_Woolly_Adelgid",-74.153,41.754
"Hemlock_Woolly_Adelgid",-74.153,41.754
"Hemlock_Woolly_Adelgid",-74.153,41.754
"Hemlock_Woolly_Adelgid",-74.153,41.754
"Hemlock_Woolly_Adelgid",-74.153,41.754
"Hemlock_Woolly_Adelgid",-74.153,41.754
"Hemlock_Woolly_Adelgid",-74.153,41.754
"Hemlock_Woolly_Adelgid",-74.153,41.754
"Hemlock_Woolly_Adelgid",-74.153,41.754
"Hemlock_Woolly_Adelgid",-74.153,41.754
"Hemlock_Woolly_Adelgid",-74.153,41.754
"Hemlock_Woolly_Adelgid",-74.153,41.754
"Hemlock_Woolly_Adelgid",-74.153,41.754
"Hemlock_Woolly_Adelgid",-74.153,41.754
"Hemlock_Woolly_Adelgid",-74.153,41.754
"Hemlock_Woolly_Adelgid",-74.153,41.754
"Hemlock_Woolly_Adelgid",-74.153,41.754
"Hemlock_Woolly_Adelgid",-74.153,41.754
"Hemlock_Woolly_Adelgid",-74.153,41.754
"Hemlock_Woolly_Adelgid",-74.153,41.754
"Hemlock_Woolly_Adelgid",-74.153,41.754
"Hemlock_Woolly_Adelgid",-74.153,41.754
"Hemlock_Woolly_Adelgid",-74.153,41.754
"Hemlock_Woolly_Adelgid",-74.153,41.754
"Hemlock_Woolly_Adelgid",-74.153,41.754
"Hemlock_Woolly_Adelgid",-74.153,41.754
"Hemlock_Woolly_Adelgid",-74.153,41.754
"Hemlock_Woolly_Adelgid",-74.153,41.754
"Hemlock_Woolly_Adelgid",-74.153,41.754
"Hemlock_Woolly_Adelgid",-74.153,41.754
"Hemlock_Woolly_Adelgid",-74.153,41.754
"Hemlock_Woolly_Adelgid",-74.153,41.754
"Hemlock_Woolly_Adelgid",-74.153,41.754
"Hemlock_Woolly_Adelgid",-74.153,41.754
"Hemlock_Woolly_Adelgid",-74.153,41.754
"Hemlock_Woolly_Adelgid",-74.153,41.754
"Hemlock_Woolly_Adelgid",-74.153,41.754
"Hemlock_Woolly_Adelgid",-74.153,41.754
"Hemlock_Woolly_Adelgid",-74.153,41.754
"Hemlock_Woolly_Adelgid",-74.153,41.754
"Hemlock_Woolly_Adelgid",-74.153,41.754
"Hemlock_Woolly_Adelgid",-74.153,41.754
"Hemlock_Woolly_Adelgid",-74.153,41.754
"Hemlock_Woolly_Adelgid",-74.153,41.754
"Hemlock_Woolly_Adelgid",-74.153,41.754
"Hemlock_Woolly_Adelgid",-74.153,41.754
"Hemlock_Woolly_Adelgid",-74.153,41.754
"Hemlock_Woolly_Adelgid",-74.153,41.754
"Hemlock_Woolly_Adelgid",-74.153,41.754
"Hemlock_Woolly_Adelgid",-74.153,41.754
"Hemlock_Woolly_Adelgid",-74.153,41.754
"Hemlock_Woolly_Adelgid",-74.153,41.754
"Hemlock_Woolly_Adelgid",-74.153,41.754
"Hemlock_Woolly_Adelgid",-74.153,41.754
"Hemlock_Woolly_Adelgid",-74.153,41.754
"Hemlock_Woolly_Adelgid",-74.153,41.754
"Hemlock_Woolly_Adelgid",-74.153,41.754
"Hemlock_Woolly_Adelgid",-74.153,41.754
"Hemlock_Woolly_Adelgid",-74.153,41.754
"Hemlock_Woolly_Adelgid",-74.153,41.754
"Hemlock_Woolly_Adelgid",-74.153,41.754
"Hemlock_Woolly_Adelgid",-74.153,41.754
"Hemlock_Woolly_Adelgid",-74.153,41.754
"Hemlock_Woolly_Adelgid",-74.153,41.754
"Hemlock_Woolly_Adelgid",-74.153,41.754
"Hemlock_Woolly_Adelgid",-74.153,41.754
"Hemlock_Woolly_Adelgid",-74.153,41.754
"Hemlock_Woolly_Adelgid",-74.153,41.754
"Hemlock_Woolly_Adelgid",-74.153,41.754
"Hemlock_Woolly_Adelgid",-74.153,41.754
"Hemlock_Woolly_Adelgid",-74.153,41.754
"Hemlock_Woolly_Adelgid",-74.153,41.754
"Hemlock_Woolly_Adelgid",-74.153,41.754
"Hemlock_Woolly_Adelgid",-74.153,41.754
"Hemlock_Woolly_Adelgid",-74.153,41.754
"Hemlock_Woolly_Adelgid",-74.153,41.754
"Hemlock_Woolly_Adelgid",-74.153,41.754
"Hemlock_Woolly_Adelgid",-74.153,41.754
"Hemlock_Woolly_Adelgid",-74.153,41.754
"Hemlock_Woolly_Adelgid",-74.153,41.754
"Hemlock_Woolly_Adelgid",-74.153,41.754
"Hemlock_Woolly_Adelgid",-74.153,41.754
"Hemlock_Woolly_Adelgid",-74.153,41.754
"Hemlock_Woolly_Adelgid",-74.153,41.754
"Hemlock_Woolly_Adelgid",-74.153,41.754
"Hemlock_Woolly_Adelgid",-74.153,41.754
"Hemlock_Woolly_Adelgid",-74.153,41.754
"Hemlock_Woolly_Adelgid",-74.153,41.754
"Hemlock_Woolly_Adelgid",-74.153,41.754
"Hemlock_Woolly_Adelgid",-74.153,41.754
"Hemlock_Woolly_Adelgid",-74.153,41.754
"Hemlock_Woolly_Adelgid",-74.153,41.754
"Hemlock_Woolly_Adelgid",-74.153,41.754
"Hemlock_Woolly_Adelgid",-74.153,41.754
"Hemlock_Woolly_Adelgid",-74.153,41.754
"Hemlock_Woolly_Adelgid",-74.153,41.754
"Hemlock_Woolly_Adelgid",-74.153,41.754
"Hemlock_Woolly_Adelgid",-74.153,41.754
"Hemlock_Woolly_Adelgid",-74.153,41.754
"Hemlock_Woolly_Adelgid",-74.153,41.754
"Hemlock_Woolly_Adelgid",-74.153,41.754
"Hemlock_Woolly_Adelgid",-74.153,41.754
"Hemlock_Woolly_Adelgid",-74.153,41.754
"Hemlock_Woolly_Adelgid",-74.153,41.754
"Hemlock_Woolly_Adelgid",-74.153,41.754
"Hemlock_Woolly_Adelgid",-74.153,41.754
"Hemlock_Woolly_Adelgid",-74.153,41.754
"Hemlock_Woolly_Adelgid",-74.153,41.754
"Hemlock_Woolly_Adelgid",-74.153,41.754
"Hemlock_Woolly_Adelgid",-74.153,41.754
"Hemlock_Woolly_Adelgid",-74.153,41.754
"Hemlock_Woolly_Adelgid",-74.153,41.754
"Hemlock_Woolly_Adelgid",-74.153,41.754
"Hemlock_Woolly_Adelgid",-74.153,41.754
"Hemlock_Woolly_Adelgid",-74.153,41.754
"Hemlock_Woolly_Adelgid",-70.694017,43.223787
"Hemlock_Woolly_Adelgid",-81.688761,36.210307
"Hemlock_Woolly_Adelgid",-72.548102,42.853495
"Hemlock_Woolly_Adelgid",-77.453541,41.697505
"Hemlock_Woolly_Adelgid",-83.794968,35.609016
"Hemlock_Woolly_Adelgid",-83.447388,35.624742
"Hemlock_Woolly_Adelgid",-71.95887,42.478397
"Hemlock_Woolly_Adelgid",-72.429038,42.699642
"Hemlock_Woolly_Adelgid",-80.014247,40.486503
"Hemlock_Woolly_Adelgid",-65.166683,44.106901
"Hemlock_Woolly_Adelgid",-65.251232,44.402277
"Hemlock_Woolly_Adelgid",-72.317397,42.877086
"Hemlock_Woolly_Adelgid",-81.689671,36.209014
"Hemlock_Woolly_Adelgid",-73.347602,42.240362
"Hemlock_Woolly_Adelgid",-65.781651,44.540055
"Hemlock_Woolly_Adelgid",-72.583215,42.498735
"Hemlock_Woolly_Adelgid",-72.581089,42.228114
"Hemlock_Woolly_Adelgid",-65.205699,44.133451
"Hemlock_Woolly_Adelgid",-65.19268,44.399212
"Hemlock_Woolly_Adelgid",-65.192542,44.399278
"Hemlock_Woolly_Adelgid",-70.929603,43.133911
"Hemlock_Woolly_Adelgid",-123.318125,48.42611
"Hemlock_Woolly_Adelgid",-65.222022,44.323805
"Hemlock_Woolly_Adelgid",-79.053367,40.589158
"Hemlock_Woolly_Adelgid",-65.233488,44.398545
"Hemlock_Woolly_Adelgid",-64.817878,44.33345
"Hemlock_Woolly_Adelgid",-77.571908,42.71098
"Hemlock_Woolly_Adelgid",-74.436942,40.485692
"Hemlock_Woolly_Adelgid",-65.086747,44.380234
"Hemlock_Woolly_Adelgid",-65.251053,44.40193
"Hemlock_Woolly_Adelgid",-73.964978,41.325858
"Hemlock_Woolly_Adelgid",-80.54771,38.676541
"Hemlock_Woolly_Adelgid",-65.206487,44.383625
"Hemlock_Woolly_Adelgid",-65.260263,44.45114
"Hemlock_Woolly_Adelgid",-65.19278,44.39965
"Hemlock_Woolly_Adelgid",-81.327657,35.73893
"Hemlock_Woolly_Adelgid",-65.268004,44.453124
"Hemlock_Woolly_Adelgid",-77.750013,40.650051
"Hemlock_Woolly_Adelgid",-76.329361,42.820597
"Hemlock_Woolly_Adelgid",-76.329765,42.81941
"Hemlock_Woolly_Adelgid",-65.086437,44.380701
"Hemlock_Woolly_Adelgid",-73.017456,41.303392
"Hemlock_Woolly_Adelgid",-65.206443,44.383733
"Hemlock_Woolly_Adelgid",-77.8463,40.744708
"Hemlock_Woolly_Adelgid",-65.211424,44.384863
"Hemlock_Woolly_Adelgid",-79.029114,39.628117
"Hemlock_Woolly_Adelgid",-77.739141,40.721728
"Hemlock_Woolly_Adelgid",-77.735336,40.756268
"Hemlock_Woolly_Adelgid",-84.007789,36.172333
"Hemlock_Woolly_Adelgid",-77.753386,40.739522
"Hemlock_Woolly_Adelgid",-74.434219,40.491543
"Hemlock_Woolly_Adelgid",-65.265473,44.45471
"Hemlock_Woolly_Adelgid",-80.692419,41.075628
"Hemlock_Woolly_Adelgid",-65.381417,43.88167
"Hemlock_Woolly_Adelgid",-65.219658,44.437953
"Hemlock_Woolly_Adelgid",-75.0084,41.117153
"Hemlock_Woolly_Adelgid",-65.26797,44.452927
"Hemlock_Woolly_Adelgid",-64.95897,44.137733
"Hemlock_Woolly_Adelgid",-72.587438,42.917065
"Hemlock_Woolly_Adelgid",-71.655404,41.980986
"Hemlock_Woolly_Adelgid",-65.219035,44.401733
"Hemlock_Woolly_Adelgid",-76.641122,42.27399
"Hemlock_Woolly_Adelgid",-72.46,41.53
"Hemlock_Woolly_Adelgid",-123.4,48.46
"Hemlock_Woolly_Adelgid",-122.11,47.66
"Hemlock_Woolly_Adelgid",-72.62,42.27
"Hemlock_Woolly_Adelgid",-77.15,41.05
"Hemlock_Woolly_Adelgid",-83.2,34.95
"Hemlock_Woolly_Adelgid",-82.65,36.04
"Hemlock_Woolly_Adelgid",-79.13,37.85
"Hemlock_Woolly_Adelgid",-123.28,44.57
"Hemlock_Woolly_Adelgid",-72.91,41.93
"Hemlock_Woolly_Adelgid",-74.87,41.24
"Hemlock_Woolly_Adelgid",-77.15,41.05
"Hemlock_Woolly_Adelgid",-80.94,37.07
"Hemlock_Woolly_Adelgid",-79.08,38.56
"Hemlock_Woolly_Adelgid",-122.53,47.3
"Hemlock_Woolly_Adelgid",-81.71,36.15
"Hemlock_Woolly_Adelgid",-122.53,47.3
"Hemlock_Woolly_Adelgid",-79.08,38.56
"Hemlock_Woolly_Adelgid",-73.3,41.2
"Hemlock_Woolly_Adelgid",-83.2,34.95
"Hemlock_Woolly_Adelgid",-72.62,42.27
"Hemlock_Woolly_Adelgid",-79.75,38.92
"Hemlock_Woolly_Adelgid",-72.92,41.38
"Hemlock_Woolly_Adelgid",-122.45,47.46
"Hemlock_Woolly_Adelgid",-71.13,42.3
"Hemlock_Woolly_Adelgid",-122.45,47.46
"Hemlock_Woolly_Adelgid",-122.21,45.44
"Hemlock_Woolly_Adelgid",-122.4,47.66
"Hemlock_Woolly_Adelgid",-122.28,47.63
"Hemlock_Woolly_Adelgid",-122.89,47.01
"Hemlock_Woolly_Adelgid",-122.28,47.63
"Hemlock_Woolly_Adelgid",-122.89,47.01
"Hemlock_Woolly_Adelgid",-77.2,40.2
"Hemlock_Woolly_Adelgid",-123.25,49.25
"Hemlock_Woolly_Adelgid",-123.07,49.34
"Hemlock_Woolly_Adelgid",-83.22,35.02
"Hemlock_Woolly_Adelgid",-123.06,49.34
"Hemlock_Woolly_Adelgid",-122.28,47.63
"Hemlock_Woolly_Adelgid",-83.43,35.06
"Hemlock_Woolly_Adelgid",-77.121161,38.919063
"Hemlock_Woolly_Adelgid",-65.264637,44.452732
"Hemlock_Woolly_Adelgid",-65.379913,44.349108
"Hemlock_Woolly_Adelgid",-65.13365,44.367745
"Hemlock_Woolly_Adelgid",-77.618728,43.129414
"Hemlock_Woolly_Adelgid",-77.618462,43.12935
"Hemlock_Woolly_Adelgid",-73.593078,41.593923
"Hemlock_Woolly_Adelgid",-77.296142,40.029964
"Hemlock_Woolly_Adelgid",-65.793847,44.5033
"Hemlock_Woolly_Adelgid",-71.533562,42.501338
"Hemlock_Woolly_Adelgid",-76.580558,39.651722
"Hemlock_Woolly_Adelgid",-65.480765,44.026809
"Hemlock_Woolly_Adelgid",-65.044793,44.298935
"Hemlock_Woolly_Adelgid",-73.940097,42.744183
"Hemlock_Woolly_Adelgid",-78.049614,42.578712
"Hemlock_Woolly_Adelgid",-79.865052,39.6297
"Hemlock_Woolly_Adelgid",-65.049832,44.28094
"Hemlock_Woolly_Adelgid",-80.679846,41.081104
"Hemlock_Woolly_Adelgid",-65.034131,44.300809
"Hemlock_Woolly_Adelgid",-85.348267,35.007896
"Hemlock_Woolly_Adelgid",-82.212837,36.225658
"Hemlock_Woolly_Adelgid",-80.010925,40.454811
"Hemlock_Woolly_Adelgid",-74.250192,41.730133
"Hemlock_Woolly_Adelgid",-74.241225,41.727878
"Hemlock_Woolly_Adelgid",-73.939818,41.796757
"Hemlock_Woolly_Adelgid",-74.231728,41.835663
"Hemlock_Woolly_Adelgid",-79.8673,39.626668
"Hemlock_Woolly_Adelgid",-73.94061,41.795599
"Hemlock_Woolly_Adelgid",-73.940148,41.795779
"Hemlock_Woolly_Adelgid",-73.826705,41.472592
"Hemlock_Woolly_Adelgid",-72.952888,42.651812
"Hemlock_Woolly_Adelgid",-74.265747,41.722397
"Hemlock_Woolly_Adelgid",-74.22327,41.697996
"Hemlock_Woolly_Adelgid",-65.233878,44.398652
"Hemlock_Woolly_Adelgid",-73.970126,40.779852
"Hemlock_Woolly_Adelgid",-64.496099,44.369814
"Hemlock_Woolly_Adelgid",-79.223944,40.153897
"Hemlock_Woolly_Adelgid",-65.336297,44.45007
"Hemlock_Woolly_Adelgid",-65.296363,44.432097
"Hemlock_Woolly_Adelgid",-72.462564,42.310771
"Hemlock_Woolly_Adelgid",-65.480282,44.025484
"Hemlock_Woolly_Adelgid",-78.011681,42.585724
"Hemlock_Woolly_Adelgid",-65.26835,44.452912
"Hemlock_Woolly_Adelgid",-79.398644,38.972799
"Hemlock_Woolly_Adelgid",-65.554154,44.610086
"Hemlock_Woolly_Adelgid",-65.336083,44.449392
"Hemlock_Woolly_Adelgid",-71.19873,42.341672
"Hemlock_Woolly_Adelgid",-65.642067,44.580372
"Hemlock_Woolly_Adelgid",-76.305676,42.821128
"Hemlock_Woolly_Adelgid",-65.337097,44.450925
"Hemlock_Woolly_Adelgid",-82.345868,35.468969
"Hemlock_Woolly_Adelgid",-72.528826,42.304882
"Hemlock_Woolly_Adelgid",-75.107741,40.106397
"Hemlock_Woolly_Adelgid",-65.084357,44.924295
"Hemlock_Woolly_Adelgid",-72.990661,41.450039
"Hemlock_Woolly_Adelgid",-80.272868,38.197951
"Hemlock_Woolly_Adelgid",-71.124344,42.454422
"Hemlock_Woolly_Adelgid",-77.197759,38.966358
"Hemlock_Woolly_Adelgid",-65.23307,44.398478
"Hemlock_Woolly_Adelgid",-72.470313,42.892125
"Hemlock_Woolly_Adelgid",-71.239553,43.525463
"Hemlock_Woolly_Adelgid",-79.816322,39.637928
"Hemlock_Woolly_Adelgid",-83.187386,35.046817
"Hemlock_Woolly_Adelgid",-71.342635,42.537602
"Hemlock_Woolly_Adelgid",-80.165194,40.484472
"Hemlock_Woolly_Adelgid",-80.154714,40.490733
"Hemlock_Woolly_Adelgid",-75.457005,40.091018
"Hemlock_Woolly_Adelgid",-81.562168,41.325611
"Hemlock_Woolly_Adelgid",-80.154656,40.490581
"Hemlock_Woolly_Adelgid",-78.330424,39.723342
"Hemlock_Woolly_Adelgid",-65.575745,44.651596
"Hemlock_Woolly_Adelgid",-72.213048,42.949384
"Hemlock_Woolly_Adelgid",-72.351113,42.930496
"Hemlock_Woolly_Adelgid",-76.526648,42.468562
"Hemlock_Woolly_Adelgid",-77.143036,39.074081
"Hemlock_Woolly_Adelgid",-72.712185,42.479171
"Hemlock_Woolly_Adelgid",-74.238034,41.234883
"Hemlock_Woolly_Adelgid",-79.86346,40.580203
"Hemlock_Woolly_Adelgid",-72.465279,42.385256
"Hemlock_Woolly_Adelgid",-72.324669,42.928469
"Hemlock_Woolly_Adelgid",-82.99239,37.08745
"Hemlock_Woolly_Adelgid",-64.955178,44.333583
"Hemlock_Woolly_Adelgid",-73.875931,40.861017
"Hemlock_Woolly_Adelgid",-76.48842,42.461845
"Hemlock_Woolly_Adelgid",-79.184165,39.718786
"Hemlock_Woolly_Adelgid",-72.025299,42.427216
"Hemlock_Woolly_Adelgid",-73.062598,41.764623
"Hemlock_Woolly_Adelgid",-79.049461,40.590397
"Hemlock_Woolly_Adelgid",-71.154364,43.084606
"Hemlock_Woolly_Adelgid",-79.674463,40.422773
"Hemlock_Woolly_Adelgid",-75.649603,39.787395
"Hemlock_Woolly_Adelgid",-76.974725,43.24385
"Hemlock_Woolly_Adelgid",-71.61682,42.6042
"Hemlock_Woolly_Adelgid",-65.216069,44.439238
"Hemlock_Woolly_Adelgid",-80.154317,40.489737
"Hemlock_Woolly_Adelgid",-74.195957,41.744868
"Hemlock_Woolly_Adelgid",-77.953347,39.870075
"Hemlock_Woolly_Adelgid",-75.299408,40.126236
"Hemlock_Woolly_Adelgid",-78.953453,39.517383
"Hemlock_Woolly_Adelgid",-71.124436,42.454517
"Hemlock_Woolly_Adelgid",-78.981636,40.68708
"Hemlock_Woolly_Adelgid",-79.214308,36.038053
"Hemlock_Woolly_Adelgid",-76.919416,42.081072
"Hemlock_Woolly_Adelgid",-83.657285,37.798857
"Hemlock_Woolly_Adelgid",-65.882526,43.916327
"Hemlock_Woolly_Adelgid",-75.337306,41.136782
"Hemlock_Woolly_Adelgid",-65.473399,44.230662
"Hemlock_Woolly_Adelgid",-71.785811,42.004844
"Hemlock_Woolly_Adelgid",-71.311522,42.298692
"Hemlock_Woolly_Adelgid",-65.605026,44.659077
"Hemlock_Woolly_Adelgid",-73.248177,41.193855
"Hemlock_Woolly_Adelgid",-65.270747,44.456587
"Hemlock_Woolly_Adelgid",-64.845165,44.330979
"Hemlock_Woolly_Adelgid",-71.341454,42.463631
"Hemlock_Woolly_Adelgid",-70.951545,42.897622
"Hemlock_Woolly_Adelgid",-65.133853,44.366965
"Hemlock_Woolly_Adelgid",-68.841719,44.158568
"Hemlock_Woolly_Adelgid",-81.779948,36.219728
"Hemlock_Woolly_Adelgid",-72.302917,42.534002
"Hemlock_Woolly_Adelgid",-83.217125,35.338986
"Hemlock_Woolly_Adelgid",-76.476334,42.426643
"Hemlock_Woolly_Adelgid",-72.495788,42.496327
"Hemlock_Woolly_Adelgid",-82.845958,34.964942
"Hemlock_Woolly_Adelgid",-78.042633,42.584245
"Hemlock_Woolly_Adelgid",-79.074989,38.558242
"Hemlock_Woolly_Adelgid",-72.549871,42.857032
"Hemlock_Woolly_Adelgid",-77.255967,39.0205
"Hemlock_Woolly_Adelgid",-72.54443,42.731907
"Hemlock_Woolly_Adelgid",-82.542521,35.587131
"Hemlock_Woolly_Adelgid",-79.811837,39.635467
"Hemlock_Woolly_Adelgid",-71.124375,42.454589
"Hemlock_Woolly_Adelgid",-70.171786,43.783641
"Hemlock_Woolly_Adelgid",-78.4795,39.132725
"Hemlock_Woolly_Adelgid",-75.738931,40.951664
"Hemlock_Woolly_Adelgid",-75.201553,40.046453
"Hemlock_Woolly_Adelgid",-65.46503,44.038025
"Hemlock_Woolly_Adelgid",-65.885528,44.41755
"Hemlock_Woolly_Adelgid",-72.079539,42.59048
"Hemlock_Woolly_Adelgid",-65.803959,44.52166
"Hemlock_Woolly_Adelgid",-65.903324,44.412047
"Hemlock_Woolly_Adelgid",-71.124406,42.454547
"Hemlock_Woolly_Adelgid",-70.554975,43.342506
"Hemlock_Woolly_Adelgid",-76.875806,42.374144
"Hemlock_Woolly_Adelgid",-65.776838,44.54029
"Hemlock_Woolly_Adelgid",-65.550613,43.920413
"Hemlock_Woolly_Adelgid",-65.891741,44.412304
"Hemlock_Woolly_Adelgid",-80.104896,40.276077
"Hemlock_Woolly_Adelgid",-81.439616,37.615873
"Hemlock_Woolly_Adelgid",-72.717672,42.603797
"Hemlock_Woolly_Adelgid",-72.978019,42.663901
"Hemlock_Woolly_Adelgid",-71.124504,42.912576
"Hemlock_Woolly_Adelgid",-81.061241,38.055306
"Hemlock_Woolly_Adelgid",-76.455345,42.454992
"Hemlock_Woolly_Adelgid",-72.937775,42.663301
"Hemlock_Woolly_Adelgid",-71.095258,42.448797
"Hemlock_Woolly_Adelgid",-78.655377,39.703736
"Hemlock_Woolly_Adelgid",-71.094189,42.450256
"Hemlock_Woolly_Adelgid",-72.17064,42.444905
"Hemlock_Woolly_Adelgid",-71.451443,42.467815
"Hemlock_Woolly_Adelgid",-72.990801,42.673814
"Hemlock_Woolly_Adelgid",-74.054733,41.216622
"Hemlock_Woolly_Adelgid",-72.892111,42.698589
"Hemlock_Woolly_Adelgid",-72.133854,42.03894
"Hemlock_Woolly_Adelgid",-72.134857,42.02493
"Hemlock_Woolly_Adelgid",-76.461504,42.452946
"Hemlock_Woolly_Adelgid",-79.831808,38.419531
"Hemlock_Woolly_Adelgid",-71.311004,42.453866
"Hemlock_Woolly_Adelgid",-72.32397,42.499617
"Hemlock_Woolly_Adelgid",-71.124397,42.454514
"Hemlock_Woolly_Adelgid",-79.9177,40.661836
"Hemlock_Woolly_Adelgid",-74.812531,41.184108
"Hemlock_Woolly_Adelgid",-65.484915,44.027359
"Hemlock_Woolly_Adelgid",-75.828162,41.214794
"Hemlock_Woolly_Adelgid",-82.766914,36.907043
"Hemlock_Woolly_Adelgid",-82.581282,35.604966
"Hemlock_Woolly_Adelgid",-71.128158,42.459897
"Hemlock_Woolly_Adelgid",-82.388169,36.066956
"Hemlock_Woolly_Adelgid",-82.744996,35.507131
"Hemlock_Woolly_Adelgid",-72.492918,42.719857
"Hemlock_Woolly_Adelgid",-72.223255,42.344053
"Hemlock_Woolly_Adelgid",-82.973559,35.508056
"Hemlock_Woolly_Adelgid",-82.919053,35.529225
"Hemlock_Woolly_Adelgid",-82.768718,36.879633
"Hemlock_Woolly_Adelgid",-82.927916,35.525938
"Hemlock_Woolly_Adelgid",-83.334254,35.233352
"Hemlock_Woolly_Adelgid",-72.966267,42.055509
"Hemlock_Woolly_Adelgid",-78.461335,39.664397
"Hemlock_Woolly_Adelgid",-82.929375,35.527685
"Hemlock_Woolly_Adelgid",-76.408878,42.441936
"Hemlock_Woolly_Adelgid",-76.582128,42.400758
"Hemlock_Woolly_Adelgid",-72.446523,42.59803
"Hemlock_Woolly_Adelgid",-82.55591,35.511929
"Hemlock_Woolly_Adelgid",-82.449733,36.921521
"Hemlock_Woolly_Adelgid",-82.852864,35.270209
"Hemlock_Woolly_Adelgid",-72.2284,42.372572
"Hemlock_Woolly_Adelgid",-82.719794,35.497306
"Hemlock_Woolly_Adelgid",-76.474686,42.451803
"Hemlock_Woolly_Adelgid",-70.977332,42.492769
"Hemlock_Woolly_Adelgid",-72.328246,42.666047
"Hemlock_Woolly_Adelgid",-83.575972,35.652897
"Hemlock_Woolly_Adelgid",-71.668044,42.785617
"Hemlock_Woolly_Adelgid",-83.388953,35.696044
"Hemlock_Woolly_Adelgid",-65.64671,44.50066
"Hemlock_Woolly_Adelgid",-78.801892,39.688303
"Hemlock_Woolly_Adelgid",-73.213371,41.479307
"Hemlock_Woolly_Adelgid",-81.664062,36.62326
"Hemlock_Woolly_Adelgid",-82.770443,36.879007
"Hemlock_Woolly_Adelgid",-71.344732,42.56088
"Hemlock_Woolly_Adelgid",-76.582706,42.399947
"Hemlock_Woolly_Adelgid",-71.095414,42.448872
"Hemlock_Woolly_Adelgid",-71.402283,42.45472
"Hemlock_Woolly_Adelgid",-71.124702,42.455216
"Hemlock_Woolly_Adelgid",-70.989608,42.645668
"Hemlock_Woolly_Adelgid",-82.768333,36.906986
"Hemlock_Woolly_Adelgid",-82.54307,35.645279
"Hemlock_Woolly_Adelgid",-71.08348,42.449255
"Hemlock_Woolly_Adelgid",-82.629329,37.142341
"Hemlock_Woolly_Adelgid",-79.865647,39.627937
"Hemlock_Woolly_Adelgid",-75.360574,39.919143
"Hemlock_Woolly_Adelgid",-82.930297,35.525275
"Hemlock_Woolly_Adelgid",-82.631653,36.91853
"Hemlock_Woolly_Adelgid",-82.436385,36.913139
"Hemlock_Woolly_Adelgid",-79.861008,40.533297
"Hemlock_Woolly_Adelgid",-79.650524,40.7569
"Hemlock_Woolly_Adelgid",-78.665018,39.69768
"Hemlock_Woolly_Adelgid",-79.84738,40.418582
"Hemlock_Woolly_Adelgid",-72.583635,42.5442
"Hemlock_Woolly_Adelgid",-82.338268,36.405486
"Hemlock_Woolly_Adelgid",-77.623056,43.211389
"Hemlock_Woolly_Adelgid",-77.200752,38.964436
"Hemlock_Woolly_Adelgid",-122.522182,47.30644
"Hemlock_Woolly_Adelgid",-75.359036,39.914377
"Hemlock_Woolly_Adelgid",-76.766333,39.430839
"Hemlock_Woolly_Adelgid",-71.124247,42.454878
"Hemlock_Woolly_Adelgid",-70.824105,42.568863
"Hemlock_Woolly_Adelgid",-71.124367,42.454542
"Hemlock_Woolly_Adelgid",-71.658486,42.646075
"Hemlock_Woolly_Adelgid",-75.223106,40.356528
"Hemlock_Woolly_Adelgid",-64.955897,44.333464
"Hemlock_Woolly_Adelgid",-71.09925,42.297275
"Hemlock_Woolly_Adelgid",-79.104386,42.85535
"Hemlock_Woolly_Adelgid",-71.242494,42.488922
"Hemlock_Woolly_Adelgid",-82.055072,36.953256
"Hemlock_Woolly_Adelgid",-79.9156,40.4408
"Hemlock_Woolly_Adelgid",-71.015541,42.435935
"Hemlock_Woolly_Adelgid",-123.072655,49.313573
"Hemlock_Woolly_Adelgid",-77.200752,38.964436
"Hemlock_Woolly_Adelgid",-122.304923,47.762337
"Hemlock_Woolly_Adelgid",-72.58477,42.85416
"Hemlock_Woolly_Adelgid",-71.465325,42.37157
"Hemlock_Woolly_Adelgid",-77.120925,38.918942
"Hemlock_Woolly_Adelgid",-65.671659,44.609784
"Hemlock_Woolly_Adelgid",-71.084764,42.455158
"Hemlock_Woolly_Adelgid",-75.201545,40.046428
"Hemlock_Woolly_Adelgid",-76.479183,42.428776
"Hemlock_Woolly_Adelgid",-71.086014,42.448395
"Hemlock_Woolly_Adelgid",-79.272888,40.155464
"Hemlock_Woolly_Adelgid",-82.566255,35.612292
"Hemlock_Woolly_Adelgid",-122.299253,47.57193
"Hemlock_Woolly_Adelgid",-76.503678,42.312233
"Hemlock_Woolly_Adelgid",-82.495661,36.294163
"Hemlock_Woolly_Adelgid",-70.719242,42.624069
"Hemlock_Woolly_Adelgid",-79.232321,40.159783
"Hemlock_Woolly_Adelgid",-71.472738,42.397848
"Hemlock_Woolly_Adelgid",-72.62228,42.887831
"Hemlock_Woolly_Adelgid",-71.124428,42.454558
"Hemlock_Woolly_Adelgid",-72.618562,42.889257
"Hemlock_Woolly_Adelgid",-78.658395,39.703565
"Hemlock_Woolly_Adelgid",-122.853012,47.127936
"Hemlock_Woolly_Adelgid",-70.942903,42.893562
"Hemlock_Woolly_Adelgid",-128.233978,50.58088
"Hemlock_Woolly_Adelgid",-85.24157,35.732339
"Hemlock_Woolly_Adelgid",-74.89335,40.922619
"Hemlock_Woolly_Adelgid",-75.341971,41.135947
"Hemlock_Woolly_Adelgid",-65.419004,44.719739
"Hemlock_Woolly_Adelgid",-72.606015,42.896441
"Hemlock_Woolly_Adelgid",-74.423343,40.394805
"Hemlock_Woolly_Adelgid",-82.930347,35.525253
"Hemlock_Woolly_Adelgid",-83.573997,35.652333
"Hemlock_Woolly_Adelgid",-72.157472,42.103986
"Hemlock_Woolly_Adelgid",-73.627709,40.718707
"Hemlock_Woolly_Adelgid",-73.372596,40.692103
"Hemlock_Woolly_Adelgid",-71.45033,42.502315
"Hemlock_Woolly_Adelgid",-78.792976,38.167873
"Hemlock_Woolly_Adelgid",-65.427106,43.92175
"Hemlock_Woolly_Adelgid",-77.192524,41.804082
"Hemlock_Woolly_Adelgid",-73.34922,42.056942
"Hemlock_Woolly_Adelgid",-80.479566,37.199806
"Hemlock_Woolly_Adelgid",-71.124305,42.454517
"Hemlock_Woolly_Adelgid",-77.83898,40.788795
"Hemlock_Woolly_Adelgid",-73.380865,41.147232
"Hemlock_Woolly_Adelgid",-65.417787,43.922962
"Hemlock_Woolly_Adelgid",-72.66154,42.083629
"Hemlock_Woolly_Adelgid",-83.668775,37.815636
"Hemlock_Woolly_Adelgid",-76.661961,39.612748
"Hemlock_Woolly_Adelgid",-82.629503,35.171145
"Hemlock_Woolly_Adelgid",-71.304795,42.266408
"Hemlock_Woolly_Adelgid",-72.088124,42.625546
"Hemlock_Woolly_Adelgid",-65.402501,43.915696
"Hemlock_Woolly_Adelgid",-78.668845,39.014222
"Hemlock_Woolly_Adelgid",-75.546147,40.55509
"Hemlock_Woolly_Adelgid",-76.453315,42.455605
"Hemlock_Woolly_Adelgid",-73.508404,42.117138
"Hemlock_Woolly_Adelgid",-71.588338,42.646433
"Hemlock_Woolly_Adelgid",-73.229696,42.391189
"Hemlock_Woolly_Adelgid",-78.363228,38.563387
"Hemlock_Woolly_Adelgid",-72.060278,42.144722
"Hemlock_Woolly_Adelgid",-72.152095,42.483175
"Hemlock_Woolly_Adelgid",-72.587845,42.588997
"Hemlock_Woolly_Adelgid",-65.7706,44.510884
"Hemlock_Woolly_Adelgid",-72.370347,42.545508
"Hemlock_Woolly_Adelgid",-65.513072,44.741055
"Hemlock_Woolly_Adelgid",-74.534788,41.231567
"Hemlock_Woolly_Adelgid",-76.350883,42.205469
"Hemlock_Woolly_Adelgid",-71.283091,42.266655
"Hemlock_Woolly_Adelgid",-73.87283,42.544688
"Hemlock_Woolly_Adelgid",-79.865678,39.627872
"Hemlock_Woolly_Adelgid",-80.162427,40.557517
"Hemlock_Woolly_Adelgid",-71.617936,42.616617
"Hemlock_Woolly_Adelgid",-71.116905,42.40528
"Hemlock_Woolly_Adelgid",-77.242774,40.219771
"Hemlock_Woolly_Adelgid",-77.934584,41.371425
"Hemlock_Woolly_Adelgid",-79.830475,39.655025
"Hemlock_Woolly_Adelgid",-77.313959,42.33245
"Hemlock_Woolly_Adelgid",-83.867037,34.856308
"Hemlock_Woolly_Adelgid",-72.359774,42.544329
"Hemlock_Woolly_Adelgid",-79.865514,39.627917
"Hemlock_Woolly_Adelgid",-72.448953,42.550639
"Hemlock_Woolly_Adelgid",-76.474124,42.451937
"Hemlock_Woolly_Adelgid",-71.124406,42.454475
"Hemlock_Woolly_Adelgid",-85.359933,35.129097
"Hemlock_Woolly_Adelgid",-65.485718,44.700102
"Hemlock_Woolly_Adelgid",-77.604553,42.724347
"Hemlock_Woolly_Adelgid",-73.246077,42.152793
"Hemlock_Woolly_Adelgid",-72.506373,42.521175
"Hemlock_Woolly_Adelgid",-83.688888,35.640109
"Hemlock_Woolly_Adelgid",-76.402397,42.419937
"Hemlock_Woolly_Adelgid",-77.715916,40.288731
"Hemlock_Woolly_Adelgid",-71.141428,42.372361
"Hemlock_Woolly_Adelgid",-77.313396,42.322578
"Hemlock_Woolly_Adelgid",-122.377187,47.912876
"Hemlock_Woolly_Adelgid",-77.885557,40.733773
"Hemlock_Woolly_Adelgid",-75.644115,39.849171
"Hemlock_Woolly_Adelgid",-74.72625,40.290808
"Hemlock_Woolly_Adelgid",-76.474495,42.452003
"Hemlock_Woolly_Adelgid",-79.679142,40.420113
"Hemlock_Woolly_Adelgid",-74.233292,41.721417
"Hemlock_Woolly_Adelgid",-74.435918,40.443133
"Hemlock_Woolly_Adelgid",-76.475028,42.45164
"Hemlock_Woolly_Adelgid",-76.535327,42.401002
"Hemlock_Woolly_Adelgid",-75.807148,41.236572
"Hemlock_Woolly_Adelgid",-74.230492,41.728367
"Hemlock_Woolly_Adelgid",-74.246313,41.713158
"Hemlock_Woolly_Adelgid",-71.005947,42.647925
"Hemlock_Woolly_Adelgid",-72.324628,42.928328
"Hemlock_Woolly_Adelgid",-82.926405,35.526255
"Hemlock_Woolly_Adelgid",-75.207413,40.054017
"Hemlock_Woolly_Adelgid",-79.60188,39.017634
"Hemlock_Woolly_Adelgid",-76.731168,42.346592
"Hemlock_Woolly_Adelgid",-80.492122,37.26328
"Hemlock_Woolly_Adelgid",-74.96866,41.095766
"Hemlock_Woolly_Adelgid",-72.766241,41.958262
"Hemlock_Woolly_Adelgid",-72.417732,42.495029
"Hemlock_Woolly_Adelgid",-80.007458,40.604764
"Hemlock_Woolly_Adelgid",-71.124389,42.454589
"Hemlock_Woolly_Adelgid",-74.23223,41.723278
"Hemlock_Woolly_Adelgid",-80.386829,37.246237
"Hemlock_Woolly_Adelgid",-85.674842,35.18033
"Hemlock_Woolly_Adelgid",-80.467392,37.280892
"Hemlock_Woolly_Adelgid",-65.678525,44.605807
"Hemlock_Woolly_Adelgid",-77.846205,40.792663
"Hemlock_Woolly_Adelgid",-64.792628,44.101987
"Hemlock_Woolly_Adelgid",-74.24907,41.725838
"Hemlock_Woolly_Adelgid",-71.124419,42.454587
"Hemlock_Woolly_Adelgid",-74.232933,41.72237
"Hemlock_Woolly_Adelgid",-71.124707,42.454751
"Hemlock_Woolly_Adelgid",-74.226783,41.733337
"Hemlock_Woolly_Adelgid",-84.101923,34.40509
"Hemlock_Woolly_Adelgid",-74.547458,40.5936
"Hemlock_Woolly_Adelgid",-74.149864,41.768562
"Hemlock_Woolly_Adelgid",-76.49128,42.41462
"Hemlock_Woolly_Adelgid",-72.040567,42.38763
"Hemlock_Woolly_Adelgid",-72.945654,42.68232
"Hemlock_Woolly_Adelgid",-71.91461,42.452071
"Hemlock_Woolly_Adelgid",-82.443231,35.612238
"Hemlock_Woolly_Adelgid",-77.818011,40.754163
"Hemlock_Woolly_Adelgid",-75.44255,39.828633
"Hemlock_Woolly_Adelgid",-72.57452,42.855542
"Hemlock_Woolly_Adelgid",-79.50753,40.344738
"Hemlock_Woolly_Adelgid",-79.143015,39.188052
"Hemlock_Woolly_Adelgid",-81.092728,38.071235
"Hemlock_Woolly_Adelgid",-80.060271,40.50204
"Hemlock_Woolly_Adelgid",-71.185463,42.110233
"Hemlock_Woolly_Adelgid",-74.23613,41.729538
"Hemlock_Woolly_Adelgid",-69.555122,43.992175
"Hemlock_Woolly_Adelgid",-79.537095,39.327572
"Hemlock_Woolly_Adelgid",-75.461053,39.825287
"Hemlock_Woolly_Adelgid",-75.440758,40.125614
"Hemlock_Woolly_Adelgid",-74.556414,40.588534
"Hemlock_Woolly_Adelgid",-71.201888,42.118942
"Hemlock_Woolly_Adelgid",-72.206508,42.503805
"Hemlock_Woolly_Adelgid",-72.328036,42.6778
"Hemlock_Woolly_Adelgid",-76.513449,42.406479
"Hemlock_Woolly_Adelgid",-77.818011,40.754163
"Hemlock_Woolly_Adelgid",-71.183442,42.110881
"Hemlock_Woolly_Adelgid",-71.177929,42.096702
"Hemlock_Woolly_Adelgid",-79.338117,42.455714
"Hemlock_Woolly_Adelgid",-71.211655,42.117592
"Hemlock_Woolly_Adelgid",-71.175262,42.095058
"Hemlock_Woolly_Adelgid",-71.175142,42.09497
"Hemlock_Woolly_Adelgid",-71.188438,42.102281
"Hemlock_Woolly_Adelgid",-82.932154,35.55382
"Hemlock_Woolly_Adelgid",-80.662464,40.094874
"Hemlock_Woolly_Adelgid",-81.289318,41.612865
"Hemlock_Woolly_Adelgid",-76.580409,42.399249
"Hemlock_Woolly_Adelgid",-75.264334,40.991905
"Hemlock_Woolly_Adelgid",-80.08209,40.278632
"Hemlock_Woolly_Adelgid",-79.253205,38.973458
"Hemlock_Woolly_Adelgid",-75.349106,41.126393
"Hemlock_Woolly_Adelgid",-75.335814,41.133421
"Hemlock_Woolly_Adelgid",-75.349089,41.126223
"Hemlock_Woolly_Adelgid",-71.76152,42.687797
"Hemlock_Woolly_Adelgid",-75.623293,41.387768
"Hemlock_Woolly_Adelgid",-72.430264,42.054301
"Hemlock_Woolly_Adelgid",-71.124342,42.454592
"Hemlock_Woolly_Adelgid",-70.728619,42.617213
"Hemlock_Woolly_Adelgid",-75.308183,41.036332
"Hemlock_Woolly_Adelgid",-81.570428,41.135825
"Hemlock_Woolly_Adelgid",-83.387853,35.598172
"Hemlock_Woolly_Adelgid",-82.929491,35.524902
"Hemlock_Woolly_Adelgid",-73.70423,42.097333
"Hemlock_Woolly_Adelgid",-82.624292,35.480237
"Hemlock_Woolly_Adelgid",-79.500297,39.113158
"Hemlock_Woolly_Adelgid",-82.565278,35.204722
"Hemlock_Woolly_Adelgid",-74.081969,41.742355
"Hemlock_Woolly_Adelgid",-71.124383,42.454544
"Hemlock_Woolly_Adelgid",-81.570358,41.135856
"Hemlock_Woolly_Adelgid",-75.309701,41.038874
"Hemlock_Woolly_Adelgid",-72.328711,42.6661
"Hemlock_Woolly_Adelgid",-83.181082,35.560257
"Hemlock_Woolly_Adelgid",-76.381101,42.400878
"Hemlock_Woolly_Adelgid",-71.125083,42.454624
"Hemlock_Woolly_Adelgid",-74.081025,41.739478
"Hemlock_Woolly_Adelgid",-73.855186,41.544085
"Hemlock_Woolly_Adelgid",-75.243352,40.96034
"Hemlock_Woolly_Adelgid",-81.575097,41.137683
"Hemlock_Woolly_Adelgid",-79.334208,42.454761
"Hemlock_Woolly_Adelgid",-72.434568,42.578973
"Hemlock_Woolly_Adelgid",-81.523942,35.901226
"Hemlock_Woolly_Adelgid",-75.337757,41.134268
"Hemlock_Woolly_Adelgid",-72.233627,42.379888
"Hemlock_Woolly_Adelgid",-77.184892,40.464083
"Hemlock_Woolly_Adelgid",-75.192322,40.034845
"Hemlock_Woolly_Adelgid",-72.706742,42.347155
"Hemlock_Woolly_Adelgid",-76.755075,42.71851
"Hemlock_Woolly_Adelgid",-72.475968,42.361422
"Hemlock_Woolly_Adelgid",-72.302577,42.534052
"Hemlock_Woolly_Adelgid",-72.200072,42.49702
"Hemlock_Woolly_Adelgid",-71.159191,42.41163
"Hemlock_Woolly_Adelgid",-72.270531,42.924194
"Hemlock_Woolly_Adelgid",-82.926345,35.526345
"Hemlock_Woolly_Adelgid",-77.11917,38.867122
"Hemlock_Woolly_Adelgid",-79.693917,40.65163
"Hemlock_Woolly_Adelgid",-82.194524,35.690719
"Hemlock_Woolly_Adelgid",-72.406153,42.319341
"Hemlock_Woolly_Adelgid",-72.434503,42.450197
"Hemlock_Woolly_Adelgid",-72.287054,42.489199
"Hemlock_Woolly_Adelgid",-72.165617,42.461233
"Hemlock_Woolly_Adelgid",-72.182318,42.44099
"Hemlock_Woolly_Adelgid",-71.124886,42.457725
"Hemlock_Woolly_Adelgid",-79.981655,40.581506
"Hemlock_Woolly_Adelgid",-64.867031,44.33878
"Hemlock_Woolly_Adelgid",-72.634437,41.893867
"Hemlock_Woolly_Adelgid",-71.085419,42.464847
"Hemlock_Woolly_Adelgid",-72.171083,42.460745
"Hemlock_Woolly_Adelgid",-72.189545,42.424102
"Hemlock_Woolly_Adelgid",-71.049742,42.226004
"Hemlock_Woolly_Adelgid",-71.036864,42.494086
"Hemlock_Woolly_Adelgid",-72.273445,42.504537
"Hemlock_Woolly_Adelgid",-75.201553,40.056942
"Hemlock_Woolly_Adelgid",-77.166598,40.553627
"Hemlock_Woolly_Adelgid",-74.564753,40.661844
"Hemlock_Woolly_Adelgid",-65.217908,44.40136
"Hemlock_Woolly_Adelgid",-77.176543,40.475215
"Hemlock_Woolly_Adelgid",-72.421555,42.604787
"Hemlock_Woolly_Adelgid",-77.201556,38.963536
"Hemlock_Woolly_Adelgid",-76.925738,39.389952
"Hemlock_Woolly_Adelgid",-72.831405,42.259695
"Hemlock_Woolly_Adelgid",-71.089744,42.444581
"Hemlock_Woolly_Adelgid",-82.320779,36.31147
"Hemlock_Woolly_Adelgid",-78.614036,39.903232
"Hemlock_Woolly_Adelgid",-75.207356,41.310729
"Hemlock_Woolly_Adelgid",-83.478565,35.677552
"Hemlock_Woolly_Adelgid",-71.123803,42.455983
"Hemlock_Woolly_Adelgid",-65.674417,44.625176
"Hemlock_Woolly_Adelgid",-77.44385,43.258032
"Hemlock_Woolly_Adelgid",-71.307267,42.434612
"Hemlock_Woolly_Adelgid",-72.435598,42.366594
"Hemlock_Woolly_Adelgid",-71.124731,42.454635
"Hemlock_Woolly_Adelgid",-80.679618,41.082693
"Hemlock_Woolly_Adelgid",-80.679461,41.082191
"Hemlock_Woolly_Adelgid",-77.201505,38.962927
"Hemlock_Woolly_Adelgid",-80.590113,41.052786
"Hemlock_Woolly_Adelgid",-65.76071,44.525695
"Hemlock_Woolly_Adelgid",-65.679626,44.705516
"Hemlock_Woolly_Adelgid",-79.958583,40.589412
"Hemlock_Woolly_Adelgid",-70.735687,42.618418
"Hemlock_Woolly_Adelgid",-65.129642,44.3641
"Hemlock_Woolly_Adelgid",-77.562932,40.543048
"Hemlock_Woolly_Adelgid",-80.679637,41.08241
"Hemlock_Woolly_Adelgid",-80.679685,41.082686
"Hemlock_Woolly_Adelgid",-81.557747,41.130367
"Hemlock_Woolly_Adelgid",-70.935689,43.12415
"Hemlock_Woolly_Adelgid",-80.679978,41.082565
"Hemlock_Woolly_Adelgid",-65.546963,44.603746
"Hemlock_Woolly_Adelgid",-80.67943,41.08228
"Hemlock_Woolly_Adelgid",-80.680338,41.081922
"Hemlock_Woolly_Adelgid",-77.395854,40.253486
"Hemlock_Woolly_Adelgid",-80.679758,41.08265
"Hemlock_Woolly_Adelgid",-72.46528,42.610973
"Hemlock_Woolly_Adelgid",-76.113083,42.043903
"Hemlock_Woolly_Adelgid",-75.209205,40.053397
"Hemlock_Woolly_Adelgid",-71.083962,42.449272
"Hemlock_Woolly_Adelgid",-83.658662,35.685937
"Hemlock_Woolly_Adelgid",-77.371789,39.999733
"Hemlock_Woolly_Adelgid",-72.698435,41.89941
"Hemlock_Woolly_Adelgid",-80.67958,41.082703
"Hemlock_Woolly_Adelgid",-65.485786,44.699815
"Hemlock_Woolly_Adelgid",-74.388775,40.680773
"Hemlock_Woolly_Adelgid",-71.087997,42.464608
"Hemlock_Woolly_Adelgid",-76.753495,42.898667
"Hemlock_Woolly_Adelgid",-65.678089,44.606084
"Hemlock_Woolly_Adelgid",-82.810033,34.950652
"Hemlock_Woolly_Adelgid",-71.085944,42.448475
"Hemlock_Woolly_Adelgid",-72.475995,42.30698
"Hemlock_Woolly_Adelgid",-74.721453,40.779671
"Hemlock_Woolly_Adelgid",-74.536823,40.610292
"Hemlock_Woolly_Adelgid",-80.679497,41.082875
"Hemlock_Woolly_Adelgid",-79.703248,40.654483
"Hemlock_Woolly_Adelgid",-72.111008,42.628937
"Hemlock_Woolly_Adelgid",-71.242582,42.488036
"Hemlock_Woolly_Adelgid",-77.394617,40.466353
"Hemlock_Woolly_Adelgid",-76.911469,40.420985
"Hemlock_Woolly_Adelgid",-71.995064,42.368847
"Hemlock_Woolly_Adelgid",-80.679608,41.082724
"Hemlock_Woolly_Adelgid",-71.55075,42.448075
"Hemlock_Woolly_Adelgid",-65.133498,44.365875
"Hemlock_Woolly_Adelgid",-83.1883,35.0541
"Hemlock_Woolly_Adelgid",-83.1883,35.0541
"Hemlock_Woolly_Adelgid",-83.1883,35.0541
"Hemlock_Woolly_Adelgid",-83.1883,35.0541
"Hemlock_Woolly_Adelgid",-83.1883,35.0541
"Hemlock_Woolly_Adelgid",-83.1883,35.0541
"Hemlock_Woolly_Adelgid",-83.1883,35.0541
"Hemlock_Woolly_Adelgid",-83.1883,35.0541
"Hemlock_Woolly_Adelgid",-83.1883,35.0541
"Hemlock_Woolly_Adelgid",-83.1883,35.0541
"Hemlock_Woolly_Adelgid",-83.1883,35.0541
"Hemlock_Woolly_Adelgid",-83.1883,35.0541
"Hemlock_Woolly_Adelgid",-83.1883,35.0541
"Hemlock_Woolly_Adelgid",-83.1883,35.0541
"Hemlock_Woolly_Adelgid",-83.1883,35.0541
"Hemlock_Woolly_Adelgid",-83.1883,35.0541
"Hemlock_Woolly_Adelgid",-83.1883,35.0541
"Hemlock_Woolly_Adelgid",-83.1883,35.0541
"Hemlock_Woolly_Adelgid",-83.1883,35.0541
"Hemlock_Woolly_Adelgid",-83.1883,35.0541
"Hemlock_Woolly_Adelgid",-77.541389,43.166667
"Hemlock_Woolly_Adelgid",-72.692536,41.714322
"Hemlock_Woolly_Adelgid",-122.984733,47.06387
"Hemlock_Woolly_Adelgid",-79.95955,39.599053
"Hemlock_Woolly_Adelgid",-77.611111,43.225278
"Hemlock_Woolly_Adelgid",-71.809085,41.528868
"Hemlock_Woolly_Adelgid",-76.295922,39.920342
"Hemlock_Woolly_Adelgid",-72.63425,41.893903
"Hemlock_Woolly_Adelgid",-72.347763,42.477255
"Hemlock_Woolly_Adelgid",-70.69207,41.842871
"Hemlock_Woolly_Adelgid",-77.213822,40.217596
"Hemlock_Woolly_Adelgid",-72.467915,42.608968
"Hemlock_Woolly_Adelgid",-75.253258,40.070092
"Hemlock_Woolly_Adelgid",-73.280182,41.695722
"Hemlock_Woolly_Adelgid",-71.085694,42.455405
"Hemlock_Woolly_Adelgid",-73.416186,41.77566
"Hemlock_Woolly_Adelgid",-73.828521,42.218929
"Hemlock_Woolly_Adelgid",-73.593833,41.597437
"Hemlock_Woolly_Adelgid",-75.16473,40.986929
"Hemlock_Woolly_Adelgid",-74.014226,41.410652
"Hemlock_Woolly_Adelgid",-71.082794,42.461813
"Hemlock_Woolly_Adelgid",-71.094861,42.449583
"Hemlock_Woolly_Adelgid",-72.715073,41.720528
"Hemlock_Woolly_Adelgid",-74.993195,41.550762
"Hemlock_Woolly_Adelgid",-72.697148,41.724597
"Hemlock_Woolly_Adelgid",-72.700354,41.723477
"Hemlock_Woolly_Adelgid",-76.253088,39.961638
"Hemlock_Woolly_Adelgid",-71.332808,42.394356
"Hemlock_Woolly_Adelgid",-76.790657,42.410471
"Hemlock_Woolly_Adelgid",-75.457025,40.090897
"Hemlock_Woolly_Adelgid",-76.785776,42.413541
"Hemlock_Woolly_Adelgid",-71.089939,42.444922
"Hemlock_Woolly_Adelgid",-71.082794,42.462233
"Hemlock_Woolly_Adelgid",-75.7929,40.838445
"Hemlock_Woolly_Adelgid",-77.202531,38.965459
"Hemlock_Woolly_Adelgid",-65.046037,44.592059
"Hemlock_Woolly_Adelgid",-71.086233,42.449425
"Hemlock_Woolly_Adelgid",-82.463905,35.536628
"Hemlock_Woolly_Adelgid",-74.323219,40.74835
"Hemlock_Woolly_Adelgid",-72.456121,42.375561
"Hemlock_Woolly_Adelgid",-80.49295,37.390063
"Hemlock_Woolly_Adelgid",-73.939613,41.840995
"Hemlock_Woolly_Adelgid",-80.477988,37.197435
"Hemlock_Woolly_Adelgid",-84.222283,36.308803
"Hemlock_Woolly_Adelgid",-83.659967,37.757212
"Hemlock_Woolly_Adelgid",-77.20212,38.965522
"Hemlock_Woolly_Adelgid",-71.800519,42.559832
"Hemlock_Woolly_Adelgid",-74.018959,41.416505
"Hemlock_Woolly_Adelgid",-71.887939,42.613315
"Hemlock_Woolly_Adelgid",-71.495362,43.118301
"Hemlock_Woolly_Adelgid",-82.842186,35.272762
"Hemlock_Woolly_Adelgid",-70.389038,43.4789
"Hemlock_Woolly_Adelgid",-77.563762,40.509965
"Hemlock_Woolly_Adelgid",-82.909568,37.146853
"Hemlock_Woolly_Adelgid",-82.891578,35.375808
"Hemlock_Woolly_Adelgid",-71.146852,42.386511
"Hemlock_Woolly_Adelgid",-78.046362,42.58057
"Hemlock_Woolly_Adelgid",-73.465522,41.347047
"Hemlock_Woolly_Adelgid",-71.231909,42.392002
"Hemlock_Woolly_Adelgid",-71.229119,42.38804
"Hemlock_Woolly_Adelgid",-71.230107,42.392573
"Hemlock_Woolly_Adelgid",-81.302779,36.795445
"Hemlock_Woolly_Adelgid",-71.385247,42.229242
"Hemlock_Woolly_Adelgid",-71.333497,42.514028
"Hemlock_Woolly_Adelgid",-75.072392,40.104292
"Hemlock_Woolly_Adelgid",-69.719625,43.874656
"Hemlock_Woolly_Adelgid",-84.200509,34.667936
"Hemlock_Woolly_Adelgid",-82.561144,36.05017
"Hemlock_Woolly_Adelgid",-79.86557,39.627047
"Hemlock_Woolly_Adelgid",-77.85135,40.793225
"Hemlock_Woolly_Adelgid",-70.092561,43.822558
"Hemlock_Woolly_Adelgid",-79.378058,39.50705
"Hemlock_Woolly_Adelgid",-75.204521,39.946027
"Hemlock_Woolly_Adelgid",-81.449034,39.418256
"Hemlock_Woolly_Adelgid",-73.969934,40.780159
"Hemlock_Woolly_Adelgid",-71.953461,42.311378
"Hemlock_Woolly_Adelgid",-83.914387,35.627306
"Hemlock_Woolly_Adelgid",-77.68974,38.881613
"Hemlock_Woolly_Adelgid",-76.557341,42.518359
"Hemlock_Woolly_Adelgid",-122.628223,45.521553
"Hemlock_Woolly_Adelgid",-71.758142,41.889238
"Hemlock_Woolly_Adelgid",-122.547881,47.678492
"Hemlock_Woolly_Adelgid",-70.911645,42.637303
"Hemlock_Woolly_Adelgid",-77.652763,40.705412
"Hemlock_Woolly_Adelgid",-65.803228,44.521163
"Hemlock_Woolly_Adelgid",-77.414351,38.770152
"Hemlock_Woolly_Adelgid",-70.71238,43.207553
"Hemlock_Woolly_Adelgid",-77.360337,42.6306
"Hemlock_Woolly_Adelgid",-70.966598,42.984586
"Hemlock_Woolly_Adelgid",-70.690278,43.200978
"Hemlock_Woolly_Adelgid",-71.820661,42.525268
"Hemlock_Woolly_Adelgid",-71.098181,42.383278
"Hemlock_Woolly_Adelgid",-77.413232,38.773746
"Hemlock_Woolly_Adelgid",-71.572395,43.173503
"Hemlock_Woolly_Adelgid",-82.153379,35.519239
"Hemlock_Woolly_Adelgid",-79.865347,39.628054
"Hemlock_Woolly_Adelgid",-81.060518,37.478917
"Hemlock_Woolly_Adelgid",-83.094735,35.636862
"Hemlock_Woolly_Adelgid",-74.44268,42.050592
"Hemlock_Woolly_Adelgid",-72.805528,41.61107
"Hemlock_Woolly_Adelgid",-77.48846,43.247115
"Hemlock_Woolly_Adelgid",-71.084136,42.448178
"Hemlock_Woolly_Adelgid",-77.67397,40.883443
"Hemlock_Woolly_Adelgid",-74.553686,40.58505
"Hemlock_Woolly_Adelgid",-71.119725,42.449822
"Hemlock_Woolly_Adelgid",-72.364528,42.617761
"Hemlock_Woolly_Adelgid",-71.749792,42.117435
"Hemlock_Woolly_Adelgid",-71.766737,42.107325
"Hemlock_Woolly_Adelgid",-79.27788,39.404494
"Hemlock_Woolly_Adelgid",-81.591803,35.909629
"Hemlock_Woolly_Adelgid",-73.969836,40.780085
"Hemlock_Woolly_Adelgid",-74.421673,40.47241
"Hemlock_Woolly_Adelgid",-65.380525,44.775975
"Hemlock_Woolly_Adelgid",-81.035708,35.833092
"Hemlock_Woolly_Adelgid",-71.959455,42.311912
"Hemlock_Woolly_Adelgid",-71.096879,42.306613
"Hemlock_Woolly_Adelgid",-73.96999,40.779883
"Hemlock_Woolly_Adelgid",-77.462822,42.726425
"Hemlock_Woolly_Adelgid",-72.318846,42.530054
"Hemlock_Woolly_Adelgid",-83.60996,37.793413
"Hemlock_Woolly_Adelgid",-77.49995,41.444605
"Hemlock_Woolly_Adelgid",-78.563217,40.673668
"Hemlock_Woolly_Adelgid",-77.377886,40.893967
"Hemlock_Woolly_Adelgid",-72.449294,42.201802
"Hemlock_Woolly_Adelgid",-79.664984,38.311514
"Hemlock_Woolly_Adelgid",-74.2415,41.228817
"Hemlock_Woolly_Adelgid",-73.969705,40.779922
"Hemlock_Woolly_Adelgid",-71.182533,43.11875
"Hemlock_Woolly_Adelgid",-83.657562,37.708008
"Hemlock_Woolly_Adelgid",-77.412479,38.763024
"Hemlock_Woolly_Adelgid",-82.298064,35.592326
"Hemlock_Woolly_Adelgid",-76.754885,42.442956
"Hemlock_Woolly_Adelgid",-78.055664,40.889617
"Hemlock_Woolly_Adelgid",-71.155517,43.094283
"Hemlock_Woolly_Adelgid",-71.276813,43.562264
"Hemlock_Woolly_Adelgid",-71.27664,43.562242
"Hemlock_Woolly_Adelgid",-79.9988,40.595734
"Hemlock_Woolly_Adelgid",-65.673847,44.611557
"Hemlock_Woolly_Adelgid",-71.308525,42.478624
"Hemlock_Woolly_Adelgid",-77.362012,40.290697
"Hemlock_Woolly_Adelgid",-82.308022,37.28915
"Hemlock_Woolly_Adelgid",-70.929973,43.134344
"Hemlock_Woolly_Adelgid",-70.827363,42.608776
"Hemlock_Woolly_Adelgid",-65.417162,43.923462
"Hemlock_Woolly_Adelgid",-65.601111,44.656111
"Hemlock_Woolly_Adelgid",-76.881565,42.373127
"Hemlock_Woolly_Adelgid",-82.372292,34.928078
"Hemlock_Woolly_Adelgid",-64.95493,44.334711
"Hemlock_Woolly_Adelgid",-65.268149,44.456615
"Hemlock_Woolly_Adelgid",-65.267567,44.456271
"Hemlock_Woolly_Adelgid",-76.245159,39.987632
"Hemlock_Woolly_Adelgid",-72.745948,42.487622
"Hemlock_Woolly_Adelgid",-65.370813,43.887719
"Hemlock_Woolly_Adelgid",-82.77526,35.059171
"Hemlock_Woolly_Adelgid",-72.680658,42.449667
"Hemlock_Woolly_Adelgid",-65.593978,44.287239
"Hemlock_Woolly_Adelgid",-74.895687,41.229911
"Hemlock_Woolly_Adelgid",-71.102372,42.190022
"Hemlock_Woolly_Adelgid",-65.39634,44.443098
"Hemlock_Woolly_Adelgid",-76.605576,42.542367
"Hemlock_Woolly_Adelgid",-74.459789,40.32232
"Hemlock_Woolly_Adelgid",-72.302748,42.5341
"Hemlock_Woolly_Adelgid",-78.303545,38.939288
"Hemlock_Woolly_Adelgid",-79.665036,38.311443
"Hemlock_Woolly_Adelgid",-73.865425,41.090664
"Hemlock_Woolly_Adelgid",-71.738399,42.084571
"Hemlock_Woolly_Adelgid",-71.263859,42.486095
"Hemlock_Woolly_Adelgid",-71.328159,42.407847
"Hemlock_Woolly_Adelgid",-72.255388,42.488503
"Hemlock_Woolly_Adelgid",-71.864945,42.76228
"Hemlock_Woolly_Adelgid",-65.417575,43.923341
"Hemlock_Woolly_Adelgid",-72.447806,41.722921
"Hemlock_Woolly_Adelgid",-72.300288,42.509425
"Hemlock_Woolly_Adelgid",-76.223494,40.154138
"Hemlock_Woolly_Adelgid",-72.252462,42.544847
"Hemlock_Woolly_Adelgid",-72.490742,42.480657
"Hemlock_Woolly_Adelgid",-72.324757,42.542425
"Hemlock_Woolly_Adelgid",-74.721274,40.778965
"Hemlock_Woolly_Adelgid",-73.728478,41.492399
"Hemlock_Woolly_Adelgid",-71.576425,41.711371
"Hemlock_Woolly_Adelgid",-65.842571,44.409234
"Hemlock_Woolly_Adelgid",-73.314368,42.245653
"Hemlock_Woolly_Adelgid",-81.912537,36.170647
"Hemlock_Woolly_Adelgid",-71.490106,41.465911
"Hemlock_Woolly_Adelgid",-72.30122,42.509877
"Hemlock_Woolly_Adelgid",-71.121271,42.61091
"Hemlock_Woolly_Adelgid",-82.913231,35.884232
"Hemlock_Woolly_Adelgid",-71.39418,42.487592
"Hemlock_Woolly_Adelgid",-79.623995,40.360987
"Hemlock_Woolly_Adelgid",-83.157279,35.764642
"Hemlock_Woolly_Adelgid",-72.634164,41.893543
"Hemlock_Woolly_Adelgid",-82.334678,35.273997
"Hemlock_Woolly_Adelgid",-83.013855,35.273
"Hemlock_Woolly_Adelgid",-76.882388,42.372397
"Hemlock_Woolly_Adelgid",-82.642219,35.464925
"Hemlock_Woolly_Adelgid",-70.710787,43.190637
"Hemlock_Woolly_Adelgid",-70.7163,43.195612
"Hemlock_Woolly_Adelgid",-83.015022,35.030213
"Hemlock_Woolly_Adelgid",-71.768019,42.102908
"Hemlock_Woolly_Adelgid",-70.684412,43.186153
"Hemlock_Woolly_Adelgid",-71.19494,42.32633
"Hemlock_Woolly_Adelgid",-70.6764,43.1904
"Hemlock_Woolly_Adelgid",-83.657659,37.818023
"Hemlock_Woolly_Adelgid",-72.634321,41.893823
"Hemlock_Woolly_Adelgid",-70.67578,43.194272
"Hemlock_Woolly_Adelgid",-83.922605,35.61833
"Hemlock_Woolly_Adelgid",-70.889968,43.026431
"Hemlock_Woolly_Adelgid",-79.365058,39.485172
"Hemlock_Woolly_Adelgid",-65.852465,44.432015
"Hemlock_Woolly_Adelgid",-79.408478,39.502078
"Hemlock_Woolly_Adelgid",-77.56,38.31
"Hemlock_Woolly_Adelgid",-79.724297,38.539972
"Hemlock_Woolly_Adelgid",-85.539368,35.433591
"Hemlock_Woolly_Adelgid",-82.563474,35.792381
"Hemlock_Woolly_Adelgid",-70.68515,43.196687
"Hemlock_Woolly_Adelgid",-70.716325,43.195637
"Hemlock_Woolly_Adelgid",-84.45927,35.198434
"Hemlock_Woolly_Adelgid",-65.861443,44.347408
"Hemlock_Woolly_Adelgid",-83.502203,35.687001
"Hemlock_Woolly_Adelgid",-75.124237,40.973812
"Hemlock_Woolly_Adelgid",-72.235125,41.608346
"Hemlock_Woolly_Adelgid",-77.689523,38.883008
"Hemlock_Woolly_Adelgid",-76.520068,42.415492
"Hemlock_Woolly_Adelgid",-72.218641,42.567653
"Hemlock_Woolly_Adelgid",-83.50702,35.827168
"Hemlock_Woolly_Adelgid",-82.747933,35.865222
"Hemlock_Woolly_Adelgid",-71.08868,42.466362
"Hemlock_Woolly_Adelgid",-71.132648,42.299703
"Hemlock_Woolly_Adelgid",-84.088675,36.219452
"Hemlock_Woolly_Adelgid",-73.255853,41.461803
"Hemlock_Woolly_Adelgid",-65.671944,44.611389
"Hemlock_Woolly_Adelgid",-70.203937,41.71857
"Hemlock_Woolly_Adelgid",-70.991318,42.640165
"Hemlock_Woolly_Adelgid",-71.765148,42.838569
"Hemlock_Woolly_Adelgid",-65.641944,44.605833
"Hemlock_Woolly_Adelgid",-84.550217,35.233908
"Hemlock_Woolly_Adelgid",-82.634963,35.167183
"Hemlock_Woolly_Adelgid",-73.509063,42.116828
"Hemlock_Woolly_Adelgid",-74.323219,40.74835
"Hemlock_Woolly_Adelgid",-72.565591,42.073965
"Hemlock_Woolly_Adelgid",-71.034617,42.731723
"Hemlock_Woolly_Adelgid",-65.91634,44.410781
"Hemlock_Woolly_Adelgid",-65.637349,44.577553
"Hemlock_Woolly_Adelgid",-74.008786,41.403028
"Hemlock_Woolly_Adelgid",-82.648547,35.010063
"Hemlock_Woolly_Adelgid",-75.421517,40.023056
"Hemlock_Woolly_Adelgid",-83.726147,35.627641
"Hemlock_Woolly_Adelgid",-73.99327,40.651133
"Hemlock_Woolly_Adelgid",-85.756764,35.253269
"Hemlock_Woolly_Adelgid",-77.163179,38.931951
"Hemlock_Woolly_Adelgid",-77.40458,41.360742
"Hemlock_Woolly_Adelgid",-79.445826,39.893902
"Hemlock_Woolly_Adelgid",-83.872904,35.606809
"Hemlock_Woolly_Adelgid",-77.121996,38.864994
"Hemlock_Woolly_Adelgid",-74.450885,40.477033
"Hemlock_Woolly_Adelgid",-78.750217,42.079528
"Hemlock_Woolly_Adelgid",-72.675862,42.179603
"Hemlock_Woolly_Adelgid",-72.557698,42.086196
"Hemlock_Woolly_Adelgid",-82.20762,35.816254
"Hemlock_Woolly_Adelgid",-82.426626,36.119562
"Hemlock_Woolly_Adelgid",-79.447738,37.780333
"Hemlock_Woolly_Adelgid",-72.220388,42.514982
"Hemlock_Woolly_Adelgid",-73.427253,40.794436
"Hemlock_Woolly_Adelgid",-72.276282,41.48112
"Hemlock_Woolly_Adelgid",-79.816522,39.638975
"Hemlock_Woolly_Adelgid",-81.508982,36.765957
"Hemlock_Woolly_Adelgid",-82.784303,35.295564
"Hemlock_Woolly_Adelgid",-73.697869,41.644568
"Hemlock_Woolly_Adelgid",-76.583733,39.915939
"Hemlock_Woolly_Adelgid",-72.301476,42.181076
"Hemlock_Woolly_Adelgid",-83.397052,35.689061
"Hemlock_Woolly_Adelgid",-77.117249,38.921199
"Hemlock_Woolly_Adelgid",-72.217765,42.514263
"Hemlock_Woolly_Adelgid",-70.955037,42.851683
"Hemlock_Woolly_Adelgid",-76.852823,42.390353
"Hemlock_Woolly_Adelgid",-74.54971,40.592916
"Hemlock_Woolly_Adelgid",-82.33609,35.282974
"Hemlock_Woolly_Adelgid",-83.424094,35.73914
"Hemlock_Woolly_Adelgid",-77.815949,38.139738
"Hemlock_Woolly_Adelgid",-73.422189,40.796169
"Hemlock_Woolly_Adelgid",-82.553092,35.54006
"Hemlock_Woolly_Adelgid",-82.328727,35.291117
"Hemlock_Woolly_Adelgid",-71.609917,42.086733
"Hemlock_Woolly_Adelgid",-82.552869,36.08844
"Hemlock_Woolly_Adelgid",-72.220353,42.313665
"Hemlock_Woolly_Adelgid",-79.153855,37.882153
"Hemlock_Woolly_Adelgid",-71.396392,42.501375
"Hemlock_Woolly_Adelgid",-72.225968,42.343253
"Hemlock_Woolly_Adelgid",-70.836333,42.685069
"Hemlock_Woolly_Adelgid",-122.126908,47.671211
"Hemlock_Woolly_Adelgid",-73.788239,40.750824
"Hemlock_Woolly_Adelgid",-81.493387,36.85167
"Hemlock_Woolly_Adelgid",-73.856337,41.078011
"Hemlock_Woolly_Adelgid",-75.091828,40.438053
"Hemlock_Woolly_Adelgid",-81.610847,36.672988
"Hemlock_Woolly_Adelgid",-65.839925,44.354857
"Hemlock_Woolly_Adelgid",-76.379492,39.747717
"Hemlock_Woolly_Adelgid",-75.831771,39.933924
"Hemlock_Woolly_Adelgid",-71.01072,41.729756
"Hemlock_Woolly_Adelgid",-82.73199,35.414774
"Hemlock_Woolly_Adelgid",-82.367103,36.298747
"Hemlock_Woolly_Adelgid",-65.132305,44.365753
"Hemlock_Woolly_Adelgid",-70.981322,42.489811
"Hemlock_Woolly_Adelgid",-71.24334,42.117345
"Hemlock_Woolly_Adelgid",-71.024972,42.727542
"Hemlock_Woolly_Adelgid",-82.324499,35.653494
"Hemlock_Woolly_Adelgid",-85.36798,34.999333
"Hemlock_Woolly_Adelgid",-82.317596,35.603249
"Hemlock_Woolly_Adelgid",-71.465537,42.246743
"Hemlock_Woolly_Adelgid",-75.2649,40.001509
"Hemlock_Woolly_Adelgid",-71.122649,42.421268
"Hemlock_Woolly_Adelgid",-71.026878,42.727719
"Hemlock_Woolly_Adelgid",-81.817298,36.14941
"Hemlock_Woolly_Adelgid",-79.698018,40.646305
"Hemlock_Woolly_Adelgid",-79.385528,40.372848
"Hemlock_Woolly_Adelgid",-83.180468,35.311446
"Hemlock_Woolly_Adelgid",-76.688762,39.49163
"Hemlock_Woolly_Adelgid",-79.915388,40.440813
"Hemlock_Woolly_Adelgid",-79.822333,40.51942
"Hemlock_Woolly_Adelgid",-75.201877,40.035226
"Hemlock_Woolly_Adelgid",-70.928869,42.545143
"Hemlock_Woolly_Adelgid",-70.882842,42.025033
"Hemlock_Woolly_Adelgid",-71.093962,42.450182
"Hemlock_Woolly_Adelgid",-82.322018,36.318159
"Hemlock_Woolly_Adelgid",-82.27832,35.564674
"Hemlock_Woolly_Adelgid",-80.035553,40.530697
"Hemlock_Woolly_Adelgid",-81.11646,35.968293
"Hemlock_Woolly_Adelgid",-74.643966,40.35831
"Hemlock_Woolly_Adelgid",-75.197328,40.031069
"Hemlock_Woolly_Adelgid",-75.22383,40.072839
"Hemlock_Woolly_Adelgid",-71.112653,42.465497
"Hemlock_Woolly_Adelgid",-84.175208,35.366765
"Hemlock_Woolly_Adelgid",-82.557791,35.201877
"Hemlock_Woolly_Adelgid",-71.083198,42.451125
"Hemlock_Woolly_Adelgid",-77.419844,39.975498
"Hemlock_Woolly_Adelgid",-122.521205,47.308432
"Hemlock_Woolly_Adelgid",-75.592687,39.941727
"Hemlock_Woolly_Adelgid",-65.631718,44.563284
"Hemlock_Woolly_Adelgid",-82.223431,35.62844
"Hemlock_Woolly_Adelgid",-77.131388,38.829452
"Hemlock_Woolly_Adelgid",-72.680069,41.458439
"Hemlock_Woolly_Adelgid",-77.157441,38.891628
"Hemlock_Woolly_Adelgid",-82.340612,35.626687
"Hemlock_Woolly_Adelgid",-73.357905,41.141472
"Hemlock_Woolly_Adelgid",-73.642535,41.220985
"Hemlock_Woolly_Adelgid",-71.60981,42.08679
"Hemlock_Woolly_Adelgid",-71.118834,42.218339
"Hemlock_Woolly_Adelgid",-83.120483,35.384423
"Hemlock_Woolly_Adelgid",-79.733277,40.581349
"Hemlock_Woolly_Adelgid",-70.993166,42.641529
"Hemlock_Woolly_Adelgid",-77.007362,40.586345
"Hemlock_Woolly_Adelgid",-82.365075,35.745606
"Hemlock_Woolly_Adelgid",-73.553041,41.205233
"Hemlock_Woolly_Adelgid",-77.051376,40.521339
"Hemlock_Woolly_Adelgid",-71.807374,42.274967
"Hemlock_Woolly_Adelgid",-71.084197,42.452283
"Hemlock_Woolly_Adelgid",-74.409325,40.435512
"Hemlock_Woolly_Adelgid",-82.365075,35.745606
"Hemlock_Woolly_Adelgid",-71.615987,42.605629
"Hemlock_Woolly_Adelgid",-65.840182,44.35515
"Hemlock_Woolly_Adelgid",-74.665012,40.721084
"Hemlock_Woolly_Adelgid",-71.122303,42.448367
"Hemlock_Woolly_Adelgid",-73.552247,41.200986
"Hemlock_Woolly_Adelgid",-84.100464,34.577658
"Hemlock_Woolly_Adelgid",-82.48145,35.515788
"Hemlock_Woolly_Adelgid",-82.342639,35.627938
"Hemlock_Woolly_Adelgid",-82.533724,35.556271
"Hemlock_Woolly_Adelgid",-77.184698,40.100997
"Hemlock_Woolly_Adelgid",-83.855489,34.755205
"Hemlock_Woolly_Adelgid",-73.588039,41.592572
"Hemlock_Woolly_Adelgid",-79.698143,40.645687
"Hemlock_Woolly_Adelgid",-72.067601,42.130636
"Hemlock_Woolly_Adelgid",-84.215895,37.49809
"Hemlock_Woolly_Adelgid",-84.215943,37.497707
"Hemlock_Woolly_Adelgid",-84.21595,37.497715
"Hemlock_Woolly_Adelgid",-77.291334,38.836667
"Hemlock_Woolly_Adelgid",-84.215928,37.49764
"Hemlock_Woolly_Adelgid",-84.216045,37.497565
"Hemlock_Woolly_Adelgid",-81.463644,36.240895
"Hemlock_Woolly_Adelgid",-65.143529,44.37273
"Hemlock_Woolly_Adelgid",-84.215942,37.49766
"Hemlock_Woolly_Adelgid",-84.510253,36.723658
"Hemlock_Woolly_Adelgid",-77.870597,40.795508
"Hemlock_Woolly_Adelgid",-71.117997,42.295605
"Hemlock_Woolly_Adelgid",-84.216178,37.498398
"Hemlock_Woolly_Adelgid",-74.758469,40.568847
"Hemlock_Woolly_Adelgid",-84.215897,37.498085
"Hemlock_Woolly_Adelgid",-84.475522,36.177611
"Hemlock_Woolly_Adelgid",-84.215893,37.49808
"Hemlock_Woolly_Adelgid",-82.214979,35.819437
"Hemlock_Woolly_Adelgid",-70.949822,42.893508
"Hemlock_Woolly_Adelgid",-83.723409,34.72964
"Hemlock_Woolly_Adelgid",-84.215885,37.498113
"Hemlock_Woolly_Adelgid",-83.59482,35.308502
"Hemlock_Woolly_Adelgid",-82.443685,35.626456
"Hemlock_Woolly_Adelgid",-82.329631,35.291502
"Hemlock_Woolly_Adelgid",-83.680092,36.612092
"Hemlock_Woolly_Adelgid",-84.219163,37.571997
"Hemlock_Woolly_Adelgid",-85.171298,35.30141
"Hemlock_Woolly_Adelgid",-81.656358,36.252195
"Hemlock_Woolly_Adelgid",-82.451234,35.597059
"Hemlock_Woolly_Adelgid",-75.2839,40.08241
"Hemlock_Woolly_Adelgid",-85.343576,35.137863
"Hemlock_Woolly_Adelgid",-75.219746,40.059988
"Hemlock_Woolly_Adelgid",-82.339165,35.437495
"Hemlock_Woolly_Adelgid",-73.97,40.7799
"Hemlock_Woolly_Adelgid",-81.90531,35.874597
"Hemlock_Woolly_Adelgid",-72.809831,41.873603
"Hemlock_Woolly_Adelgid",-65.62518,44.646372
"Hemlock_Woolly_Adelgid",-74.122886,40.579738
"Hemlock_Woolly_Adelgid",-84.594125,35.110947
"Hemlock_Woolly_Adelgid",-74.947045,40.32813
"Hemlock_Woolly_Adelgid",-78.257362,38.36555
"Hemlock_Woolly_Adelgid",-83.541467,35.686725
"Hemlock_Woolly_Adelgid",-85.31302,35.549708
"Hemlock_Woolly_Adelgid",-64.770244,44.072114
"Hemlock_Woolly_Adelgid",-84.218108,37.496208
"Hemlock_Woolly_Adelgid",-79.338044,42.45559
"Hemlock_Woolly_Adelgid",-85.359147,35.007206
"Hemlock_Woolly_Adelgid",-82.554916,35.508969
"Hemlock_Woolly_Adelgid",-82.416233,35.593065
"Hemlock_Woolly_Adelgid",-82.529204,35.425511
"Hemlock_Woolly_Adelgid",-84.800463,36.549896
"Hemlock_Woolly_Adelgid",-65.879193,43.908204
"Hemlock_Woolly_Adelgid",-82.62546,35.480916
"Hemlock_Woolly_Adelgid",-76.474682,42.451642
"Hemlock_Woolly_Adelgid",-82.494471,35.579362
"Hemlock_Woolly_Adelgid",-82.452457,35.53292
"Hemlock_Woolly_Adelgid",-82.447251,35.433522
"Hemlock_Woolly_Adelgid",-82.542822,35.568638
"Hemlock_Woolly_Adelgid",-74.379289,40.6816
"Hemlock_Woolly_Adelgid",-82.568077,35.430797
"Hemlock_Woolly_Adelgid",-76.474688,42.451637
"Hemlock_Woolly_Adelgid",-72.228833,42.26584
"Hemlock_Woolly_Adelgid",-65.615411,44.732728
"Hemlock_Woolly_Adelgid",-65.615167,44.732883
"Hemlock_Woolly_Adelgid",-65.615258,44.732781
"Hemlock_Woolly_Adelgid",-83.496963,34.942117
"Hemlock_Woolly_Adelgid",-80.542895,37.24727
"Hemlock_Woolly_Adelgid",-71.071491,43.002495
"Hemlock_Woolly_Adelgid",-65.613889,44.564167
"Hemlock_Woolly_Adelgid",-81.848003,36.042146
"Hemlock_Woolly_Adelgid",-82.481942,35.570203
"Hemlock_Woolly_Adelgid",-71.081069,42.452222
"Hemlock_Woolly_Adelgid",-74.451054,40.636743
"Hemlock_Woolly_Adelgid",-76.87468,42.09708
"Hemlock_Woolly_Adelgid",-73.969822,40.780027
"Hemlock_Woolly_Adelgid",-82.28205,35.671911
"Hemlock_Woolly_Adelgid",-65.616644,44.735786
"Hemlock_Woolly_Adelgid",-77.991718,42.609707
"Hemlock_Woolly_Adelgid",-74.499625,40.6059
"Hemlock_Woolly_Adelgid",-65.615403,44.732606
"Hemlock_Woolly_Adelgid",-72.321088,41.76714
"Hemlock_Woolly_Adelgid",-81.867381,36.108603
"Hemlock_Woolly_Adelgid",-76.872911,42.098297
"Hemlock_Woolly_Adelgid",-65.61505,44.732753
"Hemlock_Woolly_Adelgid",-72.47448,42.2976
"Hemlock_Woolly_Adelgid",-74.401306,40.668547
"Hemlock_Woolly_Adelgid",-65.615289,44.732586
"Hemlock_Woolly_Adelgid",-82.319452,35.668525
"Hemlock_Woolly_Adelgid",-81.779633,36.22286
"Hemlock_Woolly_Adelgid",-71.092978,42.305482
"Hemlock_Woolly_Adelgid",-83.463372,35.689683
"Hemlock_Woolly_Adelgid",-76.699653,39.61723
"Hemlock_Woolly_Adelgid",-76.253608,39.686488
"Hemlock_Woolly_Adelgid",-82.010236,35.710194
"Hemlock_Woolly_Adelgid",-82.130636,35.617541
"Hemlock_Woolly_Adelgid",-82.061394,35.674526
"Hemlock_Woolly_Adelgid",-82.104631,35.748955
"Hemlock_Woolly_Adelgid",-82.842172,35.272806
"Hemlock_Woolly_Adelgid",-82.784373,35.287266
"Hemlock_Woolly_Adelgid",-82.854588,35.25494
"Hemlock_Woolly_Adelgid",-83.013846,35.273012
"Hemlock_Woolly_Adelgid",-82.956412,35.264054
"Hemlock_Woolly_Adelgid",-82.484965,35.566913
"Hemlock_Woolly_Adelgid",-85.562487,34.876458
"Hemlock_Woolly_Adelgid",-83.153471,35.191983
"Hemlock_Woolly_Adelgid",-83.098489,35.090405
"Hemlock_Woolly_Adelgid",-82.768941,35.250846
"Hemlock_Woolly_Adelgid",-82.770505,35.250547
"Hemlock_Woolly_Adelgid",-82.769593,35.249303
"Hemlock_Woolly_Adelgid",-81.694078,36.215155
"Hemlock_Woolly_Adelgid",-81.891482,36.032186
"Hemlock_Woolly_Adelgid",-73.881522,40.863183
"Hemlock_Woolly_Adelgid",-83.592462,35.332239
"Hemlock_Woolly_Adelgid",-71.090333,42.463888
"Hemlock_Woolly_Adelgid",-76.886763,39.37487
"Hemlock_Woolly_Adelgid",-76.256042,39.525203
"Hemlock_Woolly_Adelgid",-82.459999,35.616622
"Hemlock_Woolly_Adelgid",-82.456889,35.618882
"Hemlock_Woolly_Adelgid",-82.459014,35.616753
"Hemlock_Woolly_Adelgid",-82.46137,35.616762
"Hemlock_Woolly_Adelgid",-82.306988,35.594656
"Hemlock_Woolly_Adelgid",-73.884925,41.394588
"Hemlock_Woolly_Adelgid",-82.306502,35.584567
"Hemlock_Woolly_Adelgid",-82.300602,35.646079
"Hemlock_Woolly_Adelgid",-82.339053,35.591523
"Hemlock_Woolly_Adelgid",-82.332466,35.630598
"Hemlock_Woolly_Adelgid",-82.332714,35.630589
"Hemlock_Woolly_Adelgid",-82.339663,35.586423
"Hemlock_Woolly_Adelgid",-83.11073,35.759246
"Hemlock_Woolly_Adelgid",-82.302834,35.644241
"Hemlock_Woolly_Adelgid",-65.624168,44.563889
"Hemlock_Woolly_Adelgid",-82.302335,35.644585
"Hemlock_Woolly_Adelgid",-71.124333,42.454581
"Hemlock_Woolly_Adelgid",-81.741199,36.643943
"Hemlock_Woolly_Adelgid",-77.60707,42.69432
"Hemlock_Woolly_Adelgid",-77.60306,42.68121
"Hemlock_Woolly_Adelgid",-77.60716,42.69409
"Hemlock_Woolly_Adelgid",-77.508438,42.69631
"Hemlock_Woolly_Adelgid",-79.087348,40.320422
"Hemlock_Woolly_Adelgid",-76.803789,40.17567
"Hemlock_Woolly_Adelgid",-70.843942,42.555533
"Hemlock_Woolly_Adelgid",-72.436997,41.913536
"Hemlock_Woolly_Adelgid",-83.15374,34.684776
"Hemlock_Woolly_Adelgid",-73.677887,41.183853
"Hemlock_Woolly_Adelgid",-82.717982,35.11557
"Hemlock_Woolly_Adelgid",-65.891937,43.905579
"Hemlock_Woolly_Adelgid",-65.690796,44.599857
"Hemlock_Woolly_Adelgid",-70.958442,42.852661
"Hemlock_Woolly_Adelgid",-65.187637,44.853184
"Hemlock_Woolly_Adelgid",-81.516171,36.294551
"Hemlock_Woolly_Adelgid",-79.425956,42.880736
"Hemlock_Woolly_Adelgid",-72.430122,42.315105
"Hemlock_Woolly_Adelgid",-82.780067,35.84853
"Hemlock_Woolly_Adelgid",-83.187347,35.046489
"Hemlock_Woolly_Adelgid",-70.84407,42.554543
"Hemlock_Woolly_Adelgid",-81.406449,36.243242
"Hemlock_Woolly_Adelgid",-65.240785,44.214597
"Hemlock_Woolly_Adelgid",-69.828522,43.81762
"Hemlock_Woolly_Adelgid",-77.750328,40.758545
"Hemlock_Woolly_Adelgid",-83.499938,35.687179
"Hemlock_Woolly_Adelgid",-71.789597,42.074978
"Hemlock_Woolly_Adelgid",-71.21163,42.120449
"Hemlock_Woolly_Adelgid",-83.536644,36.806427
"Hemlock_Woolly_Adelgid",-84.799543,36.550012
"Hemlock_Woolly_Adelgid",-77.495833,39.467687
"Hemlock_Woolly_Adelgid",-83.255255,34.716141
"Hemlock_Woolly_Adelgid",-77.14336,38.334175
"Hemlock_Woolly_Adelgid",-84.800255,36.550683
"Hemlock_Woolly_Adelgid",-71.21061,42.192761
"Hemlock_Woolly_Adelgid",-71.124386,42.449958
"Hemlock_Woolly_Adelgid",-81.637212,36.396038
"Hemlock_Woolly_Adelgid",-65.636847,44.5539
"Hemlock_Woolly_Adelgid",-77.8908,40.8077
"Hemlock_Woolly_Adelgid",-84.800787,36.549772
"Hemlock_Woolly_Adelgid",-82.667013,35.314833
"Hemlock_Woolly_Adelgid",-86.292797,43.169206
"Hemlock_Woolly_Adelgid",-71.455732,42.478481
"Hemlock_Woolly_Adelgid",-71.746545,42.043306
"Hemlock_Woolly_Adelgid",-69.92955,43.816113
"Hemlock_Woolly_Adelgid",-69.929703,43.814617
"Hemlock_Woolly_Adelgid",-73.962979,40.659614
"Hemlock_Woolly_Adelgid",-71.373008,42.404494
"Hemlock_Woolly_Adelgid",-82.283022,35.624512
"Hemlock_Woolly_Adelgid",-71.155196,43.085728
"Hemlock_Woolly_Adelgid",-71.534402,42.500739
"Hemlock_Woolly_Adelgid",-79.913505,40.475353
"Hemlock_Woolly_Adelgid",-82.770013,35.360617
"Hemlock_Woolly_Adelgid",-71.124403,42.454536
"Hemlock_Woolly_Adelgid",-82.779823,35.294678
"Hemlock_Woolly_Adelgid",-79.733353,40.581445
"Hemlock_Woolly_Adelgid",-71.607619,42.104751
"Hemlock_Woolly_Adelgid",-83.744288,34.745654
"Hemlock_Woolly_Adelgid",-81.797312,36.098164
"Hemlock_Woolly_Adelgid",-84.907045,35.794372
"Hemlock_Woolly_Adelgid",-83.097714,35.783001
"Hemlock_Woolly_Adelgid",-73.9677,40.775398
"Hemlock_Woolly_Adelgid",-82.570495,36.052458
"Hemlock_Woolly_Adelgid",-79.0831,38.5625
"Hemlock_Woolly_Adelgid",-74.8744,41.2446
"Hemlock_Woolly_Adelgid",-77.1537,41.0496
"Hemlock_Woolly_Adelgid",-72.6178,42.2735
"Hemlock_Woolly_Adelgid",-80.9374,37.0715
"Hemlock_Woolly_Adelgid",-122.283,47.6333
"Hemlock_Woolly_Adelgid",-122.283,47.6333
"Hemlock_Woolly_Adelgid",-123.276,44.5677
"Hemlock_Woolly_Adelgid",-72.9174,41.3832
"Hemlock_Woolly_Adelgid",-122.403,47.665
"Hemlock_Woolly_Adelgid",-123.249,49.2524
"Hemlock_Woolly_Adelgid",-122.283,47.6333
"Hemlock_Woolly_Adelgid",-72.4607,41.5336
"Hemlock_Woolly_Adelgid",-122.375,47.81
"Hemlock_Woolly_Adelgid",-123.065,49.3411
"Hemlock_Woolly_Adelgid",-122.895,47.011
"Hemlock_Woolly_Adelgid",-122.213,45.4369
"Hemlock_Woolly_Adelgid",-122.642,45.7387
"Hemlock_Woolly_Adelgid",-83.2167,35.0167
"Hemlock_Woolly_Adelgid",-71.126,42.296
"Hemlock_Woolly_Adelgid",-113.662,48.7607
"Hemlock_Woolly_Adelgid",-122.895,47.011
"Hemlock_Woolly_Adelgid",-122.454,47.4552
"Hemlock_Woolly_Adelgid",-77.2,40.2
"Hemlock_Woolly_Adelgid",-122.45,47.4554
"Hemlock_Woolly_Adelgid",-72.9141,41.9294
"Hemlock_Woolly_Adelgid",-123.439,48.472
"Hemlock_Woolly_Adelgid",-83.4316,35.0596
"Hemlock_Woolly_Adelgid",-123.127,48.151
"Hemlock_Woolly_Adelgid",-123.071,49.3409
"Hemlock_Woolly_Adelgid",-79.75,38.92
"Hemlock_Woolly_Adelgid",-123.397,48.459
"Hemlock_Woolly_Adelgid",-123.397,48.459
"Hemlock_Woolly_Adelgid",-123.397,48.459
"Hemlock_Woolly_Adelgid",-123.397,48.459
"Hemlock_Woolly_Adelgid",-123.397,48.459
"Hemlock_Woolly_Adelgid",-123.397,48.459
"Hemlock_Woolly_Adelgid",-81.840067,35.237727
"Hemlock_Woolly_Adelgid",-73.970111,40.779385
"Hemlock_Woolly_Adelgid",-84.240791,37.173576
"Hemlock_Woolly_Adelgid",-71.395615,41.821827
"Hemlock_Woolly_Adelgid",-81.886111,35.915833
"Hemlock_Woolly_Adelgid",-71.609854,42.086938
"Hemlock_Woolly_Adelgid",-81.883266,35.902315
"Hemlock_Woolly_Adelgid",-84.706332,36.091336
"Hemlock_Woolly_Adelgid",-65.676751,44.605824
"Hemlock_Woolly_Adelgid",-71.124273,42.454213
"Hemlock_Woolly_Adelgid",-81.412788,35.659088
"Hemlock_Woolly_Adelgid",-78.184733,38.529474
"Hemlock_Woolly_Adelgid",-75.228837,40.014937
"Hemlock_Woolly_Adelgid",-83.60791,37.844654
"Hemlock_Woolly_Adelgid",-70.986764,42.480736
"Hemlock_Woolly_Adelgid",-75.220787,40.061895
"Hemlock_Woolly_Adelgid",-82.306639,35.584851
"Hemlock_Woolly_Adelgid",-82.659727,35.494916
"Hemlock_Woolly_Adelgid",-83.341727,35.70416
"Hemlock_Woolly_Adelgid",-82.77606,35.354877
"Hemlock_Woolly_Adelgid",-76.958056,38.915485
"Hemlock_Woolly_Adelgid",-85.34601,35.661712
"Hemlock_Woolly_Adelgid",-73.868775,41.208675
"Hemlock_Woolly_Adelgid",-65.717445,44.531849
"Hemlock_Woolly_Adelgid",-65.420038,44.734348
"Hemlock_Woolly_Adelgid",-65.676789,44.605789
"Hemlock_Woolly_Adelgid",-65.487778,44.701111
"Hemlock_Woolly_Adelgid",-65.4875,44.701111
"Hemlock_Woolly_Adelgid",-65.6775,44.605556
"Hemlock_Woolly_Adelgid",-85.595329,35.411161
"Hemlock_Woolly_Adelgid",-83.973695,35.51925
"Hemlock_Woolly_Adelgid",-85.547339,35.352025
"Hemlock_Woolly_Adelgid",-65.132602,44.366041
"Hemlock_Woolly_Adelgid",-75.991798,40.640015
"Hemlock_Woolly_Adelgid",-84.067896,34.544731
"Hemlock_Woolly_Adelgid",-85.367897,34.999067
"Hemlock_Woolly_Adelgid",-74.500961,41.988082
"Hemlock_Woolly_Adelgid",-71.258701,42.36548
"Hemlock_Woolly_Adelgid",-71.258701,42.36548
"Hemlock_Woolly_Adelgid",-71.258701,42.36548
"Hemlock_Woolly_Adelgid",-79.462997,38.775603
"Hemlock_Woolly_Adelgid",-122.671511,48.018761
"Hemlock_Woolly_Adelgid",-122.671417,48.018706
"Hemlock_Woolly_Adelgid",-65.471565,44.662746
"Hemlock_Woolly_Adelgid",-83.972588,35.518413
"Hemlock_Woolly_Adelgid",-80.275088,38.051442
"Hemlock_Woolly_Adelgid",-65.328368,44.283015
"Hemlock_Woolly_Adelgid",-74.914484,41.171224
"Hemlock_Woolly_Adelgid",-75.907932,42.073844
"Hemlock_Woolly_Adelgid",-65.632139,44.558829
"Hemlock_Woolly_Adelgid",-73.585296,41.777935
"Hemlock_Woolly_Adelgid",-65.252382,44.346327
"Hemlock_Woolly_Adelgid",-71.890689,42.475816
"Hemlock_Woolly_Adelgid",-81.634365,36.325993
"Hemlock_Woolly_Adelgid",-77.451746,39.630503
"Hemlock_Woolly_Adelgid",-84.47891,36.13945
"Hemlock_Woolly_Adelgid",-84.573604,35.117021
"Hemlock_Woolly_Adelgid",-65.240821,44.214673
"Hemlock_Woolly_Adelgid",-72.478704,42.363825
"Hemlock_Woolly_Adelgid",-69.829619,43.74258
"Hemlock_Woolly_Adelgid",-85.347947,35.006881
"Hemlock_Woolly_Adelgid",-85.348228,35.008167
"Hemlock_Woolly_Adelgid",-84.203287,36.047597
"Hemlock_Woolly_Adelgid",-84.908478,35.795997
"Hemlock_Woolly_Adelgid",-82.777181,35.349266
"Hemlock_Woolly_Adelgid",-82.306489,35.584884
"Hemlock_Woolly_Adelgid",-72.634232,41.893398
"Hemlock_Woolly_Adelgid",-83.492097,35.681805
"Hemlock_Woolly_Adelgid",-82.610817,36.509133
"Hemlock_Woolly_Adelgid",-82.353476,35.612451
"Hemlock_Woolly_Adelgid",-83.06762,35.074991
"Hemlock_Woolly_Adelgid",-83.051979,35.055508
"Hemlock_Woolly_Adelgid",-76.602042,42.543488
"Hemlock_Woolly_Adelgid",-65.21953,44.155112
"Hemlock_Woolly_Adelgid",-73.917783,42.875627
"Hemlock_Woolly_Adelgid",-78.090364,40.645381
"Hemlock_Woolly_Adelgid",-85.371912,34.997078
"Hemlock_Woolly_Adelgid",-81.797391,36.098384
"Hemlock_Woolly_Adelgid",-72.381199,41.782136
"Hemlock_Woolly_Adelgid",-82.769522,35.368779
"Hemlock_Woolly_Adelgid",-72.468661,42.337107
"Hemlock_Woolly_Adelgid",-72.165483,42.633634
"Hemlock_Woolly_Adelgid",-82.494228,35.579442
"Hemlock_Woolly_Adelgid",-85.367937,34.998988
"Hemlock_Woolly_Adelgid",-82.337379,35.609535
"Hemlock_Woolly_Adelgid",-71.1869,42.402164
"Hemlock_Woolly_Adelgid",-82.457851,35.263026
"Hemlock_Woolly_Adelgid",-79.260163,40.000229
"Hemlock_Woolly_Adelgid",-83.52925,35.663062
"Hemlock_Woolly_Adelgid",-83.051687,35.056385
"Hemlock_Woolly_Adelgid",-83.053843,35.057521
"Hemlock_Woolly_Adelgid",-83.050271,35.059443
"Hemlock_Woolly_Adelgid",-71.55134,42.62016
"Hemlock_Woolly_Adelgid",-77.601108,43.131326
"Hemlock_Woolly_Adelgid",-77.197232,40.202721
"Hemlock_Woolly_Adelgid",-82.620806,35.024628
"Hemlock_Woolly_Adelgid",-82.788766,35.069146
"Hemlock_Woolly_Adelgid",-80.125725,38.117577
"Hemlock_Woolly_Adelgid",-70.442949,41.408435
"Hemlock_Woolly_Adelgid",-81.81564,36.129635
"Hemlock_Woolly_Adelgid",-81.815807,36.130327
"Hemlock_Woolly_Adelgid",-81.815891,36.130581
"Hemlock_Woolly_Adelgid",-81.815836,36.131359
"Hemlock_Woolly_Adelgid",-81.077707,37.7542
"Hemlock_Woolly_Adelgid",-79.957672,40.431454
"Hemlock_Woolly_Adelgid",-77.156625,38.890878
"Hemlock_Woolly_Adelgid",-77.447137,39.640661
"Hemlock_Woolly_Adelgid",-77.157321,38.900502
"Hemlock_Woolly_Adelgid",-79.27018,40.15159
"Hemlock_Woolly_Adelgid",-71.11,42.638814
"Hemlock_Woolly_Adelgid",-76.646478,39.32617
"Hemlock_Woolly_Adelgid",-122.522326,47.306351
"Hemlock_Woolly_Adelgid",-83.526802,35.663223
"Hemlock_Woolly_Adelgid",-74.377699,40.689099
"Hemlock_Woolly_Adelgid",-76.874928,42.37306
"Hemlock_Woolly_Adelgid",-79.56221,38.633148
"Hemlock_Woolly_Adelgid",-122.529575,47.313763
"Hemlock_Woolly_Adelgid",-71.549363,42.447496
"Hemlock_Woolly_Adelgid",-76.562873,42.383422
"Hemlock_Woolly_Adelgid",-82.183502,35.812079
"Hemlock_Woolly_Adelgid",-80.468064,37.281361
"Hemlock_Woolly_Adelgid",-82.162343,35.643187
"Hemlock_Woolly_Adelgid",-72.484276,41.69648
"Hemlock_Woolly_Adelgid",-73.658385,42.247699
"Hemlock_Woolly_Adelgid",-71.552882,42.621076
"Hemlock_Woolly_Adelgid",-75.167809,40.998371
"Hemlock_Woolly_Adelgid",-77.122344,38.860148
"Hemlock_Woolly_Adelgid",-79.950875,40.443749
"Hemlock_Woolly_Adelgid",-72.18176,42.534819
"Hemlock_Woolly_Adelgid",-79.764917,38.911073
"Hemlock_Woolly_Adelgid",-65.873988,43.903053
"Hemlock_Woolly_Adelgid",-80.408776,37.185619
"Hemlock_Woolly_Adelgid",-80.200368,37.393442
"Hemlock_Woolly_Adelgid",-80.45322,37.289744
"Hemlock_Woolly_Adelgid",-80.413311,37.311459
"Hemlock_Woolly_Adelgid",-80.219743,37.39919
"Hemlock_Woolly_Adelgid",-80.199963,37.393141
"Hemlock_Woolly_Adelgid",-80.396973,37.315072
"Hemlock_Woolly_Adelgid",-80.4883,37.232052
"Hemlock_Woolly_Adelgid",-80.389357,37.318153
"Hemlock_Woolly_Adelgid",-80.324856,37.344658
"Hemlock_Woolly_Adelgid",-80.325112,37.34487
"Hemlock_Woolly_Adelgid",-80.318382,37.3633
"Hemlock_Woolly_Adelgid",-74.418554,40.725015
"Hemlock_Woolly_Adelgid",-73.877697,40.865086
"Hemlock_Woolly_Adelgid",-82.786187,35.017655
"Hemlock_Woolly_Adelgid",-82.642539,35.127661
"Hemlock_Woolly_Adelgid",-80.578015,37.155914
"Hemlock_Woolly_Adelgid",-77.7275,40.3676
"Hemlock_Woolly_Adelgid",-78.018501,40.500137
"Hemlock_Woolly_Adelgid",-75.537015,41.105105
"Hemlock_Woolly_Adelgid",-79.867888,37.301493
"Hemlock_Woolly_Adelgid",-85.481363,34.835178
"Hemlock_Woolly_Adelgid",-82.51151,36.051893
"Hemlock_Woolly_Adelgid",-79.588346,38.799898
"Hemlock_Woolly_Adelgid",-79.494201,39.868022
"Hemlock_Woolly_Adelgid",-86.337053,43.246503
"Hemlock_Woolly_Adelgid",-81.878171,36.155367
"Hemlock_Woolly_Adelgid",-74.27053,41.716928
"Hemlock_Woolly_Adelgid",-81.830687,36.091496
"Hemlock_Woolly_Adelgid",-81.849434,36.087937
"Hemlock_Woolly_Adelgid",-81.72788,36.140803
"Hemlock_Woolly_Adelgid",-81.728051,36.140418
"Hemlock_Woolly_Adelgid",-81.759215,36.14328
"Hemlock_Woolly_Adelgid",-81.848869,36.087968
"Hemlock_Woolly_Adelgid",-81.849404,36.087875
"Hemlock_Woolly_Adelgid",-81.727931,36.141203
"Hemlock_Woolly_Adelgid",-73.670237,41.308066
"Hemlock_Woolly_Adelgid",-77.446043,40.870318
"Hemlock_Woolly_Adelgid",-77.792755,38.761745
"Hemlock_Woolly_Adelgid",-77.445145,39.950347
"Hemlock_Woolly_Adelgid",-122.671299,48.018699
"Hemlock_Woolly_Adelgid",-65.900964,44.426072
"Hemlock_Woolly_Adelgid",-76.557428,42.518125
"Hemlock_Woolly_Adelgid",-76.557427,42.51809
"Hemlock_Woolly_Adelgid",-81.14547,37.133678
"Hemlock_Woolly_Adelgid",-78.062378,40.91368
"Hemlock_Woolly_Adelgid",-69.976916,43.893368
"Hemlock_Woolly_Adelgid",-84.799539,36.5501
"Hemlock_Woolly_Adelgid",-73.926991,40.869716
"Hemlock_Woolly_Adelgid",-76.887049,42.089596
"Hemlock_Woolly_Adelgid",-79.959472,39.599014
"Hemlock_Woolly_Adelgid",-83.013706,35.163429
"Hemlock_Woolly_Adelgid",-74.871376,41.66206
"Hemlock_Woolly_Adelgid",-74.858909,40.578906
"Hemlock_Woolly_Adelgid",-74.906931,41.081616
"Hemlock_Woolly_Adelgid",-76.605133,42.537956
"Hemlock_Woolly_Adelgid",-74.876332,40.692288
"Hemlock_Woolly_Adelgid",-84.29512,36.910908
"Hemlock_Woolly_Adelgid",-71.102697,42.304269
"Hemlock_Woolly_Adelgid",-74.914656,41.001861
"Hemlock_Woolly_Adelgid",-84.486342,36.136887
"Hemlock_Woolly_Adelgid",-71.144629,42.373859
"Hemlock_Woolly_Adelgid",-83.689414,35.64347
"Hemlock_Woolly_Adelgid",-85.362716,35.128109
"Hemlock_Woolly_Adelgid",-84.800483,36.550388
"Hemlock_Woolly_Adelgid",-85.360163,35.129837
"Hemlock_Woolly_Adelgid",-74.968815,41.39059
"Hemlock_Woolly_Adelgid",-82.831954,35.365246
"Hemlock_Woolly_Adelgid",-77.435774,41.022074
"Hemlock_Woolly_Adelgid",-78.37256,38.597851
"Hemlock_Woolly_Adelgid",-75.421822,40.101005
"Hemlock_Woolly_Adelgid",-71.443128,42.454948
"Hemlock_Woolly_Adelgid",-70.228005,43.604905
"Hemlock_Woolly_Adelgid",-73.584928,41.153525
"Hemlock_Woolly_Adelgid",-80.604179,37.230918
"Hemlock_Woolly_Adelgid",-83.210578,35.756994
"Hemlock_Woolly_Adelgid",-72.244166,41.845992
"Hemlock_Woolly_Adelgid",-72.244166,41.845992
"Hemlock_Woolly_Adelgid",-72.244166,41.845992
"Hemlock_Woolly_Adelgid",-72.156243,41.909281
"Hemlock_Woolly_Adelgid",-72.156243,41.909281
"Hemlock_Woolly_Adelgid",-83.1883,35.0541
"Hemlock_Woolly_Adelgid",-72.606392,42.910944
"Hemlock_Woolly_Adelgid",-71.264267,42.365939
"Hemlock_Woolly_Adelgid",-74.533753,39.497591
"Hemlock_Woolly_Adelgid",-70.773522,42.597042
"Hemlock_Woolly_Adelgid",-76.843853,39.065135
"Hemlock_Woolly_Adelgid",-77.003604,39.029627
"Hemlock_Woolly_Adelgid",-70.70308,42.593453
"Hemlock_Woolly_Adelgid",-84.58811,35.129203
"Hemlock_Woolly_Adelgid",-76.995815,39.575379
"Hemlock_Woolly_Adelgid",-122.524942,47.310627
"Hemlock_Woolly_Adelgid",-81.180358,35.817422
"Hemlock_Woolly_Adelgid",-79.959234,39.598745
"Hemlock_Woolly_Adelgid",-74.535574,40.60764
"Hemlock_Woolly_Adelgid",-85.375637,34.963693
"Hemlock_Woolly_Adelgid",-85.753258,35.250705
"Hemlock_Woolly_Adelgid",-84.581169,35.123076
"Hemlock_Woolly_Adelgid",-85.358745,35.131534
"Hemlock_Woolly_Adelgid",-76.328,42.8213
"Hemlock_Woolly_Adelgid",-75.984814,39.915344
"Hemlock_Woolly_Adelgid",-77.408425,40.872168
"Hemlock_Woolly_Adelgid",-79.499986,39.863378
"Hemlock_Woolly_Adelgid",-79.498428,39.863247
"Hemlock_Woolly_Adelgid",-79.499747,39.863537
"Hemlock_Woolly_Adelgid",-81.822436,36.458567
"Hemlock_Woolly_Adelgid",-75.020942,41.556888
"Hemlock_Woolly_Adelgid",-82.586601,35.702957
"Hemlock_Woolly_Adelgid",-82.4475,35.271349
"Hemlock_Woolly_Adelgid",-72.545905,42.173622
"Hemlock_Woolly_Adelgid",-74.72265,40.295389
"Hemlock_Woolly_Adelgid",-74.758087,40.568908
"Hemlock_Woolly_Adelgid",-74.535145,40.60672
"Hemlock_Woolly_Adelgid",-75.06467,41.672667
"Hemlock_Woolly_Adelgid",-79.1281,37.8478
"Hemlock_Woolly_Adelgid",-82.6547,36.0386
"Hemlock_Woolly_Adelgid",-81.7118,36.1451
"Hemlock_Woolly_Adelgid",-73.2956,41.2019
"Hemlock_Woolly_Adelgid",-122.53,47.305
"Hemlock_Woolly_Adelgid",-122.53,47.305
"Hemlock_Woolly_Adelgid",-122.11,47.66
"Hemlock_Woolly_Adelgid",-82.6547,36.0386
"Hemlock_Woolly_Adelgid",-83.1968,34.9468
"Hemlock_Woolly_Adelgid",-83.1968,34.9468
"Hemlock_Woolly_Adelgid",-120.454,43.691
"Hemlock_Woolly_Adelgid",-83.1968,34.9468
"Hemlock_Woolly_Adelgid",-73.2956,41.2019
"Hemlock_Woolly_Adelgid",-122.53,47.305
"Hemlock_Woolly_Adelgid",-122.53,47.305
"Hemlock_Woolly_Adelgid",-77.1537,41.0496
"Hemlock_Woolly_Adelgid",-72.6178,42.2735
"Hemlock_Woolly_Adelgid",-79.0831,38.5625
"Hemlock_Woolly_Adelgid",-81.7118,36.1451
"Hemlock_Woolly_Adelgid",-71.110313,42.293976
"Hemlock_Woolly_Adelgid",-82.758202,35.543147
"Hemlock_Woolly_Adelgid",-82.719002,35.281459
"Hemlock_Woolly_Adelgid",-85.202988,35.335103
"Hemlock_Woolly_Adelgid",-72.57308,41.723948
"Hemlock_Woolly_Adelgid",-72.573802,41.723746
"Hemlock_Woolly_Adelgid",-71.450805,42.470215
"Hemlock_Woolly_Adelgid",-82.476496,35.257068
"Hemlock_Woolly_Adelgid",-74.722679,40.295344
"Hemlock_Woolly_Adelgid",-82.816528,35.891158
"Hemlock_Woolly_Adelgid",-74.43018,40.775413
"Hemlock_Woolly_Adelgid",-79.079077,37.83592
"Hemlock_Woolly_Adelgid",-77.088951,38.898062
"Hemlock_Woolly_Adelgid",-83.141449,35.080943
"Hemlock_Woolly_Adelgid",-81.932516,36.520535
"Hemlock_Woolly_Adelgid",-77.554854,43.23046
"Hemlock_Woolly_Adelgid",-83.18985,38.129459
"Hemlock_Woolly_Adelgid",-72.126426,41.998881
"Hemlock_Woolly_Adelgid",-72.126289,41.999001
"Hemlock_Woolly_Adelgid",-122.6553,46.3569
"Hemlock_Woolly_Adelgid",-123.6925,43.9947
"Hemlock_Woolly_Adelgid",-124.333,43.222
"Hemlock_Woolly_Adelgid",-124.0311,41.3275
"Hemlock_Woolly_Adelgid",-123.65,43.9764
"Hemlock_Woolly_Adelgid",-124.5022,42.9014
"Hemlock_Woolly_Adelgid",-124.5383,42.8292
"Hemlock_Woolly_Adelgid",-122.5144,47.2781
"Hemlock_Woolly_Adelgid",-124.1003,43.9264
"Hemlock_Woolly_Adelgid",-124.156,41.136
"Hemlock_Woolly_Adelgid",-83.7039,36.7436
"Hemlock_Woolly_Adelgid",-83.196765,34.946825
"Hemlock_Woolly_Adelgid",-122.2519,47.7467
"Hemlock_Woolly_Adelgid",-76.60695,42.538517
"Hemlock_Woolly_Adelgid",-72.102235,41.921277
"Hemlock_Woolly_Adelgid",-82.47164,35.543506
"Hemlock_Woolly_Adelgid",-77.516687,42.79006
"Hemlock_Woolly_Adelgid",-77.863267,40.799508
"Hemlock_Woolly_Adelgid",-81.452,39.424667
"Hemlock_Woolly_Adelgid",-73.804,41.017953
"Hemlock_Woolly_Adelgid",-76.487255,42.443518
"Hemlock_Woolly_Adelgid",-124.4666,42.73333
"Hemlock_Woolly_Adelgid",-124.4666,42.73333
"Hemlock_Woolly_Adelgid",-124.4666,42.73333
"Hemlock_Woolly_Adelgid",-124.4666,42.73333
"Hemlock_Woolly_Adelgid",-124.4666,42.73333
"Hemlock_Woolly_Adelgid",-124.4666,42.73333
"Hemlock_Woolly_Adelgid",-124.4666,42.73333
"Hemlock_Woolly_Adelgid",-124.4666,42.73333
"Hemlock_Woolly_Adelgid",-124.4666,42.73333
"Hemlock_Woolly_Adelgid",-124.4666,42.73333
"Hemlock_Woolly_Adelgid",-124.4666,42.73333
"Hemlock_Woolly_Adelgid",-122.21342,45.437
"Hemlock_Woolly_Adelgid",-124.4666,42.73333
"Hemlock_Woolly_Adelgid",-124.4666,42.73333
"Hemlock_Woolly_Adelgid",-124.4666,42.73333
"Hemlock_Woolly_Adelgid",-124.4666,42.73333
"Hemlock_Woolly_Adelgid",-124.4666,42.73333
"Hemlock_Woolly_Adelgid",-124.4666,42.73333
"Hemlock_Woolly_Adelgid",-124.4666,42.73333
"Hemlock_Woolly_Adelgid",-124.4666,42.73333
"Hemlock_Woolly_Adelgid",-123.367996,48.433117
"Hemlock_Woolly_Adelgid",-124.4666,42.73333
"Hemlock_Woolly_Adelgid",-71.123195,42.299598
"Hemlock_Woolly_Adelgid",-122.459801,47.4473
"Hemlock_Woolly_Adelgid",-124.4666,42.73333
"Hemlock_Woolly_Adelgid",-124.4666,42.73333
"Hemlock_Woolly_Adelgid",-124.4666,42.73333
"Hemlock_Woolly_Adelgid",-124.4666,42.73333
"Hemlock_Woolly_Adelgid",-122.21342,45.437
"Hemlock_Woolly_Adelgid",-124.4666,42.73333
"Hemlock_Woolly_Adelgid",-124.4666,42.73333
"Hemlock_Woolly_Adelgid",-122.377403,47.810699
"Hemlock_Woolly_Adelgid",-124.4666,42.73333
"Hemlock_Woolly_Adelgid",-124.4666,42.73333
"Hemlock_Woolly_Adelgid",-124.4666,42.73333
"Hemlock_Woolly_Adelgid",-124.4666,42.73333
"Hemlock_Woolly_Adelgid",-124.4666,42.73333
"Hemlock_Woolly_Adelgid",-124.4666,42.73333
"Hemlock_Woolly_Adelgid",-124.4666,42.73333
"Hemlock_Woolly_Adelgid",-124.4666,42.73333
"Hemlock_Woolly_Adelgid",-122.95,46.94667
"Hemlock_Woolly_Adelgid",-74.19681,41.97565
"Hemlock_Woolly_Adelgid",-124.4666,42.73333
"Hemlock_Woolly_Adelgid",-124.4666,42.73333
"Hemlock_Woolly_Adelgid",-124.4666,42.73333
"Hemlock_Woolly_Adelgid",-77.196403,40.201
"Hemlock_Woolly_Adelgid",-122.21342,45.437
"Hemlock_Woolly_Adelgid",-123.147328,48.166696
"Hemlock_Woolly_Adelgid",-124.4666,42.73333
"Hemlock_Woolly_Adelgid",-124.4666,42.73333
"Hemlock_Woolly_Adelgid",-74.19681,41.97565
"Hemlock_Woolly_Adelgid",-74.19681,41.97565
"Hemlock_Woolly_Adelgid",-124.4666,42.73333
"Hemlock_Woolly_Adelgid",-124.4666,42.73333
"Hemlock_Woolly_Adelgid",-124.4666,42.73333
"Hemlock_Woolly_Adelgid",-124.4666,42.73333
"Hemlock_Woolly_Adelgid",-124.4666,42.73333
"Hemlock_Woolly_Adelgid",-124.4666,42.73333
"Hemlock_Woolly_Adelgid",-122.661499,45.638699
"Hemlock_Woolly_Adelgid",-124.4666,42.73333
"Hemlock_Woolly_Adelgid",-124.4666,42.73333
"Hemlock_Woolly_Adelgid",-124.4666,42.73333
"Hemlock_Woolly_Adelgid",-124.4666,42.73333
"Hemlock_Woolly_Adelgid",-124.4666,42.73333
"Hemlock_Woolly_Adelgid",-124.4666,42.73333
"Hemlock_Woolly_Adelgid",-124.4666,42.73333
"Hemlock_Woolly_Adelgid",-124.4666,42.73333
"Hemlock_Woolly_Adelgid",-124.4666,42.73333
"Hemlock_Woolly_Adelgid",-122.220868,45.188044
"Hemlock_Woolly_Adelgid",-124.4666,42.73333
"Hemlock_Woolly_Adelgid",-124.4666,42.73333
"Hemlock_Woolly_Adelgid",-124.4666,42.73333
"Hemlock_Woolly_Adelgid",-124.4666,42.73333
"Hemlock_Woolly_Adelgid",-124.4666,42.73333
"Hemlock_Woolly_Adelgid",-124.4666,42.73333
"Hemlock_Woolly_Adelgid",-124.4666,42.73333
"Hemlock_Woolly_Adelgid",-124.4666,42.73333
"Hemlock_Woolly_Adelgid",-122.21342,45.437
"Hemlock_Woolly_Adelgid",-124.4666,42.73333
"Hemlock_Woolly_Adelgid",-124.4666,42.73333
"Hemlock_Woolly_Adelgid",-124.4666,42.73333
"Hemlock_Woolly_Adelgid",-124.4666,42.73333
"Hemlock_Woolly_Adelgid",-124.4666,42.73333
"Hemlock_Woolly_Adelgid",-114.049674,48.295127
"Hemlock_Woolly_Adelgid",-124.4666,42.73333
"Hemlock_Woolly_Adelgid",-124.4666,42.73333
"Hemlock_Woolly_Adelgid",-124.4666,42.73333
"Hemlock_Woolly_Adelgid",-84.13105,34.75814
"Hemlock_Woolly_Adelgid",-124.4666,42.73333
"Hemlock_Woolly_Adelgid",-124.4666,42.73333
"Hemlock_Woolly_Adelgid",-124.4666,42.73333
"Hemlock_Woolly_Adelgid",-124.4666,42.73333
"Hemlock_Woolly_Adelgid",-124.4666,42.73333
"Hemlock_Woolly_Adelgid",-124.4666,42.73333
"Hemlock_Woolly_Adelgid",-124.4666,42.73333
"Hemlock_Woolly_Adelgid",-124.4666,42.73333
"Hemlock_Woolly_Adelgid",-124.4666,42.73333
"Hemlock_Woolly_Adelgid",-124.4666,42.73333
"Hemlock_Woolly_Adelgid",-124.4666,42.73333
"Hemlock_Woolly_Adelgid",-124.4666,42.73333
"Hemlock_Woolly_Adelgid",-124.4666,42.73333
"Hemlock_Woolly_Adelgid",-124.4666,42.73333
"Hemlock_Woolly_Adelgid",-124.4666,42.73333
"Hemlock_Woolly_Adelgid",-124.4666,42.73333
"Hemlock_Woolly_Adelgid",-124.4666,42.73333
"Hemlock_Woolly_Adelgid",-124.4666,42.73333
"Hemlock_Woolly_Adelgid",-124.4666,42.73333
"Hemlock_Woolly_Adelgid",-124.4666,42.73333
"Hemlock_Woolly_Adelgid",-124.4666,42.73333
"Hemlock_Woolly_Adelgid",-124.4666,42.73333
"Hemlock_Woolly_Adelgid",-74.19681,41.97565
"Hemlock_Woolly_Adelgid",-124.4666,42.73333
"Hemlock_Woolly_Adelgid",-122.21342,45.437
"Hemlock_Woolly_Adelgid",-124.4666,42.73333
"Hemlock_Woolly_Adelgid",-124.4666,42.73333
"Hemlock_Woolly_Adelgid",-124.4666,42.73333
"Hemlock_Woolly_Adelgid",-124.4666,42.73333
"Hemlock_Woolly_Adelgid",-124.4666,42.73333
"Hemlock_Woolly_Adelgid",-124.4666,42.73333
"Hemlock_Woolly_Adelgid",-124.4666,42.73333
"Hemlock_Woolly_Adelgid",-124.4666,42.73333
"Hemlock_Woolly_Adelgid",-124.4666,42.73333
"Hemlock_Woolly_Adelgid",-124.4666,42.73333
"Hemlock_Woolly_Adelgid",-124.4666,42.73333
"Hemlock_Woolly_Adelgid",-124.4666,42.73333
"Hemlock_Woolly_Adelgid",-124.4666,42.73333
"Hemlock_Woolly_Adelgid",-124.4666,42.73333
"Hemlock_Woolly_Adelgid",-124.4666,42.73333
"Hemlock_Woolly_Adelgid",-124.4666,42.73333
"Hemlock_Woolly_Adelgid",-124.4666,42.73333
"Hemlock_Woolly_Adelgid",-124.4666,42.73333
"Hemlock_Woolly_Adelgid",-124.4666,42.73333
"Hemlock_Woolly_Adelgid",-124.4666,42.73333
"Hemlock_Woolly_Adelgid",-124.4666,42.73333
"Hemlock_Woolly_Adelgid",-124.4666,42.73333
"Hemlock_Woolly_Adelgid",-124.4666,42.73333
"Hemlock_Woolly_Adelgid",-124.4666,42.73333
"Hemlock_Woolly_Adelgid",-124.4666,42.73333
"Hemlock_Woolly_Adelgid",-124.4666,42.73333
"Hemlock_Woolly_Adelgid",-72.980354,41.926865
"Hemlock_Woolly_Adelgid",-124.4666,42.73333
"Hemlock_Woolly_Adelgid",-124.4666,42.73333
"Hemlock_Woolly_Adelgid",-124.4666,42.73333
"Hemlock_Woolly_Adelgid",-73.336356,41.486446
"Hemlock_Woolly_Adelgid",-124.4666,42.73333
"Hemlock_Woolly_Adelgid",-124.4666,42.73333
"Hemlock_Woolly_Adelgid",-124.4666,42.73333
"Hemlock_Woolly_Adelgid",-124.4666,42.73333
"Hemlock_Woolly_Adelgid",-124.4666,42.73333
"Hemlock_Woolly_Adelgid",-124.4666,42.73333
"Hemlock_Woolly_Adelgid",-124.4666,42.73333
"Hemlock_Woolly_Adelgid",-124.4666,42.73333
"Hemlock_Woolly_Adelgid",-124.4666,42.73333
"Hemlock_Woolly_Adelgid",-79.846735,38.92594
"Hemlock_Woolly_Adelgid",-124.4666,42.73333
"Hemlock_Woolly_Adelgid",-124.4666,42.73333
"Hemlock_Woolly_Adelgid",-122.459801,47.4473
"Hemlock_Woolly_Adelgid",-124.4666,42.73333
"Hemlock_Woolly_Adelgid",-73.336356,41.486446
"Hemlock_Woolly_Adelgid",-124.4666,42.73333
"Hemlock_Woolly_Adelgid",-124.4666,42.73333
"Hemlock_Woolly_Adelgid",-124.4666,42.73333
"Hemlock_Woolly_Adelgid",-124.4666,42.73333
"Hemlock_Woolly_Adelgid",-74.19681,41.97565
"Hemlock_Woolly_Adelgid",-124.4666,42.73333
"Hemlock_Woolly_Adelgid",-124.4666,42.73333
"Hemlock_Woolly_Adelgid",-124.4666,42.73333
"Hemlock_Woolly_Adelgid",-124.4666,42.73333
"Hemlock_Woolly_Adelgid",-124.4666,42.73333
"Hemlock_Woolly_Adelgid",-124.4666,42.73333
"Hemlock_Woolly_Adelgid",-124.4666,42.73333
"Hemlock_Woolly_Adelgid",-124.4666,42.73333
"Hemlock_Woolly_Adelgid",-124.4666,42.73333
"Hemlock_Woolly_Adelgid",-124.4666,42.73333
"Hemlock_Woolly_Adelgid",-124.4666,42.73333
"Hemlock_Woolly_Adelgid",-124.4666,42.73333
"Hemlock_Woolly_Adelgid",-124.4666,42.73333
"Hemlock_Woolly_Adelgid",-124.4666,42.73333
"Hemlock_Woolly_Adelgid",-124.4666,42.73333
"Hemlock_Woolly_Adelgid",-124.4666,42.73333
"Hemlock_Woolly_Adelgid",-72.441799,41.728848
"Hemlock_Woolly_Adelgid",-72.444973,41.723742
