"species","dd long","dd lat"
"Ash_Dieback",15.46669,58.18252
"Ash_Dieback",17.62052,59.85722
"Ash_Dieback",17.30379,58.76678
"Ash_Dieback",15.95501,59.04328
"Ash_Dieback",16.56383,59.90045
"Ash_Dieback",-0.860094,53.30924
"Ash_Dieback",-4.263417,52.081596
"Ash_Dieback",0.100058,50.967991
"Ash_Dieback",9.0496,47.00724
"Ash_Dieback",6.68554,46.79117
"Ash_Dieback",8.32714,47.06009
"Ash_Dieback",8.13262,47.28631
"Ash_Dieback",7.14492,46.61337
"Ash_Dieback",9.0496,47.00724
"Ash_Dieback",10.577115,59.893365
"Ash_Dieback",16.36903,47.70592
"Ash_Dieback",9.587983,47.309723
"Ash_Dieback",10.028704,47.474426
"Ash_Dieback",12.85992,48.08785
"Ash_Dieback",9.911374,47.443188
"Ash_Dieback",15.88576,48.03478
"Ash_Dieback",13.99469,46.68324
"Ash_Dieback",14.2024,47.7863
"Ash_Dieback",9.7363,47.21408
"Ash_Dieback",16.182693,47.396576
"Ash_Dieback",16.01648,47.57997
"Ash_Dieback",9.691787,47.222176
"Ash_Dieback",15.265106,47.76923
"Ash_Dieback",9.79009,47.40305
"Ash_Dieback",9.79502,47.145367
"Ash_Dieback",14.064707,47.51689
"Ash_Dieback",13.675629,46.767612
"Ash_Dieback",16.209723,48.093056
"Ash_Dieback",16.17072,48.14052
"Ash_Dieback",15.882139,48.109695
"Ash_Dieback",13.812307,46.57036
"Ash_Dieback",13.813407,46.57308
"Ash_Dieback",14.44533,47.19152
"Ash_Dieback",16.15136,47.8388
"Ash_Dieback",13.711044,47.62756
"Ash_Dieback",16.15412,47.85824
"Ash_Dieback",13.418208,46.634914
"Ash_Dieback",13.663993,46.549644
"Ash_Dieback",13.240361,46.925194
"Ash_Dieback",15.17602,47.381332
"Ash_Dieback",9.889197,47.478878
"Ash_Dieback",16.382046,48.189445
"Ash_Dieback",15.346504,47.225704
"Ash_Dieback",15.261344,47.132153
"Ash_Dieback",16.051508,48.063644
"Ash_Dieback",16.396421,47.800385
"Ash_Dieback",15.388658,47.231834
"Ash_Dieback",15.419344,47.213703
"Ash_Dieback",16.19161,47.588516
"Ash_Dieback",12.94953,48.04181
"Ash_Dieback",12.994675,48.03357
"Ash_Dieback",9.624882,47.23525
"Ash_Dieback",9.691561,47.31022
"Ash_Dieback",12.94953,48.04181
"Ash_Dieback",16.193908,48.128365
"Ash_Dieback",13.951667,47.74222
"Ash_Dieback",12.949526,48.04181
"Ash_Dieback",15.357641,47.230003
"Ash_Dieback",13.40793,46.852856
"Ash_Dieback",9.701078,47.310257
"Ash_Dieback",12.949526,48.04181
"Ash_Dieback",14.076598,46.69171
"Ash_Dieback",12.949526,48.04181
"Ash_Dieback",12.949526,48.04181
"Ash_Dieback",16.173271,47.47569
"Ash_Dieback",12.95147,47.93893
"Ash_Dieback",16.384007,48.191723
"Ash_Dieback",14.359239,47.713764
"Ash_Dieback",15.468889,46.620277
"Ash_Dieback",16.247349,48.0405
"Ash_Dieback",14.724083,48.419666
"Ash_Dieback",9.6722,47.1921
"Ash_Dieback",9.79502,47.145367
"Ash_Dieback",9.801328,47.42235
"Ash_Dieback",15.833334,46.9
"Ash_Dieback",12.996648,48.035041
"Ash_Dieback",9.642059,47.187447
"Ash_Dieback",12.931972,47.961111
"Ash_Dieback",13.860421,48.70342
"Ash_Dieback",12.95027,48.041206
"Ash_Dieback",12.95027,48.041206
"Ash_Dieback",12.95027,48.041206
"Ash_Dieback",12.95027,48.041206
"Ash_Dieback",9.767957,47.206718
"Ash_Dieback",9.845806,47.481333
"Ash_Dieback",9.910848,47.442993
"Ash_Dieback",16.169296,48.10622
"Ash_Dieback",9.683806,47.255167
"Ash_Dieback",15.939148,47.556396
"Ash_Dieback",15.059748,47.884087
"Ash_Dieback",9.787273,47.400208
"Ash_Dieback",9.712359,47.201023
"Ash_Dieback",9.614797,47.239292
"Ash_Dieback",12.95027,48.041206
"Ash_Dieback",12.931972,47.961111
"Ash_Dieback",9.689288,47.214033
"Ash_Dieback",16.248507,48.166538
"Ash_Dieback",12.95027,48.041206
"Ash_Dieback",13.022237,47.91181
"Ash_Dieback",15.072523,47.842254
"Ash_Dieback",16.0549,48.063655
"Ash_Dieback",12.915698,48.05565
"Ash_Dieback",12.95027,48.041206
"Ash_Dieback",16.312103,47.958911
"Ash_Dieback",14.969111,47.954083
"Ash_Dieback",9.660326,47.23424
"Ash_Dieback",12.942594,47.731786
"Ash_Dieback",9.602947,47.1898
"Ash_Dieback",9.602766,47.253415
"Ash_Dieback",15.085975,48.022152
"Ash_Dieback",15.122472,47.924194
"Ash_Dieback",12.95027,48.041206
"Ash_Dieback",13.033333,47.904028
"Ash_Dieback",15.717577,47.668342
"Ash_Dieback",16.448563,48.1447
"Ash_Dieback",13.062285,47.955749
"Ash_Dieback",15.309567,47.15681
"Ash_Dieback",14.971722,47.520417
"Ash_Dieback",12.996648,48.035041
"Ash_Dieback",12.95027,48.041206
"Ash_Dieback",12.95027,48.041206
"Ash_Dieback",9.711299,47.201965
"Ash_Dieback",9.732448,47.209427
"Ash_Dieback",9.696831,47.224243
"Ash_Dieback",15.883329,46.987193
"Ash_Dieback",9.688527,47.21812
"Ash_Dieback",9.744608,47.201782
"Ash_Dieback",9.696831,47.224243
"Ash_Dieback",9.744608,47.201782
"Ash_Dieback",13.606,47.839167
"Ash_Dieback",15.418555,47.21489
"Ash_Dieback",14.255861,46.947222
"Ash_Dieback",14.496604,48.500289
"Ash_Dieback",14.358587,46.767127
"Ash_Dieback",12.996648,48.035041
"Ash_Dieback",13.129765,46.937315
"Ash_Dieback",13.112335,47.812881
"Ash_Dieback",9.660326,47.23424
"Ash_Dieback",9.65152,47.259403
"Ash_Dieback",9.732448,47.209427
"Ash_Dieback",9.744608,47.201782
"Ash_Dieback",9.750743,47.209468
"Ash_Dieback",9.631672,47.247092
"Ash_Dieback",9.631672,47.247092
"Ash_Dieback",15.758531,48.061232
"Ash_Dieback",16.238444,48.2405
"Ash_Dieback",16.461056,47.901667
"Ash_Dieback",13.217056,48.181917
"Ash_Dieback",15.66157,48.13444
"Ash_Dieback",12.95027,48.041206
"Ash_Dieback",12.996648,48.035041
"Ash_Dieback",12.95027,48.041206
"Ash_Dieback",15.429544,48.033561
"Ash_Dieback",12.95027,48.041206
"Ash_Dieback",12.95027,48.041206
"Ash_Dieback",15.040127,46.678745
"Ash_Dieback",15.791035,47.424895
"Ash_Dieback",12.996648,48.035041
"Ash_Dieback",12.95027,48.041206
"Ash_Dieback",15.340333,48.022917
"Ash_Dieback",15.939148,47.556396
"Ash_Dieback",14.610969,47.587421
"Ash_Dieback",12.996648,48.035041
"Ash_Dieback",12.95027,48.041206
"Ash_Dieback",13.737544,47.603666
"Ash_Dieback",15.719352,48.543787
"Ash_Dieback",15.269187,47.264837
"Ash_Dieback",16.272611,48.243833
"Ash_Dieback",13.505184,47.738589
"Ash_Dieback",12.996648,48.035041
"Ash_Dieback",12.95027,48.041206
"Ash_Dieback",14.642946,47.533727
"Ash_Dieback",15.816117,48.58178
"Ash_Dieback",15.347202,47.228391
"Ash_Dieback",12.996648,48.035041
"Ash_Dieback",12.893491,47.962179
"Ash_Dieback",12.860274,48.090327
"Ash_Dieback",14.618576,47.530967
"Ash_Dieback",15.829696,48.592405
"Ash_Dieback",13.747944,47.621917
"Ash_Dieback",16.18704,48.195065
"Ash_Dieback",15.779608,48.048162
"Ash_Dieback",15.866659,48.601634
"Ash_Dieback",15.837497,48.587771
"Ash_Dieback",15.72921,48.625242
"Ash_Dieback",15.390202,48.585148
"Ash_Dieback",16.050215,48.48125
"Ash_Dieback",15.941883,48.572212
"Ash_Dieback",15.788243,48.10331
"Ash_Dieback",15.979787,46.786289
"Ash_Dieback",15.866659,48.601634
"Ash_Dieback",16.111732,48.673306
"Ash_Dieback",15.84203,48.595612
"Ash_Dieback",9.616586,47.234768
"Ash_Dieback",9.616586,47.234768
"Ash_Dieback",16.153397,47.858627
"Ash_Dieback",15.182619,47.712194
"Ash_Dieback",16.353077,47.437862
"Ash_Dieback",12.893491,47.962179
"Ash_Dieback",16.310978,47.713863
"Ash_Dieback",15.285855,47.787725
"Ash_Dieback",15.265106,47.769231
"Ash_Dieback",26.1667,58.4667
"Ash_Dieback",9.935011,51.433271
"Ash_Dieback",16.329691,49.055976
"Ash_Dieback",16.18602,59.77549
"Ash_Dieback",15.88538,56.7343
"Ash_Dieback",15.131531,55.060917
"Ash_Dieback",-4.401497,54.214262
"Ash_Dieback",-4.401497,54.214262
"Ash_Dieback",10.728249,53.296345
"Ash_Dieback",9.823751,51.750572
"Ash_Dieback",9.548396,46.957344
"Ash_Dieback",12.701998,48.679115
"Ash_Dieback",10.351267,48.857319
"Ash_Dieback",11.405416,51.876495
"Ash_Dieback",9.119811,48.804516
"Ash_Dieback",12.736227,46.70533
"Ash_Dieback",7.763793,52.221359
"Ash_Dieback",10.420282,53.219666
"Ash_Dieback",9.91949,51.373917
"Ash_Dieback",12.944847,48.492023
"Ash_Dieback",8.82833,49.135929
"Ash_Dieback",10.096589,47.816116
"Ash_Dieback",9.757576,47.631042
"Ash_Dieback",7.456627,51.566189
"Ash_Dieback",9.570742,52.179089
"Ash_Dieback",10.277023,47.405785
"Ash_Dieback",8.49844,47.835743
"Ash_Dieback",9.395714,48.855453
"Ash_Dieback",7.852358,49.624123
"Ash_Dieback",9.517937,53.68898
"Ash_Dieback",9.625053,52.130749
"Ash_Dieback",8.080834,47.918953
"Ash_Dieback",8.396158,49.762787
"Ash_Dieback",9.517937,53.68898
"Ash_Dieback",9.868508,47.676819
"Ash_Dieback",8.550239,48.745296
"Ash_Dieback",9.401625,48.849564
"Ash_Dieback",9.583888,52.310249
"Ash_Dieback",9.225898,48.441044
"Ash_Dieback",8.70173,49.254333
"Ash_Dieback",9.517937,53.68898
"Ash_Dieback",8.256462,49.797028
"Ash_Dieback",10.474434,53.319183
"Ash_Dieback",9.404197,48.848671
"Ash_Dieback",9.814218,48.939137
"Ash_Dieback",10.39739,53.97192
"Ash_Dieback",8.405399,47.846806
"Ash_Dieback",10.841661,53.24189
"Ash_Dieback",7.592815,51.374844
"Ash_Dieback",13.916652,54.249989
"Ash_Dieback",10.876465,53.238358
"Ash_Dieback",9.788967,48.757183
"Ash_Dieback",10.007172,47.580868
"Ash_Dieback",9.517937,53.68898
"Ash_Dieback",7.135717,51.19183
"Ash_Dieback",9.432665,48.881866
"Ash_Dieback",11.873574,47.874111
"Ash_Dieback",9.500631,49.051277
"Ash_Dieback",8.735847,49.072292
"Ash_Dieback",6.084452,48.429939
"Ash_Dieback",9.361296,48.912827
"Ash_Dieback",9.36842,48.904842
"Ash_Dieback",10.121863,47.678391
"Ash_Dieback",11.873574,47.874111
"Ash_Dieback",8.362999,48.91325
"Ash_Dieback",8.405428,49.758076
"Ash_Dieback",6.363745,50.735939
"Ash_Dieback",7.018504,47.983574
"Ash_Dieback",8.356862,48.907948
"Ash_Dieback",10.978603,53.585781
"Ash_Dieback",10.093002,47.70211
"Ash_Dieback",9.625053,52.130749
"Ash_Dieback",8.051552,49.792206
"Ash_Dieback",9.401625,48.849564
"Ash_Dieback",10.3519,53.224121
"Ash_Dieback",10.991563,53.306652
"Ash_Dieback",10.869895,51.785187
"Ash_Dieback",9.469154,47.294971
"Ash_Dieback",13.008413,53.324261
"Ash_Dieback",10.811319,49.488869
"Ash_Dieback",9.326191,48.827492
"Ash_Dieback",4.698873,48.533291
"Ash_Dieback",9.844404,52.007725
"Ash_Dieback",9.895678,51.406555
"Ash_Dieback",10.340667,53.205288
"Ash_Dieback",11.568325,53.469177
"Ash_Dieback",9.926305,47.699966
"Ash_Dieback",9.430389,48.892345
"Ash_Dieback",8.383183,49.584553
"Ash_Dieback",7.424312,51.54274
"Ash_Dieback",9.445603,48.860954
"Ash_Dieback",8.448797,47.85371
"Ash_Dieback",9.324167,51.314445
"Ash_Dieback",12.573223,48.891685
"Ash_Dieback",9.991042,49.209904
"Ash_Dieback",9.387989,48.850258
"Ash_Dieback",10.151024,47.565292
"Ash_Dieback",8.589184,50.075417
"Ash_Dieback",9.853148,51.347019
"Ash_Dieback",10.34174,53.211685
"Ash_Dieback",10.236168,50.217339
"Ash_Dieback",9.396818,48.850552
"Ash_Dieback",9.14732,49.163635
"Ash_Dieback",9.823751,51.750572
"Ash_Dieback",9.896377,51.405853
"Ash_Dieback",9.832935,53.115871
"Ash_Dieback",12.987421,46.694492
"Ash_Dieback",9.271774,48.899315
"Ash_Dieback",11.711147,53.86488
"Ash_Dieback",8.380809,49.584423
"Ash_Dieback",12.995796,49.19257
"Ash_Dieback",12.643204,48.211433
"Ash_Dieback",9.361296,48.912827
"Ash_Dieback",10.56078,51.963413
"Ash_Dieback",10.282688,47.486935
"Ash_Dieback",12.588045,48.886307
"Ash_Dieback",10.121187,48.959023
"Ash_Dieback",9.361296,48.912827
"Ash_Dieback",7.424312,51.54274
"Ash_Dieback",7.180732,51.2061
"Ash_Dieback",9.661589,52.137753
"Ash_Dieback",7.936893,50.646221
"Ash_Dieback",9.390754,48.88409
"Ash_Dieback",9.36842,48.904842
"Ash_Dieback",9.08947,48.744473
"Ash_Dieback",9.823751,51.750572
"Ash_Dieback",9.991009,49.210258
"Ash_Dieback",9.441488,48.876251
"Ash_Dieback",10.992937,53.785542
"Ash_Dieback",10.021205,47.584545
"Ash_Dieback",9.751997,48.873749
"Ash_Dieback",9.479399,48.914886
"Ash_Dieback",6.135864,48.655537
"Ash_Dieback",7.349199,51.509369
"Ash_Dieback",17.6668,59.80982
"Ash_Dieback",16.323883,50.495399
"Ash_Dieback",16.324447,50.495852
"Ash_Dieback",-4.960584,55.993999
"Ash_Dieback",13.32749,55.67667
"Ash_Dieback",14.59653,58.19392
"Ash_Dieback",13.8646,58.51874
"Ash_Dieback",16.15656,59.27092
"Ash_Dieback",17.34806,60.44972
"Ash_Dieback",-2.817152,52.364051
"Ash_Dieback",-0.695058,54.335135
"Ash_Dieback",-2.323863,54.110012
"Ash_Dieback",-2.380445,54.134299
"Ash_Dieback",14.819255,51.098942
"Ash_Dieback",11.74343,57.73531
"Ash_Dieback",17.34833,60.45002
"Ash_Dieback",-1.479553,54.011992
"Ash_Dieback",-3.232347,51.737238
"Ash_Dieback",-3.229908,51.647347
"Ash_Dieback",-3.229908,51.647347
"Ash_Dieback",-3.229908,51.647347
"Ash_Dieback",-3.232347,51.737238
"Ash_Dieback",-3.232347,51.737238
"Ash_Dieback",-3.085407,51.648772
"Ash_Dieback",-3.232347,51.737238
"Ash_Dieback",-3.083265,51.558875
"Ash_Dieback",-3.083265,51.558875
"Ash_Dieback",-3.229908,51.647347
"Ash_Dieback",-3.229908,51.647347
"Ash_Dieback",-3.227481,51.557454
"Ash_Dieback",-3.232347,51.737238
"Ash_Dieback",-3.229908,51.647347
"Ash_Dieback",-3.229908,51.647347
"Ash_Dieback",-3.232347,51.737238
"Ash_Dieback",-3.227481,51.557454
"Ash_Dieback",-3.085407,51.648772
"Ash_Dieback",-3.227481,51.557454
"Ash_Dieback",-3.085407,51.648772
"Ash_Dieback",-3.229908,51.647347
"Ash_Dieback",10.617287,59.450258
"Ash_Dieback",12.28371,57.42804
"Ash_Dieback",12.165517,55.796813
"Ash_Dieback",12.228231,55.838928
"Ash_Dieback",12.343199,55.77143
"Ash_Dieback",12.372752,56.060433
"Ash_Dieback",12.487357,55.867672
"Ash_Dieback",7.1427,47.01816
"Ash_Dieback",8.19615,47.106
"Ash_Dieback",7.80185,47.24285
"Ash_Dieback",9.05096,47.0522
"Ash_Dieback",9.63376,46.81757
"Ash_Dieback",8.46739,47.50868
"Ash_Dieback",7.33999,47.0185
"Ash_Dieback",6.88106,46.88225
"Ash_Dieback",6.36353,46.5187
"Ash_Dieback",8.33088,47.28494
"Ash_Dieback",6.55826,46.56536
"Ash_Dieback",8.19615,47.106
"Ash_Dieback",6.95155,46.34284
"Ash_Dieback",9.13524,47.63576
"Ash_Dieback",9.17961,46.96035
"Ash_Dieback",6.94665,46.88256
"Ash_Dieback",9.26362,47.49887
"Ash_Dieback",8.52184,46.92348
"Ash_Dieback",9.04154,46.73744
"Ash_Dieback",8.83138,46.20038
"Ash_Dieback",9.05096,47.0522
"Ash_Dieback",6.94417,47.1524
"Ash_Dieback",7.93309,47.15241
"Ash_Dieback",6.88106,46.88225
"Ash_Dieback",9.0496,47.00724
"Ash_Dieback",9.33156,47.54276
"Ash_Dieback",6.88615,46.38751
"Ash_Dieback",9.05366,47.14213
"Ash_Dieback",8.98128,46.91821
"Ash_Dieback",8.26619,47.37537
"Ash_Dieback",7.60208,46.7036
"Ash_Dieback",9.19877,47.54485
"Ash_Dieback",7.93351,47.19738
"Ash_Dieback",9.50796,46.95489
"Ash_Dieback",9.08093,45.88211
"Ash_Dieback",9.22731,46.41975
"Ash_Dieback",9.45072,47.18086
"Ash_Dieback",7.86044,46.29813
"Ash_Dieback",7.60331,47.10838
"Ash_Dieback",8.59913,47.46246
"Ash_Dieback",9.61558,46.36796
"Ash_Dieback",6.55826,46.56536
"Ash_Dieback",17.66307,59.82016
"Ash_Dieback",10.922777,60.005835
"Ash_Dieback",16.40648,56.42313
"Ash_Dieback",-1.82,43.37
"Ash_Dieback",-2.18,43.21
"Ash_Dieback",-2.15,42.92
"Ash_Dieback",-5.31,43.19
"Ash_Dieback",-5.31,43.19
"Ash_Dieback",-5.47,43.19
"Ash_Dieback",-1.9,43.24
"Ash_Dieback",8.017886,59.463881
"Ash_Dieback",16.324358,50.495801
"Ash_Dieback",25.910576,58.086922
"Ash_Dieback",22.51688,58.717448
"Ash_Dieback",16.20773,58.97163
"Ash_Dieback",10.473763,59.944362
"Ash_Dieback",14.6732,57.06196
"Ash_Dieback",13.35243,58.52164
"Ash_Dieback",8.012092,59.44935
"Ash_Dieback",7.536129,62.695372
"Ash_Dieback",13.37853,58.6078
"Ash_Dieback",16.80013,47.771457
"Ash_Dieback",10.03402,59.227262
"Ash_Dieback",13.21,47.6
"Ash_Dieback",13.21,47.62
"Ash_Dieback",12.95,47.93
"Ash_Dieback",6.977224,47.138673
"Ash_Dieback",15.76443,56.27333
"Ash_Dieback",-0.688356,54.277679
"Ash_Dieback",-0.698408,54.247715
"Ash_Dieback",9.060224,51.380961
"Ash_Dieback",-0.692473,54.285641
"Ash_Dieback",-4.107934,55.793977
"Ash_Dieback",13.84866,55.97189
"Ash_Dieback",10.424994,59.941306
"Ash_Dieback",18.15599,59.26203
"Ash_Dieback",15.2412,56.90954
"Ash_Dieback",11.445,58.12801
"Ash_Dieback",-4.29826,55.887561
"Ash_Dieback",16.875148,49.162233
"Ash_Dieback",-5.431244,56.058613
"Ash_Dieback",14.97414,56.30746
"Ash_Dieback",18.79394,57.78954
"Ash_Dieback",16.95137,57.10442
"Ash_Dieback",11.67678,58.23422
"Ash_Dieback",13.42167,55.89483
"Ash_Dieback",18.58107,57.49278
"Ash_Dieback",12.35542,58.59334
"Ash_Dieback",11.73941,58.25741
"Ash_Dieback",14.97124,58.0026
"Ash_Dieback",13.58707,55.523
"Ash_Dieback",15.9172,56.74341
"Ash_Dieback",18.27454,57.18289
"Ash_Dieback",16.57444,56.62453
"Ash_Dieback",18.52456,57.23545
"Ash_Dieback",16.57714,58.0072
"Ash_Dieback",16.9228,57.19022
"Ash_Dieback",15.94792,59.03738
"Ash_Dieback",13.16108,55.6216
"Ash_Dieback",18.28664,57.35607
"Ash_Dieback",14.9807,59.26895
"Ash_Dieback",18.71037,59.46772
"Ash_Dieback",16.60386,56.70323
"Ash_Dieback",13.48039,55.90635
"Ash_Dieback",15.56744,60.47009
"Ash_Dieback",11.81379,59.13377
"Ash_Dieback",12.01813,57.43287
"Ash_Dieback",18.52517,57.81259
"Ash_Dieback",12.5576,56.28158
"Ash_Dieback",17.32616,59.52126
"Ash_Dieback",17.87253,58.97935
"Ash_Dieback",15.21389,59.24812
"Ash_Dieback",18.60673,57.56666
"Ash_Dieback",16.60386,56.70323
"Ash_Dieback",13.75455,58.49325
"Ash_Dieback",15.94792,59.03738
"Ash_Dieback",13.70084,58.18192
"Ash_Dieback",13.17819,59.38105
"Ash_Dieback",14.45182,56.2137
"Ash_Dieback",19.01428,59.64663
"Ash_Dieback",12.31708,58.05878
"Ash_Dieback",12.46469,57.36088
"Ash_Dieback",18.31321,57.04164
"Ash_Dieback",14.64213,57.92126
"Ash_Dieback",13.87496,55.75963
"Ash_Dieback",13.78441,56.00587
"Ash_Dieback",12.42628,57.57667
"Ash_Dieback",15.81562,59.2637
"Ash_Dieback",12.01783,57.43646
"Ash_Dieback",18.88243,57.4218
"Ash_Dieback",13.12151,58.36337
"Ash_Dieback",11.91613,58.36246
"Ash_Dieback",17.23787,59.3629
"Ash_Dieback",12.93128,57.75577
"Ash_Dieback",17.23911,59.8345
"Ash_Dieback",12.46482,57.35908
"Ash_Dieback",17.22062,59.61023
"Ash_Dieback",17.98385,59.27966
"Ash_Dieback",12.81412,57.83108
"Ash_Dieback",13.96168,58.56695
"Ash_Dieback",16.93428,59.25368
"Ash_Dieback",16.49491,57.94262
"Ash_Dieback",18.50644,57.79333
"Ash_Dieback",16.91594,60.26533
"Ash_Dieback",13.81927,55.75641
"Ash_Dieback",13.07205,58.14162
"Ash_Dieback",18.79023,60.09916
"Ash_Dieback",13.19805,59.73612
"Ash_Dieback",13.17135,55.74218
"Ash_Dieback",16.97588,57.09954
"Ash_Dieback",18.91415,59.86901
"Ash_Dieback",15.03005,59.51949
"Ash_Dieback",15.56682,56.49304
"Ash_Dieback",18.14891,59.12749
"Ash_Dieback",13.38292,55.94195
"Ash_Dieback",12.24621,59.08346
"Ash_Dieback",18.98489,59.71315
"Ash_Dieback",15.65326,57.73325
"Ash_Dieback",14.78217,58.2099
"Ash_Dieback",18.23909,57.53349
"Ash_Dieback",13.37414,55.84568
"Ash_Dieback",18.41898,59.8864
"Ash_Dieback",17.76434,60.07697
"Ash_Dieback",14.34737,57.32452
"Ash_Dieback",14.67032,56.67897
"Ash_Dieback",16.66652,56.8273
"Ash_Dieback",13.19799,55.75156
"Ash_Dieback",18.76493,57.64026
"Ash_Dieback",12.89864,57.73906
"Ash_Dieback",13.50511,55.59572
"Ash_Dieback",11.17209,58.85031
"Ash_Dieback",16.76877,60.01679
"Ash_Dieback",13.6645,58.22664
"Ash_Dieback",15.58477,59.0988
"Ash_Dieback",12.99844,57.02455
"Ash_Dieback",18.07959,59.32865
"Ash_Dieback",18.40718,59.7537
"Ash_Dieback",12.49144,57.33445
"Ash_Dieback",15.3871,60.14031
"Ash_Dieback",19.03203,59.76476
"Ash_Dieback",12.43357,58.95882
"Ash_Dieback",13.1075,55.41497
"Ash_Dieback",16.74727,56.83698
"Ash_Dieback",15.56574,59.10876
"Ash_Dieback",16.59353,56.65214
"Ash_Dieback",13.08441,59.04555
"Ash_Dieback",14.26365,58.51335
"Ash_Dieback",18.27459,56.9213
"Ash_Dieback",13.15624,56.7655
"Ash_Dieback",12.18503,59.19087
"Ash_Dieback",15.07908,56.24724
"Ash_Dieback",17.96543,60.29365
"Ash_Dieback",13.7293,59.61301
"Ash_Dieback",12.24621,59.08346
"Ash_Dieback",19.05055,59.56459
"Ash_Dieback",12.50711,58.80752
"Ash_Dieback",18.38489,57.51977
"Ash_Dieback",17.21762,60.82111
"Ash_Dieback",13.25747,56.0966
"Ash_Dieback",18.26569,56.93232
"Ash_Dieback",14.90804,58.89353
"Ash_Dieback",15.94149,56.79893
"Ash_Dieback",18.2816,60.23319
"Ash_Dieback",13.58184,56.93369
"Ash_Dieback",16.56388,59.20836
"Ash_Dieback",13.42999,55.6487
"Ash_Dieback",17.17905,60.22534
"Ash_Dieback",17.32692,59.66049
"Ash_Dieback",11.54058,58.37263
"Ash_Dieback",12.93614,58.22934
"Ash_Dieback",13.25929,56.27007
"Ash_Dieback",12.90148,57.74809
"Ash_Dieback",13.00518,56.34262
"Ash_Dieback",12.80121,56.20346
"Ash_Dieback",15.3988,59.31862
"Ash_Dieback",17.47634,59.84436
"Ash_Dieback",17.66491,59.81698
"Ash_Dieback",9.110103,59.295432
"Ash_Dieback",-1.0507,53.948066
"Ash_Dieback",13.597425,52.822007
"Ash_Dieback",-1.049882,53.947984
"Ash_Dieback",-1.046456,53.948222
"Ash_Dieback",1.360003,52.862484
"Ash_Dieback",16.236304,48.143502
"Ash_Dieback",-6.083466,54.527927
"Ash_Dieback",15.476363,47.06103
"Ash_Dieback",12.93357,56.67347
"Ash_Dieback",5.17288,47.73898
"Ash_Dieback",24.793351,58.054747
"Ash_Dieback",23.9565,59.0023
"Ash_Dieback",24.69772,58.047047
"Ash_Dieback",24.529765,57.957955
"Ash_Dieback",15.11418,59.55873
"Ash_Dieback",15.88785,56.78148
"Ash_Dieback",-4.248799,57.629711
"Ash_Dieback",14.33883,49.98531
"Ash_Dieback",14.186,49.16911
"Ash_Dieback",14.43529,49.99423
"Ash_Dieback",15.23685,50.69598
"Ash_Dieback",17.01591,49.70634
"Ash_Dieback",14.13179,49.96708
"Ash_Dieback",13.78806,49.9725
"Ash_Dieback",15.78888,50.6373
"Ash_Dieback",14.36763,50.04939
"Ash_Dieback",14.35989,50.05243
"Ash_Dieback",13.98841,50.01849
"Ash_Dieback",14.37577,50.04676
"Ash_Dieback",17.01326,50.35534
"Ash_Dieback",17.0154,50.35587
"Ash_Dieback",13.76944,48.88114
"Ash_Dieback",13.99674,48.86024
"Ash_Dieback",12.99047,50.41495
"Ash_Dieback",13.99615,48.85888
"Ash_Dieback",12.96438,50.3748
"Ash_Dieback",14.09399,50.21955
"Ash_Dieback",13.77213,48.986
"Ash_Dieback",14.09399,48.87631
"Ash_Dieback",13.50406,49.06249
"Ash_Dieback",18.30694,49.30543
"Ash_Dieback",14.09399,50.23996
"Ash_Dieback",14.03398,48.86539
"Ash_Dieback",14.24833,49.66047
"Ash_Dieback",14.9309,49.74123
"Ash_Dieback",15.60238,50.68709
"Ash_Dieback",14.31393,49.38271
"Ash_Dieback",15.86219,50.66192
"Ash_Dieback",14.95506,50.51677
"Ash_Dieback",16.74373,49.32321
"Ash_Dieback",14.73691,50.82619
"Ash_Dieback",14.46731,50.83923
"Ash_Dieback",14.74724,50.79867
"Ash_Dieback",14.74132,50.78139
"Ash_Dieback",14.08791,50.2378
"Ash_Dieback",14.09463,50.23147
"Ash_Dieback",13.16833,49.4425
"Ash_Dieback",18.18917,49.84333
"Ash_Dieback",14.30978,49.95656
"Ash_Dieback",13.90864,50.25558
"Ash_Dieback",14.42099,49.99534
"Ash_Dieback",14.09498,50.23178
"Ash_Dieback",14.09399,50.23124
"Ash_Dieback",14.14156,49.622
"Ash_Dieback",14.35467,50.04125
"Ash_Dieback",14.23357,50.37067
"Ash_Dieback",16.21303,49.56625
"Ash_Dieback",14.75475,49.28311
"Ash_Dieback",14.84754,49.397
"Ash_Dieback",14.30889,49.95617
"Ash_Dieback",14.66436,49.81311
"Ash_Dieback",15.76343,50.39829
"Ash_Dieback",14.93972,48.97063
"Ash_Dieback",15.79354,50.66896
"Ash_Dieback",14.31652,49.30879
"Ash_Dieback",15.52152,49.30775
"Ash_Dieback",14.30057,50.30785
"Ash_Dieback",13.76056,50.43056
"Ash_Dieback",14.80399,49.75731
"Ash_Dieback",13.69611,50.42377
"Ash_Dieback",14.45032,50.80336
"Ash_Dieback",15.79549,50.6714
"Ash_Dieback",13.79889,48.82444
"Ash_Dieback",14.44147,50.80921
"Ash_Dieback",14.50938,50.81399
"Ash_Dieback",14.50004,50.90627
"Ash_Dieback",14.45196,50.87063
"Ash_Dieback",14.67861,50.79614
"Ash_Dieback",14.47912,50.89601
"Ash_Dieback",-7.207354,52.810191
"Ash_Dieback",18.4322,57.60895
"Ash_Dieback",11.007048,59.239371
"Ash_Dieback",13.331105,46.607333
"Ash_Dieback",-0.457789,51.293724
"Ash_Dieback",10.971777,47.735714
"Ash_Dieback",-4.153732,53.141367
"Ash_Dieback",8.3,49
"Ash_Dieback",8.3,49
"Ash_Dieback",8.3,49
"Ash_Dieback",16,49.3
"Ash_Dieback",-3.275843,53.265159
"Ash_Dieback",-3.121251,53.086926
"Ash_Dieback",-3.273175,53.175293
"Ash_Dieback",-3.123594,53.176798
"Ash_Dieback",-3.725431,53.259498
"Ash_Dieback",-2.974001,53.178115
"Ash_Dieback",-2.97197,53.088239
"Ash_Dieback",-2.97197,53.088239
"Ash_Dieback",-4.174845,53.252144
"Ash_Dieback",-4.329487,53.339129
"Ash_Dieback",-2.96995,52.998361
"Ash_Dieback",-3.273175,53.175293
"Ash_Dieback",-2.97197,53.088239
"Ash_Dieback",-3.575586,53.261574
"Ash_Dieback",-3.725431,53.259498
"Ash_Dieback",-3.123594,53.176798
"Ash_Dieback",-3.273175,53.175293
"Ash_Dieback",-3.928134,52.951382
"Ash_Dieback",-5.625982,56.029301
"Ash_Dieback",9.340257,55.674257
"Ash_Dieback",-2.808735,51.411377
"Ash_Dieback",-2.727384,51.404267
"Ash_Dieback",-2.727384,51.404267
"Ash_Dieback",-8.865142,42.495996
"Ash_Dieback",0.991627,41.306711
"Ash_Dieback",0.991627,41.306711
"Ash_Dieback",0.991627,41.306711
"Ash_Dieback",16.52818,56.65167
"Ash_Dieback",7.135552,61.236973
"Ash_Dieback",6.404647,61.835602
"Ash_Dieback",5.368674,59.728709
"Ash_Dieback",-6.056752,43.125393
"Ash_Dieback",15.48128,59.14644
"Ash_Dieback",13.67,47.09
"Ash_Dieback",13.39,47.76
"Ash_Dieback",13.1,47.76
"Ash_Dieback",13.55,47.09
"Ash_Dieback",11.205145,60.668003
"Ash_Dieback",10.492493,59.801771
"Ash_Dieback",9.865981,60.034312
"Ash_Dieback",10.492745,59.801744
"Ash_Dieback",5.210004,60.631083
"Ash_Dieback",11.92206,57.69454
"Ash_Dieback",13.02499,56.21056
"Ash_Dieback",10.493239,59.83789
"Ash_Dieback",10.558816,59.929952
"Ash_Dieback",5.35342,60.296574
"Ash_Dieback",10.474105,59.944991
"Ash_Dieback",13.3515,55.9722
"Ash_Dieback",16.40648,56.42313
"Ash_Dieback",18.06004,60.48737
"Ash_Dieback",10.541577,59.936199
"Ash_Dieback",18.73869,59.26274
"Ash_Dieback",12.51587,55.644575
"Ash_Dieback",10.276154,57.156767
"Ash_Dieback",9.852247,55.908352
"Ash_Dieback",10.27384,56.242775
"Ash_Dieback",14.5945,56.77662
"Ash_Dieback",14.59571,56.77769
"Ash_Dieback",16.24445,58.90125
"Ash_Dieback",16.24272,58.9017
"Ash_Dieback",13.359114,46.633928
"Ash_Dieback",-4.154022,53.14352
"Ash_Dieback",10.296939,59.812979
"Ash_Dieback",2.34293,48.85662
"Ash_Dieback",1.63911,50.64972
"Ash_Dieback",2.42346,50.93645
"Ash_Dieback",2.42346,50.93645
"Ash_Dieback",2.42346,50.93645
"Ash_Dieback",2.42346,50.93645
"Ash_Dieback",2.42346,50.93645
"Ash_Dieback",13.78841,58.5263
"Ash_Dieback",8.95465,45.97386
"Ash_Dieback",7.47104,46.20895
"Ash_Dieback",7.08174,46.29834
"Ash_Dieback",7.08115,46.3883
"Ash_Dieback",7.79762,46.61319
"Ash_Dieback",6.36084,46.65362
"Ash_Dieback",9.43394,46.73125
"Ash_Dieback",6.68617,46.7462
"Ash_Dieback",9.04288,46.7824
"Ash_Dieback",7.07845,46.79309
"Ash_Dieback",8.25858,46.88069
"Ash_Dieback",6.618,46.92565
"Ash_Dieback",6.81442,46.97186
"Ash_Dieback",8.65515,47.0121
"Ash_Dieback",9.64297,47.04236
"Ash_Dieback",8.52914,47.28324
"Ash_Dieback",7.67016,47.33313
"Ash_Dieback",9.3897,47.31687
"Ash_Dieback",9.26208,47.45391
"Ash_Dieback",8.46652,47.46371
"Ash_Dieback",7.67074,47.46804
"Ash_Dieback",7.60456,47.51313
"Ash_Dieback",7.67113,47.55798
"Ash_Dieback",8.95714,46.0638
"Ash_Dieback",7.1476,46.11862
"Ash_Dieback",9.1566,46.24089
"Ash_Dieback",8.64005,46.33752
"Ash_Dieback",10.06798,46.31336
"Ash_Dieback",8.96595,46.37858
"Ash_Dieback",9.22583,46.37478
"Ash_Dieback",8.96848,46.46852
"Ash_Dieback",6.8191,46.56708
"Ash_Dieback",9.17091,46.69056
"Ash_Dieback",9.43394,46.73125
"Ash_Dieback",8.64907,46.74228
"Ash_Dieback",9.1738,46.78049
"Ash_Dieback",6.94707,46.83758
"Ash_Dieback",7.66823,46.88339
"Ash_Dieback",8.58748,46.92284
"Ash_Dieback",9.11534,47.0063
"Ash_Dieback",6.945,47.06246
"Ash_Dieback",8.78891,47.10057
"Ash_Dieback",7.47162,47.19844
"Ash_Dieback",7.8697,47.46747
"Ash_Dieback",8.26829,47.51028
"Ash_Dieback",8.99824,47.50275
"Ash_Dieback",8.93569,47.6385
"Ash_Dieback",9.1566,46.24089
"Ash_Dieback",9.61558,46.36796
"Ash_Dieback",9.22583,46.37478
"Ash_Dieback",7.08115,46.3883
"Ash_Dieback",8.70919,46.5167
"Ash_Dieback",8.71768,46.87648
"Ash_Dieback",8.12797,46.92652
"Ash_Dieback",9.37825,47.00215
"Ash_Dieback",9.37825,47.00215
"Ash_Dieback",6.74814,47.01646
"Ash_Dieback",7.47162,47.19844
"Ash_Dieback",9.52016,47.2696
"Ash_Dieback",9.12381,47.27608
"Ash_Dieback",9.39299,47.40679
"Ash_Dieback",7.67074,47.46804
"Ash_Dieback",8.3339,47.46482
"Ash_Dieback",8.99824,47.50275
"Ash_Dieback",8.79919,47.50526
"Ash_Dieback",8.6696,47.64163
"Ash_Dieback",8.67169,47.73155
"Ash_Dieback",8.83253,46.24535
"Ash_Dieback",8.83253,46.24535
"Ash_Dieback",7.08085,46.43328
"Ash_Dieback",6.29839,46.51807
"Ash_Dieback",6.29839,46.51807
"Ash_Dieback",7.07965,46.61319
"Ash_Dieback",6.68742,46.65625
"Ash_Dieback",8.84414,46.69505
"Ash_Dieback",7.07845,46.79309
"Ash_Dieback",9.83423,46.90353
"Ash_Dieback",8.39056,46.92464
"Ash_Dieback",9.57362,46.95369
"Ash_Dieback",9.57362,46.95369
"Ash_Dieback",9.64297,47.04236
"Ash_Dieback",7.01081,47.06272
"Ash_Dieback",6.945,47.06246
"Ash_Dieback",8.78891,47.10057
"Ash_Dieback",8.5273,47.1933
"Ash_Dieback",9.05638,47.23206
"Ash_Dieback",7.2071,47.33313
"Ash_Dieback",7.93517,47.37727
"Ash_Dieback",8.19999,47.37583
"Ash_Dieback",9.26208,47.45391
"Ash_Dieback",7.8697,47.46747
"Ash_Dieback",8.79919,47.50526
"Ash_Dieback",8.93569,47.6385
"Ash_Dieback",8.60405,47.68728
"Ash_Dieback",9.17961,46.96035
"Ash_Dieback",8.95465,45.97386
"Ash_Dieback",7.47104,46.20895
"Ash_Dieback",7.92533,46.29787
"Ash_Dieback",6.1702,46.42674
"Ash_Dieback",6.68868,46.5663
"Ash_Dieback",7.07965,46.61319
"Ash_Dieback",7.27478,46.83852
"Ash_Dieback",7.27478,46.83852
"Ash_Dieback",9.83023,46.81362
"Ash_Dieback",9.63376,46.81757
"Ash_Dieback",6.61937,46.8357
"Ash_Dieback",6.61937,46.8357
"Ash_Dieback",8.71768,46.87648
"Ash_Dieback",8.06285,46.97187
"Ash_Dieback",9.77254,46.9948
"Ash_Dieback",8.65515,47.0121
"Ash_Dieback",8.26133,47.06058
"Ash_Dieback",7.47154,47.06352
"Ash_Dieback",8.06547,47.19674
"Ash_Dieback",8.52914,47.28324
"Ash_Dieback",8.26549,47.3304
"Ash_Dieback",8.66336,47.37185
"Ash_Dieback",8.46652,47.46371
"Ash_Dieback",8.53375,47.50807
"Ash_Dieback",9.26672,47.58878
"Ash_Dieback",6.11068,46.20113
"Ash_Dieback",7.92533,46.29787
"Ash_Dieback",6.1702,46.42674
"Ash_Dieback",8.96848,46.46852
"Ash_Dieback",6.68868,46.5663
"Ash_Dieback",9.42896,46.59636
"Ash_Dieback",9.17091,46.69056
"Ash_Dieback",9.69361,46.68141
"Ash_Dieback",6.68617,46.7462
"Ash_Dieback",9.30471,46.77843
"Ash_Dieback",9.37177,46.8223
"Ash_Dieback",9.37177,46.8223
"Ash_Dieback",7.66823,46.88339
"Ash_Dieback",8.06285,46.97187
"Ash_Dieback",7.47154,47.06352
"Ash_Dieback",7.01081,47.06272
"Ash_Dieback",7.20749,47.24318
"Ash_Dieback",8.06705,47.33165
"Ash_Dieback",8.86073,47.3246
"Ash_Dieback",8.33239,47.37488
"Ash_Dieback",9.39299,47.40679
"Ash_Dieback",8.06918,47.51153
"Ash_Dieback",8.53375,47.50807
"Ash_Dieback",8.67169,47.73155
"Ash_Dieback",7.80063,47.06295
"Ash_Dieback",8.95714,46.0638
"Ash_Dieback",8.63708,46.2026
"Ash_Dieback",9.61558,46.36796
"Ash_Dieback",6.8191,46.56708
"Ash_Dieback",6.48989,46.74473
"Ash_Dieback",8.64907,46.74228
"Ash_Dieback",9.1738,46.78049
"Ash_Dieback",9.63376,46.81757
"Ash_Dieback",9.37177,46.8223
"Ash_Dieback",6.618,46.92565
"Ash_Dieback",9.77254,46.9948
"Ash_Dieback",9.11534,47.0063
"Ash_Dieback",7.08085,46.43328
"Ash_Dieback",6.42784,46.56428
"Ash_Dieback",6.42784,46.56428
"Ash_Dieback",7.79762,46.61319
"Ash_Dieback",9.42896,46.59636
"Ash_Dieback",6.68742,46.65625
"Ash_Dieback",6.9483,46.70265
"Ash_Dieback",9.04288,46.7824
"Ash_Dieback",9.83023,46.81362
"Ash_Dieback",8.25858,46.88069
"Ash_Dieback",8.58748,46.92284
"Ash_Dieback",9.83423,46.90353
"Ash_Dieback",8.39056,46.92464
"Ash_Dieback",6.81442,46.97186
"Ash_Dieback",8.32789,47.10506
"Ash_Dieback",8.32789,47.10506
"Ash_Dieback",8.92186,47.14391
"Ash_Dieback",7.93434,47.28733
"Ash_Dieback",9.52016,47.2696
"Ash_Dieback",7.67016,47.33313
"Ash_Dieback",8.26549,47.3304
"Ash_Dieback",9.3897,47.31687
"Ash_Dieback",7.2071,47.33313
"Ash_Dieback",8.66336,47.37185
"Ash_Dieback",8.06758,47.37663
"Ash_Dieback",7.80307,47.42273
"Ash_Dieback",7.60456,47.51313
"Ash_Dieback",7.67113,47.55798
"Ash_Dieback",9.26672,47.58878
"Ash_Dieback",8.60405,47.68728
"Ash_Dieback",8.5384,47.73289
"Ash_Dieback",7.60331,47.10838
"Ash_Dieback",7.80063,47.06295
"Ash_Dieback",6.74814,47.01646
"Ash_Dieback",8.92186,47.14391
"Ash_Dieback",8.5273,47.1933
"Ash_Dieback",8.06547,47.19674
"Ash_Dieback",9.05638,47.23206
"Ash_Dieback",7.20749,47.24318
"Ash_Dieback",9.12381,47.27608
"Ash_Dieback",8.06705,47.33165
"Ash_Dieback",8.86073,47.3246
"Ash_Dieback",7.93517,47.37727
"Ash_Dieback",8.26829,47.51028
"Ash_Dieback",7.80399,47.55764
"Ash_Dieback",8.6696,47.64163
"Ash_Dieback",8.1855,46.34143
"Ash_Dieback",8.12169,46.43179
"Ash_Dieback",6.87587,47.37696
"Ash_Dieback",9.26517,47.54382
"Ash_Dieback",6.23524,46.42745
"Ash_Dieback",9.12808,47.41096
"Ash_Dieback",6.75102,46.79159
"Ash_Dieback",9.11815,47.09623
"Ash_Dieback",8.77322,46.47099
"Ash_Dieback",6.55826,46.56536
"Ash_Dieback",6.55826,46.56536
"Ash_Dieback",9.11815,47.09623
"Ash_Dieback",8.89015,45.97471
"Ash_Dieback",8.51107,46.3838
"Ash_Dieback",8.32714,47.06009
"Ash_Dieback",8.32714,47.06009
"Ash_Dieback",8.19615,47.106
"Ash_Dieback",8.32714,47.06009
"Ash_Dieback",8.19615,47.106
"Ash_Dieback",6.88106,46.88225
"Ash_Dieback",9.10834,46.78147
"Ash_Dieback",9.10834,46.78147
"Ash_Dieback",8.39697,47.28441
"Ash_Dieback",6.29933,46.47309
"Ash_Dieback",6.23324,46.51739
"Ash_Dieback",8.99037,47.23297
"Ash_Dieback",8.5273,47.1933
"Ash_Dieback",9.19877,47.54485
"Ash_Dieback",7.20904,46.88339
"Ash_Dieback",7.14145,47.24303
"Ash_Dieback",6.94993,46.52274
"Ash_Dieback",6.68742,46.65625
"Ash_Dieback",8.99037,47.23297
"Ash_Dieback",8.26689,47.42034
"Ash_Dieback",8.19615,47.106
"Ash_Dieback",8.39697,47.28441
"Ash_Dieback",11.43584,58.13212
"Ash_Dieback",17.70979,59.86246
"Ash_Dieback",14.01851,59.66586
"Ash_Dieback",15.35284,59.10931
"Ash_Dieback",-5.128384,56.687875
"Ash_Dieback",-5.470591,56.42388
"Ash_Dieback",-5.477384,56.220097
"Ash_Dieback",13.84453,57.05594
"Ash_Dieback",7.40665,48.16401
"Ash_Dieback",4.96202,47.43482
"Ash_Dieback",6.87965,45.57471
"Ash_Dieback",24.508002,59.357286
"Ash_Dieback",24.042735,59.385298
"Ash_Dieback",26.709235,58.440833
"Ash_Dieback",25.089408,58.448228
"Ash_Dieback",27.147353,57.728699
"Ash_Dieback",25.997858,57.957511
"Ash_Dieback",24.584056,59.37532
"Ash_Dieback",26.705023,58.44419
"Ash_Dieback",24.986936,58.451359
"Ash_Dieback",24.466276,59.461983
"Ash_Dieback",24.116735,59.367399
"Ash_Dieback",27.494441,59.322803
"Ash_Dieback",27.415175,59.35346
"Ash_Dieback",23.612621,58.614843
"Ash_Dieback",23.594012,58.704609
"Ash_Dieback",27.335055,59.177827
"Ash_Dieback",26.681669,58.577589
"Ash_Dieback",25.507624,58.321552
"Ash_Dieback",25.52589,58.47307
"Ash_Dieback",23.587499,58.585504
"Ash_Dieback",23.610816,58.587701
"Ash_Dieback",25.750371,58.404537
"Ash_Dieback",26.585469,58.650835
"Ash_Dieback",25.40245,58.779729
"Ash_Dieback",23.670386,58.553655
"Ash_Dieback",25.540479,58.462654
"Ash_Dieback",26.594341,58.65325
"Ash_Dieback",25.544689,58.468914
"Ash_Dieback",26.601825,58.649055
"Ash_Dieback",25.5414,58.46222
"Ash_Dieback",26.594472,58.653547
"Ash_Dieback",25.544861,58.468236
"Ash_Dieback",27.762842,59.326376
"Ash_Dieback",25.5474,58.465004
"Ash_Dieback",23.587107,58.583793
"Ash_Dieback",25.749928,58.40475
"Ash_Dieback",25.74512,58.402122
"Ash_Dieback",27.539187,59.377354
"Ash_Dieback",23.667347,58.546684
"Ash_Dieback",23.67615,58.55357
"Ash_Dieback",26.594772,58.651442
"Ash_Dieback",26.595181,58.652431
"Ash_Dieback",23.606272,58.601392
"Ash_Dieback",26.601995,58.648192
"Ash_Dieback",26.595225,58.650624
"Ash_Dieback",26.594763,58.651841
"Ash_Dieback",23.587761,58.585442
"Ash_Dieback",23.611333,58.587775
"Ash_Dieback",25.747893,58.402591
"Ash_Dieback",26.585643,58.650381
"Ash_Dieback",23.670809,58.558306
"Ash_Dieback",26.594948,58.651173
"Ash_Dieback",26.595161,58.652084
"Ash_Dieback",23.61036,58.587881
"Ash_Dieback",23.606496,58.601572
"Ash_Dieback",26.600756,58.649259
"Ash_Dieback",25.54508,58.462299
"Ash_Dieback",26.59489,58.653564
"Ash_Dieback",25.749891,58.404313
"Ash_Dieback",27.762244,59.336448
"Ash_Dieback",15.16792,60.18468
"Ash_Dieback",15.16744,60.18566
"Ash_Dieback",-3.368986,51.465968
"Ash_Dieback",-3.085407,51.648772
"Ash_Dieback",-3.374396,51.645744
"Ash_Dieback",-3.229908,51.647347
"Ash_Dieback",-3.371684,51.555857
"Ash_Dieback",-3.229908,51.647347
"Ash_Dieback",-3.377122,51.73563
"Ash_Dieback",-3.656783,51.462254
"Ash_Dieback",-3.229908,51.647347
"Ash_Dieback",-3.225066,51.467561
"Ash_Dieback",-3.085407,51.648772
"Ash_Dieback",-3.222664,51.377665
"Ash_Dieback",-3.08756,51.738667
"Ash_Dieback",-3.229908,51.647347
"Ash_Dieback",-3.374396,51.645744
"Ash_Dieback",-3.374396,51.645744
"Ash_Dieback",-3.374396,51.645744
"Ash_Dieback",-3.374396,51.645744
"Ash_Dieback",-3.374396,51.645744
"Ash_Dieback",-3.227481,51.557454
"Ash_Dieback",-3.374396,51.645744
"Ash_Dieback",-3.374396,51.645744
"Ash_Dieback",-3.229908,51.647347
"Ash_Dieback",-3.229908,51.647347
"Ash_Dieback",14.06531,55.73244
"Ash_Dieback",13.42901,58.57401
"Ash_Dieback",14.91844,56.72877
"Ash_Dieback",15.73287,58.32844
"Ash_Dieback",13.34769,58.57881
"Ash_Dieback",12.68651,56.06792
"Ash_Dieback",16.40648,56.42313
"Ash_Dieback",23.674998,58.735059
"Ash_Dieback",26.49781,58.74809
"Ash_Dieback",26.5666,58.0374
"Ash_Dieback",26.57118,59.51025
"Ash_Dieback",23.550815,58.781356
"Ash_Dieback",25.45529,58.33807
"Ash_Dieback",26.5666,58.0374
"Ash_Dieback",27.3847,58.1843
"Ash_Dieback",26.57118,59.51025
"Ash_Dieback",23.81123,58.61372
"Ash_Dieback",26.57118,59.51025
"Ash_Dieback",26.5666,58.0374
"Ash_Dieback",26.49781,58.74809
"Ash_Dieback",23.674998,58.735059
"Ash_Dieback",23.69075,58.68618
"Ash_Dieback",26.49781,58.74809
"Ash_Dieback",24.570198,59.00725
"Ash_Dieback",25.756686,58.359958
"Ash_Dieback",27.32152,58.28402
"Ash_Dieback",25.388749,58.047907
"Ash_Dieback",26.5666,58.0374
"Ash_Dieback",24.95902,59.35123
"Ash_Dieback",24.18453,58.93124
"Ash_Dieback",22.33186,58.92065
"Ash_Dieback",12.493792,55.81501
"Ash_Dieback",9.85574,58.998802
"Ash_Dieback",19.87,49.95
"Ash_Dieback",19.87,49.95
"Ash_Dieback",13.00787,57.73988
"Ash_Dieback",16.17107,59.00804
"Ash_Dieback",11.53609,58.19154
"Ash_Dieback",14.33445,55.58331
"Ash_Dieback",6.6316,45.69859
"Ash_Dieback",6.6316,45.69859
"Ash_Dieback",6.63752,45.78855
"Ash_Dieback",6.87884,45.55511
"Ash_Dieback",6.43065,45.56969
"Ash_Dieback",5.51323,45.1435
"Ash_Dieback",-4.482799,57.54837
"Ash_Dieback",9.35224,55.005739
"Ash_Dieback",10.20152,59.85764
"Ash_Dieback",15.68612,59.14014
"Ash_Dieback",15.17591,59.16101
"Ash_Dieback",13.43648,58.58249
"Ash_Dieback",13.32359,55.71447
"Ash_Dieback",16.19632,58.97205
"Ash_Dieback",17.8901,66.0515
"Ash_Dieback",6.08152,49.5791
"Ash_Dieback",15.063936,46.117796
"Ash_Dieback",10.330732,56.258257
"Ash_Dieback",9.498298,55.716459
"Ash_Dieback",5.961526,59.029659
"Ash_Dieback",10.274591,56.243782
"Ash_Dieback",12.99198,56.05276
"Ash_Dieback",15.0359,59.55922
"Ash_Dieback",16.015339,47.582503
"Ash_Dieback",9.610484,55.68605
"Ash_Dieback",13.33944,55.94963
"Ash_Dieback",5.983112,59.07253
"Ash_Dieback",5.951671,59.029469
"Ash_Dieback",6.036598,59.15248
"Ash_Dieback",5.977291,59.069247
"Ash_Dieback",6.039014,59.152895
"Ash_Dieback",14.173659,48.268494
"Ash_Dieback",13.42746,55.69588
"Ash_Dieback",13.47906,55.5025
"Ash_Dieback",13.42766,55.69526
"Ash_Dieback",11.17926,58.75638
"Ash_Dieback",15.0352,46.116666
"Ash_Dieback",14.041865,46.172317
"Ash_Dieback",13.68551,46.10443
"Ash_Dieback",6.099462,59.198566
"Ash_Dieback",14.107219,46.395539
"Ash_Dieback",14.106675,46.397001
"Ash_Dieback",14.110034,46.395947
"Ash_Dieback",14.973103,46.3603
"Ash_Dieback",8.527869,62.828723
"Ash_Dieback",8.846438,47.768028
"Ash_Dieback",14.92177,56.72913
"Ash_Dieback",13.24573,56.03639
"Ash_Dieback",15.03755,57.36345
"Ash_Dieback",16.64477,56.78634
"Ash_Dieback",16.17107,59.00804
"Ash_Dieback",13.06544,56.04874
"Ash_Dieback",16.47782,59.33028
"Ash_Dieback",14.036093,46.377481
"Ash_Dieback",15.058523,46.184273
"Ash_Dieback",14.933084,46.540783
"Ash_Dieback",14.929769,46.543885
"Ash_Dieback",2.20749,45.24911
"Ash_Dieback",2.35241,45.19468
"Ash_Dieback",2.21204,45.27059
"Ash_Dieback",2.04006,45.20075
"Ash_Dieback",2.32265,45.25191
"Ash_Dieback",2.22097,45.24424
"Ash_Dieback",-0.10137,43.01323
"Ash_Dieback",0.62952,52.397741
"Ash_Dieback",1.284569,52.111522
"Ash_Dieback",0.658882,52.397084
"Ash_Dieback",0.62952,52.397741
"Ash_Dieback",0.653495,52.307279
"Ash_Dieback",14.398824,46.265143
"Ash_Dieback",8.203388,62.914501
"Ash_Dieback",4.324742,50.927392
"Ash_Dieback",10.678917,59.906047
"Ash_Dieback",1.007469,52.334765
"Ash_Dieback",-3.592402,56.083518
"Ash_Dieback",-3.561732,56.119853
"Ash_Dieback",-5.487774,56.156869
"Ash_Dieback",-6.952934,56.520601
"Ash_Dieback",-5.620563,56.027167
"Ash_Dieback",-6.804909,56.508434
"Ash_Dieback",-5.548045,56.085471
"Ash_Dieback",-5.616029,56.312772
"Ash_Dieback",14.27722,46.28069
"Ash_Dieback",14.76173,57.05544
"Ash_Dieback",14.587554,47.579628
"Ash_Dieback",14.301481,46.169381
"Ash_Dieback",17.3096,59.09409
"Ash_Dieback",16.63899,56.78321
"Ash_Dieback",16.41182,56.32019
"Ash_Dieback",17.67127,59.80719
"Ash_Dieback",17.89028,59.37167
"Ash_Dieback",17.89027,59.37167
"Ash_Dieback",17.65514,59.83244
"Ash_Dieback",16.18633,59.77855
"Ash_Dieback",15.060261,46.162714
"Ash_Dieback",15.04483,46.106415
"Ash_Dieback",15.592538,46.471312
"Ash_Dieback",13.975983,46.420659
"Ash_Dieback",-7.40095,57.188099
"Ash_Dieback",25.672224,60.380386
"Ash_Dieback",15.036881,46.170597
"Ash_Dieback",3.2043,50.15613
"Ash_Dieback",4.20395,50.06661
"Ash_Dieback",3.49005,50.52319
"Ash_Dieback",3.28259,50.44997
"Ash_Dieback",3.28259,50.44997
"Ash_Dieback",1.82924,50.67467
"Ash_Dieback",3.59714,50.48461
"Ash_Dieback",1.63911,50.64972
"Ash_Dieback",1.84664,50.69841
"Ash_Dieback",1.84664,50.69841
"Ash_Dieback",1.60631,50.5929
"Ash_Dieback",1.60765,50.45283
"Ash_Dieback",3.53122,50.48054
"Ash_Dieback",3.16848,50.33703
"Ash_Dieback",2.68754,50.05992
"Ash_Dieback",1.82808,50.69823
"Ash_Dieback",2.96819,50.57729
"Ash_Dieback",3.29432,50.2443
"Ash_Dieback",1.82775,50.68221
"Ash_Dieback",3.16848,50.33703
"Ash_Dieback",3.16848,50.33703
"Ash_Dieback",2.59819,49.33212
"Ash_Dieback",2.25868,45.211
"Ash_Dieback",2.18416,45.29815
"Ash_Dieback",6.86923,45.55759
"Ash_Dieback",4.92372,47.42945
"Ash_Dieback",7.38484,48.10992
"Ash_Dieback",15.046659,46.186438
"Ash_Dieback",15.064719,46.176378
"Ash_Dieback",16.094102,46.799381
"Ash_Dieback",25.672224,60.380386
"Ash_Dieback",15.042347,46.171882
"Ash_Dieback",15.03792,46.372397
"Ash_Dieback",14.164956,45.568671
"Ash_Dieback",13.13479,55.54098
"Ash_Dieback",17.81598,59.71845
"Ash_Dieback",17.66368,59.81702
"Ash_Dieback",18.82445,59.31549
"Ash_Dieback",12.6861,56.85251
"Ash_Dieback",15.27702,59.02332
"Ash_Dieback",12.42952,58.78153
"Ash_Dieback",12.448,58.81732
"Ash_Dieback",13.12554,55.63117
"Ash_Dieback",13.13174,55.93587
"Ash_Dieback",12.73374,56.08833
"Ash_Dieback",16.88866,59.567
"Ash_Dieback",15.44777,58.8999
"Ash_Dieback",12.73688,56.14792
"Ash_Dieback",14.56769,58.14841
"Ash_Dieback",16.20256,58.97468
"Ash_Dieback",12.27077,57.47741
"Ash_Dieback",9.355329,54.999823
"Ash_Dieback",15.039123,46.103223
"Ash_Dieback",14.726538,46.103537
"Ash_Dieback",14.425419,45.994165
"Ash_Dieback",13.04,47.78
"Ash_Dieback",13.18,47.63
"Ash_Dieback",13.08,47.75
"Ash_Dieback",13.15,47.8
"Ash_Dieback",-4.203661,57.572871
"Ash_Dieback",10.302967,59.876143
"Ash_Dieback",20.04,50.22
"Ash_Dieback",19.88,49.95
"Ash_Dieback",44.77,41.7
"Ash_Dieback",45.57,41.9
"Ash_Dieback",8.34,47.47
"Ash_Dieback",11.46,46.28
"Ash_Dieback",5.92818,59.073218
"Ash_Dieback",15.273892,45.984092
"Ash_Dieback",14.045654,46.459282
"Ash_Dieback",14.369587,46.038482
"Ash_Dieback",9.840102,56.636761
"Ash_Dieback",15.328334,46.54153
"Ash_Dieback",15.325296,46.541557
"Ash_Dieback",8.18721,62.912219
"Ash_Dieback",12.508625,55.761928
"Ash_Dieback",14.309639,46.173578
"Ash_Dieback",10.47839,59.945009
"Ash_Dieback",9.705224,55.776211
"Ash_Dieback",13.595203,46.015368
"Ash_Dieback",14.857525,46.024018
"Ash_Dieback",14.127738,46.03049
"Ash_Dieback",-2.282704,53.888468
"Ash_Dieback",8.383325,47.844086
"Ash_Dieback",14.415607,46.139221
"Ash_Dieback",14.510425,46.405931
"Ash_Dieback",14.511409,46.406484
"Ash_Dieback",14.50724,46.398585
"Ash_Dieback",14.504938,46.397172
"Ash_Dieback",14.505777,46.397823
"Ash_Dieback",14.504078,46.395926
"Ash_Dieback",14.503087,46.394797
"Ash_Dieback",14.503756,46.395502
"Ash_Dieback",14.504514,46.396585
"Ash_Dieback",-2.677177,53.737629
"Ash_Dieback",6.099462,59.198566
"Ash_Dieback",14.690408,45.526914
"Ash_Dieback",15.030585,46.14519
"Ash_Dieback",14.288917,45.79558
"Ash_Dieback",13.43456,46.238503
"Ash_Dieback",4.012766,45.123627
"Ash_Dieback",14.734354,46.151548
"Ash_Dieback",14.064955,46.413943
"Ash_Dieback",8.46478,47.37378
"Ash_Dieback",8.46478,47.37378
"Ash_Dieback",8.39375,47.10453
"Ash_Dieback",9.19877,47.54485
"Ash_Dieback",8.5319,47.41814
"Ash_Dieback",7.27325,47.33324
"Ash_Dieback",8.40021,47.46428
"Ash_Dieback",7.33931,47.37829
"Ash_Dieback",7.00828,47.37753
"Ash_Dieback",8.59717,47.37253
"Ash_Dieback",8.46739,47.50868
"Ash_Dieback",8.86313,47.41453
"Ash_Dieback",7.07935,46.65816
"Ash_Dieback",8.84414,46.69505
"Ash_Dieback",8.32714,47.06009
"Ash_Dieback",9.57005,46.86377
"Ash_Dieback",8.72413,47.14629
"Ash_Dieback",8.92561,47.27881
"Ash_Dieback",8.86073,47.3246
"Ash_Dieback",7.67055,47.42307
"Ash_Dieback",8.20127,47.46577
"Ash_Dieback",7.67113,47.55798
"Ash_Dieback",7.73407,46.92822
"Ash_Dieback",8.46478,47.37378
"Ash_Dieback",8.46478,47.37378
"Ash_Dieback",9.06185,47.41191
"Ash_Dieback",8.46478,47.37378
"Ash_Dieback",8.46478,47.37378
"Ash_Dieback",7.93601,47.46721
"Ash_Dieback",9.52191,47.31456
"Ash_Dieback",9.51143,47.04481
"Ash_Dieback",8.25927,46.92566
"Ash_Dieback",7.27601,46.43373
"Ash_Dieback",7.92816,46.61271
"Ash_Dieback",7.86861,47.33256
"Ash_Dieback",9.12666,47.366
"Ash_Dieback",6.94208,47.37726
"Ash_Dieback",8.00281,47.51187
"Ash_Dieback",8.60208,47.59735
"Ash_Dieback",7.60304,47.01843
"Ash_Dieback",8.60208,47.59735
"Ash_Dieback",7.40578,46.97357
"Ash_Dieback",6.55826,46.56536
"Ash_Dieback",6.55826,46.56536
"Ash_Dieback",9.06322,47.45687
"Ash_Dieback",8.72955,47.37112
"Ash_Dieback",8.00233,47.46691
"Ash_Dieback",8.63906,46.29255
"Ash_Dieback",9.3141,47.04821
"Ash_Dieback",8.39135,46.96962
"Ash_Dieback",7.87042,47.55741
"Ash_Dieback",7.67113,47.55798
"Ash_Dieback",6.88753,46.25258
"Ash_Dieback",8.06389,47.06182
"Ash_Dieback",8.86073,47.3246
"Ash_Dieback",8.26899,47.55524
"Ash_Dieback",6.55826,46.56536
"Ash_Dieback",8.00043,47.28702
"Ash_Dieback",7.14019,47.46789
"Ash_Dieback",8.33239,47.37488
"Ash_Dieback",7.14069,47.37795
"Ash_Dieback",8.53098,47.37317
"Ash_Dieback",6.36353,46.5187
"Ash_Dieback",7.33982,47.10845
"Ash_Dieback",9.01525,45.83807
"Ash_Dieback",8.6613,47.28191
"Ash_Dieback",8.86073,47.3246
"Ash_Dieback",8.9943,47.36786
"Ash_Dieback",9.45751,47.36069
"Ash_Dieback",8.73174,47.46105
"Ash_Dieback",7.93643,47.51218
"Ash_Dieback",8.51107,46.3838
"Ash_Dieback",9.05366,47.14213
"Ash_Dieback",8.89015,45.97471
"Ash_Dieback",6.55826,46.56536
"Ash_Dieback",6.55826,46.56536
"Ash_Dieback",6.49226,46.60981
"Ash_Dieback",9.05366,47.14213
"Ash_Dieback",8.98776,47.14304
"Ash_Dieback",6.427,46.60925
"Ash_Dieback",9.05366,47.14213
"Ash_Dieback",7.20904,46.88339
"Ash_Dieback",7.1432,46.92821
"Ash_Dieback",6.62074,46.74575
"Ash_Dieback",9.20026,47.58981
"Ash_Dieback",8.13496,47.46618
"Ash_Dieback",8.40021,47.46428
"Ash_Dieback",8.52914,47.28324
"Ash_Dieback",8.39056,46.92464
"Ash_Dieback",9.51666,47.17969
"Ash_Dieback",6.8191,46.56708
"Ash_Dieback",7.66996,47.28816
"Ash_Dieback",8.73064,47.41609
"Ash_Dieback",9.19728,47.49989
"Ash_Dieback",9.06597,47.54679
"Ash_Dieback",7.40578,46.97357
"Ash_Dieback",7.53736,47.06348
"Ash_Dieback",7.53703,46.88358
"Ash_Dieback",7.33982,47.10845
"Ash_Dieback",8.46739,47.50868
"Ash_Dieback",7.60345,47.15335
"Ash_Dieback",7.01332,46.74789
"Ash_Dieback",9.01655,45.88303
"Ash_Dieback",9.64112,46.9974
"Ash_Dieback",8.26064,47.01561
"Ash_Dieback",8.59717,47.37253
"Ash_Dieback",8.86434,47.4595
"Ash_Dieback",8.73283,47.50602
"Ash_Dieback",8.00328,47.55684
"Ash_Dieback",7.5381,47.46823
"Ash_Dieback",8.5319,47.41814
"Ash_Dieback",8.89015,45.97471
"Ash_Dieback",7.20904,46.88339
"Ash_Dieback",9.05231,47.09717
"Ash_Dieback",9.05366,47.14213
"Ash_Dieback",6.55826,46.56536
"Ash_Dieback",8.80381,47.6851
"Ash_Dieback",9.69361,46.68141
"Ash_Dieback",9.45581,47.31573
"Ash_Dieback",8.46478,47.37378
"Ash_Dieback",8.32863,47.15003
"Ash_Dieback",7.1432,46.92821
"Ash_Dieback",8.80034,47.55022
"Ash_Dieback",7.20981,46.70348
"Ash_Dieback",7.14344,46.88324
"Ash_Dieback",8.00328,47.55684
"Ash_Dieback",9.05366,47.14213
"Ash_Dieback",8.25927,46.92566
"Ash_Dieback",9.05096,47.0522
"Ash_Dieback",7.47135,46.74868
"Ash_Dieback",8.19615,47.106
"Ash_Dieback",8.77322,46.47099
"Ash_Dieback",7.27325,47.33324
"Ash_Dieback",7.07418,47.42273
"Ash_Dieback",8.5319,47.41814
"Ash_Dieback",7.99022,46.29757
"Ash_Dieback",8.57606,46.38317
"Ash_Dieback",9.57362,46.95369
"Ash_Dieback",7.92857,46.65768
"Ash_Dieback",9.12808,47.41096
"Ash_Dieback",8.20321,47.60067
"Ash_Dieback",7.07387,47.4677
"Ash_Dieback",7.27311,47.37821
"Ash_Dieback",8.39778,47.32938
"Ash_Dieback",8.52822,47.23827
"Ash_Dieback",7.01685,46.29812
"Ash_Dieback",8.57418,46.29322
"Ash_Dieback",9.42896,46.59636
"Ash_Dieback",7.6029,46.97345
"Ash_Dieback",9.57183,46.90873
"Ash_Dieback",6.7516,46.74661
"Ash_Dieback",8.6572,47.10204
"Ash_Dieback",9.19135,47.32006
"Ash_Dieback",9.19283,47.36502
"Ash_Dieback",7.73756,47.55783
"Ash_Dieback",8.32714,47.06009
"Ash_Dieback",8.52822,47.23827
"Ash_Dieback",8.77878,46.69584
"Ash_Dieback",9.57005,46.86377
"Ash_Dieback",9.23926,46.77948
"Ash_Dieback",7.53703,46.88358
"Ash_Dieback",9.57183,46.90873
"Ash_Dieback",7.47149,46.97357
"Ash_Dieback",8.19489,47.01606
"Ash_Dieback",6.81284,47.10679
"Ash_Dieback",8.5273,47.1933
"Ash_Dieback",7.53769,47.24338
"Ash_Dieback",9.06048,47.36695
"Ash_Dieback",9.12951,47.45592
"Ash_Dieback",7.93685,47.55715
"Ash_Dieback",8.60109,47.55239
"Ash_Dieback",9.05366,47.14213
"Ash_Dieback",7.73407,46.92822
"Ash_Dieback",8.91813,47.00901
"Ash_Dieback",7.99996,47.24205
"Ash_Dieback",7.14145,47.24303
"Ash_Dieback",7.80399,47.55764
"Ash_Dieback",8.46478,47.37378
"Ash_Dieback",9.44397,47.00102
"Ash_Dieback",9.19877,47.54485
"Ash_Dieback",9.57183,46.90873
"Ash_Dieback",8.3339,47.46482
"Ash_Dieback",7.73407,46.92822
"Ash_Dieback",7.40578,46.97357
"Ash_Dieback",8.98257,46.96318
"Ash_Dieback",9.57362,46.95369
"Ash_Dieback",8.99693,47.45779
"Ash_Dieback",8.99037,47.23297
"Ash_Dieback",8.20063,47.4208
"Ash_Dieback",8.76991,46.33607
"Ash_Dieback",8.99037,47.23297
"Ash_Dieback",8.73174,47.46105
"Ash_Dieback",8.26549,47.3304
"Ash_Dieback",9.37177,46.8223
"Ash_Dieback",7.86431,46.79288
"Ash_Dieback",8.06758,47.37663
"Ash_Dieback",8.26064,47.01561
"Ash_Dieback",6.55826,46.56536
"Ash_Dieback",9.11534,47.0063
"Ash_Dieback",8.5319,47.41814
"Ash_Dieback",9.05366,47.14213
"Ash_Dieback",7.5381,47.46823
"Ash_Dieback",7.99996,47.24205
"Ash_Dieback",8.59134,47.10272
"Ash_Dieback",8.6613,47.28191
"Ash_Dieback",9.32517,47.36293
"Ash_Dieback",7.53736,47.06348
"Ash_Dieback",8.99693,47.45779
"Ash_Dieback",7.86537,46.9278
"Ash_Dieback",6.94417,47.1524
"Ash_Dieback",8.12913,47.01647
"Ash_Dieback",9.05096,47.0522
"Ash_Dieback",6.95155,46.34284
"Ash_Dieback",9.05231,47.09717
"Ash_Dieback",7.40583,46.88361
"Ash_Dieback",9.1738,46.78049
"Ash_Dieback",8.25927,46.92566
"Ash_Dieback",8.80265,47.64014
"Ash_Dieback",8.79118,47.1905
"Ash_Dieback",9.11956,47.14119
"Ash_Dieback",8.73064,47.41609
"Ash_Dieback",8.46826,47.55364
"Ash_Dieback",8.26969,47.60021
"Ash_Dieback",8.46478,47.37378
"Ash_Dieback",8.46392,47.32881
"Ash_Dieback",8.40021,47.46428
"Ash_Dieback",7.07418,47.42273
"Ash_Dieback",8.52914,47.28324
"Ash_Dieback",8.26479,47.28543
"Ash_Dieback",7.14492,46.61337
"Ash_Dieback",9.32041,47.22805
"Ash_Dieback",8.89135,46.01968
"Ash_Dieback",7.6047,47.5581
"Ash_Dieback",8.25585,46.70079
"Ash_Dieback",8.32196,46.74528
"Ash_Dieback",7.53703,46.88358
"Ash_Dieback",8.12971,47.06145
"Ash_Dieback",8.32863,47.15003
"Ash_Dieback",8.00233,47.46691
"Ash_Dieback",8.12913,47.01647
"Ash_Dieback",6.62347,46.56585
"Ash_Dieback",7.40606,46.5238
"Ash_Dieback",9.19431,47.40998
"Ash_Dieback",8.92686,47.32377
"Ash_Dieback",9.31725,47.13813
"Ash_Dieback",7.53703,46.88358
"Ash_Dieback",8.12971,47.06145
"Ash_Dieback",7.67113,47.55798
"Ash_Dieback",7.47176,47.4233
"Ash_Dieback",7.47146,46.92859
"Ash_Dieback",9.1884,47.23013
"Ash_Dieback",8.00138,47.37697
"Ash_Dieback",8.87039,47.6843
"Ash_Dieback",7.33999,47.0185
"Ash_Dieback",9.19728,47.49989
"Ash_Dieback",8.99037,47.23297
"Ash_Dieback",7.92979,46.79261
"Ash_Dieback",9.05366,47.14213
"Ash_Dieback",8.46478,47.37378
"Ash_Dieback",8.46478,47.37378
"Ash_Dieback",9.05096,47.0522
"Ash_Dieback",7.40578,46.97357
"Ash_Dieback",8.86434,47.4595
"Ash_Dieback",8.26549,47.3304
"Ash_Dieback",8.33239,47.37488
"Ash_Dieback",9.44903,47.1359
"Ash_Dieback",6.427,46.60925
"Ash_Dieback",7.07663,47.06295
"Ash_Dieback",6.74755,47.06143
"Ash_Dieback",7.40555,47.33336
"Ash_Dieback",9.12666,47.366
"Ash_Dieback",9.06322,47.45687
"Ash_Dieback",8.00281,47.51187
"Ash_Dieback",7.93685,47.55715
"Ash_Dieback",8.87039,47.6843
"Ash_Dieback",6.68742,46.65625
"Ash_Dieback",7.14019,47.46789
"Ash_Dieback",7.53769,47.24338
"Ash_Dieback",8.59717,47.37253
"Ash_Dieback",6.95236,46.25288
"Ash_Dieback",7.86325,46.65795
"Ash_Dieback",8.46047,47.14894
"Ash_Dieback",8.06285,46.97187
"Ash_Dieback",8.4579,47.01402
"Ash_Dieback",8.19048,46.70124
"Ash_Dieback",8.5273,47.1933
"Ash_Dieback",8.00281,47.51187
"Ash_Dieback",7.60318,47.0634
"Ash_Dieback",9.02174,46.06291
"Ash_Dieback",6.55826,46.56536
"Ash_Dieback",8.70919,46.5167
"Ash_Dieback",8.89015,45.97471
"Ash_Dieback",8.60208,47.59735
"Ash_Dieback",6.68868,46.5663
"Ash_Dieback",9.11815,47.09623
"Ash_Dieback",8.70919,46.5167
"Ash_Dieback",7.14245,47.06314
"Ash_Dieback",7.40578,46.97357
"Ash_Dieback",8.99037,47.23297
"Ash_Dieback",9.11956,47.14119
"Ash_Dieback",7.53687,46.79362
"Ash_Dieback",8.89015,45.97471
"Ash_Dieback",8.19615,47.106
"Ash_Dieback",7.92979,46.79261
"Ash_Dieback",6.55826,46.56536
"Ash_Dieback",6.4883,46.83468
"Ash_Dieback",6.55826,46.56536
"Ash_Dieback",8.40021,47.46428
"Ash_Dieback",7.2069,47.3781
"Ash_Dieback",8.59717,47.37253
"Ash_Dieback",8.46739,47.50868
"Ash_Dieback",8.46478,47.37378
"Ash_Dieback",8.58652,46.87787
"Ash_Dieback",9.43394,46.73125
"Ash_Dieback",7.14394,46.79328
"Ash_Dieback",8.77322,46.47099
"Ash_Dieback",7.87079,47.60238
"Ash_Dieback",8.59717,47.37253
"Ash_Dieback",8.59717,47.37253
"Ash_Dieback",7.07845,46.79309
"Ash_Dieback",9.11534,47.0063
"Ash_Dieback",8.72198,47.05635
"Ash_Dieback",8.72198,47.05635
"Ash_Dieback",6.94208,47.37726
"Ash_Dieback",8.5319,47.41814
"Ash_Dieback",9.06322,47.45687
"Ash_Dieback",6.68868,46.5663
"Ash_Dieback",7.67055,47.42307
"Ash_Dieback",7.93601,47.46721
"Ash_Dieback",7.93601,47.46721
"Ash_Dieback",7.33948,47.28835
"Ash_Dieback",8.12971,47.06145
"Ash_Dieback",8.25927,46.92566
"Ash_Dieback",8.76552,46.15618
"Ash_Dieback",7.86325,46.65795
"Ash_Dieback",6.81599,46.83694
"Ash_Dieback",7.53736,47.06348
"Ash_Dieback",9.05502,47.1871
"Ash_Dieback",8.99037,47.23297
"Ash_Dieback",6.87587,47.37696
"Ash_Dieback",7.80338,47.4677
"Ash_Dieback",8.60109,47.55239
"Ash_Dieback",9.11815,47.09623
"Ash_Dieback",6.49147,46.65479
"Ash_Dieback",8.76991,46.33607
"Ash_Dieback",6.68868,46.5663
"Ash_Dieback",8.46826,47.55364
"Ash_Dieback",9.52719,47.44942
"Ash_Dieback",8.26341,47.19549
"Ash_Dieback",7.60345,47.15335
"Ash_Dieback",9.04154,46.73744
"Ash_Dieback",9.57541,46.99865
"Ash_Dieback",9.05231,47.09717
"Ash_Dieback",6.87824,47.1521
"Ash_Dieback",6.94375,47.19738
"Ash_Dieback",7.14145,47.24303
"Ash_Dieback",8.40021,47.46428
"Ash_Dieback",7.40561,47.24341
"Ash_Dieback",8.89015,45.97471
"Ash_Dieback",9.02174,46.06291
"Ash_Dieback",6.68868,46.5663
"Ash_Dieback",9.05366,47.14213
"Ash_Dieback",7.40578,46.97357
"Ash_Dieback",8.39455,47.1495
"Ash_Dieback",8.32714,47.06009
"Ash_Dieback",6.94417,47.1524
"Ash_Dieback",7.47135,46.74868
"Ash_Dieback",8.3339,47.46482
"Ash_Dieback",8.60208,47.59735
"Ash_Dieback",9.43727,46.82117
"Ash_Dieback",9.11956,47.14119
"Ash_Dieback",7.53679,46.74865
"Ash_Dieback",7.40578,46.97357
"Ash_Dieback",7.27311,47.37821
"Ash_Dieback",8.13379,47.37625
"Ash_Dieback",8.64105,46.38249
"Ash_Dieback",9.04154,46.73744
"Ash_Dieback",7.93226,47.06246
"Ash_Dieback",8.53561,47.598
"Ash_Dieback",7.92857,46.65768
"Ash_Dieback",8.33088,47.28494
"Ash_Dieback",8.73283,47.50602
"Ash_Dieback",7.53827,47.55817
"Ash_Dieback",7.40578,46.97357
"Ash_Dieback",6.68868,46.5663
"Ash_Dieback",8.20063,47.4208
"Ash_Dieback",8.99693,47.45779
"Ash_Dieback",8.39455,47.1495
"Ash_Dieback",8.26133,47.06058
"Ash_Dieback",7.5376,47.1984
"Ash_Dieback",8.5962,47.32756
"Ash_Dieback",7.07418,47.42273
"Ash_Dieback",9.05366,47.14213
"Ash_Dieback",7.92979,46.79261
"Ash_Dieback",8.91813,47.00901
"Ash_Dieback",9.184,47.09524
"Ash_Dieback",6.82371,46.16229
"Ash_Dieback",8.19615,47.106
"Ash_Dieback",6.49147,46.65479
"Ash_Dieback",9.37177,46.8223
"Ash_Dieback",6.55826,46.56536
"Ash_Dieback",8.06285,46.97187
"Ash_Dieback",7.53736,47.06348
"Ash_Dieback",7.93226,47.06246
"Ash_Dieback",7.53769,47.24338
"Ash_Dieback",7.79942,46.88305
"Ash_Dieback",7.47181,47.51324
"Ash_Dieback",9.23926,46.77948
"Ash_Dieback",7.5381,47.46823
"Ash_Dieback",8.2641,47.24046
"Ash_Dieback",8.19299,46.88114
"Ash_Dieback",7.86325,46.65795
"Ash_Dieback",8.5319,47.41814
"Ash_Dieback",7.07418,47.42273
"Ash_Dieback",8.25927,46.92566
"Ash_Dieback",8.46478,47.37378
"Ash_Dieback",7.53703,46.88358
"Ash_Dieback",7.53679,46.74865
"Ash_Dieback",7.73407,46.92822
"Ash_Dieback",7.80399,47.55764
"Ash_Dieback",8.06025,46.747
"Ash_Dieback",7.5381,47.46823
"Ash_Dieback",7.53802,47.42326
"Ash_Dieback",9.64112,46.9974
"Ash_Dieback",7.40578,46.97357
"Ash_Dieback",8.12971,47.06145
"Ash_Dieback",8.93189,47.50362
"Ash_Dieback",7.14069,47.37795
"Ash_Dieback",9.23926,46.77948
"Ash_Dieback",8.13379,47.37625
"Ash_Dieback",7.53703,46.88358
"Ash_Dieback",8.60109,47.55239
"Ash_Dieback",7.27408,47.0634
"Ash_Dieback",8.92435,47.23384
"Ash_Dieback",7.5381,47.46823
"Ash_Dieback",7.40578,46.97357
"Ash_Dieback",7.20885,46.92836
"Ash_Dieback",-4.173868,57.575274
"Ash_Dieback",15.16816,60.18565
"Ash_Dieback",16.24542,60.25596
"Ash_Dieback",13.70611,55.54671
"Ash_Dieback",17.64359,59.82277
"Ash_Dieback",17.03635,57.33352
"Ash_Dieback",17.60684,59.79992
"Ash_Dieback",8.187578,62.91255
"Ash_Dieback",-0.441179,51.257904
"Ash_Dieback",-2.846448,52.892778
"Ash_Dieback",-3.085134,52.808131
"Ash_Dieback",-2.872557,52.638178
"Ash_Dieback",-2.872557,52.638178
"Ash_Dieback",5.462673,59.2417
"Ash_Dieback",14.754145,46.108404
"Ash_Dieback",17.60329,59.86226
"Ash_Dieback",5.60695,59.916583
"Ash_Dieback",13.750902,45.8087
"Ash_Dieback",26.1667,58.4667
"Ash_Dieback",17.65783,59.72519
"Ash_Dieback",16.61464,56.75318
"Ash_Dieback",14.022683,45.587161
"Ash_Dieback",15.14474,59.50349
"Ash_Dieback",13.13,46.94
"Ash_Dieback",14.750924,46.154753
"Ash_Dieback",27.311414,58.273726
"Ash_Dieback",26.6032,60.70675
"Ash_Dieback",14.858394,46.385428
"Ash_Dieback",14.824848,46.386129
"Ash_Dieback",6.6837,59.5819
"Ash_Dieback",6.7085,59.6031
"Ash_Dieback",5.5736,60.4406
"Ash_Dieback",16.81862,59.08767
"Ash_Dieback",-4.617007,57.213289
"Ash_Dieback",-4.535839,57.574409
"Ash_Dieback",-6.134065,56.884749
"Ash_Dieback",-5.802437,57.165008
"Ash_Dieback",-5.583207,57.28558
"Ash_Dieback",-2.319678,51.38406
"Ash_Dieback",-2.657916,51.422212
"Ash_Dieback",-4.138988,53.144861
"Ash_Dieback",-4.138987,53.144546
"Ash_Dieback",-4.229869,53.171559
"Ash_Dieback",-3.123594,53.176798
"Ash_Dieback",-2.97197,53.088239
"Ash_Dieback",-3.123594,53.176798
"Ash_Dieback",0.286426,52.315408
"Ash_Dieback",-0.5354,51.86271
"Ash_Dieback",-0.048161,52.146974
"Ash_Dieback",0.230891,51.851572
"Ash_Dieback",1.265608,52.89675
"Ash_Dieback",-0.031897,52.1512
"Ash_Dieback",0.217481,51.844632
"Ash_Dieback",0.229218,51.847107
"Ash_Dieback",-0.030714,52.144886
"Ash_Dieback",0.568735,52.578474
"Ash_Dieback",0.287799,52.313583
"Ash_Dieback",0.228389,51.859713
"Ash_Dieback",1.249243,52.817159
"Ash_Dieback",-0.040543,52.154041
"Ash_Dieback",-3.521882,51.733844
"Ash_Dieback",-3.51887,51.643964
"Ash_Dieback",-3.666627,51.73188
"Ash_Dieback",-3.51887,51.643964
"Ash_Dieback",-2.794801,51.561184
"Ash_Dieback",-3.515873,51.554082
"Ash_Dieback",-3.515873,51.554082
"Ash_Dieback",-3.377122,51.73563
"Ash_Dieback",-3.374396,51.645744
"Ash_Dieback",-3.374396,51.645744
"Ash_Dieback",-3.222664,51.377665
"Ash_Dieback",-3.227481,51.557454
"Ash_Dieback",-3.521882,51.733844
"Ash_Dieback",-3.515873,51.554082
"Ash_Dieback",-3.371684,51.555857
"Ash_Dieback",-3.083265,51.558875
"Ash_Dieback",-3.229908,51.647347
"Ash_Dieback",-3.377122,51.73563
"Ash_Dieback",-3.377122,51.73563
"Ash_Dieback",-3.377122,51.73563
"Ash_Dieback",-3.377122,51.73563
"Ash_Dieback",-3.377122,51.73563
"Ash_Dieback",-2.944638,51.829816
"Ash_Dieback",-3.227481,51.557454
"Ash_Dieback",-3.377122,51.73563
"Ash_Dieback",14.517812,46.40303
"Ash_Dieback",-3.39378,52.274913
"Ash_Dieback",-3.242234,52.096787
"Ash_Dieback",-3.242234,52.096787
"Ash_Dieback",8.187254,62.912206
"Ash_Dieback",16.407,56.42326
"Ash_Dieback",13.06526,56.04982
"Ash_Dieback",14.828025,45.660243
"Ash_Dieback",14.843844,45.652077
"Ash_Dieback",6.099543,59.198709
"Ash_Dieback",6.098878,59.198782
"Ash_Dieback",14.882958,55.22424
"Ash_Dieback",-2.697635,53.682643
"Ash_Dieback",10.636736,59.45487
"Ash_Dieback",14.094,46.371511
"Ash_Dieback",15.279673,46.263236
"Ash_Dieback",14.2728,57.82977
"Ash_Dieback",17.13138,61.33151
"Ash_Dieback",14.82644,46.405097
"Ash_Dieback",5.356016,60.297296
"Ash_Dieback",14.581395,46.129274
"Ash_Dieback",14.884823,46.31132
"Ash_Dieback",9.897207,59.112582
"Ash_Dieback",11.167577,60.475977
"Ash_Dieback",16.32314,58.95473
"Ash_Dieback",15.356914,46.541435
"Ash_Dieback",15.385363,46.54675
"Ash_Dieback",15.370072,46.545577
"Ash_Dieback",15.324454,46.55546
"Ash_Dieback",15.062533,46.135234
"Ash_Dieback",15.291865,46.539093
"Ash_Dieback",15.44127,46.550604
"Ash_Dieback",15.433488,46.523328
"Ash_Dieback",15.357947,46.541828
"Ash_Dieback",15.252667,46.540536
"Ash_Dieback",11.167523,60.476141
"Ash_Dieback",14.679908,46.132713
"Ash_Dieback",14.407353,46.11592
"Ash_Dieback",14.40725,46.115802
"Ash_Dieback",13.83719,58.42958
"Ash_Dieback",12.85135,55.96654
"Ash_Dieback",12.67583,56.10097
"Ash_Dieback",16.38692,59.44362
"Ash_Dieback",8.2,49
"Ash_Dieback",8.2,49
"Ash_Dieback",8.2,49
"Ash_Dieback",8.2,49
"Ash_Dieback",14.563479,46.050946
"Ash_Dieback",15.416627,45.882343
"Ash_Dieback",15.627457,46.288645
"Ash_Dieback",15.602862,46.288651
"Ash_Dieback",15.635744,46.275849
"Ash_Dieback",15.636111,46.280661
"Ash_Dieback",15.642691,46.285159
"Ash_Dieback",15.618554,46.287515
"Ash_Dieback",13.621914,46.032393
"Ash_Dieback",9.740722,56.946601
"Ash_Dieback",14.69731,46.429923
"Ash_Dieback",14.729996,46.363534
"Ash_Dieback",13.91754,46.262579
"Ash_Dieback",14.03503,46.273706
"Ash_Dieback",13.633225,46.369054
"Ash_Dieback",14.516568,46.404005
"Ash_Dieback",14.497301,46.397516
"Ash_Dieback",13.973536,46.270535
"Ash_Dieback",-2.690953,54.178999
"Ash_Dieback",10.238548,59.338545
"Ash_Dieback",9.704966,55.776114
"Ash_Dieback",5.5336,59.7933
"Ash_Dieback",8.210368,62.91884
"Ash_Dieback",10.540411,55.040989
"Ash_Dieback",14.998909,46.172088
"Ash_Dieback",11.579254,54.710633
"Ash_Dieback",13.838667,46.482473
"Ash_Dieback",12.71475,56.08113
"Ash_Dieback",12.47535,58.98776
"Ash_Dieback",13.09434,55.62005
"Ash_Dieback",13.34763,58.57859
"Ash_Dieback",14.519981,46.003049
"Ash_Dieback",16.101563,46.611035
"Ash_Dieback",14.538336,45.753809
"Ash_Dieback",17.30479,60.56349
"Ash_Dieback",14.492739,46.395877
"Ash_Dieback",13.831019,46.283718
"Ash_Dieback",9.21647,59.38705
"Ash_Dieback",14.027323,46.151599
"Ash_Dieback",14.7529,46.120809
"Ash_Dieback",16.24439,58.90188
"Ash_Dieback",14.93702,59.06632
"Ash_Dieback",17.56649,59.84261
"Ash_Dieback",15.89847,56.77743
"Ash_Dieback",17.66342,59.81044
"Ash_Dieback",17.64395,59.82279
"Ash_Dieback",14.750924,46.154753
"Ash_Dieback",10.85252,59.950439
"Ash_Dieback",10.844085,59.774803
"Ash_Dieback",14.634134,46.403
"Ash_Dieback",14.798382,46.377862
"Ash_Dieback",15.033499,46.389862
"Ash_Dieback",15.038375,46.371938
"Ash_Dieback",14.863977,46.383122
"Ash_Dieback",15.164695,46.403197
"Ash_Dieback",14.729133,46.271787
"Ash_Dieback",16.37601,56.68092
"Ash_Dieback",16.31484,58.95727
"Ash_Dieback",14.769479,46.12931
"Ash_Dieback",16.61593,57.71545
"Ash_Dieback",13.35941,58.58676
"Ash_Dieback",14.74569,46.118796
"Ash_Dieback",14.421453,45.741536
"Ash_Dieback",12.506174,55.821052
"Ash_Dieback",17.66641,59.8256
"Ash_Dieback",14.786038,46.13403
"Ash_Dieback",14.838181,46.138569
"Ash_Dieback",14.308991,46.160186
"Ash_Dieback",5.994593,59.024901
"Ash_Dieback",19.06113,59.88292
"Ash_Dieback",11.80439,55.120499
"Ash_Dieback",18.42091,60.48313
"Ash_Dieback",8.209039,62.918513
"Ash_Dieback",8.210368,62.91884
"Ash_Dieback",8.209883,62.918812
"Ash_Dieback",8.209119,62.918423
"Ash_Dieback",8.193094,62.890686
"Ash_Dieback",8.208985,62.918485
"Ash_Dieback",18.22305,59.2934
"Ash_Dieback",13.527067,46.337821
"Ash_Dieback",14.725758,46.156882
"Ash_Dieback",14.521172,46.40998
"Ash_Dieback",16.417888,46.593268
"Ash_Dieback",14.6842,46.165305
"Ash_Dieback",13.440862,46.229808
"Ash_Dieback",13.440194,46.229592
"Ash_Dieback",13.438234,46.228755
"Ash_Dieback",14.823212,46.140958
"Ash_Dieback",13.514942,46.335136
"Ash_Dieback",14.512732,46.406922
"Ash_Dieback",14.508627,46.403413
"Ash_Dieback",14.514461,46.404086
"Ash_Dieback",14.146866,46.407348
"Ash_Dieback",13.969681,46.27894
"Ash_Dieback",14.313673,46.163687
"Ash_Dieback",13.419535,46.305724
"Ash_Dieback",13.513228,46.335591
"Ash_Dieback",14.480737,46.390299
"Ash_Dieback",14.500477,46.392879
"Ash_Dieback",14.656973,46.200155
"Ash_Dieback",14.507765,46.402384
"Ash_Dieback",13.969061,46.280194
"Ash_Dieback",14.471235,46.357587
"Ash_Dieback",14.609768,45.849643
"Ash_Dieback",14.564582,46.259864
"Ash_Dieback",13.957778,46.275036
"Ash_Dieback",13.957299,46.27495
"Ash_Dieback",15.555271,46.140013
"Ash_Dieback",14.759205,46.161842
"Ash_Dieback",14.637172,46.188496
"Ash_Dieback",13.963609,46.280271
"Ash_Dieback",15.470774,46.197204
"Ash_Dieback",14.655976,46.199945
"Ash_Dieback",13.9498,46.273577
"Ash_Dieback",16.002584,46.672783
"Ash_Dieback",15.334709,46.073276
"Ash_Dieback",13.957145,46.274859
"Ash_Dieback",15.601853,46.287739
"Ash_Dieback",13.967903,46.28031
"Ash_Dieback",14.660029,46.198293
"Ash_Dieback",14.497722,45.810848
"Ash_Dieback",13.967503,46.280216
"Ash_Dieback",14.667873,46.201861
"Ash_Dieback",15.371621,46.110178
"Ash_Dieback",14.518629,46.409295
"Ash_Dieback",14.508769,46.403504
"Ash_Dieback",14.650679,46.199497
"Ash_Dieback",14.906054,46.170332
"Ash_Dieback",14.376496,45.731466
"Ash_Dieback",13.734429,46.493811
"Ash_Dieback",13.514085,46.336079
"Ash_Dieback",14.650187,46.199478
"Ash_Dieback",14.631238,46.184726
"Ash_Dieback",16.322947,46.532445
"Ash_Dieback",16.001612,46.672504
"Ash_Dieback",14.781007,46.136342
"Ash_Dieback",14.526898,46.381006
"Ash_Dieback",13.528735,46.33858
"Ash_Dieback",14.816437,46.142567
"Ash_Dieback",15.780496,46.703559
"Ash_Dieback",13.52194,46.336675
"Ash_Dieback",16.002952,46.672906
"Ash_Dieback",14.518276,46.40798
"Ash_Dieback",13.523915,46.337169
"Ash_Dieback",14.826035,46.132019
"Ash_Dieback",13.517229,46.336543
"Ash_Dieback",13.536061,46.33862
"Ash_Dieback",14.606064,46.185308
"Ash_Dieback",14.262321,45.52666
"Ash_Dieback",13.530652,46.339298
"Ash_Dieback",13.53317,46.33888
"Ash_Dieback",14.745921,45.614929
"Ash_Dieback",13.521216,46.336558
"Ash_Dieback",13.516504,46.336452
"Ash_Dieback",14.592792,46.22333
"Ash_Dieback",15.352848,46.337152
"Ash_Dieback",15.610139,46.287074
"Ash_Dieback",14.604439,46.178923
"Ash_Dieback",14.291096,45.529091
"Ash_Dieback",14.322369,45.733255
"Ash_Dieback",13.53455,46.338763
"Ash_Dieback",13.831817,46.282215
"Ash_Dieback",14.291096,45.529091
"Ash_Dieback",14.291096,45.529091
"Ash_Dieback",14.2929,45.791817
"Ash_Dieback",14.278179,45.538009
"Ash_Dieback",13.830673,46.281699
"Ash_Dieback",14.828167,45.541312
"Ash_Dieback",15.609958,46.285968
"Ash_Dieback",15.35427,46.336167
"Ash_Dieback",14.26878,45.522202
"Ash_Dieback",14.307346,45.508944
"Ash_Dieback",13.938445,46.455163
"Ash_Dieback",14.098299,45.55653
"Ash_Dieback",15.044649,46.153211
"Ash_Dieback",14.262292,45.528909
"Ash_Dieback",14.262321,45.52666
"Ash_Dieback",14.291096,45.529091
"Ash_Dieback",14.255862,45.531117
"Ash_Dieback",16.038644,46.72448
"Ash_Dieback",14.247438,45.586853
"Ash_Dieback",14.262321,45.52666
"Ash_Dieback",16.011982,46.739834
"Ash_Dieback",14.23355,45.524221
"Ash_Dieback",14.262321,45.52666
"Ash_Dieback",14.255862,45.531117
"Ash_Dieback",14.262321,45.52666
"Ash_Dieback",14.255862,45.531117
"Ash_Dieback",14.262292,45.528909
"Ash_Dieback",14.204858,45.561819
"Ash_Dieback",14.262321,45.52666
"Ash_Dieback",14.192036,45.562629
"Ash_Dieback",14.198454,45.561775
"Ash_Dieback",14.125694,45.62783
"Ash_Dieback",14.255862,45.531117
"Ash_Dieback",14.23355,45.524221
"Ash_Dieback",14.296817,45.532276
"Ash_Dieback",14.204858,45.561819
"Ash_Dieback",14.219849,45.589368
"Ash_Dieback",14.242391,45.58097
"Ash_Dieback",14.242391,45.58097
"Ash_Dieback",16.038644,46.72448
"Ash_Dieback",16.008506,46.735906
"Ash_Dieback",14.247438,45.586853
"Ash_Dieback",16.008506,46.735906
"Ash_Dieback",14.242391,45.58097
"Ash_Dieback",14.227119,45.526428
"Ash_Dieback",16.006203,46.766785
"Ash_Dieback",14.247438,45.586853
"Ash_Dieback",14.216731,45.629389
"Ash_Dieback",16.008299,46.766856
"Ash_Dieback",16.006258,46.755718
"Ash_Dieback",14.216731,45.629389
"Ash_Dieback",16.008299,46.766856
"Ash_Dieback",16.014145,46.757448
"Ash_Dieback",16.011226,46.832145
"Ash_Dieback",16.024614,46.757265
"Ash_Dieback",16.085642,46.628317
"Ash_Dieback",16.055571,46.660088
"Ash_Dieback",16.062717,46.810896
"Ash_Dieback",16.09455,46.79755
"Ash_Dieback",16.042105,46.673257
"Ash_Dieback",16.007912,46.830195
"Ash_Dieback",16.1133,46.830027
"Ash_Dieback",16.096943,46.818579
"Ash_Dieback",16.004354,46.780026
"Ash_Dieback",16.116891,46.67444
"Ash_Dieback",16.055571,46.660088
"Ash_Dieback",16.045022,46.810609
"Ash_Dieback",16.042105,46.673257
"Ash_Dieback",16.044233,46.681965
"Ash_Dieback",16.094729,46.7935
"Ash_Dieback",16.108272,46.681181
"Ash_Dieback",16.054341,46.777956
"Ash_Dieback",16.124955,46.860861
"Ash_Dieback",16.055571,46.660088
"Ash_Dieback",16.044233,46.681965
"Ash_Dieback",16.064778,46.74943
"Ash_Dieback",16.086952,46.628485
"Ash_Dieback",16.039585,46.712191
"Ash_Dieback",16.098159,46.665984
"Ash_Dieback",16.066322,46.641995
"Ash_Dieback",16.048919,46.822359
"Ash_Dieback",16.066322,46.641995
"Ash_Dieback",16.079389,46.691354
"Ash_Dieback",16.086952,46.628485
"Ash_Dieback",16.028747,46.781788
"Ash_Dieback",16.126002,46.622304
"Ash_Dieback",16.101493,46.803961
"Ash_Dieback",16.042105,46.673257
"Ash_Dieback",16.081307,46.627009
"Ash_Dieback",16.026131,46.726932
"Ash_Dieback",16.055571,46.660088
"Ash_Dieback",16.097863,46.741524
"Ash_Dieback",16.039585,46.712191
"Ash_Dieback",16.039753,46.809218
"Ash_Dieback",16.099601,46.762595
"Ash_Dieback",16.203174,46.657549
"Ash_Dieback",16.085642,46.628317
"Ash_Dieback",16.081437,46.823046
"Ash_Dieback",16.066322,46.641995
"Ash_Dieback",16.116891,46.67444
"Ash_Dieback",16.042105,46.673257
"Ash_Dieback",16.092463,46.785065
"Ash_Dieback",16.115418,46.647374
"Ash_Dieback",16.116891,46.67444
"Ash_Dieback",16.140141,46.67367
"Ash_Dieback",16.044233,46.681965
"Ash_Dieback",16.041507,46.642224
"Ash_Dieback",16.042105,46.673257
"Ash_Dieback",16.115418,46.647374
"Ash_Dieback",16.203174,46.657549
"Ash_Dieback",16.161779,46.677051
"Ash_Dieback",16.030936,46.759277
"Ash_Dieback",16.055255,46.811235
"Ash_Dieback",16.098159,46.665984
"Ash_Dieback",16.096096,46.796276
"Ash_Dieback",16.063504,46.698026
"Ash_Dieback",16.098159,46.665984
"Ash_Dieback",16.034731,46.779665
"Ash_Dieback",16.030936,46.759277
"Ash_Dieback",16.081307,46.627009
"Ash_Dieback",16.041507,46.642224
"Ash_Dieback",16.055571,46.660088
"Ash_Dieback",16.21355,46.68326
"Ash_Dieback",16.126002,46.622304
"Ash_Dieback",16.066322,46.641995
"Ash_Dieback",16.178271,46.756053
"Ash_Dieback",16.116891,46.67444
"Ash_Dieback",16.019074,46.824339
"Ash_Dieback",16.044792,46.656769
"Ash_Dieback",16.041507,46.642224
"Ash_Dieback",16.207951,46.660827
"Ash_Dieback",16.026131,46.726932
"Ash_Dieback",16.041507,46.642224
"Ash_Dieback",16.041507,46.642224
"Ash_Dieback",16.066322,46.641995
"Ash_Dieback",16.095098,46.624448
"Ash_Dieback",16.041507,46.642224
"Ash_Dieback",16.033023,46.731548
"Ash_Dieback",16.122476,46.648771
"Ash_Dieback",16.03247,46.736861
"Ash_Dieback",16.041507,46.642224
"Ash_Dieback",16.039585,46.712191
"Ash_Dieback",16.058495,46.749398
"Ash_Dieback",16.044233,46.681965
"Ash_Dieback",16.231001,46.565304
"Ash_Dieback",16.042105,46.673257
"Ash_Dieback",16.085642,46.628317
"Ash_Dieback",16.108272,46.681181
"Ash_Dieback",16.224587,46.564294
"Ash_Dieback",16.049285,46.807511
"Ash_Dieback",16.041507,46.642224
"Ash_Dieback",16.095098,46.624448
"Ash_Dieback",16.048474,46.732127
"Ash_Dieback",16.059245,46.814257
"Ash_Dieback",16.122047,46.620498
"Ash_Dieback",16.161779,46.677051
"Ash_Dieback",16.039585,46.712191
"Ash_Dieback",16.063504,46.698026
"Ash_Dieback",16.026131,46.726932
"Ash_Dieback",16.041507,46.642224
"Ash_Dieback",16.122476,46.648771
"Ash_Dieback",16.126002,46.622304
"Ash_Dieback",16.044233,46.681965
"Ash_Dieback",16.117548,46.718877
"Ash_Dieback",16.066322,46.641995
"Ash_Dieback",16.044792,46.656769
"Ash_Dieback",16.085642,46.628317
"Ash_Dieback",16.097455,46.69568
"Ash_Dieback",16.087078,46.699828
"Ash_Dieback",16.057455,46.723048
"Ash_Dieback",16.044233,46.681965
"Ash_Dieback",16.044792,46.656769
"Ash_Dieback",16.041507,46.642224
"Ash_Dieback",16.079389,46.691354
"Ash_Dieback",16.016205,46.790357
"Ash_Dieback",16.044792,46.656769
"Ash_Dieback",16.081037,46.626562
"Ash_Dieback",16.104928,46.715851
"Ash_Dieback",16.095098,46.624448
"Ash_Dieback",16.024614,46.757265
"Ash_Dieback",16.041507,46.642224
"Ash_Dieback",16.132753,46.645431
"Ash_Dieback",16.055571,46.660088
"Ash_Dieback",16.093386,46.623745
"Ash_Dieback",16.108272,46.681181
"Ash_Dieback",16.132753,46.645431
"Ash_Dieback",16.042105,46.673257
"Ash_Dieback",16.243354,46.643354
"Ash_Dieback",16.042105,46.673257
"Ash_Dieback",16.041507,46.642224
"Ash_Dieback",16.030631,46.729591
"Ash_Dieback",16.079389,46.691354
"Ash_Dieback",16.044792,46.656769
"Ash_Dieback",16.112345,46.771108
"Ash_Dieback",16.116891,46.67444
"Ash_Dieback",16.042105,46.673257
"Ash_Dieback",16.028832,46.745081
"Ash_Dieback",16.161779,46.677051
"Ash_Dieback",16.122047,46.620498
"Ash_Dieback",16.24162,46.596139
"Ash_Dieback",16.011885,46.790486
"Ash_Dieback",16.099601,46.762595
"Ash_Dieback",16.108272,46.681181
"Ash_Dieback",16.063504,46.698026
"Ash_Dieback",16.095098,46.624448
"Ash_Dieback",16.165183,46.598294
"Ash_Dieback",16.039585,46.712191
"Ash_Dieback",16.044233,46.681965
"Ash_Dieback",16.122047,46.620498
"Ash_Dieback",16.084068,46.680154
"Ash_Dieback",16.122476,46.648771
"Ash_Dieback",16.044792,46.656769
"Ash_Dieback",16.055571,46.660088
"Ash_Dieback",16.057455,46.723048
"Ash_Dieback",16.161779,46.677051
"Ash_Dieback",16.205949,46.576728
"Ash_Dieback",16.044792,46.656769
"Ash_Dieback",16.041507,46.642224
"Ash_Dieback",16.108272,46.681181
"Ash_Dieback",16.126002,46.622304
"Ash_Dieback",16.122476,46.648771
"Ash_Dieback",16.081037,46.626562
"Ash_Dieback",16.201226,46.584425
"Ash_Dieback",16.040398,46.734001
"Ash_Dieback",16.122476,46.648771
"Ash_Dieback",16.042105,46.673257
"Ash_Dieback",16.122047,46.620498
"Ash_Dieback",16.122476,46.648771
"Ash_Dieback",16.033023,46.731548
"Ash_Dieback",16.126002,46.622304
"Ash_Dieback",16.140141,46.67367
"Ash_Dieback",16.231001,46.565304
"Ash_Dieback",16.108929,46.633492
"Ash_Dieback",16.216675,46.577964
"Ash_Dieback",16.041507,46.642224
"Ash_Dieback",16.066322,46.641995
"Ash_Dieback",16.108272,46.681181
"Ash_Dieback",16.060175,46.83485
"Ash_Dieback",16.205949,46.576728
"Ash_Dieback",16.108929,46.633492
"Ash_Dieback",16.112345,46.771108
"Ash_Dieback",16.219432,46.59035
"Ash_Dieback",16.079389,46.691354
"Ash_Dieback",16.124556,46.854297
"Ash_Dieback",16.201934,46.583968
"Ash_Dieback",16.231001,46.565304
"Ash_Dieback",16.081307,46.627009
"Ash_Dieback",16.093386,46.623745
"Ash_Dieback",16.041507,46.642224
"Ash_Dieback",16.055571,46.660088
"Ash_Dieback",16.098159,46.665984
"Ash_Dieback",16.044792,46.656769
"Ash_Dieback",16.081037,46.626562
"Ash_Dieback",16.165183,46.598294
"Ash_Dieback",16.201934,46.583968
"Ash_Dieback",16.041507,46.642224
"Ash_Dieback",16.044792,46.656769
"Ash_Dieback",16.081037,46.626562
"Ash_Dieback",16.048474,46.732127
"Ash_Dieback",16.122047,46.620498
"Ash_Dieback",16.079389,46.691354
"Ash_Dieback",16.161779,46.677051
"Ash_Dieback",16.132753,46.645431
"Ash_Dieback",16.079389,46.691354
"Ash_Dieback",16.042105,46.673257
"Ash_Dieback",16.231001,46.565304
"Ash_Dieback",16.24162,46.596139
"Ash_Dieback",16.066322,46.641995
"Ash_Dieback",16.032338,46.736773
"Ash_Dieback",16.063504,46.698026
"Ash_Dieback",16.050437,46.792657
"Ash_Dieback",16.032338,46.736773
"Ash_Dieback",16.106164,46.769819
"Ash_Dieback",16.055571,46.660088
"Ash_Dieback",16.116891,46.67444
"Ash_Dieback",16.066322,46.641995
"Ash_Dieback",16.044233,46.681965
"Ash_Dieback",16.243354,46.643354
"Ash_Dieback",16.081307,46.627009
"Ash_Dieback",16.086952,46.628485
"Ash_Dieback",16.1133,46.830027
"Ash_Dieback",16.007912,46.830195
"Ash_Dieback",16.042105,46.673257
"Ash_Dieback",16.108272,46.681181
"Ash_Dieback",16.116891,46.67444
"Ash_Dieback",16.108929,46.633492
"Ash_Dieback",16.081307,46.627009
"Ash_Dieback",16.108929,46.633492
"Ash_Dieback",16.220283,46.633976
"Ash_Dieback",16.122476,46.648771
"Ash_Dieback",16.079389,46.691354
"Ash_Dieback",16.033023,46.731548
"Ash_Dieback",16.161779,46.677051
"Ash_Dieback",16.108272,46.681181
"Ash_Dieback",16.081037,46.626562
"Ash_Dieback",16.057435,46.828848
"Ash_Dieback",16.042105,46.673257
"Ash_Dieback",16.039585,46.712191
"Ash_Dieback",16.024614,46.757265
"Ash_Dieback",16.055571,46.660088
"Ash_Dieback",16.063504,46.698026
"Ash_Dieback",16.146365,46.683684
"Ash_Dieback",16.117548,46.718877
"Ash_Dieback",16.093386,46.623745
"Ash_Dieback",16.063504,46.698026
"Ash_Dieback",16.081037,46.626562
"Ash_Dieback",16.161779,46.677051
"Ash_Dieback",16.095098,46.624448
"Ash_Dieback",16.048919,46.822359
"Ash_Dieback",16.224587,46.564294
"Ash_Dieback",16.118798,46.842298
"Ash_Dieback",16.108272,46.681181
"Ash_Dieback",16.026131,46.726932
"Ash_Dieback",16.24162,46.596139
"Ash_Dieback",16.044792,46.656769
"Ash_Dieback",16.057455,46.723048
"Ash_Dieback",16.116891,46.67444
"Ash_Dieback",16.042105,46.673257
"Ash_Dieback",16.079389,46.691354
"Ash_Dieback",16.132753,46.645431
"Ash_Dieback",16.11535,46.827758
"Ash_Dieback",16.209279,46.609082
"Ash_Dieback",16.079389,46.691354
"Ash_Dieback",16.117548,46.718877
"Ash_Dieback",16.041507,46.642224
"Ash_Dieback",16.097623,46.80049
"Ash_Dieback",16.108272,46.681181
"Ash_Dieback",16.087078,46.699828
"Ash_Dieback",16.203174,46.657549
"Ash_Dieback",16.041507,46.642224
"Ash_Dieback",16.219297,46.659807
"Ash_Dieback",16.063504,46.698026
"Ash_Dieback",16.044792,46.656769
"Ash_Dieback",16.044233,46.681965
"Ash_Dieback",16.042105,46.673257
"Ash_Dieback",16.108929,46.633492
"Ash_Dieback",16.108929,46.633492
"Ash_Dieback",16.039585,46.712191
"Ash_Dieback",16.084068,46.680154
"Ash_Dieback",16.21355,46.68326
"Ash_Dieback",16.117548,46.718877
"Ash_Dieback",16.052399,46.732091
"Ash_Dieback",16.243354,46.643354
"Ash_Dieback",16.108929,46.633492
"Ash_Dieback",16.126002,46.622304
"Ash_Dieback",16.277584,46.604739
"Ash_Dieback",16.161779,46.677051
"Ash_Dieback",16.063504,46.698026
"Ash_Dieback",16.21355,46.68326
"Ash_Dieback",16.146365,46.683684
"Ash_Dieback",16.079389,46.691354
"Ash_Dieback",16.095098,46.624448
"Ash_Dieback",16.108272,46.681181
"Ash_Dieback",16.119865,46.70446
"Ash_Dieback",16.117847,46.834391
"Ash_Dieback",16.277584,46.604739
"Ash_Dieback",16.044549,46.732163
"Ash_Dieback",16.108929,46.633492
"Ash_Dieback",16.108272,46.681181
"Ash_Dieback",16.160626,46.714669
"Ash_Dieback",16.165183,46.598294
"Ash_Dieback",16.126002,46.622304
"Ash_Dieback",16.122476,46.648771
"Ash_Dieback",16.235378,46.665932
"Ash_Dieback",16.146365,46.683684
"Ash_Dieback",16.165183,46.598294
"Ash_Dieback",16.079389,46.691354
"Ash_Dieback",16.108272,46.681181
"Ash_Dieback",16.087078,46.699828
"Ash_Dieback",16.108272,46.681181
"Ash_Dieback",16.042105,46.673257
"Ash_Dieback",16.108272,46.681181
"Ash_Dieback",16.063504,46.698026
"Ash_Dieback",16.094261,46.731698
"Ash_Dieback",16.122476,46.648771
"Ash_Dieback",16.132753,46.645431
"Ash_Dieback",16.122476,46.648771
"Ash_Dieback",16.108929,46.633492
"Ash_Dieback",16.116891,46.67444
"Ash_Dieback",16.026131,46.726932
"Ash_Dieback",16.044792,46.656769
"Ash_Dieback",16.108272,46.681181
"Ash_Dieback",16.206529,46.580554
"Ash_Dieback",16.015081,46.83499
"Ash_Dieback",16.161779,46.677051
"Ash_Dieback",16.283904,46.645604
"Ash_Dieback",16.079389,46.691354
"Ash_Dieback",16.140141,46.67367
"Ash_Dieback",16.108272,46.681181
"Ash_Dieback",16.087078,46.699828
"Ash_Dieback",16.203174,46.657549
"Ash_Dieback",16.108272,46.681181
"Ash_Dieback",16.039585,46.712191
"Ash_Dieback",16.079389,46.691354
"Ash_Dieback",16.24162,46.596139
"Ash_Dieback",16.126002,46.622304
"Ash_Dieback",16.079389,46.691354
"Ash_Dieback",16.093386,46.623745
"Ash_Dieback",16.081037,46.626562
"Ash_Dieback",16.019074,46.824339
"Ash_Dieback",16.147877,46.607016
"Ash_Dieback",16.044792,46.656769
"Ash_Dieback",16.039585,46.712191
"Ash_Dieback",16.201226,46.584425
"Ash_Dieback",16.140141,46.67367
"Ash_Dieback",16.041507,46.642224
"Ash_Dieback",16.126002,46.622304
"Ash_Dieback",16.108272,46.681181
"Ash_Dieback",16.146365,46.683684
"Ash_Dieback",16.203174,46.657549
"Ash_Dieback",16.024614,46.757265
"Ash_Dieback",16.122476,46.648771
"Ash_Dieback",16.108272,46.681181
"Ash_Dieback",16.140141,46.67367
"Ash_Dieback",16.198988,46.586473
"Ash_Dieback",16.206529,46.580554
"Ash_Dieback",16.122047,46.620498
"Ash_Dieback",16.224587,46.564294
"Ash_Dieback",16.206795,46.585446
"Ash_Dieback",16.146365,46.683684
"Ash_Dieback",16.198988,46.586473
"Ash_Dieback",16.140141,46.67367
"Ash_Dieback",16.277584,46.604739
"Ash_Dieback",16.108272,46.681181
"Ash_Dieback",16.140141,46.67367
"Ash_Dieback",16.122047,46.620498
"Ash_Dieback",16.079389,46.691354
"Ash_Dieback",16.201226,46.584425
"Ash_Dieback",16.209279,46.609082
"Ash_Dieback",16.136244,46.693502
"Ash_Dieback",16.108929,46.633492
"Ash_Dieback",16.290102,46.645309
"Ash_Dieback",16.048474,46.732127
"Ash_Dieback",16.201189,46.585685
"Ash_Dieback",16.205949,46.576728
"Ash_Dieback",16.057455,46.723048
"Ash_Dieback",16.231001,46.565304
"Ash_Dieback",16.277584,46.604739
"Ash_Dieback",16.231001,46.565304
"Ash_Dieback",16.219297,46.659807
"Ash_Dieback",16.098159,46.665984
"Ash_Dieback",16.126002,46.622304
"Ash_Dieback",16.165183,46.598294
"Ash_Dieback",16.079389,46.691354
"Ash_Dieback",16.148964,46.689101
"Ash_Dieback",16.115418,46.647374
"Ash_Dieback",16.202901,46.586387
"Ash_Dieback",16.081307,46.627009
"Ash_Dieback",16.116891,46.67444
"Ash_Dieback",16.108929,46.633492
"Ash_Dieback",16.079389,46.691354
"Ash_Dieback",16.095098,46.624448
"Ash_Dieback",16.165183,46.598294
"Ash_Dieback",16.216675,46.577964
"Ash_Dieback",16.108929,46.633492
"Ash_Dieback",16.094261,46.731698
"Ash_Dieback",16.228999,46.661233
"Ash_Dieback",16.224587,46.564294
"Ash_Dieback",16.063504,46.698026
"Ash_Dieback",16.108929,46.633492
"Ash_Dieback",16.093386,46.623745
"Ash_Dieback",16.079389,46.691354
"Ash_Dieback",16.205949,46.576728
"Ash_Dieback",16.057455,46.723048
"Ash_Dieback",16.079389,46.691354
"Ash_Dieback",16.164991,46.552861
"Ash_Dieback",16.044792,46.656769
"Ash_Dieback",16.086952,46.628485
"Ash_Dieback",16.108272,46.681181
"Ash_Dieback",16.243354,46.643354
"Ash_Dieback",16.24162,46.596139
"Ash_Dieback",16.206529,46.580554
"Ash_Dieback",16.277584,46.604739
"Ash_Dieback",16.224587,46.564294
"Ash_Dieback",16.224587,46.564294
"Ash_Dieback",16.276364,46.658293
"Ash_Dieback",16.108272,46.681181
"Ash_Dieback",16.165183,46.598294
"Ash_Dieback",16.216675,46.577964
"Ash_Dieback",16.122476,46.648771
"Ash_Dieback",16.219297,46.659807
"Ash_Dieback",16.115418,46.647374
"Ash_Dieback",16.272834,46.647077
"Ash_Dieback",16.205949,46.576728
"Ash_Dieback",16.041507,46.642224
"Ash_Dieback",16.084068,46.680154
"Ash_Dieback",16.165183,46.598294
"Ash_Dieback",16.165183,46.598294
"Ash_Dieback",16.109411,46.609196
"Ash_Dieback",16.165183,46.598294
"Ash_Dieback",16.122476,46.648771
"Ash_Dieback",16.126002,46.622304
"Ash_Dieback",16.224587,46.564294
"Ash_Dieback",16.066322,46.641995
"Ash_Dieback",16.116891,46.67444
"Ash_Dieback",16.165183,46.598294
"Ash_Dieback",16.126002,46.622304
"Ash_Dieback",16.165183,46.598294
"Ash_Dieback",16.165183,46.598294
"Ash_Dieback",16.140141,46.67367
"Ash_Dieback",16.205949,46.576728
"Ash_Dieback",16.224587,46.564294
"Ash_Dieback",16.205949,46.576728
"Ash_Dieback",16.202901,46.586387
"Ash_Dieback",16.108272,46.681181
"Ash_Dieback",16.116891,46.67444
"Ash_Dieback",16.145881,46.605237
"Ash_Dieback",16.24162,46.596139
"Ash_Dieback",16.165183,46.598294
"Ash_Dieback",16.24162,46.596139
"Ash_Dieback",16.146365,46.683684
"Ash_Dieback",16.093386,46.623745
"Ash_Dieback",16.205949,46.576728
"Ash_Dieback",16.108272,46.681181
"Ash_Dieback",16.085642,46.628317
"Ash_Dieback",16.205949,46.576728
"Ash_Dieback",16.183342,46.676829
"Ash_Dieback",16.24162,46.596139
"Ash_Dieback",16.147877,46.607016
"Ash_Dieback",16.224587,46.564294
"Ash_Dieback",16.205949,46.576728
"Ash_Dieback",16.205949,46.576728
"Ash_Dieback",16.231001,46.565304
"Ash_Dieback",16.026131,46.726932
"Ash_Dieback",16.146365,46.683684
"Ash_Dieback",16.026131,46.726932
"Ash_Dieback",16.206099,46.58055
"Ash_Dieback",16.277584,46.604739
"Ash_Dieback",16.231001,46.565304
"Ash_Dieback",16.285916,46.647831
"Ash_Dieback",16.126002,46.622304
"Ash_Dieback",16.203174,46.657549
"Ash_Dieback",16.24162,46.596139
"Ash_Dieback",16.203174,46.657549
"Ash_Dieback",16.235378,46.665932
"Ash_Dieback",16.207951,46.660827
"Ash_Dieback",16.079389,46.691354
"Ash_Dieback",16.205949,46.576728
"Ash_Dieback",16.224587,46.564294
"Ash_Dieback",16.122476,46.648771
"Ash_Dieback",16.24162,46.596139
"Ash_Dieback",16.079389,46.691354
"Ash_Dieback",16.20086,46.58263
"Ash_Dieback",16.161779,46.677051
"Ash_Dieback",16.224587,46.564294
"Ash_Dieback",16.203174,46.657549
"Ash_Dieback",16.108272,46.681181
"Ash_Dieback",16.063504,46.698026
"Ash_Dieback",16.095098,46.624448
"Ash_Dieback",16.24162,46.596139
"Ash_Dieback",16.108272,46.681181
"Ash_Dieback",16.243354,46.643354
"Ash_Dieback",16.243354,46.643354
"Ash_Dieback",16.146365,46.683684
"Ash_Dieback",16.095098,46.624448
"Ash_Dieback",16.108272,46.681181
"Ash_Dieback",16.161779,46.677051
"Ash_Dieback",16.24162,46.596139
"Ash_Dieback",16.183011,46.691588
"Ash_Dieback",16.079389,46.691354
"Ash_Dieback",16.094261,46.731698
"Ash_Dieback",16.146365,46.683684
"Ash_Dieback",16.098159,46.665984
"Ash_Dieback",16.203174,46.657549
"Ash_Dieback",16.116891,46.67444
"Ash_Dieback",16.24162,46.596139
"Ash_Dieback",16.213067,46.673369
"Ash_Dieback",16.270466,46.646384
"Ash_Dieback",16.205949,46.576728
"Ash_Dieback",16.286285,46.649626
"Ash_Dieback",16.231001,46.565304
"Ash_Dieback",16.24162,46.596139
"Ash_Dieback",16.161779,46.677051
"Ash_Dieback",16.231001,46.565304
"Ash_Dieback",16.24162,46.596139
"Ash_Dieback",16.161779,46.677051
"Ash_Dieback",16.165183,46.598294
"Ash_Dieback",16.122047,46.620498
"Ash_Dieback",16.243354,46.643354
"Ash_Dieback",16.113299,46.607808
"Ash_Dieback",16.278926,46.64503
"Ash_Dieback",16.24162,46.596139
"Ash_Dieback",16.283978,46.648752
"Ash_Dieback",16.224587,46.564294
"Ash_Dieback",16.094261,46.731698
"Ash_Dieback",16.282736,46.651465
"Ash_Dieback",16.277584,46.604739
"Ash_Dieback",16.231001,46.565304
"Ash_Dieback",16.283978,46.648752
"Ash_Dieback",16.24162,46.596139
"Ash_Dieback",16.24162,46.596139
"Ash_Dieback",16.24162,46.596139
"Ash_Dieback",16.277584,46.604739
"Ash_Dieback",16.231001,46.565304
"Ash_Dieback",16.243354,46.643354
"Ash_Dieback",16.231001,46.565304
"Ash_Dieback",16.24162,46.596139
"Ash_Dieback",16.161779,46.677051
"Ash_Dieback",16.205949,46.576728
"Ash_Dieback",16.161779,46.677051
"Ash_Dieback",16.203174,46.657549
"Ash_Dieback",16.087078,46.699828
"Ash_Dieback",16.164991,46.552861
"Ash_Dieback",16.203174,46.657549
"Ash_Dieback",16.201189,46.585685
"Ash_Dieback",16.24162,46.596139
"Ash_Dieback",16.235378,46.665932
"Ash_Dieback",16.231001,46.565304
"Ash_Dieback",16.165183,46.598294
"Ash_Dieback",16.224587,46.564294
"Ash_Dieback",16.094261,46.731698
"Ash_Dieback",16.165183,46.598294
"Ash_Dieback",16.24162,46.596139
"Ash_Dieback",16.231001,46.565304
"Ash_Dieback",16.220283,46.633976
"Ash_Dieback",16.24162,46.596139
"Ash_Dieback",16.285916,46.647831
"Ash_Dieback",16.224587,46.564294
"Ash_Dieback",16.283978,46.648752
"Ash_Dieback",16.216675,46.577964
"Ash_Dieback",16.220283,46.633976
"Ash_Dieback",16.165183,46.598294
"Ash_Dieback",16.165183,46.598294
"Ash_Dieback",16.224587,46.564294
"Ash_Dieback",16.201189,46.585685
"Ash_Dieback",16.213067,46.673369
"Ash_Dieback",16.224587,46.564294
"Ash_Dieback",16.282736,46.651465
"Ash_Dieback",16.209279,46.609082
"Ash_Dieback",16.25808,46.602437
"Ash_Dieback",16.203174,46.657549
"Ash_Dieback",16.243354,46.643354
"Ash_Dieback",16.231001,46.565304
"Ash_Dieback",16.24162,46.596139
"Ash_Dieback",16.21355,46.68326
"Ash_Dieback",16.24162,46.596139
"Ash_Dieback",16.165183,46.598294
"Ash_Dieback",16.220283,46.633976
"Ash_Dieback",16.224587,46.564294
"Ash_Dieback",16.24162,46.596139
"Ash_Dieback",16.203174,46.657549
"Ash_Dieback",16.243354,46.643354
"Ash_Dieback",16.216675,46.577964
"Ash_Dieback",16.165183,46.598294
"Ash_Dieback",16.243354,46.643354
"Ash_Dieback",16.219432,46.59035
"Ash_Dieback",16.165183,46.598294
"Ash_Dieback",16.165183,46.598294
"Ash_Dieback",16.231001,46.565304
"Ash_Dieback",16.165183,46.598294
"Ash_Dieback",16.288507,46.646902
"Ash_Dieback",16.220283,46.633976
"Ash_Dieback",16.145881,46.605237
"Ash_Dieback",16.165183,46.598294
"Ash_Dieback",16.205949,46.576728
"Ash_Dieback",16.277584,46.604739
"Ash_Dieback",16.165183,46.598294
"Ash_Dieback",16.24162,46.596139
"Ash_Dieback",16.231001,46.565304
"Ash_Dieback",16.24162,46.596139
"Ash_Dieback",16.201189,46.585685
"Ash_Dieback",16.283978,46.648752
"Ash_Dieback",16.24162,46.596139
"Ash_Dieback",16.220283,46.633976
"Ash_Dieback",16.243354,46.643354
"Ash_Dieback",16.224587,46.564294
"Ash_Dieback",16.224587,46.564294
"Ash_Dieback",16.224587,46.564294
"Ash_Dieback",16.165183,46.598294
"Ash_Dieback",16.165183,46.598294
"Ash_Dieback",16.220283,46.633976
"Ash_Dieback",16.205949,46.576728
"Ash_Dieback",16.204768,46.582318
"Ash_Dieback",16.216675,46.577964
"Ash_Dieback",16.165183,46.598294
"Ash_Dieback",16.147877,46.607016
"Ash_Dieback",16.147877,46.607016
"Ash_Dieback",16.220283,46.633976
"Ash_Dieback",16.109411,46.609196
"Ash_Dieback",16.145881,46.605237
"Ash_Dieback",16.165183,46.598294
"Ash_Dieback",16.209279,46.609082
"Ash_Dieback",16.219432,46.59035
"Ash_Dieback",16.147877,46.607016
"Ash_Dieback",16.209279,46.609082
"Ash_Dieback",16.145881,46.605237
"Ash_Dieback",16.205949,46.576728
"Ash_Dieback",16.197422,46.586489
"Ash_Dieback",16.205949,46.576728
"Ash_Dieback",16.147877,46.607016
"Ash_Dieback",16.198988,46.586473
"Ash_Dieback",16.220283,46.633976
"Ash_Dieback",16.20086,46.58263
"Ash_Dieback",16.147877,46.607016
"Ash_Dieback",16.219432,46.59035
"Ash_Dieback",16.184087,46.591352
"Ash_Dieback",16.216675,46.577964
"Ash_Dieback",16.165183,46.598294
"Ash_Dieback",16.277584,46.604739
"Ash_Dieback",16.165183,46.598294
"Ash_Dieback",16.219432,46.59035
"Ash_Dieback",16.216675,46.577964
"Ash_Dieback",16.220283,46.633976
"Ash_Dieback",16.147877,46.607016
"Ash_Dieback",16.205949,46.576728
"Ash_Dieback",16.20086,46.58263
"Ash_Dieback",16.224587,46.564294
"Ash_Dieback",16.089202,46.561707
"Ash_Dieback",16.209279,46.609082
"Ash_Dieback",16.165183,46.598294
"Ash_Dieback",16.202912,46.586881
"Ash_Dieback",16.165183,46.598294
"Ash_Dieback",16.205949,46.576728
"Ash_Dieback",16.220283,46.633976
"Ash_Dieback",16.220283,46.633976
"Ash_Dieback",16.165183,46.598294
"Ash_Dieback",16.145881,46.605237
"Ash_Dieback",16.147877,46.607016
"Ash_Dieback",16.113299,46.607808
"Ash_Dieback",16.177439,46.495378
"Ash_Dieback",16.145881,46.605237
"Ash_Dieback",16.155443,46.533165
"Ash_Dieback",16.147877,46.607016
"Ash_Dieback",16.147877,46.607016
"Ash_Dieback",16.216675,46.577964
"Ash_Dieback",16.109411,46.609196
"Ash_Dieback",16.164991,46.552861
"Ash_Dieback",16.165183,46.598294
"Ash_Dieback",16.196734,46.59077
"Ash_Dieback",16.209279,46.609082
"Ash_Dieback",16.165183,46.598294
"Ash_Dieback",16.209279,46.609082
"Ash_Dieback",16.220283,46.633976
"Ash_Dieback",16.147877,46.607016
"Ash_Dieback",16.209279,46.609082
"Ash_Dieback",16.147877,46.607016
"Ash_Dieback",16.220283,46.633976
"Ash_Dieback",16.209279,46.609082
"Ash_Dieback",16.145881,46.605237
"Ash_Dieback",16.147877,46.607016
"Ash_Dieback",16.147877,46.607016
"Ash_Dieback",16.219432,46.59035
"Ash_Dieback",16.184087,46.591352
"Ash_Dieback",16.165183,46.598294
"Ash_Dieback",16.165183,46.598294
"Ash_Dieback",16.220283,46.633976
"Ash_Dieback",16.165183,46.598294
"Ash_Dieback",16.220283,46.633976
"Ash_Dieback",16.202877,46.585307
"Ash_Dieback",16.165183,46.598294
"Ash_Dieback",16.220283,46.633976
"Ash_Dieback",16.169095,46.621178
"Ash_Dieback",16.209279,46.609082
"Ash_Dieback",16.220283,46.633976
"Ash_Dieback",16.209279,46.609082
"Ash_Dieback",16.109411,46.609196
"Ash_Dieback",16.145881,46.605237
"Ash_Dieback",16.165183,46.598294
"Ash_Dieback",16.147877,46.607016
"Ash_Dieback",16.109411,46.609196
"Ash_Dieback",16.145881,46.605237
"Ash_Dieback",16.220283,46.633976
"Ash_Dieback",16.209279,46.609082
"Ash_Dieback",16.220283,46.633976
"Ash_Dieback",16.147877,46.607016
"Ash_Dieback",16.209279,46.609082
"Ash_Dieback",16.147877,46.607016
"Ash_Dieback",16.109411,46.609196
"Ash_Dieback",16.109411,46.609196
"Ash_Dieback",16.109411,46.609196
"Ash_Dieback",16.147877,46.607016
"Ash_Dieback",16.109411,46.609196
"Ash_Dieback",16.220283,46.633976
"Ash_Dieback",16.147877,46.607016
"Ash_Dieback",16.147877,46.607016
"Ash_Dieback",16.220283,46.633976
"Ash_Dieback",16.209279,46.609082
"Ash_Dieback",16.147877,46.607016
"Ash_Dieback",16.109411,46.609196
"Ash_Dieback",16.145881,46.605237
"Ash_Dieback",16.164991,46.552861
"Ash_Dieback",16.113299,46.607808
"Ash_Dieback",16.145881,46.605237
"Ash_Dieback",16.109411,46.609196
"Ash_Dieback",16.155443,46.533165
"Ash_Dieback",16.147877,46.607016
"Ash_Dieback",16.113299,46.607808
"Ash_Dieback",16.113299,46.607808
"Ash_Dieback",16.147877,46.607016
"Ash_Dieback",16.103343,46.53548
"Ash_Dieback",16.129623,46.545344
"Ash_Dieback",16.145881,46.605237
"Ash_Dieback",16.147877,46.607016
"Ash_Dieback",16.113299,46.607808
"Ash_Dieback",16.109411,46.609196
"Ash_Dieback",16.147877,46.607016
"Ash_Dieback",16.113299,46.607808
"Ash_Dieback",16.109411,46.609196
"Ash_Dieback",16.147877,46.607016
"Ash_Dieback",16.109411,46.609196
"Ash_Dieback",16.164991,46.552861
"Ash_Dieback",16.189758,46.671365
"Ash_Dieback",16.147877,46.607016
"Ash_Dieback",16.109411,46.609196
"Ash_Dieback",16.083744,46.500579
"Ash_Dieback",16.189758,46.671365
"Ash_Dieback",16.109411,46.609196
"Ash_Dieback",16.14852,46.668188
"Ash_Dieback",16.145881,46.605237
"Ash_Dieback",16.145881,46.605237
"Ash_Dieback",16.113299,46.607808
"Ash_Dieback",16.147877,46.607016
"Ash_Dieback",16.145881,46.605237
"Ash_Dieback",16.145881,46.605237
"Ash_Dieback",16.109411,46.609196
"Ash_Dieback",16.109411,46.609196
"Ash_Dieback",16.109411,46.609196
"Ash_Dieback",16.147877,46.607016
"Ash_Dieback",16.129623,46.545344
"Ash_Dieback",16.113299,46.607808
"Ash_Dieback",16.113299,46.607808
"Ash_Dieback",16.109411,46.609196
"Ash_Dieback",16.189758,46.671365
"Ash_Dieback",16.109411,46.609196
"Ash_Dieback",16.164991,46.552861
"Ash_Dieback",16.113299,46.607808
"Ash_Dieback",16.145881,46.605237
"Ash_Dieback",16.113299,46.607808
"Ash_Dieback",16.113299,46.607808
"Ash_Dieback",16.103343,46.53548
"Ash_Dieback",16.103343,46.53548
"Ash_Dieback",16.14852,46.668188
"Ash_Dieback",16.164991,46.552861
"Ash_Dieback",16.189758,46.671365
"Ash_Dieback",16.109411,46.609196
"Ash_Dieback",16.147877,46.607016
"Ash_Dieback",16.113299,46.607808
"Ash_Dieback",16.113299,46.607808
"Ash_Dieback",16.115714,46.50297
"Ash_Dieback",16.177439,46.495378
"Ash_Dieback",16.138314,46.540085
"Ash_Dieback",16.164991,46.552861
"Ash_Dieback",16.155443,46.533165
"Ash_Dieback",16.139802,46.533322
"Ash_Dieback",16.14852,46.668188
"Ash_Dieback",16.103343,46.53548
"Ash_Dieback",16.139802,46.533322
"Ash_Dieback",16.155443,46.533165
"Ash_Dieback",16.164991,46.552861
"Ash_Dieback",16.164991,46.552861
"Ash_Dieback",16.164991,46.552861
"Ash_Dieback",16.164991,46.552861
"Ash_Dieback",16.113299,46.607808
"Ash_Dieback",16.139802,46.533322
"Ash_Dieback",16.089202,46.561707
"Ash_Dieback",16.139802,46.533322
"Ash_Dieback",16.164991,46.552861
"Ash_Dieback",16.062512,46.547563
"Ash_Dieback",16.14188,46.50811
"Ash_Dieback",16.155443,46.533165
"Ash_Dieback",16.155443,46.533165
"Ash_Dieback",16.138314,46.540085
"Ash_Dieback",16.164991,46.552861
"Ash_Dieback",16.164991,46.552861
"Ash_Dieback",16.115714,46.50297
"Ash_Dieback",16.155443,46.533165
"Ash_Dieback",16.155443,46.533165
"Ash_Dieback",16.139802,46.533322
"Ash_Dieback",16.139802,46.533322
"Ash_Dieback",16.155443,46.533165
"Ash_Dieback",16.139802,46.533322
"Ash_Dieback",16.163997,46.536902
"Ash_Dieback",16.164991,46.552861
"Ash_Dieback",16.155443,46.533165
"Ash_Dieback",16.139802,46.533322
"Ash_Dieback",16.164991,46.552861
"Ash_Dieback",16.155443,46.533165
"Ash_Dieback",16.1254,46.561805
"Ash_Dieback",16.155443,46.533165
"Ash_Dieback",16.164991,46.552861
"Ash_Dieback",16.164991,46.552861
"Ash_Dieback",16.164991,46.552861
"Ash_Dieback",16.139802,46.533322
"Ash_Dieback",16.07434,46.502692
"Ash_Dieback",16.139802,46.533322
"Ash_Dieback",16.155443,46.533165
"Ash_Dieback",16.155443,46.533165
"Ash_Dieback",16.107429,46.512048
"Ash_Dieback",16.164991,46.552861
"Ash_Dieback",16.155443,46.533165
"Ash_Dieback",16.164991,46.552861
"Ash_Dieback",16.164991,46.552861
"Ash_Dieback",16.155443,46.533165
"Ash_Dieback",16.164991,46.552861
"Ash_Dieback",16.164991,46.552861
"Ash_Dieback",16.164991,46.552861
"Ash_Dieback",16.164991,46.552861
"Ash_Dieback",16.163997,46.536902
"Ash_Dieback",16.177439,46.495378
"Ash_Dieback",16.155443,46.533165
"Ash_Dieback",16.177439,46.495378
"Ash_Dieback",16.155443,46.533165
"Ash_Dieback",16.164991,46.552861
"Ash_Dieback",16.155443,46.533165
"Ash_Dieback",16.146931,46.562266
"Ash_Dieback",16.164991,46.552861
"Ash_Dieback",16.177439,46.495378
"Ash_Dieback",16.177439,46.495378
"Ash_Dieback",16.177439,46.495378
"Ash_Dieback",16.164991,46.552861
"Ash_Dieback",16.164991,46.552861
"Ash_Dieback",16.177439,46.495378
"Ash_Dieback",16.164991,46.552861
"Ash_Dieback",16.164991,46.552861
"Ash_Dieback",16.14188,46.50811
"Ash_Dieback",16.14188,46.50811
"Ash_Dieback",16.164991,46.552861
"Ash_Dieback",16.164991,46.552861
"Ash_Dieback",16.164991,46.552861
"Ash_Dieback",16.155443,46.533165
"Ash_Dieback",16.164991,46.552861
"Ash_Dieback",16.155443,46.533165
"Ash_Dieback",16.14188,46.50811
"Ash_Dieback",16.164991,46.552861
"Ash_Dieback",16.163997,46.536902
"Ash_Dieback",16.164991,46.552861
"Ash_Dieback",16.164991,46.552861
"Ash_Dieback",16.18711,46.490779
"Ash_Dieback",16.164991,46.552861
"Ash_Dieback",16.164991,46.552861
"Ash_Dieback",16.164991,46.552861
"Ash_Dieback",16.164788,46.543417
"Ash_Dieback",16.164991,46.552861
"Ash_Dieback",16.177439,46.495378
"Ash_Dieback",16.164991,46.552861
"Ash_Dieback",16.115714,46.50297
"Ash_Dieback",16.177439,46.495378
"Ash_Dieback",16.177439,46.495378
"Ash_Dieback",16.164991,46.552861
"Ash_Dieback",16.177439,46.495378
"Ash_Dieback",16.164991,46.552861
"Ash_Dieback",16.164991,46.552861
"Ash_Dieback",16.164991,46.552861
"Ash_Dieback",16.177439,46.495378
"Ash_Dieback",16.177439,46.495378
"Ash_Dieback",16.18711,46.490779
"Ash_Dieback",16.177439,46.495378
"Ash_Dieback",16.18711,46.490779
"Ash_Dieback",16.164991,46.552861
"Ash_Dieback",16.177439,46.495378
"Ash_Dieback",16.177439,46.495378
"Ash_Dieback",16.177439,46.495378
"Ash_Dieback",16.177439,46.495378
"Ash_Dieback",16.177439,46.495378
"Ash_Dieback",16.177439,46.495378
"Ash_Dieback",16.177439,46.495378
"Ash_Dieback",16.18711,46.490779
"Ash_Dieback",16.18711,46.490779
"Ash_Dieback",16.177439,46.495378
"Ash_Dieback",16.18711,46.490779
"Ash_Dieback",16.177439,46.495378
"Ash_Dieback",16.177439,46.495378
"Ash_Dieback",16.177439,46.495378
"Ash_Dieback",16.177439,46.495378
"Ash_Dieback",16.177439,46.495378
"Ash_Dieback",16.177439,46.495378
"Ash_Dieback",16.18711,46.490779
"Ash_Dieback",16.18711,46.490779
"Ash_Dieback",16.18711,46.490779
"Ash_Dieback",16.18711,46.490779
"Ash_Dieback",16.18711,46.490779
"Ash_Dieback",16.18711,46.490779
"Ash_Dieback",16.18711,46.490779
"Ash_Dieback",16.18711,46.490779
"Ash_Dieback",16.18711,46.490779
"Ash_Dieback",16.18711,46.490779
"Ash_Dieback",16.177439,46.495378
"Ash_Dieback",16.18711,46.490779
"Ash_Dieback",16.18711,46.490779
"Ash_Dieback",16.18711,46.490779
"Ash_Dieback",16.18711,46.490779
"Ash_Dieback",16.18711,46.490779
"Ash_Dieback",16.18711,46.490779
"Ash_Dieback",16.177439,46.495378
"Ash_Dieback",16.18711,46.490779
"Ash_Dieback",16.18711,46.490779
"Ash_Dieback",16.18711,46.490779
"Ash_Dieback",16.18711,46.490779
"Ash_Dieback",16.18711,46.490779
"Ash_Dieback",16.18711,46.490779
"Ash_Dieback",16.177439,46.495378
"Ash_Dieback",16.18711,46.490779
"Ash_Dieback",16.171221,46.569667
"Ash_Dieback",16.18711,46.490779
"Ash_Dieback",16.18711,46.490779
"Ash_Dieback",16.171221,46.569667
"Ash_Dieback",16.18711,46.490779
"Ash_Dieback",16.171221,46.569667
"Ash_Dieback",16.18711,46.490779
"Ash_Dieback",16.171221,46.569667
"Ash_Dieback",16.202366,46.561651
"Ash_Dieback",16.202366,46.561651
"Ash_Dieback",16.171221,46.569667
"Ash_Dieback",16.171221,46.569667
"Ash_Dieback",16.171221,46.569667
"Ash_Dieback",16.187482,46.55263
"Ash_Dieback",16.171221,46.569667
"Ash_Dieback",16.171221,46.569667
"Ash_Dieback",16.187482,46.55263
"Ash_Dieback",16.187482,46.55263
"Ash_Dieback",16.187482,46.55263
"Ash_Dieback",16.202366,46.561651
"Ash_Dieback",16.187482,46.55263
"Ash_Dieback",16.187482,46.55263
"Ash_Dieback",16.213544,46.566301
"Ash_Dieback",16.187482,46.55263
"Ash_Dieback",16.213544,46.566301
"Ash_Dieback",16.213544,46.566301
"Ash_Dieback",16.213544,46.566301
"Ash_Dieback",16.202366,46.561651
"Ash_Dieback",16.213544,46.566301
"Ash_Dieback",16.213544,46.566301
"Ash_Dieback",16.213544,46.566301
"Ash_Dieback",16.213544,46.566301
"Ash_Dieback",16.202366,46.561651
"Ash_Dieback",16.213544,46.566301
"Ash_Dieback",16.213544,46.566301
"Ash_Dieback",16.213544,46.566301
"Ash_Dieback",16.202366,46.561651
"Ash_Dieback",16.202366,46.561651
"Ash_Dieback",16.213544,46.566301
"Ash_Dieback",16.213544,46.566301
"Ash_Dieback",16.213544,46.566301
"Ash_Dieback",16.213544,46.566301
"Ash_Dieback",16.213544,46.566301
"Ash_Dieback",16.213544,46.566301
"Ash_Dieback",16.213544,46.566301
"Ash_Dieback",16.213544,46.566301
"Ash_Dieback",16.213544,46.566301
"Ash_Dieback",16.213544,46.566301
"Ash_Dieback",16.194841,46.546255
"Ash_Dieback",16.213544,46.566301
"Ash_Dieback",16.213544,46.566301
"Ash_Dieback",16.213544,46.566301
"Ash_Dieback",16.194841,46.546255
"Ash_Dieback",16.168424,46.530559
"Ash_Dieback",16.168424,46.530559
"Ash_Dieback",16.168424,46.530559
"Ash_Dieback",16.168424,46.530559
"Ash_Dieback",16.168424,46.530559
"Ash_Dieback",16.168424,46.530559
"Ash_Dieback",16.168424,46.530559
"Ash_Dieback",16.168424,46.530559
"Ash_Dieback",15.91158,46.664477
"Ash_Dieback",16.0426,46.512208
"Ash_Dieback",16.292112,46.524053
"Ash_Dieback",16.262179,46.512017
"Ash_Dieback",16.280079,46.525088
"Ash_Dieback",16.26917,46.532407
"Ash_Dieback",15.88052,46.703182
"Ash_Dieback",15.849804,46.683397
"Ash_Dieback",16.292112,46.524053
"Ash_Dieback",16.19189,46.500851
"Ash_Dieback",16.227447,46.488778
"Ash_Dieback",15.865426,46.720166
"Ash_Dieback",16.092345,46.539634
"Ash_Dieback",16.241754,46.502119
"Ash_Dieback",16.280079,46.525088
"Ash_Dieback",16.207348,46.478196
"Ash_Dieback",16.266044,46.52412
"Ash_Dieback",16.020949,46.521626
"Ash_Dieback",16.280079,46.525088
"Ash_Dieback",16.280079,46.525088
"Ash_Dieback",16.266044,46.52412
"Ash_Dieback",16.253454,46.543377
"Ash_Dieback",16.223657,46.523008
"Ash_Dieback",16.168834,46.519308
"Ash_Dieback",16.229451,46.505401
"Ash_Dieback",16.261176,46.510903
"Ash_Dieback",15.865426,46.720166
"Ash_Dieback",15.819046,46.702515
"Ash_Dieback",16.197169,46.503945
"Ash_Dieback",16.168834,46.519308
"Ash_Dieback",16.292112,46.524053
"Ash_Dieback",16.077948,46.520427
"Ash_Dieback",15.91158,46.664477
"Ash_Dieback",16.168834,46.519308
"Ash_Dieback",16.181315,46.523903
"Ash_Dieback",16.280079,46.525088
"Ash_Dieback",16.292112,46.524053
"Ash_Dieback",16.19265,46.476101
"Ash_Dieback",16.26917,46.532407
"Ash_Dieback",15.834048,46.721299
"Ash_Dieback",15.834048,46.721299
"Ash_Dieback",16.266044,46.52412
"Ash_Dieback",16.168834,46.519308
"Ash_Dieback",15.915599,46.670293
"Ash_Dieback",16.292112,46.524053
"Ash_Dieback",15.825525,46.698645
"Ash_Dieback",16.077948,46.520427
"Ash_Dieback",16.280079,46.525088
"Ash_Dieback",16.193863,46.50173
"Ash_Dieback",15.91158,46.664477
"Ash_Dieback",16.280079,46.525088
"Ash_Dieback",16.280079,46.525088
"Ash_Dieback",15.916419,46.66084
"Ash_Dieback",16.262179,46.512017
"Ash_Dieback",16.031174,46.510963
"Ash_Dieback",16.292112,46.524053
"Ash_Dieback",16.1429,46.510124
"Ash_Dieback",16.073642,46.516869
"Ash_Dieback",15.970649,46.67906
"Ash_Dieback",16.324383,46.684953
"Ash_Dieback",16.227447,46.488778
"Ash_Dieback",16.261658,46.517646
"Ash_Dieback",16.266044,46.52412
"Ash_Dieback",15.865426,46.720166
"Ash_Dieback",16.253454,46.543377
"Ash_Dieback",16.292112,46.524053
"Ash_Dieback",16.171922,46.511404
"Ash_Dieback",16.181315,46.523903
"Ash_Dieback",15.834048,46.721299
"Ash_Dieback",16.198304,46.493361
"Ash_Dieback",16.168834,46.519308
"Ash_Dieback",15.849804,46.683397
"Ash_Dieback",16.280079,46.525088
"Ash_Dieback",16.209895,46.504935
"Ash_Dieback",16.223657,46.523008
"Ash_Dieback",16.280079,46.525088
"Ash_Dieback",16.168834,46.519308
"Ash_Dieback",16.280079,46.525088
"Ash_Dieback",16.223657,46.523008
"Ash_Dieback",16.227729,46.530161
"Ash_Dieback",16.253454,46.543377
"Ash_Dieback",15.834048,46.721299
"Ash_Dieback",15.926822,46.657832
"Ash_Dieback",16.266044,46.52412
"Ash_Dieback",16.048652,46.623265
"Ash_Dieback",16.168834,46.519308
"Ash_Dieback",16.168834,46.519308
"Ash_Dieback",16.227447,46.488778
"Ash_Dieback",16.253454,46.543377
"Ash_Dieback",15.849804,46.683397
"Ash_Dieback",15.834048,46.721299
"Ash_Dieback",16.202112,46.491747
"Ash_Dieback",15.806977,46.7044
"Ash_Dieback",16.266044,46.52412
"Ash_Dieback",16.280079,46.525088
"Ash_Dieback",16.266044,46.52412
"Ash_Dieback",15.834048,46.721299
"Ash_Dieback",16.266044,46.52412
"Ash_Dieback",15.834048,46.721299
"Ash_Dieback",16.223657,46.523008
"Ash_Dieback",15.849804,46.683397
"Ash_Dieback",16.223657,46.523008
"Ash_Dieback",16.253454,46.543377
"Ash_Dieback",15.846471,46.720983
"Ash_Dieback",15.91158,46.664477
"Ash_Dieback",15.834048,46.721299
"Ash_Dieback",16.280079,46.525088
"Ash_Dieback",16.201544,46.525042
"Ash_Dieback",15.819046,46.702515
"Ash_Dieback",16.168834,46.519308
"Ash_Dieback",16.280079,46.525088
"Ash_Dieback",15.804035,46.704421
"Ash_Dieback",16.292112,46.524053
"Ash_Dieback",15.819046,46.702515
"Ash_Dieback",16.223657,46.523008
"Ash_Dieback",15.88052,46.703182
"Ash_Dieback",16.223657,46.523008
"Ash_Dieback",15.849804,46.683397
"Ash_Dieback",15.963543,46.676421
"Ash_Dieback",16.253454,46.543377
"Ash_Dieback",15.849804,46.683397
"Ash_Dieback",15.795004,46.712806
"Ash_Dieback",15.848519,46.705674
"Ash_Dieback",15.818355,46.721638
"Ash_Dieback",15.865426,46.720166
"Ash_Dieback",15.849804,46.683397
"Ash_Dieback",15.828666,46.6903
"Ash_Dieback",16.168424,46.530559
"Ash_Dieback",15.849804,46.683397
"Ash_Dieback",16.087924,46.530454
"Ash_Dieback",16.223657,46.523008
"Ash_Dieback",16.223657,46.523008
"Ash_Dieback",16.0426,46.512208
"Ash_Dieback",15.915599,46.670293
"Ash_Dieback",15.849804,46.683397
"Ash_Dieback",15.961017,46.651926
"Ash_Dieback",16.262179,46.512017
"Ash_Dieback",15.819662,46.700037
"Ash_Dieback",15.849804,46.683397
"Ash_Dieback",15.972053,46.684446
"Ash_Dieback",16.253454,46.543377
"Ash_Dieback",16.292112,46.524053
"Ash_Dieback",16.253454,46.543377
"Ash_Dieback",15.798395,46.698838
"Ash_Dieback",15.798395,46.698838
"Ash_Dieback",15.819046,46.702515
"Ash_Dieback",16.002622,46.672711
"Ash_Dieback",15.795004,46.712806
"Ash_Dieback",15.88052,46.703182
"Ash_Dieback",15.834048,46.721299
"Ash_Dieback",16.212114,46.531453
"Ash_Dieback",15.806977,46.7044
"Ash_Dieback",16.223657,46.523008
"Ash_Dieback",15.834048,46.721299
"Ash_Dieback",15.818355,46.721638
"Ash_Dieback",16.253454,46.543377
"Ash_Dieback",15.865426,46.720166
"Ash_Dieback",15.915599,46.670293
"Ash_Dieback",15.849804,46.683397
"Ash_Dieback",16.181315,46.523903
"Ash_Dieback",16.261658,46.517646
"Ash_Dieback",15.849804,46.683397
"Ash_Dieback",15.834048,46.721299
"Ash_Dieback",15.849804,46.683397
"Ash_Dieback",16.168424,46.530559
"Ash_Dieback",15.834048,46.721299
"Ash_Dieback",16.26917,46.532407
"Ash_Dieback",15.834048,46.721299
"Ash_Dieback",15.818355,46.721638
"Ash_Dieback",16.266044,46.52412
"Ash_Dieback",16.223657,46.523008
"Ash_Dieback",16.291412,46.522036
"Ash_Dieback",15.88052,46.703182
"Ash_Dieback",15.834048,46.721299
"Ash_Dieback",16.223657,46.523008
"Ash_Dieback",16.223657,46.523008
"Ash_Dieback",15.791573,46.701809
"Ash_Dieback",15.858927,46.702222
"Ash_Dieback",16.223657,46.523008
"Ash_Dieback",16.253454,46.543377
"Ash_Dieback",15.91158,46.664477
"Ash_Dieback",15.819046,46.702515
"Ash_Dieback",16.23282,46.553499
"Ash_Dieback",16.23282,46.553499
"Ash_Dieback",15.828666,46.6903
"Ash_Dieback",15.834048,46.721299
"Ash_Dieback",16.292112,46.524053
"Ash_Dieback",16.266044,46.52412
"Ash_Dieback",15.846471,46.720983
"Ash_Dieback",15.848519,46.705674
"Ash_Dieback",15.795004,46.712806
"Ash_Dieback",16.212114,46.531453
"Ash_Dieback",16.223657,46.523008
"Ash_Dieback",15.865426,46.720166
"Ash_Dieback",15.819662,46.700037
"Ash_Dieback",16.23282,46.553499
"Ash_Dieback",15.828666,46.6903
"Ash_Dieback",15.947666,46.654287
"Ash_Dieback",15.825525,46.698645
"Ash_Dieback",15.858927,46.702222
"Ash_Dieback",15.848519,46.705674
"Ash_Dieback",15.818355,46.721638
"Ash_Dieback",15.818355,46.721638
"Ash_Dieback",15.828666,46.6903
"Ash_Dieback",16.223657,46.523008
"Ash_Dieback",15.849804,46.683397
"Ash_Dieback",15.834048,46.721299
"Ash_Dieback",15.834048,46.721299
"Ash_Dieback",15.915599,46.670293
"Ash_Dieback",16.212114,46.531453
"Ash_Dieback",15.96234,46.671258
"Ash_Dieback",15.828666,46.6903
"Ash_Dieback",16.266044,46.52412
"Ash_Dieback",16.168424,46.530559
"Ash_Dieback",15.828666,46.6903
"Ash_Dieback",16.019019,46.661995
"Ash_Dieback",16.324383,46.684953
"Ash_Dieback",16.253454,46.543377
"Ash_Dieback",15.823905,46.699556
"Ash_Dieback",15.849804,46.683397
"Ash_Dieback",15.818355,46.721638
"Ash_Dieback",15.916419,46.66084
"Ash_Dieback",15.962825,46.661807
"Ash_Dieback",15.828666,46.6903
"Ash_Dieback",15.970649,46.67906
"Ash_Dieback",15.959097,46.654192
"Ash_Dieback",16.212114,46.531453
"Ash_Dieback",15.791573,46.701809
"Ash_Dieback",15.953026,46.66189
"Ash_Dieback",16.223657,46.523008
"Ash_Dieback",16.253454,46.543377
"Ash_Dieback",16.002622,46.672711
"Ash_Dieback",15.834048,46.721299
"Ash_Dieback",15.88052,46.703182
"Ash_Dieback",15.982363,46.640274
"Ash_Dieback",15.795004,46.712806
"Ash_Dieback",16.253454,46.543377
"Ash_Dieback",15.96234,46.671258
"Ash_Dieback",15.965811,46.646038
"Ash_Dieback",16.253454,46.543377
"Ash_Dieback",15.88052,46.703182
"Ash_Dieback",15.941189,46.65749
"Ash_Dieback",15.849804,46.683397
"Ash_Dieback",16.23282,46.553499
"Ash_Dieback",15.971954,46.678959
"Ash_Dieback",16.229852,46.508771
"Ash_Dieback",16.002622,46.672711
"Ash_Dieback",15.804035,46.704421
"Ash_Dieback",15.849804,46.683397
"Ash_Dieback",16.253454,46.543377
"Ash_Dieback",16.253454,46.543377
"Ash_Dieback",16.266044,46.52412
"Ash_Dieback",16.253454,46.543377
"Ash_Dieback",15.965811,46.646038
"Ash_Dieback",16.019019,46.661995
"Ash_Dieback",15.978881,46.646376
"Ash_Dieback",15.970649,46.67906
"Ash_Dieback",15.848519,46.705674
"Ash_Dieback",15.965811,46.646038
"Ash_Dieback",16.324383,46.684953
"Ash_Dieback",16.227729,46.530161
"Ash_Dieback",15.872439,46.668382
"Ash_Dieback",15.970649,46.67906
"Ash_Dieback",16.168424,46.530559
"Ash_Dieback",15.973157,46.654972
"Ash_Dieback",15.916419,46.66084
"Ash_Dieback",15.872439,46.668382
"Ash_Dieback",16.168424,46.530559
"Ash_Dieback",15.963543,46.676421
"Ash_Dieback",15.834048,46.721299
"Ash_Dieback",15.828666,46.6903
"Ash_Dieback",15.829716,46.694791
"Ash_Dieback",15.949545,46.686885
"Ash_Dieback",15.941189,46.65749
"Ash_Dieback",15.970649,46.67906
"Ash_Dieback",15.824534,46.697977
"Ash_Dieback",16.23282,46.553499
"Ash_Dieback",16.23282,46.553499
"Ash_Dieback",15.965811,46.646038
"Ash_Dieback",16.019019,46.661995
"Ash_Dieback",15.827225,46.681539
"Ash_Dieback",16.002622,46.672711
"Ash_Dieback",16.23282,46.553499
"Ash_Dieback",15.967308,46.640627
"Ash_Dieback",16.019019,46.661995
"Ash_Dieback",15.828666,46.6903
"Ash_Dieback",16.006473,46.654908
"Ash_Dieback",15.978881,46.646376
"Ash_Dieback",15.962825,46.661807
"Ash_Dieback",15.829716,46.694791
"Ash_Dieback",16.253454,46.543377
"Ash_Dieback",16.253454,46.543377
"Ash_Dieback",15.928559,46.663891
"Ash_Dieback",15.829716,46.694791
"Ash_Dieback",15.88052,46.703182
"Ash_Dieback",16.23282,46.553499
"Ash_Dieback",15.88052,46.703182
"Ash_Dieback",16.168424,46.530559
"Ash_Dieback",16.26917,46.532407
"Ash_Dieback",15.849804,46.683397
"Ash_Dieback",16.212114,46.531453
"Ash_Dieback",16.212114,46.531453
"Ash_Dieback",16.23282,46.553499
"Ash_Dieback",16.23282,46.553499
"Ash_Dieback",16.253454,46.543377
"Ash_Dieback",16.019019,46.661995
"Ash_Dieback",15.804035,46.704421
"Ash_Dieback",15.965811,46.646038
"Ash_Dieback",15.96234,46.671258
"Ash_Dieback",15.88052,46.703182
"Ash_Dieback",16.002622,46.672711
"Ash_Dieback",15.828666,46.6903
"Ash_Dieback",15.959097,46.654192
"Ash_Dieback",16.253454,46.543377
"Ash_Dieback",16.253454,46.543377
"Ash_Dieback",15.985972,46.639793
"Ash_Dieback",15.849804,46.683397
"Ash_Dieback",16.168424,46.530559
"Ash_Dieback",15.94525,46.665553
"Ash_Dieback",15.828666,46.6903
"Ash_Dieback",15.828666,46.6903
"Ash_Dieback",15.828666,46.6903
"Ash_Dieback",16.212114,46.531453
"Ash_Dieback",15.828666,46.6903
"Ash_Dieback",16.23282,46.553499
"Ash_Dieback",16.23282,46.553499
"Ash_Dieback",15.795004,46.712806
"Ash_Dieback",15.819046,46.702515
"Ash_Dieback",16.23282,46.553499
"Ash_Dieback",16.168424,46.530559
"Ash_Dieback",15.824534,46.697977
"Ash_Dieback",15.865426,46.720166
"Ash_Dieback",15.858927,46.702222
"Ash_Dieback",15.881248,46.667639
"Ash_Dieback",15.828666,46.6903
"Ash_Dieback",15.832171,46.684427
"Ash_Dieback",16.01399,46.620204
"Ash_Dieback",15.972053,46.684446
"Ash_Dieback",15.828666,46.6903
"Ash_Dieback",15.824534,46.697977
"Ash_Dieback",16.046205,46.631834
"Ash_Dieback",15.849804,46.683397
"Ash_Dieback",16.046205,46.631834
"Ash_Dieback",15.856222,46.675927
"Ash_Dieback",16.018482,46.633435
"Ash_Dieback",15.858927,46.702222
"Ash_Dieback",15.959097,46.654192
"Ash_Dieback",15.848519,46.705674
"Ash_Dieback",15.947666,46.654287
"Ash_Dieback",15.829716,46.694791
"Ash_Dieback",15.867524,46.66752
"Ash_Dieback",15.953026,46.66189
"Ash_Dieback",15.96234,46.671258
"Ash_Dieback",15.848519,46.705674
"Ash_Dieback",15.961578,46.646748
"Ash_Dieback",15.96234,46.671258
"Ash_Dieback",15.973157,46.654972
"Ash_Dieback",16.019019,46.661995
"Ash_Dieback",15.91158,46.664477
"Ash_Dieback",15.824534,46.697977
"Ash_Dieback",15.829716,46.694791
"Ash_Dieback",15.848519,46.705674
"Ash_Dieback",15.84259,46.681876
"Ash_Dieback",15.848519,46.705674
"Ash_Dieback",15.829716,46.694791
"Ash_Dieback",15.926822,46.657832
"Ash_Dieback",16.23282,46.553499
"Ash_Dieback",15.828666,46.6903
"Ash_Dieback",15.91158,46.664477
"Ash_Dieback",15.96234,46.671258
"Ash_Dieback",15.961578,46.646748
"Ash_Dieback",15.848519,46.705674
"Ash_Dieback",15.959097,46.654192
"Ash_Dieback",16.227729,46.530161
"Ash_Dieback",15.965811,46.646038
"Ash_Dieback",15.985926,46.638669
"Ash_Dieback",16.23282,46.553499
"Ash_Dieback",16.227729,46.530161
"Ash_Dieback",15.967308,46.640627
"Ash_Dieback",15.849804,46.683397
"Ash_Dieback",15.947666,46.654287
"Ash_Dieback",16.03456,46.654657
"Ash_Dieback",16.324383,46.684953
"Ash_Dieback",15.88052,46.703182
"Ash_Dieback",16.212114,46.531453
"Ash_Dieback",15.913358,46.67301
"Ash_Dieback",15.965811,46.646038
"Ash_Dieback",16.227729,46.530161
"Ash_Dieback",15.962825,46.661807
"Ash_Dieback",16.002622,46.672711
"Ash_Dieback",15.91158,46.664477
"Ash_Dieback",16.253454,46.543377
"Ash_Dieback",15.829716,46.694791
"Ash_Dieback",15.828666,46.6903
"Ash_Dieback",15.94525,46.665553
"Ash_Dieback",15.848519,46.705674
"Ash_Dieback",15.848519,46.705674
"Ash_Dieback",15.949545,46.686885
"Ash_Dieback",15.91158,46.664477
"Ash_Dieback",15.838321,46.680558
"Ash_Dieback",15.886927,46.675243
"Ash_Dieback",15.886927,46.675243
"Ash_Dieback",15.949545,46.686885
"Ash_Dieback",15.828666,46.6903
"Ash_Dieback",16.227729,46.530161
"Ash_Dieback",15.959097,46.654192
"Ash_Dieback",15.91158,46.664477
"Ash_Dieback",15.959097,46.654192
"Ash_Dieback",15.96234,46.671258
"Ash_Dieback",15.982893,46.633522
"Ash_Dieback",15.848519,46.705674
"Ash_Dieback",15.91158,46.664477
"Ash_Dieback",15.985972,46.639793
"Ash_Dieback",15.971954,46.678959
"Ash_Dieback",15.829716,46.694791
"Ash_Dieback",15.961017,46.651926
"Ash_Dieback",16.019019,46.661995
"Ash_Dieback",16.002622,46.672711
"Ash_Dieback",15.94525,46.665553
"Ash_Dieback",15.848519,46.705674
"Ash_Dieback",15.970649,46.67906
"Ash_Dieback",15.96234,46.671258
"Ash_Dieback",15.962825,46.661807
"Ash_Dieback",15.94525,46.665553
"Ash_Dieback",16.324383,46.684953
"Ash_Dieback",15.915599,46.670293
"Ash_Dieback",16.23282,46.553499
"Ash_Dieback",15.949545,46.686885
"Ash_Dieback",15.890377,46.666444
"Ash_Dieback",15.932805,46.663856
"Ash_Dieback",15.997832,46.629119
"Ash_Dieback",15.949545,46.686885
"Ash_Dieback",16.23282,46.553499
"Ash_Dieback",16.23282,46.553499
"Ash_Dieback",16.23282,46.553499
"Ash_Dieback",15.949545,46.686885
"Ash_Dieback",16.03456,46.654657
"Ash_Dieback",15.965811,46.646038
"Ash_Dieback",15.930107,46.696941
"Ash_Dieback",15.963543,46.676421
"Ash_Dieback",15.96234,46.671258
"Ash_Dieback",16.019019,46.661995
"Ash_Dieback",15.916419,46.66084
"Ash_Dieback",16.212114,46.531453
"Ash_Dieback",16.23282,46.553499
"Ash_Dieback",15.962825,46.661807
"Ash_Dieback",15.928559,46.663891
"Ash_Dieback",15.829716,46.694791
"Ash_Dieback",16.01399,46.620204
"Ash_Dieback",16.01399,46.620204
"Ash_Dieback",15.864329,46.672042
"Ash_Dieback",15.947666,46.654287
"Ash_Dieback",16.227729,46.530161
"Ash_Dieback",16.324383,46.684953
"Ash_Dieback",15.91158,46.664477
"Ash_Dieback",15.83984,46.673125
"Ash_Dieback",15.83984,46.673125
"Ash_Dieback",15.91158,46.664477
"Ash_Dieback",15.94525,46.665553
"Ash_Dieback",15.930107,46.696941
"Ash_Dieback",15.992413,46.654132
"Ash_Dieback",15.949545,46.686885
"Ash_Dieback",15.961578,46.646748
"Ash_Dieback",16.23282,46.553499
"Ash_Dieback",15.959097,46.654192
"Ash_Dieback",15.91158,46.664477
"Ash_Dieback",15.84259,46.681876
"Ash_Dieback",15.856222,46.675927
"Ash_Dieback",16.223657,46.523008
"Ash_Dieback",16.324383,46.684953
"Ash_Dieback",15.949545,46.686885
"Ash_Dieback",15.913468,46.679532
"Ash_Dieback",15.848519,46.705674
"Ash_Dieback",16.253454,46.543377
"Ash_Dieback",16.253454,46.543377
"Ash_Dieback",15.913468,46.679532
"Ash_Dieback",15.872439,46.668382
"Ash_Dieback",15.916419,46.66084
"Ash_Dieback",15.88052,46.703182
"Ash_Dieback",15.91158,46.664477
"Ash_Dieback",15.94525,46.665553
"Ash_Dieback",15.824342,46.685383
"Ash_Dieback",15.827225,46.681539
"Ash_Dieback",15.913358,46.67301
"Ash_Dieback",15.824534,46.697977
"Ash_Dieback",16.253454,46.543377
"Ash_Dieback",15.824342,46.685383
"Ash_Dieback",15.94525,46.665553
"Ash_Dieback",15.91158,46.664477
"Ash_Dieback",15.913468,46.679532
"Ash_Dieback",15.913468,46.679532
"Ash_Dieback",15.886927,46.675243
"Ash_Dieback",15.961017,46.651926
"Ash_Dieback",15.94525,46.665553
"Ash_Dieback",15.94525,46.665553
"Ash_Dieback",15.916419,46.66084
"Ash_Dieback",15.886927,46.675243
"Ash_Dieback",15.832171,46.684427
"Ash_Dieback",15.881248,46.667639
"Ash_Dieback",16.23282,46.553499
"Ash_Dieback",15.94525,46.665553
"Ash_Dieback",15.838321,46.680558
"Ash_Dieback",15.949545,46.686885
"Ash_Dieback",16.23282,46.553499
"Ash_Dieback",15.832171,46.684427
"Ash_Dieback",15.872439,46.668382
"Ash_Dieback",15.88052,46.703182
"Ash_Dieback",15.91158,46.664477
"Ash_Dieback",16.253454,46.543377
"Ash_Dieback",16.01399,46.620204
"Ash_Dieback",15.915599,46.670293
"Ash_Dieback",16.227729,46.530161
"Ash_Dieback",15.848519,46.705674
"Ash_Dieback",15.88052,46.703182
"Ash_Dieback",15.928559,46.663891
"Ash_Dieback",16.23282,46.553499
"Ash_Dieback",15.913468,46.679532
"Ash_Dieback",16.034069,46.543326
"Ash_Dieback",15.949545,46.686885
"Ash_Dieback",15.838321,46.680558
"Ash_Dieback",15.930107,46.696941
"Ash_Dieback",15.856222,46.675927
"Ash_Dieback",15.849804,46.683397
"Ash_Dieback",16.324383,46.684953
"Ash_Dieback",15.819046,46.702515
"Ash_Dieback",15.949545,46.686885
"Ash_Dieback",15.926822,46.657832
"Ash_Dieback",15.832171,46.684427
"Ash_Dieback",15.83984,46.673125
"Ash_Dieback",16.227729,46.530161
"Ash_Dieback",15.854538,46.672791
"Ash_Dieback",15.856222,46.675927
"Ash_Dieback",15.949545,46.686885
"Ash_Dieback",16.23282,46.553499
"Ash_Dieback",15.88052,46.703182
"Ash_Dieback",15.849804,46.683397
"Ash_Dieback",15.827225,46.681539
"Ash_Dieback",15.858927,46.702222
"Ash_Dieback",15.832171,46.684427
"Ash_Dieback",15.827225,46.681539
"Ash_Dieback",15.88052,46.703182
"Ash_Dieback",15.832171,46.684427
"Ash_Dieback",15.890377,46.666444
"Ash_Dieback",15.827225,46.681539
"Ash_Dieback",15.83984,46.673125
"Ash_Dieback",15.872439,46.668382
"Ash_Dieback",15.916419,46.66084
"Ash_Dieback",15.848519,46.705674
"Ash_Dieback",15.858927,46.702222
"Ash_Dieback",15.864329,46.672042
"Ash_Dieback",15.913468,46.679532
"Ash_Dieback",15.832171,46.684427
"Ash_Dieback",15.824342,46.685383
"Ash_Dieback",15.997832,46.629119
"Ash_Dieback",15.88052,46.703182
"Ash_Dieback",15.930107,46.696941
"Ash_Dieback",15.848519,46.705674
"Ash_Dieback",15.848519,46.705674
"Ash_Dieback",15.827225,46.681539
"Ash_Dieback",15.949545,46.686885
"Ash_Dieback",15.913468,46.679532
"Ash_Dieback",15.848519,46.705674
"Ash_Dieback",15.88052,46.703182
"Ash_Dieback",15.858927,46.702222
"Ash_Dieback",15.949545,46.686885
"Ash_Dieback",15.91158,46.664477
"Ash_Dieback",15.91158,46.664477
"Ash_Dieback",15.848519,46.705674
"Ash_Dieback",15.930107,46.696941
"Ash_Dieback",16.020025,46.646016
"Ash_Dieback",15.827225,46.681539
"Ash_Dieback",15.94525,46.665553
"Ash_Dieback",15.88052,46.703182
"Ash_Dieback",15.88052,46.703182
"Ash_Dieback",15.88052,46.703182
"Ash_Dieback",15.838321,46.680558
"Ash_Dieback",15.930107,46.696941
"Ash_Dieback",15.913468,46.679532
"Ash_Dieback",15.904038,46.701874
"Ash_Dieback",15.88052,46.703182
"Ash_Dieback",15.858927,46.702222
"Ash_Dieback",15.866143,46.683274
"Ash_Dieback",15.88052,46.703182
"Ash_Dieback",15.888551,46.714366
"Ash_Dieback",15.930107,46.696941
"Ash_Dieback",15.848519,46.705674
"Ash_Dieback",15.838321,46.680558
"Ash_Dieback",15.829716,46.694791
"Ash_Dieback",15.832171,46.684427
"Ash_Dieback",15.848519,46.705674
"Ash_Dieback",15.858927,46.702222
"Ash_Dieback",15.849804,46.683397
"Ash_Dieback",15.827225,46.681539
"Ash_Dieback",15.88052,46.703182
"Ash_Dieback",15.930107,46.696941
"Ash_Dieback",15.832171,46.684427
"Ash_Dieback",15.858927,46.702222
"Ash_Dieback",15.858927,46.702222
"Ash_Dieback",15.849804,46.683397
"Ash_Dieback",16.006713,46.632639
"Ash_Dieback",15.899403,46.678744
"Ash_Dieback",15.838321,46.680558
"Ash_Dieback",15.88052,46.703182
"Ash_Dieback",15.904181,46.710419
"Ash_Dieback",15.858927,46.702222
"Ash_Dieback",15.83984,46.673125
"Ash_Dieback",15.827225,46.681539
"Ash_Dieback",16.010899,46.646997
"Ash_Dieback",15.848519,46.705674
"Ash_Dieback",15.88052,46.703182
"Ash_Dieback",15.907587,46.679579
"Ash_Dieback",15.849804,46.683397
"Ash_Dieback",15.88052,46.703182
"Ash_Dieback",15.88052,46.703182
"Ash_Dieback",15.827225,46.681539
"Ash_Dieback",15.88052,46.703182
"Ash_Dieback",15.904181,46.710419
"Ash_Dieback",15.930107,46.696941
"Ash_Dieback",15.88052,46.703182
"Ash_Dieback",15.88052,46.703182
"Ash_Dieback",15.858927,46.702222
"Ash_Dieback",15.904038,46.701874
"Ash_Dieback",15.832171,46.684427
"Ash_Dieback",15.930107,46.696941
"Ash_Dieback",15.904038,46.701874
"Ash_Dieback",15.88052,46.703182
"Ash_Dieback",16.029655,46.637158
"Ash_Dieback",15.88052,46.703182
"Ash_Dieback",15.88052,46.703182
"Ash_Dieback",15.88052,46.703182
"Ash_Dieback",15.88052,46.703182
"Ash_Dieback",15.832171,46.684427
"Ash_Dieback",15.858927,46.702222
"Ash_Dieback",15.900473,46.684133
"Ash_Dieback",15.891007,46.704675
"Ash_Dieback",15.930107,46.696941
"Ash_Dieback",15.900473,46.684133
"Ash_Dieback",15.88052,46.703182
"Ash_Dieback",15.997832,46.629119
"Ash_Dieback",15.904038,46.701874
"Ash_Dieback",15.904181,46.710419
"Ash_Dieback",15.888964,46.699743
"Ash_Dieback",15.88052,46.703182
"Ash_Dieback",15.904181,46.710419
"Ash_Dieback",15.832171,46.684427
"Ash_Dieback",15.907587,46.679579
"Ash_Dieback",15.930107,46.696941
"Ash_Dieback",15.866143,46.683274
"Ash_Dieback",15.88052,46.703182
"Ash_Dieback",15.904038,46.701874
"Ash_Dieback",16.029655,46.637158
"Ash_Dieback",15.88052,46.703182
"Ash_Dieback",15.904181,46.710419
"Ash_Dieback",15.88052,46.703182
"Ash_Dieback",15.88052,46.703182
"Ash_Dieback",15.930107,46.696941
"Ash_Dieback",15.88052,46.703182
"Ash_Dieback",15.888976,46.680625
"Ash_Dieback",15.88052,46.703182
"Ash_Dieback",15.904181,46.710419
"Ash_Dieback",15.899403,46.678744
"Ash_Dieback",16.006713,46.632639
"Ash_Dieback",15.899403,46.678744
"Ash_Dieback",15.89387,46.680137
"Ash_Dieback",15.858927,46.702222
"Ash_Dieback",15.888551,46.714366
"Ash_Dieback",15.904181,46.710419
"Ash_Dieback",15.904038,46.701874
"Ash_Dieback",15.866143,46.683274
"Ash_Dieback",15.904181,46.710419
"Ash_Dieback",15.904181,46.710419
"Ash_Dieback",15.904038,46.701874
"Ash_Dieback",16.006713,46.632639
"Ash_Dieback",15.907587,46.679579
"Ash_Dieback",15.904038,46.701874
"Ash_Dieback",15.879026,46.691723
"Ash_Dieback",15.904038,46.701874
"Ash_Dieback",15.904181,46.710419
"Ash_Dieback",15.866143,46.683274
"Ash_Dieback",15.904181,46.710419
"Ash_Dieback",15.930107,46.696941
"Ash_Dieback",15.879026,46.691723
"Ash_Dieback",16.006713,46.632639
"Ash_Dieback",16.010899,46.646997
"Ash_Dieback",15.904181,46.710419
"Ash_Dieback",15.904038,46.701874
"Ash_Dieback",16.063198,46.615933
"Ash_Dieback",15.904181,46.710419
"Ash_Dieback",15.904181,46.710419
"Ash_Dieback",15.904181,46.710419
"Ash_Dieback",15.904181,46.710419
"Ash_Dieback",16.03456,46.654657
"Ash_Dieback",15.904038,46.701874
"Ash_Dieback",16.01399,46.620204
"Ash_Dieback",16.018482,46.633435
"Ash_Dieback",16.018482,46.633435
"Ash_Dieback",15.904181,46.710419
"Ash_Dieback",15.904038,46.701874
"Ash_Dieback",16.010899,46.646997
"Ash_Dieback",16.069079,46.632747
"Ash_Dieback",16.020238,46.622623
"Ash_Dieback",15.904181,46.710419
"Ash_Dieback",16.029655,46.637158
"Ash_Dieback",15.904181,46.710419
"Ash_Dieback",16.068757,46.632975
"Ash_Dieback",16.010899,46.646997
"Ash_Dieback",16.03456,46.654657
"Ash_Dieback",16.063198,46.615933
"Ash_Dieback",16.020238,46.622623
"Ash_Dieback",15.904181,46.710419
"Ash_Dieback",15.904038,46.701874
"Ash_Dieback",16.03456,46.654657
"Ash_Dieback",16.069079,46.632747
"Ash_Dieback",16.029655,46.637158
"Ash_Dieback",16.03456,46.654657
"Ash_Dieback",16.03456,46.654657
"Ash_Dieback",16.085748,46.617295
"Ash_Dieback",15.930107,46.696941
"Ash_Dieback",16.033139,46.631504
"Ash_Dieback",16.010899,46.646997
"Ash_Dieback",16.085748,46.617295
"Ash_Dieback",16.03456,46.654657
"Ash_Dieback",16.085748,46.617295
"Ash_Dieback",16.085748,46.617295
"Ash_Dieback",16.069079,46.632747
"Ash_Dieback",15.953026,46.66189
"Ash_Dieback",16.03456,46.654657
"Ash_Dieback",15.904181,46.710419
"Ash_Dieback",15.904038,46.701874
"Ash_Dieback",16.085748,46.617295
"Ash_Dieback",16.020238,46.622623
"Ash_Dieback",16.085748,46.617295
"Ash_Dieback",16.085748,46.617295
"Ash_Dieback",16.085748,46.617295
"Ash_Dieback",16.085748,46.617295
"Ash_Dieback",15.904038,46.701874
"Ash_Dieback",16.020025,46.646016
"Ash_Dieback",16.085748,46.617295
"Ash_Dieback",16.078228,46.600273
"Ash_Dieback",16.069213,46.60643
"Ash_Dieback",16.085748,46.617295
"Ash_Dieback",16.063198,46.615933
"Ash_Dieback",16.063198,46.615933
"Ash_Dieback",16.085748,46.617295
"Ash_Dieback",16.078228,46.600273
"Ash_Dieback",16.085748,46.617295
"Ash_Dieback",16.056588,46.611721
"Ash_Dieback",16.078228,46.600273
"Ash_Dieback",16.014298,46.601758
"Ash_Dieback",16.085748,46.617295
"Ash_Dieback",16.056588,46.611721
"Ash_Dieback",16.051628,46.608393
"Ash_Dieback",15.949545,46.686885
"Ash_Dieback",16.056588,46.611721
"Ash_Dieback",16.051628,46.608393
"Ash_Dieback",16.020636,46.609124
"Ash_Dieback",16.033388,46.610359
"Ash_Dieback",16.014298,46.601758
"Ash_Dieback",16.014298,46.601758
"Ash_Dieback",16.023128,46.602804
"Ash_Dieback",16.036729,46.597283
"Ash_Dieback",16.02992,46.599594
"Ash_Dieback",16.02992,46.599594
"Ash_Dieback",16.02992,46.599594
"Ash_Dieback",16.036729,46.597283
"Ash_Dieback",16.023128,46.602804
"Ash_Dieback",16.023128,46.602804
"Ash_Dieback",16.02992,46.599594
"Ash_Dieback",16.023128,46.602804
"Ash_Dieback",16.036729,46.597283
"Ash_Dieback",16.02992,46.599594
"Ash_Dieback",16.014298,46.601758
"Ash_Dieback",16.036729,46.597283
"Ash_Dieback",16.036729,46.597283
"Ash_Dieback",16.036729,46.597283
"Ash_Dieback",16.036729,46.597283
"Ash_Dieback",16.036729,46.597283
"Ash_Dieback",16.047882,46.583461
"Ash_Dieback",16.036729,46.597283
"Ash_Dieback",16.047882,46.583461
"Ash_Dieback",16.047882,46.583461
"Ash_Dieback",16.036729,46.597283
"Ash_Dieback",16.036729,46.597283
"Ash_Dieback",16.038564,46.55678
"Ash_Dieback",16.047882,46.583461
"Ash_Dieback",16.047125,46.594939
"Ash_Dieback",16.053851,46.605223
"Ash_Dieback",16.038564,46.55678
"Ash_Dieback",16.053851,46.605223
"Ash_Dieback",16.07935,46.574621
"Ash_Dieback",16.047125,46.594939
"Ash_Dieback",16.038564,46.55678
"Ash_Dieback",16.06401,46.590734
"Ash_Dieback",16.038564,46.55678
"Ash_Dieback",16.05305,46.597584
"Ash_Dieback",16.038564,46.55678
"Ash_Dieback",16.057319,46.582249
"Ash_Dieback",16.053851,46.605223
"Ash_Dieback",16.047125,46.594939
"Ash_Dieback",16.0451,46.57449
"Ash_Dieback",16.058539,46.594609
"Ash_Dieback",16.076312,46.585896
"Ash_Dieback",16.0451,46.57449
"Ash_Dieback",16.035776,46.564453
"Ash_Dieback",16.038564,46.55678
"Ash_Dieback",16.035776,46.564453
"Ash_Dieback",16.038564,46.55678
"Ash_Dieback",16.035776,46.564453
"Ash_Dieback",16.035776,46.564453
"Ash_Dieback",16.035776,46.564453
"Ash_Dieback",16.035776,46.564453
"Ash_Dieback",16.038564,46.55678
"Ash_Dieback",16.035776,46.564453
"Ash_Dieback",16.035776,46.564453
"Ash_Dieback",16.035776,46.564453
"Ash_Dieback",16.035776,46.564453
"Ash_Dieback",16.035776,46.564453
"Ash_Dieback",16.035776,46.564453
"Ash_Dieback",16.035776,46.564453
"Ash_Dieback",16.035776,46.564453
"Ash_Dieback",16.035776,46.564453
"Ash_Dieback",16.035776,46.564453
"Ash_Dieback",16.035776,46.564453
"Ash_Dieback",16.035776,46.564453
"Ash_Dieback",16.017471,46.562143
"Ash_Dieback",16.035776,46.564453
"Ash_Dieback",16.0124,46.552517
"Ash_Dieback",16.035776,46.564453
"Ash_Dieback",16.035776,46.564453
"Ash_Dieback",16.035776,46.564453
"Ash_Dieback",16.035776,46.564453
"Ash_Dieback",16.035776,46.564453
"Ash_Dieback",16.035776,46.564453
"Ash_Dieback",16.017471,46.562143
"Ash_Dieback",16.035776,46.564453
"Ash_Dieback",16.011932,46.544874
"Ash_Dieback",16.011932,46.544874
"Ash_Dieback",16.017471,46.562143
"Ash_Dieback",16.009036,46.546924
"Ash_Dieback",16.017382,46.557421
"Ash_Dieback",16.017471,46.562143
"Ash_Dieback",16.017382,46.557421
"Ash_Dieback",16.017382,46.557421
"Ash_Dieback",16.017382,46.557421
"Ash_Dieback",16.015111,46.540572
"Ash_Dieback",16.018446,46.544591
"Ash_Dieback",16.030981,46.552351
"Ash_Dieback",16.018446,46.544591
"Ash_Dieback",16.017382,46.557421
"Ash_Dieback",16.030981,46.552351
"Ash_Dieback",16.018446,46.544591
"Ash_Dieback",16.002223,46.531014
"Ash_Dieback",16.030981,46.552351
"Ash_Dieback",16.002223,46.531014
"Ash_Dieback",16.018446,46.544591
"Ash_Dieback",16.005941,46.520635
"Ash_Dieback",16.018446,46.544591
"Ash_Dieback",16.015111,46.540572
"Ash_Dieback",16.002223,46.531014
"Ash_Dieback",16.005941,46.520635
"Ash_Dieback",16.005941,46.520635
"Ash_Dieback",16.005941,46.520635
"Ash_Dieback",16.005941,46.520635
"Ash_Dieback",16.005941,46.520635
"Ash_Dieback",16.002223,46.531014
"Ash_Dieback",16.012432,46.519228
"Ash_Dieback",16.012432,46.519228
"Ash_Dieback",16.003432,46.543599
"Ash_Dieback",15.983346,46.586509
"Ash_Dieback",16.010298,46.562207
"Ash_Dieback",16.001288,46.55104
"Ash_Dieback",16.009166,46.536351
"Ash_Dieback",15.985755,46.557473
"Ash_Dieback",16.002017,46.537539
"Ash_Dieback",16.002223,46.531014
"Ash_Dieback",15.991197,46.569797
"Ash_Dieback",16.012432,46.519228
"Ash_Dieback",16.012432,46.519228
"Ash_Dieback",15.980193,46.556397
"Ash_Dieback",16.000984,46.569937
"Ash_Dieback",16.012432,46.519228
"Ash_Dieback",16.012432,46.519228
"Ash_Dieback",16.001288,46.55104
"Ash_Dieback",15.983319,46.548947
"Ash_Dieback",16.005413,46.544931
"Ash_Dieback",15.998139,46.539372
"Ash_Dieback",15.983319,46.548947
"Ash_Dieback",15.980193,46.556397
"Ash_Dieback",16.000984,46.569937
"Ash_Dieback",16.006812,46.567636
"Ash_Dieback",15.974535,46.568141
"Ash_Dieback",15.991197,46.569797
"Ash_Dieback",16.001288,46.55104
"Ash_Dieback",15.994879,46.557169
"Ash_Dieback",16.006812,46.567636
"Ash_Dieback",15.983346,46.586509
"Ash_Dieback",15.974535,46.568141
"Ash_Dieback",16.006812,46.567636
"Ash_Dieback",16.012104,46.571638
"Ash_Dieback",16.000984,46.569937
"Ash_Dieback",15.974535,46.568141
"Ash_Dieback",15.980193,46.556397
"Ash_Dieback",15.993348,46.562581
"Ash_Dieback",15.978042,46.581831
"Ash_Dieback",15.978042,46.581831
"Ash_Dieback",15.991197,46.569797
"Ash_Dieback",15.980193,46.556397
"Ash_Dieback",15.985755,46.557473
"Ash_Dieback",15.980193,46.556397
"Ash_Dieback",16.000984,46.569937
"Ash_Dieback",15.980193,46.556397
"Ash_Dieback",15.980193,46.556397
"Ash_Dieback",15.980193,46.556397
"Ash_Dieback",16.012104,46.571638
"Ash_Dieback",16.006812,46.567636
"Ash_Dieback",16.000984,46.569937
"Ash_Dieback",16.012104,46.571638
"Ash_Dieback",16.006812,46.567636
"Ash_Dieback",15.983346,46.586509
"Ash_Dieback",15.996559,46.595391
"Ash_Dieback",15.996559,46.595391
"Ash_Dieback",15.996559,46.595391
"Ash_Dieback",16.000984,46.569937
"Ash_Dieback",15.996559,46.595391
"Ash_Dieback",15.977929,46.575534
"Ash_Dieback",16.000984,46.569937
"Ash_Dieback",15.988822,46.582638
"Ash_Dieback",15.996559,46.595391
"Ash_Dieback",15.988822,46.582638
"Ash_Dieback",15.990278,46.590948
"Ash_Dieback",15.990278,46.590948
"Ash_Dieback",15.970678,46.589542
"Ash_Dieback",15.952773,46.610385
"Ash_Dieback",15.958946,46.608759
"Ash_Dieback",15.950752,46.606803
"Ash_Dieback",15.996832,46.592465
"Ash_Dieback",15.985765,46.611904
"Ash_Dieback",15.982294,46.618457
"Ash_Dieback",15.970678,46.589542
"Ash_Dieback",15.992659,46.614094
"Ash_Dieback",15.985765,46.611904
"Ash_Dieback",15.970678,46.589542
"Ash_Dieback",16.003408,46.612875
"Ash_Dieback",16.014449,46.609854
"Ash_Dieback",16.013361,46.604016
"Ash_Dieback",16.013361,46.604016
"Ash_Dieback",16.013361,46.604016
"Ash_Dieback",15.990278,46.590948
"Ash_Dieback",16.014449,46.609854
"Ash_Dieback",15.982294,46.618457
"Ash_Dieback",16.006584,46.608124
"Ash_Dieback",15.990278,46.590948
"Ash_Dieback",15.970678,46.589542
"Ash_Dieback",15.998505,46.612468
"Ash_Dieback",15.990278,46.590948
"Ash_Dieback",15.951396,46.58768
"Ash_Dieback",15.985676,46.624951
"Ash_Dieback",16.000367,46.607279
"Ash_Dieback",15.970678,46.589542
"Ash_Dieback",15.992659,46.614094
"Ash_Dieback",16.006584,46.608124
"Ash_Dieback",16.014449,46.609854
"Ash_Dieback",16.006584,46.608124
"Ash_Dieback",16.003408,46.612875
"Ash_Dieback",15.993146,46.622862
"Ash_Dieback",16.003408,46.612875
"Ash_Dieback",16.006584,46.608124
"Ash_Dieback",16.006584,46.608124
"Ash_Dieback",16.000367,46.607279
"Ash_Dieback",15.993146,46.622862
"Ash_Dieback",16.000367,46.607279
"Ash_Dieback",16.000367,46.607279
"Ash_Dieback",15.971487,46.598307
"Ash_Dieback",15.950752,46.606803
"Ash_Dieback",15.950752,46.606803
"Ash_Dieback",15.971487,46.598307
"Ash_Dieback",15.950752,46.606803
"Ash_Dieback",15.971492,46.598576
"Ash_Dieback",15.9653,46.599034
"Ash_Dieback",15.9653,46.599034
"Ash_Dieback",15.968204,46.59721
"Ash_Dieback",15.9653,46.599034
"Ash_Dieback",15.968228,46.598559
"Ash_Dieback",15.95486,46.599122
"Ash_Dieback",15.955799,46.596865
"Ash_Dieback",15.955799,46.596865
"Ash_Dieback",15.955799,46.596865
"Ash_Dieback",15.956046,46.592364
"Ash_Dieback",15.95486,46.599122
"Ash_Dieback",14.60531,57.53685
"Ash_Dieback",15.893944,46.645049
"Ash_Dieback",16.393127,46.56974
"Ash_Dieback",15.942004,46.610474
"Ash_Dieback",16.330649,46.532877
"Ash_Dieback",15.929119,46.601358
"Ash_Dieback",15.910807,46.637943
"Ash_Dieback",16.278807,46.534729
"Ash_Dieback",15.945246,46.64666
"Ash_Dieback",16.304491,46.539135
"Ash_Dieback",16.310362,46.556594
"Ash_Dieback",16.339375,46.590716
"Ash_Dieback",15.911619,46.647383
"Ash_Dieback",15.912454,46.658173
"Ash_Dieback",15.936814,46.612317
"Ash_Dieback",15.94144,46.596759
"Ash_Dieback",16.319564,46.58105
"Ash_Dieback",15.911619,46.647383
"Ash_Dieback",15.911619,46.647383
"Ash_Dieback",16.359176,46.57938
"Ash_Dieback",15.962959,46.632567
"Ash_Dieback",16.325879,46.5404
"Ash_Dieback",15.928405,46.597765
"Ash_Dieback",16.310362,46.556594
"Ash_Dieback",16.310362,46.556594
"Ash_Dieback",16.27053,46.543189
"Ash_Dieback",16.359176,46.57938
"Ash_Dieback",16.310362,46.556594
"Ash_Dieback",16.309329,46.562454
"Ash_Dieback",15.912454,46.658173
"Ash_Dieback",16.359176,46.57938
"Ash_Dieback",16.4039,46.567629
"Ash_Dieback",16.397725,46.545662
"Ash_Dieback",15.945314,46.613128
"Ash_Dieback",15.944675,46.595158
"Ash_Dieback",16.365882,46.591302
"Ash_Dieback",16.351041,46.566557
"Ash_Dieback",15.893944,46.645049
"Ash_Dieback",16.319564,46.58105
"Ash_Dieback",16.304455,46.529464
"Ash_Dieback",15.925304,46.626356
"Ash_Dieback",16.359176,46.57938
"Ash_Dieback",16.304491,46.539135
"Ash_Dieback",16.304491,46.539135
"Ash_Dieback",15.963664,46.635485
"Ash_Dieback",16.310362,46.556594
"Ash_Dieback",15.893944,46.645049
"Ash_Dieback",15.949797,46.608161
"Ash_Dieback",16.362139,46.592966
"Ash_Dieback",15.949797,46.608161
"Ash_Dieback",15.929119,46.601358
"Ash_Dieback",15.917102,46.643291
"Ash_Dieback",16.335845,46.542713
"Ash_Dieback",16.310362,46.556594
"Ash_Dieback",16.304455,46.529464
"Ash_Dieback",16.397725,46.545662
"Ash_Dieback",15.911619,46.647383
"Ash_Dieback",15.948146,46.60705
"Ash_Dieback",15.976887,46.626376
"Ash_Dieback",16.310362,46.556594
"Ash_Dieback",16.387385,46.53904
"Ash_Dieback",16.4039,46.567629
"Ash_Dieback",16.2447,46.554
"Ash_Dieback",16.339375,46.590716
"Ash_Dieback",16.380684,46.649873
"Ash_Dieback",16.310362,46.556594
"Ash_Dieback",15.945246,46.64666
"Ash_Dieback",16.342468,46.551156
"Ash_Dieback",15.911619,46.647383
"Ash_Dieback",15.923272,46.641217
"Ash_Dieback",16.304491,46.539135
"Ash_Dieback",16.310362,46.556594
"Ash_Dieback",16.310362,46.556594
"Ash_Dieback",16.310362,46.556594
"Ash_Dieback",15.93211,46.604483
"Ash_Dieback",16.310362,46.556594
"Ash_Dieback",16.357622,46.631526
"Ash_Dieback",15.910807,46.637943
"Ash_Dieback",16.325879,46.5404
"Ash_Dieback",16.376329,46.565805
"Ash_Dieback",15.920356,46.604128
"Ash_Dieback",16.304455,46.529464
"Ash_Dieback",16.304455,46.529464
"Ash_Dieback",15.945246,46.64666
"Ash_Dieback",16.351041,46.566557
"Ash_Dieback",16.335845,46.542713
"Ash_Dieback",16.359176,46.57938
"Ash_Dieback",16.319564,46.58105
"Ash_Dieback",16.351041,46.566557
"Ash_Dieback",15.931127,46.604266
"Ash_Dieback",15.923272,46.641217
"Ash_Dieback",16.326222,46.533109
"Ash_Dieback",16.310362,46.556594
"Ash_Dieback",16.310362,46.556594
"Ash_Dieback",16.310362,46.556594
"Ash_Dieback",16.304455,46.529464
"Ash_Dieback",16.273658,46.535309
"Ash_Dieback",16.310362,46.556594
"Ash_Dieback",15.909443,46.653923
"Ash_Dieback",15.893944,46.645049
"Ash_Dieback",16.264738,46.546402
"Ash_Dieback",15.94303,46.613165
"Ash_Dieback",15.949679,46.601414
"Ash_Dieback",16.359176,46.57938
"Ash_Dieback",16.376407,46.584338
"Ash_Dieback",15.931127,46.604266
"Ash_Dieback",16.351041,46.566557
"Ash_Dieback",15.912454,46.658173
"Ash_Dieback",15.912454,46.658173
"Ash_Dieback",15.931127,46.604266
"Ash_Dieback",15.969806,46.632059
"Ash_Dieback",15.912454,46.658173
"Ash_Dieback",15.974837,46.639439
"Ash_Dieback",16.282274,46.538019
"Ash_Dieback",16.365882,46.591302
"Ash_Dieback",15.93183,46.607184
"Ash_Dieback",15.962959,46.632567
"Ash_Dieback",15.920356,46.604128
"Ash_Dieback",15.928405,46.597765
"Ash_Dieback",15.933492,46.605146
"Ash_Dieback",16.417327,46.689686
"Ash_Dieback",16.270726,46.545976
"Ash_Dieback",15.94144,46.596759
"Ash_Dieback",15.920356,46.604128
"Ash_Dieback",16.323039,46.541603
"Ash_Dieback",16.309329,46.562454
"Ash_Dieback",16.282661,46.549981
"Ash_Dieback",16.310362,46.556594
"Ash_Dieback",16.309329,46.562454
"Ash_Dieback",15.944675,46.595158
"Ash_Dieback",16.273658,46.535309
"Ash_Dieback",15.958758,46.635076
"Ash_Dieback",16.470287,46.569582
"Ash_Dieback",15.949797,46.608161
"Ash_Dieback",15.929119,46.601358
"Ash_Dieback",16.350869,46.674971
"Ash_Dieback",16.330649,46.532877
"Ash_Dieback",15.944836,46.604378
"Ash_Dieback",16.339375,46.590716
"Ash_Dieback",16.319564,46.58105
"Ash_Dieback",16.356762,46.541252
"Ash_Dieback",16.342468,46.551156
"Ash_Dieback",15.945246,46.64666
"Ash_Dieback",15.964173,46.627383
"Ash_Dieback",16.273658,46.535309
"Ash_Dieback",15.912454,46.658173
"Ash_Dieback",16.388342,46.642808
"Ash_Dieback",16.304491,46.539135
"Ash_Dieback",15.941416,46.59541
"Ash_Dieback",15.912454,46.658173
"Ash_Dieback",15.932297,46.653289
"Ash_Dieback",16.310362,46.556594
"Ash_Dieback",16.255863,46.551718
"Ash_Dieback",15.93211,46.604483
"Ash_Dieback",16.357622,46.631526
"Ash_Dieback",16.310362,46.556594
"Ash_Dieback",15.924958,46.644352
"Ash_Dieback",15.932297,46.653289
"Ash_Dieback",16.269228,46.58234
"Ash_Dieback",16.310362,46.556594
"Ash_Dieback",16.304491,46.539135
"Ash_Dieback",16.272486,46.543167
"Ash_Dieback",15.929119,46.601358
"Ash_Dieback",15.945314,46.613128
"Ash_Dieback",15.928405,46.597765
"Ash_Dieback",16.398092,46.570039
"Ash_Dieback",16.304455,46.529464
"Ash_Dieback",16.351041,46.566557
"Ash_Dieback",16.304455,46.529464
"Ash_Dieback",16.339375,46.590716
"Ash_Dieback",16.310362,46.556594
"Ash_Dieback",15.919844,46.612455
"Ash_Dieback",16.273658,46.535309
"Ash_Dieback",15.912454,46.658173
"Ash_Dieback",16.320376,46.539294
"Ash_Dieback",15.929119,46.601358
"Ash_Dieback",16.330697,46.540164
"Ash_Dieback",16.310362,46.556594
"Ash_Dieback",15.909443,46.653923
"Ash_Dieback",16.376329,46.565805
"Ash_Dieback",15.908527,46.657754
"Ash_Dieback",16.327563,46.681317
"Ash_Dieback",15.933959,46.59817
"Ash_Dieback",16.310362,46.556594
"Ash_Dieback",15.94104,46.592489
"Ash_Dieback",16.310362,46.556594
"Ash_Dieback",16.310362,46.556594
"Ash_Dieback",16.310362,46.556594
"Ash_Dieback",16.436365,46.606452
"Ash_Dieback",15.945246,46.64666
"Ash_Dieback",16.396243,46.569162
"Ash_Dieback",15.945246,46.64666
"Ash_Dieback",16.310362,46.556594
"Ash_Dieback",16.376329,46.565805
"Ash_Dieback",15.942843,46.60237
"Ash_Dieback",16.357622,46.631526
"Ash_Dieback",16.269228,46.58234
"Ash_Dieback",16.264738,46.546402
"Ash_Dieback",16.319564,46.58105
"Ash_Dieback",16.351041,46.566557
"Ash_Dieback",16.325879,46.5404
"Ash_Dieback",16.382474,46.653451
"Ash_Dieback",16.319564,46.58105
"Ash_Dieback",15.923272,46.641217
"Ash_Dieback",15.923272,46.641217
"Ash_Dieback",16.304455,46.529464
"Ash_Dieback",16.359176,46.57938
"Ash_Dieback",16.351041,46.566557
"Ash_Dieback",15.909443,46.653923
"Ash_Dieback",16.262408,46.547148
"Ash_Dieback",16.359176,46.57938
"Ash_Dieback",16.310362,46.556594
"Ash_Dieback",16.246531,46.55425
"Ash_Dieback",16.398834,46.573539
"Ash_Dieback",16.376329,46.565805
"Ash_Dieback",16.247951,46.553604
"Ash_Dieback",16.38074,46.582846
"Ash_Dieback",16.332323,46.537356
"Ash_Dieback",16.365882,46.591302
"Ash_Dieback",15.941502,46.600357
"Ash_Dieback",15.912454,46.658173
"Ash_Dieback",16.357622,46.631526
"Ash_Dieback",16.310362,46.556594
"Ash_Dieback",16.33651,46.532629
"Ash_Dieback",16.255863,46.551718
"Ash_Dieback",16.255863,46.551718
"Ash_Dieback",16.310362,46.556594
"Ash_Dieback",16.310362,46.556594
"Ash_Dieback",15.923272,46.641217
"Ash_Dieback",16.339375,46.590716
"Ash_Dieback",16.304455,46.529464
"Ash_Dieback",16.386562,46.639636
"Ash_Dieback",16.309329,46.562454
"Ash_Dieback",16.304491,46.539135
"Ash_Dieback",16.33651,46.532629
"Ash_Dieback",15.976887,46.626376
"Ash_Dieback",16.255863,46.551718
"Ash_Dieback",16.387683,46.642591
"Ash_Dieback",15.929119,46.601358
"Ash_Dieback",16.269228,46.58234
"Ash_Dieback",16.37475,46.580759
"Ash_Dieback",16.24804,46.551804
"Ash_Dieback",16.269228,46.58234
"Ash_Dieback",15.941659,46.609353
"Ash_Dieback",15.909443,46.653923
"Ash_Dieback",16.351041,46.566557
"Ash_Dieback",16.417233,46.686088
"Ash_Dieback",16.337641,46.541523
"Ash_Dieback",16.339375,46.590716
"Ash_Dieback",16.304455,46.529464
"Ash_Dieback",16.393127,46.56974
"Ash_Dieback",15.946742,46.601438
"Ash_Dieback",16.328032,46.543164
"Ash_Dieback",16.310362,46.556594
"Ash_Dieback",16.310362,46.556594
"Ash_Dieback",15.923272,46.641217
"Ash_Dieback",16.304455,46.529464
"Ash_Dieback",16.339375,46.590716
"Ash_Dieback",16.323039,46.541603
"Ash_Dieback",15.93183,46.607184
"Ash_Dieback",16.436365,46.606452
"Ash_Dieback",15.935529,46.594558
"Ash_Dieback",16.319564,46.58105
"Ash_Dieback",15.929119,46.601358
"Ash_Dieback",16.38355,46.644441
"Ash_Dieback",15.917102,46.643291
"Ash_Dieback",16.357622,46.631526
"Ash_Dieback",16.247951,46.553604
"Ash_Dieback",15.945246,46.64666
"Ash_Dieback",16.273658,46.535309
"Ash_Dieback",16.376329,46.565805
"Ash_Dieback",16.269228,46.58234
"Ash_Dieback",16.337826,46.533153
"Ash_Dieback",16.282661,46.549981
"Ash_Dieback",16.274412,46.541886
"Ash_Dieback",15.928405,46.597765
"Ash_Dieback",15.912454,46.658173
"Ash_Dieback",15.945246,46.64666
"Ash_Dieback",16.269228,46.58234
"Ash_Dieback",16.304491,46.539135
"Ash_Dieback",16.339375,46.590716
"Ash_Dieback",15.930231,46.628115
"Ash_Dieback",15.912454,46.658173
"Ash_Dieback",15.929119,46.601358
"Ash_Dieback",16.357622,46.631526
"Ash_Dieback",16.309329,46.562454
"Ash_Dieback",16.339375,46.590716
"Ash_Dieback",15.937171,46.59522
"Ash_Dieback",16.332814,46.541399
"Ash_Dieback",16.271849,46.538226
"Ash_Dieback",15.893944,46.645049
"Ash_Dieback",16.351041,46.566557
"Ash_Dieback",16.274144,46.536041
"Ash_Dieback",16.342468,46.551156
"Ash_Dieback",16.337641,46.541523
"Ash_Dieback",16.388342,46.642808
"Ash_Dieback",16.309329,46.562454
"Ash_Dieback",16.376329,46.565805
"Ash_Dieback",16.27258,46.541636
"Ash_Dieback",15.949797,46.608161
"Ash_Dieback",15.944116,46.600561
"Ash_Dieback",16.401138,46.566763
"Ash_Dieback",16.325879,46.5404
"Ash_Dieback",16.304491,46.539135
"Ash_Dieback",16.310362,46.556594
"Ash_Dieback",15.893944,46.645049
"Ash_Dieback",16.339375,46.590716
"Ash_Dieback",16.250232,46.5507
"Ash_Dieback",16.360445,46.587858
"Ash_Dieback",15.93183,46.607184
"Ash_Dieback",16.351041,46.566557
"Ash_Dieback",16.282661,46.549981
"Ash_Dieback",16.339375,46.590716
"Ash_Dieback",16.357622,46.631526
"Ash_Dieback",16.267866,46.546367
"Ash_Dieback",16.330649,46.532877
"Ash_Dieback",16.282661,46.549981
"Ash_Dieback",16.357622,46.631526
"Ash_Dieback",16.309329,46.562454
"Ash_Dieback",15.443258,46.407625
"Ash_Dieback",16.401475,46.670763
"Ash_Dieback",16.357622,46.631526
"Ash_Dieback",16.304455,46.529464
"Ash_Dieback",16.323039,46.541603
"Ash_Dieback",16.310362,46.556594
"Ash_Dieback",16.279197,46.540213
"Ash_Dieback",16.255863,46.551718
"Ash_Dieback",16.397725,46.545662
"Ash_Dieback",16.269228,46.58234
"Ash_Dieback",16.310362,46.556594
"Ash_Dieback",16.310362,46.556594
"Ash_Dieback",16.339375,46.590716
"Ash_Dieback",16.269228,46.58234
"Ash_Dieback",16.310362,46.556594
"Ash_Dieback",16.310362,46.556594
"Ash_Dieback",16.262408,46.547148
"Ash_Dieback",16.38355,46.644441
"Ash_Dieback",15.949679,46.601414
"Ash_Dieback",16.304491,46.539135
"Ash_Dieback",16.26515,46.547297
"Ash_Dieback",16.359176,46.57938
"Ash_Dieback",15.893944,46.645049
"Ash_Dieback",15.910509,46.620177
"Ash_Dieback",15.295867,46.531759
"Ash_Dieback",16.337826,46.533153
"Ash_Dieback",15.945246,46.64666
"Ash_Dieback",16.372947,46.679656
"Ash_Dieback",15.934946,46.598612
"Ash_Dieback",15.935529,46.594558
"Ash_Dieback",16.339375,46.590716
"Ash_Dieback",16.246531,46.55425
"Ash_Dieback",16.269228,46.58234
"Ash_Dieback",16.342468,46.551156
"Ash_Dieback",15.917102,46.643291
"Ash_Dieback",16.309329,46.562454
"Ash_Dieback",16.34226,46.5385
"Ash_Dieback",16.332814,46.541399
"Ash_Dieback",16.310362,46.556594
"Ash_Dieback",15.941416,46.59541
"Ash_Dieback",16.310362,46.556594
"Ash_Dieback",16.351041,46.566557
"Ash_Dieback",16.304455,46.529464
"Ash_Dieback",16.342468,46.551156
"Ash_Dieback",16.382172,46.580129
"Ash_Dieback",16.304455,46.529464
"Ash_Dieback",16.310362,46.556594
"Ash_Dieback",16.309329,46.562454
"Ash_Dieback",15.924958,46.644352
"Ash_Dieback",16.309329,46.562454
"Ash_Dieback",15.893944,46.645049
"Ash_Dieback",15.945246,46.64666
"Ash_Dieback",16.260845,46.547255
"Ash_Dieback",16.351041,46.566557
"Ash_Dieback",16.400617,46.607255
"Ash_Dieback",15.945246,46.64666
"Ash_Dieback",16.376329,46.565805
"Ash_Dieback",16.351041,46.566557
"Ash_Dieback",16.319564,46.58105
"Ash_Dieback",16.304455,46.529464
"Ash_Dieback",15.945246,46.64666
"Ash_Dieback",16.359176,46.57938
"Ash_Dieback",15.928405,46.597765
"Ash_Dieback",16.376329,46.565805
"Ash_Dieback",16.319564,46.58105
"Ash_Dieback",15.912454,46.658173
"Ash_Dieback",16.310362,46.556594
"Ash_Dieback",16.310362,46.556594
"Ash_Dieback",16.339375,46.590716
"Ash_Dieback",16.323039,46.541603
"Ash_Dieback",16.309329,46.562454
"Ash_Dieback",16.304455,46.529464
"Ash_Dieback",15.93211,46.604483
"Ash_Dieback",16.278807,46.534729
"Ash_Dieback",16.342468,46.551156
"Ash_Dieback",15.932297,46.653289
"Ash_Dieback",15.912454,46.658173
"Ash_Dieback",16.332893,46.544637
"Ash_Dieback",16.319564,46.58105
"Ash_Dieback",16.351041,46.566557
"Ash_Dieback",16.278807,46.534729
"Ash_Dieback",16.379311,46.580524
"Ash_Dieback",16.342468,46.551156
"Ash_Dieback",16.263398,46.544887
"Ash_Dieback",16.339375,46.590716
"Ash_Dieback",16.273658,46.535309
"Ash_Dieback",16.330697,46.540164
"Ash_Dieback",16.319564,46.58105
"Ash_Dieback",15.933492,46.605146
"Ash_Dieback",16.310362,46.556594
"Ash_Dieback",16.304455,46.529464
"Ash_Dieback",16.359176,46.57938
"Ash_Dieback",16.359176,46.57938
"Ash_Dieback",16.359176,46.57938
"Ash_Dieback",15.912454,46.658173
"Ash_Dieback",16.382474,46.653451
"Ash_Dieback",15.912454,46.658173
"Ash_Dieback",15.948146,46.60705
"Ash_Dieback",16.342468,46.551156
"Ash_Dieback",16.269228,46.58234
"Ash_Dieback",15.909443,46.653923
"Ash_Dieback",16.351041,46.566557
"Ash_Dieback",16.319564,46.58105
"Ash_Dieback",15.94303,46.613165
"Ash_Dieback",16.3699,46.585046
"Ash_Dieback",16.384529,46.580461
"Ash_Dieback",15.976887,46.626376
"Ash_Dieback",16.357622,46.631526
"Ash_Dieback",16.309329,46.562454
"Ash_Dieback",16.372947,46.679656
"Ash_Dieback",16.357622,46.631526
"Ash_Dieback",16.351041,46.566557
"Ash_Dieback",16.360445,46.587858
"Ash_Dieback",16.339375,46.590716
"Ash_Dieback",16.332323,46.537356
"Ash_Dieback",16.357622,46.631526
"Ash_Dieback",15.928387,46.615759
"Ash_Dieback",16.319564,46.58105
"Ash_Dieback",15.920356,46.604128
"Ash_Dieback",16.359176,46.57938
"Ash_Dieback",15.931127,46.604266
"Ash_Dieback",16.32774,46.675242
"Ash_Dieback",16.357622,46.631526
"Ash_Dieback",15.925922,46.624326
"Ash_Dieback",16.310362,46.556594
"Ash_Dieback",16.339375,46.590716
"Ash_Dieback",16.319564,46.58105
"Ash_Dieback",16.337826,46.533153
"Ash_Dieback",15.945246,46.64666
"Ash_Dieback",16.269228,46.58234
"Ash_Dieback",16.310362,46.556594
"Ash_Dieback",16.246531,46.55425
"Ash_Dieback",16.319564,46.58105
"Ash_Dieback",16.357622,46.631526
"Ash_Dieback",15.931127,46.604266
"Ash_Dieback",15.945246,46.64666
"Ash_Dieback",16.339375,46.590716
"Ash_Dieback",16.310362,46.556594
"Ash_Dieback",16.351041,46.566557
"Ash_Dieback",16.339375,46.590716
"Ash_Dieback",16.351041,46.566557
"Ash_Dieback",16.359176,46.57938
"Ash_Dieback",16.339375,46.590716
"Ash_Dieback",16.339375,46.590716
"Ash_Dieback",16.304491,46.539135
"Ash_Dieback",16.270726,46.545976
"Ash_Dieback",16.264738,46.546402
"Ash_Dieback",16.339375,46.590716
"Ash_Dieback",16.310362,46.556594
"Ash_Dieback",16.332893,46.544637
"Ash_Dieback",16.339375,46.590716
"Ash_Dieback",16.310362,46.556594
"Ash_Dieback",16.351041,46.566557
"Ash_Dieback",15.912454,46.658173
"Ash_Dieback",16.304455,46.529464
"Ash_Dieback",16.339375,46.590716
"Ash_Dieback",16.245824,46.551828
"Ash_Dieback",15.920356,46.604128
"Ash_Dieback",15.945246,46.64666
"Ash_Dieback",15.945246,46.64666
"Ash_Dieback",16.252651,46.548155
"Ash_Dieback",15.912454,46.658173
"Ash_Dieback",16.255863,46.551718
"Ash_Dieback",16.359176,46.57938
"Ash_Dieback",16.282661,46.549981
"Ash_Dieback",16.269228,46.58234
"Ash_Dieback",16.309329,46.562454
"Ash_Dieback",16.351041,46.566557
"Ash_Dieback",16.351041,46.566557
"Ash_Dieback",16.304491,46.539135
"Ash_Dieback",16.332893,46.544637
"Ash_Dieback",16.309329,46.562454
"Ash_Dieback",15.944836,46.604378
"Ash_Dieback",16.339375,46.590716
"Ash_Dieback",16.351041,46.566557
"Ash_Dieback",16.310362,46.556594
"Ash_Dieback",15.942843,46.60237
"Ash_Dieback",16.310362,46.556594
"Ash_Dieback",16.269228,46.58234
"Ash_Dieback",16.4039,46.567629
"Ash_Dieback",16.376223,46.592527
"Ash_Dieback",15.912454,46.658173
"Ash_Dieback",16.255863,46.551718
"Ash_Dieback",16.346665,46.674121
"Ash_Dieback",16.283094,46.539063
"Ash_Dieback",16.310362,46.556594
"Ash_Dieback",16.359176,46.57938
"Ash_Dieback",16.304455,46.529464
"Ash_Dieback",16.359176,46.57938
"Ash_Dieback",16.282661,46.549981
"Ash_Dieback",15.94303,46.613165
"Ash_Dieback",15.913401,46.617455
"Ash_Dieback",16.310362,46.556594
"Ash_Dieback",16.342468,46.551156
"Ash_Dieback",16.357622,46.631526
"Ash_Dieback",16.309329,46.562454
"Ash_Dieback",16.339375,46.590716
"Ash_Dieback",16.255863,46.551718
"Ash_Dieback",16.309329,46.562454
"Ash_Dieback",16.310362,46.556594
"Ash_Dieback",16.272408,46.545417
"Ash_Dieback",16.304455,46.529464
"Ash_Dieback",16.337641,46.541523
"Ash_Dieback",16.376329,46.565805
"Ash_Dieback",16.387385,46.53904
"Ash_Dieback",16.319564,46.58105
"Ash_Dieback",16.269228,46.58234
"Ash_Dieback",16.319564,46.58105
"Ash_Dieback",16.310362,46.556594
"Ash_Dieback",16.38074,46.582846
"Ash_Dieback",15.856067,46.489963
"Ash_Dieback",16.351041,46.566557
"Ash_Dieback",15.945246,46.64666
"Ash_Dieback",16.282661,46.549981
"Ash_Dieback",16.310362,46.556594
"Ash_Dieback",16.339375,46.590716
"Ash_Dieback",16.393127,46.56974
"Ash_Dieback",16.359176,46.57938
"Ash_Dieback",16.269228,46.58234
"Ash_Dieback",15.923272,46.641217
"Ash_Dieback",16.359176,46.57938
"Ash_Dieback",16.269228,46.58234
"Ash_Dieback",16.269228,46.58234
"Ash_Dieback",15.912454,46.658173
"Ash_Dieback",15.954613,46.603622
"Ash_Dieback",15.931265,46.604715
"Ash_Dieback",15.932297,46.653289
"Ash_Dieback",16.357622,46.631526
"Ash_Dieback",16.342468,46.551156
"Ash_Dieback",16.351041,46.566557
"Ash_Dieback",16.351041,46.566557
"Ash_Dieback",16.255863,46.551718
"Ash_Dieback",15.946742,46.601438
"Ash_Dieback",16.351041,46.566557
"Ash_Dieback",16.380684,46.649873
"Ash_Dieback",16.319564,46.58105
"Ash_Dieback",16.304455,46.529464
"Ash_Dieback",16.269228,46.58234
"Ash_Dieback",16.247951,46.553604
"Ash_Dieback",16.269228,46.58234
"Ash_Dieback",16.382172,46.580129
"Ash_Dieback",16.360445,46.587858
"Ash_Dieback",15.94144,46.596759
"Ash_Dieback",16.359176,46.57938
"Ash_Dieback",16.339375,46.590716
"Ash_Dieback",15.941659,46.609353
"Ash_Dieback",16.351041,46.566557
"Ash_Dieback",16.328032,46.543164
"Ash_Dieback",16.270726,46.545976
"Ash_Dieback",16.351041,46.566557
"Ash_Dieback",15.928387,46.615759
"Ash_Dieback",16.364037,46.626951
"Ash_Dieback",16.314704,46.600188
"Ash_Dieback",16.278807,46.534729
"Ash_Dieback",16.365882,46.591302
"Ash_Dieback",16.516152,46.499796
"Ash_Dieback",16.310362,46.556594
"Ash_Dieback",15.958758,46.635076
"Ash_Dieback",16.337826,46.533153
"Ash_Dieback",16.351041,46.566557
"Ash_Dieback",16.376329,46.565805
"Ash_Dieback",16.319564,46.58105
"Ash_Dieback",16.339375,46.590716
"Ash_Dieback",15.713861,46.279211
"Ash_Dieback",16.3699,46.585046
"Ash_Dieback",15.89687,46.532106
"Ash_Dieback",15.912454,46.658173
"Ash_Dieback",15.924958,46.644352
"Ash_Dieback",16.351041,46.566557
"Ash_Dieback",15.928405,46.597765
"Ash_Dieback",16.310362,46.556594
"Ash_Dieback",16.309329,46.562454
"Ash_Dieback",16.351041,46.566557
"Ash_Dieback",16.24804,46.551804
"Ash_Dieback",16.310362,46.556594
"Ash_Dieback",16.333903,46.673371
"Ash_Dieback",15.923272,46.641217
"Ash_Dieback",15.941659,46.609353
"Ash_Dieback",16.319564,46.58105
"Ash_Dieback",15.911619,46.647383
"Ash_Dieback",16.310362,46.556594
"Ash_Dieback",16.365882,46.591302
"Ash_Dieback",15.941416,46.59541
"Ash_Dieback",16.339375,46.590716
"Ash_Dieback",16.269228,46.58234
"Ash_Dieback",16.357622,46.631526
"Ash_Dieback",16.339375,46.590716
"Ash_Dieback",16.344573,46.679364
"Ash_Dieback",16.269228,46.58234
"Ash_Dieback",15.868397,46.526316
"Ash_Dieback",16.310362,46.556594
"Ash_Dieback",15.908527,46.657754
"Ash_Dieback",16.309329,46.562454
"Ash_Dieback",16.385268,46.583871
"Ash_Dieback",16.304455,46.529464
"Ash_Dieback",16.359176,46.57938
"Ash_Dieback",16.309329,46.562454
"Ash_Dieback",16.310362,46.556594
"Ash_Dieback",16.304455,46.529464
"Ash_Dieback",15.890049,46.505681
"Ash_Dieback",16.359176,46.57938
"Ash_Dieback",16.397725,46.545662
"Ash_Dieback",16.309329,46.562454
"Ash_Dieback",16.339375,46.590716
"Ash_Dieback",16.384529,46.580461
"Ash_Dieback",15.929857,46.606301
"Ash_Dieback",16.359176,46.57938
"Ash_Dieback",16.359176,46.57938
"Ash_Dieback",16.376329,46.565805
"Ash_Dieback",16.310362,46.556594
"Ash_Dieback",16.310362,46.556594
"Ash_Dieback",16.339375,46.590716
"Ash_Dieback",16.321916,46.538287
"Ash_Dieback",16.351041,46.566557
"Ash_Dieback",16.328032,46.543164
"Ash_Dieback",16.310362,46.556594
"Ash_Dieback",16.339375,46.590716
"Ash_Dieback",15.925983,46.608806
"Ash_Dieback",16.321916,46.538287
"Ash_Dieback",16.339375,46.590716
"Ash_Dieback",16.304455,46.529464
"Ash_Dieback",16.339375,46.590716
"Ash_Dieback",16.351041,46.566557
"Ash_Dieback",16.282661,46.549981
"Ash_Dieback",15.929119,46.601358
"Ash_Dieback",16.330649,46.532877
"Ash_Dieback",16.357622,46.631526
"Ash_Dieback",16.339375,46.590716
"Ash_Dieback",16.398834,46.573539
"Ash_Dieback",15.931127,46.604266
"Ash_Dieback",16.307284,46.62434
"Ash_Dieback",16.365882,46.591302
"Ash_Dieback",16.269228,46.58234
"Ash_Dieback",16.330649,46.532877
"Ash_Dieback",15.86102,46.486831
"Ash_Dieback",15.910807,46.637943
"Ash_Dieback",16.269228,46.58234
"Ash_Dieback",16.507659,46.498918
"Ash_Dieback",15.893944,46.645049
"Ash_Dieback",15.912454,46.658173
"Ash_Dieback",16.359176,46.57938
"Ash_Dieback",16.309329,46.562454
"Ash_Dieback",16.339375,46.590716
"Ash_Dieback",16.309329,46.562454
"Ash_Dieback",16.272408,46.545417
"Ash_Dieback",16.359176,46.57938
"Ash_Dieback",16.359176,46.57938
"Ash_Dieback",16.342468,46.551156
"Ash_Dieback",16.339375,46.590716
"Ash_Dieback",16.319564,46.58105
"Ash_Dieback",16.351274,46.6074
"Ash_Dieback",16.304491,46.539135
"Ash_Dieback",16.319564,46.58105
"Ash_Dieback",16.339375,46.590716
"Ash_Dieback",16.304491,46.539135
"Ash_Dieback",16.342468,46.551156
"Ash_Dieback",16.409305,46.695408
"Ash_Dieback",16.402528,46.600394
"Ash_Dieback",16.359176,46.57938
"Ash_Dieback",16.386562,46.639636
"Ash_Dieback",16.319564,46.58105
"Ash_Dieback",16.253599,46.549674
"Ash_Dieback",16.394865,46.5663
"Ash_Dieback",15.800825,46.352699
"Ash_Dieback",16.319564,46.58105
"Ash_Dieback",16.339375,46.590716
"Ash_Dieback",16.325879,46.5404
"Ash_Dieback",16.323608,46.538177
"Ash_Dieback",16.332893,46.544637
"Ash_Dieback",16.339375,46.590716
"Ash_Dieback",16.365882,46.591302
"Ash_Dieback",16.376223,46.592527
"Ash_Dieback",16.255863,46.551718
"Ash_Dieback",16.339375,46.590716
"Ash_Dieback",16.357622,46.631526
"Ash_Dieback",16.310362,46.556594
"Ash_Dieback",16.409043,46.599954
"Ash_Dieback",16.310362,46.556594
"Ash_Dieback",16.378963,46.587366
"Ash_Dieback",16.376329,46.565805
"Ash_Dieback",16.339375,46.590716
"Ash_Dieback",15.931157,46.604491
"Ash_Dieback",16.351274,46.6074
"Ash_Dieback",16.314704,46.600188
"Ash_Dieback",16.329858,46.532527
"Ash_Dieback",15.894267,46.438827
"Ash_Dieback",16.309329,46.562454
"Ash_Dieback",16.247951,46.553604
"Ash_Dieback",15.910131,46.501915
"Ash_Dieback",16.309329,46.562454
"Ash_Dieback",16.351041,46.566557
"Ash_Dieback",16.339375,46.590716
"Ash_Dieback",16.269228,46.58234
"Ash_Dieback",16.357622,46.631526
"Ash_Dieback",16.376223,46.592527
"Ash_Dieback",16.371491,46.596363
"Ash_Dieback",16.304455,46.529464
"Ash_Dieback",16.351041,46.566557
"Ash_Dieback",16.359176,46.57938
"Ash_Dieback",16.310362,46.556594
"Ash_Dieback",16.357622,46.631526
"Ash_Dieback",16.304455,46.529464
"Ash_Dieback",16.338173,46.541966
"Ash_Dieback",16.379311,46.580524
"Ash_Dieback",16.314704,46.600188
"Ash_Dieback",16.321916,46.538287
"Ash_Dieback",16.304455,46.529464
"Ash_Dieback",15.450877,46.377383
"Ash_Dieback",16.255863,46.551718
"Ash_Dieback",15.912454,46.658173
"Ash_Dieback",16.351274,46.6074
"Ash_Dieback",16.351041,46.566557
"Ash_Dieback",16.359176,46.57938
"Ash_Dieback",16.357622,46.631526
"Ash_Dieback",16.359176,46.57938
"Ash_Dieback",16.325879,46.5404
"Ash_Dieback",16.351274,46.6074
"Ash_Dieback",16.351274,46.6074
"Ash_Dieback",16.339375,46.590716
"Ash_Dieback",15.929119,46.601358
"Ash_Dieback",16.339375,46.590716
"Ash_Dieback",16.359176,46.57938
"Ash_Dieback",16.37475,46.580759
"Ash_Dieback",16.332814,46.541399
"Ash_Dieback",15.295803,46.536869
"Ash_Dieback",16.013758,46.376891
"Ash_Dieback",16.269228,46.58234
"Ash_Dieback",16.255863,46.551718
"Ash_Dieback",16.319564,46.58105
"Ash_Dieback",15.968998,46.337836
"Ash_Dieback",16.357622,46.631526
"Ash_Dieback",16.37475,46.580759
"Ash_Dieback",16.330697,46.540164
"Ash_Dieback",15.949679,46.601414
"Ash_Dieback",16.252651,46.548155
"Ash_Dieback",16.309329,46.562454
"Ash_Dieback",16.357622,46.631526
"Ash_Dieback",16.351041,46.566557
"Ash_Dieback",16.387683,46.642591
"Ash_Dieback",16.269228,46.58234
"Ash_Dieback",16.3699,46.585046
"Ash_Dieback",16.282661,46.549981
"Ash_Dieback",15.933634,46.478297
"Ash_Dieback",16.319564,46.58105
"Ash_Dieback",15.525311,46.37872
"Ash_Dieback",16.365882,46.591302
"Ash_Dieback",15.893944,46.645049
"Ash_Dieback",16.394791,46.604088
"Ash_Dieback",16.351041,46.566557
"Ash_Dieback",15.952002,46.603644
"Ash_Dieback",16.274412,46.541886
"Ash_Dieback",16.35674,46.591051
"Ash_Dieback",16.310362,46.556594
"Ash_Dieback",16.309329,46.562454
"Ash_Dieback",16.343396,46.626656
"Ash_Dieback",16.384477,46.593777
"Ash_Dieback",16.357622,46.631526
"Ash_Dieback",16.310362,46.556594
"Ash_Dieback",16.351041,46.566557
"Ash_Dieback",16.378963,46.587366
"Ash_Dieback",16.278841,46.536168
"Ash_Dieback",15.948146,46.60705
"Ash_Dieback",16.269228,46.58234
"Ash_Dieback",16.344573,46.679364
"Ash_Dieback",15.941659,46.609353
"Ash_Dieback",16.360445,46.587858
"Ash_Dieback",16.310362,46.556594
"Ash_Dieback",16.064327,46.351571
"Ash_Dieback",16.410794,46.5769
"Ash_Dieback",15.55353,46.450104
"Ash_Dieback",16.304455,46.529464
"Ash_Dieback",16.329473,46.679271
"Ash_Dieback",16.269228,46.58234
"Ash_Dieback",16.359176,46.57938
"Ash_Dieback",16.310362,46.556594
"Ash_Dieback",16.359176,46.57938
"Ash_Dieback",15.893944,46.645049
"Ash_Dieback",16.339375,46.590716
"Ash_Dieback",15.942843,46.60237
"Ash_Dieback",16.309329,46.562454
"Ash_Dieback",16.25645,46.548923
"Ash_Dieback",16.269228,46.58234
"Ash_Dieback",16.310362,46.556594
"Ash_Dieback",15.945246,46.64666
"Ash_Dieback",16.269228,46.58234
"Ash_Dieback",16.36898,46.626173
"Ash_Dieback",15.897025,46.653572
"Ash_Dieback",16.304491,46.539135
"Ash_Dieback",16.314704,46.600188
"Ash_Dieback",16.351041,46.566557
"Ash_Dieback",16.314704,46.600188
"Ash_Dieback",16.269228,46.58234
"Ash_Dieback",16.276442,46.539524
"Ash_Dieback",16.272427,46.540648
"Ash_Dieback",16.304455,46.529464
"Ash_Dieback",16.357622,46.631526
"Ash_Dieback",16.357622,46.631526
"Ash_Dieback",16.339375,46.590716
"Ash_Dieback",16.351274,46.6074
"Ash_Dieback",16.414199,46.582436
"Ash_Dieback",16.309329,46.562454
"Ash_Dieback",16.357622,46.631526
"Ash_Dieback",16.359176,46.57938
"Ash_Dieback",16.351041,46.566557
"Ash_Dieback",15.919844,46.612455
"Ash_Dieback",16.310362,46.556594
"Ash_Dieback",16.38355,46.644441
"Ash_Dieback",16.359176,46.57938
"Ash_Dieback",15.976887,46.626376
"Ash_Dieback",16.269228,46.58234
"Ash_Dieback",15.93211,46.604483
"Ash_Dieback",16.37475,46.580759
"Ash_Dieback",16.304455,46.529464
"Ash_Dieback",15.952002,46.603644
"Ash_Dieback",16.319564,46.58105
"Ash_Dieback",16.351274,46.6074
"Ash_Dieback",16.342468,46.551156
"Ash_Dieback",16.35674,46.591051
"Ash_Dieback",16.255863,46.551718
"Ash_Dieback",15.620343,46.407618
"Ash_Dieback",15.931127,46.604266
"Ash_Dieback",16.359176,46.57938
"Ash_Dieback",16.319564,46.58105
"Ash_Dieback",16.343396,46.626656
"Ash_Dieback",16.342468,46.551156
"Ash_Dieback",16.357622,46.631526
"Ash_Dieback",16.397725,46.545662
"Ash_Dieback",15.663121,46.310063
"Ash_Dieback",16.309329,46.562454
"Ash_Dieback",16.314704,46.600188
"Ash_Dieback",16.36049,46.589657
"Ash_Dieback",15.266584,46.546982
"Ash_Dieback",16.37475,46.580759
"Ash_Dieback",16.359176,46.57938
"Ash_Dieback",16.393127,46.56974
"Ash_Dieback",16.362139,46.592966
"Ash_Dieback",16.338173,46.541966
"Ash_Dieback",16.376223,46.592527
"Ash_Dieback",16.269228,46.58234
"Ash_Dieback",16.24804,46.551804
"Ash_Dieback",16.382172,46.580129
"Ash_Dieback",15.956046,46.592364
"Ash_Dieback",16.304455,46.529464
"Ash_Dieback",16.310362,46.556594
"Ash_Dieback",15.945246,46.64666
"Ash_Dieback",16.351274,46.6074
"Ash_Dieback",15.928387,46.615759
"Ash_Dieback",15.901269,46.494725
"Ash_Dieback",16.359176,46.57938
"Ash_Dieback",16.310362,46.556594
"Ash_Dieback",16.319564,46.58105
"Ash_Dieback",16.337826,46.533153
"Ash_Dieback",16.319564,46.58105
"Ash_Dieback",16.359176,46.57938
"Ash_Dieback",16.339375,46.590716
"Ash_Dieback",15.928405,46.597765
"Ash_Dieback",16.351041,46.566557
"Ash_Dieback",16.359176,46.57938
"Ash_Dieback",16.304455,46.529464
"Ash_Dieback",15.929119,46.601358
"Ash_Dieback",16.410929,46.582117
"Ash_Dieback",16.339375,46.590716
"Ash_Dieback",15.684399,46.349327
"Ash_Dieback",16.304491,46.539135
"Ash_Dieback",16.269228,46.58234
"Ash_Dieback",15.929119,46.601358
"Ash_Dieback",16.387385,46.53904
"Ash_Dieback",15.945246,46.64666
"Ash_Dieback",16.351274,46.6074
"Ash_Dieback",16.271849,46.538226
"Ash_Dieback",16.273658,46.535309
"Ash_Dieback",15.930231,46.628115
"Ash_Dieback",16.359176,46.57938
"Ash_Dieback",16.314704,46.600188
"Ash_Dieback",16.310362,46.556594
"Ash_Dieback",16.319564,46.58105
"Ash_Dieback",16.339375,46.590716
"Ash_Dieback",16.359176,46.57938
"Ash_Dieback",16.351041,46.566557
"Ash_Dieback",16.310362,46.556594
"Ash_Dieback",16.401138,46.566763
"Ash_Dieback",16.359176,46.57938
"Ash_Dieback",16.35674,46.591051
"Ash_Dieback",15.361888,46.618441
"Ash_Dieback",16.379311,46.580524
"Ash_Dieback",15.933634,46.478297
"Ash_Dieback",16.339375,46.590716
"Ash_Dieback",16.310362,46.556594
"Ash_Dieback",16.351041,46.566557
"Ash_Dieback",16.351274,46.6074
"Ash_Dieback",16.319564,46.58105
"Ash_Dieback",16.319564,46.58105
"Ash_Dieback",16.269228,46.58234
"Ash_Dieback",16.351041,46.566557
"Ash_Dieback",16.304491,46.539135
"Ash_Dieback",16.339375,46.590716
"Ash_Dieback",16.24804,46.551804
"Ash_Dieback",15.912454,46.658173
"Ash_Dieback",16.319564,46.58105
"Ash_Dieback",16.310362,46.556594
"Ash_Dieback",16.369338,46.593779
"Ash_Dieback",16.351041,46.566557
"Ash_Dieback",15.910807,46.637943
"Ash_Dieback",15.893944,46.645049
"Ash_Dieback",15.518948,46.483169
"Ash_Dieback",16.339375,46.590716
"Ash_Dieback",16.351041,46.566557
"Ash_Dieback",16.310362,46.556594
"Ash_Dieback",16.339375,46.590716
"Ash_Dieback",16.376223,46.592527
"Ash_Dieback",16.33651,46.532629
"Ash_Dieback",16.314704,46.600188
"Ash_Dieback",16.339375,46.590716
"Ash_Dieback",16.3699,46.585046
"Ash_Dieback",16.339375,46.590716
"Ash_Dieback",16.339375,46.590716
"Ash_Dieback",16.394791,46.604088
"Ash_Dieback",16.359176,46.57938
"Ash_Dieback",16.277769,46.540499
"Ash_Dieback",16.380183,46.58915
"Ash_Dieback",15.814677,46.439082
"Ash_Dieback",16.359176,46.57938
"Ash_Dieback",16.419696,46.57805
"Ash_Dieback",16.338907,46.664316
"Ash_Dieback",16.339375,46.590716
"Ash_Dieback",16.42439,46.587888
"Ash_Dieback",16.310362,46.556594
"Ash_Dieback",16.342468,46.551156
"Ash_Dieback",16.310362,46.556594
"Ash_Dieback",16.351274,46.6074
"Ash_Dieback",16.380684,46.649873
"Ash_Dieback",16.310362,46.556594
"Ash_Dieback",16.255863,46.551718
"Ash_Dieback",16.351274,46.6074
"Ash_Dieback",16.418949,46.584447
"Ash_Dieback",16.351041,46.566557
"Ash_Dieback",16.359176,46.57938
"Ash_Dieback",16.362779,46.602855
"Ash_Dieback",16.351041,46.566557
"Ash_Dieback",16.351274,46.6074
"Ash_Dieback",15.290147,46.564054
"Ash_Dieback",16.389218,46.600557
"Ash_Dieback",16.309329,46.562454
"Ash_Dieback",15.852927,46.287532
"Ash_Dieback",16.278807,46.534729
"Ash_Dieback",16.516385,46.512838
"Ash_Dieback",15.353503,46.608184
"Ash_Dieback",16.282661,46.549981
"Ash_Dieback",16.339375,46.590716
"Ash_Dieback",15.556258,46.430405
"Ash_Dieback",16.263934,46.545511
"Ash_Dieback",15.847094,46.437334
"Ash_Dieback",16.351274,46.6074
"Ash_Dieback",16.307284,46.62434
"Ash_Dieback",16.33651,46.532629
"Ash_Dieback",16.351274,46.6074
"Ash_Dieback",16.357622,46.631526
"Ash_Dieback",16.357622,46.631526
"Ash_Dieback",15.880114,46.521395
"Ash_Dieback",15.847401,46.291919
"Ash_Dieback",16.351041,46.566557
"Ash_Dieback",16.330697,46.540164
"Ash_Dieback",15.883335,46.510286
"Ash_Dieback",15.869679,46.493216
"Ash_Dieback",15.709512,46.272058
"Ash_Dieback",16.309329,46.562454
"Ash_Dieback",16.304455,46.529464
"Ash_Dieback",16.314704,46.600188
"Ash_Dieback",16.304455,46.529464
"Ash_Dieback",16.310362,46.556594
"Ash_Dieback",16.351274,46.6074
"Ash_Dieback",16.309329,46.562454
"Ash_Dieback",15.850191,46.278456
"Ash_Dieback",16.269228,46.58234
"Ash_Dieback",16.314704,46.600188
"Ash_Dieback",16.390546,46.601441
"Ash_Dieback",16.278807,46.534729
"Ash_Dieback",16.304455,46.529464
"Ash_Dieback",16.339375,46.590716
"Ash_Dieback",16.359176,46.57938
"Ash_Dieback",16.351041,46.566557
"Ash_Dieback",15.301936,46.535432
"Ash_Dieback",16.314704,46.600188
"Ash_Dieback",16.357622,46.631526
"Ash_Dieback",16.376329,46.565805
"Ash_Dieback",16.362919,46.613649
"Ash_Dieback",16.351041,46.566557
"Ash_Dieback",15.516295,46.38343
"Ash_Dieback",15.813632,46.486773
"Ash_Dieback",16.351041,46.566557
"Ash_Dieback",15.545294,46.438771
"Ash_Dieback",16.247951,46.553604
"Ash_Dieback",16.351274,46.6074
"Ash_Dieback",15.620507,46.436911
"Ash_Dieback",16.351274,46.6074
"Ash_Dieback",16.304455,46.529464
"Ash_Dieback",16.314704,46.600188
"Ash_Dieback",16.304455,46.529464
"Ash_Dieback",16.362862,46.600964
"Ash_Dieback",16.269228,46.58234
"Ash_Dieback",16.351274,46.6074
"Ash_Dieback",16.351274,46.6074
"Ash_Dieback",16.351041,46.566557
"Ash_Dieback",16.33651,46.532629
"Ash_Dieback",16.301835,46.636134
"Ash_Dieback",15.7239,46.307372
"Ash_Dieback",16.314704,46.600188
"Ash_Dieback",16.310362,46.556594
"Ash_Dieback",15.275098,46.554375
"Ash_Dieback",15.867393,46.505082
"Ash_Dieback",16.359176,46.57938
"Ash_Dieback",16.307284,46.62434
"Ash_Dieback",16.359176,46.57938
"Ash_Dieback",15.307068,46.523092
"Ash_Dieback",16.360445,46.587858
"Ash_Dieback",16.362139,46.592966
"Ash_Dieback",16.410794,46.5769
"Ash_Dieback",16.264738,46.546402
"Ash_Dieback",16.424068,46.559183
"Ash_Dieback",16.385188,46.585851
"Ash_Dieback",16.35373,46.601163
"Ash_Dieback",16.351041,46.566557
"Ash_Dieback",15.933634,46.478297
"Ash_Dieback",16.314704,46.600188
"Ash_Dieback",15.899154,46.536218
"Ash_Dieback",16.255629,46.547222
"Ash_Dieback",15.894267,46.438827
"Ash_Dieback",16.402528,46.600394
"Ash_Dieback",15.293087,46.533655
"Ash_Dieback",15.868581,46.475005
"Ash_Dieback",16.339375,46.590716
"Ash_Dieback",16.319564,46.58105
"Ash_Dieback",16.250232,46.5507
"Ash_Dieback",15.399748,46.584262
"Ash_Dieback",16.3699,46.585046
"Ash_Dieback",16.339375,46.590716
"Ash_Dieback",16.314704,46.600188
"Ash_Dieback",16.328032,46.543164
"Ash_Dieback",16.357622,46.631526
"Ash_Dieback",16.362139,46.592966
"Ash_Dieback",15.815365,46.490288
"Ash_Dieback",15.933634,46.478297
"Ash_Dieback",16.319564,46.58105
"Ash_Dieback",16.516803,46.495108
"Ash_Dieback",15.727185,46.3123
"Ash_Dieback",16.359176,46.57938
"Ash_Dieback",15.880114,46.521395
"Ash_Dieback",16.351274,46.6074
"Ash_Dieback",16.359176,46.57938
"Ash_Dieback",16.3699,46.585046
"Ash_Dieback",16.359176,46.57938
"Ash_Dieback",16.310362,46.556594
"Ash_Dieback",16.304491,46.539135
"Ash_Dieback",16.351274,46.6074
"Ash_Dieback",16.307284,46.62434
"Ash_Dieback",16.369338,46.593779
"Ash_Dieback",16.339375,46.590716
"Ash_Dieback",16.359176,46.57938
"Ash_Dieback",16.335845,46.542713
"Ash_Dieback",16.359176,46.57938
"Ash_Dieback",15.325255,46.586784
"Ash_Dieback",16.314704,46.600188
"Ash_Dieback",15.876215,46.485707
"Ash_Dieback",16.396098,46.583829
"Ash_Dieback",16.359176,46.57938
"Ash_Dieback",16.414199,46.582436
"Ash_Dieback",16.368691,46.599185
"Ash_Dieback",16.314704,46.600188
"Ash_Dieback",16.359176,46.57938
"Ash_Dieback",16.269228,46.58234
"Ash_Dieback",16.307284,46.62434
"Ash_Dieback",16.339375,46.590716
"Ash_Dieback",16.364874,46.587535
"Ash_Dieback",16.357622,46.631526
"Ash_Dieback",15.536223,46.454559
"Ash_Dieback",16.3699,46.585046
"Ash_Dieback",16.396327,46.592733
"Ash_Dieback",16.339375,46.590716
"Ash_Dieback",16.39541,46.587526
"Ash_Dieback",15.868581,46.475005
"Ash_Dieback",15.896942,46.490657
"Ash_Dieback",16.319564,46.58105
"Ash_Dieback",16.359176,46.57938
"Ash_Dieback",15.804104,46.483692
"Ash_Dieback",15.257058,46.531718
"Ash_Dieback",15.579874,46.448695
"Ash_Dieback",16.362748,46.632815
"Ash_Dieback",16.2447,46.554
"Ash_Dieback",16.351041,46.566557
"Ash_Dieback",16.3699,46.585046
"Ash_Dieback",15.526525,46.384634
"Ash_Dieback",16.310362,46.556594
"Ash_Dieback",16.269228,46.58234
"Ash_Dieback",15.948619,46.493712
"Ash_Dieback",15.35559,46.593981
"Ash_Dieback",15.308711,46.584896
"Ash_Dieback",16.269228,46.58234
"Ash_Dieback",15.3231,46.531793
"Ash_Dieback",16.419696,46.57805
"Ash_Dieback",16.35674,46.591051
"Ash_Dieback",16.351274,46.6074
"Ash_Dieback",16.269228,46.58234
"Ash_Dieback",16.314704,46.600188
"Ash_Dieback",16.357622,46.631526
"Ash_Dieback",15.869074,46.517305
"Ash_Dieback",16.319564,46.58105
"Ash_Dieback",16.269228,46.58234
"Ash_Dieback",16.314704,46.600188
"Ash_Dieback",15.888255,46.516303
"Ash_Dieback",16.339375,46.590716
"Ash_Dieback",16.309329,46.562454
"Ash_Dieback",16.310362,46.556594
"Ash_Dieback",16.38365,46.586949
"Ash_Dieback",16.309329,46.562454
"Ash_Dieback",16.362803,46.619409
"Ash_Dieback",16.362779,46.602855
"Ash_Dieback",16.386731,46.584933
"Ash_Dieback",16.36898,46.626173
"Ash_Dieback",15.880204,46.540648
"Ash_Dieback",16.396327,46.592733
"Ash_Dieback",16.359176,46.57938
"Ash_Dieback",16.406615,46.586849
"Ash_Dieback",16.314704,46.600188
"Ash_Dieback",16.304455,46.529464
"Ash_Dieback",15.85385,46.512238
"Ash_Dieback",16.262408,46.547148
"Ash_Dieback",15.805613,46.495054
"Ash_Dieback",16.424068,46.559183
"Ash_Dieback",16.314704,46.600188
"Ash_Dieback",15.970853,46.337685
"Ash_Dieback",15.844854,46.480078
"Ash_Dieback",16.386346,46.580079
"Ash_Dieback",15.899154,46.536218
"Ash_Dieback",16.339375,46.590716
"Ash_Dieback",16.269228,46.58234
"Ash_Dieback",16.314704,46.600188
"Ash_Dieback",16.35674,46.591051
"Ash_Dieback",16.362803,46.619409
"Ash_Dieback",16.319564,46.58105
"Ash_Dieback",15.914907,46.44031
"Ash_Dieback",16.401574,46.583672
"Ash_Dieback",16.392399,46.602408
"Ash_Dieback",16.385268,46.583871
"Ash_Dieback",16.380183,46.58915
"Ash_Dieback",16.35579,46.620932
"Ash_Dieback",16.351274,46.6074
"Ash_Dieback",16.361517,46.63058
"Ash_Dieback",16.405879,46.598734
"Ash_Dieback",16.339375,46.590716
"Ash_Dieback",16.282661,46.549981
"Ash_Dieback",16.351041,46.566557
"Ash_Dieback",16.351041,46.566557
"Ash_Dieback",16.390751,46.604317
"Ash_Dieback",15.308503,46.527892
"Ash_Dieback",16.388156,46.59985
"Ash_Dieback",16.307284,46.62434
"Ash_Dieback",16.359176,46.57938
"Ash_Dieback",15.894267,46.438827
"Ash_Dieback",16.309329,46.562454
"Ash_Dieback",16.343396,46.626656
"Ash_Dieback",16.359176,46.57938
"Ash_Dieback",16.282661,46.549981
"Ash_Dieback",16.319564,46.58105
"Ash_Dieback",16.217935,46.476995
"Ash_Dieback",16.309329,46.562454
"Ash_Dieback",16.42292,46.581608
"Ash_Dieback",16.309329,46.562454
"Ash_Dieback",16.351274,46.6074
"Ash_Dieback",16.406615,46.586849
"Ash_Dieback",16.314704,46.600188
"Ash_Dieback",16.314704,46.600188
"Ash_Dieback",15.738191,46.286875
"Ash_Dieback",15.859091,46.5016
"Ash_Dieback",15.901864,46.448826
"Ash_Dieback",15.93777,46.371971
"Ash_Dieback",16.414199,46.582436
"Ash_Dieback",16.3699,46.585046
"Ash_Dieback",16.359176,46.57938
"Ash_Dieback",15.811058,46.269033
"Ash_Dieback",15.568434,46.342686
"Ash_Dieback",15.890049,46.505681
"Ash_Dieback",16.521265,46.514933
"Ash_Dieback",16.38365,46.586949
"Ash_Dieback",16.351274,46.6074
"Ash_Dieback",15.313972,46.556164
"Ash_Dieback",16.3699,46.585046
"Ash_Dieback",16.314704,46.600188
"Ash_Dieback",16.314704,46.600188
"Ash_Dieback",16.319564,46.58105
"Ash_Dieback",16.319564,46.58105
"Ash_Dieback",16.339375,46.590716
"Ash_Dieback",16.351274,46.6074
"Ash_Dieback",16.365625,46.601831
"Ash_Dieback",16.404388,46.581478
"Ash_Dieback",16.521265,46.514933
"Ash_Dieback",15.35225,46.640244
"Ash_Dieback",15.815365,46.490288
"Ash_Dieback",16.369338,46.593779
"Ash_Dieback",16.42292,46.581608
"Ash_Dieback",16.309329,46.562454
"Ash_Dieback",16.398045,46.603688
"Ash_Dieback",15.334333,46.535368
"Ash_Dieback",16.528006,46.508995
"Ash_Dieback",16.357622,46.631526
"Ash_Dieback",15.951008,46.526072
"Ash_Dieback",16.314704,46.600188
"Ash_Dieback",16.385188,46.585851
"Ash_Dieback",15.306555,46.547583
"Ash_Dieback",15.571182,46.424114
"Ash_Dieback",15.724337,46.275591
"Ash_Dieback",16.339375,46.590716
"Ash_Dieback",16.269228,46.58234
"Ash_Dieback",15.576785,46.450762
"Ash_Dieback",16.339375,46.590716
"Ash_Dieback",16.433151,46.573743
"Ash_Dieback",16.513387,46.498753
"Ash_Dieback",15.909335,46.527572
"Ash_Dieback",16.402528,46.600394
"Ash_Dieback",15.805613,46.495054
"Ash_Dieback",16.314704,46.600188
"Ash_Dieback",15.896531,46.514718
"Ash_Dieback",16.351274,46.6074
"Ash_Dieback",16.394791,46.604088
"Ash_Dieback",15.805288,46.414028
"Ash_Dieback",15.92166,46.394793
"Ash_Dieback",16.392399,46.602408
"Ash_Dieback",15.855793,46.499034
"Ash_Dieback",16.307284,46.62434
"Ash_Dieback",16.360445,46.587858
"Ash_Dieback",15.538036,46.451033
"Ash_Dieback",16.359176,46.57938
"Ash_Dieback",15.530491,46.460812
"Ash_Dieback",15.374029,46.608821
"Ash_Dieback",15.924286,46.443168
"Ash_Dieback",16.386731,46.584933
"Ash_Dieback",15.530491,46.460812
"Ash_Dieback",15.800825,46.352699
"Ash_Dieback",15.89687,46.532106
"Ash_Dieback",16.392399,46.602408
"Ash_Dieback",15.800794,46.478263
"Ash_Dieback",16.419696,46.57805
"Ash_Dieback",15.824002,46.466231
"Ash_Dieback",16.314704,46.600188
"Ash_Dieback",15.896531,46.514718
"Ash_Dieback",15.891803,46.487098
"Ash_Dieback",15.317396,46.617342
"Ash_Dieback",16.400871,46.601944
"Ash_Dieback",15.834128,46.494885
"Ash_Dieback",16.374194,46.600019
"Ash_Dieback",15.322894,46.536714
"Ash_Dieback",16.382172,46.580129
"Ash_Dieback",15.530311,46.367495
"Ash_Dieback",16.351274,46.6074
"Ash_Dieback",16.527433,46.511791
"Ash_Dieback",16.390751,46.604317
"Ash_Dieback",16.351274,46.6074
"Ash_Dieback",16.37432,46.599838
"Ash_Dieback",16.399782,46.590082
"Ash_Dieback",15.308503,46.527892
"Ash_Dieback",15.910131,46.501915
"Ash_Dieback",16.366909,46.601006
"Ash_Dieback",16.35373,46.601163
"Ash_Dieback",15.863425,46.51446
"Ash_Dieback",16.359176,46.57938
"Ash_Dieback",16.314704,46.600188
"Ash_Dieback",15.450877,46.377383
"Ash_Dieback",16.314704,46.600188
"Ash_Dieback",15.537939,46.39239
"Ash_Dieback",16.38365,46.586949
"Ash_Dieback",15.54283,46.45657
"Ash_Dieback",15.298298,46.622818
"Ash_Dieback",15.821823,46.307761
"Ash_Dieback",15.744533,46.285583
"Ash_Dieback",16.380183,46.58915
"Ash_Dieback",16.314704,46.600188
"Ash_Dieback",15.856336,46.280614
"Ash_Dieback",16.314704,46.600188
"Ash_Dieback",15.800794,46.478263
"Ash_Dieback",15.813632,46.486773
"Ash_Dieback",15.307548,46.541175
"Ash_Dieback",15.557544,46.43272
"Ash_Dieback",16.351274,46.6074
"Ash_Dieback",16.362862,46.600964
"Ash_Dieback",16.351274,46.6074
"Ash_Dieback",16.307284,46.62434
"Ash_Dieback",15.82712,46.497491
"Ash_Dieback",16.217935,46.476995
"Ash_Dieback",15.927863,46.477463
"Ash_Dieback",16.376407,46.584338
"Ash_Dieback",15.337951,46.532289
"Ash_Dieback",15.305673,46.5392
"Ash_Dieback",16.314704,46.600188
"Ash_Dieback",16.351274,46.6074
"Ash_Dieback",16.351274,46.6074
"Ash_Dieback",15.810707,46.481072
"Ash_Dieback",16.375003,46.595871
"Ash_Dieback",16.366909,46.601006
"Ash_Dieback",16.410794,46.5769
"Ash_Dieback",16.529265,46.493503
"Ash_Dieback",15.309211,46.588008
"Ash_Dieback",16.351274,46.6074
"Ash_Dieback",15.910131,46.501915
"Ash_Dieback",15.604387,46.436071
"Ash_Dieback",16.376223,46.592527
"Ash_Dieback",16.422455,46.583773
"Ash_Dieback",15.85385,46.512238
"Ash_Dieback",16.314704,46.600188
"Ash_Dieback",16.3699,46.585046
"Ash_Dieback",16.35373,46.601163
"Ash_Dieback",15.826644,46.29603
"Ash_Dieback",15.339298,46.53718
"Ash_Dieback",15.280788,46.540101
"Ash_Dieback",15.572341,46.452737
"Ash_Dieback",15.343986,46.587584
"Ash_Dieback",16.409946,46.584468
"Ash_Dieback",15.305262,46.646551
"Ash_Dieback",16.307284,46.62434
"Ash_Dieback",16.388156,46.59985
"Ash_Dieback",15.359725,46.640697
"Ash_Dieback",15.79806,46.481863
"Ash_Dieback",16.380183,46.58915
"Ash_Dieback",15.294849,46.529197
"Ash_Dieback",16.386731,46.584933
"Ash_Dieback",15.534925,46.42052
"Ash_Dieback",15.568915,46.45871
"Ash_Dieback",16.360445,46.587858
"Ash_Dieback",16.314704,46.600188
"Ash_Dieback",16.471666,46.522708
"Ash_Dieback",15.539766,46.467957
"Ash_Dieback",15.868397,46.526316
"Ash_Dieback",15.469961,46.384998
"Ash_Dieback",16.083437,46.473366
"Ash_Dieback",16.351274,46.6074
"Ash_Dieback",16.309329,46.562454
"Ash_Dieback",16.359176,46.57938
"Ash_Dieback",16.314704,46.600188
"Ash_Dieback",16.043261,46.390247
"Ash_Dieback",15.288972,46.524768
"Ash_Dieback",16.314704,46.600188
"Ash_Dieback",15.300362,46.538396
"Ash_Dieback",15.89687,46.532106
"Ash_Dieback",16.359176,46.57938
"Ash_Dieback",15.909335,46.527572
"Ash_Dieback",16.039953,46.427534
"Ash_Dieback",16.439938,46.573838
"Ash_Dieback",15.79806,46.481863
"Ash_Dieback",15.338633,46.54545
"Ash_Dieback",16.39891,46.581545
"Ash_Dieback",15.253889,46.534361
"Ash_Dieback",16.387029,46.596625
"Ash_Dieback",16.307284,46.62434
"Ash_Dieback",15.543545,46.447381
"Ash_Dieback",16.314704,46.600188
"Ash_Dieback",15.301246,46.619842
"Ash_Dieback",15.804104,46.483692
"Ash_Dieback",15.872022,46.483283
"Ash_Dieback",16.351274,46.6074
"Ash_Dieback",16.314704,46.600188
"Ash_Dieback",16.062646,46.475667
"Ash_Dieback",16.359176,46.57938
"Ash_Dieback",15.295867,46.531759
"Ash_Dieback",15.929106,46.535753
"Ash_Dieback",15.538385,46.43884
"Ash_Dieback",15.329859,46.594985
"Ash_Dieback",15.538036,46.451033
"Ash_Dieback",15.523139,46.446316
"Ash_Dieback",15.30741,46.532898
"Ash_Dieback",16.359176,46.57938
"Ash_Dieback",16.392604,46.590079
"Ash_Dieback",15.342264,46.585547
"Ash_Dieback",16.525012,46.4905
"Ash_Dieback",15.583963,46.446461
"Ash_Dieback",16.351274,46.6074
"Ash_Dieback",15.284063,46.528145
"Ash_Dieback",15.359276,46.585071
"Ash_Dieback",15.321621,46.530798
"Ash_Dieback",16.314704,46.600188
"Ash_Dieback",16.339375,46.590716
"Ash_Dieback",16.418949,46.584447
"Ash_Dieback",15.339069,46.625403
"Ash_Dieback",16.527433,46.511791
"Ash_Dieback",15.334074,46.539993
"Ash_Dieback",15.292226,46.543239
"Ash_Dieback",15.814748,46.283348
"Ash_Dieback",16.35579,46.620932
"Ash_Dieback",16.390546,46.601441
"Ash_Dieback",16.409946,46.584468
"Ash_Dieback",16.439938,46.573838
"Ash_Dieback",16.418949,46.584447
"Ash_Dieback",16.410794,46.5769
"Ash_Dieback",16.411759,46.593983
"Ash_Dieback",16.314704,46.600188
"Ash_Dieback",16.307284,46.62434
"Ash_Dieback",16.418949,46.584447
"Ash_Dieback",15.89687,46.532106
"Ash_Dieback",16.400617,46.607255
"Ash_Dieback",16.359176,46.57938
"Ash_Dieback",15.85385,46.512238
"Ash_Dieback",15.554544,46.444863
"Ash_Dieback",15.293912,46.555938
"Ash_Dieback",16.314704,46.600188
"Ash_Dieback",16.371491,46.596363
"Ash_Dieback",16.314704,46.600188
"Ash_Dieback",15.869679,46.493216
"Ash_Dieback",16.359176,46.57938
"Ash_Dieback",15.325255,46.586784
"Ash_Dieback",16.371491,46.596363
"Ash_Dieback",15.288082,46.531374
"Ash_Dieback",15.896942,46.490657
"Ash_Dieback",15.331219,46.550573
"Ash_Dieback",15.283102,46.55136
"Ash_Dieback",16.35373,46.601163
"Ash_Dieback",15.273149,46.540471
"Ash_Dieback",16.301835,46.636134
"Ash_Dieback",15.666354,46.32713
"Ash_Dieback",15.536223,46.454559
"Ash_Dieback",15.552069,46.447196
"Ash_Dieback",16.037343,46.383985
"Ash_Dieback",15.939442,46.525052
"Ash_Dieback",15.322894,46.536714
"Ash_Dieback",15.735625,46.358662
"Ash_Dieback",16.307284,46.62434
"Ash_Dieback",16.376223,46.592527
"Ash_Dieback",15.70085,46.286651
"Ash_Dieback",16.418949,46.584447
"Ash_Dieback",15.852211,46.498233
"Ash_Dieback",15.457032,46.376621
"Ash_Dieback",15.35048,46.554708
"Ash_Dieback",16.522493,46.493593
"Ash_Dieback",15.335127,46.615221
"Ash_Dieback",16.376407,46.584338
"Ash_Dieback",16.388156,46.59985
"Ash_Dieback",16.52037,46.501539
"Ash_Dieback",15.89687,46.532106
"Ash_Dieback",15.583963,46.446461
"Ash_Dieback",15.894267,46.438827
"Ash_Dieback",15.93777,46.371971
"Ash_Dieback",16.059096,46.37468
"Ash_Dieback",15.942604,46.401298
"Ash_Dieback",15.906618,46.406736
"Ash_Dieback",16.301835,46.636134
"Ash_Dieback",15.576785,46.450762
"Ash_Dieback",16.314704,46.600188
"Ash_Dieback",15.518693,46.471465
"Ash_Dieback",16.038729,46.381615
"Ash_Dieback",16.307284,46.62434
"Ash_Dieback",15.569976,46.415834
"Ash_Dieback",16.314704,46.600188
"Ash_Dieback",15.578152,46.353784
"Ash_Dieback",15.846454,46.49671
"Ash_Dieback",16.388896,46.587965
"Ash_Dieback",15.818812,46.487348
"Ash_Dieback",15.307068,46.523092
"Ash_Dieback",15.863425,46.51446
"Ash_Dieback",15.507394,46.44259
"Ash_Dieback",15.291035,46.549603
"Ash_Dieback",15.909335,46.527572
"Ash_Dieback",16.314704,46.600188
"Ash_Dieback",15.89687,46.532106
"Ash_Dieback",15.70003,46.292577
"Ash_Dieback",15.645165,46.284722
"Ash_Dieback",16.351274,46.6074
"Ash_Dieback",16.359176,46.57938
"Ash_Dieback",16.307284,46.62434
"Ash_Dieback",16.360445,46.587858
"Ash_Dieback",15.416292,46.599272
"Ash_Dieback",15.863425,46.51446
"Ash_Dieback",15.532588,46.478265
"Ash_Dieback",16.351274,46.6074
"Ash_Dieback",15.723998,46.353051
"Ash_Dieback",15.320823,46.534822
"Ash_Dieback",16.365685,46.630171
"Ash_Dieback",15.456976,46.371511
"Ash_Dieback",15.869679,46.493216
"Ash_Dieback",15.568915,46.45871
"Ash_Dieback",16.362919,46.613649
"Ash_Dieback",16.387029,46.596625
"Ash_Dieback",15.265857,46.550295
"Ash_Dieback",15.880204,46.540648
"Ash_Dieback",15.467171,46.388753
"Ash_Dieback",15.971771,46.513571
"Ash_Dieback",15.31885,46.638102
"Ash_Dieback",16.343396,46.626656
"Ash_Dieback",15.35559,46.593981
"Ash_Dieback",15.287736,46.537421
"Ash_Dieback",15.281165,46.534945
"Ash_Dieback",15.841839,46.480505
"Ash_Dieback",15.308112,46.539338
"Ash_Dieback",16.351274,46.6074
"Ash_Dieback",15.909335,46.527572
"Ash_Dieback",15.758262,46.412056
"Ash_Dieback",16.351274,46.6074
"Ash_Dieback",16.376223,46.592527
"Ash_Dieback",16.368526,46.628877
"Ash_Dieback",16.39807,46.605676
"Ash_Dieback",15.390546,46.587506
"Ash_Dieback",15.867393,46.505082
"Ash_Dieback",16.307284,46.62434
"Ash_Dieback",15.815365,46.490288
"Ash_Dieback",16.514897,46.510879
"Ash_Dieback",15.526627,46.481316
"Ash_Dieback",15.532389,46.43661
"Ash_Dieback",16.410794,46.5769
"Ash_Dieback",15.438372,46.400132
"Ash_Dieback",16.410929,46.582117
"Ash_Dieback",15.815365,46.490288
"Ash_Dieback",15.883335,46.510286
"Ash_Dieback",15.805613,46.495054
"Ash_Dieback",15.301524,46.615972
"Ash_Dieback",16.52037,46.501539
"Ash_Dieback",15.900594,46.501163
"Ash_Dieback",15.846454,46.49671
"Ash_Dieback",15.37015,46.612351
"Ash_Dieback",16.399782,46.590082
"Ash_Dieback",15.52235,46.487526
"Ash_Dieback",15.852211,46.498233
"Ash_Dieback",15.576785,46.450762
"Ash_Dieback",15.35559,46.593981
"Ash_Dieback",15.804104,46.483692
"Ash_Dieback",16.388896,46.587965
"Ash_Dieback",15.849292,46.271571
"Ash_Dieback",15.909335,46.527572
"Ash_Dieback",15.888282,46.48206
"Ash_Dieback",15.336932,46.559256
"Ash_Dieback",15.855793,46.499034
"Ash_Dieback",16.388156,46.59985
"Ash_Dieback",15.89687,46.532106
"Ash_Dieback",15.558166,46.427418
"Ash_Dieback",15.295803,46.536869
"Ash_Dieback",16.52037,46.501539
"Ash_Dieback",16.314704,46.600188
"Ash_Dieback",15.390546,46.587506
"Ash_Dieback",15.900384,46.465645
"Ash_Dieback",15.556258,46.430405
"Ash_Dieback",16.314704,46.600188
"Ash_Dieback",15.301314,46.545429
"Ash_Dieback",15.293912,46.555938
"Ash_Dieback",16.436903,46.572526
"Ash_Dieback",16.433151,46.573743
"Ash_Dieback",15.93777,46.371971
"Ash_Dieback",16.307284,46.62434
"Ash_Dieback",15.268586,46.548408
"Ash_Dieback",15.71253,46.307579
"Ash_Dieback",15.899154,46.536218
"Ash_Dieback",15.284063,46.528145
"Ash_Dieback",16.359585,46.631683
"Ash_Dieback",16.390751,46.604317
"Ash_Dieback",15.965252,46.348637
"Ash_Dieback",15.393842,46.54726
"Ash_Dieback",15.85194,46.46096
"Ash_Dieback",15.900384,46.465645
"Ash_Dieback",15.525455,46.466512
"Ash_Dieback",16.307284,46.62434
"Ash_Dieback",15.85194,46.46096
"Ash_Dieback",15.885876,46.479029
"Ash_Dieback",16.314704,46.600188
"Ash_Dieback",15.894267,46.438827
"Ash_Dieback",15.441814,46.543818
"Ash_Dieback",15.903558,46.411241
"Ash_Dieback",16.314704,46.600188
"Ash_Dieback",15.578585,46.43517
"Ash_Dieback",15.549487,46.324073
"Ash_Dieback",16.376223,46.592527
"Ash_Dieback",15.846132,46.411393
"Ash_Dieback",15.309903,46.55622
"Ash_Dieback",15.869679,46.493216
"Ash_Dieback",15.539053,46.432719
"Ash_Dieback",15.507394,46.44259
"Ash_Dieback",15.863425,46.51446
"Ash_Dieback",15.80345,46.355425
"Ash_Dieback",15.363813,46.576609
"Ash_Dieback",15.896531,46.514718
"Ash_Dieback",15.576785,46.450762
"Ash_Dieback",16.389218,46.600557
"Ash_Dieback",16.217935,46.476995
"Ash_Dieback",15.869074,46.517305
"Ash_Dieback",16.436903,46.572526
"Ash_Dieback",15.437461,46.534344
"Ash_Dieback",15.978315,46.329299
"Ash_Dieback",15.838421,46.469104
"Ash_Dieback",15.457032,46.376621
"Ash_Dieback",15.30382,46.608544
"Ash_Dieback",15.890049,46.505681
"Ash_Dieback",15.896531,46.514718
"Ash_Dieback",15.453083,46.370689
"Ash_Dieback",15.716547,46.277215
"Ash_Dieback",15.539053,46.432719
"Ash_Dieback",15.865764,46.402591
"Ash_Dieback",16.351274,46.6074
"Ash_Dieback",15.292226,46.543239
"Ash_Dieback",15.811681,46.462486
"Ash_Dieback",15.800825,46.352699
"Ash_Dieback",15.722079,46.301212
"Ash_Dieback",15.321621,46.530798
"Ash_Dieback",15.614947,46.309622
"Ash_Dieback",16.409946,46.584468
"Ash_Dieback",15.623784,46.65685
"Ash_Dieback",15.564067,46.444375
"Ash_Dieback",15.551297,46.387594
"Ash_Dieback",15.324479,46.540048
"Ash_Dieback",15.722079,46.301212
"Ash_Dieback",16.400617,46.607255
"Ash_Dieback",16.529799,46.484678
"Ash_Dieback",15.849292,46.271571
"Ash_Dieback",15.896457,46.495195
"Ash_Dieback",15.562154,46.460795
"Ash_Dieback",15.906618,46.406736
"Ash_Dieback",15.82146,46.490235
"Ash_Dieback",15.339892,46.631662
"Ash_Dieback",16.385268,46.583871
"Ash_Dieback",15.335777,46.53907
"Ash_Dieback",15.714225,46.273252
"Ash_Dieback",15.579874,46.448695
"Ash_Dieback",15.465351,46.375048
"Ash_Dieback",16.419696,46.57805
"Ash_Dieback",15.82146,46.490235
"Ash_Dieback",15.872022,46.483283
"Ash_Dieback",16.376223,46.592527
"Ash_Dieback",15.337315,46.54746
"Ash_Dieback",16.360445,46.587858
"Ash_Dieback",16.422521,46.586292
"Ash_Dieback",16.39541,46.587526
"Ash_Dieback",16.056641,46.467526
"Ash_Dieback",15.860535,46.494878
"Ash_Dieback",15.838421,46.469104
"Ash_Dieback",15.587196,46.339307
"Ash_Dieback",15.818812,46.487348
"Ash_Dieback",15.579923,46.330949
"Ash_Dieback",15.934196,46.443492
"Ash_Dieback",15.815118,46.446789
"Ash_Dieback",15.583963,46.446461
"Ash_Dieback",15.394482,46.536678
"Ash_Dieback",15.561916,46.435218
"Ash_Dieback",16.351274,46.6074
"Ash_Dieback",15.523112,46.432649
"Ash_Dieback",15.393842,46.54726
"Ash_Dieback",15.800825,46.352699
"Ash_Dieback",15.899154,46.536218
"Ash_Dieback",15.507394,46.44259
"Ash_Dieback",15.308711,46.584896
"Ash_Dieback",15.816941,46.298169
"Ash_Dieback",15.334333,46.535368
"Ash_Dieback",15.884546,46.500569
"Ash_Dieback",15.504234,46.361324
"Ash_Dieback",15.927132,46.449002
"Ash_Dieback",15.571182,46.424114
"Ash_Dieback",15.618042,46.313483
"Ash_Dieback",15.322894,46.536714
"Ash_Dieback",16.42439,46.587888
"Ash_Dieback",15.753548,46.35321
"Ash_Dieback",15.292226,46.543239
"Ash_Dieback",15.583963,46.446461
"Ash_Dieback",15.558166,46.427418
"Ash_Dieback",15.287105,46.533958
"Ash_Dieback",15.339892,46.631662
"Ash_Dieback",16.314704,46.600188
"Ash_Dieback",16.377908,46.617788
"Ash_Dieback",15.89687,46.532106
"Ash_Dieback",15.30982,46.635068
"Ash_Dieback",15.664036,46.66489
"Ash_Dieback",15.339589,46.610593
"Ash_Dieback",16.314704,46.600188
"Ash_Dieback",15.518948,46.483169
"Ash_Dieback",15.431095,46.548565
"Ash_Dieback",15.456976,46.371511
"Ash_Dieback",15.859091,46.5016
"Ash_Dieback",15.896942,46.490657
"Ash_Dieback",15.456976,46.371511
"Ash_Dieback",15.85194,46.46096
"Ash_Dieback",15.287105,46.533958
"Ash_Dieback",15.875254,46.389383
"Ash_Dieback",15.61889,46.40911
"Ash_Dieback",16.037343,46.383985
"Ash_Dieback",15.393842,46.54726
"Ash_Dieback",15.54283,46.45657
"Ash_Dieback",15.516295,46.38343
"Ash_Dieback",15.287105,46.533958
"Ash_Dieback",15.802373,46.331554
"Ash_Dieback",15.347076,46.581007
"Ash_Dieback",15.343986,46.587584
"Ash_Dieback",15.266584,46.546982
"Ash_Dieback",15.393842,46.54726
"Ash_Dieback",15.30001,46.639404
"Ash_Dieback",15.448368,46.552691
"Ash_Dieback",15.304517,46.533121
"Ash_Dieback",15.35559,46.593981
"Ash_Dieback",15.27286,46.545114
"Ash_Dieback",15.901407,46.486519
"Ash_Dieback",15.710813,46.275325
"Ash_Dieback",15.342494,46.541524
"Ash_Dieback",15.833629,46.461419
"Ash_Dieback",15.815118,46.446789
"Ash_Dieback",15.359178,46.576084
"Ash_Dieback",15.757737,46.628625
"Ash_Dieback",15.416292,46.599272
"Ash_Dieback",15.308711,46.584896
"Ash_Dieback",15.322894,46.536714
"Ash_Dieback",15.709512,46.272058
"Ash_Dieback",15.89687,46.532106
"Ash_Dieback",15.721537,46.690416
"Ash_Dieback",15.355533,46.545533
"Ash_Dieback",15.628133,46.289936
"Ash_Dieback",15.894397,46.445133
"Ash_Dieback",15.553468,46.461872
"Ash_Dieback",15.363813,46.576609
"Ash_Dieback",15.287105,46.533958
"Ash_Dieback",15.492192,46.449738
"Ash_Dieback",15.300366,46.557919
"Ash_Dieback",15.524887,46.475107
"Ash_Dieback",15.90323,46.478641
"Ash_Dieback",15.504883,46.389384
"Ash_Dieback",15.93777,46.371971
"Ash_Dieback",15.255058,46.53623
"Ash_Dieback",15.304517,46.533121
"Ash_Dieback",15.744866,46.679407
"Ash_Dieback",15.516295,46.38343
"Ash_Dieback",15.293087,46.533655
"Ash_Dieback",16.399782,46.590082
"Ash_Dieback",15.393842,46.54726
"Ash_Dieback",15.425522,46.546373
"Ash_Dieback",15.76064,46.678187
"Ash_Dieback",15.828598,46.278435
"Ash_Dieback",15.287736,46.537421
"Ash_Dieback",15.452957,46.372705
"Ash_Dieback",15.581774,46.407245
"Ash_Dieback",15.597804,46.31863
"Ash_Dieback",15.350959,46.574265
"Ash_Dieback",15.293087,46.533655
"Ash_Dieback",16.013758,46.376891
"Ash_Dieback",15.390393,46.546265
"Ash_Dieback",15.309442,46.601007
"Ash_Dieback",15.516921,46.449448
"Ash_Dieback",15.292148,46.547954
"Ash_Dieback",15.288972,46.524768
"Ash_Dieback",15.544922,46.421022
"Ash_Dieback",15.551297,46.387594
"Ash_Dieback",15.321621,46.530798
"Ash_Dieback",15.805613,46.495054
"Ash_Dieback",15.318168,46.544447
"Ash_Dieback",15.294219,46.550027
"Ash_Dieback",15.52663,46.435854
"Ash_Dieback",15.339298,46.53718
"Ash_Dieback",15.369707,46.597103
"Ash_Dieback",15.363004,46.514308
"Ash_Dieback",15.872022,46.483283
"Ash_Dieback",15.280901,46.554325
"Ash_Dieback",15.30741,46.532898
"Ash_Dieback",15.316567,46.573862
"Ash_Dieback",15.951973,46.415013
"Ash_Dieback",15.345261,46.644143
"Ash_Dieback",15.587196,46.339307
"Ash_Dieback",15.933634,46.478297
"Ash_Dieback",15.788363,46.338192
"Ash_Dieback",15.827682,46.388712
"Ash_Dieback",15.93777,46.371971
"Ash_Dieback",15.753548,46.35321
"Ash_Dieback",15.303692,46.627554
"Ash_Dieback",15.353933,46.53826
"Ash_Dieback",15.829036,46.490702
"Ash_Dieback",15.802149,46.412827
"Ash_Dieback",15.561916,46.435218
"Ash_Dieback",15.518455,46.428694
"Ash_Dieback",15.305673,46.5392
"Ash_Dieback",15.844854,46.480078
"Ash_Dieback",15.620343,46.407618
"Ash_Dieback",15.863425,46.51446
"Ash_Dieback",15.838595,46.4449
"Ash_Dieback",15.49822,46.374406
"Ash_Dieback",15.810707,46.481072
"Ash_Dieback",15.438372,46.400132
"Ash_Dieback",15.578585,46.43517
"Ash_Dieback",15.492192,46.449738
"Ash_Dieback",15.443987,46.551259
"Ash_Dieback",15.465568,46.379069
"Ash_Dieback",15.837999,46.303442
"Ash_Dieback",15.898676,46.473369
"Ash_Dieback",15.551297,46.387594
"Ash_Dieback",15.627489,46.408091
"Ash_Dieback",15.920735,46.380028
"Ash_Dieback",15.320823,46.534822
"Ash_Dieback",15.517877,46.466493
"Ash_Dieback",15.80345,46.355425
"Ash_Dieback",15.307548,46.541175
"Ash_Dieback",15.295867,46.531759
"Ash_Dieback",15.444459,46.541928
"Ash_Dieback",15.388139,46.533884
"Ash_Dieback",15.627571,46.667931
"Ash_Dieback",15.456976,46.371511
"Ash_Dieback",15.393842,46.54726
"Ash_Dieback",15.315295,46.559327
"Ash_Dieback",15.469576,46.436913
"Ash_Dieback",15.518948,46.483169
"Ash_Dieback",15.536575,46.371325
"Ash_Dieback",15.510097,46.371303
"Ash_Dieback",15.283363,46.546294
"Ash_Dieback",15.688987,46.677536
"Ash_Dieback",15.614947,46.309622
"Ash_Dieback",15.540895,46.385008
"Ash_Dieback",15.362723,46.536675
"Ash_Dieback",15.292884,46.558775
"Ash_Dieback",15.301202,46.555757
"Ash_Dieback",15.361888,46.618441
"Ash_Dieback",15.382269,46.54254
"Ash_Dieback",15.362046,46.532944
"Ash_Dieback",15.300362,46.538396
"Ash_Dieback",15.337122,46.537312
"Ash_Dieback",15.378386,46.647438
"Ash_Dieback",15.38627,46.591641
"Ash_Dieback",15.283363,46.546294
"Ash_Dieback",15.387522,46.533292
"Ash_Dieback",15.363004,46.514308
"Ash_Dieback",15.294219,46.550027
"Ash_Dieback",15.292226,46.543239
"Ash_Dieback",15.280525,46.549737
"Ash_Dieback",15.304948,46.556278
"Ash_Dieback",15.26311,46.537786
"Ash_Dieback",15.393842,46.54726
"Ash_Dieback",15.721537,46.690416
"Ash_Dieback",15.310319,46.59235
"Ash_Dieback",15.351768,46.542135
"Ash_Dieback",15.75886,46.686377
"Ash_Dieback",15.617391,46.655391
"Ash_Dieback",15.68601,46.684976
"Ash_Dieback",15.398926,46.53283
"Ash_Dieback",15.433554,46.544678
"Ash_Dieback",15.630604,46.67808
"Ash_Dieback",15.705953,46.670514
"Ash_Dieback",15.398926,46.53283
"Ash_Dieback",15.426919,46.554824
"Ash_Dieback",15.393109,46.555864
"Ash_Dieback",15.344499,46.534987
"Ash_Dieback",15.386064,46.551875
"Ash_Dieback",15.415507,46.534372
"Ash_Dieback",15.784565,46.704611
"Ash_Dieback",15.413663,46.538733
"Ash_Dieback",15.78494,46.698931
"Ash_Dieback",15.720328,46.659601
"Ash_Dieback",15.668936,46.683863
"Ash_Dieback",15.356526,46.557829
"Ash_Dieback",15.372554,46.580386
"Ash_Dieback",15.358501,46.531111
"Ash_Dieback",15.744866,46.679407
"Ash_Dieback",15.375629,46.557173
"Ash_Dieback",15.407548,46.536992
"Ash_Dieback",15.378046,46.535303
"Ash_Dieback",15.665515,46.702272
"Ash_Dieback",15.660259,46.685227
"Ash_Dieback",15.731439,46.492476
"Ash_Dieback",15.629977,46.6557
"Ash_Dieback",15.433554,46.544678
"Ash_Dieback",15.75886,46.686377
"Ash_Dieback",15.731114,46.627135
"Ash_Dieback",15.424605,46.539152
"Ash_Dieback",15.443665,46.546951
"Ash_Dieback",15.73957,46.694484
"Ash_Dieback",15.554942,46.664871
"Ash_Dieback",15.370276,46.520079
"Ash_Dieback",15.731114,46.627135
"Ash_Dieback",15.3756,46.56985
"Ash_Dieback",15.418205,46.549441
"Ash_Dieback",15.695268,46.695311
"Ash_Dieback",15.78494,46.698931
"Ash_Dieback",15.728042,46.651131
"Ash_Dieback",15.362723,46.536675
"Ash_Dieback",15.707619,46.661965
"Ash_Dieback",15.429069,46.531478
"Ash_Dieback",15.600495,46.683452
"Ash_Dieback",15.441814,46.543818
"Ash_Dieback",15.733409,46.684717
"Ash_Dieback",15.752599,46.43527
"Ash_Dieback",15.37588,46.535103
"Ash_Dieback",15.393072,46.51662
"Ash_Dieback",15.678907,46.646153
"Ash_Dieback",15.781454,46.677597
"Ash_Dieback",15.407548,46.536992
"Ash_Dieback",15.619883,46.674405
"Ash_Dieback",15.443987,46.551259
"Ash_Dieback",15.603512,46.663265
"Ash_Dieback",15.63872,46.653591
"Ash_Dieback",15.374285,46.57599
"Ash_Dieback",15.636787,46.666989
"Ash_Dieback",15.683446,46.680718
"Ash_Dieback",15.630604,46.67808
"Ash_Dieback",15.362645,46.550288
"Ash_Dieback",15.393109,46.555864
"Ash_Dieback",15.342826,46.540426
"Ash_Dieback",15.362046,46.532944
"Ash_Dieback",15.386064,46.551875
"Ash_Dieback",15.668936,46.683863
"Ash_Dieback",15.37737,46.543061
"Ash_Dieback",15.430335,46.528433
"Ash_Dieback",15.344789,46.537505
"Ash_Dieback",15.778367,46.673767
"Ash_Dieback",15.617391,46.655391
"Ash_Dieback",15.581992,46.669594
"Ash_Dieback",15.630604,46.67808
"Ash_Dieback",15.638256,46.68187
"Ash_Dieback",15.572703,46.673644
"Ash_Dieback",15.749995,46.687245
"Ash_Dieback",15.668936,46.683863
"Ash_Dieback",15.639579,46.674369
"Ash_Dieback",15.388586,46.532496
"Ash_Dieback",15.766125,46.642802
"Ash_Dieback",15.625343,46.633422
"Ash_Dieback",15.688987,46.677536
"Ash_Dieback",15.630604,46.67808
"Ash_Dieback",15.410492,46.54013
"Ash_Dieback",15.414695,46.549157
"Ash_Dieback",15.639579,46.674369
"Ash_Dieback",15.584344,46.673163
"Ash_Dieback",15.730567,46.692985
"Ash_Dieback",15.59477,46.688232
"Ash_Dieback",15.36906,46.540587
"Ash_Dieback",15.352428,46.533361
"Ash_Dieback",15.683372,46.675923
"Ash_Dieback",15.364309,46.54179
"Ash_Dieback",15.451915,46.562024
"Ash_Dieback",15.623784,46.65685
"Ash_Dieback",15.729275,46.681568
"Ash_Dieback",15.374285,46.57599
"Ash_Dieback",15.362645,46.550288
"Ash_Dieback",15.782868,46.671424
"Ash_Dieback",15.594846,46.645281
"Ash_Dieback",15.782758,46.689104
"Ash_Dieback",15.720909,46.683591
"Ash_Dieback",15.606977,46.648357
"Ash_Dieback",15.702494,46.667809
"Ash_Dieback",15.788612,46.696935
"Ash_Dieback",15.736434,46.678328
"Ash_Dieback",15.759301,46.678682
"Ash_Dieback",15.733409,46.684717
"Ash_Dieback",15.627683,46.665195
"Ash_Dieback",15.772507,46.681751
"Ash_Dieback",15.393109,46.555864
"Ash_Dieback",15.372719,46.537948
"Ash_Dieback",15.407422,46.542696
"Ash_Dieback",15.39859,46.552705
"Ash_Dieback",15.674996,46.694956
"Ash_Dieback",15.707199,46.679835
"Ash_Dieback",15.629977,46.6557
"Ash_Dieback",15.768008,46.667783
"Ash_Dieback",15.429264,46.53639
"Ash_Dieback",15.798566,46.684793
"Ash_Dieback",15.787522,46.674199
"Ash_Dieback",15.37991,46.579885
"Ash_Dieback",15.69938,46.66548
"Ash_Dieback",15.633629,46.661824
"Ash_Dieback",15.667906,46.664031
"Ash_Dieback",15.413663,46.538733
"Ash_Dieback",15.398926,46.53283
"Ash_Dieback",15.411946,46.542716
"Ash_Dieback",15.620434,46.673485
"Ash_Dieback",15.357541,46.533714
"Ash_Dieback",15.795284,46.681145
"Ash_Dieback",15.791208,46.688497
"Ash_Dieback",15.437461,46.534344
"Ash_Dieback",15.36906,46.540587
"Ash_Dieback",15.683446,46.680718
"Ash_Dieback",15.40724,46.547987
"Ash_Dieback",15.652026,46.68657
"Ash_Dieback",15.73957,46.694484
"Ash_Dieback",15.659568,46.642523
"Ash_Dieback",15.444322,46.549126
"Ash_Dieback",15.679044,46.70078
"Ash_Dieback",15.444322,46.549126
"Ash_Dieback",15.607473,46.62275
"Ash_Dieback",15.600495,46.683452
"Ash_Dieback",15.765047,46.69589
"Ash_Dieback",15.758367,46.646615
"Ash_Dieback",15.665515,46.702272
"Ash_Dieback",15.644153,46.643574
"Ash_Dieback",15.627683,46.665195
"Ash_Dieback",15.425522,46.546373
"Ash_Dieback",15.61418,46.670613
"Ash_Dieback",15.733409,46.684717
"Ash_Dieback",15.600495,46.683452
"Ash_Dieback",15.371505,46.532068
"Ash_Dieback",15.667404,46.677376
"Ash_Dieback",15.710874,46.686911
"Ash_Dieback",15.775119,46.674284
"Ash_Dieback",15.707199,46.679835
"Ash_Dieback",15.558975,46.639075
"Ash_Dieback",15.626512,46.65096
"Ash_Dieback",15.710874,46.686911
"Ash_Dieback",15.769278,46.671571
"Ash_Dieback",15.593098,46.653918
"Ash_Dieback",15.773827,46.696335
"Ash_Dieback",15.650277,46.690097
"Ash_Dieback",15.414695,46.549157
"Ash_Dieback",15.351313,46.530305
"Ash_Dieback",15.423995,46.527773
"Ash_Dieback",15.408505,46.542827
"Ash_Dieback",15.80174,46.692517
"Ash_Dieback",15.380583,46.581062
"Ash_Dieback",15.768008,46.667783
"Ash_Dieback",15.386064,46.551875
"Ash_Dieback",15.374333,46.573525
"Ash_Dieback",15.663795,46.695328
"Ash_Dieback",15.628765,46.678423
"Ash_Dieback",15.350238,46.53945
"Ash_Dieback",15.620434,46.673485
"Ash_Dieback",15.69255,46.665872
"Ash_Dieback",15.629814,46.641657
"Ash_Dieback",15.633629,46.661824
"Ash_Dieback",15.784004,46.685784
"Ash_Dieback",15.755885,46.633505
"Ash_Dieback",15.757078,46.674945
"Ash_Dieback",15.728858,46.670055
"Ash_Dieback",15.4432,46.57622
"Ash_Dieback",15.783262,46.65619
"Ash_Dieback",15.787522,46.674199
"Ash_Dieback",15.742483,46.676229
"Ash_Dieback",15.640501,46.661669
"Ash_Dieback",15.375497,46.541924
"Ash_Dieback",15.385253,46.555216
"Ash_Dieback",15.78465,46.691565
"Ash_Dieback",15.414695,46.549157
"Ash_Dieback",15.36906,46.540587
"Ash_Dieback",15.407422,46.542696
"Ash_Dieback",15.410935,46.548585
"Ash_Dieback",15.3756,46.56985
"Ash_Dieback",15.725284,46.468538
"Ash_Dieback",15.626512,46.65096
"Ash_Dieback",15.746991,46.682758
"Ash_Dieback",15.695268,46.695311
"Ash_Dieback",15.344499,46.534987
"Ash_Dieback",15.652569,46.629725
"Ash_Dieback",15.620434,46.673485
"Ash_Dieback",15.652026,46.68657
"Ash_Dieback",15.367107,46.533297
"Ash_Dieback",15.671521,46.688868
"Ash_Dieback",15.413663,46.538733
"Ash_Dieback",15.737532,46.651556
"Ash_Dieback",15.67676,46.67814
"Ash_Dieback",15.749995,46.687245
"Ash_Dieback",15.642132,46.685717
"Ash_Dieback",15.674286,46.436363
"Ash_Dieback",15.657966,46.669811
"Ash_Dieback",15.61051,46.678963
"Ash_Dieback",15.671521,46.688868
"Ash_Dieback",15.731839,46.692365
"Ash_Dieback",15.683372,46.675923
"Ash_Dieback",15.685311,46.69377
"Ash_Dieback",15.61051,46.678963
"Ash_Dieback",15.584344,46.673163
"Ash_Dieback",15.707199,46.679835
"Ash_Dieback",15.448368,46.552691
"Ash_Dieback",15.639579,46.674369
"Ash_Dieback",15.407548,46.536992
"Ash_Dieback",15.638468,46.632234
"Ash_Dieback",15.729275,46.681568
"Ash_Dieback",15.403566,46.53275
"Ash_Dieback",15.639579,46.674369
"Ash_Dieback",15.755885,46.633505
"Ash_Dieback",15.640501,46.661669
"Ash_Dieback",15.361857,46.52213
"Ash_Dieback",15.620434,46.673485
"Ash_Dieback",15.7202,46.679385
"Ash_Dieback",15.36906,46.540587
"Ash_Dieback",15.34956,46.545381
"Ash_Dieback",15.583921,46.677609
"Ash_Dieback",15.78465,46.691565
"Ash_Dieback",15.665515,46.702272
"Ash_Dieback",15.631101,46.611987
"Ash_Dieback",15.357541,46.533714
"Ash_Dieback",15.425522,46.546373
"Ash_Dieback",15.626864,46.64636
"Ash_Dieback",15.791208,46.688497
"Ash_Dieback",15.663795,46.695328
"Ash_Dieback",15.437461,46.534344
"Ash_Dieback",15.670207,46.663055
"Ash_Dieback",15.776959,46.668604
"Ash_Dieback",15.731439,46.492476
"Ash_Dieback",15.768137,46.696166
"Ash_Dieback",15.800354,46.688091
"Ash_Dieback",15.791609,46.652507
"Ash_Dieback",15.764238,46.686782
"Ash_Dieback",15.444322,46.549126
"Ash_Dieback",15.634807,46.654198
"Ash_Dieback",15.358311,46.549645
"Ash_Dieback",15.779722,46.680775
"Ash_Dieback",15.754388,46.621675
"Ash_Dieback",15.73957,46.694484
"Ash_Dieback",15.441349,46.573114
"Ash_Dieback",15.787522,46.674199
"Ash_Dieback",15.754258,46.683574
"Ash_Dieback",15.575572,46.655817
"Ash_Dieback",15.594846,46.645281
"Ash_Dieback",15.757078,46.674945
"Ash_Dieback",15.565658,46.661129
"Ash_Dieback",15.788536,46.656802
"Ash_Dieback",15.753817,46.675408
"Ash_Dieback",15.758367,46.646615
"Ash_Dieback",15.795609,46.691687
"Ash_Dieback",15.757737,46.628625
"Ash_Dieback",15.729275,46.681568
"Ash_Dieback",15.749995,46.687245
"Ash_Dieback",15.801791,46.683645
"Ash_Dieback",15.755885,46.633505
"Ash_Dieback",15.734251,46.659134
"Ash_Dieback",15.69255,46.665872
"Ash_Dieback",15.644153,46.643574
"Ash_Dieback",15.685821,46.654649
"Ash_Dieback",15.76466,46.650055
"Ash_Dieback",15.568331,46.671804
"Ash_Dieback",15.69255,46.665872
"Ash_Dieback",15.720328,46.659601
"Ash_Dieback",15.61757,46.631027
"Ash_Dieback",15.594846,46.645281
"Ash_Dieback",15.71364,46.665679
"Ash_Dieback",15.593098,46.653918
"Ash_Dieback",15.72778,46.621011
"Ash_Dieback",15.686838,46.695614
"Ash_Dieback",15.429069,46.531478
"Ash_Dieback",15.728858,46.670055
"Ash_Dieback",15.652569,46.629725
"Ash_Dieback",15.772507,46.681751
"Ash_Dieback",15.565658,46.661129
"Ash_Dieback",15.69967,46.615204
"Ash_Dieback",15.572312,46.658964
"Ash_Dieback",15.419124,46.541808
"Ash_Dieback",15.643066,46.629032
"Ash_Dieback",15.699219,46.607533
"Ash_Dieback",15.75486,46.612468
"Ash_Dieback",15.706215,46.632528
"Ash_Dieback",15.603512,46.663265
"Ash_Dieback",15.593115,46.679199
"Ash_Dieback",15.408505,46.542827
"Ash_Dieback",15.639579,46.674369
"Ash_Dieback",15.359211,46.522049
"Ash_Dieback",15.686241,46.668214
"Ash_Dieback",15.765148,46.664185
"Ash_Dieback",15.439998,46.533677
"Ash_Dieback",15.367107,46.533297
"Ash_Dieback",15.674996,46.694956
"Ash_Dieback",15.630604,46.67808
"Ash_Dieback",15.406062,46.538796
"Ash_Dieback",15.448368,46.552691
"Ash_Dieback",15.75989,46.672263
"Ash_Dieback",15.710874,46.686911
"Ash_Dieback",15.760841,46.691564
"Ash_Dieback",15.419124,46.541808
"Ash_Dieback",15.376613,46.550549
"Ash_Dieback",15.770436,46.681315
"Ash_Dieback",15.445086,46.577103
"Ash_Dieback",15.419124,46.541808
"Ash_Dieback",15.664036,46.66489
"Ash_Dieback",15.441414,46.537882
"Ash_Dieback",15.734251,46.659134
"Ash_Dieback",15.620506,46.646719
"Ash_Dieback",15.440126,46.573569
"Ash_Dieback",15.420213,46.556136
"Ash_Dieback",15.770719,46.690139
"Ash_Dieback",15.344499,46.534987
"Ash_Dieback",15.361857,46.52213
"Ash_Dieback",15.362645,46.550288
"Ash_Dieback",15.347865,46.545539
"Ash_Dieback",15.430335,46.528433
"Ash_Dieback",15.43631,46.564631
"Ash_Dieback",15.354965,46.508639
"Ash_Dieback",15.710874,46.686911
"Ash_Dieback",15.411946,46.542716
"Ash_Dieback",15.777587,46.698604
"Ash_Dieback",15.441351,46.552556
"Ash_Dieback",15.639689,46.657121
"Ash_Dieback",15.665515,46.702272
"Ash_Dieback",15.779722,46.680775
"Ash_Dieback",15.768008,46.667783
"Ash_Dieback",15.751605,46.691175
"Ash_Dieback",15.657368,46.68294
"Ash_Dieback",15.418205,46.549441
"Ash_Dieback",15.355533,46.545533
"Ash_Dieback",15.388841,46.551785
"Ash_Dieback",15.362723,46.536675
"Ash_Dieback",15.790071,46.701964
"Ash_Dieback",15.769316,46.646695
"Ash_Dieback",15.630604,46.67808
"Ash_Dieback",15.626512,46.65096
"Ash_Dieback",15.630604,46.67808
"Ash_Dieback",15.674286,46.436363
"Ash_Dieback",15.619883,46.674405
"Ash_Dieback",15.639579,46.674369
"Ash_Dieback",15.390528,46.550655
"Ash_Dieback",15.779868,46.689069
"Ash_Dieback",15.667404,46.677376
"Ash_Dieback",15.710874,46.686911
"Ash_Dieback",15.721537,46.690416
"Ash_Dieback",15.765505,46.672829
"Ash_Dieback",15.638256,46.68187
"Ash_Dieback",15.776959,46.668604
"Ash_Dieback",15.627571,46.667931
"Ash_Dieback",15.413284,46.526651
"Ash_Dieback",15.639689,46.657121
"Ash_Dieback",15.363004,46.514308
"Ash_Dieback",15.373345,46.555085
"Ash_Dieback",15.441814,46.543818
"Ash_Dieback",15.764238,46.686782
"Ash_Dieback",15.76064,46.678187
"Ash_Dieback",15.688987,46.677536
"Ash_Dieback",15.744866,46.679407
"Ash_Dieback",15.372554,46.580386
"Ash_Dieback",15.359262,46.533762
"Ash_Dieback",15.682104,46.669669
"Ash_Dieback",15.443987,46.551259
"Ash_Dieback",15.751605,46.691175
"Ash_Dieback",15.424605,46.539152
"Ash_Dieback",15.720425,46.685466
"Ash_Dieback",15.447775,46.547196
"Ash_Dieback",15.671521,46.688868
"Ash_Dieback",15.437184,46.53878
"Ash_Dieback",15.36906,46.540587
"Ash_Dieback",15.385253,46.555216
"Ash_Dieback",15.671206,46.687718
"Ash_Dieback",15.688987,46.677536
"Ash_Dieback",15.78494,46.698931
"Ash_Dieback",15.365587,46.545699
"Ash_Dieback",15.695268,46.695311
"Ash_Dieback",15.624585,46.667353
"Ash_Dieback",15.633629,46.661824
"Ash_Dieback",15.716438,46.678581
"Ash_Dieback",15.664254,46.694344
"Ash_Dieback",15.430335,46.528433
"Ash_Dieback",15.668936,46.683863
"Ash_Dieback",15.660259,46.685227
"Ash_Dieback",15.633629,46.661824
"Ash_Dieback",15.443987,46.551259
"Ash_Dieback",15.688238,46.698754
"Ash_Dieback",15.748463,46.652132
"Ash_Dieback",15.386064,46.551875
"Ash_Dieback",15.617391,46.655391
"Ash_Dieback",15.664036,46.66489
"Ash_Dieback",15.358311,46.549645
"Ash_Dieback",15.779722,46.680775
"Ash_Dieback",15.595845,46.664862
"Ash_Dieback",15.408505,46.542827
"Ash_Dieback",15.721537,46.690416
"Ash_Dieback",15.431095,46.548565
"Ash_Dieback",15.769278,46.671571
"Ash_Dieback",15.764238,46.686782
"Ash_Dieback",15.597397,46.676388
"Ash_Dieback",15.443987,46.551259
"Ash_Dieback",15.683446,46.680718
"Ash_Dieback",15.358311,46.549645
"Ash_Dieback",15.571123,46.656451
"Ash_Dieback",15.443889,46.567859
"Ash_Dieback",15.407548,46.536992
"Ash_Dieback",15.444322,46.549126
"Ash_Dieback",15.731439,46.492476
"Ash_Dieback",15.787522,46.674199
"Ash_Dieback",15.357541,46.533714
"Ash_Dieback",15.630559,46.650677
"Ash_Dieback",15.719048,46.664557
"Ash_Dieback",15.381537,46.558998
"Ash_Dieback",15.601399,46.675431
"Ash_Dieback",15.642132,46.685717
"Ash_Dieback",15.382231,46.550161
"Ash_Dieback",15.748838,46.671716
"Ash_Dieback",15.639579,46.674369
"Ash_Dieback",15.730567,46.692985
"Ash_Dieback",15.772507,46.681751
"Ash_Dieback",15.603512,46.663265
"Ash_Dieback",15.728042,46.651131
"Ash_Dieback",15.777507,46.702131
"Ash_Dieback",15.657243,46.690966
"Ash_Dieback",15.800354,46.688091
"Ash_Dieback",15.723937,46.693945
"Ash_Dieback",15.68601,46.684976
"Ash_Dieback",15.636821,46.687618
"Ash_Dieback",15.662012,46.70133
"Ash_Dieback",15.623571,46.666702
"Ash_Dieback",15.75989,46.672263
"Ash_Dieback",15.706339,46.693039
"Ash_Dieback",15.603512,46.663265
"Ash_Dieback",15.769316,46.646695
"Ash_Dieback",15.626864,46.64636
"Ash_Dieback",15.754258,46.683574
"Ash_Dieback",15.639579,46.674369
"Ash_Dieback",15.773827,46.696335
"Ash_Dieback",15.765047,46.69589
"Ash_Dieback",15.769316,46.646695
"Ash_Dieback",15.78465,46.691565
"Ash_Dieback",15.752278,46.696272
"Ash_Dieback",15.686241,46.668214
"Ash_Dieback",15.638256,46.68187
"Ash_Dieback",15.772507,46.681751
"Ash_Dieback",15.76937,46.653235
"Ash_Dieback",15.716438,46.678581
"Ash_Dieback",15.782758,46.689104
"Ash_Dieback",15.78494,46.698931
"Ash_Dieback",15.751605,46.691175
"Ash_Dieback",15.759671,46.660407
"Ash_Dieback",15.601149,46.684663
"Ash_Dieback",15.674996,46.694956
"Ash_Dieback",15.757677,46.669138
"Ash_Dieback",15.618721,46.652865
"Ash_Dieback",15.636787,46.666989
"Ash_Dieback",15.738199,46.637184
"Ash_Dieback",15.686241,46.668214
"Ash_Dieback",15.373345,46.555085
"Ash_Dieback",15.758367,46.646615
"Ash_Dieback",15.760841,46.691564
"Ash_Dieback",15.765047,46.69589
"Ash_Dieback",15.733409,46.684717
"Ash_Dieback",15.766545,46.683474
"Ash_Dieback",15.358501,46.531111
"Ash_Dieback",15.76466,46.650055
"Ash_Dieback",15.787522,46.674199
"Ash_Dieback",15.731839,46.692365
"Ash_Dieback",15.707199,46.679835
"Ash_Dieback",15.784004,46.685784
"Ash_Dieback",15.777587,46.698604
"Ash_Dieback",15.790071,46.701964
"Ash_Dieback",15.665378,46.690064
"Ash_Dieback",15.758367,46.646615
"Ash_Dieback",15.78631,46.651059
"Ash_Dieback",15.742447,46.68214
"Ash_Dieback",15.80174,46.692517
"Ash_Dieback",15.746991,46.682758
"Ash_Dieback",15.633629,46.661824
"Ash_Dieback",15.746991,46.682758
"Ash_Dieback",15.791208,46.688497
"Ash_Dieback",15.68601,46.684976
"Ash_Dieback",15.792445,46.700652
"Ash_Dieback",15.62337,46.659443
"Ash_Dieback",15.754388,46.621675
"Ash_Dieback",15.749995,46.687245
"Ash_Dieback",15.576759,46.671591
"Ash_Dieback",15.688987,46.677536
"Ash_Dieback",15.761423,46.652136
"Ash_Dieback",15.685311,46.69377
"Ash_Dieback",15.723937,46.693945
"Ash_Dieback",15.679044,46.70078
"Ash_Dieback",15.775119,46.674284
"Ash_Dieback",15.788612,46.696935
"Ash_Dieback",15.658099,46.701073
"Ash_Dieback",15.634807,46.654198
"Ash_Dieback",15.751605,46.691175
"Ash_Dieback",15.777587,46.698604
"Ash_Dieback",15.753817,46.675408
"Ash_Dieback",15.791208,46.688497
"Ash_Dieback",15.623525,46.661565
"Ash_Dieback",15.665378,46.690064
"Ash_Dieback",15.362638,46.520031
"Ash_Dieback",15.746991,46.682758
"Ash_Dieback",15.765047,46.69589
"Ash_Dieback",15.429264,46.53639
"Ash_Dieback",15.679044,46.70078
"Ash_Dieback",15.35929,46.510442
"Ash_Dieback",15.753817,46.675408
"Ash_Dieback",15.782758,46.689104
"Ash_Dieback",15.78465,46.691565
"Ash_Dieback",15.679728,46.673048
"Ash_Dieback",15.736434,46.678328
"Ash_Dieback",15.78631,46.651059
"Ash_Dieback",15.80174,46.692517
"Ash_Dieback",15.638256,46.68187
"Ash_Dieback",15.639689,46.657121
"Ash_Dieback",15.780563,46.651161
"Ash_Dieback",15.710874,46.686911
"Ash_Dieback",15.680431,46.433501
"Ash_Dieback",15.623571,46.666702
"Ash_Dieback",15.786498,46.666694
"Ash_Dieback",15.620434,46.673485
"Ash_Dieback",15.61051,46.678963
"Ash_Dieback",15.630604,46.67808
"Ash_Dieback",15.67676,46.67814
"Ash_Dieback",15.716438,46.678581
"Ash_Dieback",15.76937,46.653235
"Ash_Dieback",15.777587,46.698604
"Ash_Dieback",15.736434,46.678328
"Ash_Dieback",15.731114,46.627135
"Ash_Dieback",15.785275,46.661646
"Ash_Dieback",15.639689,46.657121
"Ash_Dieback",15.769316,46.646695
"Ash_Dieback",15.736434,46.678328
"Ash_Dieback",15.746749,46.677532
"Ash_Dieback",15.76064,46.678187
"Ash_Dieback",15.710874,46.686911
"Ash_Dieback",15.73957,46.694484
"Ash_Dieback",15.7983,46.679136
"Ash_Dieback",15.782758,46.689104
"Ash_Dieback",15.72315,46.68203
"Ash_Dieback",15.728733,46.66463
"Ash_Dieback",15.798592,46.648491
"Ash_Dieback",15.766125,46.642802
"Ash_Dieback",15.768008,46.667783
"Ash_Dieback",15.67676,46.67814
"Ash_Dieback",15.798566,46.684793
"Ash_Dieback",15.679044,46.70078
"Ash_Dieback",15.78631,46.651059
"Ash_Dieback",15.791609,46.652507
"Ash_Dieback",15.728858,46.670055
"Ash_Dieback",15.790365,46.683599
"Ash_Dieback",15.665515,46.702272
"Ash_Dieback",15.756081,46.695248
"Ash_Dieback",15.734251,46.659134
"Ash_Dieback",15.734904,46.679292
"Ash_Dieback",15.757677,46.669138
"Ash_Dieback",15.782868,46.671424
"Ash_Dieback",15.75989,46.672263
"Ash_Dieback",15.76064,46.678187
"Ash_Dieback",15.733409,46.684717
"Ash_Dieback",15.710874,46.686911
"Ash_Dieback",15.751605,46.691175
"Ash_Dieback",15.736434,46.678328
"Ash_Dieback",15.78465,46.691565
"Ash_Dieback",15.751605,46.691175
"Ash_Dieback",15.746991,46.682758
"Ash_Dieback",15.728733,46.66463
"Ash_Dieback",15.785275,46.661646
"Ash_Dieback",15.721537,46.690416
"Ash_Dieback",15.729275,46.681568
"Ash_Dieback",15.743168,46.671861
"Ash_Dieback",15.76466,46.650055
"Ash_Dieback",15.792988,46.669933
"Ash_Dieback",15.705953,46.670514
"Ash_Dieback",15.765104,46.657402
"Ash_Dieback",15.798592,46.648491
"Ash_Dieback",15.769316,46.646695
"Ash_Dieback",15.795807,46.695365
"Ash_Dieback",15.746991,46.682758
"Ash_Dieback",15.765047,46.69589
"Ash_Dieback",15.787522,46.674199
"Ash_Dieback",15.784004,46.685784
"Ash_Dieback",15.73957,46.694484
"Ash_Dieback",15.791609,46.652507
"Ash_Dieback",15.798566,46.684793
"Ash_Dieback",15.727476,46.674148
"Ash_Dieback",15.761312,46.646982
"Ash_Dieback",15.749835,46.660679
"Ash_Dieback",15.769278,46.671571
"Ash_Dieback",15.720975,46.631626
"Ash_Dieback",15.788612,46.696935
"Ash_Dieback",15.743168,46.671861
"Ash_Dieback",15.792996,46.649942
"Ash_Dieback",15.787522,46.674199
"Ash_Dieback",15.757677,46.669138
"Ash_Dieback",15.761423,46.652136
"Ash_Dieback",15.785275,46.661646
"Ash_Dieback",15.748563,46.665996
"Ash_Dieback",15.768008,46.667783
"Ash_Dieback",15.71247,46.652255
"Ash_Dieback",15.776061,46.635142
"Ash_Dieback",15.78631,46.651059
"Ash_Dieback",15.728733,46.66463
"Ash_Dieback",15.792996,46.649942
"Ash_Dieback",15.728042,46.651131
"Ash_Dieback",15.778367,46.673767
"Ash_Dieback",15.780563,46.651161
"Ash_Dieback",15.71364,46.665679
"Ash_Dieback",15.785275,46.661646
"Ash_Dieback",15.785275,46.661646
"Ash_Dieback",15.728858,46.670055
"Ash_Dieback",15.785275,46.661646
"Ash_Dieback",15.759671,46.660407
"Ash_Dieback",15.755885,46.633505
"Ash_Dieback",15.78631,46.651059
"Ash_Dieback",15.728858,46.670055
"Ash_Dieback",15.758367,46.646615
"Ash_Dieback",15.728858,46.670055
"Ash_Dieback",15.759671,46.660407
"Ash_Dieback",15.76466,46.650055
"Ash_Dieback",15.766125,46.642802
"Ash_Dieback",15.761312,46.646982
"Ash_Dieback",15.69938,46.66548
"Ash_Dieback",15.749835,46.660679
"Ash_Dieback",15.707619,46.661965
"Ash_Dieback",15.736159,46.673508
"Ash_Dieback",15.736159,46.673508
"Ash_Dieback",15.731114,46.627135
"Ash_Dieback",15.736159,46.673508
"Ash_Dieback",15.734251,46.659134
"Ash_Dieback",15.754388,46.621675
"Ash_Dieback",15.769316,46.646695
"Ash_Dieback",15.748463,46.652132
"Ash_Dieback",15.720328,46.659601
"Ash_Dieback",15.738858,46.663513
"Ash_Dieback",15.736159,46.673508
"Ash_Dieback",15.707619,46.661965
"Ash_Dieback",15.749721,46.644882
"Ash_Dieback",15.71247,46.652255
"Ash_Dieback",15.734251,46.659134
"Ash_Dieback",15.722992,46.673133
"Ash_Dieback",15.719048,46.664557
"Ash_Dieback",15.69938,46.66548
"Ash_Dieback",15.735814,46.665485
"Ash_Dieback",15.754388,46.621675
"Ash_Dieback",15.705953,46.670514
"Ash_Dieback",15.707619,46.661965
"Ash_Dieback",15.707619,46.661965
"Ash_Dieback",15.685821,46.654649
"Ash_Dieback",15.755031,46.638756
"Ash_Dieback",15.69255,46.665872
"Ash_Dieback",15.69938,46.66548
"Ash_Dieback",15.71247,46.652255
"Ash_Dieback",15.705953,46.670514
"Ash_Dieback",15.69938,46.66548
"Ash_Dieback",15.719744,46.63731
"Ash_Dieback",15.748463,46.652132
"Ash_Dieback",15.71364,46.665679
"Ash_Dieback",15.686101,46.651984
"Ash_Dieback",15.717372,46.675094
"Ash_Dieback",15.717372,46.675094
"Ash_Dieback",15.685821,46.654649
"Ash_Dieback",15.707619,46.661965
"Ash_Dieback",15.754388,46.621675
"Ash_Dieback",15.748463,46.652132
"Ash_Dieback",15.755031,46.638756
"Ash_Dieback",15.705953,46.670514
"Ash_Dieback",15.728858,46.670055
"Ash_Dieback",15.755885,46.633505
"Ash_Dieback",15.728042,46.651131
"Ash_Dieback",15.755031,46.638756
"Ash_Dieback",15.755031,46.638756
"Ash_Dieback",15.72778,46.621011
"Ash_Dieback",15.677513,46.646404
"Ash_Dieback",15.66966,46.650508
"Ash_Dieback",15.678907,46.646153
"Ash_Dieback",15.69938,46.66548
"Ash_Dieback",15.717372,46.675094
"Ash_Dieback",15.634308,46.64398
"Ash_Dieback",15.656447,46.645843
"Ash_Dieback",15.593098,46.653918
"Ash_Dieback",15.629814,46.641657
"Ash_Dieback",15.546306,46.644436
"Ash_Dieback",15.634308,46.64398
"Ash_Dieback",15.558975,46.639075
"Ash_Dieback",15.568331,46.671804
"Ash_Dieback",15.659568,46.642523
"Ash_Dieback",15.659568,46.642523
"Ash_Dieback",15.568331,46.671804
"Ash_Dieback",15.600443,46.62814
"Ash_Dieback",15.565075,46.631614
"Ash_Dieback",15.608782,46.640404
"Ash_Dieback",15.572312,46.658964
"Ash_Dieback",15.624285,46.626627
"Ash_Dieback",15.567409,46.672321
"Ash_Dieback",15.561363,46.672846
"Ash_Dieback",15.659568,46.642523
"Ash_Dieback",15.568331,46.671804
"Ash_Dieback",15.647826,46.660134
"Ash_Dieback",15.551612,46.659956
"Ash_Dieback",15.585535,46.6516
"Ash_Dieback",15.569012,46.632179
"Ash_Dieback",15.646931,46.643181
"Ash_Dieback",15.642462,46.673831
"Ash_Dieback",15.588833,46.661786
"Ash_Dieback",15.599266,46.629226
"Ash_Dieback",15.637022,46.669228
"Ash_Dieback",15.60373,46.648905
"Ash_Dieback",15.558975,46.639075
"Ash_Dieback",15.62318,46.627128
"Ash_Dieback",15.584627,46.638974
"Ash_Dieback",15.642462,46.673831
"Ash_Dieback",15.55341,46.640326
"Ash_Dieback",15.629814,46.641657
"Ash_Dieback",15.577237,46.649052
"Ash_Dieback",15.589869,46.657273
"Ash_Dieback",15.546306,46.644436
"Ash_Dieback",15.609797,46.644672
"Ash_Dieback",15.58598,46.662592
"Ash_Dieback",15.601445,46.626633
"Ash_Dieback",15.60093,46.642604
"Ash_Dieback",15.606977,46.648357
"Ash_Dieback",15.594846,46.645281
"Ash_Dieback",15.629814,46.641657
"Ash_Dieback",15.575665,46.662159
"Ash_Dieback",15.630953,46.617269
"Ash_Dieback",15.593098,46.653918
"Ash_Dieback",15.627364,46.63764
"Ash_Dieback",15.571749,46.641522
"Ash_Dieback",15.61169,46.634162
"Ash_Dieback",15.643452,46.64831
"Ash_Dieback",15.61169,46.634162
"Ash_Dieback",15.567302,46.633546
"Ash_Dieback",15.575572,46.655817
"Ash_Dieback",15.562058,46.630324
"Ash_Dieback",15.572312,46.658964
"Ash_Dieback",15.568331,46.671804
"Ash_Dieback",15.569851,46.634946
"Ash_Dieback",15.629814,46.641657
"Ash_Dieback",15.584627,46.638974
"Ash_Dieback",15.551612,46.659956
"Ash_Dieback",15.637241,46.627851
"Ash_Dieback",15.645716,46.638761
"Ash_Dieback",15.639357,46.648927
"Ash_Dieback",15.627364,46.63764
"Ash_Dieback",15.554942,46.664871
"Ash_Dieback",15.584627,46.638974
"Ash_Dieback",15.562058,46.630324
"Ash_Dieback",15.557006,46.658491
"Ash_Dieback",15.625343,46.633422
"Ash_Dieback",15.628386,46.615421
"Ash_Dieback",15.553047,46.632896
"Ash_Dieback",15.643452,46.64831
"Ash_Dieback",15.567302,46.633546
"Ash_Dieback",15.639357,46.648927
"Ash_Dieback",15.585535,46.6516
"Ash_Dieback",15.587697,46.643807
"Ash_Dieback",15.595925,46.635361
"Ash_Dieback",15.572312,46.658964
"Ash_Dieback",15.559057,46.663519
"Ash_Dieback",15.569851,46.634946
"Ash_Dieback",15.645841,46.626318
"Ash_Dieback",15.608782,46.640404
"Ash_Dieback",15.575665,46.662159
"Ash_Dieback",15.557006,46.658491
"Ash_Dieback",15.593098,46.653918
"Ash_Dieback",15.555357,46.648054
"Ash_Dieback",15.61458,46.619599
"Ash_Dieback",15.546306,46.644436
"Ash_Dieback",15.615404,46.624255
"Ash_Dieback",15.57768,46.653845
"Ash_Dieback",15.627304,46.614474
"Ash_Dieback",15.643534,46.634347
"Ash_Dieback",15.634231,46.62955
"Ash_Dieback",15.626441,46.621109
"Ash_Dieback",15.615352,46.632325
"Ash_Dieback",15.55341,46.640326
"Ash_Dieback",15.61757,46.631027
"Ash_Dieback",15.57768,46.653845
"Ash_Dieback",15.61757,46.631027
"Ash_Dieback",15.579833,46.629138
"Ash_Dieback",15.568331,46.671804
"Ash_Dieback",15.584627,46.638974
"Ash_Dieback",15.575844,46.632271
"Ash_Dieback",15.562058,46.630324
"Ash_Dieback",15.651187,46.607106
"Ash_Dieback",15.695735,46.644261
"Ash_Dieback",15.65152,46.635885
"Ash_Dieback",15.696359,46.611554
"Ash_Dieback",15.65064,46.632264
"Ash_Dieback",15.660258,46.625192
"Ash_Dieback",15.696359,46.611554
"Ash_Dieback",15.684597,46.601225
"Ash_Dieback",15.646621,46.624892
"Ash_Dieback",15.648491,46.641462
"Ash_Dieback",15.655554,46.628233
"Ash_Dieback",15.666699,46.620134
"Ash_Dieback",15.651804,46.615038
"Ash_Dieback",15.657927,46.609614
"Ash_Dieback",15.65152,46.635885
"Ash_Dieback",15.65152,46.635885
"Ash_Dieback",15.666699,46.620134
"Ash_Dieback",15.653595,46.626067
"Ash_Dieback",15.660258,46.625192
"Ash_Dieback",15.703566,46.630664
"Ash_Dieback",15.655554,46.628233
"Ash_Dieback",15.67351,46.603972
"Ash_Dieback",15.684597,46.601225
"Ash_Dieback",15.653595,46.626067
"Ash_Dieback",15.715998,46.610829
"Ash_Dieback",15.703566,46.630664
"Ash_Dieback",15.651804,46.615038
"Ash_Dieback",15.689367,46.607881
"Ash_Dieback",15.63854,46.62178
"Ash_Dieback",15.648491,46.641462
"Ash_Dieback",15.63854,46.62178
"Ash_Dieback",15.699219,46.607533
"Ash_Dieback",15.695735,46.644261
"Ash_Dieback",15.680278,46.618021
"Ash_Dieback",15.67351,46.603972
"Ash_Dieback",15.660258,46.625192
"Ash_Dieback",15.696359,46.611554
"Ash_Dieback",15.67351,46.603972
"Ash_Dieback",15.69967,46.615204
"Ash_Dieback",15.696359,46.611554
"Ash_Dieback",15.69967,46.615204
"Ash_Dieback",15.750159,46.606687
"Ash_Dieback",15.709642,46.623906
"Ash_Dieback",15.739601,46.61551
"Ash_Dieback",15.703653,46.642341
"Ash_Dieback",15.696359,46.611554
"Ash_Dieback",15.75486,46.612468
"Ash_Dieback",15.688092,46.578379
"Ash_Dieback",15.708001,46.634244
"Ash_Dieback",15.710624,46.643009
"Ash_Dieback",15.703653,46.642341
"Ash_Dieback",15.652284,46.597446
"Ash_Dieback",15.739601,46.61551
"Ash_Dieback",15.62869,46.599999
"Ash_Dieback",15.734387,46.596875
"Ash_Dieback",15.703653,46.642341
"Ash_Dieback",15.738612,46.586097
"Ash_Dieback",15.732736,46.602221
"Ash_Dieback",15.713731,46.598257
"Ash_Dieback",15.74842,46.619753
"Ash_Dieback",15.75486,46.612468
"Ash_Dieback",15.739869,46.608374
"Ash_Dieback",15.750159,46.606687
"Ash_Dieback",15.75486,46.612468
"Ash_Dieback",15.750159,46.606687
"Ash_Dieback",15.74842,46.619753
"Ash_Dieback",15.739601,46.61551
"Ash_Dieback",15.74421,46.611729
"Ash_Dieback",15.74842,46.619753
"Ash_Dieback",15.739601,46.61551
"Ash_Dieback",15.738612,46.586097
"Ash_Dieback",15.631864,46.606954
"Ash_Dieback",15.643853,46.594147
"Ash_Dieback",15.738612,46.586097
"Ash_Dieback",15.651804,46.594426
"Ash_Dieback",15.75486,46.612468
"Ash_Dieback",15.62869,46.599999
"Ash_Dieback",15.75486,46.612468
"Ash_Dieback",15.643853,46.594147
"Ash_Dieback",15.650188,46.600058
"Ash_Dieback",15.700806,46.596997
"Ash_Dieback",15.743258,46.581334
"Ash_Dieback",15.630228,46.606549
"Ash_Dieback",15.653228,46.59449
"Ash_Dieback",15.62869,46.599999
"Ash_Dieback",15.697737,46.599921
"Ash_Dieback",15.734387,46.596875
"Ash_Dieback",15.700806,46.596997
"Ash_Dieback",15.74842,46.619753
"Ash_Dieback",15.639163,46.602604
"Ash_Dieback",15.74842,46.619753
"Ash_Dieback",15.716132,46.568597
"Ash_Dieback",15.700806,46.596997
"Ash_Dieback",15.734387,46.596875
"Ash_Dieback",15.74421,46.611729
"Ash_Dieback",15.696696,46.582888
"Ash_Dieback",15.758521,46.580154
"Ash_Dieback",15.697737,46.599921
"Ash_Dieback",15.651804,46.594426
"Ash_Dieback",15.652284,46.597446
"Ash_Dieback",15.738612,46.586097
"Ash_Dieback",15.738612,46.586097
"Ash_Dieback",15.653228,46.59449
"Ash_Dieback",15.738612,46.586097
"Ash_Dieback",15.688092,46.578379
"Ash_Dieback",15.737075,46.580538
"Ash_Dieback",15.726152,46.573554
"Ash_Dieback",15.688092,46.578379
"Ash_Dieback",15.726152,46.573554
"Ash_Dieback",15.73229,46.568243
"Ash_Dieback",15.73229,46.568243
"Ash_Dieback",15.73229,46.568243
"Ash_Dieback",15.753444,46.558452
"Ash_Dieback",15.73229,46.568243
"Ash_Dieback",15.735251,46.55956
"Ash_Dieback",15.735251,46.55956
"Ash_Dieback",15.753444,46.558452
"Ash_Dieback",15.743198,46.55411
"Ash_Dieback",15.74604,46.563538
"Ash_Dieback",15.74604,46.563538
"Ash_Dieback",15.760821,46.553454
"Ash_Dieback",15.74604,46.563538
"Ash_Dieback",15.74604,46.563538
"Ash_Dieback",15.760821,46.553454
"Ash_Dieback",15.760821,46.553454
"Ash_Dieback",15.751688,46.551266
"Ash_Dieback",15.732247,46.544698
"Ash_Dieback",15.747977,46.546936
"Ash_Dieback",15.747977,46.546936
"Ash_Dieback",15.705825,46.556417
"Ash_Dieback",15.740867,46.542897
"Ash_Dieback",15.69514,46.5592
"Ash_Dieback",15.7115,46.560538
"Ash_Dieback",15.691624,46.576036
"Ash_Dieback",15.69514,46.5592
"Ash_Dieback",15.710788,46.564951
"Ash_Dieback",15.691624,46.576036
"Ash_Dieback",15.710788,46.564951
"Ash_Dieback",15.674657,46.592359
"Ash_Dieback",15.674657,46.592359
"Ash_Dieback",15.688223,46.567078
"Ash_Dieback",15.674657,46.592359
"Ash_Dieback",15.478905,46.535868
"Ash_Dieback",15.478905,46.535868
"Ash_Dieback",15.478905,46.535868
"Ash_Dieback",15.478905,46.535868
"Ash_Dieback",15.478905,46.535868
"Ash_Dieback",15.463799,46.53782
"Ash_Dieback",15.506098,46.563443
"Ash_Dieback",15.50923,46.588638
"Ash_Dieback",15.455646,46.538852
"Ash_Dieback",15.513169,46.551176
"Ash_Dieback",15.510219,46.609102
"Ash_Dieback",15.499528,46.575303
"Ash_Dieback",15.509349,46.599938
"Ash_Dieback",15.50923,46.588638
"Ash_Dieback",15.49143,46.597245
"Ash_Dieback",15.500964,46.602152
"Ash_Dieback",15.480909,46.598658
"Ash_Dieback",15.495513,46.601267
"Ash_Dieback",15.532362,46.629198
"Ash_Dieback",15.492359,46.617664
"Ash_Dieback",15.499499,46.611713
"Ash_Dieback",15.488865,46.61238
"Ash_Dieback",15.499499,46.611713
"Ash_Dieback",15.532362,46.629198
"Ash_Dieback",15.523556,46.620737
"Ash_Dieback",15.579296,46.621736
"Ash_Dieback",15.597686,46.61977
"Ash_Dieback",15.541017,46.613206
"Ash_Dieback",15.563214,46.619747
"Ash_Dieback",15.597686,46.61977
"Ash_Dieback",15.597686,46.61977
"Ash_Dieback",15.597686,46.61977
"Ash_Dieback",15.590429,46.627203
"Ash_Dieback",15.58369,46.62112
"Ash_Dieback",15.551026,46.603748
"Ash_Dieback",15.541017,46.613206
"Ash_Dieback",15.528459,46.616108
"Ash_Dieback",15.528459,46.616108
"Ash_Dieback",15.551026,46.603748
"Ash_Dieback",15.54781,46.607155
"Ash_Dieback",15.551026,46.603748
"Ash_Dieback",15.54781,46.607155
"Ash_Dieback",15.538389,46.607605
"Ash_Dieback",15.538389,46.607605
"Ash_Dieback",15.538389,46.607605
"Ash_Dieback",15.540612,46.606658
"Ash_Dieback",15.551272,46.594597
"Ash_Dieback",15.540307,46.603511
"Ash_Dieback",15.510855,46.576944
"Ash_Dieback",15.53624,46.579122
"Ash_Dieback",15.535061,46.594431
"Ash_Dieback",15.524048,46.569102
"Ash_Dieback",15.549622,46.599157
"Ash_Dieback",15.553206,46.599967
"Ash_Dieback",15.549622,46.599157
"Ash_Dieback",15.527164,46.567522
"Ash_Dieback",15.51384,46.587574
"Ash_Dieback",15.543125,46.577371
"Ash_Dieback",15.508414,46.572592
"Ash_Dieback",15.543125,46.577371
"Ash_Dieback",15.512654,46.56704
"Ash_Dieback",15.510855,46.576944
"Ash_Dieback",15.510333,46.569956
"Ash_Dieback",15.529028,46.564734
"Ash_Dieback",15.510333,46.569956
"Ash_Dieback",15.530023,46.573105
"Ash_Dieback",15.53349,46.570129
"Ash_Dieback",15.524048,46.569102
"Ash_Dieback",15.527164,46.567522
"Ash_Dieback",15.538208,46.563134
"Ash_Dieback",15.546756,46.566071
"Ash_Dieback",15.556509,46.568201
"Ash_Dieback",15.535342,46.567412
"Ash_Dieback",15.529028,46.564734
"Ash_Dieback",15.535342,46.567412
"Ash_Dieback",15.559817,46.572738
"Ash_Dieback",15.567545,46.569506
"Ash_Dieback",15.559817,46.572738
"Ash_Dieback",15.559817,46.572738
"Ash_Dieback",15.564124,46.579221
"Ash_Dieback",15.565915,46.583306
"Ash_Dieback",15.553593,46.589259
"Ash_Dieback",15.556499,46.58256
"Ash_Dieback",15.559325,46.587027
"Ash_Dieback",15.553593,46.589259
"Ash_Dieback",15.559123,46.594046
"Ash_Dieback",15.565901,46.588173
"Ash_Dieback",15.567826,46.593859
"Ash_Dieback",15.559123,46.594046
"Ash_Dieback",15.553036,46.606266
"Ash_Dieback",15.557586,46.603149
"Ash_Dieback",15.597331,46.606537
"Ash_Dieback",15.565227,46.606161
"Ash_Dieback",15.586443,46.602851
"Ash_Dieback",15.565227,46.606161
"Ash_Dieback",15.566496,46.611373
"Ash_Dieback",15.573106,46.606896
"Ash_Dieback",15.573106,46.606896
"Ash_Dieback",15.558646,46.614822
"Ash_Dieback",15.581951,46.616009
"Ash_Dieback",15.599422,46.604331
"Ash_Dieback",15.579815,46.604325
"Ash_Dieback",15.555187,46.609854
"Ash_Dieback",15.57232,46.61524
"Ash_Dieback",15.557586,46.603149
"Ash_Dieback",15.574223,46.609985
"Ash_Dieback",15.561769,46.61513
"Ash_Dieback",15.573106,46.606896
"Ash_Dieback",15.579815,46.604325
"Ash_Dieback",15.572311,46.60205
"Ash_Dieback",15.576681,46.598052
"Ash_Dieback",15.569516,46.580724
"Ash_Dieback",15.58025,46.601083
"Ash_Dieback",15.576681,46.598052
"Ash_Dieback",15.580062,46.573761
"Ash_Dieback",15.594011,46.596586
"Ash_Dieback",15.577281,46.589529
"Ash_Dieback",15.601016,46.593877
"Ash_Dieback",15.604311,46.596802
"Ash_Dieback",15.5707,46.572981
"Ash_Dieback",15.608783,46.581259
"Ash_Dieback",15.594831,46.572578
"Ash_Dieback",15.607034,46.582393
"Ash_Dieback",15.605746,46.61656
"Ash_Dieback",15.623697,46.605092
"Ash_Dieback",15.595585,46.542705
"Ash_Dieback",15.610555,46.567124
"Ash_Dieback",15.627119,46.590561
"Ash_Dieback",15.630513,46.522166
"Ash_Dieback",15.609759,46.586867
"Ash_Dieback",15.57493,46.525249
"Ash_Dieback",15.575053,46.536872
"Ash_Dieback",15.583865,46.562253
"Ash_Dieback",15.4995,46.535375
"Ash_Dieback",15.531885,46.519556
"Ash_Dieback",15.523714,46.51828
"Ash_Dieback",15.521999,46.514734
"Ash_Dieback",15.517904,46.508923
"Ash_Dieback",15.515551,46.528799
"Ash_Dieback",15.54444,46.544616
"Ash_Dieback",15.516659,46.526014
"Ash_Dieback",15.554956,46.529918
"Ash_Dieback",15.521384,46.52673
"Ash_Dieback",15.520402,46.533032
"Ash_Dieback",15.555158,46.545887
"Ash_Dieback",15.737717,46.493362
"Ash_Dieback",15.743437,46.499137
"Ash_Dieback",15.737717,46.493362
"Ash_Dieback",15.783937,46.489734
"Ash_Dieback",15.746869,46.508112
"Ash_Dieback",15.743437,46.499137
"Ash_Dieback",15.74756,46.514738
"Ash_Dieback",15.746869,46.508112
"Ash_Dieback",15.746869,46.508112
"Ash_Dieback",15.777174,46.50871
"Ash_Dieback",15.777174,46.50871
"Ash_Dieback",15.780792,46.51385
"Ash_Dieback",15.769635,46.510066
"Ash_Dieback",15.77084,46.506819
"Ash_Dieback",15.777174,46.50871
"Ash_Dieback",15.780792,46.51385
"Ash_Dieback",15.801889,46.511967
"Ash_Dieback",15.791765,46.517445
"Ash_Dieback",15.79268,46.520255
"Ash_Dieback",15.797167,46.526746
"Ash_Dieback",15.79268,46.520255
"Ash_Dieback",15.7972,46.518307
"Ash_Dieback",15.791345,46.528883
"Ash_Dieback",15.791345,46.528883
"Ash_Dieback",15.73928,46.519219
"Ash_Dieback",15.73928,46.519219
"Ash_Dieback",15.765203,46.533101
"Ash_Dieback",15.761812,46.519043
"Ash_Dieback",15.757464,46.526882
"Ash_Dieback",15.745691,46.53242
"Ash_Dieback",15.766205,46.536621
"Ash_Dieback",15.757464,46.526882
"Ash_Dieback",15.791345,46.528883
"Ash_Dieback",15.777414,46.53184
"Ash_Dieback",15.745691,46.53242
"Ash_Dieback",15.775973,46.546892
"Ash_Dieback",15.73928,46.519219
"Ash_Dieback",15.745691,46.53242
"Ash_Dieback",15.73928,46.519219
"Ash_Dieback",15.73928,46.519219
"Ash_Dieback",15.73928,46.519219
"Ash_Dieback",15.73928,46.519219
"Ash_Dieback",15.795943,46.484082
"Ash_Dieback",15.74337,46.536151
"Ash_Dieback",15.737468,46.52784
"Ash_Dieback",15.738012,46.515052
"Ash_Dieback",15.74337,46.536151
"Ash_Dieback",15.740447,46.513966
"Ash_Dieback",15.74337,46.536151
"Ash_Dieback",15.720995,46.509412
"Ash_Dieback",15.790014,46.483026
"Ash_Dieback",15.731345,46.50868
"Ash_Dieback",15.720995,46.509412
"Ash_Dieback",15.740447,46.513966
"Ash_Dieback",15.825413,46.516352
"Ash_Dieback",15.811943,46.525481
"Ash_Dieback",15.803109,46.492201
"Ash_Dieback",15.8078,46.490513
"Ash_Dieback",15.811943,46.525481
"Ash_Dieback",15.845731,46.517229
"Ash_Dieback",15.819967,46.530309
"Ash_Dieback",15.820999,46.524409
"Ash_Dieback",15.80157,46.498231
"Ash_Dieback",15.820999,46.524409
"Ash_Dieback",15.820999,46.524409
"Ash_Dieback",15.827433,46.511227
"Ash_Dieback",15.845731,46.517229
"Ash_Dieback",15.827433,46.511227
"Ash_Dieback",15.831052,46.506711
"Ash_Dieback",15.827433,46.511227
"Ash_Dieback",15.815792,46.508351
"Ash_Dieback",15.831052,46.506711
"Ash_Dieback",15.838767,46.507635
"Ash_Dieback",15.838767,46.507635
"Ash_Dieback",15.823692,46.50259
"Ash_Dieback",15.838767,46.507635
"Ash_Dieback",15.838767,46.507635
"Ash_Dieback",15.84574,46.534557
"Ash_Dieback",15.844882,46.546439
"Ash_Dieback",15.84574,46.534557
"Ash_Dieback",15.845405,46.525589
"Ash_Dieback",15.826319,46.535716
"Ash_Dieback",15.826319,46.535716
"Ash_Dieback",15.84338,46.542941
"Ash_Dieback",15.844882,46.546439
"Ash_Dieback",15.84338,46.542941
"Ash_Dieback",15.844882,46.546439
"Ash_Dieback",15.86286,46.537173
"Ash_Dieback",15.844882,46.546439
"Ash_Dieback",15.861743,46.555553
"Ash_Dieback",15.861743,46.555553
"Ash_Dieback",15.861743,46.555553
"Ash_Dieback",15.861743,46.555553
"Ash_Dieback",15.799971,46.559601
"Ash_Dieback",15.81874,46.53712
"Ash_Dieback",15.785445,46.545451
"Ash_Dieback",15.785445,46.545451
"Ash_Dieback",15.838073,46.546327
"Ash_Dieback",15.813648,46.536626
"Ash_Dieback",15.799971,46.559601
"Ash_Dieback",15.81874,46.53712
"Ash_Dieback",15.861743,46.555553
"Ash_Dieback",15.800426,46.539175
"Ash_Dieback",15.780121,46.554224
"Ash_Dieback",15.784913,46.550169
"Ash_Dieback",15.800426,46.539175
"Ash_Dieback",15.805109,46.535822
"Ash_Dieback",15.780121,46.554224
"Ash_Dieback",15.787378,46.535793
"Ash_Dieback",15.783791,46.558229
"Ash_Dieback",15.780784,46.553203
"Ash_Dieback",15.783791,46.558229
"Ash_Dieback",15.784913,46.550169
"Ash_Dieback",15.792464,46.558241
"Ash_Dieback",15.783791,46.558229
"Ash_Dieback",15.792464,46.558241
"Ash_Dieback",15.792464,46.558241
"Ash_Dieback",15.798747,46.555309
"Ash_Dieback",15.776745,46.54982
"Ash_Dieback",15.792464,46.558241
"Ash_Dieback",15.792464,46.558241
"Ash_Dieback",15.798747,46.555309
"Ash_Dieback",15.798747,46.555309
"Ash_Dieback",15.792464,46.558241
"Ash_Dieback",15.803294,46.563834
"Ash_Dieback",15.803294,46.563834
"Ash_Dieback",15.803294,46.563834
"Ash_Dieback",15.798747,46.555309
"Ash_Dieback",15.803294,46.563834
"Ash_Dieback",15.758707,46.57668
"Ash_Dieback",15.774596,46.572867
"Ash_Dieback",15.763315,46.550874
"Ash_Dieback",15.803294,46.563834
"Ash_Dieback",15.817745,46.570614
"Ash_Dieback",15.847083,46.568834
"Ash_Dieback",15.805797,46.576052
"Ash_Dieback",15.763315,46.550874
"Ash_Dieback",15.804631,46.564247
"Ash_Dieback",15.881124,46.565221
"Ash_Dieback",15.774596,46.572867
"Ash_Dieback",15.804631,46.564247
"Ash_Dieback",15.804631,46.564247
"Ash_Dieback",15.804631,46.564247
"Ash_Dieback",15.812393,46.570427
"Ash_Dieback",15.804631,46.564247
"Ash_Dieback",15.809911,46.571029
"Ash_Dieback",15.809911,46.571029
"Ash_Dieback",15.868364,46.567514
"Ash_Dieback",15.812393,46.570427
"Ash_Dieback",15.809911,46.571029
"Ash_Dieback",15.809911,46.571029
"Ash_Dieback",15.891132,46.570163
"Ash_Dieback",15.856568,46.570563
"Ash_Dieback",15.891132,46.570163
"Ash_Dieback",15.852327,46.570504
"Ash_Dieback",15.891132,46.570163
"Ash_Dieback",15.910833,46.549306
"Ash_Dieback",15.917437,46.55502
"Ash_Dieback",15.899312,46.553635
"Ash_Dieback",15.891132,46.570163
"Ash_Dieback",15.917437,46.55502
"Ash_Dieback",15.929493,46.553816
"Ash_Dieback",15.929493,46.553816
"Ash_Dieback",15.955729,46.541741
"Ash_Dieback",15.929493,46.553816
"Ash_Dieback",15.967635,46.54183
"Ash_Dieback",15.933863,46.546313
"Ash_Dieback",15.940501,46.539573
"Ash_Dieback",15.929493,46.553816
"Ash_Dieback",15.976149,46.544753
"Ash_Dieback",15.948884,46.540269
"Ash_Dieback",15.936122,46.55404
"Ash_Dieback",15.953341,46.577326
"Ash_Dieback",15.946841,46.536795
"Ash_Dieback",15.936122,46.55404
"Ash_Dieback",15.936984,46.556391
"Ash_Dieback",15.962484,46.570547
"Ash_Dieback",15.957315,46.571832
"Ash_Dieback",15.962484,46.570547
"Ash_Dieback",15.94675,46.583157
"Ash_Dieback",15.965528,46.578078
"Ash_Dieback",15.957315,46.571832
"Ash_Dieback",15.957315,46.571832
"Ash_Dieback",15.957315,46.571832
"Ash_Dieback",15.962072,46.578908
"Ash_Dieback",15.94675,46.583157
"Ash_Dieback",15.94675,46.583157
"Ash_Dieback",15.930754,46.56883
"Ash_Dieback",15.916053,46.568886
"Ash_Dieback",15.91773,46.575449
"Ash_Dieback",15.916053,46.568886
"Ash_Dieback",15.925867,46.576778
"Ash_Dieback",15.91773,46.575449
"Ash_Dieback",15.899889,46.578273
"Ash_Dieback",15.936123,46.585116
"Ash_Dieback",15.899889,46.578273
"Ash_Dieback",15.923732,46.590048
"Ash_Dieback",15.899889,46.578273
"Ash_Dieback",15.899889,46.578273
"Ash_Dieback",15.897902,46.584352
"Ash_Dieback",15.906347,46.582153
"Ash_Dieback",15.899141,46.570919
"Ash_Dieback",15.899141,46.570919
"Ash_Dieback",15.855527,46.586459
"Ash_Dieback",15.861292,46.597797
"Ash_Dieback",15.87418,46.576277
"Ash_Dieback",15.792556,46.587732
"Ash_Dieback",15.870402,46.587201
"Ash_Dieback",15.817725,46.584028
"Ash_Dieback",15.775322,46.612745
"Ash_Dieback",15.848069,46.588539
"Ash_Dieback",15.862237,46.571852
"Ash_Dieback",15.855527,46.586459
"Ash_Dieback",15.848069,46.588539
"Ash_Dieback",15.855527,46.586459
"Ash_Dieback",15.846331,46.589236
"Ash_Dieback",15.769171,46.590528
"Ash_Dieback",15.792556,46.587732
"Ash_Dieback",15.755899,46.591445
"Ash_Dieback",15.848069,46.588539
"Ash_Dieback",15.90063,46.556836
"Ash_Dieback",15.817725,46.584028
"Ash_Dieback",15.846331,46.589236
"Ash_Dieback",15.817725,46.584028
"Ash_Dieback",15.773394,46.576375
"Ash_Dieback",15.862791,46.572225
"Ash_Dieback",15.762469,46.58074
"Ash_Dieback",15.874127,46.574595
"Ash_Dieback",15.846331,46.589236
"Ash_Dieback",15.826121,46.584399
"Ash_Dieback",15.804414,46.581289
"Ash_Dieback",15.767728,46.57339
"Ash_Dieback",15.870402,46.587201
"Ash_Dieback",15.769818,46.576336
"Ash_Dieback",15.767728,46.57339
"Ash_Dieback",15.755899,46.591445
"Ash_Dieback",15.755899,46.591445
"Ash_Dieback",15.755899,46.591445
"Ash_Dieback",15.755899,46.591445
"Ash_Dieback",15.755899,46.591445
"Ash_Dieback",15.769171,46.590528
"Ash_Dieback",15.769171,46.590528
"Ash_Dieback",15.769171,46.590528
"Ash_Dieback",15.769171,46.590528
"Ash_Dieback",15.769171,46.590528
"Ash_Dieback",15.754104,46.603162
"Ash_Dieback",15.754104,46.603162
"Ash_Dieback",15.765059,46.604267
"Ash_Dieback",15.765059,46.604267
"Ash_Dieback",15.754104,46.603162
"Ash_Dieback",15.765868,46.608895
"Ash_Dieback",15.779944,46.609088
"Ash_Dieback",15.765059,46.604267
"Ash_Dieback",15.779944,46.609088
"Ash_Dieback",15.765868,46.608895
"Ash_Dieback",15.775322,46.612745
"Ash_Dieback",15.76527,46.617383
"Ash_Dieback",15.776447,46.600142
"Ash_Dieback",15.775322,46.612745
"Ash_Dieback",15.795129,46.588803
"Ash_Dieback",15.775322,46.612745
"Ash_Dieback",15.76527,46.617383
"Ash_Dieback",15.802462,46.588698
"Ash_Dieback",15.776447,46.600142
"Ash_Dieback",15.795129,46.588803
"Ash_Dieback",15.767018,46.624659
"Ash_Dieback",15.76527,46.617383
"Ash_Dieback",15.767018,46.624659
"Ash_Dieback",15.795129,46.588803
"Ash_Dieback",15.767018,46.624659
"Ash_Dieback",15.78954,46.596633
"Ash_Dieback",15.776447,46.600142
"Ash_Dieback",15.776447,46.600142
"Ash_Dieback",15.776447,46.600142
"Ash_Dieback",15.776447,46.600142
"Ash_Dieback",15.78954,46.596633
"Ash_Dieback",15.76527,46.617383
"Ash_Dieback",15.776447,46.600142
"Ash_Dieback",15.76527,46.617383
"Ash_Dieback",15.776447,46.600142
"Ash_Dieback",15.78954,46.596633
"Ash_Dieback",15.76527,46.617383
"Ash_Dieback",15.78954,46.596633
"Ash_Dieback",15.776447,46.600142
"Ash_Dieback",15.767018,46.624659
"Ash_Dieback",15.783395,46.635605
"Ash_Dieback",15.776447,46.600142
"Ash_Dieback",15.783395,46.635605
"Ash_Dieback",15.776447,46.600142
"Ash_Dieback",15.795129,46.588803
"Ash_Dieback",15.786679,46.621601
"Ash_Dieback",15.783395,46.635605
"Ash_Dieback",15.767018,46.624659
"Ash_Dieback",15.808478,46.600072
"Ash_Dieback",15.776012,46.631706
"Ash_Dieback",15.786679,46.621601
"Ash_Dieback",15.808478,46.600072
"Ash_Dieback",15.786679,46.621601
"Ash_Dieback",15.783395,46.635605
"Ash_Dieback",15.795271,46.625167
"Ash_Dieback",15.783395,46.635605
"Ash_Dieback",15.786679,46.621601
"Ash_Dieback",15.781889,46.642543
"Ash_Dieback",15.786679,46.621601
"Ash_Dieback",15.783395,46.635605
"Ash_Dieback",15.798631,46.621905
"Ash_Dieback",15.812289,46.617463
"Ash_Dieback",15.812289,46.617463
"Ash_Dieback",15.783395,46.635605
"Ash_Dieback",15.781889,46.642543
"Ash_Dieback",15.775437,46.647229
"Ash_Dieback",15.781889,46.642543
"Ash_Dieback",15.791803,46.620198
"Ash_Dieback",15.812289,46.617463
"Ash_Dieback",15.804,46.616721
"Ash_Dieback",15.81576,46.612148
"Ash_Dieback",15.836648,46.622262
"Ash_Dieback",15.844095,46.624988
"Ash_Dieback",15.815784,46.614586
"Ash_Dieback",15.79691,46.615817
"Ash_Dieback",15.79691,46.615817
"Ash_Dieback",15.833253,46.622233
"Ash_Dieback",15.833253,46.622233
"Ash_Dieback",15.821216,46.622401
"Ash_Dieback",15.817263,46.599254
"Ash_Dieback",15.827882,46.624557
"Ash_Dieback",15.848525,46.608509
"Ash_Dieback",15.821216,46.622401
"Ash_Dieback",15.821216,46.622401
"Ash_Dieback",15.848525,46.608509
"Ash_Dieback",15.848525,46.608509
"Ash_Dieback",15.844095,46.624988
"Ash_Dieback",15.818144,46.594515
"Ash_Dieback",15.865207,46.615779
"Ash_Dieback",15.873945,46.611942
"Ash_Dieback",15.83076,46.609539
"Ash_Dieback",15.820417,46.589488
"Ash_Dieback",15.820417,46.589488
"Ash_Dieback",15.820417,46.589488
"Ash_Dieback",15.820417,46.589488
"Ash_Dieback",15.820417,46.589488
"Ash_Dieback",15.820417,46.589488
"Ash_Dieback",15.893044,46.617373
"Ash_Dieback",15.845255,46.600562
"Ash_Dieback",15.820417,46.589488
"Ash_Dieback",15.845255,46.600562
"Ash_Dieback",15.820417,46.589488
"Ash_Dieback",15.860856,46.60076
"Ash_Dieback",15.865207,46.615779
"Ash_Dieback",15.845255,46.600562
"Ash_Dieback",15.865207,46.615779
"Ash_Dieback",15.893044,46.617373
"Ash_Dieback",15.865207,46.615779
"Ash_Dieback",15.893044,46.617373
"Ash_Dieback",15.876604,46.618922
"Ash_Dieback",15.88759,46.619215
"Ash_Dieback",15.868529,46.613648
"Ash_Dieback",15.88759,46.619215
"Ash_Dieback",15.868529,46.613648
"Ash_Dieback",15.88759,46.619215
"Ash_Dieback",15.88759,46.619215
"Ash_Dieback",15.891305,46.593392
"Ash_Dieback",15.918596,46.595056
"Ash_Dieback",15.900577,46.617367
"Ash_Dieback",15.89678,46.628562
"Ash_Dieback",15.905978,46.590496
"Ash_Dieback",15.917913,46.634881
"Ash_Dieback",15.895331,46.624642
"Ash_Dieback",15.895331,46.624642
"Ash_Dieback",15.907118,46.629048
"Ash_Dieback",15.900577,46.617367
"Ash_Dieback",15.901894,46.633713
"Ash_Dieback",15.907118,46.629048
"Ash_Dieback",15.895331,46.624642
"Ash_Dieback",15.889835,46.623174
"Ash_Dieback",15.886078,46.62574
"Ash_Dieback",15.907118,46.629048
"Ash_Dieback",15.857982,46.636058
"Ash_Dieback",15.877548,46.644141
"Ash_Dieback",15.889835,46.623174
"Ash_Dieback",15.857982,46.636058
"Ash_Dieback",15.892024,46.639522
"Ash_Dieback",15.857982,46.636058
"Ash_Dieback",15.857982,46.636058
"Ash_Dieback",15.857982,46.636058
"Ash_Dieback",15.866949,46.643062
"Ash_Dieback",15.846655,46.644249
"Ash_Dieback",15.84612,46.648463
"Ash_Dieback",15.851977,46.645451
"Ash_Dieback",15.849927,46.632178
"Ash_Dieback",15.849927,46.632178
"Ash_Dieback",15.849927,46.632178
"Ash_Dieback",15.84612,46.648463
"Ash_Dieback",15.841269,46.644873
"Ash_Dieback",15.835498,46.634857
"Ash_Dieback",15.821317,46.648015
"Ash_Dieback",15.794279,46.65633
"Ash_Dieback",15.799933,46.63755
"Ash_Dieback",15.810888,46.635557
"Ash_Dieback",15.866988,46.661775
"Ash_Dieback",15.810888,46.635557
"Ash_Dieback",15.835498,46.634857
"Ash_Dieback",15.813202,46.630457
"Ash_Dieback",15.810888,46.635557
"Ash_Dieback",15.80168,46.659355
"Ash_Dieback",15.835498,46.634857
"Ash_Dieback",15.872891,46.659957
"Ash_Dieback",15.789785,46.663595
"Ash_Dieback",15.804982,46.630128
"Ash_Dieback",15.802313,46.685351
"Ash_Dieback",15.799933,46.63755
"Ash_Dieback",15.820974,46.631427
"Ash_Dieback",15.265555,46.586957
"Ash_Dieback",15.795064,46.646653
"Ash_Dieback",15.802458,46.655454
"Ash_Dieback",15.835635,46.665742
"Ash_Dieback",15.834146,46.645501
"Ash_Dieback",15.807979,46.683926
"Ash_Dieback",15.807979,46.683926
"Ash_Dieback",15.821346,46.654204
"Ash_Dieback",15.810888,46.635557
"Ash_Dieback",15.834146,46.645501
"Ash_Dieback",15.645662,46.47419
"Ash_Dieback",15.840517,46.653642
"Ash_Dieback",15.821317,46.648015
"Ash_Dieback",15.637875,46.468692
"Ash_Dieback",15.829422,46.635576
"Ash_Dieback",15.572199,46.473872
"Ash_Dieback",15.834146,46.645501
"Ash_Dieback",15.803226,46.691337
"Ash_Dieback",15.808432,46.652128
"Ash_Dieback",15.814692,46.682601
"Ash_Dieback",15.830816,46.645562
"Ash_Dieback",15.794565,46.665127
"Ash_Dieback",15.830816,46.645562
"Ash_Dieback",15.183086,46.549586
"Ash_Dieback",15.861397,46.650445
"Ash_Dieback",15.835498,46.634857
"Ash_Dieback",15.835447,46.678132
"Ash_Dieback",15.212729,46.533609
"Ash_Dieback",15.816375,46.640844
"Ash_Dieback",15.802313,46.685351
"Ash_Dieback",15.829422,46.635576
"Ash_Dieback",15.835447,46.678132
"Ash_Dieback",15.801422,46.64812
"Ash_Dieback",15.866988,46.661775
"Ash_Dieback",15.623632,46.508627
"Ash_Dieback",15.835498,46.634857
"Ash_Dieback",15.799933,46.63755
"Ash_Dieback",15.818735,46.68635
"Ash_Dieback",15.253268,46.540814
"Ash_Dieback",15.821317,46.648015
"Ash_Dieback",15.582083,46.467785
"Ash_Dieback",15.578582,46.491276
"Ash_Dieback",15.795064,46.646653
"Ash_Dieback",15.821317,46.648015
"Ash_Dieback",15.832957,46.676027
"Ash_Dieback",15.810888,46.635557
"Ash_Dieback",15.874991,46.648398
"Ash_Dieback",15.809667,46.694512
"Ash_Dieback",15.627942,46.500443
"Ash_Dieback",15.830816,46.645562
"Ash_Dieback",15.835635,46.665742
"Ash_Dieback",15.801422,46.64812
"Ash_Dieback",15.581207,46.499126
"Ash_Dieback",15.80168,46.659355
"Ash_Dieback",15.804982,46.630128
"Ash_Dieback",15.803226,46.691337
"Ash_Dieback",15.866988,46.661775
"Ash_Dieback",15.585138,46.460086
"Ash_Dieback",15.597544,46.461137
"Ash_Dieback",15.80168,46.659355
"Ash_Dieback",15.810888,46.635557
"Ash_Dieback",15.253268,46.540814
"Ash_Dieback",15.840517,46.653642
"Ash_Dieback",15.80168,46.659355
"Ash_Dieback",15.612269,46.495922
"Ash_Dieback",15.585312,46.505322
"Ash_Dieback",15.872891,46.659957
"Ash_Dieback",15.800909,46.657642
"Ash_Dieback",15.582083,46.467785
"Ash_Dieback",15.830816,46.645562
"Ash_Dieback",15.484047,46.524717
"Ash_Dieback",15.813202,46.630457
"Ash_Dieback",15.633008,46.491338
"Ash_Dieback",15.813202,46.630457
"Ash_Dieback",15.567243,46.500636
"Ash_Dieback",15.577278,46.468988
"Ash_Dieback",15.603858,46.479907
"Ash_Dieback",15.585352,46.4691
"Ash_Dieback",15.861397,46.650445
"Ash_Dieback",15.813202,46.630457
"Ash_Dieback",15.80844,46.672821
"Ash_Dieback",15.484047,46.524717
"Ash_Dieback",15.807979,46.683926
"Ash_Dieback",15.602693,46.499374
"Ash_Dieback",15.828064,46.62793
"Ash_Dieback",15.789785,46.663595
"Ash_Dieback",15.808432,46.652128
"Ash_Dieback",15.795064,46.646653
"Ash_Dieback",15.840517,46.653642
"Ash_Dieback",15.810888,46.635557
"Ash_Dieback",15.835498,46.634857
"Ash_Dieback",15.837667,46.674607
"Ash_Dieback",15.809667,46.694512
"Ash_Dieback",15.834146,46.645501
"Ash_Dieback",15.810888,46.635557
"Ash_Dieback",15.813202,46.630457
"Ash_Dieback",15.810888,46.635557
"Ash_Dieback",15.574899,46.468154
"Ash_Dieback",15.816375,46.640844
"Ash_Dieback",15.802458,46.655454
"Ash_Dieback",15.273689,46.556952
"Ash_Dieback",15.572199,46.473872
"Ash_Dieback",15.861397,46.650445
"Ash_Dieback",15.245507,46.571744
"Ash_Dieback",15.835635,46.665742
"Ash_Dieback",15.872891,46.659957
"Ash_Dieback",15.60747,46.496614
"Ash_Dieback",15.794565,46.665127
"Ash_Dieback",15.866988,46.661775
"Ash_Dieback",15.872891,46.659957
"Ash_Dieback",15.807979,46.683926
"Ash_Dieback",15.837667,46.674607
"Ash_Dieback",15.621333,46.494488
"Ash_Dieback",15.620188,46.509456
"Ash_Dieback",15.802458,46.655454
"Ash_Dieback",15.841156,46.655238
"Ash_Dieback",15.866988,46.661775
"Ash_Dieback",15.246226,46.540586
"Ash_Dieback",15.264864,46.55511
"Ash_Dieback",15.802458,46.655454
"Ash_Dieback",15.861397,46.650445
"Ash_Dieback",15.621424,46.489881
"Ash_Dieback",15.217958,46.58893
"Ash_Dieback",15.242183,46.554855
"Ash_Dieback",15.80844,46.672821
"Ash_Dieback",15.239508,46.531109
"Ash_Dieback",15.874991,46.648398
"Ash_Dieback",15.242183,46.554855
"Ash_Dieback",15.235321,46.533394
"Ash_Dieback",15.222099,46.52329
"Ash_Dieback",15.592346,46.476432
"Ash_Dieback",15.872891,46.659957
"Ash_Dieback",15.21931,46.542648
"Ash_Dieback",15.807505,46.68195
"Ash_Dieback",15.259866,46.551829
"Ash_Dieback",15.807979,46.683926
"Ash_Dieback",15.262411,46.563024
"Ash_Dieback",15.642926,46.485155
"Ash_Dieback",15.246397,46.529394
"Ash_Dieback",15.237175,46.584717
"Ash_Dieback",15.256109,46.587276
"Ash_Dieback",15.259883,46.577038
"Ash_Dieback",15.21349,46.518241
"Ash_Dieback",15.246729,46.570734
"Ash_Dieback",15.23505,46.552162
"Ash_Dieback",15.619246,46.48624
"Ash_Dieback",15.621333,46.494488
"Ash_Dieback",15.814692,46.682601
"Ash_Dieback",15.590627,46.466859
"Ash_Dieback",15.594441,46.45598
"Ash_Dieback",15.609026,46.455228
"Ash_Dieback",15.24191,46.566785
"Ash_Dieback",15.599237,46.46945
"Ash_Dieback",15.250231,46.549574
"Ash_Dieback",15.586512,46.481303
"Ash_Dieback",15.578965,46.483123
"Ash_Dieback",15.599353,46.463494
"Ash_Dieback",15.601977,46.480583
"Ash_Dieback",15.571805,46.483474
"Ash_Dieback",15.573889,46.473638
"Ash_Dieback",15.603672,46.461986
"Ash_Dieback",15.574899,46.468154
"Ash_Dieback",15.240404,46.553608
"Ash_Dieback",15.187442,46.549911
"Ash_Dieback",15.240404,46.553608
"Ash_Dieback",15.240404,46.553608
"Ash_Dieback",15.246611,46.545039
"Ash_Dieback",15.586652,46.474932
"Ash_Dieback",15.230631,46.534177
"Ash_Dieback",15.239508,46.531109
"Ash_Dieback",15.23505,46.552162
"Ash_Dieback",15.597411,46.507121
"Ash_Dieback",15.253268,46.540814
"Ash_Dieback",15.642926,46.485155
"Ash_Dieback",15.46455,46.526571
"Ash_Dieback",15.264864,46.55511
"Ash_Dieback",15.578582,46.491276
"Ash_Dieback",15.237722,46.534109
"Ash_Dieback",15.607667,46.517738
"Ash_Dieback",15.253268,46.540814
"Ash_Dieback",15.246226,46.540586
"Ash_Dieback",15.60747,46.496614
"Ash_Dieback",15.264184,46.568175
"Ash_Dieback",15.264864,46.55511
"Ash_Dieback",15.273689,46.556952
"Ash_Dieback",15.271223,46.577524
"Ash_Dieback",15.273689,46.556952
"Ash_Dieback",15.244724,46.580401
"Ash_Dieback",15.247884,46.560907
"Ash_Dieback",15.24191,46.566785
"Ash_Dieback",15.237175,46.584717
"Ash_Dieback",15.257623,46.581955
"Ash_Dieback",15.257623,46.581955
"Ash_Dieback",15.271223,46.577524
"Ash_Dieback",15.217958,46.58893
"Ash_Dieback",15.259533,46.591101
"Ash_Dieback",15.242255,46.591292
"Ash_Dieback",15.223637,46.592473
"Ash_Dieback",15.257623,46.581955
"Ash_Dieback",15.217174,46.59495
"Ash_Dieback",15.265555,46.586957
"Ash_Dieback",15.183086,46.549586
"Ash_Dieback",15.19342,46.54032
"Ash_Dieback",15.208573,46.544305
"Ash_Dieback",15.217174,46.59495
"Ash_Dieback",15.18707,46.540186
"Ash_Dieback",15.172868,46.539399
"Ash_Dieback",15.18707,46.540186
"Ash_Dieback",15.19788,46.533591
"Ash_Dieback",15.187442,46.549911
"Ash_Dieback",15.195205,46.554334
"Ash_Dieback",15.212066,46.557335
"Ash_Dieback",15.194182,46.545726
"Ash_Dieback",15.203908,46.569289
"Ash_Dieback",15.236604,46.579356
"Ash_Dieback",15.215951,46.563338
"Ash_Dieback",15.197615,46.5502
"Ash_Dieback",15.19342,46.54032
"Ash_Dieback",15.219885,46.568621
"Ash_Dieback",15.198558,46.558457
"Ash_Dieback",15.236604,46.579356
"Ash_Dieback",15.219885,46.568621
"Ash_Dieback",15.221079,46.54797
"Ash_Dieback",15.221079,46.54797
"Ash_Dieback",15.187853,46.555498
"Ash_Dieback",15.236884,46.574893
"Ash_Dieback",15.219885,46.568621
"Ash_Dieback",15.236884,46.574893
"Ash_Dieback",15.219885,46.568621
"Ash_Dieback",15.219885,46.568621
"Ash_Dieback",15.216839,46.583246
"Ash_Dieback",15.213013,46.582498
"Ash_Dieback",15.236884,46.574893
"Ash_Dieback",15.180507,46.562284
"Ash_Dieback",15.187743,46.561355
"Ash_Dieback",15.232664,46.57949
"Ash_Dieback",15.172396,46.55061
"Ash_Dieback",15.226324,46.589112
"Ash_Dieback",15.171345,46.560481
"Ash_Dieback",15.181813,46.554932
"Ash_Dieback",15.177563,46.551592
"Ash_Dieback",15.206877,46.574763
"Ash_Dieback",15.172777,46.563862
"Ash_Dieback",15.152096,46.570819
"Ash_Dieback",15.152096,46.570819
"Ash_Dieback",15.189958,46.586569
"Ash_Dieback",15.183241,46.568335
"Ash_Dieback",15.183608,46.564969
"Ash_Dieback",15.188901,46.567957
"Ash_Dieback",15.178991,46.569241
"Ash_Dieback",15.178036,46.584178
"Ash_Dieback",15.187229,46.586115
"Ash_Dieback",15.199336,46.574749
"Ash_Dieback",15.206793,46.586828
"Ash_Dieback",15.202471,46.57917
"Ash_Dieback",15.16667,46.584024
"Ash_Dieback",15.189958,46.586569
"Ash_Dieback",15.193826,46.577188
"Ash_Dieback",15.189958,46.586569
"Ash_Dieback",15.197179,46.59496
"Ash_Dieback",15.185208,46.590239
"Ash_Dieback",15.207617,46.594267
"Ash_Dieback",15.190804,46.607944
"Ash_Dieback",15.211693,46.595159
"Ash_Dieback",15.140671,46.571743
"Ash_Dieback",15.147772,46.573281
"Ash_Dieback",15.268967,46.598735
"Ash_Dieback",15.111586,46.618801
"Ash_Dieback",15.257121,46.605249
"Ash_Dieback",15.280468,46.599004
"Ash_Dieback",15.137724,46.577243
"Ash_Dieback",15.21829,46.619249
"Ash_Dieback",15.273659,46.610285
"Ash_Dieback",15.209414,46.616638
"Ash_Dieback",15.24289,46.616356
"Ash_Dieback",15.234986,46.606287
"Ash_Dieback",15.209414,46.616638
"Ash_Dieback",15.104907,46.582299
"Ash_Dieback",15.271142,46.618505
"Ash_Dieback",15.2167,46.600628
"Ash_Dieback",15.287662,46.636296
"Ash_Dieback",15.279303,46.626096
"Ash_Dieback",15.144578,46.57898
"Ash_Dieback",15.144578,46.57898
"Ash_Dieback",15.271142,46.618505
"Ash_Dieback",15.234986,46.606287
"Ash_Dieback",15.279303,46.626096
"Ash_Dieback",15.262746,46.602312
"Ash_Dieback",15.271142,46.618505
"Ash_Dieback",15.289081,46.630552
"Ash_Dieback",15.268967,46.598735
"Ash_Dieback",15.209414,46.616638
"Ash_Dieback",15.257121,46.605249
"Ash_Dieback",15.209414,46.616638
"Ash_Dieback",15.112943,46.568895
"Ash_Dieback",15.289081,46.630552
"Ash_Dieback",15.262746,46.602312
"Ash_Dieback",15.289081,46.630552
"Ash_Dieback",15.289081,46.630552
"Ash_Dieback",15.209414,46.616638
"Ash_Dieback",15.268049,46.605773
"Ash_Dieback",15.289081,46.630552
"Ash_Dieback",15.285447,46.632379
"Ash_Dieback",15.271142,46.618505
"Ash_Dieback",15.209414,46.616638
"Ash_Dieback",15.268049,46.605773
"Ash_Dieback",15.268967,46.598735
"Ash_Dieback",15.268049,46.605773
"Ash_Dieback",15.289081,46.630552
"Ash_Dieback",15.287662,46.636296
"Ash_Dieback",15.262746,46.602312
"Ash_Dieback",15.262746,46.602312
"Ash_Dieback",15.285447,46.632379
"Ash_Dieback",15.259061,46.609797
"Ash_Dieback",15.267312,46.628294
"Ash_Dieback",15.287662,46.636296
"Ash_Dieback",15.27272,46.615496
"Ash_Dieback",15.288075,46.645022
"Ash_Dieback",15.259061,46.609797
"Ash_Dieback",15.285447,46.632379
"Ash_Dieback",15.271142,46.618505
"Ash_Dieback",15.259061,46.609797
"Ash_Dieback",15.285447,46.632379
"Ash_Dieback",15.263516,46.626422
"Ash_Dieback",15.259061,46.609797
"Ash_Dieback",15.27272,46.615496
"Ash_Dieback",15.212057,46.624623
"Ash_Dieback",15.263516,46.626422
"Ash_Dieback",15.285325,46.64385
"Ash_Dieback",15.279303,46.626096
"Ash_Dieback",15.263516,46.626422
"Ash_Dieback",15.117551,46.624023
"Ash_Dieback",15.227016,46.617135
"Ash_Dieback",15.21829,46.619249
"Ash_Dieback",15.230819,46.624046
"Ash_Dieback",15.25872,46.625794
"Ash_Dieback",15.21829,46.619249
"Ash_Dieback",15.25872,46.625794
"Ash_Dieback",15.257407,46.613175
"Ash_Dieback",14.873358,46.539636
"Ash_Dieback",15.270443,46.635322
"Ash_Dieback",15.26296,46.632991
"Ash_Dieback",15.25872,46.625794
"Ash_Dieback",15.270443,46.635322
"Ash_Dieback",15.236643,46.635865
"Ash_Dieback",15.166264,46.625563
"Ash_Dieback",15.227016,46.617135
"Ash_Dieback",15.26706,46.640638
"Ash_Dieback",15.197368,46.639377
"Ash_Dieback",15.212335,46.632332
"Ash_Dieback",15.19646,46.634016
"Ash_Dieback",15.230819,46.624046
"Ash_Dieback",15.213261,46.641741
"Ash_Dieback",15.085383,46.571987
"Ash_Dieback",15.144914,46.630783
"Ash_Dieback",15.283323,46.63816
"Ash_Dieback",15.212335,46.632332
"Ash_Dieback",15.288075,46.645022
"Ash_Dieback",15.246712,46.638389
"Ash_Dieback",15.258077,46.64136
"Ash_Dieback",15.278591,46.637533
"Ash_Dieback",15.057666,46.505383
"Ash_Dieback",15.178862,46.632516
"Ash_Dieback",15.252106,46.632746
"Ash_Dieback",15.24289,46.616356
"Ash_Dieback",15.24289,46.616356
"Ash_Dieback",15.227016,46.617135
"Ash_Dieback",15.288075,46.645022
"Ash_Dieback",14.901045,46.55753
"Ash_Dieback",15.182093,46.637918
"Ash_Dieback",15.278322,46.641069
"Ash_Dieback",15.21829,46.619249
"Ash_Dieback",15.190905,46.647431
"Ash_Dieback",15.20198,46.629175
"Ash_Dieback",15.212335,46.632332
"Ash_Dieback",14.953986,46.522745
"Ash_Dieback",15.08551,46.594254
"Ash_Dieback",14.953986,46.522745
"Ash_Dieback",15.136978,46.637613
"Ash_Dieback",15.212127,46.635787
"Ash_Dieback",15.227016,46.617135
"Ash_Dieback",15.227016,46.617135
"Ash_Dieback",14.949411,46.522851
"Ash_Dieback",15.227016,46.617135
"Ash_Dieback",15.20198,46.629175
"Ash_Dieback",15.227016,46.617135
"Ash_Dieback",15.230819,46.624046
"Ash_Dieback",15.236644,46.627138
"Ash_Dieback",14.951703,46.555718
"Ash_Dieback",14.940966,46.559204
"Ash_Dieback",15.23841,46.621952
"Ash_Dieback",15.248929,46.615137
"Ash_Dieback",15.236644,46.627138
"Ash_Dieback",15.136811,46.62867
"Ash_Dieback",15.212057,46.624623
"Ash_Dieback",15.205541,46.638418
"Ash_Dieback",15.237371,46.623322
"Ash_Dieback",15.230819,46.624046
"Ash_Dieback",15.043603,46.438146
"Ash_Dieback",15.208997,46.640382
"Ash_Dieback",15.035253,46.540408
"Ash_Dieback",15.189622,46.639408
"Ash_Dieback",15.242547,46.633054
"Ash_Dieback",15.216575,46.627943
"Ash_Dieback",15.05001,46.566008
"Ash_Dieback",15.230576,46.631226
"Ash_Dieback",15.085768,46.438256
"Ash_Dieback",15.144914,46.630783
"Ash_Dieback",15.189622,46.639408
"Ash_Dieback",15.246712,46.638389
"Ash_Dieback",14.91937,46.521062
"Ash_Dieback",15.030524,46.45986
"Ash_Dieback",15.202534,46.627303
"Ash_Dieback",14.918994,46.564472
"Ash_Dieback",15.055454,46.569712
"Ash_Dieback",14.983449,46.501997
"Ash_Dieback",15.0482,46.484281
"Ash_Dieback",15.225154,46.624534
"Ash_Dieback",15.205541,46.638418
"Ash_Dieback",15.242547,46.633054
"Ash_Dieback",15.242547,46.633054
"Ash_Dieback",15.202534,46.627303
"Ash_Dieback",15.212057,46.624623
"Ash_Dieback",15.242547,46.633054
"Ash_Dieback",15.216575,46.627943
"Ash_Dieback",14.983057,46.600845
"Ash_Dieback",15.212127,46.635787
"Ash_Dieback",15.202534,46.627303
"Ash_Dieback",15.194328,46.622351
"Ash_Dieback",15.182511,46.62256
"Ash_Dieback",15.219702,46.638976
"Ash_Dieback",15.20198,46.629175
"Ash_Dieback",15.212127,46.635787
"Ash_Dieback",14.89379,46.559332
"Ash_Dieback",15.094101,46.59593
"Ash_Dieback",15.197368,46.639377
"Ash_Dieback",15.213261,46.641741
"Ash_Dieback",14.998054,46.518849
"Ash_Dieback",15.035253,46.540408
"Ash_Dieback",14.868903,46.58753
"Ash_Dieback",14.989196,46.493999
"Ash_Dieback",15.19646,46.634016
"Ash_Dieback",15.201579,46.633665
"Ash_Dieback",14.963139,46.518871
"Ash_Dieback",15.173748,46.621953
"Ash_Dieback",15.011971,46.608349
"Ash_Dieback",15.185344,46.644939
"Ash_Dieback",15.15604,46.621583
"Ash_Dieback",15.120933,46.641401
"Ash_Dieback",14.925069,46.567517
"Ash_Dieback",15.070875,46.5613
"Ash_Dieback",15.173748,46.621953
"Ash_Dieback",14.999032,46.550797
"Ash_Dieback",15.032623,46.444088
"Ash_Dieback",15.046982,46.592325
"Ash_Dieback",15.12105,46.444369
"Ash_Dieback",15.136811,46.62867
"Ash_Dieback",15.085383,46.571987
"Ash_Dieback",15.073501,46.573831
"Ash_Dieback",15.094297,46.618062
"Ash_Dieback",15.010267,46.580468
"Ash_Dieback",15.120933,46.641401
"Ash_Dieback",15.009817,46.548169
"Ash_Dieback",15.12105,46.444369
"Ash_Dieback",15.057946,46.582405
"Ash_Dieback",14.947903,46.575401
"Ash_Dieback",14.974694,46.50052
"Ash_Dieback",15.052882,46.593429
"Ash_Dieback",15.023373,46.563714
"Ash_Dieback",14.935679,46.552426
"Ash_Dieback",15.053379,46.491674
"Ash_Dieback",15.08007,46.561141
"Ash_Dieback",15.03662,46.55644
"Ash_Dieback",15.066387,46.622463
"Ash_Dieback",15.055454,46.569712
"Ash_Dieback",15.080924,46.599179
"Ash_Dieback",15.114228,46.596613
"Ash_Dieback",15.12105,46.444369
"Ash_Dieback",15.074894,46.599066
"Ash_Dieback",15.085768,46.438256
"Ash_Dieback",15.077889,46.621088
"Ash_Dieback",15.071539,46.628227
"Ash_Dieback",15.087581,46.591284
"Ash_Dieback",15.062671,46.594008
"Ash_Dieback",15.076521,46.596258
"Ash_Dieback",15.079722,46.607493
"Ash_Dieback",15.089719,46.450291
"Ash_Dieback",15.078735,46.443228
"Ash_Dieback",14.971647,46.60356
"Ash_Dieback",15.127965,46.495608
"Ash_Dieback",15.062827,46.62646
"Ash_Dieback",14.937883,46.599544
"Ash_Dieback",14.998603,46.616276
"Ash_Dieback",14.977645,46.58627
"Ash_Dieback",15.080425,46.459484
"Ash_Dieback",15.074446,46.447747
"Ash_Dieback",14.964241,46.611484
"Ash_Dieback",15.111309,46.442031
"Ash_Dieback",15.127021,46.437596
"Ash_Dieback",14.977342,46.594088
"Ash_Dieback",15.082623,46.449154
"Ash_Dieback",15.024097,46.605378
"Ash_Dieback",14.952678,46.606532
"Ash_Dieback",15.089719,46.450291
"Ash_Dieback",15.039932,46.487055
"Ash_Dieback",15.12105,46.444369
"Ash_Dieback",15.029199,46.442001
"Ash_Dieback",15.089719,46.450291
"Ash_Dieback",15.11524,46.448028
"Ash_Dieback",15.156667,46.514277
"Ash_Dieback",15.041251,46.458723
"Ash_Dieback",15.043603,46.438146
"Ash_Dieback",15.093103,46.480069
"Ash_Dieback",15.117775,46.434934
"Ash_Dieback",15.089719,46.450291
"Ash_Dieback",15.055242,46.455109
"Ash_Dieback",15.082454,46.432447
"Ash_Dieback",15.096048,46.524943
"Ash_Dieback",15.090867,46.436714
"Ash_Dieback",15.077096,46.434898
"Ash_Dieback",14.996466,46.455357
"Ash_Dieback",15.143661,46.480114
"Ash_Dieback",15.036956,46.442566
"Ash_Dieback",15.043603,46.438146
"Ash_Dieback",15.11396,46.507454
"Ash_Dieback",15.156667,46.514277
"Ash_Dieback",15.014508,46.451676
"Ash_Dieback",15.060538,46.441422
"Ash_Dieback",14.983431,46.472793
"Ash_Dieback",15.167996,46.498911
"Ash_Dieback",15.08847,46.466712
"Ash_Dieback",15.117522,46.515728
"Ash_Dieback",15.055242,46.455109
"Ash_Dieback",15.034254,46.450763
"Ash_Dieback",15.135615,46.522293
"Ash_Dieback",15.130091,46.518125
"Ash_Dieback",15.079685,46.478217
"Ash_Dieback",15.099086,46.511292
"Ash_Dieback",15.071426,46.466445
"Ash_Dieback",15.113549,46.498242
"Ash_Dieback",15.130091,46.518125
"Ash_Dieback",15.155343,46.493576
"Ash_Dieback",15.167996,46.498911
"Ash_Dieback",15.030707,46.504215
"Ash_Dieback",15.122262,46.548228
"Ash_Dieback",15.128573,46.520988
"Ash_Dieback",15.099472,46.550527
"Ash_Dieback",15.079543,46.539648
"Ash_Dieback",15.097281,46.529143
"Ash_Dieback",15.096048,46.524943
"Ash_Dieback",15.099472,46.550527
"Ash_Dieback",15.060705,46.552795
"Ash_Dieback",15.122262,46.548228
"Ash_Dieback",15.157343,46.410846
"Ash_Dieback",15.125164,46.551428
"Ash_Dieback",15.104555,46.548903
"Ash_Dieback",15.122262,46.548228
"Ash_Dieback",15.126476,46.54359
"Ash_Dieback",15.072609,46.551105
"Ash_Dieback",15.104555,46.548903
"Ash_Dieback",15.150857,46.407913
"Ash_Dieback",15.151902,46.41411
"Ash_Dieback",15.069448,46.547428
"Ash_Dieback",15.099194,46.562466
"Ash_Dieback",15.151784,46.423216
"Ash_Dieback",15.142531,46.412125
"Ash_Dieback",15.167412,46.415393
"Ash_Dieback",15.130534,46.415775
"Ash_Dieback",15.151784,46.423216
"Ash_Dieback",15.167443,46.412793
"Ash_Dieback",15.136889,46.428921
"Ash_Dieback",15.127811,46.419727
"Ash_Dieback",15.151784,46.423216
"Ash_Dieback",15.168312,46.411982
"Ash_Dieback",15.167412,46.415393
"Ash_Dieback",15.146511,46.41697
"Ash_Dieback",15.1429,46.423866
"Ash_Dieback",15.146511,46.41697
"Ash_Dieback",15.1429,46.423866
"Ash_Dieback",15.131849,46.421828
"Ash_Dieback",15.1429,46.423866
"Ash_Dieback",15.14845,46.431155
"Ash_Dieback",15.152728,46.430106
"Ash_Dieback",15.15329,46.440362
"Ash_Dieback",15.142458,46.433799
"Ash_Dieback",15.177067,46.424339
"Ash_Dieback",15.152728,46.430106
"Ash_Dieback",15.210428,46.424768
"Ash_Dieback",15.146599,46.434784
"Ash_Dieback",15.168888,46.421536
"Ash_Dieback",15.15895,46.426481
"Ash_Dieback",15.15895,46.426481
"Ash_Dieback",15.152728,46.430106
"Ash_Dieback",15.181293,46.443119
"Ash_Dieback",15.165221,46.435073
"Ash_Dieback",15.181293,46.443119
"Ash_Dieback",15.169069,46.437892
"Ash_Dieback",15.165221,46.435073
"Ash_Dieback",15.181293,46.443119
"Ash_Dieback",15.181293,46.443119
"Ash_Dieback",15.181293,46.443119
"Ash_Dieback",15.181293,46.443119
"Ash_Dieback",15.169069,46.437892
"Ash_Dieback",15.142458,46.433799
"Ash_Dieback",15.222726,46.431852
"Ash_Dieback",15.158037,46.447967
"Ash_Dieback",15.239918,46.429487
"Ash_Dieback",15.207834,46.42345
"Ash_Dieback",15.165747,46.445194
"Ash_Dieback",15.15622,46.445432
"Ash_Dieback",15.203013,46.431898
"Ash_Dieback",15.192575,46.435129
"Ash_Dieback",15.158037,46.447967
"Ash_Dieback",15.192906,46.425708
"Ash_Dieback",15.158037,46.447967
"Ash_Dieback",15.158037,46.447967
"Ash_Dieback",15.207834,46.42345
"Ash_Dieback",15.216672,46.431126
"Ash_Dieback",15.225442,46.44043
"Ash_Dieback",15.208554,46.448389
"Ash_Dieback",15.222726,46.431852
"Ash_Dieback",15.217846,46.435083
"Ash_Dieback",15.208614,46.453724
"Ash_Dieback",15.195388,46.457409
"Ash_Dieback",15.230405,46.429075
"Ash_Dieback",15.279503,46.463018
"Ash_Dieback",15.192565,46.47988
"Ash_Dieback",15.188761,46.461028
"Ash_Dieback",15.180326,46.469202
"Ash_Dieback",15.189444,46.455215
"Ash_Dieback",15.166167,46.399938
"Ash_Dieback",15.168451,46.456679
"Ash_Dieback",15.184234,46.47356
"Ash_Dieback",15.168451,46.456679
"Ash_Dieback",15.188761,46.461028
"Ash_Dieback",15.189734,46.478499
"Ash_Dieback",14.93801,46.365362
"Ash_Dieback",15.198942,46.46434
"Ash_Dieback",14.954127,46.364469
"Ash_Dieback",15.168872,46.466476
"Ash_Dieback",15.182057,46.364519
"Ash_Dieback",15.184234,46.47356
"Ash_Dieback",14.996754,46.396687
"Ash_Dieback",15.103923,46.424817
"Ash_Dieback",15.019648,46.4136
"Ash_Dieback",14.935472,46.312277
"Ash_Dieback",15.173331,46.399405
"Ash_Dieback",15.001956,46.395788
"Ash_Dieback",15.000136,46.413692
"Ash_Dieback",14.970501,46.366634
"Ash_Dieback",14.978573,46.327228
"Ash_Dieback",15.073889,46.411777
"Ash_Dieback",14.987914,46.384991
"Ash_Dieback",14.932846,46.336568
"Ash_Dieback",14.951781,46.372566
"Ash_Dieback",15.014432,46.370954
"Ash_Dieback",14.798461,46.284768
"Ash_Dieback",15.05596,46.431941
"Ash_Dieback",14.935472,46.312277
"Ash_Dieback",14.953587,46.389661
"Ash_Dieback",14.96218,46.37095
"Ash_Dieback",14.798461,46.284768
"Ash_Dieback",14.965828,46.356376
"Ash_Dieback",14.948153,46.359968
"Ash_Dieback",14.798461,46.284768
"Ash_Dieback",14.971546,46.355477
"Ash_Dieback",14.828553,46.289675
"Ash_Dieback",14.805705,46.291438
"Ash_Dieback",14.753588,46.278203
"Ash_Dieback",14.782388,46.2797
"Ash_Dieback",14.74712,46.27369
"Ash_Dieback",14.799891,46.283961
"Ash_Dieback",14.794559,46.28692
"Ash_Dieback",14.74712,46.27369
"Ash_Dieback",14.748724,46.263437
"Ash_Dieback",14.830368,46.290308
"Ash_Dieback",14.778252,46.275644
"Ash_Dieback",14.790701,46.312106
"Ash_Dieback",14.842365,46.27062
"Ash_Dieback",14.765543,46.274089
"Ash_Dieback",14.774647,46.268889
"Ash_Dieback",14.800389,46.325979
"Ash_Dieback",14.82595,46.29192
"Ash_Dieback",14.768047,46.295867
"Ash_Dieback",14.849103,46.273688
"Ash_Dieback",14.815566,46.292174
"Ash_Dieback",14.837528,46.28294
"Ash_Dieback",14.849103,46.273688
"Ash_Dieback",14.844136,46.286548
"Ash_Dieback",14.837382,46.288608
"Ash_Dieback",14.875345,46.259144
"Ash_Dieback",14.898919,46.278061
"Ash_Dieback",14.800254,46.363317
"Ash_Dieback",14.891375,46.287052
"Ash_Dieback",14.852287,46.320793
"Ash_Dieback",14.86924,46.3178
"Ash_Dieback",14.842106,46.361852
"Ash_Dieback",14.808837,46.361622
"Ash_Dieback",14.842106,46.361852
"Ash_Dieback",14.797125,46.3661
"Ash_Dieback",14.876061,46.404
"Ash_Dieback",14.705002,46.32258
"Ash_Dieback",14.709612,46.305398
"Ash_Dieback",14.839211,46.374264
"Ash_Dieback",14.658865,46.324054
"Ash_Dieback",14.74356,46.333595
"Ash_Dieback",14.761076,46.359059
"Ash_Dieback",14.775039,46.3543
"Ash_Dieback",14.767807,46.359243
"Ash_Dieback",14.770338,46.350611
"Ash_Dieback",14.740349,46.35079
"Ash_Dieback",14.755065,46.354772
"Ash_Dieback",14.756227,46.330158
"Ash_Dieback",14.76089,46.344942
"Ash_Dieback",14.720578,46.334477
"Ash_Dieback",14.700979,46.2934
"Ash_Dieback",15.3769,46.394747
"Ash_Dieback",15.398379,46.422852
"Ash_Dieback",14.734146,46.332962
"Ash_Dieback",14.729719,46.327229
"Ash_Dieback",14.724077,46.325722
"Ash_Dieback",14.734416,46.341663
"Ash_Dieback",14.711916,46.319224
"Ash_Dieback",14.720578,46.334477
"Ash_Dieback",15.499354,46.353482
"Ash_Dieback",15.786011,46.227703
"Ash_Dieback",15.374453,46.330119
"Ash_Dieback",14.687144,46.309271
"Ash_Dieback",14.688678,46.421641
"Ash_Dieback",15.499354,46.353482
"Ash_Dieback",14.679615,46.436461
"Ash_Dieback",14.698703,46.396475
"Ash_Dieback",14.724179,46.344257
"Ash_Dieback",15.349076,46.405488
"Ash_Dieback",14.72398,46.350212
"Ash_Dieback",14.73122,46.36306
"Ash_Dieback",14.79451,46.377288
"Ash_Dieback",14.706788,46.392268
"Ash_Dieback",15.504999,46.21623
"Ash_Dieback",14.724179,46.344257
"Ash_Dieback",14.633963,46.393589
"Ash_Dieback",15.315054,46.39013
"Ash_Dieback",15.294141,46.369943
"Ash_Dieback",15.355675,46.384342
"Ash_Dieback",15.364663,46.396577
"Ash_Dieback",15.358989,46.348613
"Ash_Dieback",14.718683,46.352107
"Ash_Dieback",14.693354,46.423003
"Ash_Dieback",15.341911,46.407768
"Ash_Dieback",15.260348,46.097855
"Ash_Dieback",15.39756,46.41214
"Ash_Dieback",15.349926,46.410137
"Ash_Dieback",15.695929,46.229188
"Ash_Dieback",15.495497,46.358025
"Ash_Dieback",15.477963,46.284745
"Ash_Dieback",15.705402,46.260171
"Ash_Dieback",14.72398,46.350212
"Ash_Dieback",15.785837,46.215558
"Ash_Dieback",15.3769,46.394747
"Ash_Dieback",15.740247,46.246904
"Ash_Dieback",14.721928,46.339906
"Ash_Dieback",15.391409,46.365322
"Ash_Dieback",15.323637,46.083296
"Ash_Dieback",14.721928,46.339906
"Ash_Dieback",15.495497,46.358025
"Ash_Dieback",14.720993,46.347443
"Ash_Dieback",15.468998,46.298728
"Ash_Dieback",15.60703,46.207923
"Ash_Dieback",14.633963,46.393589
"Ash_Dieback",15.367471,46.402263
"Ash_Dieback",15.348884,46.416069
"Ash_Dieback",15.745764,46.223475
"Ash_Dieback",15.377007,46.415781
"Ash_Dieback",14.72398,46.350212
"Ash_Dieback",15.698348,46.266513
"Ash_Dieback",15.397809,46.326891
"Ash_Dieback",15.404812,46.307972
"Ash_Dieback",15.705402,46.260171
"Ash_Dieback",15.329952,46.381091
"Ash_Dieback",15.315127,46.402726
"Ash_Dieback",15.269703,46.421737
"Ash_Dieback",15.143192,46.303205
"Ash_Dieback",15.226432,46.340857
"Ash_Dieback",15.311231,46.403636
"Ash_Dieback",15.066561,46.272685
"Ash_Dieback",15.288952,46.371755
"Ash_Dieback",15.285192,46.398306
"Ash_Dieback",15.237072,46.397517
"Ash_Dieback",15.300802,46.399166
"Ash_Dieback",15.108766,46.291547
"Ash_Dieback",15.135396,46.300515
"Ash_Dieback",15.232908,46.336345
"Ash_Dieback",15.024373,46.230415
"Ash_Dieback",15.324065,46.37481
"Ash_Dieback",15.024373,46.230415
"Ash_Dieback",15.01465,46.230867
"Ash_Dieback",15.022431,46.237164
"Ash_Dieback",15.013614,46.236805
"Ash_Dieback",15.07041,46.239843
"Ash_Dieback",15.025026,46.239862
"Ash_Dieback",15.026969,46.235363
"Ash_Dieback",15.02113,46.226367
"Ash_Dieback",15.018548,46.255609
"Ash_Dieback",15.028915,46.238962
"Ash_Dieback",15.026969,46.235363
"Ash_Dieback",15.097014,46.251969
"Ash_Dieback",15.129391,46.232142
"Ash_Dieback",15.043824,46.235358
"Ash_Dieback",15.011728,46.212873
"Ash_Dieback",14.976415,46.201175
"Ash_Dieback",14.982635,46.200276
"Ash_Dieback",14.988724,46.208824
"Ash_Dieback",14.982635,46.200276
"Ash_Dieback",14.988724,46.208824
"Ash_Dieback",15.107937,46.201124
"Ash_Dieback",15.054803,46.194415
"Ash_Dieback",15.103383,46.191231
"Ash_Dieback",15.123513,46.212805
"Ash_Dieback",15.001035,46.207025
"Ash_Dieback",15.091754,46.209686
"Ash_Dieback",15.076185,46.197551
"Ash_Dieback",15.076185,46.197551
"Ash_Dieback",15.072974,46.218247
"Ash_Dieback",15.067147,46.22275
"Ash_Dieback",15.072974,46.218247
"Ash_Dieback",15.050278,46.205214
"Ash_Dieback",15.088532,46.220485
"Ash_Dieback",15.088532,46.220485
"Ash_Dieback",15.067147,46.22275
"Ash_Dieback",15.002332,46.211524
"Ash_Dieback",15.040576,46.226362
"Ash_Dieback",15.040584,46.236709
"Ash_Dieback",15.03993,46.229961
"Ash_Dieback",15.034091,46.221865
"Ash_Dieback",15.023722,46.225467
"Ash_Dieback",15.023722,46.225467
"Ash_Dieback",15.033445,46.225914
"Ash_Dieback",15.023722,46.225467
"Ash_Dieback",15.012701,46.216022
"Ash_Dieback",15.034091,46.221865
"Ash_Dieback",15.012701,46.216022
"Ash_Dieback",15.010105,46.200276
"Ash_Dieback",15.010107,46.207025
"Ash_Dieback",15.012701,46.216022
"Ash_Dieback",15.013993,46.201176
"Ash_Dieback",15.018526,46.196226
"Ash_Dieback",14.97706,46.210172
"Ash_Dieback",14.980952,46.197127
"Ash_Dieback",14.969282,46.21287
"Ash_Dieback",14.980949,46.206574
"Ash_Dieback",14.969282,46.21287
"Ash_Dieback",14.973822,46.203873
"Ash_Dieback",14.97706,46.210172
"Ash_Dieback",14.969282,46.21287
"Ash_Dieback",14.97706,46.210172
"Ash_Dieback",14.993907,46.216472
"Ash_Dieback",14.993907,46.216472
"Ash_Dieback",14.993907,46.216472
"Ash_Dieback",15.010109,46.219171
"Ash_Dieback",15.019832,46.221869
"Ash_Dieback",14.998444,46.220521
"Ash_Dieback",14.999092,46.222321
"Ash_Dieback",14.999092,46.222321
"Ash_Dieback",14.977056,46.220069
"Ash_Dieback",14.976405,46.225918
"Ash_Dieback",14.99974,46.230868
"Ash_Dieback",14.944275,46.218943
"Ash_Dieback",14.982884,46.236266
"Ash_Dieback",14.999664,46.289927
"Ash_Dieback",14.999664,46.289927
"Ash_Dieback",14.978051,46.300317
"Ash_Dieback",14.927107,46.234166
"Ash_Dieback",14.936412,46.237753
"Ash_Dieback",14.960218,46.238879
"Ash_Dieback",14.934769,46.212397
"Ash_Dieback",14.927107,46.234166
"Ash_Dieback",14.927107,46.234166
"Ash_Dieback",14.927107,46.234166
"Ash_Dieback",14.94057,46.217187
"Ash_Dieback",14.933986,46.239029
"Ash_Dieback",14.942618,46.216963
"Ash_Dieback",14.903151,46.253979
"Ash_Dieback",14.927107,46.234166
"Ash_Dieback",14.927107,46.234166
"Ash_Dieback",14.9075,46.236294
"Ash_Dieback",14.944275,46.218943
"Ash_Dieback",14.892017,46.24373
"Ash_Dieback",14.902051,46.23817
"Ash_Dieback",14.960795,46.21015
"Ash_Dieback",14.924284,46.241146
"Ash_Dieback",14.907081,46.246244
"Ash_Dieback",14.935789,46.215529
"Ash_Dieback",15.015886,46.285993
"Ash_Dieback",14.915831,46.240322
"Ash_Dieback",15.022729,46.322701
"Ash_Dieback",14.956176,46.233596
"Ash_Dieback",15.024132,46.269122
"Ash_Dieback",14.892017,46.24373
"Ash_Dieback",14.945736,46.22346
"Ash_Dieback",14.902969,46.231692
"Ash_Dieback",14.94374,46.26204
"Ash_Dieback",14.917229,46.20643
"Ash_Dieback",14.945736,46.22346
"Ash_Dieback",15.002457,46.324035
"Ash_Dieback",14.976062,46.241528
"Ash_Dieback",14.948868,46.214824
"Ash_Dieback",15.007391,46.317863
"Ash_Dieback",15.007391,46.317863
"Ash_Dieback",14.971225,46.241338
"Ash_Dieback",14.911609,46.203951
"Ash_Dieback",15.007391,46.317863
"Ash_Dieback",14.936379,46.209861
"Ash_Dieback",15.013939,46.328299
"Ash_Dieback",14.936379,46.209861
"Ash_Dieback",14.919624,46.226289
"Ash_Dieback",14.928687,46.194525
"Ash_Dieback",14.94075,46.231133
"Ash_Dieback",15.004703,46.320679
"Ash_Dieback",14.928687,46.194525
"Ash_Dieback",14.951874,46.214987
"Ash_Dieback",14.928433,46.210729
"Ash_Dieback",14.936162,46.2069
"Ash_Dieback",14.927844,46.195523
"Ash_Dieback",14.954326,46.196076
"Ash_Dieback",14.938996,46.198795
"Ash_Dieback",14.938996,46.198795
"Ash_Dieback",14.938996,46.198795
"Ash_Dieback",14.95669,46.205263
"Ash_Dieback",14.938996,46.198795
"Ash_Dieback",14.951124,46.198369
"Ash_Dieback",14.934134,46.190092
"Ash_Dieback",14.960714,46.195817
"Ash_Dieback",14.951124,46.198369
"Ash_Dieback",14.934134,46.190092
"Ash_Dieback",15.426325,46.069461
"Ash_Dieback",14.934134,46.190092
"Ash_Dieback",15.542087,46.076167
"Ash_Dieback",15.470283,46.070187
"Ash_Dieback",14.934134,46.190092
"Ash_Dieback",14.934134,46.190092
"Ash_Dieback",15.470195,46.05984
"Ash_Dieback",15.426325,46.069461
"Ash_Dieback",15.426325,46.069461
"Ash_Dieback",14.995217,45.954192
"Ash_Dieback",14.995217,45.954192
"Ash_Dieback",14.995217,45.954192
"Ash_Dieback",14.995217,45.954192
"Ash_Dieback",14.995217,45.954192
"Ash_Dieback",15.325879,46.025254
"Ash_Dieback",15.181094,45.985286
"Ash_Dieback",15.194491,45.981386
"Ash_Dieback",15.3407,46.019812
"Ash_Dieback",15.303241,46.019019
"Ash_Dieback",15.372982,46.018811
"Ash_Dieback",15.390277,45.998958
"Ash_Dieback",15.381277,46.004387
"Ash_Dieback",15.369663,46.005325
"Ash_Dieback",15.350366,46.016634
"Ash_Dieback",15.3407,46.019812
"Ash_Dieback",15.321296,46.01447
"Ash_Dieback",15.366599,46.030079
"Ash_Dieback",15.351701,46.023378
"Ash_Dieback",15.372982,46.018811
"Ash_Dieback",15.3407,46.019812
"Ash_Dieback",15.376054,45.995857
"Ash_Dieback",15.369663,46.005325
"Ash_Dieback",15.3407,46.019812
"Ash_Dieback",15.376054,45.995857
"Ash_Dieback",15.372982,46.018811
"Ash_Dieback",15.366599,46.030079
"Ash_Dieback",15.366599,46.030079
"Ash_Dieback",15.325879,46.025254
"Ash_Dieback",15.303241,46.019019
"Ash_Dieback",15.321296,46.01447
"Ash_Dieback",15.359412,46.017505
"Ash_Dieback",15.325879,46.025254
"Ash_Dieback",15.363325,46.023341
"Ash_Dieback",15.3407,46.019812
"Ash_Dieback",15.366599,46.030079
"Ash_Dieback",15.351701,46.023378
"Ash_Dieback",15.37109,46.025566
"Ash_Dieback",15.359412,46.017505
"Ash_Dieback",15.363325,46.023341
"Ash_Dieback",15.351701,46.023378
"Ash_Dieback",15.351701,46.023378
"Ash_Dieback",15.37109,46.025566
"Ash_Dieback",15.37109,46.025566
"Ash_Dieback",15.37109,46.025566
"Ash_Dieback",15.37109,46.025566
"Ash_Dieback",15.37109,46.025566
"Ash_Dieback",15.37109,46.025566
"Ash_Dieback",15.37109,46.025566
"Ash_Dieback",15.37109,46.025566
"Ash_Dieback",15.400889,46.038061
"Ash_Dieback",15.39899,46.043467
"Ash_Dieback",15.395712,46.03673
"Ash_Dieback",15.395712,46.03673
"Ash_Dieback",15.395712,46.03673
"Ash_Dieback",15.398909,46.03222
"Ash_Dieback",15.398909,46.03222
"Ash_Dieback",15.398909,46.03222
"Ash_Dieback",15.398909,46.03222
"Ash_Dieback",15.398847,46.023672
"Ash_Dieback",15.379464,46.022389
"Ash_Dieback",15.398847,46.023672
"Ash_Dieback",15.379464,46.022389
"Ash_Dieback",15.379464,46.022389
"Ash_Dieback",15.379464,46.022389
"Ash_Dieback",15.379464,46.022389
"Ash_Dieback",15.379464,46.022389
"Ash_Dieback",15.379464,46.022389
"Ash_Dieback",15.379464,46.022389
"Ash_Dieback",15.379464,46.022389
"Ash_Dieback",15.379464,46.022389
"Ash_Dieback",15.418679,45.998857
"Ash_Dieback",15.394882,46.011089
"Ash_Dieback",15.379464,46.022389
"Ash_Dieback",15.403816,45.996662
"Ash_Dieback",15.333179,46.057625
"Ash_Dieback",15.361594,46.054839
"Ash_Dieback",15.386098,46.04756
"Ash_Dieback",15.353211,46.057564
"Ash_Dieback",15.345443,46.055339
"Ash_Dieback",15.179144,46.040463
"Ash_Dieback",15.17267,46.06052
"Ash_Dieback",15.201413,46.091793
"Ash_Dieback",15.17267,46.06052
"Ash_Dieback",15.298214,46.044675
"Ash_Dieback",15.298214,46.044675
"Ash_Dieback",15.160315,46.061006
"Ash_Dieback",15.305971,46.045555
"Ash_Dieback",15.298214,46.044675
"Ash_Dieback",15.311801,46.048238
"Ash_Dieback",15.311801,46.048238
"Ash_Dieback",15.305971,46.045555
"Ash_Dieback",15.31697,46.048224
"Ash_Dieback",15.311801,46.048238
"Ash_Dieback",15.298214,46.044675
"Ash_Dieback",15.196395,46.109779
"Ash_Dieback",15.300766,46.03882
"Ash_Dieback",15.18857,46.095153
"Ash_Dieback",15.178878,46.046024
"Ash_Dieback",15.208359,46.099033
"Ash_Dieback",15.167602,46.051755
"Ash_Dieback",15.167602,46.051755
"Ash_Dieback",15.122464,46.057841
"Ash_Dieback",15.168007,46.082706
"Ash_Dieback",15.167602,46.051755
"Ash_Dieback",15.168007,46.082706
"Ash_Dieback",15.16065,46.0431
"Ash_Dieback",15.146725,46.06843
"Ash_Dieback",15.185517,45.873049
"Ash_Dieback",15.160315,46.061006
"Ash_Dieback",15.184791,45.879258
"Ash_Dieback",15.160315,46.061006
"Ash_Dieback",15.131384,45.919167
"Ash_Dieback",15.17518,45.871158
"Ash_Dieback",15.122464,46.057841
"Ash_Dieback",15.190806,45.882551
"Ash_Dieback",15.163011,46.054974
"Ash_Dieback",15.163011,46.054974
"Ash_Dieback",15.186744,45.881559
"Ash_Dieback",15.104333,46.079076
"Ash_Dieback",15.141339,45.900124
"Ash_Dieback",15.163011,46.054974
"Ash_Dieback",15.114855,46.053423
"Ash_Dieback",15.14827,45.889642
"Ash_Dieback",15.153663,45.873393
"Ash_Dieback",15.192467,45.886201
"Ash_Dieback",15.405203,45.886433
"Ash_Dieback",15.208048,45.921328
"Ash_Dieback",15.705843,46.041978
"Ash_Dieback",15.705843,46.041978
"Ash_Dieback",15.190806,45.882551
"Ash_Dieback",15.082211,45.959641
"Ash_Dieback",15.705843,46.041978
"Ash_Dieback",15.705843,46.041978
"Ash_Dieback",15.705843,46.041978
"Ash_Dieback",15.705843,46.041978
"Ash_Dieback",15.394726,45.878894
"Ash_Dieback",15.385378,45.875938
"Ash_Dieback",15.394726,45.878894
"Ash_Dieback",15.385378,45.875938
"Ash_Dieback",15.394095,45.873506
"Ash_Dieback",15.391205,45.867316
"Ash_Dieback",15.391205,45.867316
"Ash_Dieback",15.402148,45.864939
"Ash_Dieback",15.402148,45.864939
"Ash_Dieback",15.402148,45.864939
"Ash_Dieback",15.402148,45.864939
"Ash_Dieback",15.402148,45.864939
"Ash_Dieback",15.402148,45.864939
"Ash_Dieback",15.402148,45.864939
"Ash_Dieback",15.402148,45.864939
"Ash_Dieback",15.402148,45.864939
"Ash_Dieback",15.421787,45.876502
"Ash_Dieback",15.442188,45.866248
"Ash_Dieback",15.40421,45.856194
"Ash_Dieback",15.430315,45.856531
"Ash_Dieback",14.995217,45.954192
"Ash_Dieback",15.402148,45.864939
"Ash_Dieback",15.402148,45.864939
"Ash_Dieback",15.435177,45.895194
"Ash_Dieback",15.435177,45.895194
"Ash_Dieback",15.426373,45.869736
"Ash_Dieback",15.402148,45.864939
"Ash_Dieback",15.414717,45.854393
"Ash_Dieback",15.40421,45.856194
"Ash_Dieback",15.352305,45.814176
"Ash_Dieback",14.995217,45.954192
"Ash_Dieback",15.442188,45.866248
"Ash_Dieback",15.432236,45.863371
"Ash_Dieback",15.127346,45.482947
"Ash_Dieback",15.442188,45.866248
"Ash_Dieback",15.115342,45.517694
"Ash_Dieback",15.430315,45.856531
"Ash_Dieback",15.660718,45.941924
"Ash_Dieback",15.414717,45.854393
"Ash_Dieback",15.137575,45.486463
"Ash_Dieback",15.425842,45.864385
"Ash_Dieback",15.112311,45.506206
"Ash_Dieback",15.263841,45.749602
"Ash_Dieback",15.421437,45.869377
"Ash_Dieback",15.442188,45.866248
"Ash_Dieback",15.112311,45.506206
"Ash_Dieback",15.41756,45.886469
"Ash_Dieback",15.214845,45.5365
"Ash_Dieback",15.442188,45.866248
"Ash_Dieback",15.427416,45.886397
"Ash_Dieback",15.416392,45.866489
"Ash_Dieback",15.447382,45.888983
"Ash_Dieback",15.112311,45.506206
"Ash_Dieback",15.442188,45.866248
"Ash_Dieback",15.137575,45.486463
"Ash_Dieback",15.137575,45.486463
"Ash_Dieback",15.137575,45.486463
"Ash_Dieback",15.137575,45.486463
"Ash_Dieback",15.435059,45.891623
"Ash_Dieback",15.430315,45.856531
"Ash_Dieback",15.430315,45.856531
"Ash_Dieback",15.430315,45.856531
"Ash_Dieback",15.430315,45.856531
"Ash_Dieback",15.422449,45.878794
"Ash_Dieback",15.430315,45.856531
"Ash_Dieback",15.435177,45.895194
"Ash_Dieback",15.437463,45.886017
"Ash_Dieback",15.437178,45.876012
"Ash_Dieback",15.431406,45.869376
"Ash_Dieback",15.431406,45.869376
"Ash_Dieback",15.43009,45.898948
"Ash_Dieback",15.442188,45.866248
"Ash_Dieback",15.431406,45.869376
"Ash_Dieback",15.442188,45.866248
"Ash_Dieback",15.442188,45.866248
"Ash_Dieback",15.461522,45.881945
"Ash_Dieback",15.442188,45.866248
"Ash_Dieback",15.426574,45.874064
"Ash_Dieback",15.442188,45.866248
"Ash_Dieback",15.426574,45.874064
"Ash_Dieback",15.442188,45.866248
"Ash_Dieback",15.431406,45.869376
"Ash_Dieback",15.421787,45.876502
"Ash_Dieback",15.41331,45.885009
"Ash_Dieback",15.417125,45.878391
"Ash_Dieback",15.461522,45.881945
"Ash_Dieback",15.436448,45.909379
"Ash_Dieback",15.41756,45.886469
"Ash_Dieback",15.426067,45.915501
"Ash_Dieback",15.461522,45.881945
"Ash_Dieback",15.41756,45.886469
"Ash_Dieback",15.422649,45.886424
"Ash_Dieback",15.436448,45.909379
"Ash_Dieback",15.41756,45.886469
"Ash_Dieback",15.411946,45.876529
"Ash_Dieback",15.408855,45.88364
"Ash_Dieback",15.417125,45.878391
"Ash_Dieback",15.41331,45.885009
"Ash_Dieback",15.416784,45.875846
"Ash_Dieback",15.423055,45.875535
"Ash_Dieback",15.422649,45.886424
"Ash_Dieback",15.41331,45.885009
"Ash_Dieback",15.416784,45.875846
"Ash_Dieback",15.421787,45.876502
"Ash_Dieback",15.416784,45.875846
"Ash_Dieback",15.425295,45.875337
"Ash_Dieback",15.421787,45.876502
"Ash_Dieback",15.426574,45.874064
"Ash_Dieback",15.426937,45.877779
"Ash_Dieback",15.426574,45.874064
"Ash_Dieback",15.43833,45.862088
"Ash_Dieback",15.432236,45.863371
"Ash_Dieback",15.432236,45.863371
"Ash_Dieback",15.43833,45.862088
"Ash_Dieback",15.389147,45.83835
"Ash_Dieback",15.666001,45.952241
"Ash_Dieback",15.426574,45.874064
"Ash_Dieback",15.38695,45.800116
"Ash_Dieback",15.426373,45.869736
"Ash_Dieback",15.116178,45.482797
"Ash_Dieback",15.432236,45.863371
"Ash_Dieback",15.43833,45.862088
"Ash_Dieback",15.426373,45.869736
"Ash_Dieback",15.382364,45.787984
"Ash_Dieback",15.391383,45.790203
"Ash_Dieback",14.995217,45.954192
"Ash_Dieback",14.995217,45.954192
"Ash_Dieback",14.995217,45.954192
"Ash_Dieback",15.281725,45.748327
"Ash_Dieback",15.29186,45.74714
"Ash_Dieback",15.281725,45.748327
"Ash_Dieback",14.995217,45.954192
"Ash_Dieback",14.995217,45.954192
"Ash_Dieback",14.995217,45.954192
"Ash_Dieback",14.995217,45.954192
"Ash_Dieback",14.995217,45.954192
"Ash_Dieback",14.995217,45.954192
"Ash_Dieback",15.294691,45.750201
"Ash_Dieback",15.30322,45.498666
"Ash_Dieback",15.281725,45.748327
"Ash_Dieback",15.298065,45.539884
"Ash_Dieback",15.121054,45.519164
"Ash_Dieback",15.112311,45.506206
"Ash_Dieback",15.112773,45.513414
"Ash_Dieback",15.112773,45.513414
"Ash_Dieback",15.068538,45.501904
"Ash_Dieback",15.116178,45.482797
"Ash_Dieback",15.116178,45.482797
"Ash_Dieback",15.116178,45.482797
"Ash_Dieback",15.127346,45.482947
"Ash_Dieback",15.127346,45.482947
"Ash_Dieback",15.127346,45.482947
"Ash_Dieback",15.127346,45.482947
"Ash_Dieback",15.137575,45.486463
"Ash_Dieback",15.127346,45.482947
"Ash_Dieback",15.137575,45.486463
"Ash_Dieback",15.137575,45.486463
"Ash_Dieback",15.137575,45.486463
"Ash_Dieback",15.137575,45.486463
"Ash_Dieback",15.107485,45.531983
"Ash_Dieback",15.137575,45.486463
"Ash_Dieback",15.137575,45.486463
"Ash_Dieback",15.137575,45.486463
"Ash_Dieback",15.137575,45.486463
"Ash_Dieback",15.137575,45.486463
"Ash_Dieback",15.137575,45.486463
"Ash_Dieback",15.137575,45.486463
"Ash_Dieback",15.137575,45.486463
"Ash_Dieback",15.137575,45.486463
"Ash_Dieback",15.137575,45.486463
"Ash_Dieback",15.137575,45.486463
"Ash_Dieback",15.137575,45.486463
"Ash_Dieback",15.145298,45.489647
"Ash_Dieback",14.18193,45.993567
"Ash_Dieback",15.136127,45.490388
"Ash_Dieback",15.136127,45.490388
"Ash_Dieback",15.136127,45.490388
"Ash_Dieback",15.136127,45.490388
"Ash_Dieback",15.145298,45.489647
"Ash_Dieback",15.145298,45.489647
"Ash_Dieback",15.145298,45.489647
"Ash_Dieback",15.145298,45.489647
"Ash_Dieback",15.136127,45.490388
"Ash_Dieback",15.136127,45.490388
"Ash_Dieback",15.136127,45.490388
"Ash_Dieback",15.13219,45.497429
"Ash_Dieback",15.136127,45.490388
"Ash_Dieback",14.874021,45.518884
"Ash_Dieback",15.13219,45.497429
"Ash_Dieback",15.13219,45.497429
"Ash_Dieback",15.015979,45.528938
"Ash_Dieback",15.13219,45.497429
"Ash_Dieback",15.144649,45.481136
"Ash_Dieback",15.137472,45.501562
"Ash_Dieback",15.127195,45.478655
"Ash_Dieback",15.134036,45.493405
"Ash_Dieback",15.123676,45.512547
"Ash_Dieback",15.134036,45.493405
"Ash_Dieback",15.123676,45.512547
"Ash_Dieback",14.148631,45.976229
"Ash_Dieback",15.123676,45.512547
"Ash_Dieback",15.127967,45.502923
"Ash_Dieback",15.134036,45.493405
"Ash_Dieback",15.137472,45.501562
"Ash_Dieback",15.123677,45.507166
"Ash_Dieback",15.137472,45.501562
"Ash_Dieback",15.123677,45.507166
"Ash_Dieback",15.133669,45.505949
"Ash_Dieback",15.137472,45.501562
"Ash_Dieback",15.127967,45.502923
"Ash_Dieback",15.123677,45.507166
"Ash_Dieback",15.123677,45.507166
"Ash_Dieback",15.123677,45.507166
"Ash_Dieback",14.610303,46.30084
"Ash_Dieback",15.119022,45.502717
"Ash_Dieback",14.697427,45.725337
"Ash_Dieback",14.201543,45.97616
"Ash_Dieback",14.904015,45.64714
"Ash_Dieback",15.1424,45.542139
"Ash_Dieback",15.047857,45.528389
"Ash_Dieback",15.119022,45.502717
"Ash_Dieback",14.905916,45.504876
"Ash_Dieback",15.10012,45.544605
"Ash_Dieback",14.924141,45.5623
"Ash_Dieback",14.723785,45.537069
"Ash_Dieback",15.262534,45.619698
"Ash_Dieback",14.872497,45.742851
"Ash_Dieback",15.163427,46.125029
"Ash_Dieback",15.144649,45.481136
"Ash_Dieback",15.119022,45.502717
"Ash_Dieback",14.198512,45.962642
"Ash_Dieback",14.175409,45.998019
"Ash_Dieback",14.930765,45.593619
"Ash_Dieback",15.127195,45.478655
"Ash_Dieback",14.497642,46.244789
"Ash_Dieback",15.014628,46.158888
"Ash_Dieback",14.911049,46.156606
"Ash_Dieback",14.874021,45.518884
"Ash_Dieback",15.136116,45.465138
"Ash_Dieback",14.839909,46.131787
"Ash_Dieback",14.18193,45.993567
"Ash_Dieback",15.147305,45.435797
"Ash_Dieback",14.433023,46.056269
"Ash_Dieback",15.119022,45.502717
"Ash_Dieback",14.880162,45.52015
"Ash_Dieback",15.083591,45.538446
"Ash_Dieback",15.104687,45.521331
"Ash_Dieback",14.889934,45.497394
"Ash_Dieback",14.398624,46.129874
"Ash_Dieback",14.767726,45.688248
"Ash_Dieback",15.147545,45.468552
"Ash_Dieback",15.129432,45.61524
"Ash_Dieback",14.90651,46.161101
"Ash_Dieback",15.0956,46.18584
"Ash_Dieback",14.909659,46.215538
"Ash_Dieback",14.90889,45.485892
"Ash_Dieback",14.607096,46.29543
"Ash_Dieback",15.08541,45.555632
"Ash_Dieback",15.127195,45.478655
"Ash_Dieback",15.092934,45.474864
"Ash_Dieback",14.881903,46.163328
"Ash_Dieback",15.072103,45.575816
"Ash_Dieback",14.69899,45.721292
"Ash_Dieback",15.127195,45.478655
"Ash_Dieback",15.136732,45.471391
"Ash_Dieback",15.127195,45.478655
"Ash_Dieback",15.099457,45.467435
"Ash_Dieback",14.708111,45.721316
"Ash_Dieback",15.137738,45.479812
"Ash_Dieback",15.156048,45.467847
"Ash_Dieback",14.614834,46.302654
"Ash_Dieback",15.119022,45.502717
"Ash_Dieback",14.428106,46.094485
"Ash_Dieback",15.127195,45.478655
"Ash_Dieback",14.904915,45.491108
"Ash_Dieback",15.123845,45.496593
"Ash_Dieback",14.907593,45.496689
"Ash_Dieback",15.090001,45.54339
"Ash_Dieback",15.127195,45.478655
"Ash_Dieback",15.124356,45.490239
"Ash_Dieback",14.549165,46.236735
"Ash_Dieback",14.777718,45.791837
"Ash_Dieback",15.10012,45.544605
"Ash_Dieback",15.123845,45.496593
"Ash_Dieback",14.610879,46.311188
"Ash_Dieback",15.137738,45.479812
"Ash_Dieback",15.144649,45.481136
"Ash_Dieback",15.123845,45.496593
"Ash_Dieback",15.127195,45.478655
"Ash_Dieback",15.127195,45.478655
"Ash_Dieback",14.662145,46.208331
"Ash_Dieback",14.713861,45.702164
"Ash_Dieback",15.144649,45.481136
"Ash_Dieback",14.645344,46.201082
"Ash_Dieback",15.11462,45.496648
"Ash_Dieback",14.198512,45.962642
"Ash_Dieback",14.878622,46.183569
"Ash_Dieback",15.092934,45.474864
"Ash_Dieback",15.123845,45.496593
"Ash_Dieback",14.850838,45.475213
"Ash_Dieback",15.124356,45.490239
"Ash_Dieback",15.151979,45.481135
"Ash_Dieback",14.943809,45.756224
"Ash_Dieback",15.084881,45.544744
"Ash_Dieback",15.144649,45.481136
"Ash_Dieback",15.093844,45.543837
"Ash_Dieback",15.002667,45.556565
"Ash_Dieback",15.073607,45.579486
"Ash_Dieback",14.992618,46.149891
"Ash_Dieback",15.122976,45.543197
"Ash_Dieback",15.092934,45.474864
"Ash_Dieback",15.100211,45.524035
"Ash_Dieback",14.772854,45.690148
"Ash_Dieback",14.792446,45.704492
"Ash_Dieback",15.144649,45.481136
"Ash_Dieback",14.558105,46.33484
"Ash_Dieback",15.023789,45.529747
"Ash_Dieback",15.124356,45.490239
"Ash_Dieback",15.16405,45.479759
"Ash_Dieback",14.602414,46.314758
"Ash_Dieback",15.136116,45.465138
"Ash_Dieback",14.370042,46.139618
"Ash_Dieback",15.053882,45.535855
"Ash_Dieback",14.880162,45.52015
"Ash_Dieback",14.893656,45.629494
"Ash_Dieback",15.144649,45.481136
"Ash_Dieback",15.144649,45.481136
"Ash_Dieback",14.710061,46.21476
"Ash_Dieback",15.012657,45.554404
"Ash_Dieback",15.127195,45.478655
"Ash_Dieback",14.92143,45.577775
"Ash_Dieback",14.649262,46.196146
"Ash_Dieback",15.12527,45.464322
"Ash_Dieback",15.171427,45.474322
"Ash_Dieback",15.144746,45.474377
"Ash_Dieback",14.710221,45.535326
"Ash_Dieback",14.951048,45.555295
"Ash_Dieback",15.286515,45.857101
"Ash_Dieback",14.606255,46.322419
"Ash_Dieback",15.088093,45.55149
"Ash_Dieback",15.079126,45.550147
"Ash_Dieback",14.924642,45.570759
"Ash_Dieback",15.145452,45.445878
"Ash_Dieback",15.152652,45.4747
"Ash_Dieback",14.908192,45.522245
"Ash_Dieback",14.772854,45.690148
"Ash_Dieback",14.314296,45.727196
"Ash_Dieback",15.119714,45.550705
"Ash_Dieback",14.953778,46.153032
"Ash_Dieback",15.161813,45.489121
"Ash_Dieback",14.700297,45.717157
"Ash_Dieback",14.902062,45.513872
"Ash_Dieback",15.017858,46.138643
"Ash_Dieback",14.700297,45.717157
"Ash_Dieback",14.911984,45.553743
"Ash_Dieback",14.964746,45.568078
"Ash_Dieback",14.198512,45.962642
"Ash_Dieback",15.102757,45.516204
"Ash_Dieback",14.289067,46.267664
"Ash_Dieback",14.880162,45.52015
"Ash_Dieback",15.088093,45.55149
"Ash_Dieback",15.141514,45.455719
"Ash_Dieback",14.882144,45.552637
"Ash_Dieback",15.137582,46.138559
"Ash_Dieback",15.137738,45.479812
"Ash_Dieback",15.127864,46.134072
"Ash_Dieback",15.134296,46.118319
"Ash_Dieback",14.882657,45.489468
"Ash_Dieback",14.952846,45.549267
"Ash_Dieback",14.709895,45.72411
"Ash_Dieback",15.002152,45.522281
"Ash_Dieback",15.137738,45.479812
"Ash_Dieback",14.846293,46.163287
"Ash_Dieback",15.137738,45.479812
"Ash_Dieback",14.839813,46.165527
"Ash_Dieback",15.137738,45.479812
"Ash_Dieback",15.092934,45.474864
"Ash_Dieback",15.114917,46.131837
"Ash_Dieback",15.092934,45.474864
"Ash_Dieback",15.110542,45.49208
"Ash_Dieback",15.016104,45.51886
"Ash_Dieback",14.846362,46.138544
"Ash_Dieback",15.092934,45.474864
"Ash_Dieback",15.137582,46.138559
"Ash_Dieback",15.020847,45.535866
"Ash_Dieback",15.137738,45.479812
"Ash_Dieback",14.828087,45.469963
"Ash_Dieback",14.684459,46.158458
"Ash_Dieback",14.719917,45.69813
"Ash_Dieback",14.930145,45.576251
"Ash_Dieback",15.157028,46.149781
"Ash_Dieback",14.882657,45.489468
"Ash_Dieback",14.191963,45.969345
"Ash_Dieback",15.014613,46.107152
"Ash_Dieback",15.144649,45.481136
"Ash_Dieback",15.089124,45.555179
"Ash_Dieback",15.104322,45.497549
"Ash_Dieback",15.156048,45.467847
"Ash_Dieback",15.136386,45.476206
"Ash_Dieback",15.107147,45.476444
"Ash_Dieback",14.24394,45.942706
"Ash_Dieback",14.406551,46.11462
"Ash_Dieback",15.123968,45.471307
"Ash_Dieback",15.108035,45.485649
"Ash_Dieback",15.024334,46.147639
"Ash_Dieback",14.176718,46.215375
"Ash_Dieback",15.137738,45.479812
"Ash_Dieback",15.108035,45.485649
"Ash_Dieback",15.099187,45.474139
"Ash_Dieback",15.093466,45.547653
"Ash_Dieback",15.144649,45.481136
"Ash_Dieback",14.823747,46.127264
"Ash_Dieback",15.098728,45.481716
"Ash_Dieback",15.118539,45.462152
"Ash_Dieback",15.127195,45.478655
"Ash_Dieback",15.136116,45.465138
"Ash_Dieback",14.58867,46.329555
"Ash_Dieback",15.105878,45.548623
"Ash_Dieback",15.136732,45.471391
"Ash_Dieback",15.156048,45.467847
"Ash_Dieback",15.112877,45.539392
"Ash_Dieback",15.127195,45.478655
"Ash_Dieback",15.101662,45.540411
"Ash_Dieback",15.231971,45.901495
"Ash_Dieback",15.136732,45.471391
"Ash_Dieback",14.624593,46.203716
"Ash_Dieback",15.178229,45.433395
"Ash_Dieback",14.599181,46.312948
"Ash_Dieback",15.286515,45.857101
"Ash_Dieback",14.850733,45.466575
"Ash_Dieback",15.136116,45.465138
"Ash_Dieback",15.151979,45.481135
"Ash_Dieback",14.213462,46.045975
"Ash_Dieback",15.289563,45.863707
"Ash_Dieback",15.088251,45.561605
"Ash_Dieback",14.592652,46.317873
"Ash_Dieback",14.198512,45.962642
"Ash_Dieback",15.154981,45.48446
"Ash_Dieback",15.136732,45.471391
"Ash_Dieback",15.123968,45.471307
"Ash_Dieback",15.124951,45.538849
"Ash_Dieback",15.137738,45.479812
"Ash_Dieback",15.122976,45.543197
"Ash_Dieback",14.169049,45.991675
"Ash_Dieback",14.76831,46.232887
"Ash_Dieback",15.094824,45.599797
"Ash_Dieback",14.146633,45.980263
"Ash_Dieback",15.205931,45.459543
"Ash_Dieback",15.110622,45.545136
"Ash_Dieback",15.026726,45.513999
"Ash_Dieback",14.124297,45.964348
"Ash_Dieback",14.592739,46.306177
"Ash_Dieback",15.127195,45.478655
"Ash_Dieback",15.136116,45.465138
"Ash_Dieback",14.864679,45.517974
"Ash_Dieback",15.136116,45.465138
"Ash_Dieback",15.088251,45.561605
"Ash_Dieback",15.114457,45.553968
"Ash_Dieback",15.053382,46.06935
"Ash_Dieback",15.146037,45.483599
"Ash_Dieback",15.072076,45.545203
"Ash_Dieback",15.104224,45.554698
"Ash_Dieback",14.939537,46.153025
"Ash_Dieback",15.12527,45.464322
"Ash_Dieback",15.127195,45.478655
"Ash_Dieback",15.114371,45.574656
"Ash_Dieback",15.136732,45.471391
"Ash_Dieback",15.121322,46.102588
"Ash_Dieback",15.137738,45.479812
"Ash_Dieback",15.137738,45.479812
"Ash_Dieback",15.136386,45.476206
"Ash_Dieback",15.136116,45.465138
"Ash_Dieback",15.123968,45.471307
"Ash_Dieback",14.941697,45.556281
"Ash_Dieback",15.12527,45.464322
"Ash_Dieback",15.165875,45.452374
"Ash_Dieback",15.147305,45.435797
"Ash_Dieback",14.915729,45.532959
"Ash_Dieback",15.097388,45.556342
"Ash_Dieback",14.592652,46.317873
"Ash_Dieback",14.230366,46.18647
"Ash_Dieback",15.128235,45.535857
"Ash_Dieback",15.119714,45.550705
"Ash_Dieback",14.322875,46.080415
"Ash_Dieback",14.882095,45.514213
"Ash_Dieback",15.105878,45.548623
"Ash_Dieback",15.110631,45.556132
"Ash_Dieback",14.146633,45.980263
"Ash_Dieback",15.105151,45.550513
"Ash_Dieback",15.105151,45.550513
"Ash_Dieback",15.000382,46.069363
"Ash_Dieback",15.10012,45.544605
"Ash_Dieback",15.268607,45.935157
"Ash_Dieback",14.85259,45.802259
"Ash_Dieback",14.767726,45.688248
"Ash_Dieback",14.739849,45.747667
"Ash_Dieback",15.234982,45.912557
"Ash_Dieback",14.137373,45.9532
"Ash_Dieback",14.592593,46.32597
"Ash_Dieback",14.767726,45.688248
"Ash_Dieback",14.953494,45.540269
"Ash_Dieback",14.483963,46.225186
"Ash_Dieback",15.066433,46.170115
"Ash_Dieback",14.998443,46.138644
"Ash_Dieback",14.585983,46.254868
"Ash_Dieback",14.723,46.21929
"Ash_Dieback",14.767726,45.688248
"Ash_Dieback",14.603832,46.298118
"Ash_Dieback",14.297308,46.248065
"Ash_Dieback",14.409719,46.120934
"Ash_Dieback",14.462418,46.023569
"Ash_Dieback",14.610851,46.315237
"Ash_Dieback",14.939159,45.533514
"Ash_Dieback",14.601774,46.313406
"Ash_Dieback",14.88212,45.501705
"Ash_Dieback",14.882095,45.514213
"Ash_Dieback",14.635685,46.192055
"Ash_Dieback",14.173201,46.153348
"Ash_Dieback",15.058377,45.54872
"Ash_Dieback",15.027244,45.527226
"Ash_Dieback",14.766581,45.685636
"Ash_Dieback",14.991967,46.174634
"Ash_Dieback",14.559517,46.239474
"Ash_Dieback",14.765277,45.690493
"Ash_Dieback",15.065033,45.545657
"Ash_Dieback",14.75935,45.69561
"Ash_Dieback",14.603832,46.298118
"Ash_Dieback",15.074397,45.556899
"Ash_Dieback",14.767726,45.688248
"Ash_Dieback",14.880162,45.52015
"Ash_Dieback",14.90889,45.485892
"Ash_Dieback",14.602414,46.314758
"Ash_Dieback",14.897591,45.508739
"Ash_Dieback",14.940813,46.171021
"Ash_Dieback",14.140285,45.973467
"Ash_Dieback",14.64886,46.259576
"Ash_Dieback",14.792446,45.704492
"Ash_Dieback",15.053882,45.535855
"Ash_Dieback",14.653118,46.201106
"Ash_Dieback",14.565171,46.344764
"Ash_Dieback",14.373492,46.25565
"Ash_Dieback",14.89291,45.479939
"Ash_Dieback",14.545459,46.135499
"Ash_Dieback",15.033988,46.063059
"Ash_Dieback",15.15376,46.138538
"Ash_Dieback",14.914302,46.145362
"Ash_Dieback",14.892644,45.485338
"Ash_Dieback",15.093831,45.536188
"Ash_Dieback",15.089038,46.134109
"Ash_Dieback",14.212457,46.125039
"Ash_Dieback",14.888382,46.161085
"Ash_Dieback",14.642278,46.174081
"Ash_Dieback",14.198673,45.951396
"Ash_Dieback",14.277713,46.073391
"Ash_Dieback",15.047857,45.528389
"Ash_Dieback",14.567402,46.226008
"Ash_Dieback",14.888485,45.519079
"Ash_Dieback",15.06968,46.176861
"Ash_Dieback",14.542112,46.148982
"Ash_Dieback",14.297308,46.248065
"Ash_Dieback",14.895846,45.483001
"Ash_Dieback",14.592593,46.32597
"Ash_Dieback",15.160232,46.138529
"Ash_Dieback",14.653118,46.201106
"Ash_Dieback",14.614834,46.302654
"Ash_Dieback",14.183231,46.202708
"Ash_Dieback",14.884851,45.480111
"Ash_Dieback",14.551603,46.176012
"Ash_Dieback",14.52888,46.182669
"Ash_Dieback",14.152333,45.991553
"Ash_Dieback",15.059966,46.176867
"Ash_Dieback",14.2764,46.292741
"Ash_Dieback",15.089996,45.540241
"Ash_Dieback",14.207325,46.140948
"Ash_Dieback",14.592652,46.317873
"Ash_Dieback",14.584308,46.218873
"Ash_Dieback",14.603832,46.298118
"Ash_Dieback",14.538951,46.139972
"Ash_Dieback",14.458738,46.06989
"Ash_Dieback",14.500081,46.144308
"Ash_Dieback",14.410624,46.096646
"Ash_Dieback",14.300363,46.264882
"Ash_Dieback",14.887657,45.484164
"Ash_Dieback",14.497642,46.244789
"Ash_Dieback",14.902062,45.513872
"Ash_Dieback",14.643452,46.192979
"Ash_Dieback",14.918768,46.190352
"Ash_Dieback",15.023789,45.529747
"Ash_Dieback",15.059541,45.559428
"Ash_Dieback",14.602414,46.314758
"Ash_Dieback",14.160272,45.717172
"Ash_Dieback",14.649276,46.193897
"Ash_Dieback",14.589995,46.325961
"Ash_Dieback",15.053382,46.06935
"Ash_Dieback",14.422954,46.194395
"Ash_Dieback",14.098301,45.81658
"Ash_Dieback",14.643452,46.192979
"Ash_Dieback",15.114917,46.131837
"Ash_Dieback",15.12453,46.091337
"Ash_Dieback",14.878719,46.138582
"Ash_Dieback",14.125569,46.240999
"Ash_Dieback",14.366147,46.240206
"Ash_Dieback",13.712288,46.082645
"Ash_Dieback",15.157028,46.149781
"Ash_Dieback",14.483377,46.200468
"Ash_Dieback",14.649276,46.193897
"Ash_Dieback",15.084881,45.544744
"Ash_Dieback",15.105973,45.52448
"Ash_Dieback",14.988735,46.144942
"Ash_Dieback",14.147661,46.221983
"Ash_Dieback",14.542056,46.15573
"Ash_Dieback",14.582169,46.330432
"Ash_Dieback",14.566456,46.346568
"Ash_Dieback",14.162595,45.991628
"Ash_Dieback",15.023789,45.529747
"Ash_Dieback",14.16599,45.980406
"Ash_Dieback",14.49956,45.857187
"Ash_Dieback",14.589974,46.241386
"Ash_Dieback",15.096512,45.531417
"Ash_Dieback",14.953778,46.153032
"Ash_Dieback",14.985492,46.172834
"Ash_Dieback",15.121322,46.102588
"Ash_Dieback",14.452956,46.131946
"Ash_Dieback",14.902885,45.481388
"Ash_Dieback",14.626059,46.178528
"Ash_Dieback",14.610879,46.311188
"Ash_Dieback",14.909689,46.197094
"Ash_Dieback",15.063188,46.163369
"Ash_Dieback",14.602414,46.314758
"Ash_Dieback",14.902062,45.513872
"Ash_Dieback",14.610914,46.30624
"Ash_Dieback",14.9706,46.169233
"Ash_Dieback",14.677639,45.591029
"Ash_Dieback",14.204938,46.10881
"Ash_Dieback",15.083591,45.538446
"Ash_Dieback",13.580027,46.08207
"Ash_Dieback",15.023789,45.529747
"Ash_Dieback",14.845482,45.469267
"Ash_Dieback",14.149722,45.989284
"Ash_Dieback",14.90889,45.485892
"Ash_Dieback",14.9706,46.169233
"Ash_Dieback",14.365048,46.06716
"Ash_Dieback",14.509315,46.197883
"Ash_Dieback",14.639249,46.241552
"Ash_Dieback",14.313257,45.917048
"Ash_Dieback",14.697149,46.205729
"Ash_Dieback",15.081958,45.559864
"Ash_Dieback",15.144023,46.127304
"Ash_Dieback",14.913823,45.608905
"Ash_Dieback",14.204938,46.10881
"Ash_Dieback",14.90651,46.161101
"Ash_Dieback",14.644085,46.19523
"Ash_Dieback",15.085852,46.165603
"Ash_Dieback",14.592593,46.32597
"Ash_Dieback",14.124474,45.953102
"Ash_Dieback",15.089124,45.555179
"Ash_Dieback",14.602414,46.314758
"Ash_Dieback",13.686574,46.141917
"Ash_Dieback",14.617899,46.328757
"Ash_Dieback",14.880162,45.52015
"Ash_Dieback",14.898279,45.481834
"Ash_Dieback",14.538951,46.139972
"Ash_Dieback",14.690545,46.228205
"Ash_Dieback",15.097673,45.536365
"Ash_Dieback",14.930765,45.593619
"Ash_Dieback",14.943396,46.177321
"Ash_Dieback",15.150401,46.093555
"Ash_Dieback",14.887657,45.484164
"Ash_Dieback",14.409781,46.272902
"Ash_Dieback",15.131018,46.100328
"Ash_Dieback",14.602414,46.314758
"Ash_Dieback",14.148631,45.976229
"Ash_Dieback",13.679582,46.185385
"Ash_Dieback",14.864855,45.497547
"Ash_Dieback",14.422954,46.194395
"Ash_Dieback",14.322875,46.080415
"Ash_Dieback",14.334914,45.938771
"Ash_Dieback",14.874905,45.524464
"Ash_Dieback",14.92221,45.569048
"Ash_Dieback",14.348204,46.12555
"Ash_Dieback",14.628438,46.210026
"Ash_Dieback",14.775821,45.751432
"Ash_Dieback",14.440273,46.236921
"Ash_Dieback",14.602414,46.314758
"Ash_Dieback",14.152832,45.996955
"Ash_Dieback",14.574383,46.329503
"Ash_Dieback",15.063164,46.143125
"Ash_Dieback",14.694517,45.574518
"Ash_Dieback",14.912207,45.575609
"Ash_Dieback",14.645372,46.196584
"Ash_Dieback",14.635744,46.183058
"Ash_Dieback",14.571131,46.246716
"Ash_Dieback",14.191963,45.969345
"Ash_Dieback",14.602414,46.314758
"Ash_Dieback",14.203052,46.132011
"Ash_Dieback",14.985492,46.172834
"Ash_Dieback",14.690488,45.538064
"Ash_Dieback",15.011386,46.138644
"Ash_Dieback",14.707988,45.571224
"Ash_Dieback",14.600496,46.310703
"Ash_Dieback",14.139669,45.804301
"Ash_Dieback",14.563276,46.338009
"Ash_Dieback",14.232901,46.266033
"Ash_Dieback",14.422238,46.278957
"Ash_Dieback",14.742422,46.223834
"Ash_Dieback",14.723785,45.537069
"Ash_Dieback",14.535621,46.151205
"Ash_Dieback",14.592739,46.306177
"Ash_Dieback",14.204606,46.122934
"Ash_Dieback",14.885329,46.102599
"Ash_Dieback",14.895846,45.483001
"Ash_Dieback",15.074397,45.556899
"Ash_Dieback",14.555129,46.140035
"Ash_Dieback",15.121322,46.102588
"Ash_Dieback",14.888675,45.486774
"Ash_Dieback",14.212485,46.105713
"Ash_Dieback",14.97127,45.588056
"Ash_Dieback",14.586564,46.263868
"Ash_Dieback",14.535028,46.221833
"Ash_Dieback",14.464995,46.403281
"Ash_Dieback",14.89919,45.618971
"Ash_Dieback",14.226069,46.068555
"Ash_Dieback",14.27781,46.257472
"Ash_Dieback",14.211349,45.96723
"Ash_Dieback",14.211667,45.944738
"Ash_Dieback",14.592739,46.306177
"Ash_Dieback",14.456838,46.131964
"Ash_Dieback",14.268812,46.062088
"Ash_Dieback",14.610303,46.30084
"Ash_Dieback",14.677415,46.256511
"Ash_Dieback",15.076156,46.176857
"Ash_Dieback",14.27781,46.257472
"Ash_Dieback",14.175768,46.148769
"Ash_Dieback",15.085866,46.174601
"Ash_Dieback",14.356836,46.29583
"Ash_Dieback",14.354841,46.288891
"Ash_Dieback",14.432003,46.230393
"Ash_Dieback",14.895846,45.483001
"Ash_Dieback",14.742901,46.120364
"Ash_Dieback",14.551165,46.229995
"Ash_Dieback",15.076156,46.176857
"Ash_Dieback",15.070301,45.559692
"Ash_Dieback",14.142668,46.136973
"Ash_Dieback",14.409781,46.272902
"Ash_Dieback",15.026726,45.513999
"Ash_Dieback",14.410624,46.096646
"Ash_Dieback",14.558105,46.33484
"Ash_Dieback",14.201672,45.967163
"Ash_Dieback",14.148949,45.722712
"Ash_Dieback",14.914302,46.145362
"Ash_Dieback",15.097673,45.536365
"Ash_Dieback",14.18093,46.206669
"Ash_Dieback",14.207995,45.976205
"Ash_Dieback",14.610879,46.311188
"Ash_Dieback",14.140146,45.982464
"Ash_Dieback",14.9706,46.169233
"Ash_Dieback",15.107881,45.518629
"Ash_Dieback",14.909589,45.610701
"Ash_Dieback",14.59522,46.321931
"Ash_Dieback",15.088093,45.55149
"Ash_Dieback",14.167336,46.192931
"Ash_Dieback",14.603832,46.298118
"Ash_Dieback",14.678064,46.144945
"Ash_Dieback",14.554895,46.169276
"Ash_Dieback",14.914302,46.145362
"Ash_Dieback",15.15376,46.138538
"Ash_Dieback",14.755464,46.205868
"Ash_Dieback",14.090612,46.051814
"Ash_Dieback",14.280566,46.102651
"Ash_Dieback",14.373492,46.25565
"Ash_Dieback",14.602414,46.314758
"Ash_Dieback",14.392715,46.078584
"Ash_Dieback",14.894526,45.505587
"Ash_Dieback",14.410624,46.096646
"Ash_Dieback",14.592652,46.317873
"Ash_Dieback",15.029793,45.505269
"Ash_Dieback",13.623655,46.090341
"Ash_Dieback",13.674862,46.117489
"Ash_Dieback",14.140111,45.984713
"Ash_Dieback",14.687582,46.178711
"Ash_Dieback",14.620749,46.197405
"Ash_Dieback",15.020847,45.535866
"Ash_Dieback",15.079126,45.550147
"Ash_Dieback",15.082608,46.161107
"Ash_Dieback",14.176718,46.215375
"Ash_Dieback",14.410624,46.096646
"Ash_Dieback",14.878685,46.154328
"Ash_Dieback",14.610327,46.113243
"Ash_Dieback",14.398624,46.129874
"Ash_Dieback",14.895846,45.483001
"Ash_Dieback",14.606055,46.259437
"Ash_Dieback",14.874021,45.518884
"Ash_Dieback",14.557082,46.219671
"Ash_Dieback",14.195351,45.958121
"Ash_Dieback",14.290977,46.257302
"Ash_Dieback",15.011387,46.143142
"Ash_Dieback",14.162595,45.991628
"Ash_Dieback",14.259577,46.255178
"Ash_Dieback",14.655425,46.14263
"Ash_Dieback",14.608976,46.304884
"Ash_Dieback",14.274234,46.269956
"Ash_Dieback",15.042209,45.509314
"Ash_Dieback",14.198512,45.962642
"Ash_Dieback",14.645372,46.196584
"Ash_Dieback",15.082608,46.161107
"Ash_Dieback",15.041749,46.070704
"Ash_Dieback",14.081355,46.134788
"Ash_Dieback",14.268225,46.057585
"Ash_Dieback",14.589974,46.241386
"Ash_Dieback",14.260011,46.043586
"Ash_Dieback",14.469831,46.126627
"Ash_Dieback",14.755464,46.205868
"Ash_Dieback",14.176142,46.114095
"Ash_Dieback",14.551748,46.158017
"Ash_Dieback",14.687582,46.178711
"Ash_Dieback",14.535028,46.221833
"Ash_Dieback",14.140007,45.991461
"Ash_Dieback",15.079126,45.550147
"Ash_Dieback",14.61039,46.196471
"Ash_Dieback",14.898134,46.138601
"Ash_Dieback",14.592739,46.306177
"Ash_Dieback",14.388523,46.245339
"Ash_Dieback",14.877176,45.480104
"Ash_Dieback",15.061582,45.551778
"Ash_Dieback",15.137582,46.138559
"Ash_Dieback",14.887657,45.484164
"Ash_Dieback",14.911084,46.134113
"Ash_Dieback",14.895846,45.483001
"Ash_Dieback",14.564625,46.167064
"Ash_Dieback",14.710593,45.537666
"Ash_Dieback",15.070549,45.553303
"Ash_Dieback",14.777138,45.743336
"Ash_Dieback",15.137582,46.138559
"Ash_Dieback",15.053382,46.06935
"Ash_Dieback",14.589995,46.325961
"Ash_Dieback",14.878719,46.138582
"Ash_Dieback",14.924175,46.022551
"Ash_Dieback",14.613378,46.23247
"Ash_Dieback",15.325958,46.11927
"Ash_Dieback",15.027584,46.174631
"Ash_Dieback",14.661733,46.169641
"Ash_Dieback",14.690545,46.228205
"Ash_Dieback",14.373492,46.25565
"Ash_Dieback",15.082639,46.181351
"Ash_Dieback",14.949904,46.141333
"Ash_Dieback",13.807838,46.151909
"Ash_Dieback",14.863204,46.131817
"Ash_Dieback",14.460833,46.245369
"Ash_Dieback",14.977717,46.18408
"Ash_Dieback",14.170747,46.205606
"Ash_Dieback",14.864679,45.517974
"Ash_Dieback",14.90651,46.161101
"Ash_Dieback",14.880081,45.497924
"Ash_Dieback",14.583515,46.324138
"Ash_Dieback",14.18193,45.993567
"Ash_Dieback",14.290922,45.797689
"Ash_Dieback",15.079519,45.555906
"Ash_Dieback",14.198512,45.962642
"Ash_Dieback",14.53246,46.142195
"Ash_Dieback",15.030314,45.521106
"Ash_Dieback",15.169869,46.116022
"Ash_Dieback",15.160232,46.138529
"Ash_Dieback",13.558735,46.231389
"Ash_Dieback",14.929322,46.0383
"Ash_Dieback",15.102757,45.516204
"Ash_Dieback",14.221392,46.125478
"Ash_Dieback",14.602414,46.314758
"Ash_Dieback",14.152832,45.996955
"Ash_Dieback",15.406138,46.588954
"Ash_Dieback",14.687582,46.178711
"Ash_Dieback",14.643452,46.192979
"Ash_Dieback",14.201672,45.967163
"Ash_Dieback",14.188639,45.976069
"Ash_Dieback",14.610879,46.311188
"Ash_Dieback",14.583029,46.302543
"Ash_Dieback",14.180205,46.110525
"Ash_Dieback",14.653118,46.201106
"Ash_Dieback",14.593288,46.319675
"Ash_Dieback",14.841229,45.527122
"Ash_Dieback",14.156243,45.984833
"Ash_Dieback",14.592699,46.311575
"Ash_Dieback",14.726295,46.208052
"Ash_Dieback",14.690488,45.538064
"Ash_Dieback",14.602414,46.314758
"Ash_Dieback",15.144047,46.136302
"Ash_Dieback",14.705727,45.537744
"Ash_Dieback",14.159334,45.993854
"Ash_Dieback",14.497642,46.244789
"Ash_Dieback",14.458738,46.06989
"Ash_Dieback",15.053382,46.06935
"Ash_Dieback",13.700759,46.17726
"Ash_Dieback",14.649242,46.199295
"Ash_Dieback",14.907107,46.191693
"Ash_Dieback",14.162595,45.991628
"Ash_Dieback",14.147661,46.221983
"Ash_Dieback",14.643452,46.192979
"Ash_Dieback",15.093844,45.543837
"Ash_Dieback",14.551603,46.176012
"Ash_Dieback",14.168612,46.020915
"Ash_Dieback",14.702334,45.549973
"Ash_Dieback",14.263912,46.268558
"Ash_Dieback",14.52888,46.182669
"Ash_Dieback",14.524577,45.928917
"Ash_Dieback",14.639348,46.126834
"Ash_Dieback",14.878719,46.138582
"Ash_Dieback",14.621411,46.29008
"Ash_Dieback",14.147301,46.232723
"Ash_Dieback",15.137582,46.138559
"Ash_Dieback",15.150618,46.172283
"Ash_Dieback",15.053499,46.185868
"Ash_Dieback",14.616685,46.223034
"Ash_Dieback",14.435852,46.277532
"Ash_Dieback",14.554895,46.169276
"Ash_Dieback",14.706785,46.2215
"Ash_Dieback",14.911049,46.156606
"Ash_Dieback",14.185191,46.21477
"Ash_Dieback",14.695966,45.543388
"Ash_Dieback",14.882657,45.489468
"Ash_Dieback",14.167353,46.21071
"Ash_Dieback",15.079519,45.555906
"Ash_Dieback",14.16599,45.980406
"Ash_Dieback",15.033988,46.063059
"Ash_Dieback",14.170747,46.205606
"Ash_Dieback",14.460833,46.245369
"Ash_Dieback",14.476256,46.249094
"Ash_Dieback",15.074388,45.550601
"Ash_Dieback",14.331268,46.317007
"Ash_Dieback",13.965422,45.956365
"Ash_Dieback",15.127864,46.134072
"Ash_Dieback",14.555957,46.036566
"Ash_Dieback",14.502821,46.199654
"Ash_Dieback",14.610327,46.113243
"Ash_Dieback",14.548475,46.162503
"Ash_Dieback",14.840279,45.500575
"Ash_Dieback",14.18193,45.993567
"Ash_Dieback",14.159334,45.993854
"Ash_Dieback",14.204606,46.122934
"Ash_Dieback",14.645372,46.196584
"Ash_Dieback",14.687456,46.201205
"Ash_Dieback",15.005613,45.561424
"Ash_Dieback",15.085866,46.174601
"Ash_Dieback",14.602414,46.314758
"Ash_Dieback",14.487158,46.142001
"Ash_Dieback",13.909079,46.143363
"Ash_Dieback",14.836878,45.481854
"Ash_Dieback",15.027244,45.527226
"Ash_Dieback",14.539365,46.233421
"Ash_Dieback",14.395154,46.092066
"Ash_Dieback",14.198512,45.962642
"Ash_Dieback",14.195351,45.958121
"Ash_Dieback",14.137319,46.148
"Ash_Dieback",15.093844,45.543837
"Ash_Dieback",14.161416,46.204827
"Ash_Dieback",14.146978,45.957771
"Ash_Dieback",14.496522,45.822621
"Ash_Dieback",14.589911,46.249934
"Ash_Dieback",14.440585,46.29321
"Ash_Dieback",13.541619,46.237353
"Ash_Dieback",15.671353,46.644848
"Ash_Dieback",15.053882,45.535855
"Ash_Dieback",15.050445,45.557993
"Ash_Dieback",14.67809,46.140446
"Ash_Dieback",13.679582,46.185385
"Ash_Dieback",15.157028,46.149781
"Ash_Dieback",14.201804,46.119855
"Ash_Dieback",14.18623,46.211133
"Ash_Dieback",14.723785,45.537069
"Ash_Dieback",15.587736,46.307364
"Ash_Dieback",14.882657,45.489468
"Ash_Dieback",14.898279,45.481834
"Ash_Dieback",14.384241,46.096507
"Ash_Dieback",14.593395,46.30528
"Ash_Dieback",14.602414,46.314758
"Ash_Dieback",14.582169,46.330432
"Ash_Dieback",14.649242,46.199295
"Ash_Dieback",14.617464,46.297715
"Ash_Dieback",15.124618,46.129577
"Ash_Dieback",14.215823,46.113006
"Ash_Dieback",14.924005,46.149867
"Ash_Dieback",15.726576,46.276143
"Ash_Dieback",15.15376,46.138538
"Ash_Dieback",13.701137,46.139114
"Ash_Dieback",14.674392,46.219163
"Ash_Dieback",14.870422,45.525179
"Ash_Dieback",14.662145,46.208331
"Ash_Dieback",14.635685,46.192055
"Ash_Dieback",15.08233,45.551495
"Ash_Dieback",14.892644,45.485338
"Ash_Dieback",14.592652,46.317873
"Ash_Dieback",14.694009,46.187726
"Ash_Dieback",14.135106,46.165348
"Ash_Dieback",14.036044,46.098335
"Ash_Dieback",14.865668,46.183555
"Ash_Dieback",13.570135,46.024451
"Ash_Dieback",15.096512,45.531417
"Ash_Dieback",14.877176,45.480104
"Ash_Dieback",14.290977,46.257302
"Ash_Dieback",15.147234,46.118303
"Ash_Dieback",14.173377,45.917474
"Ash_Dieback",14.567473,46.299787
"Ash_Dieback",14.325148,46.307794
"Ash_Dieback",15.08233,45.551495
"Ash_Dieback",14.722737,45.542015
"Ash_Dieback",14.538857,46.151218
"Ash_Dieback",14.604345,46.317014
"Ash_Dieback",14.622752,46.283786
"Ash_Dieback",14.645344,46.201082
"Ash_Dieback",14.500899,46.218783
"Ash_Dieback",14.564317,46.206202
"Ash_Dieback",14.884851,45.480111
"Ash_Dieback",14.878583,46.201564
"Ash_Dieback",14.592652,46.317873
"Ash_Dieback",14.707461,46.093287
"Ash_Dieback",14.159727,46.372651
"Ash_Dieback",14.704026,45.544758
"Ash_Dieback",14.293041,46.251107
"Ash_Dieback",15.033988,46.063059
"Ash_Dieback",14.204606,46.122934
"Ash_Dieback",13.641334,46.076066
"Ash_Dieback",14.305539,45.915652
"Ash_Dieback",13.680027,46.166765
"Ash_Dieback",14.874021,45.518884
"Ash_Dieback",15.107881,45.518629
"Ash_Dieback",14.866092,45.515636
"Ash_Dieback",14.873758,45.522033
"Ash_Dieback",15.095633,45.541856
"Ash_Dieback",14.572072,46.292606
"Ash_Dieback",15.033988,46.063059
"Ash_Dieback",14.500899,46.218783
"Ash_Dieback",15.081958,45.559864
"Ash_Dieback",14.592652,46.317873
"Ash_Dieback",14.176237,46.125073
"Ash_Dieback",14.88212,45.501705
"Ash_Dieback",15.081676,45.542047
"Ash_Dieback",14.383314,46.295976
"Ash_Dieback",14.647964,46.196592
"Ash_Dieback",14.160958,45.843151
"Ash_Dieback",14.249506,46.265118
"Ash_Dieback",14.500899,46.218783
"Ash_Dieback",14.418701,46.312895
"Ash_Dieback",14.217846,46.261928
"Ash_Dieback",15.107881,45.518629
"Ash_Dieback",14.564625,46.167064
"Ash_Dieback",15.063627,45.547818
"Ash_Dieback",14.892644,45.485338
"Ash_Dieback",14.898279,45.481834
"Ash_Dieback",15.053882,45.535855
"Ash_Dieback",14.251934,46.326153
"Ash_Dieback",14.619907,46.131271
"Ash_Dieback",14.643452,46.192979
"Ash_Dieback",14.31003,46.07359
"Ash_Dieback",14.645344,46.201082
"Ash_Dieback",14.885099,46.183576
"Ash_Dieback",14.901612,45.477517
"Ash_Dieback",14.592652,46.317873
"Ash_Dieback",15.755762,46.6836
"Ash_Dieback",13.670916,46.147135
"Ash_Dieback",13.67522,46.070075
"Ash_Dieback",14.271069,46.28362
"Ash_Dieback",15.070801,45.550153
"Ash_Dieback",13.609871,46.031509
"Ash_Dieback",15.082608,46.161107
"Ash_Dieback",14.124081,46.226942
"Ash_Dieback",14.723785,45.537069
"Ash_Dieback",14.171928,46.219362
"Ash_Dieback",14.246342,46.33614
"Ash_Dieback",14.3149,46.28623
"Ash_Dieback",14.217846,46.261928
"Ash_Dieback",15.067599,45.549705
"Ash_Dieback",14.840057,46.080051
"Ash_Dieback",14.597948,46.303946
"Ash_Dieback",14.198512,45.962642
"Ash_Dieback",14.175409,45.998019
"Ash_Dieback",14.183137,46.157333
"Ash_Dieback",15.002667,45.556565
"Ash_Dieback",14.934387,46.12783
"Ash_Dieback",14.225402,46.182946
"Ash_Dieback",14.471953,46.237908
"Ash_Dieback",14.574383,46.329503
"Ash_Dieback",15.111705,46.143087
"Ash_Dieback",13.773618,46.069102
"Ash_Dieback",14.500899,46.218783
"Ash_Dieback",14.418464,46.26528
"Ash_Dieback",13.993067,46.412056
"Ash_Dieback",13.590583,46.08391
"Ash_Dieback",14.562345,46.209794
"Ash_Dieback",14.423732,46.203054
"Ash_Dieback",14.649262,46.196146
"Ash_Dieback",14.145099,46.19409
"Ash_Dieback",14.282765,46.245473
"Ash_Dieback",14.942077,45.547949
"Ash_Dieback",14.918768,46.190352
"Ash_Dieback",13.587417,46.232754
"Ash_Dieback",13.676399,45.944749
"Ash_Dieback",14.272785,46.260751
"Ash_Dieback",13.674566,46.092022
"Ash_Dieback",15.089124,45.555179
"Ash_Dieback",14.990238,45.587069
"Ash_Dieback",13.7309,46.16761
"Ash_Dieback",15.104687,45.521331
"Ash_Dieback",15.089078,46.158853
"Ash_Dieback",15.012535,45.57834
"Ash_Dieback",15.104687,45.521331
"Ash_Dieback",15.137559,46.129562
"Ash_Dieback",13.652741,46.010967
"Ash_Dieback",14.734941,45.780049
"Ash_Dieback",15.105973,45.52448
"Ash_Dieback",15.079126,45.550147
"Ash_Dieback",14.327713,45.947727
"Ash_Dieback",15.081676,45.542047
"Ash_Dieback",15.083591,45.538446
"Ash_Dieback",15.059414,45.560418
"Ash_Dieback",14.354841,46.288891
"Ash_Dieback",13.557963,46.343568
"Ash_Dieback",14.988731,46.165637
"Ash_Dieback",14.859305,46.13856
"Ash_Dieback",14.610879,46.311188
"Ash_Dieback",14.409781,46.272902
"Ash_Dieback",13.678398,45.942073
"Ash_Dieback",14.656419,46.191219
"Ash_Dieback",14.602414,46.314758
"Ash_Dieback",14.571131,46.246716
"Ash_Dieback",14.952464,46.176425
"Ash_Dieback",14.998443,46.085559
"Ash_Dieback",14.148631,45.976229
"Ash_Dieback",14.592652,46.317873
"Ash_Dieback",15.140701,46.093568
"Ash_Dieback",14.975781,46.167884
"Ash_Dieback",15.020847,45.535866
"Ash_Dieback",14.356836,46.29583
"Ash_Dieback",14.497642,46.244789
"Ash_Dieback",14.58422,46.230569
"Ash_Dieback",15.037303,46.181376
"Ash_Dieback",14.413424,46.076415
"Ash_Dieback",14.662872,46.195287
"Ash_Dieback",14.548016,46.218736
"Ash_Dieback",15.147331,46.154293
"Ash_Dieback",14.146633,45.980263
"Ash_Dieback",14.423732,46.203054
"Ash_Dieback",14.21469,46.050482
"Ash_Dieback",13.623655,46.090341
"Ash_Dieback",14.592593,46.32597
"Ash_Dieback",14.331268,46.317007
"Ash_Dieback",14.620564,46.224397
"Ash_Dieback",14.602414,46.314758
"Ash_Dieback",14.693897,46.20797
"Ash_Dieback",14.161416,46.204827
"Ash_Dieback",14.60388,46.200947
"Ash_Dieback",14.615616,46.19019
"Ash_Dieback",14.926685,45.576879
"Ash_Dieback",13.546033,46.316686
"Ash_Dieback",15.004973,45.565203
"Ash_Dieback",14.124297,45.964348
"Ash_Dieback",14.992419,45.558814
"Ash_Dieback",14.438361,46.228607
"Ash_Dieback",14.500478,46.205141
"Ash_Dieback",14.224124,46.250886
"Ash_Dieback",14.635744,46.183058
"Ash_Dieback",14.49956,45.857187
"Ash_Dieback",14.636244,46.205553
"Ash_Dieback",13.688376,46.065907
"Ash_Dieback",13.742291,46.167826
"Ash_Dieback",13.733854,46.157386
"Ash_Dieback",13.618088,46.038717
"Ash_Dieback",14.602976,46.326906
"Ash_Dieback",14.945941,45.676051
"Ash_Dieback",14.084077,46.056261
"Ash_Dieback",14.167353,46.21071
"Ash_Dieback",14.571716,46.338491
"Ash_Dieback",14.592739,46.306177
"Ash_Dieback",14.347258,46.212379
"Ash_Dieback",14.645372,46.196584
"Ash_Dieback",15.163461,46.136275
"Ash_Dieback",13.641334,46.076066
"Ash_Dieback",13.77705,46.030718
"Ash_Dieback",14.597654,46.317603
"Ash_Dieback",14.406438,46.247179
"Ash_Dieback",14.522015,45.851524
"Ash_Dieback",14.603053,46.31611
"Ash_Dieback",14.40864,46.161418
"Ash_Dieback",14.204938,46.10881
"Ash_Dieback",14.557971,45.831333
"Ash_Dieback",14.124474,45.953102
"Ash_Dieback",13.598819,46.339073
"Ash_Dieback",15.163461,46.136275
"Ash_Dieback",14.581092,46.301187
"Ash_Dieback",14.794639,46.124967
"Ash_Dieback",14.613514,46.120002
"Ash_Dieback",15.144023,46.127304
"Ash_Dieback",13.646409,46.085304
"Ash_Dieback",14.288909,46.244684
"Ash_Dieback",13.597236,46.015159
"Ash_Dieback",14.635685,46.192055
"Ash_Dieback",14.563276,46.338009
"Ash_Dieback",13.670447,45.950978
"Ash_Dieback",14.171928,46.219362
"Ash_Dieback",14.913396,45.637069
"Ash_Dieback",14.440008,46.242678
"Ash_Dieback",14.54415,46.216021
"Ash_Dieback",14.985498,46.147641
"Ash_Dieback",14.288909,46.244684
"Ash_Dieback",15.331162,46.091894
"Ash_Dieback",14.274234,46.269956
"Ash_Dieback",14.178464,46.009739
"Ash_Dieback",14.865668,46.183555
"Ash_Dieback",16.360848,46.633089
"Ash_Dieback",14.156926,45.726146
"Ash_Dieback",14.232901,46.266033
"Ash_Dieback",14.643452,46.192979
"Ash_Dieback",14.440008,46.242678
"Ash_Dieback",14.171928,46.219362
"Ash_Dieback",14.053452,45.930034
"Ash_Dieback",15.06968,46.176861
"Ash_Dieback",14.456584,46.025791
"Ash_Dieback",14.19496,46.163445
"Ash_Dieback",13.674862,46.117489
"Ash_Dieback",13.747396,46.045334
"Ash_Dieback",15.144047,46.136302
"Ash_Dieback",14.713243,46.226015
"Ash_Dieback",14.52909,46.157927
"Ash_Dieback",14.586564,46.263868
"Ash_Dieback",14.459838,46.08969
"Ash_Dieback",13.668821,46.07279
"Ash_Dieback",13.609871,46.031509
"Ash_Dieback",14.024119,46.390704
"Ash_Dieback",15.127864,46.134072
"Ash_Dieback",13.741184,46.125453
"Ash_Dieback",14.205291,46.271685
"Ash_Dieback",15.07613,46.158862
"Ash_Dieback",13.525977,46.340191
"Ash_Dieback",14.608976,46.304884
"Ash_Dieback",14.603053,46.31611
"Ash_Dieback",14.690545,46.228205
"Ash_Dieback",14.656419,46.191219
"Ash_Dieback",13.647167,46.112486
"Ash_Dieback",14.01849,46.048834
"Ash_Dieback",14.722988,46.22154
"Ash_Dieback",13.735241,46.040072
"Ash_Dieback",14.300363,46.264882
"Ash_Dieback",14.236152,46.269258
"Ash_Dieback",14.690545,46.228205
"Ash_Dieback",14.985493,46.170135
"Ash_Dieback",14.143926,45.946501
"Ash_Dieback",14.823619,46.167753
"Ash_Dieback",14.146633,45.980263
"Ash_Dieback",14.593395,46.30528
"Ash_Dieback",13.813106,46.156795
"Ash_Dieback",14.559789,46.205285
"Ash_Dieback",13.678854,46.150826
"Ash_Dieback",14.171928,46.219362
"Ash_Dieback",14.749461,46.100134
"Ash_Dieback",14.27465,46.277795
"Ash_Dieback",14.185191,46.21477
"Ash_Dieback",14.367904,46.326752
"Ash_Dieback",14.826968,46.131768
"Ash_Dieback",15.095584,46.176842
"Ash_Dieback",14.690846,46.174221
"Ash_Dieback",14.8787,46.14758
"Ash_Dieback",13.555449,46.008071
"Ash_Dieback",14.263626,46.306516
"Ash_Dieback",14.58867,46.329555
"Ash_Dieback",15.034013,46.102649
"Ash_Dieback",15.956496,46.609751
"Ash_Dieback",14.565171,46.344764
"Ash_Dieback",14.574785,46.108618
"Ash_Dieback",14.384241,46.096507
"Ash_Dieback",13.706481,46.148622
"Ash_Dieback",14.362246,46.142274
"Ash_Dieback",14.595355,46.303487
"Ash_Dieback",14.589995,46.325961
"Ash_Dieback",13.786788,46.057995
"Ash_Dieback",14.839909,46.131787
"Ash_Dieback",15.024971,46.127844
"Ash_Dieback",13.6635,46.202204
"Ash_Dieback",14.445157,46.290263
"Ash_Dieback",14.611554,46.307592
"Ash_Dieback",13.641334,46.076066
"Ash_Dieback",13.699594,46.072604
"Ash_Dieback",14.036382,45.943325
"Ash_Dieback",13.750937,46.09468
"Ash_Dieback",14.592652,46.317873
"Ash_Dieback",14.134113,45.955425
"Ash_Dieback",14.600496,46.310703
"Ash_Dieback",13.597236,46.015159
"Ash_Dieback",14.215823,46.113006
"Ash_Dieback",14.710002,46.226007
"Ash_Dieback",14.569181,46.330384
"Ash_Dieback",15.127864,46.134072
"Ash_Dieback",13.679582,46.185385
"Ash_Dieback",14.435353,46.297143
"Ash_Dieback",15.089112,46.179097
"Ash_Dieback",14.204606,46.122934
"Ash_Dieback",14.771644,46.2104
"Ash_Dieback",14.265262,46.037321
"Ash_Dieback",14.904548,46.172347
"Ash_Dieback",14.643452,46.192979
"Ash_Dieback",14.603832,46.298118
"Ash_Dieback",13.724948,46.026911
"Ash_Dieback",14.434842,46.308927
"Ash_Dieback",14.40243,46.260411
"Ash_Dieback",14.592652,46.317873
"Ash_Dieback",14.259938,46.329705
"Ash_Dieback",14.233876,46.349868
"Ash_Dieback",14.124297,45.964348
"Ash_Dieback",13.703206,46.161272
"Ash_Dieback",15.035694,46.613265
"Ash_Dieback",14.410624,46.096646
"Ash_Dieback",14.402792,46.20301
"Ash_Dieback",13.632758,46.030615
"Ash_Dieback",14.108205,46.400441
"Ash_Dieback",15.144047,46.136302
"Ash_Dieback",14.385743,46.310924
"Ash_Dieback",15.034069,46.188125
"Ash_Dieback",14.593288,46.319675
"Ash_Dieback",13.723055,46.165274
"Ash_Dieback",14.240569,46.195338
"Ash_Dieback",13.778999,46.036048
"Ash_Dieback",14.145771,46.153912
"Ash_Dieback",13.618088,46.038717
"Ash_Dieback",13.674345,46.139077
"Ash_Dieback",13.712288,46.082645
"Ash_Dieback",13.602421,46.075957
"Ash_Dieback",13.609871,46.031509
"Ash_Dieback",13.791649,46.089988
"Ash_Dieback",14.515255,45.96307
"Ash_Dieback",14.124297,45.964348
"Ash_Dieback",14.175409,45.998019
"Ash_Dieback",14.891654,46.143094
"Ash_Dieback",13.653436,46.141982
"Ash_Dieback",14.600496,46.310703
"Ash_Dieback",14.592652,46.317873
"Ash_Dieback",14.564625,46.167064
"Ash_Dieback",14.149722,45.989284
"Ash_Dieback",15.330722,46.541775
"Ash_Dieback",13.520837,46.008258
"Ash_Dieback",13.658328,46.132412
"Ash_Dieback",14.476256,46.249094
"Ash_Dieback",14.90651,46.161101
"Ash_Dieback",15.941759,46.602343
"Ash_Dieback",14.354841,46.288891
"Ash_Dieback",14.24394,45.942706
"Ash_Dieback",14.416674,46.210027
"Ash_Dieback",14.755464,46.205868
"Ash_Dieback",13.688135,46.130688
"Ash_Dieback",14.303482,46.080299
"Ash_Dieback",14.63995,46.233456
"Ash_Dieback",13.626336,46.096942
"Ash_Dieback",14.312488,46.323464
"Ash_Dieback",13.532632,46.335176
"Ash_Dieback",13.786788,46.057995
"Ash_Dieback",13.791207,46.068749
"Ash_Dieback",14.875498,46.13183
"Ash_Dieback",13.674862,46.117489
"Ash_Dieback",14.592699,46.311575
"Ash_Dieback",14.603832,46.298118
"Ash_Dieback",13.724117,46.158537
"Ash_Dieback",14.562345,46.209794
"Ash_Dieback",14.356836,46.29583
"Ash_Dieback",14.610879,46.311188
"Ash_Dieback",14.563593,46.297972
"Ash_Dieback",14.455217,46.165248
"Ash_Dieback",14.056515,45.941792
"Ash_Dieback",13.76121,46.057451
"Ash_Dieback",14.476262,46.275798
"Ash_Dieback",14.608976,46.304884
"Ash_Dieback",14.592699,46.311575
"Ash_Dieback",13.597236,46.015159
"Ash_Dieback",15.92774,46.696142
"Ash_Dieback",14.413838,46.159645
"Ash_Dieback",13.675294,46.126491
"Ash_Dieback",14.259845,45.959006
"Ash_Dieback",14.159606,45.97586
"Ash_Dieback",14.614834,46.302654
"Ash_Dieback",14.379254,46.229976
"Ash_Dieback",13.659745,45.940056
"Ash_Dieback",14.867086,46.131821
"Ash_Dieback",14.672145,46.270442
"Ash_Dieback",14.235938,46.037129
"Ash_Dieback",14.755464,46.205868
"Ash_Dieback",13.598467,46.043157
"Ash_Dieback",14.212651,46.366729
"Ash_Dieback",16.368317,46.624228
"Ash_Dieback",14.224519,46.226496
"Ash_Dieback",14.249506,46.265118
"Ash_Dieback",14.365382,46.308924
"Ash_Dieback",14.412993,46.227068
"Ash_Dieback",14.476256,46.249094
"Ash_Dieback",14.582326,46.309739
"Ash_Dieback",14.610914,46.30624
"Ash_Dieback",14.47103,46.136529
"Ash_Dieback",14.558105,46.33484
"Ash_Dieback",14.602414,46.314758
"Ash_Dieback",14.435353,46.297143
"Ash_Dieback",15.641635,46.662571
"Ash_Dieback",13.733854,46.157386
"Ash_Dieback",14.362685,46.27274
"Ash_Dieback",14.500478,46.205141
"Ash_Dieback",14.118219,46.192149
"Ash_Dieback",14.603832,46.298118
"Ash_Dieback",14.185191,46.21477
"Ash_Dieback",15.836605,46.698924
"Ash_Dieback",14.601774,46.313406
"Ash_Dieback",13.994459,45.936495
"Ash_Dieback",14.249175,46.032718
"Ash_Dieback",14.358031,46.304654
"Ash_Dieback",13.687983,45.945782
"Ash_Dieback",14.592652,46.317873
"Ash_Dieback",14.288909,46.244684
"Ash_Dieback",13.674862,46.117489
"Ash_Dieback",13.657827,46.094346
"Ash_Dieback",14.185191,46.21477
"Ash_Dieback",14.532709,46.189433
"Ash_Dieback",14.204606,46.122934
"Ash_Dieback",13.724117,46.158537
"Ash_Dieback",14.245971,46.320617
"Ash_Dieback",14.274234,46.269956
"Ash_Dieback",14.44616,46.25373
"Ash_Dieback",14.567473,46.299787
"Ash_Dieback",13.703859,46.166588
"Ash_Dieback",14.050777,45.941772
"Ash_Dieback",13.636408,46.129094
"Ash_Dieback",13.652741,46.010967
"Ash_Dieback",14.027302,46.080626
"Ash_Dieback",14.83008,46.172262
"Ash_Dieback",14.155707,46.139139
"Ash_Dieback",14.412993,46.227068
"Ash_Dieback",14.592739,46.306177
"Ash_Dieback",13.567006,46.23439
"Ash_Dieback",14.357899,46.28261
"Ash_Dieback",14.564607,46.169314
"Ash_Dieback",13.725902,46.176552
"Ash_Dieback",13.541619,46.237353
"Ash_Dieback",13.759719,46.176024
"Ash_Dieback",15.864872,46.683095
"Ash_Dieback",13.675294,46.126491
"Ash_Dieback",13.731683,46.173018
"Ash_Dieback",13.546033,46.316686
"Ash_Dieback",14.684562,46.140464
"Ash_Dieback",14.690833,46.176471
"Ash_Dieback",15.311151,46.639383
"Ash_Dieback",15.902477,46.709452
"Ash_Dieback",14.495178,46.39362
"Ash_Dieback",14.203484,46.335634
"Ash_Dieback",13.532632,46.335176
"Ash_Dieback",13.658328,46.132412
"Ash_Dieback",13.692442,46.145583
"Ash_Dieback",13.510388,46.280283
"Ash_Dieback",14.304858,46.300385
"Ash_Dieback",14.258112,45.531384
"Ash_Dieback",13.670916,46.147135
"Ash_Dieback",14.287035,46.273284
"Ash_Dieback",14.587637,46.294012
"Ash_Dieback",14.384939,46.324866
"Ash_Dieback",13.704844,46.185314
"Ash_Dieback",16.200525,46.583992
"Ash_Dieback",14.14858,46.199406
"Ash_Dieback",14.254224,46.268325
"Ash_Dieback",13.802258,46.077773
"Ash_Dieback",13.619144,46.068962
"Ash_Dieback",14.404401,46.278542
"Ash_Dieback",14.254224,46.268325
"Ash_Dieback",15.587736,46.307364
"Ash_Dieback",16.323865,46.678724
"Ash_Dieback",13.614775,46.047225
"Ash_Dieback",13.956012,46.089977
"Ash_Dieback",14.662145,46.208331
"Ash_Dieback",13.724117,46.158537
"Ash_Dieback",13.580942,46.35072
"Ash_Dieback",13.620135,46.226306
"Ash_Dieback",14.316329,46.296585
"Ash_Dieback",13.641334,46.076066
"Ash_Dieback",13.76121,46.057451
"Ash_Dieback",13.694326,46.191852
"Ash_Dieback",14.432522,46.307296
"Ash_Dieback",13.590583,46.08391
"Ash_Dieback",14.145099,46.19409
"Ash_Dieback",13.54658,46.242464
"Ash_Dieback",13.629356,46.21885
"Ash_Dieback",13.661661,46.155125
"Ash_Dieback",13.700759,46.17726
"Ash_Dieback",14.589911,46.249934
"Ash_Dieback",13.785573,46.06626
"Ash_Dieback",13.652741,46.010967
"Ash_Dieback",13.671414,46.07246
"Ash_Dieback",14.238209,46.33721
"Ash_Dieback",13.526723,46.328343
"Ash_Dieback",13.502577,46.015039
"Ash_Dieback",13.563116,46.273192
"Ash_Dieback",13.557963,46.343568
"Ash_Dieback",14.656419,46.191219
"Ash_Dieback",14.186156,46.218754
"Ash_Dieback",13.658111,46.114684
"Ash_Dieback",13.755485,46.142615
"Ash_Dieback",14.361921,46.316282
"Ash_Dieback",13.997369,45.966141
"Ash_Dieback",13.532632,46.335176
"Ash_Dieback",14.878622,46.183569
"Ash_Dieback",13.59831,46.100471
"Ash_Dieback",14.323151,46.322358
"Ash_Dieback",13.67522,46.070075
"Ash_Dieback",14.18093,46.206669
"Ash_Dieback",15.654478,46.690415
"Ash_Dieback",13.971655,45.985574
"Ash_Dieback",13.633198,46.101882
"Ash_Dieback",13.657827,46.094346
"Ash_Dieback",14.171928,46.219362
"Ash_Dieback",15.969071,46.600432
"Ash_Dieback",13.843782,46.108954
"Ash_Dieback",13.724117,46.158537
"Ash_Dieback",15.579256,46.258102
"Ash_Dieback",14.412993,46.227068
"Ash_Dieback",14.649262,46.196146
"Ash_Dieback",13.618088,46.038717
"Ash_Dieback",13.724948,46.026911
"Ash_Dieback",13.674862,46.117489
"Ash_Dieback",13.890144,46.268903
"Ash_Dieback",16.385102,46.646887
"Ash_Dieback",13.571914,46.26614
"Ash_Dieback",13.688376,46.065907
"Ash_Dieback",13.574941,46.234408
"Ash_Dieback",14.342655,46.265969
"Ash_Dieback",14.366007,46.29975
"Ash_Dieback",13.697129,46.204841
"Ash_Dieback",14.350788,46.313431
"Ash_Dieback",13.557963,46.343568
"Ash_Dieback",15.718101,46.312663
"Ash_Dieback",14.222039,46.107038
"Ash_Dieback",14.062555,45.935417
"Ash_Dieback",14.551857,46.144521
"Ash_Dieback",13.773618,46.069102
"Ash_Dieback",13.687983,45.945782
"Ash_Dieback",15.413355,46.589
"Ash_Dieback",14.041463,45.934352
"Ash_Dieback",15.352228,46.101809
"Ash_Dieback",13.703859,46.166588
"Ash_Dieback",15.326552,46.116884
"Ash_Dieback",15.716228,46.275678
"Ash_Dieback",14.365382,46.308924
"Ash_Dieback",13.680483,46.060778
"Ash_Dieback",14.115679,45.952954
"Ash_Dieback",14.320267,46.314064
"Ash_Dieback",14.365382,46.308924
"Ash_Dieback",13.761388,46.154187
"Ash_Dieback",13.56188,46.333387
"Ash_Dieback",14.210701,46.375793
"Ash_Dieback",13.709936,46.139214
"Ash_Dieback",13.979194,45.942586
"Ash_Dieback",14.365382,46.308924
"Ash_Dieback",13.688376,46.065907
"Ash_Dieback",14.432522,46.307296
"Ash_Dieback",14.084885,45.975827
"Ash_Dieback",13.779259,46.088867
"Ash_Dieback",13.663354,45.950896
"Ash_Dieback",14.379254,46.229976
"Ash_Dieback",13.562474,46.282883
"Ash_Dieback",13.724789,46.191116
"Ash_Dieback",13.694326,46.191852
"Ash_Dieback",14.548566,46.151257
"Ash_Dieback",13.620135,46.226306
"Ash_Dieback",14.358031,46.304654
"Ash_Dieback",15.431579,46.524208
"Ash_Dieback",13.614775,46.047225
"Ash_Dieback",13.532632,46.335176
"Ash_Dieback",16.513027,46.498928
"Ash_Dieback",14.435353,46.297143
"Ash_Dieback",13.966445,45.970761
"Ash_Dieback",14.18093,46.206669
"Ash_Dieback",13.546033,46.316686
"Ash_Dieback",14.412993,46.227068
"Ash_Dieback",14.339632,46.301671
"Ash_Dieback",13.650811,46.122246
"Ash_Dieback",14.432522,46.307296
"Ash_Dieback",13.702407,46.145697
"Ash_Dieback",14.338453,46.31336
"Ash_Dieback",14.289067,46.267664
"Ash_Dieback",13.618088,46.038717
"Ash_Dieback",13.687825,46.078228
"Ash_Dieback",14.051631,45.935516
"Ash_Dieback",13.729152,46.052061
"Ash_Dieback",14.439243,46.252886
"Ash_Dieback",15.33809,46.589995
"Ash_Dieback",13.532632,46.335176
"Ash_Dieback",13.901581,46.098519
"Ash_Dieback",15.756918,46.630781
"Ash_Dieback",14.09157,45.947339
"Ash_Dieback",14.118219,46.192149
"Ash_Dieback",14.087261,45.938721
"Ash_Dieback",16.523074,46.500855
"Ash_Dieback",14.865679,46.179056
"Ash_Dieback",14.402135,46.268516
"Ash_Dieback",14.988347,46.508808
"Ash_Dieback",14.45954,46.292671
"Ash_Dieback",14.162793,46.207177
"Ash_Dieback",14.447745,46.304041
"Ash_Dieback",13.842735,46.194888
"Ash_Dieback",13.687216,46.19663
"Ash_Dieback",13.692442,46.145583
"Ash_Dieback",13.515479,46.326317
"Ash_Dieback",16.515904,46.500249
"Ash_Dieback",13.515479,46.326317
"Ash_Dieback",14.294636,46.243064
"Ash_Dieback",14.170141,46.160569
"Ash_Dieback",14.389174,46.329387
"Ash_Dieback",14.18093,46.206669
"Ash_Dieback",13.57013,46.079787
"Ash_Dieback",15.744424,46.674812
"Ash_Dieback",13.592048,46.092431
"Ash_Dieback",13.637475,46.048937
"Ash_Dieback",13.700759,46.17726
"Ash_Dieback",13.557963,46.343568
"Ash_Dieback",13.611636,46.022893
"Ash_Dieback",14.252006,46.320881
"Ash_Dieback",14.264319,46.312908
"Ash_Dieback",13.950285,45.989429
"Ash_Dieback",13.721771,46.170388
"Ash_Dieback",13.692442,46.145583
"Ash_Dieback",13.555449,46.008071
"Ash_Dieback",14.253254,46.33416
"Ash_Dieback",13.694326,46.191852
"Ash_Dieback",14.446319,46.265022
"Ash_Dieback",13.572057,46.316636
"Ash_Dieback",13.625667,46.361523
"Ash_Dieback",13.606502,46.109029
"Ash_Dieback",13.526723,46.328343
"Ash_Dieback",14.331032,46.30432
"Ash_Dieback",13.904435,46.161494
"Ash_Dieback",13.737044,46.063036
"Ash_Dieback",15.731204,46.276762
"Ash_Dieback",13.679582,46.185385
"Ash_Dieback",13.496249,46.326129
"Ash_Dieback",15.311112,46.641614
"Ash_Dieback",13.639349,46.041041
"Ash_Dieback",15.74826,46.294331
"Ash_Dieback",15.749826,46.691106
"Ash_Dieback",13.604178,46.332138
"Ash_Dieback",15.366787,46.39531
"Ash_Dieback",13.958738,45.959885
"Ash_Dieback",13.733854,46.157386
"Ash_Dieback",13.609871,46.031509
"Ash_Dieback",13.625667,46.361523
"Ash_Dieback",14.003701,45.948255
"Ash_Dieback",14.015521,45.932665
"Ash_Dieback",15.633828,46.27622
"Ash_Dieback",15.97444,46.602852
"Ash_Dieback",13.779259,46.088867
"Ash_Dieback",13.7309,46.16761
"Ash_Dieback",13.525977,46.340191
"Ash_Dieback",15.73105,46.269124
"Ash_Dieback",13.747396,46.045334
"Ash_Dieback",13.731683,46.173018
"Ash_Dieback",13.567006,46.23439
"Ash_Dieback",15.590855,46.669791
"Ash_Dieback",13.583985,46.267937
"Ash_Dieback",15.531492,46.185438
"Ash_Dieback",14.103332,45.953029
"Ash_Dieback",13.951752,45.98147
"Ash_Dieback",13.723165,46.093204
"Ash_Dieback",15.905637,46.653693
"Ash_Dieback",13.651791,45.948961
"Ash_Dieback",13.670916,46.147135
"Ash_Dieback",14.962164,46.533661
"Ash_Dieback",15.627876,46.28561
"Ash_Dieback",13.747396,46.045334
"Ash_Dieback",15.315414,46.561882
"Ash_Dieback",13.76121,46.057451
"Ash_Dieback",13.731683,46.173018
"Ash_Dieback",14.416674,46.210027
"Ash_Dieback",13.657827,46.094346
"Ash_Dieback",13.695744,46.098833
"Ash_Dieback",14.224493,46.365685
"Ash_Dieback",13.791649,46.089988
"Ash_Dieback",13.580942,46.35072
"Ash_Dieback",15.714878,46.293528
"Ash_Dieback",13.785573,46.06626
"Ash_Dieback",14.040007,45.904323
"Ash_Dieback",15.73811,46.287595
"Ash_Dieback",13.723803,46.043004
"Ash_Dieback",14.223318,46.33846
"Ash_Dieback",13.793109,46.117321
"Ash_Dieback",13.724117,46.158537
"Ash_Dieback",13.586137,46.009804
"Ash_Dieback",13.621392,46.033115
"Ash_Dieback",13.663358,46.111686
"Ash_Dieback",14.489285,46.307113
"Ash_Dieback",14.055987,45.893784
"Ash_Dieback",15.247073,46.557678
"Ash_Dieback",14.026105,45.979337
"Ash_Dieback",13.674657,45.941526
"Ash_Dieback",13.703161,46.157672
"Ash_Dieback",15.718105,46.6949
"Ash_Dieback",13.688851,46.187831
"Ash_Dieback",13.697129,46.204841
"Ash_Dieback",13.696517,46.18135
"Ash_Dieback",13.769778,46.03244
"Ash_Dieback",13.708377,46.078462
"Ash_Dieback",13.611636,46.022893
"Ash_Dieback",14.228938,46.326712
"Ash_Dieback",15.270686,46.412773
"Ash_Dieback",14.212982,45.825002
"Ash_Dieback",14.040809,45.896645
"Ash_Dieback",13.686286,46.208496
"Ash_Dieback",16.094195,46.794936
"Ash_Dieback",13.785573,46.06626
"Ash_Dieback",13.650811,46.122246
"Ash_Dieback",13.605063,46.245063
"Ash_Dieback",13.484036,46.303717
"Ash_Dieback",14.247824,45.77976
"Ash_Dieback",15.341342,46.627628
"Ash_Dieback",13.818636,46.10948
"Ash_Dieback",13.680483,46.060778
"Ash_Dieback",13.676875,46.201009
"Ash_Dieback",16.41139,46.580789
"Ash_Dieback",14.238556,46.359031
"Ash_Dieback",15.278205,46.41029
"Ash_Dieback",16.537174,46.498633
"Ash_Dieback",13.737044,46.063036
"Ash_Dieback",13.970337,45.939637
"Ash_Dieback",15.352724,46.414465
"Ash_Dieback",15.710419,46.308015
"Ash_Dieback",13.687825,46.078228
"Ash_Dieback",14.041463,45.934352
"Ash_Dieback",13.731683,46.173018
"Ash_Dieback",13.572057,46.316636
"Ash_Dieback",14.354841,46.288891
"Ash_Dieback",14.267559,45.521564
"Ash_Dieback",13.620135,46.226306
"Ash_Dieback",13.526723,46.328343
"Ash_Dieback",13.652381,46.036427
"Ash_Dieback",13.724117,46.158537
"Ash_Dieback",13.652741,46.010967
"Ash_Dieback",14.379495,46.277789
"Ash_Dieback",13.606502,46.109029
"Ash_Dieback",13.695744,46.098833
"Ash_Dieback",14.255029,46.318202
"Ash_Dieback",13.574941,46.234408
"Ash_Dieback",14.053452,45.930034
"Ash_Dieback",13.78702,46.16552
"Ash_Dieback",13.675573,45.952388
"Ash_Dieback",15.41056,46.593814
"Ash_Dieback",13.703859,46.166588
"Ash_Dieback",13.670916,46.147135
"Ash_Dieback",13.678398,45.942073
"Ash_Dieback",13.758386,46.131022
"Ash_Dieback",15.661871,46.690867
"Ash_Dieback",15.707148,46.675877
"Ash_Dieback",14.828597,45.54295
"Ash_Dieback",13.71773,46.21614
"Ash_Dieback",16.246441,46.551444
"Ash_Dieback",13.672059,46.153447
"Ash_Dieback",13.557963,46.343568
"Ash_Dieback",15.702599,46.643661
"Ash_Dieback",13.731683,46.173018
"Ash_Dieback",13.574941,46.234408
"Ash_Dieback",15.715677,46.675446
"Ash_Dieback",16.518564,46.503119
"Ash_Dieback",16.255356,46.547855
"Ash_Dieback",15.246465,46.573091
"Ash_Dieback",13.747396,46.045334
"Ash_Dieback",15.750434,46.640711
"Ash_Dieback",14.331032,46.30432
"Ash_Dieback",13.586137,46.009804
"Ash_Dieback",16.25847,46.41578
"Ash_Dieback",13.731683,46.173018
"Ash_Dieback",15.343447,46.098012
"Ash_Dieback",13.747396,46.045334
"Ash_Dieback",15.675585,46.702267
"Ash_Dieback",13.686286,46.208496
"Ash_Dieback",13.641567,46.066531
"Ash_Dieback",13.639349,46.041041
"Ash_Dieback",13.998273,45.976812
"Ash_Dieback",14.233876,46.349868
"Ash_Dieback",14.022832,45.962124
"Ash_Dieback",15.783016,46.666286
"Ash_Dieback",13.72224,46.166884
"Ash_Dieback",15.85611,46.719202
"Ash_Dieback",13.624159,46.11689
"Ash_Dieback",13.663358,46.111686
"Ash_Dieback",13.7309,46.16761
"Ash_Dieback",13.779259,46.088867
"Ash_Dieback",14.232926,46.375998
"Ash_Dieback",16.514201,46.498517
"Ash_Dieback",15.027339,46.517891
"Ash_Dieback",15.942449,46.609004
"Ash_Dieback",15.63713,46.239942
"Ash_Dieback",14.44156,46.299423
"Ash_Dieback",14.551965,45.935308
"Ash_Dieback",14.087523,45.949539
"Ash_Dieback",14.473476,46.297208
"Ash_Dieback",13.748637,46.156397
"Ash_Dieback",15.425963,46.60073
"Ash_Dieback",16.515213,46.499286
"Ash_Dieback",15.361321,46.388751
"Ash_Dieback",13.7309,46.16761
"Ash_Dieback",16.518814,46.500408
"Ash_Dieback",14.00376,46.118601
"Ash_Dieback",16.510115,46.500559
"Ash_Dieback",13.982121,46.463513
"Ash_Dieback",14.447745,46.304041
"Ash_Dieback",15.962465,46.599607
"Ash_Dieback",13.56188,46.333387
"Ash_Dieback",13.586137,46.009804
"Ash_Dieback",13.503418,46.281317
"Ash_Dieback",13.672059,46.153447
"Ash_Dieback",15.245481,46.099336
"Ash_Dieback",15.726201,46.669748
"Ash_Dieback",13.759719,46.176024
"Ash_Dieback",15.932901,46.60875
"Ash_Dieback",15.391998,46.641913
"Ash_Dieback",13.789468,46.095094
"Ash_Dieback",13.732382,46.210275
"Ash_Dieback",14.333295,45.944709
"Ash_Dieback",13.670916,46.147135
"Ash_Dieback",13.730261,46.150328
"Ash_Dieback",13.694326,46.191852
"Ash_Dieback",13.694326,46.191852
"Ash_Dieback",15.737325,46.685232
"Ash_Dieback",13.683838,46.235595
"Ash_Dieback",16.003302,46.542179
"Ash_Dieback",13.632758,46.030615
"Ash_Dieback",13.674862,46.117489
"Ash_Dieback",13.526723,46.328343
"Ash_Dieback",15.943065,46.612148
"Ash_Dieback",13.687216,46.19663
"Ash_Dieback",13.721954,46.224015
"Ash_Dieback",13.877922,46.15295
"Ash_Dieback",13.743727,46.030447
"Ash_Dieback",16.273548,46.53064
"Ash_Dieback",13.737044,46.063036
"Ash_Dieback",15.385846,46.1297
"Ash_Dieback",14.459006,46.229336
"Ash_Dieback",13.67522,46.070075
"Ash_Dieback",13.544898,46.016485
"Ash_Dieback",15.710383,46.68534
"Ash_Dieback",15.313168,46.637992
"Ash_Dieback",14.349024,46.308832
"Ash_Dieback",15.898981,46.69899
"Ash_Dieback",13.557963,46.343568
"Ash_Dieback",14.391439,46.300698
"Ash_Dieback",13.759719,46.176024
"Ash_Dieback",14.212651,46.366729
"Ash_Dieback",13.674566,46.092022
"Ash_Dieback",13.79291,46.151968
"Ash_Dieback",14.331268,46.317007
"Ash_Dieback",15.762642,46.661647
"Ash_Dieback",14.079039,45.960988
"Ash_Dieback",13.589244,46.223203
"Ash_Dieback",13.758582,46.156892
"Ash_Dieback",14.548354,46.139154
"Ash_Dieback",14.365382,46.308924
"Ash_Dieback",13.755485,46.142615
"Ash_Dieback",13.769778,46.03244
"Ash_Dieback",13.970337,45.939637
"Ash_Dieback",13.702407,46.145697
"Ash_Dieback",13.557963,46.343568
"Ash_Dieback",14.459274,46.306526
"Ash_Dieback",13.674862,46.117489
"Ash_Dieback",13.557963,46.343568
"Ash_Dieback",13.647167,46.112486
"Ash_Dieback",13.557963,46.343568
"Ash_Dieback",14.469755,46.369537
"Ash_Dieback",16.537194,46.497508
"Ash_Dieback",16.25367,46.548242
"Ash_Dieback",14.264507,45.526926
"Ash_Dieback",13.694326,46.191852
"Ash_Dieback",13.625388,46.025668
"Ash_Dieback",14.61558,46.301748
"Ash_Dieback",13.688376,46.065907
"Ash_Dieback",16.519038,46.500981
"Ash_Dieback",13.695744,46.098833
"Ash_Dieback",13.502577,46.015039
"Ash_Dieback",13.721954,46.224015
"Ash_Dieback",13.796249,46.157969
"Ash_Dieback",16.514286,46.495466
"Ash_Dieback",15.782231,46.657196
"Ash_Dieback",14.331032,46.30432
"Ash_Dieback",13.771007,46.112254
"Ash_Dieback",14.075306,45.84537
"Ash_Dieback",13.692563,46.173297
"Ash_Dieback",13.841089,46.277594
"Ash_Dieback",13.580942,46.35072
"Ash_Dieback",13.965046,45.971064
"Ash_Dieback",16.536355,46.495927
"Ash_Dieback",13.496499,46.297053
"Ash_Dieback",13.694326,46.191852
"Ash_Dieback",15.636612,46.688735
"Ash_Dieback",14.024119,46.390704
"Ash_Dieback",15.770112,46.685195
"Ash_Dieback",15.520706,46.118888
"Ash_Dieback",16.519407,46.499698
"Ash_Dieback",13.606502,46.109029
"Ash_Dieback",13.526723,46.328343
"Ash_Dieback",15.321314,46.110592
"Ash_Dieback",14.384939,46.324866
"Ash_Dieback",13.687216,46.19663
"Ash_Dieback",13.532632,46.335176
"Ash_Dieback",13.598467,46.043157
"Ash_Dieback",15.63708,46.682983
"Ash_Dieback",13.674566,46.092022
"Ash_Dieback",13.694326,46.191852
"Ash_Dieback",14.045798,45.903327
"Ash_Dieback",15.329507,46.620753
"Ash_Dieback",15.934808,46.605783
"Ash_Dieback",13.730059,46.198553
"Ash_Dieback",14.369296,46.307236
"Ash_Dieback",14.906027,45.640915
"Ash_Dieback",13.731683,46.173018
"Ash_Dieback",13.785573,46.06626
"Ash_Dieback",15.392827,46.55654
"Ash_Dieback",13.694326,46.191852
"Ash_Dieback",13.620971,46.367899
"Ash_Dieback",13.813106,46.156795
"Ash_Dieback",16.51865,46.500122
"Ash_Dieback",14.246342,46.33614
"Ash_Dieback",15.109021,46.462438
"Ash_Dieback",13.694326,46.191852
"Ash_Dieback",13.791649,46.089988
"Ash_Dieback",13.7309,46.16761
"Ash_Dieback",15.305837,46.6166
"Ash_Dieback",13.694326,46.191852
"Ash_Dieback",13.733854,46.157386
"Ash_Dieback",15.390925,46.585669
"Ash_Dieback",13.723055,46.165274
"Ash_Dieback",13.631283,46.367717
"Ash_Dieback",13.775723,46.492182
"Ash_Dieback",15.351458,46.100821
"Ash_Dieback",13.703161,46.157672
"Ash_Dieback",13.733854,46.157386
"Ash_Dieback",13.773618,46.069102
"Ash_Dieback",14.447969,46.381383
"Ash_Dieback",13.629356,46.21885
"Ash_Dieback",14.001212,45.928096
"Ash_Dieback",15.82693,46.689602
"Ash_Dieback",15.448641,46.563576
"Ash_Dieback",13.546033,46.316686
"Ash_Dieback",13.661386,46.059477
"Ash_Dieback",15.434174,46.550425
"Ash_Dieback",13.646409,46.085304
"Ash_Dieback",13.674345,46.139077
"Ash_Dieback",13.557963,46.343568
"Ash_Dieback",13.694326,46.191852
"Ash_Dieback",16.25537,46.547873
"Ash_Dieback",16.272886,46.532987
"Ash_Dieback",13.526723,46.328343
"Ash_Dieback",13.724117,46.158537
"Ash_Dieback",13.6732,46.213743
"Ash_Dieback",13.909079,46.143363
"Ash_Dieback",13.657827,46.094346
"Ash_Dieback",15.574706,46.066289
"Ash_Dieback",15.319699,46.609427
"Ash_Dieback",15.86121,46.718264
"Ash_Dieback",13.641334,46.076066
"Ash_Dieback",13.731683,46.173018
"Ash_Dieback",13.675294,46.126491
"Ash_Dieback",13.666273,46.227384
"Ash_Dieback",16.51528,46.500302
"Ash_Dieback",14.051631,45.935516
"Ash_Dieback",14.067716,45.925274
"Ash_Dieback",15.340865,46.595456
"Ash_Dieback",13.72651,46.228835
"Ash_Dieback",16.281162,46.639598
"Ash_Dieback",15.609521,46.67815
"Ash_Dieback",13.681664,45.994748
"Ash_Dieback",15.150403,46.164708
"Ash_Dieback",13.650811,46.122246
"Ash_Dieback",13.557963,46.343568
"Ash_Dieback",13.60048,46.004311
"Ash_Dieback",13.67356,45.942098
"Ash_Dieback",13.687216,46.19663
"Ash_Dieback",13.687216,46.19663
"Ash_Dieback",13.87618,46.277404
"Ash_Dieback",14.007917,46.396494
"Ash_Dieback",15.308355,46.616296
"Ash_Dieback",13.589244,46.223203
"Ash_Dieback",13.700759,46.17726
"Ash_Dieback",13.574941,46.234408
"Ash_Dieback",13.723055,46.165274
"Ash_Dieback",15.996381,46.831835
"Ash_Dieback",13.697129,46.204841
"Ash_Dieback",16.005496,46.60861
"Ash_Dieback",13.633648,46.206224
"Ash_Dieback",15.269609,46.627838
"Ash_Dieback",13.578623,46.256039
"Ash_Dieback",15.303685,46.393931
"Ash_Dieback",13.557963,46.343568
"Ash_Dieback",15.412774,46.553869
"Ash_Dieback",14.89944,45.644598
"Ash_Dieback",13.657827,46.094346
"Ash_Dieback",13.557963,46.343568
"Ash_Dieback",13.773618,46.069102
"Ash_Dieback",16.248023,46.553882
"Ash_Dieback",13.668728,46.049755
"Ash_Dieback",13.560313,46.044573
"Ash_Dieback",15.842575,46.681723
"Ash_Dieback",13.675808,45.942493
"Ash_Dieback",13.730261,46.150328
"Ash_Dieback",13.598467,46.043157
"Ash_Dieback",15.887566,46.714976
"Ash_Dieback",13.532632,46.335176
"Ash_Dieback",15.720044,46.312264
"Ash_Dieback",13.515479,46.326317
"Ash_Dieback",13.574941,46.234408
"Ash_Dieback",13.779259,46.088867
"Ash_Dieback",15.320011,46.540735
"Ash_Dieback",13.532632,46.335176
"Ash_Dieback",15.429246,46.611559
"Ash_Dieback",13.703161,46.157672
"Ash_Dieback",15.772965,46.683556
"Ash_Dieback",13.592048,46.092431
"Ash_Dieback",13.731683,46.173018
"Ash_Dieback",13.679582,46.185385
"Ash_Dieback",13.674566,46.092022
"Ash_Dieback",14.027611,45.979557
"Ash_Dieback",13.706179,46.122796
"Ash_Dieback",16.536996,46.496962
"Ash_Dieback",14.365382,46.308924
"Ash_Dieback",13.932085,46.420159
"Ash_Dieback",13.526723,46.328343
"Ash_Dieback",15.638115,46.241025
"Ash_Dieback",14.325148,46.307794
"Ash_Dieback",13.723055,46.165274
"Ash_Dieback",14.039519,45.974556
"Ash_Dieback",13.716212,46.136495
"Ash_Dieback",15.116277,46.596386
"Ash_Dieback",15.800565,46.68737
"Ash_Dieback",13.676875,46.201009
"Ash_Dieback",15.806608,46.497107
"Ash_Dieback",13.785573,46.06626
"Ash_Dieback",16.251673,46.550424
"Ash_Dieback",13.592783,46.257716
"Ash_Dieback",13.632005,46.064816
"Ash_Dieback",14.473296,46.351334
"Ash_Dieback",13.933912,46.022029
"Ash_Dieback",15.78153,46.507151
"Ash_Dieback",15.301485,46.393469
"Ash_Dieback",16.510585,46.501057
"Ash_Dieback",13.723803,46.043004
"Ash_Dieback",15.309135,46.077452
"Ash_Dieback",15.758977,46.695679
"Ash_Dieback",14.365382,46.308924
"Ash_Dieback",14.286208,46.327083
"Ash_Dieback",13.703213,46.16649
"Ash_Dieback",13.703859,46.166588
"Ash_Dieback",15.241703,46.090212
"Ash_Dieback",13.572057,46.316636
"Ash_Dieback",15.768338,46.679944
"Ash_Dieback",13.673107,46.055744
"Ash_Dieback",16.525127,46.500189
"Ash_Dieback",13.514857,46.321918
"Ash_Dieback",14.246342,46.33614
"Ash_Dieback",14.224355,45.52541
"Ash_Dieback",13.82807,46.124567
"Ash_Dieback",15.298958,46.539092
"Ash_Dieback",15.772187,46.66573
"Ash_Dieback",15.941283,46.610265
"Ash_Dieback",15.938156,46.658936
"Ash_Dieback",16.254089,46.548337
"Ash_Dieback",13.729152,46.052061
"Ash_Dieback",15.740374,46.616657
"Ash_Dieback",13.697129,46.204841
"Ash_Dieback",13.674687,46.011223
"Ash_Dieback",13.724206,46.143422
"Ash_Dieback",15.579611,46.66823
"Ash_Dieback",14.365382,46.308924
"Ash_Dieback",13.618088,46.038717
"Ash_Dieback",13.760609,46.165237
"Ash_Dieback",13.709936,46.139214
"Ash_Dieback",15.736603,46.691732
"Ash_Dieback",13.614775,46.047225
"Ash_Dieback",14.051631,45.935516
"Ash_Dieback",15.440465,46.573504
"Ash_Dieback",14.10738,46.351247
"Ash_Dieback",15.601809,46.228132
"Ash_Dieback",16.448301,46.54397
"Ash_Dieback",15.401489,46.639406
"Ash_Dieback",14.414156,46.306889
"Ash_Dieback",15.783951,46.679442
"Ash_Dieback",13.733854,46.157386
"Ash_Dieback",15.701504,46.660968
"Ash_Dieback",15.396523,46.199745
"Ash_Dieback",13.724206,46.143422
"Ash_Dieback",13.570306,46.312574
"Ash_Dieback",13.633648,46.206224
"Ash_Dieback",16.266306,46.54992
"Ash_Dieback",15.756475,46.612134
"Ash_Dieback",15.727072,46.291076
"Ash_Dieback",14.458683,46.230594
"Ash_Dieback",13.949279,45.968185
"Ash_Dieback",13.697129,46.204841
"Ash_Dieback",13.694326,46.191852
"Ash_Dieback",16.514721,46.500336
"Ash_Dieback",13.593167,46.197465
"Ash_Dieback",13.570135,46.024451
"Ash_Dieback",13.759719,46.176024
"Ash_Dieback",15.295544,46.081663
"Ash_Dieback",13.687983,45.945782
"Ash_Dieback",13.730059,46.198553
"Ash_Dieback",14.26042,45.526234
"Ash_Dieback",13.759719,46.176024
"Ash_Dieback",16.380221,46.651175
"Ash_Dieback",13.674687,46.011223
"Ash_Dieback",13.737044,46.063036
"Ash_Dieback",14.345057,46.325814
"Ash_Dieback",16.51369,46.498407
"Ash_Dieback",13.592868,45.99387
"Ash_Dieback",13.791649,46.089988
"Ash_Dieback",13.789468,46.095094
"Ash_Dieback",15.636746,46.238082
"Ash_Dieback",14.334027,45.943886
"Ash_Dieback",16.519086,46.498938
"Ash_Dieback",15.784986,46.556071
"Ash_Dieback",13.697129,46.204841
"Ash_Dieback",13.644639,46.220931
"Ash_Dieback",13.631283,46.367717
"Ash_Dieback",13.55681,46.24945
"Ash_Dieback",15.826497,46.71601
"Ash_Dieback",13.679582,46.185385
"Ash_Dieback",13.56188,46.333387
"Ash_Dieback",15.720395,46.675398
"Ash_Dieback",13.500252,46.315097
"Ash_Dieback",13.850365,46.139549
"Ash_Dieback",13.621086,46.36539
"Ash_Dieback",15.022423,46.511109
"Ash_Dieback",13.662324,45.940086
"Ash_Dieback",14.362438,46.257074
"Ash_Dieback",13.706163,46.189827
"Ash_Dieback",13.54156,46.069799
"Ash_Dieback",16.250721,46.551559
"Ash_Dieback",15.737275,46.678655
"Ash_Dieback",15.30339,46.613439
"Ash_Dieback",15.396044,46.612975
"Ash_Dieback",13.532632,46.335176
"Ash_Dieback",13.579348,46.058128
"Ash_Dieback",15.374753,46.572003
"Ash_Dieback",16.009565,46.43137
"Ash_Dieback",13.572057,46.316636
"Ash_Dieback",15.661538,46.704256
"Ash_Dieback",15.78719,46.666644
"Ash_Dieback",15.301981,46.594892
"Ash_Dieback",13.647167,46.112486
"Ash_Dieback",15.775638,46.237726
"Ash_Dieback",15.441856,46.079812
"Ash_Dieback",13.432175,46.261252
"Ash_Dieback",15.365729,46.398454
"Ash_Dieback",15.413108,46.108334
"Ash_Dieback",13.871667,46.274742
"Ash_Dieback",14.792918,45.599861
"Ash_Dieback",16.24915,46.554122
"Ash_Dieback",13.532632,46.335176
"Ash_Dieback",15.631524,46.647207
"Ash_Dieback",13.532632,46.335176
"Ash_Dieback",15.732338,46.680891
"Ash_Dieback",13.641334,46.076066
"Ash_Dieback",13.724855,46.171412
"Ash_Dieback",13.686286,46.208496
"Ash_Dieback",15.179513,46.141236
"Ash_Dieback",13.724117,46.158537
"Ash_Dieback",13.459129,46.265964
"Ash_Dieback",15.727428,46.676424
"Ash_Dieback",16.513521,46.498877
"Ash_Dieback",14.13569,46.353029
"Ash_Dieback",13.614775,46.047225
"Ash_Dieback",13.750937,46.09468
"Ash_Dieback",14.600144,46.300049
"Ash_Dieback",15.295573,46.594845
"Ash_Dieback",13.557963,46.343568
"Ash_Dieback",13.625667,46.361523
"Ash_Dieback",13.662324,45.940086
"Ash_Dieback",14.249919,45.799075
"Ash_Dieback",15.385038,46.647758
"Ash_Dieback",14.259311,46.347336
"Ash_Dieback",15.270825,46.610022
"Ash_Dieback",15.396561,46.614079
"Ash_Dieback",13.641334,46.076066
"Ash_Dieback",16.519162,46.498865
"Ash_Dieback",13.730261,46.150328
"Ash_Dieback",15.279968,46.085148
"Ash_Dieback",13.420407,46.302911
"Ash_Dieback",13.557963,46.343568
"Ash_Dieback",13.742291,46.167826
"Ash_Dieback",13.557963,46.343568
"Ash_Dieback",13.564283,46.24338
"Ash_Dieback",15.747219,46.632087
"Ash_Dieback",13.950717,45.982972
"Ash_Dieback",13.602272,46.363678
"Ash_Dieback",13.674566,46.092022
"Ash_Dieback",13.731683,46.173018
"Ash_Dieback",15.352637,46.101043
"Ash_Dieback",16.516915,46.500064
"Ash_Dieback",14.246342,46.33614
"Ash_Dieback",13.558791,46.078295
"Ash_Dieback",16.525625,46.495657
"Ash_Dieback",15.438567,46.58249
"Ash_Dieback",15.767528,46.684565
"Ash_Dieback",14.611717,46.310192
"Ash_Dieback",13.725174,46.213704
"Ash_Dieback",13.950752,46.280127
"Ash_Dieback",13.773618,46.069102
"Ash_Dieback",13.680027,46.166765
"Ash_Dieback",13.7309,46.16761
"Ash_Dieback",15.682093,46.615985
"Ash_Dieback",13.557963,46.343568
"Ash_Dieback",15.362028,46.641266
"Ash_Dieback",15.299567,46.611416
"Ash_Dieback",15.719595,46.627055
"Ash_Dieback",14.230952,46.354527
"Ash_Dieback",14.595538,46.313988
"Ash_Dieback",15.714013,46.684012
"Ash_Dieback",15.733652,46.61975
"Ash_Dieback",13.671327,45.941091
"Ash_Dieback",15.702793,46.668662
"Ash_Dieback",13.598467,46.043157
"Ash_Dieback",13.557963,46.343568
"Ash_Dieback",15.720312,46.670154
"Ash_Dieback",15.341763,46.400679
"Ash_Dieback",13.620971,46.367899
"Ash_Dieback",15.383897,46.61962
"Ash_Dieback",13.918694,46.24473
"Ash_Dieback",15.27368,46.552498
"Ash_Dieback",13.748732,46.187655
"Ash_Dieback",15.432204,46.266726
"Ash_Dieback",16.253453,46.548434
"Ash_Dieback",13.647325,46.201798
"Ash_Dieback",13.657184,46.019477
"Ash_Dieback",13.686286,46.208496
"Ash_Dieback",15.701212,46.660646
"Ash_Dieback",15.529218,46.56009
"Ash_Dieback",15.034397,46.606337
"Ash_Dieback",15.271163,46.55514
"Ash_Dieback",13.824196,46.278736
"Ash_Dieback",13.692442,46.145583
"Ash_Dieback",13.51694,46.344358
"Ash_Dieback",16.511853,46.494643
"Ash_Dieback",13.674566,46.092022
"Ash_Dieback",15.40354,46.534478
"Ash_Dieback",15.35761,46.403824
"Ash_Dieback",14.365382,46.308924
"Ash_Dieback",15.749845,46.670809
"Ash_Dieback",14.593683,46.319064
"Ash_Dieback",13.741974,45.98238
"Ash_Dieback",13.794828,46.038915
"Ash_Dieback",15.031863,46.519303
"Ash_Dieback",13.526723,46.328343
"Ash_Dieback",15.299463,46.639729
"Ash_Dieback",13.631283,46.367717
"Ash_Dieback",13.629356,46.21885
"Ash_Dieback",14.266951,45.527994
"Ash_Dieback",15.833014,46.689063
"Ash_Dieback",14.480924,46.362193
"Ash_Dieback",13.640322,46.306607
"Ash_Dieback",16.245634,46.551524
"Ash_Dieback",15.358348,46.600468
"Ash_Dieback",13.571914,46.26614
"Ash_Dieback",15.306632,46.609517
"Ash_Dieback",15.411656,46.598956
"Ash_Dieback",15.317318,46.626258
"Ash_Dieback",13.495238,46.29
"Ash_Dieback",14.329634,45.927412
"Ash_Dieback",13.76121,46.057451
"Ash_Dieback",13.789468,46.095094
"Ash_Dieback",15.717422,46.594131
"Ash_Dieback",15.712843,46.686494
"Ash_Dieback",15.323395,46.607473
"Ash_Dieback",14.210701,46.375793
"Ash_Dieback",13.6732,46.213743
"Ash_Dieback",14.304858,46.300385
"Ash_Dieback",15.743458,46.672021
"Ash_Dieback",13.673107,46.055744
"Ash_Dieback",13.687216,46.19663
"Ash_Dieback",15.317159,46.639303
"Ash_Dieback",14.545648,45.939899
"Ash_Dieback",15.785076,46.66683
"Ash_Dieback",14.519804,45.960722
"Ash_Dieback",15.391498,46.534988
"Ash_Dieback",14.593942,46.317365
"Ash_Dieback",14.230952,46.354527
"Ash_Dieback",15.834215,46.679581
"Ash_Dieback",13.517443,46.275651
"Ash_Dieback",15.352117,46.413189
"Ash_Dieback",14.27132,46.269577
"Ash_Dieback",16.243664,46.55205
"Ash_Dieback",15.766032,46.663918
"Ash_Dieback",15.76781,46.667649
"Ash_Dieback",16.515051,46.507988
"Ash_Dieback",15.680459,46.702004
"Ash_Dieback",15.775764,46.680928
"Ash_Dieback",14.249347,45.515516
"Ash_Dieback",15.736572,46.684652
"Ash_Dieback",15.420151,46.598583
"Ash_Dieback",15.304705,46.652113
"Ash_Dieback",13.641334,46.076066
"Ash_Dieback",14.349024,46.308832
"Ash_Dieback",13.687216,46.19663
"Ash_Dieback",13.863205,45.955305
"Ash_Dieback",16.511585,46.494845
"Ash_Dieback",15.874867,46.707832
"Ash_Dieback",16.28078,46.531045
"Ash_Dieback",15.706526,46.660299
"Ash_Dieback",15.788596,46.677908
"Ash_Dieback",13.657827,46.094346
"Ash_Dieback",13.679711,46.038905
"Ash_Dieback",13.679582,46.185385
"Ash_Dieback",15.380946,46.552873
"Ash_Dieback",15.67544,46.661405
"Ash_Dieback",13.687216,46.19663
"Ash_Dieback",15.761891,46.688102
"Ash_Dieback",14.24813,45.800116
"Ash_Dieback",15.471728,46.532092
"Ash_Dieback",16.251421,46.550255
"Ash_Dieback",15.937127,46.611549
"Ash_Dieback",15.723943,46.280119
"Ash_Dieback",14.041213,46.30237
"Ash_Dieback",14.003701,45.948255
"Ash_Dieback",16.247469,46.55477
"Ash_Dieback",14.245971,46.320617
"Ash_Dieback",16.515428,46.498608
"Ash_Dieback",14.323151,46.322358
"Ash_Dieback",15.307457,46.11485
"Ash_Dieback",13.682201,46.070065
"Ash_Dieback",13.7309,46.16761
"Ash_Dieback",15.242555,46.562232
"Ash_Dieback",15.303705,46.634482
"Ash_Dieback",13.674566,46.092022
"Ash_Dieback",13.904139,46.011617
"Ash_Dieback",14.047234,45.891714
"Ash_Dieback",15.769042,46.647623
"Ash_Dieback",16.4188,46.594687
"Ash_Dieback",16.510054,46.500254
"Ash_Dieback",13.572057,46.316636
"Ash_Dieback",13.951051,46.055569
"Ash_Dieback",14.402308,46.4116
"Ash_Dieback",13.600363,46.060186
"Ash_Dieback",16.383784,46.648999
"Ash_Dieback",13.972113,45.969859
"Ash_Dieback",16.246607,46.551289
"Ash_Dieback",15.100459,46.603652
"Ash_Dieback",16.510872,46.506235
"Ash_Dieback",13.625667,46.361523
"Ash_Dieback",13.686574,46.141917
"Ash_Dieback",14.320267,46.314064
"Ash_Dieback",15.33609,46.62516
"Ash_Dieback",15.717399,46.31453
"Ash_Dieback",13.706481,46.148622
"Ash_Dieback",15.438805,46.582822
"Ash_Dieback",16.513209,46.500311
"Ash_Dieback",16.525639,46.501262
"Ash_Dieback",16.016593,46.589106
"Ash_Dieback",15.376913,46.091454
"Ash_Dieback",13.558735,46.231389
"Ash_Dieback",15.296136,46.604812
"Ash_Dieback",15.715059,46.678104
"Ash_Dieback",15.310048,46.633826
"Ash_Dieback",14.602197,46.315963
"Ash_Dieback",14.003701,45.948255
"Ash_Dieback",13.968887,45.970567
"Ash_Dieback",13.844678,46.280321
"Ash_Dieback",15.667791,46.701287
"Ash_Dieback",15.276132,46.547409
"Ash_Dieback",16.207038,46.58583
"Ash_Dieback",13.544898,46.016485
"Ash_Dieback",15.32181,46.637239
"Ash_Dieback",13.647325,46.201798
"Ash_Dieback",14.072166,46.34215
"Ash_Dieback",15.795685,46.669329
"Ash_Dieback",14.599916,46.301074
"Ash_Dieback",16.233704,46.650944
"Ash_Dieback",15.352455,46.101007
"Ash_Dieback",15.760452,46.662993
"Ash_Dieback",13.704844,46.185314
"Ash_Dieback",15.424448,46.532458
"Ash_Dieback",15.268098,46.106384
"Ash_Dieback",15.484317,46.091759
"Ash_Dieback",14.066009,45.771394
"Ash_Dieback",13.750937,46.09468
"Ash_Dieback",15.581142,46.171654
"Ash_Dieback",15.315404,46.104247
"Ash_Dieback",13.574985,46.001567
"Ash_Dieback",15.746692,46.6772
"Ash_Dieback",16.525266,46.501429
"Ash_Dieback",15.670856,46.683753
"Ash_Dieback",16.509411,46.496799
"Ash_Dieback",13.789468,46.095094
"Ash_Dieback",15.656167,46.250847
"Ash_Dieback",15.66668,46.702355
"Ash_Dieback",15.696499,46.627495
"Ash_Dieback",13.598467,46.043157
"Ash_Dieback",13.868812,46.111553
"Ash_Dieback",15.783983,46.560711
"Ash_Dieback",13.525977,46.340191
"Ash_Dieback",15.68632,46.6095
"Ash_Dieback",15.785154,46.675835
"Ash_Dieback",15.952121,46.599999
"Ash_Dieback",15.293251,46.63361
"Ash_Dieback",13.701137,46.139114
"Ash_Dieback",15.716732,46.315155
"Ash_Dieback",13.510403,46.297495
"Ash_Dieback",15.302891,46.393654
"Ash_Dieback",15.746391,46.621305
"Ash_Dieback",14.330719,45.925106
"Ash_Dieback",13.532632,46.335176
"Ash_Dieback",16.251207,46.551131
"Ash_Dieback",14.251027,45.781608
"Ash_Dieback",15.714344,46.288376
"Ash_Dieback",15.750754,46.64492
"Ash_Dieback",15.526966,46.334644
"Ash_Dieback",15.662765,46.663584
"Ash_Dieback",15.758591,46.686838
"Ash_Dieback",13.580942,46.35072
"Ash_Dieback",15.59145,46.257013
"Ash_Dieback",15.67985,46.646327
"Ash_Dieback",13.687527,45.953641
"Ash_Dieback",15.319428,46.623184
"Ash_Dieback",15.356543,46.647491
"Ash_Dieback",13.676875,46.201009
"Ash_Dieback",16.52513,46.500297
"Ash_Dieback",15.246939,46.095734
"Ash_Dieback",13.674345,46.139077
"Ash_Dieback",13.682201,46.070065
"Ash_Dieback",16.249012,46.553818
"Ash_Dieback",13.694326,46.191852
"Ash_Dieback",13.567006,46.23439
"Ash_Dieback",15.882725,46.70447
"Ash_Dieback",13.794828,46.038915
"Ash_Dieback",15.31357,46.412249
"Ash_Dieback",16.526643,46.50177
"Ash_Dieback",15.262383,46.554594
"Ash_Dieback",13.750937,46.09468
"Ash_Dieback",15.924869,46.62841
"Ash_Dieback",15.932643,46.694608
"Ash_Dieback",15.767159,46.688085
"Ash_Dieback",13.730059,46.198553
"Ash_Dieback",13.731683,46.173018
"Ash_Dieback",13.678574,45.941148
"Ash_Dieback",13.709936,46.139214
"Ash_Dieback",13.647167,46.112486
"Ash_Dieback",15.324564,46.625931
"Ash_Dieback",15.778022,46.654373
"Ash_Dieback",15.35704,46.588272
"Ash_Dieback",15.615266,46.681088
"Ash_Dieback",13.716212,46.136495
"Ash_Dieback",15.676803,46.683654
"Ash_Dieback",16.515702,46.498623
"Ash_Dieback",13.755485,46.142615
"Ash_Dieback",15.342087,46.596802
"Ash_Dieback",13.706481,46.148622
"Ash_Dieback",15.226588,46.343952
"Ash_Dieback",15.681496,46.677428
"Ash_Dieback",16.271242,46.530108
"Ash_Dieback",13.59988,46.217324
"Ash_Dieback",15.20212,46.631838
"Ash_Dieback",15.399253,46.531218
"Ash_Dieback",15.417488,46.530937
"Ash_Dieback",15.373791,46.566779
"Ash_Dieback",16.514902,46.500298
"Ash_Dieback",14.034472,45.928516
"Ash_Dieback",15.169478,46.588878
"Ash_Dieback",15.313251,46.636588
"Ash_Dieback",15.442061,46.271214
"Ash_Dieback",15.677988,46.662433
"Ash_Dieback",15.891129,46.682731
"Ash_Dieback",14.567957,46.344001
"Ash_Dieback",15.603554,46.238325
"Ash_Dieback",13.661386,46.059477
"Ash_Dieback",15.767066,46.685216
"Ash_Dieback",15.742873,46.696981
"Ash_Dieback",15.71372,46.265401
"Ash_Dieback",15.393042,46.640002
"Ash_Dieback",15.757432,46.668501
"Ash_Dieback",13.569312,46.056383
"Ash_Dieback",13.704844,46.185314
"Ash_Dieback",14.331032,46.30432
"Ash_Dieback",16.528162,46.497395
"Ash_Dieback",14.325148,46.307794
"Ash_Dieback",13.958871,46.074095
"Ash_Dieback",14.258511,45.823515
"Ash_Dieback",13.733854,46.157386
"Ash_Dieback",15.636351,46.661063
"Ash_Dieback",15.720014,46.315935
"Ash_Dieback",14.025445,45.979449
"Ash_Dieback",14.186649,46.332133
"Ash_Dieback",16.514831,46.499156
"Ash_Dieback",16.535984,46.495257
"Ash_Dieback",14.257684,45.524974
"Ash_Dieback",13.552539,46.233812
"Ash_Dieback",16.421096,46.591168
"Ash_Dieback",15.30713,46.540942
"Ash_Dieback",15.393782,46.644732
"Ash_Dieback",15.642454,46.643521
"Ash_Dieback",13.687061,46.023153
"Ash_Dieback",16.25336,46.54839
"Ash_Dieback",13.557963,46.343568
"Ash_Dieback",15.719866,46.315504
"Ash_Dieback",13.721771,46.170388
"Ash_Dieback",15.291155,46.593714
"Ash_Dieback",15.44062,46.571794
"Ash_Dieback",15.675566,46.678813
"Ash_Dieback",15.637045,46.650092
"Ash_Dieback",14.604694,46.311905
"Ash_Dieback",15.735833,46.663991
"Ash_Dieback",14.988833,46.176496
"Ash_Dieback",13.449288,46.293849
"Ash_Dieback",15.370217,46.112936
"Ash_Dieback",15.760457,46.679151
"Ash_Dieback",15.30451,46.605915
"Ash_Dieback",13.691884,46.048672
"Ash_Dieback",13.557963,46.343568
"Ash_Dieback",16.091305,46.79517
"Ash_Dieback",13.779259,46.088867
"Ash_Dieback",15.625242,46.079466
"Ash_Dieback",13.532632,46.335176
"Ash_Dieback",16.537535,46.498052
"Ash_Dieback",14.377323,46.286316
"Ash_Dieback",14.250426,45.788109
"Ash_Dieback",13.729152,46.052061
"Ash_Dieback",13.672514,45.939485
"Ash_Dieback",15.410922,46.546975
"Ash_Dieback",13.660076,46.30684
"Ash_Dieback",16.383661,46.651853
"Ash_Dieback",16.536137,46.495588
"Ash_Dieback",15.137926,46.579789
"Ash_Dieback",16.279287,46.530738
"Ash_Dieback",15.776175,46.685901
"Ash_Dieback",13.76121,46.057451
"Ash_Dieback",15.830626,46.682531
"Ash_Dieback",14.015379,45.990349
"Ash_Dieback",13.690052,45.949936
"Ash_Dieback",13.712007,46.133658
"Ash_Dieback",14.956727,45.949245
"Ash_Dieback",15.657852,46.670081
"Ash_Dieback",15.770892,46.688546
"Ash_Dieback",15.311226,46.631852
"Ash_Dieback",16.511497,46.495449
"Ash_Dieback",13.68391,45.944575
"Ash_Dieback",16.446602,46.53647
"Ash_Dieback",16.537151,46.497356
"Ash_Dieback",15.69099,46.69307
"Ash_Dieback",15.743212,46.670331
"Ash_Dieback",15.619378,46.272026
"Ash_Dieback",13.695062,46.083889
"Ash_Dieback",16.278633,46.64426
"Ash_Dieback",15.682247,46.694436
"Ash_Dieback",15.300151,46.399132
"Ash_Dieback",16.53685,46.498691
"Ash_Dieback",15.723186,46.669101
"Ash_Dieback",16.278159,46.534916
"Ash_Dieback",16.522561,46.49882
"Ash_Dieback",15.778684,46.687647
"Ash_Dieback",15.93403,46.610594
"Ash_Dieback",13.703859,46.166588
"Ash_Dieback",15.245326,46.096538
"Ash_Dieback",16.246363,46.554881
"Ash_Dieback",15.427619,46.613724
"Ash_Dieback",16.246128,46.551465
"Ash_Dieback",14.609488,46.304139
"Ash_Dieback",15.322318,46.404685
"Ash_Dieback",14.041213,46.30237
"Ash_Dieback",13.742291,46.167826
"Ash_Dieback",16.532863,46.489901
"Ash_Dieback",16.250478,46.55175
"Ash_Dieback",15.750512,46.688681
"Ash_Dieback",13.687216,46.19663
"Ash_Dieback",15.346566,46.597194
"Ash_Dieback",16.247122,46.557824
"Ash_Dieback",15.419947,46.606015
"Ash_Dieback",13.674862,46.117489
"Ash_Dieback",13.557963,46.343568
"Ash_Dieback",15.361811,46.425287
"Ash_Dieback",15.286362,46.403324
"Ash_Dieback",15.733493,46.676431
"Ash_Dieback",14.24007,45.798686
"Ash_Dieback",16.525486,46.50139
"Ash_Dieback",16.526185,46.502154
"Ash_Dieback",15.356195,46.095291
"Ash_Dieback",15.776045,46.676833
"Ash_Dieback",16.249806,46.550327
"Ash_Dieback",15.351591,46.097258
"Ash_Dieback",16.248009,46.553874
"Ash_Dieback",13.576547,46.036318
"Ash_Dieback",15.995931,46.833026
"Ash_Dieback",15.43273,46.575324
"Ash_Dieback",15.496138,46.208163
"Ash_Dieback",14.267927,46.344242
"Ash_Dieback",16.253697,46.548296
"Ash_Dieback",15.392914,46.568487
"Ash_Dieback",15.950369,46.605817
"Ash_Dieback",13.647325,46.201798
"Ash_Dieback",15.314837,46.637519
"Ash_Dieback",16.525076,46.499317
"Ash_Dieback",15.720312,46.659367
"Ash_Dieback",16.243649,46.55196
"Ash_Dieback",13.662324,45.940086
"Ash_Dieback",14.596462,46.31543
"Ash_Dieback",16.27842,46.531009
"Ash_Dieback",15.820455,46.702316
"Ash_Dieback",16.406958,46.586997
"Ash_Dieback",15.840001,46.685188
"Ash_Dieback",15.437301,46.571069
"Ash_Dieback",16.253426,46.548407
"Ash_Dieback",13.960689,45.938308
"Ash_Dieback",16.255404,46.547666
"Ash_Dieback",15.717809,46.31415
"Ash_Dieback",13.662324,45.940086
"Ash_Dieback",15.799937,46.704117
"Ash_Dieback",15.299355,46.648537
"Ash_Dieback",15.730121,46.626124
"Ash_Dieback",15.776505,46.669722
"Ash_Dieback",16.51901,46.498102
"Ash_Dieback",15.354794,46.597987
"Ash_Dieback",16.255234,46.547658
"Ash_Dieback",15.283222,46.417124
"Ash_Dieback",15.398493,46.635314
"Ash_Dieback",13.669716,45.943232
"Ash_Dieback",14.605515,46.307859
"Ash_Dieback",15.322409,46.078998
"Ash_Dieback",16.25118,46.551122
"Ash_Dieback",13.697129,46.204841
"Ash_Dieback",14.246342,46.33614
"Ash_Dieback",15.686721,46.694616
"Ash_Dieback",16.518925,46.500667
"Ash_Dieback",15.376252,46.389458
"Ash_Dieback",16.273659,46.530369
"Ash_Dieback",16.280812,46.531873
"Ash_Dieback",15.783015,46.703236
"Ash_Dieback",15.72029,46.301412
"Ash_Dieback",16.250699,46.549463
"Ash_Dieback",13.697129,46.204841
"Ash_Dieback",13.882179,46.166488
"Ash_Dieback",13.944231,45.971773
"Ash_Dieback",13.604178,46.332138
"Ash_Dieback",16.243761,46.551734
"Ash_Dieback",15.436287,46.574807
"Ash_Dieback",16.248598,46.556215
"Ash_Dieback",15.569202,46.583217
"Ash_Dieback",15.641648,46.662526
"Ash_Dieback",15.735379,46.264948
"Ash_Dieback",16.515725,46.507404
"Ash_Dieback",15.769784,46.645612
"Ash_Dieback",15.829606,46.685093
"Ash_Dieback",15.756709,46.622398
"Ash_Dieback",16.515539,46.500253
"Ash_Dieback",15.654306,46.689184
"Ash_Dieback",16.513508,46.496088
"Ash_Dieback",16.511752,46.496183
"Ash_Dieback",16.537096,46.497266
"Ash_Dieback",13.682726,46.086087
"Ash_Dieback",16.53512,46.498786
"Ash_Dieback",13.963068,45.980259
"Ash_Dieback",15.886826,46.703349
"Ash_Dieback",15.351532,46.632284
"Ash_Dieback",16.273062,46.532148
"Ash_Dieback",16.159274,46.678471
"Ash_Dieback",16.246371,46.555205
"Ash_Dieback",14.520238,45.956756
"Ash_Dieback",16.514669,46.500337
"Ash_Dieback",15.610473,46.633971
"Ash_Dieback",15.592046,46.667617
"Ash_Dieback",16.511244,46.501804
"Ash_Dieback",15.297083,46.404007
"Ash_Dieback",14.593617,46.319199
"Ash_Dieback",13.668254,45.94559
"Ash_Dieback",15.406417,46.598237
"Ash_Dieback",16.246533,46.556013
"Ash_Dieback",15.417156,46.536894
"Ash_Dieback",15.086798,46.615666
"Ash_Dieback",16.515483,46.498707
"Ash_Dieback",16.250964,46.551367
"Ash_Dieback",16.248939,46.551758
"Ash_Dieback",13.556859,46.028333
"Ash_Dieback",16.515305,46.508219
"Ash_Dieback",15.661594,46.670447
"Ash_Dieback",14.069278,45.927473
"Ash_Dieback",15.504663,46.210726
"Ash_Dieback",14.593582,46.316869
"Ash_Dieback",16.536085,46.495588
"Ash_Dieback",13.703206,46.161272
"Ash_Dieback",14.941596,46.366335
"Ash_Dieback",16.532085,46.490937
"Ash_Dieback",15.755043,46.691108
"Ash_Dieback",15.716582,46.690447
"Ash_Dieback",14.210586,45.823285
"Ash_Dieback",15.77538,46.701533
"Ash_Dieback",16.265984,46.549537
"Ash_Dieback",15.985074,46.639962
"Ash_Dieback",15.343733,46.131284
"Ash_Dieback",16.251404,46.550085
"Ash_Dieback",16.248129,46.549437
"Ash_Dieback",16.248249,46.555778
"Ash_Dieback",15.938932,46.610986
"Ash_Dieback",16.514878,46.498481
"Ash_Dieback",15.399426,46.559998
"Ash_Dieback",15.713181,46.265863
"Ash_Dieback",14.602114,46.320381
"Ash_Dieback",16.278864,46.534387
"Ash_Dieback",15.317193,46.598296
"Ash_Dieback",16.255393,46.547765
"Ash_Dieback",15.746363,46.580352
"Ash_Dieback",16.526436,46.501818
"Ash_Dieback",13.572057,46.316636
"Ash_Dieback",15.717091,46.680511
"Ash_Dieback",15.290189,46.411124
"Ash_Dieback",14.223922,46.342603
"Ash_Dieback",16.526842,46.495847
"Ash_Dieback",16.522483,46.499756
"Ash_Dieback",13.661002,45.947845
"Ash_Dieback",13.668562,46.175
"Ash_Dieback",16.512398,46.498784
"Ash_Dieback",14.44156,46.299423
"Ash_Dieback",16.251708,46.55027
"Ash_Dieback",16.250543,46.548349
"Ash_Dieback",15.695371,46.60985
"Ash_Dieback",15.75626,46.678108
"Ash_Dieback",13.629356,46.21885
"Ash_Dieback",15.78542,46.705864
"Ash_Dieback",15.65646,46.663072
"Ash_Dieback",15.070776,46.633427
"Ash_Dieback",13.773618,46.069102
"Ash_Dieback",15.726459,46.670475
"Ash_Dieback",14.2764,46.292741
"Ash_Dieback",15.662653,46.65977
"Ash_Dieback",13.554537,46.325161
"Ash_Dieback",16.526643,46.501752
"Ash_Dieback",15.715025,46.293851
"Ash_Dieback",15.695653,46.27083
"Ash_Dieback",16.515887,46.499619
"Ash_Dieback",16.286134,46.648206
"Ash_Dieback",15.057302,46.602027
"Ash_Dieback",15.351234,46.598511
"Ash_Dieback",15.780094,46.682068
"Ash_Dieback",14.596677,46.31445
"Ash_Dieback",15.400906,46.636574
"Ash_Dieback",16.247415,46.558675
"Ash_Dieback",15.415064,46.530946
"Ash_Dieback",15.67382,46.682431
"Ash_Dieback",14.295583,46.065953
"Ash_Dieback",15.013203,46.108151
"Ash_Dieback",15.943582,46.603624
"Ash_Dieback",14.473476,46.297208
"Ash_Dieback",15.299935,46.609463
"Ash_Dieback",16.513093,46.500367
"Ash_Dieback",15.36385,46.632605
"Ash_Dieback",15.514198,46.136904
"Ash_Dieback",16.510346,46.500907
"Ash_Dieback",16.246279,46.558607
"Ash_Dieback",15.706945,46.672379
"Ash_Dieback",16.19642,46.504825
"Ash_Dieback",16.511315,46.495442
"Ash_Dieback",15.394999,46.532465
"Ash_Dieback",16.279287,46.530747
"Ash_Dieback",15.254741,46.10475
"Ash_Dieback",15.769159,46.645751
"Ash_Dieback",15.169412,46.56375
"Ash_Dieback",14.548897,45.936753
"Ash_Dieback",15.287746,46.620102
"Ash_Dieback",13.668063,45.938984
"Ash_Dieback",15.758953,46.66321
"Ash_Dieback",15.272145,46.548165
"Ash_Dieback",15.838843,46.681346
"Ash_Dieback",15.790534,46.655825
"Ash_Dieback",16.283687,46.648611
"Ash_Dieback",16.537168,46.497508
"Ash_Dieback",15.660404,45.861394
"Ash_Dieback",16.525446,46.501363
"Ash_Dieback",14.594249,46.319687
"Ash_Dieback",14.091296,45.940418
"Ash_Dieback",14.391439,46.300698
"Ash_Dieback",15.303463,46.396055
"Ash_Dieback",15.592272,46.670342
"Ash_Dieback",15.446694,46.579013
"Ash_Dieback",16.24892,46.553765
"Ash_Dieback",16.525073,46.500127
"Ash_Dieback",15.978089,46.680652
"Ash_Dieback",16.522615,46.498891
"Ash_Dieback",13.687216,46.19663
"Ash_Dieback",13.909079,46.143363
"Ash_Dieback",15.668122,46.677228
"Ash_Dieback",16.537535,46.498061
"Ash_Dieback",16.246401,46.555385
"Ash_Dieback",16.24554,46.551408
"Ash_Dieback",15.769,46.680542
"Ash_Dieback",15.863572,46.719568
"Ash_Dieback",16.25133,46.550841
"Ash_Dieback",15.773806,46.676542
"Ash_Dieback",16.114845,46.428051
"Ash_Dieback",13.694326,46.191852
"Ash_Dieback",13.503418,46.281317
"Ash_Dieback",15.728888,46.692591
"Ash_Dieback",13.964926,45.971953
"Ash_Dieback",15.985386,46.637729
"Ash_Dieback",16.52578,46.50117
"Ash_Dieback",15.775164,46.701067
"Ash_Dieback",15.691204,46.669965
"Ash_Dieback",16.511454,46.502341
"Ash_Dieback",16.537009,46.496953
"Ash_Dieback",15.355607,46.606486
"Ash_Dieback",16.515852,46.500249
"Ash_Dieback",15.888677,46.68311
"Ash_Dieback",16.410459,46.585632
"Ash_Dieback",16.509814,46.500032
"Ash_Dieback",15.722836,46.667322
"Ash_Dieback",15.785673,46.653079
"Ash_Dieback",15.348048,46.405338
"Ash_Dieback",16.517574,46.499381
"Ash_Dieback",16.53546,46.498386
"Ash_Dieback",15.380575,46.108547
"Ash_Dieback",16.510323,46.501024
"Ash_Dieback",16.273626,46.530055
"Ash_Dieback",16.246894,46.557566
"Ash_Dieback",16.250564,46.549257
"Ash_Dieback",13.761557,46.123507
"Ash_Dieback",15.393495,46.639398
"Ash_Dieback",16.519381,46.499708
"Ash_Dieback",16.248321,46.553825
"Ash_Dieback",16.249038,46.552081
"Ash_Dieback",15.146423,46.167925
"Ash_Dieback",16.279949,46.533943
"Ash_Dieback",15.305703,46.394285
"Ash_Dieback",16.267047,46.548707
"Ash_Dieback",15.382558,46.594559
"Ash_Dieback",16.249048,46.551982
"Ash_Dieback",13.528941,46.033826
"Ash_Dieback",16.526662,46.501032
"Ash_Dieback",15.074983,46.616331
"Ash_Dieback",15.714565,46.687221
"Ash_Dieback",16.51533,46.499276
"Ash_Dieback",16.514138,46.499039
"Ash_Dieback",13.6635,46.202204
"Ash_Dieback",15.703758,46.271536
"Ash_Dieback",15.301064,46.608389
"Ash_Dieback",16.279116,46.530686
"Ash_Dieback",15.717875,46.665725
"Ash_Dieback",15.302749,46.634133
"Ash_Dieback",15.706134,46.236396
"Ash_Dieback",13.65604,46.18925
"Ash_Dieback",15.663539,46.670246
"Ash_Dieback",13.676399,45.944749
"Ash_Dieback",13.760609,46.165237
"Ash_Dieback",15.390633,46.00916
"Ash_Dieback",15.293557,46.408677
"Ash_Dieback",16.513979,46.498475
"Ash_Dieback",13.532632,46.335176
"Ash_Dieback",15.069861,46.623019
"Ash_Dieback",13.72651,46.228835
"Ash_Dieback",15.327778,46.600407
"Ash_Dieback",15.27669,46.608019
"Ash_Dieback",13.617269,46.208259
"Ash_Dieback",15.961293,46.634353
"Ash_Dieback",16.530235,46.496981
"Ash_Dieback",15.763514,46.675325
"Ash_Dieback",16.513289,46.5004
"Ash_Dieback",15.743026,46.672959
"Ash_Dieback",16.515852,46.500249
"Ash_Dieback",15.288556,46.637301
"Ash_Dieback",15.788569,46.563046
"Ash_Dieback",13.557963,46.343568
"Ash_Dieback",16.530299,46.496944
"Ash_Dieback",15.617867,46.634174
"Ash_Dieback",16.512807,46.498967
"Ash_Dieback",15.677858,46.662497
"Ash_Dieback",16.519381,46.499708
"Ash_Dieback",16.515213,46.499286
"Ash_Dieback",13.842971,46.280025
"Ash_Dieback",15.959813,46.65406
"Ash_Dieback",15.658772,46.699459
"Ash_Dieback",15.671052,46.683706
"Ash_Dieback",15.273339,46.412758
"Ash_Dieback",15.813968,46.568418
"Ash_Dieback",16.537349,46.484532
"Ash_Dieback",15.431372,46.526045
"Ash_Dieback",16.509795,46.499376
"Ash_Dieback",15.755913,46.622403
"Ash_Dieback",16.522532,46.499639
"Ash_Dieback",14.029491,45.987932
"Ash_Dieback",15.411045,46.097176
"Ash_Dieback",15.387342,46.382016
"Ash_Dieback",16.24871,46.549763
"Ash_Dieback",15.345483,46.107084
"Ash_Dieback",14.446454,46.383337
"Ash_Dieback",15.321308,46.612085
"Ash_Dieback",13.688012,45.952225
"Ash_Dieback",16.516578,46.499655
"Ash_Dieback",16.537757,46.498526
"Ash_Dieback",13.804077,46.095338
"Ash_Dieback",16.253607,46.548351
"Ash_Dieback",15.706934,46.241141
"Ash_Dieback",15.636309,46.667504
"Ash_Dieback",15.31155,46.631519
"Ash_Dieback",16.251331,46.550319
"Ash_Dieback",15.773732,46.652216
"Ash_Dieback",15.605622,46.647528
"Ash_Dieback",16.528471,46.494467
"Ash_Dieback",14.130946,46.367083
"Ash_Dieback",16.519162,46.498865
"Ash_Dieback",15.40457,46.640951
"Ash_Dieback",15.302611,46.602546
"Ash_Dieback",15.772443,46.683659
"Ash_Dieback",14.634742,46.401571
"Ash_Dieback",16.51942,46.500184
"Ash_Dieback",15.730134,46.67647
"Ash_Dieback",15.706939,46.272722
"Ash_Dieback",13.777403,46.151255
"Ash_Dieback",16.25242,46.547779
"Ash_Dieback",16.266878,46.549842
"Ash_Dieback",16.536682,46.496444
"Ash_Dieback",15.845902,46.588537
"Ash_Dieback",16.250014,46.550298
"Ash_Dieback",15.756104,46.670723
"Ash_Dieback",13.671553,45.940275
"Ash_Dieback",13.520837,46.008258
"Ash_Dieback",15.392253,46.632052
"Ash_Dieback",16.512987,46.500314
"Ash_Dieback",15.767571,46.654452
"Ash_Dieback",15.432397,46.584358
"Ash_Dieback",16.537039,46.497087
"Ash_Dieback",16.243676,46.552014
"Ash_Dieback",16.247905,46.553884
"Ash_Dieback",15.576438,46.668444
"Ash_Dieback",16.53705,46.497033
"Ash_Dieback",15.779479,46.652096
"Ash_Dieback",15.817779,46.70265
"Ash_Dieback",16.250983,46.550494
"Ash_Dieback",15.590951,46.667874
"Ash_Dieback",13.730261,46.150328
"Ash_Dieback",15.775437,46.676387
"Ash_Dieback",16.266117,46.547952
"Ash_Dieback",16.25008,46.550342
"Ash_Dieback",13.747396,46.045334
"Ash_Dieback",16.510333,46.500925
"Ash_Dieback",15.668353,46.645198
"Ash_Dieback",16.525077,46.499326
"Ash_Dieback",16.273548,46.53064
"Ash_Dieback",14.232096,45.520054
"Ash_Dieback",13.724206,46.143422
"Ash_Dieback",15.700299,46.597144
"Ash_Dieback",15.32356,46.617522
"Ash_Dieback",15.665135,46.663984
"Ash_Dieback",16.352232,46.624861
"Ash_Dieback",15.305488,46.60351
"Ash_Dieback",15.738949,46.67878
"Ash_Dieback",16.514336,46.497264
"Ash_Dieback",13.730059,46.198553
"Ash_Dieback",15.781291,46.553055
"Ash_Dieback",16.527441,46.494913
"Ash_Dieback",16.511419,46.495459
"Ash_Dieback",15.814158,46.705357
"Ash_Dieback",16.251827,46.550314
"Ash_Dieback",15.731,46.679604
"Ash_Dieback",16.25527,46.547496
"Ash_Dieback",16.2018,46.585598
"Ash_Dieback",15.352481,46.101025
"Ash_Dieback",15.710436,46.66058
"Ash_Dieback",15.717074,46.605317
"Ash_Dieback",16.515369,46.499293
"Ash_Dieback",16.511728,46.500934
"Ash_Dieback",16.519237,46.49971
"Ash_Dieback",16.277633,46.535282
"Ash_Dieback",16.048347,46.548036
"Ash_Dieback",13.688851,46.187831
"Ash_Dieback",15.330615,46.097618
"Ash_Dieback",15.109834,46.139723
"Ash_Dieback",16.251643,46.550253
"Ash_Dieback",15.697333,46.230538
"Ash_Dieback",13.653436,46.141982
"Ash_Dieback",15.709487,46.678823
"Ash_Dieback",16.528176,46.494624
"Ash_Dieback",14.03102,45.98835
"Ash_Dieback",16.251059,46.54981
"Ash_Dieback",16.280481,46.531067
"Ash_Dieback",15.403439,46.529656
"Ash_Dieback",16.536384,46.496034
"Ash_Dieback",14.604621,46.298508
"Ash_Dieback",15.398752,46.634953
"Ash_Dieback",15.304783,46.624223
"Ash_Dieback",15.790337,46.682592
"Ash_Dieback",16.535836,46.499236
"Ash_Dieback",16.515291,46.499285
"Ash_Dieback",16.542225,46.479176
"Ash_Dieback",16.280615,46.531785
"Ash_Dieback",15.30161,46.605635
"Ash_Dieback",15.761105,46.651779
"Ash_Dieback",16.537309,46.497884
"Ash_Dieback",13.759719,46.176024
"Ash_Dieback",14.627064,46.094521
"Ash_Dieback",16.519887,46.499656
"Ash_Dieback",16.519064,46.500953
"Ash_Dieback",16.51916,46.49972
"Ash_Dieback",15.727012,46.607584
"Ash_Dieback",15.733917,46.279776
"Ash_Dieback",16.537185,46.497634
"Ash_Dieback",16.272421,46.545399
"Ash_Dieback",16.509852,46.499996
"Ash_Dieback",16.526474,46.501287
"Ash_Dieback",13.687216,46.19663
"Ash_Dieback",16.247272,46.558668
"Ash_Dieback",15.225144,46.34032
"Ash_Dieback",16.203778,46.582392
"Ash_Dieback",13.515479,46.326317
"Ash_Dieback",15.667257,46.700373
"Ash_Dieback",16.536819,46.496694
"Ash_Dieback",15.328894,46.584282
"Ash_Dieback",16.513044,46.500017
"Ash_Dieback",13.761388,46.154187
"Ash_Dieback",13.668854,46.184361
"Ash_Dieback",15.80197,46.707171
"Ash_Dieback",15.147026,46.16581
"Ash_Dieback",14.54386,45.945578
"Ash_Dieback",16.272568,46.543877
"Ash_Dieback",14.051631,45.935516
"Ash_Dieback",15.721775,46.30573
"Ash_Dieback",16.535948,46.495374
"Ash_Dieback",14.550205,46.242875
"Ash_Dieback",15.328461,46.633333
"Ash_Dieback",15.698921,46.229971
"Ash_Dieback",14.991419,46.209274
"Ash_Dieback",16.251827,46.548038
"Ash_Dieback",16.245308,46.55151
"Ash_Dieback",16.519107,46.499711
"Ash_Dieback",16.536888,46.496801
"Ash_Dieback",15.775699,46.680983
"Ash_Dieback",16.53021,46.497008
"Ash_Dieback",15.922127,46.693632
"Ash_Dieback",13.685034,45.951597
"Ash_Dieback",16.537028,46.497168
"Ash_Dieback",15.069469,46.632556
"Ash_Dieback",15.70658,46.271042
"Ash_Dieback",16.514669,46.500337
"Ash_Dieback",16.25538,46.547756
"Ash_Dieback",16.279287,46.530738
"Ash_Dieback",16.537058,46.49867
"Ash_Dieback",16.246827,46.557476
"Ash_Dieback",15.745947,46.580498
"Ash_Dieback",16.250891,46.550459
"Ash_Dieback",16.537784,46.498562
"Ash_Dieback",16.246661,46.551369
"Ash_Dieback",14.046098,46.01762
"Ash_Dieback",16.273659,46.530369
"Ash_Dieback",16.519797,46.499675
"Ash_Dieback",15.721509,46.679557
"Ash_Dieback",15.789016,46.562368
"Ash_Dieback",16.159274,46.678471
"Ash_Dieback",16.515219,46.498566
"Ash_Dieback",13.724789,46.191116
"Ash_Dieback",14.030717,45.973888
"Ash_Dieback",16.248031,46.551399
"Ash_Dieback",13.557963,46.343568
"Ash_Dieback",13.627223,46.231124
"Ash_Dieback",15.664367,46.696098
"Ash_Dieback",14.259824,46.338162
"Ash_Dieback",16.514669,46.500337
"Ash_Dieback",15.838164,46.677167
"Ash_Dieback",15.654178,46.671056
"Ash_Dieback",15.226586,46.583155
"Ash_Dieback",15.426122,46.554612
"Ash_Dieback",16.250132,46.550324
"Ash_Dieback",16.525053,46.499425
"Ash_Dieback",14.087708,45.946904
"Ash_Dieback",16.248569,46.553822
"Ash_Dieback",15.712163,46.276333
"Ash_Dieback",16.248546,46.556774
"Ash_Dieback",13.724855,46.171412
"Ash_Dieback",16.537535,46.498052
"Ash_Dieback",16.267074,46.549291
"Ash_Dieback",13.692442,46.145583
"Ash_Dieback",15.307534,46.607481
"Ash_Dieback",13.557963,46.343568
"Ash_Dieback",15.708839,46.275184
"Ash_Dieback",16.514988,46.508052
"Ash_Dieback",15.646828,46.48355
"Ash_Dieback",16.249178,46.554239
"Ash_Dieback",16.249211,46.555066
"Ash_Dieback",15.79643,46.688874
"Ash_Dieback",13.587188,46.229071
"Ash_Dieback",15.318136,46.634424
"Ash_Dieback",14.610554,46.326015
"Ash_Dieback",16.251073,46.549845
"Ash_Dieback",16.537121,46.498625
"Ash_Dieback",15.422794,46.534264
"Ash_Dieback",15.765288,46.657509
"Ash_Dieback",16.412717,46.578613
"Ash_Dieback",16.517382,46.499968
"Ash_Dieback",16.251279,46.55032
"Ash_Dieback",16.522631,46.499925
"Ash_Dieback",14.592931,46.308265
"Ash_Dieback",16.526278,46.495234
"Ash_Dieback",16.251055,46.551321
"Ash_Dieback",15.753043,46.69023
"Ash_Dieback",14.279967,46.232338
"Ash_Dieback",15.273791,46.540955
"Ash_Dieback",16.519653,46.499668
"Ash_Dieback",15.781014,46.649818
"Ash_Dieback",16.248008,46.552659
"Ash_Dieback",13.71773,46.21614
"Ash_Dieback",14.606132,46.310497
"Ash_Dieback",16.266199,46.549796
"Ash_Dieback",15.343893,46.609941
"Ash_Dieback",14.965437,46.358112
"Ash_Dieback",16.515213,46.499286
"Ash_Dieback",16.255105,46.547714
"Ash_Dieback",16.250563,46.549248
"Ash_Dieback",16.247647,46.55852
"Ash_Dieback",15.767917,46.679785
"Ash_Dieback",16.513706,46.498964
"Ash_Dieback",16.518186,46.504042
"Ash_Dieback",15.300809,46.607004
"Ash_Dieback",15.731908,46.690647
"Ash_Dieback",16.510706,46.505905
"Ash_Dieback",14.845108,46.398951
"Ash_Dieback",14.714669,46.14541
"Ash_Dieback",16.530259,46.49689
"Ash_Dieback",15.304644,46.409574
"Ash_Dieback",16.51151,46.500595
"Ash_Dieback",16.513289,46.5004
"Ash_Dieback",16.273626,46.530055
"Ash_Dieback",16.251283,46.551058
"Ash_Dieback",16.273659,46.530369
"Ash_Dieback",16.514591,46.498476
"Ash_Dieback",15.697597,46.613373
"Ash_Dieback",16.198015,46.583784
"Ash_Dieback",14.249112,45.787309
"Ash_Dieback",16.51641,46.500179
"Ash_Dieback",15.79669,46.684311
"Ash_Dieback",16.525664,46.502161
"Ash_Dieback",14.622698,46.16808
"Ash_Dieback",16.245607,46.551489
"Ash_Dieback",16.528975,46.494325
"Ash_Dieback",13.831841,46.153758
"Ash_Dieback",15.783728,46.655035
"Ash_Dieback",16.509826,46.500005
"Ash_Dieback",16.513027,46.498928
"Ash_Dieback",15.242308,46.582709
"Ash_Dieback",16.246343,46.55516
"Ash_Dieback",16.51884,46.501343
"Ash_Dieback",16.508973,46.496499
"Ash_Dieback",16.522405,46.499748
"Ash_Dieback",15.023382,46.612764
"Ash_Dieback",15.351133,46.096513
"Ash_Dieback",16.526342,46.495197
"Ash_Dieback",15.717696,46.675883
"Ash_Dieback",16.511419,46.495459
"Ash_Dieback",16.528665,46.494428
"Ash_Dieback",15.80863,46.671497
"Ash_Dieback",15.177806,45.99033
"Ash_Dieback",16.514721,46.498483
"Ash_Dieback",15.490236,46.137801
"Ash_Dieback",13.927221,45.90621
"Ash_Dieback",15.671114,46.691875
"Ash_Dieback",15.556432,46.138352
"Ash_Dieback",16.24905,46.553772
"Ash_Dieback",16.250911,46.551305
"Ash_Dieback",16.255325,46.547648
"Ash_Dieback",16.519038,46.500018
"Ash_Dieback",15.386074,46.529464
"Ash_Dieback",16.246401,46.555385
"Ash_Dieback",15.79676,46.693523
"Ash_Dieback",16.249712,46.55022
"Ash_Dieback",14.967383,46.132342
"Ash_Dieback",16.509411,46.496799
"Ash_Dieback",13.725174,46.213704
"Ash_Dieback",15.318356,46.578572
"Ash_Dieback",16.273165,46.542098
"Ash_Dieback",13.730261,46.150328
"Ash_Dieback",16.41366,46.595282
"Ash_Dieback",16.246439,46.555915
"Ash_Dieback",14.14928,45.970079
"Ash_Dieback",16.513157,46.496101
"Ash_Dieback",16.251321,46.551012
"Ash_Dieback",16.278159,46.534916
"Ash_Dieback",16.513316,46.5004
"Ash_Dieback",16.266224,46.54975
"Ash_Dieback",16.513209,46.500329
"Ash_Dieback",15.872504,46.719411
"Ash_Dieback",16.519537,46.499688
"Ash_Dieback",14.591888,46.32119
"Ash_Dieback",16.526802,46.495803
"Ash_Dieback",13.838093,46.136537
"Ash_Dieback",16.251739,46.55045
"Ash_Dieback",15.707482,46.695443
"Ash_Dieback",15.618923,46.63281
"Ash_Dieback",15.410738,46.598294
"Ash_Dieback",16.251031,46.54972
"Ash_Dieback",15.719253,46.315364
"Ash_Dieback",15.719753,46.683122
"Ash_Dieback",14.090675,45.912879
"Ash_Dieback",16.527853,46.494736
"Ash_Dieback",15.938249,46.612971
"Ash_Dieback",15.6661,46.677564
"Ash_Dieback",16.277892,46.53518
"Ash_Dieback",16.526301,46.50209
"Ash_Dieback",15.365454,46.384653
"Ash_Dieback",16.247586,46.554742
"Ash_Dieback",16.525097,46.499119
"Ash_Dieback",16.512423,46.498774
"Ash_Dieback",15.430615,46.614558
"Ash_Dieback",16.53667,46.498784
"Ash_Dieback",16.253633,46.548351
"Ash_Dieback",16.532063,46.491108
"Ash_Dieback",16.251044,46.54972
"Ash_Dieback",16.249158,46.555058
"Ash_Dieback",15.341759,46.631621
"Ash_Dieback",16.2479,46.551374
"Ash_Dieback",16.51286,46.499497
"Ash_Dieback",15.745035,46.631831
"Ash_Dieback",16.511222,46.49538
"Ash_Dieback",16.536354,46.495882
"Ash_Dieback",15.733375,46.659041
"Ash_Dieback",16.519086,46.498938
"Ash_Dieback",16.526788,46.495785
"Ash_Dieback",14.965143,46.372408
"Ash_Dieback",16.522613,46.499737
"Ash_Dieback",16.273634,46.530414
"Ash_Dieback",16.248157,46.557471
"Ash_Dieback",15.800463,46.687523
"Ash_Dieback",15.32201,46.581018
"Ash_Dieback",16.519146,46.498784
"Ash_Dieback",16.513186,46.50042
"Ash_Dieback",15.526409,46.206533
"Ash_Dieback",16.511183,46.500554
"Ash_Dieback",16.510162,46.50037
"Ash_Dieback",16.535599,46.49914
"Ash_Dieback",16.53583,46.493496
"Ash_Dieback",16.250658,46.551658
"Ash_Dieback",16.41573,46.596084
"Ash_Dieback",13.918165,46.273013
"Ash_Dieback",15.68947,46.608816
"Ash_Dieback",15.748496,46.685717
"Ash_Dieback",15.734504,46.678727
"Ash_Dieback",16.537299,46.497515
"Ash_Dieback",14.363839,45.506446
"Ash_Dieback",13.687216,46.19663
"Ash_Dieback",14.599389,46.316475
"Ash_Dieback",16.536644,46.496472
"Ash_Dieback",16.51964,46.499659
"Ash_Dieback",16.526147,46.502173
"Ash_Dieback",16.534242,46.490764
"Ash_Dieback",16.516499,46.499638
"Ash_Dieback",16.522763,46.498592
"Ash_Dieback",16.51533,46.499276
"Ash_Dieback",16.518357,46.499892
"Ash_Dieback",16.523301,46.500573
"Ash_Dieback",14.324433,45.773156
"Ash_Dieback",15.429527,46.564684
"Ash_Dieback",15.750944,46.687788
"Ash_Dieback",15.46753,46.135818
"Ash_Dieback",16.246371,46.558633
"Ash_Dieback",16.537919,46.49874
"Ash_Dieback",16.536109,46.495525
"Ash_Dieback",15.786506,46.665417
"Ash_Dieback",15.779695,46.690645
"Ash_Dieback",14.724247,46.351446
"Ash_Dieback",16.280494,46.531093
"Ash_Dieback",14.878729,46.313464
"Ash_Dieback",16.519208,46.498666
"Ash_Dieback",16.51863,46.498962
"Ash_Dieback",16.248119,46.549545
"Ash_Dieback",15.607959,46.629963
"Ash_Dieback",16.251153,46.549917
"Ash_Dieback",16.510373,46.500952
"Ash_Dieback",16.53216,46.490828
"Ash_Dieback",13.704844,46.185314
"Ash_Dieback",16.513086,46.500097
"Ash_Dieback",16.515326,46.507112
"Ash_Dieback",16.537259,46.497516
"Ash_Dieback",16.537064,46.497051
"Ash_Dieback",15.310463,46.405798
"Ash_Dieback",14.160901,45.873554
"Ash_Dieback",16.513055,46.498541
"Ash_Dieback",16.515702,46.498623
"Ash_Dieback",16.535834,46.495007
"Ash_Dieback",15.354411,46.599266
"Ash_Dieback",16.248031,46.551408
"Ash_Dieback",15.331603,46.63874
"Ash_Dieback",15.576239,46.666987
"Ash_Dieback",16.536465,46.496123
"Ash_Dieback",16.273635,46.530459
"Ash_Dieback",16.511555,46.502232
"Ash_Dieback",16.27062,46.543665
"Ash_Dieback",16.536202,46.495605
"Ash_Dieback",16.512475,46.498747
"Ash_Dieback",16.267021,46.548707
"Ash_Dieback",16.246786,46.557396
"Ash_Dieback",16.251363,46.549986
"Ash_Dieback",15.707004,46.675923
"Ash_Dieback",13.724117,46.158537
"Ash_Dieback",16.532188,46.490899
"Ash_Dieback",14.129325,46.366846
"Ash_Dieback",16.522675,46.500096
"Ash_Dieback",15.748508,46.693148
"Ash_Dieback",16.53636,46.495648
"Ash_Dieback",16.248009,46.553874
"Ash_Dieback",16.526788,46.495785
"Ash_Dieback",16.537285,46.497489
"Ash_Dieback",14.59494,46.315848
"Ash_Dieback",15.715495,46.69129
"Ash_Dieback",16.511231,46.501813
"Ash_Dieback",16.279685,46.539893
"Ash_Dieback",16.527619,46.494739
"Ash_Dieback",16.518174,46.499895
"Ash_Dieback",16.535909,46.495366
"Ash_Dieback",16.280351,46.533866
"Ash_Dieback",16.280588,46.531749
"Ash_Dieback",16.522754,46.498718
"Ash_Dieback",16.513289,46.5004
"Ash_Dieback",16.542045,46.479241
"Ash_Dieback",16.525853,46.495879
"Ash_Dieback",15.76696,46.643606
"Ash_Dieback",15.663608,46.665181
"Ash_Dieback",16.536654,46.496391
"Ash_Dieback",16.515213,46.499286
"Ash_Dieback",16.514071,46.498995
"Ash_Dieback",16.515043,46.508645
"Ash_Dieback",16.514747,46.500327
"Ash_Dieback",16.518656,46.498935
"Ash_Dieback",16.245008,46.551504
"Ash_Dieback",16.517348,46.499717
"Ash_Dieback",15.994408,46.539962
"Ash_Dieback",16.528283,46.49752
"Ash_Dieback",15.391309,46.329729
"Ash_Dieback",16.513086,46.500097
"Ash_Dieback",16.280678,46.531685
"Ash_Dieback",14.546229,45.936563
"Ash_Dieback",16.248419,46.555794
"Ash_Dieback",16.513118,46.4989
"Ash_Dieback",16.248543,46.556117
"Ash_Dieback",15.387624,46.642207
"Ash_Dieback",16.251193,46.549952
"Ash_Dieback",16.246038,46.551502
"Ash_Dieback",16.508656,46.496332
"Ash_Dieback",16.514747,46.500327
"Ash_Dieback",16.248088,46.549338
"Ash_Dieback",16.248763,46.549799
"Ash_Dieback",15.290112,46.635264
"Ash_Dieback",15.602898,45.843267
"Ash_Dieback",16.523354,46.500617
"Ash_Dieback",16.524937,46.501307
"Ash_Dieback",16.26604,46.54915
"Ash_Dieback",16.249078,46.554987
"Ash_Dieback",16.509767,46.499754
"Ash_Dieback",16.27909,46.530677
"Ash_Dieback",15.668711,46.678367
"Ash_Dieback",16.245624,46.557894
"Ash_Dieback",16.247574,46.555345
"Ash_Dieback",14.594063,46.31499
"Ash_Dieback",16.266968,46.548681
"Ash_Dieback",16.535783,46.499218
"Ash_Dieback",16.513079,46.498919
"Ash_Dieback",16.52917,46.494314
"Ash_Dieback",16.525171,46.50224
"Ash_Dieback",16.251817,46.55044
"Ash_Dieback",16.536125,46.495642
"Ash_Dieback",16.51313,46.500276
"Ash_Dieback",16.248412,46.557189
"Ash_Dieback",16.266501,46.5482
"Ash_Dieback",16.518747,46.498924
"Ash_Dieback",16.526517,46.501898
"Ash_Dieback",16.519178,46.498496
"Ash_Dieback",16.251788,46.550323
"Ash_Dieback",16.530683,46.49621
"Ash_Dieback",16.251817,46.550458
"Ash_Dieback",16.246187,46.55859
"Ash_Dieback",15.368638,46.637592
"Ash_Dieback",15.770589,46.655368
"Ash_Dieback",15.249647,46.088152
"Ash_Dieback",15.35229,46.405613
"Ash_Dieback",16.525918,46.495878
"Ash_Dieback",16.525111,46.499631
"Ash_Dieback",16.27846,46.531044
"Ash_Dieback",16.248181,46.557372
"Ash_Dieback",16.535615,46.492806
"Ash_Dieback",16.246559,46.556031
"Ash_Dieback",15.058305,45.757328
"Ash_Dieback",16.51183,46.503218
"Ash_Dieback",16.515534,46.508009
"Ash_Dieback",16.245843,46.557775
"Ash_Dieback",15.389613,46.532106
"Ash_Dieback",14.270007,45.863729
"Ash_Dieback",16.248526,46.549675
"Ash_Dieback",16.271318,46.545069
"Ash_Dieback",16.516673,46.498403
"Ash_Dieback",16.513001,46.508789
"Ash_Dieback",16.250724,46.549444
"Ash_Dieback",16.519679,46.499659
"Ash_Dieback",16.536497,46.496348
"Ash_Dieback",16.246288,46.555026
"Ash_Dieback",13.557963,46.343568
"Ash_Dieback",16.512918,46.499685
"Ash_Dieback",16.536491,46.496123
"Ash_Dieback",15.321359,46.096196
"Ash_Dieback",16.255158,46.547731
"Ash_Dieback",16.248413,46.551593
"Ash_Dieback",16.248883,46.549914
"Ash_Dieback",16.247107,46.554891
"Ash_Dieback",15.765882,46.663425
"Ash_Dieback",16.525746,46.502304
"Ash_Dieback",16.253853,46.548267
"Ash_Dieback",16.248063,46.549384
"Ash_Dieback",15.426211,46.607378
"Ash_Dieback",16.516882,46.502143
"Ash_Dieback",16.280184,46.530665
"Ash_Dieback",16.273062,46.532148
"Ash_Dieback",16.522663,46.500123
"Ash_Dieback",16.537034,46.498752
"Ash_Dieback",15.436704,46.573051
"Ash_Dieback",16.523488,46.500742
"Ash_Dieback",16.518719,46.500274
"Ash_Dieback",14.595581,46.315121
"Ash_Dieback",15.431848,46.569444
"Ash_Dieback",16.25036,46.548333
"Ash_Dieback",16.24845,46.557144
"Ash_Dieback",16.278525,46.532168
"Ash_Dieback",16.247827,46.553894
"Ash_Dieback",16.536261,46.499077
"Ash_Dieback",16.278463,46.534535
"Ash_Dieback",15.542737,46.563418
"Ash_Dieback",14.948931,45.545315
"Ash_Dieback",15.298431,46.609143
"Ash_Dieback",14.611701,46.308717
"Ash_Dieback",16.280652,46.531686
"Ash_Dieback",16.518656,46.498935
"Ash_Dieback",15.199413,46.634461
"Ash_Dieback",14.713896,46.320425
"Ash_Dieback",16.525667,46.495764
"Ash_Dieback",16.251256,46.550437
"Ash_Dieback",16.514109,46.494244
"Ash_Dieback",16.248048,46.54933
"Ash_Dieback",15.355543,46.604651
"Ash_Dieback",16.250423,46.550509
"Ash_Dieback",15.390737,46.405721
"Ash_Dieback",16.247983,46.553865
"Ash_Dieback",16.535907,46.494358
"Ash_Dieback",15.731943,46.303956
"Ash_Dieback",16.515725,46.507404
"Ash_Dieback",16.245726,46.558379
"Ash_Dieback",16.272083,46.546024
"Ash_Dieback",16.524342,46.501954
"Ash_Dieback",16.280555,46.531462
"Ash_Dieback",16.512919,46.499712
"Ash_Dieback",16.243687,46.551923
"Ash_Dieback",16.511582,46.494746
"Ash_Dieback",16.249594,46.550177
"Ash_Dieback",16.248884,46.549923
"Ash_Dieback",16.516494,46.497569
"Ash_Dieback",16.519081,46.499721
"Ash_Dieback",16.51964,46.499668
"Ash_Dieback",16.52645,46.49579
"Ash_Dieback",15.723516,46.660507
"Ash_Dieback",16.537658,46.498707
"Ash_Dieback",16.266865,46.549842
"Ash_Dieback",14.568684,46.1879
"Ash_Dieback",16.512398,46.498784
"Ash_Dieback",16.279057,46.534286
"Ash_Dieback",14.946531,45.676294
"Ash_Dieback",14.591695,46.320911
"Ash_Dieback",16.535461,46.498413
"Ash_Dieback",14.950786,46.320418
"Ash_Dieback",16.273165,46.532084
"Ash_Dieback",16.248023,46.553882
"Ash_Dieback",16.513499,46.49715
"Ash_Dieback",16.530231,46.494048
"Ash_Dieback",16.515939,46.499618
"Ash_Dieback",16.537096,46.497257
"Ash_Dieback",16.509871,46.499267
"Ash_Dieback",16.536767,46.496677
"Ash_Dieback",16.535202,46.498938
"Ash_Dieback",16.248295,46.557244
"Ash_Dieback",15.320431,46.539052
"Ash_Dieback",16.245373,46.551509
"Ash_Dieback",16.512423,46.498774
"Ash_Dieback",16.338247,46.594742
"Ash_Dieback",16.513837,46.497145
"Ash_Dieback",16.508939,46.496697
"Ash_Dieback",16.249739,46.550256
"Ash_Dieback",16.519679,46.499659
"Ash_Dieback",16.528419,46.494486
"Ash_Dieback",15.729331,46.680866
"Ash_Dieback",16.513186,46.50042
"Ash_Dieback",16.280852,46.531899
"Ash_Dieback",14.684072,45.735811
"Ash_Dieback",16.514825,46.500317
"Ash_Dieback",16.247001,46.557681
"Ash_Dieback",16.251306,46.550905
"Ash_Dieback",16.512874,46.499515
"Ash_Dieback",16.247091,46.551364
"Ash_Dieback",16.266295,46.55002
"Ash_Dieback",16.516915,46.500064
"Ash_Dieback",15.722111,46.688406
"Ash_Dieback",16.278617,46.534407
"Ash_Dieback",14.606632,46.302294
"Ash_Dieback",15.740113,46.68166
"Ash_Dieback",14.990834,46.522843
"Ash_Dieback",16.514669,46.500337
"Ash_Dieback",16.273622,46.530433
"Ash_Dieback",16.537039,46.497087
"Ash_Dieback",16.248464,46.553788
"Ash_Dieback",16.537581,46.498276
"Ash_Dieback",16.515305,46.508219
"Ash_Dieback",15.305248,46.607226
"Ash_Dieback",16.509835,46.499852
"Ash_Dieback",16.245447,46.558148
"Ash_Dieback",16.249792,46.550309
"Ash_Dieback",16.245739,46.558388
"Ash_Dieback",16.24592,46.557729
"Ash_Dieback",16.273634,46.530414
"Ash_Dieback",16.537548,46.498052
"Ash_Dieback",16.535836,46.499236
"Ash_Dieback",16.514669,46.500337
"Ash_Dieback",16.278196,46.534817
"Ash_Dieback",16.245921,46.551521
"Ash_Dieback",16.245739,46.558388
"Ash_Dieback",15.176597,46.135986
"Ash_Dieback",16.250475,46.5505
"Ash_Dieback",16.518675,46.498241
"Ash_Dieback",16.266213,46.549832
"Ash_Dieback",16.54197,46.479368
"Ash_Dieback",16.250706,46.550353
"Ash_Dieback",16.266487,46.548191
"Ash_Dieback",16.514098,46.499004
"Ash_Dieback",16.249278,46.550072
"Ash_Dieback",16.518815,46.500453
"Ash_Dieback",16.514669,46.500337
"Ash_Dieback",16.536164,46.495632
"Ash_Dieback",16.515761,46.500251
"Ash_Dieback",16.513093,46.500376
"Ash_Dieback",16.249223,46.549947
"Ash_Dieback",16.50769,46.495787
"Ash_Dieback",15.878289,46.669686
"Ash_Dieback",16.251418,46.550094
"Ash_Dieback",15.295194,46.594873
"Ash_Dieback",16.519026,46.50099
"Ash_Dieback",16.536778,46.496614
"Ash_Dieback",16.247572,46.551278
"Ash_Dieback",14.128999,46.366906
"Ash_Dieback",16.537551,46.49861
"Ash_Dieback",16.513678,46.498902
"Ash_Dieback",16.512831,46.497032
"Ash_Dieback",14.379655,45.815399
"Ash_Dieback",16.517967,46.501805
"Ash_Dieback",16.519718,46.499658
"Ash_Dieback",16.250835,46.551422
"Ash_Dieback",13.670392,45.940288
"Ash_Dieback",16.248263,46.549588
"Ash_Dieback",16.517537,46.499462
"Ash_Dieback",16.247858,46.551266
"Ash_Dieback",16.198611,46.586549
"Ash_Dieback",16.510872,46.506235
"Ash_Dieback",16.278107,46.53489
"Ash_Dieback",14.740377,46.123256
"Ash_Dieback",15.731302,46.276329
"Ash_Dieback",16.250542,46.551705
"Ash_Dieback",15.269026,46.416556
"Ash_Dieback",15.779912,46.699379
"Ash_Dieback",13.631112,46.131847
"Ash_Dieback",15.368694,46.548064
"Ash_Dieback",16.53067,46.496237
"Ash_Dieback",16.514669,46.500337
"Ash_Dieback",16.536301,46.495873
"Ash_Dieback",13.650237,46.12933
"Ash_Dieback",16.526617,46.50177
"Ash_Dieback",16.537525,46.498628
"Ash_Dieback",15.18323,45.816563
"Ash_Dieback",16.536297,46.495721
"Ash_Dieback",16.535398,46.498495
"Ash_Dieback",14.917885,46.209606
"Ash_Dieback",16.518369,46.499883
"Ash_Dieback",16.517904,46.501869
"Ash_Dieback",16.246881,46.557539
"Ash_Dieback",14.736405,46.368623
"Ash_Dieback",16.249092,46.553862
"Ash_Dieback",16.519666,46.499668
"Ash_Dieback",16.247688,46.554624
"Ash_Dieback",16.535454,46.499097
"Ash_Dieback",16.249278,46.555146
"Ash_Dieback",16.513143,46.500303
"Ash_Dieback",16.510221,46.500621
"Ash_Dieback",16.250527,46.549366
"Ash_Dieback",16.513186,46.50042
"Ash_Dieback",14.943986,45.546339
"Ash_Dieback",15.16738,45.877342
"Ash_Dieback",16.533733,46.490267
"Ash_Dieback",15.774774,46.676608
"Ash_Dieback",16.106354,46.847349
"Ash_Dieback",16.251062,46.550502
"Ash_Dieback",16.247905,46.553884
"Ash_Dieback",15.167653,45.928738
"Ash_Dieback",16.536735,46.496947
"Ash_Dieback",16.536861,46.498646
"Ash_Dieback",16.2466,46.556102
"Ash_Dieback",16.53619,46.495632
"Ash_Dieback",14.950954,46.320562
"Ash_Dieback",16.278107,46.53489
"Ash_Dieback",16.247037,46.558671
"Ash_Dieback",16.536779,46.49665
"Ash_Dieback",16.512643,46.494489
"Ash_Dieback",16.251779,46.550521
"Ash_Dieback",15.301465,46.609954
"Ash_Dieback",16.511394,46.500632
"Ash_Dieback",16.512406,46.506125
"Ash_Dieback",16.266281,46.549957
"Ash_Dieback",16.246089,46.551474
"Ash_Dieback",15.939798,46.6037
"Ash_Dieback",15.299189,46.606847
"Ash_Dieback",16.522381,46.499362
"Ash_Dieback",16.514902,46.500298
"Ash_Dieback",16.514994,46.498443
"Ash_Dieback",16.515886,46.49961
"Ash_Dieback",16.24659,46.556813
"Ash_Dieback",14.541278,46.210611
"Ash_Dieback",16.514965,46.49928
"Ash_Dieback",15.423875,46.62081
"Ash_Dieback",16.255193,46.547569
"Ash_Dieback",16.512767,46.498959
"Ash_Dieback",16.246719,46.557325
"Ash_Dieback",16.509758,46.499421
"Ash_Dieback",16.27942,46.530854
"Ash_Dieback",15.333537,46.543674
"Ash_Dieback",16.528355,46.494496
"Ash_Dieback",16.249048,46.554798
"Ash_Dieback",16.27274,46.532323
"Ash_Dieback",16.536406,46.495908
"Ash_Dieback",16.278864,46.534387
"Ash_Dieback",16.51317,46.496101
"Ash_Dieback",16.525656,46.495818
"Ash_Dieback",16.537349,46.484523
"Ash_Dieback",16.518148,46.499895
"Ash_Dieback",16.536796,46.496775
"Ash_Dieback",16.537187,46.498624
"Ash_Dieback",16.246174,46.55859
"Ash_Dieback",16.515139,46.498504
"Ash_Dieback",16.279313,46.530756
"Ash_Dieback",16.535692,46.49922
"Ash_Dieback",14.33096,45.926475
"Ash_Dieback",16.25197,46.550285
"Ash_Dieback",16.278119,46.534872
"Ash_Dieback",16.248531,46.556162
"Ash_Dieback",16.537217,46.4974
"Ash_Dieback",16.516893,46.499723
"Ash_Dieback",14.680995,46.236313
"Ash_Dieback",16.519064,46.500953
"Ash_Dieback",13.830934,46.284068
"Ash_Dieback",16.515055,46.499234
"Ash_Dieback",16.248611,46.556215
"Ash_Dieback",15.482903,46.07206
"Ash_Dieback",16.248068,46.557544
"Ash_Dieback",14.1136,45.864632
"Ash_Dieback",15.780675,46.677044
"Ash_Dieback",16.526354,46.495179
"Ash_Dieback",15.79639,46.690611
"Ash_Dieback",16.277647,46.535282
"Ash_Dieback",16.251435,46.55084
"Ash_Dieback",15.724845,46.610459
"Ash_Dieback",15.960276,46.604996
"Ash_Dieback",15.681243,46.681235
"Ash_Dieback",16.518243,46.499084
"Ash_Dieback",16.519666,46.499668
"Ash_Dieback",16.536394,46.495944
"Ash_Dieback",16.514747,46.500327
"Ash_Dieback",16.248621,46.553813
"Ash_Dieback",16.249,46.552135
"Ash_Dieback",16.251369,46.550256
"Ash_Dieback",14.747786,46.153063
"Ash_Dieback",16.247272,46.551282
"Ash_Dieback",16.278107,46.53489
"Ash_Dieback",15.601556,46.184918
"Ash_Dieback",16.536546,46.496248
"Ash_Dieback",16.537345,46.497776
"Ash_Dieback",16.528472,46.494485
"Ash_Dieback",16.280652,46.531686
"Ash_Dieback",15.419576,46.529543
"Ash_Dieback",16.512887,46.498579
"Ash_Dieback",16.513128,46.500231
"Ash_Dieback",16.266238,46.549813
"Ash_Dieback",16.525053,46.499875
"Ash_Dieback",16.25423,46.548191
"Ash_Dieback",16.511596,46.500882
"Ash_Dieback",15.743369,46.670285
"Ash_Dieback",16.266917,46.549824
"Ash_Dieback",14.127173,46.366505
"Ash_Dieback",16.518853,46.501325
"Ash_Dieback",16.524996,46.499237
"Ash_Dieback",16.251434,46.550228
"Ash_Dieback",16.245281,46.551492
"Ash_Dieback",15.793876,46.671627
"Ash_Dieback",13.868688,46.287722
"Ash_Dieback",16.535928,46.494637
"Ash_Dieback",16.509819,46.499744
"Ash_Dieback",16.251496,46.550093
"Ash_Dieback",16.265745,46.548784
"Ash_Dieback",16.278107,46.53489
"Ash_Dieback",16.513289,46.5004
"Ash_Dieback",15.310454,46.638494
"Ash_Dieback",16.511846,46.500977
"Ash_Dieback",16.266283,46.550038
"Ash_Dieback",16.24671,46.556371
"Ash_Dieback",16.25134,46.550112
"Ash_Dieback",16.519339,46.500095
"Ash_Dieback",16.255232,46.547569
"Ash_Dieback",16.515834,46.499593
"Ash_Dieback",16.51036,46.500934
"Ash_Dieback",16.53206,46.490982
"Ash_Dieback",16.513186,46.50042
"Ash_Dieback",16.515887,46.499619
"Ash_Dieback",16.517348,46.499717
"Ash_Dieback",16.522506,46.499171
"Ash_Dieback",16.246724,46.55127
"Ash_Dieback",16.255301,46.54773
"Ash_Dieback",16.523694,46.501612
"Ash_Dieback",15.728822,46.565431
"Ash_Dieback",16.514349,46.497282
"Ash_Dieback",16.251369,46.550265
"Ash_Dieback",15.634973,46.682752
"Ash_Dieback",16.246113,46.55761
"Ash_Dieback",16.515761,46.500251
"Ash_Dieback",15.161365,46.15395
"Ash_Dieback",16.272725,46.531675
"Ash_Dieback",16.514669,46.500337
"Ash_Dieback",16.53597,46.495212
"Ash_Dieback",16.249041,46.549967
"Ash_Dieback",16.515291,46.499285
"Ash_Dieback",16.513146,46.500411
"Ash_Dieback",16.246646,46.551297
"Ash_Dieback",15.77925,46.696982
"Ash_Dieback",16.515371,46.500292
"Ash_Dieback",14.612263,46.121321
"Ash_Dieback",16.255375,46.547549
"Ash_Dieback",15.610697,46.678162
"Ash_Dieback",15.71585,46.26554
"Ash_Dieback",16.535952,46.495041
"Ash_Dieback",16.246586,46.557218
"Ash_Dieback",16.536256,46.495649
"Ash_Dieback",16.514243,46.494378
"Ash_Dieback",16.251232,46.551085
"Ash_Dieback",16.248241,46.553754
"Ash_Dieback",16.253932,46.548312
"Ash_Dieback",14.594108,46.315908
"Ash_Dieback",16.537047,46.49876
"Ash_Dieback",16.518952,46.501144
"Ash_Dieback",13.758555,45.990065
"Ash_Dieback",16.279557,46.540029
"Ash_Dieback",16.524698,46.50024
"Ash_Dieback",15.707904,46.687739
"Ash_Dieback",16.280745,46.531783
"Ash_Dieback",16.515213,46.499286
"Ash_Dieback",16.511727,46.500916
"Ash_Dieback",16.265662,46.548596
"Ash_Dieback",16.247417,46.554789
"Ash_Dieback",16.536338,46.499022
"Ash_Dieback",16.53663,46.496445
"Ash_Dieback",16.51329,46.497143
"Ash_Dieback",16.525655,46.495773
"Ash_Dieback",16.536986,46.497052
"Ash_Dieback",15.086454,46.516134
"Ash_Dieback",15.77294,46.682729
"Ash_Dieback",16.511558,46.501863
"Ash_Dieback",16.251279,46.550887
"Ash_Dieback",16.512427,46.49702
"Ash_Dieback",16.250725,46.549462
"Ash_Dieback",14.280871,46.232604
"Ash_Dieback",15.592106,46.670693
"Ash_Dieback",16.515206,46.498575
"Ash_Dieback",16.536522,46.496311
"Ash_Dieback",16.512406,46.506125
"Ash_Dieback",14.898968,46.523511
"Ash_Dieback",16.247537,46.558296
"Ash_Dieback",16.52691,46.495945
"Ash_Dieback",16.246049,46.551421
"Ash_Dieback",16.525892,46.495878
"Ash_Dieback",16.51654,46.500168
"Ash_Dieback",16.526828,46.495821
"Ash_Dieback",14.929269,45.558758
"Ash_Dieback",16.251343,46.550841
"Ash_Dieback",15.426588,46.530993
"Ash_Dieback",16.514721,46.500336
"Ash_Dieback",16.529679,46.494325
"Ash_Dieback",16.518968,46.502178
"Ash_Dieback",16.515899,46.499601
"Ash_Dieback",16.51981,46.499666
"Ash_Dieback",16.525055,46.50135
"Ash_Dieback",16.250356,46.550447
"Ash_Dieback",16.513209,46.500329
"Ash_Dieback",16.5367,46.496615
"Ash_Dieback",16.537367,46.497632
"Ash_Dieback",16.515369,46.499293
"Ash_Dieback",16.536184,46.499114
"Ash_Dieback",16.51293,46.499649
"Ash_Dieback",16.2479,46.551374
"Ash_Dieback",16.526469,46.501134
"Ash_Dieback",16.517399,46.498249
"Ash_Dieback",16.279607,46.539911
"Ash_Dieback",16.25049,46.551741
"Ash_Dieback",16.536268,46.495604
"Ash_Dieback",16.522381,46.499371
"Ash_Dieback",16.527119,46.495025
"Ash_Dieback",14.230882,45.907572
"Ash_Dieback",16.266092,46.547988
"Ash_Dieback",16.515153,46.498558
"Ash_Dieback",16.537535,46.498061
"Ash_Dieback",16.525563,46.501353
"Ash_Dieback",16.246705,46.556155
"Ash_Dieback",16.526529,46.501862
"Ash_Dieback",16.514466,46.495373
"Ash_Dieback",16.248464,46.553797
"Ash_Dieback",15.578749,46.665814
"Ash_Dieback",16.537268,46.497813
"Ash_Dieback",16.517842,46.497803
"Ash_Dieback",15.086727,46.51607
"Ash_Dieback",16.536163,46.495587
"Ash_Dieback",16.537535,46.498061
"Ash_Dieback",16.243714,46.551977
"Ash_Dieback",16.245452,46.551553
"Ash_Dieback",16.536784,46.498683
"Ash_Dieback",14.622861,46.166892
"Ash_Dieback",14.168842,45.763926
"Ash_Dieback",16.512028,46.500966
"Ash_Dieback",16.255364,46.547639
"Ash_Dieback",16.536007,46.495149
"Ash_Dieback",16.266294,46.549984
"Ash_Dieback",15.678393,46.700991
"Ash_Dieback",14.512208,46.201935
"Ash_Dieback",16.246854,46.557521
"Ash_Dieback",16.515534,46.508009
"Ash_Dieback",16.536642,46.496409
"Ash_Dieback",14.166667,45.762372
"Ash_Dieback",16.513186,46.50042
"Ash_Dieback",16.280772,46.531801
"Ash_Dieback",15.936012,46.599854
"Ash_Dieback",16.253437,46.548326
"Ash_Dieback",16.248039,46.555718
"Ash_Dieback",16.536367,46.495909
"Ash_Dieback",16.518759,46.500319
"Ash_Dieback",16.255055,46.547786
"Ash_Dieback",16.246545,46.557137
"Ash_Dieback",14.94725,45.675737
"Ash_Dieback",16.519064,46.500953
"Ash_Dieback",16.513156,46.498882
"Ash_Dieback",16.525679,46.502224
"Ash_Dieback",16.278196,46.534817
"Ash_Dieback",16.525667,46.495764
"Ash_Dieback",16.248648,46.55671
"Ash_Dieback",16.255447,46.547818
"Ash_Dieback",16.253816,46.548358
"Ash_Dieback",15.419975,45.836198
"Ash_Dieback",16.247983,46.553874
"Ash_Dieback",16.536257,46.495703
"Ash_Dieback",16.52748,46.494912
"Ash_Dieback",16.51654,46.500168
"Ash_Dieback",16.518814,46.500408
"Ash_Dieback",16.513238,46.50041
"Ash_Dieback",16.26609,46.547908
"Ash_Dieback",16.511137,46.501697
"Ash_Dieback",16.249141,46.554887
"Ash_Dieback",16.514297,46.497265
"Ash_Dieback",16.5131,46.500133
"Ash_Dieback",16.514994,46.498443
"Ash_Dieback",16.246401,46.555385
"Ash_Dieback",16.27934,46.530801
"Ash_Dieback",14.83042,46.290236
"Ash_Dieback",16.51942,46.499698
"Ash_Dieback",16.519861,46.499656
"Ash_Dieback",16.536685,46.496561
"Ash_Dieback",16.247537,46.558287
"Ash_Dieback",15.307056,46.642795
"Ash_Dieback",14.632027,46.184935
"Ash_Dieback",16.536687,46.496615
"Ash_Dieback",14.90816,45.638757
"Ash_Dieback",15.187078,45.885166
"Ash_Dieback",14.492072,46.051975
"Ash_Dieback",13.6511,46.133722
"Ash_Dieback",16.537095,46.497239
"Ash_Dieback",16.536121,46.495498
"Ash_Dieback",16.246508,46.554934
"Ash_Dieback",16.267006,46.548635
"Ash_Dieback",16.525078,46.49938
"Ash_Dieback",14.561502,46.17219
"Ash_Dieback",16.278682,46.534389
"Ash_Dieback",15.419537,46.595194
"Ash_Dieback",16.524385,46.50207
"Ash_Dieback",16.519286,46.500051
"Ash_Dieback",16.253321,46.54839
"Ash_Dieback",14.062394,45.759226
"Ash_Dieback",16.251254,46.550365
"Ash_Dieback",16.513005,46.497201
"Ash_Dieback",16.513044,46.500017
"Ash_Dieback",16.245624,46.557894
"Ash_Dieback",15.46617,46.525458
"Ash_Dieback",16.51884,46.501343
"Ash_Dieback",16.516893,46.499723
"Ash_Dieback",16.513093,46.500376
"Ash_Dieback",16.51964,46.499668
"Ash_Dieback",16.512833,46.499435
"Ash_Dieback",14.571218,46.232042
"Ash_Dieback",15.593007,46.670581
"Ash_Dieback",15.761772,46.669435
"Ash_Dieback",16.515862,46.498738
"Ash_Dieback",16.246832,46.554858
"Ash_Dieback",16.510494,46.505314
"Ash_Dieback",16.51261,46.508291
"Ash_Dieback",13.758542,45.990083
"Ash_Dieback",14.586032,46.234543
"Ash_Dieback",16.528652,46.494429
"Ash_Dieback",16.509958,46.500075
"Ash_Dieback",16.537783,46.498526
"Ash_Dieback",16.245699,46.551506
"Ash_Dieback",16.251131,46.551257
"Ash_Dieback",16.525164,46.499667
"Ash_Dieback",16.245061,46.55154
"Ash_Dieback",16.273622,46.530433
"Ash_Dieback",16.526623,46.501509
"Ash_Dieback",16.247776,46.555622
"Ash_Dieback",16.525102,46.500216
"Ash_Dieback",16.536784,46.498674
"Ash_Dieback",16.526485,46.501232
"Ash_Dieback",16.26611,46.549347
"Ash_Dieback",16.530033,46.496263
"Ash_Dieback",16.532188,46.490908
"Ash_Dieback",16.248975,46.549913
"Ash_Dieback",16.527057,46.496087
"Ash_Dieback",16.514869,46.508
"Ash_Dieback",16.253218,46.548427
"Ash_Dieback",16.518357,46.499892
"Ash_Dieback",16.522763,46.498592
"Ash_Dieback",15.142732,45.93014
"Ash_Dieback",16.518759,46.498915
"Ash_Dieback",16.250682,46.550434
"Ash_Dieback",16.542108,46.479168
"Ash_Dieback",16.255315,46.547748
"Ash_Dieback",16.536781,46.496722
"Ash_Dieback",16.517955,46.499961
"Ash_Dieback",16.254191,46.548219
"Ash_Dieback",15.06659,46.430991
"Ash_Dieback",14.206705,45.630031
"Ash_Dieback",15.492599,46.196436
"Ash_Dieback",16.247919,46.549349
"Ash_Dieback",14.172035,45.773199
"Ash_Dieback",16.536228,46.495596
"Ash_Dieback",14.944929,46.440941
"Ash_Dieback",16.248503,46.553796
"Ash_Dieback",16.511189,46.501724
"Ash_Dieback",16.251357,46.550859
"Ash_Dieback",16.518925,46.500667
"Ash_Dieback",16.537631,46.49869
"Ash_Dieback",14.125686,46.366845
"Ash_Dieback",16.536616,46.496418
"Ash_Dieback",16.537194,46.497499
"Ash_Dieback",16.251169,46.551185
"Ash_Dieback",16.278107,46.53489
"Ash_Dieback",16.246057,46.5586
"Ash_Dieback",16.52293,46.500353
"Ash_Dieback",16.513209,46.500311
"Ash_Dieback",16.524908,46.500291
"Ash_Dieback",16.537303,46.498595
"Ash_Dieback",16.249278,46.550045
"Ash_Dieback",16.537412,46.497829
"Ash_Dieback",14.683595,45.735945
"Ash_Dieback",16.251866,46.550296
"Ash_Dieback",15.497595,46.542311
"Ash_Dieback",15.437276,46.576126
"Ash_Dieback",16.251958,46.550349
"Ash_Dieback",16.536672,46.496552
"Ash_Dieback",16.247799,46.549233
"Ash_Dieback",14.139386,45.872882
"Ash_Dieback",16.517469,46.502639
"Ash_Dieback",15.164281,45.930929
"Ash_Dieback",16.248854,46.54978
"Ash_Dieback",16.279077,46.530695
"Ash_Dieback",16.251486,46.550246
"Ash_Dieback",16.250132,46.550324
"Ash_Dieback",15.463608,46.524604
"Ash_Dieback",16.525117,46.500288
"Ash_Dieback",16.247172,46.55489
"Ash_Dieback",16.514044,46.498969
"Ash_Dieback",16.255363,46.547585
"Ash_Dieback",16.513164,46.4954
"Ash_Dieback",16.251165,46.550474
"Ash_Dieback",16.509116,46.496488
"Ash_Dieback",16.511439,46.502278
"Ash_Dieback",16.516941,46.500064
"Ash_Dieback",16.514854,46.507928
"Ash_Dieback",16.510872,46.506235
"Ash_Dieback",16.273672,46.530333
"Ash_Dieback",16.515319,46.500301
"Ash_Dieback",16.513289,46.5004
"Ash_Dieback",16.519163,46.498892
"Ash_Dieback",16.537685,46.498275
"Ash_Dieback",16.536974,46.497079
"Ash_Dieback",14.605662,46.181735
"Ash_Dieback",16.265973,46.549078
"Ash_Dieback",14.262091,45.825293
"Ash_Dieback",16.535217,46.498551
"Ash_Dieback",16.338838,46.594879
"Ash_Dieback",16.528176,46.494624
"Ash_Dieback",16.515534,46.508009
"Ash_Dieback",16.525628,46.495765
"Ash_Dieback",16.536082,46.49549
"Ash_Dieback",14.82964,46.290675
"Ash_Dieback",14.120157,46.388261
"Ash_Dieback",16.518759,46.498915
"Ash_Dieback",16.536283,46.495694
"Ash_Dieback",16.273383,46.530237
"Ash_Dieback",16.512695,46.498717
"Ash_Dieback",16.536767,46.496695
"Ash_Dieback",14.20936,45.951884
"Ash_Dieback",14.58537,46.231095
"Ash_Dieback",16.271393,46.530448
"Ash_Dieback",14.143708,45.823722
"Ash_Dieback",16.255219,46.547569
"Ash_Dieback",16.524778,46.500292
"Ash_Dieback",16.526656,46.501761
"Ash_Dieback",16.518814,46.500408
"Ash_Dieback",14.173794,45.98596
"Ash_Dieback",16.247297,46.551254
"Ash_Dieback",14.585228,46.231013
"Ash_Dieback",14.955006,46.369805
"Ash_Dieback",16.515653,46.507621
"Ash_Dieback",16.246693,46.556173
"Ash_Dieback",16.519107,46.499702
"Ash_Dieback",16.536023,46.495256
"Ash_Dieback",16.251839,46.55026
"Ash_Dieback",16.53653,46.496149
"Ash_Dieback",13.631571,46.130584
"Ash_Dieback",16.512728,46.508316
"Ash_Dieback",16.513238,46.50041
"Ash_Dieback",14.16729,45.838986
"Ash_Dieback",16.28061,46.53156
"Ash_Dieback",14.167276,45.839085
"Ash_Dieback",16.515181,46.508437
"Ash_Dieback",14.259095,45.776396
"Ash_Dieback",16.53742,46.498602
"Ash_Dieback",16.246349,46.551418
"Ash_Dieback",16.536988,46.497133
"Ash_Dieback",16.526565,46.501312
"Ash_Dieback",16.246449,46.556932
"Ash_Dieback",16.532188,46.490899
"Ash_Dieback",14.915253,45.55173
"Ash_Dieback",16.513146,46.500411
"Ash_Dieback",16.248659,46.553768
"Ash_Dieback",16.518558,46.498234
"Ash_Dieback",16.536722,46.498792
"Ash_Dieback",13.884889,46.288808
"Ash_Dieback",16.512429,46.507429
"Ash_Dieback",16.514902,46.500298
"Ash_Dieback",16.255391,46.547648
"Ash_Dieback",16.250869,46.549497
"Ash_Dieback",16.251107,46.551339
"Ash_Dieback",16.520212,46.499634
"Ash_Dieback",14.624858,46.176139
"Ash_Dieback",14.656196,46.082969
"Ash_Dieback",16.249686,46.550229
"Ash_Dieback",14.48758,46.0529
"Ash_Dieback",16.265648,46.54856
"Ash_Dieback",16.51511,46.500277
"Ash_Dieback",16.273409,46.530795
"Ash_Dieback",16.246777,46.558718
"Ash_Dieback",16.524929,46.501019
"Ash_Dieback",16.537283,46.497894
"Ash_Dieback",14.851733,45.751347
"Ash_Dieback",16.535923,46.495402
"Ash_Dieback",14.633665,46.40316
"Ash_Dieback",16.249439,46.550268
"Ash_Dieback",16.511687,46.50088
"Ash_Dieback",16.526534,46.502041
"Ash_Dieback",16.520212,46.499634
"Ash_Dieback",16.519086,46.498938
"Ash_Dieback",16.273634,46.530414
"Ash_Dieback",16.266529,46.54999
"Ash_Dieback",16.249051,46.553799
"Ash_Dieback",14.363366,46.047005
"Ash_Dieback",16.525655,46.495773
"Ash_Dieback",16.510245,46.50054
"Ash_Dieback",16.33826,46.594742
"Ash_Dieback",16.272948,46.532824
"Ash_Dieback",16.512946,46.499766
"Ash_Dieback",14.732345,46.157536
"Ash_Dieback",16.537277,46.498613
"Ash_Dieback",16.53023,46.496801
"Ash_Dieback",16.526581,46.501402
"Ash_Dieback",14.264185,45.865717
"Ash_Dieback",16.512987,46.500314
"Ash_Dieback",16.251474,46.550282
"Ash_Dieback",16.519026,46.50099
"Ash_Dieback",14.41233,46.207819
"Ash_Dieback",16.526382,46.50127
"Ash_Dieback",16.246693,46.556173
"Ash_Dieback",16.516341,46.494404
"Ash_Dieback",16.513477,46.505733
"Ash_Dieback",16.251801,46.550305
"Ash_Dieback",16.250425,46.54835
"Ash_Dieback",16.251523,46.550704
"Ash_Dieback",16.511993,46.496873
"Ash_Dieback",16.265688,46.548587
"Ash_Dieback",14.612983,46.120189
"Ash_Dieback",14.494015,46.05157
"Ash_Dieback",16.535898,46.49452
"Ash_Dieback",16.535949,46.494484
"Ash_Dieback",16.251218,46.550483
"Ash_Dieback",16.510872,46.506235
"Ash_Dieback",16.512241,46.507225
"Ash_Dieback",16.535362,46.499053
"Ash_Dieback",14.936823,46.369977
"Ash_Dieback",16.246626,46.556111
"Ash_Dieback",16.537672,46.498284
"Ash_Dieback",16.517904,46.501869
"Ash_Dieback",16.515852,46.500249
"Ash_Dieback",13.713031,46.137512
"Ash_Dieback",16.518754,46.501542
"Ash_Dieback",16.255219,46.547569
"Ash_Dieback",16.518096,46.499887
"Ash_Dieback",16.537648,46.498357
"Ash_Dieback",16.514721,46.500336
"Ash_Dieback",15.167693,45.929187
"Ash_Dieback",16.509018,46.496696
"Ash_Dieback",16.5131,46.500133
"Ash_Dieback",16.513146,46.500411
"Ash_Dieback",16.535615,46.492806
"Ash_Dieback",14.132274,46.404773
"Ash_Dieback",16.508997,46.496426
"Ash_Dieback",16.519108,46.498344
"Ash_Dieback",16.5175,46.499544
"Ash_Dieback",16.514005,46.498483
"Ash_Dieback",16.526743,46.495084
"Ash_Dieback",16.537091,46.497077
"Ash_Dieback",16.519177,46.498478
"Ash_Dieback",16.515713,46.507413
"Ash_Dieback",16.278864,46.534387
"Ash_Dieback",16.536016,46.499143
"Ash_Dieback",16.245308,46.551519
"Ash_Dieback",16.246357,46.555745
"Ash_Dieback",16.51865,46.500122
"Ash_Dieback",14.569371,46.229507
"Ash_Dieback",16.537123,46.497293
"Ash_Dieback",16.513197,46.498494
"Ash_Dieback",16.525588,46.501316
"Ash_Dieback",16.536505,46.496177
"Ash_Dieback",15.524498,46.098644
"Ash_Dieback",16.510789,46.501378
"Ash_Dieback",16.522803,46.498618
"Ash_Dieback",14.947417,45.675791
"Ash_Dieback",16.26689,46.549797
"Ash_Dieback",16.536849,46.498664
"Ash_Dieback",16.519485,46.497385
"Ash_Dieback",16.513143,46.500294
"Ash_Dieback",15.020332,46.399627
"Ash_Dieback",16.515402,46.498591
"Ash_Dieback",16.53512,46.498786
"Ash_Dieback",16.255184,46.547722
"Ash_Dieback",14.899085,46.523484
"Ash_Dieback",16.514855,46.507982
"Ash_Dieback",16.536995,46.498752
"Ash_Dieback",16.53641,46.496043
"Ash_Dieback",16.248201,46.553719
"Ash_Dieback",14.172821,45.827095
"Ash_Dieback",16.535914,46.495078
"Ash_Dieback",14.917635,46.034577
"Ash_Dieback",16.246376,46.551453
"Ash_Dieback",16.249015,46.549967
"Ash_Dieback",16.53781,46.498543
"Ash_Dieback",16.517626,46.49938
"Ash_Dieback",16.535982,46.495194
"Ash_Dieback",16.51428,46.498552
"Ash_Dieback",16.246806,46.554858
"Ash_Dieback",16.249025,46.5538
"Ash_Dieback",15.560415,46.535919
"Ash_Dieback",16.251549,46.550722
"Ash_Dieback",16.250426,46.55176
"Ash_Dieback",16.519004,46.499758
"Ash_Dieback",16.253749,46.548278
"Ash_Dieback",14.54546,46.241057
"Ash_Dieback",16.272247,46.544645
"Ash_Dieback",14.67503,46.260706
"Ash_Dieback",16.24668,46.556191
"Ash_Dieback",16.52654,46.49577
"Ash_Dieback",13.631532,46.130574
"Ash_Dieback",16.513263,46.497117
"Ash_Dieback",16.535447,46.498386
"Ash_Dieback",16.24929,46.550018
"Ash_Dieback",16.245595,46.551507
"Ash_Dieback",14.130893,46.367136
"Ash_Dieback",14.299354,45.790057
"Ash_Dieback",16.537646,46.498285
"Ash_Dieback",16.246626,46.556111
"Ash_Dieback",16.535847,46.495007
"Ash_Dieback",16.522576,46.4989
"Ash_Dieback",14.594878,46.223472
"Ash_Dieback",16.519144,46.498694
"Ash_Dieback",16.537535,46.498061
"Ash_Dieback",16.537535,46.498061
"Ash_Dieback",16.513756,46.495617
"Ash_Dieback",16.512834,46.497131
"Ash_Dieback",14.626006,46.14611
"Ash_Dieback",16.25008,46.550342
"Ash_Dieback",16.535849,46.499235
"Ash_Dieback",16.514591,46.498476
"Ash_Dieback",15.298031,45.569651
"Ash_Dieback",16.280503,46.531453
"Ash_Dieback",16.519107,46.499711
"Ash_Dieback",16.513046,46.500062
"Ash_Dieback",16.518746,46.500301
"Ash_Dieback",16.537412,46.497829
"Ash_Dieback",16.537535,46.498061
"Ash_Dieback",14.625739,46.172282
"Ash_Dieback",16.253762,46.548259
"Ash_Dieback",16.267006,46.549193
"Ash_Dieback",16.510872,46.506235
"Ash_Dieback",16.515813,46.50025
"Ash_Dieback",15.389603,46.022472
"Ash_Dieback",14.608143,46.233928
"Ash_Dieback",16.510706,46.505905
"Ash_Dieback",16.536462,46.496033
"Ash_Dieback",14.577866,46.230834
"Ash_Dieback",16.517979,46.499888
"Ash_Dieback",16.514695,46.500337
"Ash_Dieback",14.953164,46.318574
"Ash_Dieback",16.246959,46.551294
"Ash_Dieback",14.222001,46.358083
"Ash_Dieback",14.116803,45.835539
"Ash_Dieback",16.246259,46.554909
"Ash_Dieback",16.519227,46.498405
"Ash_Dieback",16.526788,46.495785
"Ash_Dieback",16.248473,46.557035
"Ash_Dieback",16.246397,46.558633
"Ash_Dieback",16.514138,46.499039
"Ash_Dieback",16.518656,46.498935
"Ash_Dieback",16.518433,46.498443
"Ash_Dieback",16.245907,46.557738
"Ash_Dieback",16.536849,46.49682
"Ash_Dieback",16.267025,46.549436
"Ash_Dieback",16.515371,46.500292
"Ash_Dieback",14.123528,46.366891
"Ash_Dieback",16.536823,46.49682
"Ash_Dieback",16.249013,46.553836
"Ash_Dieback",16.537539,46.498637
"Ash_Dieback",16.537635,46.498366
"Ash_Dieback",16.514929,46.498444
"Ash_Dieback",14.11924,46.369261
"Ash_Dieback",16.519718,46.499658
"Ash_Dieback",16.511551,46.502079
"Ash_Dieback",16.52453,46.502149
"Ash_Dieback",14.277505,45.539633
"Ash_Dieback",16.249011,46.553764
"Ash_Dieback",16.536418,46.496322
"Ash_Dieback",16.51981,46.499666
"Ash_Dieback",16.250799,46.550415
"Ash_Dieback",15.020143,46.350179
"Ash_Dieback",16.535847,46.495007
"Ash_Dieback",14.687429,46.139266
"Ash_Dieback",14.606587,46.221092
"Ash_Dieback",16.245501,46.551409
"Ash_Dieback",14.414005,45.755815
"Ash_Dieback",15.401923,46.620484
"Ash_Dieback",16.246705,46.556137
"Ash_Dieback",16.509411,46.496799
"Ash_Dieback",16.273635,46.530459
"Ash_Dieback",16.537535,46.498052
"Ash_Dieback",16.255255,46.547424
"Ash_Dieback",16.51121,46.495416
"Ash_Dieback",16.251986,46.550447
"Ash_Dieback",13.753741,46.1729
"Ash_Dieback",16.245805,46.558432
"Ash_Dieback",16.266252,46.549822
"Ash_Dieback",16.513112,46.495427
"Ash_Dieback",16.537106,46.497158
"Ash_Dieback",15.002503,46.413044
"Ash_Dieback",16.299177,46.559016
"Ash_Dieback",16.246867,46.55753
"Ash_Dieback",15.57205,46.671219
"Ash_Dieback",16.535567,46.498483
"Ash_Dieback",16.515078,46.508024
"Ash_Dieback",16.514747,46.500327
"Ash_Dieback",16.524988,46.499885
"Ash_Dieback",16.246626,46.556111
"Ash_Dieback",14.208393,45.781753
"Ash_Dieback",14.295262,46.378711
"Ash_Dieback",16.247376,46.558658
"Ash_Dieback",16.522549,46.499782
"Ash_Dieback",16.541958,46.479395
"Ash_Dieback",15.635528,46.666591
"Ash_Dieback",14.603898,46.314242
"Ash_Dieback",14.580166,46.233505
"Ash_Dieback",16.511317,46.495505
"Ash_Dieback",16.517074,46.499702
"Ash_Dieback",14.661736,46.047886
"Ash_Dieback",16.24592,46.557729
"Ash_Dieback",16.518754,46.501542
"Ash_Dieback",14.130634,46.367108
"Ash_Dieback",16.536929,46.496891
"Ash_Dieback",16.510762,46.501333
"Ash_Dieback",16.537535,46.498061
"Ash_Dieback",16.513209,46.500329
"Ash_Dieback",16.51124,46.501669
"Ash_Dieback",16.246113,46.55761
"Ash_Dieback",16.518877,46.501262
"Ash_Dieback",16.531892,46.491515
"Ash_Dieback",16.246867,46.55753
"Ash_Dieback",16.247095,46.557779
"Ash_Dieback",16.266967,46.549742
"Ash_Dieback",13.631986,46.133153
"Ash_Dieback",15.563067,46.118902
"Ash_Dieback",15.436914,46.57485
"Ash_Dieback",14.9002,46.541677
"Ash_Dieback",16.515161,46.497406
"Ash_Dieback",16.517955,46.499961
"Ash_Dieback",14.606551,46.123938
"Ash_Dieback",16.525869,46.501106
"Ash_Dieback",16.535974,46.495347
"Ash_Dieback",16.53703,46.49724
"Ash_Dieback",16.518694,46.498925
"Ash_Dieback",16.515213,46.499286
"Ash_Dieback",16.266265,46.549831
"Ash_Dieback",16.515761,46.500251
"Ash_Dieback",14.56153,46.224258
"Ash_Dieback",16.248023,46.553882
"Ash_Dieback",16.525853,46.495879
"Ash_Dieback",16.273409,46.530795
"Ash_Dieback",16.244945,46.551613
"Ash_Dieback",16.251179,46.550483
"Ash_Dieback",16.248681,46.556448
"Ash_Dieback",16.532063,46.491108
"Ash_Dieback",16.516684,46.499707
"Ash_Dieback",16.536723,46.498828
"Ash_Dieback",16.251179,46.549943
"Ash_Dieback",16.513965,46.498466
"Ash_Dieback",16.253607,46.548342
"Ash_Dieback",13.882297,46.283492
"Ash_Dieback",17.5026,60.65256
"Ash_Dieback",9.173632,59.295322
"Ash_Dieback",10.646303,59.463004
"Ash_Dieback",10.19286,59.567042
"Ash_Dieback",5.973913,59.101069
"Ash_Dieback",10.642305,59.458796
"Ash_Dieback",10.815581,59.407772
"Ash_Dieback",8.484821,59.405715
"Ash_Dieback",10.18995,59.486908
"Ash_Dieback",7.252782,62.243923
"Ash_Dieback",9.88923,59.412426
"Ash_Dieback",10.673567,59.357849
"Ash_Dieback",10.262003,59.312005
"Ash_Dieback",10.655124,59.45387
"Ash_Dieback",10.009029,59.338142
"Ash_Dieback",10.727636,59.697376
"Ash_Dieback",5.974075,59.115681
"Ash_Dieback",9.281169,59.231417
"Ash_Dieback",6.873891,62.458378
"Ash_Dieback",10.617503,59.45124
"Ash_Dieback",9.98499,59.763898
"Ash_Dieback",11.205217,60.748621
"Ash_Dieback",10.669362,59.361314
"Ash_Dieback",10.646168,59.46373
"Ash_Dieback",10.674348,59.348406
"Ash_Dieback",10.833718,59.95039
"Ash_Dieback",10.697821,59.240942
"Ash_Dieback",6.167967,62.474382
"Ash_Dieback",11.205217,60.748621
"Ash_Dieback",10.631516,59.452952
"Ash_Dieback",9.173281,59.294964
"Ash_Dieback",9.868101,59.702099
"Ash_Dieback",8.02589,62.999947
"Ash_Dieback",10.04886,59.307292
"Ash_Dieback",6.048851,60.123069
"Ash_Dieback",10.188728,59.725856
"Ash_Dieback",10.606112,59.679427
"Ash_Dieback",10.660011,59.386219
"Ash_Dieback",8.105068,63.051406
"Ash_Dieback",9.632985,59.567756
"Ash_Dieback",5.510778,59.771773
"Ash_Dieback",10.200501,59.753737
"Ash_Dieback",10.643826,59.638515
"Ash_Dieback",10.953886,59.972779
"Ash_Dieback",18.32657,60.27809
"Ash_Dieback",7.869637,62.980292
"Ash_Dieback",7.869314,62.980047
"Ash_Dieback",7.870913,62.981508
"Ash_Dieback",8.180328,62.912816
"Ash_Dieback",7.868173,62.979431
"Ash_Dieback",10.205994,59.812848
"Ash_Dieback",9.709863,56.866194
"Ash_Dieback",9.700087,55.809095
"Ash_Dieback",12.348239,55.963192
"Ash_Dieback",10.6243,59.4649
"Ash_Dieback",10.6243,59.4649
"Ash_Dieback",11.2052,60.7486
"Ash_Dieback",5.62,59.8787
"Ash_Dieback",10.69,59.915
"Ash_Dieback",9.6983,59.0813
"Ash_Dieback",9.9049,58.9687
"Ash_Dieback",5.850656,62.291548
"Ash_Dieback",12.85135,55.96654
"Ash_Dieback",10.456414,55.059206
"Ash_Dieback",14.880059,55.224189
"Ash_Dieback",16.0456,58.92164
"Ash_Dieback",14.724296,55.23426
"Ash_Dieback",16.1229,58.98437
"Ash_Dieback",9.922324,59.20048
"Ash_Dieback",10.368436,59.213076
"Ash_Dieback",10.377715,59.285051
"Ash_Dieback",10.656274,59.480983
"Ash_Dieback",12.236002,55.819018
"Ash_Dieback",16.66798,59.54143
"Ash_Dieback",14.88768,59.27884
"Ash_Dieback",18.28105,60.1095
"Ash_Dieback",18.31324,60.11109
"Ash_Dieback",13.97145,56.74003
"Ash_Dieback",12.39151,58.32929
"Ash_Dieback",17.57984,59.84005
"Ash_Dieback",12.2007,57.59608
"Ash_Dieback",8.031442,62.999205
"Ash_Dieback",8.031514,62.995245
"Ash_Dieback",8.031684,62.997912
"Ash_Dieback",8.049121,63.042587
"Ash_Dieback",8.203837,62.914513
"Ash_Dieback",14.5545,57.38732
"Ash_Dieback",12.18745,59.28888
"Ash_Dieback",15.66326,58.20533
"Ash_Dieback",16.67453,57.68905
"Ash_Dieback",9.730525,55.691912
"Ash_Dieback",9.850811,55.675799
"Ash_Dieback",9.06759,55.292539
"Ash_Dieback",8.974026,55.015284
"Ash_Dieback",9.800306,56.823781
"Ash_Dieback",12.539007,54.980493
"Ash_Dieback",10.36663,55.40714
"Ash_Dieback",12.532196,54.992536
"Ash_Dieback",12.5113,54.965999
"Ash_Dieback",12.52579,55.820284
"Ash_Dieback",11.923515,55.646752
"Ash_Dieback",11.79627,55.68683
"Ash_Dieback",9.850023,55.676003
"Ash_Dieback",9.7305,55.691904
"Ash_Dieback",12.04703,55.62785
"Ash_Dieback",9.800212,56.823846
"Ash_Dieback",9.067714,55.292532
"Ash_Dieback",14.88114,55.22348
"Ash_Dieback",12.27163,55.968288
"Ash_Dieback",11.979475,54.842914
"Ash_Dieback",12.538953,54.980548
"Ash_Dieback",9.800212,56.823846
"Ash_Dieback",9.067714,55.292532
"Ash_Dieback",8.973602,55.015297
"Ash_Dieback",9.7305,55.691904
"Ash_Dieback",12.3438,55.68431
"Ash_Dieback",12.43294,55.78326
"Ash_Dieback",12.27872,55.95985
"Ash_Dieback",11.02624,54.89329
"Ash_Dieback",11.92094,54.83328
"Ash_Dieback",8.96338,55.01237
"Ash_Dieback",9.58029,54.92887
"Ash_Dieback",9.64786,55.5902
"Ash_Dieback",10.69134,56.31034
"Ash_Dieback",10.69134,56.309
"Ash_Dieback",10.0073,56.33415
"Ash_Dieback",12.52987,55.75139
"Ash_Dieback",9.69908,57.15112
"Ash_Dieback",12.43588,55.7775
"Ash_Dieback",11.29993,55.73482
"Ash_Dieback",11.35646,54.76168
"Ash_Dieback",11.85848,55.73786
"Ash_Dieback",12.46356,55.84301
"Ash_Dieback",12.27791,56.04031
"Ash_Dieback",9.83523,55.55369
"Ash_Dieback",9.64639,57.13572
"Ash_Dieback",12.00758,55.63715
"Ash_Dieback",12.03308,55.65953
"Ash_Dieback",11.20653,55.86569
"Ash_Dieback",12.14423,55.46863
"Ash_Dieback",9.83257,55.55273
"Ash_Dieback",9.9114,55.01366
"Ash_Dieback",8.96154,55.01129
"Ash_Dieback",9.7786,56.09701
"Ash_Dieback",9.92466,56.12528
"Ash_Dieback",11.43579,55.82659
"Ash_Dieback",10.84705,54.96408
"Ash_Dieback",10.60719,56.24221
"Ash_Dieback",9.90377,56.16889
"Ash_Dieback",10.77804,54.84069
"Ash_Dieback",12.07732,55.3545
"Ash_Dieback",12.00825,55.18977
"Ash_Dieback",12.5333,55.96767
"Ash_Dieback",10.01519,55.89129
"Ash_Dieback",9.794863,55.8141
"Ash_Dieback",9.70874,55.77223
"Ash_Dieback",12.00207,55.21771
"Ash_Dieback",9.31488,55.71479
"Ash_Dieback",12.49806,55.79713
"Ash_Dieback",9.57383,54.9126
"Ash_Dieback",9.79219,54.90334
"Ash_Dieback",9.882889,54.905596
"Ash_Dieback",9.93604,55.0097
"Ash_Dieback",9.53188,55.09978
"Ash_Dieback",9.452362,55.1097
"Ash_Dieback",9.42537,54.83525
"Ash_Dieback",9.49073,55.00711
"Ash_Dieback",9.90211,55.01882
"Ash_Dieback",9.754255,54.85332
"Ash_Dieback",10.00417,54.97456
"Ash_Dieback",9.57162,54.91597
"Ash_Dieback",9.85959,54.94511
"Ash_Dieback",9.552612,54.92329
"Ash_Dieback",9.76895,54.90025
"Ash_Dieback",9.74839,54.96806
"Ash_Dieback",11.99235,55.02323
"Ash_Dieback",11.89339,54.64427
"Ash_Dieback",12.07848,55.46754
"Ash_Dieback",11.899995,55.5724
"Ash_Dieback",11.75262,55.24522
"Ash_Dieback",11.59611,54.82037
"Ash_Dieback",10.42751,55.35321
"Ash_Dieback",12.32469,55.80444
"Ash_Dieback",12.21263,54.88984
"Ash_Dieback",11.81457,55.67136
"Ash_Dieback",9.61162,56.96012
"Ash_Dieback",12.27731,55.95965
"Ash_Dieback",12.05771,55.95273
"Ash_Dieback",11.60959,55.8198
"Ash_Dieback",11.93939,55.74818
"Ash_Dieback",11.30201,55.73504
"Ash_Dieback",12.00709,55.63707
"Ash_Dieback",10.100985,55.937568
"Ash_Dieback",11.804123,55.119815
"Ash_Dieback",12.273746,55.965032
"Ash_Dieback",10.30501,57.5149
"Ash_Dieback",12.263489,56.042897
"Ash_Dieback",11.92737,55.9588
"Ash_Dieback",10.30501,57.5149
"Ash_Dieback",11.2948,55.73494
"Ash_Dieback",9.639048,55.71555
"Ash_Dieback",11.9168,55.64538
"Ash_Dieback",10.30501,57.5149
"Ash_Dieback",9.696766,56.04225
"Ash_Dieback",9.52142,55.59972
"Ash_Dieback",12.08735,55.4696
"Ash_Dieback",9.37726,55.67352
"Ash_Dieback",12.24495,55.69268
"Ash_Dieback",12.3313,55.69275
"Ash_Dieback",11.79878,55.48984
"Ash_Dieback",11.65267,55.86457
"Ash_Dieback",12.34391,55.70352
"Ash_Dieback",11.7964,55.68956
"Ash_Dieback",11.54655,54.67517
"Ash_Dieback",11.88978,55.56204
"Ash_Dieback",11.39102,55.66625
"Ash_Dieback",11.89118,54.78469
"Ash_Dieback",12.43206,55.77455
"Ash_Dieback",11.80709,55.12083
"Ash_Dieback",12.49352,55.81521
"Ash_Dieback",8.55938,57.02285
"Ash_Dieback",10.93022,55.13704
"Ash_Dieback",10.78355,54.91998
"Ash_Dieback",11.30212,55.73511
"Ash_Dieback",9.68016,56.04127
"Ash_Dieback",11.58843,55.42624
"Ash_Dieback",11.80455,55.12007
"Ash_Dieback",11.87265,55.02975
"Ash_Dieback",14.84545,55.19381
"Ash_Dieback",11.97884,55.91191
"Ash_Dieback",9.25,55.25
"Ash_Dieback",8.77685,55.27938
"Ash_Dieback",9.24077,55.26339
"Ash_Dieback",9.05434,55.19557
"Ash_Dieback",8.97834,55.44927
"Ash_Dieback",8.93116,55.08598
"Ash_Dieback",9.04089,55.3141
"Ash_Dieback",8.87925,55.25848
"Ash_Dieback",9.06911,55.49576
"Ash_Dieback",11.9168,55.64538
"Ash_Dieback",9.07355,55.49361
"Ash_Dieback",5.701401,60.04685
"Ash_Dieback",6.778031,62.483373
"Ash_Dieback",8.143929,62.949737
"Ash_Dieback",10.712176,59.955652
"Ash_Dieback",5.310274,60.555314
"Ash_Dieback",10.741273,59.950403
"Ash_Dieback",14.82281,59.25754
"Ash_Dieback",7.670948,62.552813
"Ash_Dieback",7.671352,62.552573
"Ash_Dieback",7.671065,62.552929
"Ash_Dieback",7.671568,62.552503
"Ash_Dieback",8.187299,62.91226
"Ash_Dieback",7.671819,62.552478
"Ash_Dieback",10.684257,59.914713
"Ash_Dieback",10.27741,59.392728
"Ash_Dieback",8.525892,62.83118
"Ash_Dieback",10.486582,59.713214
"Ash_Dieback",8.09321,58.15264
"Ash_Dieback",8.102741,58.156124
"Ash_Dieback",8.073905,58.147226
"Ash_Dieback",8.096228,58.158479
"Ash_Dieback",8.09551,58.156996
"Ash_Dieback",5.706952,58.952887
"Ash_Dieback",17.29898,59.40203
"Ash_Dieback",16.51337,56.61709
"Ash_Dieback",18.35996,59.12749
"Ash_Dieback",17.70771,59.95916
"Ash_Dieback",6.229475,62.497149
"Ash_Dieback",6.305724,62.495324
"Ash_Dieback",6.270187,62.495975
"Ash_Dieback",15.67108,59.11674
"Ash_Dieback",16.46876,57.46205
"Ash_Dieback",16.01987,58.90225
"Ash_Dieback",12.13958,58.5925
"Ash_Dieback",17.66459,59.80981
"Ash_Dieback",15.96551,59.16252
"Ash_Dieback",15.71395,56.68312
"Ash_Dieback",16.4373,56.59189
"Ash_Dieback",18.95391,59.7458
"Ash_Dieback",8.967222,51.171379
"Ash_Dieback",8.967222,51.171379
"Ash_Dieback",16.13955,56.50157
"Ash_Dieback",16.62129,56.7931
"Ash_Dieback",17.3066,59.38358
"Ash_Dieback",17.67049,59.81453
"Ash_Dieback",17.66819,59.82405
"Ash_Dieback",16.0846,59.09222
"Ash_Dieback",16.16043,58.78176
"Ash_Dieback",14.06535,55.80393
"Ash_Dieback",17.01102,58.75404
"Ash_Dieback",8.02589,62.999984
"Ash_Dieback",10.403713,59.067243
"Ash_Dieback",10.617557,59.452231
"Ash_Dieback",10.24216,59.254258
"Ash_Dieback",10.676253,59.36212
"Ash_Dieback",9.683408,59.055388
"Ash_Dieback",10.696546,59.923538
"Ash_Dieback",9.676491,59.119996
"Ash_Dieback",10.632154,59.453171
"Ash_Dieback",10.255787,59.138544
"Ash_Dieback",10.964199,59.96992
"Ash_Dieback",7.159339,62.738731
"Ash_Dieback",8.198465,62.920824
"Ash_Dieback",17.73017,60.0171
"Ash_Dieback",14.88717,59.27856
"Ash_Dieback",14.89812,59.28372
"Ash_Dieback",15.82094,58.03734
"Ash_Dieback",16.18695,59.77903
"Ash_Dieback",16.19082,59.77817
"Ash_Dieback",15.22486,59.34903
"Ash_Dieback",16.47162,57.33908
"Ash_Dieback",18.13849,59.33565
"Ash_Dieback",15.92204,59.19625
"Ash_Dieback",-1.75875,51.59915
"Ash_Dieback",17.1225,59.48171
"Ash_Dieback",17.60037,58.89974
"Ash_Dieback",16.1938,59.00358
"Ash_Dieback",17.89103,58.84928
"Ash_Dieback",17.61959,59.25067
"Ash_Dieback",15.46194,47.08472
"Ash_Dieback",12.3377,58.875
"Ash_Dieback",16.31772,58.95626
"Ash_Dieback",14.57945,56.34114
"Ash_Dieback",18.1513,57.53995
"Ash_Dieback",17.85963,59.3021
"Ash_Dieback",12.64858,59.10718
"Ash_Dieback",16.10996,59.15442
"Ash_Dieback",11.9854,57.58378
"Ash_Dieback",12.33356,57.6891
"Ash_Dieback",16.49082,56.61594
"Ash_Dieback",16.30516,58.95319
"Ash_Dieback",18.56197,57.80424
"Ash_Dieback",16.41277,56.42409
"Ash_Dieback",16.38626,58.93633
"Ash_Dieback",16.85741,59.5597
"Ash_Dieback",18.20018,59.31684
"Ash_Dieback",15.36967,57.04143
"Ash_Dieback",13.60192,56.1013
"Ash_Dieback",16.10415,58.98846
"Ash_Dieback",12.32057,58.91579
"Ash_Dieback",11.95907,57.67977
"Ash_Dieback",14.02555,55.71075
"Ash_Dieback",15.66322,58.2085
"Ash_Dieback",16.69873,59.34248
"Ash_Dieback",17.00108,58.76847
"Ash_Dieback",17.05714,58.77675
"Ash_Dieback",16.06555,59.1842
"Ash_Dieback",16.1339,58.88673
"Ash_Dieback",12.04817,57.80554
"Ash_Dieback",16.61145,59.59066
"Ash_Dieback",16.22602,58.91245
"Ash_Dieback",16.22602,58.91245
"Ash_Dieback",12.36568,58.97746
"Ash_Dieback",18.44291,60.28418
"Ash_Dieback",16.18899,59.01642
"Ash_Dieback",15.78765,56.94988
"Ash_Dieback",12.56491,58.89972
"Ash_Dieback",16.3471,58.88667
"Ash_Dieback",15.5644,59.10721
"Ash_Dieback",15.56307,59.1077
"Ash_Dieback",16.03751,59.26875
"Ash_Dieback",16.14061,59.82184
"Ash_Dieback",18.74806,59.26318
"Ash_Dieback",15.26142,59.28785
"Ash_Dieback",15.65579,56.22704
"Ash_Dieback",15.91717,56.7397
"Ash_Dieback",16.19227,59.77259
"Ash_Dieback",17.45063,59.72809
"Ash_Dieback",16.28231,58.87393
"Ash_Dieback",16.20299,59.76469
"Ash_Dieback",16.55748,59.90548
"Ash_Dieback",16.18647,59.77899
"Ash_Dieback",14.98703,59.51989
"Ash_Dieback",15.48671,58.1801
"Ash_Dieback",14.02426,55.71002
"Ash_Dieback",14.06932,55.80686
"Ash_Dieback",12.39384,58.47533
"Ash_Dieback",14.13778,55.80421
"Ash_Dieback",12.04374,57.75116
"Ash_Dieback",17.72526,59.69062
"Ash_Dieback",12.31481,57.62147
"Ash_Dieback",16.62159,56.76165
"Ash_Dieback",15.88621,56.78237
"Ash_Dieback",18.63681,57.6106
"Ash_Dieback",15.05699,59.51614
"Ash_Dieback",16.54882,56.40009
"Ash_Dieback",16.59629,56.66899
"Ash_Dieback",16.80671,59.09586
"Ash_Dieback",11.7434,57.73532
"Ash_Dieback",17.61283,58.8738
"Ash_Dieback",13.82755,55.97798
"Ash_Dieback",-3.542823405,58.42902564
"Ash_Dieback",-5.244593996,58.30734227
"Ash_Dieback",-6.424602289,58.1819717
"Ash_Dieback",-5.397741042,58.12359118
"Ash_Dieback",-4.537091871,57.96392273
"Ash_Dieback",-4.368235715,57.96718149
"Ash_Dieback",-4.199344164,57.97021613
"Ash_Dieback",-4.362331928,57.87743909
"Ash_Dieback",-4.193860505,57.88046323
"Ash_Dieback",-5.699433425,57.75558145
"Ash_Dieback",-5.363968638,57.76494218
"Ash_Dieback",-5.196160675,57.76928978
"Ash_Dieback",-4.356463243,57.78769503
"Ash_Dieback",-4.188409457,57.79070874
"Ash_Dieback",-3.852207335,57.79606804
"Ash_Dieback",-4.015320055,57.70373405
"Ash_Dieback",-4.182990751,57.70095264
"Ash_Dieback",-4.350629371,57.69794931
"Ash_Dieback",-5.188255668,57.67960745
"Ash_Dieback",-5.690290212,57.66594628
"Ash_Dieback",-3.173665887,57.62450602
"Ash_Dieback",-3.341046114,57.62284106
"Ash_Dieback",-3.50840672,57.62095459
"Ash_Dieback",-3.675745265,57.61884668
"Ash_Dieback",-3.843059305,57.61651738
"Ash_Dieback",-4.177604122,57.61119493
"Ash_Dieback",-4.512021689,57.60498789
"Ash_Dieback",-5.347381486,57.5856054
"Ash_Dieback",-3.337746217,57.53304172
"Ash_Dieback",-3.67162278,57.52906107
"Ash_Dieback",-3.838525816,57.52673978
"Ash_Dieback",-4.005402131,57.52419794
"Ash_Dieback",-4.172249306,57.52143562
"Ash_Dieback",-4.339064928,57.51845291
"Ash_Dieback",-4.505846585,57.5152499
"Ash_Dieback",-5.672165353,57.48666936
"Ash_Dieback",-2.5015231,57.44930795
"Ash_Dieback",-3.83401905,57.43696067
"Ash_Dieback",-4.000486998,57.43442755
"Ash_Dieback",-4.166926043,57.43167471
"Ash_Dieback",-4.333333793,57.42870224
"Ash_Dieback",-4.499707855,57.42551021
"Ash_Dieback",-5.330989367,57.40626048
"Ash_Dieback",-5.66318283,57.39702762
"Ash_Dieback",-6.824076755,57.35783509
"Ash_Dieback",-3.497338347,57.35157172
"Ash_Dieback",-3.995600767,57.34465561
"Ash_Dieback",-4.327636346,57.33894991
"Ash_Dieback",-4.493605201,57.33576882
"Ash_Dieback",-4.659538272,57.33236902
"Ash_Dieback",-4.825433194,57.32875063
"Ash_Dieback",-6.481766373,57.28057076
"Ash_Dieback",-2.499077531,57.26966074
"Ash_Dieback",-4.156373154,57.25214809
"Ash_Dieback",-4.321972314,57.24919593
"Ash_Dieback",-4.48753833,57.24602572
"Ash_Dieback",-4.653068853,57.24263755
"Ash_Dieback",-5.64537544,57.2177376
"Ash_Dieback",-7.459398398,57.15181429
"Ash_Dieback",-2.167049774,57.18071193
"Ash_Dieback",-2.332459999,57.18038252
"Ash_Dieback",-2.497865491,57.17983517
"Ash_Dieback",-2.828652867,57.17808677
"Ash_Dieback",-5.801368607,57.1231954
"Ash_Dieback",-5.966133763,57.11808525
"Ash_Dieback",-7.446225293,57.06239041
"Ash_Dieback",-2.166645039,57.09088206
"Ash_Dieback",-2.331655135,57.09055377
"Ash_Dieback",-2.66165891,57.08924565
"Ash_Dieback",-3.981113152,57.07533045
"Ash_Dieback",-4.80493845,57.05958788
"Ash_Dieback",-5.79219895,57.03356163
"Ash_Dieback",-7.433128632,56.9729633
"Ash_Dieback",-2.330854966,57.00072372
"Ash_Dieback",-2.495462611,57.00018011
"Ash_Dieback",-2.660063284,56.99942007
"Ash_Dieback",-4.962447106,56.96607853
"Ash_Dieback",-2.330059454,56.91089237
"Ash_Dieback",-5.119168483,56.87237841
"Ash_Dieback",-2.329268561,56.82105971
"Ash_Dieback",-2.493087618,56.82051979
"Ash_Dieback",-2.656899815,56.81976491
"Ash_Dieback",-5.111714076,56.78267657
"Ash_Dieback",-5.275107807,56.77848962
"Ash_Dieback",-2.49191044,56.73068765
"Ash_Dieback",-2.655331824,56.72993533
"Ash_Dieback",-2.818744142,56.72896881
"Ash_Dieback",-2.982145138,56.7277881
"Ash_Dieback",-3.145532552,56.72639326
"Ash_Dieback",-3.798901305,56.71867332
"Ash_Dieback",-3.962187005,56.71620848
"Ash_Dieback",-5.267309011,56.68880004
"Ash_Dieback",-5.430270288,56.68441427
"Ash_Dieback",-5.593184373,56.67981561
"Ash_Dieback",-5.756049051,56.67500421
"Ash_Dieback",-5.918862112,56.6699802
"Ash_Dieback",-6.081621347,56.66474372
"Ash_Dieback",-6.244324555,56.65929493
"Ash_Dieback",-2.816796735,56.63914118
"Ash_Dieback",-2.979809338,56.63796448
"Ash_Dieback",-3.142808469,56.63657436
"Ash_Dieback",-3.305791889,56.63497086
"Ash_Dieback",-3.468757362,56.63315403
"Ash_Dieback",-3.794625524,56.62888059
"Ash_Dieback",-3.957523749,56.6264241
"Ash_Dieback",-4.120395095,56.62375453
"Ash_Dieback",-4.283237337,56.62087196
"Ash_Dieback",-4.446048248,56.61777646
"Ash_Dieback",-5.096934197,56.60326712
"Ash_Dieback",-2.652222965,56.55027219
"Ash_Dieback",-2.81486056,56.54931221
"Ash_Dieback",-2.977487011,56.54813949
"Ash_Dieback",-3.140100097,56.54675408
"Ash_Dieback",-3.302697596,56.54515601
"Ash_Dieback",-3.46527729,56.54334533
"Ash_Dieback",-3.62783696,56.54132209
"Ash_Dieback",-3.790374392,56.53908635
"Ash_Dieback",-3.952887371,56.53663817
"Ash_Dieback",-4.115373684,56.53397764
"Ash_Dieback",-4.277831123,56.53110481
"Ash_Dieback",-4.440257481,56.52801978
"Ash_Dieback",-6.224267761,56.48010884
"Ash_Dieback",-2.81293553,56.45948188
"Ash_Dieback",-2.97517805,56.45831313
"Ash_Dieback",-3.137407311,56.4569324
"Ash_Dieback",-3.299621108,56.45533973
"Ash_Dieback",-3.461817241,56.45353517
"Ash_Dieback",-3.623993509,56.45151877
"Ash_Dieback",-3.786147714,56.44929059
"Ash_Dieback",-3.948277658,56.44685069
"Ash_Dieback",-4.110381149,56.44419915
"Ash_Dieback",-4.272455993,56.44133603
"Ash_Dieback",-4.4345,56.43826142
"Ash_Dieback",-5.244181037,56.41971936
"Ash_Dieback",-5.405994198,56.41537789
"Ash_Dieback",-5.567761277,56.41082568
"Ash_Dieback",-2.97288235,56.3684854
"Ash_Dieback",-3.134729988,56.36710933
"Ash_Dieback",-3.296562285,56.36552204
"Ash_Dieback",-3.458377057,56.36372358
"Ash_Dieback",-3.620172121,56.36171398
"Ash_Dieback",-3.781945295,56.35949332
"Ash_Dieback",-3.943694401,56.35706166
"Ash_Dieback",-4.10541726,56.35441906
"Ash_Dieback",-4.267111699,56.3515656
"Ash_Dieback",-4.428775544,56.34850137
"Ash_Dieback",-4.590406625,56.34522644
"Ash_Dieback",-5.236560009,56.33002183
"Ash_Dieback",-5.559383916,56.32115811
"Ash_Dieback",-2.970599805,56.2786563
"Ash_Dieback",-3.132068007,56.27728487
"Ash_Dieback",-3.293520988,56.27570293
"Ash_Dieback",-3.454956582,56.27391053
"Ash_Dieback",-3.616372623,56.27190771
"Ash_Dieback",-3.777766946,56.26969454
"Ash_Dieback",-3.939137389,56.26727107
"Ash_Dieback",-4.100481793,56.26463738
"Ash_Dieback",-4.423083852,56.25873963
"Ash_Dieback",-5.067880706,56.24442514
"Ash_Dieback",-5.551054423,56.23148843
"Ash_Dieback",-2.968330312,56.18882582
"Ash_Dieback",-3.129421246,56.18745902
"Ash_Dieback",-3.290497079,56.18588241
"Ash_Dieback",-3.45155566,56.18409604
"Ash_Dieback",-3.612594842,56.18209997
"Ash_Dieback",-3.773612476,56.17989424
"Ash_Dieback",-3.934606418,56.17747893
"Ash_Dieback",-4.095574524,56.17485411
"Ash_Dieback",-4.256514653,56.17201983
"Ash_Dieback",-4.417424667,56.1689762
"Ash_Dieback",-4.578302428,56.16572329
"Ash_Dieback",-4.739145803,56.1622612
"Ash_Dieback",-4.899952661,56.15859002
"Ash_Dieback",-5.221448321,56.15062083
"Ash_Dieback",-5.542772424,56.14181663
"Ash_Dieback",-5.70336485,56.13710171
"Ash_Dieback",-3.287490421,56.09606046
"Ash_Dieback",-3.448174139,56.0942801
"Ash_Dieback",-3.608838609,56.09229074
"Ash_Dieback",-3.7694817,56.09009243
"Ash_Dieback",-3.930101283,56.08768524
"Ash_Dieback",-4.090695233,56.08506924
"Ash_Dieback",-4.251261424,56.08224449
"Ash_Dieback",-4.411797734,56.07921109
"Ash_Dieback",-4.572302044,56.07596911
"Ash_Dieback",-4.732772237,56.07251865
"Ash_Dieback",-5.053601815,56.06499267
"Ash_Dieback",-5.534537546,56.05214272
"Ash_Dieback",-5.694758745,56.04744362
"Ash_Dieback",-2.80347449,56.01030995
"Ash_Dieback",-3.28450088,56.00623709
"Ash_Dieback",-3.444811867,56.00446271
"Ash_Dieback",-3.605103755,56.00248003
"Ash_Dieback",-3.765374431,56.00028911
"Ash_Dieback",-4.0858437,55.99528278
"Ash_Dieback",-4.246038076,55.99246752
"Ash_Dieback",-4.406202803,55.98944429
"Ash_Dieback",-4.566335779,55.98621319
"Ash_Dieback",-4.726434903,55.98277431
"Ash_Dieback",-4.886498077,55.97912773
"Ash_Dieback",-5.046523206,55.97527357
"Ash_Dieback",-5.206508199,55.97121194
"Ash_Dieback",-5.68620149,55.95778335
"Ash_Dieback",-2.481615729,55.92213886
"Ash_Dieback",-2.64161934,55.92140907
"Ash_Dieback",-2.801614507,55.9204715
"Ash_Dieback",-2.961599129,55.91932615
"Ash_Dieback",-3.121571101,55.91797308
"Ash_Dieback",-3.281528322,55.9164123
"Ash_Dieback",-3.441468693,55.91464387
"Ash_Dieback",-3.601390113,55.91266785
"Ash_Dieback",-3.761290487,55.91048427
"Ash_Dieback",-3.921167717,55.90809321
"Ash_Dieback",-4.081019711,55.90549473
"Ash_Dieback",-4.240844376,55.9026889
"Ash_Dieback",-4.400639623,55.89967581
"Ash_Dieback",-4.560403366,55.89645554
"Ash_Dieback",-2.161218255,55.83312677
"Ash_Dieback",-2.320863349,55.83281368
"Ash_Dieback",-2.480504242,55.83229346
"Ash_Dieback",-2.959380832,55.82949018
"Ash_Dieback",-3.118984042,55.82814163
"Ash_Dieback",-3.278572615,55.82658609
"Ash_Dieback",-3.597697519,55.82285418
"Ash_Dieback",-3.757229685,55.82067792
"Ash_Dieback",-3.916738888,55.81829486
"Ash_Dieback",-4.235680094,55.81290866
"Ash_Dieback",-4.395107949,55.80990565
"Ash_Dieback",-4.554504543,55.80669616
"Ash_Dieback",-5.510111996,55.78310838
"Ash_Dieback",-2.160847027,55.74327724
"Ash_Dieback",-2.320125121,55.7429652
"Ash_Dieback",-2.479399045,55.74244672
"Ash_Dieback",-2.638666728,55.74172181
"Ash_Dieback",-3.275633629,55.73675845
"Ash_Dieback",-3.434839048,55.73500185
"Ash_Dieback",-3.912335101,55.72849497
"Ash_Dieback",-4.071453506,55.72591385
"Ash_Dieback",-4.230545003,55.72312677
"Ash_Dieback",-4.389607536,55.72013381
"Ash_Dieback",-4.86660081,55.70992049
"Ash_Dieback",-5.502061976,55.69342607
"Ash_Dieback",-2.001562651,55.65353163
"Ash_Dieback",-2.160477896,55.65342639
"Ash_Dieback",-2.319391061,55.65311539
"Ash_Dieback",-2.478300089,55.65259864
"Ash_Dieback",-2.637202925,55.65187616
"Ash_Dieback",-2.796097511,55.65094797
"Ash_Dieback",-3.272711234,55.64692939
"Ash_Dieback",-3.907956162,55.63869352
"Ash_Dieback",-4.701442296,55.62377911
"Ash_Dieback",-5.652453432,55.5991206
"Ash_Dieback",-1.843006106,55.56357892
"Ash_Dieback",-2.001558487,55.5636791
"Ash_Dieback",-2.160110844,55.56357421
"Ash_Dieback",-2.318661138,55.56326425
"Ash_Dieback",-2.477207326,55.56274923
"Ash_Dieback",-2.635747369,55.56202916
"Ash_Dieback",-2.794279227,55.56110407
"Ash_Dieback",-2.952800861,55.55997397
"Ash_Dieback",-3.111310232,55.5586389
"Ash_Dieback",-3.269805303,55.5570989
"Ash_Dieback",-3.428284037,55.55535402
"Ash_Dieback",-3.745184358,55.55124977
"Ash_Dieback",-4.220361493,55.54355811
"Ash_Dieback",-4.537007026,55.53740765
"Ash_Dieback",-5.169891175,55.52265538
"Ash_Dieback",-5.486097564,55.51405521
"Ash_Dieback",-1.685173281,55.47342116
"Ash_Dieback",-1.843362813,55.47372539
"Ash_Dieback",-2.001554346,55.47382524
"Ash_Dieback",-2.159745857,55.4737207
"Ash_Dieback",-2.317935319,55.47341178
"Ash_Dieback",-2.476120708,55.47289847
"Ash_Dieback",-2.634299999,55.47218081
"Ash_Dieback",-2.792471168,55.4712588
"Ash_Dieback",-2.950632191,55.47013247
"Ash_Dieback",-3.108781044,55.46880186
"Ash_Dieback",-3.899272063,55.45908597
"Ash_Dieback",-4.057305492,55.4565306
"Ash_Dieback",-1.685886792,55.38356732
"Ash_Dieback",-1.843717517,55.38387054
"Ash_Dieback",-2.001550229,55.38397006
"Ash_Dieback",-2.317213574,55.38355797
"Ash_Dieback",-2.790673254,55.38141216
"Ash_Dieback",-3.579544613,55.37376361
"Ash_Dieback",-1.686596306,55.29371215
"Ash_Dieback",-1.844070234,55.29401436
"Ash_Dieback",-2.001546134,55.29411355
"Ash_Dieback",-2.159022011,55.2940097
"Ash_Dieback",-2.788885409,55.29156416
"Ash_Dieback",-1.687301854,55.20385564
"Ash_Dieback",-1.844420979,55.20415685
"Ash_Dieback",-2.001542062,55.20425571
"Ash_Dieback",-2.158663122,55.20415221
"Ash_Dieback",-2.31578218,55.20384635
"Ash_Dieback",-1.531241069,55.11349591
"Ash_Dieback",-1.688003466,55.11399779
"Ash_Dieback",-1.844769768,55.114298
"Ash_Dieback",-2.001538012,55.11439653
"Ash_Dieback",-2.158306234,55.11429337
"Ash_Dieback",-2.31507247,55.11398854
"Ash_Dieback",-2.471834755,55.11348203
"Ash_Dieback",-2.785339618,55.11186405
"Ash_Dieback",-3.725555302,55.10217254
"Ash_Dieback",-3.882193752,55.09985226
"Ash_Dieback",-4.508492554,55.08855897
"Ash_Dieback",-1.688701172,55.02413861
"Ash_Dieback",-1.845116615,55.02443782
"Ash_Dieback",-2.001533985,55.02453602
"Ash_Dieback",-2.627183752,55.02291873
"Ash_Dieback",-2.783581521,55.02201193
"Ash_Dieback",-2.939969524,55.0209042
"Ash_Dieback",-3.096345814,55.01959554
"Ash_Dieback",-3.252708445,55.01808601
"Ash_Dieback",-3.409055472,55.01637563
"Ash_Dieback",-3.72169494,55.01235255
"Ash_Dieback",-3.877983498,55.01003996
"Ash_Dieback",-4.3467012,55.00189873
"Ash_Dieback",-4.659037011,54.99546911
"Ash_Dieback",-1.689395002,54.93427808
"Ash_Dieback",-1.845461535,54.9345763
"Ash_Dieback",-2.157598404,54.9345717
"Ash_Dieback",-2.313664871,54.93426888
"Ash_Dieback",-2.469727447,54.93376572
"Ash_Dieback",-2.625784198,54.93306224
"Ash_Dieback",-2.781833189,54.93215845
"Ash_Dieback",-2.937872489,54.93105438
"Ash_Dieback",-3.093900164,54.92975006
"Ash_Dieback",-3.249914284,54.92824552
"Ash_Dieback",-3.405912917,54.92654081
"Ash_Dieback",-3.71785601,54.92253105
"Ash_Dieback",-4.029714025,54.91772121
"Ash_Dieback",-1.534369245,54.84391929
"Ash_Dieback",-1.690084984,54.8444162
"Ash_Dieback",-1.845804542,54.84471344
"Ash_Dieback",-2.312966923,54.84440704
"Ash_Dieback",-2.624392402,54.84320439
"Ash_Dieback",-2.78009455,54.84230359
"Ash_Dieback",-2.935787079,54.84120317
"Ash_Dieback",-3.091468071,54.83990316
"Ash_Dieback",-3.24713561,54.8384036
"Ash_Dieback",-3.402787778,54.83670452
"Ash_Dieback",-4.336270906,54.82232323
"Ash_Dieback",-4.49176196,54.81922914
"Ash_Dieback",-4.802650244,54.81244406
"Ash_Dieback",-1.380035419,54.75336345
"Ash_Dieback",-1.535400436,54.75405772
"Ash_Dieback",-1.690771149,54.75455299
"Ash_Dieback",-1.84614565,54.75484924
"Ash_Dieback",-2.1568984,54.75484467
"Ash_Dieback",-2.467643441,54.75404401
"Ash_Dieback",-2.77836553,54.75244735
"Ash_Dieback",-2.933713206,54.75135057
"Ash_Dieback",-3.089049432,54.75005485
"Ash_Dieback",-3.244372305,54.74856025
"Ash_Dieback",-3.399679924,54.74686678
"Ash_Dieback",-3.554970388,54.74497451
"Ash_Dieback",-4.17592274,54.73541843
"Ash_Dieback",-4.486246689,54.7294491
"Ash_Dieback",-5.106514574,54.71513108
"Ash_Dieback",-1.381403995,54.66350281
"Ash_Dieback",-1.691453524,54.66468842
"Ash_Dieback",-1.846484875,54.6649837
"Ash_Dieback",-2.001518097,54.66508061
"Ash_Dieback",-2.311582583,54.66467931
"Ash_Dieback",-2.776646057,54.66258973
"Ash_Dieback",-2.931650784,54.66149657
"Ash_Dieback",-3.086644146,54.66020514
"Ash_Dieback",-3.241624256,54.65871546
"Ash_Dieback",-3.396589225,54.65702759
"Ash_Dieback",-3.551537168,54.65514156
"Ash_Dieback",-4.480761831,54.63966735
"Ash_Dieback",-1.073427863,54.57166842
"Ash_Dieback",-1.382765028,54.57364081
"Ash_Dieback",-1.537445778,54.57433051
"Ash_Dieback",-1.692132137,54.57482251
"Ash_Dieback",-1.84682223,54.57511681
"Ash_Dieback",-2.156206106,54.57511227
"Ash_Dieback",-2.465582387,54.57431689
"Ash_Dieback",-2.620262988,54.57362265
"Ash_Dieback",-2.774936059,54.57273074
"Ash_Dieback",-2.929599726,54.57164118
"Ash_Dieback",-3.084252113,54.570354
"Ash_Dieback",-3.238891346,54.56886924
"Ash_Dieback",-3.393515552,54.56718693
"Ash_Dieback",-3.548122859,54.56530712
"Ash_Dieback",-0.766845744,54.47905777
"Ash_Dieback",-1.075459853,54.48181155
"Ash_Dieback",-1.229784568,54.48289299
"Ash_Dieback",-1.384118575,54.48377744
"Ash_Dieback",-1.538460013,54.48446487
"Ash_Dieback",-2.001510282,54.48534485
"Ash_Dieback",-2.310213461,54.4849462
"Ash_Dieback",-2.464560361,54.48445129
"Ash_Dieback",-2.61890165,54.48375934
"Ash_Dieback",-2.773235466,54.48287037
"Ash_Dieback",-2.927559948,54.4817844
"Ash_Dieback",-3.081873234,54.48050146
"Ash_Dieback",-3.236173465,54.47902158
"Ash_Dieback",-3.390458779,54.47734481
"Ash_Dieback",-3.544727321,54.47547119
"Ash_Dieback",-3.698977232,54.47340076
"Ash_Dieback",-0.615592331,54.38754181
"Ash_Dieback",-0.76954097,54.38920856
"Ash_Dieback",-0.923504371,54.39067907
"Ash_Dieback",-1.231468079,54.39303117
"Ash_Dieback",-1.539468679,54.39459787
"Ash_Dieback",-1.847491386,54.39537901
"Ash_Dieback",-2.155521406,54.3953745
"Ash_Dieback",-2.309534535,54.39507762
"Ash_Dieback",-2.463543944,54.39458434
"Ash_Dieback",-2.617547785,54.39389467
"Ash_Dieback",-2.771544208,54.39300862
"Ash_Dieback",-2.925531366,54.39192622
"Ash_Dieback",-3.079507412,54.3906475
"Ash_Dieback",-3.233470498,54.38917249
"Ash_Dieback",-3.38741878,54.38750123
"Ash_Dieback",-3.541350413,54.38563377
"Ash_Dieback",-3.695263553,54.38357015
"Ash_Dieback",-0.618607985,54.29769664
"Ash_Dieback",-0.772221433,54.29935792
"Ash_Dieback",-1.079490456,54.30209361
"Ash_Dieback",-1.386803433,54.3040466
"Ash_Dieback",-1.847823214,54.30550808
"Ash_Dieback",-2.001502552,54.30560372
"Ash_Dieback",-2.308859329,54.30520769
"Ash_Dieback",-2.462533097,54.30471603
"Ash_Dieback",-2.616201337,54.30402862
"Ash_Dieback",-2.769862216,54.30314548
"Ash_Dieback",-2.923513897,54.30206664
"Ash_Dieback",-3.077154548,54.30079212
"Ash_Dieback",-3.230782337,54.29932196
"Ash_Dieback",-3.537991997,54.29579487
"Ash_Dieback",-0.46834343,54.20599927
"Ash_Dieback",-0.621607155,54.20785001
"Ash_Dieback",-0.774887242,54.20950584
"Ash_Dieback",-0.928181874,54.21096669
"Ash_Dieback",-1.081489233,54.21223255
"Ash_Dieback",-1.234807499,54.21330337
"Ash_Dieback",-1.541469474,54.2148598
"Ash_Dieback",-1.694809539,54.21534536
"Ash_Dieback",-1.848153228,54.21563581
"Ash_Dieback",-2.001498718,54.21573113
"Ash_Dieback",-2.154844188,54.21563133
"Ash_Dieback",-2.308187815,54.2153364
"Ash_Dieback",-2.461527777,54.21484635
"Ash_Dieback",-2.614862252,54.2141612
"Ash_Dieback",-2.76818942,54.21328096
"Ash_Dieback",-2.921507459,54.21220566
"Ash_Dieback",-3.074814548,54.21093533
"Ash_Dieback",-3.22810887,54.20946999
"Ash_Dieback",-0.165848991,54.11188525
"Ash_Dieback",-0.318743402,54.11411834
"Ash_Dieback",-0.47165766,54.11615725
"Ash_Dieback",-0.624589962,54.11800192
"Ash_Dieback",-0.777538506,54.11965231
"Ash_Dieback",-0.930501488,54.12110838
"Ash_Dieback",-1.083477103,54.12237009
"Ash_Dieback",-1.236463545,54.12343739
"Ash_Dieback",-1.389459007,54.12431028
"Ash_Dieback",-1.695469763,54.12547269
"Ash_Dieback",-2.154508351,54.12575772
"Ash_Dieback",-2.307519966,54.12546376
"Ash_Dieback",-2.460527944,54.12497532
"Ash_Dieback",-2.613530475,54.12429241
"Ash_Dieback",-2.766525753,54.12341506
"Ash_Dieback",-2.919511969,54.12234329
"Ash_Dieback",-3.072487317,54.12107712
"Ash_Dieback",-3.22544999,54.11961659
"Ash_Dieback",-4.753983201,54.09433227
"Ash_Dieback",-0.169804005,54.02205573
"Ash_Dieback",-0.322369075,54.0242815
"Ash_Dieback",-0.474953845,54.02631373
"Ash_Dieback",-0.627556527,54.02815237
"Ash_Dieback",-0.780175331,54.02979735
"Ash_Dieback",-0.932808468,54.03124865
"Ash_Dieback",-1.085454145,54.03250622
"Ash_Dieback",-1.238110569,54.03357004
"Ash_Dieback",-1.543448486,54.03511627
"Ash_Dieback",-1.69612639,54.03559866
"Ash_Dieback",-1.848807864,54.03588721
"Ash_Dieback",-2.001491113,54.03598191
"Ash_Dieback",-2.154174342,54.03588276
"Ash_Dieback",-2.306855755,54.03558976
"Ash_Dieback",-2.459533557,54.03510292
"Ash_Dieback",-2.612205953,54.03442225
"Ash_Dieback",-2.764871147,54.03354778
"Ash_Dieback",-0.325975047,53.93444315
"Ash_Dieback",-0.478232117,53.93646873
"Ash_Dieback",-0.630506969,53.93830135
"Ash_Dieback",-0.782797825,53.93994095
"Ash_Dieback",-0.935102908,53.9413875
"Ash_Dieback",-1.087420439,53.94264096
"Ash_Dieback",-1.23974864,53.94370129
"Ash_Dieback",-1.392085728,53.94456847
"Ash_Dieback",-1.544429925,53.94524247
"Ash_Dieback",-1.696779447,53.94572328
"Ash_Dieback",-1.849132513,53.94601088
"Ash_Dieback",-2.001487342,53.94610527
"Ash_Dieback",-2.15384215,53.94600644
"Ash_Dieback",-2.306195155,53.9457144
"Ash_Dieback",-2.458544576,53.94522915
"Ash_Dieback",-2.610888631,53.94455071
"Ash_Dieback",-2.763225537,53.9436791
"Ash_Dieback",-2.915553515,53.94261433
"Ash_Dieback",-0.329561462,53.84460328
"Ash_Dieback",-0.481492609,53.84662224
"Ash_Dieback",-0.633441406,53.84844887
"Ash_Dieback",-0.785406092,53.85008311
"Ash_Dieback",-0.9373849,53.85152493
"Ash_Dieback",-1.089376065,53.85277429
"Ash_Dieback",-1.241377822,53.85383116
"Ash_Dieback",-1.393388401,53.8546955
"Ash_Dieback",-1.545406037,53.85536729
"Ash_Dieback",-1.697428959,53.85584653
"Ash_Dieback",-1.8494554,53.85613319
"Ash_Dieback",-2.00148359,53.85622727
"Ash_Dieback",-2.15351176,53.85612877
"Ash_Dieback",-2.30553814,53.85583768
"Ash_Dieback",-2.457560962,53.85535402
"Ash_Dieback",-2.609578457,53.8546778
"Ash_Dieback",-2.761588856,53.85380904
"Ash_Dieback",-2.913590391,53.85274775
"Ash_Dieback",-3.065581295,53.85149397
"Ash_Dieback",-0.029974059,53.75016224
"Ash_Dieback",-0.181540752,53.75255786
"Ash_Dieback",-0.484735449,53.75677426
"Ash_Dieback",-0.636359956,53.75859492
"Ash_Dieback",-0.788000235,53.76022383
"Ash_Dieback",-0.939654534,53.76166094
"Ash_Dieback",-1.0913211,53.76290622
"Ash_Dieback",-1.24299818,53.76395963
"Ash_Dieback",-1.394684019,53.76482115
"Ash_Dieback",-1.546376862,53.76549075
"Ash_Dieback",-1.698074954,53.76596843
"Ash_Dieback",-1.849776538,53.76625415
"Ash_Dieback",-2.153183159,53.76624974
"Ash_Dieback",-2.304884684,53.76595961
"Ash_Dieback",-2.456582675,53.76547753
"Ash_Dieback",-2.608275379,53.76480351
"Ash_Dieback",-2.759961038,53.76393759
"Ash_Dieback",-2.911637899,53.76287977
"Ash_Dieback",-3.063304205,53.76163008
"Ash_Dieback",-0.034166181,53.66033433
"Ash_Dieback",-0.185410755,53.66272215
"Ash_Dieback",-0.336676195,53.66491898
"Ash_Dieback",-0.639262734,53.66873951
"Ash_Dieback",-0.790580358,53.67036311
"Ash_Dieback",-0.9419119,53.67179553
"Ash_Dieback",-1.093255621,53.67303675
"Ash_Dieback",-1.244609779,53.67408672
"Ash_Dieback",-1.395972632,53.67494543
"Ash_Dieback",-1.547342438,53.67561285
"Ash_Dieback",-1.698717455,53.67608896
"Ash_Dieback",-1.850095939,53.67637375
"Ash_Dieback",-2.001476147,53.67646722
"Ash_Dieback",-2.152856335,53.67636935
"Ash_Dieback",-2.30423476,53.67608017
"Ash_Dieback",-2.455609677,53.67559966
"Ash_Dieback",-2.606979345,53.67492785
"Ash_Dieback",-2.75834202,53.67406475
"Ash_Dieback",-2.90969596,53.67301038
"Ash_Dieback",-3.061039423,53.67176477
"Ash_Dieback",-0.038335703,53.57050484
"Ash_Dieback",-0.18925989,53.57288488
"Ash_Dieback",-0.340204793,53.57507456
"Ash_Dieback",-0.491168689,53.57707383
"Ash_Dieback",-0.793146563,53.58050094
"Ash_Dieback",-1.095179705,53.58316587
"Ash_Dieback",-1.246212682,53.58421242
"Ash_Dieback",-1.69935649,53.58620813
"Ash_Dieback",-1.850413617,53.58649199
"Ash_Dieback",-2.001472455,53.58658515
"Ash_Dieback",-2.152531274,53.58648761
"Ash_Dieback",-2.303588342,53.58619936
"Ash_Dieback",-2.454641929,53.58572042
"Ash_Dieback",-2.605690304,53.5850508
"Ash_Dieback",-2.756731737,53.58419051
"Ash_Dieback",-2.907764498,53.58313958
"Ash_Dieback",-3.058786858,53.58189803
"Ash_Dieback",-0.042482788,53.48067378
"Ash_Dieback",-0.19308831,53.48304606
"Ash_Dieback",-0.343714398,53.48522862
"Ash_Dieback",-0.645021431,53.4890243
"Ash_Dieback",-1.247806953,53.49433672
"Ash_Dieback",-1.398529049,53.49518984
"Ash_Dieback",-1.549257998,53.49585292
"Ash_Dieback",-1.850729583,53.49660887
"Ash_Dieback",-2.152207964,53.4966045
"Ash_Dieback",-2.302945407,53.4963172
"Ash_Dieback",-2.453679393,53.49583982
"Ash_Dieback",-2.604408205,53.49517237
"Ash_Dieback",-2.755130126,53.49431489
"Ash_Dieback",-2.905843437,53.49326738
"Ash_Dieback",-3.056546423,53.49202987
"Ash_Dieback",-3.207237367,53.4906024
"Ash_Dieback",0.103658855,53.3882875
"Ash_Dieback",-0.046607597,53.39084113
"Ash_Dieback",-0.196896163,53.3932057
"Ash_Dieback",-0.347205147,53.39538116
"Ash_Dieback",-0.497532851,53.39736744
"Ash_Dieback",-0.647877575,53.39916449
"Ash_Dieback",-0.79823762,53.40077228
"Ash_Dieback",-1.249392654,53.40445963
"Ash_Dieback",-1.399796953,53.40530998
"Ash_Dieback",-1.550208056,53.4059709
"Ash_Dieback",-1.700624257,53.40644237
"Ash_Dieback",-2.001465131,53.40681694
"Ash_Dieback",-2.151886392,53.40672003
"Ash_Dieback",-2.302305927,53.40643366
"Ash_Dieback",-2.452722031,53.40595784
"Ash_Dieback",-2.603132999,53.40529257
"Ash_Dieback",-2.753537124,53.40443787
"Ash_Dieback",-2.903932702,53.40339377
"Ash_Dieback",-3.054318029,53.40216029
"Ash_Dieback",-3.204691401,53.40073746
"Ash_Dieback",-4.407043942,53.38254374
"Ash_Dieback",-4.55723325,53.379419
"Ash_Dieback",0.249168773,53.29572784
"Ash_Dieback",0.09924106,53.29846156
"Ash_Dieback",-0.050710291,53.3010069
"Ash_Dieback",-0.200683598,53.30336379
"Ash_Dieback",-0.350677176,53.30553218
"Ash_Dieback",-0.500689339,53.307512
"Ash_Dieback",-0.6507184,53.30930322
"Ash_Dieback",-0.800762671,53.31090578
"Ash_Dieback",-0.950820463,53.31231965
"Ash_Dieback",-1.100890085,53.31354478
"Ash_Dieback",-1.250969846,53.31458115
"Ash_Dieback",-1.551153016,53.3160875
"Ash_Dieback",-1.70125304,53.31655744
"Ash_Dieback",-1.851356432,53.31683854
"Ash_Dieback",-2.001461498,53.3169308
"Ash_Dieback",-2.151566545,53.3168342
"Ash_Dieback",-2.301669879,53.31654876
"Ash_Dieback",-2.451769806,53.31607448
"Ash_Dieback",-2.601864634,53.31541137
"Ash_Dieback",-2.751952669,53.31455945
"Ash_Dieback",-2.902032218,53.31351875
"Ash_Dieback",-3.05210159,53.31228928
"Ash_Dieback",-3.202159093,53.31087107
"Ash_Dieback",-3.352203037,53.30926418
"Ash_Dieback",-3.502231733,53.30746863
"Ash_Dieback",-3.802236629,53.30331175
"Ash_Dieback",-3.952209455,53.30095052
"Ash_Dieback",-4.102160287,53.29840086
"Ash_Dieback",-4.252087443,53.29566281
"Ash_Dieback",-4.401989241,53.29273646
"Ash_Dieback",-4.551864002,53.28962186
"Ash_Dieback",-4.701710049,53.28631912
"Ash_Dieback",0.244461368,53.20590916
"Ash_Dieback",0.094846904,53.20863401
"Ash_Dieback",-0.05479103,53.21117109
"Ash_Dieback",-0.204450761,53.21352033
"Ash_Dieback",-0.354130619,53.21568168
"Ash_Dieback",-0.47165766,54.11615725
"Ash_Dieback",-0.653544015,53.21944048
"Ash_Dieback",-0.803274202,53.22103784
"Ash_Dieback",-0.953017813,53.22244711
"Ash_Dieback",-1.102773169,53.22366827
"Ash_Dieback",-1.252538591,53.22470127
"Ash_Dieback",-1.552092915,53.22620273
"Ash_Dieback",-1.701878454,53.22667114
"Ash_Dieback",-1.851667338,53.22695133
"Ash_Dieback",-2.001457884,53.22704329
"Ash_Dieback",-2.151248411,53.22694701
"Ash_Dieback",-2.301037237,53.22666249
"Ash_Dieback",-2.450822682,53.22618975
"Ash_Dieback",-2.600603063,53.2255288
"Ash_Dieback",-2.750376699,53.22467965
"Ash_Dieback",-2.900141911,53.22364232
"Ash_Dieback",-3.049897019,53.22241684
"Ash_Dieback",-3.199640344,53.22100324
"Ash_Dieback",-3.349370206,53.21940156
"Ash_Dieback",-3.49908493,53.21761184
"Ash_Dieback",-3.648782839,53.21563412
"Ash_Dieback",-3.798462258,53.21346845
"Ash_Dieback",-3.948121512,53.21111489
"Ash_Dieback",-4.097758931,53.2085735
"Ash_Dieback",-4.247372842,53.20584434
"Ash_Dieback",-4.396961578,53.20292748
"Ash_Dieback",-4.54652347,53.19982299
"Ash_Dieback",-4.696056853,53.19653096
"Ash_Dieback",0.239779102,53.11608883
"Ash_Dieback",0.090476217,53.11880485
"Ash_Dieback",-0.05884997,53.1213337
"Ash_Dieback",-0.208197799,53.12367532
"Ash_Dieback",-0.357565609,53.12582966
"Ash_Dieback",-0.50695174,53.12779666
"Ash_Dieback",-0.656354528,53.12957627
"Ash_Dieback",-0.805772309,53.13116845
"Ash_Dieback",-0.955203417,53.13257315
"Ash_Dieback",-1.104646187,53.13379034
"Ash_Dieback",-1.25409895,53.13482
"Ash_Dieback",-1.40356004,53.13566208
"Ash_Dieback",-1.553027788,53.13631658
"Ash_Dieback",-1.702500525,53.13678348
"Ash_Dieback",-1.851976582,53.13706276
"Ash_Dieback",-2.001454289,53.13715441
"Ash_Dieback",-2.150931978,53.13705844
"Ash_Dieback",-2.300407978,53.13677485
"Ash_Dieback",-2.44988062,53.13630365
"Ash_Dieback",-2.599348235,53.13564484
"Ash_Dieback",-2.748809154,53.13479844
"Ash_Dieback",-2.898261709,53.13376448
"Ash_Dieback",-3.047704232,53.13254297
"Ash_Dieback",-3.197135056,53.13113396
"Ash_Dieback",-3.346552515,53.12953748
"Ash_Dieback",-3.495954942,53.12775356
"Ash_Dieback",-3.645340675,53.12578225
"Ash_Dieback",-3.794708051,53.12362361
"Ash_Dieback",-3.944055406,53.12127768
"Ash_Dieback",-4.093381081,53.11874453
"Ash_Dieback",-4.242683418,53.11602421
"Ash_Dieback",-4.391960758,53.11311681
"Ash_Dieback",-4.541211446,53.11002238
"Ash_Dieback",0.086128831,53.02897407
"Ash_Dieback",-0.062887267,53.03149473
"Ash_Dieback",-0.211924854,53.03382877
"Ash_Dieback",-0.36098228,53.03597613
"Ash_Dieback",-0.510057895,53.03793675
"Ash_Dieback",-0.659150049,53.03971059
"Ash_Dieback",-0.808257089,53.04129761
"Ash_Dieback",-0.95737736,53.04269776
"Ash_Dieback",-1.10650921,53.04391101
"Ash_Dieback",-1.255650983,53.04493732
"Ash_Dieback",-1.404801022,53.04577668
"Ash_Dieback",-1.553957672,53.04642906
"Ash_Dieback",-1.703119276,53.04689444
"Ash_Dieback",-1.852284175,53.04717281
"Ash_Dieback",-2.001450714,53.04726417
"Ash_Dieback",-2.150617233,53.04716851
"Ash_Dieback",-2.299782077,53.04688584
"Ash_Dieback",-2.448943586,53.04641616
"Ash_Dieback",-2.598100104,53.04575949
"Ash_Dieback",-2.747249974,53.04491583
"Ash_Dieback",-2.896391539,53.04388522
"Ash_Dieback",-3.045523144,53.04266768
"Ash_Dieback",-3.194643134,53.04126323
"Ash_Dieback",-3.343749853,53.03967192
"Ash_Dieback",-3.49284165,53.03789379
"Ash_Dieback",-3.64191687,53.03592887
"Ash_Dieback",-3.790973864,53.03377722
"Ash_Dieback",-3.94001098,53.03143889
"Ash_Dieback",-4.089026571,53.02891394
"Ash_Dieback",-4.23801899,53.02620244
"Ash_Dieback",-4.38698659,53.02330445
"Ash_Dieback",0.379149351,52.93355888
"Ash_Dieback",-0.066903076,52.94165418
"Ash_Dieback",-0.215632069,52.94398066
"Ash_Dieback",-0.364380761,52.94612107
"Ash_Dieback",-0.513147512,52.94807535
"Ash_Dieback",-0.661930684,52.94984345
"Ash_Dieback",-0.810728636,52.95142533
"Ash_Dieback",-0.959539725,52.95282094
"Ash_Dieback",-1.108362311,52.95403026
"Ash_Dieback",-1.257194748,52.95505325
"Ash_Dieback",-1.406035394,52.95588989
"Ash_Dieback",-1.554882603,52.95654015
"Ash_Dieback",-1.70373473,52.95700403
"Ash_Dieback",-1.85259013,52.9572815
"Ash_Dieback",-2.001447157,52.95737256
"Ash_Dieback",-2.150304165,52.95727722
"Ash_Dieback",-2.299159509,52.95699546
"Ash_Dieback",-2.448011543,52.9565273
"Ash_Dieback",-2.596858621,52.95587275
"Ash_Dieback",-2.745699098,52.95503183
"Ash_Dieback",-2.89453133,52.95400456
"Ash_Dieback",-3.043353672,52.95279096
"Ash_Dieback",-3.192164482,52.95139106
"Ash_Dieback",-3.340962116,52.9498049
"Ash_Dieback",-3.489744933,52.94803252
"Ash_Dieback",-3.638511292,52.94607396
"Ash_Dieback",-3.787259554,52.94392928
"Ash_Dieback",-3.93598808,52.94159852
"Ash_Dieback",-4.084695234,52.93908174
"Ash_Dieback",-4.23337938,52.93637901
"Ash_Dieback",-4.382038884,52.9334904
"Ash_Dieback",-4.530672115,52.93041597
"Ash_Dieback",-4.679277442,52.92715581
"Ash_Dieback",1.263752996,52.82260611
"Ash_Dieback",1.115579928,52.82659119
"Ash_Dieback",0.967372735,52.83039148
"Ash_Dieback",0.819133028,52.83400688
"Ash_Dieback",0.67086242,52.83743732
"Ash_Dieback",0.522562525,52.84068269
"Ash_Dieback",-0.07089755,52.85181205
"Ash_Dieback",-0.219319586,52.85413101
"Ash_Dieback",-0.516220708,52.85821245
"Ash_Dieback",-0.664696539,52.85997483
"Ash_Dieback",-0.813187044,52.86155159
"Ash_Dieback",-1.110205559,52.8641481
"Ash_Dieback",-1.258730306,52.86516778
"Ash_Dieback",-1.555802615,52.86664987
"Ash_Dieback",-1.704346911,52.86711224
"Ash_Dieback",-1.852894457,52.86738882
"Ash_Dieback",-2.001443619,52.86747959
"Ash_Dieback",-2.149992762,52.86738455
"Ash_Dieback",-2.298540252,52.8671037
"Ash_Dieback",-2.447084456,52.86663706
"Ash_Dieback",-2.595623739,52.86598463
"Ash_Dieback",-2.744156468,52.86514643
"Ash_Dieback",-2.89268101,52.86412248
"Ash_Dieback",-3.041195733,52.8629128
"Ash_Dieback",-3.189699006,52.86151744
"Ash_Dieback",-3.338189196,52.85993641
"Ash_Dieback",-3.486664674,52.85816976
"Ash_Dieback",-3.635123811,52.85621754
"Ash_Dieback",-3.78356498,52.85407979
"Ash_Dieback",-3.931986552,52.85175657
"Ash_Dieback",-4.080386904,52.84924793
"Ash_Dieback",-4.228764412,52.84655394
"Ash_Dieback",-4.377117452,52.84367466
"Ash_Dieback",-4.525444405,52.84061017
"Ash_Dieback",-4.673743652,52.83736054
"Ash_Dieback",-4.822013576,52.83392586
"Ash_Dieback",1.404873855,52.72870039
"Ash_Dieback",1.257039839,52.73285671
"Ash_Dieback",1.109170342,52.73682892
"Ash_Dieback",0.961266962,52.74061695
"Ash_Dieback",0.813331298,52.74422068
"Ash_Dieback",0.66536495,52.74764004
"Ash_Dieback",0.517369524,52.75087493
"Ash_Dieback",0.369346623,52.75392528
"Ash_Dieback",0.221297856,52.75679102
"Ash_Dieback",0.073224831,52.75947206
"Ash_Dieback",-0.07487084,52.76196834
"Ash_Dieback",-0.222987545,52.76427981
"Ash_Dieback",-0.5192776,52.76834806
"Ash_Dieback",-0.667447718,52.77010475
"Ash_Dieback",-0.815632408,52.77167641
"Ash_Dieback",-0.96383005,52.77306301
"Ash_Dieback",-1.112039025,52.77426452
"Ash_Dieback",-1.260257713,52.77528091
"Ash_Dieback",-1.408484493,52.77611214
"Ash_Dieback",-1.556717744,52.77675821
"Ash_Dieback",-1.704955843,52.77721908
"Ash_Dieback",-1.853197169,52.77749476
"Ash_Dieback",-2.149683011,52.77749051
"Ash_Dieback",-2.297924282,52.77721057
"Ash_Dieback",-2.446162289,52.77674544
"Ash_Dieback",-2.59439541,52.77609511
"Ash_Dieback",-2.742622025,52.77525962
"Ash_Dieback",-2.89084051,52.77423898
"Ash_Dieback",-3.039049246,52.77303322
"Ash_Dieback",-3.187246611,52.77164236
"Ash_Dieback",-3.335430988,52.77006644
"Ash_Dieback",-3.483600756,52.76830551
"Ash_Dieback",-3.6317543,52.76635959
"Ash_Dieback",-3.779890001,52.76422875
"Ash_Dieback",-3.928006246,52.76191304
"Ash_Dieback",-4.07610142,52.7594125
"Ash_Dieback",-4.224173911,52.75672722
"Ash_Dieback",-4.520244403,52.75080264
"Ash_Dieback",-4.668239186,52.74756351
"Ash_Dieback",-4.816204854,52.74413991
"Ash_Dieback",1.54538993,52.6346361
"Ash_Dieback",1.397894454,52.63896242
"Ash_Dieback",1.250362163,52.64310533
"Ash_Dieback",1.102794641,52.64706475
"Ash_Dieback",0.955193475,52.65084055
"Ash_Dieback",0.807560251,52.65443267
"Ash_Dieback",0.659896561,52.65784099
"Ash_Dieback",0.512203996,52.66106545
"Ash_Dieback",0.364484151,52.66410596
"Ash_Dieback",0.216738622,52.66696244
"Ash_Dieback",0.068969007,52.66963483
"Ash_Dieback",-0.078823095,52.67212306
"Ash_Dieback",-0.226636082,52.67442706
"Ash_Dieback",-0.374468353,52.67654679
"Ash_Dieback",-0.522318303,52.67848218
"Ash_Dieback",-0.670184327,52.68023319
"Ash_Dieback",-0.965958172,52.6831819
"Ash_Dieback",-1.113862778,52.68437953
"Ash_Dieback",-1.261777029,52.68539263
"Ash_Dieback",-1.409699314,52.68622118
"Ash_Dieback",-1.557628024,52.68686516
"Ash_Dieback",-1.705561549,52.68732455
"Ash_Dieback",-1.853498277,52.68759934
"Ash_Dieback",-2.001436598,52.68768952
"Ash_Dieback",-2.149374901,52.6875951
"Ash_Dieback",-2.297311575,52.68731606
"Ash_Dieback",-2.445245008,52.68685243
"Ash_Dieback",-2.59317359,52.68620421
"Ash_Dieback",-2.74109571,52.68537142
"Ash_Dieback",-2.889009759,52.68435407
"Ash_Dieback",-3.036914128,52.6831522
"Ash_Dieback",-3.184807206,52.68176584
"Ash_Dieback",-3.332687388,52.68019501
"Ash_Dieback",-3.480553064,52.67843976
"Ash_Dieback",-3.62840263,52.67650013
"Ash_Dieback",-3.77623448,52.67437617
"Ash_Dieback",-3.924047011,52.67206793
"Ash_Dieback",-4.071838619,52.66957546
"Ash_Dieback",-4.219607705,52.66689884
"Ash_Dieback",1.390951867,52.54922243
"Ash_Dieback",1.243719718,52.553352
"Ash_Dieback",1.096452586,52.55729866
"Ash_Dieback",0.949152044,52.5610623
"Ash_Dieback",0.801819671,52.56464284
"Ash_Dieback",0.654457046,52.56804018
"Ash_Dieback",0.507065749,52.57125424
"Ash_Dieback",0.359647363,52.57428495
"Ash_Dieback",0.212203475,52.57713222
"Ash_Dieback",-0.377795357,52.58668565
"Ash_Dieback",-0.525342931,52.5886148
"Ash_Dieback",-0.672906467,52.59036016
"Ash_Dieback",-0.820484369,52.5919217
"Ash_Dieback",-0.968075041,52.59329936
"Ash_Dieback",-1.263288309,52.59550296
"Ash_Dieback",-1.41090771,52.59632883
"Ash_Dieback",-1.55853349,52.59697073
"Ash_Dieback",-1.70616405,52.59742864
"Ash_Dieback",-1.853797792,52.59770254
"Ash_Dieback",-2.001433116,52.59779243
"Ash_Dieback",-2.149068421,52.59769831
"Ash_Dieback",-2.296702108,52.59742018
"Ash_Dieback",-2.444332578,52.59695804
"Ash_Dieback",-2.591958231,52.59631191
"Ash_Dieback",-2.739577468,52.59548181
"Ash_Dieback",-2.88718869,52.59446775
"Ash_Dieback",-3.0347903,52.59326976
"Ash_Dieback",-3.182380699,52.59188786
"Ash_Dieback",-3.329958292,52.5903221
"Ash_Dieback",-3.477521483,52.58857252
"Ash_Dieback",-3.625068676,52.58663914
"Ash_Dieback",-3.772598279,52.58452203
"Ash_Dieback",-3.920108697,52.58222124
"Ash_Dieback",-4.067598341,52.57973681
"Ash_Dieback",-4.215065621,52.57706882
"Ash_Dieback",1.677802538,52.45070128
"Ash_Dieback",1.530943117,52.45518192
"Ash_Dieback",1.384045837,52.45948043
"Ash_Dieback",1.237112257,52.46359671
"Ash_Dieback",1.090143939,52.46753067
"Ash_Dieback",0.943142446,52.47128219
"Ash_Dieback",0.796109345,52.4748512
"Ash_Dieback",0.649046203,52.4782376
"Ash_Dieback",0.50195459,52.48144131
"Ash_Dieback",0.35483608,52.48446225
"Ash_Dieback",-0.381104806,52.496823
"Ash_Dieback",-0.528351599,52.49874593
"Ash_Dieback",-0.675614241,52.50048567
"Ash_Dieback",-0.822891148,52.50204216
"Ash_Dieback",-1.706763371,52.50753135
"Ash_Dieback",-1.854095726,52.50780437
"Ash_Dieback",-2.001429651,52.50789397
"Ash_Dieback",-2.148763558,52.50780015
"Ash_Dieback",-2.296095859,52.50752291
"Ash_Dieback",-2.443424965,52.50706227
"Ash_Dieback",-2.590749287,52.50641822
"Ash_Dieback",-2.738067239,52.50559079
"Ash_Dieback",-2.885377233,52.50458
"Ash_Dieback",-3.032677682,52.50338587
"Ash_Dieback",-3.179966999,52.50200844
"Ash_Dieback",-3.3272436,52.50044773
"Ash_Dieback",-3.474505899,52.49870378
"Ash_Dieback",-3.621752314,52.49677664
"Ash_Dieback",-3.768981261,52.49466635
"Ash_Dieback",-3.916191159,52.49237297
"Ash_Dieback",-4.063380428,52.48989655
"Ash_Dieback",-4.21054749,52.48723716
"Ash_Dieback",1.523776632,52.36545173
"Ash_Dieback",1.377176107,52.36973642
"Ash_Dieback",1.230539535,52.37383947
"Ash_Dieback",1.083868467,52.37776077
"Ash_Dieback",0.937164457,52.38150023
"Ash_Dieback",0.790429059,52.38505775
"Ash_Dieback",0.64366383,52.38843326
"Ash_Dieback",0.496870331,52.39162666
"Ash_Dieback",0.350050121,52.39463788
"Ash_Dieback",0.203204763,52.39746684
"Ash_Dieback",-0.237466538,52.40485953
"Ash_Dieback",-0.384396823,52.40695883
"Ash_Dieback",-0.531344417,52.40887556
"Ash_Dieback",-0.678307749,52.41060969
"Ash_Dieback",-0.825285246,52.41216118
"Ash_Dieback",-0.972275336,52.41352998
"Ash_Dieback",-1.266286991,52.41571939
"Ash_Dieback",-1.413305407,52.41653995
"Ash_Dieback",-1.560330113,52.41717772
"Ash_Dieback",-1.707359533,52.41763268
"Ash_Dieback",-1.854392089,52.41790481
"Ash_Dieback",-2.001426204,52.41799413
"Ash_Dieback",-2.148460302,52.41790061
"Ash_Dieback",-2.295492805,52.41762427
"Ash_Dieback",-2.442522135,52.41716511
"Ash_Dieback",-2.589546715,52.41652314
"Ash_Dieback",-2.73656497,52.41569838
"Ash_Dieback",-2.883575321,52.41469084
"Ash_Dieback",-3.030576195,52.41350056
"Ash_Dieback",-3.177566016,52.41212756
"Ash_Dieback",-3.324543209,52.41057187
"Ash_Dieback",-3.471506201,52.40883354
"Ash_Dieback",-3.618453419,52.40691261
"Ash_Dieback",-3.765383292,52.40480912
"Ash_Dieback",-3.91229425,52.40252312
"Ash_Dieback",-4.059184723,52.40005468
"Ash_Dieback",-4.206053145,52.39740385
"Ash_Dieback",1.516647742,52.27571948
"Ash_Dieback",1.370342423,52.27999041
"Ash_Dieback",1.224001309,52.28408028
"Ash_Dieback",1.077625939,52.28798897
"Ash_Dieback",0.931217856,52.29171641
"Ash_Dieback",0.784778604,52.2952625
"Ash_Dieback",0.63830973,52.29862716
"Ash_Dieback",0.491812781,52.30181029
"Ash_Dieback",0.345289309,52.30481182
"Ash_Dieback",0.198740865,52.30763169
"Ash_Dieback",0.052169003,52.31026981
"Ash_Dieback",-0.094424722,52.31272614
"Ash_Dieback",-0.241038752,52.31500059
"Ash_Dieback",-0.38767153,52.31709313
"Ash_Dieback",-0.534321497,52.3190037
"Ash_Dieback",-0.680987092,52.32073225
"Ash_Dieback",-0.827666753,52.32227874
"Ash_Dieback",-0.974358918,52.32364314
"Ash_Dieback",-1.121062023,52.3248254
"Ash_Dieback",-1.267774505,52.3258255
"Ash_Dieback",-1.414494798,52.32664342
"Ash_Dieback",-1.561221337,52.32727913
"Ash_Dieback",-1.707952557,52.32773262
"Ash_Dieback",-1.854686892,52.32800389
"Ash_Dieback",-2.001422776,52.32809291
"Ash_Dieback",-2.148158641,52.3279997
"Ash_Dieback",-2.294892923,52.32772424
"Ash_Dieback",-2.441624054,52.32726656
"Ash_Dieback",-2.588350469,52.32662666
"Ash_Dieback",-2.735070602,52.32580455
"Ash_Dieback",-2.881782888,52.32480026
"Ash_Dieback",-3.028485762,52.32361381
"Ash_Dieback",-3.17517766,52.32224523
"Ash_Dieback",-3.321857019,52.32069455
"Ash_Dieback",-3.468522276,52.31896181
"Ash_Dieback",-3.615171869,52.31704706
"Ash_Dieback",-3.761804239,52.31495034
"Ash_Dieback",-3.908417825,52.3126717
"Ash_Dieback",-4.05501107,52.3102112
"Ash_Dieback",-4.201582417,52.30756889
"Ash_Dieback",1.509556186,52.18598518
"Ash_Dieback",1.363544535,52.1902424
"Ash_Dieback",1.217497338,52.19431913
"Ash_Dieback",1.071416124,52.19821528
"Ash_Dieback",0.779157772,52.20546545
"Ash_Dieback",0.632983703,52.20881929
"Ash_Dieback",0.486781756,52.2119922
"Ash_Dieback",0.340553469,52.21498409
"Ash_Dieback",0.194300385,52.21779489
"Ash_Dieback",-0.098274004,52.22287296
"Ash_Dieback",-0.390929049,52.22722592
"Ash_Dieback",-0.537282949,52.22913034
"Ash_Dieback",-0.683652368,52.23085333
"Ash_Dieback",-0.830035756,52.23239485
"Ash_Dieback",-0.976431559,52.23375486
"Ash_Dieback",-1.122838227,52.23493332
"Ash_Dieback",-1.269254206,52.2359302
"Ash_Dieback",-1.415677942,52.23674549
"Ash_Dieback",-1.562107881,52.23737916
"Ash_Dieback",-1.708542468,52.23783119
"Ash_Dieback",-1.854980148,52.23810158
"Ash_Dieback",-2.001419365,52.23819032
"Ash_Dieback",-2.147858565,52.2380974
"Ash_Dieback",-2.294296192,52.23782284
"Ash_Dieback",-2.44073069,52.23736663
"Ash_Dieback",-2.587160505,52.23672878
"Ash_Dieback",-2.733584082,52.23590932
"Ash_Dieback",-2.879999867,52.23490826
"Ash_Dieback",-3.026406305,52.23372562
"Ash_Dieback",-3.172801844,52.23236144
"Ash_Dieback",-3.319184931,52.23081575
"Ash_Dieback",-3.465554014,52.22908859
"Ash_Dieback",-3.611907544,52.22717999
"Ash_Dieback",-3.758243969,52.22509001
"Ash_Dieback",-3.904561742,52.2228187
"Ash_Dieback",-4.050859316,52.2203661
"Ash_Dieback",-4.197135144,52.21773229
"Ash_Dieback",-4.343387682,52.21491732
"Ash_Dieback",1.502501703,52.09624882
"Ash_Dieback",1.356782195,52.10049239
"Ash_Dieback",1.211027386,52.10455604
"Ash_Dieback",1.065238796,52.10843969
"Ash_Dieback",0.919417945,52.11214324
"Ash_Dieback",0.773566356,52.11566659
"Ash_Dieback",0.627685556,52.11900967
"Ash_Dieback",0.335842428,52.12515467
"Ash_Dieback",0.18988316,52.12795645
"Ash_Dieback",0.043900799,52.13057765
"Ash_Dieback",-0.102103122,52.13301821
"Ash_Dieback",-0.248127067,52.13527807
"Ash_Dieback",-0.3941695,52.13735718
"Ash_Dieback",-0.686303676,52.14097294
"Ash_Dieback",-0.832392341,52.14250951
"Ash_Dieback",-0.978493337,52.14386514
"Ash_Dieback",-1.270726151,52.1460335
"Ash_Dieback",-1.416854884,52.14684616
"Ash_Dieback",-1.562989777,52.14747779
"Ash_Dieback",-1.709129285,52.14792837
"Ash_Dieback",-1.855271865,52.1481979
"Ash_Dieback",-2.001415972,52.14828635
"Ash_Dieback",-2.147560061,52.14819373
"Ash_Dieback",-2.293702589,52.14792005
"Ash_Dieback",-2.439842009,52.1474653
"Ash_Dieback",-2.585976779,52.14682951
"Ash_Dieback",-2.732105355,52.14601268
"Ash_Dieback",-2.878226192,52.14501483
"Ash_Dieback",-3.024337748,52.143836
"Ash_Dieback",-3.17043848,52.14247621
"Ash_Dieback",-3.316526847,52.14093548
"Ash_Dieback",-3.462601307,52.13921387
"Ash_Dieback",-3.608660322,52.1373114
"Ash_Dieback",-3.754702352,52.13522814
"Ash_Dieback",-3.900725859,52.13296412
"Ash_Dieback",-4.046729307,52.1305194
"Ash_Dieback",-4.19271116,52.12789405
"Ash_Dieback",-4.338669885,52.12508812
"Ash_Dieback",-4.48460395,52.12210169
"Ash_Dieback",-4.630511824,52.11893482
"Ash_Dieback",-4.776391978,52.11558759
"Ash_Dieback",1.350055155,52.01074038
"Ash_Dieback",1.059093728,52.01866221
"Ash_Dieback",0.913564203,52.02235388
"Ash_Dieback",0.768004153,52.02586594
"Ash_Dieback",0.622415094,52.02919829
"Ash_Dieback",0.476798541,52.03235087
"Ash_Dieback",0.331156012,52.03532358
"Ash_Dieback",0.185489029,52.03811637
"Ash_Dieback",0.039799112,52.04072916
"Ash_Dieback",-0.105912215,52.04316188
"Ash_Dieback",-0.688941113,52.05109108
"Ash_Dieback",-0.834736597,52.05262271
"Ash_Dieback",-0.980544325,52.05397399
"Ash_Dieback",-1.126362767,52.05514489
"Ash_Dieback",-1.272190392,52.05613538
"Ash_Dieback",-1.418025666,52.05694544
"Ash_Dieback",-1.563867056,52.05757504
"Ash_Dieback",-1.709713031,52.05802417
"Ash_Dieback",-1.855562055,52.05829283
"Ash_Dieback",-2.001412596,52.058381
"Ash_Dieback",-2.14726312,52.05828868
"Ash_Dieback",-2.293112092,52.05801587
"Ash_Dieback",-2.43895798,52.05756259
"Ash_Dieback",-2.584799249,52.05692883
"Ash_Dieback",-2.730634366,52.05611463
"Ash_Dieback",-2.876461798,52.05511999
"Ash_Dieback",-3.022280014,52.05394494
"Ash_Dieback",-3.168087481,52.05258951
"Ash_Dieback",-3.313882669,52.05105374
"Ash_Dieback",-3.459664047,52.04933765
"Ash_Dieback",-3.605430086,52.04744129
"Ash_Dieback",-3.751179258,52.04536471
"Ash_Dieback",-3.896910035,52.04310796
"Ash_Dieback",-4.042620893,52.04067109
"Ash_Dieback",-4.188310305,52.03805416
"Ash_Dieback",-4.33397675,52.03525724
"Ash_Dieback",-4.479618705,52.03228038
"Ash_Dieback",-4.62523465,52.02912368
"Ash_Dieback",-4.770823067,52.02578719
"Ash_Dieback",-4.91638244,52.022271
"Ash_Dieback",1.343363171,51.92098638
"Ash_Dieback",1.198188593,51.92502404
"Ash_Dieback",1.052980698,51.92888284
"Ash_Dieback",0.907740986,51.93256268
"Ash_Dieback",0.762470961,51.93606348
"Ash_Dieback",0.617172126,51.93938516
"Ash_Dieback",0.326494052,51.94549081
"Ash_Dieback",0.181117831,51.94827464
"Ash_Dieback",0.035718835,51.95087905
"Ash_Dieback",-0.109701423,51.95330398
"Ash_Dieback",-0.255141429,51.95554936
"Ash_Dieback",-0.400599667,51.95761515
"Ash_Dieback",-0.546074622,51.95950129
"Ash_Dieback",-0.691564775,51.96120774
"Ash_Dieback",-0.837068607,51.96273446
"Ash_Dieback",-0.9825846,51.9640814
"Ash_Dieback",-1.273646983,51.96623586
"Ash_Dieback",-1.419190331,51.96704331
"Ash_Dieback",-1.564739753,51.9676709
"Ash_Dieback",-1.710293726,51.96811859
"Ash_Dieback",-1.855850729,51.96838638
"Ash_Dieback",-2.001409238,51.96847427
"Ash_Dieback",-2.14696773,51.96838224
"Ash_Dieback",-2.292524681,51.96811031
"Ash_Dieback",-2.438078568,51.96765848
"Ash_Dieback",-2.583627869,51.96702676
"Ash_Dieback",-2.729171061,51.96621517
"Ash_Dieback",-2.874706621,51.96522372
"Ash_Dieback",-3.020233029,51.96405244
"Ash_Dieback",-3.165748762,51.96270136
"Ash_Dieback",-3.311252301,51.96117051
"Ash_Dieback",-3.456742125,51.95945993
"Ash_Dieback",-3.602216717,51.95756966
"Ash_Dieback",-3.747674558,51.95549974
"Ash_Dieback",-3.893114132,51.95325023
"Ash_Dieback",-4.038533924,51.95082117
"Ash_Dieback",-4.183932419,51.94821263
"Ash_Dieback",-4.329308104,51.94542468
"Ash_Dieback",-4.47465947,51.94245737
"Ash_Dieback",-4.619985005,51.93931078
"Ash_Dieback",-4.765283202,51.93598498
"Ash_Dieback",-4.910552556,51.93248006
"Ash_Dieback",-5.055791561,51.9287961
"Ash_Dieback",-5.200998715,51.92493319
"Ash_Dieback",1.191819287,51.83525513
"Ash_Dieback",0.756966579,51.84625923
"Ash_Dieback",0.466919229,51.85270267
"Ash_Dieback",0.321856378,51.85565637
"Ash_Dieback",0.176769409,51.85843128
"Ash_Dieback",-0.258621197,51.86568269
"Ash_Dieback",-0.694174757,51.87132293
"Ash_Dieback",-0.984614235,51.87418738
"Ash_Dieback",-1.275095978,51.87633492
"Ash_Dieback",-1.420348921,51.87713979
"Ash_Dieback",-1.565607897,51.87776536
"Ash_Dieback",-1.710871393,51.87821162
"Ash_Dieback",-1.856137898,51.87847855
"Ash_Dieback",-2.001405898,51.87856615
"Ash_Dieback",-2.14667388,51.87847442
"Ash_Dieback",-2.291940333,51.87820337
"Ash_Dieback",-2.437203744,51.87775298
"Ash_Dieback",-2.582462599,51.87712329
"Ash_Dieback",-2.727715388,51.8763143
"Ash_Dieback",-2.872960598,51.87532603
"Ash_Dieback",-3.018196718,51.87415851
"Ash_Dieback",-3.163422238,51.87281176
"Ash_Dieback",-3.308635647,51.87128582
"Ash_Dieback",-3.453835437,51.86958072
"Ash_Dieback",-3.599020099,51.86769651
"Ash_Dieback",-3.744188126,51.86563322
"Ash_Dieback",-3.889338012,51.86339092
"Ash_Dieback",-4.034468251,51.86096964
"Ash_Dieback",-4.179577341,51.85836946
"Ash_Dieback",-4.32466378,51.85559044
"Ash_Dieback",-4.469726065,51.85263263
"Ash_Dieback",-4.614762698,51.84949612
"Ash_Dieback",-4.759772182,51.84618098
"Ash_Dieback",-4.90475302,51.84268728
"Ash_Dieback",-5.049703718,51.83901511
"Ash_Dieback",-5.194622786,51.83516456
"Ash_Dieback",-5.339508732,51.83113573
"Ash_Dieback",1.040849869,51.74931844
"Ash_Dieback",0.896185288,51.75297476
"Ash_Dieback",0.751490808,51.75645319
"Ash_Dieback",0.606767913,51.75975363
"Ash_Dieback",0.462018089,51.76287601
"Ash_Dieback",0.317242823,51.76582025
"Ash_Dieback",0.172443604,51.76858628
"Ash_Dieback",0.027621923,51.77117403
"Ash_Dieback",-0.117220729,51.77358345
"Ash_Dieback",-0.262082858,51.77581447
"Ash_Dieback",-0.406962969,51.77786704
"Ash_Dieback",-0.551859566,51.77974111
"Ash_Dieback",-0.696771153,51.78143664
"Ash_Dieback",-0.986633304,51.78429191
"Ash_Dieback",-1.131580869,51.78545158
"Ash_Dieback",-1.276537428,51.78643257
"Ash_Dieback",-1.421501478,51.78723486
"Ash_Dieback",-1.56647152,51.78785843
"Ash_Dieback",-1.711446052,51.78830326
"Ash_Dieback",-1.85642357,51.78856933
"Ash_Dieback",-2.001402574,51.78865666
"Ash_Dieback",-2.146381561,51.78856522
"Ash_Dieback",-2.291359028,51.78829503
"Ash_Dieback",-2.436333474,51.78784609
"Ash_Dieback",-2.581303396,51.78721842
"Ash_Dieback",-2.726267294,51.78641202
"Ash_Dieback",-2.871223664,51.78542692
"Ash_Dieback",-3.016171008,51.78426313
"Ash_Dieback",-3.161107824,51.7829207
"Ash_Dieback",-3.306032613,51.78139965
"Ash_Dieback",-3.450943876,51.77970001
"Ash_Dieback",-3.595840115,51.77782183
"Ash_Dieback",-3.740719835,51.77576515
"Ash_Dieback",-3.885581537,51.77353003
"Ash_Dieback",-4.030423729,51.77111651
"Ash_Dieback",-4.175244917,51.76852466
"Ash_Dieback",-4.320043608,51.76575453
"Ash_Dieback",-4.464818312,51.76280619
"Ash_Dieback",-4.609567541,51.75967972
"Ash_Dieback",-4.754289806,51.75637518
"Ash_Dieback",-4.898983623,51.75289266
"Ash_Dieback",-5.043647508,51.74923224
"Ash_Dieback",-5.188279978,51.74539401
"Ash_Dieback",0.746043453,51.66664535
"Ash_Dieback",0.601606295,51.66993524
"Ash_Dieback",0.457142392,51.67304763
"Ash_Dieback",0.312653222,51.67598245
"Ash_Dieback",0.168140262,51.67873963
"Ash_Dieback",0.023604995,51.68131911
"Ash_Dieback",-0.410119832,51.6879907
"Ash_Dieback",-0.554729502,51.68985877
"Ash_Dieback",-0.699354058,51.69154887
"Ash_Dieback",-0.843992013,51.69306096
"Ash_Dieback",-0.988641879,51.694395
"Ash_Dieback",-1.133302167,51.69555096
"Ash_Dieback",-1.277971385,51.69652882
"Ash_Dieback",-1.422648045,51.69732854
"Ash_Dieback",-1.567330655,51.6979501
"Ash_Dieback",-1.712017723,51.69839351
"Ash_Dieback",-1.856707758,51.69865873
"Ash_Dieback",-2.001399268,51.69874578
"Ash_Dieback",-2.146090761,51.69865463
"Ash_Dieback",-2.290780745,51.69838531
"Ash_Dieback",-2.435467728,51.69793781
"Ash_Dieback",-2.580150219,51.69731214
"Ash_Dieback",-2.724826726,51.69650832
"Ash_Dieback",-2.869495758,51.69552638
"Ash_Dieback",-3.014155825,51.69436632
"Ash_Dieback",-3.158805437,51.69302818
"Ash_Dieback",-3.303443105,51.691512
"Ash_Dieback",-3.448067339,51.6898178
"Ash_Dieback",-3.592676653,51.68794563
"Ash_Dieback",-3.73726956,51.68589554
"Ash_Dieback",-3.881844574,51.68366757
"Ash_Dieback",-4.026400211,51.68126177
"Ash_Dieback",-4.170934988,51.67867821
"Ash_Dieback",-4.315447423,51.67591694
"Ash_Dieback",-4.604399347,51.66986156
"Ash_Dieback",-4.74883588,51.66656759
"Ash_Dieback",-4.89324416,51.6630962
"Ash_Dieback",-5.037622712,51.65944748
"Ash_Dieback",-5.181970065,51.65562152
"Ash_Dieback",0.596471421,51.5801151
"Ash_Dieback",0.452291962,51.58321755
"Ash_Dieback",0.308087409,51.58614299
"Ash_Dieback",0.163859229,51.58889135
"Ash_Dieback",0.019608894,51.59146258
"Ash_Dieback",-0.124662125,51.59385661
"Ash_Dieback",-0.268952356,51.59607338
"Ash_Dieback",-0.413260322,51.59811284
"Ash_Dieback",-0.557584551,51.59997494
"Ash_Dieback",-0.701923564,51.60165963
"Ash_Dieback",-0.846275884,51.60316689
"Ash_Dieback",-0.990640033,51.60449666
"Ash_Dieback",-1.135014533,51.60564892
"Ash_Dieback",-1.279397902,51.60662364
"Ash_Dieback",-1.423788662,51.6074208
"Ash_Dieback",-1.712586427,51.60848237
"Ash_Dieback",-2.001395978,51.60883351
"Ash_Dieback",-2.145801469,51.60874266
"Ash_Dieback",-2.290205462,51.6084742
"Ash_Dieback",-2.434606474,51.60802813
"Ash_Dieback",-2.579003025,51.60740446
"Ash_Dieback",-2.723393633,51.60660322
"Ash_Dieback",-2.867776818,51.60562441
"Ash_Dieback",-3.012151098,51.60446806
"Ash_Dieback",-3.156514995,51.60313421
"Ash_Dieback",-3.300867029,51.60162287
"Ash_Dieback",-3.445205723,51.59993409
"Ash_Dieback",-3.589529598,51.59806791
"Ash_Dieback",-3.733837178,51.59602437
"Ash_Dieback",-3.878126988,51.59380353
"Ash_Dieback",-4.022397554,51.59140542
"Ash_Dieback",-4.166647402,51.58883012
"Ash_Dieback",-4.310875061,51.58607768
"Ash_Dieback",-4.743410208,51.5767582
"Ash_Dieback",-4.887534424,51.57329791
"Ash_Dieback",-5.031629115,51.56966085
"Ash_Dieback",0.159600352,51.49904144
"Ash_Dieback",-0.12835394,51.50399083
"Ash_Dieback",-0.272360438,51.50620051
"Ash_Dieback",-0.560424815,51.5100896
"Ash_Dieback",-0.704479762,51.51176892
"Ash_Dieback",-0.848547925,51.51327135
"Ash_Dieback",-0.992627837,51.51459687
"Ash_Dieback",-1.136718028,51.51574545
"Ash_Dieback",-1.280817029,51.51671706
"Ash_Dieback",-1.424923369,51.51751167
"Ash_Dieback",-1.569035578,51.51812927
"Ash_Dieback",-1.713152184,51.51856984
"Ash_Dieback",-1.857271717,51.51883337
"Ash_Dieback",-2.001392705,51.51891986
"Ash_Dieback",-2.145513676,51.5188293
"Ash_Dieback",-2.289633159,51.51856169
"Ash_Dieback",-2.433749682,51.51811705
"Ash_Dieback",-2.577861774,51.51749538
"Ash_Dieback",-2.721967964,51.51669669
"Ash_Dieback",-2.866066781,51.51572102
"Ash_Dieback",-3.010156755,51.51456837
"Ash_Dieback",-3.154236416,51.51323877
"Ash_Dieback",-3.298304295,51.51173227
"Ash_Dieback",-3.586398838,51.50818867
"Ash_Dieback",-3.730422567,51.50615166
"Ash_Dieback",-3.874428647,51.50393791
"Ash_Dieback",-4.162382006,51.49898039
"Ash_Dieback",-4.306326359,51.49623674
"Ash_Dieback",0.72986994,51.39721111
"Ash_Dieback",0.586281179,51.40046958
"Ash_Dieback",0.442666217,51.40355225
"Ash_Dieback",0.299026501,51.40645904
"Ash_Dieback",0.15536348,51.40918988
"Ash_Dieback",0.011678604,51.41174471
"Ash_Dieback",-0.132026676,51.41412347
"Ash_Dieback",-0.275750905,51.4163261
"Ash_Dieback",-0.41949263,51.41835255
"Ash_Dieback",-0.563250395,51.42020277
"Ash_Dieback",-0.707022743,51.42187672
"Ash_Dieback",-0.850808218,51.42337436
"Ash_Dieback",-0.994605362,51.42469564
"Ash_Dieback",-1.138412714,51.42584055
"Ash_Dieback",-1.282228816,51.42680906
"Ash_Dieback",-1.713715016,51.42865592
"Ash_Dieback",-1.85755151,51.42891861
"Ash_Dieback",-2.001389449,51.42900482
"Ash_Dieback",-2.145227372,51.42891455
"Ash_Dieback",-2.289063817,51.4286478
"Ash_Dieback",-2.432897322,51.42820457
"Ash_Dieback",-2.576726426,51.42758489
"Ash_Dieback",-2.720549668,51.42678876
"Ash_Dieback",-2.864365587,51.42581619
"Ash_Dieback",-3.151969618,51.42334188
"Ash_Dieback",-3.295754811,51.42184019
"Ash_Dieback",-3.439526845,51.42016218
"Ash_Dieback",-3.583284261,51.41830791
"Ash_Dieback",-3.727025605,51.41627741
"Ash_Dieback",1.297480853,51.29265292
"Ash_Dieback",1.154290423,51.29660118
"Ash_Dieback",1.011068236,51.30037453
"Ash_Dieback",0.867815723,51.30397287
"Ash_Dieback",0.724534317,51.30739612
"Ash_Dieback",0.581225451,51.3106442
"Ash_Dieback",0.437890561,51.31371704
"Ash_Dieback",0.294531085,51.31661456
"Ash_Dieback",0.151148462,51.31933669
"Ash_Dieback",0.007744133,51.32188337
"Ash_Dieback",-0.135680461,51.32425454
"Ash_Dieback",-0.279123876,51.32645014
"Ash_Dieback",-0.422584668,51.32847013
"Ash_Dieback",-0.566061391,51.33031444
"Ash_Dieback",-0.709552598,51.33198305
"Ash_Dieback",-0.853056843,51.3334759
"Ash_Dieback",-0.996572677,51.33479297
"Ash_Dieback",-1.283633314,51.33689964
"Ash_Dieback",-1.427175217,51.33768918
"Ash_Dieback",-1.57072291,51.33830284
"Ash_Dieback",-1.71427494,51.3387406
"Ash_Dieback",-1.857829858,51.33900245
"Ash_Dieback",-2.144942546,51.33899841
"Ash_Dieback",-2.288497414,51.33873251
"Ash_Dieback",-2.432049362,51.3382907
"Ash_Dieback",-2.575596939,51.33767299
"Ash_Dieback",-2.719138694,51.3368794
"Ash_Dieback",-2.862673176,51.33590995
"Ash_Dieback",-3.006198935,51.33476465
"Ash_Dieback",-3.293218487,51.33194663
"Ash_Dieback",-3.436709381,51.33027398
"Ash_Dieback",1.291060809,51.20288311
"Ash_Dieback",1.148148037,51.2068188
"Ash_Dieback",1.005203723,51.21058012
"Ash_Dieback",0.862229287,51.214167
"Ash_Dieback",0.719226154,51.21757935
"Ash_Dieback",0.576195746,51.22081708
"Ash_Dieback",0.433139491,51.22388013
"Ash_Dieback",0.290058817,51.22676841
"Ash_Dieback",0.146955152,51.22948187
"Ash_Dieback",0.003829927,51.23202043
"Ash_Dieback",-0.139315424,51.23438404
"Ash_Dieback",-0.28247947,51.23657264
"Ash_Dieback",-0.425660774,51.23858618
"Ash_Dieback",-0.568857902,51.24042461
"Ash_Dieback",-0.855293879,51.24357599
"Ash_Dieback",-0.998529852,51.24488886
"Ash_Dieback",-1.141775896,51.24602647
"Ash_Dieback",-1.285030572,51.2469888
"Ash_Dieback",-1.428292438,51.24777583
"Ash_Dieback",-1.571560054,51.24838753
"Ash_Dieback",-1.714831978,51.2488239
"Ash_Dieback",-1.85810677,51.24908491
"Ash_Dieback",-2.001382987,51.24917057
"Ash_Dieback",-2.287933931,51.24881583
"Ash_Dieback",-2.431205773,51.24837543
"Ash_Dieback",-2.574473275,51.24775969
"Ash_Dieback",-2.717734993,51.24696863
"Ash_Dieback",-2.860989489,51.24600227
"Ash_Dieback",1.142037193,51.1170345
"Ash_Dieback",0.99936933,51.12078385
"Ash_Dieback",0.85667155,51.12435931
"Ash_Dieback",0.713945265,51.1277608
"Ash_Dieback",0.57119189,51.13098822
"Ash_Dieback",0.428412841,51.13404151
"Ash_Dieback",0.285609538,51.1369206
"Ash_Dieback",0.142783401,51.13962541
"Ash_Dieback",-6.42e-05,51.14215588
"Ash_Dieback",-0.142931694,51.14451196
"Ash_Dieback",-0.285817805,51.14669359
"Ash_Dieback",-0.428721057,51.14870071
"Ash_Dieback",-0.571640026,51.15053329
"Ash_Dieback",-0.714573285,51.15219127
"Ash_Dieback",-0.857519404,51.15367462
"Ash_Dieback",-1.000476956,51.1549833
"Ash_Dieback",-1.143444511,51.15611729
"Ash_Dieback",-1.286420639,51.15707655
"Ash_Dieback",-1.429403908,51.15786107
"Ash_Dieback",-1.572392889,51.15847082
"Ash_Dieback",-1.715386149,51.15890579
"Ash_Dieback",-1.858382257,51.15916598
"Ash_Dieback",-2.144377288,51.15916195
"Ash_Dieback",-2.287373347,51.15889775
"Ash_Dieback",-2.430366526,51.15845875
"Ash_Dieback",-2.573355393,51.15784498
"Ash_Dieback",-2.716338516,51.15705644
"Ash_Dieback",-2.859314465,51.15609316
"Ash_Dieback",-3.145239116,51.15364245
"Ash_Dieback",-3.28818496,51.15215508
"Ash_Dieback",-3.574036537,51.14865649
"Ash_Dieback",-3.85982512,51.1444597
"Ash_Dieback",-4.145539306,51.13956513
"Ash_Dieback",-4.288364941,51.1368563
"Ash_Dieback",0.993564856,51.03098572
"Ash_Dieback",0.851142317,51.03454981
"Ash_Dieback",0.708691465,51.03794047
"Ash_Dieback",0.566213706,51.04115762
"Ash_Dieback",0.423710447,51.04420119
"Ash_Dieback",0.281183096,51.04707111
"Ash_Dieback",-0.003938238,51.05228973
"Ash_Dieback",-0.146529397,51.05463831
"Ash_Dieback",-0.289138997,51.05681299
"Ash_Dieback",-0.431765624,51.05881372
"Ash_Dieback",-0.574407862,51.06064046
"Ash_Dieback",-0.717064292,51.06229316
"Ash_Dieback",-0.859733497,51.06377179
"Ash_Dieback",-1.002414057,51.0650763
"Ash_Dieback",-1.145104553,51.06620668
"Ash_Dieback",-1.287803563,51.06716288
"Ash_Dieback",-1.430509668,51.0679449
"Ash_Dieback",-1.573221445,51.06855271
"Ash_Dieback",-1.715937472,51.0689863
"Ash_Dieback",-1.858656328,51.06924565
"Ash_Dieback",-2.001376591,51.06933076
"Ash_Dieback",-2.144096837,51.06924164
"Ash_Dieback",-2.286815644,51.06897828
"Ash_Dieback",-2.429531591,51.06854068
"Ash_Dieback",-2.572243255,51.06792886
"Ash_Dieback",-2.714949214,51.06714284
"Ash_Dieback",-3.285687581,51.06225708
"Ash_Dieback",-3.428343704,51.06060038
"Ash_Dieback",-4.141382613,51.04970722
"Ash_Dieback",0.703464574,50.94811836
"Ash_Dieback",0.561261023,50.95132528
"Ash_Dieback",0.419032144,50.95435917
"Ash_Dieback",0.276779334,50.95721996
"Ash_Dieback",0.134503996,50.95990759
"Ash_Dieback",-0.007792469,50.96242198
"Ash_Dieback",-0.150108656,50.96476308
"Ash_Dieback",-0.292443162,50.96693084
"Ash_Dieback",-0.434794581,50.96892521
"Ash_Dieback",-0.577161504,50.97074613
"Ash_Dieback",-0.719542525,50.97239357
"Ash_Dieback",-0.861936234,50.97386749
"Ash_Dieback",-1.004341223,50.97516786
"Ash_Dieback",-1.14675608,50.97629463
"Ash_Dieback",-1.289179394,50.97724779
"Ash_Dieback",-1.431609755,50.97802732
"Ash_Dieback",-1.57404575,50.97863319
"Ash_Dieback",-1.716485967,50.9790654
"Ash_Dieback",-1.858928993,50.97932393
"Ash_Dieback",-2.143817824,50.97931993
"Ash_Dieback",-2.286260802,50.97905741
"Ash_Dieback",-2.428700939,50.9786212
"Ash_Dieback",-2.713567038,50.97722781
"Ash_Dieback",-3.283203009,50.97235761
"Ash_Dieback",-3.567950312,50.96888126
"Ash_Dieback",-3.710301361,50.9668829
"Ash_Dieback",-3.852635467,50.96471115
"Ash_Dieback",-3.994951222,50.96236606
"Ash_Dieback",-4.137247222,50.95984768
"Ash_Dieback",-4.279522064,50.95715607
"Ash_Dieback",-4.421774345,50.95429129
"Ash_Dieback",0.55633367,50.8614912
"Ash_Dieback",0.41437777,50.86451545
"Ash_Dieback",0.272398102,50.86736715
"Ash_Dieback",0.130396056,50.87004623
"Ash_Dieback",-0.011626976,50.87255263
"Ash_Dieback",-0.153669598,50.87488629
"Ash_Dieback",-0.295730415,50.87704715
"Ash_Dieback",-0.437808031,50.87903518
"Ash_Dieback",-0.579901049,50.88085031
"Ash_Dieback",-0.557584551,51.59997494
"Ash_Dieback",-0.864127693,50.88396174
"Ash_Dieback",-1.00625852,50.88525796
"Ash_Dieback",-1.148399149,50.88638115
"Ash_Dieback",-1.290548179,50.88733128
"Ash_Dieback",-1.432704208,50.88810833
"Ash_Dieback",-1.574865833,50.88871228
"Ash_Dieback",-1.717031652,50.88914311
"Ash_Dieback",-1.859200262,50.88940081
"Ash_Dieback",-2.001370259,50.88948539
"Ash_Dieback",-2.14354024,50.88939683
"Ash_Dieback",-2.285708801,50.88913514
"Ash_Dieback",-2.570036054,50.88809239
"Ash_Dieback",-2.71219194,50.88731136
"Ash_Dieback",-2.854340795,50.88635725
"Ash_Dieback",-3.280731157,50.88245666
"Ash_Dieback",-3.422837875,50.88081048
"Ash_Dieback",-3.564930558,50.87899136
"Ash_Dieback",-3.707007808,50.87699936
"Ash_Dieback",-3.849068228,50.87483452
"Ash_Dieback",-3.99111042,50.87249688
"Ash_Dieback",-4.275134544,50.86730346
"Ash_Dieback",-4.417113688,50.86444779
"Ash_Dieback",-4.559069031,50.86141956
"Ash_Dieback",0.409747167,50.77467003
"Ash_Dieback",0.268039247,50.77751267
"Ash_Dieback",0.1263091,50.78018324
"Ash_Dieback",-0.157212344,50.78500792
"Ash_Dieback",-0.299000869,50.78716192
"Ash_Dieback",-0.440806081,50.78914362
"Ash_Dieback",-0.72446101,50.79258996
"Ash_Dieback",-1.150033817,50.79646625
"Ash_Dieback",-1.433793064,50.79818793
"Ash_Dieback",-1.717574547,50.79921942
"Ash_Dieback",-1.859470143,50.7994763
"Ash_Dieback",-2.001367117,50.79956061
"Ash_Dieback",-2.143264075,50.79947233
"Ash_Dieback",-2.285159623,50.79921147
"Ash_Dieback",-2.427052368,50.79877804
"Ash_Dieback",-2.568940916,50.79817204
"Ash_Dieback",-2.994567443,50.79531882
"Ash_Dieback",-3.278271941,50.79255422
"Ash_Dieback",-3.42010606,50.79091327
"Ash_Dieback",-3.561926238,50.78909994
"Ash_Dieback",-3.703731086,50.78711427
"Ash_Dieback",-3.845519216,50.78495631
"Ash_Dieback",-3.987289241,50.7826261
"Ash_Dieback",-4.129039775,50.78012371
"Ash_Dieback",-4.270769433,50.77744918
"Ash_Dieback",-4.412476831,50.77460258
"Ash_Dieback",0.122242989,50.69031862
"Ash_Dieback",-0.868477075,50.70414584
"Ash_Dieback",-1.293264798,50.707494
"Ash_Dieback",-1.434876362,50.70826612
"Ash_Dieback",-1.859738645,50.70955039
"Ash_Dieback",-2.00136399,50.70963443
"Ash_Dieback",-2.14298932,50.70954643
"Ash_Dieback",-2.426234393,50.70885435
"Ash_Dieback",-2.567851368,50.70825028
"Ash_Dieback",-2.709462789,50.7074742
"Ash_Dieback",-2.992663439,50.70540613
"Ash_Dieback",-3.1342499,50.70411417
"Ash_Dieback",-3.417388185,50.70101457
"Ash_Dieback",-3.558937247,50.699207
"Ash_Dieback",-3.700471082,50.69722764
"Ash_Dieback",-3.84198831,50.69507653
"Ash_Dieback",-3.983487553,50.69275372
"Ash_Dieback",-4.124967436,50.69025927
"Ash_Dieback",-4.266426581,50.68759323
"Ash_Dieback",-4.407863616,50.68475567
"Ash_Dieback",-1.294612726,50.61757323
"Ash_Dieback",-1.577301033,50.6189411
"Ash_Dieback",-2.142715965,50.61961914
"Ash_Dieback",-2.425420587,50.61892925
"Ash_Dieback",-2.566767373,50.6183271
"Ash_Dieback",-2.708108643,50.61755349
"Ash_Dieback",-3.273391078,50.61274491
"Ash_Dieback",-3.414684159,50.61111437
"Ash_Dieback",-3.555963484,50.60931254
"Ash_Dieback",-3.697227684,50.60733946
"Ash_Dieback",-3.838475388,50.60519517
"Ash_Dieback",-4.120915834,50.6003932
"Ash_Dieback",-4.262105842,50.59773563
"Ash_Dieback",-4.403273886,50.59490707
"Ash_Dieback",-4.544418602,50.59190759
"Ash_Dieback",-4.826632601,50.58539617
"Ash_Dieback",-1.295953795,50.52765103
"Ash_Dieback",-2.142444001,50.52969045
"Ash_Dieback",-3.694000782,50.51744973
"Ash_Dieback",-3.83498033,50.51531225
"Ash_Dieback",-4.257807066,50.50787636
"Ash_Dieback",-4.398707484,50.50505677
"Ash_Dieback",-4.962063894,50.49207535
"Ash_Dieback",-3.550061236,50.42951904
"Ash_Dieback",-3.690790267,50.42755845
"Ash_Dieback",-3.831503019,50.42542775
"Ash_Dieback",-4.253530109,50.41801543
"Ash_Dieback",-4.394164255,50.41520477
"Ash_Dieback",-4.534775381,50.41222428
"Ash_Dieback",-4.675362142,50.40907402
"Ash_Dieback",-4.815923196,50.40575406
"Ash_Dieback",-4.956457201,50.40226448
"Ash_Dieback",-3.687596029,50.33766563
"Ash_Dieback",-3.828043337,50.33554168
"Ash_Dieback",-3.968473133,50.33324819
"Ash_Dieback",-4.108884076,50.33078523
"Ash_Dieback",-4.249274826,50.32815283
"Ash_Dieback",-4.389644046,50.32535108
"Ash_Dieback",-4.529990398,50.32238003
"Ash_Dieback",-4.670312547,50.31923974
"Ash_Dieback",-4.810609157,50.31593029
"Ash_Dieback",-4.950878897,50.31245176
"Ash_Dieback",-5.091120435,50.30880422
"Ash_Dieback",-5.231332442,50.30498776
"Ash_Dieback",-3.684417962,50.24777127
"Ash_Dieback",-4.945328795,50.22263719
"Ash_Dieback",-5.085307585,50.21900119
"Ash_Dieback",-5.225257038,50.2151968
"Ash_Dieback",-5.365175835,50.2112241
"Ash_Dieback",-5.079524072,50.12919627
"Ash_Dieback",-5.21921229,50.12540391
"Ash_Dieback",-5.498496052,50.11731594
"Ash_Dieback",-5.638088981,50.11302052
"Ash_Dieback",-5.213197997,50.03560908
"Ash_Dieback",-5.352596035,50.03166145
"Ash_Dieback",-5.346353573,49.94187717
