"species","dd long","dd lat"
"Beech_Leaf_Disease",-81.410713,41.134336
"Beech_Leaf_Disease",-71.879738,42.699571
"Beech_Leaf_Disease",-74.780897,40.428003
"Beech_Leaf_Disease",-75.014489,40.785875
"Beech_Leaf_Disease",-74.639245,40.6988
"Beech_Leaf_Disease",-71.30423,42.249858
"Beech_Leaf_Disease",-73.210854,41.54718
"Beech_Leaf_Disease",-81.457787,41.335991
"Beech_Leaf_Disease",-74.498534,40.402807
"Beech_Leaf_Disease",-75.20185,41.307842
"Beech_Leaf_Disease",-70.524167,41.689594
"Beech_Leaf_Disease",-70.53884,41.679938
"Beech_Leaf_Disease",-70.523851,41.690333
"Beech_Leaf_Disease",-74.026839,41.514795
"Beech_Leaf_Disease",-70.524146,41.687376
"Beech_Leaf_Disease",-74.552759,40.746406
"Beech_Leaf_Disease",-71.095852,42.199916
"Beech_Leaf_Disease",-74.515379,40.69546
"Beech_Leaf_Disease",-74.635537,40.703787
"Beech_Leaf_Disease",-80.357333,43.38363
"Beech_Leaf_Disease",-74.478889,40.419843
"Beech_Leaf_Disease",-75.204087,41.306563
"Beech_Leaf_Disease",-72.183435,42.530457
"Beech_Leaf_Disease",-74.477644,40.419092
"Beech_Leaf_Disease",-74.573934,40.595883
"Beech_Leaf_Disease",-74.516105,40.824528
"Beech_Leaf_Disease",-71.1664,42.469863
"Beech_Leaf_Disease",-73.743085,40.745404
"Beech_Leaf_Disease",-71.082402,42.46604
"Beech_Leaf_Disease",-74.462128,40.799358
"Beech_Leaf_Disease",-74.461937,40.799063
"Beech_Leaf_Disease",-74.73397,40.810478
"Beech_Leaf_Disease",-74.611533,40.765903
"Beech_Leaf_Disease",-74.804688,40.876105
"Beech_Leaf_Disease",-69.262667,44.419769
"Beech_Leaf_Disease",-74.804367,40.876495
"Beech_Leaf_Disease",-72.052029,41.389214
"Beech_Leaf_Disease",-74.461508,40.877197
"Beech_Leaf_Disease",-75.968118,40.639633
"Beech_Leaf_Disease",-71.270089,42.992011
"Beech_Leaf_Disease",-74.416191,40.477008
"Beech_Leaf_Disease",-74.611672,40.765888
"Beech_Leaf_Disease",-74.520154,40.691986
"Beech_Leaf_Disease",-74.611228,40.76012
"Beech_Leaf_Disease",-74.463495,40.81808
"Beech_Leaf_Disease",-74.613967,40.761692
"Beech_Leaf_Disease",-71.270256,42.992369
"Beech_Leaf_Disease",-74.221763,40.517692
"Beech_Leaf_Disease",-79.657344,43.47005
"Beech_Leaf_Disease",-72.002641,41.337785
"Beech_Leaf_Disease",-71.715223,41.624177
"Beech_Leaf_Disease",-79.994122,43.467075
"Beech_Leaf_Disease",-74.658333,40.798133
"Beech_Leaf_Disease",-74.655358,40.82817
"Beech_Leaf_Disease",-71.190651,43.280255
"Beech_Leaf_Disease",-74.416191,40.477008
"Beech_Leaf_Disease",-74.467133,40.81867
"Beech_Leaf_Disease",-74.436859,40.449539
"Beech_Leaf_Disease",-74.50117,40.407066
"Beech_Leaf_Disease",-74.504263,40.404384
"Beech_Leaf_Disease",-74.523486,40.701858
"Beech_Leaf_Disease",-74.419106,40.474922
"Beech_Leaf_Disease",-78.75671,42.721322
"Beech_Leaf_Disease",-74.502291,40.406662
"Beech_Leaf_Disease",-81.025686,42.746244
"Beech_Leaf_Disease",-74.523486,40.701858
"Beech_Leaf_Disease",-81.183992,42.970464
"Beech_Leaf_Disease",-71.746391,41.601098
"Beech_Leaf_Disease",-73.369987,41.399005
"Beech_Leaf_Disease",-80.213645,43.542755
"Beech_Leaf_Disease",-74.57788,40.837513
"Beech_Leaf_Disease",-81.517228,41.218018
"Beech_Leaf_Disease",-74.814513,40.851363
"Beech_Leaf_Disease",-71.081375,42.452787
"Beech_Leaf_Disease",-74.814513,40.851367
"Beech_Leaf_Disease",-74.579163,40.83685
"Beech_Leaf_Disease",-74.578278,40.837547
"Beech_Leaf_Disease",-74.578353,40.83717
"Beech_Leaf_Disease",-74.814308,40.851488
"Beech_Leaf_Disease",-71.726128,41.466808
"Beech_Leaf_Disease",-71.310683,42.249792
"Beech_Leaf_Disease",-71.096833,42.447542
"Beech_Leaf_Disease",-71.891513,41.615147
"Beech_Leaf_Disease",-71.734244,42.948914
"Beech_Leaf_Disease",-72.322206,41.374651
"Beech_Leaf_Disease",-81.517568,41.234225
"Beech_Leaf_Disease",-81.163153,41.566676
"Beech_Leaf_Disease",-72.096236,41.579865
"Beech_Leaf_Disease",-72.078459,41.621474
"Beech_Leaf_Disease",-72.172844,41.53833
"Beech_Leaf_Disease",-71.866781,41.610444
"Beech_Leaf_Disease",-71.864432,41.605012
"Beech_Leaf_Disease",-71.902782,41.523696
"Beech_Leaf_Disease",-72.023016,42.946303
"Beech_Leaf_Disease",-72.310942,41.469806
"Beech_Leaf_Disease",-70.228257,43.572367
"Beech_Leaf_Disease",-72.320988,41.464995
"Beech_Leaf_Disease",-72.452003,42.559906
"Beech_Leaf_Disease",-77.239639,38.766811
"Beech_Leaf_Disease",-70.810653,43.211807
"Beech_Leaf_Disease",-70.810653,43.211807
"Beech_Leaf_Disease",-72.206047,42.765533
"Beech_Leaf_Disease",-72.203269,42.765369
"Beech_Leaf_Disease",-72.205025,42.766206
"Beech_Leaf_Disease",-71.767262,41.433223
"Beech_Leaf_Disease",-71.698671,41.598241
"Beech_Leaf_Disease",-70.810653,43.211807
"Beech_Leaf_Disease",-69.573303,44.164111
"Beech_Leaf_Disease",-70.784666,43.061323
"Beech_Leaf_Disease",-72.362976,43.083947
"Beech_Leaf_Disease",-72.213683,42.852307
"Beech_Leaf_Disease",-74.534233,40.758822
"Beech_Leaf_Disease",-73.07523,42.735356
"Beech_Leaf_Disease",-81.746618,40.886183
"Beech_Leaf_Disease",-70.820855,43.464537
"Beech_Leaf_Disease",-79.519203,40.703342
"Beech_Leaf_Disease",-81.0618,41.290456
"Beech_Leaf_Disease",-71.122458,42.298078
"Beech_Leaf_Disease",-72.217865,42.985486
"Beech_Leaf_Disease",-72.031142,42.977414
"Beech_Leaf_Disease",-72.675614,42.438073
"Beech_Leaf_Disease",-69.461671,44.235812
"Beech_Leaf_Disease",-71.10585,42.198111
"Beech_Leaf_Disease",-79.097035,41.414952
"Beech_Leaf_Disease",-79.088904,41.472226
"Beech_Leaf_Disease",-81.273477,41.607836
"Beech_Leaf_Disease",-71.125153,42.198119
"Beech_Leaf_Disease",-73.144083,42.021811
"Beech_Leaf_Disease",-69.264878,44.326978
"Beech_Leaf_Disease",-73.487814,42.064542
"Beech_Leaf_Disease",-72.120093,42.483114
"Beech_Leaf_Disease",-79.011167,41.95692
"Beech_Leaf_Disease",-82.432603,41.019938
"Beech_Leaf_Disease",-81.579532,41.33727
"Beech_Leaf_Disease",-74.124119,40.586006
"Beech_Leaf_Disease",-72.624493,42.645355
"Beech_Leaf_Disease",-74.572083,40.807383
"Beech_Leaf_Disease",-73.256573,42.706882
"Beech_Leaf_Disease",-71.141144,42.297905
"Beech_Leaf_Disease",-81.582578,41.342243
"Beech_Leaf_Disease",-68.8566,44.758149
"Beech_Leaf_Disease",-72.049856,41.363195
"Beech_Leaf_Disease",-72.051716,41.371172
"Beech_Leaf_Disease",-81.397605,42.951345
"Beech_Leaf_Disease",-81.395788,42.951492
"Beech_Leaf_Disease",-81.397628,42.951295
"Beech_Leaf_Disease",-81.396325,42.951775
"Beech_Leaf_Disease",-71.323005,42.438238
"Beech_Leaf_Disease",-81.347978,42.981195
"Beech_Leaf_Disease",-81.3489,42.970112
"Beech_Leaf_Disease",-74.382604,41.026197
"Beech_Leaf_Disease",-81.397613,42.951497
"Beech_Leaf_Disease",-81.350175,42.984913
"Beech_Leaf_Disease",-81.471056,41.139262
"Beech_Leaf_Disease",-81.348808,42.96997
"Beech_Leaf_Disease",-71.118371,42.218197
"Beech_Leaf_Disease",-74.325745,40.813763
"Beech_Leaf_Disease",-71.321812,43.133972
"Beech_Leaf_Disease",-71.27406,42.892183
"Beech_Leaf_Disease",-71.090406,42.446314
"Beech_Leaf_Disease",-71.084669,42.462569
"Beech_Leaf_Disease",-74.332237,40.822788
"Beech_Leaf_Disease",-79.210497,41.344361
"Beech_Leaf_Disease",-74.541595,40.788963
"Beech_Leaf_Disease",-74.565583,40.34993
"Beech_Leaf_Disease",-78.653447,42.889237
"Beech_Leaf_Disease",-71.085733,42.464025
"Beech_Leaf_Disease",-74.3863,40.844463
"Beech_Leaf_Disease",-74.670883,40.326953
"Beech_Leaf_Disease",-74.564728,40.831397
"Beech_Leaf_Disease",-74.670813,40.32703
"Beech_Leaf_Disease",-74.332358,40.824392
"Beech_Leaf_Disease",-74.438125,40.515912
"Beech_Leaf_Disease",-74.40013,40.840095
"Beech_Leaf_Disease",-81.225083,42.951145
"Beech_Leaf_Disease",-72.038158,42.643051
"Beech_Leaf_Disease",-74.54512,40.756653
"Beech_Leaf_Disease",-74.402917,40.840022
"Beech_Leaf_Disease",-73.214663,42.230749
"Beech_Leaf_Disease",-71.691057,41.670732
"Beech_Leaf_Disease",-71.860224,41.587392
"Beech_Leaf_Disease",-79.315101,44.047402
"Beech_Leaf_Disease",-74.284912,40.746778
"Beech_Leaf_Disease",-71.990702,41.335954
"Beech_Leaf_Disease",-74.46492,40.773853
"Beech_Leaf_Disease",-72.524475,42.307194
"Beech_Leaf_Disease",-74.541512,40.758237
"Beech_Leaf_Disease",-74.562667,40.8313
"Beech_Leaf_Disease",-74.386125,40.844355
"Beech_Leaf_Disease",-74.459572,40.876258
"Beech_Leaf_Disease",-71.087122,42.463894
"Beech_Leaf_Disease",-73.755913,41.076747
"Beech_Leaf_Disease",-71.67943,41.560491
"Beech_Leaf_Disease",-73.834556,41.108425
"Beech_Leaf_Disease",-74.541803,40.788597
"Beech_Leaf_Disease",-74.332383,40.824547
"Beech_Leaf_Disease",-78.259338,41.255097
"Beech_Leaf_Disease",-70.713658,43.179903
"Beech_Leaf_Disease",-71.264971,42.996688
"Beech_Leaf_Disease",-74.726013,40.815655
"Beech_Leaf_Disease",-79.806276,43.209076
"Beech_Leaf_Disease",-80.315547,43.567958
"Beech_Leaf_Disease",-74.541078,40.789122
"Beech_Leaf_Disease",-71.084678,42.462572
"Beech_Leaf_Disease",-74.388503,40.84363
"Beech_Leaf_Disease",-68.856595,44.758099
"Beech_Leaf_Disease",-71.253594,42.991059
"Beech_Leaf_Disease",-71.614713,41.891031
"Beech_Leaf_Disease",-72.92852,42.427045
"Beech_Leaf_Disease",-71.405658,42.027775
"Beech_Leaf_Disease",-76.350217,42.344936
"Beech_Leaf_Disease",-71.087567,42.463081
"Beech_Leaf_Disease",-80.465355,43.386887
"Beech_Leaf_Disease",-74.834817,40.343111
"Beech_Leaf_Disease",-77.3821,38.741216
"Beech_Leaf_Disease",-74.332475,40.824303
"Beech_Leaf_Disease",-79.212744,41.339136
"Beech_Leaf_Disease",-71.248547,42.984811
"Beech_Leaf_Disease",-77.378438,38.371624
"Beech_Leaf_Disease",-71.084683,42.462578
"Beech_Leaf_Disease",-71.086903,42.464153
"Beech_Leaf_Disease",-74.782546,40.353582
"Beech_Leaf_Disease",-71.105281,42.463867
"Beech_Leaf_Disease",-71.734859,41.63832
"Beech_Leaf_Disease",-80.256378,40.532708
"Beech_Leaf_Disease",-79.678767,41.513868
"Beech_Leaf_Disease",-81.214653,42.95233
"Beech_Leaf_Disease",-71.084664,42.462564
"Beech_Leaf_Disease",-74.287317,40.749037
"Beech_Leaf_Disease",-71.123,42.298308
"Beech_Leaf_Disease",-81.448274,41.450509
"Beech_Leaf_Disease",-74.289017,40.738328
"Beech_Leaf_Disease",-74.408097,40.592108
"Beech_Leaf_Disease",-74.670303,40.327472
"Beech_Leaf_Disease",-74.545689,40.722008
"Beech_Leaf_Disease",-74.669853,40.326797
"Beech_Leaf_Disease",-73.5524,41.227039
"Beech_Leaf_Disease",-74.28353,40.74537
"Beech_Leaf_Disease",-76.629455,40.978322
"Beech_Leaf_Disease",-78.048917,42.579111
"Beech_Leaf_Disease",-73.247763,41.535645
"Beech_Leaf_Disease",-74.402953,40.839212
"Beech_Leaf_Disease",-71.087697,42.463233
"Beech_Leaf_Disease",-71.087572,42.463061
"Beech_Leaf_Disease",-74.6707,40.327113
"Beech_Leaf_Disease",-71.99361,41.341482
"Beech_Leaf_Disease",-74.323463,40.813483
"Beech_Leaf_Disease",-71.776791,41.557645
"Beech_Leaf_Disease",-71.564552,41.895722
"Beech_Leaf_Disease",-74.613787,40.791192
"Beech_Leaf_Disease",-70.523933,41.690425
"Beech_Leaf_Disease",-71.773549,41.563506
"Beech_Leaf_Disease",-74.626205,40.803397
"Beech_Leaf_Disease",-80.597145,43.462575
"Beech_Leaf_Disease",-81.524143,41.216315
"Beech_Leaf_Disease",-74.522453,40.834962
"Beech_Leaf_Disease",-72.701605,42.399447
"Beech_Leaf_Disease",-81.620453,41.25232
"Beech_Leaf_Disease",-74.669962,40.32707
"Beech_Leaf_Disease",-68.714649,44.902267
"Beech_Leaf_Disease",-69.969934,44.239447
"Beech_Leaf_Disease",-74.43782,40.515992
"Beech_Leaf_Disease",-73.214363,42.227129
"Beech_Leaf_Disease",-73.217287,42.228918
"Beech_Leaf_Disease",-73.849729,41.210268
"Beech_Leaf_Disease",-72.063685,41.347892
"Beech_Leaf_Disease",-73.680618,41.176966
"Beech_Leaf_Disease",-81.183587,42.970245
"Beech_Leaf_Disease",-73.503774,41.155575
"Beech_Leaf_Disease",-73.203517,42.211183
"Beech_Leaf_Disease",-74.545037,40.756633
"Beech_Leaf_Disease",-79.95441,43.438213
"Beech_Leaf_Disease",-71.084664,42.462553
"Beech_Leaf_Disease",-71.084647,42.462542
"Beech_Leaf_Disease",-72.052764,41.362666
"Beech_Leaf_Disease",-77.363762,38.776937
"Beech_Leaf_Disease",-72.206619,42.762692
"Beech_Leaf_Disease",-72.018738,42.977907
"Beech_Leaf_Disease",-71.101258,42.448097
"Beech_Leaf_Disease",-72.206567,42.765014
"Beech_Leaf_Disease",-71.099411,42.447844
"Beech_Leaf_Disease",-72.206711,42.764744
"Beech_Leaf_Disease",-72.203986,42.766017
"Beech_Leaf_Disease",-72.408811,42.811558
"Beech_Leaf_Disease",-74.291305,40.737883
"Beech_Leaf_Disease",-72.206628,42.762692
"Beech_Leaf_Disease",-72.202919,42.765472
"Beech_Leaf_Disease",-72.206917,42.764428
"Beech_Leaf_Disease",-72.204003,42.766047
"Beech_Leaf_Disease",-72.138244,42.760583
"Beech_Leaf_Disease",-72.205514,42.766044
"Beech_Leaf_Disease",-72.183535,42.954751
"Beech_Leaf_Disease",-72.207031,42.764344
"Beech_Leaf_Disease",-72.205703,42.765925
"Beech_Leaf_Disease",-72.206725,42.764675
"Beech_Leaf_Disease",-72.113457,42.510045
"Beech_Leaf_Disease",-72.206786,42.764533
"Beech_Leaf_Disease",-72.188953,42.893535
"Beech_Leaf_Disease",-72.203575,42.765464
"Beech_Leaf_Disease",-72.205269,42.766189
"Beech_Leaf_Disease",-72.206742,42.764717
"Beech_Leaf_Disease",-71.88899,42.49042
"Beech_Leaf_Disease",-71.096658,42.447556
"Beech_Leaf_Disease",-72.202431,42.765008
"Beech_Leaf_Disease",-71.096086,42.445722
"Beech_Leaf_Disease",-72.133432,42.985055
"Beech_Leaf_Disease",-72.206847,42.764481
"Beech_Leaf_Disease",-80.213283,43.542483
"Beech_Leaf_Disease",-72.206603,42.762733
"Beech_Leaf_Disease",-74.288733,40.738655
"Beech_Leaf_Disease",-72.205772,42.765806
"Beech_Leaf_Disease",-71.101258,42.448097
"Beech_Leaf_Disease",-72.206994,42.764314
"Beech_Leaf_Disease",-72.206664,42.764903
"Beech_Leaf_Disease",-71.816342,41.641651
"Beech_Leaf_Disease",-74.400192,40.840592
"Beech_Leaf_Disease",-74.400153,40.840405
"Beech_Leaf_Disease",-71.590656,41.447518
"Beech_Leaf_Disease",-80.034044,40.618362
"Beech_Leaf_Disease",-74.399528,40.841062
"Beech_Leaf_Disease",-71.266408,42.990236
"Beech_Leaf_Disease",-71.750802,41.483127
"Beech_Leaf_Disease",-70.826881,42.240675
"Beech_Leaf_Disease",-71.556948,41.547039
"Beech_Leaf_Disease",-81.029067,41.74588
"Beech_Leaf_Disease",-71.268714,42.988783
"Beech_Leaf_Disease",-71.309188,42.318203
"Beech_Leaf_Disease",-74.39933,40.840728
"Beech_Leaf_Disease",-71.731072,41.641837
"Beech_Leaf_Disease",-71.1445,42.370237
"Beech_Leaf_Disease",-71.742182,41.594659
"Beech_Leaf_Disease",-71.972398,42.958279
"Beech_Leaf_Disease",-71.088142,42.463547
"Beech_Leaf_Disease",-72.300266,42.0566
"Beech_Leaf_Disease",-73.126937,41.90202
"Beech_Leaf_Disease",-71.084714,42.462731
"Beech_Leaf_Disease",-71.364455,42.3023
"Beech_Leaf_Disease",-72.059798,42.955505
"Beech_Leaf_Disease",-74.951803,41.995555
"Beech_Leaf_Disease",-71.573837,42.221508
"Beech_Leaf_Disease",-75.112575,40.975936
"Beech_Leaf_Disease",-73.129754,42.177798
"Beech_Leaf_Disease",-74.291595,40.739947
"Beech_Leaf_Disease",-76.45215,42.467878
"Beech_Leaf_Disease",-74.284728,40.744622
"Beech_Leaf_Disease",-71.971037,42.958731
"Beech_Leaf_Disease",-74.276237,40.76715
"Beech_Leaf_Disease",-73.209798,42.22835
"Beech_Leaf_Disease",-71.249245,42.990439
"Beech_Leaf_Disease",-73.255839,42.57996
"Beech_Leaf_Disease",-76.476372,42.45022
"Beech_Leaf_Disease",-71.49878,41.888691
"Beech_Leaf_Disease",-71.085755,42.462112
"Beech_Leaf_Disease",-74.275008,40.766467
"Beech_Leaf_Disease",-71.752846,41.646932
"Beech_Leaf_Disease",-72.137925,42.758553
"Beech_Leaf_Disease",-71.26431,42.995641
"Beech_Leaf_Disease",-71.85396,41.338905
"Beech_Leaf_Disease",-68.087005,44.633355
"Beech_Leaf_Disease",-73.264754,42.722811
"Beech_Leaf_Disease",-79.277192,40.167622
"Beech_Leaf_Disease",-71.724388,42.360638
"Beech_Leaf_Disease",-72.371773,41.426314
"Beech_Leaf_Disease",-72.345181,41.427839
"Beech_Leaf_Disease",-72.692695,41.973642
"Beech_Leaf_Disease",-71.263448,42.996617
"Beech_Leaf_Disease",-73.220332,41.601303
"Beech_Leaf_Disease",-79.098822,41.52235
"Beech_Leaf_Disease",-71.247806,42.990547
"Beech_Leaf_Disease",-77.177014,40.453053
"Beech_Leaf_Disease",-74.453408,40.764995
"Beech_Leaf_Disease",-73.497478,41.136133
"Beech_Leaf_Disease",-79.2714,40.160481
"Beech_Leaf_Disease",-79.1885,40.198445
"Beech_Leaf_Disease",-79.496553,40.308903
"Beech_Leaf_Disease",-71.574617,42.2207
"Beech_Leaf_Disease",-71.093097,42.444856
"Beech_Leaf_Disease",-71.093097,42.444856
"Beech_Leaf_Disease",-71.318358,42.291517
"Beech_Leaf_Disease",-71.101714,42.698392
"Beech_Leaf_Disease",-70.93898,42.863042
"Beech_Leaf_Disease",-74.853394,41.070664
"Beech_Leaf_Disease",-69.822905,43.821742
"Beech_Leaf_Disease",-71.103478,42.441867
"Beech_Leaf_Disease",-71.25226,42.459416
"Beech_Leaf_Disease",-71.09085,42.447381
"Beech_Leaf_Disease",-71.583656,42.973426
"Beech_Leaf_Disease",-72.326458,42.918848
"Beech_Leaf_Disease",-71.263619,42.996456
"Beech_Leaf_Disease",-74.045717,40.934545
"Beech_Leaf_Disease",-75.289241,41.044165
"Beech_Leaf_Disease",-71.093097,42.444856
"Beech_Leaf_Disease",-70.040183,41.716573
"Beech_Leaf_Disease",-71.57298,42.222213
"Beech_Leaf_Disease",-70.135108,41.742217
"Beech_Leaf_Disease",-68.336403,44.313985
"Beech_Leaf_Disease",-71.89615,42.357537
"Beech_Leaf_Disease",-71.269898,42.988864
"Beech_Leaf_Disease",-71.316308,42.271412
"Beech_Leaf_Disease",-73.128182,42.29266
"Beech_Leaf_Disease",-70.134597,41.742006
"Beech_Leaf_Disease",-71.952933,42.239088
"Beech_Leaf_Disease",-73.273332,42.249494
"Beech_Leaf_Disease",-72.882463,42.693076
"Beech_Leaf_Disease",-72.211137,41.74852
"Beech_Leaf_Disease",-71.296745,42.281897
"Beech_Leaf_Disease",-71.092039,42.444564
"Beech_Leaf_Disease",-72.585026,43.024985
"Beech_Leaf_Disease",-72.347763,42.902148
"Beech_Leaf_Disease",-72.206878,42.764478
"Beech_Leaf_Disease",-72.55475,42.470994
"Beech_Leaf_Disease",-73.228205,42.236638
"Beech_Leaf_Disease",-71.092039,42.444564
"Beech_Leaf_Disease",-71.092039,42.444564
"Beech_Leaf_Disease",-72.681922,42.513225
"Beech_Leaf_Disease",-79.497038,40.309263
"Beech_Leaf_Disease",-71.272031,42.986762
"Beech_Leaf_Disease",-70.221286,43.608623
"Beech_Leaf_Disease",-70.943381,43.131795
"Beech_Leaf_Disease",-72.94365,42.517097
"Beech_Leaf_Disease",-70.514738,43.49288
"Beech_Leaf_Disease",-68.240792,44.327192
"Beech_Leaf_Disease",-71.098594,42.198389
"Beech_Leaf_Disease",-70.814363,42.100195
"Beech_Leaf_Disease",-72.369942,41.425892
"Beech_Leaf_Disease",-71.093097,42.444856
"Beech_Leaf_Disease",-70.925125,43.402283
"Beech_Leaf_Disease",-73.432907,42.10499
"Beech_Leaf_Disease",-71.090911,42.446833
"Beech_Leaf_Disease",-72.592925,42.473837
"Beech_Leaf_Disease",-73.488183,41.600695
"Beech_Leaf_Disease",-71.87585,42.979589
"Beech_Leaf_Disease",-72.765372,42.297147
"Beech_Leaf_Disease",-70.762718,43.122442
"Beech_Leaf_Disease",-70.041725,41.712536
"Beech_Leaf_Disease",-71.092039,42.444564
"Beech_Leaf_Disease",-71.093097,42.444856
"Beech_Leaf_Disease",-72.087049,42.84409
"Beech_Leaf_Disease",-71.093097,42.444856
"Beech_Leaf_Disease",-71.093097,42.444856
"Beech_Leaf_Disease",-71.280542,42.205822
"Beech_Leaf_Disease",-71.093097,42.444856
"Beech_Leaf_Disease",-70.950108,43.133399
"Beech_Leaf_Disease",-71.012928,42.888356
"Beech_Leaf_Disease",-71.090706,42.447386
"Beech_Leaf_Disease",-71.093097,42.444856
"Beech_Leaf_Disease",-71.093097,42.444856
"Beech_Leaf_Disease",-69.054214,44.229317
"Beech_Leaf_Disease",-72.336165,42.902482
"Beech_Leaf_Disease",-68.240053,44.36207
"Beech_Leaf_Disease",-71.264921,42.98842
"Beech_Leaf_Disease",-72.242481,41.827385
"Beech_Leaf_Disease",-71.090774,42.4469
"Beech_Leaf_Disease",-71.093097,42.444856
"Beech_Leaf_Disease",-76.830124,40.066659
"Beech_Leaf_Disease",-71.286665,42.886795
"Beech_Leaf_Disease",-74.834498,40.56646
"Beech_Leaf_Disease",-72.527322,42.890456
"Beech_Leaf_Disease",-72.205881,42.765597
"Beech_Leaf_Disease",-68.245331,44.359472
"Beech_Leaf_Disease",-70.196975,42.069472
"Beech_Leaf_Disease",-70.749145,43.090283
"Beech_Leaf_Disease",-72.206536,42.765114
"Beech_Leaf_Disease",-73.341395,42.750827
"Beech_Leaf_Disease",-72.206314,42.765369
"Beech_Leaf_Disease",-70.923797,42.827055
"Beech_Leaf_Disease",-72.205811,42.765706
"Beech_Leaf_Disease",-72.101504,42.821959
"Beech_Leaf_Disease",-72.731897,42.595483
"Beech_Leaf_Disease",-73.497444,41.136175
"Beech_Leaf_Disease",-72.206619,42.762689
"Beech_Leaf_Disease",-72.204964,42.766261
"Beech_Leaf_Disease",-72.138978,42.761375
"Beech_Leaf_Disease",-71.619094,42.917486
"Beech_Leaf_Disease",-70.696394,41.430633
"Beech_Leaf_Disease",-74.290992,40.741729
"Beech_Leaf_Disease",-81.589342,41.165448
"Beech_Leaf_Disease",-72.206528,42.765178
"Beech_Leaf_Disease",-71.553877,42.975045
"Beech_Leaf_Disease",-73.497383,41.136224
"Beech_Leaf_Disease",-72.206336,42.765347
"Beech_Leaf_Disease",-72.369131,41.423352
"Beech_Leaf_Disease",-72.901873,42.196612
"Beech_Leaf_Disease",-72.138917,42.761319
"Beech_Leaf_Disease",-71.899025,42.486725
"Beech_Leaf_Disease",-71.793898,42.928006
"Beech_Leaf_Disease",-74.406028,41.145989
"Beech_Leaf_Disease",-73.701537,41.054137
"Beech_Leaf_Disease",-72.12555,42.754333
"Beech_Leaf_Disease",-71.62286,42.593368
"Beech_Leaf_Disease",-81.876723,41.055341
"Beech_Leaf_Disease",-72.032453,42.978198
"Beech_Leaf_Disease",-70.947558,43.133492
"Beech_Leaf_Disease",-72.723922,42.867875
"Beech_Leaf_Disease",-80.457347,41.497535
"Beech_Leaf_Disease",-71.00892,43.683982
"Beech_Leaf_Disease",-70.944951,43.130897
"Beech_Leaf_Disease",-80.493912,42.668831
"Beech_Leaf_Disease",-79.953148,43.248959
"Beech_Leaf_Disease",-70.693016,42.599119
"Beech_Leaf_Disease",-74.817878,40.813667
"Beech_Leaf_Disease",-72.105063,42.824539
"Beech_Leaf_Disease",-71.338996,42.255712
"Beech_Leaf_Disease",-77.754836,40.694681
"Beech_Leaf_Disease",-71.095503,42.444836
"Beech_Leaf_Disease",-80.214537,43.541161
"Beech_Leaf_Disease",-71.095414,42.445038
"Beech_Leaf_Disease",-71.308547,42.316963
"Beech_Leaf_Disease",-71.796691,42.598651
"Beech_Leaf_Disease",-71.793898,42.928006
"Beech_Leaf_Disease",-72.325895,42.926392
"Beech_Leaf_Disease",-70.947624,43.133104
"Beech_Leaf_Disease",-80.457857,41.497617
"Beech_Leaf_Disease",-81.54532,41.128356
"Beech_Leaf_Disease",-77.220428,38.728813
"Beech_Leaf_Disease",-81.644132,40.670995
"Beech_Leaf_Disease",-70.94145,43.135331
"Beech_Leaf_Disease",-71.794698,42.597904
"Beech_Leaf_Disease",-70.8438,43.492344
"Beech_Leaf_Disease",-71.976369,42.964649
"Beech_Leaf_Disease",-71.485757,41.684111
"Beech_Leaf_Disease",-75.150631,39.747995
"Beech_Leaf_Disease",-68.283133,44.345245
"Beech_Leaf_Disease",-74.502622,40.403858
"Beech_Leaf_Disease",-71.860042,42.638959
"Beech_Leaf_Disease",-70.949876,43.133219
"Beech_Leaf_Disease",-73.700364,41.054465
"Beech_Leaf_Disease",-70.357933,41.659317
"Beech_Leaf_Disease",-79.286912,43.064433
"Beech_Leaf_Disease",-79.954707,43.246982
"Beech_Leaf_Disease",-73.487433,41.122128
"Beech_Leaf_Disease",-71.749715,42.821061
"Beech_Leaf_Disease",-71.321955,42.45873
"Beech_Leaf_Disease",-73.895997,40.899921
"Beech_Leaf_Disease",-72.019142,42.97785
"Beech_Leaf_Disease",-73.487387,41.60689
"Beech_Leaf_Disease",-70.04023,41.734437
"Beech_Leaf_Disease",-71.101303,42.443567
"Beech_Leaf_Disease",-70.94858,43.131505
"Beech_Leaf_Disease",-72.763786,42.483534
"Beech_Leaf_Disease",-70.943947,43.131264
"Beech_Leaf_Disease",-71.25785,42.067268
"Beech_Leaf_Disease",-74.541847,40.776372
"Beech_Leaf_Disease",-80.31876,42.727328
"Beech_Leaf_Disease",-70.941216,43.136994
"Beech_Leaf_Disease",-72.7911,42.858733
"Beech_Leaf_Disease",-75.603475,41.36062
"Beech_Leaf_Disease",-71.793898,42.928006
"Beech_Leaf_Disease",-71.221596,42.42687
"Beech_Leaf_Disease",-81.649363,40.676007
"Beech_Leaf_Disease",-80.336682,43.257348
"Beech_Leaf_Disease",-73.704278,41.057
"Beech_Leaf_Disease",-72.019682,42.977845
"Beech_Leaf_Disease",-71.309025,42.962257
"Beech_Leaf_Disease",-74.542625,40.777122
"Beech_Leaf_Disease",-73.080703,42.394644
"Beech_Leaf_Disease",-68.33635,44.314503
"Beech_Leaf_Disease",-70.944095,43.132322
"Beech_Leaf_Disease",-81.086611,40.827581
"Beech_Leaf_Disease",-80.488805,42.667511
"Beech_Leaf_Disease",-79.328413,43.063135
"Beech_Leaf_Disease",-71.087631,42.186314
"Beech_Leaf_Disease",-72.329906,42.902863
"Beech_Leaf_Disease",-73.701463,41.05412
"Beech_Leaf_Disease",-79.27002,40.148658
"Beech_Leaf_Disease",-79.218163,41.388608
"Beech_Leaf_Disease",-70.946105,43.133806
"Beech_Leaf_Disease",-70.94669,43.134361
"Beech_Leaf_Disease",-68.205257,44.350117
"Beech_Leaf_Disease",-81.307244,42.953853
"Beech_Leaf_Disease",-74.632758,40.831097
"Beech_Leaf_Disease",-73.129815,42.203453
"Beech_Leaf_Disease",-70.141576,42.151866
"Beech_Leaf_Disease",-71.756091,42.657185
"Beech_Leaf_Disease",-71.265373,43.940259
"Beech_Leaf_Disease",-79.954185,43.248185
"Beech_Leaf_Disease",-70.207815,44.106764
"Beech_Leaf_Disease",-69.056018,44.23305
"Beech_Leaf_Disease",-69.054397,44.229092
"Beech_Leaf_Disease",-72.075779,42.889483
"Beech_Leaf_Disease",-79.986695,43.217658
"Beech_Leaf_Disease",-71.090972,42.451875
"Beech_Leaf_Disease",-69.008011,44.434489
"Beech_Leaf_Disease",-74.817467,40.813203
"Beech_Leaf_Disease",-74.540878,40.77557
"Beech_Leaf_Disease",-72.078208,42.811838
"Beech_Leaf_Disease",-81.8516,42.303443
"Beech_Leaf_Disease",-81.3079,42.931908
"Beech_Leaf_Disease",-77.908339,40.669944
"Beech_Leaf_Disease",-71.608117,42.235133
"Beech_Leaf_Disease",-70.19743,42.069365
"Beech_Leaf_Disease",-71.586415,42.998015
"Beech_Leaf_Disease",-73.741263,40.747175
"Beech_Leaf_Disease",-73.705881,40.63286
"Beech_Leaf_Disease",-73.889253,40.908762
"Beech_Leaf_Disease",-70.603725,41.854394
"Beech_Leaf_Disease",-73.74172,40.746819
"Beech_Leaf_Disease",-73.394443,41.668193
"Beech_Leaf_Disease",-80.367931,43.308583
"Beech_Leaf_Disease",-73.738675,40.745807
"Beech_Leaf_Disease",-73.1776,42.320734
"Beech_Leaf_Disease",-73.742983,40.73903
"Beech_Leaf_Disease",-73.743195,40.746785
"Beech_Leaf_Disease",-74.073891,41.754132
"Beech_Leaf_Disease",-71.304266,42.925011
"Beech_Leaf_Disease",-73.683872,40.697736
"Beech_Leaf_Disease",-80.027234,42.121983
"Beech_Leaf_Disease",-71.649676,42.95629
"Beech_Leaf_Disease",-76.661444,39.394147
"Beech_Leaf_Disease",-72.201247,42.761925
"Beech_Leaf_Disease",-71.006928,42.46798
"Beech_Leaf_Disease",-82.130142,41.296608
"Beech_Leaf_Disease",-73.74149,40.747296
"Beech_Leaf_Disease",-72.862908,41.856767
"Beech_Leaf_Disease",-68.720979,44.905609
"Beech_Leaf_Disease",-71.349076,42.982539
"Beech_Leaf_Disease",-72.238575,41.796257
"Beech_Leaf_Disease",-74.430569,40.763057
"Beech_Leaf_Disease",-74.063443,41.265528
"Beech_Leaf_Disease",-72.726813,42.870505
"Beech_Leaf_Disease",-73.719121,40.619208
"Beech_Leaf_Disease",-80.748912,41.863367
"Beech_Leaf_Disease",-72.272258,42.677662
"Beech_Leaf_Disease",-73.765447,40.730782
"Beech_Leaf_Disease",-73.742393,40.739681
"Beech_Leaf_Disease",-73.841799,40.706722
"Beech_Leaf_Disease",-73.740935,40.747775
"Beech_Leaf_Disease",-73.739608,40.747285
"Beech_Leaf_Disease",-72.346708,42.692286
"Beech_Leaf_Disease",-71.684909,41.557582
"Beech_Leaf_Disease",-70.601678,41.855305
"Beech_Leaf_Disease",-73.63344,40.726547
"Beech_Leaf_Disease",-81.269106,40.51819
"Beech_Leaf_Disease",-81.843221,40.766672
"Beech_Leaf_Disease",-81.249302,40.502798
"Beech_Leaf_Disease",-73.265141,41.630373
"Beech_Leaf_Disease",-71.38669,42.842503
"Beech_Leaf_Disease",-81.421598,40.423053
"Beech_Leaf_Disease",-74.537158,40.798986
"Beech_Leaf_Disease",-74.373036,40.684256
"Beech_Leaf_Disease",-73.770687,40.671328
"Beech_Leaf_Disease",-73.741904,40.744456
"Beech_Leaf_Disease",-73.740163,40.747092
"Beech_Leaf_Disease",-81.589048,41.165949
"Beech_Leaf_Disease",-79.845052,42.921134
"Beech_Leaf_Disease",-74.440446,40.518237
"Beech_Leaf_Disease",-73.760266,40.762009
"Beech_Leaf_Disease",-71.570372,41.590101
"Beech_Leaf_Disease",-71.369582,41.691402
"Beech_Leaf_Disease",-73.46005,40.90723
"Beech_Leaf_Disease",-73.317608,41.715735
"Beech_Leaf_Disease",-73.739961,40.746648
"Beech_Leaf_Disease",-72.794587,41.823387
"Beech_Leaf_Disease",-73.755928,41.073181
"Beech_Leaf_Disease",-71.177002,41.508783
"Beech_Leaf_Disease",-81.415233,41.413722
"Beech_Leaf_Disease",-71.655896,41.451361
"Beech_Leaf_Disease",-73.740767,40.747149
"Beech_Leaf_Disease",-70.601451,41.854624
"Beech_Leaf_Disease",-69.054397,44.229092
"Beech_Leaf_Disease",-79.95314,43.249073
"Beech_Leaf_Disease",-73.743302,40.746164
"Beech_Leaf_Disease",-71.690325,41.55793
"Beech_Leaf_Disease",-81.444771,40.971371
"Beech_Leaf_Disease",-72.909871,41.330843
"Beech_Leaf_Disease",-73.740904,40.747648
"Beech_Leaf_Disease",-73.838908,40.708601
"Beech_Leaf_Disease",-70.603487,41.85443
"Beech_Leaf_Disease",-70.603028,41.853547
"Beech_Leaf_Disease",-81.253581,42.948982
"Beech_Leaf_Disease",-81.540413,41.598332
"Beech_Leaf_Disease",-72.09963,42.523284
"Beech_Leaf_Disease",-72.045325,42.798464
"Beech_Leaf_Disease",-72.039553,42.806136
"Beech_Leaf_Disease",-74.638481,40.546514
"Beech_Leaf_Disease",-74.181125,42.086503
"Beech_Leaf_Disease",-73.029791,42.262403
"Beech_Leaf_Disease",-74.423531,40.475144
"Beech_Leaf_Disease",-71.120377,42.056419
"Beech_Leaf_Disease",-81.466469,41.468465
"Beech_Leaf_Disease",-81.811578,41.21093
"Beech_Leaf_Disease",-81.18535,42.853173
"Beech_Leaf_Disease",-70.670589,43.128099
"Beech_Leaf_Disease",-71.095428,42.44507
"Beech_Leaf_Disease",-72.061831,42.900233
"Beech_Leaf_Disease",-75.005203,41.032106
"Beech_Leaf_Disease",-74.292938,40.755263
"Beech_Leaf_Disease",-71.325527,42.915109
"Beech_Leaf_Disease",-78.049047,42.579448
"Beech_Leaf_Disease",-74.292938,40.75527
"Beech_Leaf_Disease",-71.263831,42.989078
"Beech_Leaf_Disease",-73.432907,42.10499
"Beech_Leaf_Disease",-74.438378,40.509267
"Beech_Leaf_Disease",-73.877967,41.2487
"Beech_Leaf_Disease",-81.619422,40.616695
"Beech_Leaf_Disease",-72.254002,42.716052
"Beech_Leaf_Disease",-71.606805,42.990604
"Beech_Leaf_Disease",-71.641017,41.690671
"Beech_Leaf_Disease",-74.680892,40.774113
"Beech_Leaf_Disease",-73.321897,42.011746
"Beech_Leaf_Disease",-75.575558,39.810655
"Beech_Leaf_Disease",-80.341053,42.710119
"Beech_Leaf_Disease",-68.250583,44.340898
"Beech_Leaf_Disease",-74.438963,40.509462
"Beech_Leaf_Disease",-71.752867,42.966064
"Beech_Leaf_Disease",-74.11645,40.368586
"Beech_Leaf_Disease",-77.460557,40.29588
"Beech_Leaf_Disease",-74.69757,40.72608
"Beech_Leaf_Disease",-74.080495,41.850273
"Beech_Leaf_Disease",-81.539777,41.277185
"Beech_Leaf_Disease",-71.604015,42.988255
"Beech_Leaf_Disease",-79.09898,41.409467
"Beech_Leaf_Disease",-70.94742,42.859872
"Beech_Leaf_Disease",-74.084336,41.84489
"Beech_Leaf_Disease",-71.347302,42.554786
"Beech_Leaf_Disease",-70.635444,43.260158
"Beech_Leaf_Disease",-81.331422,42.929173
"Beech_Leaf_Disease",-71.603953,42.988849
"Beech_Leaf_Disease",-81.042301,41.340573
"Beech_Leaf_Disease",-74.080579,41.851851
"Beech_Leaf_Disease",-74.234787,40.809053
"Beech_Leaf_Disease",-79.107397,41.410376
"Beech_Leaf_Disease",-72.844972,41.465298
"Beech_Leaf_Disease",-73.971926,41.808451
"Beech_Leaf_Disease",-73.873992,40.899425
"Beech_Leaf_Disease",-71.847061,43.096053
"Beech_Leaf_Disease",-81.279646,42.902026
"Beech_Leaf_Disease",-73.182538,42.202709
"Beech_Leaf_Disease",-73.41562,41.776707
"Beech_Leaf_Disease",-76.453012,39.434758
"Beech_Leaf_Disease",-71.185762,42.260422
"Beech_Leaf_Disease",-72.020934,42.995135
"Beech_Leaf_Disease",-71.381076,42.244301
"Beech_Leaf_Disease",-72.193194,42.940733
"Beech_Leaf_Disease",-73.199365,42.223851
"Beech_Leaf_Disease",-73.891973,40.904072
"Beech_Leaf_Disease",-72.026464,42.97935
"Beech_Leaf_Disease",-72.227494,42.270889
"Beech_Leaf_Disease",-68.753328,44.855228
"Beech_Leaf_Disease",-80.4304,42.0038
"Beech_Leaf_Disease",-76.457122,42.441281
"Beech_Leaf_Disease",-73.184097,42.20438
"Beech_Leaf_Disease",-71.262334,42.987324
"Beech_Leaf_Disease",-72.140458,41.004161
"Beech_Leaf_Disease",-71.340875,42.311528
"Beech_Leaf_Disease",-73.874383,40.865798
"Beech_Leaf_Disease",-74.877145,40.6908
"Beech_Leaf_Disease",-75.699185,41.025665
"Beech_Leaf_Disease",-79.272255,40.161636
"Beech_Leaf_Disease",-73.168342,41.608478
"Beech_Leaf_Disease",-75.82549,41.486959
"Beech_Leaf_Disease",-73.189959,42.196994
"Beech_Leaf_Disease",-74.463988,40.773105
"Beech_Leaf_Disease",-72.428917,42.326602
"Beech_Leaf_Disease",-71.08988,42.462772
"Beech_Leaf_Disease",-72.030046,42.978707
"Beech_Leaf_Disease",-79.273858,40.161828
"Beech_Leaf_Disease",-70.869719,42.5845
"Beech_Leaf_Disease",-79.111815,41.413157
"Beech_Leaf_Disease",-79.100924,41.401241
"Beech_Leaf_Disease",-68.456938,44.707772
"Beech_Leaf_Disease",-71.261413,42.996676
"Beech_Leaf_Disease",-81.434068,41.569979
"Beech_Leaf_Disease",-74.423688,40.475165
"Beech_Leaf_Disease",-73.472768,42.107363
"Beech_Leaf_Disease",-73.910365,41.027357
"Beech_Leaf_Disease",-72.204881,42.766217
"Beech_Leaf_Disease",-76.289377,41.329247
"Beech_Leaf_Disease",-68.745597,44.85413
"Beech_Leaf_Disease",-79.272263,40.161664
"Beech_Leaf_Disease",-79.2723,40.161622
"Beech_Leaf_Disease",-73.190333,42.194852
"Beech_Leaf_Disease",-79.272263,40.161647
"Beech_Leaf_Disease",-74.880408,40.688275
"Beech_Leaf_Disease",-79.098582,41.395131
"Beech_Leaf_Disease",-72.483419,42.841422
"Beech_Leaf_Disease",-73.881919,40.904964
"Beech_Leaf_Disease",-73.185167,42.203228
"Beech_Leaf_Disease",-76.36709,42.331642
"Beech_Leaf_Disease",-74.490487,40.763645
"Beech_Leaf_Disease",-71.167283,41.947783
"Beech_Leaf_Disease",-73.44985,41.25955
"Beech_Leaf_Disease",-74.455722,40.721061
"Beech_Leaf_Disease",-73.412651,41.773548
"Beech_Leaf_Disease",-71.747463,42.987486
"Beech_Leaf_Disease",-72.557533,42.312561
"Beech_Leaf_Disease",-74.377911,41.055666
"Beech_Leaf_Disease",-71.710627,42.970896
"Beech_Leaf_Disease",-74.356562,40.84885
"Beech_Leaf_Disease",-69.495178,43.988647
"Beech_Leaf_Disease",-74.644067,40.698483
"Beech_Leaf_Disease",-69.49163,44.020764
"Beech_Leaf_Disease",-79.067554,41.509478
"Beech_Leaf_Disease",-68.746162,44.853462
"Beech_Leaf_Disease",-72.103597,42.026968
"Beech_Leaf_Disease",-76.237915,41.357332
"Beech_Leaf_Disease",-73.187822,42.201914
"Beech_Leaf_Disease",-72.94377,42.045737
"Beech_Leaf_Disease",-71.274117,43.518097
"Beech_Leaf_Disease",-74.437982,40.447295
"Beech_Leaf_Disease",-71.247947,42.988488
"Beech_Leaf_Disease",-71.247515,42.987986
"Beech_Leaf_Disease",-74.854036,41.069506
"Beech_Leaf_Disease",-80.098931,41.358606
"Beech_Leaf_Disease",-71.207508,41.625075
"Beech_Leaf_Disease",-69.664262,44.330003
"Beech_Leaf_Disease",-68.26067,44.310976
"Beech_Leaf_Disease",-71.246603,42.987711
"Beech_Leaf_Disease",-80.399912,43.30235
"Beech_Leaf_Disease",-81.428227,41.561428
"Beech_Leaf_Disease",-73.254154,42.669848
"Beech_Leaf_Disease",-72.124028,42.861445
"Beech_Leaf_Disease",-72.286286,41.431951
"Beech_Leaf_Disease",-71.249621,43.145121
"Beech_Leaf_Disease",-68.63447,44.413642
"Beech_Leaf_Disease",-79.272125,40.160842
"Beech_Leaf_Disease",-71.244556,42.98219
"Beech_Leaf_Disease",-79.101069,41.415398
"Beech_Leaf_Disease",-73.527328,41.233883
"Beech_Leaf_Disease",-82.108903,41.37358
"Beech_Leaf_Disease",-71.298287,41.468933
"Beech_Leaf_Disease",-71.250192,43.385483
"Beech_Leaf_Disease",-71.26977,42.988016
"Beech_Leaf_Disease",-68.736083,44.88647
"Beech_Leaf_Disease",-69.989205,41.252862
"Beech_Leaf_Disease",-72.734706,42.390558
"Beech_Leaf_Disease",-80.458663,42.792713
"Beech_Leaf_Disease",-71.124647,42.455792
"Beech_Leaf_Disease",-71.242404,42.480532
"Beech_Leaf_Disease",-71.293284,41.946199
"Beech_Leaf_Disease",-71.261807,42.996413
"Beech_Leaf_Disease",-74.175844,40.368333
"Beech_Leaf_Disease",-74.305497,40.735367
"Beech_Leaf_Disease",-73.967662,41.881619
"Beech_Leaf_Disease",-71.320053,42.226372
"Beech_Leaf_Disease",-74.615578,40.866345
"Beech_Leaf_Disease",-74.419498,40.476126
"Beech_Leaf_Disease",-74.697762,40.928783
"Beech_Leaf_Disease",-73.418942,41.771635
"Beech_Leaf_Disease",-73.962883,40.87742
"Beech_Leaf_Disease",-70.983472,42.294778
"Beech_Leaf_Disease",-74.527513,40.719051
"Beech_Leaf_Disease",-77.178964,40.225958
"Beech_Leaf_Disease",-80.213347,43.542459
"Beech_Leaf_Disease",-71.199425,42.25892
"Beech_Leaf_Disease",-71.262334,42.987312
"Beech_Leaf_Disease",-73.203615,42.003407
"Beech_Leaf_Disease",-71.331019,42.462743
"Beech_Leaf_Disease",-74.829391,41.113354
"Beech_Leaf_Disease",-72.140686,42.785236
"Beech_Leaf_Disease",-74.829391,41.113354
"Beech_Leaf_Disease",-75.586971,41.084931
"Beech_Leaf_Disease",-71.319122,42.352863
"Beech_Leaf_Disease",-70.05255,41.724206
"Beech_Leaf_Disease",-72.542814,42.442296
"Beech_Leaf_Disease",-74.726958,40.815533
"Beech_Leaf_Disease",-74.698097,40.9268
"Beech_Leaf_Disease",-71.124647,42.455792
"Beech_Leaf_Disease",-74.728295,40.833437
"Beech_Leaf_Disease",-81.314148,42.945982
"Beech_Leaf_Disease",-72.269465,42.677275
"Beech_Leaf_Disease",-68.191837,44.334415
"Beech_Leaf_Disease",-74.539162,40.760412
"Beech_Leaf_Disease",-74.76712,40.795055
"Beech_Leaf_Disease",-79.167887,40.631405
"Beech_Leaf_Disease",-76.47446,42.449777
"Beech_Leaf_Disease",-71.124647,42.455792
"Beech_Leaf_Disease",-78.544889,40.454079
"Beech_Leaf_Disease",-71.126725,42.81238
"Beech_Leaf_Disease",-76.858917,40.341942
"Beech_Leaf_Disease",-72.023278,42.936664
"Beech_Leaf_Disease",-74.731003,40.812572
"Beech_Leaf_Disease",-81.513748,41.315996
"Beech_Leaf_Disease",-72.799084,42.457962
"Beech_Leaf_Disease",-72.755917,42.548366
"Beech_Leaf_Disease",-74.54242,40.756797
"Beech_Leaf_Disease",-74.504018,40.40439
"Beech_Leaf_Disease",-70.617508,42.649625
"Beech_Leaf_Disease",-72.679375,43.029883
"Beech_Leaf_Disease",-74.618837,40.863245
"Beech_Leaf_Disease",-75.479083,43.250122
"Beech_Leaf_Disease",-76.237747,41.337944
"Beech_Leaf_Disease",-81.396861,40.868841
"Beech_Leaf_Disease",-71.337547,42.254938
"Beech_Leaf_Disease",-72.028308,42.9614
"Beech_Leaf_Disease",-71.684774,41.435395
"Beech_Leaf_Disease",-79.463163,42.204813
"Beech_Leaf_Disease",-75.795181,40.231567
"Beech_Leaf_Disease",-74.767137,40.795053
"Beech_Leaf_Disease",-71.7373,42.394738
"Beech_Leaf_Disease",-72.679375,43.029883
"Beech_Leaf_Disease",-81.314117,42.945492
"Beech_Leaf_Disease",-78.010721,42.589252
"Beech_Leaf_Disease",-81.508826,41.232946
"Beech_Leaf_Disease",-74.546317,40.752872
"Beech_Leaf_Disease",-71.124647,42.455792
"Beech_Leaf_Disease",-74.640351,40.671581
"Beech_Leaf_Disease",-81.334053,42.928281
"Beech_Leaf_Disease",-74.373036,40.684256
"Beech_Leaf_Disease",-74.539787,40.75983
"Beech_Leaf_Disease",-72.178447,42.760533
"Beech_Leaf_Disease",-77.489356,39.658886
"Beech_Leaf_Disease",-79.081008,44.048881
"Beech_Leaf_Disease",-74.542563,40.75652
"Beech_Leaf_Disease",-72.182141,41.765795
"Beech_Leaf_Disease",-72.03497,42.83746
"Beech_Leaf_Disease",-72.518042,42.418165
"Beech_Leaf_Disease",-71.495231,41.450411
"Beech_Leaf_Disease",-80.74968,41.863485
"Beech_Leaf_Disease",-74.549492,40.751995
"Beech_Leaf_Disease",-80.319373,42.727172
"Beech_Leaf_Disease",-79.463335,42.205333
"Beech_Leaf_Disease",-75.635972,41.072536
"Beech_Leaf_Disease",-79.093549,41.387421
"Beech_Leaf_Disease",-81.314103,42.945556
"Beech_Leaf_Disease",-74.619658,40.862542
"Beech_Leaf_Disease",-79.093644,41.409411
"Beech_Leaf_Disease",-74.502478,40.403791
"Beech_Leaf_Disease",-71.743045,42.934934
"Beech_Leaf_Disease",-74.828972,41.113697
"Beech_Leaf_Disease",-74.616888,40.864995
"Beech_Leaf_Disease",-72.066833,42.947644
"Beech_Leaf_Disease",-71.124647,42.455792
"Beech_Leaf_Disease",-72.214439,42.777386
"Beech_Leaf_Disease",-79.327481,42.293746
"Beech_Leaf_Disease",-74.373011,40.6841
"Beech_Leaf_Disease",-78.856842,42.436922
"Beech_Leaf_Disease",-79.093822,41.461912
"Beech_Leaf_Disease",-74.734275,40.810322
"Beech_Leaf_Disease",-74.829979,41.112907
"Beech_Leaf_Disease",-78.732974,42.437936
"Beech_Leaf_Disease",-71.743098,42.93452
"Beech_Leaf_Disease",-74.301522,40.741437
"Beech_Leaf_Disease",-74.519897,40.804213
"Beech_Leaf_Disease",-72.152839,42.780906
"Beech_Leaf_Disease",-74.397042,40.67173
"Beech_Leaf_Disease",-72.151664,42.779611
"Beech_Leaf_Disease",-79.490833,41.940556
"Beech_Leaf_Disease",-80.057208,43.169192
"Beech_Leaf_Disease",-76.239181,40.263374
"Beech_Leaf_Disease",-70.195708,42.066681
"Beech_Leaf_Disease",-74.27118,40.90807
"Beech_Leaf_Disease",-74.416322,40.477563
"Beech_Leaf_Disease",-76.456611,42.93655
"Beech_Leaf_Disease",-70.942772,42.893245
"Beech_Leaf_Disease",-81.646517,41.180513
"Beech_Leaf_Disease",-74.728692,40.835195
"Beech_Leaf_Disease",-78.739056,40.196459
"Beech_Leaf_Disease",-71.852736,43.094342
"Beech_Leaf_Disease",-71.898735,42.862566
"Beech_Leaf_Disease",-79.716754,41.99368
"Beech_Leaf_Disease",-74.58355,40.835037
"Beech_Leaf_Disease",-74.666953,40.867958
"Beech_Leaf_Disease",-72.152931,42.781747
"Beech_Leaf_Disease",-72.526361,42.316026
"Beech_Leaf_Disease",-71.956872,41.804064
"Beech_Leaf_Disease",-70.845935,42.200378
"Beech_Leaf_Disease",-72.61985,42.918738
"Beech_Leaf_Disease",-71.017196,42.887978
"Beech_Leaf_Disease",-74.869155,41.040383
"Beech_Leaf_Disease",-74.76677,40.794953
"Beech_Leaf_Disease",-75.759294,40.129475
"Beech_Leaf_Disease",-79.080402,41.461825
"Beech_Leaf_Disease",-74.869012,41.039392
"Beech_Leaf_Disease",-74.271912,40.90845
"Beech_Leaf_Disease",-71.690467,41.432158
"Beech_Leaf_Disease",-72.158233,42.782744
"Beech_Leaf_Disease",-71.087583,42.462111
"Beech_Leaf_Disease",-81.123463,41.308778
"Beech_Leaf_Disease",-77.482648,39.662613
"Beech_Leaf_Disease",-72.520646,42.867862
"Beech_Leaf_Disease",-71.246433,42.981964
"Beech_Leaf_Disease",-79.087372,41.464893
"Beech_Leaf_Disease",-72.208519,42.77475
"Beech_Leaf_Disease",-72.472853,42.966213
"Beech_Leaf_Disease",-79.101659,41.474141
"Beech_Leaf_Disease",-71.897306,42.808651
"Beech_Leaf_Disease",-81.573156,41.483881
"Beech_Leaf_Disease",-77.758183,40.650864
"Beech_Leaf_Disease",-75.745123,40.83117
"Beech_Leaf_Disease",-81.699258,41.194154
"Beech_Leaf_Disease",-80.6549,41.929
"Beech_Leaf_Disease",-73.709731,41.932689
"Beech_Leaf_Disease",-77.488188,43.246653
"Beech_Leaf_Disease",-76.454222,42.478065
"Beech_Leaf_Disease",-74.449447,40.850412
"Beech_Leaf_Disease",-71.283417,42.2252
"Beech_Leaf_Disease",-80.213152,43.542557
"Beech_Leaf_Disease",-70.945862,43.017228
"Beech_Leaf_Disease",-80.35981,42.70707
"Beech_Leaf_Disease",-81.041253,41.329945
"Beech_Leaf_Disease",-77.144941,42.31086
"Beech_Leaf_Disease",-81.808996,41.209635
"Beech_Leaf_Disease",-74.551163,40.753217
"Beech_Leaf_Disease",-81.281197,41.501775
"Beech_Leaf_Disease",-79.089439,41.413523
"Beech_Leaf_Disease",-72.052751,42.937838
"Beech_Leaf_Disease",-73.050842,42.086831
"Beech_Leaf_Disease",-75.783712,40.234678
"Beech_Leaf_Disease",-73.875258,40.861867
"Beech_Leaf_Disease",-68.08221,44.631099
"Beech_Leaf_Disease",-79.34038,42.456176
"Beech_Leaf_Disease",-74.560897,40.798278
"Beech_Leaf_Disease",-72.247033,41.824245
"Beech_Leaf_Disease",-79.811667,41.934444
"Beech_Leaf_Disease",-72.020157,42.977401
"Beech_Leaf_Disease",-73.877755,40.901833
"Beech_Leaf_Disease",-74.562805,40.79963
"Beech_Leaf_Disease",-74.566383,40.802945
"Beech_Leaf_Disease",-75.537831,41.141792
"Beech_Leaf_Disease",-72.214486,42.779308
"Beech_Leaf_Disease",-74.176425,40.367261
"Beech_Leaf_Disease",-72.056367,42.844331
"Beech_Leaf_Disease",-78.775923,39.661622
"Beech_Leaf_Disease",-79.071777,41.364948
"Beech_Leaf_Disease",-73.03265,42.54329
"Beech_Leaf_Disease",-81.373062,41.300687
"Beech_Leaf_Disease",-74.671058,40.834213
"Beech_Leaf_Disease",-70.94043,43.135661
"Beech_Leaf_Disease",-75.78347,39.758113
"Beech_Leaf_Disease",-74.55053,40.75307
"Beech_Leaf_Disease",-74.519897,40.804213
"Beech_Leaf_Disease",-72.214272,42.777381
"Beech_Leaf_Disease",-74.386861,40.947175
"Beech_Leaf_Disease",-79.267756,40.146158
"Beech_Leaf_Disease",-76.298666,41.341604
"Beech_Leaf_Disease",-74.491908,40.711092
"Beech_Leaf_Disease",-71.05748,42.735328
"Beech_Leaf_Disease",-73.821005,41.134811
"Beech_Leaf_Disease",-71.096328,42.44545
"Beech_Leaf_Disease",-73.03459,42.217184
"Beech_Leaf_Disease",-71.284705,43.02075
"Beech_Leaf_Disease",-71.136519,42.29892
"Beech_Leaf_Disease",-72.146003,41.000397
"Beech_Leaf_Disease",-74.490856,40.710308
"Beech_Leaf_Disease",-71.270304,43.018641
"Beech_Leaf_Disease",-71.297561,41.942655
"Beech_Leaf_Disease",-72.364412,43.085247
"Beech_Leaf_Disease",-72.364997,43.087397
"Beech_Leaf_Disease",-80.177222,40.490556
"Beech_Leaf_Disease",-79.078697,41.354078
"Beech_Leaf_Disease",-72.051588,42.937601
"Beech_Leaf_Disease",-68.266463,44.351587
"Beech_Leaf_Disease",-80.457368,40.521133
"Beech_Leaf_Disease",-79.097915,41.459082
"Beech_Leaf_Disease",-74.551705,40.75278
"Beech_Leaf_Disease",-74.54995,40.752133
"Beech_Leaf_Disease",-71.440078,42.357153
"Beech_Leaf_Disease",-74.766595,40.79512
"Beech_Leaf_Disease",-74.181908,40.364075
"Beech_Leaf_Disease",-74.711083,40.814605
"Beech_Leaf_Disease",-73.27871,41.553396
"Beech_Leaf_Disease",-73.710669,41.931958
"Beech_Leaf_Disease",-79.122062,41.408333
"Beech_Leaf_Disease",-72.627757,42.254508
"Beech_Leaf_Disease",-71.269244,42.987781
"Beech_Leaf_Disease",-75.223672,40.063942
"Beech_Leaf_Disease",-80.633645,42.650403
"Beech_Leaf_Disease",-74.311343,40.837669
"Beech_Leaf_Disease",-71.090994,42.451875
"Beech_Leaf_Disease",-70.611646,41.574127
"Beech_Leaf_Disease",-69.38327,44.447125
"Beech_Leaf_Disease",-71.898948,42.862365
"Beech_Leaf_Disease",-73.129512,42.350339
"Beech_Leaf_Disease",-76.360447,39.542202
"Beech_Leaf_Disease",-74.4496,40.850503
"Beech_Leaf_Disease",-74.586517,40.834797
"Beech_Leaf_Disease",-76.99312,39.646197
"Beech_Leaf_Disease",-76.299597,41.342444
"Beech_Leaf_Disease",-74.271758,40.906997
"Beech_Leaf_Disease",-73.452185,41.851708
"Beech_Leaf_Disease",-73.316626,41.507576
"Beech_Leaf_Disease",-75.221817,40.068608
"Beech_Leaf_Disease",-79.120695,41.415069
"Beech_Leaf_Disease",-80.624313,42.649295
"Beech_Leaf_Disease",-73.011645,42.52665
"Beech_Leaf_Disease",-80.013336,43.225903
"Beech_Leaf_Disease",-72.472358,42.964401
"Beech_Leaf_Disease",-79.695349,40.54821
"Beech_Leaf_Disease",-80.366977,43.375441
"Beech_Leaf_Disease",-72.920089,42.01625
"Beech_Leaf_Disease",-72.821355,42.549705
"Beech_Leaf_Disease",-68.088937,44.625095
"Beech_Leaf_Disease",-68.125152,44.630387
"Beech_Leaf_Disease",-74.728492,40.833603
"Beech_Leaf_Disease",-74.59639,41.238297
"Beech_Leaf_Disease",-74.449172,40.851278
"Beech_Leaf_Disease",-71.114167,42.439063
"Beech_Leaf_Disease",-73.879975,40.898597
"Beech_Leaf_Disease",-71.197704,42.344497
"Beech_Leaf_Disease",-79.085012,41.460907
"Beech_Leaf_Disease",-68.086355,44.632568
"Beech_Leaf_Disease",-75.634067,41.010747
"Beech_Leaf_Disease",-73.804173,41.446853
"Beech_Leaf_Disease",-73.833273,41.108991
"Beech_Leaf_Disease",-71.38689,42.315189
"Beech_Leaf_Disease",-76.447283,42.476192
"Beech_Leaf_Disease",-71.243386,42.980847
"Beech_Leaf_Disease",-74.550872,40.751195
"Beech_Leaf_Disease",-69.146459,44.005862
"Beech_Leaf_Disease",-71.270462,43.523987
"Beech_Leaf_Disease",-77.19235,40.450372
"Beech_Leaf_Disease",-68.22303,44.373783
"Beech_Leaf_Disease",-74.449809,40.763549
"Beech_Leaf_Disease",-72.208347,42.774044
"Beech_Leaf_Disease",-71.137031,42.264542
"Beech_Leaf_Disease",-82.060173,41.118701
"Beech_Leaf_Disease",-74.289652,40.753406
"Beech_Leaf_Disease",-71.136847,42.298212
"Beech_Leaf_Disease",-74.492058,40.764212
"Beech_Leaf_Disease",-70.898793,41.689065
"Beech_Leaf_Disease",-74.551917,40.605525
"Beech_Leaf_Disease",-75.420867,40.337958
"Beech_Leaf_Disease",-71.26372,41.534737
"Beech_Leaf_Disease",-74.357108,40.848775
"Beech_Leaf_Disease",-70.112511,41.752689
"Beech_Leaf_Disease",-72.202881,42.76293
"Beech_Leaf_Disease",-74.492958,40.726475
"Beech_Leaf_Disease",-71.105221,42.463872
"Beech_Leaf_Disease",-71.254438,42.972796
"Beech_Leaf_Disease",-71.251543,42.971981
"Beech_Leaf_Disease",-70.914283,42.638103
"Beech_Leaf_Disease",-72.20147,42.760094
"Beech_Leaf_Disease",-75.716162,41.559075
"Beech_Leaf_Disease",-75.788783,40.202036
"Beech_Leaf_Disease",-72.19257,42.785342
"Beech_Leaf_Disease",-72.214506,42.777488
"Beech_Leaf_Disease",-70.913312,42.636126
"Beech_Leaf_Disease",-72.20783,42.77342
"Beech_Leaf_Disease",-70.885716,42.027508
"Beech_Leaf_Disease",-71.469003,42.357312
"Beech_Leaf_Disease",-68.795442,44.693515
"Beech_Leaf_Disease",-71.11551,42.217844
"Beech_Leaf_Disease",-74.11985,41.039336
"Beech_Leaf_Disease",-74.62095,40.786922
"Beech_Leaf_Disease",-74.872995,41.039439
"Beech_Leaf_Disease",-81.845254,41.265533
"Beech_Leaf_Disease",-71.354075,42.202632
"Beech_Leaf_Disease",-72.71071,42.833362
"Beech_Leaf_Disease",-71.115596,42.217804
"Beech_Leaf_Disease",-74.620963,40.787362
"Beech_Leaf_Disease",-74.489555,40.710442
"Beech_Leaf_Disease",-75.869787,41.06577
"Beech_Leaf_Disease",-82.061218,41.118042
"Beech_Leaf_Disease",-80.475408,42.707917
"Beech_Leaf_Disease",-71.209985,42.975149
"Beech_Leaf_Disease",-72.931717,41.648814
"Beech_Leaf_Disease",-72.408608,42.816686
"Beech_Leaf_Disease",-72.189472,42.725272
"Beech_Leaf_Disease",-72.214708,42.779235
"Beech_Leaf_Disease",-72.202897,42.762833
"Beech_Leaf_Disease",-74.219911,42.025478
"Beech_Leaf_Disease",-72.211223,42.77752
"Beech_Leaf_Disease",-72.207266,42.763342
"Beech_Leaf_Disease",-76.23587,39.940576
"Beech_Leaf_Disease",-82.83062,42.576417
"Beech_Leaf_Disease",-79.050392,41.489436
"Beech_Leaf_Disease",-72.190438,42.722225
"Beech_Leaf_Disease",-81.723513,41.11404
"Beech_Leaf_Disease",-71.141097,42.297955
"Beech_Leaf_Disease",-71.090689,42.465194
"Beech_Leaf_Disease",-72.590126,42.301501
"Beech_Leaf_Disease",-74.358367,40.847847
"Beech_Leaf_Disease",-74.302147,42.068058
"Beech_Leaf_Disease",-74.49312,40.726653
"Beech_Leaf_Disease",-71.095575,42.201419
"Beech_Leaf_Disease",-81.875402,41.109879
"Beech_Leaf_Disease",-68.629048,44.73919
"Beech_Leaf_Disease",-71.93143,42.828183
"Beech_Leaf_Disease",-74.619475,40.790192
"Beech_Leaf_Disease",-72.201728,42.761003
"Beech_Leaf_Disease",-79.046004,41.490528
"Beech_Leaf_Disease",-72.617294,42.267396
"Beech_Leaf_Disease",-73.873925,40.898858
"Beech_Leaf_Disease",-71.084847,42.190075
"Beech_Leaf_Disease",-70.833338,42.232396
"Beech_Leaf_Disease",-69.552642,44.152011
"Beech_Leaf_Disease",-71.952761,42.822767
"Beech_Leaf_Disease",-74.61953,40.790638
"Beech_Leaf_Disease",-72.364497,43.042003
"Beech_Leaf_Disease",-72.207147,42.763183
"Beech_Leaf_Disease",-74.523749,40.863408
"Beech_Leaf_Disease",-71.106744,42.431961
"Beech_Leaf_Disease",-74.554237,40.843478
"Beech_Leaf_Disease",-74.123217,40.580385
"Beech_Leaf_Disease",-73.476764,41.248116
"Beech_Leaf_Disease",-74.482078,40.81292
"Beech_Leaf_Disease",-72.793633,40.955522
"Beech_Leaf_Disease",-74.490856,40.710308
"Beech_Leaf_Disease",-74.464662,40.77383
"Beech_Leaf_Disease",-71.306228,42.175647
"Beech_Leaf_Disease",-77.454994,41.692269
"Beech_Leaf_Disease",-80.151845,43.535755
"Beech_Leaf_Disease",-71.852259,43.094497
"Beech_Leaf_Disease",-74.518945,40.803425
"Beech_Leaf_Disease",-74.49035,40.716856
"Beech_Leaf_Disease",-79.096464,41.433004
"Beech_Leaf_Disease",-73.038824,42.525289
"Beech_Leaf_Disease",-78.72432,42.889478
"Beech_Leaf_Disease",-74.537439,40.608765
"Beech_Leaf_Disease",-74.453278,40.809137
"Beech_Leaf_Disease",-74.49035,40.716856
"Beech_Leaf_Disease",-71.227128,42.386897
"Beech_Leaf_Disease",-71.106744,42.431961
"Beech_Leaf_Disease",-70.86193,42.239891
"Beech_Leaf_Disease",-74.490856,40.710308
"Beech_Leaf_Disease",-69.193355,44.086227
"Beech_Leaf_Disease",-70.052178,41.724819
"Beech_Leaf_Disease",-74.488667,40.716036
"Beech_Leaf_Disease",-79.95441,43.438213
"Beech_Leaf_Disease",-71.241131,42.479889
"Beech_Leaf_Disease",-68.345208,44.411422
"Beech_Leaf_Disease",-77.75808,40.651215
"Beech_Leaf_Disease",-72.781356,41.692603
"Beech_Leaf_Disease",-79.085395,41.454433
"Beech_Leaf_Disease",-74.454225,40.810367
"Beech_Leaf_Disease",-71.123978,42.456481
"Beech_Leaf_Disease",-75.910959,40.002013
"Beech_Leaf_Disease",-73.020037,42.250663
"Beech_Leaf_Disease",-74.488339,40.715136
"Beech_Leaf_Disease",-74.464072,40.772878
"Beech_Leaf_Disease",-68.352295,44.40063
"Beech_Leaf_Disease",-71.319798,41.87317
"Beech_Leaf_Disease",-78.418478,40.643167
"Beech_Leaf_Disease",-81.418547,41.419779
"Beech_Leaf_Disease",-75.627992,41.005447
"Beech_Leaf_Disease",-74.487494,40.712458
"Beech_Leaf_Disease",-74.490856,40.710308
"Beech_Leaf_Disease",-81.850264,41.265222
"Beech_Leaf_Disease",-71.230389,42.435855
"Beech_Leaf_Disease",-74.464905,40.773858
"Beech_Leaf_Disease",-72.034342,42.937621
"Beech_Leaf_Disease",-80.707166,43.112799
"Beech_Leaf_Disease",-74.49035,40.716856
"Beech_Leaf_Disease",-74.488667,40.716036
"Beech_Leaf_Disease",-81.498329,41.030748
"Beech_Leaf_Disease",-74.49035,40.716856
"Beech_Leaf_Disease",-74.464255,40.773638
"Beech_Leaf_Disease",-77.151383,38.976878
"Beech_Leaf_Disease",-71.359497,41.930506
"Beech_Leaf_Disease",-81.891167,41.26864
"Beech_Leaf_Disease",-74.575338,40.838212
"Beech_Leaf_Disease",-74.488439,40.715803
"Beech_Leaf_Disease",-74.491169,40.710586
"Beech_Leaf_Disease",-72.194101,42.858199
"Beech_Leaf_Disease",-74.49035,40.716856
"Beech_Leaf_Disease",-75.559006,40.499512
"Beech_Leaf_Disease",-69.124584,44.088403
"Beech_Leaf_Disease",-71.106744,42.431961
"Beech_Leaf_Disease",-75.97097,42.0792
"Beech_Leaf_Disease",-72.998591,41.991115
"Beech_Leaf_Disease",-74.551772,40.844908
"Beech_Leaf_Disease",-80.191111,40.511944
"Beech_Leaf_Disease",-74.487762,40.813408
"Beech_Leaf_Disease",-73.961962,40.794228
"Beech_Leaf_Disease",-71.08988,42.462763
"Beech_Leaf_Disease",-69.005367,44.134924
"Beech_Leaf_Disease",-77.150792,38.976253
"Beech_Leaf_Disease",-74.489522,40.710417
"Beech_Leaf_Disease",-74.390583,40.947826
"Beech_Leaf_Disease",-72.058549,42.691465
"Beech_Leaf_Disease",-74.523486,40.701858
"Beech_Leaf_Disease",-73.127075,42.064111
"Beech_Leaf_Disease",-74.49035,40.716856
"Beech_Leaf_Disease",-71.857793,43.097393
"Beech_Leaf_Disease",-74.49035,40.716856
"Beech_Leaf_Disease",-81.413364,41.270303
"Beech_Leaf_Disease",-72.791317,42.394723
"Beech_Leaf_Disease",-72.822174,42.427136
"Beech_Leaf_Disease",-79.101368,41.445089
"Beech_Leaf_Disease",-74.554183,40.843905
"Beech_Leaf_Disease",-76.170419,42.088739
"Beech_Leaf_Disease",-77.379542,39.367699
"Beech_Leaf_Disease",-73.760755,40.759037
"Beech_Leaf_Disease",-72.680145,42.45673
"Beech_Leaf_Disease",-76.415897,40.496884
"Beech_Leaf_Disease",-72.674806,41.442764
"Beech_Leaf_Disease",-72.034379,42.938332
"Beech_Leaf_Disease",-71.959152,42.314287
"Beech_Leaf_Disease",-74.656197,40.34822
"Beech_Leaf_Disease",-74.489522,40.710417
"Beech_Leaf_Disease",-80.196675,40.915761
"Beech_Leaf_Disease",-74.198656,41.0821
"Beech_Leaf_Disease",-71.134675,42.298397
"Beech_Leaf_Disease",-74.491747,40.711086
"Beech_Leaf_Disease",-70.854067,42.168441
"Beech_Leaf_Disease",-79.271863,40.16102
"Beech_Leaf_Disease",-74.49035,40.716856
"Beech_Leaf_Disease",-74.500753,40.405508
"Beech_Leaf_Disease",-71.319818,41.873157
"Beech_Leaf_Disease",-71.662028,43.001948
"Beech_Leaf_Disease",-72.825346,42.549138
"Beech_Leaf_Disease",-71.106744,42.431961
"Beech_Leaf_Disease",-77.153308,38.977539
"Beech_Leaf_Disease",-75.712514,40.20635
"Beech_Leaf_Disease",-72.773078,41.878511
"Beech_Leaf_Disease",-77.33262,38.724197
"Beech_Leaf_Disease",-72.825841,42.549079
"Beech_Leaf_Disease",-72.890696,42.664334
"Beech_Leaf_Disease",-68.141686,44.574183
"Beech_Leaf_Disease",-75.554548,41.173961
"Beech_Leaf_Disease",-74.488558,40.712472
"Beech_Leaf_Disease",-74.586508,40.83487
"Beech_Leaf_Disease",-71.109855,42.340908
"Beech_Leaf_Disease",-79.655619,43.470154
"Beech_Leaf_Disease",-80.66794,43.16716
"Beech_Leaf_Disease",-81.524522,41.151365
"Beech_Leaf_Disease",-74.463883,40.773105
"Beech_Leaf_Disease",-71.136642,42.297755
"Beech_Leaf_Disease",-74.221413,40.515844
"Beech_Leaf_Disease",-80.355668,41.886595
"Beech_Leaf_Disease",-74.58898,40.835278
"Beech_Leaf_Disease",-74.518633,40.691356
"Beech_Leaf_Disease",-79.057731,41.500375
"Beech_Leaf_Disease",-77.848541,40.564304
"Beech_Leaf_Disease",-72.801025,40.956817
"Beech_Leaf_Disease",-79.497772,40.309395
"Beech_Leaf_Disease",-69.473304,44.356397
"Beech_Leaf_Disease",-69.611213,44.093747
"Beech_Leaf_Disease",-79.001182,40.579552
"Beech_Leaf_Disease",-76.372253,42.451989
"Beech_Leaf_Disease",-81.575361,41.483947
"Beech_Leaf_Disease",-71.271803,42.246987
"Beech_Leaf_Disease",-81.02731,41.602344
"Beech_Leaf_Disease",-77.737793,40.723125
"Beech_Leaf_Disease",-72.061072,41.479253
"Beech_Leaf_Disease",-74.556689,40.748831
"Beech_Leaf_Disease",-73.94,41.062485
"Beech_Leaf_Disease",-75.376687,40.055297
"Beech_Leaf_Disease",-81.854163,41.043151
"Beech_Leaf_Disease",-71.526739,42.53766
"Beech_Leaf_Disease",-72.097052,42.5002
"Beech_Leaf_Disease",-81.802652,41.048405
"Beech_Leaf_Disease",-81.296013,42.96463
"Beech_Leaf_Disease",-74.52272,40.70245
"Beech_Leaf_Disease",-74.527795,40.705058
"Beech_Leaf_Disease",-68.745758,44.854147
"Beech_Leaf_Disease",-74.710913,40.762005
"Beech_Leaf_Disease",-71.296944,42.447479
"Beech_Leaf_Disease",-74.453925,40.809588
"Beech_Leaf_Disease",-81.899795,41.376533
"Beech_Leaf_Disease",-81.928129,41.103543
"Beech_Leaf_Disease",-74.520155,40.699487
"Beech_Leaf_Disease",-77.436641,43.224189
"Beech_Leaf_Disease",-71.146523,42.075386
"Beech_Leaf_Disease",-74.51877,40.702658
"Beech_Leaf_Disease",-71.118372,42.430717
"Beech_Leaf_Disease",-71.637218,42.100839
"Beech_Leaf_Disease",-71.106686,42.439439
"Beech_Leaf_Disease",-72.780358,42.794451
"Beech_Leaf_Disease",-74.52082,40.699762
"Beech_Leaf_Disease",-75.291612,41.042105
"Beech_Leaf_Disease",-73.700005,41.054408
"Beech_Leaf_Disease",-71.090683,42.453383
"Beech_Leaf_Disease",-74.525815,40.719288
"Beech_Leaf_Disease",-81.295928,42.964508
"Beech_Leaf_Disease",-81.435679,40.898456
"Beech_Leaf_Disease",-74.520333,40.700497
"Beech_Leaf_Disease",-71.073319,42.190286
"Beech_Leaf_Disease",-74.520937,40.701205
"Beech_Leaf_Disease",-71.102647,42.190058
"Beech_Leaf_Disease",-72.80952,42.624269
"Beech_Leaf_Disease",-81.854957,41.043345
"Beech_Leaf_Disease",-71.089856,42.464617
"Beech_Leaf_Disease",-76.99588,39.020733
"Beech_Leaf_Disease",-71.251842,42.972042
"Beech_Leaf_Disease",-81.853963,41.042701
"Beech_Leaf_Disease",-73.094108,41.694825
"Beech_Leaf_Disease",-71.206144,42.014147
"Beech_Leaf_Disease",-71.81086,42.605914
"Beech_Leaf_Disease",-72.098898,42.51278
"Beech_Leaf_Disease",-74.521195,40.70025
"Beech_Leaf_Disease",-81.802475,41.049148
"Beech_Leaf_Disease",-80.407205,40.502239
"Beech_Leaf_Disease",-71.208183,42.975008
"Beech_Leaf_Disease",-72.120515,42.531692
"Beech_Leaf_Disease",-73.976546,41.799883
"Beech_Leaf_Disease",-74.787728,40.420139
"Beech_Leaf_Disease",-74.520758,40.70145
"Beech_Leaf_Disease",-72.198111,42.789222
"Beech_Leaf_Disease",-73.700172,41.054303
"Beech_Leaf_Disease",-74.453353,40.809375
"Beech_Leaf_Disease",-71.888062,42.504074
"Beech_Leaf_Disease",-74.656897,40.348033
"Beech_Leaf_Disease",-71.106744,42.431961
"Beech_Leaf_Disease",-71.106744,42.431961
"Beech_Leaf_Disease",-71.105897,42.435217
"Beech_Leaf_Disease",-79.0934,41.439061
"Beech_Leaf_Disease",-72.193624,42.940625
"Beech_Leaf_Disease",-71.109893,42.340969
"Beech_Leaf_Disease",-79.958375,41.627483
"Beech_Leaf_Disease",-72.013443,42.972658
"Beech_Leaf_Disease",-71.263356,42.992364
"Beech_Leaf_Disease",-72.931553,42.469853
"Beech_Leaf_Disease",-74.099214,40.94815
"Beech_Leaf_Disease",-79.819593,40.52194
"Beech_Leaf_Disease",-71.108383,42.451105
"Beech_Leaf_Disease",-79.762772,43.171713
"Beech_Leaf_Disease",-80.651333,41.928578
"Beech_Leaf_Disease",-71.106744,42.431961
"Beech_Leaf_Disease",-70.94575,43.13348
"Beech_Leaf_Disease",-80.213186,43.54236
"Beech_Leaf_Disease",-75.232872,40.083428
"Beech_Leaf_Disease",-68.259683,44.33907
"Beech_Leaf_Disease",-74.098655,40.9477
"Beech_Leaf_Disease",-72.310884,42.831729
"Beech_Leaf_Disease",-71.298681,42.952983
"Beech_Leaf_Disease",-71.297148,42.959526
"Beech_Leaf_Disease",-72.015232,42.97372
"Beech_Leaf_Disease",-71.949058,42.317283
"Beech_Leaf_Disease",-75.232208,40.082578
"Beech_Leaf_Disease",-71.583463,42.986438
"Beech_Leaf_Disease",-72.024692,42.982164
"Beech_Leaf_Disease",-70.636413,41.426342
"Beech_Leaf_Disease",-74.289652,40.753406
"Beech_Leaf_Disease",-73.12738,42.057053
"Beech_Leaf_Disease",-71.087717,42.462311
"Beech_Leaf_Disease",-71.257262,42.446896
"Beech_Leaf_Disease",-79.693441,40.547495
"Beech_Leaf_Disease",-71.08765,42.462011
"Beech_Leaf_Disease",-71.301803,42.453003
"Beech_Leaf_Disease",-73.882297,40.905941
"Beech_Leaf_Disease",-80.133352,41.914882
"Beech_Leaf_Disease",-71.087947,42.462203
"Beech_Leaf_Disease",-81.643749,41.306641
"Beech_Leaf_Disease",-72.026974,42.967191
"Beech_Leaf_Disease",-69.757588,44.295998
"Beech_Leaf_Disease",-71.086506,42.462297
"Beech_Leaf_Disease",-73.666772,41.279978
"Beech_Leaf_Disease",-72.326173,42.671763
"Beech_Leaf_Disease",-71.087947,42.462203
"Beech_Leaf_Disease",-73.839091,41.045882
"Beech_Leaf_Disease",-74.448442,40.812917
"Beech_Leaf_Disease",-73.093284,42.386924
"Beech_Leaf_Disease",-71.086433,42.462339
"Beech_Leaf_Disease",-77.418276,40.280731
"Beech_Leaf_Disease",-71.096825,42.447453
"Beech_Leaf_Disease",-71.087681,42.462211
"Beech_Leaf_Disease",-69.112645,44.09114
"Beech_Leaf_Disease",-74.487267,40.712633
"Beech_Leaf_Disease",-71.095775,42.445025
"Beech_Leaf_Disease",-71.087947,42.462203
"Beech_Leaf_Disease",-72.107178,41.884169
"Beech_Leaf_Disease",-71.087731,42.462317
"Beech_Leaf_Disease",-71.088214,42.462694
"Beech_Leaf_Disease",-75.092003,40.155842
"Beech_Leaf_Disease",-74.632753,40.831167
"Beech_Leaf_Disease",-73.911287,41.027772
"Beech_Leaf_Disease",-70.864364,42.862747
"Beech_Leaf_Disease",-71.087692,42.462347
"Beech_Leaf_Disease",-74.454453,40.809383
"Beech_Leaf_Disease",-71.095992,42.445186
"Beech_Leaf_Disease",-71.088217,42.462853
"Beech_Leaf_Disease",-81.410131,41.198302
"Beech_Leaf_Disease",-71.088269,42.462858
"Beech_Leaf_Disease",-69.759237,44.294678
"Beech_Leaf_Disease",-79.980916,41.800855
"Beech_Leaf_Disease",-81.303968,41.232613
"Beech_Leaf_Disease",-71.08765,42.462011
"Beech_Leaf_Disease",-70.738253,41.990152
"Beech_Leaf_Disease",-80.359742,43.075031
"Beech_Leaf_Disease",-73.667188,41.278995
"Beech_Leaf_Disease",-79.982632,41.795007
"Beech_Leaf_Disease",-71.241347,42.232047
"Beech_Leaf_Disease",-72.679831,41.810186
"Beech_Leaf_Disease",-80.254324,43.332038
"Beech_Leaf_Disease",-71.087739,42.462342
"Beech_Leaf_Disease",-73.334661,40.917262
"Beech_Leaf_Disease",-69.757758,44.29481
"Beech_Leaf_Disease",-81.781076,41.144817
"Beech_Leaf_Disease",-71.087628,42.463047
"Beech_Leaf_Disease",-71.08765,42.462011
"Beech_Leaf_Disease",-71.088139,42.462472
"Beech_Leaf_Disease",-71.316855,42.163658
"Beech_Leaf_Disease",-74.741317,40.882563
"Beech_Leaf_Disease",-71.088269,42.462858
"Beech_Leaf_Disease",-80.258169,40.532312
"Beech_Leaf_Disease",-74.454047,40.810147
"Beech_Leaf_Disease",-71.115807,42.218448
"Beech_Leaf_Disease",-80.017291,42.155179
"Beech_Leaf_Disease",-71.088158,42.462525
"Beech_Leaf_Disease",-71.08765,42.462011
"Beech_Leaf_Disease",-71.086439,42.462344
"Beech_Leaf_Disease",-71.089856,42.464617
"Beech_Leaf_Disease",-71.088158,42.462525
"Beech_Leaf_Disease",-71.088594,42.461697
"Beech_Leaf_Disease",-72.916838,41.444489
"Beech_Leaf_Disease",-71.087539,42.462953
"Beech_Leaf_Disease",-81.294192,40.900014
"Beech_Leaf_Disease",-73.023558,41.453883
"Beech_Leaf_Disease",-71.087678,42.462336
"Beech_Leaf_Disease",-71.087681,42.462325
"Beech_Leaf_Disease",-73.66672,41.280128
"Beech_Leaf_Disease",-71.098006,42.446483
"Beech_Leaf_Disease",-74.359178,41.155597
"Beech_Leaf_Disease",-71.087717,42.462344
"Beech_Leaf_Disease",-73.058067,41.349439
"Beech_Leaf_Disease",-71.08765,42.462011
"Beech_Leaf_Disease",-73.011676,42.847506
"Beech_Leaf_Disease",-71.178167,41.576705
"Beech_Leaf_Disease",-71.286238,43.100653
"Beech_Leaf_Disease",-72.528757,43.30884
"Beech_Leaf_Disease",-71.087711,42.462344
"Beech_Leaf_Disease",-71.301345,42.455055
"Beech_Leaf_Disease",-71.088211,42.462881
"Beech_Leaf_Disease",-71.087597,42.463064
"Beech_Leaf_Disease",-75.614206,41.203725
"Beech_Leaf_Disease",-81.689404,41.088002
"Beech_Leaf_Disease",-73.667045,41.279713
"Beech_Leaf_Disease",-81.286694,41.363512
"Beech_Leaf_Disease",-71.087633,42.463086
"Beech_Leaf_Disease",-71.283508,42.32317
"Beech_Leaf_Disease",-71.107232,42.212528
"Beech_Leaf_Disease",-71.087703,42.462317
"Beech_Leaf_Disease",-71.737312,41.790785
"Beech_Leaf_Disease",-71.392606,42.690604
"Beech_Leaf_Disease",-72.016791,42.975523
"Beech_Leaf_Disease",-75.912575,40.000764
"Beech_Leaf_Disease",-73.159905,40.737728
"Beech_Leaf_Disease",-71.0876,42.462131
"Beech_Leaf_Disease",-72.02074,42.97755
"Beech_Leaf_Disease",-83.810184,42.261541
"Beech_Leaf_Disease",-71.285447,42.323578
"Beech_Leaf_Disease",-71.095775,42.445025
"Beech_Leaf_Disease",-73.023697,41.453912
"Beech_Leaf_Disease",-74.289652,40.753406
"Beech_Leaf_Disease",-74.553275,40.845188
"Beech_Leaf_Disease",-72.542704,41.529558
"Beech_Leaf_Disease",-72.304917,41.578938
"Beech_Leaf_Disease",-74.418939,40.476361
"Beech_Leaf_Disease",-71.986625,42.972148
"Beech_Leaf_Disease",-74.289652,40.753406
"Beech_Leaf_Disease",-73.036556,42.528666
"Beech_Leaf_Disease",-80.187584,41.623447
"Beech_Leaf_Disease",-71.088239,42.462664
"Beech_Leaf_Disease",-73.432088,40.762994
"Beech_Leaf_Disease",-77.418276,40.280731
"Beech_Leaf_Disease",-71.087597,42.462125
"Beech_Leaf_Disease",-72.048028,42.953082
"Beech_Leaf_Disease",-71.0893,42.462467
"Beech_Leaf_Disease",-71.088283,42.463017
"Beech_Leaf_Disease",-73.667533,41.280455
"Beech_Leaf_Disease",-73.419973,40.791044
"Beech_Leaf_Disease",-79.961428,41.651482
"Beech_Leaf_Disease",-77.238655,38.766872
"Beech_Leaf_Disease",-71.088283,42.463017
"Beech_Leaf_Disease",-72.016343,42.974837
"Beech_Leaf_Disease",-71.08765,42.462011
"Beech_Leaf_Disease",-71.875354,41.51465
"Beech_Leaf_Disease",-71.087628,42.463047
"Beech_Leaf_Disease",-73.129058,42.057228
"Beech_Leaf_Disease",-72.32691,42.670701
"Beech_Leaf_Disease",-76.994622,43.267898
"Beech_Leaf_Disease",-73.459327,40.613828
"Beech_Leaf_Disease",-71.08765,42.462011
"Beech_Leaf_Disease",-69.757365,44.294288
"Beech_Leaf_Disease",-74.553903,40.83265
"Beech_Leaf_Disease",-81.089969,40.819528
"Beech_Leaf_Disease",-71.087575,42.462472
"Beech_Leaf_Disease",-74.452697,40.810283
"Beech_Leaf_Disease",-72.734457,42.562288
"Beech_Leaf_Disease",-81.391588,40.875915
"Beech_Leaf_Disease",-71.087556,42.462597
"Beech_Leaf_Disease",-71.087608,42.463083
"Beech_Leaf_Disease",-69.75649,44.297323
"Beech_Leaf_Disease",-71.087722,42.462306
"Beech_Leaf_Disease",-70.875175,42.883238
"Beech_Leaf_Disease",-71.087683,42.462342
"Beech_Leaf_Disease",-71.088225,42.462842
"Beech_Leaf_Disease",-71.087628,42.463047
"Beech_Leaf_Disease",-80.667923,43.167141
"Beech_Leaf_Disease",-73.666795,41.279905
"Beech_Leaf_Disease",-71.116976,42.219671
"Beech_Leaf_Disease",-80.133481,41.650236
"Beech_Leaf_Disease",-71.087261,42.461978
"Beech_Leaf_Disease",-71.088156,42.463556
"Beech_Leaf_Disease",-71.087947,42.462203
"Beech_Leaf_Disease",-80.397562,40.509757
"Beech_Leaf_Disease",-74.447937,40.813488
"Beech_Leaf_Disease",-80.35546,42.703684
"Beech_Leaf_Disease",-71.106272,42.434503
"Beech_Leaf_Disease",-71.238461,42.478674
"Beech_Leaf_Disease",-74.6492,40.820687
"Beech_Leaf_Disease",-71.106272,42.434503
"Beech_Leaf_Disease",-74.649567,40.820513
"Beech_Leaf_Disease",-72.019011,42.979713
"Beech_Leaf_Disease",-71.262445,42.988436
"Beech_Leaf_Disease",-71.262572,42.990393
"Beech_Leaf_Disease",-72.771313,42.57187
"Beech_Leaf_Disease",-80.016147,42.088124
"Beech_Leaf_Disease",-74.526183,40.85905
"Beech_Leaf_Disease",-81.348352,40.801093
"Beech_Leaf_Disease",-72.712242,43.056975
"Beech_Leaf_Disease",-80.015946,42.090768
"Beech_Leaf_Disease",-71.218561,42.973354
"Beech_Leaf_Disease",-79.190322,40.211933
"Beech_Leaf_Disease",-72.581944,42.3725
"Beech_Leaf_Disease",-81.28996,40.828131
"Beech_Leaf_Disease",-73.956292,40.798333
"Beech_Leaf_Disease",-72.819432,41.88642
"Beech_Leaf_Disease",-81.261281,40.825788
"Beech_Leaf_Disease",-71.106272,42.434503
"Beech_Leaf_Disease",-80.126475,41.631414
"Beech_Leaf_Disease",-72.783987,41.864221
"Beech_Leaf_Disease",-72.971322,42.632959
"Beech_Leaf_Disease",-82.301525,40.61124
"Beech_Leaf_Disease",-74.721588,40.778655
"Beech_Leaf_Disease",-72.803978,41.416267
"Beech_Leaf_Disease",-72.26216,42.034093
"Beech_Leaf_Disease",-71.106272,42.434503
"Beech_Leaf_Disease",-80.126825,41.631656
"Beech_Leaf_Disease",-71.098418,42.445845
"Beech_Leaf_Disease",-81.20505,40.889227
"Beech_Leaf_Disease",-74.525605,40.86003
"Beech_Leaf_Disease",-81.367247,40.913271
"Beech_Leaf_Disease",-73.74116,40.744658
"Beech_Leaf_Disease",-80.038216,42.027174
"Beech_Leaf_Disease",-71.106272,42.434503
"Beech_Leaf_Disease",-71.409933,42.355075
"Beech_Leaf_Disease",-74.398558,40.835097
"Beech_Leaf_Disease",-74.404425,40.668075
"Beech_Leaf_Disease",-81.327158,40.919402
"Beech_Leaf_Disease",-80.016,42.08811
"Beech_Leaf_Disease",-71.336175,42.300072
"Beech_Leaf_Disease",-71.106272,42.434503
"Beech_Leaf_Disease",-74.438278,40.818413
"Beech_Leaf_Disease",-80.081947,43.860353
"Beech_Leaf_Disease",-72.819432,41.88642
"Beech_Leaf_Disease",-71.0978,42.446113
"Beech_Leaf_Disease",-71.106758,42.431947
"Beech_Leaf_Disease",-74.843599,39.996101
"Beech_Leaf_Disease",-80.017886,42.089234
"Beech_Leaf_Disease",-71.106272,42.434503
"Beech_Leaf_Disease",-74.700372,40.474305
"Beech_Leaf_Disease",-81.322917,40.853164
"Beech_Leaf_Disease",-74.806338,40.626353
"Beech_Leaf_Disease",-73.956612,40.79543
"Beech_Leaf_Disease",-71.106272,42.434503
"Beech_Leaf_Disease",-71.105942,42.435372
"Beech_Leaf_Disease",-80.015532,42.090966
"Beech_Leaf_Disease",-74.117063,41.215927
"Beech_Leaf_Disease",-80.194722,40.508889
"Beech_Leaf_Disease",-71.090714,42.453422
"Beech_Leaf_Disease",-71.226734,42.460677
"Beech_Leaf_Disease",-74.641792,40.824128
"Beech_Leaf_Disease",-81.446479,41.24583
"Beech_Leaf_Disease",-74.762055,40.8923
"Beech_Leaf_Disease",-81.373737,40.884333
"Beech_Leaf_Disease",-74.753872,39.988667
"Beech_Leaf_Disease",-71.257086,42.990371
"Beech_Leaf_Disease",-71.26296,42.992795
"Beech_Leaf_Disease",-82.10999,41.37339
"Beech_Leaf_Disease",-78.647683,42.597175
"Beech_Leaf_Disease",-74.501613,40.403375
"Beech_Leaf_Disease",-79.518274,40.564503
"Beech_Leaf_Disease",-72.53872,42.487822
"Beech_Leaf_Disease",-74.854117,41.069497
"Beech_Leaf_Disease",-81.267843,40.88924
"Beech_Leaf_Disease",-74.118528,41.790201
"Beech_Leaf_Disease",-74.923,40.783392
"Beech_Leaf_Disease",-74.573664,40.596854
"Beech_Leaf_Disease",-72.945437,42.448933
"Beech_Leaf_Disease",-71.962197,41.694725
"Beech_Leaf_Disease",-71.106272,42.434503
"Beech_Leaf_Disease",-81.430132,41.318905
"Beech_Leaf_Disease",-81.293108,41.457792
"Beech_Leaf_Disease",-79.958791,41.627474
"Beech_Leaf_Disease",-81.336521,40.879544
"Beech_Leaf_Disease",-74.637795,40.826712
"Beech_Leaf_Disease",-81.247737,40.812408
"Beech_Leaf_Disease",-76.474477,42.450011
"Beech_Leaf_Disease",-80.017661,42.08967
"Beech_Leaf_Disease",-79.184053,40.202533
"Beech_Leaf_Disease",-81.390074,40.825195
"Beech_Leaf_Disease",-81.287829,40.841966
"Beech_Leaf_Disease",-71.262588,42.989623
"Beech_Leaf_Disease",-79.960578,41.624761
"Beech_Leaf_Disease",-72.601478,42.659878
"Beech_Leaf_Disease",-71.089789,42.462682
"Beech_Leaf_Disease",-73.127267,42.057189
"Beech_Leaf_Disease",-72.581113,42.598122
"Beech_Leaf_Disease",-74.175438,40.5316
"Beech_Leaf_Disease",-74.563355,40.84015
"Beech_Leaf_Disease",-79.267992,40.145926
"Beech_Leaf_Disease",-78.720371,42.885043
"Beech_Leaf_Disease",-74.743438,40.882288
"Beech_Leaf_Disease",-72.416376,43.390556
"Beech_Leaf_Disease",-74.435813,40.818855
"Beech_Leaf_Disease",-71.117148,42.220061
"Beech_Leaf_Disease",-80.191274,40.512536
"Beech_Leaf_Disease",-74.561942,40.83125
"Beech_Leaf_Disease",-74.386578,40.952248
"Beech_Leaf_Disease",-74.678903,40.806755
"Beech_Leaf_Disease",-74.720703,40.777847
"Beech_Leaf_Disease",-80.184853,40.510972
"Beech_Leaf_Disease",-74.438178,40.818275
"Beech_Leaf_Disease",-75.128546,40.560636
"Beech_Leaf_Disease",-74.435678,40.818855
"Beech_Leaf_Disease",-75.150293,39.748124
"Beech_Leaf_Disease",-74.435438,40.818662
"Beech_Leaf_Disease",-74.435662,40.819417
"Beech_Leaf_Disease",-74.456301,40.445878
"Beech_Leaf_Disease",-81.496058,41.120681
"Beech_Leaf_Disease",-77.342378,38.362205
"Beech_Leaf_Disease",-74.435813,40.818855
"Beech_Leaf_Disease",-74.454147,40.80045
"Beech_Leaf_Disease",-74.426103,40.828972
"Beech_Leaf_Disease",-74.566597,40.833978
"Beech_Leaf_Disease",-72.404392,43.391379
"Beech_Leaf_Disease",-74.854365,41.069588
"Beech_Leaf_Disease",-75.150743,39.747851
"Beech_Leaf_Disease",-80.817521,42.652487
"Beech_Leaf_Disease",-74.567283,40.83353
"Beech_Leaf_Disease",-71.261606,42.992086
"Beech_Leaf_Disease",-75.771805,40.217617
"Beech_Leaf_Disease",-81.852767,42.306131
"Beech_Leaf_Disease",-74.720222,40.77673
"Beech_Leaf_Disease",-71.105942,42.435364
"Beech_Leaf_Disease",-74.55043,40.845678
"Beech_Leaf_Disease",-74.754525,40.891392
"Beech_Leaf_Disease",-74.720537,40.777347
"Beech_Leaf_Disease",-74.43702,40.818737
"Beech_Leaf_Disease",-73.892077,40.903916
"Beech_Leaf_Disease",-74.721092,40.778325
"Beech_Leaf_Disease",-80.49578,42.664772
"Beech_Leaf_Disease",-75.150207,39.748063
"Beech_Leaf_Disease",-75.150207,39.748063
"Beech_Leaf_Disease",-74.435438,40.818662
"Beech_Leaf_Disease",-74.307577,41.136274
"Beech_Leaf_Disease",-80.190155,40.510282
"Beech_Leaf_Disease",-77.343583,38.365425
"Beech_Leaf_Disease",-74.305421,41.113444
"Beech_Leaf_Disease",-81.844886,42.272986
"Beech_Leaf_Disease",-74.426117,40.829272
"Beech_Leaf_Disease",-74.561005,40.831147
"Beech_Leaf_Disease",-77.343567,38.365455
"Beech_Leaf_Disease",-74.721497,40.778553
"Beech_Leaf_Disease",-72.00709,41.402368
"Beech_Leaf_Disease",-79.410836,42.348708
"Beech_Leaf_Disease",-71.265063,42.990762
"Beech_Leaf_Disease",-77.843262,39.152725
"Beech_Leaf_Disease",-74.54625,40.789862
"Beech_Leaf_Disease",-74.580597,40.830345
"Beech_Leaf_Disease",-79.462191,42.205066
"Beech_Leaf_Disease",-74.581925,40.829303
"Beech_Leaf_Disease",-74.58103,40.829595
"Beech_Leaf_Disease",-74.5606,40.797737
"Beech_Leaf_Disease",-74.566055,40.837203
"Beech_Leaf_Disease",-74.555253,40.831755
"Beech_Leaf_Disease",-74.621558,40.800013
"Beech_Leaf_Disease",-71.705375,41.408675
"Beech_Leaf_Disease",-71.710826,41.407295
"Beech_Leaf_Disease",-74.759063,40.8912
"Beech_Leaf_Disease",-72.087566,41.437192
"Beech_Leaf_Disease",-79.161951,43.814251
"Beech_Leaf_Disease",-71.941764,41.363158
"Beech_Leaf_Disease",-74.507513,40.813945
"Beech_Leaf_Disease",-71.253355,42.459559
"Beech_Leaf_Disease",-74.853002,41.0712
"Beech_Leaf_Disease",-74.756263,40.891762
"Beech_Leaf_Disease",-74.621492,40.799855
"Beech_Leaf_Disease",-74.578955,40.842495
"Beech_Leaf_Disease",-71.81501,41.625153
"Beech_Leaf_Disease",-74.756278,40.891753
"Beech_Leaf_Disease",-71.707611,41.404554
"Beech_Leaf_Disease",-74.6214,40.799203
"Beech_Leaf_Disease",-71.706834,41.411496
"Beech_Leaf_Disease",-73.741714,40.745865
"Beech_Leaf_Disease",-74.539863,40.780833
"Beech_Leaf_Disease",-72.045952,41.380944
"Beech_Leaf_Disease",-74.854632,41.069333
"Beech_Leaf_Disease",-72.00763,41.396031
"Beech_Leaf_Disease",-71.709245,41.400537
"Beech_Leaf_Disease",-74.743392,40.882308
"Beech_Leaf_Disease",-74.752762,40.894062
"Beech_Leaf_Disease",-79.981893,42.11438
"Beech_Leaf_Disease",-72.098899,41.393853
"Beech_Leaf_Disease",-68.688304,44.595677
"Beech_Leaf_Disease",-74.40759,41.142899
"Beech_Leaf_Disease",-72.103957,41.449194
"Beech_Leaf_Disease",-71.701636,41.398776
"Beech_Leaf_Disease",-74.507063,40.812922
"Beech_Leaf_Disease",-79.171377,41.644745
"Beech_Leaf_Disease",-71.097136,42.4431
"Beech_Leaf_Disease",-72.31206,41.422464
"Beech_Leaf_Disease",-74.73803,40.932555
"Beech_Leaf_Disease",-81.539567,41.277038
"Beech_Leaf_Disease",-74.51037,40.627578
"Beech_Leaf_Disease",-74.74057,40.834737
"Beech_Leaf_Disease",-81.34068,40.816412
"Beech_Leaf_Disease",-74.738495,40.932663
"Beech_Leaf_Disease",-71.869951,41.498366
"Beech_Leaf_Disease",-81.331863,40.952989
"Beech_Leaf_Disease",-81.343959,40.964837
"Beech_Leaf_Disease",-74.739272,40.924978
"Beech_Leaf_Disease",-74.456122,40.808303
"Beech_Leaf_Disease",-74.738503,40.93267
"Beech_Leaf_Disease",-72.327261,41.428082
"Beech_Leaf_Disease",-72.331817,41.426434
"Beech_Leaf_Disease",-74.638938,40.772713
"Beech_Leaf_Disease",-74.412012,40.674153
"Beech_Leaf_Disease",-74.638838,40.772125
"Beech_Leaf_Disease",-71.234535,42.488502
"Beech_Leaf_Disease",-70.194638,42.06631
"Beech_Leaf_Disease",-74.454095,40.809978
"Beech_Leaf_Disease",-72.101044,41.405365
"Beech_Leaf_Disease",-71.768212,41.438911
"Beech_Leaf_Disease",-71.116218,42.220254
"Beech_Leaf_Disease",-72.063042,41.346465
"Beech_Leaf_Disease",-71.424961,42.000768
"Beech_Leaf_Disease",-71.210132,42.46535
"Beech_Leaf_Disease",-74.374267,40.684063
"Beech_Leaf_Disease",-74.374213,40.684063
"Beech_Leaf_Disease",-74.411597,40.675483
"Beech_Leaf_Disease",-74.611917,40.827717
"Beech_Leaf_Disease",-74.390083,40.719403
"Beech_Leaf_Disease",-74.390403,40.718805
"Beech_Leaf_Disease",-74.611838,40.827642
"Beech_Leaf_Disease",-78.933082,41.651969
"Beech_Leaf_Disease",-74.382604,41.026197
"Beech_Leaf_Disease",-74.390388,40.718855
"Beech_Leaf_Disease",-71.677919,41.482766
"Beech_Leaf_Disease",-71.858961,41.345776
"Beech_Leaf_Disease",-78.229448,42.462822
"Beech_Leaf_Disease",-74.388472,40.718405
"Beech_Leaf_Disease",-71.106405,42.209296
"Beech_Leaf_Disease",-71.243266,42.482169
"Beech_Leaf_Disease",-74.729012,40.834758
"Beech_Leaf_Disease",-74.55703,40.828853
"Beech_Leaf_Disease",-74.556787,40.829205
"Beech_Leaf_Disease",-74.728692,40.835195
"Beech_Leaf_Disease",-74.565362,40.826755
"Beech_Leaf_Disease",-74.557153,40.82883
"Beech_Leaf_Disease",-80.59182,43.405033
"Beech_Leaf_Disease",-74.557708,40.827733
"Beech_Leaf_Disease",-74.556625,40.829083
"Beech_Leaf_Disease",-74.557062,40.827975
"Beech_Leaf_Disease",-74.55677,40.829188
"Beech_Leaf_Disease",-74.556755,40.829028
"Beech_Leaf_Disease",-81.23616,41.622621
"Beech_Leaf_Disease",-74.4962,40.812487
"Beech_Leaf_Disease",-74.557137,40.828808
"Beech_Leaf_Disease",-74.557945,40.827545
"Beech_Leaf_Disease",-80.410211,42.698752
"Beech_Leaf_Disease",-74.556403,40.828583
"Beech_Leaf_Disease",-74.5586,40.827397
"Beech_Leaf_Disease",-74.555533,40.829237
"Beech_Leaf_Disease",-74.55503,40.829997
"Beech_Leaf_Disease",-72.559472,42.459892
"Beech_Leaf_Disease",-71.085203,42.460108
"Beech_Leaf_Disease",-81.065102,42.982084
"Beech_Leaf_Disease",-74.5978,40.869592
"Beech_Leaf_Disease",-73.271278,41.216542
"Beech_Leaf_Disease",-73.144575,42.021656
"Beech_Leaf_Disease",-70.863274,41.750489
"Beech_Leaf_Disease",-74.542145,40.791772
"Beech_Leaf_Disease",-68.621719,44.596267
"Beech_Leaf_Disease",-81.852908,42.302317
"Beech_Leaf_Disease",-77.305595,38.770712
"Beech_Leaf_Disease",-74.55282,40.746155
"Beech_Leaf_Disease",-74.555612,40.749138
"Beech_Leaf_Disease",-74.552812,40.749442
"Beech_Leaf_Disease",-71.08885,42.466278
"Beech_Leaf_Disease",-74.553275,40.744592
"Beech_Leaf_Disease",-74.557717,40.744708
"Beech_Leaf_Disease",-74.631263,40.753453
"Beech_Leaf_Disease",-74.230642,41.250005
"Beech_Leaf_Disease",-68.630592,44.5978
"Beech_Leaf_Disease",-74.55313,40.746055
"Beech_Leaf_Disease",-74.631722,40.753013
"Beech_Leaf_Disease",-74.630508,40.7548
"Beech_Leaf_Disease",-74.629242,40.755147
"Beech_Leaf_Disease",-74.631788,40.752687
"Beech_Leaf_Disease",-74.631737,40.753113
"Beech_Leaf_Disease",-74.631767,40.75333
"Beech_Leaf_Disease",-74.629058,40.755372
"Beech_Leaf_Disease",-74.655175,40.761128
"Beech_Leaf_Disease",-74.65248,40.765758
"Beech_Leaf_Disease",-74.652017,40.765183
"Beech_Leaf_Disease",-74.6529,40.765738
"Beech_Leaf_Disease",-74.652222,40.765562
"Beech_Leaf_Disease",-74.653092,40.765903
"Beech_Leaf_Disease",-74.65265,40.76323
"Beech_Leaf_Disease",-74.65428,40.761908
"Beech_Leaf_Disease",-74.413497,40.836042
"Beech_Leaf_Disease",-74.65397,40.76823
"Beech_Leaf_Disease",-74.652092,40.765128
"Beech_Leaf_Disease",-74.416213,40.83532
"Beech_Leaf_Disease",-72.525153,42.411842
"Beech_Leaf_Disease",-74.651772,40.764133
"Beech_Leaf_Disease",-74.653603,40.762938
"Beech_Leaf_Disease",-74.6521,40.764928
"Beech_Leaf_Disease",-74.414138,40.836742
"Beech_Leaf_Disease",-74.501376,40.40308
"Beech_Leaf_Disease",-80.382517,42.776206
"Beech_Leaf_Disease",-74.461838,40.79935
"Beech_Leaf_Disease",-74.463317,40.799992
"Beech_Leaf_Disease",-74.414213,40.8368
"Beech_Leaf_Disease",-71.252585,42.453937
"Beech_Leaf_Disease",-72.495841,42.497053
"Beech_Leaf_Disease",-74.496117,40.812583
"Beech_Leaf_Disease",-74.495567,40.81243
"Beech_Leaf_Disease",-74.58303,40.83573
"Beech_Leaf_Disease",-74.76203,40.892513
"Beech_Leaf_Disease",-74.763292,40.894887
"Beech_Leaf_Disease",-74.498038,40.843308
"Beech_Leaf_Disease",-74.763122,40.8949
"Beech_Leaf_Disease",-74.500595,40.841755
"Beech_Leaf_Disease",-74.763925,40.896238
"Beech_Leaf_Disease",-74.499017,40.842258
"Beech_Leaf_Disease",-74.504355,40.839928
"Beech_Leaf_Disease",-74.763183,40.895108
"Beech_Leaf_Disease",-74.502755,40.843555
"Beech_Leaf_Disease",-74.76323,40.895172
"Beech_Leaf_Disease",-74.763908,40.896237
"Beech_Leaf_Disease",-74.762162,40.892063
"Beech_Leaf_Disease",-74.502517,40.844242
"Beech_Leaf_Disease",-74.76213,40.891813
"Beech_Leaf_Disease",-74.502005,40.844738
"Beech_Leaf_Disease",-74.500825,40.845658
"Beech_Leaf_Disease",-74.501762,40.844928
"Beech_Leaf_Disease",-74.50228,40.84465
"Beech_Leaf_Disease",-73.163041,40.736638
"Beech_Leaf_Disease",-73.163184,40.73672
"Beech_Leaf_Disease",-71.085414,42.448517
"Beech_Leaf_Disease",-73.162601,40.736817
"Beech_Leaf_Disease",-74.599822,40.806125
"Beech_Leaf_Disease",-72.322443,41.372791
"Beech_Leaf_Disease",-74.549797,40.794662
"Beech_Leaf_Disease",-74.548295,40.79538
"Beech_Leaf_Disease",-74.547303,40.79428
"Beech_Leaf_Disease",-74.54963,40.795088
"Beech_Leaf_Disease",-72.468416,41.571536
"Beech_Leaf_Disease",-74.549462,40.795288
"Beech_Leaf_Disease",-74.596358,40.816647
"Beech_Leaf_Disease",-74.595603,40.811445
"Beech_Leaf_Disease",-74.598663,40.807205
"Beech_Leaf_Disease",-71.085117,42.448439
"Beech_Leaf_Disease",-74.549613,40.79442
"Beech_Leaf_Disease",-74.549263,40.794163
"Beech_Leaf_Disease",-74.548775,40.795387
"Beech_Leaf_Disease",-74.54805,40.795383
"Beech_Leaf_Disease",-72.460787,42.560655
"Beech_Leaf_Disease",-74.549233,40.795362
"Beech_Leaf_Disease",-74.546355,40.790405
"Beech_Leaf_Disease",-73.164113,40.736327
"Beech_Leaf_Disease",-74.596145,40.810525
"Beech_Leaf_Disease",-73.16384,40.735368
"Beech_Leaf_Disease",-74.595787,40.811263
"Beech_Leaf_Disease",-74.595603,40.811917
"Beech_Leaf_Disease",-74.546263,40.789783
"Beech_Leaf_Disease",-73.16272,40.737444
"Beech_Leaf_Disease",-73.162961,40.738465
"Beech_Leaf_Disease",-74.597795,40.808303
"Beech_Leaf_Disease",-74.59697,40.809158
"Beech_Leaf_Disease",-70.840329,42.493034
"Beech_Leaf_Disease",-71.088075,42.460361
"Beech_Leaf_Disease",-71.08873,42.465942
"Beech_Leaf_Disease",-74.989678,40.973933
"Beech_Leaf_Disease",-74.646447,40.699622
"Beech_Leaf_Disease",-74.64232,40.696512
"Beech_Leaf_Disease",-74.64215,40.696262
"Beech_Leaf_Disease",-74.642417,40.69738
"Beech_Leaf_Disease",-74.678528,40.807197
"Beech_Leaf_Disease",-74.675545,40.808567
"Beech_Leaf_Disease",-74.684608,40.80473
"Beech_Leaf_Disease",-74.674195,40.809083
"Beech_Leaf_Disease",-74.685295,40.804547
"Beech_Leaf_Disease",-74.680763,40.806022
"Beech_Leaf_Disease",-74.64332,40.696778
"Beech_Leaf_Disease",-74.642297,40.697242
"Beech_Leaf_Disease",-74.68422,40.804822
"Beech_Leaf_Disease",-74.553405,40.84528
"Beech_Leaf_Disease",-74.644713,40.698025
"Beech_Leaf_Disease",-74.699158,40.727837
"Beech_Leaf_Disease",-74.556825,40.842817
"Beech_Leaf_Disease",-74.553222,40.846705
"Beech_Leaf_Disease",-74.501992,40.403916
"Beech_Leaf_Disease",-74.556633,40.842908
"Beech_Leaf_Disease",-76.476389,42.450292
"Beech_Leaf_Disease",-80.379391,41.918277
"Beech_Leaf_Disease",-74.554588,40.843788
"Beech_Leaf_Disease",-74.64705,40.698983
"Beech_Leaf_Disease",-74.553817,40.846825
"Beech_Leaf_Disease",-74.678008,40.80738
"Beech_Leaf_Disease",-74.679633,40.806683
"Beech_Leaf_Disease",-72.954562,42.01877
"Beech_Leaf_Disease",-74.556992,40.84227
"Beech_Leaf_Disease",-74.642387,40.697083
"Beech_Leaf_Disease",-81.521775,41.255787
"Beech_Leaf_Disease",-71.270874,42.450027
"Beech_Leaf_Disease",-74.64402,40.697747
"Beech_Leaf_Disease",-74.646453,40.698883
"Beech_Leaf_Disease",-74.558587,40.841217
"Beech_Leaf_Disease",-69.038881,44.598397
"Beech_Leaf_Disease",-74.681153,40.806008
"Beech_Leaf_Disease",-74.5522,40.844555
"Beech_Leaf_Disease",-74.55693,40.842308
"Beech_Leaf_Disease",-74.642325,40.696878
"Beech_Leaf_Disease",-74.596145,40.871072
"Beech_Leaf_Disease",-74.55323,40.846705
"Beech_Leaf_Disease",-74.550933,40.844853
"Beech_Leaf_Disease",-81.300056,41.609035
"Beech_Leaf_Disease",-74.590583,40.874022
"Beech_Leaf_Disease",-71.717355,41.618432
"Beech_Leaf_Disease",-74.642237,40.697105
"Beech_Leaf_Disease",-74.676537,40.808155
"Beech_Leaf_Disease",-74.556503,40.843503
"Beech_Leaf_Disease",-71.461905,42.220147
"Beech_Leaf_Disease",-74.677095,40.807797
"Beech_Leaf_Disease",-74.6464,40.699488
"Beech_Leaf_Disease",-72.830052,42.542635
"Beech_Leaf_Disease",-68.723488,44.903992
"Beech_Leaf_Disease",-74.557137,40.842072
"Beech_Leaf_Disease",-74.552672,40.844342
"Beech_Leaf_Disease",-74.557647,40.841567
"Beech_Leaf_Disease",-71.19689,42.453831
"Beech_Leaf_Disease",-74.679895,40.806583
"Beech_Leaf_Disease",-74.682245,40.805563
"Beech_Leaf_Disease",-74.679887,40.806625
"Beech_Leaf_Disease",-74.553933,40.844203
"Beech_Leaf_Disease",-74.556328,40.84342
"Beech_Leaf_Disease",-74.555978,40.843475
"Beech_Leaf_Disease",-74.683792,40.805022
"Beech_Leaf_Disease",-74.679658,40.806637
"Beech_Leaf_Disease",-71.902771,41.509758
"Beech_Leaf_Disease",-81.603792,41.232654
"Beech_Leaf_Disease",-74.398475,40.8355
"Beech_Leaf_Disease",-80.493611,41.956667
"Beech_Leaf_Disease",-71.08078,42.440513
"Beech_Leaf_Disease",-74.638612,40.826163
"Beech_Leaf_Disease",-80.497344,41.816651
"Beech_Leaf_Disease",-80.473772,41.84632
"Beech_Leaf_Disease",-74.553397,40.845413
"Beech_Leaf_Disease",-80.483385,41.845697
"Beech_Leaf_Disease",-79.958532,42.120738
"Beech_Leaf_Disease",-80.295762,42.045617
"Beech_Leaf_Disease",-74.5532,40.84567
"Beech_Leaf_Disease",-74.520438,40.867042
"Beech_Leaf_Disease",-74.556663,40.843188
"Beech_Leaf_Disease",-74.550797,40.844608
"Beech_Leaf_Disease",-74.552192,40.8446
"Beech_Leaf_Disease",-74.555458,40.843578
"Beech_Leaf_Disease",-74.550775,40.8447
"Beech_Leaf_Disease",-74.563767,40.837545
"Beech_Leaf_Disease",-71.081817,42.45018
"Beech_Leaf_Disease",-74.561822,40.831238
"Beech_Leaf_Disease",-74.563263,40.831213
"Beech_Leaf_Disease",-74.56372,40.837805
"Beech_Leaf_Disease",-74.617142,40.805138
"Beech_Leaf_Disease",-74.565658,40.834755
"Beech_Leaf_Disease",-74.561883,40.831183
"Beech_Leaf_Disease",-74.561272,40.831342
"Beech_Leaf_Disease",-74.56122,40.831203
"Beech_Leaf_Disease",-74.6194,40.803238
"Beech_Leaf_Disease",-74.617347,40.80493
"Beech_Leaf_Disease",-74.613738,40.807592
"Beech_Leaf_Disease",-74.552047,40.844703
"Beech_Leaf_Disease",-74.620383,40.802008
"Beech_Leaf_Disease",-74.621222,40.801667
"Beech_Leaf_Disease",-74.563872,40.837333
"Beech_Leaf_Disease",-74.616355,40.804863
"Beech_Leaf_Disease",-71.869581,41.59436
"Beech_Leaf_Disease",-74.617142,40.805138
"Beech_Leaf_Disease",-74.55168,40.844988
"Beech_Leaf_Disease",-74.5661,40.834275
"Beech_Leaf_Disease",-74.614747,40.806533
"Beech_Leaf_Disease",-74.551247,40.845038
"Beech_Leaf_Disease",-74.556917,40.843338
"Beech_Leaf_Disease",-74.553092,40.846592
"Beech_Leaf_Disease",-76.476703,42.450519
"Beech_Leaf_Disease",-74.5644,40.836167
"Beech_Leaf_Disease",-74.566208,40.831013
"Beech_Leaf_Disease",-74.620317,40.80213
"Beech_Leaf_Disease",-74.619972,40.802792
"Beech_Leaf_Disease",-74.564278,40.836597
"Beech_Leaf_Disease",-72.901106,41.428247
"Beech_Leaf_Disease",-74.620287,40.801842
"Beech_Leaf_Disease",-74.554078,40.843912
"Beech_Leaf_Disease",-74.615442,40.806563
"Beech_Leaf_Disease",-74.566003,40.83447
"Beech_Leaf_Disease",-74.618692,40.805108
"Beech_Leaf_Disease",-74.566392,40.834155
"Beech_Leaf_Disease",-74.564322,40.836362
"Beech_Leaf_Disease",-74.613433,40.80773
"Beech_Leaf_Disease",-74.615455,40.80505
"Beech_Leaf_Disease",-74.566963,40.83077
"Beech_Leaf_Disease",-74.565278,40.8353
"Beech_Leaf_Disease",-74.614508,40.806703
"Beech_Leaf_Disease",-74.612122,40.806208
"Beech_Leaf_Disease",-74.612938,40.8073
"Beech_Leaf_Disease",-74.614747,40.805497
"Beech_Leaf_Disease",-74.565483,40.831062
"Beech_Leaf_Disease",-74.564767,40.83575
"Beech_Leaf_Disease",-74.565405,40.835067
"Beech_Leaf_Disease",-74.59382,40.762403
"Beech_Leaf_Disease",-74.614228,40.80708
"Beech_Leaf_Disease",-72.861471,41.370969
"Beech_Leaf_Disease",-71.087239,42.448108
"Beech_Leaf_Disease",-71.084444,42.449356
"Beech_Leaf_Disease",-71.084297,42.449092
"Beech_Leaf_Disease",-71.253094,42.462784
"Beech_Leaf_Disease",-71.084269,42.448922
"Beech_Leaf_Disease",-74.621222,40.801667
"Beech_Leaf_Disease",-71.084164,42.448483
"Beech_Leaf_Disease",-71.087958,42.454994
"Beech_Leaf_Disease",-71.087239,42.448108
"Beech_Leaf_Disease",-71.084297,42.449092
"Beech_Leaf_Disease",-71.084436,42.4483
"Beech_Leaf_Disease",-71.084303,42.448933
"Beech_Leaf_Disease",-74.643753,40.82352
"Beech_Leaf_Disease",-74.64865,40.820928
"Beech_Leaf_Disease",-72.322747,41.38307
"Beech_Leaf_Disease",-74.642175,40.823922
"Beech_Leaf_Disease",-72.034517,41.372086
"Beech_Leaf_Disease",-71.084186,42.448489
"Beech_Leaf_Disease",-71.084297,42.449092
"Beech_Leaf_Disease",-71.085842,42.453978
"Beech_Leaf_Disease",-74.64605,40.822125
"Beech_Leaf_Disease",-74.648492,40.821012
"Beech_Leaf_Disease",-74.730238,40.750429
"Beech_Leaf_Disease",-74.652817,40.81897
"Beech_Leaf_Disease",-74.647567,40.82138
"Beech_Leaf_Disease",-71.084231,42.449164
"Beech_Leaf_Disease",-71.084144,42.448408
"Beech_Leaf_Disease",-71.084161,42.4485
"Beech_Leaf_Disease",-74.649558,40.820553
"Beech_Leaf_Disease",-71.086444,42.449353
"Beech_Leaf_Disease",-71.084231,42.449164
"Beech_Leaf_Disease",-71.084167,42.448244
"Beech_Leaf_Disease",-71.087239,42.448108
"Beech_Leaf_Disease",-71.087239,42.455633
"Beech_Leaf_Disease",-79.775164,43.482247
"Beech_Leaf_Disease",-71.902771,41.509758
"Beech_Leaf_Disease",-71.087717,42.454581
"Beech_Leaf_Disease",-71.084169,42.448364
"Beech_Leaf_Disease",-71.084161,42.4485
"Beech_Leaf_Disease",-74.226342,40.517856
"Beech_Leaf_Disease",-71.084161,42.4485
"Beech_Leaf_Disease",-71.084261,42.448889
"Beech_Leaf_Disease",-71.084269,42.448922
"Beech_Leaf_Disease",-71.084225,42.448519
"Beech_Leaf_Disease",-73.224716,40.827819
"Beech_Leaf_Disease",-71.084186,42.448489
"Beech_Leaf_Disease",-76.956064,43.226869
"Beech_Leaf_Disease",-73.222345,40.829345
"Beech_Leaf_Disease",-71.61283,41.374563
"Beech_Leaf_Disease",-73.224212,40.827578
"Beech_Leaf_Disease",-71.773303,41.616903
"Beech_Leaf_Disease",-71.084383,42.448308
"Beech_Leaf_Disease",-74.644163,40.823037
"Beech_Leaf_Disease",-80.163842,43.200983
"Beech_Leaf_Disease",-68.586212,44.433963
"Beech_Leaf_Disease",-71.084164,42.448483
"Beech_Leaf_Disease",-74.65155,40.819662
"Beech_Leaf_Disease",-72.322843,41.374157
"Beech_Leaf_Disease",-74.651008,40.819847
"Beech_Leaf_Disease",-74.644012,40.823087
"Beech_Leaf_Disease",-74.6522,40.819278
"Beech_Leaf_Disease",-73.891862,40.90416
"Beech_Leaf_Disease",-74.644937,40.822658
"Beech_Leaf_Disease",-72.068671,42.91514
"Beech_Leaf_Disease",-74.642175,40.823922
"Beech_Leaf_Disease",-71.084433,42.448947
"Beech_Leaf_Disease",-71.85864,42.865224
"Beech_Leaf_Disease",-71.863671,42.865346
"Beech_Leaf_Disease",-74.542938,40.783087
"Beech_Leaf_Disease",-71.754979,41.834663
"Beech_Leaf_Disease",-80.253201,43.45823
"Beech_Leaf_Disease",-71.863644,42.865303
"Beech_Leaf_Disease",-71.864662,42.867092
"Beech_Leaf_Disease",-79.171843,40.631524
"Beech_Leaf_Disease",-74.631997,40.83262
"Beech_Leaf_Disease",-74.555778,40.847253
"Beech_Leaf_Disease",-71.862819,42.87344
"Beech_Leaf_Disease",-74.540955,40.783875
"Beech_Leaf_Disease",-71.864758,42.867098
"Beech_Leaf_Disease",-76.475992,42.450644
"Beech_Leaf_Disease",-74.557853,40.846225
"Beech_Leaf_Disease",-74.635672,40.846772
"Beech_Leaf_Disease",-74.636488,40.844417
"Beech_Leaf_Disease",-74.541817,40.784122
"Beech_Leaf_Disease",-74.556778,40.846803
"Beech_Leaf_Disease",-74.542603,40.785022
"Beech_Leaf_Disease",-74.541313,40.781903
"Beech_Leaf_Disease",-74.558237,40.845895
"Beech_Leaf_Disease",-74.539887,40.781463
"Beech_Leaf_Disease",-74.560753,40.844375
"Beech_Leaf_Disease",-74.559387,40.845497
"Beech_Leaf_Disease",-71.732438,41.568078
"Beech_Leaf_Disease",-74.526322,40.857188
"Beech_Leaf_Disease",-74.524758,40.861253
"Beech_Leaf_Disease",-80.413772,40.510583
"Beech_Leaf_Disease",-74.521797,40.86605
"Beech_Leaf_Disease",-74.52645,40.856617
"Beech_Leaf_Disease",-75.21982,40.066864
"Beech_Leaf_Disease",-74.524253,40.860595
"Beech_Leaf_Disease",-74.525978,40.858187
"Beech_Leaf_Disease",-74.524413,40.862658
"Beech_Leaf_Disease",-79.346631,43.125333
"Beech_Leaf_Disease",-82.317367,40.613398
"Beech_Leaf_Disease",-83.193608,42.615211
"Beech_Leaf_Disease",-74.524492,40.862622
"Beech_Leaf_Disease",-74.51908,40.867817
"Beech_Leaf_Disease",-74.402083,40.839753
"Beech_Leaf_Disease",-74.402022,40.8419
"Beech_Leaf_Disease",-74.786374,40.43035
"Beech_Leaf_Disease",-74.400863,40.837855
"Beech_Leaf_Disease",-74.567842,40.836903
"Beech_Leaf_Disease",-74.558722,40.841695
"Beech_Leaf_Disease",-74.564942,40.838662
"Beech_Leaf_Disease",-74.399597,40.837147
"Beech_Leaf_Disease",-74.563308,40.841922
"Beech_Leaf_Disease",-74.560897,40.84288
"Beech_Leaf_Disease",-74.56478,40.838672
"Beech_Leaf_Disease",-74.559775,40.842383
"Beech_Leaf_Disease",-74.56575,40.840095
"Beech_Leaf_Disease",-74.4003,40.83782
"Beech_Leaf_Disease",-74.40207,40.839467
"Beech_Leaf_Disease",-74.401938,40.84077
"Beech_Leaf_Disease",-74.568055,40.837025
"Beech_Leaf_Disease",-74.558913,40.840737
"Beech_Leaf_Disease",-78.011595,42.482449
"Beech_Leaf_Disease",-74.400033,40.837475
"Beech_Leaf_Disease",-74.400612,40.837958
"Beech_Leaf_Disease",-74.561072,40.842728
"Beech_Leaf_Disease",-74.567642,40.836947
"Beech_Leaf_Disease",-74.559638,40.840338
"Beech_Leaf_Disease",-74.400908,40.837842
"Beech_Leaf_Disease",-74.560555,40.842838
"Beech_Leaf_Disease",-74.402022,40.84198
"Beech_Leaf_Disease",-72.240617,41.795425
"Beech_Leaf_Disease",-71.894263,42.498255
"Beech_Leaf_Disease",-74.652917,40.818947
"Beech_Leaf_Disease",-72.06888,42.915294
"Beech_Leaf_Disease",-74.542687,40.782588
"Beech_Leaf_Disease",-74.542113,40.784583
"Beech_Leaf_Disease",-71.862289,42.864507
"Beech_Leaf_Disease",-71.861246,42.861804
"Beech_Leaf_Disease",-74.54293,40.783428
"Beech_Leaf_Disease",-71.876094,41.491551
"Beech_Leaf_Disease",-71.805975,41.534479
"Beech_Leaf_Disease",-74.542083,40.78447
"Beech_Leaf_Disease",-74.636047,40.84595
"Beech_Leaf_Disease",-71.867728,42.868694
"Beech_Leaf_Disease",-72.01941,41.356272
"Beech_Leaf_Disease",-75.147806,40.280353
"Beech_Leaf_Disease",-81.523903,41.216019
"Beech_Leaf_Disease",-74.539733,40.781803
"Beech_Leaf_Disease",-74.539925,40.782153
"Beech_Leaf_Disease",-74.543045,40.786175
"Beech_Leaf_Disease",-74.56298,40.843505
"Beech_Leaf_Disease",-74.542892,40.785583
"Beech_Leaf_Disease",-74.555778,40.847253
"Beech_Leaf_Disease",-74.557397,40.846497
"Beech_Leaf_Disease",-74.54165,40.782855
"Beech_Leaf_Disease",-74.542787,40.782117
"Beech_Leaf_Disease",-74.539787,40.782555
"Beech_Leaf_Disease",-74.561142,40.843303
"Beech_Leaf_Disease",-74.539703,40.781608
"Beech_Leaf_Disease",-74.398721,40.671713
"Beech_Leaf_Disease",-74.54087,40.781587
"Beech_Leaf_Disease",-82.063644,41.290172
"Beech_Leaf_Disease",-71.088005,42.460297
"Beech_Leaf_Disease",-79.211726,41.342535
"Beech_Leaf_Disease",-80.362924,43.307106
"Beech_Leaf_Disease",-74.526275,40.857372
"Beech_Leaf_Disease",-74.519538,40.867542
"Beech_Leaf_Disease",-80.230614,40.932256
"Beech_Leaf_Disease",-74.523513,40.863483
"Beech_Leaf_Disease",-80.368383,43.30234
"Beech_Leaf_Disease",-82.31728,40.613408
"Beech_Leaf_Disease",-74.526353,40.858628
"Beech_Leaf_Disease",-74.56405,40.838363
"Beech_Leaf_Disease",-72.239655,41.796612
"Beech_Leaf_Disease",-74.559045,40.84065
"Beech_Leaf_Disease",-74.564033,40.838378
"Beech_Leaf_Disease",-74.5644,40.83857
"Beech_Leaf_Disease",-74.56015,40.839955
"Beech_Leaf_Disease",-72.244055,41.831067
"Beech_Leaf_Disease",-74.399362,40.836903
"Beech_Leaf_Disease",-74.559058,40.842042
"Beech_Leaf_Disease",-74.502958,40.404098
"Beech_Leaf_Disease",-74.562155,40.842138
"Beech_Leaf_Disease",-72.241058,41.79675
"Beech_Leaf_Disease",-74.558822,40.84083
"Beech_Leaf_Disease",-74.400908,40.837842
"Beech_Leaf_Disease",-73.834477,40.93433
"Beech_Leaf_Disease",-74.562187,40.842113
"Beech_Leaf_Disease",-74.40203,40.83995
"Beech_Leaf_Disease",-74.401878,40.838817
"Beech_Leaf_Disease",-74.402153,40.83955
"Beech_Leaf_Disease",-74.567375,40.838417
"Beech_Leaf_Disease",-74.565597,40.840722
"Beech_Leaf_Disease",-74.401292,40.837947
"Beech_Leaf_Disease",-74.565583,40.83863
"Beech_Leaf_Disease",-74.40187,40.838967
"Beech_Leaf_Disease",-74.565195,40.838587
"Beech_Leaf_Disease",-73.833935,40.935716
"Beech_Leaf_Disease",-74.398833,40.836128
"Beech_Leaf_Disease",-74.559783,40.842403
"Beech_Leaf_Disease",-74.40068,40.837945
"Beech_Leaf_Disease",-70.833542,42.196067
"Beech_Leaf_Disease",-74.635688,40.831967
"Beech_Leaf_Disease",-75.528967,41.260031
"Beech_Leaf_Disease",-74.633613,40.832313
"Beech_Leaf_Disease",-74.638695,40.826108
"Beech_Leaf_Disease",-76.455294,42.479099
"Beech_Leaf_Disease",-74.867338,40.702147
"Beech_Leaf_Disease",-81.433809,41.562606
"Beech_Leaf_Disease",-73.74667,40.754514
"Beech_Leaf_Disease",-76.476519,42.450363
"Beech_Leaf_Disease",-72.217011,41.760756
"Beech_Leaf_Disease",-71.902211,42.4852
"Beech_Leaf_Disease",-74.867837,40.702022
"Beech_Leaf_Disease",-74.63507,40.831908
"Beech_Leaf_Disease",-75.555846,41.246986
"Beech_Leaf_Disease",-74.639062,40.825863
"Beech_Leaf_Disease",-76.476467,42.450378
"Beech_Leaf_Disease",-74.399047,40.837605
"Beech_Leaf_Disease",-74.482095,40.79202
"Beech_Leaf_Disease",-74.867212,40.702255
"Beech_Leaf_Disease",-74.639488,40.825567
"Beech_Leaf_Disease",-74.575334,40.596323
"Beech_Leaf_Disease",-74.639153,40.825803
"Beech_Leaf_Disease",-74.398863,40.835972
"Beech_Leaf_Disease",-78.81697,42.708003
"Beech_Leaf_Disease",-81.357816,41.065631
"Beech_Leaf_Disease",-74.635505,40.828342
"Beech_Leaf_Disease",-73.487376,41.122495
"Beech_Leaf_Disease",-72.292856,40.944389
"Beech_Leaf_Disease",-73.08645,40.952825
"Beech_Leaf_Disease",-74.634025,40.832783
"Beech_Leaf_Disease",-73.476738,41.756072
"Beech_Leaf_Disease",-74.633903,40.82962
"Beech_Leaf_Disease",-74.599333,40.816338
"Beech_Leaf_Disease",-74.635712,40.83197
"Beech_Leaf_Disease",-78.814602,42.708266
"Beech_Leaf_Disease",-82.999592,42.709894
"Beech_Leaf_Disease",-74.637642,40.826787
"Beech_Leaf_Disease",-74.86718,40.702195
"Beech_Leaf_Disease",-74.636383,40.827697
"Beech_Leaf_Disease",-74.634095,40.832817
"Beech_Leaf_Disease",-74.638353,40.826338
"Beech_Leaf_Disease",-76.363755,42.450622
"Beech_Leaf_Disease",-74.399008,40.83755
"Beech_Leaf_Disease",-74.638703,40.826103
"Beech_Leaf_Disease",-74.504653,40.84267
"Beech_Leaf_Disease",-74.86747,40.702133
"Beech_Leaf_Disease",-74.637642,40.826787
"Beech_Leaf_Disease",-74.640145,40.82507
"Beech_Leaf_Disease",-72.617928,42.610038
"Beech_Leaf_Disease",-74.566497,40.406532
"Beech_Leaf_Disease",-72.517772,42.864728
"Beech_Leaf_Disease",-71.902211,42.4852
"Beech_Leaf_Disease",-74.635262,40.83263
"Beech_Leaf_Disease",-72.788526,42.634527
"Beech_Leaf_Disease",-79.182986,40.125489
"Beech_Leaf_Disease",-71.744177,42.360528
"Beech_Leaf_Disease",-74.638428,40.826275
"Beech_Leaf_Disease",-71.106372,42.434194
"Beech_Leaf_Disease",-74.632737,40.83115
"Beech_Leaf_Disease",-68.13025,44.574512
"Beech_Leaf_Disease",-74.565187,40.664369
"Beech_Leaf_Disease",-71.42608,42.078797
"Beech_Leaf_Disease",-71.116561,42.218187
"Beech_Leaf_Disease",-78.81697,42.708003
"Beech_Leaf_Disease",-74.639625,40.767763
"Beech_Leaf_Disease",-74.604637,40.812695
"Beech_Leaf_Disease",-81.288856,43.005869
"Beech_Leaf_Disease",-74.388194,40.946745
"Beech_Leaf_Disease",-81.705516,41.218991
"Beech_Leaf_Disease",-74.418637,40.475105
"Beech_Leaf_Disease",-71.086669,42.455803
"Beech_Leaf_Disease",-81.674722,41.301449
"Beech_Leaf_Disease",-74.639917,40.767855
"Beech_Leaf_Disease",-81.447238,40.581092
"Beech_Leaf_Disease",-80.139762,41.6319
"Beech_Leaf_Disease",-80.244187,43.694386
"Beech_Leaf_Disease",-74.604737,40.812367
"Beech_Leaf_Disease",-79.160994,43.814205
"Beech_Leaf_Disease",-80.154459,41.599261
"Beech_Leaf_Disease",-74.60012,40.817408
"Beech_Leaf_Disease",-81.548209,40.474618
"Beech_Leaf_Disease",-73.605988,40.71986
"Beech_Leaf_Disease",-73.400392,41.158867
"Beech_Leaf_Disease",-81.448682,40.579324
"Beech_Leaf_Disease",-81.443254,40.582002
"Beech_Leaf_Disease",-74.599892,40.817488
"Beech_Leaf_Disease",-74.604972,40.811997
"Beech_Leaf_Disease",-74.60163,40.814637
"Beech_Leaf_Disease",-74.639525,40.767728
"Beech_Leaf_Disease",-81.183995,42.969404
"Beech_Leaf_Disease",-71.088561,42.464313
"Beech_Leaf_Disease",-69.680313,44.02185
"Beech_Leaf_Disease",-81.873497,41.389847
"Beech_Leaf_Disease",-74.730012,40.81332
"Beech_Leaf_Disease",-71.081344,42.450562
"Beech_Leaf_Disease",-74.733917,40.810488
"Beech_Leaf_Disease",-73.697999,41.044263
"Beech_Leaf_Disease",-74.594672,40.814922
"Beech_Leaf_Disease",-81.289178,43.004344
"Beech_Leaf_Disease",-75.154403,39.746962
"Beech_Leaf_Disease",-74.592505,40.815117
"Beech_Leaf_Disease",-74.566345,40.807147
"Beech_Leaf_Disease",-74.559913,40.798692
"Beech_Leaf_Disease",-74.559783,40.798867
"Beech_Leaf_Disease",-74.59417,40.814438
"Beech_Leaf_Disease",-74.59265,40.814653
"Beech_Leaf_Disease",-81.096303,40.821894
"Beech_Leaf_Disease",-76.285973,41.339512
"Beech_Leaf_Disease",-81.029808,42.744147
"Beech_Leaf_Disease",-74.093428,41.27488
"Beech_Leaf_Disease",-72.191139,42.999424
"Beech_Leaf_Disease",-74.592408,40.81543
"Beech_Leaf_Disease",-76.476411,42.450206
"Beech_Leaf_Disease",-74.595055,40.815345
"Beech_Leaf_Disease",-74.586111,40.608177
"Beech_Leaf_Disease",-74.566108,40.802463
"Beech_Leaf_Disease",-72.249982,42.717733
"Beech_Leaf_Disease",-74.592895,40.814092
"Beech_Leaf_Disease",-69.348616,44.396774
"Beech_Leaf_Disease",-74.566338,40.807
"Beech_Leaf_Disease",-74.594917,40.81523
"Beech_Leaf_Disease",-74.592562,40.815013
"Beech_Leaf_Disease",-73.14692,40.914148
"Beech_Leaf_Disease",-74.566795,40.805667
"Beech_Leaf_Disease",-81.538353,41.337295
"Beech_Leaf_Disease",-72.105641,42.909889
"Beech_Leaf_Disease",-72.579963,41.516378
"Beech_Leaf_Disease",-74.200342,40.952666
"Beech_Leaf_Disease",-71.240445,42.426789
"Beech_Leaf_Disease",-74.499448,40.401884
"Beech_Leaf_Disease",-74.560745,40.798138
"Beech_Leaf_Disease",-74.593462,40.813837
"Beech_Leaf_Disease",-74.592287,40.815905
"Beech_Leaf_Disease",-74.563063,40.79963
"Beech_Leaf_Disease",-74.725353,40.747524
"Beech_Leaf_Disease",-74.56423,40.800647
"Beech_Leaf_Disease",-73.82947,41.21133
"Beech_Leaf_Disease",-73.642162,41.596512
"Beech_Leaf_Disease",-71.08773,42.448053
"Beech_Leaf_Disease",-81.028192,42.74752
"Beech_Leaf_Disease",-71.091867,42.444787
"Beech_Leaf_Disease",-73.594588,41.082375
"Beech_Leaf_Disease",-78.042347,42.078931
"Beech_Leaf_Disease",-73.488647,41.083789
"Beech_Leaf_Disease",-73.098008,41.865605
"Beech_Leaf_Disease",-71.124003,42.456467
"Beech_Leaf_Disease",-71.124011,42.456467
"Beech_Leaf_Disease",-73.503177,41.264489
"Beech_Leaf_Disease",-74.3892,40.94741
"Beech_Leaf_Disease",-74.519867,40.804262
"Beech_Leaf_Disease",-74.505613,40.841963
"Beech_Leaf_Disease",-73.463378,41.134361
"Beech_Leaf_Disease",-74.520195,40.804112
"Beech_Leaf_Disease",-74.516433,40.808167
"Beech_Leaf_Disease",-71.089425,42.444905
"Beech_Leaf_Disease",-71.236823,42.451784
"Beech_Leaf_Disease",-74.56688,40.830803
"Beech_Leaf_Disease",-74.561837,40.83125
"Beech_Leaf_Disease",-74.516328,40.808403
"Beech_Leaf_Disease",-74.568183,40.832655
"Beech_Leaf_Disease",-74.568183,40.831883
"Beech_Leaf_Disease",-73.964782,40.778229
"Beech_Leaf_Disease",-79.177051,40.117518
"Beech_Leaf_Disease",-74.520355,40.804062
"Beech_Leaf_Disease",-71.096139,42.445838
"Beech_Leaf_Disease",-80.612825,40.557027
"Beech_Leaf_Disease",-81.030718,42.747483
"Beech_Leaf_Disease",-74.513153,40.808072
"Beech_Leaf_Disease",-76.120085,42.535325
"Beech_Leaf_Disease",-74.519128,40.804437
"Beech_Leaf_Disease",-77.396767,38.615994
"Beech_Leaf_Disease",-71.096214,42.445912
"Beech_Leaf_Disease",-77.745078,39.346317
"Beech_Leaf_Disease",-70.215528,42.054492
"Beech_Leaf_Disease",-74.661828,40.880558
"Beech_Leaf_Disease",-77.402389,38.585208
"Beech_Leaf_Disease",-79.871102,43.255391
"Beech_Leaf_Disease",-74.3892,40.94741
"Beech_Leaf_Disease",-80.034294,40.61808
"Beech_Leaf_Disease",-74.519333,40.804417
"Beech_Leaf_Disease",-83.061244,42.542647
"Beech_Leaf_Disease",-74.520355,40.804062
"Beech_Leaf_Disease",-75.796984,40.208677
"Beech_Leaf_Disease",-74.418563,40.724825
"Beech_Leaf_Disease",-74.512178,40.806278
"Beech_Leaf_Disease",-70.638421,41.553843
"Beech_Leaf_Disease",-72.324402,42.925975
"Beech_Leaf_Disease",-74.513458,40.806562
"Beech_Leaf_Disease",-73.84713,41.039539
"Beech_Leaf_Disease",-74.660408,40.880025
"Beech_Leaf_Disease",-81.348272,42.982138
"Beech_Leaf_Disease",-74.504417,40.84233
"Beech_Leaf_Disease",-74.503298,40.404392
"Beech_Leaf_Disease",-79.680153,43.073769
"Beech_Leaf_Disease",-74.504412,40.840838
"Beech_Leaf_Disease",-74.66368,40.880597
"Beech_Leaf_Disease",-74.661072,40.881488
"Beech_Leaf_Disease",-74.3892,40.94741
"Beech_Leaf_Disease",-74.51313,40.8079
"Beech_Leaf_Disease",-74.50422,40.8419
"Beech_Leaf_Disease",-74.51358,40.806028
"Beech_Leaf_Disease",-72.518414,42.864694
"Beech_Leaf_Disease",-78.268755,44.299892
"Beech_Leaf_Disease",-79.986489,43.217871
"Beech_Leaf_Disease",-79.986687,43.217595
"Beech_Leaf_Disease",-74.697862,40.725567
"Beech_Leaf_Disease",-76.887528,42.372361
"Beech_Leaf_Disease",-70.602256,41.855872
"Beech_Leaf_Disease",-74.697845,40.725487
"Beech_Leaf_Disease",-78.032342,42.587619
"Beech_Leaf_Disease",-72.758667,42.48235
"Beech_Leaf_Disease",-71.115783,42.218078
"Beech_Leaf_Disease",-70.603669,41.854431
"Beech_Leaf_Disease",-75.154695,40.296472
"Beech_Leaf_Disease",-81.613464,41.312117
"Beech_Leaf_Disease",-71.084297,42.44882
"Beech_Leaf_Disease",-82.07235,41.27818
"Beech_Leaf_Disease",-72.221353,41.517655
"Beech_Leaf_Disease",-83.557239,42.640354
"Beech_Leaf_Disease",-71.751658,41.485403
"Beech_Leaf_Disease",-82.008107,41.122196
"Beech_Leaf_Disease",-74.835571,40.340421
"Beech_Leaf_Disease",-72.509103,41.742792
"Beech_Leaf_Disease",-70.20198,42.07237
"Beech_Leaf_Disease",-70.198547,42.070958
"Beech_Leaf_Disease",-70.201937,42.072342
"Beech_Leaf_Disease",-74.602294,40.708582
"Beech_Leaf_Disease",-79.271113,40.159477
"Beech_Leaf_Disease",-71.872192,41.71787
"Beech_Leaf_Disease",-72.845147,41.493908
"Beech_Leaf_Disease",-80.169139,40.953399
"Beech_Leaf_Disease",-74.98358,41.020253
"Beech_Leaf_Disease",-70.689322,43.223572
"Beech_Leaf_Disease",-70.734755,41.380317
"Beech_Leaf_Disease",-76.527186,40.498758
"Beech_Leaf_Disease",-83.525108,42.36468
"Beech_Leaf_Disease",-70.825819,42.593133
"Beech_Leaf_Disease",-74.457297,40.77313
"Beech_Leaf_Disease",-73.878693,40.856984
"Beech_Leaf_Disease",-74.988845,40.974803
"Beech_Leaf_Disease",-74.452491,40.767076
"Beech_Leaf_Disease",-69.059505,44.193377
"Beech_Leaf_Disease",-72.155065,42.777444
"Beech_Leaf_Disease",-68.367666,44.339964
"Beech_Leaf_Disease",-74.9916,40.977292
"Beech_Leaf_Disease",-72.153867,42.777364
"Beech_Leaf_Disease",-81.900621,41.129558
"Beech_Leaf_Disease",-74.764477,41.232232
"Beech_Leaf_Disease",-72.155263,42.777578
"Beech_Leaf_Disease",-69.043647,44.2673
"Beech_Leaf_Disease",-74.740472,40.805725
"Beech_Leaf_Disease",-78.871765,43.924038
"Beech_Leaf_Disease",-74.887811,41.190087
"Beech_Leaf_Disease",-74.669201,40.850806
"Beech_Leaf_Disease",-80.395709,41.414844
"Beech_Leaf_Disease",-74.592758,40.653133
"Beech_Leaf_Disease",-80.398879,41.420568
"Beech_Leaf_Disease",-72.691339,41.407506
"Beech_Leaf_Disease",-79.271462,40.160439
"Beech_Leaf_Disease",-74.124452,40.585394
"Beech_Leaf_Disease",-71.452071,41.52136
"Beech_Leaf_Disease",-73.943208,40.925358
"Beech_Leaf_Disease",-70.198465,42.069795
"Beech_Leaf_Disease",-69.07968,44.196646
"Beech_Leaf_Disease",-74.347799,41.042403
"Beech_Leaf_Disease",-81.519142,41.127234
"Beech_Leaf_Disease",-78.245164,40.537614
"Beech_Leaf_Disease",-71.186323,41.887725
"Beech_Leaf_Disease",-74.740487,40.805663
"Beech_Leaf_Disease",-73.001796,42.02973
"Beech_Leaf_Disease",-72.887201,41.430997
"Beech_Leaf_Disease",-81.574538,41.486374
"Beech_Leaf_Disease",-81.153212,41.149045
"Beech_Leaf_Disease",-74.669182,40.850899
"Beech_Leaf_Disease",-77.851724,41.760532
"Beech_Leaf_Disease",-80.582,43.495097
"Beech_Leaf_Disease",-73.988502,40.958352
"Beech_Leaf_Disease",-70.849916,42.643532
"Beech_Leaf_Disease",-76.451755,42.477755
"Beech_Leaf_Disease",-74.852178,41.071769
"Beech_Leaf_Disease",-81.423929,41.561803
"Beech_Leaf_Disease",-77.837511,41.750152
"Beech_Leaf_Disease",-74.902,40.729287
"Beech_Leaf_Disease",-73.681563,41.454658
"Beech_Leaf_Disease",-69.130235,44.196613
"Beech_Leaf_Disease",-70.840422,41.723581
"Beech_Leaf_Disease",-77.868313,41.766818
"Beech_Leaf_Disease",-71.379192,41.85316
"Beech_Leaf_Disease",-81.431465,41.570098
"Beech_Leaf_Disease",-77.853722,41.763142
"Beech_Leaf_Disease",-73.988307,40.959017
"Beech_Leaf_Disease",-74.636172,40.841826
"Beech_Leaf_Disease",-71.8851,42.82675
"Beech_Leaf_Disease",-81.432551,41.569462
"Beech_Leaf_Disease",-74.152078,41.176558
"Beech_Leaf_Disease",-77.847775,41.699448
"Beech_Leaf_Disease",-75.200131,40.926677
"Beech_Leaf_Disease",-73.875872,40.86635
"Beech_Leaf_Disease",-81.435909,41.564027
"Beech_Leaf_Disease",-81.944061,41.175771
"Beech_Leaf_Disease",-77.847932,41.731165
"Beech_Leaf_Disease",-81.359997,41.593046
"Beech_Leaf_Disease",-73.913078,41.032625
"Beech_Leaf_Disease",-77.848121,41.658147
"Beech_Leaf_Disease",-74.6325,40.833037
"Beech_Leaf_Disease",-73.914598,41.030309
"Beech_Leaf_Disease",-81.424371,41.562767
"Beech_Leaf_Disease",-69.041535,44.312853
"Beech_Leaf_Disease",-73.875215,40.864737
"Beech_Leaf_Disease",-68.878717,44.448825
"Beech_Leaf_Disease",-71.597257,41.618742
"Beech_Leaf_Disease",-81.421691,41.56216
"Beech_Leaf_Disease",-77.780873,41.708221
"Beech_Leaf_Disease",-81.460301,41.600072
"Beech_Leaf_Disease",-77.924878,41.681073
"Beech_Leaf_Disease",-81.590128,41.170367
"Beech_Leaf_Disease",-74.575888,40.874958
"Beech_Leaf_Disease",-75.119609,40.978075
"Beech_Leaf_Disease",-69.072517,44.200964
"Beech_Leaf_Disease",-71.788813,41.803675
"Beech_Leaf_Disease",-73.923912,40.933333
"Beech_Leaf_Disease",-75.015949,41.064572
"Beech_Leaf_Disease",-69.073836,44.216862
"Beech_Leaf_Disease",-70.978647,42.117557
"Beech_Leaf_Disease",-69.05976,44.168968
"Beech_Leaf_Disease",-81.363947,41.211356
"Beech_Leaf_Disease",-81.745627,41.031196
"Beech_Leaf_Disease",-83.248714,42.343736
"Beech_Leaf_Disease",-81.460338,41.599862
"Beech_Leaf_Disease",-69.09183,44.186669
"Beech_Leaf_Disease",-77.904721,41.68391
"Beech_Leaf_Disease",-75.753611,41.112728
"Beech_Leaf_Disease",-81.791929,41.069855
"Beech_Leaf_Disease",-77.867317,41.720689
"Beech_Leaf_Disease",-75.337414,39.559836
"Beech_Leaf_Disease",-73.31887,41.160345
"Beech_Leaf_Disease",-81.555772,41.482369
"Beech_Leaf_Disease",-81.424719,41.561996
"Beech_Leaf_Disease",-77.780929,41.708222
"Beech_Leaf_Disease",-81.425812,41.567565
"Beech_Leaf_Disease",-73.988133,40.95887
"Beech_Leaf_Disease",-81.428124,41.561543
"Beech_Leaf_Disease",-79.588993,41.583544
"Beech_Leaf_Disease",-81.460179,41.600391
"Beech_Leaf_Disease",-72.401648,41.22682
"Beech_Leaf_Disease",-73.268325,41.209647
"Beech_Leaf_Disease",-81.426578,41.561211
"Beech_Leaf_Disease",-81.4279,41.561212
"Beech_Leaf_Disease",-71.743657,41.371578
"Beech_Leaf_Disease",-81.423665,41.562365
"Beech_Leaf_Disease",-77.888664,41.638151
"Beech_Leaf_Disease",-77.263087,38.740963
"Beech_Leaf_Disease",-69.021347,44.440336
"Beech_Leaf_Disease",-76.283956,41.334678
"Beech_Leaf_Disease",-81.620394,41.318875
"Beech_Leaf_Disease",-71.836882,42.834304
"Beech_Leaf_Disease",-72.152838,42.796264
"Beech_Leaf_Disease",-81.137158,41.132938
"Beech_Leaf_Disease",-70.90372,42.661756
"Beech_Leaf_Disease",-71.837133,42.834281
"Beech_Leaf_Disease",-71.848283,42.818837
"Beech_Leaf_Disease",-81.460005,41.600522
"Beech_Leaf_Disease",-72.430068,41.748571
"Beech_Leaf_Disease",-71.83727,42.83426
"Beech_Leaf_Disease",-81.414763,41.416327
"Beech_Leaf_Disease",-71.837393,42.834292
"Beech_Leaf_Disease",-76.163842,41.359015
"Beech_Leaf_Disease",-71.848301,42.81889
"Beech_Leaf_Disease",-74.1683,40.53453
"Beech_Leaf_Disease",-74.845383,40.755225
"Beech_Leaf_Disease",-71.843619,42.814874
"Beech_Leaf_Disease",-72.152836,42.796257
"Beech_Leaf_Disease",-81.415374,41.420797
"Beech_Leaf_Disease",-71.084411,42.448905
"Beech_Leaf_Disease",-71.885231,42.485553
"Beech_Leaf_Disease",-81.414174,41.416911
"Beech_Leaf_Disease",-71.871976,42.820929
"Beech_Leaf_Disease",-73.775105,40.951454
"Beech_Leaf_Disease",-77.455237,41.722974
"Beech_Leaf_Disease",-74.220384,40.518327
"Beech_Leaf_Disease",-71.872015,42.821107
"Beech_Leaf_Disease",-81.471835,41.544652
"Beech_Leaf_Disease",-79.594989,41.004531
"Beech_Leaf_Disease",-74.220557,40.518333
"Beech_Leaf_Disease",-82.417406,42.603072
"Beech_Leaf_Disease",-81.566168,41.672409
"Beech_Leaf_Disease",-81.188322,41.659119
"Beech_Leaf_Disease",-77.86847,41.671175
"Beech_Leaf_Disease",-81.470851,41.5429
"Beech_Leaf_Disease",-74.845183,40.755555
"Beech_Leaf_Disease",-81.532592,41.384428
"Beech_Leaf_Disease",-74.227928,40.517738
"Beech_Leaf_Disease",-74.22598,40.51358
"Beech_Leaf_Disease",-81.186206,41.658772
"Beech_Leaf_Disease",-81.423372,41.561823
"Beech_Leaf_Disease",-74.731362,40.744412
"Beech_Leaf_Disease",-74.22604,40.51384
"Beech_Leaf_Disease",-81.929923,41.062463
"Beech_Leaf_Disease",-81.381163,41.439553
"Beech_Leaf_Disease",-79.271641,40.160316
"Beech_Leaf_Disease",-81.422993,41.561323
"Beech_Leaf_Disease",-81.299842,41.529772
"Beech_Leaf_Disease",-81.299471,41.530071
"Beech_Leaf_Disease",-73.268688,41.209665
"Beech_Leaf_Disease",-81.422703,41.562258
"Beech_Leaf_Disease",-74.847288,40.748203
"Beech_Leaf_Disease",-70.76642,42.597892
"Beech_Leaf_Disease",-76.450845,42.478155
"Beech_Leaf_Disease",-78.749836,42.701124
"Beech_Leaf_Disease",-73.208698,40.909288
"Beech_Leaf_Disease",-81.425368,41.561433
"Beech_Leaf_Disease",-81.424975,41.561157
"Beech_Leaf_Disease",-81.422103,41.562296
"Beech_Leaf_Disease",-81.875342,41.109953
"Beech_Leaf_Disease",-82.145172,41.299137
"Beech_Leaf_Disease",-74.719642,40.856363
"Beech_Leaf_Disease",-74.723695,40.854408
"Beech_Leaf_Disease",-73.734174,40.739089
"Beech_Leaf_Disease",-74.72387,40.854313
"Beech_Leaf_Disease",-72.880645,42.390005
"Beech_Leaf_Disease",-74.720062,40.855812
"Beech_Leaf_Disease",-74.71907,40.856655
"Beech_Leaf_Disease",-71.212717,42.453438
"Beech_Leaf_Disease",-74.720597,40.855233
"Beech_Leaf_Disease",-81.906124,41.114882
"Beech_Leaf_Disease",-74.717125,40.856472
"Beech_Leaf_Disease",-75.081582,41.012139
"Beech_Leaf_Disease",-81.428161,41.561337
"Beech_Leaf_Disease",-73.956795,40.794333
"Beech_Leaf_Disease",-74.455038,40.800903
"Beech_Leaf_Disease",-73.956494,40.798334
"Beech_Leaf_Disease",-74.456208,40.801628
"Beech_Leaf_Disease",-72.42489,40.923015
"Beech_Leaf_Disease",-79.816111,41.921111
"Beech_Leaf_Disease",-74.771753,40.795383
"Beech_Leaf_Disease",-74.778358,40.794705
"Beech_Leaf_Disease",-74.773217,40.795772
"Beech_Leaf_Disease",-81.692454,41.196202
"Beech_Leaf_Disease",-74.45427,40.800453
"Beech_Leaf_Disease",-74.771928,40.79558
"Beech_Leaf_Disease",-81.696526,41.193415
"Beech_Leaf_Disease",-80.363161,40.505866
"Beech_Leaf_Disease",-74.776725,40.795187
"Beech_Leaf_Disease",-74.533905,40.787378
"Beech_Leaf_Disease",-75.539058,41.145068
"Beech_Leaf_Disease",-74.452133,40.800155
"Beech_Leaf_Disease",-81.131482,41.131536
"Beech_Leaf_Disease",-74.774963,40.795747
"Beech_Leaf_Disease",-74.777262,40.794858
"Beech_Leaf_Disease",-74.19214,40.51916
"Beech_Leaf_Disease",-74.771508,40.795233
"Beech_Leaf_Disease",-73.870808,40.864442
"Beech_Leaf_Disease",-70.7387,42.6166
"Beech_Leaf_Disease",-69.065828,44.178761
"Beech_Leaf_Disease",-81.294784,41.281013
"Beech_Leaf_Disease",-71.159554,42.123383
"Beech_Leaf_Disease",-72.243583,41.703356
"Beech_Leaf_Disease",-74.329454,41.090186
"Beech_Leaf_Disease",-73.63752,40.81073
"Beech_Leaf_Disease",-72.903276,41.423361
"Beech_Leaf_Disease",-72.833497,41.525404
"Beech_Leaf_Disease",-80.911078,41.215909
"Beech_Leaf_Disease",-74.715797,40.909122
"Beech_Leaf_Disease",-74.66903,40.844208
"Beech_Leaf_Disease",-81.431094,41.580226
"Beech_Leaf_Disease",-74.715088,40.907903
"Beech_Leaf_Disease",-81.529037,41.387908
"Beech_Leaf_Disease",-81.348899,41.598594
"Beech_Leaf_Disease",-72.827951,41.271393
"Beech_Leaf_Disease",-79.571712,42.32875
"Beech_Leaf_Disease",-70.069505,41.763748
"Beech_Leaf_Disease",-68.2854,44.859108
"Beech_Leaf_Disease",-72.325268,42.673571
"Beech_Leaf_Disease",-74.715592,40.909047
"Beech_Leaf_Disease",-72.987618,42.289873
"Beech_Leaf_Disease",-74.669687,40.84375
"Beech_Leaf_Disease",-74.788292,40.804
"Beech_Leaf_Disease",-74.227312,41.228837
"Beech_Leaf_Disease",-76.298779,41.339141
"Beech_Leaf_Disease",-82.707289,42.985916
"Beech_Leaf_Disease",-74.233513,41.121803
"Beech_Leaf_Disease",-81.296018,41.223534
"Beech_Leaf_Disease",-81.854265,41.043167
"Beech_Leaf_Disease",-81.780329,41.142843
"Beech_Leaf_Disease",-81.917992,41.106601
"Beech_Leaf_Disease",-74.553451,40.845464
"Beech_Leaf_Disease",-70.918128,42.646886
"Beech_Leaf_Disease",-74.667962,40.844955
"Beech_Leaf_Disease",-73.956763,40.795383
"Beech_Leaf_Disease",-74.715453,40.908888
"Beech_Leaf_Disease",-74.59658,40.869922
"Beech_Leaf_Disease",-73.846013,41.041549
"Beech_Leaf_Disease",-84.485061,41.840387
"Beech_Leaf_Disease",-74.78852,40.805163
"Beech_Leaf_Disease",-74.788383,40.80537
"Beech_Leaf_Disease",-71.210792,42.972921
"Beech_Leaf_Disease",-75.949407,40.276347
"Beech_Leaf_Disease",-71.210855,42.973064
"Beech_Leaf_Disease",-81.690067,41.088056
"Beech_Leaf_Disease",-71.210769,42.972922
"Beech_Leaf_Disease",-73.690785,40.955989
"Beech_Leaf_Disease",-74.788208,40.804713
"Beech_Leaf_Disease",-73.164575,42.332997
"Beech_Leaf_Disease",-73.883156,40.873371
"Beech_Leaf_Disease",-71.210808,42.973061
"Beech_Leaf_Disease",-74.794333,40.807945
"Beech_Leaf_Disease",-76.345282,42.9681
"Beech_Leaf_Disease",-73.631941,41.018411
"Beech_Leaf_Disease",-70.918492,41.786508
"Beech_Leaf_Disease",-74.791847,40.806538
"Beech_Leaf_Disease",-71.210759,42.973079
"Beech_Leaf_Disease",-70.850535,42.165598
"Beech_Leaf_Disease",-71.210764,42.972934
"Beech_Leaf_Disease",-74.793992,40.807297
"Beech_Leaf_Disease",-74.794472,40.80843
"Beech_Leaf_Disease",-74.7883,40.80495
"Beech_Leaf_Disease",-77.262147,38.742313
"Beech_Leaf_Disease",-74.788895,40.80555
"Beech_Leaf_Disease",-71.723861,41.567966
"Beech_Leaf_Disease",-70.627819,42.669683
"Beech_Leaf_Disease",-71.15506,42.069974
"Beech_Leaf_Disease",-74.793105,40.806903
"Beech_Leaf_Disease",-74.790375,40.807413
"Beech_Leaf_Disease",-80.55557,42.636712
"Beech_Leaf_Disease",-71.210792,42.973051
"Beech_Leaf_Disease",-76.363512,42.450455
"Beech_Leaf_Disease",-74.794472,40.80823
"Beech_Leaf_Disease",-74.596595,40.869747
"Beech_Leaf_Disease",-74.794638,40.808553
"Beech_Leaf_Disease",-79.906482,42.950577
"Beech_Leaf_Disease",-74.595505,40.871872
"Beech_Leaf_Disease",-72.796973,40.963513
"Beech_Leaf_Disease",-70.608483,41.57
"Beech_Leaf_Disease",-80.179167,40.486667
"Beech_Leaf_Disease",-74.53,40.763222
"Beech_Leaf_Disease",-75.693597,41.022297
"Beech_Leaf_Disease",-70.841159,42.199139
"Beech_Leaf_Disease",-74.531533,40.766528
"Beech_Leaf_Disease",-74.791183,40.80682
"Beech_Leaf_Disease",-74.532342,40.767158
"Beech_Leaf_Disease",-76.452588,41.300709
"Beech_Leaf_Disease",-74.53817,40.772012
"Beech_Leaf_Disease",-82.650573,42.614688
"Beech_Leaf_Disease",-81.802524,41.048806
"Beech_Leaf_Disease",-74.535447,40.769292
"Beech_Leaf_Disease",-80.318857,42.724049
"Beech_Leaf_Disease",-81.132259,41.142132
"Beech_Leaf_Disease",-71.5899,41.460131
"Beech_Leaf_Disease",-79.949828,41.606817
"Beech_Leaf_Disease",-71.081436,42.451563
"Beech_Leaf_Disease",-73.5,40.88
"Beech_Leaf_Disease",-74.74153,41.221262
"Beech_Leaf_Disease",-70.797089,41.836936
"Beech_Leaf_Disease",-74.595772,40.8716
"Beech_Leaf_Disease",-70.9644,42.152375
"Beech_Leaf_Disease",-81.363932,41.211724
"Beech_Leaf_Disease",-74.88976,41.190493
"Beech_Leaf_Disease",-74.53923,40.772797
"Beech_Leaf_Disease",-74.595772,40.8716
"Beech_Leaf_Disease",-74.647562,40.790962
"Beech_Leaf_Disease",-74.583938,40.874225
"Beech_Leaf_Disease",-74.639237,40.826113
"Beech_Leaf_Disease",-74.5298,40.765872
"Beech_Leaf_Disease",-74.532325,40.76712
"Beech_Leaf_Disease",-74.652595,40.819083
"Beech_Leaf_Disease",-74.531363,40.763642
"Beech_Leaf_Disease",-74.6464,40.790925
"Beech_Leaf_Disease",-80.499706,42.673208
"Beech_Leaf_Disease",-74.542345,40.770345
"Beech_Leaf_Disease",-74.530738,40.765545
"Beech_Leaf_Disease",-74.541405,40.771012
"Beech_Leaf_Disease",-80.1775,40.490278
"Beech_Leaf_Disease",-81.295564,41.087682
"Beech_Leaf_Disease",-78.047981,42.579909
"Beech_Leaf_Disease",-74.596588,40.869847
"Beech_Leaf_Disease",-74.531158,40.76303
"Beech_Leaf_Disease",-74.651628,40.819503
"Beech_Leaf_Disease",-74.652855,40.819042
"Beech_Leaf_Disease",-71.554314,41.546275
"Beech_Leaf_Disease",-80.459487,42.734758
"Beech_Leaf_Disease",-73.67919,41.125763
"Beech_Leaf_Disease",-74.540437,40.772837
"Beech_Leaf_Disease",-74.593138,40.872963
"Beech_Leaf_Disease",-74.648413,40.821125
"Beech_Leaf_Disease",-74.537597,40.771972
"Beech_Leaf_Disease",-71.52036,41.640813
"Beech_Leaf_Disease",-71.520282,41.640867
"Beech_Leaf_Disease",-80.355629,41.887371
"Beech_Leaf_Disease",-70.654708,42.644369
"Beech_Leaf_Disease",-74.533522,40.768795
"Beech_Leaf_Disease",-74.738547,40.834612
"Beech_Leaf_Disease",-74.574692,40.873878
"Beech_Leaf_Disease",-81.289593,43.004978
"Beech_Leaf_Disease",-70.81433,41.337208
"Beech_Leaf_Disease",-71.202713,42.120067
"Beech_Leaf_Disease",-77.821059,41.738819
"Beech_Leaf_Disease",-75.306387,40.794753
"Beech_Leaf_Disease",-72.547466,41.29274
"Beech_Leaf_Disease",-73.741913,40.746903
"Beech_Leaf_Disease",-71.089567,41.722455
"Beech_Leaf_Disease",-71.091189,42.457486
"Beech_Leaf_Disease",-81.846145,41.265147
"Beech_Leaf_Disease",-82.14553,41.297322
"Beech_Leaf_Disease",-71.088486,42.464655
"Beech_Leaf_Disease",-74.427098,41.187424
"Beech_Leaf_Disease",-71.748638,41.355425
"Beech_Leaf_Disease",-76.358835,41.364985
"Beech_Leaf_Disease",-73.658064,41.590831
"Beech_Leaf_Disease",-73.657682,41.593122
"Beech_Leaf_Disease",-71.310405,42.000143
"Beech_Leaf_Disease",-75.597389,39.940269
"Beech_Leaf_Disease",-68.765837,44.827971
"Beech_Leaf_Disease",-71.099472,42.448256
"Beech_Leaf_Disease",-76.277347,41.568989
"Beech_Leaf_Disease",-73.42015,40.809688
"Beech_Leaf_Disease",-77.305583,38.770138
"Beech_Leaf_Disease",-81.440446,41.247962
"Beech_Leaf_Disease",-71.943345,41.436072
"Beech_Leaf_Disease",-81.844612,42.280097
"Beech_Leaf_Disease",-75.237862,39.719853
"Beech_Leaf_Disease",-74.575662,40.874417
"Beech_Leaf_Disease",-70.606373,41.853035
"Beech_Leaf_Disease",-72.559538,42.296642
"Beech_Leaf_Disease",-74.547538,40.770247
"Beech_Leaf_Disease",-74.547195,40.772842
"Beech_Leaf_Disease",-74.983807,41.018943
"Beech_Leaf_Disease",-74.768792,40.793796
"Beech_Leaf_Disease",-78.909195,42.618075
"Beech_Leaf_Disease",-74.54677,40.772925
"Beech_Leaf_Disease",-71.864984,41.497418
"Beech_Leaf_Disease",-72.040203,41.420768
"Beech_Leaf_Disease",-80.190556,40.511111
"Beech_Leaf_Disease",-74.751738,41.220795
"Beech_Leaf_Disease",-75.793678,40.202217
"Beech_Leaf_Disease",-83.809694,42.260999
"Beech_Leaf_Disease",-81.530297,41.22395
"Beech_Leaf_Disease",-73.258362,41.956538
"Beech_Leaf_Disease",-76.451959,42.477702
"Beech_Leaf_Disease",-75.731719,40.180806
"Beech_Leaf_Disease",-70.627475,41.624311
"Beech_Leaf_Disease",-72.890655,42.577963
"Beech_Leaf_Disease",-74.553092,40.768742
"Beech_Leaf_Disease",-70.808642,41.715883
"Beech_Leaf_Disease",-72.3379,42.032447
"Beech_Leaf_Disease",-75.284045,41.146934
"Beech_Leaf_Disease",-83.154281,42.524875
"Beech_Leaf_Disease",-79.27034,40.160766
"Beech_Leaf_Disease",-82.057011,41.119041
"Beech_Leaf_Disease",-78.675255,42.563163
"Beech_Leaf_Disease",-73.431271,40.90202
"Beech_Leaf_Disease",-70.886995,42.676972
"Beech_Leaf_Disease",-70.82032,42.251922
"Beech_Leaf_Disease",-73.952412,40.974476
"Beech_Leaf_Disease",-73.743959,41.053688
"Beech_Leaf_Disease",-74.786091,40.429345
"Beech_Leaf_Disease",-74.546328,40.833195
"Beech_Leaf_Disease",-80.654575,41.929069
"Beech_Leaf_Disease",-73.877533,40.859849
"Beech_Leaf_Disease",-73.872017,41.208737
"Beech_Leaf_Disease",-76.58673,41.47073
"Beech_Leaf_Disease",-73.871938,41.20768
"Beech_Leaf_Disease",-73.871505,41.21042
"Beech_Leaf_Disease",-71.804944,41.341639
"Beech_Leaf_Disease",-72.79824,41.281092
"Beech_Leaf_Disease",-80.318985,42.725026
"Beech_Leaf_Disease",-73.943188,40.92557
"Beech_Leaf_Disease",-73.871688,41.210105
"Beech_Leaf_Disease",-71.115955,42.218484
"Beech_Leaf_Disease",-76.233869,41.353694
"Beech_Leaf_Disease",-70.707397,41.369172
"Beech_Leaf_Disease",-74.458433,40.714097
"Beech_Leaf_Disease",-74.505997,40.842438
"Beech_Leaf_Disease",-76.230519,41.346367
"Beech_Leaf_Disease",-81.430556,41.354057
"Beech_Leaf_Disease",-76.951155,41.508012
"Beech_Leaf_Disease",-74.463653,40.711878
"Beech_Leaf_Disease",-75.08119,41.01836
"Beech_Leaf_Disease",-72.943528,42.541053
"Beech_Leaf_Disease",-76.165797,41.360992
"Beech_Leaf_Disease",-73.838765,40.887419
"Beech_Leaf_Disease",-71.56414,41.54342
"Beech_Leaf_Disease",-74.52655,40.76862
"Beech_Leaf_Disease",-81.549664,41.381317
"Beech_Leaf_Disease",-70.641286,41.552378
"Beech_Leaf_Disease",-79.510362,42.032982
"Beech_Leaf_Disease",-77.908731,40.665334
"Beech_Leaf_Disease",-72.326673,42.669488
"Beech_Leaf_Disease",-75.756304,41.178691
"Beech_Leaf_Disease",-81.434638,41.561947
"Beech_Leaf_Disease",-79.188429,42.337498
"Beech_Leaf_Disease",-80.5475,42.625278
"Beech_Leaf_Disease",-81.89411,41.265985
"Beech_Leaf_Disease",-81.549664,41.381317
"Beech_Leaf_Disease",-77.826882,41.664468
"Beech_Leaf_Disease",-81.548339,41.38075
"Beech_Leaf_Disease",-74.509262,40.815613
"Beech_Leaf_Disease",-71.242083,42.480108
"Beech_Leaf_Disease",-79.832729,41.285142
"Beech_Leaf_Disease",-70.591389,41.590044
"Beech_Leaf_Disease",-74.614228,40.805283
"Beech_Leaf_Disease",-70.816795,41.343603
"Beech_Leaf_Disease",-81.690798,41.385703
"Beech_Leaf_Disease",-79.542105,42.28162
"Beech_Leaf_Disease",-71.317352,42.796828
"Beech_Leaf_Disease",-74.580497,40.833217
"Beech_Leaf_Disease",-74.128662,41.005933
"Beech_Leaf_Disease",-71.755027,41.834705
"Beech_Leaf_Disease",-80.353389,41.883801
"Beech_Leaf_Disease",-74.620942,40.801772
"Beech_Leaf_Disease",-74.526925,40.769767
"Beech_Leaf_Disease",-76.297718,41.341198
"Beech_Leaf_Disease",-72.875,42.4222
"Beech_Leaf_Disease",-71.085547,42.457837
"Beech_Leaf_Disease",-74.59285,40.840245
"Beech_Leaf_Disease",-78.989463,41.708662
"Beech_Leaf_Disease",-78.948647,41.66662
"Beech_Leaf_Disease",-74.580038,40.833692
"Beech_Leaf_Disease",-71.115767,42.218275
"Beech_Leaf_Disease",-74.618338,40.803963
"Beech_Leaf_Disease",-71.317385,42.796794
"Beech_Leaf_Disease",-71.124008,42.456506
"Beech_Leaf_Disease",-74.580558,40.83268
"Beech_Leaf_Disease",-75.127723,40.629892
"Beech_Leaf_Disease",-77.447454,40.472389
"Beech_Leaf_Disease",-80.354421,41.885352
"Beech_Leaf_Disease",-79.27127,40.159656
"Beech_Leaf_Disease",-71.385995,42.319808
"Beech_Leaf_Disease",-82.143897,41.301667
"Beech_Leaf_Disease",-80.051789,42.10202
"Beech_Leaf_Disease",-81.573118,41.486314
"Beech_Leaf_Disease",-72.758098,42.483007
"Beech_Leaf_Disease",-71.263528,42.46104
"Beech_Leaf_Disease",-71.31784,42.797032
"Beech_Leaf_Disease",-79.515975,42.029786
"Beech_Leaf_Disease",-74.635697,40.82705
"Beech_Leaf_Disease",-78.919212,41.717205
"Beech_Leaf_Disease",-71.31781,42.797029
"Beech_Leaf_Disease",-73.019164,42.247245
"Beech_Leaf_Disease",-75.128878,40.630478
"Beech_Leaf_Disease",-81.574708,41.485113
"Beech_Leaf_Disease",-74.523513,40.769803
"Beech_Leaf_Disease",-75.12894,40.630697
"Beech_Leaf_Disease",-71.187197,42.403703
"Beech_Leaf_Disease",-68.640144,44.522653
"Beech_Leaf_Disease",-70.634108,41.571633
"Beech_Leaf_Disease",-74.184714,40.897275
"Beech_Leaf_Disease",-74.727078,40.750133
"Beech_Leaf_Disease",-73.457717,41.136953
"Beech_Leaf_Disease",-74.18425,40.898062
"Beech_Leaf_Disease",-71.399168,41.461487
"Beech_Leaf_Disease",-76.257082,42.442915
"Beech_Leaf_Disease",-73.875761,40.866394
"Beech_Leaf_Disease",-73.51428,40.635772
"Beech_Leaf_Disease",-71.244995,42.452081
"Beech_Leaf_Disease",-81.745771,40.883819
"Beech_Leaf_Disease",-73.77141,41.251622
"Beech_Leaf_Disease",-73.227581,42.249656
"Beech_Leaf_Disease",-72.530228,41.643713
"Beech_Leaf_Disease",-71.427573,42.342602
"Beech_Leaf_Disease",-71.113468,42.217685
"Beech_Leaf_Disease",-75.950578,40.27663
"Beech_Leaf_Disease",-78.763047,42.71407
"Beech_Leaf_Disease",-71.097908,42.446912
"Beech_Leaf_Disease",-73.875578,40.865536
"Beech_Leaf_Disease",-72.487274,41.699942
"Beech_Leaf_Disease",-72.33645,42.048667
"Beech_Leaf_Disease",-75.75792,40.276037
"Beech_Leaf_Disease",-72.410217,42.570628
"Beech_Leaf_Disease",-72.37445,41.821013
"Beech_Leaf_Disease",-73.909554,41.016622
"Beech_Leaf_Disease",-73.657857,41.592858
"Beech_Leaf_Disease",-70.634558,41.572072
"Beech_Leaf_Disease",-74.742347,40.823228
"Beech_Leaf_Disease",-82.318093,40.615503
"Beech_Leaf_Disease",-74.283691,40.208229
"Beech_Leaf_Disease",-73.2265,42.251147
"Beech_Leaf_Disease",-73.226328,42.251169
"Beech_Leaf_Disease",-73.225878,42.252236
"Beech_Leaf_Disease",-72.308542,41.649795
"Beech_Leaf_Disease",-71.316204,42.796151
"Beech_Leaf_Disease",-74.568213,40.832478
"Beech_Leaf_Disease",-74.455283,40.80123
"Beech_Leaf_Disease",-73.876655,40.86045
"Beech_Leaf_Disease",-74.9114,41.004867
"Beech_Leaf_Disease",-74.563028,40.837078
"Beech_Leaf_Disease",-73.911247,42.045181
"Beech_Leaf_Disease",-74.503838,40.158849
"Beech_Leaf_Disease",-73.740739,40.74544
"Beech_Leaf_Disease",-81.357816,41.065631
"Beech_Leaf_Disease",-75.149798,39.746618
"Beech_Leaf_Disease",-73.565705,40.85292
"Beech_Leaf_Disease",-71.081589,42.45058
"Beech_Leaf_Disease",-73.657711,41.593302
"Beech_Leaf_Disease",-74.455437,40.801217
"Beech_Leaf_Disease",-74.131481,40.967791
"Beech_Leaf_Disease",-81.295763,41.612879
"Beech_Leaf_Disease",-73.54667,41.060486
"Beech_Leaf_Disease",-77.22377,38.729497
"Beech_Leaf_Disease",-74.68058,40.770947
"Beech_Leaf_Disease",-73.730685,40.744137
"Beech_Leaf_Disease",-73.807535,41.129823
"Beech_Leaf_Disease",-73.875535,40.865795
"Beech_Leaf_Disease",-74.117783,41.007122
"Beech_Leaf_Disease",-74.82489,41.165374
"Beech_Leaf_Disease",-73.872475,41.21097
"Beech_Leaf_Disease",-73.826933,40.931388
"Beech_Leaf_Disease",-70.839594,42.174289
"Beech_Leaf_Disease",-74.896031,40.684045
"Beech_Leaf_Disease",-70.843767,41.843503
"Beech_Leaf_Disease",-81.416808,41.454178
"Beech_Leaf_Disease",-74.289652,40.753406
"Beech_Leaf_Disease",-72.244745,41.825683
"Beech_Leaf_Disease",-79.035199,42.090452
"Beech_Leaf_Disease",-75.773047,39.744172
"Beech_Leaf_Disease",-71.703483,41.604214
"Beech_Leaf_Disease",-73.875703,40.866392
"Beech_Leaf_Disease",-83.247658,42.351395
"Beech_Leaf_Disease",-71.334747,42.343184
"Beech_Leaf_Disease",-81.173865,41.034295
"Beech_Leaf_Disease",-73.866113,41.461077
"Beech_Leaf_Disease",-71.19743,41.627033
"Beech_Leaf_Disease",-71.435325,41.95995
"Beech_Leaf_Disease",-81.415181,41.41452
"Beech_Leaf_Disease",-71.405158,42.003486
"Beech_Leaf_Disease",-70.97601,41.681628
"Beech_Leaf_Disease",-71.34217,42.346462
"Beech_Leaf_Disease",-81.48747,41.083419
"Beech_Leaf_Disease",-71.341042,42.346633
"Beech_Leaf_Disease",-71.083242,42.452114
"Beech_Leaf_Disease",-71.344326,42.34748
"Beech_Leaf_Disease",-71.337751,42.345964
"Beech_Leaf_Disease",-79.277637,41.824105
"Beech_Leaf_Disease",-71.339224,42.346988
"Beech_Leaf_Disease",-71.344162,42.34737
"Beech_Leaf_Disease",-71.340529,42.346733
"Beech_Leaf_Disease",-81.857523,42.259747
"Beech_Leaf_Disease",-75.796447,40.20931
"Beech_Leaf_Disease",-79.659915,42.217707
"Beech_Leaf_Disease",-80.364299,42.7868
"Beech_Leaf_Disease",-73.875723,40.866195
"Beech_Leaf_Disease",-80.800125,41.757538
"Beech_Leaf_Disease",-70.830928,42.232225
"Beech_Leaf_Disease",-70.913292,42.639083
"Beech_Leaf_Disease",-68.677795,44.588108
"Beech_Leaf_Disease",-71.250885,42.45988
"Beech_Leaf_Disease",-73.793532,41.250412
"Beech_Leaf_Disease",-79.037321,40.588216
"Beech_Leaf_Disease",-74.226552,41.134384
"Beech_Leaf_Disease",-81.263017,41.121267
"Beech_Leaf_Disease",-81.680992,40.998567
"Beech_Leaf_Disease",-74.525688,40.860783
"Beech_Leaf_Disease",-70.701349,42.579339
"Beech_Leaf_Disease",-81.363491,42.673638
"Beech_Leaf_Disease",-74.525658,40.860012
"Beech_Leaf_Disease",-74.568192,40.831797
"Beech_Leaf_Disease",-81.6753,41.248325
"Beech_Leaf_Disease",-71.749202,41.601498
"Beech_Leaf_Disease",-80.572489,41.875994
"Beech_Leaf_Disease",-68.629892,44.527358
"Beech_Leaf_Disease",-74.524965,40.861686
"Beech_Leaf_Disease",-74.567283,40.833613
"Beech_Leaf_Disease",-71.367287,42.352417
"Beech_Leaf_Disease",-81.364504,41.635659
"Beech_Leaf_Disease",-81.788139,41.297947
"Beech_Leaf_Disease",-73.901069,41.051186
"Beech_Leaf_Disease",-81.70243,41.219547
"Beech_Leaf_Disease",-72.265341,41.416464
"Beech_Leaf_Disease",-74.613258,40.805325
"Beech_Leaf_Disease",-81.415147,41.415355
"Beech_Leaf_Disease",-74.683083,40.805162
"Beech_Leaf_Disease",-70.828206,42.232914
"Beech_Leaf_Disease",-74.615058,40.806483
"Beech_Leaf_Disease",-73.944426,40.924839
"Beech_Leaf_Disease",-74.453262,40.767303
"Beech_Leaf_Disease",-77.358646,38.435878
"Beech_Leaf_Disease",-81.416142,41.246587
"Beech_Leaf_Disease",-79.724708,42.215813
"Beech_Leaf_Disease",-69.087011,44.252656
"Beech_Leaf_Disease",-80.364543,42.787074
"Beech_Leaf_Disease",-81.427956,41.561352
"Beech_Leaf_Disease",-81.419639,41.56399
"Beech_Leaf_Disease",-80.470278,42.661944
"Beech_Leaf_Disease",-80.806535,42.67226
"Beech_Leaf_Disease",-70.920581,42.631543
"Beech_Leaf_Disease",-72.373138,41.340783
"Beech_Leaf_Disease",-71.511336,41.452918
"Beech_Leaf_Disease",-73.700208,41.054411
"Beech_Leaf_Disease",-71.67943,41.560653
"Beech_Leaf_Disease",-77.39657,38.579353
"Beech_Leaf_Disease",-72.004568,41.432492
"Beech_Leaf_Disease",-71.109676,41.554919
"Beech_Leaf_Disease",-81.436243,41.563947
"Beech_Leaf_Disease",-77.746264,44.052917
"Beech_Leaf_Disease",-81.954095,41.414913
"Beech_Leaf_Disease",-78.97484,41.746408
"Beech_Leaf_Disease",-75.095008,40.746253
"Beech_Leaf_Disease",-74.559662,40.840333
"Beech_Leaf_Disease",-79.27989,41.826371
"Beech_Leaf_Disease",-76.130533,40.527001
"Beech_Leaf_Disease",-74.5476,40.786358
"Beech_Leaf_Disease",-69.005281,44.399628
"Beech_Leaf_Disease",-74.560137,40.840145
"Beech_Leaf_Disease",-71.917755,42.055
"Beech_Leaf_Disease",-74.542862,40.781425
"Beech_Leaf_Disease",-74.559783,40.840288
"Beech_Leaf_Disease",-81.848862,42.279113
"Beech_Leaf_Disease",-81.2632,41.11982
"Beech_Leaf_Disease",-74.54563,40.776475
"Beech_Leaf_Disease",-74.543312,40.778392
"Beech_Leaf_Disease",-81.612605,41.50779
"Beech_Leaf_Disease",-74.545662,40.781995
"Beech_Leaf_Disease",-78.790976,43.007786
"Beech_Leaf_Disease",-74.549088,40.783853
"Beech_Leaf_Disease",-78.7086,42.207688
"Beech_Leaf_Disease",-74.547845,40.78633
"Beech_Leaf_Disease",-80.093277,41.140256
"Beech_Leaf_Disease",-74.547012,40.7786
"Beech_Leaf_Disease",-74.549203,40.783828
"Beech_Leaf_Disease",-74.546822,40.777122
"Beech_Leaf_Disease",-71.989654,41.413968
"Beech_Leaf_Disease",-74.5475,40.784942
"Beech_Leaf_Disease",-74.54473,40.776755
"Beech_Leaf_Disease",-74.542678,40.779758
"Beech_Leaf_Disease",-71.109725,41.809697
"Beech_Leaf_Disease",-72.020172,41.399067
"Beech_Leaf_Disease",-74.543075,40.78175
"Beech_Leaf_Disease",-74.544845,40.783028
"Beech_Leaf_Disease",-74.547837,40.784653
"Beech_Leaf_Disease",-73.600044,41.072157
"Beech_Leaf_Disease",-74.548303,40.785988
"Beech_Leaf_Disease",-74.54622,40.784878
"Beech_Leaf_Disease",-72.196884,41.335608
"Beech_Leaf_Disease",-74.548845,40.783955
"Beech_Leaf_Disease",-74.549217,40.785255
"Beech_Leaf_Disease",-71.925364,41.383657
"Beech_Leaf_Disease",-71.116872,42.218992
"Beech_Leaf_Disease",-73.950512,40.974529
"Beech_Leaf_Disease",-73.950508,40.974596
"Beech_Leaf_Disease",-77.728861,42.057242
"Beech_Leaf_Disease",-70.614563,41.84892
"Beech_Leaf_Disease",-74.728783,40.74982
"Beech_Leaf_Disease",-78.785366,42.088344
"Beech_Leaf_Disease",-80.104902,42.90031
"Beech_Leaf_Disease",-80.903679,43.043551
"Beech_Leaf_Disease",-74.730233,40.750153
"Beech_Leaf_Disease",-81.413221,41.216023
"Beech_Leaf_Disease",-70.603058,41.856108
"Beech_Leaf_Disease",-73.709213,41.441108
"Beech_Leaf_Disease",-74.720863,40.77802
"Beech_Leaf_Disease",-74.455369,40.722703
"Beech_Leaf_Disease",-73.872155,41.204426
"Beech_Leaf_Disease",-74.5336,40.786872
"Beech_Leaf_Disease",-79.372405,43.104749
"Beech_Leaf_Disease",-78.629142,41.525303
"Beech_Leaf_Disease",-74.221458,40.517398
"Beech_Leaf_Disease",-74.680947,40.772113
"Beech_Leaf_Disease",-74.772042,40.792805
"Beech_Leaf_Disease",-69.056053,44.233108
"Beech_Leaf_Disease",-73.516341,40.667817
"Beech_Leaf_Disease",-79.699317,41.081436
"Beech_Leaf_Disease",-79.160182,41.62459
"Beech_Leaf_Disease",-71.588148,41.446343
"Beech_Leaf_Disease",-81.156209,41.589361
"Beech_Leaf_Disease",-71.694955,41.591242
"Beech_Leaf_Disease",-74.285244,40.752951
"Beech_Leaf_Disease",-72.32058,41.05722
"Beech_Leaf_Disease",-72.476713,41.28628
"Beech_Leaf_Disease",-71.692179,41.476083
"Beech_Leaf_Disease",-71.446939,41.504844
"Beech_Leaf_Disease",-82.061164,41.118286
"Beech_Leaf_Disease",-71.446939,41.504822
"Beech_Leaf_Disease",-71.241936,42.480181
"Beech_Leaf_Disease",-81.746779,41.072713
"Beech_Leaf_Disease",-73.642603,41.596325
"Beech_Leaf_Disease",-81.401925,41.248692
"Beech_Leaf_Disease",-81.682908,41.060467
"Beech_Leaf_Disease",-71.525505,41.49145
"Beech_Leaf_Disease",-75.263179,41.230411
"Beech_Leaf_Disease",-79.053091,42.104142
"Beech_Leaf_Disease",-71.087606,42.460475
"Beech_Leaf_Disease",-80.087499,42.987382
"Beech_Leaf_Disease",-73.171188,41.53402
"Beech_Leaf_Disease",-73.655962,41.446987
"Beech_Leaf_Disease",-73.551344,41.226513
"Beech_Leaf_Disease",-74.688364,40.763103
"Beech_Leaf_Disease",-71.522137,41.496968
"Beech_Leaf_Disease",-71.446953,41.504861
"Beech_Leaf_Disease",-82.056899,41.119079
"Beech_Leaf_Disease",-71.48313,41.635606
"Beech_Leaf_Disease",-74.226932,40.541747
"Beech_Leaf_Disease",-71.507421,41.631062
"Beech_Leaf_Disease",-72.078693,41.3482
"Beech_Leaf_Disease",-80.240067,40.931472
"Beech_Leaf_Disease",-81.690165,41.088075
"Beech_Leaf_Disease",-71.754117,41.506338
"Beech_Leaf_Disease",-81.636275,41.263028
"Beech_Leaf_Disease",-81.69299,41.196793
"Beech_Leaf_Disease",-73.780801,41.194748
"Beech_Leaf_Disease",-81.539292,40.975447
"Beech_Leaf_Disease",-80.89447,41.641422
"Beech_Leaf_Disease",-70.768777,42.593579
"Beech_Leaf_Disease",-71.753734,41.503161
"Beech_Leaf_Disease",-70.641566,42.666955
"Beech_Leaf_Disease",-71.678331,41.381168
"Beech_Leaf_Disease",-71.696595,41.582638
"Beech_Leaf_Disease",-72.426137,40.920044
"Beech_Leaf_Disease",-73.17118,41.534022
"Beech_Leaf_Disease",-71.567384,41.591902
"Beech_Leaf_Disease",-81.81675,41.477587
"Beech_Leaf_Disease",-70.024066,41.392268
"Beech_Leaf_Disease",-81.690135,41.091476
"Beech_Leaf_Disease",-71.524216,41.459437
"Beech_Leaf_Disease",-80.264167,40.579722
"Beech_Leaf_Disease",-73.701228,40.953817
"Beech_Leaf_Disease",-81.806919,41.221916
"Beech_Leaf_Disease",-74.891099,41.175638
"Beech_Leaf_Disease",-71.585144,41.464888
"Beech_Leaf_Disease",-70.197071,42.069463
"Beech_Leaf_Disease",-75.13295,40.627644
"Beech_Leaf_Disease",-71.601452,41.575155
"Beech_Leaf_Disease",-71.758391,41.505412
"Beech_Leaf_Disease",-79.463333,42.204444
"Beech_Leaf_Disease",-73.909781,41.444212
"Beech_Leaf_Disease",-79.346756,43.125533
"Beech_Leaf_Disease",-81.854422,41.042784
"Beech_Leaf_Disease",-71.521326,41.494944
"Beech_Leaf_Disease",-73.942043,41.539823
"Beech_Leaf_Disease",-81.416367,41.581887
"Beech_Leaf_Disease",-82.006312,41.121585
"Beech_Leaf_Disease",-71.586888,41.450202
"Beech_Leaf_Disease",-74.568663,40.831845
"Beech_Leaf_Disease",-78.898412,40.374932
"Beech_Leaf_Disease",-71.724902,41.645305
"Beech_Leaf_Disease",-79.466944,42.211389
"Beech_Leaf_Disease",-79.487519,42.073406
"Beech_Leaf_Disease",-74.32766,41.06091
"Beech_Leaf_Disease",-74.720147,40.855797
"Beech_Leaf_Disease",-81.853746,42.279177
"Beech_Leaf_Disease",-71.506927,41.628694
"Beech_Leaf_Disease",-81.692609,41.267868
"Beech_Leaf_Disease",-71.579851,41.468065
"Beech_Leaf_Disease",-81.416453,41.581807
"Beech_Leaf_Disease",-74.289652,40.753406
"Beech_Leaf_Disease",-69.160334,44.234535
"Beech_Leaf_Disease",-71.587523,41.456872
"Beech_Leaf_Disease",-71.086944,42.46088
"Beech_Leaf_Disease",-79.478611,41.543611
"Beech_Leaf_Disease",-71.671605,41.432876
"Beech_Leaf_Disease",-73.875819,40.866325
"Beech_Leaf_Disease",-81.642378,41.164095
"Beech_Leaf_Disease",-71.483209,41.620753
"Beech_Leaf_Disease",-74.679855,40.77062
"Beech_Leaf_Disease",-81.930334,41.060715
"Beech_Leaf_Disease",-71.506852,41.628597
"Beech_Leaf_Disease",-73.915362,41.03078
"Beech_Leaf_Disease",-81.833022,41.150463
"Beech_Leaf_Disease",-76.567319,41.136372
"Beech_Leaf_Disease",-74.530037,40.76213
"Beech_Leaf_Disease",-81.320503,43.024545
"Beech_Leaf_Disease",-73.827294,41.208706
"Beech_Leaf_Disease",-74.546328,40.833195
"Beech_Leaf_Disease",-81.664322,41.249753
"Beech_Leaf_Disease",-81.793258,41.067489
"Beech_Leaf_Disease",-73.686813,41.46865
"Beech_Leaf_Disease",-73.913223,41.028966
"Beech_Leaf_Disease",-73.944167,40.92451
"Beech_Leaf_Disease",-80.921263,41.372275
"Beech_Leaf_Disease",-71.829515,41.548746
"Beech_Leaf_Disease",-71.812606,41.588445
"Beech_Leaf_Disease",-81.327208,41.732553
"Beech_Leaf_Disease",-71.427597,42.342583
"Beech_Leaf_Disease",-71.149345,42.073765
"Beech_Leaf_Disease",-71.372253,42.318932
"Beech_Leaf_Disease",-73.951547,40.979733
"Beech_Leaf_Disease",-70.708346,41.98591
"Beech_Leaf_Disease",-73.945221,41.086595
"Beech_Leaf_Disease",-69.11348,44.229958
"Beech_Leaf_Disease",-70.759945,41.958653
"Beech_Leaf_Disease",-74.127508,41.006133
"Beech_Leaf_Disease",-72.584776,41.36874
"Beech_Leaf_Disease",-75.719324,41.040536
"Beech_Leaf_Disease",-73.952226,40.974818
"Beech_Leaf_Disease",-73.765822,41.441667
"Beech_Leaf_Disease",-73.944571,40.924316
"Beech_Leaf_Disease",-75.061488,41.02434
"Beech_Leaf_Disease",-72.03683,41.386039
"Beech_Leaf_Disease",-81.704716,41.075865
"Beech_Leaf_Disease",-70.902979,41.823741
"Beech_Leaf_Disease",-73.699028,40.81635
"Beech_Leaf_Disease",-71.507705,41.45452
"Beech_Leaf_Disease",-71.9281,41.387833
"Beech_Leaf_Disease",-72.017643,41.382593
"Beech_Leaf_Disease",-73.843484,41.440451
"Beech_Leaf_Disease",-69.079339,44.339317
"Beech_Leaf_Disease",-80.719192,41.017386
"Beech_Leaf_Disease",-78.87442,41.69412
"Beech_Leaf_Disease",-73.939943,41.064428
"Beech_Leaf_Disease",-71.446786,41.505025
"Beech_Leaf_Disease",-73.942881,40.925515
"Beech_Leaf_Disease",-81.568757,41.253695
"Beech_Leaf_Disease",-81.121847,41.310633
"Beech_Leaf_Disease",-70.645473,41.880373
"Beech_Leaf_Disease",-71.879339,42.287386
"Beech_Leaf_Disease",-71.260834,41.556234
"Beech_Leaf_Disease",-84.360833,41.550908
"Beech_Leaf_Disease",-70.788019,42.154059
"Beech_Leaf_Disease",-69.080856,44.242825
"Beech_Leaf_Disease",-73.84348,41.440804
"Beech_Leaf_Disease",-71.708266,41.905546
"Beech_Leaf_Disease",-82.108969,41.373653
"Beech_Leaf_Disease",-81.815194,41.235394
"Beech_Leaf_Disease",-73.843524,41.440705
"Beech_Leaf_Disease",-69.029061,44.346592
"Beech_Leaf_Disease",-81.875319,41.109815
"Beech_Leaf_Disease",-74.385547,40.953214
"Beech_Leaf_Disease",-73.966489,40.872587
"Beech_Leaf_Disease",-71.991741,41.339264
"Beech_Leaf_Disease",-71.248581,42.459901
"Beech_Leaf_Disease",-75.954124,40.274767
"Beech_Leaf_Disease",-72.738136,41.353161
"Beech_Leaf_Disease",-81.315217,41.307962
"Beech_Leaf_Disease",-71.673422,41.43281
"Beech_Leaf_Disease",-73.84323,41.440731
"Beech_Leaf_Disease",-78.001252,42.458925
"Beech_Leaf_Disease",-71.991326,41.360772
"Beech_Leaf_Disease",-71.567416,41.591858
"Beech_Leaf_Disease",-71.565785,41.630696
"Beech_Leaf_Disease",-74.536527,40.768541
"Beech_Leaf_Disease",-73.843655,41.440848
"Beech_Leaf_Disease",-71.635682,41.55793
"Beech_Leaf_Disease",-81.800592,41.204657
"Beech_Leaf_Disease",-73.943225,40.925342
"Beech_Leaf_Disease",-71.50656,41.628653
"Beech_Leaf_Disease",-81.847686,41.263891
"Beech_Leaf_Disease",-69.132033,44.264795
"Beech_Leaf_Disease",-76.451914,42.477527
"Beech_Leaf_Disease",-72.833269,41.315452
"Beech_Leaf_Disease",-79.576825,42.252094
"Beech_Leaf_Disease",-75.015919,41.064582
"Beech_Leaf_Disease",-73.783058,41.436638
"Beech_Leaf_Disease",-70.728184,41.970215
"Beech_Leaf_Disease",-73.942025,40.925003
"Beech_Leaf_Disease",-73.967721,40.872671
"Beech_Leaf_Disease",-75.417989,41.256728
"Beech_Leaf_Disease",-73.943252,40.925643
"Beech_Leaf_Disease",-81.780191,41.142911
"Beech_Leaf_Disease",-71.087264,42.460639
"Beech_Leaf_Disease",-73.914559,41.030081
"Beech_Leaf_Disease",-81.546251,41.127345
"Beech_Leaf_Disease",-81.408188,41.589488
"Beech_Leaf_Disease",-73.91434,41.030119
"Beech_Leaf_Disease",-74.525872,40.859333
"Beech_Leaf_Disease",-71.087189,42.460606
"Beech_Leaf_Disease",-72.102435,41.388476
"Beech_Leaf_Disease",-69.152772,44.158931
"Beech_Leaf_Disease",-71.525699,41.493042
"Beech_Leaf_Disease",-71.087786,42.460431
"Beech_Leaf_Disease",-71.083533,42.451028
"Beech_Leaf_Disease",-74.127865,41.006385
"Beech_Leaf_Disease",-71.086983,42.460603
"Beech_Leaf_Disease",-71.505699,41.629618
"Beech_Leaf_Disease",-71.565819,41.633441
"Beech_Leaf_Disease",-71.261749,41.557177
"Beech_Leaf_Disease",-71.508035,41.454489
"Beech_Leaf_Disease",-80.768864,42.782013
"Beech_Leaf_Disease",-76.452244,42.477226
"Beech_Leaf_Disease",-70.603287,41.856093
"Beech_Leaf_Disease",-81.180041,42.969174
"Beech_Leaf_Disease",-80.359318,42.712273
"Beech_Leaf_Disease",-68.689292,44.594756
"Beech_Leaf_Disease",-71.722017,41.755433
"Beech_Leaf_Disease",-75.234572,41.317933
"Beech_Leaf_Disease",-76.368513,42.451255
"Beech_Leaf_Disease",-80.479927,42.664588
"Beech_Leaf_Disease",-74.712055,40.763901
"Beech_Leaf_Disease",-81.33918,41.061445
"Beech_Leaf_Disease",-75.375045,41.213062
"Beech_Leaf_Disease",-81.060944,41.288975
"Beech_Leaf_Disease",-76.365172,42.450297
"Beech_Leaf_Disease",-71.222473,42.467901
"Beech_Leaf_Disease",-79.430092,42.350125
"Beech_Leaf_Disease",-81.744365,40.887796
"Beech_Leaf_Disease",-73.422583,40.816383
"Beech_Leaf_Disease",-81.745252,40.885988
"Beech_Leaf_Disease",-71.660351,41.557842
"Beech_Leaf_Disease",-73.568018,40.854508
"Beech_Leaf_Disease",-81.579076,41.286592
"Beech_Leaf_Disease",-73.089347,40.94963
"Beech_Leaf_Disease",-72.456183,41.0638
"Beech_Leaf_Disease",-74.751105,41.23153
"Beech_Leaf_Disease",-81.561709,41.326236
"Beech_Leaf_Disease",-73.431038,41.184963
"Beech_Leaf_Disease",-73.572185,41.237469
"Beech_Leaf_Disease",-81.74447,40.886805
"Beech_Leaf_Disease",-73.523225,41.262912
"Beech_Leaf_Disease",-73.823738,41.1104
"Beech_Leaf_Disease",-81.589365,41.173849
"Beech_Leaf_Disease",-81.406121,41.232251
"Beech_Leaf_Disease",-81.35951,41.595495
"Beech_Leaf_Disease",-81.415947,41.216222
"Beech_Leaf_Disease",-74.300574,40.19706
"Beech_Leaf_Disease",-73.572184,41.237469
"Beech_Leaf_Disease",-71.47429,41.578686
"Beech_Leaf_Disease",-73.787167,41.256478
"Beech_Leaf_Disease",-76.451538,42.477662
"Beech_Leaf_Disease",-81.744462,40.887072
"Beech_Leaf_Disease",-81.535947,41.262945
"Beech_Leaf_Disease",-71.761322,41.440453
"Beech_Leaf_Disease",-73.331342,40.914931
"Beech_Leaf_Disease",-82.432634,41.019651
"Beech_Leaf_Disease",-79.990373,42.120392
"Beech_Leaf_Disease",-80.005775,40.623401
"Beech_Leaf_Disease",-81.725199,41.216138
"Beech_Leaf_Disease",-80.566066,41.907295
"Beech_Leaf_Disease",-81.412623,41.215655
"Beech_Leaf_Disease",-73.875225,40.865098
"Beech_Leaf_Disease",-73.875757,40.866286
"Beech_Leaf_Disease",-73.778722,40.9574
"Beech_Leaf_Disease",-81.813366,41.210723
"Beech_Leaf_Disease",-73.312843,40.914925
"Beech_Leaf_Disease",-73.9506,40.974558
"Beech_Leaf_Disease",-81.51023,41.225342
"Beech_Leaf_Disease",-77.745329,44.053101
"Beech_Leaf_Disease",-73.911481,41.016687
"Beech_Leaf_Disease",-81.426095,41.577258
"Beech_Leaf_Disease",-73.955264,40.974186
"Beech_Leaf_Disease",-73.909642,41.0166
"Beech_Leaf_Disease",-73.911861,41.016343
"Beech_Leaf_Disease",-81.364005,41.211258
"Beech_Leaf_Disease",-76.365239,42.450756
"Beech_Leaf_Disease",-73.33991,40.7342
"Beech_Leaf_Disease",-73.801217,40.949435
"Beech_Leaf_Disease",-73.617118,41.205664
"Beech_Leaf_Disease",-73.531488,41.234565
"Beech_Leaf_Disease",-73.572119,41.237429
"Beech_Leaf_Disease",-79.338129,42.454476
"Beech_Leaf_Disease",-73.825155,41.098301
"Beech_Leaf_Disease",-73.586016,41.239587
"Beech_Leaf_Disease",-73.558802,40.880012
"Beech_Leaf_Disease",-73.55,41.13
"Beech_Leaf_Disease",-73.55,41.13
"Beech_Leaf_Disease",-73.59,41.09
"Beech_Leaf_Disease",-81.090667,40.823292
"Beech_Leaf_Disease",-73.729621,40.783543
"Beech_Leaf_Disease",-73.813471,40.982729
"Beech_Leaf_Disease",-73.952626,40.974937
"Beech_Leaf_Disease",-73.621802,41.275993
"Beech_Leaf_Disease",-73.875808,40.866242
"Beech_Leaf_Disease",-73.90958,41.016557
"Beech_Leaf_Disease",-73.77465,40.951306
"Beech_Leaf_Disease",-71.695709,41.545094
"Beech_Leaf_Disease",-73.875451,40.866186
"Beech_Leaf_Disease",-80.317523,41.282852
"Beech_Leaf_Disease",-81.970938,42.241607
"Beech_Leaf_Disease",-73.312189,40.916348
"Beech_Leaf_Disease",-73.552558,41.203958
"Beech_Leaf_Disease",-73.781158,41.16863
"Beech_Leaf_Disease",-81.325501,41.662119
"Beech_Leaf_Disease",-81.180214,41.715013
"Beech_Leaf_Disease",-73.837372,41.213172
"Beech_Leaf_Disease",-73.552009,41.134355
"Beech_Leaf_Disease",-73.55219,41.204204
"Beech_Leaf_Disease",-73.332384,40.914876
"Beech_Leaf_Disease",-73.313414,40.915117
"Beech_Leaf_Disease",-73.313337,40.914486
"Beech_Leaf_Disease",-73.794711,41.156505
"Beech_Leaf_Disease",-73.861724,40.997462
"Beech_Leaf_Disease",-70.784323,42.004742
"Beech_Leaf_Disease",-81.422504,41.35529
"Beech_Leaf_Disease",-81.535995,41.2537
"Beech_Leaf_Disease",-71.426583,42.341963
"Beech_Leaf_Disease",-81.899598,41.37679
"Beech_Leaf_Disease",-73.76562,41.471272
"Beech_Leaf_Disease",-81.422538,41.423432
"Beech_Leaf_Disease",-81.562085,41.325983
"Beech_Leaf_Disease",-73.761922,41.470272
"Beech_Leaf_Disease",-81.876563,42.476818
"Beech_Leaf_Disease",-73.690987,41.182205
"Beech_Leaf_Disease",-73.592545,41.269037
"Beech_Leaf_Disease",-73.566661,40.880337
"Beech_Leaf_Disease",-73.801955,40.98175
"Beech_Leaf_Disease",-76.469895,42.450058
"Beech_Leaf_Disease",-73.557088,41.172768
"Beech_Leaf_Disease",-73.546405,41.126308
"Beech_Leaf_Disease",-73.294856,41.201658
"Beech_Leaf_Disease",-73.626846,41.304398
"Beech_Leaf_Disease",-81.09618,40.821705
"Beech_Leaf_Disease",-73.546226,41.1263
"Beech_Leaf_Disease",-73.462971,41.123146
"Beech_Leaf_Disease",-73.821399,41.20765
"Beech_Leaf_Disease",-70.783385,42.004833
"Beech_Leaf_Disease",-73.785231,41.226198
"Beech_Leaf_Disease",-81.857181,42.273339
"Beech_Leaf_Disease",-79.081052,41.577269
"Beech_Leaf_Disease",-80.118141,40.838249
"Beech_Leaf_Disease",-73.609605,41.29602
"Beech_Leaf_Disease",-73.312173,40.91627
"Beech_Leaf_Disease",-73.149334,40.912299
"Beech_Leaf_Disease",-73.313051,40.914534
"Beech_Leaf_Disease",-73.566211,40.879263
"Beech_Leaf_Disease",-80.005453,40.622972
"Beech_Leaf_Disease",-80.343493,40.762552
"Beech_Leaf_Disease",-73.838342,40.886913
"Beech_Leaf_Disease",-73.552779,41.204267
"Beech_Leaf_Disease",-73.33063,40.917575
"Beech_Leaf_Disease",-80.724839,41.277582
"Beech_Leaf_Disease",-73.846765,41.110759
"Beech_Leaf_Disease",-73.848025,41.114032
"Beech_Leaf_Disease",-73.59493,41.32479
"Beech_Leaf_Disease",-81.414567,41.62145
"Beech_Leaf_Disease",-72.73883,41.369535
"Beech_Leaf_Disease",-81.115997,41.688005
"Beech_Leaf_Disease",-81.466003,41.076804
"Beech_Leaf_Disease",-73.574643,41.257169
"Beech_Leaf_Disease",-81.307086,41.458344
"Beech_Leaf_Disease",-80.647407,41.93131
"Beech_Leaf_Disease",-81.836753,41.348492
"Beech_Leaf_Disease",-73.692658,41.188592
"Beech_Leaf_Disease",-73.846725,41.111826
"Beech_Leaf_Disease",-73.833005,41.080184
"Beech_Leaf_Disease",-73.621983,41.276784
"Beech_Leaf_Disease",-73.687912,41.178013
"Beech_Leaf_Disease",-73.690987,41.182205
"Beech_Leaf_Disease",-73.69687,41.182738
"Beech_Leaf_Disease",-82.316812,40.615465
"Beech_Leaf_Disease",-82.316359,40.614674
"Beech_Leaf_Disease",-81.720952,41.248589
"Beech_Leaf_Disease",-81.792309,41.240446
"Beech_Leaf_Disease",-81.755618,41.382512
"Beech_Leaf_Disease",-81.701461,41.224819
"Beech_Leaf_Disease",-81.427615,41.561162
"Beech_Leaf_Disease",-80.494817,41.639557
"Beech_Leaf_Disease",-81.252178,41.618907
"Beech_Leaf_Disease",-81.371733,41.477611
"Beech_Leaf_Disease",-81.41217,41.32971
"Beech_Leaf_Disease",-81.295942,41.354702
"Beech_Leaf_Disease",-81.761834,41.374346
"Beech_Leaf_Disease",-81.564741,41.243355
"Beech_Leaf_Disease",-81.541602,41.212438
"Beech_Leaf_Disease",-79.926851,42.124204
"Beech_Leaf_Disease",-81.84718,42.279877
"Beech_Leaf_Disease",-79.428816,42.342987
"Beech_Leaf_Disease",-81.861972,42.260037
"Beech_Leaf_Disease",-81.353022,41.065748
"Beech_Leaf_Disease",-73.222145,40.827083
"Beech_Leaf_Disease",-73.221118,40.826367
"Beech_Leaf_Disease",-73.331417,40.91516
"Beech_Leaf_Disease",-81.362654,41.211261
"Beech_Leaf_Disease",-80.684742,41.067308
"Beech_Leaf_Disease",-81.936736,42.319342
"Beech_Leaf_Disease",-81.523,41.048217
"Beech_Leaf_Disease",-81.270046,41.288402
"Beech_Leaf_Disease",-81.544288,41.244729
"Beech_Leaf_Disease",-71.744919,41.440833
"Beech_Leaf_Disease",-81.69435,41.272792
"Beech_Leaf_Disease",-81.43386,41.129191
"Beech_Leaf_Disease",-81.557458,41.20334
"Beech_Leaf_Disease",-81.042511,41.28408
"Beech_Leaf_Disease",-81.561287,41.225311
"Beech_Leaf_Disease",-81.81316,41.210905
"Beech_Leaf_Disease",-73.914958,41.030129
"Beech_Leaf_Disease",-73.809741,41.021819
"Beech_Leaf_Disease",-73.845624,41.272979
"Beech_Leaf_Disease",-73.776469,41.191999
"Beech_Leaf_Disease",-81.851679,42.30267
"Beech_Leaf_Disease",-81.577493,41.539424
"Beech_Leaf_Disease",-81.56897,41.312987
"Beech_Leaf_Disease",-81.553341,41.29474
"Beech_Leaf_Disease",-81.21428,41.198145
"Beech_Leaf_Disease",-80.5828,41.694342
"Beech_Leaf_Disease",-81.406696,41.329371
"Beech_Leaf_Disease",-81.257744,41.503589
"Beech_Leaf_Disease",-81.52455,41.076413
"Beech_Leaf_Disease",-81.235498,41.457867
"Beech_Leaf_Disease",-81.658792,41.215918
"Beech_Leaf_Disease",-81.285231,41.375775
"Beech_Leaf_Disease",-81.2002,41.373655
"Beech_Leaf_Disease",-81.513237,41.161185
"Beech_Leaf_Disease",-81.491075,41.324748
"Beech_Leaf_Disease",-81.015548,41.084252
"Beech_Leaf_Disease",-81.001682,41.130411
"Beech_Leaf_Disease",-81.443955,41.260117
"Beech_Leaf_Disease",-81.276642,41.27885
"Beech_Leaf_Disease",-81.369875,41.335227
"Beech_Leaf_Disease",-81.490196,41.103059
