"species","dd long","dd lat"
"Brown_Spruce_Longhorn_Beetle",17.24868,59.70968
"Brown_Spruce_Longhorn_Beetle",17.53122,62.4918
"Brown_Spruce_Longhorn_Beetle",17.18614,59.84882
"Brown_Spruce_Longhorn_Beetle",16.35427,59.12609
"Brown_Spruce_Longhorn_Beetle",15.96986,59.35126
"Brown_Spruce_Longhorn_Beetle",23.129,60.2238
"Brown_Spruce_Longhorn_Beetle",11.5925,47.586601
"Brown_Spruce_Longhorn_Beetle",4.735,50.696
"Brown_Spruce_Longhorn_Beetle",5.186,49.744
"Brown_Spruce_Longhorn_Beetle",6.007,50.446
"Brown_Spruce_Longhorn_Beetle",4.383,50.791
"Brown_Spruce_Longhorn_Beetle",12.232096,48.172396
"Brown_Spruce_Longhorn_Beetle",15.09686,56.50459
"Brown_Spruce_Longhorn_Beetle",23.478459,54.901038
"Brown_Spruce_Longhorn_Beetle",23.478442,54.901089
"Brown_Spruce_Longhorn_Beetle",23.478589,54.901154
"Brown_Spruce_Longhorn_Beetle",9.51666,47.17969
"Brown_Spruce_Longhorn_Beetle",9.70304,46.90621
"Brown_Spruce_Longhorn_Beetle",8.40184,47.55422
"Brown_Spruce_Longhorn_Beetle",7.40561,47.24341
"Brown_Spruce_Longhorn_Beetle",7.14094,47.33298
"Brown_Spruce_Longhorn_Beetle",7.40564,47.19844
"Brown_Spruce_Longhorn_Beetle",7.40564,47.19844
"Brown_Spruce_Longhorn_Beetle",7.40561,47.24341
"Brown_Spruce_Longhorn_Beetle",7.40564,47.19844
"Brown_Spruce_Longhorn_Beetle",8.46826,47.55364
"Brown_Spruce_Longhorn_Beetle",7.14094,47.33298
"Brown_Spruce_Longhorn_Beetle",7.40564,47.19844
"Brown_Spruce_Longhorn_Beetle",6.23524,46.42745
"Brown_Spruce_Longhorn_Beetle",8.40184,47.55422
"Brown_Spruce_Longhorn_Beetle",7.40561,47.24341
"Brown_Spruce_Longhorn_Beetle",7.40564,47.19844
"Brown_Spruce_Longhorn_Beetle",6.95,46.39
"Brown_Spruce_Longhorn_Beetle",6.89,46.48
"Brown_Spruce_Longhorn_Beetle",6.52,46.79
"Brown_Spruce_Longhorn_Beetle",6.89,46.48
"Brown_Spruce_Longhorn_Beetle",6.62,46.79
"Brown_Spruce_Longhorn_Beetle",8.338669,49.965943
"Brown_Spruce_Longhorn_Beetle",24.785648,60.358162
"Brown_Spruce_Longhorn_Beetle",24.785648,60.358162
"Brown_Spruce_Longhorn_Beetle",11.18602,60.148933
"Brown_Spruce_Longhorn_Beetle",16.046204,48.188685
"Brown_Spruce_Longhorn_Beetle",27.879139,60.715948
"Brown_Spruce_Longhorn_Beetle",27.655243,60.741139
"Brown_Spruce_Longhorn_Beetle",15.29682,58.07394
"Brown_Spruce_Longhorn_Beetle",22.219684,60.35235
"Brown_Spruce_Longhorn_Beetle",16.18608,58.71035
"Brown_Spruce_Longhorn_Beetle",14.52178,56.277245
"Brown_Spruce_Longhorn_Beetle",15.585445,58.28649
"Brown_Spruce_Longhorn_Beetle",12.72546,56.89761
"Brown_Spruce_Longhorn_Beetle",13.450365,58.492118
"Brown_Spruce_Longhorn_Beetle",18.030991,62.981296
"Brown_Spruce_Longhorn_Beetle",18.030991,62.981296
"Brown_Spruce_Longhorn_Beetle",18.031198,62.97868
"Brown_Spruce_Longhorn_Beetle",13.45307,58.48989
"Brown_Spruce_Longhorn_Beetle",-63.517576,44.603239
"Brown_Spruce_Longhorn_Beetle",-63.517576,44.603239
"Brown_Spruce_Longhorn_Beetle",20.37477,65.60621
"Brown_Spruce_Longhorn_Beetle",11.511491,50.486073
"Brown_Spruce_Longhorn_Beetle",10.230675,52.530006
"Brown_Spruce_Longhorn_Beetle",8.467061,49.782951
"Brown_Spruce_Longhorn_Beetle",8.146963,47.71265
"Brown_Spruce_Longhorn_Beetle",7.369401,49.75069
"Brown_Spruce_Longhorn_Beetle",9.748106,52.333778
"Brown_Spruce_Longhorn_Beetle",10.681645,53.612045
"Brown_Spruce_Longhorn_Beetle",10.267324,50.192123
"Brown_Spruce_Longhorn_Beetle",6.056814,51.789135
"Brown_Spruce_Longhorn_Beetle",10.230675,52.530006
"Brown_Spruce_Longhorn_Beetle",9.45837,48.95224
"Brown_Spruce_Longhorn_Beetle",9.653981,50.084732
"Brown_Spruce_Longhorn_Beetle",11.540267,49.223953
"Brown_Spruce_Longhorn_Beetle",8.766398,56.892379
"Brown_Spruce_Longhorn_Beetle",12.219372,48.175072
"Brown_Spruce_Longhorn_Beetle",15.19175,60.13299
"Brown_Spruce_Longhorn_Beetle",8.009461,47.534048
"Brown_Spruce_Longhorn_Beetle",8.787374,59.442331
"Brown_Spruce_Longhorn_Beetle",10.701405,59.95742
"Brown_Spruce_Longhorn_Beetle",-63.664314,44.687546
"Brown_Spruce_Longhorn_Beetle",-63.66426,44.687559
"Brown_Spruce_Longhorn_Beetle",15.617592,46.730353
"Brown_Spruce_Longhorn_Beetle",24.67,60.24
"Brown_Spruce_Longhorn_Beetle",31.490749,62.883491
"Brown_Spruce_Longhorn_Beetle",15.19013,61.00604
"Brown_Spruce_Longhorn_Beetle",17.84192,59.43907
"Brown_Spruce_Longhorn_Beetle",10.07,46.75
"Brown_Spruce_Longhorn_Beetle",15.78861,58.7452
"Brown_Spruce_Longhorn_Beetle",16.46634,58.40071
"Brown_Spruce_Longhorn_Beetle",15.79246,58.74604
"Brown_Spruce_Longhorn_Beetle",15.79246,58.74604
"Brown_Spruce_Longhorn_Beetle",15.78861,58.7452
"Brown_Spruce_Longhorn_Beetle",15.78869,58.74517
"Brown_Spruce_Longhorn_Beetle",16.22355,58.72933
"Brown_Spruce_Longhorn_Beetle",16.21111,58.22253
"Brown_Spruce_Longhorn_Beetle",16.22415,58.72926
"Brown_Spruce_Longhorn_Beetle",16.21115,58.22248
"Brown_Spruce_Longhorn_Beetle",16.21115,58.22248
"Brown_Spruce_Longhorn_Beetle",16.21111,58.22253
"Brown_Spruce_Longhorn_Beetle",16.46643,58.40069
"Brown_Spruce_Longhorn_Beetle",16.22415,58.72926
"Brown_Spruce_Longhorn_Beetle",9.33152,46.79598
"Brown_Spruce_Longhorn_Beetle",8.1136,46.82766
"Brown_Spruce_Longhorn_Beetle",7.53558,46.07398
"Brown_Spruce_Longhorn_Beetle",7.20784,47.16223
"Brown_Spruce_Longhorn_Beetle",7.60061,46.20884
"Brown_Spruce_Longhorn_Beetle",7.60061,46.20884
"Brown_Spruce_Longhorn_Beetle",9.18107,47.00532
"Brown_Spruce_Longhorn_Beetle",6.96462,46.3339
"Brown_Spruce_Longhorn_Beetle",7.86788,47.24262
"Brown_Spruce_Longhorn_Beetle",8.06705,47.33165
"Brown_Spruce_Longhorn_Beetle",8.40021,47.46428
"Brown_Spruce_Longhorn_Beetle",20.247638,49.177578
"Brown_Spruce_Longhorn_Beetle",20.27409,49.171208
"Brown_Spruce_Longhorn_Beetle",1.068813,51.08928
"Brown_Spruce_Longhorn_Beetle",0.45899,51.076462
"Brown_Spruce_Longhorn_Beetle",14.2872,50.9048
"Brown_Spruce_Longhorn_Beetle",14.242743,50.901491
"Brown_Spruce_Longhorn_Beetle",14.236977,50.896215
"Brown_Spruce_Longhorn_Beetle",14.11473,50.900812
"Brown_Spruce_Longhorn_Beetle",19.48009,63.94304
"Brown_Spruce_Longhorn_Beetle",11.018017,51.521236
"Brown_Spruce_Longhorn_Beetle",5.5,51.35
"Brown_Spruce_Longhorn_Beetle",24.17954,58.323455
"Brown_Spruce_Longhorn_Beetle",24.17935,58.32326
"Brown_Spruce_Longhorn_Beetle",22.416064,58.900636
"Brown_Spruce_Longhorn_Beetle",18.55795,59.70601
"Brown_Spruce_Longhorn_Beetle",10.900221,47.387592
"Brown_Spruce_Longhorn_Beetle",19.881111,49.253889
"Brown_Spruce_Longhorn_Beetle",21.37275,47.98973
"Brown_Spruce_Longhorn_Beetle",16.29285,46.9936
"Brown_Spruce_Longhorn_Beetle",20.39637,48.0927
"Brown_Spruce_Longhorn_Beetle",26.452988,55.958051
"Brown_Spruce_Longhorn_Beetle",24.863861,57.176697
"Brown_Spruce_Longhorn_Beetle",26.8805,57.062417
"Brown_Spruce_Longhorn_Beetle",26.866911,57.089471
"Brown_Spruce_Longhorn_Beetle",26.866911,57.089471
"Brown_Spruce_Longhorn_Beetle",11.255222,46.563171
"Brown_Spruce_Longhorn_Beetle",19.04493,59.71611
"Brown_Spruce_Longhorn_Beetle",13.88734,58.29512
"Brown_Spruce_Longhorn_Beetle",9.174225,55.554297
"Brown_Spruce_Longhorn_Beetle",53.168198,57.022057
"Brown_Spruce_Longhorn_Beetle",12.57,47.39
"Brown_Spruce_Longhorn_Beetle",12.57,47.39
"Brown_Spruce_Longhorn_Beetle",30.304641,64.166566
"Brown_Spruce_Longhorn_Beetle",29.020477,66.847929
"Brown_Spruce_Longhorn_Beetle",27.202592,60.5383
"Brown_Spruce_Longhorn_Beetle",27.534844,64.796441
"Brown_Spruce_Longhorn_Beetle",27.195483,60.544236
"Brown_Spruce_Longhorn_Beetle",29.778361,63.06326
"Brown_Spruce_Longhorn_Beetle",28.564098,68.118302
"Brown_Spruce_Longhorn_Beetle",28.569944,60.976061
"Brown_Spruce_Longhorn_Beetle",29.045824,63.905898
"Brown_Spruce_Longhorn_Beetle",25.142517,66.308282
"Brown_Spruce_Longhorn_Beetle",29.296475,64.990722
"Brown_Spruce_Longhorn_Beetle",29.296475,64.990722
"Brown_Spruce_Longhorn_Beetle",29.296475,64.990722
"Brown_Spruce_Longhorn_Beetle",29.296475,64.990722
"Brown_Spruce_Longhorn_Beetle",29.302283,64.99364
"Brown_Spruce_Longhorn_Beetle",30.321556,63.938581
"Brown_Spruce_Longhorn_Beetle",22.35632,59.978363
"Brown_Spruce_Longhorn_Beetle",23.790476,60.237685
"Brown_Spruce_Longhorn_Beetle",23.792795,60.238181
"Brown_Spruce_Longhorn_Beetle",24.756745,68.30448
"Brown_Spruce_Longhorn_Beetle",24.76234,68.302078
"Brown_Spruce_Longhorn_Beetle",23.46733,61.908312
"Brown_Spruce_Longhorn_Beetle",25.114793,66.265589
"Brown_Spruce_Longhorn_Beetle",29.618286,64.874929
"Brown_Spruce_Longhorn_Beetle",28.063808,68.072103
"Brown_Spruce_Longhorn_Beetle",27.201303,60.542046
"Brown_Spruce_Longhorn_Beetle",27.201303,60.542046
"Brown_Spruce_Longhorn_Beetle",27.195483,60.544236
"Brown_Spruce_Longhorn_Beetle",29.778361,63.06326
"Brown_Spruce_Longhorn_Beetle",21.952016,60.245904
"Brown_Spruce_Longhorn_Beetle",21.952016,60.245904
"Brown_Spruce_Longhorn_Beetle",28.583444,68.12089
"Brown_Spruce_Longhorn_Beetle",28.68829,61.090382
"Brown_Spruce_Longhorn_Beetle",26.942876,60.768961
"Brown_Spruce_Longhorn_Beetle",25.14224,66.306296
"Brown_Spruce_Longhorn_Beetle",21.228402,60.263816
"Brown_Spruce_Longhorn_Beetle",29.296475,64.990722
"Brown_Spruce_Longhorn_Beetle",29.296475,64.990722
"Brown_Spruce_Longhorn_Beetle",29.296475,64.990722
"Brown_Spruce_Longhorn_Beetle",29.296475,64.990722
"Brown_Spruce_Longhorn_Beetle",30.320537,63.94377
"Brown_Spruce_Longhorn_Beetle",28.035155,64.703042
"Brown_Spruce_Longhorn_Beetle",21.69657,60.327711
"Brown_Spruce_Longhorn_Beetle",28.033332,64.700883
"Brown_Spruce_Longhorn_Beetle",22.35632,59.978363
"Brown_Spruce_Longhorn_Beetle",24.76038,68.304753
"Brown_Spruce_Longhorn_Beetle",23.46733,61.908312
"Brown_Spruce_Longhorn_Beetle",27.68173,66.290946
"Brown_Spruce_Longhorn_Beetle",27.682666,66.290942
"Brown_Spruce_Longhorn_Beetle",27.739359,65.853297
"Brown_Spruce_Longhorn_Beetle",29.020983,66.847699
"Brown_Spruce_Longhorn_Beetle",29.020983,66.847699
"Brown_Spruce_Longhorn_Beetle",27.201303,60.542046
"Brown_Spruce_Longhorn_Beetle",27.534844,64.796441
"Brown_Spruce_Longhorn_Beetle",27.195483,60.544236
"Brown_Spruce_Longhorn_Beetle",27.195633,60.544901
"Brown_Spruce_Longhorn_Beetle",29.778361,63.06326
"Brown_Spruce_Longhorn_Beetle",31.252248,62.999312
"Brown_Spruce_Longhorn_Beetle",31.250341,63.000071
"Brown_Spruce_Longhorn_Beetle",28.56273,68.119751
"Brown_Spruce_Longhorn_Beetle",28.583444,68.12089
"Brown_Spruce_Longhorn_Beetle",25.142517,66.308282
"Brown_Spruce_Longhorn_Beetle",29.296475,64.990722
"Brown_Spruce_Longhorn_Beetle",29.296475,64.990722
"Brown_Spruce_Longhorn_Beetle",29.296475,64.990722
"Brown_Spruce_Longhorn_Beetle",29.296475,64.990722
"Brown_Spruce_Longhorn_Beetle",30.320537,63.94377
"Brown_Spruce_Longhorn_Beetle",21.672724,60.33282
"Brown_Spruce_Longhorn_Beetle",23.791529,60.237818
"Brown_Spruce_Longhorn_Beetle",23.792795,60.238181
"Brown_Spruce_Longhorn_Beetle",24.151493,68.024708
"Brown_Spruce_Longhorn_Beetle",24.147328,68.014563
"Brown_Spruce_Longhorn_Beetle",24.76234,68.302078
"Brown_Spruce_Longhorn_Beetle",24.756745,68.30448
"Brown_Spruce_Longhorn_Beetle",24.76038,68.304753
"Brown_Spruce_Longhorn_Beetle",23.46733,61.908312
"Brown_Spruce_Longhorn_Beetle",16.04759,57.02373
"Brown_Spruce_Longhorn_Beetle",18.55795,59.70601
"Brown_Spruce_Longhorn_Beetle",15.18546,60.13496
"Brown_Spruce_Longhorn_Beetle",9.389997,52.16167
"Brown_Spruce_Longhorn_Beetle",38.207181,56.019791
"Brown_Spruce_Longhorn_Beetle",15.74456,59.99304
"Brown_Spruce_Longhorn_Beetle",13.98927,59.06569
"Brown_Spruce_Longhorn_Beetle",38.012193,55.506354
"Brown_Spruce_Longhorn_Beetle",8.598187,53.206107
"Brown_Spruce_Longhorn_Beetle",17.3184,60.4599
"Brown_Spruce_Longhorn_Beetle",16.0263,57.20938
"Brown_Spruce_Longhorn_Beetle",16.50927,59.10294
"Brown_Spruce_Longhorn_Beetle",15.43214,57.31686
"Brown_Spruce_Longhorn_Beetle",10.534894,59.670641
"Brown_Spruce_Longhorn_Beetle",16.0263,57.20938
"Brown_Spruce_Longhorn_Beetle",12.21434,57.64192
"Brown_Spruce_Longhorn_Beetle",22.490497,55.165448
"Brown_Spruce_Longhorn_Beetle",16.276779,50.545403
"Brown_Spruce_Longhorn_Beetle",15.18585,60.13296
"Brown_Spruce_Longhorn_Beetle",19.5416,51.6354
"Brown_Spruce_Longhorn_Beetle",19.5416,51.6354
"Brown_Spruce_Longhorn_Beetle",19.5416,51.6354
"Brown_Spruce_Longhorn_Beetle",22.2875,49.2721
"Brown_Spruce_Longhorn_Beetle",22.3289,49.2123
"Brown_Spruce_Longhorn_Beetle",18.7168,50.5312
"Brown_Spruce_Longhorn_Beetle",18.9233,50.3473
"Brown_Spruce_Longhorn_Beetle",18.3236,50.3728
"Brown_Spruce_Longhorn_Beetle",18.5702,51.2207
"Brown_Spruce_Longhorn_Beetle",18.4079,50.3599
"Brown_Spruce_Longhorn_Beetle",18.3094,50.2014
"Brown_Spruce_Longhorn_Beetle",18.7792,50.2851
"Brown_Spruce_Longhorn_Beetle",18.4079,50.3599
"Brown_Spruce_Longhorn_Beetle",18.3236,50.3728
"Brown_Spruce_Longhorn_Beetle",18.4079,50.3599
"Brown_Spruce_Longhorn_Beetle",18.4079,50.3599
"Brown_Spruce_Longhorn_Beetle",18.4079,50.3599
"Brown_Spruce_Longhorn_Beetle",18.4079,50.3599
"Brown_Spruce_Longhorn_Beetle",22.5697,51.2512
"Brown_Spruce_Longhorn_Beetle",18.7186,50.5319
"Brown_Spruce_Longhorn_Beetle",18.7411,50.5137
"Brown_Spruce_Longhorn_Beetle",18.7414,50.5139
"Brown_Spruce_Longhorn_Beetle",18.7168,50.5312
"Brown_Spruce_Longhorn_Beetle",18.7414,50.5139
"Brown_Spruce_Longhorn_Beetle",18.7414,50.5139
"Brown_Spruce_Longhorn_Beetle",18.7414,50.5139
"Brown_Spruce_Longhorn_Beetle",18.48,50.6068
"Brown_Spruce_Longhorn_Beetle",17.0709,50.7845
"Brown_Spruce_Longhorn_Beetle",18.4079,50.3599
"Brown_Spruce_Longhorn_Beetle",18.4079,50.3599
"Brown_Spruce_Longhorn_Beetle",18.4079,50.3599
"Brown_Spruce_Longhorn_Beetle",18.529,50.3711
"Brown_Spruce_Longhorn_Beetle",17.0322,51.1091
"Brown_Spruce_Longhorn_Beetle",18.4079,50.3599
"Brown_Spruce_Longhorn_Beetle",18.4079,50.3599
"Brown_Spruce_Longhorn_Beetle",18.7411,50.5137
"Brown_Spruce_Longhorn_Beetle",18.7414,50.5139
"Brown_Spruce_Longhorn_Beetle",21.1083,50.8846
"Brown_Spruce_Longhorn_Beetle",18.9231,50.3472
"Brown_Spruce_Longhorn_Beetle",5.161917,60.451009
"Brown_Spruce_Longhorn_Beetle",8.009461,47.534048
"Brown_Spruce_Longhorn_Beetle",16.392412,47.740817
"Brown_Spruce_Longhorn_Beetle",9.597345,48.639008
"Brown_Spruce_Longhorn_Beetle",8.009461,47.534048
"Brown_Spruce_Longhorn_Beetle",86.241951,55.311844
"Brown_Spruce_Longhorn_Beetle",15.354935,47.201399
"Brown_Spruce_Longhorn_Beetle",13.94208,53.026312
"Brown_Spruce_Longhorn_Beetle",9.418381,52.161794
"Brown_Spruce_Longhorn_Beetle",10.290445,54.230131
"Brown_Spruce_Longhorn_Beetle",8.009461,47.534048
"Brown_Spruce_Longhorn_Beetle",7.701943,45.060601
"Brown_Spruce_Longhorn_Beetle",8.009461,47.534048
"Brown_Spruce_Longhorn_Beetle",11.476123,47.943989
"Brown_Spruce_Longhorn_Beetle",13.80399,47.803613
"Brown_Spruce_Longhorn_Beetle",6.72771,51.53506
"Brown_Spruce_Longhorn_Beetle",9.25,50.5
"Brown_Spruce_Longhorn_Beetle",9.25,50.5
"Brown_Spruce_Longhorn_Beetle",7.766667,50.083333
"Brown_Spruce_Longhorn_Beetle",7.766667,50.083333
"Brown_Spruce_Longhorn_Beetle",8.821289,48.342709
"Brown_Spruce_Longhorn_Beetle",8.433333,48.916667
"Brown_Spruce_Longhorn_Beetle",15.421695,47.102664
"Brown_Spruce_Longhorn_Beetle",11.551738,47.8426
"Brown_Spruce_Longhorn_Beetle",11.009815,59.298125
"Brown_Spruce_Longhorn_Beetle",14.79791,56.77867
"Brown_Spruce_Longhorn_Beetle",14.79791,56.77867
"Brown_Spruce_Longhorn_Beetle",1.89284,48.61788
"Brown_Spruce_Longhorn_Beetle",2.6125,48.55722
"Brown_Spruce_Longhorn_Beetle",2.6125,48.55722
"Brown_Spruce_Longhorn_Beetle",2.05788,45.53722
"Brown_Spruce_Longhorn_Beetle",7.01876,48.04801
"Brown_Spruce_Longhorn_Beetle",1.52312,49.61718
"Brown_Spruce_Longhorn_Beetle",1.44865,49.58788
"Brown_Spruce_Longhorn_Beetle",6.65215,47.11002
"Brown_Spruce_Longhorn_Beetle",24.15974,58.31908
"Brown_Spruce_Longhorn_Beetle",24.69315,58.48068
"Brown_Spruce_Longhorn_Beetle",7.791681,49.161752
"Brown_Spruce_Longhorn_Beetle",8.03105,49.57116
"Brown_Spruce_Longhorn_Beetle",8.916171,59.002715
"Brown_Spruce_Longhorn_Beetle",10.13822,59.539884
"Brown_Spruce_Longhorn_Beetle",8.83947,46.51517
"Brown_Spruce_Longhorn_Beetle",8.89614,46.19956
"Brown_Spruce_Longhorn_Beetle",16.56571,59.10104
"Brown_Spruce_Longhorn_Beetle",15.93636,57.16566
"Brown_Spruce_Longhorn_Beetle",16.26221,57.19562
"Brown_Spruce_Longhorn_Beetle",7.329259,49.699428
"Brown_Spruce_Longhorn_Beetle",6.962623,48.007571
"Brown_Spruce_Longhorn_Beetle",15.521487,58.35212
"Brown_Spruce_Longhorn_Beetle",14.514406,48.204169
"Brown_Spruce_Longhorn_Beetle",10.900221,47.387592
"Brown_Spruce_Longhorn_Beetle",25.558056,45.576876
"Brown_Spruce_Longhorn_Beetle",20.55611,66.58281
"Brown_Spruce_Longhorn_Beetle",37.455146,55.681378
"Brown_Spruce_Longhorn_Beetle",13.35779,56.36794
"Brown_Spruce_Longhorn_Beetle",12.050164,56.050537
"Brown_Spruce_Longhorn_Beetle",18.92978,57.75798
"Brown_Spruce_Longhorn_Beetle",17.49528,59.48325
"Brown_Spruce_Longhorn_Beetle",-63.5688,44.6228
"Brown_Spruce_Longhorn_Beetle",13.15284,56.00692
"Brown_Spruce_Longhorn_Beetle",14.98409,60.13412
"Brown_Spruce_Longhorn_Beetle",15.16624,57.1415
"Brown_Spruce_Longhorn_Beetle",8.823517,49.462903
"Brown_Spruce_Longhorn_Beetle",6.74929,46.92651
"Brown_Spruce_Longhorn_Beetle",6.74929,46.92651
"Brown_Spruce_Longhorn_Beetle",8.32565,46.97014
"Brown_Spruce_Longhorn_Beetle",6.1702,46.42674
"Brown_Spruce_Longhorn_Beetle",9.42896,46.59636
"Brown_Spruce_Longhorn_Beetle",9.36855,46.73237
"Brown_Spruce_Longhorn_Beetle",9.42896,46.59636
"Brown_Spruce_Longhorn_Beetle",9.36855,46.73237
"Brown_Spruce_Longhorn_Beetle",9.36855,46.73237
"Brown_Spruce_Longhorn_Beetle",9.42896,46.59636
"Brown_Spruce_Longhorn_Beetle",9.42896,46.59636
"Brown_Spruce_Longhorn_Beetle",9.36855,46.73237
"Brown_Spruce_Longhorn_Beetle",9.36855,46.73237
"Brown_Spruce_Longhorn_Beetle",6.11068,46.20113
"Brown_Spruce_Longhorn_Beetle",43.3992,54.7541
"Brown_Spruce_Longhorn_Beetle",43.2148,54.7405
"Brown_Spruce_Longhorn_Beetle",43.2148,54.7405
"Brown_Spruce_Longhorn_Beetle",16.25784,57.18743
"Brown_Spruce_Longhorn_Beetle",19.21824,64.21358
"Brown_Spruce_Longhorn_Beetle",11.82004,58.2249
"Brown_Spruce_Longhorn_Beetle",18.14026,59.54357
"Brown_Spruce_Longhorn_Beetle",6.80998,47.81932
"Brown_Spruce_Longhorn_Beetle",6.79856,47.81716
"Brown_Spruce_Longhorn_Beetle",7.0953,48.11949
"Brown_Spruce_Longhorn_Beetle",7.09586,48.11876
"Brown_Spruce_Longhorn_Beetle",7.42636,48.94947
"Brown_Spruce_Longhorn_Beetle",5.47442,44.90551
"Brown_Spruce_Longhorn_Beetle",5.47431,44.90524
"Brown_Spruce_Longhorn_Beetle",1.7599,48.73025
"Brown_Spruce_Longhorn_Beetle",5.86175,45.02625
"Brown_Spruce_Longhorn_Beetle",9.071538,59.409596
"Brown_Spruce_Longhorn_Beetle",17.240322,50.057642
"Brown_Spruce_Longhorn_Beetle",10.544441,51.798946
"Brown_Spruce_Longhorn_Beetle",12.788649,47.547972
"Brown_Spruce_Longhorn_Beetle",17.66404,59.82261
"Brown_Spruce_Longhorn_Beetle",23.696102,54.86996
"Brown_Spruce_Longhorn_Beetle",14.857219,47.133786
"Brown_Spruce_Longhorn_Beetle",10.534894,59.670641
"Brown_Spruce_Longhorn_Beetle",18.13966,59.54309
"Brown_Spruce_Longhorn_Beetle",18.13966,59.54309
"Brown_Spruce_Longhorn_Beetle",16.307721,48.131734
"Brown_Spruce_Longhorn_Beetle",38.704316,56.433871
"Brown_Spruce_Longhorn_Beetle",14.131475,50.952759
"Brown_Spruce_Longhorn_Beetle",15.05981,59.30051
"Brown_Spruce_Longhorn_Beetle",17.77991,59.7431
"Brown_Spruce_Longhorn_Beetle",16.32002,59.66834
"Brown_Spruce_Longhorn_Beetle",7.187579,50.769465
"Brown_Spruce_Longhorn_Beetle",15.25867,56.55218
"Brown_Spruce_Longhorn_Beetle",5.8804,49.52643
"Brown_Spruce_Longhorn_Beetle",2.330485,50.861905
"Brown_Spruce_Longhorn_Beetle",21.885077,56.649182
"Brown_Spruce_Longhorn_Beetle",21.885077,56.649182
"Brown_Spruce_Longhorn_Beetle",17.012747,49.29549
"Brown_Spruce_Longhorn_Beetle",16.11322,60.77925
"Brown_Spruce_Longhorn_Beetle",16.10679,60.78171
"Brown_Spruce_Longhorn_Beetle",16.55555,60.30212
"Brown_Spruce_Longhorn_Beetle",8.13,46.4
"Brown_Spruce_Longhorn_Beetle",17.012749,49.295487
"Brown_Spruce_Longhorn_Beetle",17.012731,49.295493
"Brown_Spruce_Longhorn_Beetle",17.012536,49.295491
"Brown_Spruce_Longhorn_Beetle",6.81082,44.56587
"Brown_Spruce_Longhorn_Beetle",6.82301,44.74571
"Brown_Spruce_Longhorn_Beetle",6.36243,44.44528
"Brown_Spruce_Longhorn_Beetle",6.29441,44.35724
"Brown_Spruce_Longhorn_Beetle",6.60775,44.34741
"Brown_Spruce_Longhorn_Beetle",6.66168,44.21046
"Brown_Spruce_Longhorn_Beetle",6.28398,44.17737
"Brown_Spruce_Longhorn_Beetle",7.44915,43.86584
"Brown_Spruce_Longhorn_Beetle",6.82301,44.74571
"Brown_Spruce_Longhorn_Beetle",6.88299,44.69856
"Brown_Spruce_Longhorn_Beetle",7.27969,44.09795
"Brown_Spruce_Longhorn_Beetle",6.48519,44.39641
"Brown_Spruce_Longhorn_Beetle",6.48519,44.39641
"Brown_Spruce_Longhorn_Beetle",6.48519,44.39641
"Brown_Spruce_Longhorn_Beetle",17.012766,49.295486
"Brown_Spruce_Longhorn_Beetle",15.08905,63.45405
"Brown_Spruce_Longhorn_Beetle",21.47398,66.03231
"Brown_Spruce_Longhorn_Beetle",16.5825,56.70583
"Brown_Spruce_Longhorn_Beetle",14.65504,58.33684
"Brown_Spruce_Longhorn_Beetle",7.09586,48.11876
"Brown_Spruce_Longhorn_Beetle",6.95432,48.11676
"Brown_Spruce_Longhorn_Beetle",6.9543,48.11676
"Brown_Spruce_Longhorn_Beetle",7.27741,48.59807
"Brown_Spruce_Longhorn_Beetle",7.09586,48.11876
"Brown_Spruce_Longhorn_Beetle",7.08907,48.10722
"Brown_Spruce_Longhorn_Beetle",7.16777,48.46042
"Brown_Spruce_Longhorn_Beetle",7.1275,48.44408
"Brown_Spruce_Longhorn_Beetle",7.28727,48.59958
"Brown_Spruce_Longhorn_Beetle",7.1275,48.44408
"Brown_Spruce_Longhorn_Beetle",6.96761,48.11813
"Brown_Spruce_Longhorn_Beetle",7.42511,48.95062
"Brown_Spruce_Longhorn_Beetle",7.09586,48.11876
"Brown_Spruce_Longhorn_Beetle",6.3098,44.1673
"Brown_Spruce_Longhorn_Beetle",7.28727,48.59958
"Brown_Spruce_Longhorn_Beetle",7.08907,48.10722
"Brown_Spruce_Longhorn_Beetle",6.89682,47.82828
"Brown_Spruce_Longhorn_Beetle",0.61935,42.71382
"Brown_Spruce_Longhorn_Beetle",6.88454,48.07041
"Brown_Spruce_Longhorn_Beetle",6.9543,48.11676
"Brown_Spruce_Longhorn_Beetle",-0.9117,49.21215
"Brown_Spruce_Longhorn_Beetle",7.35789,48.13417
"Brown_Spruce_Longhorn_Beetle",7.56412,48.03544
"Brown_Spruce_Longhorn_Beetle",-2.50794,47.81836
"Brown_Spruce_Longhorn_Beetle",-2.50794,47.81836
"Brown_Spruce_Longhorn_Beetle",-2.31417,47.76668
"Brown_Spruce_Longhorn_Beetle",-2.31417,47.76668
"Brown_Spruce_Longhorn_Beetle",-2.31417,47.76668
"Brown_Spruce_Longhorn_Beetle",-2.42292,48.19925
"Brown_Spruce_Longhorn_Beetle",2.6125,48.55722
"Brown_Spruce_Longhorn_Beetle",6.91774,45.60496
"Brown_Spruce_Longhorn_Beetle",12.092511,53.350314
"Brown_Spruce_Longhorn_Beetle",25.908535,58.086883
"Brown_Spruce_Longhorn_Beetle",16.051,48.185
"Brown_Spruce_Longhorn_Beetle",19.54447,63.69372
"Brown_Spruce_Longhorn_Beetle",19.53559,63.66305
"Brown_Spruce_Longhorn_Beetle",17.04972,64.23336
"Brown_Spruce_Longhorn_Beetle",19.54447,63.69372
"Brown_Spruce_Longhorn_Beetle",19.54447,63.69372
"Brown_Spruce_Longhorn_Beetle",19.53559,63.66305
"Brown_Spruce_Longhorn_Beetle",19.54447,63.69372
"Brown_Spruce_Longhorn_Beetle",19.54447,63.69372
"Brown_Spruce_Longhorn_Beetle",19.54447,63.69372
"Brown_Spruce_Longhorn_Beetle",19.54447,63.69372
"Brown_Spruce_Longhorn_Beetle",19.54447,63.69372
"Brown_Spruce_Longhorn_Beetle",19.54447,63.69372
"Brown_Spruce_Longhorn_Beetle",19.54447,63.69372
"Brown_Spruce_Longhorn_Beetle",19.53559,63.66305
"Brown_Spruce_Longhorn_Beetle",19.53559,63.66305
"Brown_Spruce_Longhorn_Beetle",19.53559,63.66305
"Brown_Spruce_Longhorn_Beetle",19.53559,63.66305
"Brown_Spruce_Longhorn_Beetle",19.53559,63.66305
"Brown_Spruce_Longhorn_Beetle",19.53559,63.66305
"Brown_Spruce_Longhorn_Beetle",19.54447,63.69372
"Brown_Spruce_Longhorn_Beetle",19.53559,63.66305
"Brown_Spruce_Longhorn_Beetle",19.54447,63.69372
"Brown_Spruce_Longhorn_Beetle",19.53559,63.66305
"Brown_Spruce_Longhorn_Beetle",23.603515,55.016152
"Brown_Spruce_Longhorn_Beetle",17.05588,57.28414
"Brown_Spruce_Longhorn_Beetle",22.62808,59.07915
"Brown_Spruce_Longhorn_Beetle",24.785648,60.358162
"Brown_Spruce_Longhorn_Beetle",18.54393,63.97394
"Brown_Spruce_Longhorn_Beetle",20.29621,64.24066
"Brown_Spruce_Longhorn_Beetle",20.01523,64.35936
"Brown_Spruce_Longhorn_Beetle",19.49648,64.35293
"Brown_Spruce_Longhorn_Beetle",19.503304,47.162494
"Brown_Spruce_Longhorn_Beetle",17.50672,59.47526
"Brown_Spruce_Longhorn_Beetle",4.47459,48.33417
"Brown_Spruce_Longhorn_Beetle",17.4825,59.47503
"Brown_Spruce_Longhorn_Beetle",49.0164,55.8221
"Brown_Spruce_Longhorn_Beetle",27.243626,68.252955
"Brown_Spruce_Longhorn_Beetle",25.63135,60.280572
"Brown_Spruce_Longhorn_Beetle",27.243626,68.252955
"Brown_Spruce_Longhorn_Beetle",27.243626,68.252955
"Brown_Spruce_Longhorn_Beetle",27.243626,68.252955
"Brown_Spruce_Longhorn_Beetle",27.243626,68.252955
"Brown_Spruce_Longhorn_Beetle",29.02048,66.847934
"Brown_Spruce_Longhorn_Beetle",29.02048,66.847934
"Brown_Spruce_Longhorn_Beetle",27.243626,68.252955
"Brown_Spruce_Longhorn_Beetle",27.243626,68.252955
"Brown_Spruce_Longhorn_Beetle",23.468361,41.809944
"Brown_Spruce_Longhorn_Beetle",7.47112,46.34388
"Brown_Spruce_Longhorn_Beetle",9.11534,47.0063
"Brown_Spruce_Longhorn_Beetle",6.68301,46.97107
"Brown_Spruce_Longhorn_Beetle",9.11534,47.0063
"Brown_Spruce_Longhorn_Beetle",9.11534,47.0063
"Brown_Spruce_Longhorn_Beetle",6.68301,46.97107
"Brown_Spruce_Longhorn_Beetle",9.11534,47.0063
"Brown_Spruce_Longhorn_Beetle",9.11534,47.0063
"Brown_Spruce_Longhorn_Beetle",6.68301,46.97107
"Brown_Spruce_Longhorn_Beetle",9.11534,47.0063
"Brown_Spruce_Longhorn_Beetle",9.11534,47.0063
"Brown_Spruce_Longhorn_Beetle",9.11534,47.0063
"Brown_Spruce_Longhorn_Beetle",6.11068,46.20113
"Brown_Spruce_Longhorn_Beetle",6.11068,46.20113
"Brown_Spruce_Longhorn_Beetle",8.59913,47.46246
"Brown_Spruce_Longhorn_Beetle",10.47473,46.61826
"Brown_Spruce_Longhorn_Beetle",6.5531,46.88018
"Brown_Spruce_Longhorn_Beetle",6.48751,46.87965
"Brown_Spruce_Longhorn_Beetle",10.47473,46.61826
"Brown_Spruce_Longhorn_Beetle",8.92435,47.23384
"Brown_Spruce_Longhorn_Beetle",5.79787,45.33144
"Brown_Spruce_Longhorn_Beetle",6.45867,45.53059
"Brown_Spruce_Longhorn_Beetle",18.06793,63.22181
"Brown_Spruce_Longhorn_Beetle",14.29295,60.74126
"Brown_Spruce_Longhorn_Beetle",15.82213,60.86003
"Brown_Spruce_Longhorn_Beetle",14.29295,60.74126
"Brown_Spruce_Longhorn_Beetle",15.82727,60.85841
"Brown_Spruce_Longhorn_Beetle",18.06793,63.22181
"Brown_Spruce_Longhorn_Beetle",19.60736,64.16813
"Brown_Spruce_Longhorn_Beetle",17.4825,59.47503
"Brown_Spruce_Longhorn_Beetle",6.428461,50.927471
"Brown_Spruce_Longhorn_Beetle",6.199479,50.649063
"Brown_Spruce_Longhorn_Beetle",23.6816,48.41405
"Brown_Spruce_Longhorn_Beetle",25.330135,54.698372
"Brown_Spruce_Longhorn_Beetle",25.94793,45.509697
"Brown_Spruce_Longhorn_Beetle",7.97536,59.446952
"Brown_Spruce_Longhorn_Beetle",15.9782,57.26371
"Brown_Spruce_Longhorn_Beetle",12.79,47.360001
"Brown_Spruce_Longhorn_Beetle",11.57,46.810001
"Brown_Spruce_Longhorn_Beetle",11.5,47.25
"Brown_Spruce_Longhorn_Beetle",15.06,47.82
"Brown_Spruce_Longhorn_Beetle",14.44,47.990002
"Brown_Spruce_Longhorn_Beetle",14.4,47.900002
"Brown_Spruce_Longhorn_Beetle",11.583333,46.75
"Brown_Spruce_Longhorn_Beetle",14.25,47.880001
"Brown_Spruce_Longhorn_Beetle",14.3,48.330002
"Brown_Spruce_Longhorn_Beetle",13.366667,47.783333
"Brown_Spruce_Longhorn_Beetle",11.416667,46.650002
"Brown_Spruce_Longhorn_Beetle",12,47.00111
"Brown_Spruce_Longhorn_Beetle",14.25,47.880001
"Brown_Spruce_Longhorn_Beetle",14.29,48.380001
"Brown_Spruce_Longhorn_Beetle",13.36,47.759998
"Brown_Spruce_Longhorn_Beetle",14.36,48.02
"Brown_Spruce_Longhorn_Beetle",14.3,48.330002
"Brown_Spruce_Longhorn_Beetle",14.29,48.299999
"Brown_Spruce_Longhorn_Beetle",12.79,47.360001
"Brown_Spruce_Longhorn_Beetle",11.17,46.669998
"Brown_Spruce_Longhorn_Beetle",13.82,48.23
"Brown_Spruce_Longhorn_Beetle",10.71,47.48
"Brown_Spruce_Longhorn_Beetle",11.38,47.200001
"Brown_Spruce_Longhorn_Beetle",14.25,48.380001
"Brown_Spruce_Longhorn_Beetle",14.33,47.900002
"Brown_Spruce_Longhorn_Beetle",12.79,47.360001
"Brown_Spruce_Longhorn_Beetle",11.57,46.810001
"Brown_Spruce_Longhorn_Beetle",11.4,47.220001
"Brown_Spruce_Longhorn_Beetle",13.82,48.23
"Brown_Spruce_Longhorn_Beetle",10.89,47.200001
"Brown_Spruce_Longhorn_Beetle",14.44,47.990002
"Brown_Spruce_Longhorn_Beetle",14.4,47.900002
"Brown_Spruce_Longhorn_Beetle",12.54,47.650002
"Brown_Spruce_Longhorn_Beetle",14.92,46.84
"Brown_Spruce_Longhorn_Beetle",11.52,46.849998
"Brown_Spruce_Longhorn_Beetle",9.74,47.5
"Brown_Spruce_Longhorn_Beetle",11.28,47.23
"Brown_Spruce_Longhorn_Beetle",11.48,47.23
"Brown_Spruce_Longhorn_Beetle",14.11,47.529999
"Brown_Spruce_Longhorn_Beetle",14.25,48.380001
"Brown_Spruce_Longhorn_Beetle",14.33,47.900002
"Brown_Spruce_Longhorn_Beetle",12.56,47.759998
"Brown_Spruce_Longhorn_Beetle",15.06,47.82
"Brown_Spruce_Longhorn_Beetle",9.8,47.34
"Brown_Spruce_Longhorn_Beetle",10.53,47.259998
"Brown_Spruce_Longhorn_Beetle",11.389722,47.259998
"Brown_Spruce_Longhorn_Beetle",15.71,47.099998
"Brown_Spruce_Longhorn_Beetle",14.25,48.380001
"Brown_Spruce_Longhorn_Beetle",14.12,47.900002
"Brown_Spruce_Longhorn_Beetle",12.65,47.720001
"Brown_Spruce_Longhorn_Beetle",11.083333,46.650002
"Brown_Spruce_Longhorn_Beetle",11.52,46.849998
"Brown_Spruce_Longhorn_Beetle",16.360001,48.57
"Brown_Spruce_Longhorn_Beetle",9.59,47.23
"Brown_Spruce_Longhorn_Beetle",11.37,47.200001
"Brown_Spruce_Longhorn_Beetle",15.53,46.779999
"Brown_Spruce_Longhorn_Beetle",14.41,48.259998
"Brown_Spruce_Longhorn_Beetle",11.63,46.740002
"Brown_Spruce_Longhorn_Beetle",11.52,46.849998
"Brown_Spruce_Longhorn_Beetle",15.033334,47.833332
"Brown_Spruce_Longhorn_Beetle",11.67,47.369999
"Brown_Spruce_Longhorn_Beetle",10.92,47.130001
"Brown_Spruce_Longhorn_Beetle",13,47.380001
"Brown_Spruce_Longhorn_Beetle",14.5,47.59
"Brown_Spruce_Longhorn_Beetle",11.25,46.349998
"Brown_Spruce_Longhorn_Beetle",16.32,47.970001
"Brown_Spruce_Longhorn_Beetle",10.93,47.23
"Brown_Spruce_Longhorn_Beetle",11.44,47.23
"Brown_Spruce_Longhorn_Beetle",13.01,47.799999
"Brown_Spruce_Longhorn_Beetle",15.26,47.150002
"Brown_Spruce_Longhorn_Beetle",15.07,47.82
"Brown_Spruce_Longhorn_Beetle",12.68,46.799999
"Brown_Spruce_Longhorn_Beetle",11.44,47.23
"Brown_Spruce_Longhorn_Beetle",13.48,47.709999
"Brown_Spruce_Longhorn_Beetle",15.39,47.02
"Brown_Spruce_Longhorn_Beetle",12.68,46.799999
"Brown_Spruce_Longhorn_Beetle",11.59,47.299999
"Brown_Spruce_Longhorn_Beetle",13.48,47.709999
"Brown_Spruce_Longhorn_Beetle",15.07,47.84
"Brown_Spruce_Longhorn_Beetle",11.41,47.23
"Brown_Spruce_Longhorn_Beetle",13.04,47.799999
"Brown_Spruce_Longhorn_Beetle",15.02,47.830002
"Brown_Spruce_Longhorn_Beetle",14.97,46.779999
"Brown_Spruce_Longhorn_Beetle",15.02,47.860001
"Brown_Spruce_Longhorn_Beetle",14.46,47.700001
"Brown_Spruce_Longhorn_Beetle",13.253612,46.690277
"Brown_Spruce_Longhorn_Beetle",14.25,46.566666
"Brown_Spruce_Longhorn_Beetle",14.36,48.02
"Brown_Spruce_Longhorn_Beetle",14.27,48.330002
"Brown_Spruce_Longhorn_Beetle",14.39,47.77
"Brown_Spruce_Longhorn_Beetle",13.67,47.689999
"Brown_Spruce_Longhorn_Beetle",16.2991,57.17508
"Brown_Spruce_Longhorn_Beetle",13.273794,65.314762
"Brown_Spruce_Longhorn_Beetle",23.744505,61.438463
"Brown_Spruce_Longhorn_Beetle",7.43349,43.86261
"Brown_Spruce_Longhorn_Beetle",6.81168,44.73855
"Brown_Spruce_Longhorn_Beetle",-0.84793,49.20569
"Brown_Spruce_Longhorn_Beetle",6.89013,44.6843
"Brown_Spruce_Longhorn_Beetle",11.209253,46.683908
"Brown_Spruce_Longhorn_Beetle",65.498201,57.157275
"Brown_Spruce_Longhorn_Beetle",30.309265,59.826444
"Brown_Spruce_Longhorn_Beetle",10.823282,46.266362
"Brown_Spruce_Longhorn_Beetle",15.45363,47.080996
"Brown_Spruce_Longhorn_Beetle",20.437487,54.443905
"Brown_Spruce_Longhorn_Beetle",18.540466,54.357284
"Brown_Spruce_Longhorn_Beetle",12.657079,51.876782
"Brown_Spruce_Longhorn_Beetle",13.35547,55.84096
"Brown_Spruce_Longhorn_Beetle",18.60812,60.11461
"Brown_Spruce_Longhorn_Beetle",13.04519,63.41047
"Brown_Spruce_Longhorn_Beetle",11.97164,57.76713
"Brown_Spruce_Longhorn_Beetle",16.19936,59.82698
"Brown_Spruce_Longhorn_Beetle",13.18106,56.03952
"Brown_Spruce_Longhorn_Beetle",18.14885,59.55373
"Brown_Spruce_Longhorn_Beetle",17.91683,59.44738
"Brown_Spruce_Longhorn_Beetle",14.02313,60.49352
"Brown_Spruce_Longhorn_Beetle",17.02066,57.2081
"Brown_Spruce_Longhorn_Beetle",16.30299,57.17336
"Brown_Spruce_Longhorn_Beetle",14.36024,60.39587
"Brown_Spruce_Longhorn_Beetle",17.0564,57.28335
"Brown_Spruce_Longhorn_Beetle",18.42262,63.16856
"Brown_Spruce_Longhorn_Beetle",17.70819,59.94951
"Brown_Spruce_Longhorn_Beetle",18.13409,59.54126
"Brown_Spruce_Longhorn_Beetle",15.99381,58.51869
"Brown_Spruce_Longhorn_Beetle",15.20364,56.78086
"Brown_Spruce_Longhorn_Beetle",18.07994,59.88132
"Brown_Spruce_Longhorn_Beetle",15.90092,57.27394
"Brown_Spruce_Longhorn_Beetle",17.70776,59.94939
"Brown_Spruce_Longhorn_Beetle",17.70861,59.94938
"Brown_Spruce_Longhorn_Beetle",17.38396,59.97877
"Brown_Spruce_Longhorn_Beetle",15.90245,57.27361
"Brown_Spruce_Longhorn_Beetle",18.0794,59.8872
"Brown_Spruce_Longhorn_Beetle",24.917054,66.424715
"Brown_Spruce_Longhorn_Beetle",5.79787,45.33144
"Brown_Spruce_Longhorn_Beetle",5.79787,45.33144
"Brown_Spruce_Longhorn_Beetle",2.99917,45.72292
"Brown_Spruce_Longhorn_Beetle",2.99917,45.72292
"Brown_Spruce_Longhorn_Beetle",2.52517,44.44423
"Brown_Spruce_Longhorn_Beetle",2.03179,44.90542
"Brown_Spruce_Longhorn_Beetle",2.03179,44.90542
"Brown_Spruce_Longhorn_Beetle",2.03179,44.90542
"Brown_Spruce_Longhorn_Beetle",2.03179,44.90542
"Brown_Spruce_Longhorn_Beetle",2.03179,44.90542
"Brown_Spruce_Longhorn_Beetle",2.03179,44.90542
"Brown_Spruce_Longhorn_Beetle",6.245552,50.736353
"Brown_Spruce_Longhorn_Beetle",6.252931,50.739292
"Brown_Spruce_Longhorn_Beetle",10.534894,59.670641
"Brown_Spruce_Longhorn_Beetle",29.3,64.99
"Brown_Spruce_Longhorn_Beetle",29.3,64.99
"Brown_Spruce_Longhorn_Beetle",10.144261,59.822866
"Brown_Spruce_Longhorn_Beetle",18.540628,54.357426
"Brown_Spruce_Longhorn_Beetle",11.53144,59.005126
"Brown_Spruce_Longhorn_Beetle",5.058785,50.208063
"Brown_Spruce_Longhorn_Beetle",13.237071,52.43946
"Brown_Spruce_Longhorn_Beetle",18.29618,60.09942
"Brown_Spruce_Longhorn_Beetle",15.7391,63.22167
"Brown_Spruce_Longhorn_Beetle",16.63111,62.21683
"Brown_Spruce_Longhorn_Beetle",21.55457,65.91694
"Brown_Spruce_Longhorn_Beetle",16.74903,60.20585
"Brown_Spruce_Longhorn_Beetle",16.73266,60.13043
"Brown_Spruce_Longhorn_Beetle",16.74866,60.20398
"Brown_Spruce_Longhorn_Beetle",13.44765,59.67539
"Brown_Spruce_Longhorn_Beetle",14.65383,58.34264
"Brown_Spruce_Longhorn_Beetle",16.74866,60.20398
"Brown_Spruce_Longhorn_Beetle",15.74502,56.61846
"Brown_Spruce_Longhorn_Beetle",16.72599,60.12317
"Brown_Spruce_Longhorn_Beetle",16.73242,60.13107
"Brown_Spruce_Longhorn_Beetle",16.73299,60.13119
"Brown_Spruce_Longhorn_Beetle",15.2541,59.23309
"Brown_Spruce_Longhorn_Beetle",16.74815,60.2049
"Brown_Spruce_Longhorn_Beetle",15.09349,64.32461
"Brown_Spruce_Longhorn_Beetle",18.42262,63.16856
"Brown_Spruce_Longhorn_Beetle",16.74531,60.21616
"Brown_Spruce_Longhorn_Beetle",16.74482,60.21503
"Brown_Spruce_Longhorn_Beetle",18.28945,60.11277
"Brown_Spruce_Longhorn_Beetle",20.29631,64.24164
"Brown_Spruce_Longhorn_Beetle",10.276233,59.815464
"Brown_Spruce_Longhorn_Beetle",23.476384,54.900709
"Brown_Spruce_Longhorn_Beetle",10.999068,59.861674
"Brown_Spruce_Longhorn_Beetle",11.027316,59.854535
"Brown_Spruce_Longhorn_Beetle",10.998977,59.861897
"Brown_Spruce_Longhorn_Beetle",10.99938,59.861765
"Brown_Spruce_Longhorn_Beetle",10.99938,59.861765
"Brown_Spruce_Longhorn_Beetle",24.288613,61.326294
"Brown_Spruce_Longhorn_Beetle",24.288613,61.326294
"Brown_Spruce_Longhorn_Beetle",24.288613,61.326294
"Brown_Spruce_Longhorn_Beetle",22.551291,60.788924
"Brown_Spruce_Longhorn_Beetle",23.946007,60.391664
"Brown_Spruce_Longhorn_Beetle",23.946007,60.391664
"Brown_Spruce_Longhorn_Beetle",23.946007,60.391664
"Brown_Spruce_Longhorn_Beetle",23.946007,60.391664
"Brown_Spruce_Longhorn_Beetle",-1.225853,51.612419
"Brown_Spruce_Longhorn_Beetle",4.453,50.745
"Brown_Spruce_Longhorn_Beetle",5.131,50.06
"Brown_Spruce_Longhorn_Beetle",5.131,50.06
"Brown_Spruce_Longhorn_Beetle",5.131,50.06
"Brown_Spruce_Longhorn_Beetle",5.664,49.599
"Brown_Spruce_Longhorn_Beetle",5.266,49.968
"Brown_Spruce_Longhorn_Beetle",5.131,50.06
"Brown_Spruce_Longhorn_Beetle",5.722,50.633
"Brown_Spruce_Longhorn_Beetle",5.508,50.592
"Brown_Spruce_Longhorn_Beetle",5.578,50.591
"Brown_Spruce_Longhorn_Beetle",5.722,50.633
"Brown_Spruce_Longhorn_Beetle",5.578,50.591
"Brown_Spruce_Longhorn_Beetle",4.453,50.745
"Brown_Spruce_Longhorn_Beetle",5.141,50.285
"Brown_Spruce_Longhorn_Beetle",5.141,50.285
"Brown_Spruce_Longhorn_Beetle",5.141,50.285
"Brown_Spruce_Longhorn_Beetle",5.2,50.059
"Brown_Spruce_Longhorn_Beetle",5.627,50.185
"Brown_Spruce_Longhorn_Beetle",4.436,50.206
"Brown_Spruce_Longhorn_Beetle",5.266,49.968
"Brown_Spruce_Longhorn_Beetle",4.453,50.745
"Brown_Spruce_Longhorn_Beetle",4.453,50.745
"Brown_Spruce_Longhorn_Beetle",5.505,50.547
"Brown_Spruce_Longhorn_Beetle",4.383,50.791
"Brown_Spruce_Longhorn_Beetle",4.454,50.79
"Brown_Spruce_Longhorn_Beetle",5.597,49.646
"Brown_Spruce_Longhorn_Beetle",4.501,50.025
"Brown_Spruce_Longhorn_Beetle",4.64,50.023
"Brown_Spruce_Longhorn_Beetle",4.311,50.747
"Brown_Spruce_Longhorn_Beetle",35.891588,56.872863
"Brown_Spruce_Longhorn_Beetle",6.65036,44.83937
"Brown_Spruce_Longhorn_Beetle",2.07914,48.70406
"Brown_Spruce_Longhorn_Beetle",6.82068,44.55902
"Brown_Spruce_Longhorn_Beetle",4.37206,48.25078
"Brown_Spruce_Longhorn_Beetle",4.09937,48.06963
"Brown_Spruce_Longhorn_Beetle",4.37206,48.25078
"Brown_Spruce_Longhorn_Beetle",2.20845,47.71805
"Brown_Spruce_Longhorn_Beetle",22.91891,53.24421
"Brown_Spruce_Longhorn_Beetle",22.91891,53.24421
"Brown_Spruce_Longhorn_Beetle",22.91891,53.24421
"Brown_Spruce_Longhorn_Beetle",22.91891,53.24421
"Brown_Spruce_Longhorn_Beetle",22.91891,53.24421
"Brown_Spruce_Longhorn_Beetle",22.91891,53.24421
"Brown_Spruce_Longhorn_Beetle",22.91891,53.24421
"Brown_Spruce_Longhorn_Beetle",22.91891,53.24421
"Brown_Spruce_Longhorn_Beetle",22.91891,53.24421
"Brown_Spruce_Longhorn_Beetle",22.91891,53.24421
"Brown_Spruce_Longhorn_Beetle",22.91891,53.24421
"Brown_Spruce_Longhorn_Beetle",22.91891,53.24421
"Brown_Spruce_Longhorn_Beetle",22.91891,53.24421
"Brown_Spruce_Longhorn_Beetle",22.91891,53.24421
"Brown_Spruce_Longhorn_Beetle",22.91891,53.24421
"Brown_Spruce_Longhorn_Beetle",22.91891,53.24421
"Brown_Spruce_Longhorn_Beetle",22.91891,53.24421
"Brown_Spruce_Longhorn_Beetle",22.91891,53.24421
"Brown_Spruce_Longhorn_Beetle",22.91891,53.24421
"Brown_Spruce_Longhorn_Beetle",22.91891,53.24421
"Brown_Spruce_Longhorn_Beetle",22.91891,53.24421
"Brown_Spruce_Longhorn_Beetle",22.91891,53.24421
"Brown_Spruce_Longhorn_Beetle",22.91891,53.24421
"Brown_Spruce_Longhorn_Beetle",22.91891,53.24421
"Brown_Spruce_Longhorn_Beetle",22.91891,53.24421
"Brown_Spruce_Longhorn_Beetle",22.91891,53.24421
"Brown_Spruce_Longhorn_Beetle",22.91891,53.24421
"Brown_Spruce_Longhorn_Beetle",22.91891,53.24421
"Brown_Spruce_Longhorn_Beetle",22.91891,53.24421
"Brown_Spruce_Longhorn_Beetle",22.91891,53.24421
"Brown_Spruce_Longhorn_Beetle",22.91891,53.24421
"Brown_Spruce_Longhorn_Beetle",22.91891,53.24421
"Brown_Spruce_Longhorn_Beetle",22.91891,53.24421
"Brown_Spruce_Longhorn_Beetle",22.91891,53.24421
"Brown_Spruce_Longhorn_Beetle",22.91891,53.24421
"Brown_Spruce_Longhorn_Beetle",22.91891,53.24421
"Brown_Spruce_Longhorn_Beetle",22.91891,53.24421
"Brown_Spruce_Longhorn_Beetle",22.91891,53.24421
"Brown_Spruce_Longhorn_Beetle",22.91891,53.24421
"Brown_Spruce_Longhorn_Beetle",22.91891,53.24421
"Brown_Spruce_Longhorn_Beetle",22.91891,53.24421
"Brown_Spruce_Longhorn_Beetle",22.91891,53.24421
"Brown_Spruce_Longhorn_Beetle",22.91891,53.24421
"Brown_Spruce_Longhorn_Beetle",22.91891,53.24421
"Brown_Spruce_Longhorn_Beetle",22.91891,53.24421
"Brown_Spruce_Longhorn_Beetle",22.91891,53.24421
"Brown_Spruce_Longhorn_Beetle",22.91891,53.24421
"Brown_Spruce_Longhorn_Beetle",22.91891,53.24421
"Brown_Spruce_Longhorn_Beetle",22.91891,53.24421
"Brown_Spruce_Longhorn_Beetle",22.91891,53.24421
"Brown_Spruce_Longhorn_Beetle",22.91891,53.24421
"Brown_Spruce_Longhorn_Beetle",22.91891,53.24421
"Brown_Spruce_Longhorn_Beetle",22.91891,53.24421
"Brown_Spruce_Longhorn_Beetle",22.91891,53.24421
"Brown_Spruce_Longhorn_Beetle",22.91891,53.24421
"Brown_Spruce_Longhorn_Beetle",22.91891,53.24421
"Brown_Spruce_Longhorn_Beetle",22.91891,53.24421
"Brown_Spruce_Longhorn_Beetle",22.91891,53.24421
"Brown_Spruce_Longhorn_Beetle",22.91891,53.24421
"Brown_Spruce_Longhorn_Beetle",22.91891,53.24421
"Brown_Spruce_Longhorn_Beetle",22.91891,53.24421
"Brown_Spruce_Longhorn_Beetle",22.91891,53.24421
"Brown_Spruce_Longhorn_Beetle",22.91891,53.24421
"Brown_Spruce_Longhorn_Beetle",22.91891,53.24421
"Brown_Spruce_Longhorn_Beetle",22.91891,53.24421
"Brown_Spruce_Longhorn_Beetle",22.91891,53.24421
"Brown_Spruce_Longhorn_Beetle",22.91891,53.24421
"Brown_Spruce_Longhorn_Beetle",22.91891,53.24421
"Brown_Spruce_Longhorn_Beetle",22.91891,53.24421
"Brown_Spruce_Longhorn_Beetle",22.91891,53.24421
"Brown_Spruce_Longhorn_Beetle",22.91891,53.24421
"Brown_Spruce_Longhorn_Beetle",22.91891,53.24421
"Brown_Spruce_Longhorn_Beetle",22.91891,53.24421
"Brown_Spruce_Longhorn_Beetle",22.91891,53.24421
"Brown_Spruce_Longhorn_Beetle",22.91891,53.24421
"Brown_Spruce_Longhorn_Beetle",22.91891,53.24421
"Brown_Spruce_Longhorn_Beetle",22.91891,53.24421
"Brown_Spruce_Longhorn_Beetle",22.91891,53.24421
"Brown_Spruce_Longhorn_Beetle",22.91891,53.24421
"Brown_Spruce_Longhorn_Beetle",22.91891,53.24421
"Brown_Spruce_Longhorn_Beetle",22.91891,53.24421
"Brown_Spruce_Longhorn_Beetle",22.91891,53.24421
"Brown_Spruce_Longhorn_Beetle",22.91891,53.24421
"Brown_Spruce_Longhorn_Beetle",22.91891,53.24421
"Brown_Spruce_Longhorn_Beetle",22.91891,53.24421
"Brown_Spruce_Longhorn_Beetle",22.91891,53.24421
"Brown_Spruce_Longhorn_Beetle",22.91891,53.24421
"Brown_Spruce_Longhorn_Beetle",22.91891,53.24421
"Brown_Spruce_Longhorn_Beetle",22.91891,53.24421
"Brown_Spruce_Longhorn_Beetle",22.91891,53.24421
"Brown_Spruce_Longhorn_Beetle",22.91891,53.24421
"Brown_Spruce_Longhorn_Beetle",22.91891,53.24421
"Brown_Spruce_Longhorn_Beetle",22.91891,53.24421
"Brown_Spruce_Longhorn_Beetle",22.91891,53.24421
"Brown_Spruce_Longhorn_Beetle",22.91891,53.24421
"Brown_Spruce_Longhorn_Beetle",22.91891,53.24421
"Brown_Spruce_Longhorn_Beetle",22.91891,53.24421
"Brown_Spruce_Longhorn_Beetle",22.91891,53.24421
"Brown_Spruce_Longhorn_Beetle",22.91891,53.24421
"Brown_Spruce_Longhorn_Beetle",22.91891,53.24421
"Brown_Spruce_Longhorn_Beetle",22.91891,53.24421
"Brown_Spruce_Longhorn_Beetle",22.91891,53.24421
"Brown_Spruce_Longhorn_Beetle",22.91891,53.24421
"Brown_Spruce_Longhorn_Beetle",22.91891,53.24421
"Brown_Spruce_Longhorn_Beetle",22.91891,53.24421
"Brown_Spruce_Longhorn_Beetle",22.91891,53.24421
"Brown_Spruce_Longhorn_Beetle",22.91891,53.24421
"Brown_Spruce_Longhorn_Beetle",22.91891,53.24421
"Brown_Spruce_Longhorn_Beetle",22.91891,53.24421
"Brown_Spruce_Longhorn_Beetle",22.91891,53.24421
"Brown_Spruce_Longhorn_Beetle",22.91891,53.24421
"Brown_Spruce_Longhorn_Beetle",22.91891,53.24421
"Brown_Spruce_Longhorn_Beetle",22.91891,53.24421
"Brown_Spruce_Longhorn_Beetle",22.91891,53.24421
"Brown_Spruce_Longhorn_Beetle",22.91891,53.24421
"Brown_Spruce_Longhorn_Beetle",22.91891,53.24421
"Brown_Spruce_Longhorn_Beetle",22.91891,53.24421
"Brown_Spruce_Longhorn_Beetle",22.91891,53.24421
"Brown_Spruce_Longhorn_Beetle",22.91891,53.24421
"Brown_Spruce_Longhorn_Beetle",22.91891,53.24421
"Brown_Spruce_Longhorn_Beetle",22.91891,53.24421
"Brown_Spruce_Longhorn_Beetle",22.91891,53.24421
"Brown_Spruce_Longhorn_Beetle",22.91891,53.24421
"Brown_Spruce_Longhorn_Beetle",22.91891,53.24421
"Brown_Spruce_Longhorn_Beetle",22.91891,53.24421
"Brown_Spruce_Longhorn_Beetle",22.91891,53.24421
"Brown_Spruce_Longhorn_Beetle",22.91891,53.24421
"Brown_Spruce_Longhorn_Beetle",22.91891,53.24421
"Brown_Spruce_Longhorn_Beetle",22.91891,53.24421
"Brown_Spruce_Longhorn_Beetle",22.91891,53.24421
"Brown_Spruce_Longhorn_Beetle",22.91891,53.24421
"Brown_Spruce_Longhorn_Beetle",22.91891,53.24421
"Brown_Spruce_Longhorn_Beetle",22.91891,53.24421
"Brown_Spruce_Longhorn_Beetle",22.91891,53.24421
"Brown_Spruce_Longhorn_Beetle",22.91891,53.24421
"Brown_Spruce_Longhorn_Beetle",22.91891,53.24421
"Brown_Spruce_Longhorn_Beetle",22.91891,53.24421
"Brown_Spruce_Longhorn_Beetle",22.91891,53.24421
"Brown_Spruce_Longhorn_Beetle",22.91891,53.24421
"Brown_Spruce_Longhorn_Beetle",22.91891,53.24421
"Brown_Spruce_Longhorn_Beetle",22.91891,53.24421
"Brown_Spruce_Longhorn_Beetle",22.91891,53.24421
"Brown_Spruce_Longhorn_Beetle",22.91891,53.24421
"Brown_Spruce_Longhorn_Beetle",22.91891,53.24421
"Brown_Spruce_Longhorn_Beetle",22.91891,53.24421
"Brown_Spruce_Longhorn_Beetle",22.91891,53.24421
"Brown_Spruce_Longhorn_Beetle",22.91891,53.24421
"Brown_Spruce_Longhorn_Beetle",22.91891,53.24421
"Brown_Spruce_Longhorn_Beetle",22.91891,53.24421
"Brown_Spruce_Longhorn_Beetle",22.91891,53.24421
"Brown_Spruce_Longhorn_Beetle",22.91891,53.24421
"Brown_Spruce_Longhorn_Beetle",22.91891,53.24421
"Brown_Spruce_Longhorn_Beetle",22.91891,53.24421
"Brown_Spruce_Longhorn_Beetle",22.91891,53.24421
"Brown_Spruce_Longhorn_Beetle",22.91891,53.24421
"Brown_Spruce_Longhorn_Beetle",22.91891,53.24421
"Brown_Spruce_Longhorn_Beetle",22.91891,53.24421
"Brown_Spruce_Longhorn_Beetle",22.91891,53.24421
"Brown_Spruce_Longhorn_Beetle",22.91891,53.24421
"Brown_Spruce_Longhorn_Beetle",22.91891,53.24421
"Brown_Spruce_Longhorn_Beetle",22.91891,53.24421
"Brown_Spruce_Longhorn_Beetle",22.91891,53.24421
"Brown_Spruce_Longhorn_Beetle",22.91891,53.24421
"Brown_Spruce_Longhorn_Beetle",22.91891,53.24421
"Brown_Spruce_Longhorn_Beetle",22.91891,53.24421
"Brown_Spruce_Longhorn_Beetle",22.91891,53.24421
"Brown_Spruce_Longhorn_Beetle",22.91891,53.24421
"Brown_Spruce_Longhorn_Beetle",22.91891,53.24421
"Brown_Spruce_Longhorn_Beetle",22.91891,53.24421
"Brown_Spruce_Longhorn_Beetle",22.91891,53.24421
"Brown_Spruce_Longhorn_Beetle",22.91891,53.24421
"Brown_Spruce_Longhorn_Beetle",22.91891,53.24421
"Brown_Spruce_Longhorn_Beetle",22.91891,53.24421
"Brown_Spruce_Longhorn_Beetle",22.91891,53.24421
"Brown_Spruce_Longhorn_Beetle",22.91891,53.24421
"Brown_Spruce_Longhorn_Beetle",22.91891,53.24421
"Brown_Spruce_Longhorn_Beetle",22.91891,53.24421
"Brown_Spruce_Longhorn_Beetle",22.91891,53.24421
"Brown_Spruce_Longhorn_Beetle",22.91891,53.24421
"Brown_Spruce_Longhorn_Beetle",22.91891,53.24421
"Brown_Spruce_Longhorn_Beetle",22.91891,53.24421
"Brown_Spruce_Longhorn_Beetle",22.91891,53.24421
"Brown_Spruce_Longhorn_Beetle",22.91891,53.24421
"Brown_Spruce_Longhorn_Beetle",22.91891,53.24421
"Brown_Spruce_Longhorn_Beetle",22.91891,53.24421
"Brown_Spruce_Longhorn_Beetle",22.91891,53.24421
"Brown_Spruce_Longhorn_Beetle",22.91891,53.24421
"Brown_Spruce_Longhorn_Beetle",22.91891,53.24421
"Brown_Spruce_Longhorn_Beetle",22.91891,53.24421
"Brown_Spruce_Longhorn_Beetle",22.91891,53.24421
"Brown_Spruce_Longhorn_Beetle",22.91891,53.24421
"Brown_Spruce_Longhorn_Beetle",22.91891,53.24421
"Brown_Spruce_Longhorn_Beetle",22.91891,53.24421
"Brown_Spruce_Longhorn_Beetle",22.91891,53.24421
"Brown_Spruce_Longhorn_Beetle",22.91891,53.24421
"Brown_Spruce_Longhorn_Beetle",22.91891,53.24421
"Brown_Spruce_Longhorn_Beetle",22.91891,53.24421
"Brown_Spruce_Longhorn_Beetle",22.91891,53.24421
"Brown_Spruce_Longhorn_Beetle",22.91891,53.24421
"Brown_Spruce_Longhorn_Beetle",22.91891,53.24421
"Brown_Spruce_Longhorn_Beetle",22.91891,53.24421
"Brown_Spruce_Longhorn_Beetle",22.91891,53.24421
"Brown_Spruce_Longhorn_Beetle",22.91891,53.24421
"Brown_Spruce_Longhorn_Beetle",22.91891,53.24421
"Brown_Spruce_Longhorn_Beetle",22.91891,53.24421
"Brown_Spruce_Longhorn_Beetle",22.91891,53.24421
"Brown_Spruce_Longhorn_Beetle",22.91891,53.24421
"Brown_Spruce_Longhorn_Beetle",22.91891,53.24421
"Brown_Spruce_Longhorn_Beetle",22.91891,53.24421
"Brown_Spruce_Longhorn_Beetle",22.91891,53.24421
"Brown_Spruce_Longhorn_Beetle",22.91891,53.24421
"Brown_Spruce_Longhorn_Beetle",22.91891,53.24421
"Brown_Spruce_Longhorn_Beetle",22.91891,53.24421
"Brown_Spruce_Longhorn_Beetle",22.91891,53.24421
"Brown_Spruce_Longhorn_Beetle",22.91891,53.24421
"Brown_Spruce_Longhorn_Beetle",22.91891,53.24421
"Brown_Spruce_Longhorn_Beetle",22.91891,53.24421
"Brown_Spruce_Longhorn_Beetle",22.91891,53.24421
"Brown_Spruce_Longhorn_Beetle",22.91891,53.24421
"Brown_Spruce_Longhorn_Beetle",22.91891,53.24421
"Brown_Spruce_Longhorn_Beetle",22.91891,53.24421
"Brown_Spruce_Longhorn_Beetle",22.91891,53.24421
"Brown_Spruce_Longhorn_Beetle",22.91891,53.24421
"Brown_Spruce_Longhorn_Beetle",22.91891,53.24421
"Brown_Spruce_Longhorn_Beetle",22.91891,53.24421
"Brown_Spruce_Longhorn_Beetle",22.91891,53.24421
"Brown_Spruce_Longhorn_Beetle",22.91891,53.24421
"Brown_Spruce_Longhorn_Beetle",22.91891,53.24421
"Brown_Spruce_Longhorn_Beetle",22.91891,53.24421
"Brown_Spruce_Longhorn_Beetle",22.91891,53.24421
"Brown_Spruce_Longhorn_Beetle",22.91891,53.24421
"Brown_Spruce_Longhorn_Beetle",22.91891,53.24421
"Brown_Spruce_Longhorn_Beetle",22.91891,53.24421
"Brown_Spruce_Longhorn_Beetle",22.91891,53.24421
"Brown_Spruce_Longhorn_Beetle",22.91891,53.24421
"Brown_Spruce_Longhorn_Beetle",22.91891,53.24421
"Brown_Spruce_Longhorn_Beetle",22.91891,53.24421
"Brown_Spruce_Longhorn_Beetle",22.91891,53.24421
"Brown_Spruce_Longhorn_Beetle",22.91891,53.24421
"Brown_Spruce_Longhorn_Beetle",22.91891,53.24421
"Brown_Spruce_Longhorn_Beetle",22.91891,53.24421
"Brown_Spruce_Longhorn_Beetle",22.91891,53.24421
"Brown_Spruce_Longhorn_Beetle",22.91891,53.24421
"Brown_Spruce_Longhorn_Beetle",22.91891,53.24421
"Brown_Spruce_Longhorn_Beetle",22.91891,53.24421
"Brown_Spruce_Longhorn_Beetle",22.91891,53.24421
"Brown_Spruce_Longhorn_Beetle",22.91891,53.24421
"Brown_Spruce_Longhorn_Beetle",22.91891,53.24421
"Brown_Spruce_Longhorn_Beetle",22.91891,53.24421
"Brown_Spruce_Longhorn_Beetle",22.91891,53.24421
"Brown_Spruce_Longhorn_Beetle",22.91891,53.24421
"Brown_Spruce_Longhorn_Beetle",22.91891,53.24421
"Brown_Spruce_Longhorn_Beetle",22.91891,53.24421
"Brown_Spruce_Longhorn_Beetle",22.91891,53.24421
"Brown_Spruce_Longhorn_Beetle",22.91891,53.24421
"Brown_Spruce_Longhorn_Beetle",22.91891,53.24421
"Brown_Spruce_Longhorn_Beetle",22.91891,53.24421
"Brown_Spruce_Longhorn_Beetle",22.91891,53.24421
"Brown_Spruce_Longhorn_Beetle",22.91891,53.24421
"Brown_Spruce_Longhorn_Beetle",22.91891,53.24421
"Brown_Spruce_Longhorn_Beetle",22.91891,53.24421
"Brown_Spruce_Longhorn_Beetle",22.91891,53.24421
"Brown_Spruce_Longhorn_Beetle",22.91891,53.24421
"Brown_Spruce_Longhorn_Beetle",22.91891,53.24421
"Brown_Spruce_Longhorn_Beetle",22.91891,53.24421
"Brown_Spruce_Longhorn_Beetle",22.91891,53.24421
"Brown_Spruce_Longhorn_Beetle",22.91891,53.24421
"Brown_Spruce_Longhorn_Beetle",22.91891,53.24421
"Brown_Spruce_Longhorn_Beetle",22.91891,53.24421
"Brown_Spruce_Longhorn_Beetle",22.91891,53.24421
"Brown_Spruce_Longhorn_Beetle",22.91891,53.24421
"Brown_Spruce_Longhorn_Beetle",22.91891,53.24421
"Brown_Spruce_Longhorn_Beetle",22.91891,53.24421
"Brown_Spruce_Longhorn_Beetle",22.91891,53.24421
"Brown_Spruce_Longhorn_Beetle",22.91891,53.24421
"Brown_Spruce_Longhorn_Beetle",22.91891,53.24421
"Brown_Spruce_Longhorn_Beetle",22.91891,53.24421
"Brown_Spruce_Longhorn_Beetle",22.91891,53.24421
"Brown_Spruce_Longhorn_Beetle",22.91891,53.24421
"Brown_Spruce_Longhorn_Beetle",22.91891,53.24421
"Brown_Spruce_Longhorn_Beetle",22.91891,53.24421
"Brown_Spruce_Longhorn_Beetle",22.91891,53.24421
"Brown_Spruce_Longhorn_Beetle",22.91891,53.24421
"Brown_Spruce_Longhorn_Beetle",22.91891,53.24421
"Brown_Spruce_Longhorn_Beetle",22.91891,53.24421
"Brown_Spruce_Longhorn_Beetle",22.91891,53.24421
"Brown_Spruce_Longhorn_Beetle",22.91891,53.24421
"Brown_Spruce_Longhorn_Beetle",22.91891,53.24421
"Brown_Spruce_Longhorn_Beetle",22.91891,53.24421
"Brown_Spruce_Longhorn_Beetle",22.91891,53.24421
"Brown_Spruce_Longhorn_Beetle",22.91891,53.24421
"Brown_Spruce_Longhorn_Beetle",22.91891,53.24421
"Brown_Spruce_Longhorn_Beetle",22.91891,53.24421
"Brown_Spruce_Longhorn_Beetle",22.91891,53.24421
"Brown_Spruce_Longhorn_Beetle",22.91891,53.24421
"Brown_Spruce_Longhorn_Beetle",22.91891,53.24421
"Brown_Spruce_Longhorn_Beetle",22.91891,53.24421
"Brown_Spruce_Longhorn_Beetle",22.91891,53.24421
"Brown_Spruce_Longhorn_Beetle",22.91891,53.24421
"Brown_Spruce_Longhorn_Beetle",22.91891,53.24421
"Brown_Spruce_Longhorn_Beetle",22.91891,53.24421
"Brown_Spruce_Longhorn_Beetle",22.91891,53.24421
"Brown_Spruce_Longhorn_Beetle",22.91891,53.24421
"Brown_Spruce_Longhorn_Beetle",22.91891,53.24421
"Brown_Spruce_Longhorn_Beetle",22.91891,53.24421
"Brown_Spruce_Longhorn_Beetle",22.91891,53.24421
"Brown_Spruce_Longhorn_Beetle",22.91891,53.24421
"Brown_Spruce_Longhorn_Beetle",22.91891,53.24421
"Brown_Spruce_Longhorn_Beetle",22.91891,53.24421
"Brown_Spruce_Longhorn_Beetle",22.91891,53.24421
"Brown_Spruce_Longhorn_Beetle",22.91891,53.24421
"Brown_Spruce_Longhorn_Beetle",22.91891,53.24421
"Brown_Spruce_Longhorn_Beetle",22.91891,53.24421
"Brown_Spruce_Longhorn_Beetle",22.91891,53.24421
"Brown_Spruce_Longhorn_Beetle",22.91891,53.24421
"Brown_Spruce_Longhorn_Beetle",22.91891,53.24421
"Brown_Spruce_Longhorn_Beetle",22.91891,53.24421
"Brown_Spruce_Longhorn_Beetle",22.91891,53.24421
"Brown_Spruce_Longhorn_Beetle",22.91891,53.24421
"Brown_Spruce_Longhorn_Beetle",22.91891,53.24421
"Brown_Spruce_Longhorn_Beetle",22.91891,53.24421
"Brown_Spruce_Longhorn_Beetle",22.91891,53.24421
"Brown_Spruce_Longhorn_Beetle",22.91891,53.24421
"Brown_Spruce_Longhorn_Beetle",22.91891,53.24421
"Brown_Spruce_Longhorn_Beetle",22.91891,53.24421
"Brown_Spruce_Longhorn_Beetle",22.91891,53.24421
"Brown_Spruce_Longhorn_Beetle",22.91891,53.24421
"Brown_Spruce_Longhorn_Beetle",22.91891,53.24421
"Brown_Spruce_Longhorn_Beetle",22.91891,53.24421
"Brown_Spruce_Longhorn_Beetle",22.91891,53.24421
"Brown_Spruce_Longhorn_Beetle",22.91891,53.24421
"Brown_Spruce_Longhorn_Beetle",22.91891,53.24421
"Brown_Spruce_Longhorn_Beetle",22.91891,53.24421
"Brown_Spruce_Longhorn_Beetle",22.91891,53.24421
"Brown_Spruce_Longhorn_Beetle",22.91891,53.24421
"Brown_Spruce_Longhorn_Beetle",22.91891,53.24421
"Brown_Spruce_Longhorn_Beetle",22.91891,53.24421
"Brown_Spruce_Longhorn_Beetle",22.91891,53.24421
"Brown_Spruce_Longhorn_Beetle",22.91891,53.24421
"Brown_Spruce_Longhorn_Beetle",22.91891,53.24421
"Brown_Spruce_Longhorn_Beetle",22.91891,53.24421
"Brown_Spruce_Longhorn_Beetle",22.91891,53.24421
"Brown_Spruce_Longhorn_Beetle",22.91891,53.24421
"Brown_Spruce_Longhorn_Beetle",22.91891,53.24421
"Brown_Spruce_Longhorn_Beetle",22.91891,53.24421
"Brown_Spruce_Longhorn_Beetle",22.91891,53.24421
"Brown_Spruce_Longhorn_Beetle",22.91891,53.24421
"Brown_Spruce_Longhorn_Beetle",22.91891,53.24421
"Brown_Spruce_Longhorn_Beetle",22.91891,53.24421
"Brown_Spruce_Longhorn_Beetle",22.91891,53.24421
"Brown_Spruce_Longhorn_Beetle",22.91891,53.24421
"Brown_Spruce_Longhorn_Beetle",22.91891,53.24421
"Brown_Spruce_Longhorn_Beetle",22.91891,53.24421
"Brown_Spruce_Longhorn_Beetle",22.91891,53.24421
"Brown_Spruce_Longhorn_Beetle",22.91891,53.24421
"Brown_Spruce_Longhorn_Beetle",22.91891,53.24421
"Brown_Spruce_Longhorn_Beetle",22.91891,53.24421
"Brown_Spruce_Longhorn_Beetle",22.91891,53.24421
"Brown_Spruce_Longhorn_Beetle",22.91891,53.24421
"Brown_Spruce_Longhorn_Beetle",22.91891,53.24421
"Brown_Spruce_Longhorn_Beetle",22.91891,53.24421
"Brown_Spruce_Longhorn_Beetle",22.91891,53.24421
"Brown_Spruce_Longhorn_Beetle",22.91891,53.24421
"Brown_Spruce_Longhorn_Beetle",22.91891,53.24421
"Brown_Spruce_Longhorn_Beetle",22.91891,53.24421
"Brown_Spruce_Longhorn_Beetle",22.91891,53.24421
"Brown_Spruce_Longhorn_Beetle",22.91891,53.24421
"Brown_Spruce_Longhorn_Beetle",22.91891,53.24421
"Brown_Spruce_Longhorn_Beetle",22.91891,53.24421
"Brown_Spruce_Longhorn_Beetle",22.91891,53.24421
"Brown_Spruce_Longhorn_Beetle",22.91891,53.24421
"Brown_Spruce_Longhorn_Beetle",22.91891,53.24421
"Brown_Spruce_Longhorn_Beetle",22.91891,53.24421
"Brown_Spruce_Longhorn_Beetle",22.91891,53.24421
"Brown_Spruce_Longhorn_Beetle",22.91891,53.24421
"Brown_Spruce_Longhorn_Beetle",22.91891,53.24421
"Brown_Spruce_Longhorn_Beetle",22.91891,53.24421
"Brown_Spruce_Longhorn_Beetle",22.91891,53.24421
"Brown_Spruce_Longhorn_Beetle",22.91891,53.24421
"Brown_Spruce_Longhorn_Beetle",22.91891,53.24421
"Brown_Spruce_Longhorn_Beetle",22.91891,53.24421
"Brown_Spruce_Longhorn_Beetle",22.91891,53.24421
"Brown_Spruce_Longhorn_Beetle",22.91891,53.24421
"Brown_Spruce_Longhorn_Beetle",22.91891,53.24421
"Brown_Spruce_Longhorn_Beetle",22.91891,53.24421
"Brown_Spruce_Longhorn_Beetle",22.91891,53.24421
"Brown_Spruce_Longhorn_Beetle",22.91891,53.24421
"Brown_Spruce_Longhorn_Beetle",22.91891,53.24421
"Brown_Spruce_Longhorn_Beetle",22.91891,53.24421
"Brown_Spruce_Longhorn_Beetle",22.91891,53.24421
"Brown_Spruce_Longhorn_Beetle",22.91891,53.24421
"Brown_Spruce_Longhorn_Beetle",22.91891,53.24421
"Brown_Spruce_Longhorn_Beetle",22.91891,53.24421
"Brown_Spruce_Longhorn_Beetle",22.91891,53.24421
"Brown_Spruce_Longhorn_Beetle",22.91891,53.24421
"Brown_Spruce_Longhorn_Beetle",22.91891,53.24421
"Brown_Spruce_Longhorn_Beetle",22.91891,53.24421
"Brown_Spruce_Longhorn_Beetle",22.91891,53.24421
"Brown_Spruce_Longhorn_Beetle",22.91891,53.24421
"Brown_Spruce_Longhorn_Beetle",22.91891,53.24421
"Brown_Spruce_Longhorn_Beetle",22.91891,53.24421
"Brown_Spruce_Longhorn_Beetle",22.91891,53.24421
"Brown_Spruce_Longhorn_Beetle",22.91891,53.24421
"Brown_Spruce_Longhorn_Beetle",22.91891,53.24421
"Brown_Spruce_Longhorn_Beetle",22.91891,53.24421
"Brown_Spruce_Longhorn_Beetle",22.91891,53.24421
"Brown_Spruce_Longhorn_Beetle",22.91891,53.24421
"Brown_Spruce_Longhorn_Beetle",22.91891,53.24421
"Brown_Spruce_Longhorn_Beetle",22.91891,53.24421
"Brown_Spruce_Longhorn_Beetle",22.91891,53.24421
"Brown_Spruce_Longhorn_Beetle",22.91891,53.24421
"Brown_Spruce_Longhorn_Beetle",22.91891,53.24421
"Brown_Spruce_Longhorn_Beetle",22.91891,53.24421
"Brown_Spruce_Longhorn_Beetle",22.91891,53.24421
"Brown_Spruce_Longhorn_Beetle",22.91891,53.24421
"Brown_Spruce_Longhorn_Beetle",22.91891,53.24421
"Brown_Spruce_Longhorn_Beetle",22.91891,53.24421
"Brown_Spruce_Longhorn_Beetle",22.91891,53.24421
"Brown_Spruce_Longhorn_Beetle",22.91891,53.24421
"Brown_Spruce_Longhorn_Beetle",22.91891,53.24421
"Brown_Spruce_Longhorn_Beetle",22.91891,53.24421
"Brown_Spruce_Longhorn_Beetle",22.91891,53.24421
"Brown_Spruce_Longhorn_Beetle",22.91891,53.24421
"Brown_Spruce_Longhorn_Beetle",22.91891,53.24421
"Brown_Spruce_Longhorn_Beetle",22.91891,53.24421
"Brown_Spruce_Longhorn_Beetle",22.91891,53.24421
"Brown_Spruce_Longhorn_Beetle",22.91891,53.24421
"Brown_Spruce_Longhorn_Beetle",22.91891,53.24421
"Brown_Spruce_Longhorn_Beetle",22.91891,53.24421
"Brown_Spruce_Longhorn_Beetle",22.91891,53.24421
"Brown_Spruce_Longhorn_Beetle",22.91891,53.24421
"Brown_Spruce_Longhorn_Beetle",22.91891,53.24421
"Brown_Spruce_Longhorn_Beetle",22.91891,53.24421
"Brown_Spruce_Longhorn_Beetle",22.91891,53.24421
"Brown_Spruce_Longhorn_Beetle",22.91891,53.24421
"Brown_Spruce_Longhorn_Beetle",22.91891,53.24421
"Brown_Spruce_Longhorn_Beetle",22.91891,53.24421
"Brown_Spruce_Longhorn_Beetle",22.91891,53.24421
"Brown_Spruce_Longhorn_Beetle",22.91891,53.24421
"Brown_Spruce_Longhorn_Beetle",22.91891,53.24421
"Brown_Spruce_Longhorn_Beetle",22.91891,53.24421
"Brown_Spruce_Longhorn_Beetle",22.91891,53.24421
"Brown_Spruce_Longhorn_Beetle",22.91891,53.24421
"Brown_Spruce_Longhorn_Beetle",22.91891,53.24421
"Brown_Spruce_Longhorn_Beetle",22.91891,53.24421
"Brown_Spruce_Longhorn_Beetle",22.91891,53.24421
"Brown_Spruce_Longhorn_Beetle",22.91891,53.24421
"Brown_Spruce_Longhorn_Beetle",22.91891,53.24421
"Brown_Spruce_Longhorn_Beetle",22.91891,53.24421
"Brown_Spruce_Longhorn_Beetle",22.91891,53.24421
"Brown_Spruce_Longhorn_Beetle",22.91891,53.24421
"Brown_Spruce_Longhorn_Beetle",22.91891,53.24421
"Brown_Spruce_Longhorn_Beetle",22.91891,53.24421
"Brown_Spruce_Longhorn_Beetle",22.91891,53.24421
"Brown_Spruce_Longhorn_Beetle",22.91891,53.24421
"Brown_Spruce_Longhorn_Beetle",22.91891,53.24421
"Brown_Spruce_Longhorn_Beetle",22.91891,53.24421
"Brown_Spruce_Longhorn_Beetle",22.91891,53.24421
"Brown_Spruce_Longhorn_Beetle",22.91891,53.24421
"Brown_Spruce_Longhorn_Beetle",22.91891,53.24421
"Brown_Spruce_Longhorn_Beetle",22.91891,53.24421
"Brown_Spruce_Longhorn_Beetle",22.91891,53.24421
"Brown_Spruce_Longhorn_Beetle",22.91891,53.24421
"Brown_Spruce_Longhorn_Beetle",22.91891,53.24421
"Brown_Spruce_Longhorn_Beetle",22.91891,53.24421
"Brown_Spruce_Longhorn_Beetle",22.91891,53.24421
"Brown_Spruce_Longhorn_Beetle",22.91891,53.24421
"Brown_Spruce_Longhorn_Beetle",22.91891,53.24421
"Brown_Spruce_Longhorn_Beetle",22.91891,53.24421
"Brown_Spruce_Longhorn_Beetle",22.91891,53.24421
"Brown_Spruce_Longhorn_Beetle",22.91891,53.24421
"Brown_Spruce_Longhorn_Beetle",22.91891,53.24421
"Brown_Spruce_Longhorn_Beetle",22.91891,53.24421
"Brown_Spruce_Longhorn_Beetle",22.91891,53.24421
"Brown_Spruce_Longhorn_Beetle",22.91891,53.24421
"Brown_Spruce_Longhorn_Beetle",22.91891,53.24421
"Brown_Spruce_Longhorn_Beetle",22.91891,53.24421
"Brown_Spruce_Longhorn_Beetle",22.91891,53.24421
"Brown_Spruce_Longhorn_Beetle",22.91891,53.24421
"Brown_Spruce_Longhorn_Beetle",22.91891,53.24421
"Brown_Spruce_Longhorn_Beetle",22.91891,53.24421
"Brown_Spruce_Longhorn_Beetle",22.91891,53.24421
"Brown_Spruce_Longhorn_Beetle",22.91891,53.24421
"Brown_Spruce_Longhorn_Beetle",22.91891,53.24421
"Brown_Spruce_Longhorn_Beetle",22.91891,53.24421
"Brown_Spruce_Longhorn_Beetle",22.91891,53.24421
"Brown_Spruce_Longhorn_Beetle",22.91891,53.24421
"Brown_Spruce_Longhorn_Beetle",22.91891,53.24421
"Brown_Spruce_Longhorn_Beetle",22.91891,53.24421
"Brown_Spruce_Longhorn_Beetle",22.91891,53.24421
"Brown_Spruce_Longhorn_Beetle",22.91891,53.24421
"Brown_Spruce_Longhorn_Beetle",22.91891,53.24421
"Brown_Spruce_Longhorn_Beetle",22.91891,53.24421
"Brown_Spruce_Longhorn_Beetle",22.91891,53.24421
"Brown_Spruce_Longhorn_Beetle",22.91891,53.24421
"Brown_Spruce_Longhorn_Beetle",22.91891,53.24421
"Brown_Spruce_Longhorn_Beetle",22.91891,53.24421
"Brown_Spruce_Longhorn_Beetle",22.91891,53.24421
"Brown_Spruce_Longhorn_Beetle",22.91891,53.24421
"Brown_Spruce_Longhorn_Beetle",22.91891,53.24421
"Brown_Spruce_Longhorn_Beetle",22.91891,53.24421
"Brown_Spruce_Longhorn_Beetle",22.91891,53.24421
"Brown_Spruce_Longhorn_Beetle",22.91891,53.24421
"Brown_Spruce_Longhorn_Beetle",22.91891,53.24421
"Brown_Spruce_Longhorn_Beetle",22.91891,53.24421
"Brown_Spruce_Longhorn_Beetle",22.91891,53.24421
"Brown_Spruce_Longhorn_Beetle",22.91891,53.24421
"Brown_Spruce_Longhorn_Beetle",22.91891,53.24421
"Brown_Spruce_Longhorn_Beetle",22.91891,53.24421
"Brown_Spruce_Longhorn_Beetle",22.91891,53.24421
"Brown_Spruce_Longhorn_Beetle",22.91891,53.24421
"Brown_Spruce_Longhorn_Beetle",22.91891,53.24421
"Brown_Spruce_Longhorn_Beetle",22.91891,53.24421
"Brown_Spruce_Longhorn_Beetle",22.91891,53.24421
"Brown_Spruce_Longhorn_Beetle",22.91891,53.24421
"Brown_Spruce_Longhorn_Beetle",22.91891,53.24421
"Brown_Spruce_Longhorn_Beetle",22.91891,53.24421
"Brown_Spruce_Longhorn_Beetle",22.91891,53.24421
"Brown_Spruce_Longhorn_Beetle",22.91891,53.24421
"Brown_Spruce_Longhorn_Beetle",22.91891,53.24421
"Brown_Spruce_Longhorn_Beetle",22.91891,53.24421
"Brown_Spruce_Longhorn_Beetle",22.91891,53.24421
"Brown_Spruce_Longhorn_Beetle",22.91891,53.24421
"Brown_Spruce_Longhorn_Beetle",22.91891,53.24421
"Brown_Spruce_Longhorn_Beetle",22.91891,53.24421
"Brown_Spruce_Longhorn_Beetle",22.91891,53.24421
"Brown_Spruce_Longhorn_Beetle",22.91891,53.24421
"Brown_Spruce_Longhorn_Beetle",22.91891,53.24421
"Brown_Spruce_Longhorn_Beetle",22.91891,53.24421
"Brown_Spruce_Longhorn_Beetle",22.91891,53.24421
"Brown_Spruce_Longhorn_Beetle",22.91891,53.24421
"Brown_Spruce_Longhorn_Beetle",22.91891,53.24421
"Brown_Spruce_Longhorn_Beetle",22.91891,53.24421
"Brown_Spruce_Longhorn_Beetle",22.91891,53.24421
"Brown_Spruce_Longhorn_Beetle",22.91891,53.24421
"Brown_Spruce_Longhorn_Beetle",22.91891,53.24421
"Brown_Spruce_Longhorn_Beetle",22.91891,53.24421
"Brown_Spruce_Longhorn_Beetle",22.91891,53.24421
"Brown_Spruce_Longhorn_Beetle",22.91891,53.24421
"Brown_Spruce_Longhorn_Beetle",22.91891,53.24421
"Brown_Spruce_Longhorn_Beetle",22.91891,53.24421
"Brown_Spruce_Longhorn_Beetle",22.91891,53.24421
"Brown_Spruce_Longhorn_Beetle",22.91891,53.24421
"Brown_Spruce_Longhorn_Beetle",22.91891,53.24421
"Brown_Spruce_Longhorn_Beetle",22.91891,53.24421
"Brown_Spruce_Longhorn_Beetle",22.91891,53.24421
"Brown_Spruce_Longhorn_Beetle",22.91891,53.24421
"Brown_Spruce_Longhorn_Beetle",22.91891,53.24421
"Brown_Spruce_Longhorn_Beetle",22.91891,53.24421
"Brown_Spruce_Longhorn_Beetle",22.91891,53.24421
"Brown_Spruce_Longhorn_Beetle",22.91891,53.24421
"Brown_Spruce_Longhorn_Beetle",22.91891,53.24421
"Brown_Spruce_Longhorn_Beetle",22.91891,53.24421
"Brown_Spruce_Longhorn_Beetle",22.91891,53.24421
"Brown_Spruce_Longhorn_Beetle",22.91891,53.24421
"Brown_Spruce_Longhorn_Beetle",22.91891,53.24421
"Brown_Spruce_Longhorn_Beetle",22.91891,53.24421
"Brown_Spruce_Longhorn_Beetle",22.91891,53.24421
"Brown_Spruce_Longhorn_Beetle",22.91891,53.24421
"Brown_Spruce_Longhorn_Beetle",22.91891,53.24421
"Brown_Spruce_Longhorn_Beetle",22.91891,53.24421
"Brown_Spruce_Longhorn_Beetle",22.91891,53.24421
"Brown_Spruce_Longhorn_Beetle",22.91891,53.24421
"Brown_Spruce_Longhorn_Beetle",22.91891,53.24421
"Brown_Spruce_Longhorn_Beetle",22.91891,53.24421
"Brown_Spruce_Longhorn_Beetle",22.91891,53.24421
"Brown_Spruce_Longhorn_Beetle",22.91891,53.24421
"Brown_Spruce_Longhorn_Beetle",22.91891,53.24421
"Brown_Spruce_Longhorn_Beetle",22.91891,53.24421
"Brown_Spruce_Longhorn_Beetle",22.91891,53.24421
"Brown_Spruce_Longhorn_Beetle",22.91891,53.24421
"Brown_Spruce_Longhorn_Beetle",22.91891,53.24421
"Brown_Spruce_Longhorn_Beetle",22.91891,53.24421
"Brown_Spruce_Longhorn_Beetle",22.91891,53.24421
"Brown_Spruce_Longhorn_Beetle",22.91891,53.24421
"Brown_Spruce_Longhorn_Beetle",22.91891,53.24421
"Brown_Spruce_Longhorn_Beetle",22.91891,53.24421
"Brown_Spruce_Longhorn_Beetle",22.91891,53.24421
"Brown_Spruce_Longhorn_Beetle",22.91891,53.24421
"Brown_Spruce_Longhorn_Beetle",22.91891,53.24421
"Brown_Spruce_Longhorn_Beetle",22.91891,53.24421
"Brown_Spruce_Longhorn_Beetle",22.91891,53.24421
"Brown_Spruce_Longhorn_Beetle",22.91891,53.24421
"Brown_Spruce_Longhorn_Beetle",22.91891,53.24421
"Brown_Spruce_Longhorn_Beetle",22.91891,53.24421
"Brown_Spruce_Longhorn_Beetle",22.91891,53.24421
"Brown_Spruce_Longhorn_Beetle",22.91891,53.24421
"Brown_Spruce_Longhorn_Beetle",22.91891,53.24421
"Brown_Spruce_Longhorn_Beetle",22.91891,53.24421
"Brown_Spruce_Longhorn_Beetle",22.91891,53.24421
"Brown_Spruce_Longhorn_Beetle",22.91891,53.24421
"Brown_Spruce_Longhorn_Beetle",22.91891,53.24421
"Brown_Spruce_Longhorn_Beetle",22.91891,53.24421
"Brown_Spruce_Longhorn_Beetle",22.91891,53.24421
"Brown_Spruce_Longhorn_Beetle",22.91891,53.24421
"Brown_Spruce_Longhorn_Beetle",22.91891,53.24421
"Brown_Spruce_Longhorn_Beetle",22.91891,53.24421
"Brown_Spruce_Longhorn_Beetle",22.91891,53.24421
"Brown_Spruce_Longhorn_Beetle",22.91891,53.24421
"Brown_Spruce_Longhorn_Beetle",22.91891,53.24421
"Brown_Spruce_Longhorn_Beetle",22.91891,53.24421
"Brown_Spruce_Longhorn_Beetle",22.91891,53.24421
"Brown_Spruce_Longhorn_Beetle",22.91891,53.24421
"Brown_Spruce_Longhorn_Beetle",22.91891,53.24421
"Brown_Spruce_Longhorn_Beetle",22.91891,53.24421
"Brown_Spruce_Longhorn_Beetle",22.91891,53.24421
"Brown_Spruce_Longhorn_Beetle",22.91891,53.24421
"Brown_Spruce_Longhorn_Beetle",22.91891,53.24421
"Brown_Spruce_Longhorn_Beetle",22.91891,53.24421
"Brown_Spruce_Longhorn_Beetle",22.91891,53.24421
"Brown_Spruce_Longhorn_Beetle",22.91891,53.24421
"Brown_Spruce_Longhorn_Beetle",22.91891,53.24421
"Brown_Spruce_Longhorn_Beetle",22.91891,53.24421
"Brown_Spruce_Longhorn_Beetle",22.91891,53.24421
"Brown_Spruce_Longhorn_Beetle",22.91891,53.24421
"Brown_Spruce_Longhorn_Beetle",22.91891,53.24421
"Brown_Spruce_Longhorn_Beetle",22.91891,53.24421
"Brown_Spruce_Longhorn_Beetle",22.91891,53.24421
"Brown_Spruce_Longhorn_Beetle",22.91891,53.24421
"Brown_Spruce_Longhorn_Beetle",22.91891,53.24421
"Brown_Spruce_Longhorn_Beetle",22.91891,53.24421
"Brown_Spruce_Longhorn_Beetle",22.91891,53.24421
"Brown_Spruce_Longhorn_Beetle",22.91891,53.24421
"Brown_Spruce_Longhorn_Beetle",22.91891,53.24421
"Brown_Spruce_Longhorn_Beetle",22.91891,53.24421
"Brown_Spruce_Longhorn_Beetle",22.91891,53.24421
"Brown_Spruce_Longhorn_Beetle",22.91891,53.24421
"Brown_Spruce_Longhorn_Beetle",22.91891,53.24421
"Brown_Spruce_Longhorn_Beetle",22.91891,53.24421
"Brown_Spruce_Longhorn_Beetle",22.91891,53.24421
"Brown_Spruce_Longhorn_Beetle",22.91891,53.24421
"Brown_Spruce_Longhorn_Beetle",22.91891,53.24421
"Brown_Spruce_Longhorn_Beetle",22.91891,53.24421
"Brown_Spruce_Longhorn_Beetle",22.91891,53.24421
"Brown_Spruce_Longhorn_Beetle",22.91891,53.24421
"Brown_Spruce_Longhorn_Beetle",22.91891,53.24421
"Brown_Spruce_Longhorn_Beetle",22.91891,53.24421
"Brown_Spruce_Longhorn_Beetle",22.91891,53.24421
"Brown_Spruce_Longhorn_Beetle",22.91891,53.24421
"Brown_Spruce_Longhorn_Beetle",22.91891,53.24421
"Brown_Spruce_Longhorn_Beetle",22.91891,53.24421
"Brown_Spruce_Longhorn_Beetle",22.91891,53.24421
"Brown_Spruce_Longhorn_Beetle",22.91891,53.24421
"Brown_Spruce_Longhorn_Beetle",22.91891,53.24421
"Brown_Spruce_Longhorn_Beetle",22.91891,53.24421
"Brown_Spruce_Longhorn_Beetle",22.91891,53.24421
"Brown_Spruce_Longhorn_Beetle",22.91891,53.24421
"Brown_Spruce_Longhorn_Beetle",22.91891,53.24421
"Brown_Spruce_Longhorn_Beetle",22.91891,53.24421
"Brown_Spruce_Longhorn_Beetle",22.91891,53.24421
"Brown_Spruce_Longhorn_Beetle",22.91891,53.24421
"Brown_Spruce_Longhorn_Beetle",22.91891,53.24421
"Brown_Spruce_Longhorn_Beetle",22.91891,53.24421
"Brown_Spruce_Longhorn_Beetle",22.91891,53.24421
"Brown_Spruce_Longhorn_Beetle",22.91891,53.24421
"Brown_Spruce_Longhorn_Beetle",22.91891,53.24421
"Brown_Spruce_Longhorn_Beetle",22.91891,53.24421
"Brown_Spruce_Longhorn_Beetle",22.91891,53.24421
"Brown_Spruce_Longhorn_Beetle",22.91891,53.24421
"Brown_Spruce_Longhorn_Beetle",22.91891,53.24421
"Brown_Spruce_Longhorn_Beetle",22.91891,53.24421
"Brown_Spruce_Longhorn_Beetle",22.91891,53.24421
"Brown_Spruce_Longhorn_Beetle",22.91891,53.24421
"Brown_Spruce_Longhorn_Beetle",22.91891,53.24421
"Brown_Spruce_Longhorn_Beetle",22.91891,53.24421
"Brown_Spruce_Longhorn_Beetle",22.91891,53.24421
"Brown_Spruce_Longhorn_Beetle",22.91891,53.24421
"Brown_Spruce_Longhorn_Beetle",22.91891,53.24421
"Brown_Spruce_Longhorn_Beetle",22.91891,53.24421
"Brown_Spruce_Longhorn_Beetle",22.91891,53.24421
"Brown_Spruce_Longhorn_Beetle",22.91891,53.24421
"Brown_Spruce_Longhorn_Beetle",22.91891,53.24421
"Brown_Spruce_Longhorn_Beetle",22.91891,53.24421
"Brown_Spruce_Longhorn_Beetle",22.91891,53.24421
"Brown_Spruce_Longhorn_Beetle",22.91891,53.24421
"Brown_Spruce_Longhorn_Beetle",22.91891,53.24421
"Brown_Spruce_Longhorn_Beetle",22.91891,53.24421
"Brown_Spruce_Longhorn_Beetle",22.91891,53.24421
"Brown_Spruce_Longhorn_Beetle",22.91891,53.24421
"Brown_Spruce_Longhorn_Beetle",22.91891,53.24421
"Brown_Spruce_Longhorn_Beetle",22.91891,53.24421
"Brown_Spruce_Longhorn_Beetle",22.91891,53.24421
"Brown_Spruce_Longhorn_Beetle",22.91891,53.24421
"Brown_Spruce_Longhorn_Beetle",22.91891,53.24421
"Brown_Spruce_Longhorn_Beetle",22.91891,53.24421
"Brown_Spruce_Longhorn_Beetle",22.91891,53.24421
"Brown_Spruce_Longhorn_Beetle",22.91891,53.24421
"Brown_Spruce_Longhorn_Beetle",22.91891,53.24421
"Brown_Spruce_Longhorn_Beetle",22.91891,53.24421
"Brown_Spruce_Longhorn_Beetle",22.91891,53.24421
"Brown_Spruce_Longhorn_Beetle",22.91891,53.24421
"Brown_Spruce_Longhorn_Beetle",22.91891,53.24421
"Brown_Spruce_Longhorn_Beetle",22.91891,53.24421
"Brown_Spruce_Longhorn_Beetle",22.91891,53.24421
"Brown_Spruce_Longhorn_Beetle",22.91891,53.24421
"Brown_Spruce_Longhorn_Beetle",22.91891,53.24421
"Brown_Spruce_Longhorn_Beetle",22.91891,53.24421
"Brown_Spruce_Longhorn_Beetle",22.91891,53.24421
"Brown_Spruce_Longhorn_Beetle",22.91891,53.24421
"Brown_Spruce_Longhorn_Beetle",22.91891,53.24421
"Brown_Spruce_Longhorn_Beetle",22.91891,53.24421
"Brown_Spruce_Longhorn_Beetle",22.91891,53.24421
"Brown_Spruce_Longhorn_Beetle",22.91891,53.24421
"Brown_Spruce_Longhorn_Beetle",22.91891,53.24421
"Brown_Spruce_Longhorn_Beetle",22.91891,53.24421
"Brown_Spruce_Longhorn_Beetle",22.91891,53.24421
"Brown_Spruce_Longhorn_Beetle",22.91891,53.24421
"Brown_Spruce_Longhorn_Beetle",22.91891,53.24421
"Brown_Spruce_Longhorn_Beetle",22.91891,53.24421
"Brown_Spruce_Longhorn_Beetle",22.91891,53.24421
"Brown_Spruce_Longhorn_Beetle",22.91891,53.24421
"Brown_Spruce_Longhorn_Beetle",22.91891,53.24421
"Brown_Spruce_Longhorn_Beetle",22.91891,53.24421
"Brown_Spruce_Longhorn_Beetle",22.91891,53.24421
"Brown_Spruce_Longhorn_Beetle",22.91891,53.24421
"Brown_Spruce_Longhorn_Beetle",22.91891,53.24421
"Brown_Spruce_Longhorn_Beetle",22.91891,53.24421
"Brown_Spruce_Longhorn_Beetle",22.91891,53.24421
"Brown_Spruce_Longhorn_Beetle",22.91891,53.24421
"Brown_Spruce_Longhorn_Beetle",22.91891,53.24421
"Brown_Spruce_Longhorn_Beetle",22.91891,53.24421
"Brown_Spruce_Longhorn_Beetle",22.91891,53.24421
"Brown_Spruce_Longhorn_Beetle",22.91891,53.24421
"Brown_Spruce_Longhorn_Beetle",22.91891,53.24421
"Brown_Spruce_Longhorn_Beetle",22.91891,53.24421
"Brown_Spruce_Longhorn_Beetle",22.91891,53.24421
"Brown_Spruce_Longhorn_Beetle",22.91891,53.24421
"Brown_Spruce_Longhorn_Beetle",22.91891,53.24421
"Brown_Spruce_Longhorn_Beetle",22.91891,53.24421
"Brown_Spruce_Longhorn_Beetle",22.91891,53.24421
"Brown_Spruce_Longhorn_Beetle",22.91891,53.24421
"Brown_Spruce_Longhorn_Beetle",22.91891,53.24421
"Brown_Spruce_Longhorn_Beetle",22.91891,53.24421
"Brown_Spruce_Longhorn_Beetle",22.91891,53.24421
"Brown_Spruce_Longhorn_Beetle",22.91891,53.24421
"Brown_Spruce_Longhorn_Beetle",22.91891,53.24421
"Brown_Spruce_Longhorn_Beetle",22.91891,53.24421
"Brown_Spruce_Longhorn_Beetle",22.91891,53.24421
"Brown_Spruce_Longhorn_Beetle",22.91891,53.24421
"Brown_Spruce_Longhorn_Beetle",22.91891,53.24421
"Brown_Spruce_Longhorn_Beetle",22.91891,53.24421
"Brown_Spruce_Longhorn_Beetle",22.91891,53.24421
"Brown_Spruce_Longhorn_Beetle",22.91891,53.24421
"Brown_Spruce_Longhorn_Beetle",22.91891,53.24421
"Brown_Spruce_Longhorn_Beetle",22.91891,53.24421
"Brown_Spruce_Longhorn_Beetle",22.91891,53.24421
"Brown_Spruce_Longhorn_Beetle",22.91891,53.24421
"Brown_Spruce_Longhorn_Beetle",22.91891,53.24421
"Brown_Spruce_Longhorn_Beetle",22.91891,53.24421
"Brown_Spruce_Longhorn_Beetle",22.91891,53.24421
"Brown_Spruce_Longhorn_Beetle",22.91891,53.24421
"Brown_Spruce_Longhorn_Beetle",22.91891,53.24421
"Brown_Spruce_Longhorn_Beetle",22.91891,53.24421
"Brown_Spruce_Longhorn_Beetle",22.91891,53.24421
"Brown_Spruce_Longhorn_Beetle",22.91891,53.24421
"Brown_Spruce_Longhorn_Beetle",22.91891,53.24421
"Brown_Spruce_Longhorn_Beetle",22.91891,53.24421
"Brown_Spruce_Longhorn_Beetle",22.91891,53.24421
"Brown_Spruce_Longhorn_Beetle",22.91891,53.24421
"Brown_Spruce_Longhorn_Beetle",22.91891,53.24421
"Brown_Spruce_Longhorn_Beetle",22.91891,53.24421
"Brown_Spruce_Longhorn_Beetle",22.91891,53.24421
"Brown_Spruce_Longhorn_Beetle",22.91891,53.24421
"Brown_Spruce_Longhorn_Beetle",22.91891,53.24421
"Brown_Spruce_Longhorn_Beetle",22.91891,53.24421
"Brown_Spruce_Longhorn_Beetle",22.91891,53.24421
"Brown_Spruce_Longhorn_Beetle",22.91891,53.24421
"Brown_Spruce_Longhorn_Beetle",22.91891,53.24421
"Brown_Spruce_Longhorn_Beetle",22.91891,53.24421
"Brown_Spruce_Longhorn_Beetle",22.91891,53.24421
"Brown_Spruce_Longhorn_Beetle",22.91891,53.24421
"Brown_Spruce_Longhorn_Beetle",22.91891,53.24421
"Brown_Spruce_Longhorn_Beetle",22.91891,53.24421
"Brown_Spruce_Longhorn_Beetle",22.91891,53.24421
"Brown_Spruce_Longhorn_Beetle",22.91891,53.24421
"Brown_Spruce_Longhorn_Beetle",22.91891,53.24421
"Brown_Spruce_Longhorn_Beetle",22.91891,53.24421
"Brown_Spruce_Longhorn_Beetle",22.91891,53.24421
"Brown_Spruce_Longhorn_Beetle",22.91891,53.24421
"Brown_Spruce_Longhorn_Beetle",22.91891,53.24421
"Brown_Spruce_Longhorn_Beetle",22.91891,53.24421
"Brown_Spruce_Longhorn_Beetle",22.91891,53.24421
"Brown_Spruce_Longhorn_Beetle",22.91891,53.24421
"Brown_Spruce_Longhorn_Beetle",22.91891,53.24421
"Brown_Spruce_Longhorn_Beetle",22.91891,53.24421
"Brown_Spruce_Longhorn_Beetle",22.91891,53.24421
"Brown_Spruce_Longhorn_Beetle",22.91891,53.24421
"Brown_Spruce_Longhorn_Beetle",22.91891,53.24421
"Brown_Spruce_Longhorn_Beetle",22.91891,53.24421
"Brown_Spruce_Longhorn_Beetle",22.91891,53.24421
"Brown_Spruce_Longhorn_Beetle",22.91891,53.24421
"Brown_Spruce_Longhorn_Beetle",22.91891,53.24421
"Brown_Spruce_Longhorn_Beetle",22.91891,53.24421
"Brown_Spruce_Longhorn_Beetle",22.91891,53.24421
"Brown_Spruce_Longhorn_Beetle",22.91891,53.24421
"Brown_Spruce_Longhorn_Beetle",22.91891,53.24421
"Brown_Spruce_Longhorn_Beetle",22.91891,53.24421
"Brown_Spruce_Longhorn_Beetle",22.91891,53.24421
"Brown_Spruce_Longhorn_Beetle",22.91891,53.24421
"Brown_Spruce_Longhorn_Beetle",22.91891,53.24421
"Brown_Spruce_Longhorn_Beetle",22.91891,53.24421
"Brown_Spruce_Longhorn_Beetle",22.91891,53.24421
"Brown_Spruce_Longhorn_Beetle",22.91891,53.24421
"Brown_Spruce_Longhorn_Beetle",22.91891,53.24421
"Brown_Spruce_Longhorn_Beetle",22.91891,53.24421
"Brown_Spruce_Longhorn_Beetle",22.91891,53.24421
"Brown_Spruce_Longhorn_Beetle",22.91891,53.24421
"Brown_Spruce_Longhorn_Beetle",22.91891,53.24421
"Brown_Spruce_Longhorn_Beetle",22.91891,53.24421
"Brown_Spruce_Longhorn_Beetle",22.91891,53.24421
"Brown_Spruce_Longhorn_Beetle",22.91891,53.24421
"Brown_Spruce_Longhorn_Beetle",22.91891,53.24421
"Brown_Spruce_Longhorn_Beetle",22.91891,53.24421
"Brown_Spruce_Longhorn_Beetle",22.91891,53.24421
"Brown_Spruce_Longhorn_Beetle",22.91891,53.24421
"Brown_Spruce_Longhorn_Beetle",22.91891,53.24421
"Brown_Spruce_Longhorn_Beetle",22.91891,53.24421
"Brown_Spruce_Longhorn_Beetle",22.91891,53.24421
"Brown_Spruce_Longhorn_Beetle",22.91891,53.24421
"Brown_Spruce_Longhorn_Beetle",22.91891,53.24421
"Brown_Spruce_Longhorn_Beetle",22.91891,53.24421
"Brown_Spruce_Longhorn_Beetle",22.91891,53.24421
"Brown_Spruce_Longhorn_Beetle",22.91891,53.24421
"Brown_Spruce_Longhorn_Beetle",22.91891,53.24421
"Brown_Spruce_Longhorn_Beetle",22.91891,53.24421
"Brown_Spruce_Longhorn_Beetle",22.91891,53.24421
"Brown_Spruce_Longhorn_Beetle",22.91891,53.24421
"Brown_Spruce_Longhorn_Beetle",22.91891,53.24421
"Brown_Spruce_Longhorn_Beetle",22.91891,53.24421
"Brown_Spruce_Longhorn_Beetle",22.91891,53.24421
"Brown_Spruce_Longhorn_Beetle",22.91891,53.24421
"Brown_Spruce_Longhorn_Beetle",22.91891,53.24421
"Brown_Spruce_Longhorn_Beetle",22.91891,53.24421
"Brown_Spruce_Longhorn_Beetle",22.91891,53.24421
"Brown_Spruce_Longhorn_Beetle",22.91891,53.24421
"Brown_Spruce_Longhorn_Beetle",22.91891,53.24421
"Brown_Spruce_Longhorn_Beetle",22.91891,53.24421
"Brown_Spruce_Longhorn_Beetle",22.91891,53.24421
"Brown_Spruce_Longhorn_Beetle",22.91891,53.24421
"Brown_Spruce_Longhorn_Beetle",22.91891,53.24421
"Brown_Spruce_Longhorn_Beetle",22.91891,53.24421
"Brown_Spruce_Longhorn_Beetle",22.91891,53.24421
"Brown_Spruce_Longhorn_Beetle",22.91891,53.24421
"Brown_Spruce_Longhorn_Beetle",22.91891,53.24421
"Brown_Spruce_Longhorn_Beetle",22.91891,53.24421
"Brown_Spruce_Longhorn_Beetle",22.91891,53.24421
"Brown_Spruce_Longhorn_Beetle",22.91891,53.24421
"Brown_Spruce_Longhorn_Beetle",22.91891,53.24421
"Brown_Spruce_Longhorn_Beetle",22.91891,53.24421
"Brown_Spruce_Longhorn_Beetle",22.91891,53.24421
"Brown_Spruce_Longhorn_Beetle",22.91891,53.24421
"Brown_Spruce_Longhorn_Beetle",22.91891,53.24421
"Brown_Spruce_Longhorn_Beetle",22.91891,53.24421
"Brown_Spruce_Longhorn_Beetle",22.91891,53.24421
"Brown_Spruce_Longhorn_Beetle",22.91891,53.24421
"Brown_Spruce_Longhorn_Beetle",22.91891,53.24421
"Brown_Spruce_Longhorn_Beetle",22.91891,53.24421
"Brown_Spruce_Longhorn_Beetle",22.91891,53.24421
"Brown_Spruce_Longhorn_Beetle",22.91891,53.24421
"Brown_Spruce_Longhorn_Beetle",22.91891,53.24421
"Brown_Spruce_Longhorn_Beetle",22.91891,53.24421
"Brown_Spruce_Longhorn_Beetle",22.91891,53.24421
"Brown_Spruce_Longhorn_Beetle",22.91891,53.24421
"Brown_Spruce_Longhorn_Beetle",22.91891,53.24421
"Brown_Spruce_Longhorn_Beetle",22.91891,53.24421
"Brown_Spruce_Longhorn_Beetle",22.91891,53.24421
"Brown_Spruce_Longhorn_Beetle",22.91891,53.24421
"Brown_Spruce_Longhorn_Beetle",22.91891,53.24421
"Brown_Spruce_Longhorn_Beetle",22.91891,53.24421
"Brown_Spruce_Longhorn_Beetle",22.91891,53.24421
"Brown_Spruce_Longhorn_Beetle",22.91891,53.24421
"Brown_Spruce_Longhorn_Beetle",22.91891,53.24421
"Brown_Spruce_Longhorn_Beetle",22.91891,53.24421
"Brown_Spruce_Longhorn_Beetle",22.91891,53.24421
"Brown_Spruce_Longhorn_Beetle",22.91891,53.24421
"Brown_Spruce_Longhorn_Beetle",22.91891,53.24421
"Brown_Spruce_Longhorn_Beetle",22.91891,53.24421
"Brown_Spruce_Longhorn_Beetle",22.91891,53.24421
"Brown_Spruce_Longhorn_Beetle",22.91891,53.24421
"Brown_Spruce_Longhorn_Beetle",22.91891,53.24421
"Brown_Spruce_Longhorn_Beetle",22.91891,53.24421
"Brown_Spruce_Longhorn_Beetle",22.91891,53.24421
"Brown_Spruce_Longhorn_Beetle",22.91891,53.24421
"Brown_Spruce_Longhorn_Beetle",22.91891,53.24421
"Brown_Spruce_Longhorn_Beetle",22.91891,53.24421
"Brown_Spruce_Longhorn_Beetle",22.91891,53.24421
"Brown_Spruce_Longhorn_Beetle",22.91891,53.24421
"Brown_Spruce_Longhorn_Beetle",22.91891,53.24421
"Brown_Spruce_Longhorn_Beetle",22.91891,53.24421
"Brown_Spruce_Longhorn_Beetle",22.91891,53.24421
"Brown_Spruce_Longhorn_Beetle",22.91891,53.24421
"Brown_Spruce_Longhorn_Beetle",22.91891,53.24421
"Brown_Spruce_Longhorn_Beetle",22.91891,53.24421
"Brown_Spruce_Longhorn_Beetle",22.91891,53.24421
"Brown_Spruce_Longhorn_Beetle",22.91891,53.24421
"Brown_Spruce_Longhorn_Beetle",22.91891,53.24421
"Brown_Spruce_Longhorn_Beetle",22.91891,53.24421
"Brown_Spruce_Longhorn_Beetle",22.91891,53.24421
"Brown_Spruce_Longhorn_Beetle",22.91891,53.24421
"Brown_Spruce_Longhorn_Beetle",22.91891,53.24421
"Brown_Spruce_Longhorn_Beetle",22.91891,53.24421
"Brown_Spruce_Longhorn_Beetle",22.91891,53.24421
"Brown_Spruce_Longhorn_Beetle",22.91891,53.24421
"Brown_Spruce_Longhorn_Beetle",22.91891,53.24421
"Brown_Spruce_Longhorn_Beetle",22.91891,53.24421
"Brown_Spruce_Longhorn_Beetle",22.91891,53.24421
"Brown_Spruce_Longhorn_Beetle",22.91891,53.24421
"Brown_Spruce_Longhorn_Beetle",22.91891,53.24421
"Brown_Spruce_Longhorn_Beetle",22.91891,53.24421
"Brown_Spruce_Longhorn_Beetle",22.91891,53.24421
"Brown_Spruce_Longhorn_Beetle",22.91891,53.24421
"Brown_Spruce_Longhorn_Beetle",22.91891,53.24421
"Brown_Spruce_Longhorn_Beetle",22.91891,53.24421
"Brown_Spruce_Longhorn_Beetle",22.91891,53.24421
"Brown_Spruce_Longhorn_Beetle",22.91891,53.24421
"Brown_Spruce_Longhorn_Beetle",22.91891,53.24421
"Brown_Spruce_Longhorn_Beetle",22.91891,53.24421
"Brown_Spruce_Longhorn_Beetle",22.91891,53.24421
"Brown_Spruce_Longhorn_Beetle",22.91891,53.24421
"Brown_Spruce_Longhorn_Beetle",22.91891,53.24421
"Brown_Spruce_Longhorn_Beetle",22.91891,53.24421
"Brown_Spruce_Longhorn_Beetle",22.91891,53.24421
"Brown_Spruce_Longhorn_Beetle",22.91891,53.24421
"Brown_Spruce_Longhorn_Beetle",22.91891,53.24421
"Brown_Spruce_Longhorn_Beetle",22.91891,53.24421
"Brown_Spruce_Longhorn_Beetle",22.91891,53.24421
"Brown_Spruce_Longhorn_Beetle",22.91891,53.24421
"Brown_Spruce_Longhorn_Beetle",22.91891,53.24421
"Brown_Spruce_Longhorn_Beetle",22.91891,53.24421
"Brown_Spruce_Longhorn_Beetle",22.91891,53.24421
"Brown_Spruce_Longhorn_Beetle",22.91891,53.24421
"Brown_Spruce_Longhorn_Beetle",22.91891,53.24421
"Brown_Spruce_Longhorn_Beetle",22.91891,53.24421
"Brown_Spruce_Longhorn_Beetle",22.91891,53.24421
"Brown_Spruce_Longhorn_Beetle",22.91891,53.24421
"Brown_Spruce_Longhorn_Beetle",22.91891,53.24421
"Brown_Spruce_Longhorn_Beetle",22.91891,53.24421
"Brown_Spruce_Longhorn_Beetle",22.91891,53.24421
"Brown_Spruce_Longhorn_Beetle",22.91891,53.24421
"Brown_Spruce_Longhorn_Beetle",22.91891,53.24421
"Brown_Spruce_Longhorn_Beetle",22.91891,53.24421
"Brown_Spruce_Longhorn_Beetle",22.91891,53.24421
"Brown_Spruce_Longhorn_Beetle",22.91891,53.24421
"Brown_Spruce_Longhorn_Beetle",22.91891,53.24421
"Brown_Spruce_Longhorn_Beetle",22.91891,53.24421
"Brown_Spruce_Longhorn_Beetle",22.91891,53.24421
"Brown_Spruce_Longhorn_Beetle",22.91891,53.24421
"Brown_Spruce_Longhorn_Beetle",22.91891,53.24421
"Brown_Spruce_Longhorn_Beetle",22.91891,53.24421
"Brown_Spruce_Longhorn_Beetle",22.91891,53.24421
"Brown_Spruce_Longhorn_Beetle",22.91891,53.24421
"Brown_Spruce_Longhorn_Beetle",22.91891,53.24421
"Brown_Spruce_Longhorn_Beetle",22.91891,53.24421
"Brown_Spruce_Longhorn_Beetle",22.91891,53.24421
"Brown_Spruce_Longhorn_Beetle",22.91891,53.24421
"Brown_Spruce_Longhorn_Beetle",22.91891,53.24421
"Brown_Spruce_Longhorn_Beetle",22.91891,53.24421
"Brown_Spruce_Longhorn_Beetle",22.91891,53.24421
"Brown_Spruce_Longhorn_Beetle",22.91891,53.24421
"Brown_Spruce_Longhorn_Beetle",22.91891,53.24421
"Brown_Spruce_Longhorn_Beetle",22.91891,53.24421
"Brown_Spruce_Longhorn_Beetle",22.91891,53.24421
"Brown_Spruce_Longhorn_Beetle",22.91891,53.24421
"Brown_Spruce_Longhorn_Beetle",22.91891,53.24421
"Brown_Spruce_Longhorn_Beetle",22.91891,53.24421
"Brown_Spruce_Longhorn_Beetle",22.91891,53.24421
"Brown_Spruce_Longhorn_Beetle",22.91891,53.24421
"Brown_Spruce_Longhorn_Beetle",22.91891,53.24421
"Brown_Spruce_Longhorn_Beetle",22.91891,53.24421
"Brown_Spruce_Longhorn_Beetle",22.91891,53.24421
"Brown_Spruce_Longhorn_Beetle",22.91891,53.24421
"Brown_Spruce_Longhorn_Beetle",22.91891,53.24421
"Brown_Spruce_Longhorn_Beetle",22.91891,53.24421
"Brown_Spruce_Longhorn_Beetle",22.91891,53.24421
"Brown_Spruce_Longhorn_Beetle",22.91891,53.24421
"Brown_Spruce_Longhorn_Beetle",22.91891,53.24421
"Brown_Spruce_Longhorn_Beetle",22.91891,53.24421
"Brown_Spruce_Longhorn_Beetle",22.91891,53.24421
"Brown_Spruce_Longhorn_Beetle",22.91891,53.24421
"Brown_Spruce_Longhorn_Beetle",22.91891,53.24421
"Brown_Spruce_Longhorn_Beetle",22.91891,53.24421
"Brown_Spruce_Longhorn_Beetle",22.91891,53.24421
"Brown_Spruce_Longhorn_Beetle",22.91891,53.24421
"Brown_Spruce_Longhorn_Beetle",22.91891,53.24421
"Brown_Spruce_Longhorn_Beetle",22.91891,53.24421
"Brown_Spruce_Longhorn_Beetle",22.91891,53.24421
"Brown_Spruce_Longhorn_Beetle",22.91891,53.24421
"Brown_Spruce_Longhorn_Beetle",22.91891,53.24421
"Brown_Spruce_Longhorn_Beetle",22.91891,53.24421
"Brown_Spruce_Longhorn_Beetle",22.91891,53.24421
"Brown_Spruce_Longhorn_Beetle",22.91891,53.24421
"Brown_Spruce_Longhorn_Beetle",22.91891,53.24421
"Brown_Spruce_Longhorn_Beetle",22.91891,53.24421
"Brown_Spruce_Longhorn_Beetle",22.91891,53.24421
"Brown_Spruce_Longhorn_Beetle",22.91891,53.24421
"Brown_Spruce_Longhorn_Beetle",22.91891,53.24421
"Brown_Spruce_Longhorn_Beetle",22.91891,53.24421
"Brown_Spruce_Longhorn_Beetle",22.91891,53.24421
"Brown_Spruce_Longhorn_Beetle",22.91891,53.24421
"Brown_Spruce_Longhorn_Beetle",22.91891,53.24421
"Brown_Spruce_Longhorn_Beetle",22.91891,53.24421
"Brown_Spruce_Longhorn_Beetle",22.91891,53.24421
"Brown_Spruce_Longhorn_Beetle",22.91891,53.24421
"Brown_Spruce_Longhorn_Beetle",22.91891,53.24421
"Brown_Spruce_Longhorn_Beetle",22.91891,53.24421
"Brown_Spruce_Longhorn_Beetle",22.91891,53.24421
"Brown_Spruce_Longhorn_Beetle",22.91891,53.24421
"Brown_Spruce_Longhorn_Beetle",22.91891,53.24421
"Brown_Spruce_Longhorn_Beetle",22.91891,53.24421
"Brown_Spruce_Longhorn_Beetle",22.91891,53.24421
"Brown_Spruce_Longhorn_Beetle",22.91891,53.24421
"Brown_Spruce_Longhorn_Beetle",22.91891,53.24421
"Brown_Spruce_Longhorn_Beetle",22.91891,53.24421
"Brown_Spruce_Longhorn_Beetle",22.91891,53.24421
"Brown_Spruce_Longhorn_Beetle",22.91891,53.24421
"Brown_Spruce_Longhorn_Beetle",22.91891,53.24421
"Brown_Spruce_Longhorn_Beetle",22.91891,53.24421
"Brown_Spruce_Longhorn_Beetle",22.91891,53.24421
"Brown_Spruce_Longhorn_Beetle",22.91891,53.24421
"Brown_Spruce_Longhorn_Beetle",22.91891,53.24421
"Brown_Spruce_Longhorn_Beetle",22.91891,53.24421
"Brown_Spruce_Longhorn_Beetle",22.91891,53.24421
"Brown_Spruce_Longhorn_Beetle",22.91891,53.24421
"Brown_Spruce_Longhorn_Beetle",22.91891,53.24421
"Brown_Spruce_Longhorn_Beetle",22.91891,53.24421
"Brown_Spruce_Longhorn_Beetle",22.91891,53.24421
"Brown_Spruce_Longhorn_Beetle",22.91891,53.24421
"Brown_Spruce_Longhorn_Beetle",22.91891,53.24421
"Brown_Spruce_Longhorn_Beetle",22.91891,53.24421
"Brown_Spruce_Longhorn_Beetle",22.91891,53.24421
"Brown_Spruce_Longhorn_Beetle",22.91891,53.24421
"Brown_Spruce_Longhorn_Beetle",22.91891,53.24421
"Brown_Spruce_Longhorn_Beetle",22.91891,53.24421
"Brown_Spruce_Longhorn_Beetle",22.91891,53.24421
"Brown_Spruce_Longhorn_Beetle",22.91891,53.24421
"Brown_Spruce_Longhorn_Beetle",22.91891,53.24421
"Brown_Spruce_Longhorn_Beetle",22.91891,53.24421
"Brown_Spruce_Longhorn_Beetle",22.91891,53.24421
"Brown_Spruce_Longhorn_Beetle",22.91891,53.24421
"Brown_Spruce_Longhorn_Beetle",22.91891,53.24421
"Brown_Spruce_Longhorn_Beetle",22.91891,53.24421
"Brown_Spruce_Longhorn_Beetle",22.91891,53.24421
"Brown_Spruce_Longhorn_Beetle",22.91891,53.24421
"Brown_Spruce_Longhorn_Beetle",22.91891,53.24421
"Brown_Spruce_Longhorn_Beetle",22.91891,53.24421
"Brown_Spruce_Longhorn_Beetle",22.91891,53.24421
"Brown_Spruce_Longhorn_Beetle",22.91891,53.24421
"Brown_Spruce_Longhorn_Beetle",22.91891,53.24421
"Brown_Spruce_Longhorn_Beetle",22.91891,53.24421
"Brown_Spruce_Longhorn_Beetle",22.91891,53.24421
"Brown_Spruce_Longhorn_Beetle",22.91891,53.24421
"Brown_Spruce_Longhorn_Beetle",22.91891,53.24421
"Brown_Spruce_Longhorn_Beetle",22.91891,53.24421
"Brown_Spruce_Longhorn_Beetle",22.91891,53.24421
"Brown_Spruce_Longhorn_Beetle",22.91891,53.24421
"Brown_Spruce_Longhorn_Beetle",22.91891,53.24421
"Brown_Spruce_Longhorn_Beetle",22.91891,53.24421
"Brown_Spruce_Longhorn_Beetle",22.91891,53.24421
"Brown_Spruce_Longhorn_Beetle",22.91891,53.24421
"Brown_Spruce_Longhorn_Beetle",22.91891,53.24421
"Brown_Spruce_Longhorn_Beetle",22.91891,53.24421
"Brown_Spruce_Longhorn_Beetle",22.91891,53.24421
"Brown_Spruce_Longhorn_Beetle",22.91891,53.24421
"Brown_Spruce_Longhorn_Beetle",22.91891,53.24421
"Brown_Spruce_Longhorn_Beetle",22.91891,53.24421
"Brown_Spruce_Longhorn_Beetle",22.91891,53.24421
"Brown_Spruce_Longhorn_Beetle",22.91891,53.24421
"Brown_Spruce_Longhorn_Beetle",22.91891,53.24421
"Brown_Spruce_Longhorn_Beetle",22.91891,53.24421
"Brown_Spruce_Longhorn_Beetle",22.91891,53.24421
"Brown_Spruce_Longhorn_Beetle",22.91891,53.24421
"Brown_Spruce_Longhorn_Beetle",22.91891,53.24421
"Brown_Spruce_Longhorn_Beetle",22.91891,53.24421
"Brown_Spruce_Longhorn_Beetle",22.91891,53.24421
"Brown_Spruce_Longhorn_Beetle",22.91891,53.24421
"Brown_Spruce_Longhorn_Beetle",22.91891,53.24421
"Brown_Spruce_Longhorn_Beetle",22.91891,53.24421
"Brown_Spruce_Longhorn_Beetle",22.91891,53.24421
"Brown_Spruce_Longhorn_Beetle",22.91891,53.24421
"Brown_Spruce_Longhorn_Beetle",22.91891,53.24421
"Brown_Spruce_Longhorn_Beetle",22.91891,53.24421
"Brown_Spruce_Longhorn_Beetle",22.91891,53.24421
"Brown_Spruce_Longhorn_Beetle",22.91891,53.24421
"Brown_Spruce_Longhorn_Beetle",22.91891,53.24421
"Brown_Spruce_Longhorn_Beetle",22.91891,53.24421
"Brown_Spruce_Longhorn_Beetle",22.91891,53.24421
"Brown_Spruce_Longhorn_Beetle",22.91891,53.24421
"Brown_Spruce_Longhorn_Beetle",22.91891,53.24421
"Brown_Spruce_Longhorn_Beetle",22.91891,53.24421
"Brown_Spruce_Longhorn_Beetle",22.91891,53.24421
"Brown_Spruce_Longhorn_Beetle",22.91891,53.24421
"Brown_Spruce_Longhorn_Beetle",22.91891,53.24421
"Brown_Spruce_Longhorn_Beetle",22.91891,53.24421
"Brown_Spruce_Longhorn_Beetle",22.91891,53.24421
"Brown_Spruce_Longhorn_Beetle",22.91891,53.24421
"Brown_Spruce_Longhorn_Beetle",22.91891,53.24421
"Brown_Spruce_Longhorn_Beetle",25.3363,53.748
"Brown_Spruce_Longhorn_Beetle",22.91891,53.24421
"Brown_Spruce_Longhorn_Beetle",22.91891,53.24421
"Brown_Spruce_Longhorn_Beetle",22.91891,53.24421
"Brown_Spruce_Longhorn_Beetle",22.91891,53.24421
"Brown_Spruce_Longhorn_Beetle",22.91891,53.24421
"Brown_Spruce_Longhorn_Beetle",22.91891,53.24421
"Brown_Spruce_Longhorn_Beetle",22.91891,53.24421
"Brown_Spruce_Longhorn_Beetle",22.91891,53.24421
"Brown_Spruce_Longhorn_Beetle",22.91891,53.24421
"Brown_Spruce_Longhorn_Beetle",22.91891,53.24421
"Brown_Spruce_Longhorn_Beetle",22.91891,53.24421
"Brown_Spruce_Longhorn_Beetle",22.91891,53.24421
"Brown_Spruce_Longhorn_Beetle",22.91891,53.24421
"Brown_Spruce_Longhorn_Beetle",22.91891,53.24421
"Brown_Spruce_Longhorn_Beetle",22.91891,53.24421
"Brown_Spruce_Longhorn_Beetle",22.91891,53.24421
"Brown_Spruce_Longhorn_Beetle",22.91891,53.24421
"Brown_Spruce_Longhorn_Beetle",22.91891,53.24421
"Brown_Spruce_Longhorn_Beetle",22.91891,53.24421
"Brown_Spruce_Longhorn_Beetle",22.91891,53.24421
"Brown_Spruce_Longhorn_Beetle",22.91891,53.24421
"Brown_Spruce_Longhorn_Beetle",22.91891,53.24421
"Brown_Spruce_Longhorn_Beetle",22.91891,53.24421
"Brown_Spruce_Longhorn_Beetle",22.91891,53.24421
"Brown_Spruce_Longhorn_Beetle",22.91891,53.24421
"Brown_Spruce_Longhorn_Beetle",22.91891,53.24421
"Brown_Spruce_Longhorn_Beetle",22.91891,53.24421
"Brown_Spruce_Longhorn_Beetle",22.91891,53.24421
"Brown_Spruce_Longhorn_Beetle",22.91891,53.24421
"Brown_Spruce_Longhorn_Beetle",22.91891,53.24421
"Brown_Spruce_Longhorn_Beetle",22.91891,53.24421
"Brown_Spruce_Longhorn_Beetle",22.91891,53.24421
"Brown_Spruce_Longhorn_Beetle",22.91891,53.24421
"Brown_Spruce_Longhorn_Beetle",22.91891,53.24421
"Brown_Spruce_Longhorn_Beetle",22.91891,53.24421
"Brown_Spruce_Longhorn_Beetle",22.91891,53.24421
"Brown_Spruce_Longhorn_Beetle",22.91891,53.24421
"Brown_Spruce_Longhorn_Beetle",22.91891,53.24421
"Brown_Spruce_Longhorn_Beetle",22.91891,53.24421
"Brown_Spruce_Longhorn_Beetle",22.91891,53.24421
"Brown_Spruce_Longhorn_Beetle",22.91891,53.24421
"Brown_Spruce_Longhorn_Beetle",22.91891,53.24421
"Brown_Spruce_Longhorn_Beetle",22.91891,53.24421
"Brown_Spruce_Longhorn_Beetle",22.91891,53.24421
"Brown_Spruce_Longhorn_Beetle",22.91891,53.24421
"Brown_Spruce_Longhorn_Beetle",22.91891,53.24421
"Brown_Spruce_Longhorn_Beetle",22.91891,53.24421
"Brown_Spruce_Longhorn_Beetle",22.91891,53.24421
"Brown_Spruce_Longhorn_Beetle",22.91891,53.24421
"Brown_Spruce_Longhorn_Beetle",22.91891,53.24421
"Brown_Spruce_Longhorn_Beetle",22.91891,53.24421
"Brown_Spruce_Longhorn_Beetle",22.91891,53.24421
"Brown_Spruce_Longhorn_Beetle",22.91891,53.24421
"Brown_Spruce_Longhorn_Beetle",22.91891,53.24421
"Brown_Spruce_Longhorn_Beetle",22.91891,53.24421
"Brown_Spruce_Longhorn_Beetle",22.91891,53.24421
"Brown_Spruce_Longhorn_Beetle",22.91891,53.24421
"Brown_Spruce_Longhorn_Beetle",22.91891,53.24421
"Brown_Spruce_Longhorn_Beetle",22.91891,53.24421
"Brown_Spruce_Longhorn_Beetle",22.91891,53.24421
"Brown_Spruce_Longhorn_Beetle",22.91891,53.24421
"Brown_Spruce_Longhorn_Beetle",22.91891,53.24421
"Brown_Spruce_Longhorn_Beetle",22.91891,53.24421
"Brown_Spruce_Longhorn_Beetle",22.91891,53.24421
"Brown_Spruce_Longhorn_Beetle",22.91891,53.24421
"Brown_Spruce_Longhorn_Beetle",22.91891,53.24421
"Brown_Spruce_Longhorn_Beetle",22.91891,53.24421
"Brown_Spruce_Longhorn_Beetle",22.91891,53.24421
"Brown_Spruce_Longhorn_Beetle",22.91891,53.24421
"Brown_Spruce_Longhorn_Beetle",22.91891,53.24421
"Brown_Spruce_Longhorn_Beetle",22.91891,53.24421
"Brown_Spruce_Longhorn_Beetle",22.91891,53.24421
"Brown_Spruce_Longhorn_Beetle",22.91891,53.24421
"Brown_Spruce_Longhorn_Beetle",22.91891,53.24421
"Brown_Spruce_Longhorn_Beetle",22.91891,53.24421
"Brown_Spruce_Longhorn_Beetle",22.91891,53.24421
"Brown_Spruce_Longhorn_Beetle",22.91891,53.24421
"Brown_Spruce_Longhorn_Beetle",22.91891,53.24421
"Brown_Spruce_Longhorn_Beetle",22.91891,53.24421
"Brown_Spruce_Longhorn_Beetle",22.91891,53.24421
"Brown_Spruce_Longhorn_Beetle",22.91891,53.24421
"Brown_Spruce_Longhorn_Beetle",22.91891,53.24421
"Brown_Spruce_Longhorn_Beetle",22.91891,53.24421
"Brown_Spruce_Longhorn_Beetle",22.91891,53.24421
"Brown_Spruce_Longhorn_Beetle",22.91891,53.24421
"Brown_Spruce_Longhorn_Beetle",22.91891,53.24421
"Brown_Spruce_Longhorn_Beetle",22.91891,53.24421
"Brown_Spruce_Longhorn_Beetle",22.91891,53.24421
"Brown_Spruce_Longhorn_Beetle",22.91891,53.24421
"Brown_Spruce_Longhorn_Beetle",22.91891,53.24421
"Brown_Spruce_Longhorn_Beetle",22.91891,53.24421
"Brown_Spruce_Longhorn_Beetle",22.91891,53.24421
"Brown_Spruce_Longhorn_Beetle",22.91891,53.24421
"Brown_Spruce_Longhorn_Beetle",22.91891,53.24421
"Brown_Spruce_Longhorn_Beetle",22.91891,53.24421
"Brown_Spruce_Longhorn_Beetle",22.91891,53.24421
"Brown_Spruce_Longhorn_Beetle",22.91891,53.24421
"Brown_Spruce_Longhorn_Beetle",22.91891,53.24421
"Brown_Spruce_Longhorn_Beetle",22.91891,53.24421
"Brown_Spruce_Longhorn_Beetle",22.91891,53.24421
"Brown_Spruce_Longhorn_Beetle",22.91891,53.24421
"Brown_Spruce_Longhorn_Beetle",22.91891,53.24421
"Brown_Spruce_Longhorn_Beetle",22.91891,53.24421
"Brown_Spruce_Longhorn_Beetle",22.91891,53.24421
"Brown_Spruce_Longhorn_Beetle",22.91891,53.24421
"Brown_Spruce_Longhorn_Beetle",22.91891,53.24421
"Brown_Spruce_Longhorn_Beetle",22.91891,53.24421
"Brown_Spruce_Longhorn_Beetle",22.91891,53.24421
"Brown_Spruce_Longhorn_Beetle",22.91891,53.24421
"Brown_Spruce_Longhorn_Beetle",22.91891,53.24421
"Brown_Spruce_Longhorn_Beetle",22.91891,53.24421
"Brown_Spruce_Longhorn_Beetle",22.91891,53.24421
"Brown_Spruce_Longhorn_Beetle",22.91891,53.24421
"Brown_Spruce_Longhorn_Beetle",22.91891,53.24421
"Brown_Spruce_Longhorn_Beetle",22.91891,53.24421
"Brown_Spruce_Longhorn_Beetle",22.91891,53.24421
"Brown_Spruce_Longhorn_Beetle",22.91891,53.24421
"Brown_Spruce_Longhorn_Beetle",22.91891,53.24421
"Brown_Spruce_Longhorn_Beetle",22.91891,53.24421
"Brown_Spruce_Longhorn_Beetle",22.91891,53.24421
"Brown_Spruce_Longhorn_Beetle",22.91891,53.24421
"Brown_Spruce_Longhorn_Beetle",22.91891,53.24421
"Brown_Spruce_Longhorn_Beetle",22.91891,53.24421
"Brown_Spruce_Longhorn_Beetle",22.91891,53.24421
"Brown_Spruce_Longhorn_Beetle",22.91891,53.24421
"Brown_Spruce_Longhorn_Beetle",22.91891,53.24421
"Brown_Spruce_Longhorn_Beetle",22.91891,53.24421
"Brown_Spruce_Longhorn_Beetle",22.91891,53.24421
"Brown_Spruce_Longhorn_Beetle",22.91891,53.24421
"Brown_Spruce_Longhorn_Beetle",22.91891,53.24421
"Brown_Spruce_Longhorn_Beetle",22.91891,53.24421
"Brown_Spruce_Longhorn_Beetle",22.91891,53.24421
"Brown_Spruce_Longhorn_Beetle",22.91891,53.24421
"Brown_Spruce_Longhorn_Beetle",22.91891,53.24421
"Brown_Spruce_Longhorn_Beetle",22.91891,53.24421
"Brown_Spruce_Longhorn_Beetle",22.91891,53.24421
"Brown_Spruce_Longhorn_Beetle",22.91891,53.24421
"Brown_Spruce_Longhorn_Beetle",22.91891,53.24421
"Brown_Spruce_Longhorn_Beetle",22.91891,53.24421
"Brown_Spruce_Longhorn_Beetle",22.91891,53.24421
"Brown_Spruce_Longhorn_Beetle",22.91891,53.24421
"Brown_Spruce_Longhorn_Beetle",22.91891,53.24421
"Brown_Spruce_Longhorn_Beetle",22.91891,53.24421
"Brown_Spruce_Longhorn_Beetle",22.91891,53.24421
"Brown_Spruce_Longhorn_Beetle",22.91891,53.24421
"Brown_Spruce_Longhorn_Beetle",22.91891,53.24421
"Brown_Spruce_Longhorn_Beetle",22.91891,53.24421
"Brown_Spruce_Longhorn_Beetle",22.91891,53.24421
"Brown_Spruce_Longhorn_Beetle",22.91891,53.24421
"Brown_Spruce_Longhorn_Beetle",22.91891,53.24421
"Brown_Spruce_Longhorn_Beetle",22.91891,53.24421
"Brown_Spruce_Longhorn_Beetle",22.91891,53.24421
"Brown_Spruce_Longhorn_Beetle",22.91891,53.24421
"Brown_Spruce_Longhorn_Beetle",22.91891,53.24421
"Brown_Spruce_Longhorn_Beetle",22.91891,53.24421
"Brown_Spruce_Longhorn_Beetle",22.91891,53.24421
"Brown_Spruce_Longhorn_Beetle",22.91891,53.24421
"Brown_Spruce_Longhorn_Beetle",22.91891,53.24421
"Brown_Spruce_Longhorn_Beetle",22.91891,53.24421
"Brown_Spruce_Longhorn_Beetle",22.91891,53.24421
"Brown_Spruce_Longhorn_Beetle",22.91891,53.24421
"Brown_Spruce_Longhorn_Beetle",22.91891,53.24421
"Brown_Spruce_Longhorn_Beetle",22.91891,53.24421
"Brown_Spruce_Longhorn_Beetle",22.91891,53.24421
"Brown_Spruce_Longhorn_Beetle",22.91891,53.24421
"Brown_Spruce_Longhorn_Beetle",22.91891,53.24421
"Brown_Spruce_Longhorn_Beetle",22.91891,53.24421
"Brown_Spruce_Longhorn_Beetle",22.91891,53.24421
"Brown_Spruce_Longhorn_Beetle",22.91891,53.24421
"Brown_Spruce_Longhorn_Beetle",22.91891,53.24421
"Brown_Spruce_Longhorn_Beetle",22.91891,53.24421
"Brown_Spruce_Longhorn_Beetle",22.91891,53.24421
"Brown_Spruce_Longhorn_Beetle",22.91891,53.24421
"Brown_Spruce_Longhorn_Beetle",22.91891,53.24421
"Brown_Spruce_Longhorn_Beetle",22.91891,53.24421
"Brown_Spruce_Longhorn_Beetle",22.91891,53.24421
"Brown_Spruce_Longhorn_Beetle",22.91891,53.24421
"Brown_Spruce_Longhorn_Beetle",22.91891,53.24421
"Brown_Spruce_Longhorn_Beetle",22.91891,53.24421
"Brown_Spruce_Longhorn_Beetle",22.91891,53.24421
"Brown_Spruce_Longhorn_Beetle",22.91891,53.24421
"Brown_Spruce_Longhorn_Beetle",22.91891,53.24421
"Brown_Spruce_Longhorn_Beetle",22.91891,53.24421
"Brown_Spruce_Longhorn_Beetle",22.91891,53.24421
"Brown_Spruce_Longhorn_Beetle",22.91891,53.24421
"Brown_Spruce_Longhorn_Beetle",22.91891,53.24421
"Brown_Spruce_Longhorn_Beetle",22.91891,53.24421
"Brown_Spruce_Longhorn_Beetle",22.91891,53.24421
"Brown_Spruce_Longhorn_Beetle",22.91891,53.24421
"Brown_Spruce_Longhorn_Beetle",22.91891,53.24421
"Brown_Spruce_Longhorn_Beetle",22.91891,53.24421
"Brown_Spruce_Longhorn_Beetle",22.91891,53.24421
"Brown_Spruce_Longhorn_Beetle",22.91891,53.24421
"Brown_Spruce_Longhorn_Beetle",22.91891,53.24421
"Brown_Spruce_Longhorn_Beetle",22.91891,53.24421
"Brown_Spruce_Longhorn_Beetle",22.91891,53.24421
"Brown_Spruce_Longhorn_Beetle",22.91891,53.24421
"Brown_Spruce_Longhorn_Beetle",22.91891,53.24421
"Brown_Spruce_Longhorn_Beetle",22.91891,53.24421
"Brown_Spruce_Longhorn_Beetle",22.91891,53.24421
"Brown_Spruce_Longhorn_Beetle",22.91891,53.24421
"Brown_Spruce_Longhorn_Beetle",22.91891,53.24421
"Brown_Spruce_Longhorn_Beetle",22.91891,53.24421
"Brown_Spruce_Longhorn_Beetle",22.91891,53.24421
"Brown_Spruce_Longhorn_Beetle",22.91891,53.24421
"Brown_Spruce_Longhorn_Beetle",22.91891,53.24421
"Brown_Spruce_Longhorn_Beetle",22.91891,53.24421
"Brown_Spruce_Longhorn_Beetle",22.91891,53.24421
"Brown_Spruce_Longhorn_Beetle",22.91891,53.24421
"Brown_Spruce_Longhorn_Beetle",22.91891,53.24421
"Brown_Spruce_Longhorn_Beetle",22.91891,53.24421
"Brown_Spruce_Longhorn_Beetle",22.91891,53.24421
"Brown_Spruce_Longhorn_Beetle",22.91891,53.24421
"Brown_Spruce_Longhorn_Beetle",22.91891,53.24421
"Brown_Spruce_Longhorn_Beetle",22.91891,53.24421
"Brown_Spruce_Longhorn_Beetle",22.91891,53.24421
"Brown_Spruce_Longhorn_Beetle",22.91891,53.24421
"Brown_Spruce_Longhorn_Beetle",22.91891,53.24421
"Brown_Spruce_Longhorn_Beetle",22.91891,53.24421
"Brown_Spruce_Longhorn_Beetle",22.91891,53.24421
"Brown_Spruce_Longhorn_Beetle",22.91891,53.24421
"Brown_Spruce_Longhorn_Beetle",22.91891,53.24421
"Brown_Spruce_Longhorn_Beetle",22.91891,53.24421
"Brown_Spruce_Longhorn_Beetle",22.91891,53.24421
"Brown_Spruce_Longhorn_Beetle",22.91891,53.24421
"Brown_Spruce_Longhorn_Beetle",22.91891,53.24421
"Brown_Spruce_Longhorn_Beetle",22.91891,53.24421
"Brown_Spruce_Longhorn_Beetle",22.91891,53.24421
"Brown_Spruce_Longhorn_Beetle",22.91891,53.24421
"Brown_Spruce_Longhorn_Beetle",22.91891,53.24421
"Brown_Spruce_Longhorn_Beetle",22.91891,53.24421
"Brown_Spruce_Longhorn_Beetle",22.91891,53.24421
"Brown_Spruce_Longhorn_Beetle",22.91891,53.24421
"Brown_Spruce_Longhorn_Beetle",22.91891,53.24421
"Brown_Spruce_Longhorn_Beetle",22.91891,53.24421
"Brown_Spruce_Longhorn_Beetle",22.91891,53.24421
"Brown_Spruce_Longhorn_Beetle",22.91891,53.24421
"Brown_Spruce_Longhorn_Beetle",22.91891,53.24421
"Brown_Spruce_Longhorn_Beetle",22.91891,53.24421
"Brown_Spruce_Longhorn_Beetle",22.91891,53.24421
"Brown_Spruce_Longhorn_Beetle",22.91891,53.24421
"Brown_Spruce_Longhorn_Beetle",22.91891,53.24421
"Brown_Spruce_Longhorn_Beetle",22.91891,53.24421
"Brown_Spruce_Longhorn_Beetle",22.91891,53.24421
"Brown_Spruce_Longhorn_Beetle",22.91891,53.24421
"Brown_Spruce_Longhorn_Beetle",22.91891,53.24421
"Brown_Spruce_Longhorn_Beetle",22.91891,53.24421
"Brown_Spruce_Longhorn_Beetle",22.91891,53.24421
"Brown_Spruce_Longhorn_Beetle",22.91891,53.24421
"Brown_Spruce_Longhorn_Beetle",22.91891,53.24421
"Brown_Spruce_Longhorn_Beetle",22.91891,53.24421
"Brown_Spruce_Longhorn_Beetle",22.91891,53.24421
"Brown_Spruce_Longhorn_Beetle",22.91891,53.24421
"Brown_Spruce_Longhorn_Beetle",22.91891,53.24421
"Brown_Spruce_Longhorn_Beetle",22.91891,53.24421
"Brown_Spruce_Longhorn_Beetle",22.91891,53.24421
"Brown_Spruce_Longhorn_Beetle",22.91891,53.24421
"Brown_Spruce_Longhorn_Beetle",22.91891,53.24421
"Brown_Spruce_Longhorn_Beetle",22.91891,53.24421
"Brown_Spruce_Longhorn_Beetle",22.91891,53.24421
"Brown_Spruce_Longhorn_Beetle",22.91891,53.24421
"Brown_Spruce_Longhorn_Beetle",22.91891,53.24421
"Brown_Spruce_Longhorn_Beetle",22.91891,53.24421
"Brown_Spruce_Longhorn_Beetle",22.91891,53.24421
"Brown_Spruce_Longhorn_Beetle",22.91891,53.24421
"Brown_Spruce_Longhorn_Beetle",22.91891,53.24421
"Brown_Spruce_Longhorn_Beetle",22.91891,53.24421
"Brown_Spruce_Longhorn_Beetle",22.91891,53.24421
"Brown_Spruce_Longhorn_Beetle",22.91891,53.24421
"Brown_Spruce_Longhorn_Beetle",22.91891,53.24421
"Brown_Spruce_Longhorn_Beetle",22.91891,53.24421
"Brown_Spruce_Longhorn_Beetle",22.91891,53.24421
"Brown_Spruce_Longhorn_Beetle",22.91891,53.24421
"Brown_Spruce_Longhorn_Beetle",22.91891,53.24421
"Brown_Spruce_Longhorn_Beetle",22.91891,53.24421
"Brown_Spruce_Longhorn_Beetle",22.91891,53.24421
"Brown_Spruce_Longhorn_Beetle",22.91891,53.24421
"Brown_Spruce_Longhorn_Beetle",22.91891,53.24421
"Brown_Spruce_Longhorn_Beetle",22.91891,53.24421
"Brown_Spruce_Longhorn_Beetle",22.91891,53.24421
"Brown_Spruce_Longhorn_Beetle",22.91891,53.24421
"Brown_Spruce_Longhorn_Beetle",22.91891,53.24421
"Brown_Spruce_Longhorn_Beetle",22.91891,53.24421
"Brown_Spruce_Longhorn_Beetle",22.91891,53.24421
"Brown_Spruce_Longhorn_Beetle",22.91891,53.24421
"Brown_Spruce_Longhorn_Beetle",22.91891,53.24421
"Brown_Spruce_Longhorn_Beetle",22.91891,53.24421
"Brown_Spruce_Longhorn_Beetle",22.91891,53.24421
"Brown_Spruce_Longhorn_Beetle",22.91891,53.24421
"Brown_Spruce_Longhorn_Beetle",22.91891,53.24421
"Brown_Spruce_Longhorn_Beetle",22.91891,53.24421
"Brown_Spruce_Longhorn_Beetle",22.91891,53.24421
"Brown_Spruce_Longhorn_Beetle",22.91891,53.24421
"Brown_Spruce_Longhorn_Beetle",22.91891,53.24421
"Brown_Spruce_Longhorn_Beetle",22.91891,53.24421
"Brown_Spruce_Longhorn_Beetle",22.91891,53.24421
"Brown_Spruce_Longhorn_Beetle",22.91891,53.24421
"Brown_Spruce_Longhorn_Beetle",22.91891,53.24421
"Brown_Spruce_Longhorn_Beetle",22.91891,53.24421
"Brown_Spruce_Longhorn_Beetle",22.91891,53.24421
"Brown_Spruce_Longhorn_Beetle",22.91891,53.24421
"Brown_Spruce_Longhorn_Beetle",22.91891,53.24421
"Brown_Spruce_Longhorn_Beetle",22.91891,53.24421
"Brown_Spruce_Longhorn_Beetle",22.91891,53.24421
"Brown_Spruce_Longhorn_Beetle",22.91891,53.24421
"Brown_Spruce_Longhorn_Beetle",22.91891,53.24421
"Brown_Spruce_Longhorn_Beetle",22.91891,53.24421
"Brown_Spruce_Longhorn_Beetle",22.91891,53.24421
"Brown_Spruce_Longhorn_Beetle",22.91891,53.24421
"Brown_Spruce_Longhorn_Beetle",22.91891,53.24421
"Brown_Spruce_Longhorn_Beetle",22.91891,53.24421
"Brown_Spruce_Longhorn_Beetle",22.91891,53.24421
"Brown_Spruce_Longhorn_Beetle",22.91891,53.24421
"Brown_Spruce_Longhorn_Beetle",22.91891,53.24421
"Brown_Spruce_Longhorn_Beetle",22.91891,53.24421
"Brown_Spruce_Longhorn_Beetle",22.91891,53.24421
"Brown_Spruce_Longhorn_Beetle",22.91891,53.24421
"Brown_Spruce_Longhorn_Beetle",22.91891,53.24421
"Brown_Spruce_Longhorn_Beetle",22.91891,53.24421
"Brown_Spruce_Longhorn_Beetle",22.91891,53.24421
"Brown_Spruce_Longhorn_Beetle",22.91891,53.24421
"Brown_Spruce_Longhorn_Beetle",22.91891,53.24421
"Brown_Spruce_Longhorn_Beetle",22.91891,53.24421
"Brown_Spruce_Longhorn_Beetle",22.91891,53.24421
"Brown_Spruce_Longhorn_Beetle",22.91891,53.24421
"Brown_Spruce_Longhorn_Beetle",22.91891,53.24421
"Brown_Spruce_Longhorn_Beetle",22.91891,53.24421
"Brown_Spruce_Longhorn_Beetle",22.91891,53.24421
"Brown_Spruce_Longhorn_Beetle",22.91891,53.24421
"Brown_Spruce_Longhorn_Beetle",22.91891,53.24421
"Brown_Spruce_Longhorn_Beetle",22.91891,53.24421
"Brown_Spruce_Longhorn_Beetle",22.91891,53.24421
"Brown_Spruce_Longhorn_Beetle",22.91891,53.24421
"Brown_Spruce_Longhorn_Beetle",22.91891,53.24421
"Brown_Spruce_Longhorn_Beetle",22.91891,53.24421
"Brown_Spruce_Longhorn_Beetle",22.91891,53.24421
"Brown_Spruce_Longhorn_Beetle",22.91891,53.24421
"Brown_Spruce_Longhorn_Beetle",22.91891,53.24421
"Brown_Spruce_Longhorn_Beetle",22.91891,53.24421
"Brown_Spruce_Longhorn_Beetle",22.91891,53.24421
"Brown_Spruce_Longhorn_Beetle",22.91891,53.24421
"Brown_Spruce_Longhorn_Beetle",22.91891,53.24421
"Brown_Spruce_Longhorn_Beetle",22.91891,53.24421
"Brown_Spruce_Longhorn_Beetle",22.91891,53.24421
"Brown_Spruce_Longhorn_Beetle",22.91891,53.24421
"Brown_Spruce_Longhorn_Beetle",22.91891,53.24421
"Brown_Spruce_Longhorn_Beetle",22.91891,53.24421
"Brown_Spruce_Longhorn_Beetle",22.91891,53.24421
"Brown_Spruce_Longhorn_Beetle",22.91891,53.24421
"Brown_Spruce_Longhorn_Beetle",22.91891,53.24421
"Brown_Spruce_Longhorn_Beetle",22.91891,53.24421
"Brown_Spruce_Longhorn_Beetle",22.91891,53.24421
"Brown_Spruce_Longhorn_Beetle",22.91891,53.24421
"Brown_Spruce_Longhorn_Beetle",22.91891,53.24421
"Brown_Spruce_Longhorn_Beetle",22.91891,53.24421
"Brown_Spruce_Longhorn_Beetle",22.91891,53.24421
"Brown_Spruce_Longhorn_Beetle",22.91891,53.24421
"Brown_Spruce_Longhorn_Beetle",22.91891,53.24421
"Brown_Spruce_Longhorn_Beetle",22.91891,53.24421
"Brown_Spruce_Longhorn_Beetle",22.91891,53.24421
"Brown_Spruce_Longhorn_Beetle",22.91891,53.24421
"Brown_Spruce_Longhorn_Beetle",22.91891,53.24421
"Brown_Spruce_Longhorn_Beetle",22.91891,53.24421
"Brown_Spruce_Longhorn_Beetle",22.91891,53.24421
"Brown_Spruce_Longhorn_Beetle",22.91891,53.24421
"Brown_Spruce_Longhorn_Beetle",22.91891,53.24421
"Brown_Spruce_Longhorn_Beetle",22.91891,53.24421
"Brown_Spruce_Longhorn_Beetle",22.91891,53.24421
"Brown_Spruce_Longhorn_Beetle",22.91891,53.24421
"Brown_Spruce_Longhorn_Beetle",22.91891,53.24421
"Brown_Spruce_Longhorn_Beetle",22.91891,53.24421
"Brown_Spruce_Longhorn_Beetle",22.91891,53.24421
"Brown_Spruce_Longhorn_Beetle",22.91891,53.24421
"Brown_Spruce_Longhorn_Beetle",22.91891,53.24421
"Brown_Spruce_Longhorn_Beetle",22.91891,53.24421
"Brown_Spruce_Longhorn_Beetle",22.91891,53.24421
"Brown_Spruce_Longhorn_Beetle",22.91891,53.24421
"Brown_Spruce_Longhorn_Beetle",22.91891,53.24421
"Brown_Spruce_Longhorn_Beetle",22.91891,53.24421
"Brown_Spruce_Longhorn_Beetle",22.91891,53.24421
"Brown_Spruce_Longhorn_Beetle",22.91891,53.24421
"Brown_Spruce_Longhorn_Beetle",22.91891,53.24421
"Brown_Spruce_Longhorn_Beetle",22.91891,53.24421
"Brown_Spruce_Longhorn_Beetle",22.91891,53.24421
"Brown_Spruce_Longhorn_Beetle",22.91891,53.24421
"Brown_Spruce_Longhorn_Beetle",22.91891,53.24421
"Brown_Spruce_Longhorn_Beetle",22.91891,53.24421
"Brown_Spruce_Longhorn_Beetle",22.91891,53.24421
"Brown_Spruce_Longhorn_Beetle",22.91891,53.24421
"Brown_Spruce_Longhorn_Beetle",22.91891,53.24421
"Brown_Spruce_Longhorn_Beetle",22.91891,53.24421
"Brown_Spruce_Longhorn_Beetle",22.91891,53.24421
"Brown_Spruce_Longhorn_Beetle",22.91891,53.24421
"Brown_Spruce_Longhorn_Beetle",22.91891,53.24421
"Brown_Spruce_Longhorn_Beetle",22.91891,53.24421
"Brown_Spruce_Longhorn_Beetle",22.91891,53.24421
"Brown_Spruce_Longhorn_Beetle",22.91891,53.24421
"Brown_Spruce_Longhorn_Beetle",22.91891,53.24421
"Brown_Spruce_Longhorn_Beetle",22.91891,53.24421
"Brown_Spruce_Longhorn_Beetle",22.91891,53.24421
"Brown_Spruce_Longhorn_Beetle",22.91891,53.24421
"Brown_Spruce_Longhorn_Beetle",22.91891,53.24421
"Brown_Spruce_Longhorn_Beetle",22.91891,53.24421
"Brown_Spruce_Longhorn_Beetle",22.91891,53.24421
"Brown_Spruce_Longhorn_Beetle",22.91891,53.24421
"Brown_Spruce_Longhorn_Beetle",22.91891,53.24421
"Brown_Spruce_Longhorn_Beetle",22.91891,53.24421
"Brown_Spruce_Longhorn_Beetle",22.91891,53.24421
"Brown_Spruce_Longhorn_Beetle",22.91891,53.24421
"Brown_Spruce_Longhorn_Beetle",22.91891,53.24421
"Brown_Spruce_Longhorn_Beetle",22.91891,53.24421
"Brown_Spruce_Longhorn_Beetle",22.91891,53.24421
"Brown_Spruce_Longhorn_Beetle",22.91891,53.24421
"Brown_Spruce_Longhorn_Beetle",22.91891,53.24421
"Brown_Spruce_Longhorn_Beetle",22.91891,53.24421
"Brown_Spruce_Longhorn_Beetle",22.91891,53.24421
"Brown_Spruce_Longhorn_Beetle",22.91891,53.24421
"Brown_Spruce_Longhorn_Beetle",22.91891,53.24421
"Brown_Spruce_Longhorn_Beetle",22.91891,53.24421
"Brown_Spruce_Longhorn_Beetle",22.91891,53.24421
"Brown_Spruce_Longhorn_Beetle",22.91891,53.24421
"Brown_Spruce_Longhorn_Beetle",22.91891,53.24421
"Brown_Spruce_Longhorn_Beetle",22.91891,53.24421
"Brown_Spruce_Longhorn_Beetle",22.91891,53.24421
"Brown_Spruce_Longhorn_Beetle",22.91891,53.24421
"Brown_Spruce_Longhorn_Beetle",22.91891,53.24421
"Brown_Spruce_Longhorn_Beetle",22.91891,53.24421
"Brown_Spruce_Longhorn_Beetle",22.91891,53.24421
"Brown_Spruce_Longhorn_Beetle",22.91891,53.24421
"Brown_Spruce_Longhorn_Beetle",22.91891,53.24421
"Brown_Spruce_Longhorn_Beetle",22.91891,53.24421
"Brown_Spruce_Longhorn_Beetle",22.91891,53.24421
"Brown_Spruce_Longhorn_Beetle",22.91891,53.24421
"Brown_Spruce_Longhorn_Beetle",22.91891,53.24421
"Brown_Spruce_Longhorn_Beetle",22.91891,53.24421
"Brown_Spruce_Longhorn_Beetle",22.91891,53.24421
"Brown_Spruce_Longhorn_Beetle",22.91891,53.24421
"Brown_Spruce_Longhorn_Beetle",22.91891,53.24421
"Brown_Spruce_Longhorn_Beetle",22.91891,53.24421
"Brown_Spruce_Longhorn_Beetle",22.91891,53.24421
"Brown_Spruce_Longhorn_Beetle",22.91891,53.24421
"Brown_Spruce_Longhorn_Beetle",22.91891,53.24421
"Brown_Spruce_Longhorn_Beetle",22.91891,53.24421
"Brown_Spruce_Longhorn_Beetle",22.91891,53.24421
"Brown_Spruce_Longhorn_Beetle",22.91891,53.24421
"Brown_Spruce_Longhorn_Beetle",22.91891,53.24421
"Brown_Spruce_Longhorn_Beetle",22.91891,53.24421
"Brown_Spruce_Longhorn_Beetle",22.91891,53.24421
"Brown_Spruce_Longhorn_Beetle",22.91891,53.24421
"Brown_Spruce_Longhorn_Beetle",22.91891,53.24421
"Brown_Spruce_Longhorn_Beetle",22.91891,53.24421
"Brown_Spruce_Longhorn_Beetle",22.91891,53.24421
"Brown_Spruce_Longhorn_Beetle",22.91891,53.24421
"Brown_Spruce_Longhorn_Beetle",22.91891,53.24421
"Brown_Spruce_Longhorn_Beetle",22.91891,53.24421
"Brown_Spruce_Longhorn_Beetle",22.91891,53.24421
"Brown_Spruce_Longhorn_Beetle",22.91891,53.24421
"Brown_Spruce_Longhorn_Beetle",22.91891,53.24421
"Brown_Spruce_Longhorn_Beetle",22.91891,53.24421
"Brown_Spruce_Longhorn_Beetle",22.91891,53.24421
"Brown_Spruce_Longhorn_Beetle",22.91891,53.24421
"Brown_Spruce_Longhorn_Beetle",22.91891,53.24421
"Brown_Spruce_Longhorn_Beetle",22.91891,53.24421
"Brown_Spruce_Longhorn_Beetle",22.91891,53.24421
"Brown_Spruce_Longhorn_Beetle",22.91891,53.24421
"Brown_Spruce_Longhorn_Beetle",22.91891,53.24421
"Brown_Spruce_Longhorn_Beetle",22.91891,53.24421
"Brown_Spruce_Longhorn_Beetle",22.91891,53.24421
"Brown_Spruce_Longhorn_Beetle",22.91891,53.24421
"Brown_Spruce_Longhorn_Beetle",22.91891,53.24421
"Brown_Spruce_Longhorn_Beetle",22.91891,53.24421
"Brown_Spruce_Longhorn_Beetle",22.91891,53.24421
"Brown_Spruce_Longhorn_Beetle",22.91891,53.24421
"Brown_Spruce_Longhorn_Beetle",22.91891,53.24421
"Brown_Spruce_Longhorn_Beetle",22.91891,53.24421
"Brown_Spruce_Longhorn_Beetle",22.91891,53.24421
"Brown_Spruce_Longhorn_Beetle",22.91891,53.24421
"Brown_Spruce_Longhorn_Beetle",22.91891,53.24421
"Brown_Spruce_Longhorn_Beetle",22.91891,53.24421
"Brown_Spruce_Longhorn_Beetle",22.91891,53.24421
"Brown_Spruce_Longhorn_Beetle",22.91891,53.24421
"Brown_Spruce_Longhorn_Beetle",22.91891,53.24421
"Brown_Spruce_Longhorn_Beetle",22.91891,53.24421
"Brown_Spruce_Longhorn_Beetle",22.91891,53.24421
"Brown_Spruce_Longhorn_Beetle",22.91891,53.24421
"Brown_Spruce_Longhorn_Beetle",22.91891,53.24421
"Brown_Spruce_Longhorn_Beetle",22.91891,53.24421
"Brown_Spruce_Longhorn_Beetle",22.91891,53.24421
"Brown_Spruce_Longhorn_Beetle",22.91891,53.24421
"Brown_Spruce_Longhorn_Beetle",22.91891,53.24421
"Brown_Spruce_Longhorn_Beetle",22.91891,53.24421
"Brown_Spruce_Longhorn_Beetle",22.91891,53.24421
"Brown_Spruce_Longhorn_Beetle",22.91891,53.24421
"Brown_Spruce_Longhorn_Beetle",22.91891,53.24421
"Brown_Spruce_Longhorn_Beetle",22.91891,53.24421
"Brown_Spruce_Longhorn_Beetle",22.91891,53.24421
"Brown_Spruce_Longhorn_Beetle",22.91891,53.24421
"Brown_Spruce_Longhorn_Beetle",22.91891,53.24421
"Brown_Spruce_Longhorn_Beetle",22.91891,53.24421
"Brown_Spruce_Longhorn_Beetle",22.91891,53.24421
"Brown_Spruce_Longhorn_Beetle",22.91891,53.24421
"Brown_Spruce_Longhorn_Beetle",22.91891,53.24421
"Brown_Spruce_Longhorn_Beetle",22.91891,53.24421
"Brown_Spruce_Longhorn_Beetle",22.91891,53.24421
"Brown_Spruce_Longhorn_Beetle",22.91891,53.24421
"Brown_Spruce_Longhorn_Beetle",22.91891,53.24421
"Brown_Spruce_Longhorn_Beetle",22.91891,53.24421
"Brown_Spruce_Longhorn_Beetle",22.91891,53.24421
"Brown_Spruce_Longhorn_Beetle",22.91891,53.24421
"Brown_Spruce_Longhorn_Beetle",22.91891,53.24421
"Brown_Spruce_Longhorn_Beetle",22.91891,53.24421
"Brown_Spruce_Longhorn_Beetle",22.91891,53.24421
"Brown_Spruce_Longhorn_Beetle",22.91891,53.24421
"Brown_Spruce_Longhorn_Beetle",22.91891,53.24421
"Brown_Spruce_Longhorn_Beetle",22.91891,53.24421
"Brown_Spruce_Longhorn_Beetle",22.91891,53.24421
"Brown_Spruce_Longhorn_Beetle",22.91891,53.24421
"Brown_Spruce_Longhorn_Beetle",22.91891,53.24421
"Brown_Spruce_Longhorn_Beetle",22.91891,53.24421
"Brown_Spruce_Longhorn_Beetle",22.91891,53.24421
"Brown_Spruce_Longhorn_Beetle",22.91891,53.24421
"Brown_Spruce_Longhorn_Beetle",22.91891,53.24421
"Brown_Spruce_Longhorn_Beetle",22.91891,53.24421
"Brown_Spruce_Longhorn_Beetle",22.91891,53.24421
"Brown_Spruce_Longhorn_Beetle",22.91891,53.24421
"Brown_Spruce_Longhorn_Beetle",22.91891,53.24421
"Brown_Spruce_Longhorn_Beetle",22.91891,53.24421
"Brown_Spruce_Longhorn_Beetle",22.91891,53.24421
"Brown_Spruce_Longhorn_Beetle",22.91891,53.24421
"Brown_Spruce_Longhorn_Beetle",22.91891,53.24421
"Brown_Spruce_Longhorn_Beetle",22.91891,53.24421
"Brown_Spruce_Longhorn_Beetle",22.91891,53.24421
"Brown_Spruce_Longhorn_Beetle",22.91891,53.24421
"Brown_Spruce_Longhorn_Beetle",22.91891,53.24421
"Brown_Spruce_Longhorn_Beetle",22.91891,53.24421
"Brown_Spruce_Longhorn_Beetle",22.91891,53.24421
"Brown_Spruce_Longhorn_Beetle",22.91891,53.24421
"Brown_Spruce_Longhorn_Beetle",22.91891,53.24421
"Brown_Spruce_Longhorn_Beetle",22.91891,53.24421
"Brown_Spruce_Longhorn_Beetle",22.91891,53.24421
"Brown_Spruce_Longhorn_Beetle",22.91891,53.24421
"Brown_Spruce_Longhorn_Beetle",22.91891,53.24421
"Brown_Spruce_Longhorn_Beetle",22.91891,53.24421
"Brown_Spruce_Longhorn_Beetle",22.91891,53.24421
"Brown_Spruce_Longhorn_Beetle",22.91891,53.24421
"Brown_Spruce_Longhorn_Beetle",22.91891,53.24421
"Brown_Spruce_Longhorn_Beetle",22.91891,53.24421
"Brown_Spruce_Longhorn_Beetle",22.91891,53.24421
"Brown_Spruce_Longhorn_Beetle",22.91891,53.24421
"Brown_Spruce_Longhorn_Beetle",22.91891,53.24421
"Brown_Spruce_Longhorn_Beetle",22.91891,53.24421
"Brown_Spruce_Longhorn_Beetle",22.91891,53.24421
"Brown_Spruce_Longhorn_Beetle",22.91891,53.24421
"Brown_Spruce_Longhorn_Beetle",22.91891,53.24421
"Brown_Spruce_Longhorn_Beetle",22.91891,53.24421
"Brown_Spruce_Longhorn_Beetle",22.91891,53.24421
"Brown_Spruce_Longhorn_Beetle",22.91891,53.24421
"Brown_Spruce_Longhorn_Beetle",22.91891,53.24421
"Brown_Spruce_Longhorn_Beetle",22.91891,53.24421
"Brown_Spruce_Longhorn_Beetle",22.91891,53.24421
"Brown_Spruce_Longhorn_Beetle",22.91891,53.24421
"Brown_Spruce_Longhorn_Beetle",22.91891,53.24421
"Brown_Spruce_Longhorn_Beetle",22.91891,53.24421
"Brown_Spruce_Longhorn_Beetle",22.91891,53.24421
"Brown_Spruce_Longhorn_Beetle",22.91891,53.24421
"Brown_Spruce_Longhorn_Beetle",22.91891,53.24421
"Brown_Spruce_Longhorn_Beetle",22.91891,53.24421
"Brown_Spruce_Longhorn_Beetle",22.91891,53.24421
"Brown_Spruce_Longhorn_Beetle",22.91891,53.24421
"Brown_Spruce_Longhorn_Beetle",22.91891,53.24421
"Brown_Spruce_Longhorn_Beetle",22.91891,53.24421
"Brown_Spruce_Longhorn_Beetle",22.91891,53.24421
"Brown_Spruce_Longhorn_Beetle",22.91891,53.24421
"Brown_Spruce_Longhorn_Beetle",22.91891,53.24421
"Brown_Spruce_Longhorn_Beetle",22.91891,53.24421
"Brown_Spruce_Longhorn_Beetle",22.91891,53.24421
"Brown_Spruce_Longhorn_Beetle",22.91891,53.24421
"Brown_Spruce_Longhorn_Beetle",22.91891,53.24421
"Brown_Spruce_Longhorn_Beetle",22.91891,53.24421
"Brown_Spruce_Longhorn_Beetle",22.91891,53.24421
"Brown_Spruce_Longhorn_Beetle",22.91891,53.24421
"Brown_Spruce_Longhorn_Beetle",22.91891,53.24421
"Brown_Spruce_Longhorn_Beetle",22.91891,53.24421
"Brown_Spruce_Longhorn_Beetle",22.91891,53.24421
"Brown_Spruce_Longhorn_Beetle",22.91891,53.24421
"Brown_Spruce_Longhorn_Beetle",22.91891,53.24421
"Brown_Spruce_Longhorn_Beetle",22.91891,53.24421
"Brown_Spruce_Longhorn_Beetle",22.91891,53.24421
"Brown_Spruce_Longhorn_Beetle",22.91891,53.24421
"Brown_Spruce_Longhorn_Beetle",22.91891,53.24421
"Brown_Spruce_Longhorn_Beetle",22.91891,53.24421
"Brown_Spruce_Longhorn_Beetle",22.91891,53.24421
"Brown_Spruce_Longhorn_Beetle",22.91891,53.24421
"Brown_Spruce_Longhorn_Beetle",22.91891,53.24421
"Brown_Spruce_Longhorn_Beetle",22.91891,53.24421
"Brown_Spruce_Longhorn_Beetle",22.91891,53.24421
"Brown_Spruce_Longhorn_Beetle",22.91891,53.24421
"Brown_Spruce_Longhorn_Beetle",22.91891,53.24421
"Brown_Spruce_Longhorn_Beetle",22.91891,53.24421
"Brown_Spruce_Longhorn_Beetle",22.91891,53.24421
"Brown_Spruce_Longhorn_Beetle",22.91891,53.24421
"Brown_Spruce_Longhorn_Beetle",22.91891,53.24421
"Brown_Spruce_Longhorn_Beetle",22.91891,53.24421
"Brown_Spruce_Longhorn_Beetle",22.91891,53.24421
"Brown_Spruce_Longhorn_Beetle",22.91891,53.24421
"Brown_Spruce_Longhorn_Beetle",22.91891,53.24421
"Brown_Spruce_Longhorn_Beetle",22.91891,53.24421
"Brown_Spruce_Longhorn_Beetle",22.91891,53.24421
"Brown_Spruce_Longhorn_Beetle",22.91891,53.24421
"Brown_Spruce_Longhorn_Beetle",22.91891,53.24421
"Brown_Spruce_Longhorn_Beetle",22.91891,53.24421
"Brown_Spruce_Longhorn_Beetle",22.91891,53.24421
"Brown_Spruce_Longhorn_Beetle",22.91891,53.24421
"Brown_Spruce_Longhorn_Beetle",22.91891,53.24421
"Brown_Spruce_Longhorn_Beetle",22.91891,53.24421
"Brown_Spruce_Longhorn_Beetle",22.91891,53.24421
"Brown_Spruce_Longhorn_Beetle",22.91891,53.24421
"Brown_Spruce_Longhorn_Beetle",22.91891,53.24421
"Brown_Spruce_Longhorn_Beetle",22.91891,53.24421
"Brown_Spruce_Longhorn_Beetle",22.91891,53.24421
"Brown_Spruce_Longhorn_Beetle",22.91891,53.24421
"Brown_Spruce_Longhorn_Beetle",22.91891,53.24421
"Brown_Spruce_Longhorn_Beetle",22.91891,53.24421
"Brown_Spruce_Longhorn_Beetle",22.91891,53.24421
"Brown_Spruce_Longhorn_Beetle",22.91891,53.24421
"Brown_Spruce_Longhorn_Beetle",22.91891,53.24421
"Brown_Spruce_Longhorn_Beetle",22.91891,53.24421
"Brown_Spruce_Longhorn_Beetle",22.91891,53.24421
"Brown_Spruce_Longhorn_Beetle",22.91891,53.24421
"Brown_Spruce_Longhorn_Beetle",22.91891,53.24421
"Brown_Spruce_Longhorn_Beetle",22.91891,53.24421
"Brown_Spruce_Longhorn_Beetle",22.91891,53.24421
"Brown_Spruce_Longhorn_Beetle",22.91891,53.24421
"Brown_Spruce_Longhorn_Beetle",22.91891,53.24421
"Brown_Spruce_Longhorn_Beetle",22.91891,53.24421
"Brown_Spruce_Longhorn_Beetle",22.91891,53.24421
"Brown_Spruce_Longhorn_Beetle",22.91891,53.24421
"Brown_Spruce_Longhorn_Beetle",22.91891,53.24421
"Brown_Spruce_Longhorn_Beetle",22.91891,53.24421
"Brown_Spruce_Longhorn_Beetle",22.91891,53.24421
"Brown_Spruce_Longhorn_Beetle",22.91891,53.24421
"Brown_Spruce_Longhorn_Beetle",22.91891,53.24421
"Brown_Spruce_Longhorn_Beetle",22.91891,53.24421
"Brown_Spruce_Longhorn_Beetle",22.91891,53.24421
"Brown_Spruce_Longhorn_Beetle",22.91891,53.24421
"Brown_Spruce_Longhorn_Beetle",22.91891,53.24421
"Brown_Spruce_Longhorn_Beetle",22.91891,53.24421
"Brown_Spruce_Longhorn_Beetle",22.91891,53.24421
"Brown_Spruce_Longhorn_Beetle",22.91891,53.24421
"Brown_Spruce_Longhorn_Beetle",22.91891,53.24421
"Brown_Spruce_Longhorn_Beetle",22.91891,53.24421
"Brown_Spruce_Longhorn_Beetle",22.91891,53.24421
"Brown_Spruce_Longhorn_Beetle",22.91891,53.24421
"Brown_Spruce_Longhorn_Beetle",22.91891,53.24421
"Brown_Spruce_Longhorn_Beetle",22.91891,53.24421
"Brown_Spruce_Longhorn_Beetle",22.91891,53.24421
"Brown_Spruce_Longhorn_Beetle",22.91891,53.24421
"Brown_Spruce_Longhorn_Beetle",22.91891,53.24421
"Brown_Spruce_Longhorn_Beetle",22.91891,53.24421
"Brown_Spruce_Longhorn_Beetle",22.91891,53.24421
"Brown_Spruce_Longhorn_Beetle",22.91891,53.24421
"Brown_Spruce_Longhorn_Beetle",22.91891,53.24421
"Brown_Spruce_Longhorn_Beetle",22.91891,53.24421
"Brown_Spruce_Longhorn_Beetle",22.91891,53.24421
"Brown_Spruce_Longhorn_Beetle",22.91891,53.24421
"Brown_Spruce_Longhorn_Beetle",22.91891,53.24421
"Brown_Spruce_Longhorn_Beetle",22.91891,53.24421
"Brown_Spruce_Longhorn_Beetle",22.91891,53.24421
"Brown_Spruce_Longhorn_Beetle",22.91891,53.24421
"Brown_Spruce_Longhorn_Beetle",22.91891,53.24421
"Brown_Spruce_Longhorn_Beetle",22.91891,53.24421
"Brown_Spruce_Longhorn_Beetle",22.91891,53.24421
"Brown_Spruce_Longhorn_Beetle",22.91891,53.24421
"Brown_Spruce_Longhorn_Beetle",22.91891,53.24421
"Brown_Spruce_Longhorn_Beetle",22.91891,53.24421
"Brown_Spruce_Longhorn_Beetle",22.91891,53.24421
"Brown_Spruce_Longhorn_Beetle",22.91891,53.24421
"Brown_Spruce_Longhorn_Beetle",22.91891,53.24421
"Brown_Spruce_Longhorn_Beetle",22.91891,53.24421
"Brown_Spruce_Longhorn_Beetle",22.91891,53.24421
"Brown_Spruce_Longhorn_Beetle",22.91891,53.24421
"Brown_Spruce_Longhorn_Beetle",22.91891,53.24421
"Brown_Spruce_Longhorn_Beetle",22.91891,53.24421
"Brown_Spruce_Longhorn_Beetle",22.91891,53.24421
"Brown_Spruce_Longhorn_Beetle",22.91891,53.24421
"Brown_Spruce_Longhorn_Beetle",22.91891,53.24421
"Brown_Spruce_Longhorn_Beetle",22.91891,53.24421
"Brown_Spruce_Longhorn_Beetle",22.91891,53.24421
"Brown_Spruce_Longhorn_Beetle",22.91891,53.24421
"Brown_Spruce_Longhorn_Beetle",22.91891,53.24421
"Brown_Spruce_Longhorn_Beetle",22.91891,53.24421
"Brown_Spruce_Longhorn_Beetle",22.91891,53.24421
"Brown_Spruce_Longhorn_Beetle",22.91891,53.24421
"Brown_Spruce_Longhorn_Beetle",22.91891,53.24421
"Brown_Spruce_Longhorn_Beetle",22.91891,53.24421
"Brown_Spruce_Longhorn_Beetle",22.91891,53.24421
"Brown_Spruce_Longhorn_Beetle",22.91891,53.24421
"Brown_Spruce_Longhorn_Beetle",22.91891,53.24421
"Brown_Spruce_Longhorn_Beetle",22.91891,53.24421
"Brown_Spruce_Longhorn_Beetle",22.91891,53.24421
"Brown_Spruce_Longhorn_Beetle",22.91891,53.24421
"Brown_Spruce_Longhorn_Beetle",22.91891,53.24421
"Brown_Spruce_Longhorn_Beetle",22.91891,53.24421
"Brown_Spruce_Longhorn_Beetle",22.91891,53.24421
"Brown_Spruce_Longhorn_Beetle",22.91891,53.24421
"Brown_Spruce_Longhorn_Beetle",22.91891,53.24421
"Brown_Spruce_Longhorn_Beetle",22.91891,53.24421
"Brown_Spruce_Longhorn_Beetle",22.91891,53.24421
"Brown_Spruce_Longhorn_Beetle",22.91891,53.24421
"Brown_Spruce_Longhorn_Beetle",22.91891,53.24421
"Brown_Spruce_Longhorn_Beetle",22.91891,53.24421
"Brown_Spruce_Longhorn_Beetle",22.91891,53.24421
"Brown_Spruce_Longhorn_Beetle",22.91891,53.24421
"Brown_Spruce_Longhorn_Beetle",22.91891,53.24421
"Brown_Spruce_Longhorn_Beetle",22.91891,53.24421
"Brown_Spruce_Longhorn_Beetle",22.91891,53.24421
"Brown_Spruce_Longhorn_Beetle",22.91891,53.24421
"Brown_Spruce_Longhorn_Beetle",22.91891,53.24421
"Brown_Spruce_Longhorn_Beetle",22.91891,53.24421
"Brown_Spruce_Longhorn_Beetle",22.91891,53.24421
"Brown_Spruce_Longhorn_Beetle",22.91891,53.24421
"Brown_Spruce_Longhorn_Beetle",22.91891,53.24421
"Brown_Spruce_Longhorn_Beetle",22.91891,53.24421
"Brown_Spruce_Longhorn_Beetle",22.91891,53.24421
"Brown_Spruce_Longhorn_Beetle",22.91891,53.24421
"Brown_Spruce_Longhorn_Beetle",22.91891,53.24421
"Brown_Spruce_Longhorn_Beetle",22.91891,53.24421
"Brown_Spruce_Longhorn_Beetle",22.91891,53.24421
"Brown_Spruce_Longhorn_Beetle",22.91891,53.24421
"Brown_Spruce_Longhorn_Beetle",22.91891,53.24421
"Brown_Spruce_Longhorn_Beetle",22.91891,53.24421
"Brown_Spruce_Longhorn_Beetle",22.91891,53.24421
"Brown_Spruce_Longhorn_Beetle",22.91891,53.24421
"Brown_Spruce_Longhorn_Beetle",22.91891,53.24421
"Brown_Spruce_Longhorn_Beetle",22.91891,53.24421
"Brown_Spruce_Longhorn_Beetle",22.91891,53.24421
"Brown_Spruce_Longhorn_Beetle",22.91891,53.24421
"Brown_Spruce_Longhorn_Beetle",22.91891,53.24421
"Brown_Spruce_Longhorn_Beetle",22.91891,53.24421
"Brown_Spruce_Longhorn_Beetle",22.91891,53.24421
"Brown_Spruce_Longhorn_Beetle",22.91891,53.24421
"Brown_Spruce_Longhorn_Beetle",22.91891,53.24421
"Brown_Spruce_Longhorn_Beetle",22.91891,53.24421
"Brown_Spruce_Longhorn_Beetle",22.91891,53.24421
"Brown_Spruce_Longhorn_Beetle",22.91891,53.24421
"Brown_Spruce_Longhorn_Beetle",22.91891,53.24421
"Brown_Spruce_Longhorn_Beetle",22.91891,53.24421
"Brown_Spruce_Longhorn_Beetle",22.91891,53.24421
"Brown_Spruce_Longhorn_Beetle",22.91891,53.24421
"Brown_Spruce_Longhorn_Beetle",22.91891,53.24421
"Brown_Spruce_Longhorn_Beetle",22.91891,53.24421
"Brown_Spruce_Longhorn_Beetle",22.91891,53.24421
"Brown_Spruce_Longhorn_Beetle",22.91891,53.24421
"Brown_Spruce_Longhorn_Beetle",22.91891,53.24421
"Brown_Spruce_Longhorn_Beetle",22.91891,53.24421
"Brown_Spruce_Longhorn_Beetle",22.91891,53.24421
"Brown_Spruce_Longhorn_Beetle",22.91891,53.24421
"Brown_Spruce_Longhorn_Beetle",22.91891,53.24421
"Brown_Spruce_Longhorn_Beetle",22.91891,53.24421
"Brown_Spruce_Longhorn_Beetle",22.91891,53.24421
"Brown_Spruce_Longhorn_Beetle",22.91891,53.24421
"Brown_Spruce_Longhorn_Beetle",22.91891,53.24421
"Brown_Spruce_Longhorn_Beetle",22.91891,53.24421
"Brown_Spruce_Longhorn_Beetle",22.91891,53.24421
"Brown_Spruce_Longhorn_Beetle",22.91891,53.24421
"Brown_Spruce_Longhorn_Beetle",22.91891,53.24421
"Brown_Spruce_Longhorn_Beetle",22.91891,53.24421
"Brown_Spruce_Longhorn_Beetle",22.91891,53.24421
"Brown_Spruce_Longhorn_Beetle",22.91891,53.24421
"Brown_Spruce_Longhorn_Beetle",22.91891,53.24421
"Brown_Spruce_Longhorn_Beetle",22.91891,53.24421
"Brown_Spruce_Longhorn_Beetle",22.91891,53.24421
"Brown_Spruce_Longhorn_Beetle",22.91891,53.24421
"Brown_Spruce_Longhorn_Beetle",22.91891,53.24421
"Brown_Spruce_Longhorn_Beetle",22.91891,53.24421
"Brown_Spruce_Longhorn_Beetle",22.91891,53.24421
"Brown_Spruce_Longhorn_Beetle",22.91891,53.24421
"Brown_Spruce_Longhorn_Beetle",22.91891,53.24421
"Brown_Spruce_Longhorn_Beetle",22.91891,53.24421
"Brown_Spruce_Longhorn_Beetle",22.91891,53.24421
"Brown_Spruce_Longhorn_Beetle",22.91891,53.24421
"Brown_Spruce_Longhorn_Beetle",22.91891,53.24421
"Brown_Spruce_Longhorn_Beetle",22.91891,53.24421
"Brown_Spruce_Longhorn_Beetle",22.91891,53.24421
"Brown_Spruce_Longhorn_Beetle",22.91891,53.24421
"Brown_Spruce_Longhorn_Beetle",22.91891,53.24421
"Brown_Spruce_Longhorn_Beetle",22.91891,53.24421
"Brown_Spruce_Longhorn_Beetle",22.91891,53.24421
"Brown_Spruce_Longhorn_Beetle",22.91891,53.24421
"Brown_Spruce_Longhorn_Beetle",22.91891,53.24421
"Brown_Spruce_Longhorn_Beetle",22.91891,53.24421
"Brown_Spruce_Longhorn_Beetle",22.91891,53.24421
"Brown_Spruce_Longhorn_Beetle",22.91891,53.24421
"Brown_Spruce_Longhorn_Beetle",22.91891,53.24421
"Brown_Spruce_Longhorn_Beetle",22.91891,53.24421
"Brown_Spruce_Longhorn_Beetle",22.91891,53.24421
"Brown_Spruce_Longhorn_Beetle",22.91891,53.24421
"Brown_Spruce_Longhorn_Beetle",22.91891,53.24421
"Brown_Spruce_Longhorn_Beetle",22.91891,53.24421
"Brown_Spruce_Longhorn_Beetle",22.91891,53.24421
"Brown_Spruce_Longhorn_Beetle",22.91891,53.24421
"Brown_Spruce_Longhorn_Beetle",22.91891,53.24421
"Brown_Spruce_Longhorn_Beetle",22.91891,53.24421
"Brown_Spruce_Longhorn_Beetle",22.91891,53.24421
"Brown_Spruce_Longhorn_Beetle",22.91891,53.24421
"Brown_Spruce_Longhorn_Beetle",22.91891,53.24421
"Brown_Spruce_Longhorn_Beetle",22.91891,53.24421
"Brown_Spruce_Longhorn_Beetle",22.91891,53.24421
"Brown_Spruce_Longhorn_Beetle",22.91891,53.24421
"Brown_Spruce_Longhorn_Beetle",22.91891,53.24421
"Brown_Spruce_Longhorn_Beetle",22.91891,53.24421
"Brown_Spruce_Longhorn_Beetle",22.91891,53.24421
"Brown_Spruce_Longhorn_Beetle",22.91891,53.24421
"Brown_Spruce_Longhorn_Beetle",22.91891,53.24421
"Brown_Spruce_Longhorn_Beetle",22.91891,53.24421
"Brown_Spruce_Longhorn_Beetle",22.91891,53.24421
"Brown_Spruce_Longhorn_Beetle",22.91891,53.24421
"Brown_Spruce_Longhorn_Beetle",22.91891,53.24421
"Brown_Spruce_Longhorn_Beetle",22.91891,53.24421
"Brown_Spruce_Longhorn_Beetle",22.91891,53.24421
"Brown_Spruce_Longhorn_Beetle",22.91891,53.24421
"Brown_Spruce_Longhorn_Beetle",22.91891,53.24421
"Brown_Spruce_Longhorn_Beetle",22.91891,53.24421
"Brown_Spruce_Longhorn_Beetle",22.91891,53.24421
"Brown_Spruce_Longhorn_Beetle",22.91891,53.24421
"Brown_Spruce_Longhorn_Beetle",22.91891,53.24421
"Brown_Spruce_Longhorn_Beetle",22.91891,53.24421
"Brown_Spruce_Longhorn_Beetle",22.91891,53.24421
"Brown_Spruce_Longhorn_Beetle",22.91891,53.24421
"Brown_Spruce_Longhorn_Beetle",22.91891,53.24421
"Brown_Spruce_Longhorn_Beetle",22.91891,53.24421
"Brown_Spruce_Longhorn_Beetle",22.91891,53.24421
"Brown_Spruce_Longhorn_Beetle",22.91891,53.24421
"Brown_Spruce_Longhorn_Beetle",22.91891,53.24421
"Brown_Spruce_Longhorn_Beetle",22.91891,53.24421
"Brown_Spruce_Longhorn_Beetle",22.91891,53.24421
"Brown_Spruce_Longhorn_Beetle",22.91891,53.24421
"Brown_Spruce_Longhorn_Beetle",22.91891,53.24421
"Brown_Spruce_Longhorn_Beetle",22.91891,53.24421
"Brown_Spruce_Longhorn_Beetle",22.91891,53.24421
"Brown_Spruce_Longhorn_Beetle",22.91891,53.24421
"Brown_Spruce_Longhorn_Beetle",22.91891,53.24421
"Brown_Spruce_Longhorn_Beetle",22.91891,53.24421
"Brown_Spruce_Longhorn_Beetle",22.91891,53.24421
"Brown_Spruce_Longhorn_Beetle",22.91891,53.24421
"Brown_Spruce_Longhorn_Beetle",22.91891,53.24421
"Brown_Spruce_Longhorn_Beetle",22.91891,53.24421
"Brown_Spruce_Longhorn_Beetle",22.91891,53.24421
"Brown_Spruce_Longhorn_Beetle",22.91891,53.24421
"Brown_Spruce_Longhorn_Beetle",22.91891,53.24421
"Brown_Spruce_Longhorn_Beetle",22.91891,53.24421
"Brown_Spruce_Longhorn_Beetle",22.91891,53.24421
"Brown_Spruce_Longhorn_Beetle",22.91891,53.24421
"Brown_Spruce_Longhorn_Beetle",22.91891,53.24421
"Brown_Spruce_Longhorn_Beetle",22.91891,53.24421
"Brown_Spruce_Longhorn_Beetle",22.91891,53.24421
"Brown_Spruce_Longhorn_Beetle",22.91891,53.24421
"Brown_Spruce_Longhorn_Beetle",22.91891,53.24421
"Brown_Spruce_Longhorn_Beetle",22.91891,53.24421
"Brown_Spruce_Longhorn_Beetle",22.91891,53.24421
"Brown_Spruce_Longhorn_Beetle",22.91891,53.24421
"Brown_Spruce_Longhorn_Beetle",22.91891,53.24421
"Brown_Spruce_Longhorn_Beetle",22.91891,53.24421
"Brown_Spruce_Longhorn_Beetle",22.91891,53.24421
"Brown_Spruce_Longhorn_Beetle",22.91891,53.24421
"Brown_Spruce_Longhorn_Beetle",22.91891,53.24421
"Brown_Spruce_Longhorn_Beetle",22.91891,53.24421
"Brown_Spruce_Longhorn_Beetle",22.91891,53.24421
"Brown_Spruce_Longhorn_Beetle",22.91891,53.24421
"Brown_Spruce_Longhorn_Beetle",22.91891,53.24421
"Brown_Spruce_Longhorn_Beetle",22.91891,53.24421
"Brown_Spruce_Longhorn_Beetle",22.91891,53.24421
"Brown_Spruce_Longhorn_Beetle",22.91891,53.24421
"Brown_Spruce_Longhorn_Beetle",22.91891,53.24421
"Brown_Spruce_Longhorn_Beetle",22.91891,53.24421
"Brown_Spruce_Longhorn_Beetle",22.91891,53.24421
"Brown_Spruce_Longhorn_Beetle",22.91891,53.24421
"Brown_Spruce_Longhorn_Beetle",22.91891,53.24421
"Brown_Spruce_Longhorn_Beetle",22.91891,53.24421
"Brown_Spruce_Longhorn_Beetle",22.91891,53.24421
"Brown_Spruce_Longhorn_Beetle",22.91891,53.24421
"Brown_Spruce_Longhorn_Beetle",22.91891,53.24421
"Brown_Spruce_Longhorn_Beetle",22.91891,53.24421
"Brown_Spruce_Longhorn_Beetle",22.91891,53.24421
"Brown_Spruce_Longhorn_Beetle",22.91891,53.24421
"Brown_Spruce_Longhorn_Beetle",22.91891,53.24421
"Brown_Spruce_Longhorn_Beetle",22.91891,53.24421
"Brown_Spruce_Longhorn_Beetle",22.91891,53.24421
"Brown_Spruce_Longhorn_Beetle",22.91891,53.24421
"Brown_Spruce_Longhorn_Beetle",22.91891,53.24421
"Brown_Spruce_Longhorn_Beetle",22.91891,53.24421
"Brown_Spruce_Longhorn_Beetle",22.91891,53.24421
"Brown_Spruce_Longhorn_Beetle",22.91891,53.24421
"Brown_Spruce_Longhorn_Beetle",22.91891,53.24421
"Brown_Spruce_Longhorn_Beetle",22.91891,53.24421
"Brown_Spruce_Longhorn_Beetle",22.91891,53.24421
"Brown_Spruce_Longhorn_Beetle",22.91891,53.24421
"Brown_Spruce_Longhorn_Beetle",22.91891,53.24421
"Brown_Spruce_Longhorn_Beetle",22.91891,53.24421
"Brown_Spruce_Longhorn_Beetle",22.91891,53.24421
"Brown_Spruce_Longhorn_Beetle",22.91891,53.24421
"Brown_Spruce_Longhorn_Beetle",22.91891,53.24421
"Brown_Spruce_Longhorn_Beetle",22.91891,53.24421
"Brown_Spruce_Longhorn_Beetle",22.91891,53.24421
"Brown_Spruce_Longhorn_Beetle",22.91891,53.24421
"Brown_Spruce_Longhorn_Beetle",22.91891,53.24421
"Brown_Spruce_Longhorn_Beetle",22.91891,53.24421
"Brown_Spruce_Longhorn_Beetle",22.91891,53.24421
"Brown_Spruce_Longhorn_Beetle",22.91891,53.24421
"Brown_Spruce_Longhorn_Beetle",22.91891,53.24421
"Brown_Spruce_Longhorn_Beetle",22.91891,53.24421
"Brown_Spruce_Longhorn_Beetle",22.91891,53.24421
"Brown_Spruce_Longhorn_Beetle",22.91891,53.24421
"Brown_Spruce_Longhorn_Beetle",22.91891,53.24421
"Brown_Spruce_Longhorn_Beetle",22.91891,53.24421
"Brown_Spruce_Longhorn_Beetle",22.91891,53.24421
"Brown_Spruce_Longhorn_Beetle",22.91891,53.24421
"Brown_Spruce_Longhorn_Beetle",22.91891,53.24421
"Brown_Spruce_Longhorn_Beetle",22.91891,53.24421
"Brown_Spruce_Longhorn_Beetle",22.91891,53.24421
"Brown_Spruce_Longhorn_Beetle",22.91891,53.24421
"Brown_Spruce_Longhorn_Beetle",22.91891,53.24421
"Brown_Spruce_Longhorn_Beetle",22.91891,53.24421
"Brown_Spruce_Longhorn_Beetle",22.91891,53.24421
"Brown_Spruce_Longhorn_Beetle",22.91891,53.24421
"Brown_Spruce_Longhorn_Beetle",22.91891,53.24421
"Brown_Spruce_Longhorn_Beetle",22.91891,53.24421
"Brown_Spruce_Longhorn_Beetle",22.91891,53.24421
"Brown_Spruce_Longhorn_Beetle",22.91891,53.24421
"Brown_Spruce_Longhorn_Beetle",22.91891,53.24421
"Brown_Spruce_Longhorn_Beetle",22.91891,53.24421
"Brown_Spruce_Longhorn_Beetle",22.91891,53.24421
"Brown_Spruce_Longhorn_Beetle",22.91891,53.24421
"Brown_Spruce_Longhorn_Beetle",22.91891,53.24421
"Brown_Spruce_Longhorn_Beetle",22.91891,53.24421
"Brown_Spruce_Longhorn_Beetle",22.91891,53.24421
"Brown_Spruce_Longhorn_Beetle",22.91891,53.24421
"Brown_Spruce_Longhorn_Beetle",22.91891,53.24421
"Brown_Spruce_Longhorn_Beetle",22.91891,53.24421
"Brown_Spruce_Longhorn_Beetle",22.91891,53.24421
"Brown_Spruce_Longhorn_Beetle",22.91891,53.24421
"Brown_Spruce_Longhorn_Beetle",22.91891,53.24421
"Brown_Spruce_Longhorn_Beetle",22.91891,53.24421
"Brown_Spruce_Longhorn_Beetle",22.91891,53.24421
"Brown_Spruce_Longhorn_Beetle",22.91891,53.24421
"Brown_Spruce_Longhorn_Beetle",22.91891,53.24421
"Brown_Spruce_Longhorn_Beetle",22.91891,53.24421
"Brown_Spruce_Longhorn_Beetle",22.91891,53.24421
"Brown_Spruce_Longhorn_Beetle",22.91891,53.24421
"Brown_Spruce_Longhorn_Beetle",22.91891,53.24421
"Brown_Spruce_Longhorn_Beetle",22.91891,53.24421
"Brown_Spruce_Longhorn_Beetle",22.91891,53.24421
"Brown_Spruce_Longhorn_Beetle",22.91891,53.24421
"Brown_Spruce_Longhorn_Beetle",22.91891,53.24421
"Brown_Spruce_Longhorn_Beetle",22.91891,53.24421
"Brown_Spruce_Longhorn_Beetle",22.91891,53.24421
"Brown_Spruce_Longhorn_Beetle",22.91891,53.24421
"Brown_Spruce_Longhorn_Beetle",22.91891,53.24421
"Brown_Spruce_Longhorn_Beetle",22.91891,53.24421
"Brown_Spruce_Longhorn_Beetle",22.91891,53.24421
"Brown_Spruce_Longhorn_Beetle",22.91891,53.24421
"Brown_Spruce_Longhorn_Beetle",22.91891,53.24421
"Brown_Spruce_Longhorn_Beetle",22.91891,53.24421
"Brown_Spruce_Longhorn_Beetle",22.91891,53.24421
"Brown_Spruce_Longhorn_Beetle",22.91891,53.24421
"Brown_Spruce_Longhorn_Beetle",22.91891,53.24421
"Brown_Spruce_Longhorn_Beetle",22.91891,53.24421
"Brown_Spruce_Longhorn_Beetle",22.91891,53.24421
"Brown_Spruce_Longhorn_Beetle",22.91891,53.24421
"Brown_Spruce_Longhorn_Beetle",22.91891,53.24421
"Brown_Spruce_Longhorn_Beetle",22.91891,53.24421
"Brown_Spruce_Longhorn_Beetle",22.91891,53.24421
"Brown_Spruce_Longhorn_Beetle",22.91891,53.24421
"Brown_Spruce_Longhorn_Beetle",22.91891,53.24421
"Brown_Spruce_Longhorn_Beetle",22.91891,53.24421
"Brown_Spruce_Longhorn_Beetle",22.91891,53.24421
"Brown_Spruce_Longhorn_Beetle",22.91891,53.24421
"Brown_Spruce_Longhorn_Beetle",22.91891,53.24421
"Brown_Spruce_Longhorn_Beetle",22.91891,53.24421
"Brown_Spruce_Longhorn_Beetle",22.91891,53.24421
"Brown_Spruce_Longhorn_Beetle",22.91891,53.24421
"Brown_Spruce_Longhorn_Beetle",22.91891,53.24421
"Brown_Spruce_Longhorn_Beetle",22.91891,53.24421
"Brown_Spruce_Longhorn_Beetle",22.91891,53.24421
"Brown_Spruce_Longhorn_Beetle",22.91891,53.24421
"Brown_Spruce_Longhorn_Beetle",22.91891,53.24421
"Brown_Spruce_Longhorn_Beetle",22.91891,53.24421
"Brown_Spruce_Longhorn_Beetle",22.91891,53.24421
"Brown_Spruce_Longhorn_Beetle",22.91891,53.24421
"Brown_Spruce_Longhorn_Beetle",22.91891,53.24421
"Brown_Spruce_Longhorn_Beetle",22.91891,53.24421
"Brown_Spruce_Longhorn_Beetle",22.91891,53.24421
"Brown_Spruce_Longhorn_Beetle",22.91891,53.24421
"Brown_Spruce_Longhorn_Beetle",22.91891,53.24421
"Brown_Spruce_Longhorn_Beetle",22.91891,53.24421
"Brown_Spruce_Longhorn_Beetle",22.91891,53.24421
"Brown_Spruce_Longhorn_Beetle",22.91891,53.24421
"Brown_Spruce_Longhorn_Beetle",22.91891,53.24421
"Brown_Spruce_Longhorn_Beetle",22.91891,53.24421
"Brown_Spruce_Longhorn_Beetle",22.91891,53.24421
"Brown_Spruce_Longhorn_Beetle",22.91891,53.24421
"Brown_Spruce_Longhorn_Beetle",22.91891,53.24421
"Brown_Spruce_Longhorn_Beetle",22.91891,53.24421
"Brown_Spruce_Longhorn_Beetle",22.91891,53.24421
"Brown_Spruce_Longhorn_Beetle",22.91891,53.24421
"Brown_Spruce_Longhorn_Beetle",22.91891,53.24421
"Brown_Spruce_Longhorn_Beetle",22.91891,53.24421
"Brown_Spruce_Longhorn_Beetle",22.91891,53.24421
"Brown_Spruce_Longhorn_Beetle",22.91891,53.24421
"Brown_Spruce_Longhorn_Beetle",22.91891,53.24421
"Brown_Spruce_Longhorn_Beetle",22.91891,53.24421
"Brown_Spruce_Longhorn_Beetle",22.91891,53.24421
"Brown_Spruce_Longhorn_Beetle",22.91891,53.24421
"Brown_Spruce_Longhorn_Beetle",22.91891,53.24421
"Brown_Spruce_Longhorn_Beetle",22.91891,53.24421
"Brown_Spruce_Longhorn_Beetle",22.91891,53.24421
"Brown_Spruce_Longhorn_Beetle",22.91891,53.24421
"Brown_Spruce_Longhorn_Beetle",22.91891,53.24421
"Brown_Spruce_Longhorn_Beetle",22.91891,53.24421
"Brown_Spruce_Longhorn_Beetle",22.91891,53.24421
"Brown_Spruce_Longhorn_Beetle",22.91891,53.24421
"Brown_Spruce_Longhorn_Beetle",22.91891,53.24421
"Brown_Spruce_Longhorn_Beetle",22.91891,53.24421
"Brown_Spruce_Longhorn_Beetle",22.91891,53.24421
"Brown_Spruce_Longhorn_Beetle",22.91891,53.24421
"Brown_Spruce_Longhorn_Beetle",22.91891,53.24421
"Brown_Spruce_Longhorn_Beetle",22.91891,53.24421
"Brown_Spruce_Longhorn_Beetle",22.91891,53.24421
"Brown_Spruce_Longhorn_Beetle",22.91891,53.24421
"Brown_Spruce_Longhorn_Beetle",22.91891,53.24421
"Brown_Spruce_Longhorn_Beetle",22.91891,53.24421
"Brown_Spruce_Longhorn_Beetle",22.91891,53.24421
"Brown_Spruce_Longhorn_Beetle",22.91891,53.24421
"Brown_Spruce_Longhorn_Beetle",22.91891,53.24421
"Brown_Spruce_Longhorn_Beetle",22.91891,53.24421
"Brown_Spruce_Longhorn_Beetle",22.91891,53.24421
"Brown_Spruce_Longhorn_Beetle",22.91891,53.24421
"Brown_Spruce_Longhorn_Beetle",22.91891,53.24421
"Brown_Spruce_Longhorn_Beetle",22.91891,53.24421
"Brown_Spruce_Longhorn_Beetle",22.91891,53.24421
"Brown_Spruce_Longhorn_Beetle",22.91891,53.24421
"Brown_Spruce_Longhorn_Beetle",22.91891,53.24421
"Brown_Spruce_Longhorn_Beetle",22.91891,53.24421
"Brown_Spruce_Longhorn_Beetle",22.91891,53.24421
"Brown_Spruce_Longhorn_Beetle",22.91891,53.24421
"Brown_Spruce_Longhorn_Beetle",22.91891,53.24421
"Brown_Spruce_Longhorn_Beetle",22.91891,53.24421
"Brown_Spruce_Longhorn_Beetle",22.91891,53.24421
"Brown_Spruce_Longhorn_Beetle",22.91891,53.24421
"Brown_Spruce_Longhorn_Beetle",22.91891,53.24421
"Brown_Spruce_Longhorn_Beetle",22.91891,53.24421
"Brown_Spruce_Longhorn_Beetle",22.91891,53.24421
"Brown_Spruce_Longhorn_Beetle",22.91891,53.24421
"Brown_Spruce_Longhorn_Beetle",22.91891,53.24421
"Brown_Spruce_Longhorn_Beetle",22.91891,53.24421
"Brown_Spruce_Longhorn_Beetle",22.91891,53.24421
"Brown_Spruce_Longhorn_Beetle",22.91891,53.24421
"Brown_Spruce_Longhorn_Beetle",22.91891,53.24421
"Brown_Spruce_Longhorn_Beetle",22.91891,53.24421
"Brown_Spruce_Longhorn_Beetle",22.91891,53.24421
"Brown_Spruce_Longhorn_Beetle",22.91891,53.24421
"Brown_Spruce_Longhorn_Beetle",22.91891,53.24421
"Brown_Spruce_Longhorn_Beetle",22.91891,53.24421
"Brown_Spruce_Longhorn_Beetle",22.91891,53.24421
"Brown_Spruce_Longhorn_Beetle",22.91891,53.24421
"Brown_Spruce_Longhorn_Beetle",22.91891,53.24421
"Brown_Spruce_Longhorn_Beetle",22.91891,53.24421
"Brown_Spruce_Longhorn_Beetle",22.91891,53.24421
"Brown_Spruce_Longhorn_Beetle",22.91891,53.24421
"Brown_Spruce_Longhorn_Beetle",22.91891,53.24421
"Brown_Spruce_Longhorn_Beetle",22.91891,53.24421
"Brown_Spruce_Longhorn_Beetle",22.91891,53.24421
"Brown_Spruce_Longhorn_Beetle",22.91891,53.24421
"Brown_Spruce_Longhorn_Beetle",22.91891,53.24421
"Brown_Spruce_Longhorn_Beetle",22.91891,53.24421
"Brown_Spruce_Longhorn_Beetle",22.91891,53.24421
"Brown_Spruce_Longhorn_Beetle",22.91891,53.24421
"Brown_Spruce_Longhorn_Beetle",22.91891,53.24421
"Brown_Spruce_Longhorn_Beetle",22.91891,53.24421
"Brown_Spruce_Longhorn_Beetle",22.91891,53.24421
"Brown_Spruce_Longhorn_Beetle",22.91891,53.24421
"Brown_Spruce_Longhorn_Beetle",2.46427,48.40302
"Brown_Spruce_Longhorn_Beetle",2.68092,48.4065
"Brown_Spruce_Longhorn_Beetle",2.68092,48.4065
"Brown_Spruce_Longhorn_Beetle",0.12864,48.6236
"Brown_Spruce_Longhorn_Beetle",0.22237,47.99453
"Brown_Spruce_Longhorn_Beetle",7.13547,48.1152
"Brown_Spruce_Longhorn_Beetle",6.97542,48.12702
"Brown_Spruce_Longhorn_Beetle",7.33998,48.13937
"Brown_Spruce_Longhorn_Beetle",7.54508,48.02389
"Brown_Spruce_Longhorn_Beetle",7.3054,48.62085
"Brown_Spruce_Longhorn_Beetle",6.97542,48.12702
"Brown_Spruce_Longhorn_Beetle",7.13547,48.1152
"Brown_Spruce_Longhorn_Beetle",6.3034,44.16833
"Brown_Spruce_Longhorn_Beetle",7.3054,48.62085
"Brown_Spruce_Longhorn_Beetle",-0.93823,49.19183
"Brown_Spruce_Longhorn_Beetle",0.62699,42.73494
"Brown_Spruce_Longhorn_Beetle",6.92473,47.81895
"Brown_Spruce_Longhorn_Beetle",6.8592,48.06515
"Brown_Spruce_Longhorn_Beetle",7.17268,48.4602
"Brown_Spruce_Longhorn_Beetle",7.17268,48.4602
"Brown_Spruce_Longhorn_Beetle",6.97542,48.12702
"Brown_Spruce_Longhorn_Beetle",7.3054,48.62085
"Brown_Spruce_Longhorn_Beetle",6.97542,48.12702
"Brown_Spruce_Longhorn_Beetle",7.13547,48.1152
"Brown_Spruce_Longhorn_Beetle",7.17268,48.4602
"Brown_Spruce_Longhorn_Beetle",59.362381,57.011845
"Brown_Spruce_Longhorn_Beetle",16.503386,56.644938
"Brown_Spruce_Longhorn_Beetle",22.186115,61.12407
"Brown_Spruce_Longhorn_Beetle",27.243626,68.252955
"Brown_Spruce_Longhorn_Beetle",27.243626,68.252955
"Brown_Spruce_Longhorn_Beetle",27.243626,68.252955
"Brown_Spruce_Longhorn_Beetle",27.243626,68.252955
"Brown_Spruce_Longhorn_Beetle",25.702279,62.212748
"Brown_Spruce_Longhorn_Beetle",26.765042,60.744655
"Brown_Spruce_Longhorn_Beetle",22.186115,61.12407
"Brown_Spruce_Longhorn_Beetle",22.186115,61.12407
"Brown_Spruce_Longhorn_Beetle",22.191398,61.122217
"Brown_Spruce_Longhorn_Beetle",22.186115,61.12407
"Brown_Spruce_Longhorn_Beetle",22.190005,61.123426
"Brown_Spruce_Longhorn_Beetle",22.188227,61.123138
"Brown_Spruce_Longhorn_Beetle",22.186237,61.123633
"Brown_Spruce_Longhorn_Beetle",22.188227,61.123138
"Brown_Spruce_Longhorn_Beetle",22.191398,61.122217
"Brown_Spruce_Longhorn_Beetle",22.188227,61.123138
"Brown_Spruce_Longhorn_Beetle",29.689286,62.61436
"Brown_Spruce_Longhorn_Beetle",27.243626,68.252955
"Brown_Spruce_Longhorn_Beetle",24.06799,68.044631
"Brown_Spruce_Longhorn_Beetle",22.191398,61.122217
"Brown_Spruce_Longhorn_Beetle",22.191398,61.122217
"Brown_Spruce_Longhorn_Beetle",22.186237,61.123633
"Brown_Spruce_Longhorn_Beetle",22.188227,61.123138
"Brown_Spruce_Longhorn_Beetle",22.191398,61.122217
"Brown_Spruce_Longhorn_Beetle",24.542702,65.742831
"Brown_Spruce_Longhorn_Beetle",25.85768,65.032211
"Brown_Spruce_Longhorn_Beetle",24.703969,65.646637
"Brown_Spruce_Longhorn_Beetle",21.823985,60.566552
"Brown_Spruce_Longhorn_Beetle",21.823985,60.566552
"Brown_Spruce_Longhorn_Beetle",29.3,64.99
"Brown_Spruce_Longhorn_Beetle",29.3,64.99
"Brown_Spruce_Longhorn_Beetle",24.438291,61.507739
"Brown_Spruce_Longhorn_Beetle",16.21,57
"Brown_Spruce_Longhorn_Beetle",22.508,58.142
"Brown_Spruce_Longhorn_Beetle",105.16,54.81
"Brown_Spruce_Longhorn_Beetle",25.018642,60.110161
"Brown_Spruce_Longhorn_Beetle",24.784775,62.23299
"Brown_Spruce_Longhorn_Beetle",30.959596,62.373809
"Brown_Spruce_Longhorn_Beetle",30.087414,63.29387
"Brown_Spruce_Longhorn_Beetle",24.98,60.28
"Brown_Spruce_Longhorn_Beetle",29.18,63.21
"Brown_Spruce_Longhorn_Beetle",24.939,60.186
"Brown_Spruce_Longhorn_Beetle",29.18,63.21
"Brown_Spruce_Longhorn_Beetle",25.29,60.31
"Brown_Spruce_Longhorn_Beetle",29.18,63.21
"Brown_Spruce_Longhorn_Beetle",25.46,62.84
"Brown_Spruce_Longhorn_Beetle",25.46,62.84
"Brown_Spruce_Longhorn_Beetle",25.31,60.17
"Brown_Spruce_Longhorn_Beetle",25.31,60.17
"Brown_Spruce_Longhorn_Beetle",25.31,60.17
"Brown_Spruce_Longhorn_Beetle",23.326756,59.956007
"Brown_Spruce_Longhorn_Beetle",29.18,63.21
"Brown_Spruce_Longhorn_Beetle",24.939,60.186
"Brown_Spruce_Longhorn_Beetle",29.18,63.21
"Brown_Spruce_Longhorn_Beetle",24.939,60.186
"Brown_Spruce_Longhorn_Beetle",25.1427,60.2102
"Brown_Spruce_Longhorn_Beetle",29.25,60.3
"Brown_Spruce_Longhorn_Beetle",25.26,60.37
"Brown_Spruce_Longhorn_Beetle",24.94,60.17
"Brown_Spruce_Longhorn_Beetle",16.88541,58.26906
"Brown_Spruce_Longhorn_Beetle",17.02066,57.2081
"Brown_Spruce_Longhorn_Beetle",18.20531,59.39152
"Brown_Spruce_Longhorn_Beetle",13.09874,56.01326
"Brown_Spruce_Longhorn_Beetle",16.0263,57.20938
"Brown_Spruce_Longhorn_Beetle",16.0263,57.20938
"Brown_Spruce_Longhorn_Beetle",16.0263,57.20938
"Brown_Spruce_Longhorn_Beetle",16.20917,56.92427
"Brown_Spruce_Longhorn_Beetle",15.12225,59.29679
"Brown_Spruce_Longhorn_Beetle",17.7655,60.0978
"Brown_Spruce_Longhorn_Beetle",11.94938,57.75777
"Brown_Spruce_Longhorn_Beetle",16.0263,57.20938
"Brown_Spruce_Longhorn_Beetle",16.02605,57.20953
"Brown_Spruce_Longhorn_Beetle",16.0263,57.20938
"Brown_Spruce_Longhorn_Beetle",16.56416,59.10888
"Brown_Spruce_Longhorn_Beetle",17.02066,57.2081
"Brown_Spruce_Longhorn_Beetle",16.02618,57.20956
"Brown_Spruce_Longhorn_Beetle",18.64052,59.83798
"Brown_Spruce_Longhorn_Beetle",17.02066,57.2081
"Brown_Spruce_Longhorn_Beetle",16.0263,57.20938
"Brown_Spruce_Longhorn_Beetle",16.0263,57.20938
"Brown_Spruce_Longhorn_Beetle",14.64018,58.33254
"Brown_Spruce_Longhorn_Beetle",16.22012,58.62446
"Brown_Spruce_Longhorn_Beetle",16.0263,57.20938
"Brown_Spruce_Longhorn_Beetle",16.0263,57.20938
"Brown_Spruce_Longhorn_Beetle",18.31434,59.5828
"Brown_Spruce_Longhorn_Beetle",16.0263,57.20938
"Brown_Spruce_Longhorn_Beetle",16.0263,57.20938
"Brown_Spruce_Longhorn_Beetle",17.02066,57.2081
"Brown_Spruce_Longhorn_Beetle",14.86387,60.32091
"Brown_Spruce_Longhorn_Beetle",19.54515,63.69335
"Brown_Spruce_Longhorn_Beetle",16.0263,57.20938
"Brown_Spruce_Longhorn_Beetle",17.02066,57.2081
"Brown_Spruce_Longhorn_Beetle",14.66386,58.33649
"Brown_Spruce_Longhorn_Beetle",17.02066,57.2081
"Brown_Spruce_Longhorn_Beetle",16.0263,57.20938
"Brown_Spruce_Longhorn_Beetle",18.37106,57.27888
"Brown_Spruce_Longhorn_Beetle",15.31062,60.55217
"Brown_Spruce_Longhorn_Beetle",14.93222,59.29351
"Brown_Spruce_Longhorn_Beetle",16.0864,59.78871
"Brown_Spruce_Longhorn_Beetle",17.34354,59.95125
"Brown_Spruce_Longhorn_Beetle",16.0263,57.20938
"Brown_Spruce_Longhorn_Beetle",16.0263,57.20938
"Brown_Spruce_Longhorn_Beetle",16.22068,58.62436
"Brown_Spruce_Longhorn_Beetle",16.8364,59.98585
"Brown_Spruce_Longhorn_Beetle",14.86368,60.32104
"Brown_Spruce_Longhorn_Beetle",17.97471,59.17828
"Brown_Spruce_Longhorn_Beetle",17.02066,57.2081
"Brown_Spruce_Longhorn_Beetle",14.68407,58.32373
"Brown_Spruce_Longhorn_Beetle",16.50335,56.64525
"Brown_Spruce_Longhorn_Beetle",16.0263,57.20938
"Brown_Spruce_Longhorn_Beetle",15.31211,60.55183
"Brown_Spruce_Longhorn_Beetle",16.24247,59.81412
"Brown_Spruce_Longhorn_Beetle",16.08167,56.50171
"Brown_Spruce_Longhorn_Beetle",17.02066,57.2081
"Brown_Spruce_Longhorn_Beetle",17.02066,57.2081
"Brown_Spruce_Longhorn_Beetle",21.55631,65.91554
"Brown_Spruce_Longhorn_Beetle",11.94938,57.75777
"Brown_Spruce_Longhorn_Beetle",16.0263,57.20938
"Brown_Spruce_Longhorn_Beetle",11.94938,57.75777
"Brown_Spruce_Longhorn_Beetle",13.60017,55.66195
"Brown_Spruce_Longhorn_Beetle",16.57089,56.79586
"Brown_Spruce_Longhorn_Beetle",17.52867,59.83471
"Brown_Spruce_Longhorn_Beetle",7.800404,59.634
"Brown_Spruce_Longhorn_Beetle",11.2135,59.9599
"Brown_Spruce_Longhorn_Beetle",13.9815,64.4936
"Brown_Spruce_Longhorn_Beetle",10.5209,59.8672
"Brown_Spruce_Longhorn_Beetle",13.8905,64.1369
"Brown_Spruce_Longhorn_Beetle",9.5748,58.8584
"Brown_Spruce_Longhorn_Beetle",9.8736,59.1301
"Brown_Spruce_Longhorn_Beetle",11.2135,59.9599
"Brown_Spruce_Longhorn_Beetle",13.456778,55.695499
"Brown_Spruce_Longhorn_Beetle",11.08,49.5
"Brown_Spruce_Longhorn_Beetle",11.59,47.59
"Brown_Spruce_Longhorn_Beetle",23.06,59.96
"Brown_Spruce_Longhorn_Beetle",28.8,66.77
"Brown_Spruce_Longhorn_Beetle",23.06,59.96
"Brown_Spruce_Longhorn_Beetle",11.412635,48.127516
"Brown_Spruce_Longhorn_Beetle",84.940394,56.498237
"Brown_Spruce_Longhorn_Beetle",20.150407,54.730263
"Brown_Spruce_Longhorn_Beetle",10.534894,59.670641
"Brown_Spruce_Longhorn_Beetle",8.91764,46.51418
"Brown_Spruce_Longhorn_Beetle",8.77322,46.47099
"Brown_Spruce_Longhorn_Beetle",8.824933,58.434647
"Brown_Spruce_Longhorn_Beetle",6.1702,46.42674
"Brown_Spruce_Longhorn_Beetle",37.135825,62.762294
"Brown_Spruce_Longhorn_Beetle",18.75742,60.20317
"Brown_Spruce_Longhorn_Beetle",1.62665,44.99631
"Brown_Spruce_Longhorn_Beetle",1.64558,44.99693
"Brown_Spruce_Longhorn_Beetle",55.531677,55.394514
"Brown_Spruce_Longhorn_Beetle",19.45777,63.95512
"Brown_Spruce_Longhorn_Beetle",14.46651,59.13239
"Brown_Spruce_Longhorn_Beetle",14.9887,59.4913
"Brown_Spruce_Longhorn_Beetle",14.79674,59.26369
"Brown_Spruce_Longhorn_Beetle",14.47041,58.88634
"Brown_Spruce_Longhorn_Beetle",13.32398,57.48843
"Brown_Spruce_Longhorn_Beetle",14.42429,59.19938
"Brown_Spruce_Longhorn_Beetle",14.81157,59.28904
"Brown_Spruce_Longhorn_Beetle",14.32098,57.5208
"Brown_Spruce_Longhorn_Beetle",14.5745,59.16617
"Brown_Spruce_Longhorn_Beetle",14.41175,59.19989
"Brown_Spruce_Longhorn_Beetle",14.10261,59.27547
"Brown_Spruce_Longhorn_Beetle",14.76474,58.7812
"Brown_Spruce_Longhorn_Beetle",14.36579,57.1728
"Brown_Spruce_Longhorn_Beetle",14.78036,58.76913
"Brown_Spruce_Longhorn_Beetle",14.97176,59.47217
"Brown_Spruce_Longhorn_Beetle",14.58234,59.16708
"Brown_Spruce_Longhorn_Beetle",14.47049,59.13291
"Brown_Spruce_Longhorn_Beetle",14.47811,59.13283
"Brown_Spruce_Longhorn_Beetle",14.39971,59.00274
"Brown_Spruce_Longhorn_Beetle",14.47041,58.88634
"Brown_Spruce_Longhorn_Beetle",14.40396,59.00713
"Brown_Spruce_Longhorn_Beetle",14.76474,58.7812
"Brown_Spruce_Longhorn_Beetle",14.10457,56.86785
"Brown_Spruce_Longhorn_Beetle",14.80416,59.27975
"Brown_Spruce_Longhorn_Beetle",14.79544,58.76879
"Brown_Spruce_Longhorn_Beetle",14.5745,59.16617
"Brown_Spruce_Longhorn_Beetle",14.10261,59.27547
"Brown_Spruce_Longhorn_Beetle",14.47751,58.88161
"Brown_Spruce_Longhorn_Beetle",14.47206,58.88865
"Brown_Spruce_Longhorn_Beetle",19.28056,64.5503
"Brown_Spruce_Longhorn_Beetle",7.1422,47.10811
"Brown_Spruce_Longhorn_Beetle",5.746,49.701
"Brown_Spruce_Longhorn_Beetle",27.4597,58.1
"Brown_Spruce_Longhorn_Beetle",27.319,58.266
"Brown_Spruce_Longhorn_Beetle",25.563125,59.010106
"Brown_Spruce_Longhorn_Beetle",27.319,58.266
"Brown_Spruce_Longhorn_Beetle",24.733333,59.45
"Brown_Spruce_Longhorn_Beetle",26.716667,58.3739
"Brown_Spruce_Longhorn_Beetle",24.461111,58.916667
"Brown_Spruce_Longhorn_Beetle",25.85361,57.98667
"Brown_Spruce_Longhorn_Beetle",25.85361,57.98667
"Brown_Spruce_Longhorn_Beetle",25.78333,58.01667
"Brown_Spruce_Longhorn_Beetle",26.28333,58.3
"Brown_Spruce_Longhorn_Beetle",26.28333,58.3
"Brown_Spruce_Longhorn_Beetle",26.28333,58.3
"Brown_Spruce_Longhorn_Beetle",24.683333,59.233333
"Brown_Spruce_Longhorn_Beetle",24.816667,58.783333
"Brown_Spruce_Longhorn_Beetle",24.416667,58.76
"Brown_Spruce_Longhorn_Beetle",26.725,58.383333
"Brown_Spruce_Longhorn_Beetle",24.814722,59.559444
"Brown_Spruce_Longhorn_Beetle",24.461111,58.916667
"Brown_Spruce_Longhorn_Beetle",24.461111,58.916667
"Brown_Spruce_Longhorn_Beetle",26.333333,57.924444
"Brown_Spruce_Longhorn_Beetle",25.83333,58
"Brown_Spruce_Longhorn_Beetle",25.83889,57.97917
"Brown_Spruce_Longhorn_Beetle",25.85417,57.98889
"Brown_Spruce_Longhorn_Beetle",22.17333,58.92222
"Brown_Spruce_Longhorn_Beetle",26.714,58.3907
"Brown_Spruce_Longhorn_Beetle",23.243544,57.801798
"Brown_Spruce_Longhorn_Beetle",26.97497,58.1455
"Brown_Spruce_Longhorn_Beetle",23.244324,57.802254
"Brown_Spruce_Longhorn_Beetle",26.1085,59.1623
"Brown_Spruce_Longhorn_Beetle",26.97497,58.1455
"Brown_Spruce_Longhorn_Beetle",23.244324,57.802254
"Brown_Spruce_Longhorn_Beetle",26.5304,59.4161
"Brown_Spruce_Longhorn_Beetle",26.5304,59.4161
"Brown_Spruce_Longhorn_Beetle",26.97497,58.1455
"Brown_Spruce_Longhorn_Beetle",12.99,47.82
"Brown_Spruce_Longhorn_Beetle",13.15,47.59
"Brown_Spruce_Longhorn_Beetle",12.79,47.37
"Brown_Spruce_Longhorn_Beetle",13.01,47.38
"Brown_Spruce_Longhorn_Beetle",13.49,47.72
"Brown_Spruce_Longhorn_Beetle",13.05,47.76
"Brown_Spruce_Longhorn_Beetle",13.1,47.8
"Brown_Spruce_Longhorn_Beetle",13.04,47.8
"Brown_Spruce_Longhorn_Beetle",13.49,47.72
"Brown_Spruce_Longhorn_Beetle",13.01,47.8
"Brown_Spruce_Longhorn_Beetle",24.116667,59.033333
"Brown_Spruce_Longhorn_Beetle",26.203611,57.683333
"Brown_Spruce_Longhorn_Beetle",24.116667,59.033333
"Brown_Spruce_Longhorn_Beetle",24.95,58.966667
"Brown_Spruce_Longhorn_Beetle",26.33333,57.58333
"Brown_Spruce_Longhorn_Beetle",24.116667,59.033333
"Brown_Spruce_Longhorn_Beetle",24.95,58.966667
"Brown_Spruce_Longhorn_Beetle",15.62901,59.69172
"Brown_Spruce_Longhorn_Beetle",15.46808,60.62754
"Brown_Spruce_Longhorn_Beetle",13.53504,55.6617
"Brown_Spruce_Longhorn_Beetle",15.08157,62.52488
"Brown_Spruce_Longhorn_Beetle",8.1136,46.82766
"Brown_Spruce_Longhorn_Beetle",8.1136,46.82766
"Brown_Spruce_Longhorn_Beetle",15.48466,60.81264
"Brown_Spruce_Longhorn_Beetle",14.80818,60.69584
"Brown_Spruce_Longhorn_Beetle",14.6106,60.67827
"Brown_Spruce_Longhorn_Beetle",15.55259,60.86691
"Brown_Spruce_Longhorn_Beetle",15.49701,60.90511
"Brown_Spruce_Longhorn_Beetle",13.48493,61.0111
"Brown_Spruce_Longhorn_Beetle",13.68157,60.86507
"Brown_Spruce_Longhorn_Beetle",17.2064,58.98856
"Brown_Spruce_Longhorn_Beetle",20.350683,54.512651
"Brown_Spruce_Longhorn_Beetle",15.7371,57.2803
"Brown_Spruce_Longhorn_Beetle",5.14236,49.785964
"Brown_Spruce_Longhorn_Beetle",22.33731,65.92898
"Brown_Spruce_Longhorn_Beetle",16.17734,57.70094
"Brown_Spruce_Longhorn_Beetle",15.39389,56.21569
"Brown_Spruce_Longhorn_Beetle",17.58733,59.82635
"Brown_Spruce_Longhorn_Beetle",16.17752,57.70147
"Brown_Spruce_Longhorn_Beetle",17.63869,59.80128
"Brown_Spruce_Longhorn_Beetle",17.6081,59.82251
"Brown_Spruce_Longhorn_Beetle",5.95,50.75
"Brown_Spruce_Longhorn_Beetle",6.3,52.15
"Brown_Spruce_Longhorn_Beetle",5.85,51.4
"Brown_Spruce_Longhorn_Beetle",18.584368,59.329737
"Brown_Spruce_Longhorn_Beetle",9.85417,51.2875
"Brown_Spruce_Longhorn_Beetle",16.5062,56.64518
"Brown_Spruce_Longhorn_Beetle",13.46465,55.69552
"Brown_Spruce_Longhorn_Beetle",16.50176,56.64571
"Brown_Spruce_Longhorn_Beetle",17.25833,59.97148
"Brown_Spruce_Longhorn_Beetle",16.50485,56.64514
"Brown_Spruce_Longhorn_Beetle",16.07542,56.88076
"Brown_Spruce_Longhorn_Beetle",17.99326,59.79906
"Brown_Spruce_Longhorn_Beetle",15.64665,64.22688
"Brown_Spruce_Longhorn_Beetle",16.26126,56.9186
"Brown_Spruce_Longhorn_Beetle",14.61259,56.77238
"Brown_Spruce_Longhorn_Beetle",14.14405,55.73501
"Brown_Spruce_Longhorn_Beetle",15.01707,59.51127
"Brown_Spruce_Longhorn_Beetle",16.50542,56.64531
"Brown_Spruce_Longhorn_Beetle",18.05251,63.06531
"Brown_Spruce_Longhorn_Beetle",15.89643,57.26134
"Brown_Spruce_Longhorn_Beetle",17.73875,59.98193
"Brown_Spruce_Longhorn_Beetle",17.77232,60.07067
"Brown_Spruce_Longhorn_Beetle",16.50485,56.64514
"Brown_Spruce_Longhorn_Beetle",17.73449,59.99606
"Brown_Spruce_Longhorn_Beetle",18.95407,59.74467
"Brown_Spruce_Longhorn_Beetle",17.55151,59.85548
"Brown_Spruce_Longhorn_Beetle",17.73896,59.98183
"Brown_Spruce_Longhorn_Beetle",14.11886,58.13263
"Brown_Spruce_Longhorn_Beetle",19.54447,63.69373
"Brown_Spruce_Longhorn_Beetle",12.22473,59.19652
"Brown_Spruce_Longhorn_Beetle",17.05112,64.28425
"Brown_Spruce_Longhorn_Beetle",16.58645,59.08753
"Brown_Spruce_Longhorn_Beetle",15.88735,56.78066
"Brown_Spruce_Longhorn_Beetle",16.50209,56.64533
"Brown_Spruce_Longhorn_Beetle",18.82775,57.77633
"Brown_Spruce_Longhorn_Beetle",17.7389,59.98195
"Brown_Spruce_Longhorn_Beetle",16.0263,57.20938
"Brown_Spruce_Longhorn_Beetle",16.70046,58.64961
"Brown_Spruce_Longhorn_Beetle",16.75651,59.12165
"Brown_Spruce_Longhorn_Beetle",17.73875,59.98193
"Brown_Spruce_Longhorn_Beetle",16.5045,56.64508
"Brown_Spruce_Longhorn_Beetle",16.0263,57.20938
"Brown_Spruce_Longhorn_Beetle",16.5636,59.10356
"Brown_Spruce_Longhorn_Beetle",15.31211,60.55183
"Brown_Spruce_Longhorn_Beetle",17.6081,59.82251
"Brown_Spruce_Longhorn_Beetle",17.73881,59.98193
"Brown_Spruce_Longhorn_Beetle",13.54709,55.66208
"Brown_Spruce_Longhorn_Beetle",15.41425,57.1267
"Brown_Spruce_Longhorn_Beetle",15.06154,59.63177
"Brown_Spruce_Longhorn_Beetle",17.89885,59.87712
"Brown_Spruce_Longhorn_Beetle",13.40209,56.0149
"Brown_Spruce_Longhorn_Beetle",14.15091,55.73409
"Brown_Spruce_Longhorn_Beetle",18.04441,63.97775
"Brown_Spruce_Longhorn_Beetle",17.877588,59.426766
"Brown_Spruce_Longhorn_Beetle",20.0939,67.0375
"Brown_Spruce_Longhorn_Beetle",19.6233,64.31075
"Brown_Spruce_Longhorn_Beetle",17.868002,59.463244
"Brown_Spruce_Longhorn_Beetle",20.0939,67.0375
"Brown_Spruce_Longhorn_Beetle",16.5,56.6333
"Brown_Spruce_Longhorn_Beetle",13.1833,55.7
"Brown_Spruce_Longhorn_Beetle",20.0939,67.0375
"Brown_Spruce_Longhorn_Beetle",19.6233,64.31075
"Brown_Spruce_Longhorn_Beetle",14.65,58.3333
"Brown_Spruce_Longhorn_Beetle",17.051927,57.288692
"Brown_Spruce_Longhorn_Beetle",14.75,61.7667
"Brown_Spruce_Longhorn_Beetle",13.1833,55.7
"Brown_Spruce_Longhorn_Beetle",18.07,59.36
"Brown_Spruce_Longhorn_Beetle",18.13499,59.36749
"Brown_Spruce_Longhorn_Beetle",20.35,66.6667
"Brown_Spruce_Longhorn_Beetle",18.07,59.36
"Brown_Spruce_Longhorn_Beetle",18.52089,59.34334
"Brown_Spruce_Longhorn_Beetle",15.4833,64.9167
"Brown_Spruce_Longhorn_Beetle",18.13499,59.36749
"Brown_Spruce_Longhorn_Beetle",13.827143,57.774212
"Brown_Spruce_Longhorn_Beetle",20.35,66.6667
"Brown_Spruce_Longhorn_Beetle",15,60.2167
"Brown_Spruce_Longhorn_Beetle",16.867447,57.012235
"Brown_Spruce_Longhorn_Beetle",13.1833,55.7
"Brown_Spruce_Longhorn_Beetle",18.13499,59.36749
"Brown_Spruce_Longhorn_Beetle",13.827143,57.774212
"Brown_Spruce_Longhorn_Beetle",18.05,59.3333
"Brown_Spruce_Longhorn_Beetle",19.6233,64.31075
"Brown_Spruce_Longhorn_Beetle",18.0833,59.2333
"Brown_Spruce_Longhorn_Beetle",19.6233,64.31075
"Brown_Spruce_Longhorn_Beetle",19.6233,64.31075
"Brown_Spruce_Longhorn_Beetle",17.55,58.9
"Brown_Spruce_Longhorn_Beetle",18.05,59.3333
"Brown_Spruce_Longhorn_Beetle",20.259132,63.825983
"Brown_Spruce_Longhorn_Beetle",18.0167,59.4167
"Brown_Spruce_Longhorn_Beetle",16.2167,57
"Brown_Spruce_Longhorn_Beetle",18.05,59.3333
"Brown_Spruce_Longhorn_Beetle",19.6233,64.31075
"Brown_Spruce_Longhorn_Beetle",18.2108,59.3733
"Brown_Spruce_Longhorn_Beetle",16.2167,57
"Brown_Spruce_Longhorn_Beetle",18.05,59.3333
"Brown_Spruce_Longhorn_Beetle",18.52089,59.34334
"Brown_Spruce_Longhorn_Beetle",12.0379,57.6992
"Brown_Spruce_Longhorn_Beetle",18.05,59.3333
"Brown_Spruce_Longhorn_Beetle",17.331736,60.457387
"Brown_Spruce_Longhorn_Beetle",18.52089,59.34334
"Brown_Spruce_Longhorn_Beetle",19.6233,64.31075
"Brown_Spruce_Longhorn_Beetle",18.2108,59.3733
"Brown_Spruce_Longhorn_Beetle",17.55,58.9
"Brown_Spruce_Longhorn_Beetle",20.0939,67.0375
"Brown_Spruce_Longhorn_Beetle",19.6233,64.31075
"Brown_Spruce_Longhorn_Beetle",17.55,58.9
"Brown_Spruce_Longhorn_Beetle",11.625475,64.07924
"Brown_Spruce_Longhorn_Beetle",11.275074,46.099198
"Brown_Spruce_Longhorn_Beetle",17.16146,59.20211
"Brown_Spruce_Longhorn_Beetle",7.28146,44.08259
"Brown_Spruce_Longhorn_Beetle",11.242247,46.108288
"Brown_Spruce_Longhorn_Beetle",11.155602,46.675781
"Brown_Spruce_Longhorn_Beetle",0.8685,42.90031
"Brown_Spruce_Longhorn_Beetle",6.80341,45.92893
"Brown_Spruce_Longhorn_Beetle",6.89834,45.96744
"Brown_Spruce_Longhorn_Beetle",6.90718,45.9686
"Brown_Spruce_Longhorn_Beetle",6.7883,45.90203
"Brown_Spruce_Longhorn_Beetle",6.81509,46.02169
"Brown_Spruce_Longhorn_Beetle",1.27744,43.06959
"Brown_Spruce_Longhorn_Beetle",6.78629,45.93122
"Brown_Spruce_Longhorn_Beetle",6.78629,45.93122
"Brown_Spruce_Longhorn_Beetle",1.14355,49.02177
"Brown_Spruce_Longhorn_Beetle",1.14355,49.02177
"Brown_Spruce_Longhorn_Beetle",4.39062,48.24847
"Brown_Spruce_Longhorn_Beetle",6.81227,46.054
"Brown_Spruce_Longhorn_Beetle",6.80087,45.89702
"Brown_Spruce_Longhorn_Beetle",6.92401,45.93126
"Brown_Spruce_Longhorn_Beetle",6.92401,45.93126
"Brown_Spruce_Longhorn_Beetle",6.92401,45.93126
"Brown_Spruce_Longhorn_Beetle",10.763624,59.753175
"Brown_Spruce_Longhorn_Beetle",11.025124,59.855566
"Brown_Spruce_Longhorn_Beetle",10.981315,59.72715
"Brown_Spruce_Longhorn_Beetle",11.031157,59.904139
"Brown_Spruce_Longhorn_Beetle",9.169275,59.682806
"Brown_Spruce_Longhorn_Beetle",10.817732,60.273589
"Brown_Spruce_Longhorn_Beetle",10.812874,60.356013
"Brown_Spruce_Longhorn_Beetle",9.426667,60.033952
"Brown_Spruce_Longhorn_Beetle",10.817875,60.27356
"Brown_Spruce_Longhorn_Beetle",9.740782,60.038886
"Brown_Spruce_Longhorn_Beetle",11.025881,59.855689
"Brown_Spruce_Longhorn_Beetle",10.770005,59.737173
"Brown_Spruce_Longhorn_Beetle",11.02535,59.855473
"Brown_Spruce_Longhorn_Beetle",10.79278,60.239917
"Brown_Spruce_Longhorn_Beetle",10.511113,60.085463
"Brown_Spruce_Longhorn_Beetle",10.981408,59.727517
"Brown_Spruce_Longhorn_Beetle",9.905129,59.242897
"Brown_Spruce_Longhorn_Beetle",9.952951,59.133493
"Brown_Spruce_Longhorn_Beetle",9.955897,59.135569
"Brown_Spruce_Longhorn_Beetle",53.235077,56.870782
"Brown_Spruce_Longhorn_Beetle",53.234798,56.870804
"Brown_Spruce_Longhorn_Beetle",10.401715,53.248872
"Brown_Spruce_Longhorn_Beetle",16.75651,59.12165
"Brown_Spruce_Longhorn_Beetle",18.72547,57.37934
"Brown_Spruce_Longhorn_Beetle",18.72508,57.37881
"Brown_Spruce_Longhorn_Beetle",1.89284,48.61788
"Brown_Spruce_Longhorn_Beetle",7.33889,48.725
"Brown_Spruce_Longhorn_Beetle",6.36243,44.44528
"Brown_Spruce_Longhorn_Beetle",6.29441,44.35724
"Brown_Spruce_Longhorn_Beetle",6.28398,44.17737
"Brown_Spruce_Longhorn_Beetle",6.66168,44.21046
"Brown_Spruce_Longhorn_Beetle",6.03757,45.68235
"Brown_Spruce_Longhorn_Beetle",6.74078,45.85691
"Brown_Spruce_Longhorn_Beetle",7.3105,48.40086
"Brown_Spruce_Longhorn_Beetle",2.68092,48.4065
"Brown_Spruce_Longhorn_Beetle",5.96303,46.46317
"Brown_Spruce_Longhorn_Beetle",6.60775,44.34741
"Brown_Spruce_Longhorn_Beetle",6.81728,44.76235
"Brown_Spruce_Longhorn_Beetle",2.07947,48.70092
"Brown_Spruce_Longhorn_Beetle",6.06969,46.49823
"Brown_Spruce_Longhorn_Beetle",6.33038,46.74515
"Brown_Spruce_Longhorn_Beetle",6.00902,46.39145
"Brown_Spruce_Longhorn_Beetle",6.1081,46.60694
"Brown_Spruce_Longhorn_Beetle",6.12741,46.53621
"Brown_Spruce_Longhorn_Beetle",6.01929,47.25517
"Brown_Spruce_Longhorn_Beetle",5.80468,46.29422
"Brown_Spruce_Longhorn_Beetle",6.06401,47.16325
"Brown_Spruce_Longhorn_Beetle",6.19686,46.80901
"Brown_Spruce_Longhorn_Beetle",6.06969,46.49823
"Brown_Spruce_Longhorn_Beetle",5.90942,46.52864
"Brown_Spruce_Longhorn_Beetle",6.01929,47.25517
"Brown_Spruce_Longhorn_Beetle",6.38923,46.912
"Brown_Spruce_Longhorn_Beetle",6.01929,47.25517
"Brown_Spruce_Longhorn_Beetle",6.08237,46.55655
"Brown_Spruce_Longhorn_Beetle",6.11213,46.95966
"Brown_Spruce_Longhorn_Beetle",3.1864,45.74302
"Brown_Spruce_Longhorn_Beetle",2.68092,48.4065
"Brown_Spruce_Longhorn_Beetle",5.96303,46.46317
"Brown_Spruce_Longhorn_Beetle",2.96567,49.34834
"Brown_Spruce_Longhorn_Beetle",1.24882,45.8544
"Brown_Spruce_Longhorn_Beetle",2.68092,48.4065
"Brown_Spruce_Longhorn_Beetle",1.7599,48.73025
"Brown_Spruce_Longhorn_Beetle",6.98375,47.34826
"Brown_Spruce_Longhorn_Beetle",0.88872,45.90237
"Brown_Spruce_Longhorn_Beetle",2.32074,48.99174
"Brown_Spruce_Longhorn_Beetle",2.78128,48.40434
"Brown_Spruce_Longhorn_Beetle",2.99917,45.72292
"Brown_Spruce_Longhorn_Beetle",7.3105,48.40086
"Brown_Spruce_Longhorn_Beetle",2.99917,45.72292
"Brown_Spruce_Longhorn_Beetle",7.09086,47.71901
"Brown_Spruce_Longhorn_Beetle",2.14045,45.55436
"Brown_Spruce_Longhorn_Beetle",5.86175,45.02625
"Brown_Spruce_Longhorn_Beetle",2.75283,48.45693
"Brown_Spruce_Longhorn_Beetle",6.74078,45.85691
"Brown_Spruce_Longhorn_Beetle",2.99917,45.72292
"Brown_Spruce_Longhorn_Beetle",1.93121,45.41212
"Brown_Spruce_Longhorn_Beetle",2.11741,48.80229
"Brown_Spruce_Longhorn_Beetle",2.68092,48.4065
"Brown_Spruce_Longhorn_Beetle",0.88872,45.90237
"Brown_Spruce_Longhorn_Beetle",2.57637,48.80576
"Brown_Spruce_Longhorn_Beetle",2.4215,48.67774
"Brown_Spruce_Longhorn_Beetle",6.03757,45.68235
"Brown_Spruce_Longhorn_Beetle",2.6125,48.55722
"Brown_Spruce_Longhorn_Beetle",2.12531,47.86423
"Brown_Spruce_Longhorn_Beetle",6.1135,45.38022
"Brown_Spruce_Longhorn_Beetle",2.22682,47.56853
"Brown_Spruce_Longhorn_Beetle",2.57637,48.80576
"Brown_Spruce_Longhorn_Beetle",2.57637,48.80576
"Brown_Spruce_Longhorn_Beetle",2.75321,47.83579
"Brown_Spruce_Longhorn_Beetle",4.97783,47.41586
"Brown_Spruce_Longhorn_Beetle",5.04245,47.43379
"Brown_Spruce_Longhorn_Beetle",2.99917,45.72292
"Brown_Spruce_Longhorn_Beetle",2.99917,45.72292
"Brown_Spruce_Longhorn_Beetle",6.28398,44.17737
"Brown_Spruce_Longhorn_Beetle",0.61965,48.22692
"Brown_Spruce_Longhorn_Beetle",6.58743,45.37011
"Brown_Spruce_Longhorn_Beetle",6.64837,45.17415
"Brown_Spruce_Longhorn_Beetle",0.76107,47.4299
"Brown_Spruce_Longhorn_Beetle",0.78278,47.41083
"Brown_Spruce_Longhorn_Beetle",0.76107,47.4299
"Brown_Spruce_Longhorn_Beetle",0.76107,47.4299
"Brown_Spruce_Longhorn_Beetle",0.78278,47.41083
"Brown_Spruce_Longhorn_Beetle",2.86619,48.70701
"Brown_Spruce_Longhorn_Beetle",1.24882,45.8544
"Brown_Spruce_Longhorn_Beetle",1.93121,45.41212
"Brown_Spruce_Longhorn_Beetle",0.88872,45.90237
"Brown_Spruce_Longhorn_Beetle",2.14045,45.55436
"Brown_Spruce_Longhorn_Beetle",0.88872,45.90237
"Brown_Spruce_Longhorn_Beetle",6.06969,46.49823
"Brown_Spruce_Longhorn_Beetle",6.00902,46.39145
"Brown_Spruce_Longhorn_Beetle",6.43262,45.77222
"Brown_Spruce_Longhorn_Beetle",6.58743,45.37011
"Brown_Spruce_Longhorn_Beetle",5.49759,45.19039
"Brown_Spruce_Longhorn_Beetle",6.49813,44.37127
"Brown_Spruce_Longhorn_Beetle",6.63954,45.39549
"Brown_Spruce_Longhorn_Beetle",6.49813,44.37127
"Brown_Spruce_Longhorn_Beetle",6.58743,45.37011
"Brown_Spruce_Longhorn_Beetle",5.49759,45.19039
"Brown_Spruce_Longhorn_Beetle",6.63954,45.39549
"Brown_Spruce_Longhorn_Beetle",6.64837,45.17415
"Brown_Spruce_Longhorn_Beetle",6.64837,45.17415
"Brown_Spruce_Longhorn_Beetle",6.64837,45.17415
"Brown_Spruce_Longhorn_Beetle",6.64837,45.17415
"Brown_Spruce_Longhorn_Beetle",6.58743,45.37011
"Brown_Spruce_Longhorn_Beetle",6.49813,44.37127
"Brown_Spruce_Longhorn_Beetle",7.27969,44.09795
"Brown_Spruce_Longhorn_Beetle",4.39062,48.24847
"Brown_Spruce_Longhorn_Beetle",2.07914,48.70406
"Brown_Spruce_Longhorn_Beetle",1.7599,48.73025
"Brown_Spruce_Longhorn_Beetle",5.86175,45.02625
"Brown_Spruce_Longhorn_Beetle",6.81227,46.054
"Brown_Spruce_Longhorn_Beetle",2.627,48.57157
"Brown_Spruce_Longhorn_Beetle",2.78128,48.40434
"Brown_Spruce_Longhorn_Beetle",2.32074,48.99174
"Brown_Spruce_Longhorn_Beetle",2.75283,48.45693
"Brown_Spruce_Longhorn_Beetle",2.4215,48.67774
"Brown_Spruce_Longhorn_Beetle",2.57637,48.80576
"Brown_Spruce_Longhorn_Beetle",2.96567,49.34834
"Brown_Spruce_Longhorn_Beetle",21.47387,66.26133
"Brown_Spruce_Longhorn_Beetle",18.63918,59.87658
"Brown_Spruce_Longhorn_Beetle",5.97567,51.99494
"Brown_Spruce_Longhorn_Beetle",5.92807,51.98335
"Brown_Spruce_Longhorn_Beetle",11.1276,59.2855
"Brown_Spruce_Longhorn_Beetle",8.86917,47.63934
"Brown_Spruce_Longhorn_Beetle",7.08262,46.16341
"Brown_Spruce_Longhorn_Beetle",7.08262,46.16341
"Brown_Spruce_Longhorn_Beetle",7.37996,46.55077
"Brown_Spruce_Longhorn_Beetle",7.20784,47.16223
"Brown_Spruce_Longhorn_Beetle",7.20784,47.16223
"Brown_Spruce_Longhorn_Beetle",9.33152,46.79598
"Brown_Spruce_Longhorn_Beetle",9.33152,46.79598
"Brown_Spruce_Longhorn_Beetle",8.03417,46.75613
"Brown_Spruce_Longhorn_Beetle",8.03417,46.75613
"Brown_Spruce_Longhorn_Beetle",7.37996,46.55077
"Brown_Spruce_Longhorn_Beetle",20.54364,67.82234
"Brown_Spruce_Longhorn_Beetle",9.066525,58.907779
"Brown_Spruce_Longhorn_Beetle",10.268947,61.170171
"Brown_Spruce_Longhorn_Beetle",10.645764,59.699502
"Brown_Spruce_Longhorn_Beetle",7.678592,58.949904
"Brown_Spruce_Longhorn_Beetle",12.056789,59.91205
"Brown_Spruce_Longhorn_Beetle",12.056789,59.91205
"Brown_Spruce_Longhorn_Beetle",12.056789,59.91205
"Brown_Spruce_Longhorn_Beetle",10.388323,59.746664
"Brown_Spruce_Longhorn_Beetle",9.844181,59.46064
"Brown_Spruce_Longhorn_Beetle",12.028318,61.885198
"Brown_Spruce_Longhorn_Beetle",13.590069,64.467064
"Brown_Spruce_Longhorn_Beetle",9.868329,60.025645
"Brown_Spruce_Longhorn_Beetle",8.48692,58.768558
"Brown_Spruce_Longhorn_Beetle",8.48692,58.768558
"Brown_Spruce_Longhorn_Beetle",10.78816,59.922362
"Brown_Spruce_Longhorn_Beetle",10.405099,59.271917
"Brown_Spruce_Longhorn_Beetle",9.70975,59.288251
"Brown_Spruce_Longhorn_Beetle",11.072873,60.243974
"Brown_Spruce_Longhorn_Beetle",8.863154,58.459296
"Brown_Spruce_Longhorn_Beetle",11.576016,60.183144
"Brown_Spruce_Longhorn_Beetle",11.576016,60.183144
"Brown_Spruce_Longhorn_Beetle",10.762828,59.667086
"Brown_Spruce_Longhorn_Beetle",10.693261,59.233727
"Brown_Spruce_Longhorn_Beetle",10.693261,59.233727
"Brown_Spruce_Longhorn_Beetle",10.693261,59.233727
"Brown_Spruce_Longhorn_Beetle",10.693261,59.233727
"Brown_Spruce_Longhorn_Beetle",8.69578,58.412214
"Brown_Spruce_Longhorn_Beetle",10.78816,59.922362
"Brown_Spruce_Longhorn_Beetle",10.775931,59.92118
"Brown_Spruce_Longhorn_Beetle",10.78816,59.922362
"Brown_Spruce_Longhorn_Beetle",11.373215,61.131966
"Brown_Spruce_Longhorn_Beetle",8.676368,59.883084
"Brown_Spruce_Longhorn_Beetle",8.575388,61.125091
"Brown_Spruce_Longhorn_Beetle",10.92787,59.219502
"Brown_Spruce_Longhorn_Beetle",10.645543,59.66852
"Brown_Spruce_Longhorn_Beetle",10.200061,59.744343
"Brown_Spruce_Longhorn_Beetle",10.596471,60.959685
"Brown_Spruce_Longhorn_Beetle",10.438811,59.834449
"Brown_Spruce_Longhorn_Beetle",14.03981,64.474815
"Brown_Spruce_Longhorn_Beetle",9.87268,59.131713
"Brown_Spruce_Longhorn_Beetle",11.21266,59.956163
"Brown_Spruce_Longhorn_Beetle",9.254648,60.020261
"Brown_Spruce_Longhorn_Beetle",10.107226,59.586876
"Brown_Spruce_Longhorn_Beetle",11.095263,59.297492
"Brown_Spruce_Longhorn_Beetle",9.698213,59.119027
"Brown_Spruce_Longhorn_Beetle",8.524134,59.383249
"Brown_Spruce_Longhorn_Beetle",9.052695,58.686044
"Brown_Spruce_Longhorn_Beetle",9.063377,58.679214
"Brown_Spruce_Longhorn_Beetle",9.472313,58.962344
"Brown_Spruce_Longhorn_Beetle",9.585501,58.859588
"Brown_Spruce_Longhorn_Beetle",4.864,50.38
"Brown_Spruce_Longhorn_Beetle",5.27,50.058
"Brown_Spruce_Longhorn_Beetle",5.39,49.65
"Brown_Spruce_Longhorn_Beetle",4.932,50.334
"Brown_Spruce_Longhorn_Beetle",4.659,50.563
"Brown_Spruce_Longhorn_Beetle",4.456,50.835
"Brown_Spruce_Longhorn_Beetle",5.131,50.06
"Brown_Spruce_Longhorn_Beetle",5.131,50.06
"Brown_Spruce_Longhorn_Beetle",5.131,50.06
"Brown_Spruce_Longhorn_Beetle",4.386,50.881
"Brown_Spruce_Longhorn_Beetle",5.738,49.688
"Brown_Spruce_Longhorn_Beetle",5.601,50.995
"Brown_Spruce_Longhorn_Beetle",13.61618,62.2656
"Brown_Spruce_Longhorn_Beetle",6.95115,46.38781
"Brown_Spruce_Longhorn_Beetle",6.88523,46.47747
"Brown_Spruce_Longhorn_Beetle",6.51529,46.78992
"Brown_Spruce_Longhorn_Beetle",6.62006,46.79072
"Brown_Spruce_Longhorn_Beetle",6.88523,46.47747
"Brown_Spruce_Longhorn_Beetle",13.76621,57.15788
"Brown_Spruce_Longhorn_Beetle",17.59121,59.82632
"Brown_Spruce_Longhorn_Beetle",17.56217,59.78223
"Brown_Spruce_Longhorn_Beetle",17.60252,59.79887
"Brown_Spruce_Longhorn_Beetle",14.73303,60.21043
"Brown_Spruce_Longhorn_Beetle",8.861207,58.469832
"Brown_Spruce_Longhorn_Beetle",17.6081,59.82251
"Brown_Spruce_Longhorn_Beetle",15.96153,59.34472
"Brown_Spruce_Longhorn_Beetle",16.29161,57.01259
"Brown_Spruce_Longhorn_Beetle",16.0263,57.20938
"Brown_Spruce_Longhorn_Beetle",21.71091,65.57901
"Brown_Spruce_Longhorn_Beetle",15.99381,58.51869
"Brown_Spruce_Longhorn_Beetle",13.12305,56.213
"Brown_Spruce_Longhorn_Beetle",16.0263,57.20938
"Brown_Spruce_Longhorn_Beetle",15.66726,57.14413
"Brown_Spruce_Longhorn_Beetle",16.0263,57.20938
"Brown_Spruce_Longhorn_Beetle",15.01777,59.55769
"Brown_Spruce_Longhorn_Beetle",12.12969,57.42997
"Brown_Spruce_Longhorn_Beetle",15.99381,58.51869
"Brown_Spruce_Longhorn_Beetle",16.0263,57.20938
"Brown_Spruce_Longhorn_Beetle",16.02618,57.20956
"Brown_Spruce_Longhorn_Beetle",16.0263,57.20938
"Brown_Spruce_Longhorn_Beetle",16.0263,57.20938
"Brown_Spruce_Longhorn_Beetle",16.36272,56.7599
"Brown_Spruce_Longhorn_Beetle",12.46028,58.32193
"Brown_Spruce_Longhorn_Beetle",16.24366,58.84625
"Brown_Spruce_Longhorn_Beetle",13.74222,56.08379
"Brown_Spruce_Longhorn_Beetle",18.01966,59.47915
"Brown_Spruce_Longhorn_Beetle",13.43489,57.1741
"Brown_Spruce_Longhorn_Beetle",13.74229,59.61314
"Brown_Spruce_Longhorn_Beetle",12.08985,57.50181
"Brown_Spruce_Longhorn_Beetle",15.52149,58.35212
"Brown_Spruce_Longhorn_Beetle",14.459753,50.906558
"Brown_Spruce_Longhorn_Beetle",9.84332,46.81335
"Brown_Spruce_Longhorn_Beetle",9.18166,46.61841
"Brown_Spruce_Longhorn_Beetle",9.18166,46.61841
"Brown_Spruce_Longhorn_Beetle",6.11046,46.21013
"Brown_Spruce_Longhorn_Beetle",9.84332,46.81335
"Brown_Spruce_Longhorn_Beetle",8.13435,46.40473
"Brown_Spruce_Longhorn_Beetle",6.11046,46.21013
"Brown_Spruce_Longhorn_Beetle",6.11046,46.21013
"Brown_Spruce_Longhorn_Beetle",6.11046,46.21013
"Brown_Spruce_Longhorn_Beetle",6.11046,46.21013
"Brown_Spruce_Longhorn_Beetle",7.78133,46.10049
"Brown_Spruce_Longhorn_Beetle",6.11046,46.21013
"Brown_Spruce_Longhorn_Beetle",6.11046,46.21013
"Brown_Spruce_Longhorn_Beetle",6.11046,46.21013
"Brown_Spruce_Longhorn_Beetle",6.11046,46.21013
"Brown_Spruce_Longhorn_Beetle",6.11046,46.21013
"Brown_Spruce_Longhorn_Beetle",8.02867,46.2524
"Brown_Spruce_Longhorn_Beetle",7.78133,46.10049
"Brown_Spruce_Longhorn_Beetle",7.78133,46.10049
"Brown_Spruce_Longhorn_Beetle",7.78133,46.10049
"Brown_Spruce_Longhorn_Beetle",10.36804,46.8191
"Brown_Spruce_Longhorn_Beetle",10.30113,46.79379
"Brown_Spruce_Longhorn_Beetle",6.23624,46.38248
"Brown_Spruce_Longhorn_Beetle",10.30113,46.79379
"Brown_Spruce_Longhorn_Beetle",10.30113,46.79379
"Brown_Spruce_Longhorn_Beetle",6.23624,46.38248
"Brown_Spruce_Longhorn_Beetle",7.94756,47.28727
"Brown_Spruce_Longhorn_Beetle",6.23624,46.38248
"Brown_Spruce_Longhorn_Beetle",10.1508,46.67145
"Brown_Spruce_Longhorn_Beetle",7.91503,46.60377
"Brown_Spruce_Longhorn_Beetle",8.18587,46.36842
"Brown_Spruce_Longhorn_Beetle",7.78133,46.10049
"Brown_Spruce_Longhorn_Beetle",7.13546,45.97466
"Brown_Spruce_Longhorn_Beetle",9.53002,46.84651
"Brown_Spruce_Longhorn_Beetle",6.09817,46.18299
"Brown_Spruce_Longhorn_Beetle",10.36804,46.8191
"Brown_Spruce_Longhorn_Beetle",7.91503,46.60377
"Brown_Spruce_Longhorn_Beetle",6.08522,46.18284
"Brown_Spruce_Longhorn_Beetle",6.11046,46.21013
"Brown_Spruce_Longhorn_Beetle",10.30113,46.79379
"Brown_Spruce_Longhorn_Beetle",8.02867,46.2524
"Brown_Spruce_Longhorn_Beetle",10.3302,46.84707
"Brown_Spruce_Longhorn_Beetle",10.09989,46.69965
"Brown_Spruce_Longhorn_Beetle",9.84332,46.81335
"Brown_Spruce_Longhorn_Beetle",6.96446,46.35189
"Brown_Spruce_Longhorn_Beetle",7.66659,46.49659
"Brown_Spruce_Longhorn_Beetle",8.04686,46.72008
"Brown_Spruce_Longhorn_Beetle",9.81634,46.79591
"Brown_Spruce_Longhorn_Beetle",9.41107,46.82163
"Brown_Spruce_Longhorn_Beetle",6.08522,46.18284
"Brown_Spruce_Longhorn_Beetle",6.11046,46.21013
"Brown_Spruce_Longhorn_Beetle",10.1508,46.67145
"Brown_Spruce_Longhorn_Beetle",9.84332,46.81335
"Brown_Spruce_Longhorn_Beetle",9.53,46.85
"Brown_Spruce_Longhorn_Beetle",7.40586,46.83864
"Brown_Spruce_Longhorn_Beetle",7.53719,46.97353
"Brown_Spruce_Longhorn_Beetle",8.13379,47.37625
"Brown_Spruce_Longhorn_Beetle",8.06652,47.28668
"Brown_Spruce_Longhorn_Beetle",9.42731,46.5514
"Brown_Spruce_Longhorn_Beetle",8.39859,47.37435
"Brown_Spruce_Longhorn_Beetle",9.757,46.63514
"Brown_Spruce_Longhorn_Beetle",9.757,46.63514
"Brown_Spruce_Longhorn_Beetle",10.22306,46.80472
"Brown_Spruce_Longhorn_Beetle",9.24076,46.82444
"Brown_Spruce_Longhorn_Beetle",7.40628,46.16397
"Brown_Spruce_Longhorn_Beetle",9.69361,46.68141
"Brown_Spruce_Longhorn_Beetle",6.9167,46.99487
"Brown_Spruce_Longhorn_Beetle",6.9167,46.99487
"Brown_Spruce_Longhorn_Beetle",6.9167,46.99487
"Brown_Spruce_Longhorn_Beetle",6.9167,46.99487
"Brown_Spruce_Longhorn_Beetle",6.9167,46.99487
"Brown_Spruce_Longhorn_Beetle",6.93243,46.99943
"Brown_Spruce_Longhorn_Beetle",6.55235,46.92516
"Brown_Spruce_Longhorn_Beetle",8.25995,46.97063
"Brown_Spruce_Longhorn_Beetle",8.06705,47.33165
"Brown_Spruce_Longhorn_Beetle",6.88661,46.34254
"Brown_Spruce_Longhorn_Beetle",7.14736,46.1636
"Brown_Spruce_Longhorn_Beetle",6.95397,46.07297
"Brown_Spruce_Longhorn_Beetle",8.89356,47.55808
"Brown_Spruce_Longhorn_Beetle",6.55384,46.83521
"Brown_Spruce_Longhorn_Beetle",7.53606,46.34385
"Brown_Spruce_Longhorn_Beetle",9.43727,46.82117
"Brown_Spruce_Longhorn_Beetle",8.52457,47.05839
"Brown_Spruce_Longhorn_Beetle",9.58079,47.13352
"Brown_Spruce_Longhorn_Beetle",9.51666,47.17969
"Brown_Spruce_Longhorn_Beetle",9.51666,47.17969
"Brown_Spruce_Longhorn_Beetle",9.51666,47.17969
"Brown_Spruce_Longhorn_Beetle",9.757,46.63514
"Brown_Spruce_Longhorn_Beetle",8.84414,46.69505
"Brown_Spruce_Longhorn_Beetle",7.47099,46.11899
"Brown_Spruce_Longhorn_Beetle",8.7008,46.15693
"Brown_Spruce_Longhorn_Beetle",7.34139,46.25389
"Brown_Spruce_Longhorn_Beetle",7.40572,47.06352
"Brown_Spruce_Longhorn_Beetle",8.05511,46.29723
"Brown_Spruce_Longhorn_Beetle",9.37177,46.8223
"Brown_Spruce_Longhorn_Beetle",9.37016,46.77734
"Brown_Spruce_Longhorn_Beetle",7.4452,46.94659
"Brown_Spruce_Longhorn_Beetle",9.84332,46.81335
"Brown_Spruce_Longhorn_Beetle",8.46565,47.41875
"Brown_Spruce_Longhorn_Beetle",8.46565,47.41875
"Brown_Spruce_Longhorn_Beetle",7.37996,46.55077
"Brown_Spruce_Longhorn_Beetle",9.84332,46.81335
"Brown_Spruce_Longhorn_Beetle",7.34024,46.88358
"Brown_Spruce_Longhorn_Beetle",7.34015,46.92855
"Brown_Spruce_Longhorn_Beetle",7.34024,46.88358
"Brown_Spruce_Longhorn_Beetle",7.4452,46.94659
"Brown_Spruce_Longhorn_Beetle",8.96179,46.69354
"Brown_Spruce_Longhorn_Beetle",8.21186,46.36824
"Brown_Spruce_Longhorn_Beetle",7.4452,46.94659
"Brown_Spruce_Longhorn_Beetle",7.60141,46.47871
"Brown_Spruce_Longhorn_Beetle",8.67169,47.73155
"Brown_Spruce_Longhorn_Beetle",9.04288,46.7824
"Brown_Spruce_Longhorn_Beetle",9.04288,46.7824
"Brown_Spruce_Longhorn_Beetle",9.23426,47.02249
"Brown_Spruce_Longhorn_Beetle",7.73114,46.38849
"Brown_Spruce_Longhorn_Beetle",7.60087,46.29879
"Brown_Spruce_Longhorn_Beetle",8.89356,47.55808
"Brown_Spruce_Longhorn_Beetle",9.37177,46.8223
"Brown_Spruce_Longhorn_Beetle",6.7516,46.74661
"Brown_Spruce_Longhorn_Beetle",7.14663,46.29853
"Brown_Spruce_Longhorn_Beetle",7.5376,47.1984
"Brown_Spruce_Longhorn_Beetle",8.34798,46.73607
"Brown_Spruce_Longhorn_Beetle",7.94756,47.28727
"Brown_Spruce_Longhorn_Beetle",7.06296,47.13486
"Brown_Spruce_Longhorn_Beetle",7.49685,46.10999
"Brown_Spruce_Longhorn_Beetle",9.08315,47.67249
"Brown_Spruce_Longhorn_Beetle",9.34908,46.92166
"Brown_Spruce_Longhorn_Beetle",8.96179,46.69354
"Brown_Spruce_Longhorn_Beetle",8.52457,47.05839
"Brown_Spruce_Longhorn_Beetle",8.21186,46.36824
"Brown_Spruce_Longhorn_Beetle",7.40592,46.74868
"Brown_Spruce_Longhorn_Beetle",7.56239,46.49675
"Brown_Spruce_Longhorn_Beetle",8.52457,47.05839
"Brown_Spruce_Longhorn_Beetle",7.01894,46.02826
"Brown_Spruce_Longhorn_Beetle",7.47154,47.06352
"Brown_Spruce_Longhorn_Beetle",9.85723,46.83105
"Brown_Spruce_Longhorn_Beetle",8.18612,46.38641
"Brown_Spruce_Longhorn_Beetle",8.05613,46.38719
"Brown_Spruce_Longhorn_Beetle",9.77472,46.74278
"Brown_Spruce_Longhorn_Beetle",9.82943,46.79564
"Brown_Spruce_Longhorn_Beetle",7.34015,46.92855
"Brown_Spruce_Longhorn_Beetle",9.18195,46.62741
"Brown_Spruce_Longhorn_Beetle",7.00937,47.24261
"Brown_Spruce_Longhorn_Beetle",7.40592,46.74868
"Brown_Spruce_Longhorn_Beetle",9.11393,46.96133
"Brown_Spruce_Longhorn_Beetle",7.70426,46.20864
"Brown_Spruce_Longhorn_Beetle",9.11393,46.96133
"Brown_Spruce_Longhorn_Beetle",9.11393,46.96133
"Brown_Spruce_Longhorn_Beetle",9.11393,46.96133
"Brown_Spruce_Longhorn_Beetle",9.11393,46.96133
"Brown_Spruce_Longhorn_Beetle",9.11393,46.96133
"Brown_Spruce_Longhorn_Beetle",9.50796,46.95489
"Brown_Spruce_Longhorn_Beetle",9.50796,46.95489
"Brown_Spruce_Longhorn_Beetle",9.11393,46.96133
"Brown_Spruce_Longhorn_Beetle",9.11393,46.96133
"Brown_Spruce_Longhorn_Beetle",9.11393,46.96133
"Brown_Spruce_Longhorn_Beetle",9.11393,46.96133
"Brown_Spruce_Longhorn_Beetle",9.11393,46.96133
"Brown_Spruce_Longhorn_Beetle",9.11393,46.96133
"Brown_Spruce_Longhorn_Beetle",7.79626,46.4063
"Brown_Spruce_Longhorn_Beetle",9.62173,46.52083
"Brown_Spruce_Longhorn_Beetle",9.18975,46.46532
"Brown_Spruce_Longhorn_Beetle",7.85871,46.07324
"Brown_Spruce_Longhorn_Beetle",7.79703,46.52324
"Brown_Spruce_Longhorn_Beetle",9.36277,46.5705
"Brown_Spruce_Longhorn_Beetle",7.39293,46.63174
"Brown_Spruce_Longhorn_Beetle",7.37996,46.55077
"Brown_Spruce_Longhorn_Beetle",7.4452,46.94659
"Brown_Spruce_Longhorn_Beetle",8.34798,46.73607
"Brown_Spruce_Longhorn_Beetle",7.62711,46.37972
"Brown_Spruce_Longhorn_Beetle",7.73114,46.38849
"Brown_Spruce_Longhorn_Beetle",6.6868,46.70122
"Brown_Spruce_Longhorn_Beetle",8.18587,46.36842
"Brown_Spruce_Longhorn_Beetle",7.57463,46.18189
"Brown_Spruce_Longhorn_Beetle",9.24529,46.95934
"Brown_Spruce_Longhorn_Beetle",6.88523,46.47747
"Brown_Spruce_Longhorn_Beetle",6.64638,46.78191
"Brown_Spruce_Longhorn_Beetle",6.51529,46.78992
"Brown_Spruce_Longhorn_Beetle",6.95115,46.38781
"Brown_Spruce_Longhorn_Beetle",7.66595,46.34366
"Brown_Spruce_Longhorn_Beetle",8.81846,46.71336
"Brown_Spruce_Longhorn_Beetle",7.27641,46.29879
"Brown_Spruce_Longhorn_Beetle",9.00089,47.59267
"Brown_Spruce_Longhorn_Beetle",8.84297,46.65008
"Brown_Spruce_Longhorn_Beetle",7.60061,46.20884
"Brown_Spruce_Longhorn_Beetle",8.84414,46.69505
"Brown_Spruce_Longhorn_Beetle",8.26202,47.10555
"Brown_Spruce_Longhorn_Beetle",6.81442,46.97186
"Brown_Spruce_Longhorn_Beetle",8.84414,46.69505
"Brown_Spruce_Longhorn_Beetle",7.60061,46.20884
"Brown_Spruce_Longhorn_Beetle",8.49685,46.32096
"Brown_Spruce_Longhorn_Beetle",7.27367,47.19832
"Brown_Spruce_Longhorn_Beetle",8.21186,46.36824
"Brown_Spruce_Longhorn_Beetle",7.60087,46.29879
"Brown_Spruce_Longhorn_Beetle",6.10848,46.29108
"Brown_Spruce_Longhorn_Beetle",6.10848,46.29108
"Brown_Spruce_Longhorn_Beetle",6.93748,46.45972
"Brown_Spruce_Longhorn_Beetle",7.40628,46.16397
"Brown_Spruce_Longhorn_Beetle",7.01755,46.20816
"Brown_Spruce_Longhorn_Beetle",7.40606,46.5238
"Brown_Spruce_Longhorn_Beetle",9.18195,46.62741
"Brown_Spruce_Longhorn_Beetle",7.60304,47.01843
"Brown_Spruce_Longhorn_Beetle",7.47167,47.28839
"Brown_Spruce_Longhorn_Beetle",7.60154,46.52368
"Brown_Spruce_Longhorn_Beetle",8.05511,46.29723
"Brown_Spruce_Longhorn_Beetle",7.99022,46.29757
"Brown_Spruce_Longhorn_Beetle",6.87965,47.01718
"Brown_Spruce_Longhorn_Beetle",9.50796,46.95489
"Brown_Spruce_Longhorn_Beetle",7.40578,46.97357
"Brown_Spruce_Longhorn_Beetle",9.50796,46.95489
"Brown_Spruce_Longhorn_Beetle",7.40578,46.97357
"Brown_Spruce_Longhorn_Beetle",9.11393,46.96133
"Brown_Spruce_Longhorn_Beetle",8.59425,47.23763
"Brown_Spruce_Longhorn_Beetle",8.05511,46.29723
"Brown_Spruce_Longhorn_Beetle",8.84414,46.69505
"Brown_Spruce_Longhorn_Beetle",9.11393,46.96133
"Brown_Spruce_Longhorn_Beetle",9.11393,46.96133
"Brown_Spruce_Longhorn_Beetle",9.11393,46.96133
"Brown_Spruce_Longhorn_Beetle",9.11534,47.0063
"Brown_Spruce_Longhorn_Beetle",9.11393,46.96133
"Brown_Spruce_Longhorn_Beetle",8.84414,46.69505
"Brown_Spruce_Longhorn_Beetle",9.11393,46.96133
"Brown_Spruce_Longhorn_Beetle",9.11393,46.96133
"Brown_Spruce_Longhorn_Beetle",6.6868,46.70122
"Brown_Spruce_Longhorn_Beetle",6.10848,46.29108
"Brown_Spruce_Longhorn_Beetle",6.10848,46.29108
"Brown_Spruce_Longhorn_Beetle",7.60373,47.2433
"Brown_Spruce_Longhorn_Beetle",8.26202,47.10555
"Brown_Spruce_Longhorn_Beetle",7.60047,46.16386
"Brown_Spruce_Longhorn_Beetle",9.84332,46.81335
"Brown_Spruce_Longhorn_Beetle",11.0789,49.5006
"Brown_Spruce_Longhorn_Beetle",10.426171,51.083046
"Brown_Spruce_Longhorn_Beetle",19.435732,52.06848
"Brown_Spruce_Longhorn_Beetle",19.435732,52.06848
"Brown_Spruce_Longhorn_Beetle",23.064,59.957
"Brown_Spruce_Longhorn_Beetle",-63.569,44.623
"Brown_Spruce_Longhorn_Beetle",12.774,61.91007
"Brown_Spruce_Longhorn_Beetle",17.10402,63.4376
"Brown_Spruce_Longhorn_Beetle",12.89851,61.24089
"Brown_Spruce_Longhorn_Beetle",17.23985,59.89273
"Brown_Spruce_Longhorn_Beetle",13.28294,61.76592
"Brown_Spruce_Longhorn_Beetle",13.2819,61.86105
"Brown_Spruce_Longhorn_Beetle",15.79824,56.9422
"Brown_Spruce_Longhorn_Beetle",19.70303,64.21509
"Brown_Spruce_Longhorn_Beetle",19.7004,64.21463
"Brown_Spruce_Longhorn_Beetle",16.72649,60.15711
"Brown_Spruce_Longhorn_Beetle",18.41363,64.65982
"Brown_Spruce_Longhorn_Beetle",36.052831,61.67499
"Brown_Spruce_Longhorn_Beetle",28.79293,61.220351
"Brown_Spruce_Longhorn_Beetle",23.060999,59.956993
"Brown_Spruce_Longhorn_Beetle",28.79293,61.220351
"Brown_Spruce_Longhorn_Beetle",21.925931,60.615437
"Brown_Spruce_Longhorn_Beetle",24.800037,64.508439
"Brown_Spruce_Longhorn_Beetle",25.105165,60.173105
"Brown_Spruce_Longhorn_Beetle",24.690804,60.184039
"Brown_Spruce_Longhorn_Beetle",24.735198,60.180765
"Brown_Spruce_Longhorn_Beetle",24.690804,60.184039
"Brown_Spruce_Longhorn_Beetle",24.690804,60.184039
"Brown_Spruce_Longhorn_Beetle",28.714132,61.140585
"Brown_Spruce_Longhorn_Beetle",23.784129,60.776349
"Brown_Spruce_Longhorn_Beetle",22.165732,61.107624
"Brown_Spruce_Longhorn_Beetle",23.992707,60.511776
"Brown_Spruce_Longhorn_Beetle",22.164752,61.134104
"Brown_Spruce_Longhorn_Beetle",22.165732,61.107624
"Brown_Spruce_Longhorn_Beetle",22.165732,61.107624
"Brown_Spruce_Longhorn_Beetle",22.165732,61.107624
"Brown_Spruce_Longhorn_Beetle",22.16489,61.133209
"Brown_Spruce_Longhorn_Beetle",20.59239,64.1922
"Brown_Spruce_Longhorn_Beetle",15.47062,60.15169
"Brown_Spruce_Longhorn_Beetle",15.47062,60.15169
"Brown_Spruce_Longhorn_Beetle",9.354058,60.436066
"Brown_Spruce_Longhorn_Beetle",11.265954,60.867306
"Brown_Spruce_Longhorn_Beetle",8.948526,60.690926
"Brown_Spruce_Longhorn_Beetle",10.604244,59.421489
"Brown_Spruce_Longhorn_Beetle",55.528775,55.392166
"Brown_Spruce_Longhorn_Beetle",15.94994,59.80901
"Brown_Spruce_Longhorn_Beetle",16.0232,57.18779
"Brown_Spruce_Longhorn_Beetle",18.82784,59.68342
"Brown_Spruce_Longhorn_Beetle",10.535127,59.651125
"Brown_Spruce_Longhorn_Beetle",10.205832,59.286964
"Brown_Spruce_Longhorn_Beetle",15.25184,56.92338
"Brown_Spruce_Longhorn_Beetle",13.45701,55.69551
"Brown_Spruce_Longhorn_Beetle",14.35819,57.81306
"Brown_Spruce_Longhorn_Beetle",12.58659,57.12846
"Brown_Spruce_Longhorn_Beetle",19.93372,64.94521
"Brown_Spruce_Longhorn_Beetle",18.25528,59.36967
"Brown_Spruce_Longhorn_Beetle",16.42455,56.93587
"Brown_Spruce_Longhorn_Beetle",16.39362,59.35417
"Brown_Spruce_Longhorn_Beetle",17.24868,59.70968
"Brown_Spruce_Longhorn_Beetle",11.88562,58.27295
"Brown_Spruce_Longhorn_Beetle",10.6199,60.0178
"Brown_Spruce_Longhorn_Beetle",11.7657,63.0126
"Brown_Spruce_Longhorn_Beetle",13.27464,61.38722
"Brown_Spruce_Longhorn_Beetle",18.49459,64.22196
"Brown_Spruce_Longhorn_Beetle",17.66198,59.66471
"Brown_Spruce_Longhorn_Beetle",18.77168,57.67195
"Brown_Spruce_Longhorn_Beetle",15.43214,57.31686
"Brown_Spruce_Longhorn_Beetle",17.78147,59.74351
"Brown_Spruce_Longhorn_Beetle",14.2197,66.4773
"Brown_Spruce_Longhorn_Beetle",14.2197,66.4773
"Brown_Spruce_Longhorn_Beetle",14.170801,52.925291
"Brown_Spruce_Longhorn_Beetle",23.9,52.78
"Brown_Spruce_Longhorn_Beetle",23.75,52.68
"Brown_Spruce_Longhorn_Beetle",23.9,52.78
"Brown_Spruce_Longhorn_Beetle",23.65,52.73
"Brown_Spruce_Longhorn_Beetle",23.7837,52.6753
"Brown_Spruce_Longhorn_Beetle",23.7837,52.6753
"Brown_Spruce_Longhorn_Beetle",23.7837,52.6753
"Brown_Spruce_Longhorn_Beetle",23.7837,52.6753
"Brown_Spruce_Longhorn_Beetle",23.7837,52.6753
"Brown_Spruce_Longhorn_Beetle",15.77986,56.87463
"Brown_Spruce_Longhorn_Beetle",14.00062,57.00374
"Brown_Spruce_Longhorn_Beetle",14.0435,57.02607
"Brown_Spruce_Longhorn_Beetle",14.0435,57.02607
"Brown_Spruce_Longhorn_Beetle",13.87544,57.12058
"Brown_Spruce_Longhorn_Beetle",15.14448,56.53718
"Brown_Spruce_Longhorn_Beetle",15.14491,56.53814
"Brown_Spruce_Longhorn_Beetle",12.86726,56.79187
"Brown_Spruce_Longhorn_Beetle",15.14448,56.53718
"Brown_Spruce_Longhorn_Beetle",14.15128,56.64119
"Brown_Spruce_Longhorn_Beetle",14.15215,56.64183
"Brown_Spruce_Longhorn_Beetle",13.56483,62.3175
"Brown_Spruce_Longhorn_Beetle",21.07644,64.74045
"Brown_Spruce_Longhorn_Beetle",14.82824,59.44942
"Brown_Spruce_Longhorn_Beetle",16.19002,56.87996
"Brown_Spruce_Longhorn_Beetle",15.91717,56.7397
"Brown_Spruce_Longhorn_Beetle",-63.664642,44.68754
"Brown_Spruce_Longhorn_Beetle",12.51261,57.13276
"Brown_Spruce_Longhorn_Beetle",15.72873,62.0721
"Brown_Spruce_Longhorn_Beetle",12.05188,57.7001
"Brown_Spruce_Longhorn_Beetle",18.16664,59.87488
"Brown_Spruce_Longhorn_Beetle",12.05351,57.69616
"Brown_Spruce_Longhorn_Beetle",15.49102,57.1135
"Brown_Spruce_Longhorn_Beetle",15.49036,57.11338
"Brown_Spruce_Longhorn_Beetle",15.49147,57.11353
"Brown_Spruce_Longhorn_Beetle",12.05188,57.7001
"Brown_Spruce_Longhorn_Beetle",12.0536,57.69708
"Brown_Spruce_Longhorn_Beetle",12.05188,57.7001
"Brown_Spruce_Longhorn_Beetle",12.99691,56.6919
"Brown_Spruce_Longhorn_Beetle",13.20257,56.74929
"Brown_Spruce_Longhorn_Beetle",12.04202,58.16073
"Brown_Spruce_Longhorn_Beetle",12.04202,58.16073
"Brown_Spruce_Longhorn_Beetle",15.67953,65.02576
"Brown_Spruce_Longhorn_Beetle",15.74492,58.2709
"Brown_Spruce_Longhorn_Beetle",15.74492,58.2709
"Brown_Spruce_Longhorn_Beetle",19.58478,64.17411
"Brown_Spruce_Longhorn_Beetle",19.58478,64.17411
"Brown_Spruce_Longhorn_Beetle",19.58478,64.17411
"Brown_Spruce_Longhorn_Beetle",15.79793,57.9595
"Brown_Spruce_Longhorn_Beetle",15.57354,58.39935
"Brown_Spruce_Longhorn_Beetle",17.30548,59.06869
"Brown_Spruce_Longhorn_Beetle",17.49686,58.98912
"Brown_Spruce_Longhorn_Beetle",17.49686,58.98912
"Brown_Spruce_Longhorn_Beetle",16.81848,59.05006
"Brown_Spruce_Longhorn_Beetle",14.20538,56.74952
"Brown_Spruce_Longhorn_Beetle",13.27297,60.40989
"Brown_Spruce_Longhorn_Beetle",12.32378,57.68372
"Brown_Spruce_Longhorn_Beetle",14.6272,58.31422
"Brown_Spruce_Longhorn_Beetle",16.40936,56.85732
"Brown_Spruce_Longhorn_Beetle",16.41958,56.78004
"Brown_Spruce_Longhorn_Beetle",14.09173,63.75953
"Brown_Spruce_Longhorn_Beetle",18.35175,59.25624
"Brown_Spruce_Longhorn_Beetle",18.35175,59.25624
"Brown_Spruce_Longhorn_Beetle",16.86619,57.01234
"Brown_Spruce_Longhorn_Beetle",18.12737,59.33497
"Brown_Spruce_Longhorn_Beetle",18.07715,59.39871
"Brown_Spruce_Longhorn_Beetle",18.12737,59.33497
"Brown_Spruce_Longhorn_Beetle",18.12737,59.33497
"Brown_Spruce_Longhorn_Beetle",18.12737,59.33497
"Brown_Spruce_Longhorn_Beetle",18.15769,59.36675
"Brown_Spruce_Longhorn_Beetle",18.15769,59.36675
"Brown_Spruce_Longhorn_Beetle",17.06005,57.24494
"Brown_Spruce_Longhorn_Beetle",18.74807,64.817
"Brown_Spruce_Longhorn_Beetle",18.26924,59.90889
"Brown_Spruce_Longhorn_Beetle",17.6562,59.81568
"Brown_Spruce_Longhorn_Beetle",16.16473,58.85153
"Brown_Spruce_Longhorn_Beetle",16.16473,58.85153
"Brown_Spruce_Longhorn_Beetle",16.16056,58.78152
"Brown_Spruce_Longhorn_Beetle",16.16056,58.78152
"Brown_Spruce_Longhorn_Beetle",18.51756,66.39023
"Brown_Spruce_Longhorn_Beetle",14.6177,61.14816
"Brown_Spruce_Longhorn_Beetle",14.49923,60.46311
"Brown_Spruce_Longhorn_Beetle",14.49923,60.46311
"Brown_Spruce_Longhorn_Beetle",14.46712,60.49242
"Brown_Spruce_Longhorn_Beetle",14.53913,60.51197
"Brown_Spruce_Longhorn_Beetle",14.76924,60.31828
"Brown_Spruce_Longhorn_Beetle",14.5249,60.50376
"Brown_Spruce_Longhorn_Beetle",18.24115,59.76933
"Brown_Spruce_Longhorn_Beetle",17.8139,60.18417
"Brown_Spruce_Longhorn_Beetle",14.79867,61.44013
"Brown_Spruce_Longhorn_Beetle",14.14043,61.32311
"Brown_Spruce_Longhorn_Beetle",14.80818,60.69584
"Brown_Spruce_Longhorn_Beetle",13.68157,60.86507
"Brown_Spruce_Longhorn_Beetle",14.948,60.36627
"Brown_Spruce_Longhorn_Beetle",18.19689,59.44866
"Brown_Spruce_Longhorn_Beetle",18.22807,59.56393
"Brown_Spruce_Longhorn_Beetle",17.01602,57.29162
"Brown_Spruce_Longhorn_Beetle",18.35463,59.52919
"Brown_Spruce_Longhorn_Beetle",18.07009,59.42488
"Brown_Spruce_Longhorn_Beetle",18.07009,59.42488
"Brown_Spruce_Longhorn_Beetle",15.63133,60.1804
"Brown_Spruce_Longhorn_Beetle",16.2708,59.52446
"Brown_Spruce_Longhorn_Beetle",18.0021,59.87052
"Brown_Spruce_Longhorn_Beetle",18.08672,59.41022
"Brown_Spruce_Longhorn_Beetle",17.4936,59.66703
"Brown_Spruce_Longhorn_Beetle",19.03378,65.58139
"Brown_Spruce_Longhorn_Beetle",20.3666,66.67954
"Brown_Spruce_Longhorn_Beetle",21.6127,66.30451
"Brown_Spruce_Longhorn_Beetle",21.6127,66.30451
"Brown_Spruce_Longhorn_Beetle",18.3126,63.8
"Brown_Spruce_Longhorn_Beetle",17.82992,60.1516
"Brown_Spruce_Longhorn_Beetle",17.63357,59.85819
"Brown_Spruce_Longhorn_Beetle",17.96128,60.01216
"Brown_Spruce_Longhorn_Beetle",18.60786,59.68299
"Brown_Spruce_Longhorn_Beetle",18.60786,59.68299
"Brown_Spruce_Longhorn_Beetle",18.60786,59.68299
"Brown_Spruce_Longhorn_Beetle",18.60786,59.68299
"Brown_Spruce_Longhorn_Beetle",19.56871,64.20206
"Brown_Spruce_Longhorn_Beetle",19.18029,59.77551
"Brown_Spruce_Longhorn_Beetle",19.18029,59.77551
"Brown_Spruce_Longhorn_Beetle",19.18029,59.77551
"Brown_Spruce_Longhorn_Beetle",17.45328,60.11014
"Brown_Spruce_Longhorn_Beetle",14.55155,56.45411
"Brown_Spruce_Longhorn_Beetle",15.20484,56.67992
"Brown_Spruce_Longhorn_Beetle",14.84933,56.15679
"Brown_Spruce_Longhorn_Beetle",16.71484,60.20285
"Brown_Spruce_Longhorn_Beetle",17.31379,60.4632
"Brown_Spruce_Longhorn_Beetle",17.31379,60.4632
"Brown_Spruce_Longhorn_Beetle",16.53928,60.17396
"Brown_Spruce_Longhorn_Beetle",16.03478,57.52395
"Brown_Spruce_Longhorn_Beetle",16.81551,60.24557
"Brown_Spruce_Longhorn_Beetle",16.71484,60.20285
"Brown_Spruce_Longhorn_Beetle",17.21285,60.41583
"Brown_Spruce_Longhorn_Beetle",14.91694,59.74309
"Brown_Spruce_Longhorn_Beetle",14.59705,60.42091
"Brown_Spruce_Longhorn_Beetle",14.39817,56.32722
"Brown_Spruce_Longhorn_Beetle",12.83083,61.97287
"Brown_Spruce_Longhorn_Beetle",14.89867,59.76092
"Brown_Spruce_Longhorn_Beetle",16.49989,60.1814
"Brown_Spruce_Longhorn_Beetle",14.89034,59.74021
"Brown_Spruce_Longhorn_Beetle",17.25777,60.44816
"Brown_Spruce_Longhorn_Beetle",17.20771,60.40601
"Brown_Spruce_Longhorn_Beetle",17.56627,59.08786
"Brown_Spruce_Longhorn_Beetle",17.56627,59.08786
"Brown_Spruce_Longhorn_Beetle",15.41918,56.22954
"Brown_Spruce_Longhorn_Beetle",17.9847,59.19286
"Brown_Spruce_Longhorn_Beetle",14.89898,59.74925
"Brown_Spruce_Longhorn_Beetle",14.66755,56.63701
"Brown_Spruce_Longhorn_Beetle",12.84923,56.76445
"Brown_Spruce_Longhorn_Beetle",12.84923,56.76445
"Brown_Spruce_Longhorn_Beetle",14.0051,60.48968
"Brown_Spruce_Longhorn_Beetle",16.58357,56.79978
"Brown_Spruce_Longhorn_Beetle",13.94119,60.17638
"Brown_Spruce_Longhorn_Beetle",15.75835,60.81055
"Brown_Spruce_Longhorn_Beetle",15.65004,58.19474
"Brown_Spruce_Longhorn_Beetle",17.74031,59.48226
"Brown_Spruce_Longhorn_Beetle",18.31463,63.79996
"Brown_Spruce_Longhorn_Beetle",13.2138,56.88666
"Brown_Spruce_Longhorn_Beetle",15.02245,57.4885
"Brown_Spruce_Longhorn_Beetle",11.84616,58.10461
"Brown_Spruce_Longhorn_Beetle",14.69549,57.65756
"Brown_Spruce_Longhorn_Beetle",13.69624,56.4493
"Brown_Spruce_Longhorn_Beetle",14.14391,57.44586
"Brown_Spruce_Longhorn_Beetle",13.86247,57.38165
"Brown_Spruce_Longhorn_Beetle",18.63993,59.17842
"Brown_Spruce_Longhorn_Beetle",15.00187,57.0696
"Brown_Spruce_Longhorn_Beetle",17.59656,59.2338
"Brown_Spruce_Longhorn_Beetle",17.59656,59.2338
"Brown_Spruce_Longhorn_Beetle",14.50359,57.96284
"Brown_Spruce_Longhorn_Beetle",20.25936,63.8294
"Brown_Spruce_Longhorn_Beetle",18.14437,59.08452
"Brown_Spruce_Longhorn_Beetle",16.04158,59.73282
"Brown_Spruce_Longhorn_Beetle",17.90399,59.3194
"Brown_Spruce_Longhorn_Beetle",12.04202,58.16073
"Brown_Spruce_Longhorn_Beetle",18.71582,57.50054
"Brown_Spruce_Longhorn_Beetle",15.72709,58.14317
"Brown_Spruce_Longhorn_Beetle",14.79078,57.43347
"Brown_Spruce_Longhorn_Beetle",16.58704,58.95242
"Brown_Spruce_Longhorn_Beetle",17.50713,58.93461
"Brown_Spruce_Longhorn_Beetle",18.41983,59.28762
"Brown_Spruce_Longhorn_Beetle",14.64451,58.33005
"Brown_Spruce_Longhorn_Beetle",14.49668,60.45631
"Brown_Spruce_Longhorn_Beetle",15.48335,56.16187
"Brown_Spruce_Longhorn_Beetle",15.54749,56.19794
"Brown_Spruce_Longhorn_Beetle",17.96059,59.24216
"Brown_Spruce_Longhorn_Beetle",17.96059,59.24216
"Brown_Spruce_Longhorn_Beetle",18.08495,59.26698
"Brown_Spruce_Longhorn_Beetle",15.75005,61.34631
"Brown_Spruce_Longhorn_Beetle",15.15443,57.5166
"Brown_Spruce_Longhorn_Beetle",12.69206,61.63882
"Brown_Spruce_Longhorn_Beetle",12.89457,56.85181
"Brown_Spruce_Longhorn_Beetle",13.30886,56.73943
"Brown_Spruce_Longhorn_Beetle",18.61599,63.28849
"Brown_Spruce_Longhorn_Beetle",14.62804,58.31195
"Brown_Spruce_Longhorn_Beetle",14.51392,56.2723
"Brown_Spruce_Longhorn_Beetle",14.51392,56.2723
"Brown_Spruce_Longhorn_Beetle",14.89772,59.75952
"Brown_Spruce_Longhorn_Beetle",13.4323,58.33126
"Brown_Spruce_Longhorn_Beetle",15.8224,58.64954
"Brown_Spruce_Longhorn_Beetle",19.14481,65.59376
"Brown_Spruce_Longhorn_Beetle",17.2324,60.67953
"Brown_Spruce_Longhorn_Beetle",17.2324,60.67953
"Brown_Spruce_Longhorn_Beetle",16.4312,57.04081
"Brown_Spruce_Longhorn_Beetle",15.88693,56.73703
"Brown_Spruce_Longhorn_Beetle",17.55688,65.53062
"Brown_Spruce_Longhorn_Beetle",13.36934,63.33126
"Brown_Spruce_Longhorn_Beetle",16.71196,62.97237
"Brown_Spruce_Longhorn_Beetle",17.94879,62.62693
"Brown_Spruce_Longhorn_Beetle",12.3235,62.06108
"Brown_Spruce_Longhorn_Beetle",16.56388,61.81574
"Brown_Spruce_Longhorn_Beetle",14.76357,61.76003
"Brown_Spruce_Longhorn_Beetle",15.16195,61.72658
"Brown_Spruce_Longhorn_Beetle",14.99361,61.6539
"Brown_Spruce_Longhorn_Beetle",14.99361,61.6539
"Brown_Spruce_Longhorn_Beetle",14.99361,61.6539
"Brown_Spruce_Longhorn_Beetle",13.37017,60.93432
"Brown_Spruce_Longhorn_Beetle",15.7689,60.34606
"Brown_Spruce_Longhorn_Beetle",18.74117,60.16099
"Brown_Spruce_Longhorn_Beetle",17.69728,59.86577
"Brown_Spruce_Longhorn_Beetle",17.69728,59.86577
"Brown_Spruce_Longhorn_Beetle",17.69728,59.86577
"Brown_Spruce_Longhorn_Beetle",13.25731,59.80079
"Brown_Spruce_Longhorn_Beetle",17.72367,59.70378
"Brown_Spruce_Longhorn_Beetle",16.98033,59.78435
"Brown_Spruce_Longhorn_Beetle",13.29398,59.55005
"Brown_Spruce_Longhorn_Beetle",18.23983,59.47072
"Brown_Spruce_Longhorn_Beetle",18.05642,59.36625
"Brown_Spruce_Longhorn_Beetle",18.05345,59.3214
"Brown_Spruce_Longhorn_Beetle",18.05345,59.3214
"Brown_Spruce_Longhorn_Beetle",18.05345,59.3214
"Brown_Spruce_Longhorn_Beetle",18.05345,59.3214
"Brown_Spruce_Longhorn_Beetle",18.05345,59.3214
"Brown_Spruce_Longhorn_Beetle",18.05345,59.3214
"Brown_Spruce_Longhorn_Beetle",15.17356,59.28538
"Brown_Spruce_Longhorn_Beetle",16.10225,59.15193
"Brown_Spruce_Longhorn_Beetle",16.10225,59.15193
"Brown_Spruce_Longhorn_Beetle",17.66673,58.99528
"Brown_Spruce_Longhorn_Beetle",15.05804,58.95261
"Brown_Spruce_Longhorn_Beetle",16.51516,58.83612
"Brown_Spruce_Longhorn_Beetle",13.39752,58.59107
"Brown_Spruce_Longhorn_Beetle",13.39752,58.59107
"Brown_Spruce_Longhorn_Beetle",13.39752,58.59107
"Brown_Spruce_Longhorn_Beetle",16.02863,58.57753
"Brown_Spruce_Longhorn_Beetle",13.09528,58.49523
"Brown_Spruce_Longhorn_Beetle",15.75382,58.44305
"Brown_Spruce_Longhorn_Beetle",13.87191,58.41051
"Brown_Spruce_Longhorn_Beetle",13.87191,58.41051
"Brown_Spruce_Longhorn_Beetle",14.74529,58.3848
"Brown_Spruce_Longhorn_Beetle",14.71221,58.34861
"Brown_Spruce_Longhorn_Beetle",14.64135,58.29626
"Brown_Spruce_Longhorn_Beetle",12.27627,58.27761
"Brown_Spruce_Longhorn_Beetle",14.62804,58.31195
"Brown_Spruce_Longhorn_Beetle",12.1371,58.1389
"Brown_Spruce_Longhorn_Beetle",12.51287,57.93352
"Brown_Spruce_Longhorn_Beetle",11.89721,57.69136
"Brown_Spruce_Longhorn_Beetle",11.89721,57.69136
"Brown_Spruce_Longhorn_Beetle",15.58731,57.67971
"Brown_Spruce_Longhorn_Beetle",11.9497,57.51322
"Brown_Spruce_Longhorn_Beetle",12.39778,57.36439
"Brown_Spruce_Longhorn_Beetle",17.03151,57.26089
"Brown_Spruce_Longhorn_Beetle",16.99548,57.17143
"Brown_Spruce_Longhorn_Beetle",12.57622,57.03663
"Brown_Spruce_Longhorn_Beetle",14.89879,56.95965
"Brown_Spruce_Longhorn_Beetle",15.91966,56.75496
"Brown_Spruce_Longhorn_Beetle",21.72956,68.04385
"Brown_Spruce_Longhorn_Beetle",21.65808,68.04641
"Brown_Spruce_Longhorn_Beetle",23.38178,67.209
"Brown_Spruce_Longhorn_Beetle",20.18093,66.96915
"Brown_Spruce_Longhorn_Beetle",20.18093,66.96915
"Brown_Spruce_Longhorn_Beetle",20.18093,66.96915
"Brown_Spruce_Longhorn_Beetle",20.18093,66.96915
"Brown_Spruce_Longhorn_Beetle",21.61153,66.38645
"Brown_Spruce_Longhorn_Beetle",21.61153,66.38645
"Brown_Spruce_Longhorn_Beetle",21.61153,66.38645
"Brown_Spruce_Longhorn_Beetle",21.61153,66.38645
"Brown_Spruce_Longhorn_Beetle",21.61153,66.38645
"Brown_Spruce_Longhorn_Beetle",21.61153,66.38645
"Brown_Spruce_Longhorn_Beetle",15.19428,65.74576
"Brown_Spruce_Longhorn_Beetle",19.14481,65.59376
"Brown_Spruce_Longhorn_Beetle",19.14481,65.59376
"Brown_Spruce_Longhorn_Beetle",17.8623,65.56268
"Brown_Spruce_Longhorn_Beetle",14.19793,64.93113
"Brown_Spruce_Longhorn_Beetle",14.1768,64.9309
"Brown_Spruce_Longhorn_Beetle",15.08851,64.83941
"Brown_Spruce_Longhorn_Beetle",14.16088,64.50007
"Brown_Spruce_Longhorn_Beetle",19.62946,64.30688
"Brown_Spruce_Longhorn_Beetle",19.62946,64.30688
"Brown_Spruce_Longhorn_Beetle",20.27668,63.83017
"Brown_Spruce_Longhorn_Beetle",20.11327,63.82615
"Brown_Spruce_Longhorn_Beetle",20.11327,63.82615
"Brown_Spruce_Longhorn_Beetle",20.27668,63.83017
"Brown_Spruce_Longhorn_Beetle",12.92356,63.39476
"Brown_Spruce_Longhorn_Beetle",13.06257,63.40648
"Brown_Spruce_Longhorn_Beetle",18.73632,63.29504
"Brown_Spruce_Longhorn_Beetle",16.65412,63.01759
"Brown_Spruce_Longhorn_Beetle",16.65412,63.01759
"Brown_Spruce_Longhorn_Beetle",16.65412,63.01759
"Brown_Spruce_Longhorn_Beetle",16.65412,63.01759
"Brown_Spruce_Longhorn_Beetle",15.11662,62.90181
"Brown_Spruce_Longhorn_Beetle",15.11662,62.90181
"Brown_Spruce_Longhorn_Beetle",15.18085,61.72667
"Brown_Spruce_Longhorn_Beetle",14.00844,61.39318
"Brown_Spruce_Longhorn_Beetle",16.82992,61.25761
"Brown_Spruce_Longhorn_Beetle",16.82992,61.25761
"Brown_Spruce_Longhorn_Beetle",16.82992,61.25761
"Brown_Spruce_Longhorn_Beetle",14.54812,61.00433
"Brown_Spruce_Longhorn_Beetle",15.21352,61.0089
"Brown_Spruce_Longhorn_Beetle",13.37017,60.93432
"Brown_Spruce_Longhorn_Beetle",15.10517,60.8917
"Brown_Spruce_Longhorn_Beetle",14.97881,60.79226
"Brown_Spruce_Longhorn_Beetle",15.00188,60.60392
"Brown_Spruce_Longhorn_Beetle",17.46509,60.5781
"Brown_Spruce_Longhorn_Beetle",17.46509,60.5781
"Brown_Spruce_Longhorn_Beetle",14.96817,60.49601
"Brown_Spruce_Longhorn_Beetle",17.31379,60.4632
"Brown_Spruce_Longhorn_Beetle",14.7147,60.45828
"Brown_Spruce_Longhorn_Beetle",13.28295,60.40294
"Brown_Spruce_Longhorn_Beetle",15.24262,60.4077
"Brown_Spruce_Longhorn_Beetle",15.24262,60.4077
"Brown_Spruce_Longhorn_Beetle",15.1704,60.38942
"Brown_Spruce_Longhorn_Beetle",15.31856,60.18362
"Brown_Spruce_Longhorn_Beetle",16.54177,60.08374
"Brown_Spruce_Longhorn_Beetle",18.36605,59.97121
"Brown_Spruce_Longhorn_Beetle",19.07323,59.87474
"Brown_Spruce_Longhorn_Beetle",17.37697,59.88793
"Brown_Spruce_Longhorn_Beetle",17.69728,59.86577
"Brown_Spruce_Longhorn_Beetle",17.69728,59.86577
"Brown_Spruce_Longhorn_Beetle",17.69728,59.86577
"Brown_Spruce_Longhorn_Beetle",15.66252,59.82541
"Brown_Spruce_Longhorn_Beetle",17.65911,59.82143
"Brown_Spruce_Longhorn_Beetle",17.62201,59.79501
"Brown_Spruce_Longhorn_Beetle",17.60373,59.78628
"Brown_Spruce_Longhorn_Beetle",17.63932,59.78579
"Brown_Spruce_Longhorn_Beetle",17.63932,59.78579
"Brown_Spruce_Longhorn_Beetle",17.63932,59.78579
"Brown_Spruce_Longhorn_Beetle",17.60324,59.77731
"Brown_Spruce_Longhorn_Beetle",17.60324,59.77731
"Brown_Spruce_Longhorn_Beetle",18.39801,59.69219
"Brown_Spruce_Longhorn_Beetle",17.51062,59.70672
"Brown_Spruce_Longhorn_Beetle",14.54399,59.70273
"Brown_Spruce_Longhorn_Beetle",18.39801,59.69219
"Brown_Spruce_Longhorn_Beetle",16.46173,59.67126
"Brown_Spruce_Longhorn_Beetle",17.61425,59.65146
"Brown_Spruce_Longhorn_Beetle",18.76149,59.62343
"Brown_Spruce_Longhorn_Beetle",17.61376,59.64249
"Brown_Spruce_Longhorn_Beetle",18.76149,59.62343
"Brown_Spruce_Longhorn_Beetle",18.76149,59.62343
"Brown_Spruce_Longhorn_Beetle",17.08132,59.63079
"Brown_Spruce_Longhorn_Beetle",16.54886,59.59899
"Brown_Spruce_Longhorn_Beetle",16.54886,59.59899
"Brown_Spruce_Longhorn_Beetle",16.76005,59.55273
"Brown_Spruce_Longhorn_Beetle",16.76005,59.55273
"Brown_Spruce_Longhorn_Beetle",16.26446,59.5195
"Brown_Spruce_Longhorn_Beetle",16.47625,59.50961
"Brown_Spruce_Longhorn_Beetle",16.3524,59.49582
"Brown_Spruce_Longhorn_Beetle",18.30966,59.46042
"Brown_Spruce_Longhorn_Beetle",17.32291,59.48458
"Brown_Spruce_Longhorn_Beetle",17.58654,59.4633
"Brown_Spruce_Longhorn_Beetle",18.20268,59.44447
"Brown_Spruce_Longhorn_Beetle",12.75632,59.43083
"Brown_Spruce_Longhorn_Beetle",18.25486,59.43452
"Brown_Spruce_Longhorn_Beetle",18.04298,59.42934
"Brown_Spruce_Longhorn_Beetle",18.04298,59.42934
"Brown_Spruce_Longhorn_Beetle",17.63555,59.39079
"Brown_Spruce_Longhorn_Beetle",17.63555,59.39079
"Brown_Spruce_Longhorn_Beetle",17.93396,59.37729
"Brown_Spruce_Longhorn_Beetle",17.72349,59.38953
"Brown_Spruce_Longhorn_Beetle",17.63555,59.39079
"Brown_Spruce_Longhorn_Beetle",18.24969,59.36277
"Brown_Spruce_Longhorn_Beetle",18.16184,59.36439
"Brown_Spruce_Longhorn_Beetle",18.49559,59.35793
"Brown_Spruce_Longhorn_Beetle",18.16184,59.36439
"Brown_Spruce_Longhorn_Beetle",18.16184,59.36439
"Brown_Spruce_Longhorn_Beetle",18.49559,59.35793
"Brown_Spruce_Longhorn_Beetle",18.16184,59.36439
"Brown_Spruce_Longhorn_Beetle",18.16184,59.36439
"Brown_Spruce_Longhorn_Beetle",18.49559,59.35793
"Brown_Spruce_Longhorn_Beetle",18.16184,59.36439
"Brown_Spruce_Longhorn_Beetle",18.09096,59.35667
"Brown_Spruce_Longhorn_Beetle",18.09096,59.35667
"Brown_Spruce_Longhorn_Beetle",18.02068,59.35788
"Brown_Spruce_Longhorn_Beetle",18.09096,59.35667
"Brown_Spruce_Longhorn_Beetle",12.62568,59.31991
"Brown_Spruce_Longhorn_Beetle",18.05345,59.3214
"Brown_Spruce_Longhorn_Beetle",18.05345,59.3214
"Brown_Spruce_Longhorn_Beetle",17.91304,59.32375
"Brown_Spruce_Longhorn_Beetle",18.05345,59.3214
"Brown_Spruce_Longhorn_Beetle",18.05345,59.3214
"Brown_Spruce_Longhorn_Beetle",18.05345,59.3214
"Brown_Spruce_Longhorn_Beetle",18.05345,59.3214
"Brown_Spruce_Longhorn_Beetle",14.08394,59.32042
"Brown_Spruce_Longhorn_Beetle",17.20998,59.31526
"Brown_Spruce_Longhorn_Beetle",18.06921,59.29419
"Brown_Spruce_Longhorn_Beetle",17.9459,59.28729
"Brown_Spruce_Longhorn_Beetle",15.17356,59.28538
"Brown_Spruce_Longhorn_Beetle",18.3302,59.26245
"Brown_Spruce_Longhorn_Beetle",18.48711,59.25033
"Brown_Spruce_Longhorn_Beetle",15.17356,59.28538
"Brown_Spruce_Longhorn_Beetle",16.1208,59.26858
"Brown_Spruce_Longhorn_Beetle",14.08666,59.26658
"Brown_Spruce_Longhorn_Beetle",18.08195,59.22213
"Brown_Spruce_Longhorn_Beetle",18.08195,59.22213
"Brown_Spruce_Longhorn_Beetle",18.08195,59.22213
"Brown_Spruce_Longhorn_Beetle",17.60702,59.18468
"Brown_Spruce_Longhorn_Beetle",18.4082,59.13518
"Brown_Spruce_Longhorn_Beetle",14.18071,59.13312
"Brown_Spruce_Longhorn_Beetle",14.18071,59.13312
"Brown_Spruce_Longhorn_Beetle",17.16027,58.94769
"Brown_Spruce_Longhorn_Beetle",16.89718,58.86937
"Brown_Spruce_Longhorn_Beetle",17.55467,58.84419
"Brown_Spruce_Longhorn_Beetle",16.91365,58.8423
"Brown_Spruce_Longhorn_Beetle",15.16644,58.72876
"Brown_Spruce_Longhorn_Beetle",14.11678,58.65641
"Brown_Spruce_Longhorn_Beetle",12.28893,58.49361
"Brown_Spruce_Longhorn_Beetle",13.3853,58.51899
"Brown_Spruce_Longhorn_Beetle",16.95026,58.37511
"Brown_Spruce_Longhorn_Beetle",15.54887,58.37098
"Brown_Spruce_Longhorn_Beetle",11.9172,58.28515
"Brown_Spruce_Longhorn_Beetle",15.51484,58.35295
"Brown_Spruce_Longhorn_Beetle",16.67574,58.33237
"Brown_Spruce_Longhorn_Beetle",16.72695,58.33201
"Brown_Spruce_Longhorn_Beetle",11.92408,58.22245
"Brown_Spruce_Longhorn_Beetle",16.82728,58.25942
"Brown_Spruce_Longhorn_Beetle",14.73337,58.2141
"Brown_Spruce_Longhorn_Beetle",15.05696,58.19846
"Brown_Spruce_Longhorn_Beetle",15.05696,58.19846
"Brown_Spruce_Longhorn_Beetle",15.05696,58.19846
"Brown_Spruce_Longhorn_Beetle",19.16745,57.9587
"Brown_Spruce_Longhorn_Beetle",12.8136,57.77027
"Brown_Spruce_Longhorn_Beetle",13.83892,57.77238
"Brown_Spruce_Longhorn_Beetle",12.9514,57.72853
"Brown_Spruce_Longhorn_Beetle",11.96791,57.65758
"Brown_Spruce_Longhorn_Beetle",11.96791,57.65758
"Brown_Spruce_Longhorn_Beetle",15.83874,57.69785
"Brown_Spruce_Longhorn_Beetle",18.46998,57.66982
"Brown_Spruce_Longhorn_Beetle",18.28338,57.63768
"Brown_Spruce_Longhorn_Beetle",12.05704,57.60633
"Brown_Spruce_Longhorn_Beetle",12.70166,57.50702
"Brown_Spruce_Longhorn_Beetle",12.70166,57.50702
"Brown_Spruce_Longhorn_Beetle",15.1066,57.39961
"Brown_Spruce_Longhorn_Beetle",17.06403,57.24261
"Brown_Spruce_Longhorn_Beetle",16.44969,57.15746
"Brown_Spruce_Longhorn_Beetle",16.26714,57.0954
"Brown_Spruce_Longhorn_Beetle",16.4312,57.04081
"Brown_Spruce_Longhorn_Beetle",16.21667,57.00578
"Brown_Spruce_Longhorn_Beetle",16.21832,57.00667
"Brown_Spruce_Longhorn_Beetle",16.21832,57.00667
"Brown_Spruce_Longhorn_Beetle",16.21667,57.00578
"Brown_Spruce_Longhorn_Beetle",14.27534,56.98811
"Brown_Spruce_Longhorn_Beetle",14.82094,56.88582
"Brown_Spruce_Longhorn_Beetle",14.82094,56.88582
"Brown_Spruce_Longhorn_Beetle",16.6745,56.87772
"Brown_Spruce_Longhorn_Beetle",16.37657,56.69982
"Brown_Spruce_Longhorn_Beetle",16.32735,56.68208
"Brown_Spruce_Longhorn_Beetle",16.32735,56.68208
"Brown_Spruce_Longhorn_Beetle",16.5221,56.62723
"Brown_Spruce_Longhorn_Beetle",15.54455,56.62901
"Brown_Spruce_Longhorn_Beetle",13.82847,56.41595
"Brown_Spruce_Longhorn_Beetle",12.59545,56.23738
"Brown_Spruce_Longhorn_Beetle",14.48164,56.27196
"Brown_Spruce_Longhorn_Beetle",15.61161,56.26093
"Brown_Spruce_Longhorn_Beetle",13.7088,56.23432
"Brown_Spruce_Longhorn_Beetle",13.74489,56.16306
"Brown_Spruce_Longhorn_Beetle",17.05924,59.76638
"Brown_Spruce_Longhorn_Beetle",12.71015,56.01565
"Brown_Spruce_Longhorn_Beetle",14.64451,58.33005
"Brown_Spruce_Longhorn_Beetle",16.21832,57.00667
"Brown_Spruce_Longhorn_Beetle",17.31379,60.4632
"Brown_Spruce_Longhorn_Beetle",18.54467,59.312
"Brown_Spruce_Longhorn_Beetle",18.29336,59.47869
"Brown_Spruce_Longhorn_Beetle",16.6698,59.48155
"Brown_Spruce_Longhorn_Beetle",16.68189,58.41834
"Brown_Spruce_Longhorn_Beetle",18.12426,59.32914
"Brown_Spruce_Longhorn_Beetle",16.95283,59.0682
"Brown_Spruce_Longhorn_Beetle",16.95283,59.0682
"Brown_Spruce_Longhorn_Beetle",17.26312,58.79084
"Brown_Spruce_Longhorn_Beetle",18.48335,63.08627
"Brown_Spruce_Longhorn_Beetle",16.80946,60.24548
"Brown_Spruce_Longhorn_Beetle",16.76187,60.18497
"Brown_Spruce_Longhorn_Beetle",16.80018,60.14484
"Brown_Spruce_Longhorn_Beetle",16.75511,60.19412
"Brown_Spruce_Longhorn_Beetle",13.34204,60.46152
"Brown_Spruce_Longhorn_Beetle",18.45625,60.20292
"Brown_Spruce_Longhorn_Beetle",18.45625,60.20292
"Brown_Spruce_Longhorn_Beetle",18.45625,60.20292
"Brown_Spruce_Longhorn_Beetle",18.45625,60.20292
"Brown_Spruce_Longhorn_Beetle",18.45625,60.20292
"Brown_Spruce_Longhorn_Beetle",18.45625,60.20292
"Brown_Spruce_Longhorn_Beetle",18.45625,60.20292
"Brown_Spruce_Longhorn_Beetle",18.45625,60.20292
"Brown_Spruce_Longhorn_Beetle",18.45625,60.20292
"Brown_Spruce_Longhorn_Beetle",18.45625,60.20292
"Brown_Spruce_Longhorn_Beetle",18.45625,60.20292
"Brown_Spruce_Longhorn_Beetle",18.45625,60.20292
"Brown_Spruce_Longhorn_Beetle",18.45625,60.20292
"Brown_Spruce_Longhorn_Beetle",18.45625,60.20292
"Brown_Spruce_Longhorn_Beetle",18.45625,60.20292
"Brown_Spruce_Longhorn_Beetle",18.45625,60.20292
"Brown_Spruce_Longhorn_Beetle",18.45625,60.20292
"Brown_Spruce_Longhorn_Beetle",18.45625,60.20292
"Brown_Spruce_Longhorn_Beetle",18.45625,60.20292
"Brown_Spruce_Longhorn_Beetle",18.45625,60.20292
"Brown_Spruce_Longhorn_Beetle",18.45625,60.20292
"Brown_Spruce_Longhorn_Beetle",18.45625,60.20292
"Brown_Spruce_Longhorn_Beetle",18.45625,60.20292
"Brown_Spruce_Longhorn_Beetle",18.45625,60.20292
"Brown_Spruce_Longhorn_Beetle",18.45625,60.20292
"Brown_Spruce_Longhorn_Beetle",18.45625,60.20292
"Brown_Spruce_Longhorn_Beetle",18.45625,60.20292
"Brown_Spruce_Longhorn_Beetle",18.45625,60.20292
"Brown_Spruce_Longhorn_Beetle",18.45625,60.20292
"Brown_Spruce_Longhorn_Beetle",18.45625,60.20292
"Brown_Spruce_Longhorn_Beetle",18.45625,60.20292
"Brown_Spruce_Longhorn_Beetle",18.45625,60.20292
"Brown_Spruce_Longhorn_Beetle",18.45625,60.20292
"Brown_Spruce_Longhorn_Beetle",18.45625,60.20292
"Brown_Spruce_Longhorn_Beetle",18.45625,60.20292
"Brown_Spruce_Longhorn_Beetle",18.45625,60.20292
"Brown_Spruce_Longhorn_Beetle",18.45625,60.20292
"Brown_Spruce_Longhorn_Beetle",18.45625,60.20292
"Brown_Spruce_Longhorn_Beetle",18.45625,60.20292
"Brown_Spruce_Longhorn_Beetle",18.45625,60.20292
"Brown_Spruce_Longhorn_Beetle",18.45625,60.20292
"Brown_Spruce_Longhorn_Beetle",18.45625,60.20292
"Brown_Spruce_Longhorn_Beetle",18.45625,60.20292
"Brown_Spruce_Longhorn_Beetle",18.45625,60.20292
"Brown_Spruce_Longhorn_Beetle",18.45625,60.20292
"Brown_Spruce_Longhorn_Beetle",18.45625,60.20292
"Brown_Spruce_Longhorn_Beetle",18.45625,60.20292
"Brown_Spruce_Longhorn_Beetle",18.45625,60.20292
"Brown_Spruce_Longhorn_Beetle",18.45625,60.20292
"Brown_Spruce_Longhorn_Beetle",18.45625,60.20292
"Brown_Spruce_Longhorn_Beetle",18.45625,60.20292
"Brown_Spruce_Longhorn_Beetle",18.45625,60.20292
"Brown_Spruce_Longhorn_Beetle",18.45625,60.20292
"Brown_Spruce_Longhorn_Beetle",18.45625,60.20292
"Brown_Spruce_Longhorn_Beetle",18.45625,60.20292
"Brown_Spruce_Longhorn_Beetle",18.45625,60.20292
"Brown_Spruce_Longhorn_Beetle",18.45625,60.20292
"Brown_Spruce_Longhorn_Beetle",18.45625,60.20292
"Brown_Spruce_Longhorn_Beetle",18.45625,60.20292
"Brown_Spruce_Longhorn_Beetle",18.45625,60.20292
"Brown_Spruce_Longhorn_Beetle",18.45625,60.20292
"Brown_Spruce_Longhorn_Beetle",18.45625,60.20292
"Brown_Spruce_Longhorn_Beetle",18.45625,60.20292
"Brown_Spruce_Longhorn_Beetle",18.45625,60.20292
"Brown_Spruce_Longhorn_Beetle",15.74994,57.97798
"Brown_Spruce_Longhorn_Beetle",15.74994,57.97798
"Brown_Spruce_Longhorn_Beetle",15.74994,57.97798
"Brown_Spruce_Longhorn_Beetle",15.74994,57.97798
"Brown_Spruce_Longhorn_Beetle",17.17093,58.65847
"Brown_Spruce_Longhorn_Beetle",18.01917,59.8815
"Brown_Spruce_Longhorn_Beetle",18.05651,63.05707
"Brown_Spruce_Longhorn_Beetle",15.99078,56.95621
"Brown_Spruce_Longhorn_Beetle",16.24399,56.90161
"Brown_Spruce_Longhorn_Beetle",15.11646,57.44478
"Brown_Spruce_Longhorn_Beetle",15.0245,57.49294
"Brown_Spruce_Longhorn_Beetle",14.69067,56.35575
"Brown_Spruce_Longhorn_Beetle",14.73885,56.30587
"Brown_Spruce_Longhorn_Beetle",14.45872,56.24772
"Brown_Spruce_Longhorn_Beetle",15.53734,56.21465
"Brown_Spruce_Longhorn_Beetle",15.45162,56.17794
"Brown_Spruce_Longhorn_Beetle",15.42874,56.17046
"Brown_Spruce_Longhorn_Beetle",15.57195,56.20339
"Brown_Spruce_Longhorn_Beetle",15.47594,56.16127
"Brown_Spruce_Longhorn_Beetle",15.60612,56.19805
"Brown_Spruce_Longhorn_Beetle",17.91864,59.83932
"Brown_Spruce_Longhorn_Beetle",20.16733,66.7666
"Brown_Spruce_Longhorn_Beetle",15.57435,56.20243
"Brown_Spruce_Longhorn_Beetle",14.84767,56.35257
"Brown_Spruce_Longhorn_Beetle",15.189,56.20565
"Brown_Spruce_Longhorn_Beetle",14.97583,56.33553
"Brown_Spruce_Longhorn_Beetle",14.88159,56.35463
"Brown_Spruce_Longhorn_Beetle",14.72089,56.25991
"Brown_Spruce_Longhorn_Beetle",11.86567,58.17941
"Brown_Spruce_Longhorn_Beetle",14.54357,59.93681
"Brown_Spruce_Longhorn_Beetle",17.91242,59.12621
"Brown_Spruce_Longhorn_Beetle",17.64489,59.80932
"Brown_Spruce_Longhorn_Beetle",13.39699,55.6805
"Brown_Spruce_Longhorn_Beetle",18.89554,59.75642
"Brown_Spruce_Longhorn_Beetle",16.07184,56.97191
"Brown_Spruce_Longhorn_Beetle",11.88562,58.27295
"Brown_Spruce_Longhorn_Beetle",17.09067,59.21101
"Brown_Spruce_Longhorn_Beetle",15.53816,58.41507
"Brown_Spruce_Longhorn_Beetle",14.12189,56.6682
"Brown_Spruce_Longhorn_Beetle",15.63639,58.2032
"Brown_Spruce_Longhorn_Beetle",14.17518,56.60324
"Brown_Spruce_Longhorn_Beetle",14.17082,56.60402
"Brown_Spruce_Longhorn_Beetle",14.16994,56.60509
"Brown_Spruce_Longhorn_Beetle",14.16994,56.60509
"Brown_Spruce_Longhorn_Beetle",14.16994,56.60509
"Brown_Spruce_Longhorn_Beetle",14.17078,56.6042
"Brown_Spruce_Longhorn_Beetle",14.17205,56.60415
"Brown_Spruce_Longhorn_Beetle",14.17149,56.60498
"Brown_Spruce_Longhorn_Beetle",14.17149,56.60498
"Brown_Spruce_Longhorn_Beetle",14.63849,58.33077
"Brown_Spruce_Longhorn_Beetle",16.78609,58.05072
"Brown_Spruce_Longhorn_Beetle",15.6791,65.02639
"Brown_Spruce_Longhorn_Beetle",15.30373,58.05582
"Brown_Spruce_Longhorn_Beetle",14.20186,56.74558
"Brown_Spruce_Longhorn_Beetle",14.1951,56.75089
"Brown_Spruce_Longhorn_Beetle",19.6529,63.7098
"Brown_Spruce_Longhorn_Beetle",14.64513,58.93632
"Brown_Spruce_Longhorn_Beetle",13.11129,56.08443
"Brown_Spruce_Longhorn_Beetle",19.06353,59.88531
"Brown_Spruce_Longhorn_Beetle",14.50559,60.46089
"Brown_Spruce_Longhorn_Beetle",15.05677,57.59957
"Brown_Spruce_Longhorn_Beetle",15.05659,57.58578
"Brown_Spruce_Longhorn_Beetle",15.99078,56.95621
"Brown_Spruce_Longhorn_Beetle",14.69956,57.03487
"Brown_Spruce_Longhorn_Beetle",17.29834,59.97433
"Brown_Spruce_Longhorn_Beetle",16.22494,57.01024
"Brown_Spruce_Longhorn_Beetle",14.04189,56.18113
"Brown_Spruce_Longhorn_Beetle",12.48934,57.73075
"Brown_Spruce_Longhorn_Beetle",15.54297,62.29314
"Brown_Spruce_Longhorn_Beetle",14.78592,61.75306
"Brown_Spruce_Longhorn_Beetle",14.78592,61.75306
"Brown_Spruce_Longhorn_Beetle",17.41743,64.35241
"Brown_Spruce_Longhorn_Beetle",15.83969,56.5774
"Brown_Spruce_Longhorn_Beetle",17.4522,60.38623
"Brown_Spruce_Longhorn_Beetle",12.85807,56.78213
"Brown_Spruce_Longhorn_Beetle",13.30952,56.73944
"Brown_Spruce_Longhorn_Beetle",18.11118,62.88529
"Brown_Spruce_Longhorn_Beetle",15.40226,56.25099
"Brown_Spruce_Longhorn_Beetle",15.89644,59.17521
"Brown_Spruce_Longhorn_Beetle",15.48466,60.81264
"Brown_Spruce_Longhorn_Beetle",15.79793,57.9595
"Brown_Spruce_Longhorn_Beetle",17.29834,59.97433
"Brown_Spruce_Longhorn_Beetle",15.64021,57.10512
"Brown_Spruce_Longhorn_Beetle",16.97325,60.7671
"Brown_Spruce_Longhorn_Beetle",16.97246,60.75851
"Brown_Spruce_Longhorn_Beetle",18.67334,57.71895
"Brown_Spruce_Longhorn_Beetle",14.55096,56.45461
"Brown_Spruce_Longhorn_Beetle",14.55096,56.45461
"Brown_Spruce_Longhorn_Beetle",14.09086,57.04331
"Brown_Spruce_Longhorn_Beetle",14.66704,56.63477
"Brown_Spruce_Longhorn_Beetle",14.67597,56.64346
"Brown_Spruce_Longhorn_Beetle",14.66732,56.63656
"Brown_Spruce_Longhorn_Beetle",14.16232,56.67415
"Brown_Spruce_Longhorn_Beetle",14.16232,56.67415
"Brown_Spruce_Longhorn_Beetle",14.16232,56.67415
"Brown_Spruce_Longhorn_Beetle",14.16232,56.67415
"Brown_Spruce_Longhorn_Beetle",14.16232,56.67415
"Brown_Spruce_Longhorn_Beetle",14.16232,56.67415
"Brown_Spruce_Longhorn_Beetle",14.16232,56.67415
"Brown_Spruce_Longhorn_Beetle",14.16232,56.67415
"Brown_Spruce_Longhorn_Beetle",14.16232,56.67415
"Brown_Spruce_Longhorn_Beetle",14.16232,56.67415
"Brown_Spruce_Longhorn_Beetle",14.16232,56.67415
"Brown_Spruce_Longhorn_Beetle",14.16232,56.67415
"Brown_Spruce_Longhorn_Beetle",14.16232,56.67415
"Brown_Spruce_Longhorn_Beetle",14.16232,56.67415
"Brown_Spruce_Longhorn_Beetle",14.16384,56.67488
"Brown_Spruce_Longhorn_Beetle",14.16384,56.67488
"Brown_Spruce_Longhorn_Beetle",14.16384,56.67488
"Brown_Spruce_Longhorn_Beetle",14.16384,56.67488
"Brown_Spruce_Longhorn_Beetle",14.16384,56.67488
"Brown_Spruce_Longhorn_Beetle",14.16384,56.67488
"Brown_Spruce_Longhorn_Beetle",14.16384,56.67488
"Brown_Spruce_Longhorn_Beetle",14.16384,56.67488
"Brown_Spruce_Longhorn_Beetle",14.16384,56.67488
"Brown_Spruce_Longhorn_Beetle",14.16384,56.67488
"Brown_Spruce_Longhorn_Beetle",14.16384,56.67488
"Brown_Spruce_Longhorn_Beetle",14.16384,56.67488
"Brown_Spruce_Longhorn_Beetle",14.16384,56.67488
"Brown_Spruce_Longhorn_Beetle",14.16384,56.67488
"Brown_Spruce_Longhorn_Beetle",14.16384,56.67488
"Brown_Spruce_Longhorn_Beetle",14.16384,56.67488
"Brown_Spruce_Longhorn_Beetle",14.16384,56.67488
"Brown_Spruce_Longhorn_Beetle",14.16384,56.67488
"Brown_Spruce_Longhorn_Beetle",14.16384,56.67488
"Brown_Spruce_Longhorn_Beetle",14.16384,56.67488
"Brown_Spruce_Longhorn_Beetle",14.16384,56.67488
"Brown_Spruce_Longhorn_Beetle",14.16384,56.67488
"Brown_Spruce_Longhorn_Beetle",14.16384,56.67488
"Brown_Spruce_Longhorn_Beetle",14.16333,56.67446
"Brown_Spruce_Longhorn_Beetle",14.18431,56.68361
"Brown_Spruce_Longhorn_Beetle",14.18431,56.68361
"Brown_Spruce_Longhorn_Beetle",14.16333,56.67446
"Brown_Spruce_Longhorn_Beetle",14.16333,56.67446
"Brown_Spruce_Longhorn_Beetle",14.16261,56.673
"Brown_Spruce_Longhorn_Beetle",14.17068,56.698
"Brown_Spruce_Longhorn_Beetle",14.16331,56.69378
"Brown_Spruce_Longhorn_Beetle",14.16811,56.60825
"Brown_Spruce_Longhorn_Beetle",14.29646,56.82796
"Brown_Spruce_Longhorn_Beetle",17.34625,59.91666
"Brown_Spruce_Longhorn_Beetle",18.60255,59.85823
"Brown_Spruce_Longhorn_Beetle",18.41284,59.93255
"Brown_Spruce_Longhorn_Beetle",13.45772,55.69531
"Brown_Spruce_Longhorn_Beetle",13.25815,57.46605
"Brown_Spruce_Longhorn_Beetle",17.31666,60.46236
"Brown_Spruce_Longhorn_Beetle",15.40226,56.25099
"Brown_Spruce_Longhorn_Beetle",17.35301,59.79898
"Brown_Spruce_Longhorn_Beetle",15.48025,60.84952
"Brown_Spruce_Longhorn_Beetle",15.48025,60.84952
"Brown_Spruce_Longhorn_Beetle",14.17301,56.63523
"Brown_Spruce_Longhorn_Beetle",15.4301,57.31626
"Brown_Spruce_Longhorn_Beetle",15.4301,57.31626
"Brown_Spruce_Longhorn_Beetle",15.43214,57.31686
"Brown_Spruce_Longhorn_Beetle",14.181,56.62251
"Brown_Spruce_Longhorn_Beetle",14.16977,56.63635
"Brown_Spruce_Longhorn_Beetle",14.16347,56.62219
"Brown_Spruce_Longhorn_Beetle",14.16977,56.63635
"Brown_Spruce_Longhorn_Beetle",14.16561,56.62853
"Brown_Spruce_Longhorn_Beetle",14.16561,56.62853
"Brown_Spruce_Longhorn_Beetle",15.72347,56.9518
"Brown_Spruce_Longhorn_Beetle",15.72095,56.95442
"Brown_Spruce_Longhorn_Beetle",15.72116,56.95514
"Brown_Spruce_Longhorn_Beetle",14.4264,57.59654
"Brown_Spruce_Longhorn_Beetle",16.1635,65.57218
"Brown_Spruce_Longhorn_Beetle",14.4264,57.59654
"Brown_Spruce_Longhorn_Beetle",16.95611,62.88585
"Brown_Spruce_Longhorn_Beetle",14.4264,57.59654
"Brown_Spruce_Longhorn_Beetle",18.11159,59.50134
"Brown_Spruce_Longhorn_Beetle",14.29606,56.82793
"Brown_Spruce_Longhorn_Beetle",14.2931,56.82852
"Brown_Spruce_Longhorn_Beetle",14.29058,56.82894
"Brown_Spruce_Longhorn_Beetle",14.29301,56.82489
"Brown_Spruce_Longhorn_Beetle",18.63398,59.58098
"Brown_Spruce_Longhorn_Beetle",18.16974,59.34898
"Brown_Spruce_Longhorn_Beetle",18.16974,59.34898
"Brown_Spruce_Longhorn_Beetle",14.99473,60.21183
"Brown_Spruce_Longhorn_Beetle",16.79661,58.40584
"Brown_Spruce_Longhorn_Beetle",18.89237,59.74716
"Brown_Spruce_Longhorn_Beetle",18.89201,59.74708
"Brown_Spruce_Longhorn_Beetle",18.71639,59.6698
"Brown_Spruce_Longhorn_Beetle",18.71639,59.6698
"Brown_Spruce_Longhorn_Beetle",18.20358,59.26893
"Brown_Spruce_Longhorn_Beetle",12.43323,56.9412
"Brown_Spruce_Longhorn_Beetle",11.95407,57.67685
"Brown_Spruce_Longhorn_Beetle",16.07212,56.97158
"Brown_Spruce_Longhorn_Beetle",16.07212,56.97158
"Brown_Spruce_Longhorn_Beetle",12.4455,58.4001
"Brown_Spruce_Longhorn_Beetle",12.45601,58.39835
"Brown_Spruce_Longhorn_Beetle",19.0812,57.82803
"Brown_Spruce_Longhorn_Beetle",16.53639,58.64798
"Brown_Spruce_Longhorn_Beetle",20.64741,68.04419
"Brown_Spruce_Longhorn_Beetle",12.88933,56.8011
"Brown_Spruce_Longhorn_Beetle",12.22226,57.30573
"Brown_Spruce_Longhorn_Beetle",13.97201,64.72858
"Brown_Spruce_Longhorn_Beetle",16.93935,59.88448
"Brown_Spruce_Longhorn_Beetle",17.60827,59.83634
"Brown_Spruce_Longhorn_Beetle",18.74499,57.36723
"Brown_Spruce_Longhorn_Beetle",13.82276,58.42318
"Brown_Spruce_Longhorn_Beetle",18.58136,57.83777
"Brown_Spruce_Longhorn_Beetle",13.90269,57.39397
"Brown_Spruce_Longhorn_Beetle",12.94771,55.55683
"Brown_Spruce_Longhorn_Beetle",14.20112,61.26952
"Brown_Spruce_Longhorn_Beetle",21.67458,67.31104
"Brown_Spruce_Longhorn_Beetle",14.55405,56.45463
"Brown_Spruce_Longhorn_Beetle",14.664,58.33701
"Brown_Spruce_Longhorn_Beetle",17.54445,58.8978
"Brown_Spruce_Longhorn_Beetle",14.9965,61.65531
"Brown_Spruce_Longhorn_Beetle",23.11152,65.7766
"Brown_Spruce_Longhorn_Beetle",17.06002,57.24404
"Brown_Spruce_Longhorn_Beetle",12.69407,57.05719
"Brown_Spruce_Longhorn_Beetle",19.56871,64.20206
"Brown_Spruce_Longhorn_Beetle",18.49661,57.33737
"Brown_Spruce_Longhorn_Beetle",12.4825,57.06253
"Brown_Spruce_Longhorn_Beetle",16.40501,60.70961
"Brown_Spruce_Longhorn_Beetle",18.70882,57.33176
"Brown_Spruce_Longhorn_Beetle",13.49338,55.91564
"Brown_Spruce_Longhorn_Beetle",13.49338,55.91564
"Brown_Spruce_Longhorn_Beetle",13.49338,55.91564
"Brown_Spruce_Longhorn_Beetle",13.49338,55.91564
"Brown_Spruce_Longhorn_Beetle",13.49338,55.91564
"Brown_Spruce_Longhorn_Beetle",13.49338,55.91564
"Brown_Spruce_Longhorn_Beetle",13.43045,55.58381
"Brown_Spruce_Longhorn_Beetle",16.49961,60.18263
"Brown_Spruce_Longhorn_Beetle",16.67128,60.08605
"Brown_Spruce_Longhorn_Beetle",16.40612,59.48388
"Brown_Spruce_Longhorn_Beetle",15.24986,60.29604
"Brown_Spruce_Longhorn_Beetle",10.851,48.312
"Brown_Spruce_Longhorn_Beetle",10.848,48.319
"Brown_Spruce_Longhorn_Beetle",11.5925,47.5866
"Brown_Spruce_Longhorn_Beetle",28.804,66.769
"Brown_Spruce_Longhorn_Beetle",8.8632,58.4593
"Brown_Spruce_Longhorn_Beetle",10.4051,59.2719
"Brown_Spruce_Longhorn_Beetle",10.7759,59.9212
"Brown_Spruce_Longhorn_Beetle",8.4869,58.7686
"Brown_Spruce_Longhorn_Beetle",9.4723,58.9623
"Brown_Spruce_Longhorn_Beetle",11.2127,59.9562
"Brown_Spruce_Longhorn_Beetle",12.0283,61.8852
"Brown_Spruce_Longhorn_Beetle",12.0568,59.9121
"Brown_Spruce_Longhorn_Beetle",11.576,60.1831
"Brown_Spruce_Longhorn_Beetle",9.7098,59.2883
"Brown_Spruce_Longhorn_Beetle",9.0527,58.686
"Brown_Spruce_Longhorn_Beetle",11.5655,63.0558
"Brown_Spruce_Longhorn_Beetle",8.6958,58.4122
"Brown_Spruce_Longhorn_Beetle",8.6764,59.8831
"Brown_Spruce_Longhorn_Beetle",10.5948,60.0205
"Brown_Spruce_Longhorn_Beetle",12.0568,59.9121
"Brown_Spruce_Longhorn_Beetle",11.0953,59.2975
"Brown_Spruce_Longhorn_Beetle",11.576,60.1831
"Brown_Spruce_Longhorn_Beetle",9.8727,59.1317
"Brown_Spruce_Longhorn_Beetle",10.5965,60.9597
"Brown_Spruce_Longhorn_Beetle",9.6982,59.119
"Brown_Spruce_Longhorn_Beetle",10.6933,59.2337
"Brown_Spruce_Longhorn_Beetle",10.7882,59.9224
"Brown_Spruce_Longhorn_Beetle",10.7882,59.9224
"Brown_Spruce_Longhorn_Beetle",8.5754,61.1251
"Brown_Spruce_Longhorn_Beetle",11.3732,61.132
"Brown_Spruce_Longhorn_Beetle",9.8683,60.0256
"Brown_Spruce_Longhorn_Beetle",8.4869,58.7686
"Brown_Spruce_Longhorn_Beetle",12.0568,59.9121
"Brown_Spruce_Longhorn_Beetle",7.6786,58.9499
"Brown_Spruce_Longhorn_Beetle",13.5901,64.4671
"Brown_Spruce_Longhorn_Beetle",9.8442,59.4606
"Brown_Spruce_Longhorn_Beetle",10.3883,59.7467
"Brown_Spruce_Longhorn_Beetle",14.0398,64.4748
"Brown_Spruce_Longhorn_Beetle",9.5855,58.8596
"Brown_Spruce_Longhorn_Beetle",10.6933,59.2337
"Brown_Spruce_Longhorn_Beetle",10.7628,59.6671
"Brown_Spruce_Longhorn_Beetle",10.7882,59.9224
"Brown_Spruce_Longhorn_Beetle",11.0729,60.244
"Brown_Spruce_Longhorn_Beetle",10.6933,59.2337
"Brown_Spruce_Longhorn_Beetle",10.6933,59.2337
"Brown_Spruce_Longhorn_Beetle",9.2546,60.0203
"Brown_Spruce_Longhorn_Beetle",8.5241,59.3832
"Brown_Spruce_Longhorn_Beetle",9.0634,58.6792
"Brown_Spruce_Longhorn_Beetle",10.1072,59.5869
"Brown_Spruce_Longhorn_Beetle",10.4388,59.8344
"Brown_Spruce_Longhorn_Beetle",10.9279,59.2195
"Brown_Spruce_Longhorn_Beetle",10.6455,59.6685
"Brown_Spruce_Longhorn_Beetle",10.2001,59.7443
"Brown_Spruce_Longhorn_Beetle",12.38806,57.63117
"Brown_Spruce_Longhorn_Beetle",17.737,59.705
"Brown_Spruce_Longhorn_Beetle",17.737,59.705
"Brown_Spruce_Longhorn_Beetle",17.5833,59.2333
"Brown_Spruce_Longhorn_Beetle",17.6333,59.8667
"Brown_Spruce_Longhorn_Beetle",17.7,63.8667
"Brown_Spruce_Longhorn_Beetle",18.08041,59.28325
"Brown_Spruce_Longhorn_Beetle",17.6,59.8
"Brown_Spruce_Longhorn_Beetle",18.05,59.3333
"Brown_Spruce_Longhorn_Beetle",13.85,58.4
"Brown_Spruce_Longhorn_Beetle",13.85,58.4
"Brown_Spruce_Longhorn_Beetle",18.1833,59.45
"Brown_Spruce_Longhorn_Beetle",18.1833,59.45
"Brown_Spruce_Longhorn_Beetle",13.35,60.9333
"Brown_Spruce_Longhorn_Beetle",13.35,60.9333
"Brown_Spruce_Longhorn_Beetle",19.0667,59.8667
"Brown_Spruce_Longhorn_Beetle",14.706101,58.348965
"Brown_Spruce_Longhorn_Beetle",21.7333,68.05
"Brown_Spruce_Longhorn_Beetle",16.85,61.2667
"Brown_Spruce_Longhorn_Beetle",16.85,61.2667
"Brown_Spruce_Longhorn_Beetle",18.1333,59.2333
"Brown_Spruce_Longhorn_Beetle",16.85,61.2667
"Brown_Spruce_Longhorn_Beetle",17.2167,59.3167
"Brown_Spruce_Longhorn_Beetle",15.1667,61.7333
"Brown_Spruce_Longhorn_Beetle",16.915,58.84
"Brown_Spruce_Longhorn_Beetle",17.2831,58.85
"Brown_Spruce_Longhorn_Beetle",17.75,59.4833
"Brown_Spruce_Longhorn_Beetle",17.5833,59.2333
"Brown_Spruce_Longhorn_Beetle",18.1333,59.3667
"Brown_Spruce_Longhorn_Beetle",21.7333,68.05
"Brown_Spruce_Longhorn_Beetle",16.57888,56.79984
"Brown_Spruce_Longhorn_Beetle",17.05,62.3
"Brown_Spruce_Longhorn_Beetle",18.3833,59.2167
"Brown_Spruce_Longhorn_Beetle",16.85,61.2667
"Brown_Spruce_Longhorn_Beetle",17.05,62.3
"Brown_Spruce_Longhorn_Beetle",16.85,61.2667
"Brown_Spruce_Longhorn_Beetle",15.1667,60.4
"Brown_Spruce_Longhorn_Beetle",17.6333,59.8667
"Brown_Spruce_Longhorn_Beetle",17.9,59.3167
"Brown_Spruce_Longhorn_Beetle",17.6333,59.8667
"Brown_Spruce_Longhorn_Beetle",17.6333,59.8667
"Brown_Spruce_Longhorn_Beetle",18.05,59.3333
"Brown_Spruce_Longhorn_Beetle",16.7331,58.3331
"Brown_Spruce_Longhorn_Beetle",6.92,60.57
"Brown_Spruce_Longhorn_Beetle",18.1333,59.3667
"Brown_Spruce_Longhorn_Beetle",17.6667,59.8167
"Brown_Spruce_Longhorn_Beetle",17.6167,59.2
"Brown_Spruce_Longhorn_Beetle",18.58136,57.83777
"Brown_Spruce_Longhorn_Beetle",15.83093,57.48282
"Brown_Spruce_Longhorn_Beetle",13.87505,63.48773
"Brown_Spruce_Longhorn_Beetle",16.81706,59.8436
"Brown_Spruce_Longhorn_Beetle",12.7554,63.42116
"Brown_Spruce_Longhorn_Beetle",16.81706,59.8436
"Brown_Spruce_Longhorn_Beetle",18.09414,59.89629
"Brown_Spruce_Longhorn_Beetle",12.40225,57.9546
"Brown_Spruce_Longhorn_Beetle",16.3307,56.69994
"Brown_Spruce_Longhorn_Beetle",16.68416,57.70938
"Brown_Spruce_Longhorn_Beetle",11.40082,61.16801
"Brown_Spruce_Longhorn_Beetle",9.92043,59.07885
"Brown_Spruce_Longhorn_Beetle",11.40603,61.16898
"Brown_Spruce_Longhorn_Beetle",11.00033,59.84165
"Brown_Spruce_Longhorn_Beetle",10.10681,59.63142
"Brown_Spruce_Longhorn_Beetle",11.40314,61.16493
"Brown_Spruce_Longhorn_Beetle",10.10681,59.63142
"Brown_Spruce_Longhorn_Beetle",10.93446,59.85319
"Brown_Spruce_Longhorn_Beetle",10.94113,59.83879
"Brown_Spruce_Longhorn_Beetle",11.40667,61.16902
"Brown_Spruce_Longhorn_Beetle",10.12109,59.68042
"Brown_Spruce_Longhorn_Beetle",11.40003,61.16443
"Brown_Spruce_Longhorn_Beetle",11.40536,61.16947
"Brown_Spruce_Longhorn_Beetle",11.40258,61.16956
"Brown_Spruce_Longhorn_Beetle",11.39938,61.1671
"Brown_Spruce_Longhorn_Beetle",11.4072,61.16891
"Brown_Spruce_Longhorn_Beetle",10.93446,59.85319
"Brown_Spruce_Longhorn_Beetle",11.40003,61.16443
"Brown_Spruce_Longhorn_Beetle",11.40396,61.1674
"Brown_Spruce_Longhorn_Beetle",11.40339,61.16557
"Brown_Spruce_Longhorn_Beetle",11.40536,61.16947
"Brown_Spruce_Longhorn_Beetle",11.40358,61.16752
"Brown_Spruce_Longhorn_Beetle",10.99842,59.85728
"Brown_Spruce_Longhorn_Beetle",11.40265,61.16676
"Brown_Spruce_Longhorn_Beetle",11.40333,61.1677
"Brown_Spruce_Longhorn_Beetle",11.40298,61.16584
"Brown_Spruce_Longhorn_Beetle",11.40268,61.16432
"Brown_Spruce_Longhorn_Beetle",11.40211,61.16658
"Brown_Spruce_Longhorn_Beetle",10.12109,59.68042
"Brown_Spruce_Longhorn_Beetle",11.40314,61.16493
"Brown_Spruce_Longhorn_Beetle",11.40264,61.17018
"Brown_Spruce_Longhorn_Beetle",11.40204,61.16783
"Brown_Spruce_Longhorn_Beetle",11.39975,61.16704
"Brown_Spruce_Longhorn_Beetle",10.99788,59.84905
"Brown_Spruce_Longhorn_Beetle",11.40267,61.1686
"Brown_Spruce_Longhorn_Beetle",10.99788,59.84905
"Brown_Spruce_Longhorn_Beetle",11.40264,61.17018
"Brown_Spruce_Longhorn_Beetle",11.40268,61.16432
"Brown_Spruce_Longhorn_Beetle",11.40667,61.16902
"Brown_Spruce_Longhorn_Beetle",11.40165,61.16691
"Brown_Spruce_Longhorn_Beetle",10.93509,59.85245
"Brown_Spruce_Longhorn_Beetle",11.40329,61.16523
"Brown_Spruce_Longhorn_Beetle",11.40603,61.16898
"Brown_Spruce_Longhorn_Beetle",11.40023,61.16723
"Brown_Spruce_Longhorn_Beetle",10.56493,60.04768
"Brown_Spruce_Longhorn_Beetle",11.40294,61.16747
"Brown_Spruce_Longhorn_Beetle",10.10681,59.63142
"Brown_Spruce_Longhorn_Beetle",11.4072,61.16891
"Brown_Spruce_Longhorn_Beetle",11.40068,61.16685
"Brown_Spruce_Longhorn_Beetle",11.40335,61.16434
"Brown_Spruce_Longhorn_Beetle",11.39975,61.16704
"Brown_Spruce_Longhorn_Beetle",10.93926,59.84005
"Brown_Spruce_Longhorn_Beetle",11.39915,61.16654
"Brown_Spruce_Longhorn_Beetle",11.40258,61.16956
"Brown_Spruce_Longhorn_Beetle",10.93614,59.85333
"Brown_Spruce_Longhorn_Beetle",11.00033,59.84165
"Brown_Spruce_Longhorn_Beetle",11.40281,61.16922
"Brown_Spruce_Longhorn_Beetle",11.40367,61.16461
"Brown_Spruce_Longhorn_Beetle",10.5676,60.04269
"Brown_Spruce_Longhorn_Beetle",10.99974,59.8572
"Brown_Spruce_Longhorn_Beetle",10.02994,59.13967
"Brown_Spruce_Longhorn_Beetle",10.93353,59.8526
"Brown_Spruce_Longhorn_Beetle",12.05188,57.7001
"Brown_Spruce_Longhorn_Beetle",12.47226,59.07301
"Brown_Spruce_Longhorn_Beetle",12.85186,59.42459
"Brown_Spruce_Longhorn_Beetle",12.8539,59.43113
"Brown_Spruce_Longhorn_Beetle",12.47226,59.07301
"Brown_Spruce_Longhorn_Beetle",16.40621,59.48388
"Brown_Spruce_Longhorn_Beetle",14.62879,58.7107
"Brown_Spruce_Longhorn_Beetle",12.85186,59.42459
"Brown_Spruce_Longhorn_Beetle",14.52661,58.64113
"Brown_Spruce_Longhorn_Beetle",18.41358,64.65985
"Brown_Spruce_Longhorn_Beetle",13.67923,60.86504
"Brown_Spruce_Longhorn_Beetle",16.12939,57.83402
"Brown_Spruce_Longhorn_Beetle",16.74159,60.14316
"Brown_Spruce_Longhorn_Beetle",16.7797,60.13066
"Brown_Spruce_Longhorn_Beetle",14.12297,57.46337
"Brown_Spruce_Longhorn_Beetle",16.11497,57.01488
"Brown_Spruce_Longhorn_Beetle",16.0709,56.9751
"Brown_Spruce_Longhorn_Beetle",16.23921,58.69017
"Brown_Spruce_Longhorn_Beetle",12.28282,57.42603
"Brown_Spruce_Longhorn_Beetle",16.84291,58.47079
"Brown_Spruce_Longhorn_Beetle",16.07212,56.97158
"Brown_Spruce_Longhorn_Beetle",16.07212,56.97158
"Brown_Spruce_Longhorn_Beetle",11.86025,58.23757
"Brown_Spruce_Longhorn_Beetle",11,51
"Brown_Spruce_Longhorn_Beetle",27,55
"Brown_Spruce_Longhorn_Beetle",7,51
"Brown_Spruce_Longhorn_Beetle",11,49
"Brown_Spruce_Longhorn_Beetle",14.39296,60.90989
"Brown_Spruce_Longhorn_Beetle",15.72873,62.0721
