"species","dd long","dd lat"
"Fall_Webworm",127.1334,36.787819
"Fall_Webworm",127.1334,36.787819
"Fall_Webworm",127.1334,36.787819
"Fall_Webworm",12.132337,45.299891
"Fall_Webworm",9.152881,45.348896
"Fall_Webworm",29.045036,41.109203
"Fall_Webworm",29.092125,41.134287
"Fall_Webworm",8.45064,45.134946
"Fall_Webworm",39.983881,43.389015
"Fall_Webworm",38.509083,48.904674
"Fall_Webworm",38.509083,48.904674
"Fall_Webworm",38.509083,48.904674
"Fall_Webworm",38.509083,48.904674
"Fall_Webworm",38.509083,48.904674
"Fall_Webworm",38.509083,48.904674
"Fall_Webworm",38.509083,48.904674
"Fall_Webworm",38.509083,48.904674
"Fall_Webworm",38.509083,48.904674
"Fall_Webworm",11.472322,45.208317
"Fall_Webworm",10.436462,45.138329
"Fall_Webworm",29.036917,41.027417
"Fall_Webworm",39.88806,43.490068
"Fall_Webworm",39.885865,43.491367
"Fall_Webworm",8.703783,45.527737
"Fall_Webworm",11.68582,44.862062
"Fall_Webworm",20.136104,45.785677
"Fall_Webworm",20.136102,45.785685
"Fall_Webworm",8.311041,45.362022
"Fall_Webworm",118.787927,37.83294
"Fall_Webworm",118.955643,37.820661
"Fall_Webworm",117.014412,32.606762
"Fall_Webworm",8.648744,45.50772
"Fall_Webworm",128.481051,35.361315
"Fall_Webworm",126.922778,35.833889
"Fall_Webworm",126.688768,37.718772
"Fall_Webworm",127.106944,35.829722
"Fall_Webworm",127.111111,35.826111
"Fall_Webworm",128.444634,35.338758
"Fall_Webworm",128.6574,35.22751
"Fall_Webworm",128.4634,37.17637
"Fall_Webworm",128.7104,35.24294
"Fall_Webworm",128.9086,37.79194
"Fall_Webworm",128.8861,37.81972
"Fall_Webworm",128.4498,37.19717
"Fall_Webworm",127.3522,37.74267
"Fall_Webworm",128.3843,35.26907
"Fall_Webworm",128.6664,35.22249
"Fall_Webworm",128.3842,35.26905
"Fall_Webworm",128.3842,35.26907
"Fall_Webworm",127.1014,35.76834
"Fall_Webworm",128.3842,35.26902
"Fall_Webworm",128.287,37.30665
"Fall_Webworm",128.6236,35.21653
"Fall_Webworm",126.8773,35.52568
"Fall_Webworm",128.6637,35.22404
"Fall_Webworm",128.3418,35.33358
"Fall_Webworm",127.0633,35.87043
"Fall_Webworm",127.6083,35.63972
"Fall_Webworm",127.0644,35.86975
"Fall_Webworm",8.70827,45.524669
"Fall_Webworm",17.076559,47.707073
"Fall_Webworm",127.276599,37.977045
"Fall_Webworm",127.276599,37.977045
"Fall_Webworm",127.276599,37.977045
"Fall_Webworm",127.276599,37.977045
"Fall_Webworm",127.276599,37.977045
"Fall_Webworm",12.121905,44.114148
"Fall_Webworm",-0.7351,44.760938
"Fall_Webworm",137.984434,36.105977
"Fall_Webworm",137.984434,36.105977
"Fall_Webworm",127.074722,37.503333
"Fall_Webworm",127.073985,37.499617
"Fall_Webworm",127.832194,35.874874
"Fall_Webworm",126.818902,37.596808
"Fall_Webworm",127.072674,37.500539
"Fall_Webworm",127.074212,37.498438
"Fall_Webworm",126.698977,37.774462
"Fall_Webworm",127.074452,37.500357
"Fall_Webworm",127.074124,37.498129
"Fall_Webworm",127.1334,36.787819
"Fall_Webworm",20.145764,45.798539
"Fall_Webworm",127.1334,36.787819
"Fall_Webworm",123.42324,41.844158
"Fall_Webworm",24.703703,40.97562
"Fall_Webworm",24.798546,40.860306
"Fall_Webworm",24.798546,40.860306
"Fall_Webworm",27.524237,42.561249
"Fall_Webworm",8.54257,48.98027
"Fall_Webworm",27.524237,42.561249
"Fall_Webworm",128.585486,36.428039
"Fall_Webworm",128.054222,36.559972
"Fall_Webworm",128.857861,37.662694
"Fall_Webworm",126.729189,36.51535
"Fall_Webworm",126.720333,35.328806
"Fall_Webworm",126.452444,34.942972
"Fall_Webworm",126.588556,35.291389
"Fall_Webworm",126.048639,34.884694
"Fall_Webworm",126.436336,35.406258
"Fall_Webworm",126.368611,35.224722
"Fall_Webworm",128.308914,36.457014
"Fall_Webworm",127.0931,36.418592
"Fall_Webworm",126.563556,35.163222
"Fall_Webworm",126.276889,35.110444
"Fall_Webworm",126.701972,35.175917
"Fall_Webworm",126.1845,35.097611
"Fall_Webworm",126.625939,35.532447
"Fall_Webworm",128.308914,36.457014
"Fall_Webworm",127.048406,36.023344
"Fall_Webworm",126.476694,35.019667
"Fall_Webworm",126.163472,34.983917
"Fall_Webworm",126.305611,34.900361
"Fall_Webworm",11.955768,45.327565
"Fall_Webworm",135.801283,34.914887
"Fall_Webworm",32.887859,49.725679
"Fall_Webworm",9.866861,45.108788
"Fall_Webworm",8.61687,45.446775
"Fall_Webworm",126.685199,37.707778
"Fall_Webworm",127.477981,36.962222
"Fall_Webworm",128.489225,35.818575
"Fall_Webworm",128.488986,35.818387
"Fall_Webworm",128.488901,35.819555
"Fall_Webworm",127.060305,37.546566
"Fall_Webworm",127.06012,37.546288
"Fall_Webworm",127.060708,37.54677
"Fall_Webworm",128.388594,38.47675
"Fall_Webworm",127.058572,37.545569
"Fall_Webworm",128.668808,35.872553
"Fall_Webworm",128.488403,35.817823
"Fall_Webworm",128.48928,35.818661
"Fall_Webworm",127.0587,37.5455
"Fall_Webworm",127.031578,37.546937
"Fall_Webworm",127.036925,37.55125
"Fall_Webworm",127.027947,37.545322
"Fall_Webworm",126.947372,37.54555
"Fall_Webworm",127.049736,37.551722
"Fall_Webworm",127.045036,37.553714
"Fall_Webworm",127.10576,37.492481
"Fall_Webworm",127.044389,37.553531
"Fall_Webworm",127.041381,37.552983
"Fall_Webworm",127.041169,37.552978
"Fall_Webworm",127.054039,37.550803
"Fall_Webworm",127.053367,37.550925
"Fall_Webworm",127.049933,37.551711
"Fall_Webworm",128.487136,35.820494
"Fall_Webworm",127.058503,37.545392
"Fall_Webworm",127.058503,37.545497
"Fall_Webworm",127.057372,37.549808
"Fall_Webworm",127.057106,37.549897
"Fall_Webworm",127.055892,37.550167
"Fall_Webworm",127.055589,37.550347
"Fall_Webworm",127.055589,37.550381
"Fall_Webworm",127.025895,37.544303
"Fall_Webworm",128.48672,35.820541
"Fall_Webworm",127.044578,37.553483
"Fall_Webworm",127.477928,36.961004
"Fall_Webworm",127.05728,37.54623
"Fall_Webworm",127.05888,37.546842
"Fall_Webworm",128.490331,35.819629
"Fall_Webworm",127.105658,37.492565
"Fall_Webworm",128.489221,35.818603
"Fall_Webworm",127.105724,37.492405
"Fall_Webworm",127.059875,37.545689
"Fall_Webworm",127.058421,37.545481
"Fall_Webworm",126.934732,37.516668
"Fall_Webworm",127.069452,36.353495
"Fall_Webworm",127.06944,36.353485
"Fall_Webworm",126.180019,37.216742
"Fall_Webworm",128.48944,35.818385
"Fall_Webworm",126.955573,37.613556
"Fall_Webworm",126.669387,37.391542
"Fall_Webworm",126.670884,37.390574
"Fall_Webworm",126.96608,37.021443
"Fall_Webworm",126.669277,37.391598
"Fall_Webworm",128.40172,38.55977
"Fall_Webworm",127.058418,37.545328
"Fall_Webworm",126.981583,37.553413
"Fall_Webworm",25.716852,48.838898
"Fall_Webworm",26.080927,48.905201
"Fall_Webworm",25.725251,48.873084
"Fall_Webworm",39.246896,48.979103
"Fall_Webworm",24.752246,48.925352
"Fall_Webworm",34.619188,50.530685
"Fall_Webworm",32.120624,47.113527
"Fall_Webworm",28.470542,49.183173
"Fall_Webworm",35.468304,47.700893
"Fall_Webworm",37.929514,48.016489
"Fall_Webworm",33.179112,46.875227
"Fall_Webworm",36.227879,49.612559
"Fall_Webworm",32.030446,49.320969
"Fall_Webworm",26.120177,49.883507
"Fall_Webworm",26.124974,49.854389
"Fall_Webworm",26.029775,49.88182
"Fall_Webworm",25.989061,49.883293
"Fall_Webworm",25.615531,49.488588
"Fall_Webworm",25.75414,49.514206
"Fall_Webworm",26.159557,49.85086
"Fall_Webworm",25.489827,49.236663
"Fall_Webworm",25.968617,49.763317
"Fall_Webworm",25.989974,49.315499
"Fall_Webworm",25.986392,49.781691
"Fall_Webworm",27.058763,49.399997
"Fall_Webworm",25.61879,49.512678
"Fall_Webworm",25.973849,49.073439
"Fall_Webworm",25.538428,49.296196
"Fall_Webworm",29.53699,50.426289
"Fall_Webworm",26.056993,48.202052
"Fall_Webworm",26.599851,50.757262
"Fall_Webworm",34.965924,48.355905
"Fall_Webworm",25.844036,49.473126
"Fall_Webworm",26.127492,49.518589
"Fall_Webworm",25.694909,49.054684
"Fall_Webworm",24.933372,50.953917
"Fall_Webworm",24.795214,49.409643
"Fall_Webworm",25.984003,48.778918
"Fall_Webworm",22.540608,48.471764
"Fall_Webworm",25.857365,48.705048
"Fall_Webworm",127.138423,36.795003
"Fall_Webworm",127.133346,36.788
"Fall_Webworm",27.549297,47.101392
"Fall_Webworm",127.132971,36.788249
"Fall_Webworm",127.133142,36.788034
"Fall_Webworm",127.133142,36.788034
"Fall_Webworm",120.684806,36.359292
"Fall_Webworm",9.293898,45.603703
"Fall_Webworm",120.682133,36.362961
"Fall_Webworm",8.250355,45.674986
"Fall_Webworm",127.1334,36.787819
"Fall_Webworm",120.681844,36.362808
"Fall_Webworm",127.1334,36.787819
"Fall_Webworm",127.1334,36.787819
"Fall_Webworm",12.136374,45.250614
"Fall_Webworm",120.684083,36.359225
"Fall_Webworm",120.681213,36.350773
"Fall_Webworm",20.213179,46.45958
"Fall_Webworm",10.090328,45.305722
"Fall_Webworm",127.140009,36.789056
"Fall_Webworm",127.1334,36.787819
"Fall_Webworm",127.140009,36.789056
"Fall_Webworm",127.132928,36.788085
"Fall_Webworm",7.665667,44.794083
"Fall_Webworm",127.132735,36.787957
"Fall_Webworm",17.69812,46.36274
"Fall_Webworm",17.7004,46.36443
"Fall_Webworm",127.132735,36.787991
"Fall_Webworm",7.682699,44.417071
"Fall_Webworm",127.132735,36.787991
"Fall_Webworm",127.132735,36.787991
"Fall_Webworm",12.014367,45.288826
"Fall_Webworm",127.132735,36.787991
"Fall_Webworm",127.132735,36.787991
"Fall_Webworm",126.728008,37.364996
"Fall_Webworm",7.700678,44.499416
"Fall_Webworm",127.132735,36.787991
"Fall_Webworm",127.132735,36.787991
"Fall_Webworm",127.132735,36.787991
"Fall_Webworm",20.21335,46.46108
"Fall_Webworm",126.527807,36.324824
"Fall_Webworm",10.444225,45.144243
"Fall_Webworm",11.661125,44.901778
"Fall_Webworm",8.111717,45.483238
"Fall_Webworm",7.700678,44.499416
"Fall_Webworm",17.66539,46.43365
"Fall_Webworm",30.999747,50.637645
"Fall_Webworm",35.385107,45.054607
"Fall_Webworm",8.093108,45.471031
"Fall_Webworm",7.457677,44.678472
"Fall_Webworm",32.180992,49.615487
"Fall_Webworm",17.509352,46.655705
"Fall_Webworm",24.327822,50.861748
"Fall_Webworm",9.836344,45.248175
"Fall_Webworm",24.264193,50.853544
"Fall_Webworm",12.02122,45.292823
"Fall_Webworm",7.664927,44.792758
"Fall_Webworm",39.507259,51.239785
"Fall_Webworm",126.973152,36.763989
"Fall_Webworm",20.132866,45.373977
"Fall_Webworm",7.925875,45.542703
"Fall_Webworm",31.566841,50.207489
"Fall_Webworm",7.851383,45.201775
"Fall_Webworm",9.944373,45.32508
"Fall_Webworm",28.691264,50.266381
"Fall_Webworm",39.743621,43.575929
"Fall_Webworm",35.211697,47.680371
"Fall_Webworm",127.082379,37.515675
"Fall_Webworm",8.186986,45.522876
"Fall_Webworm",9.873672,45.783604
"Fall_Webworm",39.623875,43.660923
"Fall_Webworm",9.711237,45.397385
"Fall_Webworm",39.696802,43.63065
"Fall_Webworm",37.337525,44.898327
"Fall_Webworm",39.723864,43.618164
"Fall_Webworm",31.325148,50.301228
"Fall_Webworm",127.133142,36.788249
"Fall_Webworm",33.539114,44.605201
"Fall_Webworm",8.149065,45.510278
"Fall_Webworm",19.116137,42.355702
"Fall_Webworm",7.912239,45.083469
"Fall_Webworm",26.702691,45.169541
"Fall_Webworm",127.108851,37.520396
"Fall_Webworm",32.33596,51.369438
"Fall_Webworm",18.761022,47.05309
"Fall_Webworm",30.658169,46.466436
"Fall_Webworm",17.5094,46.65567
"Fall_Webworm",8.243725,45.68488
"Fall_Webworm",127.096178,37.521843
"Fall_Webworm",8.683648,45.57849
"Fall_Webworm",7.587416,44.980997
"Fall_Webworm",7.988032,45.42303
"Fall_Webworm",127.854063,35.667139
"Fall_Webworm",7.664927,44.792758
"Fall_Webworm",126.707396,37.398914
"Fall_Webworm",9.360408,45.717172
"Fall_Webworm",8.354372,45.569439
"Fall_Webworm",7.700678,44.499416
"Fall_Webworm",7.524845,44.723352
"Fall_Webworm",127.13325,36.788034
"Fall_Webworm",127.085348,37.518452
"Fall_Webworm",126.624955,37.647609
"Fall_Webworm",9.474581,45.668394
"Fall_Webworm",33.920668,50.053849
"Fall_Webworm",9.451398,45.689675
"Fall_Webworm",9.711608,45.404835
"Fall_Webworm",7.503386,44.952916
"Fall_Webworm",8.549692,45.73288
"Fall_Webworm",8.648689,45.053299
"Fall_Webworm",8.662181,45.749067
"Fall_Webworm",127.082469,37.515944
"Fall_Webworm",39.50727,51.239676
"Fall_Webworm",7.970857,45.313325
"Fall_Webworm",7.377562,45.141365
"Fall_Webworm",8.145678,45.547802
"Fall_Webworm",11.60935,44.811087
"Fall_Webworm",34.495921,49.83999
"Fall_Webworm",31.07885,50.369385
"Fall_Webworm",8.786738,45.618795
"Fall_Webworm",8.219333,45.539458
"Fall_Webworm",9.474379,45.668082
"Fall_Webworm",24.453979,50.810736
"Fall_Webworm",127.094694,37.521186
"Fall_Webworm",41.590935,42.889515
"Fall_Webworm",8.734118,45.570984
"Fall_Webworm",8.127525,45.571592
"Fall_Webworm",127.124521,35.849695
"Fall_Webworm",9.289192,45.600197
"Fall_Webworm",8.282952,45.609757
"Fall_Webworm",9.217142,45.575366
"Fall_Webworm",8.490338,45.69229
"Fall_Webworm",7.664927,44.792758
"Fall_Webworm",7.419485,44.932556
"Fall_Webworm",8.688738,45.570659
"Fall_Webworm",29.038904,41.079902
"Fall_Webworm",11.991133,45.134982
"Fall_Webworm",8.648757,45.053257
"Fall_Webworm",17.673815,46.730514
"Fall_Webworm",8.541559,45.453459
"Fall_Webworm",127.1334,36.787819
"Fall_Webworm",127.1334,36.787819
"Fall_Webworm",8.944312,45.780104
"Fall_Webworm",127.1334,36.787819
"Fall_Webworm",127.1334,36.787819
"Fall_Webworm",36.261675,45.053835
"Fall_Webworm",7.90297,45.405036
"Fall_Webworm",7.63463,44.842518
"Fall_Webworm",37.133139,45.347847
"Fall_Webworm",127.1334,36.787819
"Fall_Webworm",126.284679,36.77488
"Fall_Webworm",7.370449,44.851304
"Fall_Webworm",8.968281,45.213458
"Fall_Webworm",9.096859,45.563472
"Fall_Webworm",8.722739,45.857895
"Fall_Webworm",126.967828,37.220075
"Fall_Webworm",116.475158,39.798712
"Fall_Webworm",127.1334,36.787819
"Fall_Webworm",11.512795,45.152198
"Fall_Webworm",10.512994,44.861931
"Fall_Webworm",8.751528,44.919422
"Fall_Webworm",31.021727,48.004058
"Fall_Webworm",8.786438,45.709181
"Fall_Webworm",7.596578,44.993087
"Fall_Webworm",10.819595,45.304413
"Fall_Webworm",127.1334,36.787819
"Fall_Webworm",126.410131,34.790508
"Fall_Webworm",127.1334,36.787819
"Fall_Webworm",7.488994,44.770178
"Fall_Webworm",7.608638,44.932935
"Fall_Webworm",8.607445,45.067739
"Fall_Webworm",10.234783,45.058022
"Fall_Webworm",127.084433,37.945294
"Fall_Webworm",41.091453,42.914384
"Fall_Webworm",35.046183,48.464717
"Fall_Webworm",20.427605,44.83967
"Fall_Webworm",9.164315,45.198807
"Fall_Webworm",9.014983,45.563365
"Fall_Webworm",127.1334,36.787819
"Fall_Webworm",127.030139,36.73993
"Fall_Webworm",8.7161,45.578519
"Fall_Webworm",127.1334,36.787819
"Fall_Webworm",9.207481,45.541931
"Fall_Webworm",127.1334,36.787819
"Fall_Webworm",127.1334,36.787819
"Fall_Webworm",11.715217,45.437919
"Fall_Webworm",8.982042,45.518299
"Fall_Webworm",18.62732,46.14931
"Fall_Webworm",10.80209,45.16128
"Fall_Webworm",126.986017,37.013522
"Fall_Webworm",40.315312,43.171917
"Fall_Webworm",9.110028,45.367322
"Fall_Webworm",29.050186,41.082061
"Fall_Webworm",127.084314,37.516819
"Fall_Webworm",39.951267,43.4174
"Fall_Webworm",41.746173,41.766917
"Fall_Webworm",126.95852,36.94738
"Fall_Webworm",11.623959,45.460451
"Fall_Webworm",40.023186,43.390708
"Fall_Webworm",8.643611,45.508217
"Fall_Webworm",34.484083,49.483708
"Fall_Webworm",8.223375,45.160872
"Fall_Webworm",34.497521,49.602207
"Fall_Webworm",34.497311,49.600944
"Fall_Webworm",12.014141,45.288949
"Fall_Webworm",34.496545,49.600254
"Fall_Webworm",34.496458,49.600287
"Fall_Webworm",34.510507,49.59941
"Fall_Webworm",34.496426,49.600306
"Fall_Webworm",34.496528,49.600242
"Fall_Webworm",11.51286,45.151223
"Fall_Webworm",34.496393,49.60031
"Fall_Webworm",127.072564,37.527863
"Fall_Webworm",32.036613,46.947305
"Fall_Webworm",9.937335,45.32336
"Fall_Webworm",16.49366,46.92851
"Fall_Webworm",16.49366,46.92851
"Fall_Webworm",9.315651,45.153883
"Fall_Webworm",32.374783,49.496497
"Fall_Webworm",9.068328,45.514983
"Fall_Webworm",8.944566,45.531602
"Fall_Webworm",10.218759,45.366312
"Fall_Webworm",74.671,42.63
"Fall_Webworm",21.31458,48.02354
"Fall_Webworm",35.089961,48.517647
"Fall_Webworm",7.676227,44.502684
"Fall_Webworm",8.862292,45.34718
"Fall_Webworm",17.06592,47.718402
"Fall_Webworm",30.320727,50.177432
"Fall_Webworm",27.474208,42.511641
"Fall_Webworm",8.707922,45.633741
"Fall_Webworm",44.792397,48.849041
"Fall_Webworm",32.98956,48.969151
"Fall_Webworm",127.227794,36.678042
"Fall_Webworm",127.132971,36.788051
"Fall_Webworm",8.39588,45.44297
"Fall_Webworm",127.132971,36.788051
"Fall_Webworm",127.132971,36.788051
"Fall_Webworm",127.094722,37.520833
"Fall_Webworm",127.132971,36.788051
"Fall_Webworm",127.132971,36.788051
"Fall_Webworm",127.132971,36.788051
"Fall_Webworm",127.132971,36.788051
"Fall_Webworm",127.040206,37.541388
"Fall_Webworm",127.132971,36.788051
"Fall_Webworm",127.132971,36.788051
"Fall_Webworm",127.132971,36.788051
"Fall_Webworm",49.954634,37.243791
"Fall_Webworm",10.776867,45.183117
"Fall_Webworm",19.21009,47.29662
"Fall_Webworm",19.45216,46.46133
"Fall_Webworm",20.40295,47.81221
"Fall_Webworm",19.44328,46.49595
"Fall_Webworm",21.34173,47.61453
"Fall_Webworm",19.97679,46.26613
"Fall_Webworm",21.37255,47.9887
"Fall_Webworm",19.41168,47.4093
"Fall_Webworm",19.89796,47.38994
"Fall_Webworm",21.16372,47.43909
"Fall_Webworm",17.5347,47.60241
"Fall_Webworm",22.34286,47.89675
"Fall_Webworm",17.67453,46.32374
"Fall_Webworm",18.77121,47.05441
"Fall_Webworm",21.32997,48.11758
"Fall_Webworm",18.14146,45.92287
"Fall_Webworm",21.70973,47.7229
"Fall_Webworm",19.21042,47.29598
"Fall_Webworm",21.16373,47.43915
"Fall_Webworm",18.37021,46.28019
"Fall_Webworm",19.26989,47.35418
"Fall_Webworm",19.99717,46.86003
"Fall_Webworm",19.99441,46.84454
"Fall_Webworm",21.32121,47.61349
"Fall_Webworm",17.13401,47.66726
"Fall_Webworm",19.75035,46.9252
"Fall_Webworm",18.20869,46.40149
"Fall_Webworm",18.63889,46.14028
"Fall_Webworm",21.27162,46.70481
"Fall_Webworm",17.38305,46.67598
"Fall_Webworm",21.27251,46.70512
"Fall_Webworm",19.33989,47.36814
"Fall_Webworm",19.445,46.37632
"Fall_Webworm",17.48306,46.69618
"Fall_Webworm",19.2495,47.51157
"Fall_Webworm",20.2312,46.22058
"Fall_Webworm",19.24592,47.51172
"Fall_Webworm",18.41912,47.16775
"Fall_Webworm",21.71038,47.72322
"Fall_Webworm",17.48672,46.69779
"Fall_Webworm",17.56955,46.10916
"Fall_Webworm",17.47777,46.7006
"Fall_Webworm",21.37196,47.98941
"Fall_Webworm",20.04649,46.34111
"Fall_Webworm",19.71222,46.91833
"Fall_Webworm",17.96171,47.01729
"Fall_Webworm",17.25452,46.48902
"Fall_Webworm",18.62472,46.34148
"Fall_Webworm",18.56107,46.37578
"Fall_Webworm",21.66906,47.61294
"Fall_Webworm",22.74316,48.23415
"Fall_Webworm",21.67278,47.71097
"Fall_Webworm",19.79537,47.33689
"Fall_Webworm",18.77078,47.05468
"Fall_Webworm",20.19286,46.42398
"Fall_Webworm",20.20872,46.41914
"Fall_Webworm",18.42233,45.82425
"Fall_Webworm",17.73984,47.70315
"Fall_Webworm",17.47057,46.69482
"Fall_Webworm",18.35123,46.54534
"Fall_Webworm",19.59109,47.79381
"Fall_Webworm",20.98408,46.35801
"Fall_Webworm",18.11636,46.13661
"Fall_Webworm",18.37748,46.27396
"Fall_Webworm",18.37748,46.27396
"Fall_Webworm",20.32538,46.23417
"Fall_Webworm",18.75852,47.06737
"Fall_Webworm",17.21585,47.55344
"Fall_Webworm",17.53469,47.60237
"Fall_Webworm",19.41392,46.47437
"Fall_Webworm",21.71012,47.72303
"Fall_Webworm",19.56277,46.47357
"Fall_Webworm",21.34747,48.02359
"Fall_Webworm",19.976,46.26591
"Fall_Webworm",17.0781,46.8937
"Fall_Webworm",17.53466,47.60237
"Fall_Webworm",18.12281,47.15851
"Fall_Webworm",22.34277,47.89692
"Fall_Webworm",19.35886,46.3504
"Fall_Webworm",21.38466,47.47989
"Fall_Webworm",19.58061,47.48916
"Fall_Webworm",18.37021,46.28019
"Fall_Webworm",18.37087,46.28056
"Fall_Webworm",17.78407,46.38303
"Fall_Webworm",19.98044,46.46948
"Fall_Webworm",18.27211,47.69419
"Fall_Webworm",20.16227,46.17492
"Fall_Webworm",16.49493,46.9285
"Fall_Webworm",18.96052,46.83832
"Fall_Webworm",19.6004,47.60771
"Fall_Webworm",20.15912,46.23179
"Fall_Webworm",19.97679,46.26613
"Fall_Webworm",19.91102,47.47528
"Fall_Webworm",19.5794,46.47934
"Fall_Webworm",17.96167,47.01723
"Fall_Webworm",17.48694,46.69071
"Fall_Webworm",18.14529,46.38287
"Fall_Webworm",18.87026,47.14799
"Fall_Webworm",18.39067,46.66519
"Fall_Webworm",18.22525,47.60981
"Fall_Webworm",21.3212,47.61353
"Fall_Webworm",18.99343,47.50623
"Fall_Webworm",19.81074,46.3362
"Fall_Webworm",18.9802,47.48991
"Fall_Webworm",21.37238,47.98952
"Fall_Webworm",17.48527,46.69532
"Fall_Webworm",17.53469,47.60234
"Fall_Webworm",19.24596,47.5117
"Fall_Webworm",21.67278,47.71097
"Fall_Webworm",20.13064,46.33504
"Fall_Webworm",21.31003,46.64258
"Fall_Webworm",18.27214,47.69477
"Fall_Webworm",18.63917,46.13889
"Fall_Webworm",19.55616,47.62565
"Fall_Webworm",19.97679,46.26613
"Fall_Webworm",17.54262,46.84419
"Fall_Webworm",20.84106,43.67582
"Fall_Webworm",17.54127,46.8425
"Fall_Webworm",17.5347,47.60235
"Fall_Webworm",18.95192,47.0295
"Fall_Webworm",18.40714,47.16983
"Fall_Webworm",19.35024,47.59614
"Fall_Webworm",18.37748,46.27396
"Fall_Webworm",17.48009,47.32101
"Fall_Webworm",19.2101,47.29657
"Fall_Webworm",18.35079,46.54596
"Fall_Webworm",17.30136,46.69498
"Fall_Webworm",18.35101,46.5459
"Fall_Webworm",20.13049,46.33496
"Fall_Webworm",20.13049,46.33496
"Fall_Webworm",20.12963,46.33481
"Fall_Webworm",20.17981,46.20614
"Fall_Webworm",19.39781,46.87534
"Fall_Webworm",17.13387,47.66725
"Fall_Webworm",21.28061,47.33533
"Fall_Webworm",17.82325,46.39886
"Fall_Webworm",19.17971,47.53031
"Fall_Webworm",17.58935,46.4202
"Fall_Webworm",18.14461,45.92528
"Fall_Webworm",19.97688,46.26628
"Fall_Webworm",19.97688,46.26628
"Fall_Webworm",21.47973,47.39313
"Fall_Webworm",21.71583,47.72306
"Fall_Webworm",21.71035,47.72343
"Fall_Webworm",21.66917,47.61302
"Fall_Webworm",17.39632,46.68214
"Fall_Webworm",19.4706,46.42858
"Fall_Webworm",18.37748,46.27396
"Fall_Webworm",20.01139,46.86558
"Fall_Webworm",19.69238,47.69212
"Fall_Webworm",19.24595,47.51178
"Fall_Webworm",18.14529,46.38287
"Fall_Webworm",18.45194,46.03944
"Fall_Webworm",20.13066,46.94051
"Fall_Webworm",19.99143,46.84957
"Fall_Webworm",21.32107,47.61357
"Fall_Webworm",20.32516,46.23436
"Fall_Webworm",20.73823,48.45951
"Fall_Webworm",21.71017,47.72305
"Fall_Webworm",18.14014,46.38154
"Fall_Webworm",18.16747,45.7791
"Fall_Webworm",18.39067,46.66519
"Fall_Webworm",17.81735,46.40057
"Fall_Webworm",21.66917,47.61301
"Fall_Webworm",18.14529,46.38287
"Fall_Webworm",18.14529,46.38287
"Fall_Webworm",18.14529,46.38287
"Fall_Webworm",18.14529,46.38287
"Fall_Webworm",18.14529,46.38287
"Fall_Webworm",21.19815,46.68731
"Fall_Webworm",19.68524,46.33169
"Fall_Webworm",19.58061,47.48916
"Fall_Webworm",18.41912,47.16775
"Fall_Webworm",21.71055,47.72348
"Fall_Webworm",21.66917,47.61301
"Fall_Webworm",20.16183,46.17205
"Fall_Webworm",21.08561,48.04687
"Fall_Webworm",19.97679,46.26613
"Fall_Webworm",20.01586,46.23925
"Fall_Webworm",20.22834,46.43682
"Fall_Webworm",18.77103,47.054
"Fall_Webworm",19.67174,47.66351
"Fall_Webworm",20.48513,46.87171
"Fall_Webworm",18.00182,47.05635
"Fall_Webworm",19.60039,47.45002
"Fall_Webworm",21.71024,47.7231
"Fall_Webworm",20.01509,46.23888
"Fall_Webworm",17.70078,46.36347
"Fall_Webworm",17.53473,47.60241
"Fall_Webworm",21.67278,47.71097
"Fall_Webworm",21.16365,47.43915
"Fall_Webworm",19.98996,46.24279
"Fall_Webworm",20.21575,46.40055
"Fall_Webworm",18.43209,46.26844
"Fall_Webworm",18.04623,45.90595
"Fall_Webworm",18.35123,46.54534
"Fall_Webworm",19.59109,47.79381
"Fall_Webworm",18.82201,47.15452
"Fall_Webworm",21.14101,46.78501
"Fall_Webworm",19.41224,46.90678
"Fall_Webworm",9.22583,46.37478
"Fall_Webworm",8.88896,45.92974
"Fall_Webworm",8.9534,45.92889
"Fall_Webworm",8.95092,45.83895
"Fall_Webworm",127.128449,36.800881
"Fall_Webworm",32.5036,50.3069
"Fall_Webworm",34.938288,48.562685
"Fall_Webworm",11.882103,45.429031
"Fall_Webworm",18.771033,47.05396
"Fall_Webworm",127.1334,36.787819
"Fall_Webworm",34.938288,48.562685
"Fall_Webworm",34.938288,48.562685
"Fall_Webworm",34.938288,48.562685
"Fall_Webworm",25.963695,44.798572
"Fall_Webworm",34.938288,48.562685
"Fall_Webworm",31.16646,50.254227
"Fall_Webworm",127.081389,37.515278
"Fall_Webworm",34.938288,48.562685
"Fall_Webworm",34.938288,48.562685
"Fall_Webworm",34.938288,48.562685
"Fall_Webworm",34.938288,48.562685
"Fall_Webworm",127.370406,36.373669
"Fall_Webworm",127.1334,36.787819
"Fall_Webworm",30.648702,41.075735
"Fall_Webworm",34.938288,48.562685
"Fall_Webworm",34.938288,48.562685
"Fall_Webworm",8.721516,45.745996
"Fall_Webworm",34.938288,48.562685
"Fall_Webworm",39.166226,45.05621
"Fall_Webworm",8.210191,44.896304
"Fall_Webworm",8.825432,45.429383
"Fall_Webworm",8.818859,45.99653
"Fall_Webworm",30.783219,46.585248
"Fall_Webworm",33.539029,44.642253
"Fall_Webworm",27.47286,42.497128
"Fall_Webworm",7.608645,44.932889
"Fall_Webworm",7.657199,44.857053
"Fall_Webworm",7.608647,44.932889
"Fall_Webworm",34.387104,48.565037
"Fall_Webworm",7.608683,44.932878
"Fall_Webworm",10.436362,45.138278
"Fall_Webworm",10.43669,45.137942
"Fall_Webworm",24.7488,42.143
"Fall_Webworm",24.7488,42.143
"Fall_Webworm",24.7488,42.143
"Fall_Webworm",24.7488,42.143
"Fall_Webworm",19.4089,51.0185
"Fall_Webworm",24.7488,42.143
"Fall_Webworm",24.7488,42.143
"Fall_Webworm",30.32083,50.177362
"Fall_Webworm",8.826722,45.317165
"Fall_Webworm",28.658724,50.278492
"Fall_Webworm",31.907791,47.628799
"Fall_Webworm",12.132462,45.299676
"Fall_Webworm",31.907755,47.628807
"Fall_Webworm",127.041944,36.983158
"Fall_Webworm",127.1334,36.787819
"Fall_Webworm",127.1334,36.787819
"Fall_Webworm",127.1334,36.787819
"Fall_Webworm",127.1334,36.787819
"Fall_Webworm",127.129557,35.918028
"Fall_Webworm",127.1334,36.787819
"Fall_Webworm",30.783312,46.585195
"Fall_Webworm",127.1334,36.787819
"Fall_Webworm",128.610797,38.181829
"Fall_Webworm",127.1334,36.787819
"Fall_Webworm",126.66537,36.703974
"Fall_Webworm",126.799513,35.155372
"Fall_Webworm",127.1334,36.787819
"Fall_Webworm",127.0775,37.516667
"Fall_Webworm",126.958559,37.521805
"Fall_Webworm",126.977969,37.56687
"Fall_Webworm",127.1334,36.787819
"Fall_Webworm",127.1334,36.787819
"Fall_Webworm",127.1334,36.787819
"Fall_Webworm",127.912131,35.675193
"Fall_Webworm",128.610459,38.181972
"Fall_Webworm",126.953979,37.524483
"Fall_Webworm",126.830467,37.593761
"Fall_Webworm",127.1334,36.787819
"Fall_Webworm",127.1334,36.787819
"Fall_Webworm",17.784041,46.382953
"Fall_Webworm",127.1334,36.787819
"Fall_Webworm",126.73354,37.665649
"Fall_Webworm",127.1334,36.787819
"Fall_Webworm",127.1334,36.787819
"Fall_Webworm",12.232058,44.883286
"Fall_Webworm",127.1334,36.787819
"Fall_Webworm",127.1334,36.787819
"Fall_Webworm",127.1334,36.787819
"Fall_Webworm",128.613902,38.180434
"Fall_Webworm",127.1334,36.787819
"Fall_Webworm",127.1334,36.787819
"Fall_Webworm",127.082222,37.5175
"Fall_Webworm",47.236816,43.00366
"Fall_Webworm",128.613856,38.180555
"Fall_Webworm",128.613071,38.179783
"Fall_Webworm",127.1334,36.787819
"Fall_Webworm",127.1334,36.787819
"Fall_Webworm",127.1334,36.787819
"Fall_Webworm",127.1334,36.787819
"Fall_Webworm",127.1334,36.787819
"Fall_Webworm",128.613293,38.180297
"Fall_Webworm",127.1334,36.787819
"Fall_Webworm",127.1334,36.787819
"Fall_Webworm",33.50961,44.505563
"Fall_Webworm",127.1334,36.787819
"Fall_Webworm",127.1334,36.787819
"Fall_Webworm",127.1334,36.787819
"Fall_Webworm",8.469378,45.438186
"Fall_Webworm",127.1334,36.787819
"Fall_Webworm",127.1334,36.787819
"Fall_Webworm",127.1334,36.787819
"Fall_Webworm",127.1334,36.787819
"Fall_Webworm",127.1334,36.787819
"Fall_Webworm",127.1334,36.787819
"Fall_Webworm",127.1334,36.787819
"Fall_Webworm",127.1334,36.787819
"Fall_Webworm",127.1334,36.787819
"Fall_Webworm",127.1334,36.787819
"Fall_Webworm",127.127024,36.802709
"Fall_Webworm",36.696735,45.21852
"Fall_Webworm",127.1334,36.787819
"Fall_Webworm",127.1334,36.787819
"Fall_Webworm",127.1334,36.787819
"Fall_Webworm",34.1643,50.7441
"Fall_Webworm",34.938288,48.562685
"Fall_Webworm",34.938288,48.562685
"Fall_Webworm",9.262805,45.547927
"Fall_Webworm",9.091944,45.485
"Fall_Webworm",9.091944,45.485
"Fall_Webworm",24.804175,42.371225
"Fall_Webworm",9.196475,45.528298
"Fall_Webworm",9.089616,45.483956
"Fall_Webworm",9.196475,45.528298
"Fall_Webworm",9.138365,45.538433
"Fall_Webworm",9.210851,45.532236
"Fall_Webworm",9.28527,45.605141
"Fall_Webworm",34.938288,48.562685
"Fall_Webworm",34.938288,48.562685
"Fall_Webworm",34.938288,48.562685
"Fall_Webworm",34.938288,48.562685
"Fall_Webworm",34.938288,48.562685
"Fall_Webworm",8.857082,45.37276
"Fall_Webworm",10.653862,44.681736
"Fall_Webworm",30.779906,46.571781
"Fall_Webworm",10.596556,44.918614
"Fall_Webworm",116.358,39.92
"Fall_Webworm",16.984719,47.668654
"Fall_Webworm",126.995383,37.547927
"Fall_Webworm",25.533137,44.405419
"Fall_Webworm",-1.04853,45.39862
"Fall_Webworm",39.7158,43.606937
"Fall_Webworm",38.123483,50.174027
"Fall_Webworm",38.123483,50.174027
"Fall_Webworm",26.0743,49.3965
"Fall_Webworm",25.94635,50.764462
"Fall_Webworm",7.487925,44.926074
"Fall_Webworm",26.1242,49.3223
"Fall_Webworm",9.259013,45.498979
"Fall_Webworm",120.703322,36.357412
"Fall_Webworm",8.739966,45.563753
"Fall_Webworm",27.615963,46.73788
"Fall_Webworm",126.284947,36.77525
"Fall_Webworm",127.133207,36.787948
"Fall_Webworm",127.130091,36.83242
"Fall_Webworm",8.64373,45.50771
"Fall_Webworm",127.128443,36.78165
"Fall_Webworm",27.869094,47.774825
"Fall_Webworm",122.169538,37.502097
"Fall_Webworm",113.867379,35.363695
"Fall_Webworm",127.1334,36.787819
"Fall_Webworm",127.13311,36.78781
"Fall_Webworm",39.744042,43.57585
"Fall_Webworm",127.132316,36.787776
"Fall_Webworm",127.132949,36.787836
"Fall_Webworm",127.133099,36.788008
"Fall_Webworm",127.132874,36.787879
"Fall_Webworm",7.664927,44.792758
"Fall_Webworm",126.992257,37.546693
"Fall_Webworm",139.608138,35.850123
"Fall_Webworm",127.130643,36.783127
"Fall_Webworm",127.128443,36.78165
"Fall_Webworm",116.359,39.985023
"Fall_Webworm",20.248701,44.909861
"Fall_Webworm",9.161014,45.569348
"Fall_Webworm",127.128443,36.78165
"Fall_Webworm",116.462494,39.869381
"Fall_Webworm",127.130643,36.783127
"Fall_Webworm",118.740245,36.937402
"Fall_Webworm",127.042177,36.963885
"Fall_Webworm",127.139839,36.788989
"Fall_Webworm",126.445315,36.747803
"Fall_Webworm",15.746219,45.529911
"Fall_Webworm",25.276649,50.912408
"Fall_Webworm",9.108313,45.126208
"Fall_Webworm",20.136631,45.787489
"Fall_Webworm",16.773955,48.854989
"Fall_Webworm",30.16185,40.735481
"Fall_Webworm",127.133625,36.788051
"Fall_Webworm",120.68298,36.36279
"Fall_Webworm",27.165919,44.425329
"Fall_Webworm",9.087308,45.195875
"Fall_Webworm",116.392128,40.010395
"Fall_Webworm",116.448983,39.93566
"Fall_Webworm",10.234783,45.058022
"Fall_Webworm",9.626166,45.266222
"Fall_Webworm",126.691126,37.713176
"Fall_Webworm",120.68015,36.365297
"Fall_Webworm",127.130643,36.783127
"Fall_Webworm",39.87688,43.530242
"Fall_Webworm",30.6418,40.628196
"Fall_Webworm",137.091984,35.277664
"Fall_Webworm",29.032738,41.132754
"Fall_Webworm",116.474625,40.000831
"Fall_Webworm",10.234783,45.058022
"Fall_Webworm",127.123272,36.725638
"Fall_Webworm",28.659514,44.388341
"Fall_Webworm",9.711145,45.397045
"Fall_Webworm",120.684784,36.356323
"Fall_Webworm",39.037682,45.015752
"Fall_Webworm",126.73324,37.368103
"Fall_Webworm",127.133099,36.788008
"Fall_Webworm",116.359244,39.98546
"Fall_Webworm",127.133099,36.788008
"Fall_Webworm",127.132874,36.787879
"Fall_Webworm",37.978763,44.578333
"Fall_Webworm",126.523878,36.718997
"Fall_Webworm",9.107602,45.157902
"Fall_Webworm",10.436253,45.138166
"Fall_Webworm",127.138551,36.795346
"Fall_Webworm",126.446335,36.747583
"Fall_Webworm",115.962417,39.092336
"Fall_Webworm",10.859046,45.312425
"Fall_Webworm",115.824819,39.076961
"Fall_Webworm",9.659998,45.515424
"Fall_Webworm",8.98279,45.276411
"Fall_Webworm",127.09746,36.799857
"Fall_Webworm",120.447914,36.224297
"Fall_Webworm",126.422606,36.752116
"Fall_Webworm",10.538302,45.117802
"Fall_Webworm",32.533661,46.075813
"Fall_Webworm",127.130643,36.783127
"Fall_Webworm",116.229553,39.814433
"Fall_Webworm",30.379562,52.367218
"Fall_Webworm",126.462283,36.784809
"Fall_Webworm",12.287278,45.52103
"Fall_Webworm",140.708603,38.045083
"Fall_Webworm",39.674331,45.199413
"Fall_Webworm",122.413288,37.343672
"Fall_Webworm",10.389147,45.155036
"Fall_Webworm",139.69273,36.258507
"Fall_Webworm",127.132515,36.787793
"Fall_Webworm",126.742958,37.515591
"Fall_Webworm",126.684866,37.707588
"Fall_Webworm",127.133175,36.787553
"Fall_Webworm",122.386449,37.337993
"Fall_Webworm",8.266955,45.230701
"Fall_Webworm",127.130643,36.783127
"Fall_Webworm",127.128443,36.78165
"Fall_Webworm",10.276243,45.418942
"Fall_Webworm",127.132874,36.787879
"Fall_Webworm",127.130643,36.783127
"Fall_Webworm",37.787796,44.690508
"Fall_Webworm",38.655692,44.844931
"Fall_Webworm",127.1334,36.787819
"Fall_Webworm",9.275025,45.432267
"Fall_Webworm",127.132316,36.787776
"Fall_Webworm",127.128443,36.78165
"Fall_Webworm",113.64479,34.920053
"Fall_Webworm",8.948392,45.43927
"Fall_Webworm",139.408654,35.948143
"Fall_Webworm",10.271654,43.780406
"Fall_Webworm",127.128443,36.78165
"Fall_Webworm",9.637955,45.36741
"Fall_Webworm",10.234783,45.058022
"Fall_Webworm",27.466521,42.444103
"Fall_Webworm",9.695271,45.400974
"Fall_Webworm",127.13303,36.788034
"Fall_Webworm",127.132515,36.787793
"Fall_Webworm",127.134607,36.788506
"Fall_Webworm",9.636833,45.182837
"Fall_Webworm",117.143468,40.515317
"Fall_Webworm",127.502814,36.673363
"Fall_Webworm",120.683161,36.362231
"Fall_Webworm",25.276369,50.912244
"Fall_Webworm",9.181636,45.426254
"Fall_Webworm",140.458123,35.960867
"Fall_Webworm",30.163195,40.733189
"Fall_Webworm",33.526924,44.61062
"Fall_Webworm",117.290842,40.072185
"Fall_Webworm",116.505226,40.067951
"Fall_Webworm",8.964124,45.814386
"Fall_Webworm",34.286423,45.420613
"Fall_Webworm",35.642207,51.669061
"Fall_Webworm",7.607906,44.820183
"Fall_Webworm",29.198146,41.109798
"Fall_Webworm",127.110119,36.801589
"Fall_Webworm",34.765175,45.463799
"Fall_Webworm",38.252369,44.41358
"Fall_Webworm",7.700678,44.499416
"Fall_Webworm",9.150924,45.206002
"Fall_Webworm",127.138938,36.795243
"Fall_Webworm",126.445482,36.74795
"Fall_Webworm",120.685632,36.358419
"Fall_Webworm",126.421682,36.757256
"Fall_Webworm",8.238638,45.644896
"Fall_Webworm",127.13311,36.78781
"Fall_Webworm",10.389489,45.143939
"Fall_Webworm",28.728747,40.996235
"Fall_Webworm",27.926126,47.754623
"Fall_Webworm",39.877176,43.535241
"Fall_Webworm",9.05528,45.581969
"Fall_Webworm",39.054192,44.99397
"Fall_Webworm",12.067976,44.728449
"Fall_Webworm",43.408016,44.111225
"Fall_Webworm",127.133099,36.788008
"Fall_Webworm",127.1334,36.787819
"Fall_Webworm",27.782156,45.592422
"Fall_Webworm",127.128443,36.78165
"Fall_Webworm",127.133625,36.788051
"Fall_Webworm",139.489719,36.089642
"Fall_Webworm",10.389222,45.144356
"Fall_Webworm",127.225466,36.354713
"Fall_Webworm",10.149582,45.277323
"Fall_Webworm",120.525513,36.101131
"Fall_Webworm",117.290785,40.072248
"Fall_Webworm",117.290852,40.072517
"Fall_Webworm",120.68336,36.361173
"Fall_Webworm",126.47062,36.776725
"Fall_Webworm",137.212936,36.710208
"Fall_Webworm",8.934854,45.259626
"Fall_Webworm",120.54776,36.115931
"Fall_Webworm",38.252521,44.414055
"Fall_Webworm",10.234783,45.058022
"Fall_Webworm",10.21785,45.368021
"Fall_Webworm",35.025635,48.518477
"Fall_Webworm",19.530973,45.647109
"Fall_Webworm",7.664927,44.792758
"Fall_Webworm",127.132949,36.787836
"Fall_Webworm",38.812267,45.007958
"Fall_Webworm",127.133099,36.788008
"Fall_Webworm",115.603633,37.626376
"Fall_Webworm",140.458123,35.960867
"Fall_Webworm",120.684804,36.356311
"Fall_Webworm",37.860792,51.308153
"Fall_Webworm",39.656235,43.661278
"Fall_Webworm",138.206222,36.408257
"Fall_Webworm",137.091984,35.277664
"Fall_Webworm",127.165293,36.71246
"Fall_Webworm",7.700678,44.499416
"Fall_Webworm",7.738499,44.424248
"Fall_Webworm",127.1334,36.787819
"Fall_Webworm",33.357263,46.787073
"Fall_Webworm",10.559068,45.116112
"Fall_Webworm",127.119262,36.796394
"Fall_Webworm",127.408505,36.798747
"Fall_Webworm",8.188719,45.522177
"Fall_Webworm",8.718929,45.526902
"Fall_Webworm",30.544258,46.330691
"Fall_Webworm",35.600842,51.067947
"Fall_Webworm",33.584274,44.732159
"Fall_Webworm",10.44464,45.121802
"Fall_Webworm",7.587978,45.07346
"Fall_Webworm",127.132874,36.787879
"Fall_Webworm",39.737294,47.231139
"Fall_Webworm",127.128443,36.78165
"Fall_Webworm",37.776607,44.720093
"Fall_Webworm",126.597658,34.978961
"Fall_Webworm",8.428739,45.777872
"Fall_Webworm",127.128443,36.78165
"Fall_Webworm",29.025986,41.104641
"Fall_Webworm",18.564595,47.174835
"Fall_Webworm",116.359041,39.985082
"Fall_Webworm",8.877763,45.689625
"Fall_Webworm",126.727889,37.364985
"Fall_Webworm",39.736607,43.607391
"Fall_Webworm",127.133207,36.787948
"Fall_Webworm",8.642905,45.640598
"Fall_Webworm",38.68738,44.322903
"Fall_Webworm",37.978787,44.578331
"Fall_Webworm",121.6147,38.913874
"Fall_Webworm",12.111272,45.453097
"Fall_Webworm",126.736629,35.967482
"Fall_Webworm",36.704045,45.207795
"Fall_Webworm",127.132874,36.787879
"Fall_Webworm",127.128443,36.78165
"Fall_Webworm",9.276761,45.599382
"Fall_Webworm",127.133625,36.788051
"Fall_Webworm",27.868961,47.774378
"Fall_Webworm",10.443818,45.123877
"Fall_Webworm",127.1334,36.787819
"Fall_Webworm",9.097745,45.560362
"Fall_Webworm",10.389428,45.144333
"Fall_Webworm",127.132874,36.787879
"Fall_Webworm",127.133625,36.788051
"Fall_Webworm",29.020703,41.101208
"Fall_Webworm",127.13326,36.788008
"Fall_Webworm",9.163412,45.1862
"Fall_Webworm",48.556477,41.866723
"Fall_Webworm",127.130454,36.832472
"Fall_Webworm",127.132949,36.787836
"Fall_Webworm",127.1334,36.787819
"Fall_Webworm",127.211478,36.793975
"Fall_Webworm",127.130643,36.783127
"Fall_Webworm",126.286008,36.77498
"Fall_Webworm",127.128443,36.78165
"Fall_Webworm",127.128443,36.78165
"Fall_Webworm",127.132316,36.787776
"Fall_Webworm",127.13311,36.78781
"Fall_Webworm",127.128443,36.78165
"Fall_Webworm",116.553383,40.061115
"Fall_Webworm",27.183936,45.697284
"Fall_Webworm",40.829003,45.435543
"Fall_Webworm",127.1334,36.787819
"Fall_Webworm",127.130643,36.783127
"Fall_Webworm",39.073897,44.984178
"Fall_Webworm",10.858982,45.313036
"Fall_Webworm",10.535273,45.11825
"Fall_Webworm",29.049775,40.984542
"Fall_Webworm",9.116982,45.160853
"Fall_Webworm",127.094939,36.7966
"Fall_Webworm",120.683145,36.364903
"Fall_Webworm",39.422765,43.870771
"Fall_Webworm",127.135495,36.837446
"Fall_Webworm",39.082638,44.098755
"Fall_Webworm",20.136651,45.7875
"Fall_Webworm",7.678732,44.873828
"Fall_Webworm",7.797051,44.40883
"Fall_Webworm",10.25834,45.054908
"Fall_Webworm",8.611414,45.317202
"Fall_Webworm",136.944153,35.202705
"Fall_Webworm",9.652706,46.213903
"Fall_Webworm",19.245917,47.511706
"Fall_Webworm",30.9362,40.9423
"Fall_Webworm",127.138981,36.794694
"Fall_Webworm",25.360575,43.65783
"Fall_Webworm",17.392602,46.825087
"Fall_Webworm",49.7817,40.566942
"Fall_Webworm",117.290905,40.072688
"Fall_Webworm",25.936132,50.769834
"Fall_Webworm",17.3971,46.681258
"Fall_Webworm",9.149775,45.195237
"Fall_Webworm",138.205706,36.409091
"Fall_Webworm",26.642817,47.082361
"Fall_Webworm",38.033056,51.528026
"Fall_Webworm",126.470632,36.776745
"Fall_Webworm",127.141126,36.795484
"Fall_Webworm",120.687206,36.356628
"Fall_Webworm",10.858966,45.313236
"Fall_Webworm",120.682358,36.362888
"Fall_Webworm",30.478878,50.378806
"Fall_Webworm",8.658489,45.493314
"Fall_Webworm",120.686572,36.370043
"Fall_Webworm",139.692749,36.25852
"Fall_Webworm",127.130434,36.78525
"Fall_Webworm",34.938288,48.562685
"Fall_Webworm",34.938288,48.562685
"Fall_Webworm",34.938288,48.562685
"Fall_Webworm",121.548073,31.220346
"Fall_Webworm",121.546455,31.220201
"Fall_Webworm",139.327251,36.322863
"Fall_Webworm",30.65422,46.290828
"Fall_Webworm",114.514,38.051788
"Fall_Webworm",126.377495,36.638591
"Fall_Webworm",127.123272,36.725638
"Fall_Webworm",114.3471,34.812428
"Fall_Webworm",20.414725,45.275408
"Fall_Webworm",12.9,45.599998
"Fall_Webworm",16.84,47.740002
"Fall_Webworm",16.84,47.740002
"Fall_Webworm",16.84,47.740002
"Fall_Webworm",16.799999,47.82
"Fall_Webworm",16.799999,47.759998
"Fall_Webworm",16.84,47.740002
"Fall_Webworm",16.799999,47.759998
"Fall_Webworm",16.84,47.740002
"Fall_Webworm",16.844166,47.943054
"Fall_Webworm",16.799999,47.82
"Fall_Webworm",16.790001,47.959999
"Fall_Webworm",16.799999,47.759998
"Fall_Webworm",16.84,47.740002
"Fall_Webworm",16.799999,47.759998
"Fall_Webworm",16.84,47.740002
"Fall_Webworm",16.84,47.740002
"Fall_Webworm",16.84,47.740002
"Fall_Webworm",16.84,47.740002
"Fall_Webworm",16.799999,47.82
"Fall_Webworm",16.799999,47.759998
"Fall_Webworm",16.84,47.740002
"Fall_Webworm",16.84,47.740002
"Fall_Webworm",16.84,47.849998
"Fall_Webworm",16.799999,47.82
"Fall_Webworm",16.84,47.740002
"Fall_Webworm",16.844166,47.943054
"Fall_Webworm",16.790001,47.959999
"Fall_Webworm",16.84,47.740002
"Fall_Webworm",16.84,47.740002
"Fall_Webworm",16.84,47.740002
"Fall_Webworm",16.84,47.740002
"Fall_Webworm",16.799999,47.82
"Fall_Webworm",16.66,47.830002
"Fall_Webworm",16.84,47.740002
"Fall_Webworm",16.84,47.740002
"Fall_Webworm",16.84,47.740002
"Fall_Webworm",35.348216,45.038718
"Fall_Webworm",32.531574,46.504062
"Fall_Webworm",9.158889,45.36
"Fall_Webworm",38.141272,50.256902
"Fall_Webworm",19.503304,47.162494
"Fall_Webworm",7.665764,44.794578
"Fall_Webworm",117.384182,39.154903
"Fall_Webworm",34.938288,48.562685
"Fall_Webworm",34.938288,48.562685
"Fall_Webworm",34.938288,48.562685
"Fall_Webworm",34.938288,48.562685
"Fall_Webworm",34.938288,48.562685
"Fall_Webworm",34.938288,48.562685
"Fall_Webworm",34.938288,48.562685
"Fall_Webworm",34.938288,48.562685
"Fall_Webworm",34.938288,48.562685
"Fall_Webworm",34.938288,48.562685
"Fall_Webworm",-0.184234,51.909518
"Fall_Webworm",0.119027,52.174211
"Fall_Webworm",7.790532,44.407429
"Fall_Webworm",127.133582,36.787707
"Fall_Webworm",127.099564,36.132597
"Fall_Webworm",127.210147,36.794662
"Fall_Webworm",127.12855,36.791033
"Fall_Webworm",127.132004,36.7893
"Fall_Webworm",126.732159,37.367268
"Fall_Webworm",127.13326,36.787845
"Fall_Webworm",138.262331,36.392712
"Fall_Webworm",127.1334,36.787819
"Fall_Webworm",127.1334,36.787819
"Fall_Webworm",127.133078,36.787982
"Fall_Webworm",26.603132,42.585991
"Fall_Webworm",127.132788,36.787879
"Fall_Webworm",37.068337,50.428408
"Fall_Webworm",36.455265,50.909581
"Fall_Webworm",50.474185,37.024409
"Fall_Webworm",127.211478,36.793975
"Fall_Webworm",36.550639,50.596243
"Fall_Webworm",127.220533,36.790228
"Fall_Webworm",36.553516,50.594088
"Fall_Webworm",127.027369,36.740608
"Fall_Webworm",7.76195,45.145416
"Fall_Webworm",30.441042,50.384756
"Fall_Webworm",127.140501,36.802003
"Fall_Webworm",126.951355,37.220051
"Fall_Webworm",39.061632,45.10184
"Fall_Webworm",141.135114,39.766122
"Fall_Webworm",127.218087,36.790125
"Fall_Webworm",127.210491,36.794284
"Fall_Webworm",29.635772,45.144397
"Fall_Webworm",36.696067,45.220049
"Fall_Webworm",29.635051,45.157471
"Fall_Webworm",127.133336,36.787819
"Fall_Webworm",40.427036,43.185493
"Fall_Webworm",127.393318,36.435556
"Fall_Webworm",8.75106,45.568133
"Fall_Webworm",8.646559,45.053848
"Fall_Webworm",18.771033,47.05396
"Fall_Webworm",8.613083,45.761594
"Fall_Webworm",127.133057,36.787845
"Fall_Webworm",34.133891,44.938542
"Fall_Webworm",7.664927,44.792758
"Fall_Webworm",20.248701,44.909861
"Fall_Webworm",38.862147,45.036464
"Fall_Webworm",127.096497,36.792738
"Fall_Webworm",8.69586,45.610598
"Fall_Webworm",127.133057,36.787845
"Fall_Webworm",127.133207,36.787871
"Fall_Webworm",127.1334,36.787819
"Fall_Webworm",34.305,45.0522
"Fall_Webworm",127.1334,36.787819
"Fall_Webworm",127.138938,36.795243
"Fall_Webworm",127.1334,36.787819
"Fall_Webworm",7.700678,44.499416
"Fall_Webworm",12.232209,44.883423
"Fall_Webworm",7.627271,44.9407
"Fall_Webworm",8.726723,45.596244
"Fall_Webworm",8.609436,45.774075
"Fall_Webworm",12.232209,44.883423
"Fall_Webworm",127.138938,36.795243
"Fall_Webworm",8.775279,45.72383
"Fall_Webworm",8.443851,45.660941
"Fall_Webworm",8.698173,45.540086
"Fall_Webworm",10.271412,43.780425
"Fall_Webworm",7.701287,44.498771
"Fall_Webworm",7.765592,44.953719
"Fall_Webworm",8.685999,45.503287
"Fall_Webworm",24.068642,51.803379
"Fall_Webworm",7.810081,45.20359
"Fall_Webworm",126.971178,36.77169
"Fall_Webworm",142.186172,27.098253
"Fall_Webworm",34.516594,49.547979
"Fall_Webworm",126.727238,37.364933
"Fall_Webworm",36.544919,50.595646
"Fall_Webworm",142.189483,27.100872
"Fall_Webworm",8.069185,45.589093
"Fall_Webworm",8.698586,45.515707
"Fall_Webworm",7.664927,44.792758
"Fall_Webworm",30.72331,46.482445
"Fall_Webworm",142.16327,26.64128
"Fall_Webworm",39.066593,44.99844
"Fall_Webworm",127.220147,36.787925
"Fall_Webworm",8.969777,45.521989
"Fall_Webworm",127.1334,36.787819
"Fall_Webworm",127.1334,36.787819
"Fall_Webworm",127.1334,36.787819
"Fall_Webworm",127.1334,36.787819
"Fall_Webworm",7.664927,44.792758
"Fall_Webworm",127.1334,36.787819
"Fall_Webworm",127.1334,36.787819
"Fall_Webworm",127.1334,36.787819
"Fall_Webworm",127.220147,36.787925
"Fall_Webworm",127.132874,36.787879
"Fall_Webworm",127.1334,36.787819
"Fall_Webworm",127.1334,36.787819
"Fall_Webworm",127.1334,36.787819
"Fall_Webworm",127.13311,36.78781
"Fall_Webworm",127.13311,36.78781
"Fall_Webworm",126.993739,36.026965
"Fall_Webworm",127.1334,36.787819
"Fall_Webworm",127.13311,36.78781
"Fall_Webworm",127.13311,36.78781
"Fall_Webworm",127.13325,36.787931
"Fall_Webworm",28.640671,44.08652
"Fall_Webworm",127.13311,36.78781
"Fall_Webworm",127.13311,36.78781
"Fall_Webworm",127.132874,36.787879
"Fall_Webworm",127.1334,36.787819
"Fall_Webworm",127.132874,36.787879
"Fall_Webworm",127.132874,36.787879
"Fall_Webworm",127.1334,36.787819
"Fall_Webworm",127.13311,36.78781
"Fall_Webworm",127.1334,36.787819
"Fall_Webworm",127.13325,36.787931
"Fall_Webworm",127.13311,36.78781
"Fall_Webworm",127.13311,36.78781
"Fall_Webworm",127.1334,36.787819
"Fall_Webworm",127.13311,36.78781
"Fall_Webworm",127.1334,36.787819
"Fall_Webworm",41.863272,41.679233
"Fall_Webworm",127.132874,36.787879
"Fall_Webworm",127.1334,36.787819
"Fall_Webworm",127.132874,36.787879
"Fall_Webworm",127.1334,36.787819
"Fall_Webworm",127.132874,36.787879
"Fall_Webworm",127.1334,36.787819
"Fall_Webworm",127.13311,36.78781
"Fall_Webworm",127.1334,36.787819
"Fall_Webworm",127.13311,36.78781
"Fall_Webworm",8.694912,45.610072
"Fall_Webworm",127.1334,36.787819
"Fall_Webworm",7.983055,45.255936
"Fall_Webworm",127.13325,36.787931
"Fall_Webworm",127.13311,36.78781
"Fall_Webworm",127.13325,36.787931
"Fall_Webworm",127.13311,36.78781
"Fall_Webworm",127.13311,36.78781
"Fall_Webworm",127.13325,36.787931
"Fall_Webworm",127.13311,36.78781
"Fall_Webworm",127.132874,36.787879
"Fall_Webworm",127.1334,36.787819
"Fall_Webworm",127.13311,36.78781
"Fall_Webworm",127.13311,36.78781
"Fall_Webworm",127.13311,36.78781
"Fall_Webworm",127.1334,36.787819
"Fall_Webworm",127.13311,36.78781
"Fall_Webworm",127.1334,36.787819
"Fall_Webworm",127.13311,36.78781
"Fall_Webworm",127.13311,36.78781
"Fall_Webworm",127.13325,36.787931
"Fall_Webworm",126.947608,37.307178
"Fall_Webworm",127.13311,36.78781
"Fall_Webworm",127.13311,36.78781
"Fall_Webworm",127.13311,36.78781
"Fall_Webworm",127.13325,36.787931
"Fall_Webworm",127.13311,36.78781
"Fall_Webworm",10.335726,45.075843
"Fall_Webworm",127.13325,36.787931
"Fall_Webworm",127.13311,36.78781
"Fall_Webworm",8.611939,45.081772
"Fall_Webworm",127.13325,36.787931
"Fall_Webworm",127.928926,35.689555
"Fall_Webworm",127.13311,36.78781
"Fall_Webworm",127.13325,36.787931
"Fall_Webworm",127.13311,36.78781
"Fall_Webworm",10.822437,45.282696
"Fall_Webworm",127.13325,36.787931
"Fall_Webworm",127.13311,36.78781
"Fall_Webworm",127.130643,36.783127
"Fall_Webworm",38.900407,49.913363
"Fall_Webworm",127.133625,36.788051
"Fall_Webworm",127.128443,36.78165
"Fall_Webworm",127.130643,36.783127
"Fall_Webworm",38.900055,49.913452
"Fall_Webworm",127.130643,36.783127
"Fall_Webworm",127.130643,36.783127
"Fall_Webworm",127.130643,36.783127
"Fall_Webworm",127.133625,36.788051
"Fall_Webworm",127.128443,36.78165
"Fall_Webworm",127.133625,36.788051
"Fall_Webworm",127.91462,35.684371
"Fall_Webworm",127.130643,36.783127
"Fall_Webworm",127.133625,36.788051
"Fall_Webworm",127.130643,36.783127
"Fall_Webworm",127.130643,36.783127
"Fall_Webworm",38.379265,46.075348
"Fall_Webworm",7.701287,44.498771
"Fall_Webworm",127.130643,36.783127
"Fall_Webworm",127.130643,36.783127
"Fall_Webworm",127.130643,36.783127
"Fall_Webworm",24.803614,42.371158
"Fall_Webworm",127.133625,36.788051
"Fall_Webworm",127.130643,36.783127
"Fall_Webworm",126.961317,37.520379
"Fall_Webworm",128.507438,35.798427
"Fall_Webworm",33.641564,44.657666
"Fall_Webworm",39.781765,47.218884
"Fall_Webworm",12.272149,44.520334
"Fall_Webworm",126.969519,37.51726
"Fall_Webworm",127.072731,37.402472
"Fall_Webworm",127.072826,37.402641
"Fall_Webworm",127.135715,37.42373
"Fall_Webworm",127.134688,37.423864
"Fall_Webworm",8.867188,45.210822
"Fall_Webworm",41.621895,41.643238
"Fall_Webworm",7.701287,44.498771
"Fall_Webworm",7.683966,44.871321
"Fall_Webworm",31.907642,47.628834
"Fall_Webworm",31.907801,47.628807
"Fall_Webworm",30.78428,46.587262
"Fall_Webworm",36.741833,51.414963
"Fall_Webworm",12.268332,44.904998
"Fall_Webworm",27.471581,42.507233
"Fall_Webworm",127.45053,36.62914
"Fall_Webworm",127.45053,36.62914
"Fall_Webworm",39.776904,47.209642
"Fall_Webworm",7.664927,44.792758
"Fall_Webworm",127.096963,36.7999
"Fall_Webworm",126.47083,36.776683
"Fall_Webworm",33.610401,44.61759
"Fall_Webworm",126.44602,36.747557
"Fall_Webworm",127.136913,36.787364
"Fall_Webworm",33.558758,44.59198
"Fall_Webworm",35.361515,47.903965
"Fall_Webworm",29.415024,46.297585
"Fall_Webworm",33.478554,44.519409
"Fall_Webworm",38.653275,44.846603
"Fall_Webworm",10.234783,45.058022
"Fall_Webworm",11.630582,45.464094
"Fall_Webworm",7.32139,44.24306
"Fall_Webworm",7.32138,44.24306
"Fall_Webworm",7.673092,44.883011
"Fall_Webworm",126.68944,37.71416
"Fall_Webworm",126.99352,36.026665
"Fall_Webworm",127.133282,36.787905
"Fall_Webworm",127.1334,36.787819
"Fall_Webworm",126.99382,36.025295
"Fall_Webworm",128.042499,35.710132
"Fall_Webworm",127.133282,36.787905
"Fall_Webworm",29.582272,45.404492
"Fall_Webworm",126.992767,36.02634
"Fall_Webworm",27.914733,43.21405
"Fall_Webworm",33.504031,44.594074
"Fall_Webworm",24.022032,47.969449
"Fall_Webworm",28.27,48.23
"Fall_Webworm",28.27,48.23
"Fall_Webworm",32.311001,49.548318
"Fall_Webworm",32.199488,49.769842
"Fall_Webworm",32.511637,49.119878
"Fall_Webworm",34.7681,50.9074
"Fall_Webworm",34.2435,50.7336
"Fall_Webworm",35.111179,47.448873
"Fall_Webworm",35.073809,47.425636
"Fall_Webworm",35.205675,47.547724
"Fall_Webworm",32.500833,50.235833
"Fall_Webworm",34.99964,47.398819
"Fall_Webworm",35.2245,50.0282
"Fall_Webworm",35.3033,50.0601
"Fall_Webworm",35.2184,50.0542
"Fall_Webworm",35.2902,50.0662
"Fall_Webworm",27.425,50.0429
"Fall_Webworm",26.0223,49.3341
"Fall_Webworm",26.009,49.342
"Fall_Webworm",26.02,49.337
"Fall_Webworm",25.986,49.325
"Fall_Webworm",26.045,49.303
"Fall_Webworm",26.1804,49.2936
"Fall_Webworm",26.023,49.335
"Fall_Webworm",26.019,49.327
"Fall_Webworm",26.017,49.336
"Fall_Webworm",26.022,49.323
"Fall_Webworm",26.015,49.33
"Fall_Webworm",26.006,49.347
"Fall_Webworm",26.1531,49.146
"Fall_Webworm",25.972,49.426
"Fall_Webworm",26.022,49.334
"Fall_Webworm",26.127,49.321
"Fall_Webworm",26.014,49.33
"Fall_Webworm",26.03,49.337
"Fall_Webworm",25.1503,50.0722
"Fall_Webworm",25.2566,50.1346
"Fall_Webworm",25.2566,50.1346
"Fall_Webworm",25.1503,50.0722
"Fall_Webworm",25.037,49.9621
"Fall_Webworm",26.253,50.5168
"Fall_Webworm",25.7845,50.4039
"Fall_Webworm",26.1664,50.3879
"Fall_Webworm",31.31948,50.264205
"Fall_Webworm",37.76295,49.912144
"Fall_Webworm",37.75634,49.913135
"Fall_Webworm",25.805024,48.671322
"Fall_Webworm",25.849525,48.667406
"Fall_Webworm",25.855976,48.68941
"Fall_Webworm",25.849525,48.667406
"Fall_Webworm",25.849525,48.667406
"Fall_Webworm",25.849525,48.667406
"Fall_Webworm",25.849525,48.667406
"Fall_Webworm",36.223997,51.749706
"Fall_Webworm",17.82282,46.399265
"Fall_Webworm",9.761876,45.278007
"Fall_Webworm",28.641092,44.086481
"Fall_Webworm",34.765173,45.46381
"Fall_Webworm",38.993458,45.042131
"Fall_Webworm",10.266038,43.802634
"Fall_Webworm",10.8196,45.30443
"Fall_Webworm",17.589324,46.420148
"Fall_Webworm",33.684087,45.187388
"Fall_Webworm",10.819705,45.304478
"Fall_Webworm",30.330308,46.504309
"Fall_Webworm",127.1334,36.787819
"Fall_Webworm",127.133545,36.788025
"Fall_Webworm",126.446306,36.746656
"Fall_Webworm",127.270215,36.885333
"Fall_Webworm",127.211392,36.796586
"Fall_Webworm",126.443444,36.742492
"Fall_Webworm",127.1334,36.787819
"Fall_Webworm",127.09702,36.799942
"Fall_Webworm",127.13303,36.788034
"Fall_Webworm",127.133438,36.788171
"Fall_Webworm",127.133191,36.788377
"Fall_Webworm",126.984075,36.020316
"Fall_Webworm",12.132462,45.299676
"Fall_Webworm",127.13303,36.788034
"Fall_Webworm",127.13303,36.788034
"Fall_Webworm",127.121621,36.79794
"Fall_Webworm",127.133502,36.788248
"Fall_Webworm",127.133137,36.788309
"Fall_Webworm",127.158586,36.778942
"Fall_Webworm",127.13421,36.787741
"Fall_Webworm",126.442878,36.746028
"Fall_Webworm",127.132054,36.788111
"Fall_Webworm",9.086944,45.486111
"Fall_Webworm",10.436232,45.138
"Fall_Webworm",7.52192,43.99806
"Fall_Webworm",33.526819,44.633223
"Fall_Webworm",33.5055,44.593302
"Fall_Webworm",33.304324,46.748393
"Fall_Webworm",32.655419,46.573421
"Fall_Webworm",140.0265,39.2023
"Fall_Webworm",29.124245,41.001506
"Fall_Webworm",140.106067,36.088087
"Fall_Webworm",18.42473,46.560053
"Fall_Webworm",7.466536,44.750206
"Fall_Webworm",16.767641,47.733671
"Fall_Webworm",16.767631,47.733615
"Fall_Webworm",7.071,45.038
"Fall_Webworm",40.131,44.098
"Fall_Webworm",29.483333,46.816667
"Fall_Webworm",40.131,44.098
"Fall_Webworm",29.483333,46.816667
"Fall_Webworm",29.483333,46.816667
"Fall_Webworm",7.762817,44.97309
"Fall_Webworm",29.071338,41.204101
"Fall_Webworm",27.472281,42.506589
"Fall_Webworm",8.656007,45.709208
"Fall_Webworm",8.66819,45.717441
"Fall_Webworm",127.451,36.62885
"Fall_Webworm",127.454782,36.629242
"Fall_Webworm",28.756245,46.526796
"Fall_Webworm",24.803666,42.371103
"Fall_Webworm",126.656723,36.706449
"Fall_Webworm",24.803653,42.371097
"Fall_Webworm",40.83215,45.459148
"Fall_Webworm",118.438201,39.734056
"Fall_Webworm",33.503037,44.594508
"Fall_Webworm",24.803747,42.371088
"Fall_Webworm",137.504994,35.50574
"Fall_Webworm",24.803573,42.37115
"Fall_Webworm",20.015048,46.238862
"Fall_Webworm",24.803571,42.371326
"Fall_Webworm",24.803552,42.371115
"Fall_Webworm",128.585486,36.428039
"Fall_Webworm",128.308914,36.457014
"Fall_Webworm",128.308914,36.457014
"Fall_Webworm",127.048406,36.023344
"Fall_Webworm",127.0931,36.418592
"Fall_Webworm",128.857861,37.662694
"Fall_Webworm",10.810088,45.162689
"Fall_Webworm",9.414251,45.5618
"Fall_Webworm",7.50348,44.952863
"Fall_Webworm",20.015065,46.239017
"Fall_Webworm",28.887828,41.027378
"Fall_Webworm",8.676547,45.646703
"Fall_Webworm",29.100839,41.132387
"Fall_Webworm",12.144508,45.227477
"Fall_Webworm",21.478765,47.39299
"Fall_Webworm",29.065323,41.05612
"Fall_Webworm",29.038387,41.081951
"Fall_Webworm",29.035742,41.068314
"Fall_Webworm",29.030833,41.102815
"Fall_Webworm",29.03678,41.113659
"Fall_Webworm",29.09037,41.175828
"Fall_Webworm",29.176602,41.110981
"Fall_Webworm",126.971269,36.772995
"Fall_Webworm",29.147867,41.003545
"Fall_Webworm",28.737878,40.971298
"Fall_Webworm",28.728514,40.99614
"Fall_Webworm",127.13421,36.787741
"Fall_Webworm",39.862879,43.512279
"Fall_Webworm",127.192562,36.728859
"Fall_Webworm",35.705963,51.673217
"Fall_Webworm",37.068319,50.42835
"Fall_Webworm",127.13421,36.787741
"Fall_Webworm",127.192562,36.728859
"Fall_Webworm",127.172118,36.715998
"Fall_Webworm",35.705962,51.673192
"Fall_Webworm",127.13421,36.787741
"Fall_Webworm",127.001675,37.61201
"Fall_Webworm",29.030576,41.10253
"Fall_Webworm",132.791397,33.838253
"Fall_Webworm",29.022794,41.008276
"Fall_Webworm",11.544692,45.126706
"Fall_Webworm",39.9051,43.461
"Fall_Webworm",30.746557,50.501151
"Fall_Webworm",18.757442,47.069044
"Fall_Webworm",7.700678,44.499416
"Fall_Webworm",25.290951,50.773456
"Fall_Webworm",29.023625,41.105206
"Fall_Webworm",126.974772,37.520073
"Fall_Webworm",11.791341,44.624335
"Fall_Webworm",-0.57339,44.85761
"Fall_Webworm",-0.57339,44.85761
"Fall_Webworm",9.458939,45.319796
"Fall_Webworm",8.702354,45.589372
"Fall_Webworm",8.622562,45.641061
"Fall_Webworm",116.436611,39.819964
"Fall_Webworm",34.130843,44.982611
"Fall_Webworm",9.731631,45.525974
"Fall_Webworm",8.903711,45.624819
"Fall_Webworm",126.974868,36.767908
"Fall_Webworm",11.461286,44.833603
"Fall_Webworm",127.13421,36.787741
"Fall_Webworm",9.673268,44.968273
"Fall_Webworm",12.185795,45.505209
"Fall_Webworm",10.440471,45.125497
"Fall_Webworm",8.663085,45.495361
"Fall_Webworm",9.020549,45.620447
"Fall_Webworm",12.114607,45.690192
"Fall_Webworm",11.09654,45.096714
"Fall_Webworm",7.515804,44.36434
"Fall_Webworm",116.304089,40.135377
"Fall_Webworm",116.597584,40.034718
"Fall_Webworm",127.13421,36.787741
"Fall_Webworm",127.090278,36.790655
"Fall_Webworm",8.587935,45.478052
"Fall_Webworm",32.507093,50.239543
"Fall_Webworm",127.113044,37.728034
"Fall_Webworm",127.076111,37.138611
"Fall_Webworm",116.500261,40.045307
"Fall_Webworm",29.024462,41.102337
"Fall_Webworm",39.67539,45.198986
"Fall_Webworm",25.286117,50.765745
"Fall_Webworm",7.664927,44.792758
"Fall_Webworm",33.540918,44.631732
"Fall_Webworm",30.767442,46.452573
"Fall_Webworm",8.520378,45.406335
"Fall_Webworm",40.861758,45.429931
"Fall_Webworm",10.441068,45.124181
"Fall_Webworm",127.262094,36.761824
"Fall_Webworm",127.262094,36.761824
"Fall_Webworm",127.262094,36.761824
"Fall_Webworm",30.902619,50.073494
"Fall_Webworm",127.262094,36.761824
"Fall_Webworm",30.718267,46.458672
"Fall_Webworm",7.664927,44.792758
"Fall_Webworm",126.422963,36.751187
"Fall_Webworm",33.69164,45.180473
"Fall_Webworm",27.870406,47.779153
"Fall_Webworm",39.774504,47.216605
"Fall_Webworm",34.735086,45.448427
"Fall_Webworm",29.021942,41.105988
"Fall_Webworm",26.87763,47.694275
"Fall_Webworm",30.728817,46.429718
"Fall_Webworm",29.029995,41.101784
"Fall_Webworm",126.423987,36.749583
"Fall_Webworm",30.748459,46.459248
"Fall_Webworm",34.733087,45.446474
"Fall_Webworm",34.084257,44.946272
"Fall_Webworm",7.664927,44.792758
"Fall_Webworm",8.238639,45.644875
"Fall_Webworm",47.471882,43.110474
"Fall_Webworm",9.182025,45.197871
"Fall_Webworm",26.645528,48.491002
"Fall_Webworm",18.771033,47.05396
"Fall_Webworm",127.130047,36.782792
"Fall_Webworm",8.238667,45.644852
"Fall_Webworm",37.780341,44.716245
"Fall_Webworm",16.379999,47.91
"Fall_Webworm",16.35,48.299999
"Fall_Webworm",16.940001,47.720001
"Fall_Webworm",16.92,47.830002
"Fall_Webworm",16.99,48.09
"Fall_Webworm",16.84,47.740002
"Fall_Webworm",16.84,47.740002
"Fall_Webworm",16.389999,48.32
"Fall_Webworm",16.799999,47.759998
"Fall_Webworm",16.844166,47.943054
"Fall_Webworm",16.844166,47.943054
"Fall_Webworm",16.844166,47.943054
"Fall_Webworm",16.77,48.02
"Fall_Webworm",16.378889,48.313332
"Fall_Webworm",16.233334,48
"Fall_Webworm",14.16,48.330002
"Fall_Webworm",16.84,47.849998
"Fall_Webworm",16.940001,47.720001
"Fall_Webworm",16.940001,47.880001
"Fall_Webworm",16.84,47.849998
"Fall_Webworm",16.283333,48.083332
"Fall_Webworm",16.860001,47.919998
"Fall_Webworm",16.23,48.09
"Fall_Webworm",16.799999,47.759998
"Fall_Webworm",16.799999,47.759998
"Fall_Webworm",16.844166,47.943054
"Fall_Webworm",16.66,47.830002
"Fall_Webworm",16.85,47.883335
"Fall_Webworm",16.85,47.883335
"Fall_Webworm",16.389999,48.150002
"Fall_Webworm",16.280001,48.130001
"Fall_Webworm",16.34,48.255556
"Fall_Webworm",16.35,47.169998
"Fall_Webworm",16.403889,48.195835
"Fall_Webworm",16.16,46.919998
"Fall_Webworm",16.25,47.216667
"Fall_Webworm",16.25,47.216667
"Fall_Webworm",16.459999,48.220001
"Fall_Webworm",16.860001,48.060001
"Fall_Webworm",16.34,48.255556
"Fall_Webworm",16.74,47.48
"Fall_Webworm",14.4,48.25
"Fall_Webworm",16.389999,48.150002
"Fall_Webworm",16.280001,48.130001
"Fall_Webworm",14.24,48.290001
"Fall_Webworm",16.43,48.189999
"Fall_Webworm",16.43,48.189999
"Fall_Webworm",13.8,47.990002
"Fall_Webworm",9.437562,45.569836
"Fall_Webworm",30.761784,46.462124
"Fall_Webworm",127.133298,36.788205
"Fall_Webworm",116.507675,39.913145
"Fall_Webworm",37.103738,45.349979
"Fall_Webworm",39.048615,44.998052
"Fall_Webworm",36.106006,51.420418
"Fall_Webworm",34.765211,45.463818
"Fall_Webworm",120.683244,36.372514
"Fall_Webworm",9.703755,45.475194
"Fall_Webworm",8.867247,45.2109
"Fall_Webworm",9.694201,45.401066
"Fall_Webworm",30.709615,46.360047
"Fall_Webworm",29.415964,45.99419
"Fall_Webworm",12.176863,44.536764
"Fall_Webworm",27.466642,42.44408
"Fall_Webworm",29.027245,40.996357
"Fall_Webworm",33.561409,44.58852
"Fall_Webworm",35.65982,51.677
"Fall_Webworm",9.201783,45.44228
"Fall_Webworm",30.31903,50.781535
"Fall_Webworm",10.436232,45.138
"Fall_Webworm",37.80285,48.015883
"Fall_Webworm",33.438156,44.589031
"Fall_Webworm",29.027035,40.996243
"Fall_Webworm",8.690803,45.479189
"Fall_Webworm",33.543341,44.65256
"Fall_Webworm",35.660065,51.676862
"Fall_Webworm",127.036353,37.078556
"Fall_Webworm",10.567693,45.110764
"Fall_Webworm",26.561137,50.523597
"Fall_Webworm",9.313511,45.433128
"Fall_Webworm",9.118102,45.192312
"Fall_Webworm",8.66478,45.684837
"Fall_Webworm",40.033306,50.361749
"Fall_Webworm",28.190924,51.486481
"Fall_Webworm",29.763377,45.618975
"Fall_Webworm",9.522149,45.605135
"Fall_Webworm",140.28654,36.1961
"Fall_Webworm",140.28654,36.1961
"Fall_Webworm",140.28654,36.1961
"Fall_Webworm",140.28654,36.1961
"Fall_Webworm",140.28654,36.1961
"Fall_Webworm",140.17619,35.96718
"Fall_Webworm",140.17619,35.96718
"Fall_Webworm",140.17619,35.96718
"Fall_Webworm",140.17619,35.96718
"Fall_Webworm",140.17619,35.96718
"Fall_Webworm",9.851878,45.507367
"Fall_Webworm",10.498441,44.936978
"Fall_Webworm",8.648693,45.052887
"Fall_Webworm",8.69515,45.61013
"Fall_Webworm",12.280069,45.503918
"Fall_Webworm",10.195406,45.054726
"Fall_Webworm",116.477713,39.99775
"Fall_Webworm",28.190924,51.486481
"Fall_Webworm",36.089648,51.639901
"Fall_Webworm",29.116615,40.868496
"Fall_Webworm",29.117111,40.866818
"Fall_Webworm",28.932301,47.060987
"Fall_Webworm",116.480296,39.912584
"Fall_Webworm",29.763369,45.618979
"Fall_Webworm",27.907205,47.756664
"Fall_Webworm",9.666791,45.585134
"Fall_Webworm",116.2732,40.025658
"Fall_Webworm",39.963203,43.398942
"Fall_Webworm",9.105336,45.616038
"Fall_Webworm",11.461322,44.833446
"Fall_Webworm",35.010127,50.926035
"Fall_Webworm",118.829445,39.144445
"Fall_Webworm",33.41998,46.8341
"Fall_Webworm",-0.77808,43.77843
"Fall_Webworm",19.41303,51.60158
"Fall_Webworm",19.41303,51.60158
"Fall_Webworm",19.41303,51.60158
"Fall_Webworm",19.41303,51.60158
"Fall_Webworm",19.41303,51.60158
"Fall_Webworm",-0.68186,44.83232
"Fall_Webworm",-0.57339,44.85761
"Fall_Webworm",6.36387,47.82371
"Fall_Webworm",0.74599,45.10053
"Fall_Webworm",-0.6765,44.79165
"Fall_Webworm",39.951339,43.399118
"Fall_Webworm",30.95701,48.033059
"Fall_Webworm",8.694958,45.609962
"Fall_Webworm",7.68238,44.872069
"Fall_Webworm",138.475793,35.729306
"Fall_Webworm",120.68322,36.363571
"Fall_Webworm",10.454906,44.923491
"Fall_Webworm",9.417554,45.562721
"Fall_Webworm",9.471451,45.574355
"Fall_Webworm",8.759123,45.777673
"Fall_Webworm",29.75907,45.408719
"Fall_Webworm",9.165978,45.205089
"Fall_Webworm",27.319067,44.610458
"Fall_Webworm",8.960378,45.815531
"Fall_Webworm",118.438459,39.740652
"Fall_Webworm",114.441898,38.013491
"Fall_Webworm",8.700023,45.515013
"Fall_Webworm",126.819881,35.855686
"Fall_Webworm",127.988406,37.098938
"Fall_Webworm",127.281667,36.607778
"Fall_Webworm",127.513372,37.22567
"Fall_Webworm",127.188722,37.053
"Fall_Webworm",127.512329,37.191117
"Fall_Webworm",127.754094,34.726284
"Fall_Webworm",126.961667,35.679806
"Fall_Webworm",126.738706,36.942481
"Fall_Webworm",129.437728,35.7198
"Fall_Webworm",127.799133,35.8205
"Fall_Webworm",126.930386,35.669494
"Fall_Webworm",126.930872,35.781592
"Fall_Webworm",127.690583,37.42785
"Fall_Webworm",127.444475,37.052383
"Fall_Webworm",127.994661,38.273193
"Fall_Webworm",128.573832,38.169682
"Fall_Webworm",126.555394,37.027143
"Fall_Webworm",127.800833,35.449722
"Fall_Webworm",128.069167,36.935361
"Fall_Webworm",128.691778,36.790697
"Fall_Webworm",127.657714,36.840253
"Fall_Webworm",128.567267,36.921433
"Fall_Webworm",126.959961,36.850456
"Fall_Webworm",127.828969,36.785561
"Fall_Webworm",126.6435,37.6285
"Fall_Webworm",128.533811,36.809303
"Fall_Webworm",128.146428,36.959289
"Fall_Webworm",127.82095,36.933292
"Fall_Webworm",128.550942,35.415997
"Fall_Webworm",127.657714,36.840253
"Fall_Webworm",128.903317,35.582936
"Fall_Webworm",126.31,34.896111
"Fall_Webworm",127.541556,36.608083
"Fall_Webworm",127.552111,36.580361
"Fall_Webworm",127.004239,36.867917
"Fall_Webworm",126.36675,35.224694
"Fall_Webworm",127.466201,35.640108
"Fall_Webworm",127.199819,35.949283
"Fall_Webworm",127.691222,34.816324
"Fall_Webworm",127.188722,37.053
"Fall_Webworm",126.917997,35.780619
"Fall_Webworm",127.651944,36.712222
"Fall_Webworm",127.090472,35.998219
"Fall_Webworm",128.067089,36.178053
"Fall_Webworm",126.930472,35.781528
"Fall_Webworm",127.422075,35.938599
"Fall_Webworm",126.589664,35.953622
"Fall_Webworm",129.318631,36.178447
"Fall_Webworm",126.766656,37.455348
"Fall_Webworm",127.956027,38.171649
"Fall_Webworm",127.909906,36.823389
"Fall_Webworm",128.350761,36.930033
"Fall_Webworm",128.350761,36.930033
"Fall_Webworm",128.533811,36.809303
"Fall_Webworm",127.930606,36.911953
"Fall_Webworm",128.170114,36.778775
"Fall_Webworm",128.313389,36.825347
"Fall_Webworm",126.954667,38.05175
"Fall_Webworm",128.467347,36.843319
"Fall_Webworm",128.681167,35.550306
"Fall_Webworm",129.203583,35.293778
"Fall_Webworm",127.354667,36.841922
"Fall_Webworm",127.659011,36.936181
"Fall_Webworm",127.440789,36.764106
"Fall_Webworm",127.657714,36.840253
"Fall_Webworm",128.575696,35.314217
"Fall_Webworm",127.414978,36.940778
"Fall_Webworm",127.227494,36.889264
"Fall_Webworm",127.440789,36.764106
"Fall_Webworm",35.215643,51.022586
"Fall_Webworm",31.301778,49.953722
"Fall_Webworm",31.301778,49.953722
"Fall_Webworm",31.301778,49.953722
"Fall_Webworm",31.106389,49.965556
"Fall_Webworm",31.301778,49.953722
"Fall_Webworm",32.941003,46.108339
"Fall_Webworm",10.436169,45.138355
"Fall_Webworm",34.484349,49.483733
"Fall_Webworm",120.687073,36.359432
"Fall_Webworm",127.279993,36.78512
"Fall_Webworm",127.279993,36.78512
"Fall_Webworm",7.661665,44.789834
"Fall_Webworm",9.254351,45.521192
"Fall_Webworm",7.661665,44.789834
"Fall_Webworm",25.542633,52.131656
"Fall_Webworm",8.675414,45.628181
"Fall_Webworm",39.810955,43.5476
"Fall_Webworm",9.413706,45.562374
"Fall_Webworm",12.21797,45.528594
"Fall_Webworm",30.26305,46.412148
"Fall_Webworm",28.659565,44.388011
"Fall_Webworm",10.234783,45.058022
"Fall_Webworm",8.675414,45.628181
"Fall_Webworm",127.076576,36.755765
"Fall_Webworm",10.642175,45.443592
"Fall_Webworm",7.701111,44.520058
"Fall_Webworm",9.973604,45.704962
"Fall_Webworm",38.021901,51.523915
"Fall_Webworm",33.516824,44.583832
"Fall_Webworm",9.158207,45.184816
"Fall_Webworm",12.214994,45.522801
"Fall_Webworm",9.414663,45.562023
"Fall_Webworm",36.159664,45.461357
"Fall_Webworm",34.800109,45.457624
"Fall_Webworm",35.477988,45.122651
"Fall_Webworm",35.477988,45.122651
"Fall_Webworm",35.477988,45.122651
"Fall_Webworm",35.477988,45.122651
"Fall_Webworm",35.477988,45.122651
"Fall_Webworm",35.477988,45.122651
"Fall_Webworm",37.791018,49.961676
"Fall_Webworm",37.791018,49.961676
"Fall_Webworm",37.791018,49.961676
"Fall_Webworm",37.791018,49.961676
"Fall_Webworm",37.791018,49.961676
"Fall_Webworm",37.791018,49.961676
"Fall_Webworm",37.791018,49.961676
"Fall_Webworm",37.791018,49.961676
"Fall_Webworm",37.791018,49.961676
"Fall_Webworm",37.791018,49.961676
"Fall_Webworm",37.791018,49.961676
"Fall_Webworm",37.791018,49.961676
"Fall_Webworm",37.791018,49.961676
"Fall_Webworm",37.791018,49.961676
"Fall_Webworm",37.791018,49.961676
"Fall_Webworm",35.558038,45.143818
"Fall_Webworm",34.053676,44.463445
"Fall_Webworm",25.26866,50.915859
"Fall_Webworm",9.097057,45.56281
"Fall_Webworm",116.336258,40.000044
"Fall_Webworm",38.021874,51.524048
"Fall_Webworm",32.655568,46.531748
"Fall_Webworm",9.732114,45.53634
"Fall_Webworm",10.022651,45.133249
"Fall_Webworm",10.823344,45.282263
"Fall_Webworm",7.661665,44.789834
"Fall_Webworm",126.981553,37.515587
"Fall_Webworm",32.995479,46.506944
"Fall_Webworm",25.349278,50.762862
"Fall_Webworm",27.425048,50.0429
"Fall_Webworm",8.243856,45.237047
"Fall_Webworm",10.859095,45.312239
"Fall_Webworm",25.349689,50.761962
"Fall_Webworm",9.32461,45.455183
"Fall_Webworm",9.50858,45.528153
"Fall_Webworm",7.685733,45.03999
"Fall_Webworm",28.987686,41.062689
"Fall_Webworm",116.349131,40.013539
"Fall_Webworm",9.224824,45.220262
"Fall_Webworm",7.661665,44.789834
"Fall_Webworm",30.564409,50.585245
"Fall_Webworm",25.341456,50.76371
"Fall_Webworm",9.47138,45.57435
"Fall_Webworm",10.512778,44.861908
"Fall_Webworm",26.523672,50.323786
"Fall_Webworm",10.842207,44.682671
"Fall_Webworm",10.046625,45.328217
"Fall_Webworm",38.846425,44.916155
"Fall_Webworm",33.744742,46.299518
"Fall_Webworm",12.217896,45.528425
"Fall_Webworm",32.473717,50.31685
"Fall_Webworm",9.007753,44.990605
"Fall_Webworm",9.223917,45.406333
"Fall_Webworm",30.746808,46.48448
"Fall_Webworm",116.36,39.93
"Fall_Webworm",30.766851,46.554497
"Fall_Webworm",30.520052,50.466354
"Fall_Webworm",30.65506,46.295681
"Fall_Webworm",32.513954,46.080449
"Fall_Webworm",30.752333,50.303603
"Fall_Webworm",127.91395,35.683398
"Fall_Webworm",127.258423,36.760177
"Fall_Webworm",32.513994,46.080477
"Fall_Webworm",10.21785,45.368021
"Fall_Webworm",12.216206,45.534035
"Fall_Webworm",8.415277,44.26108
"Fall_Webworm",7.786654,44.91177
"Fall_Webworm",11.784359,44.761127
"Fall_Webworm",119.1,33.5
"Fall_Webworm",119.1,33.5
"Fall_Webworm",119.1,33.5
"Fall_Webworm",119.1,33.5
"Fall_Webworm",119.1,33.5
"Fall_Webworm",119.1,33.5
"Fall_Webworm",119.1,33.5
"Fall_Webworm",119.1,33.5
"Fall_Webworm",119.1,33.5
"Fall_Webworm",119.1,33.5
"Fall_Webworm",119.1,33.5
"Fall_Webworm",119.1,33.5
"Fall_Webworm",119.1,33.5
"Fall_Webworm",119.1,33.5
"Fall_Webworm",119.1,33.5
"Fall_Webworm",36.147535,51.656834
"Fall_Webworm",32.20388,48.412463
"Fall_Webworm",10.562813,45.116213
"Fall_Webworm",127.936168,35.687769
"Fall_Webworm",10.234783,45.058022
"Fall_Webworm",10.786858,43.799694
"Fall_Webworm",36.343609,46.735661
"Fall_Webworm",30.405909,50.847578
"Fall_Webworm",37.354289,50.390264
"Fall_Webworm",10.176325,45.270672
"Fall_Webworm",9.129984,45.188965
"Fall_Webworm",37.358704,50.389753
"Fall_Webworm",10.533891,45.119415
"Fall_Webworm",9.441467,45.108715
"Fall_Webworm",10.234783,45.058022
"Fall_Webworm",10.804941,45.166884
"Fall_Webworm",8.03781,45.174866
"Fall_Webworm",10.567891,45.110432
"Fall_Webworm",32.304454,46.124785
"Fall_Webworm",9.286484,45.464394
"Fall_Webworm",136.6812,35.33593
"Fall_Webworm",136.6812,35.33593
"Fall_Webworm",136.6812,35.33593
"Fall_Webworm",139.753298,35.53945
"Fall_Webworm",139.9239,40.0396
"Fall_Webworm",139.9239,40.0396
"Fall_Webworm",139.9239,40.0396
"Fall_Webworm",126.691486,37.713292
"Fall_Webworm",9.091944,45.203966
"Fall_Webworm",9.256432,45.409088
"Fall_Webworm",12.120185,44.113843
"Fall_Webworm",20.124187,45.799239
"Fall_Webworm",9.502601,45.48464
"Fall_Webworm",9.223468,45.2205
"Fall_Webworm",140.708701,38.045101
"Fall_Webworm",11.461389,44.833333
"Fall_Webworm",34.163561,50.745664
"Fall_Webworm",10.44193,45.141499
"Fall_Webworm",11.461495,44.833509
"Fall_Webworm",127.035994,36.655663
"Fall_Webworm",7.637644,44.629507
"Fall_Webworm",126.690984,37.713075
"Fall_Webworm",127.035908,36.656472
"Fall_Webworm",35.025635,48.518477
"Fall_Webworm",10.337895,43.722303
"Fall_Webworm",29.592658,45.398747
"Fall_Webworm",24.710548,40.991452
"Fall_Webworm",20.124277,45.799195
"Fall_Webworm",35.046183,48.464717
"Fall_Webworm",26.504835,48.497985
"Fall_Webworm",35.046183,48.464717
"Fall_Webworm",26.504835,48.497985
"Fall_Webworm",35.025635,48.518477
"Fall_Webworm",9.390453,44.771671
"Fall_Webworm",35.046183,48.464717
"Fall_Webworm",11.609,45.523262
"Fall_Webworm",30.311438,50.179446
"Fall_Webworm",30.31149,50.179478
"Fall_Webworm",30.311528,50.179449
"Fall_Webworm",30.311592,50.179394
"Fall_Webworm",10.270393,45.083497
"Fall_Webworm",35.046183,48.464717
"Fall_Webworm",26.504835,48.497985
"Fall_Webworm",30.311646,50.179351
"Fall_Webworm",26.504835,48.497985
"Fall_Webworm",8.795279,45.661304
"Fall_Webworm",35.046183,48.464717
"Fall_Webworm",20.124187,45.799239
"Fall_Webworm",12.034979,45.296857
"Fall_Webworm",8.95092,45.83895
"Fall_Webworm",8.95092,45.83895
"Fall_Webworm",8.95092,45.83895
"Fall_Webworm",8.95092,45.83895
"Fall_Webworm",8.95092,45.83895
"Fall_Webworm",8.95092,45.83895
"Fall_Webworm",8.95104,45.84345
"Fall_Webworm",8.95092,45.83895
"Fall_Webworm",8.95092,45.83895
"Fall_Webworm",8.95092,45.83895
"Fall_Webworm",8.95092,45.83895
"Fall_Webworm",75.068347,42.913231
"Fall_Webworm",34.6,46.172222
"Fall_Webworm",39.9,43.93333
"Fall_Webworm",39.9,43.93333
"Fall_Webworm",39.9,43.93333
"Fall_Webworm",39.9,43.93333
"Fall_Webworm",38.80833,45.15833
"Fall_Webworm",34.6,46.172222
"Fall_Webworm",39.9,43.93333
"Fall_Webworm",33.75,44.75
"Fall_Webworm",75.06833,42.91306
"Fall_Webworm",126.691146,37.713156
"Fall_Webworm",126.691432,37.712937
"Fall_Webworm",8.95965,46.15373
"Fall_Webworm",8.95965,46.15373
"Fall_Webworm",9.01525,45.83807
"Fall_Webworm",8.95216,45.88392
"Fall_Webworm",8.83138,46.20038
"Fall_Webworm",8.95216,45.88392
"Fall_Webworm",9.01525,45.83807
"Fall_Webworm",8.95965,46.15373
"Fall_Webworm",8.95216,45.88392
"Fall_Webworm",9.01655,45.88303
"Fall_Webworm",8.96468,46.33361
"Fall_Webworm",9.01655,45.88303
"Fall_Webworm",8.95092,45.83895
"Fall_Webworm",8.79163,46.16487
"Fall_Webworm",9.01525,45.83807
"Fall_Webworm",9.01525,45.83807
"Fall_Webworm",9.01525,45.83807
"Fall_Webworm",8.69976,46.11195
"Fall_Webworm",8.88658,45.8398
"Fall_Webworm",8.76442,46.11121
"Fall_Webworm",8.95965,46.15373
"Fall_Webworm",8.170391,45.218741
"Fall_Webworm",7.880508,44.482877
"Fall_Webworm",7.782663,44.37687
"Fall_Webworm",10.811406,43.812758
"Fall_Webworm",10.234783,45.058022
"Fall_Webworm",140.0563,39.8125
"Fall_Webworm",140.0563,39.8125
"Fall_Webworm",140.0563,39.8125
"Fall_Webworm",140.0563,39.8125
"Fall_Webworm",9.720908,45.515501
"Fall_Webworm",127.256035,36.763846
"Fall_Webworm",10.258595,45.088911
"Fall_Webworm",10.441081,45.12416
"Fall_Webworm",8.656092,45.708645
"Fall_Webworm",31.650991,50.599744
"Fall_Webworm",127.276974,36.757607
"Fall_Webworm",31.739983,50.31681
"Fall_Webworm",10.445296,45.144267
"Fall_Webworm",12.43473,45.652322
"Fall_Webworm",7.892967,45.393738
"Fall_Webworm",12.167203,44.260832
"Fall_Webworm",10.445296,45.144267
"Fall_Webworm",8.320019,45.146599
"Fall_Webworm",8.663505,45.638549
"Fall_Webworm",7.708579,44.846399
"Fall_Webworm",12.434537,45.652448
"Fall_Webworm",7.661665,44.789834
"Fall_Webworm",9.025658,45.005726
"Fall_Webworm",7.929144,45.21213
"Fall_Webworm",28.59834,44.233629
"Fall_Webworm",8.692751,45.626921
"Fall_Webworm",7.881347,44.969127
"Fall_Webworm",8.132688,45.451056
"Fall_Webworm",10.801666,45.140835
"Fall_Webworm",12.985134,45.807596
"Fall_Webworm",10.251404,43.8415
"Fall_Webworm",10.522105,43.884922
"Fall_Webworm",9.66119,45.053261
"Fall_Webworm",9.763972,45.282688
"Fall_Webworm",9.253917,45.623873
"Fall_Webworm",16.952858,48.940983
"Fall_Webworm",10.529511,45.114685
"Fall_Webworm",10.234783,45.058022
"Fall_Webworm",10.234783,45.058022
"Fall_Webworm",28.642472,44.197253
"Fall_Webworm",9.681685,44.150748
"Fall_Webworm",30.999747,50.637645
"Fall_Webworm",8.191986,45.671741
"Fall_Webworm",10.792673,45.106711
"Fall_Webworm",8.926063,45.395078
"Fall_Webworm",9.173699,45.074632
"Fall_Webworm",10.382158,45.081762
"Fall_Webworm",22.868582,43.984715
"Fall_Webworm",25.886354,44.411123
"Fall_Webworm",7.607663,45.073088
"Fall_Webworm",9.311046,45.419428
"Fall_Webworm",8.724756,45.528364
"Fall_Webworm",26.569505,50.709728
"Fall_Webworm",10.234783,45.058022
"Fall_Webworm",11.461312,44.833434
"Fall_Webworm",8.744082,45.308926
"Fall_Webworm",9.106444,45.460411
"Fall_Webworm",10.445053,45.143465
"Fall_Webworm",10.810953,45.165311
"Fall_Webworm",10.445296,45.144267
"Fall_Webworm",7.607722,45.073021
"Fall_Webworm",11.462137,44.833216
"Fall_Webworm",10.236123,45.067621
"Fall_Webworm",40.836041,43.08459
"Fall_Webworm",10.235923,45.062205
"Fall_Webworm",7.900783,45.33754
"Fall_Webworm",37.264283,50.351792
"Fall_Webworm",16.94538,48.940933
"Fall_Webworm",9.176136,45.164413
"Fall_Webworm",10.277576,45.083494
"Fall_Webworm",10.535273,45.11825
"Fall_Webworm",10.797819,45.160892
"Fall_Webworm",12.330127,45.437603
"Fall_Webworm",11.461473,44.833497
"Fall_Webworm",9.315369,45.457553
"Fall_Webworm",10.234783,45.058022
"Fall_Webworm",11.901549,45.749031
"Fall_Webworm",9.385748,45.151141
"Fall_Webworm",10.857721,45.316813
"Fall_Webworm",10.562518,45.113121
"Fall_Webworm",9.500168,45.327469
"Fall_Webworm",10.435669,45.138915
"Fall_Webworm",8.708669,45.590628
"Fall_Webworm",8.636475,45.041153
"Fall_Webworm",9.254054,45.624065
"Fall_Webworm",7.772528,44.953317
"Fall_Webworm",9.5255,45.561113
"Fall_Webworm",10.536799,45.11856
"Fall_Webworm",11.461515,44.833456
"Fall_Webworm",9.020686,45.620647
"Fall_Webworm",9.253896,45.624074
"Fall_Webworm",7.661665,44.789834
"Fall_Webworm",9.254196,45.624156
"Fall_Webworm",127.941914,35.676025
"Fall_Webworm",10.078431,45.52062
"Fall_Webworm",9.301042,45.603695
"Fall_Webworm",16.8824,48.975634
"Fall_Webworm",10.23458,45.059207
"Fall_Webworm",11.462143,44.833226
"Fall_Webworm",9.294465,45.387335
"Fall_Webworm",127.134006,36.788145
"Fall_Webworm",11.725145,44.670848
"Fall_Webworm",34.014348,45.111459
"Fall_Webworm",30.811588,50.539233
"Fall_Webworm",9.730831,45.547911
"Fall_Webworm",26.518153,50.692894
"Fall_Webworm",12.053729,45.61177
"Fall_Webworm",27.659157,46.162033
"Fall_Webworm",7.706895,44.975492
"Fall_Webworm",126.689378,37.783478
"Fall_Webworm",7.767576,45.160964
"Fall_Webworm",127.141387,36.774942
"Fall_Webworm",127.145368,36.780386
"Fall_Webworm",127.145368,36.780386
"Fall_Webworm",127.145368,36.780386
"Fall_Webworm",9.22455,45.219155
"Fall_Webworm",7.880765,44.506325
"Fall_Webworm",127.139538,36.794556
"Fall_Webworm",10.473383,45.031538
"Fall_Webworm",8.690778,45.631302
"Fall_Webworm",9.493697,45.49488
"Fall_Webworm",8.73,45.260178
"Fall_Webworm",8.29603,45.176598
"Fall_Webworm",8.694142,45.619629
"Fall_Webworm",127.134607,36.789013
"Fall_Webworm",127.110119,36.801589
"Fall_Webworm",127.097036,36.79991
"Fall_Webworm",127.132214,36.787355
"Fall_Webworm",8.696222,45.64532
"Fall_Webworm",16.7997,47.7611
"Fall_Webworm",127.14353,36.796721
"Fall_Webworm",127.138551,36.795346
"Fall_Webworm",10.258611,45.055
"Fall_Webworm",9.132568,45.185808
"Fall_Webworm",26.083922,44.458959
"Fall_Webworm",127.097272,36.799966
"Fall_Webworm",8.696032,45.610481
"Fall_Webworm",127.110978,36.801241
"Fall_Webworm",12.43456,45.652357
"Fall_Webworm",10.230054,45.042825
"Fall_Webworm",127.134993,36.788455
"Fall_Webworm",11.535421,45.545479
"Fall_Webworm",12.434195,45.65275
"Fall_Webworm",127.138251,36.795725
"Fall_Webworm",36.300864,51.744074
"Fall_Webworm",11.461275,44.833485
"Fall_Webworm",7.932453,45.316247
"Fall_Webworm",7.942057,45.331758
"Fall_Webworm",21.1095,55.7076
"Fall_Webworm",21.1095,55.7091
"Fall_Webworm",127.138437,36.787587
"Fall_Webworm",8.104754,44.953611
"Fall_Webworm",8.104665,44.952188
"Fall_Webworm",127.112126,36.776885
"Fall_Webworm",8.783007,45.690066
"Fall_Webworm",17.177406,48.133143
"Fall_Webworm",126.507007,36.724258
"Fall_Webworm",126.44547,36.747605
"Fall_Webworm",126.446327,36.74764
"Fall_Webworm",127.136976,36.793508
"Fall_Webworm",126.470367,36.779839
"Fall_Webworm",126.452736,36.786961
"Fall_Webworm",126.473127,36.778555
"Fall_Webworm",10.451199,44.922942
"Fall_Webworm",11.939413,45.399233
"Fall_Webworm",127.110367,36.801637
"Fall_Webworm",39.727675,43.57876
"Fall_Webworm",7.56262,43.9814
"Fall_Webworm",-0.61884,44.78114
"Fall_Webworm",9.321967,45.368441
"Fall_Webworm",9.261426,44.896645
"Fall_Webworm",9.322102,45.368435
"Fall_Webworm",126.691008,36.099775
"Fall_Webworm",126.691008,36.099775
"Fall_Webworm",126.691008,36.099775
"Fall_Webworm",126.691008,36.099775
"Fall_Webworm",126.691008,36.099775
"Fall_Webworm",126.691008,36.099775
"Fall_Webworm",126.691008,36.099775
"Fall_Webworm",126.691008,36.099775
"Fall_Webworm",126.691008,36.099775
"Fall_Webworm",126.691008,36.099775
"Fall_Webworm",10.802693,45.140453
"Fall_Webworm",7.666472,44.793245
"Fall_Webworm",10.515265,44.903757
"Fall_Webworm",9.871701,45.116265
"Fall_Webworm",27.479356,42.497773
"Fall_Webworm",10.476665,45.131786
"Fall_Webworm",8.694467,45.611464
"Fall_Webworm",8.694462,45.611458
"Fall_Webworm",8.691791,45.632524
"Fall_Webworm",7.708581,44.846393
"Fall_Webworm",136.944153,35.202705
"Fall_Webworm",7.587434,45.07309
"Fall_Webworm",9.128693,45.622858
"Fall_Webworm",9.183676,45.424103
"Fall_Webworm",8.108424,44.954595
"Fall_Webworm",11.704145,44.750982
"Fall_Webworm",7.607796,45.073513
"Fall_Webworm",29.072292,40.973502
"Fall_Webworm",127.043495,37.09715
"Fall_Webworm",11.668099,44.65727
"Fall_Webworm",36.712431,45.206308
"Fall_Webworm",7.56262,43.9814
"Fall_Webworm",7.921062,45.332086
"Fall_Webworm",7.32139,44.2431
"Fall_Webworm",126.446642,36.744988
"Fall_Webworm",10.455633,45.125332
"Fall_Webworm",9.218709,45.544317
"Fall_Webworm",9.304965,45.446618
"Fall_Webworm",9.76408,45.282676
"Fall_Webworm",10.436347,45.138186
"Fall_Webworm",10.436423,45.138287
"Fall_Webworm",10.235398,45.05791
"Fall_Webworm",104.69114,38.073254
"Fall_Webworm",137.46935,36.767387
"Fall_Webworm",7.904719,45.328182
"Fall_Webworm",26.618828,51.333033
"Fall_Webworm",10.436414,45.138263
"Fall_Webworm",18.749706,47.822733
"Fall_Webworm",9.104465,45.560219
"Fall_Webworm",9.186202,45.479813
"Fall_Webworm",9.197533,45.590555
"Fall_Webworm",9.873986,45.086755
"Fall_Webworm",9.873948,45.086831
"Fall_Webworm",127.060082,37.740653
"Fall_Webworm",11.939402,45.399225
"Fall_Webworm",126.471258,36.779451
"Fall_Webworm",126.471626,36.779336
"Fall_Webworm",126.469826,36.780119
"Fall_Webworm",126.471153,36.77943
"Fall_Webworm",126.471168,36.779509
"Fall_Webworm",126.489007,36.784491
"Fall_Webworm",126.444725,36.746925
"Fall_Webworm",21.92,43.3
"Fall_Webworm",22.254,47.765
"Fall_Webworm",21.92,43.3
"Fall_Webworm",10.440705,45.131272
"Fall_Webworm",10.277276,45.083407
"Fall_Webworm",10.277357,45.083391
"Fall_Webworm",126.542091,36.672035
"Fall_Webworm",126.471527,36.779255
"Fall_Webworm",126.471687,36.779289
"Fall_Webworm",127.545804,36.682564
"Fall_Webworm",126.471708,36.779152
"Fall_Webworm",126.46923,36.779835
"Fall_Webworm",7.764083,45.264323
"Fall_Webworm",10.436346,45.138301
"Fall_Webworm",9.34333,45.596328
"Fall_Webworm",10.435924,45.138214
"Fall_Webworm",10.277387,45.083692
"Fall_Webworm",126.445367,36.74736
"Fall_Webworm",10.234783,45.058022
"Fall_Webworm",126.445275,36.747765
"Fall_Webworm",126.44548,36.74755
"Fall_Webworm",126.445563,36.748372
"Fall_Webworm",126.470886,36.779398
"Fall_Webworm",126.472646,36.778816
"Fall_Webworm",39.728774,43.5716
"Fall_Webworm",126.444982,36.747623
"Fall_Webworm",126.445062,36.747682
"Fall_Webworm",126.445285,36.74776
"Fall_Webworm",126.445335,36.74779
"Fall_Webworm",126.445538,36.748378
"Fall_Webworm",126.44498,36.747628
"Fall_Webworm",126.444985,36.747633
"Fall_Webworm",8.646067,45.053364
"Fall_Webworm",8.193079,44.864391
"Fall_Webworm",20.136094,45.785667
"Fall_Webworm",126.444752,36.746912
"Fall_Webworm",9.315482,45.457935
"Fall_Webworm",7.942217,45.331489
"Fall_Webworm",8.623111,45.126991
"Fall_Webworm",126.46947,36.77965
"Fall_Webworm",9.128523,45.622865
"Fall_Webworm",10.424386,45.133125
"Fall_Webworm",9.211469,45.540255
"Fall_Webworm",126.442892,36.743908
"Fall_Webworm",126.442643,36.744543
"Fall_Webworm",126.445565,36.748365
"Fall_Webworm",126.445574,36.748352
"Fall_Webworm",126.424412,36.704853
"Fall_Webworm",126.445978,36.747585
"Fall_Webworm",126.52362,36.719218
"Fall_Webworm",126.44274,36.744387
"Fall_Webworm",126.444718,36.746935
"Fall_Webworm",126.5236,36.719195
"Fall_Webworm",11.876542,45.319443
"Fall_Webworm",10.455145,44.922965
"Fall_Webworm",8.826996,45.316928
"Fall_Webworm",9.306557,45.374916
"Fall_Webworm",126.444115,36.742715
"Fall_Webworm",10.473996,45.46985
"Fall_Webworm",139.506497,35.887285
"Fall_Webworm",11.824993,45.372702
"Fall_Webworm",141.16875,39.704167
"Fall_Webworm",141.16875,39.704167
"Fall_Webworm",141.16875,39.704167
"Fall_Webworm",141.16875,39.704167
"Fall_Webworm",141.16875,39.704167
"Fall_Webworm",141.16875,39.704167
"Fall_Webworm",141.16875,39.704167
"Fall_Webworm",141.16875,39.704167
"Fall_Webworm",141.13125,39.270833
"Fall_Webworm",136.7916,35.115072
"Fall_Webworm",137.156874,35.085733
"Fall_Webworm",139.607778,36.2275
"Fall_Webworm",139.651389,36.234722
"Fall_Webworm",139.650833,36.219722
"Fall_Webworm",136.447863,36.430866
"Fall_Webworm",136.447863,36.430866
"Fall_Webworm",136.447863,36.430866
"Fall_Webworm",136.447863,36.430866
"Fall_Webworm",136.447863,36.430866
"Fall_Webworm",140.328506,38.253131
"Fall_Webworm",140.437859,38.308506
"Fall_Webworm",10.442892,44.925305
"Fall_Webworm",10.317836,44.925867
"Fall_Webworm",127.467426,36.613172
"Fall_Webworm",7.666429,44.792785
"Fall_Webworm",10.499224,45.036732
"Fall_Webworm",7.673343,44.907101
"Fall_Webworm",10.314907,44.928365
"Fall_Webworm",11.939327,45.399248
"Fall_Webworm",9.030098,45.685771
"Fall_Webworm",10.499321,45.03672
"Fall_Webworm",8.138502,45.209261
"Fall_Webworm",7.695725,44.950428
"Fall_Webworm",10.432576,45.138943
"Fall_Webworm",11.998,54.603
"Fall_Webworm",11.939533,45.399177
"Fall_Webworm",113.256842305516,35.1212682189836
"Fall_Webworm",113.194712716824,34.9751797266535
"Fall_Webworm",113.466739564611,34.782074248286
"Fall_Webworm",113.644732440323,35.1514934242933
"Fall_Webworm",113.933551068838,35.2891860262596
"Fall_Webworm",113.55741518054,34.2816791826035
"Fall_Webworm",114.296253532554,34.9315210967617
"Fall_Webworm",114.574997092632,35.0792887671646
"Fall_Webworm",114.716048050744,34.7065112350118
"Fall_Webworm",114.36677901161,34.3572421958777
"Fall_Webworm",114.2996118887,34.649419180538
"Fall_Webworm",114.077960383095,34.1288739779823
"Fall_Webworm",113.81936695989,34.2800000045307
"Fall_Webworm",114.010793260185,34.4781430171164
"Fall_Webworm",113.762274905416,34.6359857559559
"Fall_Webworm",113.883175726655,34.9483128774893
"Fall_Webworm",113.305538469626,33.746021377393
"Fall_Webworm",113.668240933342,33.9475227461242
"Fall_Webworm",113.795858466872,33.739304665102
"Fall_Webworm",113.910042575819,33.5210115156432
"Fall_Webworm",113.883175726655,33.3195101469119
"Fall_Webworm",113.426439290864,33.3396602837851
"Fall_Webworm",113.167845867659,32.6344054932258
"Fall_Webworm",112.580133542193,32.0466931677598
"Fall_Webworm",111.967233545636,31.9392257711031
"Fall_Webworm",113.250125593225,31.667198923316
"Fall_Webworm",113.727012165889,31.583240019678
"Fall_Webworm",114.056131068149,31.5462981020772
"Fall_Webworm",113.572527783195,31.2490835831987
"Fall_Webworm",113.461702030392,30.9132479686467
"Fall_Webworm",113.854629699418,30.8964561879191
"Fall_Webworm",113.659845042978,31.0542989267585
"Fall_Webworm",113.814329425672,31.1483328988331
"Fall_Webworm",113.948663671493,31.2725920762173
"Fall_Webworm",114.558205311905,31.2793087885084
"Fall_Webworm",114.810082022819,31.6420112522246
"Fall_Webworm",113.926834356547,32.0987476880153
"Fall_Webworm",114.027585040913,32.0685224827056
"Fall_Webworm",114.430587778375,32.2095734408175
"Fall_Webworm",114.833590515837,32.0047137159408
"Fall_Webworm",114.991433254677,32.1323312494705
"Fall_Webworm",115.374285855266,31.8065707033551
"Fall_Webworm",115.689971332945,32.1827065916533
"Fall_Webworm",115.350777362248,32.4312249464218
"Fall_Webworm",114.648880927834,32.3271159059107
"Fall_Webworm",114.259311614953,32.5756342606792
"Fall_Webworm",113.899967507383,32.7704189171194
"Fall_Webworm",113.869742302073,33.0827460386528
"Fall_Webworm",114.155202574442,33.2305137090557
"Fall_Webworm",114.235803121935,32.9383367243954
"Fall_Webworm",114.56156366805,32.9383367243954
"Fall_Webworm",114.917549419475,32.7368353556642
"Fall_Webworm",114.267707505317,33.9962189102343
"Fall_Webworm",114.402041751138,33.7510589116113
"Fall_Webworm",114.506150791649,33.4689569953876
"Fall_Webworm",114.794969420164,33.6503082272457
"Fall_Webworm",115.130805034716,33.5831411043353
"Fall_Webworm",114.841986406201,33.3614895987309
"Fall_Webworm",115.03005435035,33.3178309688392
"Fall_Webworm",115.167746952317,33.0474832991248
"Fall_Webworm",115.590899826652,33.1515923396359
"Fall_Webworm",115.819268044548,32.8997156287219
"Fall_Webworm",115.580824758216,32.6411222055169
"Fall_Webworm",116.27096694612,32.6411222055169
"Fall_Webworm",116.281042014557,32.3489452208566
"Fall_Webworm",116.731061738056,32.7418728898825
"Fall_Webworm",116.804945573258,32.5907468633341
"Fall_Webworm",117.076972421045,32.6847808354086
"Fall_Webworm",116.845245847004,32.8191150812294
"Fall_Webworm",117.241531872175,32.5202213842781
"Fall_Webworm",117.218023379157,32.9702411077778
"Fall_Webworm",117.634459541201,32.9097906971585
"Fall_Webworm",117.741926937858,32.577313438752
"Fall_Webworm",118.060970771682,32.8459819303936
"Fall_Webworm",117.95014501888,33.2019676818187
"Fall_Webworm",118.329639263324,33.5344449402252
"Fall_Webworm",117.963578443462,33.5310865840797
"Fall_Webworm",117.597517623601,33.571386857826
"Fall_Webworm",117.355715981123,33.3295852153485
"Fall_Webworm",116.989655161261,33.6318372684453
"Fall_Webworm",116.576577355362,33.2724931608747
"Fall_Webworm",116.1735746179,33.1448756273449
"Fall_Webworm",116.20379982321,33.494144666479
"Fall_Webworm",116.408659548086,33.8971474039414
"Fall_Webworm",117.30785940605,31.961055086049
"Fall_Webworm",117.37502652896,31.8938879631386
"Fall_Webworm",117.563094473109,31.9879219352132
"Fall_Webworm",117.969455566717,31.7024616628439
"Fall_Webworm",118.201182140758,31.8367959086647
"Fall_Webworm",118.617618302802,31.6789531698253
"Fall_Webworm",118.627693371239,31.8300791963737
"Fall_Webworm",118.526942686873,31.464018376512
"Fall_Webworm",118.305291181269,31.2322918024711
"Fall_Webworm",118.503434193855,31.0475822144675
"Fall_Webworm",117.89221337537,31.0542989267585
"Fall_Webworm",117.583244609982,30.7889887912624
"Fall_Webworm",121.623347053043,30.8494392018818
"Fall_Webworm",121.727456093554,30.9501898862474
"Fall_Webworm",121.821490065629,31.22557509018
"Fall_Webworm",121.485654451077,31.1080326250868
"Fall_Webworm",121.344603492965,31.2155000217435
"Fall_Webworm",121.515879656386,31.4371515273478
"Fall_Webworm",108.589566852279,34.117119731473
"Fall_Webworm",113.996520246567,37.8717619021647
"Fall_Webworm",114.103987643223,38.1169219007876
"Fall_Webworm",114.382731203301,37.9053454636199
"Fall_Webworm",114.359222710283,38.2781229957726
"Fall_Webworm",114.574157503596,38.429249022321
"Fall_Webworm",114.69841668098,38.5367164189777
"Fall_Webworm",114.896559693566,38.6206753226157
"Fall_Webworm",114.997310377932,38.6979175139627
"Fall_Webworm",115.171944897499,38.7718013491641
"Fall_Webworm",115.326429280193,38.9162106634215
"Fall_Webworm",115.511138868196,39.0203197039326
"Fall_Webworm",115.480913662886,39.3527969623391
"Fall_Webworm",115.76301557911,39.3830221676488
"Fall_Webworm",116.026646536534,39.5324690161244
"Fall_Webworm",116.159301604282,39.9925638080607
"Fall_Webworm",116.327219411558,40.2880991488665
"Fall_Webworm",116.424611739778,40.3485495594859
"Fall_Webworm",116.790672559639,40.445941887706
"Fall_Webworm",117.079491188154,40.5231840790529
"Fall_Webworm",117.37502652896,40.3048909295941
"Fall_Webworm",117.731012280385,40.5869928458178
"Fall_Webworm",118.73180241175,40.7481939408028
"Fall_Webworm",119.235555833578,40.5601259966537
"Fall_Webworm",117.919080224534,40.7280438039297
"Fall_Webworm",118.21461556534,40.3283994226128
"Fall_Webworm",118.594109809784,40.3250410664672
"Fall_Webworm",118.966887341936,40.1671983276278
"Fall_Webworm",119.167549121631,40.0462975063891
"Fall_Webworm",119.520176516911,40.0429391502435
"Fall_Webworm",120.094455417795,40.1571232591912
"Fall_Webworm",119.889595692918,40.0731643555532
"Fall_Webworm",119.788845008553,39.9892054519152
"Fall_Webworm",119.479876243165,39.8884547675496
"Fall_Webworm",119.214566107669,39.6029944951804
"Fall_Webworm",118.915672410717,39.6970284672549
"Fall_Webworm",119.187699258504,39.8481544938034
"Fall_Webworm",118.919030766863,39.9455468220234
"Fall_Webworm",118.344751865979,39.7742706586019
"Fall_Webworm",118.012274607572,39.5190355915424
"Fall_Webworm",118.586553508456,39.95562189046
"Fall_Webworm",118.710812685841,40.1268980538815
"Fall_Webworm",118.371618715143,40.123539697736
"Fall_Webworm",117.941749128516,40.0462975063891
"Fall_Webworm",118.149967209539,40.0933144924263
"Fall_Webworm",117.888855019224,39.1949542234997
"Fall_Webworm",117.798179403295,39.1210703882982
"Fall_Webworm",117.465702144889,39.0404698408057
"Fall_Webworm",116.992173928371,38.9699443617498
"Fall_Webworm",116.659696669964,38.6609755963619
"Fall_Webworm",116.851122970259,38.5232829943956
"Fall_Webworm",117.522794199363,40.0832394239898
"Fall_Webworm",117.47241885718,39.864946274531
"Fall_Webworm",117.049265982844,40.2545155874113
"Fall_Webworm",117.197033653247,40.0630892871167
"Fall_Webworm",117.197033653247,39.8347210692213
"Fall_Webworm",116.904856668587,40.0160723010794
"Fall_Webworm",116.787314203494,40.1974235329375
"Fall_Webworm",116.542154204871,40.1571232591912
"Fall_Webworm",116.666413382255,39.9321133974414
"Fall_Webworm",116.367519685304,40.0127139449339
"Fall_Webworm",116.296994206248,39.6869533988184
"Fall_Webworm",116.485062150397,39.7641955901654
"Fall_Webworm",116.904856668587,39.787704083184
"Fall_Webworm",116.689921875274,39.6500114812177
"Fall_Webworm",116.595887903199,39.4082098387402
"Fall_Webworm",116.357444616867,39.4384350440499
"Fall_Webworm",117.354876392087,39.290667373647
"Fall_Webworm",117.109716393464,39.2503670999007
"Fall_Webworm",117.176883516374,39.5089605231058
"Fall_Webworm",116.948515298479,39.6063528513259
"Fall_Webworm",118.777140219715,37.925495600493
"Fall_Webworm",118.824157205752,37.589659985941
"Fall_Webworm",118.797290356588,37.4418923155381
"Fall_Webworm",118.340553920797,37.6702605334335
"Fall_Webworm",117.440514473798,38.3956654608658
"Fall_Webworm",117.5882821442,38.1135635446421
"Fall_Webworm",117.702466253148,37.6836939580155
"Fall_Webworm",116.909894202805,38.1807306675525
"Fall_Webworm",117.13154570841,38.1337136815153
"Fall_Webworm",117.333047077141,37.8448950530005
"Fall_Webworm",117.218862968193,37.5157761507395
"Fall_Webworm",117.547981870454,37.4083087540829
"Fall_Webworm",117.930834471044,37.253824371389
"Fall_Webworm",118.286820222469,37.3008413574262
"Fall_Webworm",118.568922138692,37.1933739607696
"Fall_Webworm",119.065958848229,36.8508216339265
"Fall_Webworm",118.756990082842,36.5687197177028
"Fall_Webworm",118.696539672222,36.8508216339265
"Fall_Webworm",118.320403783924,36.93813889371
"Fall_Webworm",117.964418032499,36.9448556060011
"Fall_Webworm",117.695749540857,36.6426035529043
"Fall_Webworm",118.024868443118,36.5821531422849
"Fall_Webworm",119.811513912535,36.8911219076728
"Fall_Webworm",119.583145694639,36.763504374143
"Fall_Webworm",119.515978571729,36.5888698545759
"Fall_Webworm",119.549562133184,36.4478188964641
"Fall_Webworm",119.751063501916,36.0548912274382
"Fall_Webworm",119.502545147147,35.7660725989235
"Fall_Webworm",119.784647063371,35.4839706826998
"Fall_Webworm",119.616729256095,35.1750019173119
"Fall_Webworm",119.643596105259,34.7988660290136
"Fall_Webworm",119.079392272811,35.5914380793564
"Fall_Webworm",118.87789090408,35.7929394480876
"Fall_Webworm",118.662956110767,35.5511378056102
"Fall_Webworm",119.092825697394,35.2220189033492
"Fall_Webworm",118.851024054916,35.0003673977449
"Fall_Webworm",120.389151169564,37.2504660152434
"Fall_Webworm",120.395867881855,36.8608967023631
"Fall_Webworm",120.147349527087,36.4578939649006
"Fall_Webworm",120.436168155602,36.350426568244
"Fall_Webworm",120.805587331609,36.2429591715874
"Fall_Webworm",120.946638289721,36.2966928699157
"Fall_Webworm",120.74513692099,36.3840101296992
"Fall_Webworm",120.933204865139,36.5250610878111
"Fall_Webworm",120.993655275758,37.0355312219301
"Fall_Webworm",121.215306781362,37.1900156046241
"Fall_Webworm",121.269040479691,37.5191345068851
"Fall_Webworm",120.899621303683,37.5191345068851
"Fall_Webworm",120.966788426594,37.8751202583102
"Fall_Webworm",121.141422946161,38.0497547778773
"Fall_Webworm",121.630063765334,37.7676528616536
"Fall_Webworm",121.851715270938,37.8616868337281
"Fall_Webworm",122.066650064252,37.6937690264521
"Fall_Webworm",122.012916365923,37.2773328644076
"Fall_Webworm",121.67036403908,37.0489646465122
"Fall_Webworm",122.530103212334,37.5930183420865
"Fall_Webworm",122.57040348608,37.8213865599819
"Fall_Webworm",122.899522388341,37.5527180683403
"Fall_Webworm",114.392806271738,37.1429986185868
"Fall_Webworm",114.399522984029,37.3310665627359
"Fall_Webworm",114.433106545484,37.6198851912507
"Fall_Webworm",114.829392570656,37.4385339593926
"Fall_Webworm",114.963726816476,37.0758314956764
"Fall_Webworm",114.648041338797,36.854179990072
"Fall_Webworm",114.809242433782,36.7534293057064
"Fall_Webworm",114.305489011954,36.9280638252735
"Fall_Webworm",114.419673120902,36.7332791688333
"Fall_Webworm",114.298772299663,36.4914775263559
"Fall_Webworm",114.554007366723,36.3034095822067
"Fall_Webworm",114.862976132111,36.6325284844677
"Fall_Webworm",114.251755313626,35.9272736939084
"Fall_Webworm",114.050253944895,35.7795060235056
"Fall_Webworm",114.077120794059,35.524270956446
"Fall_Webworm",114.379372847156,35.4369536966625
"Fall_Webworm",114.520423805268,35.5511378056102
"Fall_Webworm",114.977160241058,35.2085854787671
"Fall_Webworm",115.37344626623,35.1548517804388
"Fall_Webworm",115.487630375178,35.5511378056102
"Fall_Webworm",114.916709830439,35.6048715039385
"Fall_Webworm",114.809242433782,35.8936901324532
"Fall_Webworm",114.970443528767,36.2765427330426
"Fall_Webworm",115.333145992484,36.4377438280275
"Fall_Webworm",115.37344626623,36.343709855953
"Fall_Webworm",115.930933386386,36.3235597190798
"Fall_Webworm",115.769732291401,35.853389858707
"Fall_Webworm",115.601814484125,36.1019082134755
"Fall_Webworm",115.171944897499,36.014590953692
"Fall_Webworm",115.319712567902,35.8869734201622
"Fall_Webworm",115.897349824931,35.5377043810281
"Fall_Webworm",115.521213936633,34.7719991798495
"Fall_Webworm",115.527930648924,34.3219794563498
"Fall_Webworm",115.843616126603,34.3219794563498
"Fall_Webworm",114.997310377932,34.3488463055139
"Fall_Webworm",115.077910925424,34.5906479479914
"Fall_Webworm",115.742865442237,33.8316594591038
"Fall_Webworm",116.092134481371,34.1674950736558
"Fall_Webworm",116.354086260722,34.368996442387
"Fall_Webworm",116.562304341744,34.6242315094466
"Fall_Webworm",116.951873654624,34.698115344648
"Fall_Webworm",117.233975570848,34.7518490429763
"Fall_Webworm",117.583244609982,35.027234246909
"Fall_Webworm",117.845196389333,34.5906479479914
"Fall_Webworm",117.542944336236,34.4495969898795
"Fall_Webworm",117.542944336236,34.7384156183943
"Fall_Webworm",117.301142693758,34.2279454842752
"Fall_Webworm",117.220542146266,34.1406282244917
"Fall_Webworm",116.844406257968,33.8988265820142
"Fall_Webworm",116.972023791497,34.1473449367827
"Fall_Webworm",118.37917501647,32.1927816600899
"Fall_Webworm",118.372458304179,32.4077164534032
"Fall_Webworm",118.547092823746,32.5084671377688
"Fall_Webworm",118.950095561209,32.4278665902763
"Fall_Webworm",118.755310904769,32.1860649477989
"Fall_Webworm",119.02397939641,32.0920309757243
"Fall_Webworm",119.191897203686,32.4077164534032
"Fall_Webworm",119.594899941149,32.2800989198734
"Fall_Webworm",119.99118596632,32.3606994673659
"Fall_Webworm",120.085219938395,32.5689175483882
"Fall_Webworm",120.306871443999,32.6226512467165
"Fall_Webworm",120.515089525021,32.9786369981416
"Fall_Webworm",120.709874181462,33.3480561741489
"Fall_Webworm",120.065069801522,33.0256539841789
"Fall_Webworm",119.588183228858,32.8846030260671
"Fall_Webworm",119.594899941149,32.6763849450448
"Fall_Webworm",119.15159692994,32.7972857662836
"Fall_Webworm",119.326231449507,32.9920704227237
"Fall_Webworm",119.131446793067,33.1331213808356
"Fall_Webworm",118.600826522075,33.0861043947983
"Fall_Webworm",118.963528985791,33.4286567216414
"Fall_Webworm",119.205330628268,33.6100079534995
"Fall_Webworm",119.460565695328,33.3346227495668
"Fall_Webworm",119.971035829447,33.5629909674622
"Fall_Webworm",120.360605142327,33.4689569953876
"Fall_Webworm",120.515089525021,33.9055432943052
"Fall_Webworm",120.058353089231,33.8988265820142
"Fall_Webworm",120.239704321089,33.7241920624471
"Fall_Webworm",119.475678297983,33.8283011029583
"Fall_Webworm",119.764496926498,34.2111537035476
"Fall_Webworm",119.536128708602,34.1977202789655
"Fall_Webworm",119.482395010274,34.4126550722788
"Fall_Webworm",119.824947337117,34.3522046616594
"Fall_Webworm",120.086899116468,34.1574200052193
"Fall_Webworm",119.00550843761,34.5805728795548
"Fall_Webworm",118.958491451573,34.1507032929282
"Fall_Webworm",118.871174191789,33.7477005554658
"Fall_Webworm",118.481604878909,33.9760687733612
"Fall_Webworm",118.092035566028,33.9156183627418
"Fall_Webworm",118.118902415193,34.3320545247863
"Fall_Webworm",118.515188440364,34.5872895918459
"Fall_Webworm",118.575638850983,34.3320545247863
"Fall_Webworm",118.219653099558,34.8559580834875
"Fall_Webworm",118.542055289528,35.0440260276366
"Fall_Webworm",118.145769264357,35.265677533241
"Fall_Webworm",117.756199951476,35.433595340517
"Fall_Webworm",118.125619127484,35.608229860084
"Fall_Webworm",117.856950635842,35.8701816394346
"Fall_Webworm",118.347270633088,36.1455668433673
"Fall_Webworm",117.870384060424,36.1455668433673
"Fall_Webworm",116.090455303298,34.7552073991219
"Fall_Webworm",115.915820783731,34.8559580834875
"Fall_Webworm",116.23150626141,34.9970090415993
"Fall_Webworm",116.674809272619,34.9298419186889
"Fall_Webworm",116.674809272619,35.3093361631327
"Fall_Webworm",117.050945160917,35.3227695877148
"Fall_Webworm",117.373347350887,35.6048715039385
"Fall_Webworm",116.083738591007,35.2824693139686
"Fall_Webworm",116.305390096612,35.524270956446
"Fall_Webworm",116.506891465343,35.7392057497593
"Fall_Webworm",116.829293655313,35.6451717776847
"Fall_Webworm",117.178562694447,36.0817580766024
"Fall_Webworm",116.762126532402,36.1086249257665
"Fall_Webworm",116.48674132847,36.0481745151472
"Fall_Webworm",116.224789549119,36.189225473259
"Fall_Webworm",116.271806535157,36.6258117721767
"Fall_Webworm",116.788993381567,36.6929788950871
"Fall_Webworm",117.091245434663,36.5250610878111
"Fall_Webworm",116.594208725126,36.343709855953
"Fall_Webworm",117.312896940268,36.9549306744376
"Fall_Webworm",114.990593665641,38.0497547778773
"Fall_Webworm",114.916709830439,37.7743695739446
"Fall_Webworm",115.346579417066,37.8684035460192
"Fall_Webworm",114.990593665641,38.3184232695189
"Fall_Webworm",115.407029827685,38.4057405293024
"Fall_Webworm",115.447330101431,38.2042391605712
"Fall_Webworm",115.977950372423,38.3184232695189
"Fall_Webworm",115.857049551185,38.7348594315634
"Fall_Webworm",116.380953109886,38.9229273757125
"Fall_Webworm",116.078701056789,38.9296440880036
"Fall_Webworm",115.668981607036,38.5333580628322
"Fall_Webworm",115.736148729946,38.1639388868249
"Fall_Webworm",115.407029827685,37.183298892333
"Fall_Webworm",115.252545444991,36.8004462917437
"Fall_Webworm",115.689131743909,36.8205964286168
"Fall_Webworm",115.702565168491,37.3982336856463
"Fall_Webworm",115.648831470162,37.7273525879073
"Fall_Webworm",115.836899414312,37.9221372443475
"Fall_Webworm",116.266769000938,37.8885536828923
"Fall_Webworm",116.616038040072,37.9422873812206
"Fall_Webworm",116.763805710475,37.4452506716836
"Fall_Webworm",116.273485713229,37.3780835487732
"Fall_Webworm",115.917499961804,37.0892649202585
"Fall_Webworm",116.313785986976,36.9885142358929
"Fall_Webworm",116.723505436729,37.0623980710943
"Fall_Webworm",117.099641325027,37.1026983448405
"Fall_Webworm",117.039190914408,37.2773328644076
"Fall_Webworm",116.575737766326,37.2235991660793
"Fall_Webworm",115.030893939387,40.8573405155322
"Fall_Webworm",118.950095561209,41.1327257194649
"Fall_Webworm",120.683007332297,40.4207542166146
"Fall_Webworm",120.995334453831,40.7498731188755
"Fall_Webworm",121.227061027872,40.8539821593867
"Fall_Webworm",120.981901029249,41.2166846231029
"Fall_Webworm",121.294228150782,41.1864594177932
"Fall_Webworm",121.566254998569,41.2804933898678
"Fall_Webworm",121.163252261107,41.0521251719724
"Fall_Webworm",121.448712533476,41.6683835246753
"Fall_Webworm",121.616630340752,41.853093112679
"Fall_Webworm",121.82820677792,42.1419117411937
"Fall_Webworm",121.962541023741,42.1922870833765
"Fall_Webworm",122.321885131311,41.7993594143506
"Fall_Webworm",122.456219377132,41.5407659911456
"Fall_Webworm",122.634212252845,41.5206158542725
"Fall_Webworm",122.231209515382,41.3661314715785
"Fall_Webworm",122.305093350584,41.0773128430638
"Fall_Webworm",122.654362389718,40.788494214549
"Fall_Webworm",122.788696635539,40.7784191461125
"Fall_Webworm",122.630853896699,40.5265424351985
"Fall_Webworm",122.425994171822,40.4022832578142
"Fall_Webworm",122.953256086669,41.0235791447355
"Fall_Webworm",123.18498266071,41.2620224310674
"Fall_Webworm",122.720689923592,42.4727098215275
"Fall_Webworm",123.016225264398,42.1167240701023
"Fall_Webworm",123.51662033008,41.8984309206435
"Fall_Webworm",123.543487179244,41.5491618815094
"Fall_Webworm",123.677821425065,41.9555229751173
"Fall_Webworm",123.718121698811,41.2200429792484
"Fall_Webworm",123.378927728114,41.3711690057968
"Fall_Webworm",123.996865258889,41.4920698270355
"Fall_Webworm",124.020373751908,41.2637016091402
"Fall_Webworm",124.362926078751,41.4584862655803
"Fall_Webworm",124.134557860856,42.0260484541733
"Fall_Webworm",124.077465806382,42.4156177670536
"Fall_Webworm",124.255458682095,42.6641361218221
"Fall_Webworm",124.332700873442,42.9160128327361
"Fall_Webworm",124.362926078751,42.6540610533855
"Fall_Webworm",123.795363890158,42.6036857112027
"Fall_Webworm",123.573712384554,42.6238358480759
"Fall_Webworm",123.560278959972,42.8656374905533
"Fall_Webworm",122.552772116316,43.0385928320476
"Fall_Webworm",123.731555123393,43.6263051575137
"Fall_Webworm",124.573662926883,43.4382372133645
"Fall_Webworm",125.07069963642,43.6195884452226
"Fall_Webworm",125.255409224423,43.0486679004842
"Fall_Webworm",125.443477168572,43.0721763935028
"Fall_Webworm",124.966590595908,42.8673166686261
"Fall_Webworm",125.781831550234,42.8270163948799
"Fall_Webworm",125.943032645218,42.6826070806225
"Fall_Webworm",125.953107713655,43.6464552943868
"Fall_Webworm",125.617272099103,41.4416944848527
"Fall_Webworm",126.463577847774,41.3107185951774
"Fall_Webworm",125.056426622801,40.9211492822971
"Fall_Webworm",124.344455119951,40.6491224345099
"Fall_Webworm",124.690365802939,40.3871706551594
"Fall_Webworm",124.639990460757,40.2897783269393
"Fall_Webworm",124.472072653481,40.0949936704991
"Fall_Webworm",123.566156083227,40.4509794219242
"Fall_Webworm",123.324354440749,39.8934923017679
"Fall_Webworm",122.928068415578,39.4736977835778
"Fall_Webworm",122.357147870839,39.794420795475
"Fall_Webworm",122.316847597093,39.5895610705983
"Fall_Webworm",122.085121023052,39.3041007982291
"Fall_Webworm",121.94407006494,39.1932750454269
"Fall_Webworm",121.571292532787,39.0354323065874
"Fall_Webworm",126.142015246841,44.2711095374535
"Fall_Webworm",126.024472781747,44.6472454257518
"Fall_Webworm",126.927870584892,44.9226306296845
"Fall_Webworm",131.871370831098,46.5950919901536
