"species","dd long","dd lat"
"Butternut_Canker",-71.250055534,46.789250132
"Butternut_Canker",-75.750055534,46.539250132
"Butternut_Canker",-85.250055534,46.539250132
"Butternut_Canker",-66.750055534,46.539250132
"Butternut_Canker",-84.000055534,46.289250132
"Butternut_Canker",-81.250055534,46.289250132
"Butternut_Canker",-85.250055534,46.289250132
"Butternut_Canker",-85.000055534,46.289250132
"Butternut_Canker",-84.750055534,46.289250132
"Butternut_Canker",-84.500055534,46.289250132
"Butternut_Canker",-85.750055534,46.039250132
"Butternut_Canker",-85.000055534,46.039250132
"Butternut_Canker",-84.500055534,46.039250132
"Butternut_Canker",-68.250055534,46.039250132
"Butternut_Canker",-71.250055534,46.039250132
"Butternut_Canker",-68.250055534,46.789250132
"Butternut_Canker",-68.250055534,46.539250132
"Butternut_Canker",-68.000055534,46.289250132
"Butternut_Canker",-67.250055534,46.289250132
"Butternut_Canker",-68.000055534,46.039250132
"Butternut_Canker",-67.750055534,46.039250132
"Butternut_Canker",-67.500055534,46.039250132
"Butternut_Canker",-67.250055534,46.039250132
"Butternut_Canker",-67.000055534,46.039250132
"Butternut_Canker",-66.750055534,46.039250132
"Butternut_Canker",-66.500055534,46.039250132
"Butternut_Canker",-66.500055534,45.789250132
"Butternut_Canker",-66.250055534,45.789250132
"Butternut_Canker",-94.500055534,47.289250132
"Butternut_Canker",-94.250055534,47.289250132
"Butternut_Canker",-94.000055534,47.289250132
"Butternut_Canker",-94.500055534,47.039250132
"Butternut_Canker",-94.250055534,47.039250132
"Butternut_Canker",-94.000055534,47.039250132
"Butternut_Canker",-93.750055534,47.039250132
"Butternut_Canker",-94.500055534,46.789250132
"Butternut_Canker",-94.250055534,46.789250132
"Butternut_Canker",-94.000055534,46.789250132
"Butternut_Canker",-93.750055534,46.789250132
"Butternut_Canker",-93.500055534,46.789250132
"Butternut_Canker",-93.250055534,46.789250132
"Butternut_Canker",-94.500055534,46.539250132
"Butternut_Canker",-94.250055534,46.539250132
"Butternut_Canker",-94.000055534,46.539250132
"Butternut_Canker",-93.750055534,46.539250132
"Butternut_Canker",-93.500055534,46.539250132
"Butternut_Canker",-93.250055534,46.539250132
"Butternut_Canker",-94.500055534,46.289250132
"Butternut_Canker",-94.250055534,46.289250132
"Butternut_Canker",-94.000055534,46.289250132
"Butternut_Canker",-93.750055534,46.289250132
"Butternut_Canker",-93.500055534,46.289250132
"Butternut_Canker",-93.250055534,46.289250132
"Butternut_Canker",-93.000055534,46.289250132
"Butternut_Canker",-94.500055534,46.039250132
"Butternut_Canker",-94.250055534,46.039250132
"Butternut_Canker",-94.000055534,46.039250132
"Butternut_Canker",-93.750055534,46.039250132
"Butternut_Canker",-93.500055534,46.039250132
"Butternut_Canker",-93.250055534,46.039250132
"Butternut_Canker",-94.500055534,45.789250132
"Butternut_Canker",-94.250055534,45.789250132
"Butternut_Canker",-94.000055534,45.789250132
"Butternut_Canker",-93.750055534,45.789250132
"Butternut_Canker",-93.500055534,45.789250132
"Butternut_Canker",-95.000055534,45.539250132
"Butternut_Canker",-94.750055534,45.539250132
"Butternut_Canker",-94.500055534,45.539250132
"Butternut_Canker",-94.250055534,45.539250132
"Butternut_Canker",-87.250055534,46.039250132
"Butternut_Canker",-87.000055534,46.039250132
"Butternut_Canker",-86.750055534,46.039250132
"Butternut_Canker",-87.500055534,45.789250132
"Butternut_Canker",-87.250055534,45.789250132
"Butternut_Canker",-87.500055534,45.539250132
"Butternut_Canker",-87.250055534,45.039250132
"Butternut_Canker",-83.750055534,45.039250132
"Butternut_Canker",-71.750055534,46.539250132
"Butternut_Canker",-76.000055534,46.289250132
"Butternut_Canker",-72.500055534,46.289250132
"Butternut_Canker",-72.250055534,46.289250132
"Butternut_Canker",-72.000055534,46.289250132
"Butternut_Canker",-76.250055534,46.039250132
"Butternut_Canker",-76.000055534,46.039250132
"Butternut_Canker",-75.750055534,46.039250132
"Butternut_Canker",-75.500055534,46.039250132
"Butternut_Canker",-75.250055534,46.039250132
"Butternut_Canker",-73.250055534,46.039250132
"Butternut_Canker",-73.000055534,46.039250132
"Butternut_Canker",-72.750055534,46.039250132
"Butternut_Canker",-72.500055534,46.039250132
"Butternut_Canker",-72.250055534,46.039250132
"Butternut_Canker",-72.000055534,46.039250132
"Butternut_Canker",-76.250055534,45.789250132
"Butternut_Canker",-76.000055534,45.789250132
"Butternut_Canker",-75.750055534,45.789250132
"Butternut_Canker",-75.500055534,45.789250132
"Butternut_Canker",-75.250055534,45.789250132
"Butternut_Canker",-75.000055534,45.789250132
"Butternut_Canker",-74.750055534,45.789250132
"Butternut_Canker",-74.500055534,45.789250132
"Butternut_Canker",-74.250055534,45.789250132
"Butternut_Canker",-74.000055534,45.789250132
"Butternut_Canker",-73.750055534,45.789250132
"Butternut_Canker",-73.500055534,45.789250132
"Butternut_Canker",-73.250055534,45.789250132
"Butternut_Canker",-73.000055534,45.789250132
"Butternut_Canker",-72.750055534,45.789250132
"Butternut_Canker",-72.500055534,45.789250132
"Butternut_Canker",-72.250055534,45.789250132
"Butternut_Canker",-72.000055534,45.789250132
"Butternut_Canker",-76.750055534,45.539250132
"Butternut_Canker",-76.500055534,45.539250132
"Butternut_Canker",-76.250055534,45.539250132
"Butternut_Canker",-76.000055534,45.539250132
"Butternut_Canker",-75.750055534,45.539250132
"Butternut_Canker",-75.500055534,45.539250132
"Butternut_Canker",-75.250055534,45.539250132
"Butternut_Canker",-75.000055534,45.539250132
"Butternut_Canker",-74.750055534,45.539250132
"Butternut_Canker",-74.500055534,45.539250132
"Butternut_Canker",-74.250055534,45.539250132
"Butternut_Canker",-74.000055534,45.539250132
"Butternut_Canker",-73.750055534,45.539250132
"Butternut_Canker",-73.500055534,45.539250132
"Butternut_Canker",-73.250055534,45.539250132
"Butternut_Canker",-73.000055534,45.539250132
"Butternut_Canker",-72.750055534,45.539250132
"Butternut_Canker",-72.500055534,45.539250132
"Butternut_Canker",-72.250055534,45.539250132
"Butternut_Canker",-72.000055534,45.539250132
"Butternut_Canker",-76.000055534,45.289250132
"Butternut_Canker",-74.500055534,45.289250132
"Butternut_Canker",-74.250055534,45.289250132
"Butternut_Canker",-74.000055534,45.289250132
"Butternut_Canker",-73.750055534,45.289250132
"Butternut_Canker",-73.500055534,45.289250132
"Butternut_Canker",-73.250055534,45.289250132
"Butternut_Canker",-73.000055534,45.289250132
"Butternut_Canker",-72.750055534,45.289250132
"Butternut_Canker",-72.500055534,45.289250132
"Butternut_Canker",-72.250055534,45.289250132
"Butternut_Canker",-72.000055534,45.289250132
"Butternut_Canker",-74.500055534,45.039250132
"Butternut_Canker",-74.250055534,45.039250132
"Butternut_Canker",-74.000055534,45.039250132
"Butternut_Canker",-73.750055534,45.039250132
"Butternut_Canker",-73.500055534,45.039250132
"Butternut_Canker",-73.250055534,45.039250132
"Butternut_Canker",-73.000055534,45.039250132
"Butternut_Canker",-72.750055534,45.039250132
"Butternut_Canker",-72.500055534,45.039250132
"Butternut_Canker",-72.250055534,45.039250132
"Butternut_Canker",-72.000055534,45.039250132
"Butternut_Canker",-92.750055534,45.539250132
"Butternut_Canker",-92.750055534,45.289250132
"Butternut_Canker",-92.750055534,45.039250132
"Butternut_Canker",-92.750055534,44.789250132
"Butternut_Canker",-87.500055534,44.789250132
"Butternut_Canker",-93.250055534,44.289250132
"Butternut_Canker",-93.000055534,44.289250132
"Butternut_Canker",-94.750055534,44.289250132
"Butternut_Canker",-94.500055534,44.289250132
"Butternut_Canker",-94.250055534,44.039250132
"Butternut_Canker",-94.000055534,44.039250132
"Butternut_Canker",-86.250055534,44.039250132
"Butternut_Canker",-84.000055534,44.039250132
"Butternut_Canker",-92.750055534,44.039250132
"Butternut_Canker",-92.750055534,43.789250132
"Butternut_Canker",-92.500055534,43.789250132
"Butternut_Canker",-92.250055534,43.789250132
"Butternut_Canker",-92.000055534,43.789250132
"Butternut_Canker",-91.750055534,43.789250132
"Butternut_Canker",-91.500055534,43.789250132
"Butternut_Canker",-91.250055534,43.789250132
"Butternut_Canker",-92.750055534,43.539250132
"Butternut_Canker",-92.500055534,43.539250132
"Butternut_Canker",-92.250055534,43.539250132
"Butternut_Canker",-92.000055534,43.539250132
"Butternut_Canker",-91.750055534,43.539250132
"Butternut_Canker",-91.500055534,43.539250132
"Butternut_Canker",-91.250055534,43.539250132
"Butternut_Canker",-94.750055534,43.289250132
"Butternut_Canker",-94.500055534,43.289250132
"Butternut_Canker",-70.000055534,44.539250132
"Butternut_Canker",-69.750055534,44.539250132
"Butternut_Canker",-69.500055534,44.539250132
"Butternut_Canker",-69.250055534,44.539250132
"Butternut_Canker",-70.500055534,44.289250132
"Butternut_Canker",-70.250055534,44.289250132
"Butternut_Canker",-70.000055534,44.289250132
"Butternut_Canker",-69.750055534,44.289250132
"Butternut_Canker",-69.500055534,44.289250132
"Butternut_Canker",-69.250055534,44.289250132
"Butternut_Canker",-70.750055534,44.039250132
"Butternut_Canker",-70.500055534,44.039250132
"Butternut_Canker",-70.250055534,44.039250132
"Butternut_Canker",-70.000055534,44.039250132
"Butternut_Canker",-70.750055534,43.789250132
"Butternut_Canker",-70.500055534,43.789250132
"Butternut_Canker",-70.750055534,43.539250132
"Butternut_Canker",-70.500055534,43.539250132
"Butternut_Canker",-70.750055534,43.289250132
"Butternut_Canker",-95.250055534,43.039250132
"Butternut_Canker",-95.000055534,43.039250132
"Butternut_Canker",-72.500055534,44.789250132
"Butternut_Canker",-72.250055534,44.789250132
"Butternut_Canker",-72.000055534,44.789250132
"Butternut_Canker",-73.250055534,44.539250132
"Butternut_Canker",-73.000055534,44.539250132
"Butternut_Canker",-72.750055534,44.539250132
"Butternut_Canker",-72.500055534,44.539250132
"Butternut_Canker",-72.250055534,44.539250132
"Butternut_Canker",-72.000055534,44.539250132
"Butternut_Canker",-71.750055534,44.539250132
"Butternut_Canker",-73.250055534,44.289250132
"Butternut_Canker",-72.750055534,44.289250132
"Butternut_Canker",-72.500055534,44.289250132
"Butternut_Canker",-72.250055534,44.289250132
"Butternut_Canker",-73.250055534,44.039250132
"Butternut_Canker",-73.000055534,44.039250132
"Butternut_Canker",-72.750055534,44.039250132
"Butternut_Canker",-72.500055534,44.039250132
"Butternut_Canker",-72.250055534,44.039250132
"Butternut_Canker",-73.250055534,43.789250132
"Butternut_Canker",-73.000055534,43.789250132
"Butternut_Canker",-72.750055534,43.789250132
"Butternut_Canker",-72.500055534,43.789250132
"Butternut_Canker",-73.250055534,43.539250132
"Butternut_Canker",-73.000055534,43.539250132
"Butternut_Canker",-72.750055534,43.539250132
"Butternut_Canker",-72.500055534,43.539250132
"Butternut_Canker",-73.000055534,43.289250132
"Butternut_Canker",-72.750055534,43.289250132
"Butternut_Canker",-72.500055534,43.289250132
"Butternut_Canker",-73.000055534,43.039250132
"Butternut_Canker",-72.750055534,43.039250132
"Butternut_Canker",-73.000055534,42.789250132
"Butternut_Canker",-72.750055534,42.789250132
"Butternut_Canker",-93.750055534,43.289250132
"Butternut_Canker",-93.500055534,43.289250132
"Butternut_Canker",-93.750055534,43.039250132
"Butternut_Canker",-93.500055534,43.039250132
"Butternut_Canker",-93.250055534,43.039250132
"Butternut_Canker",-71.500055534,45.039250132
"Butternut_Canker",-71.500055534,44.789250132
"Butternut_Canker",-71.500055534,44.539250132
"Butternut_Canker",-71.250055534,44.539250132
"Butternut_Canker",-71.750055534,44.289250132
"Butternut_Canker",-71.500055534,44.289250132
"Butternut_Canker",-72.000055534,44.039250132
"Butternut_Canker",-71.250055534,44.039250132
"Butternut_Canker",-72.000055534,43.789250132
"Butternut_Canker",-71.750055534,43.789250132
"Butternut_Canker",-71.500055534,43.789250132
"Butternut_Canker",-71.250055534,43.789250132
"Butternut_Canker",-72.000055534,43.539250132
"Butternut_Canker",-71.750055534,43.539250132
"Butternut_Canker",-71.500055534,43.539250132
"Butternut_Canker",-71.250055534,43.539250132
"Butternut_Canker",-71.750055534,43.289250132
"Butternut_Canker",-71.500055534,43.289250132
"Butternut_Canker",-71.250055534,43.289250132
"Butternut_Canker",-71.000055534,43.289250132
"Butternut_Canker",-72.250055534,43.039250132
"Butternut_Canker",-72.000055534,43.039250132
"Butternut_Canker",-71.750055534,43.039250132
"Butternut_Canker",-71.500055534,43.039250132
"Butternut_Canker",-71.250055534,43.039250132
"Butternut_Canker",-71.000055534,43.039250132
"Butternut_Canker",-72.250055534,42.789250132
"Butternut_Canker",-72.000055534,42.789250132
"Butternut_Canker",-71.750055534,42.789250132
"Butternut_Canker",-71.500055534,42.789250132
"Butternut_Canker",-71.250055534,42.789250132
"Butternut_Canker",-92.000055534,46.039250132
"Butternut_Canker",-91.750055534,46.039250132
"Butternut_Canker",-91.500055534,46.039250132
"Butternut_Canker",-91.250055534,46.039250132
"Butternut_Canker",-91.000055534,46.039250132
"Butternut_Canker",-92.500055534,45.789250132
"Butternut_Canker",-92.250055534,45.789250132
"Butternut_Canker",-92.000055534,45.789250132
"Butternut_Canker",-91.750055534,45.789250132
"Butternut_Canker",-91.500055534,45.789250132
"Butternut_Canker",-91.250055534,45.789250132
"Butternut_Canker",-91.000055534,45.789250132
"Butternut_Canker",-90.750055534,45.789250132
"Butternut_Canker",-90.500055534,45.789250132
"Butternut_Canker",-90.250055534,45.789250132
"Butternut_Canker",-90.000055534,45.789250132
"Butternut_Canker",-89.750055534,45.789250132
"Butternut_Canker",-89.500055534,45.789250132
"Butternut_Canker",-89.250055534,45.789250132
"Butternut_Canker",-89.000055534,45.789250132
"Butternut_Canker",-88.750055534,45.789250132
"Butternut_Canker",-92.500055534,45.539250132
"Butternut_Canker",-92.250055534,45.539250132
"Butternut_Canker",-92.000055534,45.539250132
"Butternut_Canker",-91.750055534,45.539250132
"Butternut_Canker",-91.500055534,45.539250132
"Butternut_Canker",-91.250055534,45.539250132
"Butternut_Canker",-91.000055534,45.539250132
"Butternut_Canker",-90.750055534,45.539250132
"Butternut_Canker",-90.500055534,45.539250132
"Butternut_Canker",-90.250055534,45.539250132
"Butternut_Canker",-90.000055534,45.539250132
"Butternut_Canker",-89.750055534,45.539250132
"Butternut_Canker",-89.500055534,45.539250132
"Butternut_Canker",-89.250055534,45.539250132
"Butternut_Canker",-89.000055534,45.539250132
"Butternut_Canker",-88.750055534,45.539250132
"Butternut_Canker",-88.500055534,45.539250132
"Butternut_Canker",-88.250055534,45.539250132
"Butternut_Canker",-88.000055534,45.539250132
"Butternut_Canker",-92.500055534,45.289250132
"Butternut_Canker",-92.250055534,45.289250132
"Butternut_Canker",-92.000055534,45.289250132
"Butternut_Canker",-91.750055534,45.289250132
"Butternut_Canker",-91.500055534,45.289250132
"Butternut_Canker",-91.250055534,45.289250132
"Butternut_Canker",-91.000055534,45.289250132
"Butternut_Canker",-90.750055534,45.289250132
"Butternut_Canker",-90.500055534,45.289250132
"Butternut_Canker",-90.250055534,45.289250132
"Butternut_Canker",-90.000055534,45.289250132
"Butternut_Canker",-89.750055534,45.289250132
"Butternut_Canker",-89.500055534,45.289250132
"Butternut_Canker",-89.250055534,45.289250132
"Butternut_Canker",-89.000055534,45.289250132
"Butternut_Canker",-88.750055534,45.289250132
"Butternut_Canker",-88.500055534,45.289250132
"Butternut_Canker",-88.250055534,45.289250132
"Butternut_Canker",-88.000055534,45.289250132
"Butternut_Canker",-87.750055534,45.289250132
"Butternut_Canker",-91.750055534,45.039250132
"Butternut_Canker",-91.500055534,45.039250132
"Butternut_Canker",-91.250055534,45.039250132
"Butternut_Canker",-91.000055534,45.039250132
"Butternut_Canker",-90.750055534,45.039250132
"Butternut_Canker",-90.500055534,45.039250132
"Butternut_Canker",-90.250055534,45.039250132
"Butternut_Canker",-90.000055534,45.039250132
"Butternut_Canker",-89.750055534,45.039250132
"Butternut_Canker",-89.500055534,45.039250132
"Butternut_Canker",-89.250055534,45.039250132
"Butternut_Canker",-89.000055534,45.039250132
"Butternut_Canker",-88.750055534,45.039250132
"Butternut_Canker",-88.500055534,45.039250132
"Butternut_Canker",-88.250055534,45.039250132
"Butternut_Canker",-88.000055534,45.039250132
"Butternut_Canker",-92.500055534,44.789250132
"Butternut_Canker",-92.250055534,44.789250132
"Butternut_Canker",-92.000055534,44.789250132
"Butternut_Canker",-91.750055534,44.789250132
"Butternut_Canker",-90.750055534,44.789250132
"Butternut_Canker",-90.500055534,44.789250132
"Butternut_Canker",-90.250055534,44.789250132
"Butternut_Canker",-90.000055534,44.789250132
"Butternut_Canker",-89.750055534,44.789250132
"Butternut_Canker",-89.500055534,44.789250132
"Butternut_Canker",-89.250055534,44.789250132
"Butternut_Canker",-89.000055534,44.789250132
"Butternut_Canker",-88.750055534,44.789250132
"Butternut_Canker",-88.500055534,44.789250132
"Butternut_Canker",-88.250055534,44.789250132
"Butternut_Canker",-88.000055534,44.789250132
"Butternut_Canker",-91.750055534,44.539250132
"Butternut_Canker",-91.500055534,44.539250132
"Butternut_Canker",-91.250055534,44.539250132
"Butternut_Canker",-90.500055534,44.539250132
"Butternut_Canker",-90.250055534,44.539250132
"Butternut_Canker",-90.000055534,44.539250132
"Butternut_Canker",-89.000055534,44.539250132
"Butternut_Canker",-88.750055534,44.539250132
"Butternut_Canker",-88.500055534,44.539250132
"Butternut_Canker",-88.250055534,44.539250132
"Butternut_Canker",-88.000055534,44.539250132
"Butternut_Canker",-91.750055534,44.289250132
"Butternut_Canker",-91.500055534,44.289250132
"Butternut_Canker",-91.250055534,44.289250132
"Butternut_Canker",-90.000055534,44.289250132
"Butternut_Canker",-89.750055534,44.289250132
"Butternut_Canker",-89.000055534,44.289250132
"Butternut_Canker",-88.250055534,44.289250132
"Butternut_Canker",-88.000055534,44.289250132
"Butternut_Canker",-87.750055534,44.289250132
"Butternut_Canker",-91.250055534,44.039250132
"Butternut_Canker",-91.000055534,44.039250132
"Butternut_Canker",-90.750055534,44.039250132
"Butternut_Canker",-90.500055534,44.039250132
"Butternut_Canker",-90.250055534,44.039250132
"Butternut_Canker",-90.000055534,44.039250132
"Butternut_Canker",-89.750055534,44.039250132
"Butternut_Canker",-89.500055534,44.039250132
"Butternut_Canker",-89.250055534,44.039250132
"Butternut_Canker",-88.250055534,44.039250132
"Butternut_Canker",-88.000055534,44.039250132
"Butternut_Canker",-87.750055534,44.039250132
"Butternut_Canker",-91.000055534,43.789250132
"Butternut_Canker",-90.750055534,43.789250132
"Butternut_Canker",-90.500055534,43.789250132
"Butternut_Canker",-90.250055534,43.789250132
"Butternut_Canker",-90.000055534,43.789250132
"Butternut_Canker",-89.750055534,43.789250132
"Butternut_Canker",-89.500055534,43.789250132
"Butternut_Canker",-89.250055534,43.789250132
"Butternut_Canker",-88.750055534,43.789250132
"Butternut_Canker",-88.500055534,43.789250132
"Butternut_Canker",-88.250055534,43.789250132
"Butternut_Canker",-88.000055534,43.789250132
"Butternut_Canker",-87.750055534,43.789250132
"Butternut_Canker",-91.000055534,43.539250132
"Butternut_Canker",-90.750055534,43.539250132
"Butternut_Canker",-90.500055534,43.539250132
"Butternut_Canker",-90.250055534,43.539250132
"Butternut_Canker",-90.000055534,43.539250132
"Butternut_Canker",-89.750055534,43.539250132
"Butternut_Canker",-89.500055534,43.539250132
"Butternut_Canker",-89.250055534,43.539250132
"Butternut_Canker",-89.000055534,43.539250132
"Butternut_Canker",-88.750055534,43.539250132
"Butternut_Canker",-88.500055534,43.539250132
"Butternut_Canker",-88.250055534,43.539250132
"Butternut_Canker",-88.000055534,43.539250132
"Butternut_Canker",-91.000055534,43.289250132
"Butternut_Canker",-90.750055534,43.289250132
"Butternut_Canker",-90.500055534,43.289250132
"Butternut_Canker",-90.250055534,43.289250132
"Butternut_Canker",-90.000055534,43.289250132
"Butternut_Canker",-89.750055534,43.289250132
"Butternut_Canker",-89.500055534,43.289250132
"Butternut_Canker",-89.250055534,43.289250132
"Butternut_Canker",-89.000055534,43.289250132
"Butternut_Canker",-88.750055534,43.289250132
"Butternut_Canker",-88.500055534,43.289250132
"Butternut_Canker",-88.250055534,43.289250132
"Butternut_Canker",-88.000055534,43.289250132
"Butternut_Canker",-91.000055534,43.039250132
"Butternut_Canker",-90.750055534,43.039250132
"Butternut_Canker",-90.500055534,43.039250132
"Butternut_Canker",-90.250055534,43.039250132
"Butternut_Canker",-90.000055534,43.039250132
"Butternut_Canker",-89.750055534,43.039250132
"Butternut_Canker",-89.500055534,43.039250132
"Butternut_Canker",-89.250055534,43.039250132
"Butternut_Canker",-88.500055534,43.039250132
"Butternut_Canker",-88.250055534,43.039250132
"Butternut_Canker",-88.000055534,43.039250132
"Butternut_Canker",-91.000055534,42.789250132
"Butternut_Canker",-90.750055534,42.789250132
"Butternut_Canker",-90.500055534,42.789250132
"Butternut_Canker",-90.250055534,42.789250132
"Butternut_Canker",-90.000055534,42.789250132
"Butternut_Canker",-89.750055534,42.789250132
"Butternut_Canker",-89.500055534,42.789250132
"Butternut_Canker",-89.250055534,42.789250132
"Butternut_Canker",-89.000055534,42.789250132
"Butternut_Canker",-88.250055534,42.789250132
"Butternut_Canker",-88.000055534,42.789250132
"Butternut_Canker",-90.500055534,42.539250132
"Butternut_Canker",-90.250055534,42.539250132
"Butternut_Canker",-90.000055534,42.539250132
"Butternut_Canker",-89.750055534,42.539250132
"Butternut_Canker",-89.500055534,42.539250132
"Butternut_Canker",-89.250055534,42.539250132
"Butternut_Canker",-89.000055534,42.539250132
"Butternut_Canker",-88.250055534,42.539250132
"Butternut_Canker",-88.000055534,42.539250132
"Butternut_Canker",-92.750055534,42.789250132
"Butternut_Canker",-92.750055534,42.539250132
"Butternut_Canker",-94.250055534,42.289250132
"Butternut_Canker",-94.000055534,42.289250132
"Butternut_Canker",-93.250055534,42.289250132
"Butternut_Canker",-94.000055534,42.039250132
"Butternut_Canker",-93.750055534,42.039250132
"Butternut_Canker",-93.500055534,42.039250132
"Butternut_Canker",-77.250055534,45.539250132
"Butternut_Canker",-77.250055534,45.289250132
"Butternut_Canker",-77.000055534,45.289250132
"Butternut_Canker",-76.750055534,45.289250132
"Butternut_Canker",-75.500055534,45.289250132
"Butternut_Canker",-75.250055534,45.289250132
"Butternut_Canker",-75.000055534,45.289250132
"Butternut_Canker",-74.750055534,45.289250132
"Butternut_Canker",-77.000055534,45.039250132
"Butternut_Canker",-76.750055534,45.039250132
"Butternut_Canker",-76.500055534,45.039250132
"Butternut_Canker",-76.250055534,45.039250132
"Butternut_Canker",-76.000055534,45.039250132
"Butternut_Canker",-75.750055534,45.039250132
"Butternut_Canker",-75.500055534,45.039250132
"Butternut_Canker",-75.250055534,45.039250132
"Butternut_Canker",-75.000055534,45.039250132
"Butternut_Canker",-74.750055534,45.039250132
"Butternut_Canker",-77.000055534,44.789250132
"Butternut_Canker",-76.750055534,44.789250132
"Butternut_Canker",-76.500055534,44.789250132
"Butternut_Canker",-76.250055534,44.789250132
"Butternut_Canker",-76.000055534,44.789250132
"Butternut_Canker",-75.750055534,44.789250132
"Butternut_Canker",-75.500055534,44.789250132
"Butternut_Canker",-81.250055534,44.539250132
"Butternut_Canker",-80.750055534,44.539250132
"Butternut_Canker",-80.000055534,44.539250132
"Butternut_Canker",-79.750055534,44.539250132
"Butternut_Canker",-79.500055534,44.539250132
"Butternut_Canker",-79.250055534,44.539250132
"Butternut_Canker",-79.000055534,44.539250132
"Butternut_Canker",-78.750055534,44.539250132
"Butternut_Canker",-78.500055534,44.539250132
"Butternut_Canker",-78.250055534,44.539250132
"Butternut_Canker",-78.000055534,44.539250132
"Butternut_Canker",-77.750055534,44.539250132
"Butternut_Canker",-77.500055534,44.539250132
"Butternut_Canker",-77.250055534,44.539250132
"Butternut_Canker",-77.000055534,44.539250132
"Butternut_Canker",-76.750055534,44.539250132
"Butternut_Canker",-76.500055534,44.539250132
"Butternut_Canker",-76.250055534,44.539250132
"Butternut_Canker",-76.000055534,44.539250132
"Butternut_Canker",-81.500055534,44.289250132
"Butternut_Canker",-81.250055534,44.289250132
"Butternut_Canker",-81.000055534,44.289250132
"Butternut_Canker",-80.750055534,44.289250132
"Butternut_Canker",-80.500055534,44.289250132
"Butternut_Canker",-80.250055534,44.289250132
"Butternut_Canker",-80.000055534,44.289250132
"Butternut_Canker",-79.750055534,44.289250132
"Butternut_Canker",-79.500055534,44.289250132
"Butternut_Canker",-79.250055534,44.289250132
"Butternut_Canker",-79.000055534,44.289250132
"Butternut_Canker",-78.750055534,44.289250132
"Butternut_Canker",-78.500055534,44.289250132
"Butternut_Canker",-78.250055534,44.289250132
"Butternut_Canker",-78.000055534,44.289250132
"Butternut_Canker",-77.750055534,44.289250132
"Butternut_Canker",-77.500055534,44.289250132
"Butternut_Canker",-77.250055534,44.289250132
"Butternut_Canker",-77.000055534,44.289250132
"Butternut_Canker",-76.750055534,44.289250132
"Butternut_Canker",-76.500055534,44.289250132
"Butternut_Canker",-76.250055534,44.289250132
"Butternut_Canker",-81.500055534,44.039250132
"Butternut_Canker",-81.250055534,44.039250132
"Butternut_Canker",-81.000055534,44.039250132
"Butternut_Canker",-80.750055534,44.039250132
"Butternut_Canker",-80.500055534,44.039250132
"Butternut_Canker",-80.250055534,44.039250132
"Butternut_Canker",-80.000055534,44.039250132
"Butternut_Canker",-79.750055534,44.039250132
"Butternut_Canker",-79.500055534,44.039250132
"Butternut_Canker",-79.250055534,44.039250132
"Butternut_Canker",-79.000055534,44.039250132
"Butternut_Canker",-78.750055534,44.039250132
"Butternut_Canker",-78.500055534,44.039250132
"Butternut_Canker",-78.250055534,44.039250132
"Butternut_Canker",-78.000055534,44.039250132
"Butternut_Canker",-77.750055534,44.039250132
"Butternut_Canker",-81.500055534,43.789250132
"Butternut_Canker",-81.250055534,43.789250132
"Butternut_Canker",-81.000055534,43.789250132
"Butternut_Canker",-80.750055534,43.789250132
"Butternut_Canker",-80.500055534,43.789250132
"Butternut_Canker",-80.250055534,43.789250132
"Butternut_Canker",-80.000055534,43.789250132
"Butternut_Canker",-79.750055534,43.789250132
"Butternut_Canker",-79.500055534,43.789250132
"Butternut_Canker",-79.250055534,43.789250132
"Butternut_Canker",-81.500055534,43.539250132
"Butternut_Canker",-81.250055534,43.539250132
"Butternut_Canker",-81.000055534,43.539250132
"Butternut_Canker",-80.750055534,43.539250132
"Butternut_Canker",-80.500055534,43.539250132
"Butternut_Canker",-80.250055534,43.539250132
"Butternut_Canker",-80.000055534,43.539250132
"Butternut_Canker",-79.750055534,43.539250132
"Butternut_Canker",-81.500055534,43.289250132
"Butternut_Canker",-81.250055534,43.289250132
"Butternut_Canker",-81.000055534,43.289250132
"Butternut_Canker",-80.750055534,43.289250132
"Butternut_Canker",-80.500055534,43.289250132
"Butternut_Canker",-80.250055534,43.289250132
"Butternut_Canker",-80.000055534,43.289250132
"Butternut_Canker",-82.000055534,43.039250132
"Butternut_Canker",-81.750055534,43.039250132
"Butternut_Canker",-81.500055534,43.039250132
"Butternut_Canker",-81.250055534,43.039250132
"Butternut_Canker",-81.000055534,43.039250132
"Butternut_Canker",-80.750055534,43.039250132
"Butternut_Canker",-80.500055534,43.039250132
"Butternut_Canker",-80.250055534,43.039250132
"Butternut_Canker",-80.000055534,43.039250132
"Butternut_Canker",-79.750055534,43.039250132
"Butternut_Canker",-79.500055534,43.039250132
"Butternut_Canker",-79.250055534,43.039250132
"Butternut_Canker",-82.250055534,42.789250132
"Butternut_Canker",-82.000055534,42.789250132
"Butternut_Canker",-81.750055534,42.789250132
"Butternut_Canker",-81.500055534,42.789250132
"Butternut_Canker",-81.250055534,42.789250132
"Butternut_Canker",-81.000055534,42.789250132
"Butternut_Canker",-80.750055534,42.789250132
"Butternut_Canker",-80.500055534,42.789250132
"Butternut_Canker",-80.250055534,42.789250132
"Butternut_Canker",-80.000055534,42.789250132
"Butternut_Canker",-82.500055534,42.539250132
"Butternut_Canker",-82.250055534,42.539250132
"Butternut_Canker",-82.000055534,42.539250132
"Butternut_Canker",-81.750055534,42.539250132
"Butternut_Canker",-82.250055534,42.289250132
"Butternut_Canker",-82.000055534,42.289250132
"Butternut_Canker",-85.750055534,43.789250132
"Butternut_Canker",-85.000055534,43.789250132
"Butternut_Canker",-84.750055534,43.789250132
"Butternut_Canker",-84.500055534,43.789250132
"Butternut_Canker",-84.250055534,43.789250132
"Butternut_Canker",-85.750055534,43.539250132
"Butternut_Canker",-85.000055534,43.539250132
"Butternut_Canker",-84.750055534,43.539250132
"Butternut_Canker",-84.500055534,43.539250132
"Butternut_Canker",-84.250055534,43.539250132
"Butternut_Canker",-83.000055534,43.539250132
"Butternut_Canker",-82.750055534,43.539250132
"Butternut_Canker",-86.250055534,43.289250132
"Butternut_Canker",-86.000055534,43.289250132
"Butternut_Canker",-85.750055534,43.289250132
"Butternut_Canker",-85.500055534,43.289250132
"Butternut_Canker",-85.250055534,43.289250132
"Butternut_Canker",-85.000055534,43.289250132
"Butternut_Canker",-84.750055534,43.289250132
"Butternut_Canker",-84.500055534,43.289250132
"Butternut_Canker",-84.250055534,43.289250132
"Butternut_Canker",-84.000055534,43.289250132
"Butternut_Canker",-83.250055534,43.289250132
"Butternut_Canker",-83.000055534,43.289250132
"Butternut_Canker",-82.750055534,43.289250132
"Butternut_Canker",-86.000055534,43.039250132
"Butternut_Canker",-85.750055534,43.039250132
"Butternut_Canker",-85.500055534,43.039250132
"Butternut_Canker",-84.750055534,43.039250132
"Butternut_Canker",-84.500055534,43.039250132
"Butternut_Canker",-83.250055534,43.039250132
"Butternut_Canker",-83.000055534,43.039250132
"Butternut_Canker",-82.750055534,43.039250132
"Butternut_Canker",-86.000055534,42.789250132
"Butternut_Canker",-85.750055534,42.789250132
"Butternut_Canker",-85.500055534,42.789250132
"Butternut_Canker",-84.750055534,42.789250132
"Butternut_Canker",-84.500055534,42.789250132
"Butternut_Canker",-83.500055534,42.789250132
"Butternut_Canker",-83.250055534,42.789250132
"Butternut_Canker",-83.000055534,42.789250132
"Butternut_Canker",-82.750055534,42.789250132
"Butternut_Canker",-86.000055534,42.539250132
"Butternut_Canker",-85.750055534,42.539250132
"Butternut_Canker",-85.500055534,42.539250132
"Butternut_Canker",-85.250055534,42.539250132
"Butternut_Canker",-85.000055534,42.539250132
"Butternut_Canker",-84.750055534,42.539250132
"Butternut_Canker",-84.500055534,42.539250132
"Butternut_Canker",-84.250055534,42.539250132
"Butternut_Canker",-83.500055534,42.539250132
"Butternut_Canker",-83.250055534,42.539250132
"Butternut_Canker",-83.000055534,42.539250132
"Butternut_Canker",-86.250055534,42.289250132
"Butternut_Canker",-86.000055534,42.289250132
"Butternut_Canker",-85.750055534,42.289250132
"Butternut_Canker",-85.500055534,42.289250132
"Butternut_Canker",-84.500055534,42.289250132
"Butternut_Canker",-84.250055534,42.289250132
"Butternut_Canker",-84.000055534,42.289250132
"Butternut_Canker",-83.750055534,42.289250132
"Butternut_Canker",-83.500055534,42.289250132
"Butternut_Canker",-83.250055534,42.289250132
"Butternut_Canker",-86.250055534,42.039250132
"Butternut_Canker",-86.000055534,42.039250132
"Butternut_Canker",-85.750055534,42.039250132
"Butternut_Canker",-85.500055534,42.039250132
"Butternut_Canker",-84.500055534,42.039250132
"Butternut_Canker",-84.250055534,42.039250132
"Butternut_Canker",-84.000055534,42.039250132
"Butternut_Canker",-83.750055534,42.039250132
"Butternut_Canker",-83.500055534,42.039250132
"Butternut_Canker",-86.500055534,41.789250132
"Butternut_Canker",-86.250055534,41.789250132
"Butternut_Canker",-86.000055534,41.789250132
"Butternut_Canker",-85.750055534,41.789250132
"Butternut_Canker",-85.500055534,41.789250132
"Butternut_Canker",-85.250055534,41.789250132
"Butternut_Canker",-85.000055534,41.789250132
"Butternut_Canker",-84.750055534,41.789250132
"Butternut_Canker",-84.500055534,41.789250132
"Butternut_Canker",-84.250055534,41.789250132
"Butternut_Canker",-84.000055534,41.789250132
"Butternut_Canker",-83.750055534,41.789250132
"Butternut_Canker",-71.500055534,42.039250132
"Butternut_Canker",-71.500055534,41.789250132
"Butternut_Canker",-71.500055534,41.539250132
"Butternut_Canker",-94.500055534,41.539250132
"Butternut_Canker",-90.250055534,42.289250132
"Butternut_Canker",-90.000055534,42.289250132
"Butternut_Canker",-89.750055534,42.289250132
"Butternut_Canker",-89.500055534,42.289250132
"Butternut_Canker",-89.250055534,42.289250132
"Butternut_Canker",-89.000055534,42.289250132
"Butternut_Canker",-88.750055534,42.289250132
"Butternut_Canker",-88.500055534,42.289250132
"Butternut_Canker",-88.250055534,42.289250132
"Butternut_Canker",-88.000055534,42.289250132
"Butternut_Canker",-90.000055534,42.039250132
"Butternut_Canker",-89.750055534,42.039250132
"Butternut_Canker",-89.500055534,42.039250132
"Butternut_Canker",-89.250055534,42.039250132
"Butternut_Canker",-89.000055534,42.039250132
"Butternut_Canker",-88.750055534,42.039250132
"Butternut_Canker",-88.500055534,42.039250132
"Butternut_Canker",-88.250055534,42.039250132
"Butternut_Canker",-88.000055534,42.039250132
"Butternut_Canker",-87.750055534,42.039250132
"Butternut_Canker",-89.500055534,41.789250132
"Butternut_Canker",-89.250055534,41.789250132
"Butternut_Canker",-89.000055534,41.789250132
"Butternut_Canker",-88.750055534,41.789250132
"Butternut_Canker",-88.500055534,41.789250132
"Butternut_Canker",-88.250055534,41.789250132
"Butternut_Canker",-88.000055534,41.789250132
"Butternut_Canker",-87.750055534,41.789250132
"Butternut_Canker",-88.500055534,41.539250132
"Butternut_Canker",-88.250055534,41.539250132
"Butternut_Canker",-88.000055534,41.539250132
"Butternut_Canker",-87.750055534,41.539250132
"Butternut_Canker",-88.500055534,41.289250132
"Butternut_Canker",-88.250055534,41.289250132
"Butternut_Canker",-88.000055534,41.289250132
"Butternut_Canker",-87.750055534,41.289250132
"Butternut_Canker",-71.000055534,42.789250132
"Butternut_Canker",-73.250055534,42.539250132
"Butternut_Canker",-73.000055534,42.539250132
"Butternut_Canker",-72.750055534,42.539250132
"Butternut_Canker",-72.500055534,42.539250132
"Butternut_Canker",-72.250055534,42.539250132
"Butternut_Canker",-72.000055534,42.539250132
"Butternut_Canker",-71.750055534,42.539250132
"Butternut_Canker",-71.500055534,42.539250132
"Butternut_Canker",-71.250055534,42.539250132
"Butternut_Canker",-71.000055534,42.539250132
"Butternut_Canker",-73.250055534,42.289250132
"Butternut_Canker",-73.000055534,42.289250132
"Butternut_Canker",-72.750055534,42.289250132
"Butternut_Canker",-72.500055534,42.289250132
"Butternut_Canker",-72.250055534,42.289250132
"Butternut_Canker",-72.000055534,42.289250132
"Butternut_Canker",-71.750055534,42.289250132
"Butternut_Canker",-71.500055534,42.289250132
"Butternut_Canker",-71.250055534,42.289250132
"Butternut_Canker",-72.500055534,42.039250132
"Butternut_Canker",-72.250055534,42.039250132
"Butternut_Canker",-72.000055534,42.039250132
"Butternut_Canker",-71.750055534,42.039250132
"Butternut_Canker",-71.000055534,42.039250132
"Butternut_Canker",-70.750055534,42.039250132
"Butternut_Canker",-73.250055534,41.789250132
"Butternut_Canker",-73.000055534,41.789250132
"Butternut_Canker",-72.750055534,41.789250132
"Butternut_Canker",-72.500055534,41.789250132
"Butternut_Canker",-72.250055534,41.789250132
"Butternut_Canker",-72.000055534,41.789250132
"Butternut_Canker",-71.750055534,41.789250132
"Butternut_Canker",-73.250055534,41.539250132
"Butternut_Canker",-73.000055534,41.539250132
"Butternut_Canker",-72.750055534,41.539250132
"Butternut_Canker",-72.500055534,41.539250132
"Butternut_Canker",-72.250055534,41.539250132
"Butternut_Canker",-72.000055534,41.539250132
"Butternut_Canker",-71.750055534,41.539250132
"Butternut_Canker",-73.250055534,41.289250132
"Butternut_Canker",-73.750055534,40.789250132
"Butternut_Canker",-73.500055534,40.789250132
"Butternut_Canker",-73.250055534,40.789250132
"Butternut_Canker",-85.500055534,40.789250132
"Butternut_Canker",-85.250055534,40.789250132
"Butternut_Canker",-87.000055534,41.539250132
"Butternut_Canker",-86.750055534,41.539250132
"Butternut_Canker",-86.500055534,41.539250132
"Butternut_Canker",-86.250055534,41.539250132
"Butternut_Canker",-85.500055534,41.539250132
"Butternut_Canker",-85.250055534,41.539250132
"Butternut_Canker",-85.000055534,41.539250132
"Butternut_Canker",-87.250055534,41.289250132
"Butternut_Canker",-87.000055534,41.289250132
"Butternut_Canker",-86.750055534,41.289250132
"Butternut_Canker",-86.250055534,41.289250132
"Butternut_Canker",-86.000055534,41.289250132
"Butternut_Canker",-85.750055534,41.289250132
"Butternut_Canker",-85.500055534,41.289250132
"Butternut_Canker",-85.250055534,41.289250132
"Butternut_Canker",-86.250055534,41.039250132
"Butternut_Canker",-86.000055534,41.039250132
"Butternut_Canker",-86.250055534,40.789250132
"Butternut_Canker",-86.250055534,40.539250132
"Butternut_Canker",-92.750055534,43.289250132
"Butternut_Canker",-92.500055534,43.289250132
"Butternut_Canker",-92.250055534,43.289250132
"Butternut_Canker",-92.000055534,43.289250132
"Butternut_Canker",-91.750055534,43.289250132
"Butternut_Canker",-91.500055534,43.289250132
"Butternut_Canker",-91.250055534,43.289250132
"Butternut_Canker",-91.750055534,43.039250132
"Butternut_Canker",-91.500055534,43.039250132
"Butternut_Canker",-91.250055534,43.039250132
"Butternut_Canker",-91.750055534,42.789250132
"Butternut_Canker",-91.500055534,42.789250132
"Butternut_Canker",-91.250055534,42.789250132
"Butternut_Canker",-92.000055534,42.539250132
"Butternut_Canker",-91.750055534,42.539250132
"Butternut_Canker",-91.500055534,42.539250132
"Butternut_Canker",-91.250055534,42.539250132
"Butternut_Canker",-91.000055534,42.539250132
"Butternut_Canker",-90.750055534,42.539250132
"Butternut_Canker",-92.250055534,42.289250132
"Butternut_Canker",-92.000055534,42.289250132
"Butternut_Canker",-91.750055534,42.289250132
"Butternut_Canker",-91.500055534,42.289250132
"Butternut_Canker",-91.250055534,42.289250132
"Butternut_Canker",-91.000055534,42.289250132
"Butternut_Canker",-90.750055534,42.289250132
"Butternut_Canker",-90.500055534,42.289250132
"Butternut_Canker",-92.000055534,42.039250132
"Butternut_Canker",-91.750055534,42.039250132
"Butternut_Canker",-91.500055534,42.039250132
"Butternut_Canker",-91.250055534,42.039250132
"Butternut_Canker",-91.000055534,42.039250132
"Butternut_Canker",-90.750055534,42.039250132
"Butternut_Canker",-90.500055534,42.039250132
"Butternut_Canker",-90.250055534,42.039250132
"Butternut_Canker",-92.250055534,41.789250132
"Butternut_Canker",-92.000055534,41.789250132
"Butternut_Canker",-91.750055534,41.789250132
"Butternut_Canker",-91.500055534,41.789250132
"Butternut_Canker",-91.250055534,41.789250132
"Butternut_Canker",-91.000055534,41.789250132
"Butternut_Canker",-90.750055534,41.789250132
"Butternut_Canker",-90.500055534,41.789250132
"Butternut_Canker",-93.250055534,41.539250132
"Butternut_Canker",-93.000055534,41.539250132
"Butternut_Canker",-92.250055534,41.539250132
"Butternut_Canker",-92.000055534,41.539250132
"Butternut_Canker",-91.750055534,41.539250132
"Butternut_Canker",-91.500055534,41.539250132
"Butternut_Canker",-91.250055534,41.539250132
"Butternut_Canker",-91.000055534,41.539250132
"Butternut_Canker",-90.750055534,41.539250132
"Butternut_Canker",-90.500055534,41.539250132
"Butternut_Canker",-94.000055534,41.289250132
"Butternut_Canker",-93.750055534,41.289250132
"Butternut_Canker",-93.500055534,41.289250132
"Butternut_Canker",-93.250055534,41.289250132
"Butternut_Canker",-93.000055534,41.289250132
"Butternut_Canker",-92.750055534,41.289250132
"Butternut_Canker",-92.500055534,41.289250132
"Butternut_Canker",-91.750055534,41.289250132
"Butternut_Canker",-93.750055534,41.039250132
"Butternut_Canker",-92.500055534,41.039250132
"Butternut_Canker",-92.250055534,41.039250132
"Butternut_Canker",-92.000055534,41.039250132
"Butternut_Canker",-91.750055534,41.039250132
"Butternut_Canker",-91.500055534,41.039250132
"Butternut_Canker",-93.750055534,40.789250132
"Butternut_Canker",-92.000055534,40.789250132
"Butternut_Canker",-91.750055534,40.789250132
"Butternut_Canker",-91.500055534,40.789250132
"Butternut_Canker",-91.250055534,40.789250132
"Butternut_Canker",-91.500055534,40.539250132
"Butternut_Canker",-75.000055534,44.789250132
"Butternut_Canker",-74.000055534,44.789250132
"Butternut_Canker",-73.750055534,44.789250132
"Butternut_Canker",-75.500055534,44.539250132
"Butternut_Canker",-75.250055534,44.539250132
"Butternut_Canker",-75.000055534,44.539250132
"Butternut_Canker",-74.000055534,44.539250132
"Butternut_Canker",-73.750055534,44.539250132
"Butternut_Canker",-75.750055534,44.289250132
"Butternut_Canker",-75.500055534,44.289250132
"Butternut_Canker",-75.250055534,44.289250132
"Butternut_Canker",-75.000055534,44.289250132
"Butternut_Canker",-73.750055534,44.289250132
"Butternut_Canker",-76.250055534,44.039250132
"Butternut_Canker",-76.000055534,44.039250132
"Butternut_Canker",-75.750055534,44.039250132
"Butternut_Canker",-75.500055534,44.039250132
"Butternut_Canker",-75.250055534,44.039250132
"Butternut_Canker",-75.000055534,44.039250132
"Butternut_Canker",-74.750055534,44.039250132
"Butternut_Canker",-73.750055534,44.039250132
"Butternut_Canker",-76.000055534,43.789250132
"Butternut_Canker",-75.750055534,43.789250132
"Butternut_Canker",-75.500055534,43.789250132
"Butternut_Canker",-74.750055534,43.789250132
"Butternut_Canker",-74.500055534,43.789250132
"Butternut_Canker",-74.250055534,43.789250132
"Butternut_Canker",-74.000055534,43.789250132
"Butternut_Canker",-73.750055534,43.789250132
"Butternut_Canker",-76.000055534,43.539250132
"Butternut_Canker",-75.750055534,43.539250132
"Butternut_Canker",-75.500055534,43.539250132
"Butternut_Canker",-74.750055534,43.539250132
"Butternut_Canker",-74.500055534,43.539250132
"Butternut_Canker",-74.250055534,43.539250132
"Butternut_Canker",-74.000055534,43.539250132
"Butternut_Canker",-73.750055534,43.539250132
"Butternut_Canker",-76.500055534,43.289250132
"Butternut_Canker",-76.250055534,43.289250132
"Butternut_Canker",-76.000055534,43.289250132
"Butternut_Canker",-75.750055534,43.289250132
"Butternut_Canker",-75.500055534,43.289250132
"Butternut_Canker",-75.250055534,43.289250132
"Butternut_Canker",-74.750055534,43.289250132
"Butternut_Canker",-74.500055534,43.289250132
"Butternut_Canker",-74.250055534,43.289250132
"Butternut_Canker",-74.000055534,43.289250132
"Butternut_Canker",-73.750055534,43.289250132
"Butternut_Canker",-73.500055534,43.289250132
"Butternut_Canker",-79.000055534,43.039250132
"Butternut_Canker",-78.750055534,43.039250132
"Butternut_Canker",-78.500055534,43.039250132
"Butternut_Canker",-78.250055534,43.039250132
"Butternut_Canker",-76.500055534,43.039250132
"Butternut_Canker",-76.250055534,43.039250132
"Butternut_Canker",-76.000055534,43.039250132
"Butternut_Canker",-75.750055534,43.039250132
"Butternut_Canker",-75.500055534,43.039250132
"Butternut_Canker",-74.000055534,43.039250132
"Butternut_Canker",-73.750055534,43.039250132
"Butternut_Canker",-73.500055534,43.039250132
"Butternut_Canker",-78.750055534,42.789250132
"Butternut_Canker",-78.500055534,42.789250132
"Butternut_Canker",-78.250055534,42.789250132
"Butternut_Canker",-78.000055534,42.789250132
"Butternut_Canker",-77.750055534,42.789250132
"Butternut_Canker",-77.500055534,42.789250132
"Butternut_Canker",-77.250055534,42.789250132
"Butternut_Canker",-77.000055534,42.789250132
"Butternut_Canker",-76.750055534,42.789250132
"Butternut_Canker",-76.500055534,42.789250132
"Butternut_Canker",-76.250055534,42.789250132
"Butternut_Canker",-76.000055534,42.789250132
"Butternut_Canker",-75.750055534,42.789250132
"Butternut_Canker",-75.500055534,42.789250132
"Butternut_Canker",-74.000055534,42.789250132
"Butternut_Canker",-73.750055534,42.789250132
"Butternut_Canker",-73.500055534,42.789250132
"Butternut_Canker",-79.000055534,42.539250132
"Butternut_Canker",-78.750055534,42.539250132
"Butternut_Canker",-78.500055534,42.539250132
"Butternut_Canker",-78.250055534,42.539250132
"Butternut_Canker",-78.000055534,42.539250132
"Butternut_Canker",-77.750055534,42.539250132
"Butternut_Canker",-77.500055534,42.539250132
"Butternut_Canker",-77.250055534,42.539250132
"Butternut_Canker",-77.000055534,42.539250132
"Butternut_Canker",-76.750055534,42.539250132
"Butternut_Canker",-76.500055534,42.539250132
"Butternut_Canker",-75.250055534,42.539250132
"Butternut_Canker",-75.000055534,42.539250132
"Butternut_Canker",-74.750055534,42.539250132
"Butternut_Canker",-74.500055534,42.539250132
"Butternut_Canker",-74.250055534,42.539250132
"Butternut_Canker",-74.000055534,42.539250132
"Butternut_Canker",-73.750055534,42.539250132
"Butternut_Canker",-73.500055534,42.539250132
"Butternut_Canker",-79.500055534,42.289250132
"Butternut_Canker",-79.250055534,42.289250132
"Butternut_Canker",-79.000055534,42.289250132
"Butternut_Canker",-78.750055534,42.289250132
"Butternut_Canker",-78.500055534,42.289250132
"Butternut_Canker",-78.250055534,42.289250132
"Butternut_Canker",-78.000055534,42.289250132
"Butternut_Canker",-77.750055534,42.289250132
"Butternut_Canker",-77.500055534,42.289250132
"Butternut_Canker",-77.250055534,42.289250132
"Butternut_Canker",-77.000055534,42.289250132
"Butternut_Canker",-76.750055534,42.289250132
"Butternut_Canker",-76.500055534,42.289250132
"Butternut_Canker",-76.250055534,42.289250132
"Butternut_Canker",-75.250055534,42.289250132
"Butternut_Canker",-75.000055534,42.289250132
"Butternut_Canker",-74.750055534,42.289250132
"Butternut_Canker",-74.500055534,42.289250132
"Butternut_Canker",-74.250055534,42.289250132
"Butternut_Canker",-74.000055534,42.289250132
"Butternut_Canker",-73.750055534,42.289250132
"Butternut_Canker",-73.500055534,42.289250132
"Butternut_Canker",-80.000055534,42.039250132
"Butternut_Canker",-79.500055534,42.039250132
"Butternut_Canker",-79.250055534,42.039250132
"Butternut_Canker",-79.000055534,42.039250132
"Butternut_Canker",-78.750055534,42.039250132
"Butternut_Canker",-78.500055534,42.039250132
"Butternut_Canker",-78.250055534,42.039250132
"Butternut_Canker",-78.000055534,42.039250132
"Butternut_Canker",-77.750055534,42.039250132
"Butternut_Canker",-77.500055534,42.039250132
"Butternut_Canker",-77.250055534,42.039250132
"Butternut_Canker",-77.000055534,42.039250132
"Butternut_Canker",-76.750055534,42.039250132
"Butternut_Canker",-76.500055534,42.039250132
"Butternut_Canker",-76.250055534,42.039250132
"Butternut_Canker",-75.250055534,42.039250132
"Butternut_Canker",-75.000055534,42.039250132
"Butternut_Canker",-74.750055534,42.039250132
"Butternut_Canker",-74.500055534,42.039250132
"Butternut_Canker",-74.250055534,42.039250132
"Butternut_Canker",-74.000055534,42.039250132
"Butternut_Canker",-73.750055534,42.039250132
"Butternut_Canker",-73.500055534,42.039250132
"Butternut_Canker",-80.500055534,41.789250132
"Butternut_Canker",-80.250055534,41.789250132
"Butternut_Canker",-80.000055534,41.789250132
"Butternut_Canker",-79.750055534,41.789250132
"Butternut_Canker",-79.500055534,41.789250132
"Butternut_Canker",-79.250055534,41.789250132
"Butternut_Canker",-79.000055534,41.789250132
"Butternut_Canker",-78.750055534,41.789250132
"Butternut_Canker",-78.500055534,41.789250132
"Butternut_Canker",-78.250055534,41.789250132
"Butternut_Canker",-78.000055534,41.789250132
"Butternut_Canker",-77.750055534,41.789250132
"Butternut_Canker",-77.500055534,41.789250132
"Butternut_Canker",-77.250055534,41.789250132
"Butternut_Canker",-77.000055534,41.789250132
"Butternut_Canker",-76.750055534,41.789250132
"Butternut_Canker",-76.500055534,41.789250132
"Butternut_Canker",-76.250055534,41.789250132
"Butternut_Canker",-76.000055534,41.789250132
"Butternut_Canker",-75.750055534,41.789250132
"Butternut_Canker",-75.500055534,41.789250132
"Butternut_Canker",-75.250055534,41.789250132
"Butternut_Canker",-75.000055534,41.789250132
"Butternut_Canker",-74.750055534,41.789250132
"Butternut_Canker",-74.500055534,41.789250132
"Butternut_Canker",-74.250055534,41.789250132
"Butternut_Canker",-74.000055534,41.789250132
"Butternut_Canker",-73.750055534,41.789250132
"Butternut_Canker",-80.500055534,41.539250132
"Butternut_Canker",-80.250055534,41.539250132
"Butternut_Canker",-80.000055534,41.539250132
"Butternut_Canker",-79.750055534,41.539250132
"Butternut_Canker",-79.500055534,41.539250132
"Butternut_Canker",-79.250055534,41.539250132
"Butternut_Canker",-79.000055534,41.539250132
"Butternut_Canker",-78.750055534,41.539250132
"Butternut_Canker",-78.500055534,41.539250132
"Butternut_Canker",-78.000055534,41.539250132
"Butternut_Canker",-77.750055534,41.539250132
"Butternut_Canker",-77.500055534,41.539250132
"Butternut_Canker",-77.250055534,41.539250132
"Butternut_Canker",-77.000055534,41.539250132
"Butternut_Canker",-76.750055534,41.539250132
"Butternut_Canker",-76.500055534,41.539250132
"Butternut_Canker",-76.250055534,41.539250132
"Butternut_Canker",-76.000055534,41.539250132
"Butternut_Canker",-75.750055534,41.539250132
"Butternut_Canker",-75.500055534,41.539250132
"Butternut_Canker",-75.250055534,41.539250132
"Butternut_Canker",-74.750055534,41.539250132
"Butternut_Canker",-74.500055534,41.539250132
"Butternut_Canker",-74.250055534,41.539250132
"Butternut_Canker",-74.000055534,41.539250132
"Butternut_Canker",-73.750055534,41.539250132
"Butternut_Canker",-80.500055534,41.289250132
"Butternut_Canker",-80.250055534,41.289250132
"Butternut_Canker",-80.000055534,41.289250132
"Butternut_Canker",-79.750055534,41.289250132
"Butternut_Canker",-79.500055534,41.289250132
"Butternut_Canker",-79.250055534,41.289250132
"Butternut_Canker",-79.000055534,41.289250132
"Butternut_Canker",-78.750055534,41.289250132
"Butternut_Canker",-78.500055534,41.289250132
"Butternut_Canker",-78.000055534,41.289250132
"Butternut_Canker",-77.750055534,41.289250132
"Butternut_Canker",-77.500055534,41.289250132
"Butternut_Canker",-77.250055534,41.289250132
"Butternut_Canker",-77.000055534,41.289250132
"Butternut_Canker",-76.750055534,41.289250132
"Butternut_Canker",-76.500055534,41.289250132
"Butternut_Canker",-76.250055534,41.289250132
"Butternut_Canker",-76.000055534,41.289250132
"Butternut_Canker",-75.750055534,41.289250132
"Butternut_Canker",-75.500055534,41.289250132
"Butternut_Canker",-75.250055534,41.289250132
"Butternut_Canker",-75.000055534,41.289250132
"Butternut_Canker",-74.250055534,41.289250132
"Butternut_Canker",-74.000055534,41.289250132
"Butternut_Canker",-73.750055534,41.289250132
"Butternut_Canker",-80.500055534,41.039250132
"Butternut_Canker",-80.250055534,41.039250132
"Butternut_Canker",-80.000055534,41.039250132
"Butternut_Canker",-79.750055534,41.039250132
"Butternut_Canker",-79.500055534,41.039250132
"Butternut_Canker",-79.250055534,41.039250132
"Butternut_Canker",-79.000055534,41.039250132
"Butternut_Canker",-78.750055534,41.039250132
"Butternut_Canker",-78.500055534,41.039250132
"Butternut_Canker",-78.250055534,41.039250132
"Butternut_Canker",-78.000055534,41.039250132
"Butternut_Canker",-77.750055534,41.039250132
"Butternut_Canker",-77.500055534,41.039250132
"Butternut_Canker",-77.250055534,41.039250132
"Butternut_Canker",-77.000055534,41.039250132
"Butternut_Canker",-76.750055534,41.039250132
"Butternut_Canker",-76.000055534,41.039250132
"Butternut_Canker",-75.750055534,41.039250132
"Butternut_Canker",-75.500055534,41.039250132
"Butternut_Canker",-75.250055534,41.039250132
"Butternut_Canker",-73.750055534,41.039250132
"Butternut_Canker",-80.500055534,40.789250132
"Butternut_Canker",-80.250055534,40.789250132
"Butternut_Canker",-80.000055534,40.789250132
"Butternut_Canker",-79.750055534,40.789250132
"Butternut_Canker",-79.500055534,40.789250132
"Butternut_Canker",-79.250055534,40.789250132
"Butternut_Canker",-79.000055534,40.789250132
"Butternut_Canker",-78.750055534,40.789250132
"Butternut_Canker",-78.500055534,40.789250132
"Butternut_Canker",-78.250055534,40.789250132
"Butternut_Canker",-78.000055534,40.789250132
"Butternut_Canker",-77.750055534,40.789250132
"Butternut_Canker",-77.500055534,40.789250132
"Butternut_Canker",-77.250055534,40.789250132
"Butternut_Canker",-77.000055534,40.789250132
"Butternut_Canker",-76.750055534,40.789250132
"Butternut_Canker",-76.500055534,40.789250132
"Butternut_Canker",-76.250055534,40.789250132
"Butternut_Canker",-76.000055534,40.789250132
"Butternut_Canker",-75.750055534,40.789250132
"Butternut_Canker",-75.500055534,40.789250132
"Butternut_Canker",-75.250055534,40.789250132
"Butternut_Canker",-80.500055534,40.539250132
"Butternut_Canker",-80.250055534,40.539250132
"Butternut_Canker",-80.000055534,40.539250132
"Butternut_Canker",-79.750055534,40.539250132
"Butternut_Canker",-79.500055534,40.539250132
"Butternut_Canker",-79.250055534,40.539250132
"Butternut_Canker",-79.000055534,40.539250132
"Butternut_Canker",-78.750055534,40.539250132
"Butternut_Canker",-78.500055534,40.539250132
"Butternut_Canker",-78.250055534,40.539250132
"Butternut_Canker",-78.000055534,40.539250132
"Butternut_Canker",-77.750055534,40.539250132
"Butternut_Canker",-77.500055534,40.539250132
"Butternut_Canker",-77.250055534,40.539250132
"Butternut_Canker",-77.000055534,40.539250132
"Butternut_Canker",-76.750055534,40.539250132
"Butternut_Canker",-76.500055534,40.539250132
"Butternut_Canker",-76.250055534,40.539250132
"Butternut_Canker",-76.000055534,40.539250132
"Butternut_Canker",-75.750055534,40.539250132
"Butternut_Canker",-75.500055534,40.539250132
"Butternut_Canker",-75.250055534,40.539250132
"Butternut_Canker",-80.500055534,40.289250132
"Butternut_Canker",-80.250055534,40.289250132
"Butternut_Canker",-80.000055534,40.289250132
"Butternut_Canker",-79.750055534,40.289250132
"Butternut_Canker",-79.500055534,40.289250132
"Butternut_Canker",-79.250055534,40.289250132
"Butternut_Canker",-79.000055534,40.289250132
"Butternut_Canker",-78.750055534,40.289250132
"Butternut_Canker",-78.500055534,40.289250132
"Butternut_Canker",-78.250055534,40.289250132
"Butternut_Canker",-78.000055534,40.289250132
"Butternut_Canker",-77.750055534,40.289250132
"Butternut_Canker",-77.500055534,40.289250132
"Butternut_Canker",-77.250055534,40.289250132
"Butternut_Canker",-77.000055534,40.289250132
"Butternut_Canker",-76.750055534,40.289250132
"Butternut_Canker",-76.500055534,40.289250132
"Butternut_Canker",-76.250055534,40.289250132
"Butternut_Canker",-76.000055534,40.289250132
"Butternut_Canker",-75.750055534,40.289250132
"Butternut_Canker",-75.500055534,40.289250132
"Butternut_Canker",-75.250055534,40.289250132
"Butternut_Canker",-75.000055534,40.289250132
"Butternut_Canker",-80.500055534,40.039250132
"Butternut_Canker",-80.250055534,40.039250132
"Butternut_Canker",-80.000055534,40.039250132
"Butternut_Canker",-79.750055534,40.039250132
"Butternut_Canker",-79.500055534,40.039250132
"Butternut_Canker",-79.250055534,40.039250132
"Butternut_Canker",-79.000055534,40.039250132
"Butternut_Canker",-78.750055534,40.039250132
"Butternut_Canker",-78.500055534,40.039250132
"Butternut_Canker",-78.250055534,40.039250132
"Butternut_Canker",-78.000055534,40.039250132
"Butternut_Canker",-77.750055534,40.039250132
"Butternut_Canker",-77.500055534,40.039250132
"Butternut_Canker",-77.250055534,40.039250132
"Butternut_Canker",-77.000055534,40.039250132
"Butternut_Canker",-76.750055534,40.039250132
"Butternut_Canker",-76.500055534,40.039250132
"Butternut_Canker",-76.250055534,40.039250132
"Butternut_Canker",-76.000055534,40.039250132
"Butternut_Canker",-75.750055534,40.039250132
"Butternut_Canker",-75.500055534,40.039250132
"Butternut_Canker",-75.250055534,40.039250132
"Butternut_Canker",-80.500055534,39.789250132
"Butternut_Canker",-80.250055534,39.789250132
"Butternut_Canker",-80.000055534,39.789250132
"Butternut_Canker",-79.750055534,39.789250132
"Butternut_Canker",-79.500055534,39.789250132
"Butternut_Canker",-79.250055534,39.789250132
"Butternut_Canker",-79.000055534,39.789250132
"Butternut_Canker",-78.750055534,39.789250132
"Butternut_Canker",-78.500055534,39.789250132
"Butternut_Canker",-78.250055534,39.789250132
"Butternut_Canker",-78.000055534,39.789250132
"Butternut_Canker",-77.750055534,39.789250132
"Butternut_Canker",-77.500055534,39.789250132
"Butternut_Canker",-77.250055534,39.789250132
"Butternut_Canker",-77.000055534,39.789250132
"Butternut_Canker",-76.750055534,39.789250132
"Butternut_Canker",-76.500055534,39.789250132
"Butternut_Canker",-76.250055534,39.789250132
"Butternut_Canker",-76.000055534,39.789250132
"Butternut_Canker",-75.000055534,41.039250132
"Butternut_Canker",-74.750055534,41.039250132
"Butternut_Canker",-74.500055534,41.039250132
"Butternut_Canker",-74.250055534,41.039250132
"Butternut_Canker",-74.000055534,41.039250132
"Butternut_Canker",-75.000055534,40.789250132
"Butternut_Canker",-74.750055534,40.789250132
"Butternut_Canker",-74.500055534,40.789250132
"Butternut_Canker",-75.000055534,40.539250132
"Butternut_Canker",-74.750055534,40.539250132
"Butternut_Canker",-74.500055534,40.539250132
"Butternut_Canker",-74.500055534,40.289250132
"Butternut_Canker",-74.250055534,40.289250132
"Butternut_Canker",-74.000055534,40.289250132
"Butternut_Canker",-75.000055534,40.039250132
"Butternut_Canker",-74.750055534,40.039250132
"Butternut_Canker",-74.500055534,40.039250132
"Butternut_Canker",-74.250055534,40.039250132
"Butternut_Canker",-75.250055534,39.789250132
"Butternut_Canker",-75.000055534,39.789250132
"Butternut_Canker",-74.750055534,39.789250132
"Butternut_Canker",-74.500055534,39.789250132
"Butternut_Canker",-74.250055534,39.789250132
"Butternut_Canker",-76.250055534,39.539250132
"Butternut_Canker",-75.750055534,39.539250132
"Butternut_Canker",-79.500055534,39.539250132
"Butternut_Canker",-79.250055534,39.539250132
"Butternut_Canker",-78.000055534,39.539250132
"Butternut_Canker",-87.750055534,39.289250132
"Butternut_Canker",-84.750055534,39.039250132
"Butternut_Canker",-84.500055534,39.039250132
"Butternut_Canker",-81.000055534,41.789250132
"Butternut_Canker",-80.750055534,41.789250132
"Butternut_Canker",-84.750055534,41.539250132
"Butternut_Canker",-84.500055534,41.539250132
"Butternut_Canker",-83.750055534,41.539250132
"Butternut_Canker",-83.500055534,41.539250132
"Butternut_Canker",-83.250055534,41.539250132
"Butternut_Canker",-81.500055534,41.539250132
"Butternut_Canker",-81.250055534,41.539250132
"Butternut_Canker",-81.000055534,41.539250132
"Butternut_Canker",-80.750055534,41.539250132
"Butternut_Canker",-84.750055534,41.289250132
"Butternut_Canker",-84.500055534,41.289250132
"Butternut_Canker",-84.250055534,41.289250132
"Butternut_Canker",-84.000055534,41.289250132
"Butternut_Canker",-83.750055534,41.289250132
"Butternut_Canker",-82.750055534,41.289250132
"Butternut_Canker",-82.500055534,41.289250132
"Butternut_Canker",-82.250055534,41.289250132
"Butternut_Canker",-82.000055534,41.289250132
"Butternut_Canker",-81.750055534,41.289250132
"Butternut_Canker",-81.500055534,41.289250132
"Butternut_Canker",-81.250055534,41.289250132
"Butternut_Canker",-81.000055534,41.289250132
"Butternut_Canker",-80.750055534,41.289250132
"Butternut_Canker",-84.750055534,41.039250132
"Butternut_Canker",-84.500055534,41.039250132
"Butternut_Canker",-83.000055534,41.039250132
"Butternut_Canker",-82.750055534,41.039250132
"Butternut_Canker",-82.500055534,41.039250132
"Butternut_Canker",-82.250055534,41.039250132
"Butternut_Canker",-82.000055534,41.039250132
"Butternut_Canker",-81.750055534,41.039250132
"Butternut_Canker",-81.500055534,41.039250132
"Butternut_Canker",-81.250055534,41.039250132
"Butternut_Canker",-81.000055534,41.039250132
"Butternut_Canker",-80.750055534,41.039250132
"Butternut_Canker",-84.750055534,40.789250132
"Butternut_Canker",-84.500055534,40.789250132
"Butternut_Canker",-83.000055534,40.789250132
"Butternut_Canker",-82.750055534,40.789250132
"Butternut_Canker",-82.500055534,40.789250132
"Butternut_Canker",-82.250055534,40.789250132
"Butternut_Canker",-82.000055534,40.789250132
"Butternut_Canker",-81.750055534,40.789250132
"Butternut_Canker",-81.500055534,40.789250132
"Butternut_Canker",-81.250055534,40.789250132
"Butternut_Canker",-81.000055534,40.789250132
"Butternut_Canker",-80.750055534,40.789250132
"Butternut_Canker",-83.250055534,40.539250132
"Butternut_Canker",-83.000055534,40.539250132
"Butternut_Canker",-82.750055534,40.539250132
"Butternut_Canker",-82.500055534,40.539250132
"Butternut_Canker",-82.250055534,40.539250132
"Butternut_Canker",-82.000055534,40.539250132
"Butternut_Canker",-81.750055534,40.539250132
"Butternut_Canker",-81.500055534,40.539250132
"Butternut_Canker",-81.250055534,40.539250132
"Butternut_Canker",-81.000055534,40.539250132
"Butternut_Canker",-80.750055534,40.539250132
"Butternut_Canker",-84.750055534,40.289250132
"Butternut_Canker",-84.500055534,40.289250132
"Butternut_Canker",-82.750055534,40.289250132
"Butternut_Canker",-82.500055534,40.289250132
"Butternut_Canker",-82.250055534,40.289250132
"Butternut_Canker",-82.000055534,40.289250132
"Butternut_Canker",-81.750055534,40.289250132
"Butternut_Canker",-81.500055534,40.289250132
"Butternut_Canker",-81.250055534,40.289250132
"Butternut_Canker",-81.000055534,40.289250132
"Butternut_Canker",-80.750055534,40.289250132
"Butternut_Canker",-84.750055534,40.039250132
"Butternut_Canker",-84.500055534,40.039250132
"Butternut_Canker",-84.000055534,40.039250132
"Butternut_Canker",-83.750055534,40.039250132
"Butternut_Canker",-83.500055534,40.039250132
"Butternut_Canker",-83.250055534,40.039250132
"Butternut_Canker",-83.000055534,40.039250132
"Butternut_Canker",-82.750055534,40.039250132
"Butternut_Canker",-82.500055534,40.039250132
"Butternut_Canker",-82.250055534,40.039250132
"Butternut_Canker",-82.000055534,40.039250132
"Butternut_Canker",-81.750055534,40.039250132
"Butternut_Canker",-81.500055534,40.039250132
"Butternut_Canker",-81.250055534,40.039250132
"Butternut_Canker",-81.000055534,40.039250132
"Butternut_Canker",-84.750055534,39.789250132
"Butternut_Canker",-84.500055534,39.789250132
"Butternut_Canker",-84.250055534,39.789250132
"Butternut_Canker",-84.000055534,39.789250132
"Butternut_Canker",-83.750055534,39.789250132
"Butternut_Canker",-83.500055534,39.789250132
"Butternut_Canker",-83.250055534,39.789250132
"Butternut_Canker",-83.000055534,39.789250132
"Butternut_Canker",-82.750055534,39.789250132
"Butternut_Canker",-82.500055534,39.789250132
"Butternut_Canker",-82.250055534,39.789250132
"Butternut_Canker",-82.000055534,39.789250132
"Butternut_Canker",-81.750055534,39.789250132
"Butternut_Canker",-81.500055534,39.789250132
"Butternut_Canker",-81.250055534,39.789250132
"Butternut_Canker",-81.000055534,39.789250132
"Butternut_Canker",-83.750055534,39.539250132
"Butternut_Canker",-83.500055534,39.539250132
"Butternut_Canker",-83.250055534,39.539250132
"Butternut_Canker",-83.000055534,39.539250132
"Butternut_Canker",-82.750055534,39.539250132
"Butternut_Canker",-82.500055534,39.539250132
"Butternut_Canker",-82.250055534,39.539250132
"Butternut_Canker",-82.000055534,39.539250132
"Butternut_Canker",-81.750055534,39.539250132
"Butternut_Canker",-81.500055534,39.539250132
"Butternut_Canker",-81.250055534,39.539250132
"Butternut_Canker",-83.750055534,39.289250132
"Butternut_Canker",-83.500055534,39.289250132
"Butternut_Canker",-83.250055534,39.289250132
"Butternut_Canker",-83.000055534,39.289250132
"Butternut_Canker",-82.750055534,39.289250132
"Butternut_Canker",-82.500055534,39.289250132
"Butternut_Canker",-82.250055534,39.289250132
"Butternut_Canker",-82.000055534,39.289250132
"Butternut_Canker",-84.250055534,39.039250132
"Butternut_Canker",-84.000055534,39.039250132
"Butternut_Canker",-83.750055534,39.039250132
"Butternut_Canker",-83.500055534,39.039250132
"Butternut_Canker",-83.250055534,39.039250132
"Butternut_Canker",-83.000055534,39.039250132
"Butternut_Canker",-82.750055534,39.039250132
"Butternut_Canker",-82.500055534,39.039250132
"Butternut_Canker",-82.250055534,39.039250132
"Butternut_Canker",-83.750055534,38.789250132
"Butternut_Canker",-83.500055534,38.789250132
"Butternut_Canker",-83.250055534,38.789250132
"Butternut_Canker",-82.750055534,38.789250132
"Butternut_Canker",-82.500055534,38.789250132
"Butternut_Canker",-82.500055534,38.539250132
"Butternut_Canker",-77.750055534,39.539250132
"Butternut_Canker",-77.500055534,39.539250132
"Butternut_Canker",-77.250055534,39.539250132
"Butternut_Canker",-77.500055534,39.289250132
"Butternut_Canker",-77.250055534,39.289250132
"Butternut_Canker",-77.000055534,39.289250132
"Butternut_Canker",-77.000055534,38.789250132
"Butternut_Canker",-77.250055534,38.539250132
"Butternut_Canker",-77.000055534,38.539250132
"Butternut_Canker",-76.250055534,38.539250132
"Butternut_Canker",-76.000055534,38.539250132
"Butternut_Canker",-82.250055534,38.539250132
"Butternut_Canker",-88.000055534,38.789250132
"Butternut_Canker",-87.750055534,38.789250132
"Butternut_Canker",-87.750055534,38.539250132
"Butternut_Canker",-90.000055534,38.539250132
"Butternut_Canker",-89.750055534,38.539250132
"Butternut_Canker",-90.250055534,38.289250132
"Butternut_Canker",-90.000055534,38.289250132
"Butternut_Canker",-89.750055534,38.289250132
"Butternut_Canker",-87.250055534,40.289250132
"Butternut_Canker",-87.000055534,40.289250132
"Butternut_Canker",-86.750055534,40.289250132
"Butternut_Canker",-85.750055534,40.289250132
"Butternut_Canker",-85.500055534,40.289250132
"Butternut_Canker",-85.250055534,40.289250132
"Butternut_Canker",-87.250055534,40.039250132
"Butternut_Canker",-87.000055534,40.039250132
"Butternut_Canker",-86.750055534,40.039250132
"Butternut_Canker",-86.500055534,40.039250132
"Butternut_Canker",-86.250055534,40.039250132
"Butternut_Canker",-86.000055534,40.039250132
"Butternut_Canker",-85.750055534,40.039250132
"Butternut_Canker",-87.250055534,39.789250132
"Butternut_Canker",-87.000055534,39.789250132
"Butternut_Canker",-86.750055534,39.789250132
"Butternut_Canker",-86.500055534,39.789250132
"Butternut_Canker",-86.250055534,39.789250132
"Butternut_Canker",-86.000055534,39.789250132
"Butternut_Canker",-85.750055534,39.789250132
"Butternut_Canker",-85.000055534,39.789250132
"Butternut_Canker",-87.250055534,39.539250132
"Butternut_Canker",-87.000055534,39.539250132
"Butternut_Canker",-86.750055534,39.539250132
"Butternut_Canker",-86.500055534,39.539250132
"Butternut_Canker",-86.250055534,39.539250132
"Butternut_Canker",-86.000055534,39.539250132
"Butternut_Canker",-85.250055534,39.539250132
"Butternut_Canker",-87.250055534,39.289250132
"Butternut_Canker",-87.000055534,39.289250132
"Butternut_Canker",-86.750055534,39.289250132
"Butternut_Canker",-86.500055534,39.289250132
"Butternut_Canker",-86.250055534,39.289250132
"Butternut_Canker",-86.000055534,39.289250132
"Butternut_Canker",-85.500055534,39.289250132
"Butternut_Canker",-85.250055534,39.289250132
"Butternut_Canker",-85.000055534,39.289250132
"Butternut_Canker",-86.500055534,39.039250132
"Butternut_Canker",-86.250055534,39.039250132
"Butternut_Canker",-86.000055534,39.039250132
"Butternut_Canker",-85.750055534,39.039250132
"Butternut_Canker",-85.500055534,39.039250132
"Butternut_Canker",-85.250055534,39.039250132
"Butternut_Canker",-86.750055534,38.789250132
"Butternut_Canker",-86.500055534,38.789250132
"Butternut_Canker",-85.500055534,38.789250132
"Butternut_Canker",-87.500055534,38.539250132
"Butternut_Canker",-86.750055534,38.539250132
"Butternut_Canker",-86.500055534,38.539250132
"Butternut_Canker",-87.750055534,38.289250132
"Butternut_Canker",-87.500055534,38.289250132
"Butternut_Canker",-86.500055534,38.289250132
"Butternut_Canker",-86.250055534,38.289250132
"Butternut_Canker",-86.000055534,38.289250132
"Butternut_Canker",-76.750055534,38.039250132
"Butternut_Canker",-75.750055534,37.789250132
"Butternut_Canker",-80.750055534,39.789250132
"Butternut_Canker",-81.000055534,39.539250132
"Butternut_Canker",-80.750055534,39.539250132
"Butternut_Canker",-80.500055534,39.539250132
"Butternut_Canker",-80.250055534,39.539250132
"Butternut_Canker",-80.000055534,39.539250132
"Butternut_Canker",-79.750055534,39.539250132
"Butternut_Canker",-80.750055534,39.289250132
"Butternut_Canker",-79.750055534,39.289250132
"Butternut_Canker",-79.250055534,39.289250132
"Butternut_Canker",-79.000055534,39.289250132
"Butternut_Canker",-78.750055534,39.289250132
"Butternut_Canker",-81.750055534,39.039250132
"Butternut_Canker",-81.500055534,39.039250132
"Butternut_Canker",-81.250055534,39.039250132
"Butternut_Canker",-80.250055534,39.039250132
"Butternut_Canker",-80.000055534,39.039250132
"Butternut_Canker",-79.750055534,39.039250132
"Butternut_Canker",-79.500055534,39.039250132
"Butternut_Canker",-79.250055534,39.039250132
"Butternut_Canker",-79.000055534,39.039250132
"Butternut_Canker",-81.750055534,38.789250132
"Butternut_Canker",-81.000055534,38.789250132
"Butternut_Canker",-80.750055534,38.789250132
"Butternut_Canker",-80.500055534,38.789250132
"Butternut_Canker",-80.250055534,38.789250132
"Butternut_Canker",-80.000055534,38.789250132
"Butternut_Canker",-79.750055534,38.789250132
"Butternut_Canker",-79.500055534,38.789250132
"Butternut_Canker",-79.250055534,38.789250132
"Butternut_Canker",-81.750055534,38.539250132
"Butternut_Canker",-81.500055534,38.539250132
"Butternut_Canker",-81.250055534,38.539250132
"Butternut_Canker",-81.000055534,38.539250132
"Butternut_Canker",-80.750055534,38.539250132
"Butternut_Canker",-80.500055534,38.539250132
"Butternut_Canker",-80.250055534,38.539250132
"Butternut_Canker",-80.000055534,38.539250132
"Butternut_Canker",-79.500055534,38.539250132
"Butternut_Canker",-81.750055534,38.289250132
"Butternut_Canker",-81.500055534,38.289250132
"Butternut_Canker",-81.250055534,38.289250132
"Butternut_Canker",-81.000055534,38.289250132
"Butternut_Canker",-80.750055534,38.289250132
"Butternut_Canker",-80.500055534,38.289250132
"Butternut_Canker",-80.250055534,38.289250132
"Butternut_Canker",-82.000055534,38.039250132
"Butternut_Canker",-81.750055534,38.039250132
"Butternut_Canker",-81.500055534,38.039250132
"Butternut_Canker",-81.250055534,38.039250132
"Butternut_Canker",-81.000055534,38.039250132
"Butternut_Canker",-80.750055534,38.039250132
"Butternut_Canker",-80.500055534,38.039250132
"Butternut_Canker",-80.250055534,38.039250132
"Butternut_Canker",-82.250055534,37.789250132
"Butternut_Canker",-82.000055534,37.789250132
"Butternut_Canker",-81.750055534,37.789250132
"Butternut_Canker",-81.500055534,37.789250132
"Butternut_Canker",-81.250055534,37.789250132
"Butternut_Canker",-81.000055534,37.789250132
"Butternut_Canker",-80.750055534,37.789250132
"Butternut_Canker",-80.500055534,37.789250132
"Butternut_Canker",-82.000055534,37.539250132
"Butternut_Canker",-81.750055534,37.539250132
"Butternut_Canker",-81.500055534,37.539250132
"Butternut_Canker",-81.250055534,37.539250132
"Butternut_Canker",-81.000055534,37.539250132
"Butternut_Canker",-81.750055534,37.289250132
"Butternut_Canker",-77.750055534,37.539250132
"Butternut_Canker",-88.000055534,37.039250132
"Butternut_Canker",-89.000055534,38.289250132
"Butternut_Canker",-88.750055534,38.289250132
"Butternut_Canker",-89.000055534,38.039250132
"Butternut_Canker",-88.750055534,38.039250132
"Butternut_Canker",-89.500055534,37.789250132
"Butternut_Canker",-89.250055534,37.789250132
"Butternut_Canker",-89.000055534,37.789250132
"Butternut_Canker",-88.750055534,37.789250132
"Butternut_Canker",-88.500055534,37.789250132
"Butternut_Canker",-89.250055534,37.539250132
"Butternut_Canker",-89.000055534,37.539250132
"Butternut_Canker",-88.750055534,37.539250132
"Butternut_Canker",-88.500055534,37.539250132
"Butternut_Canker",-88.250055534,37.539250132
"Butternut_Canker",-89.250055534,37.289250132
"Butternut_Canker",-88.750055534,37.289250132
"Butternut_Canker",-88.500055534,37.289250132
"Butternut_Canker",-85.750055534,38.039250132
"Butternut_Canker",-86.000055534,37.789250132
"Butternut_Canker",-86.000055534,37.539250132
"Butternut_Canker",-85.750055534,37.539250132
"Butternut_Canker",-86.000055534,37.289250132
"Butternut_Canker",-85.750055534,37.289250132
"Butternut_Canker",-85.500055534,37.289250132
"Butternut_Canker",-86.500055534,37.039250132
"Butternut_Canker",-86.250055534,37.039250132
"Butternut_Canker",-86.000055534,37.039250132
"Butternut_Canker",-85.750055534,37.039250132
"Butternut_Canker",-85.500055534,36.789250132
"Butternut_Canker",-78.750055534,37.039250132
"Butternut_Canker",-78.500055534,37.039250132
"Butternut_Canker",-78.250055534,37.039250132
"Butternut_Canker",-78.000055534,36.789250132
"Butternut_Canker",-77.250055534,37.289250132
"Butternut_Canker",-77.500055534,37.039250132
"Butternut_Canker",-77.250055534,37.039250132
"Butternut_Canker",-87.250055534,36.789250132
"Butternut_Canker",-83.500055534,38.539250132
"Butternut_Canker",-83.250055534,38.539250132
"Butternut_Canker",-83.000055534,38.539250132
"Butternut_Canker",-84.750055534,38.289250132
"Butternut_Canker",-83.500055534,38.289250132
"Butternut_Canker",-83.250055534,38.289250132
"Butternut_Canker",-83.000055534,38.289250132
"Butternut_Canker",-85.000055534,38.039250132
"Butternut_Canker",-84.500055534,38.039250132
"Butternut_Canker",-84.250055534,38.039250132
"Butternut_Canker",-83.500055534,38.039250132
"Butternut_Canker",-83.250055534,38.039250132
"Butternut_Canker",-85.000055534,37.789250132
"Butternut_Canker",-84.250055534,37.789250132
"Butternut_Canker",-84.000055534,37.789250132
"Butternut_Canker",-83.750055534,37.789250132
"Butternut_Canker",-83.500055534,37.789250132
"Butternut_Canker",-84.750055534,37.539250132
"Butternut_Canker",-83.000055534,37.539250132
"Butternut_Canker",-82.750055534,37.539250132
"Butternut_Canker",-82.500055534,37.539250132
"Butternut_Canker",-82.250055534,37.539250132
"Butternut_Canker",-84.500055534,37.289250132
"Butternut_Canker",-84.250055534,37.289250132
"Butternut_Canker",-83.750055534,37.289250132
"Butternut_Canker",-83.500055534,37.289250132
"Butternut_Canker",-83.250055534,37.289250132
"Butternut_Canker",-83.000055534,37.289250132
"Butternut_Canker",-82.750055534,37.289250132
"Butternut_Canker",-85.000055534,37.039250132
"Butternut_Canker",-84.750055534,37.039250132
"Butternut_Canker",-84.500055534,37.039250132
"Butternut_Canker",-84.250055534,37.039250132
"Butternut_Canker",-83.500055534,37.039250132
"Butternut_Canker",-83.250055534,37.039250132
"Butternut_Canker",-83.000055534,37.039250132
"Butternut_Canker",-85.000055534,36.789250132
"Butternut_Canker",-84.750055534,36.789250132
"Butternut_Canker",-84.500055534,36.789250132
"Butternut_Canker",-84.250055534,36.789250132
"Butternut_Canker",-83.750055534,36.789250132
"Butternut_Canker",-83.500055534,36.789250132
"Butternut_Canker",-88.750055534,36.789250132
"Butternut_Canker",-88.500055534,36.789250132
"Butternut_Canker",-78.250055534,39.289250132
"Butternut_Canker",-77.750055534,39.289250132
"Butternut_Canker",-78.500055534,39.039250132
"Butternut_Canker",-78.250055534,39.039250132
"Butternut_Canker",-78.000055534,39.039250132
"Butternut_Canker",-77.750055534,39.039250132
"Butternut_Canker",-77.500055534,39.039250132
"Butternut_Canker",-79.000055534,38.789250132
"Butternut_Canker",-78.750055534,38.789250132
"Butternut_Canker",-78.500055534,38.789250132
"Butternut_Canker",-78.250055534,38.789250132
"Butternut_Canker",-78.000055534,38.789250132
"Butternut_Canker",-77.750055534,38.789250132
"Butternut_Canker",-77.250055534,38.789250132
"Butternut_Canker",-78.750055534,38.539250132
"Butternut_Canker",-78.500055534,38.539250132
"Butternut_Canker",-78.250055534,38.539250132
"Butternut_Canker",-78.000055534,38.539250132
"Butternut_Canker",-77.750055534,38.539250132
"Butternut_Canker",-77.500055534,38.539250132
"Butternut_Canker",-79.750055534,38.289250132
"Butternut_Canker",-79.500055534,38.289250132
"Butternut_Canker",-79.250055534,38.289250132
"Butternut_Canker",-79.000055534,38.289250132
"Butternut_Canker",-78.250055534,38.289250132
"Butternut_Canker",-78.000055534,38.289250132
"Butternut_Canker",-77.750055534,38.289250132
"Butternut_Canker",-77.500055534,38.289250132
"Butternut_Canker",-80.000055534,38.039250132
"Butternut_Canker",-79.750055534,38.039250132
"Butternut_Canker",-79.500055534,38.039250132
"Butternut_Canker",-79.250055534,38.039250132
"Butternut_Canker",-79.000055534,38.039250132
"Butternut_Canker",-78.750055534,38.039250132
"Butternut_Canker",-78.500055534,38.039250132
"Butternut_Canker",-78.250055534,38.039250132
"Butternut_Canker",-78.000055534,38.039250132
"Butternut_Canker",-77.750055534,38.039250132
"Butternut_Canker",-77.500055534,38.039250132
"Butternut_Canker",-80.250055534,37.789250132
"Butternut_Canker",-80.000055534,37.789250132
"Butternut_Canker",-79.750055534,37.789250132
"Butternut_Canker",-79.500055534,37.789250132
"Butternut_Canker",-79.250055534,37.789250132
"Butternut_Canker",-79.000055534,37.789250132
"Butternut_Canker",-78.250055534,37.789250132
"Butternut_Canker",-77.500055534,37.789250132
"Butternut_Canker",-80.250055534,37.539250132
"Butternut_Canker",-80.000055534,37.539250132
"Butternut_Canker",-79.750055534,37.539250132
"Butternut_Canker",-79.500055534,37.539250132
"Butternut_Canker",-79.250055534,37.539250132
"Butternut_Canker",-82.250055534,37.289250132
"Butternut_Canker",-81.000055534,37.289250132
"Butternut_Canker",-80.750055534,37.289250132
"Butternut_Canker",-80.500055534,37.289250132
"Butternut_Canker",-80.250055534,37.289250132
"Butternut_Canker",-80.000055534,37.289250132
"Butternut_Canker",-79.750055534,37.289250132
"Butternut_Canker",-82.250055534,37.039250132
"Butternut_Canker",-82.000055534,37.039250132
"Butternut_Canker",-81.750055534,37.039250132
"Butternut_Canker",-81.500055534,37.039250132
"Butternut_Canker",-80.750055534,37.039250132
"Butternut_Canker",-80.500055534,37.039250132
"Butternut_Canker",-80.250055534,37.039250132
"Butternut_Canker",-80.000055534,37.039250132
"Butternut_Canker",-79.750055534,37.039250132
"Butternut_Canker",-79.500055534,37.039250132
"Butternut_Canker",-83.000055534,36.789250132
"Butternut_Canker",-82.750055534,36.789250132
"Butternut_Canker",-82.500055534,36.789250132
"Butternut_Canker",-82.250055534,36.789250132
"Butternut_Canker",-82.000055534,36.789250132
"Butternut_Canker",-81.750055534,36.789250132
"Butternut_Canker",-81.500055534,36.789250132
"Butternut_Canker",-81.250055534,36.789250132
"Butternut_Canker",-81.000055534,36.789250132
"Butternut_Canker",-80.750055534,36.789250132
"Butternut_Canker",-80.500055534,36.789250132
"Butternut_Canker",-79.750055534,36.789250132
"Butternut_Canker",-79.500055534,36.789250132
"Butternut_Canker",-80.500055534,36.539250132
"Butternut_Canker",-80.250055534,36.539250132
"Butternut_Canker",-94.500055534,36.289250132
"Butternut_Canker",-94.250055534,36.289250132
"Butternut_Canker",-94.000055534,36.289250132
"Butternut_Canker",-79.250055534,36.039250132
"Butternut_Canker",-79.000055534,36.039250132
"Butternut_Canker",-91.000055534,41.289250132
"Butternut_Canker",-90.750055534,41.289250132
"Butternut_Canker",-90.500055534,41.289250132
"Butternut_Canker",-90.250055534,41.039250132
"Butternut_Canker",-90.000055534,41.039250132
"Butternut_Canker",-89.750055534,41.039250132
"Butternut_Canker",-91.000055534,40.789250132
"Butternut_Canker",-90.250055534,40.789250132
"Butternut_Canker",-90.000055534,40.789250132
"Butternut_Canker",-89.750055534,40.789250132
"Butternut_Canker",-88.000055534,40.789250132
"Butternut_Canker",-87.750055534,40.789250132
"Butternut_Canker",-91.250055534,40.539250132
"Butternut_Canker",-91.000055534,40.539250132
"Butternut_Canker",-90.250055534,40.539250132
"Butternut_Canker",-90.000055534,40.539250132
"Butternut_Canker",-89.750055534,40.539250132
"Butternut_Canker",-89.500055534,40.539250132
"Butternut_Canker",-88.750055534,40.539250132
"Butternut_Canker",-88.000055534,40.539250132
"Butternut_Canker",-87.750055534,40.539250132
"Butternut_Canker",-93.250055534,40.289250132
"Butternut_Canker",-93.000055534,40.289250132
"Butternut_Canker",-92.750055534,40.289250132
"Butternut_Canker",-92.500055534,40.289250132
"Butternut_Canker",-91.750055534,40.289250132
"Butternut_Canker",-91.250055534,40.289250132
"Butternut_Canker",-91.000055534,40.289250132
"Butternut_Canker",-90.750055534,40.289250132
"Butternut_Canker",-90.500055534,40.289250132
"Butternut_Canker",-90.250055534,40.289250132
"Butternut_Canker",-90.000055534,40.289250132
"Butternut_Canker",-89.750055534,40.289250132
"Butternut_Canker",-89.000055534,40.289250132
"Butternut_Canker",-88.750055534,40.289250132
"Butternut_Canker",-88.500055534,40.289250132
"Butternut_Canker",-88.250055534,40.289250132
"Butternut_Canker",-88.000055534,40.289250132
"Butternut_Canker",-87.750055534,40.289250132
"Butternut_Canker",-92.750055534,40.039250132
"Butternut_Canker",-92.500055534,40.039250132
"Butternut_Canker",-91.750055534,40.039250132
"Butternut_Canker",-91.250055534,40.039250132
"Butternut_Canker",-91.000055534,40.039250132
"Butternut_Canker",-90.750055534,40.039250132
"Butternut_Canker",-90.500055534,40.039250132
"Butternut_Canker",-90.250055534,40.039250132
"Butternut_Canker",-90.000055534,40.039250132
"Butternut_Canker",-89.750055534,40.039250132
"Butternut_Canker",-89.000055534,40.039250132
"Butternut_Canker",-88.250055534,40.039250132
"Butternut_Canker",-88.000055534,40.039250132
"Butternut_Canker",-87.750055534,40.039250132
"Butternut_Canker",-92.750055534,39.789250132
"Butternut_Canker",-92.500055534,39.789250132
"Butternut_Canker",-92.250055534,39.789250132
"Butternut_Canker",-92.000055534,39.789250132
"Butternut_Canker",-91.750055534,39.789250132
"Butternut_Canker",-91.500055534,39.789250132
"Butternut_Canker",-91.250055534,39.789250132
"Butternut_Canker",-91.000055534,39.789250132
"Butternut_Canker",-90.750055534,39.789250132
"Butternut_Canker",-90.500055534,39.789250132
"Butternut_Canker",-90.250055534,39.789250132
"Butternut_Canker",-90.000055534,39.789250132
"Butternut_Canker",-89.750055534,39.789250132
"Butternut_Canker",-89.500055534,39.789250132
"Butternut_Canker",-92.250055534,39.539250132
"Butternut_Canker",-92.000055534,39.539250132
"Butternut_Canker",-91.750055534,39.539250132
"Butternut_Canker",-91.500055534,39.539250132
"Butternut_Canker",-91.250055534,39.539250132
"Butternut_Canker",-91.000055534,39.539250132
"Butternut_Canker",-90.750055534,39.539250132
"Butternut_Canker",-90.500055534,39.539250132
"Butternut_Canker",-90.250055534,39.539250132
"Butternut_Canker",-90.000055534,39.539250132
"Butternut_Canker",-89.750055534,39.539250132
"Butternut_Canker",-89.500055534,39.539250132
"Butternut_Canker",-89.250055534,39.539250132
"Butternut_Canker",-92.250055534,39.289250132
"Butternut_Canker",-92.000055534,39.289250132
"Butternut_Canker",-91.750055534,39.289250132
"Butternut_Canker",-91.500055534,39.289250132
"Butternut_Canker",-91.250055534,39.289250132
"Butternut_Canker",-91.000055534,39.289250132
"Butternut_Canker",-90.750055534,39.289250132
"Butternut_Canker",-90.500055534,39.289250132
"Butternut_Canker",-90.250055534,39.289250132
"Butternut_Canker",-90.000055534,39.289250132
"Butternut_Canker",-89.750055534,39.289250132
"Butternut_Canker",-89.500055534,39.289250132
"Butternut_Canker",-89.250055534,39.289250132
"Butternut_Canker",-94.000055534,39.039250132
"Butternut_Canker",-93.750055534,39.039250132
"Butternut_Canker",-93.500055534,39.039250132
"Butternut_Canker",-93.250055534,39.039250132
"Butternut_Canker",-93.000055534,39.039250132
"Butternut_Canker",-92.750055534,39.039250132
"Butternut_Canker",-92.500055534,39.039250132
"Butternut_Canker",-92.250055534,39.039250132
"Butternut_Canker",-92.000055534,39.039250132
"Butternut_Canker",-91.750055534,39.039250132
"Butternut_Canker",-91.500055534,39.039250132
"Butternut_Canker",-91.250055534,39.039250132
"Butternut_Canker",-91.000055534,39.039250132
"Butternut_Canker",-90.750055534,39.039250132
"Butternut_Canker",-90.500055534,39.039250132
"Butternut_Canker",-90.250055534,39.039250132
"Butternut_Canker",-90.000055534,39.039250132
"Butternut_Canker",-89.750055534,39.039250132
"Butternut_Canker",-89.000055534,39.039250132
"Butternut_Canker",-88.750055534,39.039250132
"Butternut_Canker",-88.500055534,39.039250132
"Butternut_Canker",-94.000055534,38.789250132
"Butternut_Canker",-93.750055534,38.789250132
"Butternut_Canker",-93.500055534,38.789250132
"Butternut_Canker",-93.250055534,38.789250132
"Butternut_Canker",-93.000055534,38.789250132
"Butternut_Canker",-92.750055534,38.789250132
"Butternut_Canker",-92.500055534,38.789250132
"Butternut_Canker",-92.250055534,38.789250132
"Butternut_Canker",-92.000055534,38.789250132
"Butternut_Canker",-91.750055534,38.789250132
"Butternut_Canker",-91.500055534,38.789250132
"Butternut_Canker",-91.250055534,38.789250132
"Butternut_Canker",-91.000055534,38.789250132
"Butternut_Canker",-90.750055534,38.789250132
"Butternut_Canker",-90.500055534,38.789250132
"Butternut_Canker",-90.250055534,38.789250132
"Butternut_Canker",-94.000055534,38.539250132
"Butternut_Canker",-93.750055534,38.539250132
"Butternut_Canker",-93.500055534,38.539250132
"Butternut_Canker",-93.250055534,38.539250132
"Butternut_Canker",-93.000055534,38.539250132
"Butternut_Canker",-92.750055534,38.539250132
"Butternut_Canker",-92.500055534,38.539250132
"Butternut_Canker",-92.250055534,38.539250132
"Butternut_Canker",-91.500055534,38.539250132
"Butternut_Canker",-91.250055534,38.539250132
"Butternut_Canker",-91.000055534,38.539250132
"Butternut_Canker",-90.750055534,38.539250132
"Butternut_Canker",-90.500055534,38.539250132
"Butternut_Canker",-94.000055534,38.289250132
"Butternut_Canker",-93.750055534,38.289250132
"Butternut_Canker",-93.500055534,38.289250132
"Butternut_Canker",-93.250055534,38.289250132
"Butternut_Canker",-93.000055534,38.289250132
"Butternut_Canker",-92.750055534,38.289250132
"Butternut_Canker",-92.500055534,38.289250132
"Butternut_Canker",-92.250055534,38.289250132
"Butternut_Canker",-91.500055534,38.289250132
"Butternut_Canker",-91.250055534,38.289250132
"Butternut_Canker",-91.000055534,38.289250132
"Butternut_Canker",-90.750055534,38.289250132
"Butternut_Canker",-90.500055534,38.289250132
"Butternut_Canker",-94.000055534,38.039250132
"Butternut_Canker",-93.750055534,38.039250132
"Butternut_Canker",-93.500055534,38.039250132
"Butternut_Canker",-93.250055534,38.039250132
"Butternut_Canker",-93.000055534,38.039250132
"Butternut_Canker",-92.750055534,38.039250132
"Butternut_Canker",-92.500055534,38.039250132
"Butternut_Canker",-92.250055534,38.039250132
"Butternut_Canker",-92.000055534,38.039250132
"Butternut_Canker",-91.750055534,38.039250132
"Butternut_Canker",-91.500055534,38.039250132
"Butternut_Canker",-91.250055534,38.039250132
"Butternut_Canker",-91.000055534,38.039250132
"Butternut_Canker",-90.750055534,38.039250132
"Butternut_Canker",-90.500055534,38.039250132
"Butternut_Canker",-90.250055534,38.039250132
"Butternut_Canker",-94.000055534,37.789250132
"Butternut_Canker",-93.750055534,37.789250132
"Butternut_Canker",-93.500055534,37.789250132
"Butternut_Canker",-93.250055534,37.789250132
"Butternut_Canker",-93.000055534,37.789250132
"Butternut_Canker",-92.750055534,37.789250132
"Butternut_Canker",-92.500055534,37.789250132
"Butternut_Canker",-92.250055534,37.789250132
"Butternut_Canker",-92.000055534,37.789250132
"Butternut_Canker",-91.750055534,37.789250132
"Butternut_Canker",-91.500055534,37.789250132
"Butternut_Canker",-91.250055534,37.789250132
"Butternut_Canker",-91.000055534,37.789250132
"Butternut_Canker",-90.750055534,37.789250132
"Butternut_Canker",-90.500055534,37.789250132
"Butternut_Canker",-90.250055534,37.789250132
"Butternut_Canker",-93.500055534,37.539250132
"Butternut_Canker",-93.250055534,37.539250132
"Butternut_Canker",-93.000055534,37.539250132
"Butternut_Canker",-92.750055534,37.539250132
"Butternut_Canker",-92.500055534,37.539250132
"Butternut_Canker",-92.250055534,37.539250132
"Butternut_Canker",-92.000055534,37.539250132
"Butternut_Canker",-91.750055534,37.539250132
"Butternut_Canker",-91.500055534,37.539250132
"Butternut_Canker",-91.250055534,37.539250132
"Butternut_Canker",-91.000055534,37.539250132
"Butternut_Canker",-90.750055534,37.539250132
"Butternut_Canker",-90.500055534,37.539250132
"Butternut_Canker",-90.250055534,37.539250132
"Butternut_Canker",-90.000055534,37.539250132
"Butternut_Canker",-89.750055534,37.539250132
"Butternut_Canker",-93.500055534,37.289250132
"Butternut_Canker",-93.250055534,37.289250132
"Butternut_Canker",-93.000055534,37.289250132
"Butternut_Canker",-92.750055534,37.289250132
"Butternut_Canker",-92.500055534,37.289250132
"Butternut_Canker",-92.250055534,37.289250132
"Butternut_Canker",-92.000055534,37.289250132
"Butternut_Canker",-91.750055534,37.289250132
"Butternut_Canker",-91.500055534,37.289250132
"Butternut_Canker",-91.250055534,37.289250132
"Butternut_Canker",-91.000055534,37.289250132
"Butternut_Canker",-90.750055534,37.289250132
"Butternut_Canker",-90.500055534,37.289250132
"Butternut_Canker",-90.250055534,37.289250132
"Butternut_Canker",-90.000055534,37.289250132
"Butternut_Canker",-89.750055534,37.289250132
"Butternut_Canker",-89.500055534,37.289250132
"Butternut_Canker",-93.500055534,37.039250132
"Butternut_Canker",-93.250055534,37.039250132
"Butternut_Canker",-93.000055534,37.039250132
"Butternut_Canker",-92.750055534,37.039250132
"Butternut_Canker",-92.500055534,37.039250132
"Butternut_Canker",-92.250055534,37.039250132
"Butternut_Canker",-92.000055534,37.039250132
"Butternut_Canker",-91.750055534,37.039250132
"Butternut_Canker",-91.500055534,37.039250132
"Butternut_Canker",-91.250055534,37.039250132
"Butternut_Canker",-91.000055534,37.039250132
"Butternut_Canker",-90.750055534,37.039250132
"Butternut_Canker",-90.500055534,37.039250132
"Butternut_Canker",-90.250055534,37.039250132
"Butternut_Canker",-90.000055534,37.039250132
"Butternut_Canker",-89.750055534,37.039250132
"Butternut_Canker",-89.500055534,37.039250132
"Butternut_Canker",-94.000055534,36.789250132
"Butternut_Canker",-93.750055534,36.789250132
"Butternut_Canker",-93.500055534,36.789250132
"Butternut_Canker",-93.250055534,36.789250132
"Butternut_Canker",-93.000055534,36.789250132
"Butternut_Canker",-92.750055534,36.789250132
"Butternut_Canker",-92.500055534,36.789250132
"Butternut_Canker",-92.250055534,36.789250132
"Butternut_Canker",-92.000055534,36.789250132
"Butternut_Canker",-91.750055534,36.789250132
"Butternut_Canker",-91.500055534,36.789250132
"Butternut_Canker",-91.250055534,36.789250132
"Butternut_Canker",-91.000055534,36.789250132
"Butternut_Canker",-90.750055534,36.789250132
"Butternut_Canker",-90.500055534,36.789250132
"Butternut_Canker",-90.250055534,36.789250132
"Butternut_Canker",-90.000055534,36.789250132
"Butternut_Canker",-89.750055534,36.789250132
"Butternut_Canker",-89.250055534,36.789250132
"Butternut_Canker",-94.000055534,36.539250132
"Butternut_Canker",-93.750055534,36.539250132
"Butternut_Canker",-93.500055534,36.539250132
"Butternut_Canker",-93.250055534,36.539250132
"Butternut_Canker",-93.000055534,36.539250132
"Butternut_Canker",-92.750055534,36.539250132
"Butternut_Canker",-92.500055534,36.539250132
"Butternut_Canker",-92.250055534,36.539250132
"Butternut_Canker",-92.000055534,36.539250132
"Butternut_Canker",-91.750055534,36.539250132
"Butternut_Canker",-91.500055534,36.539250132
"Butternut_Canker",-91.250055534,36.539250132
"Butternut_Canker",-91.000055534,36.539250132
"Butternut_Canker",-90.750055534,36.539250132
"Butternut_Canker",-90.500055534,36.539250132
"Butternut_Canker",-90.250055534,36.539250132
"Butternut_Canker",-90.000055534,36.539250132
"Butternut_Canker",-90.000055534,36.039250132
"Butternut_Canker",-88.500055534,36.039250132
"Butternut_Canker",-88.250055534,36.039250132
"Butternut_Canker",-92.750055534,36.289250132
"Butternut_Canker",-92.500055534,36.289250132
"Butternut_Canker",-92.250055534,36.289250132
"Butternut_Canker",-92.750055534,36.039250132
"Butternut_Canker",-92.500055534,36.039250132
"Butternut_Canker",-92.250055534,36.039250132
"Butternut_Canker",-93.250055534,35.789250132
"Butternut_Canker",-93.000055534,35.789250132
"Butternut_Canker",-92.750055534,35.789250132
"Butternut_Canker",-92.500055534,35.789250132
"Butternut_Canker",-92.250055534,35.789250132
"Butternut_Canker",-92.000055534,35.789250132
"Butternut_Canker",-80.500055534,35.289250132
"Butternut_Canker",-81.750055534,36.539250132
"Butternut_Canker",-81.500055534,36.539250132
"Butternut_Canker",-81.250055534,36.539250132
"Butternut_Canker",-82.000055534,36.289250132
"Butternut_Canker",-81.750055534,36.289250132
"Butternut_Canker",-81.500055534,36.289250132
"Butternut_Canker",-81.250055534,36.289250132
"Butternut_Canker",-82.500055534,36.039250132
"Butternut_Canker",-82.250055534,36.039250132
"Butternut_Canker",-82.000055534,36.039250132
"Butternut_Canker",-81.750055534,36.039250132
"Butternut_Canker",-81.500055534,36.039250132
"Butternut_Canker",-83.000055534,35.789250132
"Butternut_Canker",-82.750055534,35.789250132
"Butternut_Canker",-82.500055534,35.789250132
"Butternut_Canker",-82.250055534,35.789250132
"Butternut_Canker",-82.000055534,35.789250132
"Butternut_Canker",-81.750055534,35.789250132
"Butternut_Canker",-83.750055534,35.539250132
"Butternut_Canker",-83.500055534,35.539250132
"Butternut_Canker",-83.250055534,35.539250132
"Butternut_Canker",-83.000055534,35.539250132
"Butternut_Canker",-82.750055534,35.539250132
"Butternut_Canker",-82.500055534,35.539250132
"Butternut_Canker",-82.250055534,35.539250132
"Butternut_Canker",-82.000055534,35.539250132
"Butternut_Canker",-83.750055534,35.289250132
"Butternut_Canker",-83.500055534,35.289250132
"Butternut_Canker",-83.250055534,35.289250132
"Butternut_Canker",-83.000055534,35.289250132
"Butternut_Canker",-82.750055534,35.289250132
"Butternut_Canker",-82.250055534,35.289250132
"Butternut_Canker",-82.000055534,35.289250132
"Butternut_Canker",-87.750055534,36.539250132
"Butternut_Canker",-87.500055534,36.539250132
"Butternut_Canker",-87.250055534,36.539250132
"Butternut_Canker",-86.500055534,36.539250132
"Butternut_Canker",-86.250055534,36.539250132
"Butternut_Canker",-86.000055534,36.539250132
"Butternut_Canker",-85.750055534,36.539250132
"Butternut_Canker",-85.500055534,36.539250132
"Butternut_Canker",-85.250055534,36.539250132
"Butternut_Canker",-85.000055534,36.539250132
"Butternut_Canker",-84.750055534,36.539250132
"Butternut_Canker",-84.500055534,36.539250132
"Butternut_Canker",-84.250055534,36.539250132
"Butternut_Canker",-84.000055534,36.539250132
"Butternut_Canker",-83.750055534,36.539250132
"Butternut_Canker",-83.500055534,36.539250132
"Butternut_Canker",-83.250055534,36.539250132
"Butternut_Canker",-83.000055534,36.539250132
"Butternut_Canker",-82.750055534,36.539250132
"Butternut_Canker",-82.500055534,36.539250132
"Butternut_Canker",-82.250055534,36.539250132
"Butternut_Canker",-82.000055534,36.539250132
"Butternut_Canker",-87.750055534,36.289250132
"Butternut_Canker",-87.500055534,36.289250132
"Butternut_Canker",-87.250055534,36.289250132
"Butternut_Canker",-87.000055534,36.289250132
"Butternut_Canker",-86.750055534,36.289250132
"Butternut_Canker",-85.750055534,36.289250132
"Butternut_Canker",-85.500055534,36.289250132
"Butternut_Canker",-85.250055534,36.289250132
"Butternut_Canker",-85.000055534,36.289250132
"Butternut_Canker",-84.750055534,36.289250132
"Butternut_Canker",-84.500055534,36.289250132
"Butternut_Canker",-84.250055534,36.289250132
"Butternut_Canker",-83.750055534,36.289250132
"Butternut_Canker",-82.250055534,36.289250132
"Butternut_Canker",-87.250055534,36.039250132
"Butternut_Canker",-87.000055534,36.039250132
"Butternut_Canker",-86.750055534,36.039250132
"Butternut_Canker",-86.000055534,36.039250132
"Butternut_Canker",-85.750055534,36.039250132
"Butternut_Canker",-85.500055534,36.039250132
"Butternut_Canker",-85.250055534,36.039250132
"Butternut_Canker",-85.000055534,36.039250132
"Butternut_Canker",-84.750055534,36.039250132
"Butternut_Canker",-84.500055534,36.039250132
"Butternut_Canker",-84.250055534,36.039250132
"Butternut_Canker",-84.000055534,36.039250132
"Butternut_Canker",-83.250055534,36.039250132
"Butternut_Canker",-87.500055534,35.789250132
"Butternut_Canker",-87.250055534,35.789250132
"Butternut_Canker",-87.000055534,35.789250132
"Butternut_Canker",-86.750055534,35.789250132
"Butternut_Canker",-86.500055534,35.789250132
"Butternut_Canker",-86.250055534,35.789250132
"Butternut_Canker",-85.500055534,35.789250132
"Butternut_Canker",-84.750055534,35.789250132
"Butternut_Canker",-84.500055534,35.789250132
"Butternut_Canker",-84.250055534,35.789250132
"Butternut_Canker",-84.000055534,35.789250132
"Butternut_Canker",-83.750055534,35.789250132
"Butternut_Canker",-83.500055534,35.789250132
"Butternut_Canker",-87.500055534,35.539250132
"Butternut_Canker",-87.250055534,35.539250132
"Butternut_Canker",-87.000055534,35.539250132
"Butternut_Canker",-86.000055534,35.539250132
"Butternut_Canker",-84.500055534,35.539250132
"Butternut_Canker",-84.250055534,35.539250132
"Butternut_Canker",-87.750055534,35.289250132
"Butternut_Canker",-87.500055534,35.289250132
"Butternut_Canker",-87.250055534,35.289250132
"Butternut_Canker",-87.000055534,35.289250132
"Butternut_Canker",-86.250055534,35.289250132
"Butternut_Canker",-86.000055534,35.289250132
"Butternut_Canker",-85.750055534,35.289250132
"Butternut_Canker",-85.250055534,35.289250132
"Butternut_Canker",-87.000055534,35.039250132
"Butternut_Canker",-81.500055534,35.039250132
"Butternut_Canker",-81.250055534,35.039250132
"Butternut_Canker",-89.500055534,35.789250132
"Butternut_Canker",-89.750055534,35.539250132
"Butternut_Canker",-89.500055534,35.539250132
"Butternut_Canker",-89.750055534,35.289250132
"Butternut_Canker",-90.000055534,35.039250132
"Butternut_Canker",-89.750055534,35.039250132
"Butternut_Canker",-78.500055534,35.289250132
"Butternut_Canker",-78.500055534,35.039250132
"Butternut_Canker",-90.000055534,34.789250132
"Butternut_Canker",-89.750055534,34.789250132
"Butternut_Canker",-89.500055534,34.789250132
"Butternut_Canker",-89.000055534,34.539250132
"Butternut_Canker",-88.750055534,34.539250132
"Butternut_Canker",-88.500055534,34.539250132
"Butternut_Canker",-92.000055534,34.289250132
"Butternut_Canker",-91.750055534,34.289250132
"Butternut_Canker",-83.000055534,35.039250132
"Butternut_Canker",-82.750055534,35.039250132
"Butternut_Canker",-82.500055534,35.039250132
"Butternut_Canker",-82.250055534,35.039250132
"Butternut_Canker",-82.000055534,35.039250132
"Butternut_Canker",-83.250055534,34.789250132
"Butternut_Canker",-83.000055534,34.789250132
"Butternut_Canker",-82.500055534,34.789250132
"Butternut_Canker",-82.000055534,34.789250132
"Butternut_Canker",-81.750055534,34.789250132
"Butternut_Canker",-81.750055534,34.539250132
"Butternut_Canker",-82.000055534,34.289250132
"Butternut_Canker",-81.750055534,34.289250132
"Butternut_Canker",-91.000055534,36.289250132
"Butternut_Canker",-90.750055534,36.289250132
"Butternut_Canker",-90.500055534,36.289250132
"Butternut_Canker",-90.250055534,36.289250132
"Butternut_Canker",-90.500055534,36.039250132
"Butternut_Canker",-90.750055534,35.789250132
"Butternut_Canker",-90.500055534,35.789250132
"Butternut_Canker",-90.750055534,35.539250132
"Butternut_Canker",-90.500055534,35.539250132
"Butternut_Canker",-90.750055534,35.289250132
"Butternut_Canker",-90.500055534,35.289250132
"Butternut_Canker",-90.750055534,35.039250132
"Butternut_Canker",-90.500055534,35.039250132
"Butternut_Canker",-91.000055534,34.789250132
"Butternut_Canker",-90.750055534,34.789250132
"Butternut_Canker",-90.500055534,34.789250132
"Butternut_Canker",-90.750055534,34.539250132
"Butternut_Canker",-84.750055534,34.789250132
"Butternut_Canker",-84.500055534,34.789250132
"Butternut_Canker",-84.250055534,34.789250132
"Butternut_Canker",-85.000055534,34.539250132
"Butternut_Canker",-85.000055534,34.289250132
"Butternut_Canker",-84.750055534,34.289250132
"Butternut_Canker",-84.500055534,34.289250132
"Butternut_Canker",-88.000055534,34.789250132
"Butternut_Canker",-87.000055534,34.789250132
"Butternut_Canker",-86.750055534,34.789250132
"Butternut_Canker",-86.500055534,34.789250132
"Butternut_Canker",-86.250055534,34.789250132
"Butternut_Canker",-86.000055534,34.789250132
"Butternut_Canker",-85.750055534,34.789250132
"Butternut_Canker",-88.000055534,34.539250132
"Butternut_Canker",-87.750055534,34.539250132
"Butternut_Canker",-87.500055534,34.539250132
"Butternut_Canker",-87.250055534,34.539250132
"Butternut_Canker",-86.500055534,34.539250132
"Butternut_Canker",-86.250055534,34.539250132
"Butternut_Canker",-86.000055534,34.539250132
"Butternut_Canker",-85.750055534,34.539250132
"Butternut_Canker",-87.500055534,34.289250132
"Butternut_Canker",-87.250055534,34.289250132
"Butternut_Canker",-86.500055534,34.289250132
"Butternut_Canker",-86.250055534,34.289250132
"Butternut_Canker",-86.000055534,34.289250132
"Butternut_Canker",-87.000055534,34.039250132
"Butternut_Canker",-86.750055534,34.039250132
"Butternut_Canker",-86.500055534,34.039250132
"Butternut_Canker",-86.250055534,34.039250132
"Butternut_Canker",-86.000055534,34.039250132
"Butternut_Canker",-89.000055534,34.039250132
"Butternut_Canker",-88.750055534,34.039250132
"Butternut_Canker",-88.750055534,33.539250132
"Butternut_Canker",-90.000055534,33.789250132
"Butternut_Canker",-89.750055534,33.789250132
"Butternut_Canker",-90.000055534,33.539250132
"Butternut_Canker",-89.750055534,33.289250132
"Butternut_Canker",-87.500055534,33.539250132
"Butternut_Canker",-87.750055534,33.289250132
"Butternut_Canker",-87.500055534,33.289250132
"Butternut_Canker",-87.250055534,33.289250132
"Butternut_Canker",-87.750055534,33.039250132
"Butternut_Canker",-88.000055534,32.789250132
"Butternut_Canker",-85.250055534,32.289250132
"Butternut_Canker",-90.750055534,32.539250132
"Butternut_Canker",-90.750055534,32.289250132
"Butternut_Canker",-90.000055534,32.289250132
"Butternut_Canker",-89.750055534,32.289250132
