"species","dd long","dd lat"
"Dutch_Elm_Disease",-113.708907945,47.414931521
"Dutch_Elm_Disease",-113.458907945,47.414931521
"Dutch_Elm_Disease",-114.458907945,47.164931521
"Dutch_Elm_Disease",-113.708907945,47.164931521
"Dutch_Elm_Disease",-113.458907945,47.164931521
"Dutch_Elm_Disease",-114.458907945,46.914931521
"Dutch_Elm_Disease",-114.208907945,46.914931521
"Dutch_Elm_Disease",-113.958907945,46.914931521
"Dutch_Elm_Disease",-113.708907945,46.914931521
"Dutch_Elm_Disease",-113.458907945,46.914931521
"Dutch_Elm_Disease",-114.458907945,46.664931521
"Dutch_Elm_Disease",-114.208907945,46.664931521
"Dutch_Elm_Disease",-113.958907945,46.664931521
"Dutch_Elm_Disease",-113.708907945,46.664931521
"Dutch_Elm_Disease",-100.708907945,47.164931521
"Dutch_Elm_Disease",-100.458907945,47.164931521
"Dutch_Elm_Disease",-100.208907945,47.164931521
"Dutch_Elm_Disease",-101.958907945,46.914931521
"Dutch_Elm_Disease",-101.708907945,46.914931521
"Dutch_Elm_Disease",-101.458907945,46.914931521
"Dutch_Elm_Disease",-101.208907945,46.914931521
"Dutch_Elm_Disease",-100.958907945,46.914931521
"Dutch_Elm_Disease",-100.708907945,46.914931521
"Dutch_Elm_Disease",-100.458907945,46.914931521
"Dutch_Elm_Disease",-100.208907945,46.914931521
"Dutch_Elm_Disease",-101.458907945,46.664931521
"Dutch_Elm_Disease",-101.208907945,46.664931521
"Dutch_Elm_Disease",-100.958907945,46.664931521
"Dutch_Elm_Disease",-100.708907945,46.664931521
"Dutch_Elm_Disease",-100.458907945,46.664931521
"Dutch_Elm_Disease",-100.208907945,46.664931521
"Dutch_Elm_Disease",-100.958907945,46.414931521
"Dutch_Elm_Disease",-100.708907945,46.414931521
"Dutch_Elm_Disease",-118.458907945,46.414931521
"Dutch_Elm_Disease",-118.958907945,46.164931521
"Dutch_Elm_Disease",-118.708907945,46.164931521
"Dutch_Elm_Disease",-118.458907945,46.164931521
"Dutch_Elm_Disease",-118.208907945,46.164931521
"Dutch_Elm_Disease",-88.708907945,44.164931521
"Dutch_Elm_Disease",-88.958907945,43.914931521
"Dutch_Elm_Disease",-88.708907945,43.914931521
"Dutch_Elm_Disease",-98.958907945,43.414931521
"Dutch_Elm_Disease",-98.708907945,43.414931521
"Dutch_Elm_Disease",-98.708907945,43.164931521
"Dutch_Elm_Disease",-98.458907945,43.164931521
"Dutch_Elm_Disease",-98.208907945,43.164931521
"Dutch_Elm_Disease",-98.208907945,42.914931521
"Dutch_Elm_Disease",-116.958907945,44.664931521
"Dutch_Elm_Disease",-116.708907945,44.664931521
"Dutch_Elm_Disease",-117.708907945,44.414931521
"Dutch_Elm_Disease",-116.958907945,44.414931521
"Dutch_Elm_Disease",-116.708907945,44.414931521
"Dutch_Elm_Disease",-116.458907945,44.414931521
"Dutch_Elm_Disease",-116.208907945,44.414931521
"Dutch_Elm_Disease",-117.958907945,44.164931521
"Dutch_Elm_Disease",-117.708907945,44.164931521
"Dutch_Elm_Disease",-117.458907945,44.164931521
"Dutch_Elm_Disease",-117.208907945,44.164931521
"Dutch_Elm_Disease",-116.958907945,44.164931521
"Dutch_Elm_Disease",-116.708907945,44.164931521
"Dutch_Elm_Disease",-116.458907945,44.164931521
"Dutch_Elm_Disease",-117.958907945,43.914931521
"Dutch_Elm_Disease",-117.708907945,43.914931521
"Dutch_Elm_Disease",-117.458907945,43.914931521
"Dutch_Elm_Disease",-117.208907945,43.914931521
"Dutch_Elm_Disease",-116.958907945,43.914931521
"Dutch_Elm_Disease",-116.708907945,43.914931521
"Dutch_Elm_Disease",-116.458907945,43.914931521
"Dutch_Elm_Disease",-115.208907945,43.914931521
"Dutch_Elm_Disease",-117.958907945,43.664931521
"Dutch_Elm_Disease",-117.708907945,43.664931521
"Dutch_Elm_Disease",-117.458907945,43.664931521
"Dutch_Elm_Disease",-117.208907945,43.664931521
"Dutch_Elm_Disease",-116.958907945,43.664931521
"Dutch_Elm_Disease",-116.708907945,43.664931521
"Dutch_Elm_Disease",-116.458907945,43.664931521
"Dutch_Elm_Disease",-116.208907945,43.664931521
"Dutch_Elm_Disease",-115.458907945,43.664931521
"Dutch_Elm_Disease",-115.208907945,43.664931521
"Dutch_Elm_Disease",-117.958907945,43.414931521
"Dutch_Elm_Disease",-117.708907945,43.414931521
"Dutch_Elm_Disease",-117.458907945,43.414931521
"Dutch_Elm_Disease",-117.208907945,43.414931521
"Dutch_Elm_Disease",-116.458907945,43.414931521
"Dutch_Elm_Disease",-116.208907945,43.414931521
"Dutch_Elm_Disease",-115.958907945,43.414931521
"Dutch_Elm_Disease",-115.708907945,43.414931521
"Dutch_Elm_Disease",-115.458907945,43.414931521
"Dutch_Elm_Disease",-115.208907945,43.414931521
"Dutch_Elm_Disease",-117.958907945,43.164931521
"Dutch_Elm_Disease",-117.708907945,43.164931521
"Dutch_Elm_Disease",-117.458907945,43.164931521
"Dutch_Elm_Disease",-117.208907945,43.164931521
"Dutch_Elm_Disease",-116.208907945,43.164931521
"Dutch_Elm_Disease",-115.958907945,43.164931521
"Dutch_Elm_Disease",-115.708907945,43.164931521
"Dutch_Elm_Disease",-115.458907945,43.164931521
"Dutch_Elm_Disease",-115.208907945,43.164931521
"Dutch_Elm_Disease",-117.958907945,42.914931521
"Dutch_Elm_Disease",-117.708907945,42.914931521
"Dutch_Elm_Disease",-117.458907945,42.914931521
"Dutch_Elm_Disease",-117.208907945,42.914931521
"Dutch_Elm_Disease",-115.208907945,42.914931521
"Dutch_Elm_Disease",-117.958907945,42.664931521
"Dutch_Elm_Disease",-117.708907945,42.664931521
"Dutch_Elm_Disease",-117.458907945,42.664931521
"Dutch_Elm_Disease",-117.208907945,42.664931521
"Dutch_Elm_Disease",-114.958907945,42.664931521
"Dutch_Elm_Disease",-114.708907945,42.664931521
"Dutch_Elm_Disease",-117.958907945,42.414931521
"Dutch_Elm_Disease",-117.708907945,42.414931521
"Dutch_Elm_Disease",-117.458907945,42.414931521
"Dutch_Elm_Disease",-117.208907945,42.414931521
"Dutch_Elm_Disease",-114.958907945,42.414931521
"Dutch_Elm_Disease",-114.708907945,42.414931521
"Dutch_Elm_Disease",-114.458907945,42.414931521
"Dutch_Elm_Disease",-117.958907945,42.164931521
"Dutch_Elm_Disease",-117.708907945,42.164931521
"Dutch_Elm_Disease",-117.458907945,42.164931521
"Dutch_Elm_Disease",-117.208907945,42.164931521
"Dutch_Elm_Disease",-114.958907945,42.164931521
"Dutch_Elm_Disease",-114.708907945,42.164931521
"Dutch_Elm_Disease",-114.458907945,42.164931521
"Dutch_Elm_Disease",-70.708907945,41.414931521
"Dutch_Elm_Disease",-101.958907945,41.164931521
"Dutch_Elm_Disease",-101.708907945,41.164931521
"Dutch_Elm_Disease",-101.458907945,41.164931521
"Dutch_Elm_Disease",-73.958907945,40.914931521
"Dutch_Elm_Disease",-73.208907945,40.914931521
"Dutch_Elm_Disease",-72.958907945,40.914931521
"Dutch_Elm_Disease",-72.708907945,40.914931521
"Dutch_Elm_Disease",-72.458907945,40.914931521
"Dutch_Elm_Disease",-73.958907945,40.664931521
"Dutch_Elm_Disease",-73.458907945,40.664931521
"Dutch_Elm_Disease",-73.208907945,40.664931521
"Dutch_Elm_Disease",-113.958907945,41.914931521
"Dutch_Elm_Disease",-113.708907945,41.914931521
"Dutch_Elm_Disease",-113.458907945,41.914931521
"Dutch_Elm_Disease",-113.208907945,41.914931521
"Dutch_Elm_Disease",-112.958907945,41.914931521
"Dutch_Elm_Disease",-112.708907945,41.914931521
"Dutch_Elm_Disease",-112.458907945,41.914931521
"Dutch_Elm_Disease",-112.208907945,41.914931521
"Dutch_Elm_Disease",-111.958907945,41.914931521
"Dutch_Elm_Disease",-111.708907945,41.914931521
"Dutch_Elm_Disease",-113.958907945,41.664931521
"Dutch_Elm_Disease",-113.708907945,41.664931521
"Dutch_Elm_Disease",-113.458907945,41.664931521
"Dutch_Elm_Disease",-113.208907945,41.664931521
"Dutch_Elm_Disease",-112.958907945,41.664931521
"Dutch_Elm_Disease",-112.708907945,41.664931521
"Dutch_Elm_Disease",-112.458907945,41.664931521
"Dutch_Elm_Disease",-112.208907945,41.664931521
"Dutch_Elm_Disease",-111.958907945,41.664931521
"Dutch_Elm_Disease",-111.708907945,41.664931521
"Dutch_Elm_Disease",-113.958907945,41.414931521
"Dutch_Elm_Disease",-113.708907945,41.414931521
"Dutch_Elm_Disease",-113.458907945,41.414931521
"Dutch_Elm_Disease",-113.208907945,41.414931521
"Dutch_Elm_Disease",-112.958907945,41.414931521
"Dutch_Elm_Disease",-112.708907945,41.414931521
"Dutch_Elm_Disease",-112.458907945,41.414931521
"Dutch_Elm_Disease",-112.208907945,41.414931521
"Dutch_Elm_Disease",-111.958907945,41.414931521
"Dutch_Elm_Disease",-111.708907945,41.414931521
"Dutch_Elm_Disease",-113.958907945,41.164931521
"Dutch_Elm_Disease",-113.708907945,41.164931521
"Dutch_Elm_Disease",-113.458907945,41.164931521
"Dutch_Elm_Disease",-113.208907945,41.164931521
"Dutch_Elm_Disease",-112.958907945,41.164931521
"Dutch_Elm_Disease",-112.708907945,41.164931521
"Dutch_Elm_Disease",-112.458907945,41.164931521
"Dutch_Elm_Disease",-112.208907945,41.164931521
"Dutch_Elm_Disease",-111.958907945,41.164931521
"Dutch_Elm_Disease",-112.208907945,40.914931521
"Dutch_Elm_Disease",-111.958907945,40.914931521
"Dutch_Elm_Disease",-111.958907945,40.664931521
"Dutch_Elm_Disease",-111.708907945,40.664931521
"Dutch_Elm_Disease",-93.958907945,39.914931521
"Dutch_Elm_Disease",-80.458907945,38.914931521
"Dutch_Elm_Disease",-80.208907945,38.914931521
"Dutch_Elm_Disease",-108.958907945,39.164931521
"Dutch_Elm_Disease",-108.708907945,39.164931521
"Dutch_Elm_Disease",-108.458907945,39.164931521
"Dutch_Elm_Disease",-108.208907945,39.164931521
"Dutch_Elm_Disease",-107.958907945,39.164931521
"Dutch_Elm_Disease",-107.708907945,39.164931521
"Dutch_Elm_Disease",-108.958907945,38.914931521
"Dutch_Elm_Disease",-108.708907945,38.914931521
"Dutch_Elm_Disease",-108.458907945,38.914931521
"Dutch_Elm_Disease",-108.958907945,38.664931521
"Dutch_Elm_Disease",-108.708907945,38.664931521
"Dutch_Elm_Disease",-108.458907945,38.664931521
"Dutch_Elm_Disease",-84.458907945,37.914931521
"Dutch_Elm_Disease",-105.208907945,41.414931521
"Dutch_Elm_Disease",-104.958907945,41.414931521
"Dutch_Elm_Disease",-104.708907945,41.414931521
"Dutch_Elm_Disease",-104.458907945,41.414931521
"Dutch_Elm_Disease",-104.208907945,41.414931521
"Dutch_Elm_Disease",-105.208907945,41.164931521
"Dutch_Elm_Disease",-104.958907945,41.164931521
"Dutch_Elm_Disease",-104.708907945,41.164931521
"Dutch_Elm_Disease",-104.458907945,41.164931521
"Dutch_Elm_Disease",-104.208907945,41.164931521
"Dutch_Elm_Disease",-105.958907945,40.914931521
"Dutch_Elm_Disease",-105.708907945,40.914931521
"Dutch_Elm_Disease",-105.458907945,40.914931521
"Dutch_Elm_Disease",-105.208907945,40.914931521
"Dutch_Elm_Disease",-104.958907945,40.914931521
"Dutch_Elm_Disease",-104.708907945,40.914931521
"Dutch_Elm_Disease",-104.458907945,40.914931521
"Dutch_Elm_Disease",-104.208907945,40.914931521
"Dutch_Elm_Disease",-103.958907945,40.914931521
"Dutch_Elm_Disease",-103.708907945,40.914931521
"Dutch_Elm_Disease",-103.458907945,40.914931521
"Dutch_Elm_Disease",-103.208907945,40.914931521
"Dutch_Elm_Disease",-102.958907945,40.914931521
"Dutch_Elm_Disease",-102.708907945,40.914931521
"Dutch_Elm_Disease",-105.708907945,40.664931521
"Dutch_Elm_Disease",-105.458907945,40.664931521
"Dutch_Elm_Disease",-105.208907945,40.664931521
"Dutch_Elm_Disease",-104.958907945,40.664931521
"Dutch_Elm_Disease",-104.708907945,40.664931521
"Dutch_Elm_Disease",-104.458907945,40.664931521
"Dutch_Elm_Disease",-104.208907945,40.664931521
"Dutch_Elm_Disease",-103.958907945,40.664931521
"Dutch_Elm_Disease",-103.708907945,40.664931521
"Dutch_Elm_Disease",-103.458907945,40.664931521
"Dutch_Elm_Disease",-103.208907945,40.664931521
"Dutch_Elm_Disease",-102.958907945,40.664931521
"Dutch_Elm_Disease",-102.708907945,40.664931521
"Dutch_Elm_Disease",-102.458907945,40.664931521
"Dutch_Elm_Disease",-102.208907945,40.664931521
"Dutch_Elm_Disease",-105.708907945,40.414931521
"Dutch_Elm_Disease",-105.458907945,40.414931521
"Dutch_Elm_Disease",-105.208907945,40.414931521
"Dutch_Elm_Disease",-104.958907945,40.414931521
"Dutch_Elm_Disease",-104.708907945,40.414931521
"Dutch_Elm_Disease",-104.458907945,40.414931521
"Dutch_Elm_Disease",-104.208907945,40.414931521
"Dutch_Elm_Disease",-103.958907945,40.414931521
"Dutch_Elm_Disease",-103.708907945,40.414931521
"Dutch_Elm_Disease",-103.458907945,40.414931521
"Dutch_Elm_Disease",-103.208907945,40.414931521
"Dutch_Elm_Disease",-102.958907945,40.414931521
"Dutch_Elm_Disease",-102.708907945,40.414931521
"Dutch_Elm_Disease",-102.458907945,40.414931521
"Dutch_Elm_Disease",-102.208907945,40.414931521
"Dutch_Elm_Disease",-105.458907945,40.164931521
"Dutch_Elm_Disease",-105.208907945,40.164931521
"Dutch_Elm_Disease",-104.958907945,40.164931521
"Dutch_Elm_Disease",-104.708907945,40.164931521
"Dutch_Elm_Disease",-104.458907945,40.164931521
"Dutch_Elm_Disease",-104.208907945,40.164931521
"Dutch_Elm_Disease",-103.958907945,40.164931521
"Dutch_Elm_Disease",-103.708907945,40.164931521
"Dutch_Elm_Disease",-103.458907945,40.164931521
"Dutch_Elm_Disease",-103.208907945,40.164931521
"Dutch_Elm_Disease",-102.958907945,40.164931521
"Dutch_Elm_Disease",-102.708907945,40.164931521
"Dutch_Elm_Disease",-102.458907945,40.164931521
"Dutch_Elm_Disease",-102.208907945,40.164931521
"Dutch_Elm_Disease",-105.208907945,39.914931521
"Dutch_Elm_Disease",-104.958907945,39.914931521
"Dutch_Elm_Disease",-104.708907945,39.914931521
"Dutch_Elm_Disease",-104.458907945,39.914931521
"Dutch_Elm_Disease",-104.208907945,39.914931521
"Dutch_Elm_Disease",-103.958907945,39.914931521
"Dutch_Elm_Disease",-103.708907945,39.914931521
"Dutch_Elm_Disease",-103.458907945,39.914931521
"Dutch_Elm_Disease",-103.208907945,39.914931521
"Dutch_Elm_Disease",-102.958907945,39.914931521
"Dutch_Elm_Disease",-102.708907945,39.914931521
"Dutch_Elm_Disease",-102.458907945,39.914931521
"Dutch_Elm_Disease",-102.208907945,39.914931521
"Dutch_Elm_Disease",-105.208907945,39.664931521
"Dutch_Elm_Disease",-104.708907945,39.664931521
"Dutch_Elm_Disease",-104.458907945,39.664931521
"Dutch_Elm_Disease",-104.208907945,39.664931521
"Dutch_Elm_Disease",-103.958907945,39.664931521
"Dutch_Elm_Disease",-103.458907945,39.664931521
"Dutch_Elm_Disease",-103.208907945,39.664931521
"Dutch_Elm_Disease",-102.958907945,39.664931521
"Dutch_Elm_Disease",-102.708907945,39.664931521
"Dutch_Elm_Disease",-102.458907945,39.664931521
"Dutch_Elm_Disease",-102.208907945,39.664931521
"Dutch_Elm_Disease",-105.208907945,39.414931521
"Dutch_Elm_Disease",-104.958907945,39.414931521
"Dutch_Elm_Disease",-104.708907945,39.414931521
"Dutch_Elm_Disease",-102.958907945,39.414931521
"Dutch_Elm_Disease",-102.708907945,39.414931521
"Dutch_Elm_Disease",-102.458907945,39.414931521
"Dutch_Elm_Disease",-102.208907945,39.414931521
"Dutch_Elm_Disease",-104.958907945,39.164931521
"Dutch_Elm_Disease",-104.708907945,39.164931521
"Dutch_Elm_Disease",-102.958907945,39.164931521
"Dutch_Elm_Disease",-102.708907945,39.164931521
"Dutch_Elm_Disease",-102.458907945,39.164931521
"Dutch_Elm_Disease",-102.208907945,39.164931521
"Dutch_Elm_Disease",-104.958907945,38.914931521
"Dutch_Elm_Disease",-104.708907945,38.914931521
"Dutch_Elm_Disease",-104.458907945,38.914931521
"Dutch_Elm_Disease",-104.208907945,38.914931521
"Dutch_Elm_Disease",-104.708907945,38.664931521
"Dutch_Elm_Disease",-104.458907945,38.664931521
"Dutch_Elm_Disease",-104.208907945,38.664931521
"Dutch_Elm_Disease",-104.708907945,38.414931521
"Dutch_Elm_Disease",-104.458907945,38.414931521
"Dutch_Elm_Disease",-104.208907945,38.414931521
"Dutch_Elm_Disease",-104.958907945,38.164931521
"Dutch_Elm_Disease",-104.708907945,38.164931521
"Dutch_Elm_Disease",-104.458907945,38.164931521
"Dutch_Elm_Disease",-104.208907945,38.164931521
"Dutch_Elm_Disease",-103.458907945,38.164931521
"Dutch_Elm_Disease",-104.458907945,37.914931521
"Dutch_Elm_Disease",-104.208907945,37.914931521
"Dutch_Elm_Disease",-103.958907945,37.914931521
"Dutch_Elm_Disease",-103.708907945,37.914931521
"Dutch_Elm_Disease",-103.458907945,37.914931521
"Dutch_Elm_Disease",-103.958907945,37.664931521
"Dutch_Elm_Disease",-103.708907945,37.664931521
"Dutch_Elm_Disease",-103.458907945,37.664931521
"Dutch_Elm_Disease",-81.958907945,37.914931521
"Dutch_Elm_Disease",-80.708907945,37.664931521
"Dutch_Elm_Disease",-79.208907945,37.164931521
"Dutch_Elm_Disease",-78.958907945,37.164931521
"Dutch_Elm_Disease",-122.208907945,38.914931521
"Dutch_Elm_Disease",-121.958907945,38.914931521
"Dutch_Elm_Disease",-123.208907945,38.664931521
"Dutch_Elm_Disease",-122.958907945,38.664931521
"Dutch_Elm_Disease",-122.708907945,38.664931521
"Dutch_Elm_Disease",-122.458907945,38.664931521
"Dutch_Elm_Disease",-122.208907945,38.664931521
"Dutch_Elm_Disease",-121.958907945,38.664931521
"Dutch_Elm_Disease",-121.708907945,38.664931521
"Dutch_Elm_Disease",-122.958907945,38.414931521
"Dutch_Elm_Disease",-122.708907945,38.414931521
"Dutch_Elm_Disease",-122.458907945,38.414931521
"Dutch_Elm_Disease",-122.208907945,38.414931521
"Dutch_Elm_Disease",-121.958907945,38.414931521
"Dutch_Elm_Disease",-121.708907945,38.414931521
"Dutch_Elm_Disease",-122.708907945,38.164931521
"Dutch_Elm_Disease",-122.458907945,38.164931521
"Dutch_Elm_Disease",-122.208907945,38.164931521
"Dutch_Elm_Disease",-121.958907945,38.164931521
"Dutch_Elm_Disease",-121.708907945,38.164931521
"Dutch_Elm_Disease",-122.458907945,37.914931521
"Dutch_Elm_Disease",-122.208907945,37.914931521
"Dutch_Elm_Disease",-121.958907945,37.914931521
"Dutch_Elm_Disease",-121.708907945,37.914931521
"Dutch_Elm_Disease",-121.958907945,37.664931521
"Dutch_Elm_Disease",-121.708907945,37.664931521
"Dutch_Elm_Disease",-122.208907945,37.414931521
"Dutch_Elm_Disease",-121.958907945,37.414931521
"Dutch_Elm_Disease",-121.708907945,37.414931521
"Dutch_Elm_Disease",-121.458907945,37.414931521
"Dutch_Elm_Disease",-121.708907945,37.164931521
"Dutch_Elm_Disease",-121.458907945,37.164931521
"Dutch_Elm_Disease",-100.958907945,37.164931521
"Dutch_Elm_Disease",-100.708907945,37.164931521
"Dutch_Elm_Disease",-87.958907945,37.164931521
"Dutch_Elm_Disease",-78.958907945,38.664931521
"Dutch_Elm_Disease",-78.708907945,38.664931521
"Dutch_Elm_Disease",-78.208907945,38.664931521
"Dutch_Elm_Disease",-79.208907945,38.414931521
"Dutch_Elm_Disease",-78.958907945,38.414931521
"Dutch_Elm_Disease",-78.708907945,38.414931521
"Dutch_Elm_Disease",-78.458907945,38.414931521
"Dutch_Elm_Disease",-79.208907945,38.164931521
"Dutch_Elm_Disease",-78.958907945,38.164931521
"Dutch_Elm_Disease",-78.708907945,38.164931521
"Dutch_Elm_Disease",-78.458907945,38.164931521
"Dutch_Elm_Disease",-78.208907945,38.164931521
"Dutch_Elm_Disease",-77.958907945,38.164931521
"Dutch_Elm_Disease",-79.958907945,37.914931521
"Dutch_Elm_Disease",-79.458907945,37.914931521
"Dutch_Elm_Disease",-79.208907945,37.914931521
"Dutch_Elm_Disease",-78.458907945,37.914931521
"Dutch_Elm_Disease",-80.208907945,37.664931521
"Dutch_Elm_Disease",-79.958907945,37.664931521
"Dutch_Elm_Disease",-79.458907945,37.664931521
"Dutch_Elm_Disease",-78.458907945,37.664931521
"Dutch_Elm_Disease",-80.458907945,37.414931521
"Dutch_Elm_Disease",-80.208907945,37.414931521
"Dutch_Elm_Disease",-78.458907945,37.414931521
"Dutch_Elm_Disease",-80.708907945,37.164931521
"Dutch_Elm_Disease",-79.958907945,37.164931521
"Dutch_Elm_Disease",-78.208907945,36.914931521
"Dutch_Elm_Disease",-77.958907945,36.914931521
"Dutch_Elm_Disease",-82.708907945,36.914931521
"Dutch_Elm_Disease",-82.458907945,36.914931521
"Dutch_Elm_Disease",-81.708907945,36.914931521
"Dutch_Elm_Disease",-81.458907945,36.914931521
"Dutch_Elm_Disease",-82.208907945,36.664931521
"Dutch_Elm_Disease",-81.958907945,36.664931521
"Dutch_Elm_Disease",-81.708907945,36.664931521
"Dutch_Elm_Disease",-83.708907945,36.664931521
"Dutch_Elm_Disease",-76.458907945,36.664931521
"Dutch_Elm_Disease",-76.208907945,36.664931521
"Dutch_Elm_Disease",-75.958907945,36.664931521
"Dutch_Elm_Disease",-86.458907945,36.164931521
"Dutch_Elm_Disease",-86.208907945,36.164931521
"Dutch_Elm_Disease",-85.958907945,36.164931521
"Dutch_Elm_Disease",-83.708907945,36.164931521
"Dutch_Elm_Disease",-83.958907945,35.914931521
"Dutch_Elm_Disease",-83.708907945,35.914931521
"Dutch_Elm_Disease",-95.458907945,35.664931521
"Dutch_Elm_Disease",-95.208907945,35.664931521
"Dutch_Elm_Disease",-95.208907945,35.414931521
"Dutch_Elm_Disease",-77.958907945,36.664931521
"Dutch_Elm_Disease",-77.708907945,36.664931521
"Dutch_Elm_Disease",-79.958907945,36.414931521
"Dutch_Elm_Disease",-79.708907945,36.414931521
"Dutch_Elm_Disease",-79.458907945,36.414931521
"Dutch_Elm_Disease",-79.208907945,36.414931521
"Dutch_Elm_Disease",-78.958907945,36.414931521
"Dutch_Elm_Disease",-78.708907945,36.414931521
"Dutch_Elm_Disease",-78.458907945,36.414931521
"Dutch_Elm_Disease",-78.208907945,36.414931521
"Dutch_Elm_Disease",-77.958907945,36.414931521
"Dutch_Elm_Disease",-77.708907945,36.414931521
"Dutch_Elm_Disease",-77.458907945,36.414931521
"Dutch_Elm_Disease",-77.208907945,36.414931521
"Dutch_Elm_Disease",-80.208907945,36.164931521
"Dutch_Elm_Disease",-79.958907945,36.164931521
"Dutch_Elm_Disease",-79.708907945,36.164931521
"Dutch_Elm_Disease",-79.458907945,36.164931521
"Dutch_Elm_Disease",-79.208907945,36.164931521
"Dutch_Elm_Disease",-78.958907945,36.164931521
"Dutch_Elm_Disease",-78.708907945,36.164931521
"Dutch_Elm_Disease",-77.958907945,36.164931521
"Dutch_Elm_Disease",-77.708907945,36.164931521
"Dutch_Elm_Disease",-77.458907945,36.164931521
"Dutch_Elm_Disease",-80.208907945,35.914931521
"Dutch_Elm_Disease",-79.958907945,35.914931521
"Dutch_Elm_Disease",-79.708907945,35.914931521
"Dutch_Elm_Disease",-79.458907945,35.914931521
"Dutch_Elm_Disease",-79.208907945,35.914931521
"Dutch_Elm_Disease",-78.958907945,35.914931521
"Dutch_Elm_Disease",-78.708907945,35.914931521
"Dutch_Elm_Disease",-78.458907945,35.914931521
"Dutch_Elm_Disease",-77.958907945,35.914931521
"Dutch_Elm_Disease",-80.208907945,35.664931521
"Dutch_Elm_Disease",-79.958907945,35.664931521
"Dutch_Elm_Disease",-79.708907945,35.664931521
"Dutch_Elm_Disease",-79.458907945,35.664931521
"Dutch_Elm_Disease",-79.208907945,35.664931521
"Dutch_Elm_Disease",-78.958907945,35.664931521
"Dutch_Elm_Disease",-78.708907945,35.664931521
"Dutch_Elm_Disease",-78.458907945,35.664931521
"Dutch_Elm_Disease",-78.208907945,35.664931521
"Dutch_Elm_Disease",-78.458907945,35.414931521
"Dutch_Elm_Disease",-78.208907945,35.414931521
"Dutch_Elm_Disease",-88.958907945,35.164931521
"Dutch_Elm_Disease",-88.208907945,35.164931521
"Dutch_Elm_Disease",-97.958907945,35.164931521
"Dutch_Elm_Disease",-97.708907945,35.164931521
"Dutch_Elm_Disease",-97.958907945,34.914931521
"Dutch_Elm_Disease",-97.708907945,34.914931521
"Dutch_Elm_Disease",-86.208907945,34.914931521
"Dutch_Elm_Disease",-85.958907945,34.914931521
"Dutch_Elm_Disease",-85.708907945,34.914931521
"Dutch_Elm_Disease",-86.208907945,34.664931521
"Dutch_Elm_Disease",-85.958907945,34.664931521
"Dutch_Elm_Disease",-82.958907945,34.914931521
"Dutch_Elm_Disease",-82.958907945,34.664931521
"Dutch_Elm_Disease",-92.458907945,35.164931521
"Dutch_Elm_Disease",-92.208907945,35.164931521
"Dutch_Elm_Disease",-92.458907945,34.914931521
"Dutch_Elm_Disease",-92.208907945,34.914931521
"Dutch_Elm_Disease",-92.708907945,34.664931521
"Dutch_Elm_Disease",-92.458907945,34.664931521
"Dutch_Elm_Disease",-92.208907945,34.664931521
"Dutch_Elm_Disease",-97.208907945,36.164931521
"Dutch_Elm_Disease",-96.958907945,36.164931521
"Dutch_Elm_Disease",-96.708907945,36.164931521
"Dutch_Elm_Disease",-96.208907945,36.164931521
"Dutch_Elm_Disease",-95.958907945,36.164931521
"Dutch_Elm_Disease",-97.458907945,35.914931521
"Dutch_Elm_Disease",-97.208907945,35.914931521
"Dutch_Elm_Disease",-96.958907945,35.914931521
"Dutch_Elm_Disease",-96.708907945,35.914931521
"Dutch_Elm_Disease",-95.958907945,35.914931521
"Dutch_Elm_Disease",-97.458907945,35.664931521
"Dutch_Elm_Disease",-97.208907945,35.664931521
"Dutch_Elm_Disease",-96.958907945,35.664931521
"Dutch_Elm_Disease",-96.708907945,35.664931521
"Dutch_Elm_Disease",-97.458907945,35.414931521
"Dutch_Elm_Disease",-97.208907945,35.414931521
"Dutch_Elm_Disease",-96.958907945,35.414931521
"Dutch_Elm_Disease",-96.708907945,35.414931521
"Dutch_Elm_Disease",-97.208907945,35.164931521
"Dutch_Elm_Disease",-96.958907945,35.164931521
"Dutch_Elm_Disease",-96.708907945,35.164931521
"Dutch_Elm_Disease",-96.458907945,35.164931521
"Dutch_Elm_Disease",-96.208907945,35.164931521
"Dutch_Elm_Disease",-95.708907945,35.164931521
"Dutch_Elm_Disease",-95.458907945,35.164931521
"Dutch_Elm_Disease",-96.958907945,34.914931521
"Dutch_Elm_Disease",-96.708907945,34.914931521
"Dutch_Elm_Disease",-96.458907945,34.914931521
"Dutch_Elm_Disease",-96.208907945,34.914931521
"Dutch_Elm_Disease",-95.958907945,34.914931521
"Dutch_Elm_Disease",-95.708907945,34.914931521
"Dutch_Elm_Disease",-96.708907945,34.664931521
"Dutch_Elm_Disease",-95.708907945,34.664931521
"Dutch_Elm_Disease",-97.208907945,34.414931521
"Dutch_Elm_Disease",-96.958907945,34.414931521
"Dutch_Elm_Disease",-94.958907945,49.164931521
"Dutch_Elm_Disease",-96.208907945,48.914931521
"Dutch_Elm_Disease",-95.958907945,48.914931521
"Dutch_Elm_Disease",-95.708907945,48.914931521
"Dutch_Elm_Disease",-95.458907945,48.914931521
"Dutch_Elm_Disease",-95.208907945,48.914931521
"Dutch_Elm_Disease",-94.958907945,48.914931521
"Dutch_Elm_Disease",-96.208907945,48.664931521
"Dutch_Elm_Disease",-95.958907945,48.664931521
"Dutch_Elm_Disease",-95.708907945,48.664931521
"Dutch_Elm_Disease",-95.458907945,48.664931521
"Dutch_Elm_Disease",-95.208907945,48.664931521
"Dutch_Elm_Disease",-94.958907945,48.664931521
"Dutch_Elm_Disease",-94.708907945,48.664931521
"Dutch_Elm_Disease",-94.458907945,48.664931521
"Dutch_Elm_Disease",-95.458907945,48.414931521
"Dutch_Elm_Disease",-95.208907945,48.414931521
"Dutch_Elm_Disease",-94.958907945,48.414931521
"Dutch_Elm_Disease",-94.708907945,48.414931521
"Dutch_Elm_Disease",-94.458907945,48.414931521
"Dutch_Elm_Disease",-94.208907945,48.414931521
"Dutch_Elm_Disease",-93.958907945,48.414931521
"Dutch_Elm_Disease",-93.708907945,48.414931521
"Dutch_Elm_Disease",-93.458907945,48.414931521
"Dutch_Elm_Disease",-93.208907945,48.414931521
"Dutch_Elm_Disease",-92.958907945,48.414931521
"Dutch_Elm_Disease",-92.708907945,48.414931521
"Dutch_Elm_Disease",-95.458907945,48.164931521
"Dutch_Elm_Disease",-95.208907945,48.164931521
"Dutch_Elm_Disease",-94.958907945,48.164931521
"Dutch_Elm_Disease",-94.708907945,48.164931521
"Dutch_Elm_Disease",-94.458907945,48.164931521
"Dutch_Elm_Disease",-94.208907945,48.164931521
"Dutch_Elm_Disease",-93.958907945,48.164931521
"Dutch_Elm_Disease",-93.708907945,48.164931521
"Dutch_Elm_Disease",-93.458907945,48.164931521
"Dutch_Elm_Disease",-93.208907945,48.164931521
"Dutch_Elm_Disease",-92.958907945,48.164931521
"Dutch_Elm_Disease",-92.708907945,48.164931521
"Dutch_Elm_Disease",-92.458907945,48.164931521
"Dutch_Elm_Disease",-92.208907945,48.164931521
"Dutch_Elm_Disease",-96.958907945,47.914931521
"Dutch_Elm_Disease",-96.708907945,47.914931521
"Dutch_Elm_Disease",-96.458907945,47.914931521
"Dutch_Elm_Disease",-96.208907945,47.914931521
"Dutch_Elm_Disease",-95.958907945,47.914931521
"Dutch_Elm_Disease",-95.708907945,47.914931521
"Dutch_Elm_Disease",-95.458907945,47.914931521
"Dutch_Elm_Disease",-95.208907945,47.914931521
"Dutch_Elm_Disease",-94.958907945,47.914931521
"Dutch_Elm_Disease",-94.708907945,47.914931521
"Dutch_Elm_Disease",-94.458907945,47.914931521
"Dutch_Elm_Disease",-94.208907945,47.914931521
"Dutch_Elm_Disease",-93.958907945,47.914931521
"Dutch_Elm_Disease",-93.708907945,47.914931521
"Dutch_Elm_Disease",-93.458907945,47.914931521
"Dutch_Elm_Disease",-93.208907945,47.914931521
"Dutch_Elm_Disease",-92.958907945,47.914931521
"Dutch_Elm_Disease",-92.708907945,47.914931521
"Dutch_Elm_Disease",-92.458907945,47.914931521
"Dutch_Elm_Disease",-92.208907945,47.914931521
"Dutch_Elm_Disease",-91.958907945,47.914931521
"Dutch_Elm_Disease",-91.708907945,47.914931521
"Dutch_Elm_Disease",-91.458907945,47.914931521
"Dutch_Elm_Disease",-91.208907945,47.914931521
"Dutch_Elm_Disease",-96.708907945,47.664931521
"Dutch_Elm_Disease",-96.458907945,47.664931521
"Dutch_Elm_Disease",-96.208907945,47.664931521
"Dutch_Elm_Disease",-95.958907945,47.664931521
"Dutch_Elm_Disease",-95.708907945,47.664931521
"Dutch_Elm_Disease",-95.458907945,47.664931521
"Dutch_Elm_Disease",-95.208907945,47.664931521
"Dutch_Elm_Disease",-94.958907945,47.664931521
"Dutch_Elm_Disease",-94.708907945,47.664931521
"Dutch_Elm_Disease",-94.458907945,47.664931521
"Dutch_Elm_Disease",-94.208907945,47.664931521
"Dutch_Elm_Disease",-93.958907945,47.664931521
"Dutch_Elm_Disease",-93.708907945,47.664931521
"Dutch_Elm_Disease",-93.458907945,47.664931521
"Dutch_Elm_Disease",-93.208907945,47.664931521
"Dutch_Elm_Disease",-92.958907945,47.664931521
"Dutch_Elm_Disease",-92.708907945,47.664931521
"Dutch_Elm_Disease",-92.458907945,47.664931521
"Dutch_Elm_Disease",-92.208907945,47.664931521
"Dutch_Elm_Disease",-91.958907945,47.664931521
"Dutch_Elm_Disease",-91.708907945,47.664931521
"Dutch_Elm_Disease",-91.458907945,47.664931521
"Dutch_Elm_Disease",-91.208907945,47.664931521
"Dutch_Elm_Disease",-96.708907945,47.414931521
"Dutch_Elm_Disease",-96.458907945,47.414931521
"Dutch_Elm_Disease",-96.208907945,47.414931521
"Dutch_Elm_Disease",-95.958907945,47.414931521
"Dutch_Elm_Disease",-95.708907945,47.414931521
"Dutch_Elm_Disease",-95.458907945,47.414931521
"Dutch_Elm_Disease",-95.208907945,47.414931521
"Dutch_Elm_Disease",-94.958907945,47.414931521
"Dutch_Elm_Disease",-94.708907945,47.414931521
"Dutch_Elm_Disease",-94.458907945,47.414931521
"Dutch_Elm_Disease",-94.208907945,47.414931521
"Dutch_Elm_Disease",-93.958907945,47.414931521
"Dutch_Elm_Disease",-93.708907945,47.414931521
"Dutch_Elm_Disease",-93.458907945,47.414931521
"Dutch_Elm_Disease",-93.208907945,47.414931521
"Dutch_Elm_Disease",-92.958907945,47.414931521
"Dutch_Elm_Disease",-92.708907945,47.414931521
"Dutch_Elm_Disease",-92.458907945,47.414931521
"Dutch_Elm_Disease",-92.208907945,47.414931521
"Dutch_Elm_Disease",-91.958907945,47.414931521
"Dutch_Elm_Disease",-91.708907945,47.414931521
"Dutch_Elm_Disease",-91.458907945,47.414931521
"Dutch_Elm_Disease",-69.208907945,47.414931521
"Dutch_Elm_Disease",-96.708907945,47.164931521
"Dutch_Elm_Disease",-96.458907945,47.164931521
"Dutch_Elm_Disease",-96.208907945,47.164931521
"Dutch_Elm_Disease",-95.958907945,47.164931521
"Dutch_Elm_Disease",-95.708907945,47.164931521
"Dutch_Elm_Disease",-95.458907945,47.164931521
"Dutch_Elm_Disease",-95.208907945,47.164931521
"Dutch_Elm_Disease",-94.958907945,47.164931521
"Dutch_Elm_Disease",-94.708907945,47.164931521
"Dutch_Elm_Disease",-94.458907945,47.164931521
"Dutch_Elm_Disease",-94.208907945,47.164931521
"Dutch_Elm_Disease",-93.958907945,47.164931521
"Dutch_Elm_Disease",-93.708907945,47.164931521
"Dutch_Elm_Disease",-93.458907945,47.164931521
"Dutch_Elm_Disease",-93.208907945,47.164931521
"Dutch_Elm_Disease",-92.958907945,47.164931521
"Dutch_Elm_Disease",-92.708907945,47.164931521
"Dutch_Elm_Disease",-92.458907945,47.164931521
"Dutch_Elm_Disease",-92.208907945,47.164931521
"Dutch_Elm_Disease",-91.958907945,47.164931521
"Dutch_Elm_Disease",-91.708907945,47.164931521
"Dutch_Elm_Disease",-69.458907945,47.164931521
"Dutch_Elm_Disease",-69.208907945,47.164931521
"Dutch_Elm_Disease",-68.958907945,47.164931521
"Dutch_Elm_Disease",-68.708907945,47.164931521
"Dutch_Elm_Disease",-68.458907945,47.164931521
"Dutch_Elm_Disease",-68.208907945,47.164931521
"Dutch_Elm_Disease",-67.958907945,47.164931521
"Dutch_Elm_Disease",-96.708907945,46.914931521
"Dutch_Elm_Disease",-96.458907945,46.914931521
"Dutch_Elm_Disease",-96.208907945,46.914931521
"Dutch_Elm_Disease",-95.958907945,46.914931521
"Dutch_Elm_Disease",-95.708907945,46.914931521
"Dutch_Elm_Disease",-95.458907945,46.914931521
"Dutch_Elm_Disease",-95.208907945,46.914931521
"Dutch_Elm_Disease",-94.958907945,46.914931521
"Dutch_Elm_Disease",-94.708907945,46.914931521
"Dutch_Elm_Disease",-94.458907945,46.914931521
"Dutch_Elm_Disease",-94.208907945,46.914931521
"Dutch_Elm_Disease",-93.958907945,46.914931521
"Dutch_Elm_Disease",-93.708907945,46.914931521
"Dutch_Elm_Disease",-93.458907945,46.914931521
"Dutch_Elm_Disease",-93.208907945,46.914931521
"Dutch_Elm_Disease",-92.958907945,46.914931521
"Dutch_Elm_Disease",-92.708907945,46.914931521
"Dutch_Elm_Disease",-92.458907945,46.914931521
"Dutch_Elm_Disease",-92.208907945,46.914931521
"Dutch_Elm_Disease",-69.708907945,46.914931521
"Dutch_Elm_Disease",-69.458907945,46.914931521
"Dutch_Elm_Disease",-69.208907945,46.914931521
"Dutch_Elm_Disease",-68.958907945,46.914931521
"Dutch_Elm_Disease",-68.708907945,46.914931521
"Dutch_Elm_Disease",-68.458907945,46.914931521
"Dutch_Elm_Disease",-68.208907945,46.914931521
"Dutch_Elm_Disease",-67.958907945,46.914931521
"Dutch_Elm_Disease",-96.458907945,46.664931521
"Dutch_Elm_Disease",-96.208907945,46.664931521
"Dutch_Elm_Disease",-95.958907945,46.664931521
"Dutch_Elm_Disease",-95.708907945,46.664931521
"Dutch_Elm_Disease",-95.458907945,46.664931521
"Dutch_Elm_Disease",-95.208907945,46.664931521
"Dutch_Elm_Disease",-94.958907945,46.664931521
"Dutch_Elm_Disease",-94.708907945,46.664931521
"Dutch_Elm_Disease",-94.458907945,46.664931521
"Dutch_Elm_Disease",-94.208907945,46.664931521
"Dutch_Elm_Disease",-93.958907945,46.664931521
"Dutch_Elm_Disease",-93.708907945,46.664931521
"Dutch_Elm_Disease",-93.458907945,46.664931521
"Dutch_Elm_Disease",-93.208907945,46.664931521
"Dutch_Elm_Disease",-92.958907945,46.664931521
"Dutch_Elm_Disease",-92.708907945,46.664931521
"Dutch_Elm_Disease",-92.458907945,46.664931521
"Dutch_Elm_Disease",-69.958907945,46.664931521
"Dutch_Elm_Disease",-69.708907945,46.664931521
"Dutch_Elm_Disease",-69.458907945,46.664931521
"Dutch_Elm_Disease",-69.208907945,46.664931521
"Dutch_Elm_Disease",-68.958907945,46.664931521
"Dutch_Elm_Disease",-68.708907945,46.664931521
"Dutch_Elm_Disease",-68.458907945,46.664931521
"Dutch_Elm_Disease",-68.208907945,46.664931521
"Dutch_Elm_Disease",-67.958907945,46.664931521
"Dutch_Elm_Disease",-96.458907945,46.414931521
"Dutch_Elm_Disease",-96.208907945,46.414931521
"Dutch_Elm_Disease",-95.958907945,46.414931521
"Dutch_Elm_Disease",-95.708907945,46.414931521
"Dutch_Elm_Disease",-95.458907945,46.414931521
"Dutch_Elm_Disease",-95.208907945,46.414931521
"Dutch_Elm_Disease",-94.958907945,46.414931521
"Dutch_Elm_Disease",-94.708907945,46.414931521
"Dutch_Elm_Disease",-94.458907945,46.414931521
"Dutch_Elm_Disease",-94.208907945,46.414931521
"Dutch_Elm_Disease",-93.958907945,46.414931521
"Dutch_Elm_Disease",-93.708907945,46.414931521
"Dutch_Elm_Disease",-93.458907945,46.414931521
"Dutch_Elm_Disease",-93.208907945,46.414931521
"Dutch_Elm_Disease",-92.958907945,46.414931521
"Dutch_Elm_Disease",-92.708907945,46.414931521
"Dutch_Elm_Disease",-69.958907945,46.414931521
"Dutch_Elm_Disease",-69.708907945,46.414931521
"Dutch_Elm_Disease",-69.458907945,46.414931521
"Dutch_Elm_Disease",-69.208907945,46.414931521
"Dutch_Elm_Disease",-68.958907945,46.414931521
"Dutch_Elm_Disease",-68.708907945,46.414931521
"Dutch_Elm_Disease",-68.458907945,46.414931521
"Dutch_Elm_Disease",-68.208907945,46.414931521
"Dutch_Elm_Disease",-67.958907945,46.414931521
"Dutch_Elm_Disease",-96.458907945,46.164931521
"Dutch_Elm_Disease",-96.208907945,46.164931521
"Dutch_Elm_Disease",-95.958907945,46.164931521
"Dutch_Elm_Disease",-95.708907945,46.164931521
"Dutch_Elm_Disease",-95.458907945,46.164931521
"Dutch_Elm_Disease",-95.208907945,46.164931521
"Dutch_Elm_Disease",-94.958907945,46.164931521
"Dutch_Elm_Disease",-94.708907945,46.164931521
"Dutch_Elm_Disease",-94.458907945,46.164931521
"Dutch_Elm_Disease",-94.208907945,46.164931521
"Dutch_Elm_Disease",-93.958907945,46.164931521
"Dutch_Elm_Disease",-93.708907945,46.164931521
"Dutch_Elm_Disease",-93.458907945,46.164931521
"Dutch_Elm_Disease",-93.208907945,46.164931521
"Dutch_Elm_Disease",-92.958907945,46.164931521
"Dutch_Elm_Disease",-92.708907945,46.164931521
"Dutch_Elm_Disease",-70.208907945,46.164931521
"Dutch_Elm_Disease",-69.958907945,46.164931521
"Dutch_Elm_Disease",-69.708907945,46.164931521
"Dutch_Elm_Disease",-69.458907945,46.164931521
"Dutch_Elm_Disease",-69.208907945,46.164931521
"Dutch_Elm_Disease",-68.958907945,46.164931521
"Dutch_Elm_Disease",-68.708907945,46.164931521
"Dutch_Elm_Disease",-68.458907945,46.164931521
"Dutch_Elm_Disease",-68.208907945,46.164931521
"Dutch_Elm_Disease",-67.958907945,46.164931521
"Dutch_Elm_Disease",-96.458907945,45.914931521
"Dutch_Elm_Disease",-96.208907945,45.914931521
"Dutch_Elm_Disease",-95.958907945,45.914931521
"Dutch_Elm_Disease",-95.708907945,45.914931521
"Dutch_Elm_Disease",-95.458907945,45.914931521
"Dutch_Elm_Disease",-95.208907945,45.914931521
"Dutch_Elm_Disease",-94.958907945,45.914931521
"Dutch_Elm_Disease",-94.708907945,45.914931521
"Dutch_Elm_Disease",-94.458907945,45.914931521
"Dutch_Elm_Disease",-94.208907945,45.914931521
"Dutch_Elm_Disease",-93.958907945,45.914931521
"Dutch_Elm_Disease",-93.708907945,45.914931521
"Dutch_Elm_Disease",-93.458907945,45.914931521
"Dutch_Elm_Disease",-93.208907945,45.914931521
"Dutch_Elm_Disease",-92.958907945,45.914931521
"Dutch_Elm_Disease",-92.708907945,45.914931521
"Dutch_Elm_Disease",-70.208907945,45.914931521
"Dutch_Elm_Disease",-69.958907945,45.914931521
"Dutch_Elm_Disease",-69.708907945,45.914931521
"Dutch_Elm_Disease",-69.458907945,45.914931521
"Dutch_Elm_Disease",-69.208907945,45.914931521
"Dutch_Elm_Disease",-68.958907945,45.914931521
"Dutch_Elm_Disease",-68.708907945,45.914931521
"Dutch_Elm_Disease",-68.458907945,45.914931521
"Dutch_Elm_Disease",-68.208907945,45.914931521
"Dutch_Elm_Disease",-67.958907945,45.914931521
"Dutch_Elm_Disease",-96.458907945,45.664931521
"Dutch_Elm_Disease",-96.208907945,45.664931521
"Dutch_Elm_Disease",-95.958907945,45.664931521
"Dutch_Elm_Disease",-95.708907945,45.664931521
"Dutch_Elm_Disease",-95.458907945,45.664931521
"Dutch_Elm_Disease",-95.208907945,45.664931521
"Dutch_Elm_Disease",-94.958907945,45.664931521
"Dutch_Elm_Disease",-94.708907945,45.664931521
"Dutch_Elm_Disease",-94.458907945,45.664931521
"Dutch_Elm_Disease",-94.208907945,45.664931521
"Dutch_Elm_Disease",-93.958907945,45.664931521
"Dutch_Elm_Disease",-93.708907945,45.664931521
"Dutch_Elm_Disease",-93.458907945,45.664931521
"Dutch_Elm_Disease",-93.208907945,45.664931521
"Dutch_Elm_Disease",-70.458907945,45.664931521
"Dutch_Elm_Disease",-70.208907945,45.664931521
"Dutch_Elm_Disease",-69.958907945,45.664931521
"Dutch_Elm_Disease",-69.708907945,45.664931521
"Dutch_Elm_Disease",-69.458907945,45.664931521
"Dutch_Elm_Disease",-69.208907945,45.664931521
"Dutch_Elm_Disease",-68.958907945,45.664931521
"Dutch_Elm_Disease",-68.708907945,45.664931521
"Dutch_Elm_Disease",-68.458907945,45.664931521
"Dutch_Elm_Disease",-68.208907945,45.664931521
"Dutch_Elm_Disease",-67.958907945,45.664931521
"Dutch_Elm_Disease",-96.458907945,45.414931521
"Dutch_Elm_Disease",-96.208907945,45.414931521
"Dutch_Elm_Disease",-95.958907945,45.414931521
"Dutch_Elm_Disease",-95.708907945,45.414931521
"Dutch_Elm_Disease",-95.458907945,45.414931521
"Dutch_Elm_Disease",-95.208907945,45.414931521
"Dutch_Elm_Disease",-94.958907945,45.414931521
"Dutch_Elm_Disease",-94.708907945,45.414931521
"Dutch_Elm_Disease",-94.458907945,45.414931521
"Dutch_Elm_Disease",-94.208907945,45.414931521
"Dutch_Elm_Disease",-93.958907945,45.414931521
"Dutch_Elm_Disease",-93.708907945,45.414931521
"Dutch_Elm_Disease",-93.458907945,45.414931521
"Dutch_Elm_Disease",-93.208907945,45.414931521
"Dutch_Elm_Disease",-92.958907945,45.414931521
"Dutch_Elm_Disease",-70.458907945,45.414931521
"Dutch_Elm_Disease",-70.208907945,45.414931521
"Dutch_Elm_Disease",-69.958907945,45.414931521
"Dutch_Elm_Disease",-69.708907945,45.414931521
"Dutch_Elm_Disease",-69.458907945,45.414931521
"Dutch_Elm_Disease",-69.208907945,45.414931521
"Dutch_Elm_Disease",-68.958907945,45.414931521
"Dutch_Elm_Disease",-68.708907945,45.414931521
"Dutch_Elm_Disease",-68.458907945,45.414931521
"Dutch_Elm_Disease",-68.208907945,45.414931521
"Dutch_Elm_Disease",-67.958907945,45.414931521
"Dutch_Elm_Disease",-96.208907945,45.164931521
"Dutch_Elm_Disease",-95.958907945,45.164931521
"Dutch_Elm_Disease",-95.708907945,45.164931521
"Dutch_Elm_Disease",-95.458907945,45.164931521
"Dutch_Elm_Disease",-95.208907945,45.164931521
"Dutch_Elm_Disease",-94.958907945,45.164931521
"Dutch_Elm_Disease",-94.708907945,45.164931521
"Dutch_Elm_Disease",-94.458907945,45.164931521
"Dutch_Elm_Disease",-94.208907945,45.164931521
"Dutch_Elm_Disease",-93.958907945,45.164931521
"Dutch_Elm_Disease",-93.708907945,45.164931521
"Dutch_Elm_Disease",-93.458907945,45.164931521
"Dutch_Elm_Disease",-93.208907945,45.164931521
"Dutch_Elm_Disease",-92.958907945,45.164931521
"Dutch_Elm_Disease",-71.208907945,45.164931521
"Dutch_Elm_Disease",-70.958907945,45.164931521
"Dutch_Elm_Disease",-70.708907945,45.164931521
"Dutch_Elm_Disease",-70.458907945,45.164931521
"Dutch_Elm_Disease",-70.208907945,45.164931521
"Dutch_Elm_Disease",-69.958907945,45.164931521
"Dutch_Elm_Disease",-69.708907945,45.164931521
"Dutch_Elm_Disease",-69.458907945,45.164931521
"Dutch_Elm_Disease",-69.208907945,45.164931521
"Dutch_Elm_Disease",-68.958907945,45.164931521
"Dutch_Elm_Disease",-68.708907945,45.164931521
"Dutch_Elm_Disease",-68.458907945,45.164931521
"Dutch_Elm_Disease",-68.208907945,45.164931521
"Dutch_Elm_Disease",-96.208907945,44.914931521
"Dutch_Elm_Disease",-95.958907945,44.914931521
"Dutch_Elm_Disease",-95.708907945,44.914931521
"Dutch_Elm_Disease",-95.458907945,44.914931521
"Dutch_Elm_Disease",-95.208907945,44.914931521
"Dutch_Elm_Disease",-94.958907945,44.914931521
"Dutch_Elm_Disease",-94.708907945,44.914931521
"Dutch_Elm_Disease",-94.458907945,44.914931521
"Dutch_Elm_Disease",-94.208907945,44.914931521
"Dutch_Elm_Disease",-93.958907945,44.914931521
"Dutch_Elm_Disease",-93.708907945,44.914931521
"Dutch_Elm_Disease",-93.458907945,44.914931521
"Dutch_Elm_Disease",-93.208907945,44.914931521
"Dutch_Elm_Disease",-92.958907945,44.914931521
"Dutch_Elm_Disease",-74.958907945,44.914931521
"Dutch_Elm_Disease",-74.708907945,44.914931521
"Dutch_Elm_Disease",-74.458907945,44.914931521
"Dutch_Elm_Disease",-74.208907945,44.914931521
"Dutch_Elm_Disease",-73.958907945,44.914931521
"Dutch_Elm_Disease",-73.708907945,44.914931521
"Dutch_Elm_Disease",-73.458907945,44.914931521
"Dutch_Elm_Disease",-73.208907945,44.914931521
"Dutch_Elm_Disease",-72.958907945,44.914931521
"Dutch_Elm_Disease",-72.708907945,44.914931521
"Dutch_Elm_Disease",-72.458907945,44.914931521
"Dutch_Elm_Disease",-72.208907945,44.914931521
"Dutch_Elm_Disease",-71.958907945,44.914931521
"Dutch_Elm_Disease",-71.708907945,44.914931521
"Dutch_Elm_Disease",-71.458907945,44.914931521
"Dutch_Elm_Disease",-71.208907945,44.914931521
"Dutch_Elm_Disease",-70.958907945,44.914931521
"Dutch_Elm_Disease",-70.708907945,44.914931521
"Dutch_Elm_Disease",-70.458907945,44.914931521
"Dutch_Elm_Disease",-70.208907945,44.914931521
"Dutch_Elm_Disease",-69.958907945,44.914931521
"Dutch_Elm_Disease",-69.708907945,44.914931521
"Dutch_Elm_Disease",-69.458907945,44.914931521
"Dutch_Elm_Disease",-69.208907945,44.914931521
"Dutch_Elm_Disease",-68.958907945,44.914931521
"Dutch_Elm_Disease",-68.708907945,44.914931521
"Dutch_Elm_Disease",-68.208907945,44.914931521
"Dutch_Elm_Disease",-96.208907945,44.664931521
"Dutch_Elm_Disease",-95.958907945,44.664931521
"Dutch_Elm_Disease",-95.708907945,44.664931521
"Dutch_Elm_Disease",-95.458907945,44.664931521
"Dutch_Elm_Disease",-95.208907945,44.664931521
"Dutch_Elm_Disease",-94.958907945,44.664931521
"Dutch_Elm_Disease",-94.708907945,44.664931521
"Dutch_Elm_Disease",-94.458907945,44.664931521
"Dutch_Elm_Disease",-94.208907945,44.664931521
"Dutch_Elm_Disease",-93.958907945,44.664931521
"Dutch_Elm_Disease",-93.708907945,44.664931521
"Dutch_Elm_Disease",-93.458907945,44.664931521
"Dutch_Elm_Disease",-93.208907945,44.664931521
"Dutch_Elm_Disease",-92.958907945,44.664931521
"Dutch_Elm_Disease",-75.458907945,44.664931521
"Dutch_Elm_Disease",-75.208907945,44.664931521
"Dutch_Elm_Disease",-74.958907945,44.664931521
"Dutch_Elm_Disease",-74.708907945,44.664931521
"Dutch_Elm_Disease",-74.458907945,44.664931521
"Dutch_Elm_Disease",-74.208907945,44.664931521
"Dutch_Elm_Disease",-73.958907945,44.664931521
"Dutch_Elm_Disease",-73.708907945,44.664931521
"Dutch_Elm_Disease",-73.458907945,44.664931521
"Dutch_Elm_Disease",-73.208907945,44.664931521
"Dutch_Elm_Disease",-72.958907945,44.664931521
"Dutch_Elm_Disease",-72.708907945,44.664931521
"Dutch_Elm_Disease",-72.458907945,44.664931521
"Dutch_Elm_Disease",-72.208907945,44.664931521
"Dutch_Elm_Disease",-71.958907945,44.664931521
"Dutch_Elm_Disease",-71.708907945,44.664931521
"Dutch_Elm_Disease",-71.458907945,44.664931521
"Dutch_Elm_Disease",-71.208907945,44.664931521
"Dutch_Elm_Disease",-70.958907945,44.664931521
"Dutch_Elm_Disease",-70.708907945,44.664931521
"Dutch_Elm_Disease",-70.458907945,44.664931521
"Dutch_Elm_Disease",-70.208907945,44.664931521
"Dutch_Elm_Disease",-69.958907945,44.664931521
"Dutch_Elm_Disease",-69.708907945,44.664931521
"Dutch_Elm_Disease",-69.458907945,44.664931521
"Dutch_Elm_Disease",-69.208907945,44.664931521
"Dutch_Elm_Disease",-68.958907945,44.664931521
"Dutch_Elm_Disease",-68.458907945,44.664931521
"Dutch_Elm_Disease",-68.208907945,44.664931521
"Dutch_Elm_Disease",-96.208907945,44.414931521
"Dutch_Elm_Disease",-95.958907945,44.414931521
"Dutch_Elm_Disease",-95.708907945,44.414931521
"Dutch_Elm_Disease",-95.458907945,44.414931521
"Dutch_Elm_Disease",-95.208907945,44.414931521
"Dutch_Elm_Disease",-94.958907945,44.414931521
"Dutch_Elm_Disease",-94.708907945,44.414931521
"Dutch_Elm_Disease",-94.458907945,44.414931521
"Dutch_Elm_Disease",-94.208907945,44.414931521
"Dutch_Elm_Disease",-93.958907945,44.414931521
"Dutch_Elm_Disease",-93.708907945,44.414931521
"Dutch_Elm_Disease",-93.458907945,44.414931521
"Dutch_Elm_Disease",-93.208907945,44.414931521
"Dutch_Elm_Disease",-92.958907945,44.414931521
"Dutch_Elm_Disease",-92.708907945,44.414931521
"Dutch_Elm_Disease",-92.458907945,44.414931521
"Dutch_Elm_Disease",-75.708907945,44.414931521
"Dutch_Elm_Disease",-75.458907945,44.414931521
"Dutch_Elm_Disease",-75.208907945,44.414931521
"Dutch_Elm_Disease",-74.958907945,44.414931521
"Dutch_Elm_Disease",-74.708907945,44.414931521
"Dutch_Elm_Disease",-74.458907945,44.414931521
"Dutch_Elm_Disease",-74.208907945,44.414931521
"Dutch_Elm_Disease",-73.958907945,44.414931521
"Dutch_Elm_Disease",-73.708907945,44.414931521
"Dutch_Elm_Disease",-73.458907945,44.414931521
"Dutch_Elm_Disease",-73.208907945,44.414931521
"Dutch_Elm_Disease",-72.958907945,44.414931521
"Dutch_Elm_Disease",-72.708907945,44.414931521
"Dutch_Elm_Disease",-72.458907945,44.414931521
"Dutch_Elm_Disease",-72.208907945,44.414931521
"Dutch_Elm_Disease",-71.958907945,44.414931521
"Dutch_Elm_Disease",-71.708907945,44.414931521
"Dutch_Elm_Disease",-71.458907945,44.414931521
"Dutch_Elm_Disease",-71.208907945,44.414931521
"Dutch_Elm_Disease",-70.958907945,44.414931521
"Dutch_Elm_Disease",-70.708907945,44.414931521
"Dutch_Elm_Disease",-70.458907945,44.414931521
"Dutch_Elm_Disease",-70.208907945,44.414931521
"Dutch_Elm_Disease",-69.958907945,44.414931521
"Dutch_Elm_Disease",-69.708907945,44.414931521
"Dutch_Elm_Disease",-69.458907945,44.414931521
"Dutch_Elm_Disease",-69.208907945,44.414931521
"Dutch_Elm_Disease",-68.958907945,44.414931521
"Dutch_Elm_Disease",-68.708907945,44.414931521
"Dutch_Elm_Disease",-68.458907945,44.414931521
"Dutch_Elm_Disease",-96.208907945,44.164931521
"Dutch_Elm_Disease",-95.958907945,44.164931521
"Dutch_Elm_Disease",-95.708907945,44.164931521
"Dutch_Elm_Disease",-95.458907945,44.164931521
"Dutch_Elm_Disease",-95.208907945,44.164931521
"Dutch_Elm_Disease",-94.958907945,44.164931521
"Dutch_Elm_Disease",-94.708907945,44.164931521
"Dutch_Elm_Disease",-94.458907945,44.164931521
"Dutch_Elm_Disease",-94.208907945,44.164931521
"Dutch_Elm_Disease",-93.958907945,44.164931521
"Dutch_Elm_Disease",-93.708907945,44.164931521
"Dutch_Elm_Disease",-93.458907945,44.164931521
"Dutch_Elm_Disease",-93.208907945,44.164931521
"Dutch_Elm_Disease",-92.958907945,44.164931521
"Dutch_Elm_Disease",-92.708907945,44.164931521
"Dutch_Elm_Disease",-92.458907945,44.164931521
"Dutch_Elm_Disease",-92.208907945,44.164931521
"Dutch_Elm_Disease",-76.208907945,44.164931521
"Dutch_Elm_Disease",-75.958907945,44.164931521
"Dutch_Elm_Disease",-75.708907945,44.164931521
"Dutch_Elm_Disease",-75.458907945,44.164931521
"Dutch_Elm_Disease",-75.208907945,44.164931521
"Dutch_Elm_Disease",-74.958907945,44.164931521
"Dutch_Elm_Disease",-74.708907945,44.164931521
"Dutch_Elm_Disease",-74.458907945,44.164931521
"Dutch_Elm_Disease",-74.208907945,44.164931521
"Dutch_Elm_Disease",-73.958907945,44.164931521
"Dutch_Elm_Disease",-73.708907945,44.164931521
"Dutch_Elm_Disease",-73.458907945,44.164931521
"Dutch_Elm_Disease",-73.208907945,44.164931521
"Dutch_Elm_Disease",-72.958907945,44.164931521
"Dutch_Elm_Disease",-72.708907945,44.164931521
"Dutch_Elm_Disease",-72.458907945,44.164931521
"Dutch_Elm_Disease",-72.208907945,44.164931521
"Dutch_Elm_Disease",-71.958907945,44.164931521
"Dutch_Elm_Disease",-71.708907945,44.164931521
"Dutch_Elm_Disease",-71.458907945,44.164931521
"Dutch_Elm_Disease",-71.208907945,44.164931521
"Dutch_Elm_Disease",-70.958907945,44.164931521
"Dutch_Elm_Disease",-70.708907945,44.164931521
"Dutch_Elm_Disease",-70.458907945,44.164931521
"Dutch_Elm_Disease",-70.208907945,44.164931521
"Dutch_Elm_Disease",-69.958907945,44.164931521
"Dutch_Elm_Disease",-69.708907945,44.164931521
"Dutch_Elm_Disease",-69.458907945,44.164931521
"Dutch_Elm_Disease",-69.208907945,44.164931521
"Dutch_Elm_Disease",-96.208907945,43.914931521
"Dutch_Elm_Disease",-95.958907945,43.914931521
"Dutch_Elm_Disease",-95.708907945,43.914931521
"Dutch_Elm_Disease",-95.458907945,43.914931521
"Dutch_Elm_Disease",-95.208907945,43.914931521
"Dutch_Elm_Disease",-94.958907945,43.914931521
"Dutch_Elm_Disease",-94.708907945,43.914931521
"Dutch_Elm_Disease",-94.458907945,43.914931521
"Dutch_Elm_Disease",-94.208907945,43.914931521
"Dutch_Elm_Disease",-93.958907945,43.914931521
"Dutch_Elm_Disease",-93.708907945,43.914931521
"Dutch_Elm_Disease",-93.458907945,43.914931521
"Dutch_Elm_Disease",-93.208907945,43.914931521
"Dutch_Elm_Disease",-92.958907945,43.914931521
"Dutch_Elm_Disease",-92.708907945,43.914931521
"Dutch_Elm_Disease",-92.458907945,43.914931521
"Dutch_Elm_Disease",-92.208907945,43.914931521
"Dutch_Elm_Disease",-91.958907945,43.914931521
"Dutch_Elm_Disease",-91.708907945,43.914931521
"Dutch_Elm_Disease",-83.208907945,43.914931521
"Dutch_Elm_Disease",-82.958907945,43.914931521
"Dutch_Elm_Disease",-75.958907945,43.914931521
"Dutch_Elm_Disease",-75.708907945,43.914931521
"Dutch_Elm_Disease",-75.458907945,43.914931521
"Dutch_Elm_Disease",-75.208907945,43.914931521
"Dutch_Elm_Disease",-74.958907945,43.914931521
"Dutch_Elm_Disease",-74.708907945,43.914931521
"Dutch_Elm_Disease",-74.458907945,43.914931521
"Dutch_Elm_Disease",-74.208907945,43.914931521
"Dutch_Elm_Disease",-73.958907945,43.914931521
"Dutch_Elm_Disease",-73.708907945,43.914931521
"Dutch_Elm_Disease",-73.458907945,43.914931521
"Dutch_Elm_Disease",-73.208907945,43.914931521
"Dutch_Elm_Disease",-72.958907945,43.914931521
"Dutch_Elm_Disease",-72.708907945,43.914931521
"Dutch_Elm_Disease",-72.458907945,43.914931521
"Dutch_Elm_Disease",-72.208907945,43.914931521
"Dutch_Elm_Disease",-71.958907945,43.914931521
"Dutch_Elm_Disease",-71.708907945,43.914931521
"Dutch_Elm_Disease",-71.458907945,43.914931521
"Dutch_Elm_Disease",-71.208907945,43.914931521
"Dutch_Elm_Disease",-70.958907945,43.914931521
"Dutch_Elm_Disease",-70.708907945,43.914931521
"Dutch_Elm_Disease",-70.458907945,43.914931521
"Dutch_Elm_Disease",-70.208907945,43.914931521
"Dutch_Elm_Disease",-69.958907945,43.914931521
"Dutch_Elm_Disease",-69.708907945,43.914931521
"Dutch_Elm_Disease",-69.458907945,43.914931521
"Dutch_Elm_Disease",-96.958907945,43.664931521
"Dutch_Elm_Disease",-96.708907945,43.664931521
"Dutch_Elm_Disease",-96.458907945,43.664931521
"Dutch_Elm_Disease",-96.208907945,43.664931521
"Dutch_Elm_Disease",-95.958907945,43.664931521
"Dutch_Elm_Disease",-95.708907945,43.664931521
"Dutch_Elm_Disease",-95.458907945,43.664931521
"Dutch_Elm_Disease",-95.208907945,43.664931521
"Dutch_Elm_Disease",-94.958907945,43.664931521
"Dutch_Elm_Disease",-94.708907945,43.664931521
"Dutch_Elm_Disease",-94.458907945,43.664931521
"Dutch_Elm_Disease",-94.208907945,43.664931521
"Dutch_Elm_Disease",-93.958907945,43.664931521
"Dutch_Elm_Disease",-93.708907945,43.664931521
"Dutch_Elm_Disease",-93.458907945,43.664931521
"Dutch_Elm_Disease",-93.208907945,43.664931521
"Dutch_Elm_Disease",-92.958907945,43.664931521
"Dutch_Elm_Disease",-92.708907945,43.664931521
"Dutch_Elm_Disease",-92.458907945,43.664931521
"Dutch_Elm_Disease",-92.208907945,43.664931521
"Dutch_Elm_Disease",-91.958907945,43.664931521
"Dutch_Elm_Disease",-91.708907945,43.664931521
"Dutch_Elm_Disease",-91.458907945,43.664931521
"Dutch_Elm_Disease",-84.458907945,43.664931521
"Dutch_Elm_Disease",-84.208907945,43.664931521
"Dutch_Elm_Disease",-83.458907945,43.664931521
"Dutch_Elm_Disease",-83.208907945,43.664931521
"Dutch_Elm_Disease",-82.958907945,43.664931521
"Dutch_Elm_Disease",-82.708907945,43.664931521
"Dutch_Elm_Disease",-75.958907945,43.664931521
"Dutch_Elm_Disease",-75.708907945,43.664931521
"Dutch_Elm_Disease",-75.458907945,43.664931521
"Dutch_Elm_Disease",-75.208907945,43.664931521
"Dutch_Elm_Disease",-74.958907945,43.664931521
"Dutch_Elm_Disease",-74.708907945,43.664931521
"Dutch_Elm_Disease",-74.458907945,43.664931521
"Dutch_Elm_Disease",-74.208907945,43.664931521
"Dutch_Elm_Disease",-73.958907945,43.664931521
"Dutch_Elm_Disease",-73.708907945,43.664931521
"Dutch_Elm_Disease",-73.458907945,43.664931521
"Dutch_Elm_Disease",-73.208907945,43.664931521
"Dutch_Elm_Disease",-72.958907945,43.664931521
"Dutch_Elm_Disease",-72.708907945,43.664931521
"Dutch_Elm_Disease",-72.458907945,43.664931521
"Dutch_Elm_Disease",-72.208907945,43.664931521
"Dutch_Elm_Disease",-71.958907945,43.664931521
"Dutch_Elm_Disease",-71.708907945,43.664931521
"Dutch_Elm_Disease",-71.458907945,43.664931521
"Dutch_Elm_Disease",-71.208907945,43.664931521
"Dutch_Elm_Disease",-70.958907945,43.664931521
"Dutch_Elm_Disease",-70.708907945,43.664931521
"Dutch_Elm_Disease",-70.458907945,43.664931521
"Dutch_Elm_Disease",-94.708907945,43.414931521
"Dutch_Elm_Disease",-94.458907945,43.414931521
"Dutch_Elm_Disease",-94.208907945,43.414931521
"Dutch_Elm_Disease",-93.958907945,43.414931521
"Dutch_Elm_Disease",-93.708907945,43.414931521
"Dutch_Elm_Disease",-93.458907945,43.414931521
"Dutch_Elm_Disease",-93.208907945,43.414931521
"Dutch_Elm_Disease",-92.958907945,43.414931521
"Dutch_Elm_Disease",-92.708907945,43.414931521
"Dutch_Elm_Disease",-92.458907945,43.414931521
"Dutch_Elm_Disease",-92.208907945,43.414931521
"Dutch_Elm_Disease",-91.958907945,43.414931521
"Dutch_Elm_Disease",-91.708907945,43.414931521
"Dutch_Elm_Disease",-91.458907945,43.414931521
"Dutch_Elm_Disease",-89.458907945,43.414931521
"Dutch_Elm_Disease",-89.208907945,43.414931521
"Dutch_Elm_Disease",-88.958907945,43.414931521
"Dutch_Elm_Disease",-88.708907945,43.414931521
"Dutch_Elm_Disease",-87.958907945,43.414931521
"Dutch_Elm_Disease",-86.208907945,43.414931521
"Dutch_Elm_Disease",-85.458907945,43.414931521
"Dutch_Elm_Disease",-85.208907945,43.414931521
"Dutch_Elm_Disease",-84.958907945,43.414931521
"Dutch_Elm_Disease",-84.708907945,43.414931521
"Dutch_Elm_Disease",-84.458907945,43.414931521
"Dutch_Elm_Disease",-84.208907945,43.414931521
"Dutch_Elm_Disease",-83.958907945,43.414931521
"Dutch_Elm_Disease",-83.708907945,43.414931521
"Dutch_Elm_Disease",-83.458907945,43.414931521
"Dutch_Elm_Disease",-83.208907945,43.414931521
"Dutch_Elm_Disease",-82.958907945,43.414931521
"Dutch_Elm_Disease",-82.708907945,43.414931521
"Dutch_Elm_Disease",-76.458907945,43.414931521
"Dutch_Elm_Disease",-76.208907945,43.414931521
"Dutch_Elm_Disease",-75.958907945,43.414931521
"Dutch_Elm_Disease",-75.708907945,43.414931521
"Dutch_Elm_Disease",-75.458907945,43.414931521
"Dutch_Elm_Disease",-75.208907945,43.414931521
"Dutch_Elm_Disease",-74.958907945,43.414931521
"Dutch_Elm_Disease",-74.708907945,43.414931521
"Dutch_Elm_Disease",-74.458907945,43.414931521
"Dutch_Elm_Disease",-74.208907945,43.414931521
"Dutch_Elm_Disease",-73.958907945,43.414931521
"Dutch_Elm_Disease",-73.708907945,43.414931521
"Dutch_Elm_Disease",-73.458907945,43.414931521
"Dutch_Elm_Disease",-73.208907945,43.414931521
"Dutch_Elm_Disease",-72.958907945,43.414931521
"Dutch_Elm_Disease",-72.708907945,43.414931521
"Dutch_Elm_Disease",-72.458907945,43.414931521
"Dutch_Elm_Disease",-72.208907945,43.414931521
"Dutch_Elm_Disease",-71.958907945,43.414931521
"Dutch_Elm_Disease",-71.708907945,43.414931521
"Dutch_Elm_Disease",-71.458907945,43.414931521
"Dutch_Elm_Disease",-71.208907945,43.414931521
"Dutch_Elm_Disease",-70.958907945,43.414931521
"Dutch_Elm_Disease",-70.708907945,43.414931521
"Dutch_Elm_Disease",-70.458907945,43.414931521
"Dutch_Elm_Disease",-95.208907945,43.164931521
"Dutch_Elm_Disease",-94.958907945,43.164931521
"Dutch_Elm_Disease",-94.708907945,43.164931521
"Dutch_Elm_Disease",-94.458907945,43.164931521
"Dutch_Elm_Disease",-94.208907945,43.164931521
"Dutch_Elm_Disease",-93.958907945,43.164931521
"Dutch_Elm_Disease",-93.708907945,43.164931521
"Dutch_Elm_Disease",-93.458907945,43.164931521
"Dutch_Elm_Disease",-93.208907945,43.164931521
"Dutch_Elm_Disease",-92.958907945,43.164931521
"Dutch_Elm_Disease",-92.708907945,43.164931521
"Dutch_Elm_Disease",-92.458907945,43.164931521
"Dutch_Elm_Disease",-92.208907945,43.164931521
"Dutch_Elm_Disease",-91.958907945,43.164931521
"Dutch_Elm_Disease",-91.708907945,43.164931521
"Dutch_Elm_Disease",-91.458907945,43.164931521
"Dutch_Elm_Disease",-91.208907945,43.164931521
"Dutch_Elm_Disease",-89.708907945,43.164931521
"Dutch_Elm_Disease",-89.458907945,43.164931521
"Dutch_Elm_Disease",-89.208907945,43.164931521
"Dutch_Elm_Disease",-88.958907945,43.164931521
"Dutch_Elm_Disease",-88.708907945,43.164931521
"Dutch_Elm_Disease",-86.208907945,43.164931521
"Dutch_Elm_Disease",-85.958907945,43.164931521
"Dutch_Elm_Disease",-85.708907945,43.164931521
"Dutch_Elm_Disease",-85.458907945,43.164931521
"Dutch_Elm_Disease",-85.208907945,43.164931521
"Dutch_Elm_Disease",-84.958907945,43.164931521
"Dutch_Elm_Disease",-84.708907945,43.164931521
"Dutch_Elm_Disease",-84.458907945,43.164931521
"Dutch_Elm_Disease",-84.208907945,43.164931521
"Dutch_Elm_Disease",-83.958907945,43.164931521
"Dutch_Elm_Disease",-83.708907945,43.164931521
"Dutch_Elm_Disease",-83.458907945,43.164931521
"Dutch_Elm_Disease",-83.208907945,43.164931521
"Dutch_Elm_Disease",-82.958907945,43.164931521
"Dutch_Elm_Disease",-82.708907945,43.164931521
"Dutch_Elm_Disease",-78.958907945,43.164931521
"Dutch_Elm_Disease",-78.708907945,43.164931521
"Dutch_Elm_Disease",-78.458907945,43.164931521
"Dutch_Elm_Disease",-78.208907945,43.164931521
"Dutch_Elm_Disease",-77.958907945,43.164931521
"Dutch_Elm_Disease",-77.708907945,43.164931521
"Dutch_Elm_Disease",-77.458907945,43.164931521
"Dutch_Elm_Disease",-77.208907945,43.164931521
"Dutch_Elm_Disease",-76.958907945,43.164931521
"Dutch_Elm_Disease",-76.708907945,43.164931521
"Dutch_Elm_Disease",-76.458907945,43.164931521
"Dutch_Elm_Disease",-76.208907945,43.164931521
"Dutch_Elm_Disease",-75.708907945,43.164931521
"Dutch_Elm_Disease",-75.458907945,43.164931521
"Dutch_Elm_Disease",-75.208907945,43.164931521
"Dutch_Elm_Disease",-74.958907945,43.164931521
"Dutch_Elm_Disease",-74.708907945,43.164931521
"Dutch_Elm_Disease",-74.458907945,43.164931521
"Dutch_Elm_Disease",-74.208907945,43.164931521
"Dutch_Elm_Disease",-73.958907945,43.164931521
"Dutch_Elm_Disease",-73.708907945,43.164931521
"Dutch_Elm_Disease",-73.458907945,43.164931521
"Dutch_Elm_Disease",-73.208907945,43.164931521
"Dutch_Elm_Disease",-72.958907945,43.164931521
"Dutch_Elm_Disease",-72.708907945,43.164931521
"Dutch_Elm_Disease",-72.458907945,43.164931521
"Dutch_Elm_Disease",-72.208907945,43.164931521
"Dutch_Elm_Disease",-71.958907945,43.164931521
"Dutch_Elm_Disease",-71.708907945,43.164931521
"Dutch_Elm_Disease",-71.458907945,43.164931521
"Dutch_Elm_Disease",-71.208907945,43.164931521
"Dutch_Elm_Disease",-70.958907945,43.164931521
"Dutch_Elm_Disease",-70.708907945,43.164931521
"Dutch_Elm_Disease",-95.208907945,42.914931521
"Dutch_Elm_Disease",-94.958907945,42.914931521
"Dutch_Elm_Disease",-94.708907945,42.914931521
"Dutch_Elm_Disease",-94.458907945,42.914931521
"Dutch_Elm_Disease",-94.208907945,42.914931521
"Dutch_Elm_Disease",-93.958907945,42.914931521
"Dutch_Elm_Disease",-93.708907945,42.914931521
"Dutch_Elm_Disease",-93.458907945,42.914931521
"Dutch_Elm_Disease",-93.208907945,42.914931521
"Dutch_Elm_Disease",-92.958907945,42.914931521
"Dutch_Elm_Disease",-92.708907945,42.914931521
"Dutch_Elm_Disease",-92.458907945,42.914931521
"Dutch_Elm_Disease",-92.208907945,42.914931521
"Dutch_Elm_Disease",-91.958907945,42.914931521
"Dutch_Elm_Disease",-91.708907945,42.914931521
"Dutch_Elm_Disease",-91.458907945,42.914931521
"Dutch_Elm_Disease",-89.708907945,42.914931521
"Dutch_Elm_Disease",-89.458907945,42.914931521
"Dutch_Elm_Disease",-89.208907945,42.914931521
"Dutch_Elm_Disease",-88.458907945,42.914931521
"Dutch_Elm_Disease",-88.208907945,42.914931521
"Dutch_Elm_Disease",-87.958907945,42.914931521
"Dutch_Elm_Disease",-85.708907945,42.914931521
"Dutch_Elm_Disease",-85.458907945,42.914931521
"Dutch_Elm_Disease",-85.208907945,42.914931521
"Dutch_Elm_Disease",-84.958907945,42.914931521
"Dutch_Elm_Disease",-84.708907945,42.914931521
"Dutch_Elm_Disease",-84.458907945,42.914931521
"Dutch_Elm_Disease",-84.208907945,42.914931521
"Dutch_Elm_Disease",-83.958907945,42.914931521
"Dutch_Elm_Disease",-83.708907945,42.914931521
"Dutch_Elm_Disease",-83.458907945,42.914931521
"Dutch_Elm_Disease",-83.208907945,42.914931521
"Dutch_Elm_Disease",-82.958907945,42.914931521
"Dutch_Elm_Disease",-82.708907945,42.914931521
"Dutch_Elm_Disease",-82.458907945,42.914931521
"Dutch_Elm_Disease",-78.708907945,42.914931521
"Dutch_Elm_Disease",-78.458907945,42.914931521
"Dutch_Elm_Disease",-78.208907945,42.914931521
"Dutch_Elm_Disease",-77.958907945,42.914931521
"Dutch_Elm_Disease",-77.708907945,42.914931521
"Dutch_Elm_Disease",-77.458907945,42.914931521
"Dutch_Elm_Disease",-77.208907945,42.914931521
"Dutch_Elm_Disease",-76.958907945,42.914931521
"Dutch_Elm_Disease",-76.708907945,42.914931521
"Dutch_Elm_Disease",-76.458907945,42.914931521
"Dutch_Elm_Disease",-76.208907945,42.914931521
"Dutch_Elm_Disease",-75.958907945,42.914931521
"Dutch_Elm_Disease",-75.708907945,42.914931521
"Dutch_Elm_Disease",-75.458907945,42.914931521
"Dutch_Elm_Disease",-75.208907945,42.914931521
"Dutch_Elm_Disease",-74.958907945,42.914931521
"Dutch_Elm_Disease",-74.708907945,42.914931521
"Dutch_Elm_Disease",-74.458907945,42.914931521
"Dutch_Elm_Disease",-74.208907945,42.914931521
"Dutch_Elm_Disease",-73.958907945,42.914931521
"Dutch_Elm_Disease",-73.708907945,42.914931521
"Dutch_Elm_Disease",-73.458907945,42.914931521
"Dutch_Elm_Disease",-73.208907945,42.914931521
"Dutch_Elm_Disease",-72.958907945,42.914931521
"Dutch_Elm_Disease",-72.708907945,42.914931521
"Dutch_Elm_Disease",-72.458907945,42.914931521
"Dutch_Elm_Disease",-72.208907945,42.914931521
"Dutch_Elm_Disease",-71.958907945,42.914931521
"Dutch_Elm_Disease",-71.708907945,42.914931521
"Dutch_Elm_Disease",-71.458907945,42.914931521
"Dutch_Elm_Disease",-71.208907945,42.914931521
"Dutch_Elm_Disease",-70.958907945,42.914931521
"Dutch_Elm_Disease",-98.958907945,42.664931521
"Dutch_Elm_Disease",-98.708907945,42.664931521
"Dutch_Elm_Disease",-98.458907945,42.664931521
"Dutch_Elm_Disease",-96.958907945,42.664931521
"Dutch_Elm_Disease",-96.458907945,42.664931521
"Dutch_Elm_Disease",-96.208907945,42.664931521
"Dutch_Elm_Disease",-95.958907945,42.664931521
"Dutch_Elm_Disease",-95.708907945,42.664931521
"Dutch_Elm_Disease",-95.458907945,42.664931521
"Dutch_Elm_Disease",-95.208907945,42.664931521
"Dutch_Elm_Disease",-94.958907945,42.664931521
"Dutch_Elm_Disease",-94.708907945,42.664931521
"Dutch_Elm_Disease",-94.458907945,42.664931521
"Dutch_Elm_Disease",-94.208907945,42.664931521
"Dutch_Elm_Disease",-93.958907945,42.664931521
"Dutch_Elm_Disease",-93.708907945,42.664931521
"Dutch_Elm_Disease",-93.458907945,42.664931521
"Dutch_Elm_Disease",-93.208907945,42.664931521
"Dutch_Elm_Disease",-92.958907945,42.664931521
"Dutch_Elm_Disease",-92.708907945,42.664931521
"Dutch_Elm_Disease",-92.458907945,42.664931521
"Dutch_Elm_Disease",-92.208907945,42.664931521
"Dutch_Elm_Disease",-91.958907945,42.664931521
"Dutch_Elm_Disease",-91.708907945,42.664931521
"Dutch_Elm_Disease",-91.458907945,42.664931521
"Dutch_Elm_Disease",-91.208907945,42.664931521
"Dutch_Elm_Disease",-90.458907945,42.664931521
"Dutch_Elm_Disease",-90.208907945,42.664931521
"Dutch_Elm_Disease",-89.958907945,42.664931521
"Dutch_Elm_Disease",-89.708907945,42.664931521
"Dutch_Elm_Disease",-89.458907945,42.664931521
"Dutch_Elm_Disease",-89.208907945,42.664931521
"Dutch_Elm_Disease",-88.958907945,42.664931521
"Dutch_Elm_Disease",-88.708907945,42.664931521
"Dutch_Elm_Disease",-88.458907945,42.664931521
"Dutch_Elm_Disease",-88.208907945,42.664931521
"Dutch_Elm_Disease",-87.958907945,42.664931521
"Dutch_Elm_Disease",-85.958907945,42.664931521
"Dutch_Elm_Disease",-85.708907945,42.664931521
"Dutch_Elm_Disease",-85.458907945,42.664931521
"Dutch_Elm_Disease",-85.208907945,42.664931521
"Dutch_Elm_Disease",-84.958907945,42.664931521
"Dutch_Elm_Disease",-84.708907945,42.664931521
"Dutch_Elm_Disease",-84.458907945,42.664931521
"Dutch_Elm_Disease",-84.208907945,42.664931521
"Dutch_Elm_Disease",-83.958907945,42.664931521
"Dutch_Elm_Disease",-83.708907945,42.664931521
"Dutch_Elm_Disease",-83.458907945,42.664931521
"Dutch_Elm_Disease",-83.208907945,42.664931521
"Dutch_Elm_Disease",-82.958907945,42.664931521
"Dutch_Elm_Disease",-78.958907945,42.664931521
"Dutch_Elm_Disease",-78.708907945,42.664931521
"Dutch_Elm_Disease",-78.458907945,42.664931521
"Dutch_Elm_Disease",-78.208907945,42.664931521
"Dutch_Elm_Disease",-77.958907945,42.664931521
"Dutch_Elm_Disease",-77.708907945,42.664931521
"Dutch_Elm_Disease",-77.458907945,42.664931521
"Dutch_Elm_Disease",-77.208907945,42.664931521
"Dutch_Elm_Disease",-76.958907945,42.664931521
"Dutch_Elm_Disease",-76.708907945,42.664931521
"Dutch_Elm_Disease",-76.458907945,42.664931521
"Dutch_Elm_Disease",-76.208907945,42.664931521
"Dutch_Elm_Disease",-75.958907945,42.664931521
"Dutch_Elm_Disease",-75.708907945,42.664931521
"Dutch_Elm_Disease",-75.458907945,42.664931521
"Dutch_Elm_Disease",-75.208907945,42.664931521
"Dutch_Elm_Disease",-74.958907945,42.664931521
"Dutch_Elm_Disease",-74.708907945,42.664931521
"Dutch_Elm_Disease",-74.458907945,42.664931521
"Dutch_Elm_Disease",-74.208907945,42.664931521
"Dutch_Elm_Disease",-73.958907945,42.664931521
"Dutch_Elm_Disease",-73.708907945,42.664931521
"Dutch_Elm_Disease",-73.458907945,42.664931521
"Dutch_Elm_Disease",-73.208907945,42.664931521
"Dutch_Elm_Disease",-72.958907945,42.664931521
"Dutch_Elm_Disease",-72.708907945,42.664931521
"Dutch_Elm_Disease",-72.458907945,42.664931521
"Dutch_Elm_Disease",-72.208907945,42.664931521
"Dutch_Elm_Disease",-71.958907945,42.664931521
"Dutch_Elm_Disease",-71.708907945,42.664931521
"Dutch_Elm_Disease",-71.458907945,42.664931521
"Dutch_Elm_Disease",-71.208907945,42.664931521
"Dutch_Elm_Disease",-70.958907945,42.664931521
"Dutch_Elm_Disease",-70.708907945,42.664931521
"Dutch_Elm_Disease",-98.958907945,42.414931521
"Dutch_Elm_Disease",-98.708907945,42.414931521
"Dutch_Elm_Disease",-98.458907945,42.414931521
"Dutch_Elm_Disease",-96.958907945,42.414931521
"Dutch_Elm_Disease",-96.708907945,42.414931521
"Dutch_Elm_Disease",-96.458907945,42.414931521
"Dutch_Elm_Disease",-96.208907945,42.414931521
"Dutch_Elm_Disease",-95.958907945,42.414931521
"Dutch_Elm_Disease",-95.708907945,42.414931521
"Dutch_Elm_Disease",-95.458907945,42.414931521
"Dutch_Elm_Disease",-95.208907945,42.414931521
"Dutch_Elm_Disease",-94.958907945,42.414931521
"Dutch_Elm_Disease",-94.708907945,42.414931521
"Dutch_Elm_Disease",-94.458907945,42.414931521
"Dutch_Elm_Disease",-94.208907945,42.414931521
"Dutch_Elm_Disease",-93.958907945,42.414931521
"Dutch_Elm_Disease",-93.708907945,42.414931521
"Dutch_Elm_Disease",-93.458907945,42.414931521
"Dutch_Elm_Disease",-93.208907945,42.414931521
"Dutch_Elm_Disease",-92.958907945,42.414931521
"Dutch_Elm_Disease",-92.708907945,42.414931521
"Dutch_Elm_Disease",-92.458907945,42.414931521
"Dutch_Elm_Disease",-92.208907945,42.414931521
"Dutch_Elm_Disease",-91.958907945,42.414931521
"Dutch_Elm_Disease",-91.708907945,42.414931521
"Dutch_Elm_Disease",-91.458907945,42.414931521
"Dutch_Elm_Disease",-91.208907945,42.414931521
"Dutch_Elm_Disease",-90.958907945,42.414931521
"Dutch_Elm_Disease",-90.708907945,42.414931521
"Dutch_Elm_Disease",-90.458907945,42.414931521
"Dutch_Elm_Disease",-90.208907945,42.414931521
"Dutch_Elm_Disease",-89.958907945,42.414931521
"Dutch_Elm_Disease",-89.708907945,42.414931521
"Dutch_Elm_Disease",-89.458907945,42.414931521
"Dutch_Elm_Disease",-89.208907945,42.414931521
"Dutch_Elm_Disease",-88.958907945,42.414931521
"Dutch_Elm_Disease",-88.708907945,42.414931521
"Dutch_Elm_Disease",-88.458907945,42.414931521
"Dutch_Elm_Disease",-88.208907945,42.414931521
"Dutch_Elm_Disease",-87.958907945,42.414931521
"Dutch_Elm_Disease",-85.958907945,42.414931521
"Dutch_Elm_Disease",-85.708907945,42.414931521
"Dutch_Elm_Disease",-85.458907945,42.414931521
"Dutch_Elm_Disease",-85.208907945,42.414931521
"Dutch_Elm_Disease",-84.958907945,42.414931521
"Dutch_Elm_Disease",-84.708907945,42.414931521
"Dutch_Elm_Disease",-84.458907945,42.414931521
"Dutch_Elm_Disease",-84.208907945,42.414931521
"Dutch_Elm_Disease",-83.958907945,42.414931521
"Dutch_Elm_Disease",-83.708907945,42.414931521
"Dutch_Elm_Disease",-83.458907945,42.414931521
"Dutch_Elm_Disease",-83.208907945,42.414931521
"Dutch_Elm_Disease",-82.958907945,42.414931521
"Dutch_Elm_Disease",-79.208907945,42.414931521
"Dutch_Elm_Disease",-78.958907945,42.414931521
"Dutch_Elm_Disease",-78.708907945,42.414931521
"Dutch_Elm_Disease",-78.458907945,42.414931521
"Dutch_Elm_Disease",-78.208907945,42.414931521
"Dutch_Elm_Disease",-77.958907945,42.414931521
"Dutch_Elm_Disease",-77.708907945,42.414931521
"Dutch_Elm_Disease",-77.458907945,42.414931521
"Dutch_Elm_Disease",-77.208907945,42.414931521
"Dutch_Elm_Disease",-76.958907945,42.414931521
"Dutch_Elm_Disease",-76.708907945,42.414931521
"Dutch_Elm_Disease",-76.458907945,42.414931521
"Dutch_Elm_Disease",-76.208907945,42.414931521
"Dutch_Elm_Disease",-75.958907945,42.414931521
"Dutch_Elm_Disease",-75.708907945,42.414931521
"Dutch_Elm_Disease",-75.458907945,42.414931521
"Dutch_Elm_Disease",-75.208907945,42.414931521
"Dutch_Elm_Disease",-74.958907945,42.414931521
"Dutch_Elm_Disease",-74.708907945,42.414931521
"Dutch_Elm_Disease",-74.458907945,42.414931521
"Dutch_Elm_Disease",-74.208907945,42.414931521
"Dutch_Elm_Disease",-73.958907945,42.414931521
"Dutch_Elm_Disease",-73.708907945,42.414931521
"Dutch_Elm_Disease",-73.458907945,42.414931521
"Dutch_Elm_Disease",-73.208907945,42.414931521
"Dutch_Elm_Disease",-72.958907945,42.414931521
"Dutch_Elm_Disease",-72.708907945,42.414931521
"Dutch_Elm_Disease",-72.458907945,42.414931521
"Dutch_Elm_Disease",-72.208907945,42.414931521
"Dutch_Elm_Disease",-71.958907945,42.414931521
"Dutch_Elm_Disease",-71.708907945,42.414931521
"Dutch_Elm_Disease",-71.458907945,42.414931521
"Dutch_Elm_Disease",-71.208907945,42.414931521
"Dutch_Elm_Disease",-98.958907945,42.164931521
"Dutch_Elm_Disease",-98.708907945,42.164931521
"Dutch_Elm_Disease",-98.458907945,42.164931521
"Dutch_Elm_Disease",-98.208907945,42.164931521
"Dutch_Elm_Disease",-97.958907945,42.164931521
"Dutch_Elm_Disease",-97.708907945,42.164931521
"Dutch_Elm_Disease",-97.458907945,42.164931521
"Dutch_Elm_Disease",-97.208907945,42.164931521
"Dutch_Elm_Disease",-96.958907945,42.164931521
"Dutch_Elm_Disease",-96.708907945,42.164931521
"Dutch_Elm_Disease",-96.458907945,42.164931521
"Dutch_Elm_Disease",-96.208907945,42.164931521
"Dutch_Elm_Disease",-95.958907945,42.164931521
"Dutch_Elm_Disease",-95.708907945,42.164931521
"Dutch_Elm_Disease",-95.458907945,42.164931521
"Dutch_Elm_Disease",-95.208907945,42.164931521
"Dutch_Elm_Disease",-94.958907945,42.164931521
"Dutch_Elm_Disease",-94.708907945,42.164931521
"Dutch_Elm_Disease",-94.458907945,42.164931521
"Dutch_Elm_Disease",-94.208907945,42.164931521
"Dutch_Elm_Disease",-93.958907945,42.164931521
"Dutch_Elm_Disease",-93.708907945,42.164931521
"Dutch_Elm_Disease",-93.458907945,42.164931521
"Dutch_Elm_Disease",-93.208907945,42.164931521
"Dutch_Elm_Disease",-92.958907945,42.164931521
"Dutch_Elm_Disease",-92.708907945,42.164931521
"Dutch_Elm_Disease",-92.458907945,42.164931521
"Dutch_Elm_Disease",-92.208907945,42.164931521
"Dutch_Elm_Disease",-91.958907945,42.164931521
"Dutch_Elm_Disease",-91.708907945,42.164931521
"Dutch_Elm_Disease",-91.458907945,42.164931521
"Dutch_Elm_Disease",-91.208907945,42.164931521
"Dutch_Elm_Disease",-90.958907945,42.164931521
"Dutch_Elm_Disease",-90.708907945,42.164931521
"Dutch_Elm_Disease",-90.458907945,42.164931521
"Dutch_Elm_Disease",-90.208907945,42.164931521
"Dutch_Elm_Disease",-89.958907945,42.164931521
"Dutch_Elm_Disease",-89.708907945,42.164931521
"Dutch_Elm_Disease",-89.458907945,42.164931521
"Dutch_Elm_Disease",-89.208907945,42.164931521
"Dutch_Elm_Disease",-88.958907945,42.164931521
"Dutch_Elm_Disease",-88.708907945,42.164931521
"Dutch_Elm_Disease",-88.458907945,42.164931521
"Dutch_Elm_Disease",-88.208907945,42.164931521
"Dutch_Elm_Disease",-87.958907945,42.164931521
"Dutch_Elm_Disease",-86.208907945,42.164931521
"Dutch_Elm_Disease",-85.958907945,42.164931521
"Dutch_Elm_Disease",-85.708907945,42.164931521
"Dutch_Elm_Disease",-85.458907945,42.164931521
"Dutch_Elm_Disease",-85.208907945,42.164931521
"Dutch_Elm_Disease",-84.958907945,42.164931521
"Dutch_Elm_Disease",-84.708907945,42.164931521
"Dutch_Elm_Disease",-84.458907945,42.164931521
"Dutch_Elm_Disease",-84.208907945,42.164931521
"Dutch_Elm_Disease",-83.958907945,42.164931521
"Dutch_Elm_Disease",-83.708907945,42.164931521
"Dutch_Elm_Disease",-83.458907945,42.164931521
"Dutch_Elm_Disease",-83.208907945,42.164931521
"Dutch_Elm_Disease",-79.958907945,42.164931521
"Dutch_Elm_Disease",-79.708907945,42.164931521
"Dutch_Elm_Disease",-79.458907945,42.164931521
"Dutch_Elm_Disease",-79.208907945,42.164931521
"Dutch_Elm_Disease",-78.958907945,42.164931521
"Dutch_Elm_Disease",-78.708907945,42.164931521
"Dutch_Elm_Disease",-78.458907945,42.164931521
"Dutch_Elm_Disease",-78.208907945,42.164931521
"Dutch_Elm_Disease",-77.958907945,42.164931521
"Dutch_Elm_Disease",-77.708907945,42.164931521
"Dutch_Elm_Disease",-77.458907945,42.164931521
"Dutch_Elm_Disease",-77.208907945,42.164931521
"Dutch_Elm_Disease",-76.958907945,42.164931521
"Dutch_Elm_Disease",-76.708907945,42.164931521
"Dutch_Elm_Disease",-76.458907945,42.164931521
"Dutch_Elm_Disease",-76.208907945,42.164931521
"Dutch_Elm_Disease",-75.958907945,42.164931521
"Dutch_Elm_Disease",-75.708907945,42.164931521
"Dutch_Elm_Disease",-75.458907945,42.164931521
"Dutch_Elm_Disease",-75.208907945,42.164931521
"Dutch_Elm_Disease",-74.958907945,42.164931521
"Dutch_Elm_Disease",-74.708907945,42.164931521
"Dutch_Elm_Disease",-74.458907945,42.164931521
"Dutch_Elm_Disease",-74.208907945,42.164931521
"Dutch_Elm_Disease",-73.958907945,42.164931521
"Dutch_Elm_Disease",-73.708907945,42.164931521
"Dutch_Elm_Disease",-73.458907945,42.164931521
"Dutch_Elm_Disease",-73.208907945,42.164931521
"Dutch_Elm_Disease",-72.958907945,42.164931521
"Dutch_Elm_Disease",-72.708907945,42.164931521
"Dutch_Elm_Disease",-72.458907945,42.164931521
"Dutch_Elm_Disease",-72.208907945,42.164931521
"Dutch_Elm_Disease",-71.958907945,42.164931521
"Dutch_Elm_Disease",-71.708907945,42.164931521
"Dutch_Elm_Disease",-71.458907945,42.164931521
"Dutch_Elm_Disease",-71.208907945,42.164931521
"Dutch_Elm_Disease",-70.958907945,42.164931521
"Dutch_Elm_Disease",-98.208907945,41.914931521
"Dutch_Elm_Disease",-97.958907945,41.914931521
"Dutch_Elm_Disease",-97.708907945,41.914931521
"Dutch_Elm_Disease",-97.458907945,41.914931521
"Dutch_Elm_Disease",-97.208907945,41.914931521
"Dutch_Elm_Disease",-96.958907945,41.914931521
"Dutch_Elm_Disease",-96.708907945,41.914931521
"Dutch_Elm_Disease",-96.458907945,41.914931521
"Dutch_Elm_Disease",-96.208907945,41.914931521
"Dutch_Elm_Disease",-95.958907945,41.914931521
"Dutch_Elm_Disease",-95.708907945,41.914931521
"Dutch_Elm_Disease",-95.458907945,41.914931521
"Dutch_Elm_Disease",-95.208907945,41.914931521
"Dutch_Elm_Disease",-94.958907945,41.914931521
"Dutch_Elm_Disease",-94.708907945,41.914931521
"Dutch_Elm_Disease",-94.458907945,41.914931521
"Dutch_Elm_Disease",-94.208907945,41.914931521
"Dutch_Elm_Disease",-93.958907945,41.914931521
"Dutch_Elm_Disease",-93.708907945,41.914931521
"Dutch_Elm_Disease",-93.458907945,41.914931521
"Dutch_Elm_Disease",-93.208907945,41.914931521
"Dutch_Elm_Disease",-92.958907945,41.914931521
"Dutch_Elm_Disease",-92.708907945,41.914931521
"Dutch_Elm_Disease",-92.458907945,41.914931521
"Dutch_Elm_Disease",-92.208907945,41.914931521
"Dutch_Elm_Disease",-91.958907945,41.914931521
"Dutch_Elm_Disease",-91.708907945,41.914931521
"Dutch_Elm_Disease",-91.458907945,41.914931521
"Dutch_Elm_Disease",-91.208907945,41.914931521
"Dutch_Elm_Disease",-90.958907945,41.914931521
"Dutch_Elm_Disease",-90.708907945,41.914931521
"Dutch_Elm_Disease",-90.458907945,41.914931521
"Dutch_Elm_Disease",-90.208907945,41.914931521
"Dutch_Elm_Disease",-89.958907945,41.914931521
"Dutch_Elm_Disease",-89.708907945,41.914931521
"Dutch_Elm_Disease",-89.458907945,41.914931521
"Dutch_Elm_Disease",-89.208907945,41.914931521
"Dutch_Elm_Disease",-88.958907945,41.914931521
"Dutch_Elm_Disease",-88.708907945,41.914931521
"Dutch_Elm_Disease",-88.458907945,41.914931521
"Dutch_Elm_Disease",-88.208907945,41.914931521
"Dutch_Elm_Disease",-87.958907945,41.914931521
"Dutch_Elm_Disease",-87.708907945,41.914931521
"Dutch_Elm_Disease",-86.458907945,41.914931521
"Dutch_Elm_Disease",-86.208907945,41.914931521
"Dutch_Elm_Disease",-85.958907945,41.914931521
"Dutch_Elm_Disease",-85.708907945,41.914931521
"Dutch_Elm_Disease",-85.458907945,41.914931521
"Dutch_Elm_Disease",-85.208907945,41.914931521
"Dutch_Elm_Disease",-84.958907945,41.914931521
"Dutch_Elm_Disease",-84.708907945,41.914931521
"Dutch_Elm_Disease",-84.458907945,41.914931521
"Dutch_Elm_Disease",-84.208907945,41.914931521
"Dutch_Elm_Disease",-83.958907945,41.914931521
"Dutch_Elm_Disease",-83.708907945,41.914931521
"Dutch_Elm_Disease",-83.458907945,41.914931521
"Dutch_Elm_Disease",-80.458907945,41.914931521
"Dutch_Elm_Disease",-80.208907945,41.914931521
"Dutch_Elm_Disease",-79.958907945,41.914931521
"Dutch_Elm_Disease",-79.708907945,41.914931521
"Dutch_Elm_Disease",-79.458907945,41.914931521
"Dutch_Elm_Disease",-79.208907945,41.914931521
"Dutch_Elm_Disease",-78.958907945,41.914931521
"Dutch_Elm_Disease",-76.708907945,41.914931521
"Dutch_Elm_Disease",-76.458907945,41.914931521
"Dutch_Elm_Disease",-76.208907945,41.914931521
"Dutch_Elm_Disease",-75.958907945,41.914931521
"Dutch_Elm_Disease",-75.708907945,41.914931521
"Dutch_Elm_Disease",-75.458907945,41.914931521
"Dutch_Elm_Disease",-75.208907945,41.914931521
"Dutch_Elm_Disease",-74.958907945,41.914931521
"Dutch_Elm_Disease",-74.708907945,41.914931521
"Dutch_Elm_Disease",-74.458907945,41.914931521
"Dutch_Elm_Disease",-74.208907945,41.914931521
"Dutch_Elm_Disease",-73.958907945,41.914931521
"Dutch_Elm_Disease",-73.708907945,41.914931521
"Dutch_Elm_Disease",-73.458907945,41.914931521
"Dutch_Elm_Disease",-73.208907945,41.914931521
"Dutch_Elm_Disease",-72.958907945,41.914931521
"Dutch_Elm_Disease",-72.708907945,41.914931521
"Dutch_Elm_Disease",-72.458907945,41.914931521
"Dutch_Elm_Disease",-72.208907945,41.914931521
"Dutch_Elm_Disease",-71.958907945,41.914931521
"Dutch_Elm_Disease",-71.208907945,41.914931521
"Dutch_Elm_Disease",-70.958907945,41.914931521
"Dutch_Elm_Disease",-70.708907945,41.914931521
"Dutch_Elm_Disease",-99.958907945,41.664931521
"Dutch_Elm_Disease",-99.708907945,41.664931521
"Dutch_Elm_Disease",-99.458907945,41.664931521
"Dutch_Elm_Disease",-99.208907945,41.664931521
"Dutch_Elm_Disease",-98.958907945,41.664931521
"Dutch_Elm_Disease",-98.708907945,41.664931521
"Dutch_Elm_Disease",-98.458907945,41.664931521
"Dutch_Elm_Disease",-98.208907945,41.664931521
"Dutch_Elm_Disease",-97.958907945,41.664931521
"Dutch_Elm_Disease",-97.708907945,41.664931521
"Dutch_Elm_Disease",-97.458907945,41.664931521
"Dutch_Elm_Disease",-97.208907945,41.664931521
"Dutch_Elm_Disease",-96.958907945,41.664931521
"Dutch_Elm_Disease",-96.708907945,41.664931521
"Dutch_Elm_Disease",-96.458907945,41.664931521
"Dutch_Elm_Disease",-96.208907945,41.664931521
"Dutch_Elm_Disease",-95.958907945,41.664931521
"Dutch_Elm_Disease",-95.708907945,41.664931521
"Dutch_Elm_Disease",-95.458907945,41.664931521
"Dutch_Elm_Disease",-95.208907945,41.664931521
"Dutch_Elm_Disease",-94.958907945,41.664931521
"Dutch_Elm_Disease",-94.708907945,41.664931521
"Dutch_Elm_Disease",-94.458907945,41.664931521
"Dutch_Elm_Disease",-94.208907945,41.664931521
"Dutch_Elm_Disease",-93.958907945,41.664931521
"Dutch_Elm_Disease",-93.708907945,41.664931521
"Dutch_Elm_Disease",-93.458907945,41.664931521
"Dutch_Elm_Disease",-93.208907945,41.664931521
"Dutch_Elm_Disease",-92.958907945,41.664931521
"Dutch_Elm_Disease",-92.708907945,41.664931521
"Dutch_Elm_Disease",-92.458907945,41.664931521
"Dutch_Elm_Disease",-92.208907945,41.664931521
"Dutch_Elm_Disease",-91.958907945,41.664931521
"Dutch_Elm_Disease",-91.708907945,41.664931521
"Dutch_Elm_Disease",-91.458907945,41.664931521
"Dutch_Elm_Disease",-91.208907945,41.664931521
"Dutch_Elm_Disease",-90.958907945,41.664931521
"Dutch_Elm_Disease",-90.708907945,41.664931521
"Dutch_Elm_Disease",-90.458907945,41.664931521
"Dutch_Elm_Disease",-90.208907945,41.664931521
"Dutch_Elm_Disease",-89.958907945,41.664931521
"Dutch_Elm_Disease",-89.708907945,41.664931521
"Dutch_Elm_Disease",-89.458907945,41.664931521
"Dutch_Elm_Disease",-89.208907945,41.664931521
"Dutch_Elm_Disease",-88.958907945,41.664931521
"Dutch_Elm_Disease",-88.708907945,41.664931521
"Dutch_Elm_Disease",-88.458907945,41.664931521
"Dutch_Elm_Disease",-88.208907945,41.664931521
"Dutch_Elm_Disease",-87.958907945,41.664931521
"Dutch_Elm_Disease",-87.708907945,41.664931521
"Dutch_Elm_Disease",-86.708907945,41.664931521
"Dutch_Elm_Disease",-86.458907945,41.664931521
"Dutch_Elm_Disease",-86.208907945,41.664931521
"Dutch_Elm_Disease",-85.958907945,41.664931521
"Dutch_Elm_Disease",-85.708907945,41.664931521
"Dutch_Elm_Disease",-85.458907945,41.664931521
"Dutch_Elm_Disease",-85.208907945,41.664931521
"Dutch_Elm_Disease",-84.958907945,41.664931521
"Dutch_Elm_Disease",-84.708907945,41.664931521
"Dutch_Elm_Disease",-84.458907945,41.664931521
"Dutch_Elm_Disease",-84.208907945,41.664931521
"Dutch_Elm_Disease",-83.958907945,41.664931521
"Dutch_Elm_Disease",-83.708907945,41.664931521
"Dutch_Elm_Disease",-83.458907945,41.664931521
"Dutch_Elm_Disease",-81.208907945,41.664931521
"Dutch_Elm_Disease",-80.958907945,41.664931521
"Dutch_Elm_Disease",-80.708907945,41.664931521
"Dutch_Elm_Disease",-80.458907945,41.664931521
"Dutch_Elm_Disease",-80.208907945,41.664931521
"Dutch_Elm_Disease",-79.958907945,41.664931521
"Dutch_Elm_Disease",-79.708907945,41.664931521
"Dutch_Elm_Disease",-79.458907945,41.664931521
"Dutch_Elm_Disease",-79.208907945,41.664931521
"Dutch_Elm_Disease",-78.958907945,41.664931521
"Dutch_Elm_Disease",-76.708907945,41.664931521
"Dutch_Elm_Disease",-76.458907945,41.664931521
"Dutch_Elm_Disease",-76.208907945,41.664931521
"Dutch_Elm_Disease",-75.958907945,41.664931521
"Dutch_Elm_Disease",-75.708907945,41.664931521
"Dutch_Elm_Disease",-75.458907945,41.664931521
"Dutch_Elm_Disease",-75.208907945,41.664931521
"Dutch_Elm_Disease",-74.958907945,41.664931521
"Dutch_Elm_Disease",-74.708907945,41.664931521
"Dutch_Elm_Disease",-74.458907945,41.664931521
"Dutch_Elm_Disease",-74.208907945,41.664931521
"Dutch_Elm_Disease",-73.958907945,41.664931521
"Dutch_Elm_Disease",-73.708907945,41.664931521
"Dutch_Elm_Disease",-73.458907945,41.664931521
"Dutch_Elm_Disease",-73.208907945,41.664931521
"Dutch_Elm_Disease",-72.958907945,41.664931521
"Dutch_Elm_Disease",-72.708907945,41.664931521
"Dutch_Elm_Disease",-72.458907945,41.664931521
"Dutch_Elm_Disease",-72.208907945,41.664931521
"Dutch_Elm_Disease",-71.958907945,41.664931521
"Dutch_Elm_Disease",-70.958907945,41.664931521
"Dutch_Elm_Disease",-70.458907945,41.664931521
"Dutch_Elm_Disease",-100.208907945,41.414931521
"Dutch_Elm_Disease",-99.958907945,41.414931521
"Dutch_Elm_Disease",-99.708907945,41.414931521
"Dutch_Elm_Disease",-99.458907945,41.414931521
"Dutch_Elm_Disease",-99.208907945,41.414931521
"Dutch_Elm_Disease",-98.458907945,41.414931521
"Dutch_Elm_Disease",-98.208907945,41.414931521
"Dutch_Elm_Disease",-97.958907945,41.414931521
"Dutch_Elm_Disease",-97.708907945,41.414931521
"Dutch_Elm_Disease",-97.458907945,41.414931521
"Dutch_Elm_Disease",-97.208907945,41.414931521
"Dutch_Elm_Disease",-96.958907945,41.414931521
"Dutch_Elm_Disease",-96.708907945,41.414931521
"Dutch_Elm_Disease",-96.458907945,41.414931521
"Dutch_Elm_Disease",-96.208907945,41.414931521
"Dutch_Elm_Disease",-95.958907945,41.414931521
"Dutch_Elm_Disease",-95.708907945,41.414931521
"Dutch_Elm_Disease",-95.458907945,41.414931521
"Dutch_Elm_Disease",-95.208907945,41.414931521
"Dutch_Elm_Disease",-94.958907945,41.414931521
"Dutch_Elm_Disease",-94.708907945,41.414931521
"Dutch_Elm_Disease",-94.458907945,41.414931521
"Dutch_Elm_Disease",-94.208907945,41.414931521
"Dutch_Elm_Disease",-93.958907945,41.414931521
"Dutch_Elm_Disease",-93.708907945,41.414931521
"Dutch_Elm_Disease",-93.458907945,41.414931521
"Dutch_Elm_Disease",-93.208907945,41.414931521
"Dutch_Elm_Disease",-92.958907945,41.414931521
"Dutch_Elm_Disease",-92.708907945,41.414931521
"Dutch_Elm_Disease",-92.458907945,41.414931521
"Dutch_Elm_Disease",-92.208907945,41.414931521
"Dutch_Elm_Disease",-91.958907945,41.414931521
"Dutch_Elm_Disease",-91.708907945,41.414931521
"Dutch_Elm_Disease",-91.458907945,41.414931521
"Dutch_Elm_Disease",-91.208907945,41.414931521
"Dutch_Elm_Disease",-90.958907945,41.414931521
"Dutch_Elm_Disease",-90.708907945,41.414931521
"Dutch_Elm_Disease",-90.458907945,41.414931521
"Dutch_Elm_Disease",-90.208907945,41.414931521
"Dutch_Elm_Disease",-89.958907945,41.414931521
"Dutch_Elm_Disease",-89.708907945,41.414931521
"Dutch_Elm_Disease",-89.458907945,41.414931521
"Dutch_Elm_Disease",-89.208907945,41.414931521
"Dutch_Elm_Disease",-88.958907945,41.414931521
"Dutch_Elm_Disease",-88.708907945,41.414931521
"Dutch_Elm_Disease",-88.458907945,41.414931521
"Dutch_Elm_Disease",-88.208907945,41.414931521
"Dutch_Elm_Disease",-87.958907945,41.414931521
"Dutch_Elm_Disease",-87.708907945,41.414931521
"Dutch_Elm_Disease",-87.458907945,41.414931521
"Dutch_Elm_Disease",-87.208907945,41.414931521
"Dutch_Elm_Disease",-86.958907945,41.414931521
"Dutch_Elm_Disease",-86.708907945,41.414931521
"Dutch_Elm_Disease",-86.458907945,41.414931521
"Dutch_Elm_Disease",-86.208907945,41.414931521
"Dutch_Elm_Disease",-85.958907945,41.414931521
"Dutch_Elm_Disease",-85.708907945,41.414931521
"Dutch_Elm_Disease",-85.458907945,41.414931521
"Dutch_Elm_Disease",-85.208907945,41.414931521
"Dutch_Elm_Disease",-84.958907945,41.414931521
"Dutch_Elm_Disease",-84.708907945,41.414931521
"Dutch_Elm_Disease",-84.458907945,41.414931521
"Dutch_Elm_Disease",-84.208907945,41.414931521
"Dutch_Elm_Disease",-83.958907945,41.414931521
"Dutch_Elm_Disease",-83.708907945,41.414931521
"Dutch_Elm_Disease",-83.458907945,41.414931521
"Dutch_Elm_Disease",-83.208907945,41.414931521
"Dutch_Elm_Disease",-82.958907945,41.414931521
"Dutch_Elm_Disease",-82.708907945,41.414931521
"Dutch_Elm_Disease",-82.208907945,41.414931521
"Dutch_Elm_Disease",-81.958907945,41.414931521
"Dutch_Elm_Disease",-81.708907945,41.414931521
"Dutch_Elm_Disease",-81.458907945,41.414931521
"Dutch_Elm_Disease",-81.208907945,41.414931521
"Dutch_Elm_Disease",-80.958907945,41.414931521
"Dutch_Elm_Disease",-80.708907945,41.414931521
"Dutch_Elm_Disease",-80.458907945,41.414931521
"Dutch_Elm_Disease",-80.208907945,41.414931521
"Dutch_Elm_Disease",-79.958907945,41.414931521
"Dutch_Elm_Disease",-79.708907945,41.414931521
"Dutch_Elm_Disease",-79.458907945,41.414931521
"Dutch_Elm_Disease",-77.708907945,41.414931521
"Dutch_Elm_Disease",-77.458907945,41.414931521
"Dutch_Elm_Disease",-77.208907945,41.414931521
"Dutch_Elm_Disease",-76.958907945,41.414931521
"Dutch_Elm_Disease",-76.708907945,41.414931521
"Dutch_Elm_Disease",-75.958907945,41.414931521
"Dutch_Elm_Disease",-75.708907945,41.414931521
"Dutch_Elm_Disease",-75.458907945,41.414931521
"Dutch_Elm_Disease",-74.708907945,41.414931521
"Dutch_Elm_Disease",-74.458907945,41.414931521
"Dutch_Elm_Disease",-74.208907945,41.414931521
"Dutch_Elm_Disease",-73.958907945,41.414931521
"Dutch_Elm_Disease",-73.708907945,41.414931521
"Dutch_Elm_Disease",-73.458907945,41.414931521
"Dutch_Elm_Disease",-73.208907945,41.414931521
"Dutch_Elm_Disease",-72.958907945,41.414931521
"Dutch_Elm_Disease",-72.708907945,41.414931521
"Dutch_Elm_Disease",-72.458907945,41.414931521
"Dutch_Elm_Disease",-72.208907945,41.414931521
"Dutch_Elm_Disease",-71.958907945,41.414931521
"Dutch_Elm_Disease",-99.958907945,41.164931521
"Dutch_Elm_Disease",-99.708907945,41.164931521
"Dutch_Elm_Disease",-99.458907945,41.164931521
"Dutch_Elm_Disease",-99.208907945,41.164931521
"Dutch_Elm_Disease",-98.458907945,41.164931521
"Dutch_Elm_Disease",-98.208907945,41.164931521
"Dutch_Elm_Disease",-97.958907945,41.164931521
"Dutch_Elm_Disease",-97.708907945,41.164931521
"Dutch_Elm_Disease",-97.458907945,41.164931521
"Dutch_Elm_Disease",-97.208907945,41.164931521
"Dutch_Elm_Disease",-96.958907945,41.164931521
"Dutch_Elm_Disease",-96.708907945,41.164931521
"Dutch_Elm_Disease",-96.458907945,41.164931521
"Dutch_Elm_Disease",-96.208907945,41.164931521
"Dutch_Elm_Disease",-95.958907945,41.164931521
"Dutch_Elm_Disease",-95.708907945,41.164931521
"Dutch_Elm_Disease",-95.458907945,41.164931521
"Dutch_Elm_Disease",-95.208907945,41.164931521
"Dutch_Elm_Disease",-94.958907945,41.164931521
"Dutch_Elm_Disease",-94.708907945,41.164931521
"Dutch_Elm_Disease",-94.458907945,41.164931521
"Dutch_Elm_Disease",-94.208907945,41.164931521
"Dutch_Elm_Disease",-93.958907945,41.164931521
"Dutch_Elm_Disease",-93.708907945,41.164931521
"Dutch_Elm_Disease",-93.458907945,41.164931521
"Dutch_Elm_Disease",-93.208907945,41.164931521
"Dutch_Elm_Disease",-92.958907945,41.164931521
"Dutch_Elm_Disease",-92.708907945,41.164931521
"Dutch_Elm_Disease",-92.458907945,41.164931521
"Dutch_Elm_Disease",-92.208907945,41.164931521
"Dutch_Elm_Disease",-91.958907945,41.164931521
"Dutch_Elm_Disease",-91.708907945,41.164931521
"Dutch_Elm_Disease",-91.458907945,41.164931521
"Dutch_Elm_Disease",-91.208907945,41.164931521
"Dutch_Elm_Disease",-90.958907945,41.164931521
"Dutch_Elm_Disease",-90.708907945,41.164931521
"Dutch_Elm_Disease",-90.458907945,41.164931521
"Dutch_Elm_Disease",-90.208907945,41.164931521
"Dutch_Elm_Disease",-89.958907945,41.164931521
"Dutch_Elm_Disease",-89.708907945,41.164931521
"Dutch_Elm_Disease",-89.458907945,41.164931521
"Dutch_Elm_Disease",-89.208907945,41.164931521
"Dutch_Elm_Disease",-88.958907945,41.164931521
"Dutch_Elm_Disease",-88.708907945,41.164931521
"Dutch_Elm_Disease",-88.458907945,41.164931521
"Dutch_Elm_Disease",-88.208907945,41.164931521
"Dutch_Elm_Disease",-87.958907945,41.164931521
"Dutch_Elm_Disease",-87.708907945,41.164931521
"Dutch_Elm_Disease",-87.458907945,41.164931521
"Dutch_Elm_Disease",-87.208907945,41.164931521
"Dutch_Elm_Disease",-86.958907945,41.164931521
"Dutch_Elm_Disease",-86.708907945,41.164931521
"Dutch_Elm_Disease",-86.458907945,41.164931521
"Dutch_Elm_Disease",-86.208907945,41.164931521
"Dutch_Elm_Disease",-85.958907945,41.164931521
"Dutch_Elm_Disease",-85.708907945,41.164931521
"Dutch_Elm_Disease",-85.458907945,41.164931521
"Dutch_Elm_Disease",-85.208907945,41.164931521
"Dutch_Elm_Disease",-84.958907945,41.164931521
"Dutch_Elm_Disease",-84.708907945,41.164931521
"Dutch_Elm_Disease",-84.458907945,41.164931521
"Dutch_Elm_Disease",-84.208907945,41.164931521
"Dutch_Elm_Disease",-83.958907945,41.164931521
"Dutch_Elm_Disease",-83.708907945,41.164931521
"Dutch_Elm_Disease",-83.458907945,41.164931521
"Dutch_Elm_Disease",-83.208907945,41.164931521
"Dutch_Elm_Disease",-82.958907945,41.164931521
"Dutch_Elm_Disease",-82.708907945,41.164931521
"Dutch_Elm_Disease",-82.458907945,41.164931521
"Dutch_Elm_Disease",-82.208907945,41.164931521
"Dutch_Elm_Disease",-81.958907945,41.164931521
"Dutch_Elm_Disease",-81.708907945,41.164931521
"Dutch_Elm_Disease",-81.458907945,41.164931521
"Dutch_Elm_Disease",-81.208907945,41.164931521
"Dutch_Elm_Disease",-80.958907945,41.164931521
"Dutch_Elm_Disease",-80.708907945,41.164931521
"Dutch_Elm_Disease",-80.458907945,41.164931521
"Dutch_Elm_Disease",-80.208907945,41.164931521
"Dutch_Elm_Disease",-79.958907945,41.164931521
"Dutch_Elm_Disease",-79.708907945,41.164931521
"Dutch_Elm_Disease",-77.958907945,41.164931521
"Dutch_Elm_Disease",-77.708907945,41.164931521
"Dutch_Elm_Disease",-77.458907945,41.164931521
"Dutch_Elm_Disease",-77.208907945,41.164931521
"Dutch_Elm_Disease",-76.958907945,41.164931521
"Dutch_Elm_Disease",-76.708907945,41.164931521
"Dutch_Elm_Disease",-76.458907945,41.164931521
"Dutch_Elm_Disease",-76.208907945,41.164931521
"Dutch_Elm_Disease",-75.958907945,41.164931521
"Dutch_Elm_Disease",-75.708907945,41.164931521
"Dutch_Elm_Disease",-75.458907945,41.164931521
"Dutch_Elm_Disease",-75.208907945,41.164931521
"Dutch_Elm_Disease",-74.708907945,41.164931521
"Dutch_Elm_Disease",-74.458907945,41.164931521
"Dutch_Elm_Disease",-74.208907945,41.164931521
"Dutch_Elm_Disease",-73.958907945,41.164931521
"Dutch_Elm_Disease",-73.708907945,41.164931521
"Dutch_Elm_Disease",-73.458907945,41.164931521
"Dutch_Elm_Disease",-99.958907945,40.914931521
"Dutch_Elm_Disease",-99.708907945,40.914931521
"Dutch_Elm_Disease",-99.458907945,40.914931521
"Dutch_Elm_Disease",-99.208907945,40.914931521
"Dutch_Elm_Disease",-98.958907945,40.914931521
"Dutch_Elm_Disease",-98.708907945,40.914931521
"Dutch_Elm_Disease",-98.458907945,40.914931521
"Dutch_Elm_Disease",-98.208907945,40.914931521
"Dutch_Elm_Disease",-97.958907945,40.914931521
"Dutch_Elm_Disease",-97.208907945,40.914931521
"Dutch_Elm_Disease",-96.958907945,40.914931521
"Dutch_Elm_Disease",-96.708907945,40.914931521
"Dutch_Elm_Disease",-96.458907945,40.914931521
"Dutch_Elm_Disease",-96.208907945,40.914931521
"Dutch_Elm_Disease",-95.958907945,40.914931521
"Dutch_Elm_Disease",-95.708907945,40.914931521
"Dutch_Elm_Disease",-95.458907945,40.914931521
"Dutch_Elm_Disease",-95.208907945,40.914931521
"Dutch_Elm_Disease",-94.958907945,40.914931521
"Dutch_Elm_Disease",-94.708907945,40.914931521
"Dutch_Elm_Disease",-94.458907945,40.914931521
"Dutch_Elm_Disease",-94.208907945,40.914931521
"Dutch_Elm_Disease",-93.958907945,40.914931521
"Dutch_Elm_Disease",-93.708907945,40.914931521
"Dutch_Elm_Disease",-93.458907945,40.914931521
"Dutch_Elm_Disease",-93.208907945,40.914931521
"Dutch_Elm_Disease",-92.958907945,40.914931521
"Dutch_Elm_Disease",-92.708907945,40.914931521
"Dutch_Elm_Disease",-92.458907945,40.914931521
"Dutch_Elm_Disease",-92.208907945,40.914931521
"Dutch_Elm_Disease",-91.958907945,40.914931521
"Dutch_Elm_Disease",-91.708907945,40.914931521
"Dutch_Elm_Disease",-91.458907945,40.914931521
"Dutch_Elm_Disease",-91.208907945,40.914931521
"Dutch_Elm_Disease",-90.958907945,40.914931521
"Dutch_Elm_Disease",-90.708907945,40.914931521
"Dutch_Elm_Disease",-90.458907945,40.914931521
"Dutch_Elm_Disease",-90.208907945,40.914931521
"Dutch_Elm_Disease",-89.958907945,40.914931521
"Dutch_Elm_Disease",-89.708907945,40.914931521
"Dutch_Elm_Disease",-89.458907945,40.914931521
"Dutch_Elm_Disease",-89.208907945,40.914931521
"Dutch_Elm_Disease",-88.958907945,40.914931521
"Dutch_Elm_Disease",-88.708907945,40.914931521
"Dutch_Elm_Disease",-88.458907945,40.914931521
"Dutch_Elm_Disease",-88.208907945,40.914931521
"Dutch_Elm_Disease",-87.958907945,40.914931521
"Dutch_Elm_Disease",-87.708907945,40.914931521
"Dutch_Elm_Disease",-87.458907945,40.914931521
"Dutch_Elm_Disease",-87.208907945,40.914931521
"Dutch_Elm_Disease",-86.958907945,40.914931521
"Dutch_Elm_Disease",-86.708907945,40.914931521
"Dutch_Elm_Disease",-86.458907945,40.914931521
"Dutch_Elm_Disease",-86.208907945,40.914931521
"Dutch_Elm_Disease",-85.958907945,40.914931521
"Dutch_Elm_Disease",-85.708907945,40.914931521
"Dutch_Elm_Disease",-85.458907945,40.914931521
"Dutch_Elm_Disease",-85.208907945,40.914931521
"Dutch_Elm_Disease",-84.958907945,40.914931521
"Dutch_Elm_Disease",-84.708907945,40.914931521
"Dutch_Elm_Disease",-84.458907945,40.914931521
"Dutch_Elm_Disease",-84.208907945,40.914931521
"Dutch_Elm_Disease",-83.958907945,40.914931521
"Dutch_Elm_Disease",-83.708907945,40.914931521
"Dutch_Elm_Disease",-83.458907945,40.914931521
"Dutch_Elm_Disease",-83.208907945,40.914931521
"Dutch_Elm_Disease",-82.958907945,40.914931521
"Dutch_Elm_Disease",-82.708907945,40.914931521
"Dutch_Elm_Disease",-82.458907945,40.914931521
"Dutch_Elm_Disease",-82.208907945,40.914931521
"Dutch_Elm_Disease",-81.958907945,40.914931521
"Dutch_Elm_Disease",-81.708907945,40.914931521
"Dutch_Elm_Disease",-81.458907945,40.914931521
"Dutch_Elm_Disease",-81.208907945,40.914931521
"Dutch_Elm_Disease",-80.958907945,40.914931521
"Dutch_Elm_Disease",-80.708907945,40.914931521
"Dutch_Elm_Disease",-80.458907945,40.914931521
"Dutch_Elm_Disease",-80.208907945,40.914931521
"Dutch_Elm_Disease",-79.958907945,40.914931521
"Dutch_Elm_Disease",-79.708907945,40.914931521
"Dutch_Elm_Disease",-79.458907945,40.914931521
"Dutch_Elm_Disease",-79.208907945,40.914931521
"Dutch_Elm_Disease",-77.958907945,40.914931521
"Dutch_Elm_Disease",-77.708907945,40.914931521
"Dutch_Elm_Disease",-77.458907945,40.914931521
"Dutch_Elm_Disease",-77.208907945,40.914931521
"Dutch_Elm_Disease",-76.958907945,40.914931521
"Dutch_Elm_Disease",-76.708907945,40.914931521
"Dutch_Elm_Disease",-76.458907945,40.914931521
"Dutch_Elm_Disease",-76.208907945,40.914931521
"Dutch_Elm_Disease",-75.958907945,40.914931521
"Dutch_Elm_Disease",-75.708907945,40.914931521
"Dutch_Elm_Disease",-75.458907945,40.914931521
"Dutch_Elm_Disease",-75.208907945,40.914931521
"Dutch_Elm_Disease",-74.958907945,40.914931521
"Dutch_Elm_Disease",-74.708907945,40.914931521
"Dutch_Elm_Disease",-74.458907945,40.914931521
"Dutch_Elm_Disease",-74.208907945,40.914931521
"Dutch_Elm_Disease",-100.708907945,40.664931521
"Dutch_Elm_Disease",-100.458907945,40.664931521
"Dutch_Elm_Disease",-100.208907945,40.664931521
"Dutch_Elm_Disease",-99.958907945,40.664931521
"Dutch_Elm_Disease",-99.708907945,40.664931521
"Dutch_Elm_Disease",-99.458907945,40.664931521
"Dutch_Elm_Disease",-99.208907945,40.664931521
"Dutch_Elm_Disease",-98.958907945,40.664931521
"Dutch_Elm_Disease",-98.708907945,40.664931521
"Dutch_Elm_Disease",-98.458907945,40.664931521
"Dutch_Elm_Disease",-98.208907945,40.664931521
"Dutch_Elm_Disease",-97.958907945,40.664931521
"Dutch_Elm_Disease",-97.708907945,40.664931521
"Dutch_Elm_Disease",-97.458907945,40.664931521
"Dutch_Elm_Disease",-97.208907945,40.664931521
"Dutch_Elm_Disease",-96.958907945,40.664931521
"Dutch_Elm_Disease",-96.708907945,40.664931521
"Dutch_Elm_Disease",-96.458907945,40.664931521
"Dutch_Elm_Disease",-96.208907945,40.664931521
"Dutch_Elm_Disease",-95.958907945,40.664931521
"Dutch_Elm_Disease",-95.708907945,40.664931521
"Dutch_Elm_Disease",-95.458907945,40.664931521
"Dutch_Elm_Disease",-95.208907945,40.664931521
"Dutch_Elm_Disease",-94.958907945,40.664931521
"Dutch_Elm_Disease",-94.708907945,40.664931521
"Dutch_Elm_Disease",-94.458907945,40.664931521
"Dutch_Elm_Disease",-94.208907945,40.664931521
"Dutch_Elm_Disease",-93.958907945,40.664931521
"Dutch_Elm_Disease",-93.708907945,40.664931521
"Dutch_Elm_Disease",-93.458907945,40.664931521
"Dutch_Elm_Disease",-93.208907945,40.664931521
"Dutch_Elm_Disease",-92.958907945,40.664931521
"Dutch_Elm_Disease",-92.708907945,40.664931521
"Dutch_Elm_Disease",-92.458907945,40.664931521
"Dutch_Elm_Disease",-92.208907945,40.664931521
"Dutch_Elm_Disease",-91.958907945,40.664931521
"Dutch_Elm_Disease",-91.708907945,40.664931521
"Dutch_Elm_Disease",-91.458907945,40.664931521
"Dutch_Elm_Disease",-91.208907945,40.664931521
"Dutch_Elm_Disease",-90.958907945,40.664931521
"Dutch_Elm_Disease",-90.708907945,40.664931521
"Dutch_Elm_Disease",-90.458907945,40.664931521
"Dutch_Elm_Disease",-90.208907945,40.664931521
"Dutch_Elm_Disease",-89.958907945,40.664931521
"Dutch_Elm_Disease",-89.708907945,40.664931521
"Dutch_Elm_Disease",-89.458907945,40.664931521
"Dutch_Elm_Disease",-89.208907945,40.664931521
"Dutch_Elm_Disease",-88.958907945,40.664931521
"Dutch_Elm_Disease",-88.708907945,40.664931521
"Dutch_Elm_Disease",-88.458907945,40.664931521
"Dutch_Elm_Disease",-88.208907945,40.664931521
"Dutch_Elm_Disease",-87.958907945,40.664931521
"Dutch_Elm_Disease",-87.708907945,40.664931521
"Dutch_Elm_Disease",-87.458907945,40.664931521
"Dutch_Elm_Disease",-87.208907945,40.664931521
"Dutch_Elm_Disease",-86.958907945,40.664931521
"Dutch_Elm_Disease",-86.708907945,40.664931521
"Dutch_Elm_Disease",-86.458907945,40.664931521
"Dutch_Elm_Disease",-86.208907945,40.664931521
"Dutch_Elm_Disease",-85.958907945,40.664931521
"Dutch_Elm_Disease",-85.708907945,40.664931521
"Dutch_Elm_Disease",-85.458907945,40.664931521
"Dutch_Elm_Disease",-85.208907945,40.664931521
"Dutch_Elm_Disease",-84.958907945,40.664931521
"Dutch_Elm_Disease",-84.708907945,40.664931521
"Dutch_Elm_Disease",-84.458907945,40.664931521
"Dutch_Elm_Disease",-84.208907945,40.664931521
"Dutch_Elm_Disease",-83.958907945,40.664931521
"Dutch_Elm_Disease",-83.708907945,40.664931521
"Dutch_Elm_Disease",-83.458907945,40.664931521
"Dutch_Elm_Disease",-83.208907945,40.664931521
"Dutch_Elm_Disease",-82.958907945,40.664931521
"Dutch_Elm_Disease",-82.708907945,40.664931521
"Dutch_Elm_Disease",-82.458907945,40.664931521
"Dutch_Elm_Disease",-82.208907945,40.664931521
"Dutch_Elm_Disease",-81.958907945,40.664931521
"Dutch_Elm_Disease",-81.708907945,40.664931521
"Dutch_Elm_Disease",-81.458907945,40.664931521
"Dutch_Elm_Disease",-81.208907945,40.664931521
"Dutch_Elm_Disease",-80.958907945,40.664931521
"Dutch_Elm_Disease",-80.708907945,40.664931521
"Dutch_Elm_Disease",-80.458907945,40.664931521
"Dutch_Elm_Disease",-80.208907945,40.664931521
"Dutch_Elm_Disease",-79.708907945,40.664931521
"Dutch_Elm_Disease",-79.458907945,40.664931521
"Dutch_Elm_Disease",-78.458907945,40.664931521
"Dutch_Elm_Disease",-78.208907945,40.664931521
"Dutch_Elm_Disease",-77.958907945,40.664931521
"Dutch_Elm_Disease",-77.708907945,40.664931521
"Dutch_Elm_Disease",-76.958907945,40.664931521
"Dutch_Elm_Disease",-76.708907945,40.664931521
"Dutch_Elm_Disease",-76.458907945,40.664931521
"Dutch_Elm_Disease",-76.208907945,40.664931521
"Dutch_Elm_Disease",-75.958907945,40.664931521
"Dutch_Elm_Disease",-75.708907945,40.664931521
"Dutch_Elm_Disease",-75.458907945,40.664931521
"Dutch_Elm_Disease",-75.208907945,40.664931521
"Dutch_Elm_Disease",-74.958907945,40.664931521
"Dutch_Elm_Disease",-74.708907945,40.664931521
"Dutch_Elm_Disease",-100.708907945,40.414931521
"Dutch_Elm_Disease",-100.458907945,40.414931521
"Dutch_Elm_Disease",-100.208907945,40.414931521
"Dutch_Elm_Disease",-99.958907945,40.414931521
"Dutch_Elm_Disease",-99.708907945,40.414931521
"Dutch_Elm_Disease",-99.458907945,40.414931521
"Dutch_Elm_Disease",-99.208907945,40.414931521
"Dutch_Elm_Disease",-98.958907945,40.414931521
"Dutch_Elm_Disease",-98.708907945,40.414931521
"Dutch_Elm_Disease",-98.458907945,40.414931521
"Dutch_Elm_Disease",-98.208907945,40.414931521
"Dutch_Elm_Disease",-97.958907945,40.414931521
"Dutch_Elm_Disease",-97.708907945,40.414931521
"Dutch_Elm_Disease",-97.458907945,40.414931521
"Dutch_Elm_Disease",-97.208907945,40.414931521
"Dutch_Elm_Disease",-96.958907945,40.414931521
"Dutch_Elm_Disease",-96.708907945,40.414931521
"Dutch_Elm_Disease",-96.458907945,40.414931521
"Dutch_Elm_Disease",-96.208907945,40.414931521
"Dutch_Elm_Disease",-95.958907945,40.414931521
"Dutch_Elm_Disease",-95.708907945,40.414931521
"Dutch_Elm_Disease",-94.458907945,40.414931521
"Dutch_Elm_Disease",-91.458907945,40.414931521
"Dutch_Elm_Disease",-91.208907945,40.414931521
"Dutch_Elm_Disease",-90.958907945,40.414931521
"Dutch_Elm_Disease",-90.708907945,40.414931521
"Dutch_Elm_Disease",-90.458907945,40.414931521
"Dutch_Elm_Disease",-90.208907945,40.414931521
"Dutch_Elm_Disease",-89.958907945,40.414931521
"Dutch_Elm_Disease",-89.708907945,40.414931521
"Dutch_Elm_Disease",-89.458907945,40.414931521
"Dutch_Elm_Disease",-89.208907945,40.414931521
"Dutch_Elm_Disease",-88.958907945,40.414931521
"Dutch_Elm_Disease",-88.708907945,40.414931521
"Dutch_Elm_Disease",-88.458907945,40.414931521
"Dutch_Elm_Disease",-88.208907945,40.414931521
"Dutch_Elm_Disease",-87.958907945,40.414931521
"Dutch_Elm_Disease",-87.708907945,40.414931521
"Dutch_Elm_Disease",-87.458907945,40.414931521
"Dutch_Elm_Disease",-87.208907945,40.414931521
"Dutch_Elm_Disease",-86.958907945,40.414931521
"Dutch_Elm_Disease",-86.708907945,40.414931521
"Dutch_Elm_Disease",-86.458907945,40.414931521
"Dutch_Elm_Disease",-86.208907945,40.414931521
"Dutch_Elm_Disease",-85.958907945,40.414931521
"Dutch_Elm_Disease",-85.708907945,40.414931521
"Dutch_Elm_Disease",-85.458907945,40.414931521
"Dutch_Elm_Disease",-85.208907945,40.414931521
"Dutch_Elm_Disease",-84.958907945,40.414931521
"Dutch_Elm_Disease",-84.708907945,40.414931521
"Dutch_Elm_Disease",-84.458907945,40.414931521
"Dutch_Elm_Disease",-84.208907945,40.414931521
"Dutch_Elm_Disease",-83.958907945,40.414931521
"Dutch_Elm_Disease",-83.708907945,40.414931521
"Dutch_Elm_Disease",-83.458907945,40.414931521
"Dutch_Elm_Disease",-83.208907945,40.414931521
"Dutch_Elm_Disease",-82.958907945,40.414931521
"Dutch_Elm_Disease",-82.708907945,40.414931521
"Dutch_Elm_Disease",-82.458907945,40.414931521
"Dutch_Elm_Disease",-82.208907945,40.414931521
"Dutch_Elm_Disease",-81.958907945,40.414931521
"Dutch_Elm_Disease",-81.708907945,40.414931521
"Dutch_Elm_Disease",-81.458907945,40.414931521
"Dutch_Elm_Disease",-81.208907945,40.414931521
"Dutch_Elm_Disease",-80.958907945,40.414931521
"Dutch_Elm_Disease",-80.708907945,40.414931521
"Dutch_Elm_Disease",-80.208907945,40.414931521
"Dutch_Elm_Disease",-79.958907945,40.414931521
"Dutch_Elm_Disease",-79.708907945,40.414931521
"Dutch_Elm_Disease",-79.458907945,40.414931521
"Dutch_Elm_Disease",-79.208907945,40.414931521
"Dutch_Elm_Disease",-78.708907945,40.414931521
"Dutch_Elm_Disease",-78.458907945,40.414931521
"Dutch_Elm_Disease",-78.208907945,40.414931521
"Dutch_Elm_Disease",-77.958907945,40.414931521
"Dutch_Elm_Disease",-77.208907945,40.414931521
"Dutch_Elm_Disease",-76.958907945,40.414931521
"Dutch_Elm_Disease",-76.708907945,40.414931521
"Dutch_Elm_Disease",-76.458907945,40.414931521
"Dutch_Elm_Disease",-76.208907945,40.414931521
"Dutch_Elm_Disease",-75.958907945,40.414931521
"Dutch_Elm_Disease",-75.708907945,40.414931521
"Dutch_Elm_Disease",-75.458907945,40.414931521
"Dutch_Elm_Disease",-75.208907945,40.414931521
"Dutch_Elm_Disease",-74.958907945,40.414931521
"Dutch_Elm_Disease",-74.708907945,40.414931521
"Dutch_Elm_Disease",-74.458907945,40.414931521
"Dutch_Elm_Disease",-74.208907945,40.414931521
"Dutch_Elm_Disease",-101.208907945,40.164931521
"Dutch_Elm_Disease",-100.958907945,40.164931521
"Dutch_Elm_Disease",-100.708907945,40.164931521
"Dutch_Elm_Disease",-100.458907945,40.164931521
"Dutch_Elm_Disease",-100.208907945,40.164931521
"Dutch_Elm_Disease",-99.958907945,40.164931521
"Dutch_Elm_Disease",-99.708907945,40.164931521
"Dutch_Elm_Disease",-99.458907945,40.164931521
"Dutch_Elm_Disease",-99.208907945,40.164931521
"Dutch_Elm_Disease",-98.958907945,40.164931521
"Dutch_Elm_Disease",-98.708907945,40.164931521
"Dutch_Elm_Disease",-98.458907945,40.164931521
"Dutch_Elm_Disease",-98.208907945,40.164931521
"Dutch_Elm_Disease",-97.958907945,40.164931521
"Dutch_Elm_Disease",-97.708907945,40.164931521
"Dutch_Elm_Disease",-97.458907945,40.164931521
"Dutch_Elm_Disease",-97.208907945,40.164931521
"Dutch_Elm_Disease",-96.958907945,40.164931521
"Dutch_Elm_Disease",-96.708907945,40.164931521
"Dutch_Elm_Disease",-96.458907945,40.164931521
"Dutch_Elm_Disease",-96.208907945,40.164931521
"Dutch_Elm_Disease",-95.958907945,40.164931521
"Dutch_Elm_Disease",-95.708907945,40.164931521
"Dutch_Elm_Disease",-92.708907945,40.164931521
"Dutch_Elm_Disease",-92.458907945,40.164931521
"Dutch_Elm_Disease",-92.208907945,40.164931521
"Dutch_Elm_Disease",-91.958907945,40.164931521
"Dutch_Elm_Disease",-91.458907945,40.164931521
"Dutch_Elm_Disease",-91.208907945,40.164931521
"Dutch_Elm_Disease",-90.958907945,40.164931521
"Dutch_Elm_Disease",-90.708907945,40.164931521
"Dutch_Elm_Disease",-90.458907945,40.164931521
"Dutch_Elm_Disease",-90.208907945,40.164931521
"Dutch_Elm_Disease",-89.958907945,40.164931521
"Dutch_Elm_Disease",-89.708907945,40.164931521
"Dutch_Elm_Disease",-89.458907945,40.164931521
"Dutch_Elm_Disease",-89.208907945,40.164931521
"Dutch_Elm_Disease",-88.958907945,40.164931521
"Dutch_Elm_Disease",-88.708907945,40.164931521
"Dutch_Elm_Disease",-88.458907945,40.164931521
"Dutch_Elm_Disease",-88.208907945,40.164931521
"Dutch_Elm_Disease",-87.958907945,40.164931521
"Dutch_Elm_Disease",-87.708907945,40.164931521
"Dutch_Elm_Disease",-87.458907945,40.164931521
"Dutch_Elm_Disease",-87.208907945,40.164931521
"Dutch_Elm_Disease",-86.958907945,40.164931521
"Dutch_Elm_Disease",-86.708907945,40.164931521
"Dutch_Elm_Disease",-86.458907945,40.164931521
"Dutch_Elm_Disease",-86.208907945,40.164931521
"Dutch_Elm_Disease",-85.958907945,40.164931521
"Dutch_Elm_Disease",-85.708907945,40.164931521
"Dutch_Elm_Disease",-85.458907945,40.164931521
"Dutch_Elm_Disease",-85.208907945,40.164931521
"Dutch_Elm_Disease",-84.958907945,40.164931521
"Dutch_Elm_Disease",-84.708907945,40.164931521
"Dutch_Elm_Disease",-84.458907945,40.164931521
"Dutch_Elm_Disease",-84.208907945,40.164931521
"Dutch_Elm_Disease",-83.958907945,40.164931521
"Dutch_Elm_Disease",-83.708907945,40.164931521
"Dutch_Elm_Disease",-83.458907945,40.164931521
"Dutch_Elm_Disease",-83.208907945,40.164931521
"Dutch_Elm_Disease",-82.958907945,40.164931521
"Dutch_Elm_Disease",-82.458907945,40.164931521
"Dutch_Elm_Disease",-82.208907945,40.164931521
"Dutch_Elm_Disease",-81.958907945,40.164931521
"Dutch_Elm_Disease",-81.708907945,40.164931521
"Dutch_Elm_Disease",-81.458907945,40.164931521
"Dutch_Elm_Disease",-81.208907945,40.164931521
"Dutch_Elm_Disease",-80.958907945,40.164931521
"Dutch_Elm_Disease",-80.708907945,40.164931521
"Dutch_Elm_Disease",-80.208907945,40.164931521
"Dutch_Elm_Disease",-79.958907945,40.164931521
"Dutch_Elm_Disease",-79.708907945,40.164931521
"Dutch_Elm_Disease",-79.458907945,40.164931521
"Dutch_Elm_Disease",-79.208907945,40.164931521
"Dutch_Elm_Disease",-78.458907945,40.164931521
"Dutch_Elm_Disease",-78.208907945,40.164931521
"Dutch_Elm_Disease",-77.958907945,40.164931521
"Dutch_Elm_Disease",-77.708907945,40.164931521
"Dutch_Elm_Disease",-77.458907945,40.164931521
"Dutch_Elm_Disease",-77.208907945,40.164931521
"Dutch_Elm_Disease",-76.958907945,40.164931521
"Dutch_Elm_Disease",-76.708907945,40.164931521
"Dutch_Elm_Disease",-76.458907945,40.164931521
"Dutch_Elm_Disease",-76.208907945,40.164931521
"Dutch_Elm_Disease",-75.958907945,40.164931521
"Dutch_Elm_Disease",-75.708907945,40.164931521
"Dutch_Elm_Disease",-75.458907945,40.164931521
"Dutch_Elm_Disease",-75.208907945,40.164931521
"Dutch_Elm_Disease",-74.958907945,40.164931521
"Dutch_Elm_Disease",-74.708907945,40.164931521
"Dutch_Elm_Disease",-74.458907945,40.164931521
"Dutch_Elm_Disease",-74.208907945,40.164931521
"Dutch_Elm_Disease",-100.708907945,39.914931521
"Dutch_Elm_Disease",-100.458907945,39.914931521
"Dutch_Elm_Disease",-100.208907945,39.914931521
"Dutch_Elm_Disease",-99.958907945,39.914931521
"Dutch_Elm_Disease",-99.708907945,39.914931521
"Dutch_Elm_Disease",-99.458907945,39.914931521
"Dutch_Elm_Disease",-99.208907945,39.914931521
"Dutch_Elm_Disease",-98.458907945,39.914931521
"Dutch_Elm_Disease",-98.208907945,39.914931521
"Dutch_Elm_Disease",-97.958907945,39.914931521
"Dutch_Elm_Disease",-97.708907945,39.914931521
"Dutch_Elm_Disease",-97.458907945,39.914931521
"Dutch_Elm_Disease",-97.208907945,39.914931521
"Dutch_Elm_Disease",-96.958907945,39.914931521
"Dutch_Elm_Disease",-96.708907945,39.914931521
"Dutch_Elm_Disease",-96.458907945,39.914931521
"Dutch_Elm_Disease",-96.208907945,39.914931521
"Dutch_Elm_Disease",-95.958907945,39.914931521
"Dutch_Elm_Disease",-95.708907945,39.914931521
"Dutch_Elm_Disease",-95.458907945,39.914931521
"Dutch_Elm_Disease",-93.208907945,39.914931521
"Dutch_Elm_Disease",-92.958907945,39.914931521
"Dutch_Elm_Disease",-92.708907945,39.914931521
"Dutch_Elm_Disease",-92.458907945,39.914931521
"Dutch_Elm_Disease",-91.208907945,39.914931521
"Dutch_Elm_Disease",-90.958907945,39.914931521
"Dutch_Elm_Disease",-90.708907945,39.914931521
"Dutch_Elm_Disease",-90.458907945,39.914931521
"Dutch_Elm_Disease",-90.208907945,39.914931521
"Dutch_Elm_Disease",-89.958907945,39.914931521
"Dutch_Elm_Disease",-89.708907945,39.914931521
"Dutch_Elm_Disease",-89.458907945,39.914931521
"Dutch_Elm_Disease",-89.208907945,39.914931521
"Dutch_Elm_Disease",-88.958907945,39.914931521
"Dutch_Elm_Disease",-88.708907945,39.914931521
"Dutch_Elm_Disease",-88.458907945,39.914931521
"Dutch_Elm_Disease",-88.208907945,39.914931521
"Dutch_Elm_Disease",-87.958907945,39.914931521
"Dutch_Elm_Disease",-87.708907945,39.914931521
"Dutch_Elm_Disease",-87.208907945,39.914931521
"Dutch_Elm_Disease",-86.958907945,39.914931521
"Dutch_Elm_Disease",-86.708907945,39.914931521
"Dutch_Elm_Disease",-86.458907945,39.914931521
"Dutch_Elm_Disease",-86.208907945,39.914931521
"Dutch_Elm_Disease",-85.958907945,39.914931521
"Dutch_Elm_Disease",-85.708907945,39.914931521
"Dutch_Elm_Disease",-85.458907945,39.914931521
"Dutch_Elm_Disease",-85.208907945,39.914931521
"Dutch_Elm_Disease",-84.958907945,39.914931521
"Dutch_Elm_Disease",-84.708907945,39.914931521
"Dutch_Elm_Disease",-84.458907945,39.914931521
"Dutch_Elm_Disease",-84.208907945,39.914931521
"Dutch_Elm_Disease",-83.958907945,39.914931521
"Dutch_Elm_Disease",-83.708907945,39.914931521
"Dutch_Elm_Disease",-83.458907945,39.914931521
"Dutch_Elm_Disease",-83.208907945,39.914931521
"Dutch_Elm_Disease",-82.958907945,39.914931521
"Dutch_Elm_Disease",-82.708907945,39.914931521
"Dutch_Elm_Disease",-82.458907945,39.914931521
"Dutch_Elm_Disease",-82.208907945,39.914931521
"Dutch_Elm_Disease",-81.958907945,39.914931521
"Dutch_Elm_Disease",-81.708907945,39.914931521
"Dutch_Elm_Disease",-81.458907945,39.914931521
"Dutch_Elm_Disease",-81.208907945,39.914931521
"Dutch_Elm_Disease",-80.958907945,39.914931521
"Dutch_Elm_Disease",-79.708907945,39.914931521
"Dutch_Elm_Disease",-79.458907945,39.914931521
"Dutch_Elm_Disease",-78.458907945,39.914931521
"Dutch_Elm_Disease",-77.708907945,39.914931521
"Dutch_Elm_Disease",-77.458907945,39.914931521
"Dutch_Elm_Disease",-77.208907945,39.914931521
"Dutch_Elm_Disease",-76.958907945,39.914931521
"Dutch_Elm_Disease",-76.708907945,39.914931521
"Dutch_Elm_Disease",-76.458907945,39.914931521
"Dutch_Elm_Disease",-76.208907945,39.914931521
"Dutch_Elm_Disease",-75.958907945,39.914931521
"Dutch_Elm_Disease",-75.708907945,39.914931521
"Dutch_Elm_Disease",-75.458907945,39.914931521
"Dutch_Elm_Disease",-74.958907945,39.914931521
"Dutch_Elm_Disease",-74.708907945,39.914931521
"Dutch_Elm_Disease",-74.458907945,39.914931521
"Dutch_Elm_Disease",-74.208907945,39.914931521
"Dutch_Elm_Disease",-100.458907945,39.664931521
"Dutch_Elm_Disease",-100.208907945,39.664931521
"Dutch_Elm_Disease",-99.958907945,39.664931521
"Dutch_Elm_Disease",-99.708907945,39.664931521
"Dutch_Elm_Disease",-99.458907945,39.664931521
"Dutch_Elm_Disease",-99.208907945,39.664931521
"Dutch_Elm_Disease",-98.458907945,39.664931521
"Dutch_Elm_Disease",-98.208907945,39.664931521
"Dutch_Elm_Disease",-97.958907945,39.664931521
"Dutch_Elm_Disease",-97.458907945,39.664931521
"Dutch_Elm_Disease",-97.208907945,39.664931521
"Dutch_Elm_Disease",-96.958907945,39.664931521
"Dutch_Elm_Disease",-96.708907945,39.664931521
"Dutch_Elm_Disease",-96.458907945,39.664931521
"Dutch_Elm_Disease",-96.208907945,39.664931521
"Dutch_Elm_Disease",-95.958907945,39.664931521
"Dutch_Elm_Disease",-95.708907945,39.664931521
"Dutch_Elm_Disease",-95.458907945,39.664931521
"Dutch_Elm_Disease",-95.208907945,39.664931521
"Dutch_Elm_Disease",-94.958907945,39.664931521
"Dutch_Elm_Disease",-94.708907945,39.664931521
"Dutch_Elm_Disease",-93.208907945,39.664931521
"Dutch_Elm_Disease",-92.958907945,39.664931521
"Dutch_Elm_Disease",-92.708907945,39.664931521
"Dutch_Elm_Disease",-92.458907945,39.664931521
"Dutch_Elm_Disease",-91.208907945,39.664931521
"Dutch_Elm_Disease",-90.958907945,39.664931521
"Dutch_Elm_Disease",-90.708907945,39.664931521
"Dutch_Elm_Disease",-90.458907945,39.664931521
"Dutch_Elm_Disease",-90.208907945,39.664931521
"Dutch_Elm_Disease",-89.958907945,39.664931521
"Dutch_Elm_Disease",-89.708907945,39.664931521
"Dutch_Elm_Disease",-89.458907945,39.664931521
"Dutch_Elm_Disease",-89.208907945,39.664931521
"Dutch_Elm_Disease",-88.958907945,39.664931521
"Dutch_Elm_Disease",-88.708907945,39.664931521
"Dutch_Elm_Disease",-88.458907945,39.664931521
"Dutch_Elm_Disease",-88.208907945,39.664931521
"Dutch_Elm_Disease",-87.958907945,39.664931521
"Dutch_Elm_Disease",-87.708907945,39.664931521
"Dutch_Elm_Disease",-87.458907945,39.664931521
"Dutch_Elm_Disease",-87.208907945,39.664931521
"Dutch_Elm_Disease",-86.958907945,39.664931521
"Dutch_Elm_Disease",-86.708907945,39.664931521
"Dutch_Elm_Disease",-86.458907945,39.664931521
"Dutch_Elm_Disease",-86.208907945,39.664931521
"Dutch_Elm_Disease",-85.958907945,39.664931521
"Dutch_Elm_Disease",-85.708907945,39.664931521
"Dutch_Elm_Disease",-85.458907945,39.664931521
"Dutch_Elm_Disease",-85.208907945,39.664931521
"Dutch_Elm_Disease",-84.958907945,39.664931521
"Dutch_Elm_Disease",-84.708907945,39.664931521
"Dutch_Elm_Disease",-84.458907945,39.664931521
"Dutch_Elm_Disease",-84.208907945,39.664931521
"Dutch_Elm_Disease",-83.958907945,39.664931521
"Dutch_Elm_Disease",-83.708907945,39.664931521
"Dutch_Elm_Disease",-83.458907945,39.664931521
"Dutch_Elm_Disease",-83.208907945,39.664931521
"Dutch_Elm_Disease",-82.958907945,39.664931521
"Dutch_Elm_Disease",-82.708907945,39.664931521
"Dutch_Elm_Disease",-82.458907945,39.664931521
"Dutch_Elm_Disease",-82.208907945,39.664931521
"Dutch_Elm_Disease",-81.958907945,39.664931521
"Dutch_Elm_Disease",-81.708907945,39.664931521
"Dutch_Elm_Disease",-81.458907945,39.664931521
"Dutch_Elm_Disease",-81.208907945,39.664931521
"Dutch_Elm_Disease",-80.958907945,39.664931521
"Dutch_Elm_Disease",-79.208907945,39.664931521
"Dutch_Elm_Disease",-78.958907945,39.664931521
"Dutch_Elm_Disease",-78.708907945,39.664931521
"Dutch_Elm_Disease",-78.458907945,39.664931521
"Dutch_Elm_Disease",-77.958907945,39.664931521
"Dutch_Elm_Disease",-77.708907945,39.664931521
"Dutch_Elm_Disease",-77.458907945,39.664931521
"Dutch_Elm_Disease",-76.708907945,39.664931521
"Dutch_Elm_Disease",-76.458907945,39.664931521
"Dutch_Elm_Disease",-76.208907945,39.664931521
"Dutch_Elm_Disease",-75.958907945,39.664931521
"Dutch_Elm_Disease",-75.708907945,39.664931521
"Dutch_Elm_Disease",-75.458907945,39.664931521
"Dutch_Elm_Disease",-75.208907945,39.664931521
"Dutch_Elm_Disease",-74.708907945,39.664931521
"Dutch_Elm_Disease",-74.458907945,39.664931521
"Dutch_Elm_Disease",-74.208907945,39.664931521
"Dutch_Elm_Disease",-100.708907945,39.414931521
"Dutch_Elm_Disease",-100.458907945,39.414931521
"Dutch_Elm_Disease",-100.208907945,39.414931521
"Dutch_Elm_Disease",-99.958907945,39.414931521
"Dutch_Elm_Disease",-99.708907945,39.414931521
"Dutch_Elm_Disease",-99.458907945,39.414931521
"Dutch_Elm_Disease",-99.208907945,39.414931521
"Dutch_Elm_Disease",-98.458907945,39.414931521
"Dutch_Elm_Disease",-98.208907945,39.414931521
"Dutch_Elm_Disease",-97.958907945,39.414931521
"Dutch_Elm_Disease",-97.708907945,39.414931521
"Dutch_Elm_Disease",-97.458907945,39.414931521
"Dutch_Elm_Disease",-97.208907945,39.414931521
"Dutch_Elm_Disease",-96.958907945,39.414931521
"Dutch_Elm_Disease",-96.708907945,39.414931521
"Dutch_Elm_Disease",-96.458907945,39.414931521
"Dutch_Elm_Disease",-96.208907945,39.414931521
"Dutch_Elm_Disease",-95.958907945,39.414931521
"Dutch_Elm_Disease",-95.708907945,39.414931521
"Dutch_Elm_Disease",-95.458907945,39.414931521
"Dutch_Elm_Disease",-95.208907945,39.414931521
"Dutch_Elm_Disease",-92.958907945,39.414931521
"Dutch_Elm_Disease",-90.958907945,39.414931521
"Dutch_Elm_Disease",-90.708907945,39.414931521
"Dutch_Elm_Disease",-90.458907945,39.414931521
"Dutch_Elm_Disease",-90.208907945,39.414931521
"Dutch_Elm_Disease",-89.958907945,39.414931521
"Dutch_Elm_Disease",-89.708907945,39.414931521
"Dutch_Elm_Disease",-89.458907945,39.414931521
"Dutch_Elm_Disease",-89.208907945,39.414931521
"Dutch_Elm_Disease",-88.958907945,39.414931521
"Dutch_Elm_Disease",-88.708907945,39.414931521
"Dutch_Elm_Disease",-88.458907945,39.414931521
"Dutch_Elm_Disease",-88.208907945,39.414931521
"Dutch_Elm_Disease",-87.958907945,39.414931521
"Dutch_Elm_Disease",-87.708907945,39.414931521
"Dutch_Elm_Disease",-87.458907945,39.414931521
"Dutch_Elm_Disease",-87.208907945,39.414931521
"Dutch_Elm_Disease",-86.958907945,39.414931521
"Dutch_Elm_Disease",-86.708907945,39.414931521
"Dutch_Elm_Disease",-86.458907945,39.414931521
"Dutch_Elm_Disease",-86.208907945,39.414931521
"Dutch_Elm_Disease",-85.958907945,39.414931521
"Dutch_Elm_Disease",-85.708907945,39.414931521
"Dutch_Elm_Disease",-85.458907945,39.414931521
"Dutch_Elm_Disease",-85.208907945,39.414931521
"Dutch_Elm_Disease",-84.958907945,39.414931521
"Dutch_Elm_Disease",-84.708907945,39.414931521
"Dutch_Elm_Disease",-84.458907945,39.414931521
"Dutch_Elm_Disease",-84.208907945,39.414931521
"Dutch_Elm_Disease",-83.958907945,39.414931521
"Dutch_Elm_Disease",-83.708907945,39.414931521
"Dutch_Elm_Disease",-83.458907945,39.414931521
"Dutch_Elm_Disease",-83.208907945,39.414931521
"Dutch_Elm_Disease",-82.958907945,39.414931521
"Dutch_Elm_Disease",-82.708907945,39.414931521
"Dutch_Elm_Disease",-82.458907945,39.414931521
"Dutch_Elm_Disease",-81.958907945,39.414931521
"Dutch_Elm_Disease",-81.708907945,39.414931521
"Dutch_Elm_Disease",-81.458907945,39.414931521
"Dutch_Elm_Disease",-81.208907945,39.414931521
"Dutch_Elm_Disease",-79.208907945,39.414931521
"Dutch_Elm_Disease",-78.958907945,39.414931521
"Dutch_Elm_Disease",-78.708907945,39.414931521
"Dutch_Elm_Disease",-78.458907945,39.414931521
"Dutch_Elm_Disease",-77.708907945,39.414931521
"Dutch_Elm_Disease",-77.458907945,39.414931521
"Dutch_Elm_Disease",-77.208907945,39.414931521
"Dutch_Elm_Disease",-76.708907945,39.414931521
"Dutch_Elm_Disease",-76.458907945,39.414931521
"Dutch_Elm_Disease",-76.208907945,39.414931521
"Dutch_Elm_Disease",-75.708907945,39.414931521
"Dutch_Elm_Disease",-75.208907945,39.414931521
"Dutch_Elm_Disease",-74.958907945,39.414931521
"Dutch_Elm_Disease",-74.708907945,39.414931521
"Dutch_Elm_Disease",-74.458907945,39.414931521
"Dutch_Elm_Disease",-100.458907945,39.164931521
"Dutch_Elm_Disease",-100.208907945,39.164931521
"Dutch_Elm_Disease",-99.958907945,39.164931521
"Dutch_Elm_Disease",-99.708907945,39.164931521
"Dutch_Elm_Disease",-99.458907945,39.164931521
"Dutch_Elm_Disease",-99.208907945,39.164931521
"Dutch_Elm_Disease",-98.458907945,39.164931521
"Dutch_Elm_Disease",-98.208907945,39.164931521
"Dutch_Elm_Disease",-97.958907945,39.164931521
"Dutch_Elm_Disease",-97.708907945,39.164931521
"Dutch_Elm_Disease",-97.458907945,39.164931521
"Dutch_Elm_Disease",-97.208907945,39.164931521
"Dutch_Elm_Disease",-96.958907945,39.164931521
"Dutch_Elm_Disease",-96.708907945,39.164931521
"Dutch_Elm_Disease",-96.458907945,39.164931521
"Dutch_Elm_Disease",-96.208907945,39.164931521
"Dutch_Elm_Disease",-95.958907945,39.164931521
"Dutch_Elm_Disease",-95.708907945,39.164931521
"Dutch_Elm_Disease",-95.458907945,39.164931521
"Dutch_Elm_Disease",-95.208907945,39.164931521
"Dutch_Elm_Disease",-94.958907945,39.164931521
"Dutch_Elm_Disease",-94.208907945,39.164931521
"Dutch_Elm_Disease",-93.708907945,39.164931521
"Dutch_Elm_Disease",-93.458907945,39.164931521
"Dutch_Elm_Disease",-93.208907945,39.164931521
"Dutch_Elm_Disease",-92.958907945,39.164931521
"Dutch_Elm_Disease",-92.708907945,39.164931521
"Dutch_Elm_Disease",-92.458907945,39.164931521
"Dutch_Elm_Disease",-92.208907945,39.164931521
"Dutch_Elm_Disease",-91.958907945,39.164931521
"Dutch_Elm_Disease",-91.708907945,39.164931521
"Dutch_Elm_Disease",-91.458907945,39.164931521
"Dutch_Elm_Disease",-90.458907945,39.164931521
"Dutch_Elm_Disease",-90.208907945,39.164931521
"Dutch_Elm_Disease",-89.958907945,39.164931521
"Dutch_Elm_Disease",-89.708907945,39.164931521
"Dutch_Elm_Disease",-89.458907945,39.164931521
"Dutch_Elm_Disease",-89.208907945,39.164931521
"Dutch_Elm_Disease",-88.958907945,39.164931521
"Dutch_Elm_Disease",-88.708907945,39.164931521
"Dutch_Elm_Disease",-88.458907945,39.164931521
"Dutch_Elm_Disease",-88.208907945,39.164931521
"Dutch_Elm_Disease",-87.958907945,39.164931521
"Dutch_Elm_Disease",-87.708907945,39.164931521
"Dutch_Elm_Disease",-87.458907945,39.164931521
"Dutch_Elm_Disease",-87.208907945,39.164931521
"Dutch_Elm_Disease",-86.958907945,39.164931521
"Dutch_Elm_Disease",-86.708907945,39.164931521
"Dutch_Elm_Disease",-86.458907945,39.164931521
"Dutch_Elm_Disease",-86.208907945,39.164931521
"Dutch_Elm_Disease",-85.958907945,39.164931521
"Dutch_Elm_Disease",-85.708907945,39.164931521
"Dutch_Elm_Disease",-85.458907945,39.164931521
"Dutch_Elm_Disease",-85.208907945,39.164931521
"Dutch_Elm_Disease",-84.958907945,39.164931521
"Dutch_Elm_Disease",-84.708907945,39.164931521
"Dutch_Elm_Disease",-84.458907945,39.164931521
"Dutch_Elm_Disease",-84.208907945,39.164931521
"Dutch_Elm_Disease",-83.958907945,39.164931521
"Dutch_Elm_Disease",-83.708907945,39.164931521
"Dutch_Elm_Disease",-83.458907945,39.164931521
"Dutch_Elm_Disease",-83.208907945,39.164931521
"Dutch_Elm_Disease",-82.958907945,39.164931521
"Dutch_Elm_Disease",-82.708907945,39.164931521
"Dutch_Elm_Disease",-82.458907945,39.164931521
"Dutch_Elm_Disease",-82.208907945,39.164931521
"Dutch_Elm_Disease",-81.958907945,39.164931521
"Dutch_Elm_Disease",-78.708907945,39.164931521
"Dutch_Elm_Disease",-78.458907945,39.164931521
"Dutch_Elm_Disease",-77.958907945,39.164931521
"Dutch_Elm_Disease",-77.708907945,39.164931521
"Dutch_Elm_Disease",-77.458907945,39.164931521
"Dutch_Elm_Disease",-77.208907945,39.164931521
"Dutch_Elm_Disease",-76.958907945,39.164931521
"Dutch_Elm_Disease",-75.708907945,39.164931521
"Dutch_Elm_Disease",-75.458907945,39.164931521
"Dutch_Elm_Disease",-98.208907945,38.914931521
"Dutch_Elm_Disease",-97.958907945,38.914931521
"Dutch_Elm_Disease",-97.708907945,38.914931521
"Dutch_Elm_Disease",-97.458907945,38.914931521
"Dutch_Elm_Disease",-97.208907945,38.914931521
"Dutch_Elm_Disease",-96.958907945,38.914931521
"Dutch_Elm_Disease",-96.708907945,38.914931521
"Dutch_Elm_Disease",-96.458907945,38.914931521
"Dutch_Elm_Disease",-96.208907945,38.914931521
"Dutch_Elm_Disease",-95.958907945,38.914931521
"Dutch_Elm_Disease",-95.708907945,38.914931521
"Dutch_Elm_Disease",-95.458907945,38.914931521
"Dutch_Elm_Disease",-95.208907945,38.914931521
"Dutch_Elm_Disease",-94.958907945,38.914931521
"Dutch_Elm_Disease",-94.708907945,38.914931521
"Dutch_Elm_Disease",-94.458907945,38.914931521
"Dutch_Elm_Disease",-94.208907945,38.914931521
"Dutch_Elm_Disease",-93.958907945,38.914931521
"Dutch_Elm_Disease",-93.708907945,38.914931521
"Dutch_Elm_Disease",-92.958907945,38.914931521
"Dutch_Elm_Disease",-92.708907945,38.914931521
"Dutch_Elm_Disease",-92.458907945,38.914931521
"Dutch_Elm_Disease",-92.208907945,38.914931521
"Dutch_Elm_Disease",-91.958907945,38.914931521
"Dutch_Elm_Disease",-91.708907945,38.914931521
"Dutch_Elm_Disease",-91.458907945,38.914931521
"Dutch_Elm_Disease",-90.458907945,38.914931521
"Dutch_Elm_Disease",-90.208907945,38.914931521
"Dutch_Elm_Disease",-89.958907945,38.914931521
"Dutch_Elm_Disease",-89.708907945,38.914931521
"Dutch_Elm_Disease",-89.458907945,38.914931521
"Dutch_Elm_Disease",-89.208907945,38.914931521
"Dutch_Elm_Disease",-88.958907945,38.914931521
"Dutch_Elm_Disease",-88.708907945,38.914931521
"Dutch_Elm_Disease",-88.458907945,38.914931521
"Dutch_Elm_Disease",-88.208907945,38.914931521
"Dutch_Elm_Disease",-87.958907945,38.914931521
"Dutch_Elm_Disease",-87.708907945,38.914931521
"Dutch_Elm_Disease",-87.458907945,38.914931521
"Dutch_Elm_Disease",-87.208907945,38.914931521
"Dutch_Elm_Disease",-86.958907945,38.914931521
"Dutch_Elm_Disease",-86.708907945,38.914931521
"Dutch_Elm_Disease",-86.458907945,38.914931521
"Dutch_Elm_Disease",-86.208907945,38.914931521
"Dutch_Elm_Disease",-85.958907945,38.914931521
"Dutch_Elm_Disease",-85.708907945,38.914931521
"Dutch_Elm_Disease",-85.458907945,38.914931521
"Dutch_Elm_Disease",-85.208907945,38.914931521
"Dutch_Elm_Disease",-84.958907945,38.914931521
"Dutch_Elm_Disease",-83.958907945,38.914931521
"Dutch_Elm_Disease",-83.708907945,38.914931521
"Dutch_Elm_Disease",-83.458907945,38.914931521
"Dutch_Elm_Disease",-83.208907945,38.914931521
"Dutch_Elm_Disease",-82.958907945,38.914931521
"Dutch_Elm_Disease",-82.708907945,38.914931521
"Dutch_Elm_Disease",-82.458907945,38.914931521
"Dutch_Elm_Disease",-82.208907945,38.914931521
"Dutch_Elm_Disease",-77.958907945,38.914931521
"Dutch_Elm_Disease",-77.708907945,38.914931521
"Dutch_Elm_Disease",-77.458907945,38.914931521
"Dutch_Elm_Disease",-77.208907945,38.914931521
"Dutch_Elm_Disease",-76.708907945,38.914931521
"Dutch_Elm_Disease",-75.708907945,38.914931521
"Dutch_Elm_Disease",-75.458907945,38.914931521
"Dutch_Elm_Disease",-98.958907945,38.664931521
"Dutch_Elm_Disease",-98.708907945,38.664931521
"Dutch_Elm_Disease",-98.458907945,38.664931521
"Dutch_Elm_Disease",-98.208907945,38.664931521
"Dutch_Elm_Disease",-97.958907945,38.664931521
"Dutch_Elm_Disease",-97.708907945,38.664931521
"Dutch_Elm_Disease",-97.458907945,38.664931521
"Dutch_Elm_Disease",-97.208907945,38.664931521
"Dutch_Elm_Disease",-96.958907945,38.664931521
"Dutch_Elm_Disease",-96.708907945,38.664931521
"Dutch_Elm_Disease",-96.458907945,38.664931521
"Dutch_Elm_Disease",-96.208907945,38.664931521
"Dutch_Elm_Disease",-95.958907945,38.664931521
"Dutch_Elm_Disease",-95.708907945,38.664931521
"Dutch_Elm_Disease",-95.458907945,38.664931521
"Dutch_Elm_Disease",-95.208907945,38.664931521
"Dutch_Elm_Disease",-94.958907945,38.664931521
"Dutch_Elm_Disease",-94.708907945,38.664931521
"Dutch_Elm_Disease",-93.958907945,38.664931521
"Dutch_Elm_Disease",-93.708907945,38.664931521
"Dutch_Elm_Disease",-92.958907945,38.664931521
"Dutch_Elm_Disease",-92.708907945,38.664931521
"Dutch_Elm_Disease",-92.458907945,38.664931521
"Dutch_Elm_Disease",-92.208907945,38.664931521
"Dutch_Elm_Disease",-91.958907945,38.664931521
"Dutch_Elm_Disease",-91.708907945,38.664931521
"Dutch_Elm_Disease",-90.708907945,38.664931521
"Dutch_Elm_Disease",-90.458907945,38.664931521
"Dutch_Elm_Disease",-89.958907945,38.664931521
"Dutch_Elm_Disease",-89.708907945,38.664931521
"Dutch_Elm_Disease",-89.458907945,38.664931521
"Dutch_Elm_Disease",-89.208907945,38.664931521
"Dutch_Elm_Disease",-88.958907945,38.664931521
"Dutch_Elm_Disease",-88.708907945,38.664931521
"Dutch_Elm_Disease",-88.458907945,38.664931521
"Dutch_Elm_Disease",-88.208907945,38.664931521
"Dutch_Elm_Disease",-87.958907945,38.664931521
"Dutch_Elm_Disease",-87.708907945,38.664931521
"Dutch_Elm_Disease",-87.458907945,38.664931521
"Dutch_Elm_Disease",-87.208907945,38.664931521
"Dutch_Elm_Disease",-86.958907945,38.664931521
"Dutch_Elm_Disease",-86.708907945,38.664931521
"Dutch_Elm_Disease",-86.458907945,38.664931521
"Dutch_Elm_Disease",-86.208907945,38.664931521
"Dutch_Elm_Disease",-85.958907945,38.664931521
"Dutch_Elm_Disease",-85.708907945,38.664931521
"Dutch_Elm_Disease",-85.458907945,38.664931521
"Dutch_Elm_Disease",-83.208907945,38.664931521
"Dutch_Elm_Disease",-82.708907945,38.664931521
"Dutch_Elm_Disease",-82.458907945,38.664931521
"Dutch_Elm_Disease",-82.208907945,38.664931521
"Dutch_Elm_Disease",-77.708907945,38.664931521
"Dutch_Elm_Disease",-77.458907945,38.664931521
"Dutch_Elm_Disease",-76.708907945,38.664931521
"Dutch_Elm_Disease",-75.708907945,38.664931521
"Dutch_Elm_Disease",-75.458907945,38.664931521
"Dutch_Elm_Disease",-75.208907945,38.664931521
"Dutch_Elm_Disease",-98.958907945,38.414931521
"Dutch_Elm_Disease",-98.708907945,38.414931521
"Dutch_Elm_Disease",-97.708907945,38.414931521
"Dutch_Elm_Disease",-97.458907945,38.414931521
"Dutch_Elm_Disease",-97.208907945,38.414931521
"Dutch_Elm_Disease",-96.958907945,38.414931521
"Dutch_Elm_Disease",-96.208907945,38.414931521
"Dutch_Elm_Disease",-95.958907945,38.414931521
"Dutch_Elm_Disease",-95.708907945,38.414931521
"Dutch_Elm_Disease",-95.458907945,38.414931521
"Dutch_Elm_Disease",-95.208907945,38.414931521
"Dutch_Elm_Disease",-94.958907945,38.414931521
"Dutch_Elm_Disease",-94.708907945,38.414931521
"Dutch_Elm_Disease",-94.458907945,38.414931521
"Dutch_Elm_Disease",-94.208907945,38.414931521
"Dutch_Elm_Disease",-93.958907945,38.414931521
"Dutch_Elm_Disease",-93.708907945,38.414931521
"Dutch_Elm_Disease",-93.458907945,38.414931521
"Dutch_Elm_Disease",-93.208907945,38.414931521
"Dutch_Elm_Disease",-92.958907945,38.414931521
"Dutch_Elm_Disease",-92.708907945,38.414931521
"Dutch_Elm_Disease",-92.458907945,38.414931521
"Dutch_Elm_Disease",-92.208907945,38.414931521
"Dutch_Elm_Disease",-91.958907945,38.414931521
"Dutch_Elm_Disease",-91.708907945,38.414931521
"Dutch_Elm_Disease",-91.208907945,38.414931521
"Dutch_Elm_Disease",-90.958907945,38.414931521
"Dutch_Elm_Disease",-90.208907945,38.414931521
"Dutch_Elm_Disease",-89.958907945,38.414931521
"Dutch_Elm_Disease",-89.708907945,38.414931521
"Dutch_Elm_Disease",-89.458907945,38.414931521
"Dutch_Elm_Disease",-89.208907945,38.414931521
"Dutch_Elm_Disease",-88.958907945,38.414931521
"Dutch_Elm_Disease",-88.708907945,38.414931521
"Dutch_Elm_Disease",-88.458907945,38.414931521
"Dutch_Elm_Disease",-88.208907945,38.414931521
"Dutch_Elm_Disease",-87.958907945,38.414931521
"Dutch_Elm_Disease",-87.708907945,38.414931521
"Dutch_Elm_Disease",-87.458907945,38.414931521
"Dutch_Elm_Disease",-87.208907945,38.414931521
"Dutch_Elm_Disease",-86.958907945,38.414931521
"Dutch_Elm_Disease",-86.708907945,38.414931521
"Dutch_Elm_Disease",-86.458907945,38.414931521
"Dutch_Elm_Disease",-86.208907945,38.414931521
"Dutch_Elm_Disease",-85.958907945,38.414931521
"Dutch_Elm_Disease",-85.708907945,38.414931521
"Dutch_Elm_Disease",-97.458907945,38.164931521
"Dutch_Elm_Disease",-97.208907945,38.164931521
"Dutch_Elm_Disease",-96.958907945,38.164931521
"Dutch_Elm_Disease",-96.208907945,38.164931521
"Dutch_Elm_Disease",-95.958907945,38.164931521
"Dutch_Elm_Disease",-95.708907945,38.164931521
"Dutch_Elm_Disease",-95.458907945,38.164931521
"Dutch_Elm_Disease",-95.208907945,38.164931521
"Dutch_Elm_Disease",-94.958907945,38.164931521
"Dutch_Elm_Disease",-94.708907945,38.164931521
"Dutch_Elm_Disease",-94.458907945,38.164931521
"Dutch_Elm_Disease",-94.208907945,38.164931521
"Dutch_Elm_Disease",-93.458907945,38.164931521
"Dutch_Elm_Disease",-93.208907945,38.164931521
"Dutch_Elm_Disease",-92.458907945,38.164931521
"Dutch_Elm_Disease",-92.208907945,38.164931521
"Dutch_Elm_Disease",-91.958907945,38.164931521
"Dutch_Elm_Disease",-91.708907945,38.164931521
"Dutch_Elm_Disease",-91.208907945,38.164931521
"Dutch_Elm_Disease",-90.208907945,38.164931521
"Dutch_Elm_Disease",-89.958907945,38.164931521
"Dutch_Elm_Disease",-89.708907945,38.164931521
"Dutch_Elm_Disease",-89.458907945,38.164931521
"Dutch_Elm_Disease",-89.208907945,38.164931521
"Dutch_Elm_Disease",-88.958907945,38.164931521
"Dutch_Elm_Disease",-88.708907945,38.164931521
"Dutch_Elm_Disease",-88.458907945,38.164931521
"Dutch_Elm_Disease",-88.208907945,38.164931521
"Dutch_Elm_Disease",-87.958907945,38.164931521
"Dutch_Elm_Disease",-87.708907945,38.164931521
"Dutch_Elm_Disease",-87.458907945,38.164931521
"Dutch_Elm_Disease",-87.208907945,38.164931521
"Dutch_Elm_Disease",-86.958907945,38.164931521
"Dutch_Elm_Disease",-86.708907945,38.164931521
"Dutch_Elm_Disease",-86.458907945,38.164931521
"Dutch_Elm_Disease",-86.208907945,38.164931521
"Dutch_Elm_Disease",-85.958907945,38.164931521
"Dutch_Elm_Disease",-85.708907945,38.164931521
"Dutch_Elm_Disease",-85.458907945,38.164931521
"Dutch_Elm_Disease",-97.458907945,37.914931521
"Dutch_Elm_Disease",-97.208907945,37.914931521
"Dutch_Elm_Disease",-96.958907945,37.914931521
"Dutch_Elm_Disease",-96.708907945,37.914931521
"Dutch_Elm_Disease",-96.458907945,37.914931521
"Dutch_Elm_Disease",-96.208907945,37.914931521
"Dutch_Elm_Disease",-95.958907945,37.914931521
"Dutch_Elm_Disease",-95.708907945,37.914931521
"Dutch_Elm_Disease",-95.458907945,37.914931521
"Dutch_Elm_Disease",-95.208907945,37.914931521
"Dutch_Elm_Disease",-94.958907945,37.914931521
"Dutch_Elm_Disease",-94.708907945,37.914931521
"Dutch_Elm_Disease",-94.458907945,37.914931521
"Dutch_Elm_Disease",-94.208907945,37.914931521
"Dutch_Elm_Disease",-93.458907945,37.914931521
"Dutch_Elm_Disease",-93.208907945,37.914931521
"Dutch_Elm_Disease",-91.958907945,37.914931521
"Dutch_Elm_Disease",-91.708907945,37.914931521
"Dutch_Elm_Disease",-91.458907945,37.914931521
"Dutch_Elm_Disease",-91.208907945,37.914931521
"Dutch_Elm_Disease",-89.708907945,37.914931521
"Dutch_Elm_Disease",-89.458907945,37.914931521
"Dutch_Elm_Disease",-89.208907945,37.914931521
"Dutch_Elm_Disease",-88.958907945,37.914931521
"Dutch_Elm_Disease",-88.708907945,37.914931521
"Dutch_Elm_Disease",-88.458907945,37.914931521
"Dutch_Elm_Disease",-88.208907945,37.914931521
"Dutch_Elm_Disease",-87.958907945,37.914931521
"Dutch_Elm_Disease",-87.208907945,37.914931521
"Dutch_Elm_Disease",-97.708907945,37.664931521
"Dutch_Elm_Disease",-97.458907945,37.664931521
"Dutch_Elm_Disease",-97.208907945,37.664931521
"Dutch_Elm_Disease",-96.958907945,37.664931521
"Dutch_Elm_Disease",-96.708907945,37.664931521
"Dutch_Elm_Disease",-96.458907945,37.664931521
"Dutch_Elm_Disease",-96.208907945,37.664931521
"Dutch_Elm_Disease",-95.958907945,37.664931521
"Dutch_Elm_Disease",-95.708907945,37.664931521
"Dutch_Elm_Disease",-95.458907945,37.664931521
"Dutch_Elm_Disease",-95.208907945,37.664931521
"Dutch_Elm_Disease",-94.958907945,37.664931521
"Dutch_Elm_Disease",-94.708907945,37.664931521
"Dutch_Elm_Disease",-94.458907945,37.664931521
"Dutch_Elm_Disease",-94.208907945,37.664931521
"Dutch_Elm_Disease",-92.958907945,37.664931521
"Dutch_Elm_Disease",-92.708907945,37.664931521
"Dutch_Elm_Disease",-92.458907945,37.664931521
"Dutch_Elm_Disease",-91.958907945,37.664931521
"Dutch_Elm_Disease",-91.708907945,37.664931521
"Dutch_Elm_Disease",-91.458907945,37.664931521
"Dutch_Elm_Disease",-91.208907945,37.664931521
"Dutch_Elm_Disease",-90.958907945,37.664931521
"Dutch_Elm_Disease",-90.708907945,37.664931521
"Dutch_Elm_Disease",-89.458907945,37.664931521
"Dutch_Elm_Disease",-89.208907945,37.664931521
"Dutch_Elm_Disease",-88.958907945,37.664931521
"Dutch_Elm_Disease",-88.708907945,37.664931521
"Dutch_Elm_Disease",-88.458907945,37.664931521
"Dutch_Elm_Disease",-88.208907945,37.664931521
"Dutch_Elm_Disease",-97.708907945,37.414931521
"Dutch_Elm_Disease",-97.458907945,37.414931521
"Dutch_Elm_Disease",-97.208907945,37.414931521
"Dutch_Elm_Disease",-96.958907945,37.414931521
"Dutch_Elm_Disease",-96.708907945,37.414931521
"Dutch_Elm_Disease",-96.458907945,37.414931521
"Dutch_Elm_Disease",-96.208907945,37.414931521
"Dutch_Elm_Disease",-95.958907945,37.414931521
"Dutch_Elm_Disease",-95.708907945,37.414931521
"Dutch_Elm_Disease",-95.458907945,37.414931521
"Dutch_Elm_Disease",-95.208907945,37.414931521
"Dutch_Elm_Disease",-94.958907945,37.414931521
"Dutch_Elm_Disease",-94.708907945,37.414931521
"Dutch_Elm_Disease",-94.458907945,37.414931521
"Dutch_Elm_Disease",-94.208907945,37.414931521
"Dutch_Elm_Disease",-93.958907945,37.414931521
"Dutch_Elm_Disease",-93.708907945,37.414931521
"Dutch_Elm_Disease",-93.458907945,37.414931521
"Dutch_Elm_Disease",-92.958907945,37.414931521
"Dutch_Elm_Disease",-92.708907945,37.414931521
"Dutch_Elm_Disease",-92.458907945,37.414931521
"Dutch_Elm_Disease",-92.208907945,37.414931521
"Dutch_Elm_Disease",-91.958907945,37.414931521
"Dutch_Elm_Disease",-91.708907945,37.414931521
"Dutch_Elm_Disease",-91.458907945,37.414931521
"Dutch_Elm_Disease",-90.708907945,37.414931521
"Dutch_Elm_Disease",-89.708907945,37.414931521
"Dutch_Elm_Disease",-89.458907945,37.414931521
"Dutch_Elm_Disease",-89.208907945,37.414931521
"Dutch_Elm_Disease",-88.958907945,37.414931521
"Dutch_Elm_Disease",-88.708907945,37.414931521
"Dutch_Elm_Disease",-88.458907945,37.414931521
"Dutch_Elm_Disease",-97.708907945,37.164931521
"Dutch_Elm_Disease",-97.458907945,37.164931521
"Dutch_Elm_Disease",-97.208907945,37.164931521
"Dutch_Elm_Disease",-96.958907945,37.164931521
"Dutch_Elm_Disease",-96.708907945,37.164931521
"Dutch_Elm_Disease",-95.708907945,37.164931521
"Dutch_Elm_Disease",-95.458907945,37.164931521
"Dutch_Elm_Disease",-95.208907945,37.164931521
"Dutch_Elm_Disease",-94.958907945,37.164931521
"Dutch_Elm_Disease",-94.708907945,37.164931521
"Dutch_Elm_Disease",-94.458907945,37.164931521
"Dutch_Elm_Disease",-94.208907945,37.164931521
"Dutch_Elm_Disease",-93.458907945,37.164931521
"Dutch_Elm_Disease",-93.208907945,37.164931521
"Dutch_Elm_Disease",-92.958907945,37.164931521
"Dutch_Elm_Disease",-92.708907945,37.164931521
"Dutch_Elm_Disease",-92.458907945,37.164931521
"Dutch_Elm_Disease",-92.208907945,37.164931521
"Dutch_Elm_Disease",-91.958907945,37.164931521
"Dutch_Elm_Disease",-91.708907945,37.164931521
"Dutch_Elm_Disease",-89.708907945,37.164931521
"Dutch_Elm_Disease",-89.458907945,37.164931521
"Dutch_Elm_Disease",-89.208907945,37.164931521
"Dutch_Elm_Disease",-88.708907945,37.164931521
"Dutch_Elm_Disease",-97.208907945,36.914931521
"Dutch_Elm_Disease",-96.958907945,36.914931521
"Dutch_Elm_Disease",-96.708907945,36.914931521
"Dutch_Elm_Disease",-96.458907945,36.914931521
"Dutch_Elm_Disease",-96.208907945,36.914931521
"Dutch_Elm_Disease",-95.958907945,36.914931521
"Dutch_Elm_Disease",-95.708907945,36.914931521
"Dutch_Elm_Disease",-95.458907945,36.914931521
"Dutch_Elm_Disease",-95.208907945,36.914931521
"Dutch_Elm_Disease",-94.958907945,36.914931521
"Dutch_Elm_Disease",-94.708907945,36.914931521
"Dutch_Elm_Disease",-94.458907945,36.914931521
"Dutch_Elm_Disease",-94.208907945,36.914931521
"Dutch_Elm_Disease",-91.958907945,36.914931521
"Dutch_Elm_Disease",-91.708907945,36.914931521
"Dutch_Elm_Disease",-90.208907945,36.914931521
"Dutch_Elm_Disease",-89.958907945,36.914931521
"Dutch_Elm_Disease",-89.708907945,36.914931521
"Dutch_Elm_Disease",-97.208907945,36.664931521
"Dutch_Elm_Disease",-96.708907945,36.664931521
"Dutch_Elm_Disease",-96.458907945,36.664931521
"Dutch_Elm_Disease",-96.208907945,36.664931521
"Dutch_Elm_Disease",-95.958907945,36.664931521
"Dutch_Elm_Disease",-95.708907945,36.664931521
"Dutch_Elm_Disease",-95.458907945,36.664931521
"Dutch_Elm_Disease",-95.208907945,36.664931521
"Dutch_Elm_Disease",-93.958907945,36.664931521
"Dutch_Elm_Disease",-93.708907945,36.664931521
"Dutch_Elm_Disease",-91.958907945,36.664931521
"Dutch_Elm_Disease",-91.708907945,36.664931521
"Dutch_Elm_Disease",-89.958907945,36.664931521
"Dutch_Elm_Disease",-89.708907945,36.664931521
"Dutch_Elm_Disease",-89.458907945,36.664931521
"Dutch_Elm_Disease",-96.458907945,36.414931521
"Dutch_Elm_Disease",-96.208907945,36.414931521
"Dutch_Elm_Disease",-95.958907945,36.414931521
"Dutch_Elm_Disease",-95.208907945,36.414931521
"Dutch_Elm_Disease",-94.458907945,36.414931521
"Dutch_Elm_Disease",-94.208907945,36.414931521
"Dutch_Elm_Disease",-93.958907945,36.414931521
"Dutch_Elm_Disease",-93.708907945,36.414931521
"Dutch_Elm_Disease",-93.458907945,36.414931521
"Dutch_Elm_Disease",-93.208907945,36.414931521
"Dutch_Elm_Disease",-92.958907945,36.414931521
"Dutch_Elm_Disease",-92.708907945,36.414931521
"Dutch_Elm_Disease",-92.458907945,36.414931521
"Dutch_Elm_Disease",-92.208907945,36.414931521
"Dutch_Elm_Disease",-91.958907945,36.414931521
"Dutch_Elm_Disease",-91.708907945,36.414931521
"Dutch_Elm_Disease",-91.458907945,36.414931521
"Dutch_Elm_Disease",-91.208907945,36.414931521
"Dutch_Elm_Disease",-90.958907945,36.414931521
"Dutch_Elm_Disease",-90.708907945,36.414931521
"Dutch_Elm_Disease",-90.458907945,36.414931521
"Dutch_Elm_Disease",-90.208907945,36.414931521
"Dutch_Elm_Disease",-89.708907945,36.414931521
"Dutch_Elm_Disease",-95.208907945,36.164931521
"Dutch_Elm_Disease",-94.458907945,36.164931521
"Dutch_Elm_Disease",-94.208907945,36.164931521
"Dutch_Elm_Disease",-93.958907945,36.164931521
"Dutch_Elm_Disease",-93.708907945,36.164931521
"Dutch_Elm_Disease",-93.458907945,36.164931521
"Dutch_Elm_Disease",-93.208907945,36.164931521
"Dutch_Elm_Disease",-92.958907945,36.164931521
"Dutch_Elm_Disease",-92.708907945,36.164931521
"Dutch_Elm_Disease",-92.458907945,36.164931521
"Dutch_Elm_Disease",-92.208907945,36.164931521
"Dutch_Elm_Disease",-91.958907945,36.164931521
"Dutch_Elm_Disease",-91.708907945,36.164931521
"Dutch_Elm_Disease",-91.458907945,36.164931521
"Dutch_Elm_Disease",-91.208907945,36.164931521
"Dutch_Elm_Disease",-90.958907945,36.164931521
"Dutch_Elm_Disease",-90.708907945,36.164931521
"Dutch_Elm_Disease",-90.458907945,36.164931521
"Dutch_Elm_Disease",-94.458907945,35.914931521
"Dutch_Elm_Disease",-94.208907945,35.914931521
"Dutch_Elm_Disease",-93.958907945,35.914931521
"Dutch_Elm_Disease",-93.708907945,35.914931521
"Dutch_Elm_Disease",-93.458907945,35.914931521
"Dutch_Elm_Disease",-93.208907945,35.914931521
"Dutch_Elm_Disease",-92.958907945,35.914931521
"Dutch_Elm_Disease",-92.708907945,35.914931521
"Dutch_Elm_Disease",-92.458907945,35.914931521
"Dutch_Elm_Disease",-92.208907945,35.914931521
"Dutch_Elm_Disease",-91.958907945,35.914931521
"Dutch_Elm_Disease",-91.708907945,35.914931521
"Dutch_Elm_Disease",-91.458907945,35.914931521
"Dutch_Elm_Disease",-91.208907945,35.914931521
"Dutch_Elm_Disease",-90.958907945,35.914931521
"Dutch_Elm_Disease",-90.708907945,35.914931521
"Dutch_Elm_Disease",-90.458907945,35.914931521
"Dutch_Elm_Disease",-90.208907945,35.914931521
"Dutch_Elm_Disease",-89.958907945,35.914931521
"Dutch_Elm_Disease",-94.208907945,35.664931521
"Dutch_Elm_Disease",-92.958907945,35.664931521
"Dutch_Elm_Disease",-91.708907945,35.664931521
"Dutch_Elm_Disease",-91.458907945,35.664931521
"Dutch_Elm_Disease",-91.208907945,35.664931521
"Dutch_Elm_Disease",-90.958907945,35.664931521
"Dutch_Elm_Disease",-90.708907945,35.664931521
"Dutch_Elm_Disease",-90.458907945,35.664931521
"Dutch_Elm_Disease",-90.208907945,35.664931521
"Dutch_Elm_Disease",-94.208907945,35.414931521
"Dutch_Elm_Disease",-93.208907945,35.414931521
"Dutch_Elm_Disease",-92.958907945,35.414931521
"Dutch_Elm_Disease",-91.208907945,35.414931521
"Dutch_Elm_Disease",-90.958907945,35.414931521
"Dutch_Elm_Disease",-90.458907945,35.414931521
"Dutch_Elm_Disease",-90.208907945,35.414931521
"Dutch_Elm_Disease",-90.958907945,35.164931521
"Dutch_Elm_Disease",-90.708907945,35.164931521
"Dutch_Elm_Disease",-90.458907945,35.164931521
"Dutch_Elm_Disease",-90.208907945,35.164931521
"Dutch_Elm_Disease",-90.958907945,34.914931521
"Dutch_Elm_Disease",-90.708907945,34.914931521
"Dutch_Elm_Disease",-90.458907945,34.914931521
"Dutch_Elm_Disease",-94.208907945,34.664931521
"Dutch_Elm_Disease",-93.958907945,34.664931521
"Dutch_Elm_Disease",-90.958907945,34.664931521
"Dutch_Elm_Disease",-90.708907945,34.664931521
"Dutch_Elm_Disease",-94.208907945,34.414931521
"Dutch_Elm_Disease",-93.958907945,34.414931521
"Dutch_Elm_Disease",-90.958907945,34.414931521
"Dutch_Elm_Disease",-90.708907945,34.414931521
"Dutch_Elm_Disease",-88.708907945,34.414931521
"Dutch_Elm_Disease",-93.958907945,34.164931521
"Dutch_Elm_Disease",-88.708907945,34.164931521
"Dutch_Elm_Disease",-93.958907945,33.914931521
"Dutch_Elm_Disease",-85.708907945,33.914931521
"Dutch_Elm_Disease",-85.958907945,33.664931521
"Dutch_Elm_Disease",-84.708907945,33.664931521
"Dutch_Elm_Disease",-84.458907945,33.664931521
"Dutch_Elm_Disease",-88.958907945,33.914931521
"Dutch_Elm_Disease",-89.458907945,33.664931521
"Dutch_Elm_Disease",-89.208907945,33.664931521
"Dutch_Elm_Disease",-94.458907945,33.164931521
"Dutch_Elm_Disease",-94.208907945,33.164931521
"Dutch_Elm_Disease",-94.458907945,32.914931521
"Dutch_Elm_Disease",-94.208907945,32.914931521
"Dutch_Elm_Disease",-93.958907945,32.914931521
"Dutch_Elm_Disease",-93.708907945,32.914931521
"Dutch_Elm_Disease",-93.458907945,32.914931521
"Dutch_Elm_Disease",-93.958907945,32.664931521
"Dutch_Elm_Disease",-93.708907945,32.664931521
"Dutch_Elm_Disease",-93.458907945,32.664931521
"Dutch_Elm_Disease",-93.208907945,32.664931521
"Dutch_Elm_Disease",-93.958907945,32.414931521
"Dutch_Elm_Disease",-93.708907945,32.414931521
"Dutch_Elm_Disease",-93.458907945,32.414931521
"Dutch_Elm_Disease",-91.458907945,32.914931521
"Dutch_Elm_Disease",-91.208907945,32.914931521
"Dutch_Elm_Disease",-91.458907945,32.664931521
"Dutch_Elm_Disease",-91.208907945,32.664931521
"Dutch_Elm_Disease",-91.708907945,32.414931521
"Dutch_Elm_Disease",-91.208907945,32.414931521
"Dutch_Elm_Disease",-91.458907945,31.664931521
"Dutch_Elm_Disease",-91.708907945,31.414931521
"Dutch_Elm_Disease",17.21616,59.05696
"Dutch_Elm_Disease",16.917368,48.563778
"Dutch_Elm_Disease",16.91235,48.520927
"Dutch_Elm_Disease",-82.362897,41.401191
"Dutch_Elm_Disease",7.80399,47.55764
"Dutch_Elm_Disease",8.53098,47.37317
"Dutch_Elm_Disease",25.60144,58.361665
"Dutch_Elm_Disease",24.791058,59.436029
"Dutch_Elm_Disease",24.699845,58.236164
"Dutch_Elm_Disease",24.350876,58.412474
"Dutch_Elm_Disease",25.360177,58.126197
"Dutch_Elm_Disease",25.360493,58.126355
"Dutch_Elm_Disease",25.360144,58.12618
"Dutch_Elm_Disease",25.360292,58.126219
"Dutch_Elm_Disease",24.785028,59.438167
"Dutch_Elm_Disease",24.702087,58.236275
"Dutch_Elm_Disease",24.317125,58.40685
"Dutch_Elm_Disease",25.360233,58.126208
"Dutch_Elm_Disease",25.359888,58.126099
"Dutch_Elm_Disease",24.362502,58.413855
"Dutch_Elm_Disease",24.001789,58.357
"Dutch_Elm_Disease",25.025,58.148276
"Dutch_Elm_Disease",16.42112,56.42832
"Dutch_Elm_Disease",16.42112,56.42832
"Dutch_Elm_Disease",17.6675,59.81735
"Dutch_Elm_Disease",8.4,49
"Dutch_Elm_Disease",7.86861,47.33256
"Dutch_Elm_Disease",-73.881802,40.972042
"Dutch_Elm_Disease",17.21569,59.05694
"Dutch_Elm_Disease",25.142359,58.833523
"Dutch_Elm_Disease",25.142464,58.82581
"Dutch_Elm_Disease",25.168455,58.857227
"Dutch_Elm_Disease",24.881226,59.467945
"Dutch_Elm_Disease",26.741806,58.819194
"Dutch_Elm_Disease",26.745139,58.817389
"Dutch_Elm_Disease",26.741806,58.819194
"Dutch_Elm_Disease",26.745139,58.817389
"Dutch_Elm_Disease",26.741306,58.81875
"Dutch_Elm_Disease",24.801361,59.427278
"Dutch_Elm_Disease",26.741306,58.81875
"Dutch_Elm_Disease",24.801361,59.427278
"Dutch_Elm_Disease",27.946056,59.410167
"Dutch_Elm_Disease",27.946056,59.410167
"Dutch_Elm_Disease",24.882583,59.013444
"Dutch_Elm_Disease",26.398778,57.959639
"Dutch_Elm_Disease",25.790111,58.982722
"Dutch_Elm_Disease",26.366056,58.039944
"Dutch_Elm_Disease",26.398778,57.959639
"Dutch_Elm_Disease",26.7465,58.817861
"Dutch_Elm_Disease",24.714061,59.429599
"Dutch_Elm_Disease",25.790111,58.982722
"Dutch_Elm_Disease",26.7465,58.817861
"Dutch_Elm_Disease",24.714061,59.429599
"Dutch_Elm_Disease",26.725533,58.396965
"Dutch_Elm_Disease",24.138754,59.22628
"Dutch_Elm_Disease",25.706354,59.032715
"Dutch_Elm_Disease",25.159483,59.187145
"Dutch_Elm_Disease",30.382166,60.02121
"Dutch_Elm_Disease",25.981525,58.653236
"Dutch_Elm_Disease",25.040633,58.1476
"Dutch_Elm_Disease",23.991917,49.823433
"Dutch_Elm_Disease",26.601567,58.655006
"Dutch_Elm_Disease",25.371965,58.761856
"Dutch_Elm_Disease",25.53854,58.124878
"Dutch_Elm_Disease",26.501493,58.060303
"Dutch_Elm_Disease",25.567257,58.362
"Dutch_Elm_Disease",24.745775,58.876526
"Dutch_Elm_Disease",27.360881,57.730641
"Dutch_Elm_Disease",28.750583,60.707867
"Dutch_Elm_Disease",25.537133,58.32335
"Dutch_Elm_Disease",30.357535,59.918321
"Dutch_Elm_Disease",24.020783,49.84015
"Dutch_Elm_Disease",25.251652,58.799686
"Dutch_Elm_Disease",27.52997,59.423325
"Dutch_Elm_Disease",25.043015,58.652348
"Dutch_Elm_Disease",25.467192,58.64747
"Dutch_Elm_Disease",24.68656,59.385544
"Dutch_Elm_Disease",24.738125,59.43403
"Dutch_Elm_Disease",24.081995,59.183083
"Dutch_Elm_Disease",30.341405,59.987667
"Dutch_Elm_Disease",26.6856,58.359167
"Dutch_Elm_Disease",24.03375,49.847717
"Dutch_Elm_Disease",24.022043,59.100582
"Dutch_Elm_Disease",24.745775,58.876526
"Dutch_Elm_Disease",23.021894,58.445522
"Dutch_Elm_Disease",25.898436,58.708878
"Dutch_Elm_Disease",22.48012,58.25058
"Dutch_Elm_Disease",30.369612,60.012921
"Dutch_Elm_Disease",30.339854,59.987744
"Dutch_Elm_Disease",26.183883,49.2917
"Dutch_Elm_Disease",25.245467,49.639033
"Dutch_Elm_Disease",24.032017,49.848783
"Dutch_Elm_Disease",24.020917,49.838433
"Dutch_Elm_Disease",26.60185,58.654827
"Dutch_Elm_Disease",26.729603,58.39293
"Dutch_Elm_Disease",25.239279,59.09682
"Dutch_Elm_Disease",25.883375,59.04774
"Dutch_Elm_Disease",25.165058,59.185745
"Dutch_Elm_Disease",25.141922,58.82549
"Dutch_Elm_Disease",22.94472,58.869137
"Dutch_Elm_Disease",26.231045,58.155407
"Dutch_Elm_Disease",27.360881,57.730641
"Dutch_Elm_Disease",25.044533,58.147917
"Dutch_Elm_Disease",24.492745,58.380435
"Dutch_Elm_Disease",24.034433,49.831167
"Dutch_Elm_Disease",25.25184,58.7997
"Dutch_Elm_Disease",24.6868,59.386616
"Dutch_Elm_Disease",25.468267,58.531837
"Dutch_Elm_Disease",24.514168,58.39347
"Dutch_Elm_Disease",26.059092,57.90721
"Dutch_Elm_Disease",24.651997,58.928497
"Dutch_Elm_Disease",26.29061,58.57619
"Dutch_Elm_Disease",24.032017,49.848783
"Dutch_Elm_Disease",24.022839,59.100246
"Dutch_Elm_Disease",26.593033,58.65234
"Dutch_Elm_Disease",26.651896,57.743051
"Dutch_Elm_Disease",26.279352,58.033436
"Dutch_Elm_Disease",25.882608,58.01746
"Dutch_Elm_Disease",25.980406,58.652352
"Dutch_Elm_Disease",30.39765,59.72055
"Dutch_Elm_Disease",30.34179,59.99005
"Dutch_Elm_Disease",26.107933,49.330917
"Dutch_Elm_Disease",24.587626,58.94508
"Dutch_Elm_Disease",22.692446,58.304607
"Dutch_Elm_Disease",25.30617,58.32008
"Dutch_Elm_Disease",24.808603,58.480293
"Dutch_Elm_Disease",25.897326,58.096813
"Dutch_Elm_Disease",26.716671,58.378127
"Dutch_Elm_Disease",25.522967,58.332283
"Dutch_Elm_Disease",36.418633,56.669983
"Dutch_Elm_Disease",26.113783,49.388267
"Dutch_Elm_Disease",25.206867,49.64705
"Dutch_Elm_Disease",24.035717,49.84225
"Dutch_Elm_Disease",17.8901,66.0515
"Dutch_Elm_Disease",-128.1297,51.6522
"Dutch_Elm_Disease",175.199,-37.199
"Dutch_Elm_Disease",13.92558,45.473179
"Dutch_Elm_Disease",-2.219967,52.013222
"Dutch_Elm_Disease",-3.486743,50.655184
"Dutch_Elm_Disease",-1.206421,51.651111
"Dutch_Elm_Disease",14.839785,46.382236
"Dutch_Elm_Disease",13.844788,45.69522
"Dutch_Elm_Disease",15.42,53.77
"Dutch_Elm_Disease",15.42,53.77
"Dutch_Elm_Disease",15.3,53.73
"Dutch_Elm_Disease",15.42,53.77
"Dutch_Elm_Disease",20.06,50.06
"Dutch_Elm_Disease",20.06,50.06
"Dutch_Elm_Disease",15.42,53.77
"Dutch_Elm_Disease",15.42,53.77
"Dutch_Elm_Disease",15.42,53.77
"Dutch_Elm_Disease",10.79,59.84
"Dutch_Elm_Disease",15.42,53.77
"Dutch_Elm_Disease",20.06,50.06
"Dutch_Elm_Disease",15.42,53.77
"Dutch_Elm_Disease",15.42,53.77
"Dutch_Elm_Disease",15.42,53.77
"Dutch_Elm_Disease",15.42,53.77
"Dutch_Elm_Disease",10.79,59.84
"Dutch_Elm_Disease",10.79,59.84
"Dutch_Elm_Disease",20.06,50.06
"Dutch_Elm_Disease",15.42,53.77
"Dutch_Elm_Disease",15.3,53.73
"Dutch_Elm_Disease",15.42,53.77
"Dutch_Elm_Disease",15.42,53.77
"Dutch_Elm_Disease",10.79,59.84
"Dutch_Elm_Disease",141.34,43.07
"Dutch_Elm_Disease",141.34,43.07
"Dutch_Elm_Disease",141.34,43.07
"Dutch_Elm_Disease",141.34,43.07
"Dutch_Elm_Disease",141.34,43.07
"Dutch_Elm_Disease",141.34,43.07
"Dutch_Elm_Disease",15.42,53.77
"Dutch_Elm_Disease",15.42,53.77
"Dutch_Elm_Disease",22.42,49.58
"Dutch_Elm_Disease",20.06,50.06
"Dutch_Elm_Disease",15.42,53.77
"Dutch_Elm_Disease",15.42,53.77
"Dutch_Elm_Disease",15.42,53.77
"Dutch_Elm_Disease",10.79,59.84
"Dutch_Elm_Disease",15.3,53.73
"Dutch_Elm_Disease",15.42,53.77
"Dutch_Elm_Disease",15.3,53.73
"Dutch_Elm_Disease",15.3,53.73
"Dutch_Elm_Disease",10.79,59.84
"Dutch_Elm_Disease",15.3,53.73
"Dutch_Elm_Disease",10.79,59.84
"Dutch_Elm_Disease",15.42,53.77
"Dutch_Elm_Disease",15.42,53.77
"Dutch_Elm_Disease",10.79,59.84
"Dutch_Elm_Disease",15.3,53.73
"Dutch_Elm_Disease",15.42,53.77
"Dutch_Elm_Disease",15.42,53.77
"Dutch_Elm_Disease",15.3,53.73
"Dutch_Elm_Disease",22.42,49.58
"Dutch_Elm_Disease",15.3,53.73
"Dutch_Elm_Disease",15.273704,45.985289
"Dutch_Elm_Disease",13.940462,45.702742
"Dutch_Elm_Disease",9.10974,46.82643
"Dutch_Elm_Disease",-3.129755,52.869744
"Dutch_Elm_Disease",-2.288887,52.643737
"Dutch_Elm_Disease",-2.411074,52.434809
"Dutch_Elm_Disease",-2.379279,52.67135
"Dutch_Elm_Disease",-2.821032,52.727546
"Dutch_Elm_Disease",-2.379263,52.669552
"Dutch_Elm_Disease",-2.370307,52.659692
"Dutch_Elm_Disease",-3.026879,52.349251
"Dutch_Elm_Disease",-2.595875,52.612924
"Dutch_Elm_Disease",-2.557318,52.600526
"Dutch_Elm_Disease",-2.600702,52.425907
"Dutch_Elm_Disease",-2.704992,52.785827
"Dutch_Elm_Disease",-2.564584,52.591501
"Dutch_Elm_Disease",-2.388268,52.517595
"Dutch_Elm_Disease",-2.439953,52.528202
"Dutch_Elm_Disease",-2.346617,52.468279
"Dutch_Elm_Disease",-2.721519,52.709315
"Dutch_Elm_Disease",-2.47463,52.599987
"Dutch_Elm_Disease",-3.047811,52.36525
"Dutch_Elm_Disease",-2.469557,52.539775
"Dutch_Elm_Disease",-2.763022,52.712651
"Dutch_Elm_Disease",-2.627349,52.54174
"Dutch_Elm_Disease",-2.699607,52.727426
"Dutch_Elm_Disease",-2.407334,52.507642
"Dutch_Elm_Disease",-2.412512,52.431208
"Dutch_Elm_Disease",-2.707025,52.728281
"Dutch_Elm_Disease",-2.404371,52.505854
"Dutch_Elm_Disease",-2.248882,52.625848
"Dutch_Elm_Disease",-2.703567,52.789432
"Dutch_Elm_Disease",-2.56113,52.898065
"Dutch_Elm_Disease",-2.978135,52.601393
"Dutch_Elm_Disease",-2.818665,52.442579
"Dutch_Elm_Disease",-2.553388,52.640099
"Dutch_Elm_Disease",-2.279481,52.559255
"Dutch_Elm_Disease",-2.566699,52.640935
"Dutch_Elm_Disease",-2.263628,52.621321
"Dutch_Elm_Disease",-2.485795,52.541507
"Dutch_Elm_Disease",-2.268164,52.638392
"Dutch_Elm_Disease",-2.465734,52.874206
"Dutch_Elm_Disease",-2.410574,52.539095
"Dutch_Elm_Disease",-2.414523,52.488738
"Dutch_Elm_Disease",-2.259186,52.619533
"Dutch_Elm_Disease",-2.67892,52.730243
"Dutch_Elm_Disease",-2.776742,52.735037
"Dutch_Elm_Disease",-2.348986,52.581545
"Dutch_Elm_Disease",-2.265203,52.637499
"Dutch_Elm_Disease",-2.776902,52.744025
"Dutch_Elm_Disease",-2.437032,52.53091
"Dutch_Elm_Disease",-2.681847,52.82282
"Dutch_Elm_Disease",-2.751336,52.721716
"Dutch_Elm_Disease",-2.554865,52.640092
"Dutch_Elm_Disease",-2.413033,52.486945
"Dutch_Elm_Disease",-2.767383,52.708128
"Dutch_Elm_Disease",-2.56749,52.587891
"Dutch_Elm_Disease",-2.308018,52.632002
"Dutch_Elm_Disease",-2.766155,52.72252
"Dutch_Elm_Disease",-2.429591,52.523745
"Dutch_Elm_Disease",-2.432424,52.512048
"Dutch_Elm_Disease",-2.488774,52.544192
"Dutch_Elm_Disease",-2.676566,52.96039
"Dutch_Elm_Disease",-2.715452,52.881055
"Dutch_Elm_Disease",-2.454873,52.8302
"Dutch_Elm_Disease",-2.858871,52.467466
"Dutch_Elm_Disease",-2.306779,52.666166
"Dutch_Elm_Disease",-2.590977,52.358529
"Dutch_Elm_Disease",-2.323779,52.565435
"Dutch_Elm_Disease",-2.302083,52.628421
"Dutch_Elm_Disease",-2.386739,52.511307
"Dutch_Elm_Disease",-2.551492,52.606846
"Dutch_Elm_Disease",-2.489424,52.602624
"Dutch_Elm_Disease",-2.519368,52.637556
"Dutch_Elm_Disease",-2.259191,52.620432
"Dutch_Elm_Disease",-2.745659,52.736135
"Dutch_Elm_Disease",-2.420903,52.539958
"Dutch_Elm_Disease",-2.310985,52.633792
"Dutch_Elm_Disease",-2.288887,52.643737
"Dutch_Elm_Disease",-2.995811,52.79453
"Dutch_Elm_Disease",-2.601338,52.580532
"Dutch_Elm_Disease",-2.38373,52.504125
"Dutch_Elm_Disease",-2.257767,52.629425
"Dutch_Elm_Disease",-2.346624,52.469178
"Dutch_Elm_Disease",-2.422996,52.450949
"Dutch_Elm_Disease",-2.403194,52.538222
"Dutch_Elm_Disease",-3.028753,52.870663
"Dutch_Elm_Disease",-2.250365,52.626744
"Dutch_Elm_Disease",-2.67666,52.679914
"Dutch_Elm_Disease",-2.957501,52.670785
"Dutch_Elm_Disease",-2.707826,52.77772
"Dutch_Elm_Disease",-2.906842,52.795244
"Dutch_Elm_Disease",-2.256226,52.618641
"Dutch_Elm_Disease",-2.379294,52.673148
"Dutch_Elm_Disease",-2.676552,52.959491
"Dutch_Elm_Disease",-2.364489,52.493397
"Dutch_Elm_Disease",-2.586382,52.344168
"Dutch_Elm_Disease",-2.768847,52.70722
"Dutch_Elm_Disease",-2.550026,52.607752
"Dutch_Elm_Disease",-2.420912,52.540857
"Dutch_Elm_Disease",-2.420894,52.539059
"Dutch_Elm_Disease",-2.882708,52.481675
"Dutch_Elm_Disease",-2.342083,52.453009
"Dutch_Elm_Disease",-2.396235,52.584094
"Dutch_Elm_Disease",-2.412596,52.440198
"Dutch_Elm_Disease",-2.285931,52.643744
"Dutch_Elm_Disease",-2.334708,52.644515
"Dutch_Elm_Disease",-3.041451,52.344628
"Dutch_Elm_Disease",-2.413337,52.519308
"Dutch_Elm_Disease",-2.884181,52.481664
"Dutch_Elm_Disease",-2.762724,52.695573
"Dutch_Elm_Disease",-2.767368,52.707229
"Dutch_Elm_Disease",-2.335356,52.729016
"Dutch_Elm_Disease",-2.764659,52.721631
"Dutch_Elm_Disease",-2.868957,52.903403
"Dutch_Elm_Disease",-2.644138,52.781679
"Dutch_Elm_Disease",-2.563131,52.593306
"Dutch_Elm_Disease",-2.490268,52.545984
"Dutch_Elm_Disease",-2.66187,52.679997
"Dutch_Elm_Disease",-2.313426,52.561867
"Dutch_Elm_Disease",-2.262242,52.636607
"Dutch_Elm_Disease",-2.805155,52.830138
"Dutch_Elm_Disease",-2.314908,52.562762
"Dutch_Elm_Disease",-2.487827,52.857038
"Dutch_Elm_Disease",-2.702554,52.72651
"Dutch_Elm_Disease",-2.404363,52.504955
"Dutch_Elm_Disease",-2.410557,52.537297
"Dutch_Elm_Disease",-2.425265,52.533649
"Dutch_Elm_Disease",-2.867452,52.902515
"Dutch_Elm_Disease",-2.554877,52.640991
"Dutch_Elm_Disease",-2.870877,52.479066
"Dutch_Elm_Disease",-2.657521,52.784302
"Dutch_Elm_Disease",-2.568211,52.643625
"Dutch_Elm_Disease",-2.858142,52.882806
"Dutch_Elm_Disease",-2.421182,52.414996
"Dutch_Elm_Disease",-2.897387,52.912182
"Dutch_Elm_Disease",-2.701353,52.374108
"Dutch_Elm_Disease",-2.496043,52.926222
"Dutch_Elm_Disease",-2.792721,52.71785
"Dutch_Elm_Disease",-2.473144,52.599094
"Dutch_Elm_Disease",-2.704034,52.726501
"Dutch_Elm_Disease",-2.393107,52.564326
"Dutch_Elm_Disease",-2.683387,52.826407
"Dutch_Elm_Disease",-2.730224,52.343366
"Dutch_Elm_Disease",-2.305288,52.664372
"Dutch_Elm_Disease",-2.33384,52.724526
"Dutch_Elm_Disease",-2.406002,52.522929
"Dutch_Elm_Disease",-2.306534,52.631107
"Dutch_Elm_Disease",-2.333217,52.642721
"Dutch_Elm_Disease",-2.792705,52.716951
"Dutch_Elm_Disease",-2.830798,52.696014
"Dutch_Elm_Disease",-2.359331,52.583312
"Dutch_Elm_Disease",-2.256284,52.628529
"Dutch_Elm_Disease",-2.280014,52.642859
"Dutch_Elm_Disease",-2.71732,52.362325
"Dutch_Elm_Disease",-2.829336,52.696923
"Dutch_Elm_Disease",-2.329612,52.556429
"Dutch_Elm_Disease",-2.296155,52.625739
"Dutch_Elm_Disease",-2.755384,52.784618
"Dutch_Elm_Disease",-2.783518,52.699932
"Dutch_Elm_Disease",-2.26963,52.636591
"Dutch_Elm_Disease",-2.87193,52.903382
"Dutch_Elm_Disease",-2.777647,52.702667
"Dutch_Elm_Disease",-2.308271,52.66796
"Dutch_Elm_Disease",-2.776758,52.735936
"Dutch_Elm_Disease",-2.339105,52.448523
"Dutch_Elm_Disease",-2.386763,52.514004
"Dutch_Elm_Disease",-2.402881,52.504061
"Dutch_Elm_Disease",-2.380271,52.444802
"Dutch_Elm_Disease",-2.926157,52.796893
"Dutch_Elm_Disease",-2.578604,52.647171
"Dutch_Elm_Disease",-2.565221,52.640942
"Dutch_Elm_Disease",-2.572645,52.643604
"Dutch_Elm_Disease",-2.259276,52.634816
"Dutch_Elm_Disease",-2.412587,52.439299
"Dutch_Elm_Disease",-2.41044,52.524712
"Dutch_Elm_Disease",-2.368829,52.659696
"Dutch_Elm_Disease",-2.46193,52.515532
"Dutch_Elm_Disease",-2.41257,52.437501
"Dutch_Elm_Disease",-2.603469,52.628168
"Dutch_Elm_Disease",-2.348979,52.580646
"Dutch_Elm_Disease",-2.530667,52.594355
"Dutch_Elm_Disease",-2.556624,52.894491
"Dutch_Elm_Disease",-2.705515,52.726492
"Dutch_Elm_Disease",-2.543519,52.797465
"Dutch_Elm_Disease",-2.316383,52.562758
"Dutch_Elm_Disease",-2.747509,52.757699
"Dutch_Elm_Disease",-2.628098,52.903124
"Dutch_Elm_Disease",-3.151901,52.8084
"Dutch_Elm_Disease",-2.76014,52.717165
"Dutch_Elm_Disease",-2.395018,52.612865
"Dutch_Elm_Disease",-2.4091,52.5391
"Dutch_Elm_Disease",-2.428362,52.548921
"Dutch_Elm_Disease",-2.426722,52.531846
"Dutch_Elm_Disease",-2.445376,52.481433
"Dutch_Elm_Disease",-2.657433,52.680022
"Dutch_Elm_Disease",-2.678073,52.388628
"Dutch_Elm_Disease",-2.752847,52.723504
"Dutch_Elm_Disease",-2.25629,52.629428
"Dutch_Elm_Disease",-2.380271,52.444802
"Dutch_Elm_Disease",-2.488764,52.543293
"Dutch_Elm_Disease",-2.31394,52.633784
"Dutch_Elm_Disease",-2.621871,52.571436
"Dutch_Elm_Disease",-2.329612,52.556429
"Dutch_Elm_Disease",-2.422652,52.41499
"Dutch_Elm_Disease",-2.70553,52.727391
"Dutch_Elm_Disease",-2.398413,52.498682
"Dutch_Elm_Disease",-2.461048,52.85265
"Dutch_Elm_Disease",-2.720099,52.71292
"Dutch_Elm_Disease",-2.701073,52.726519
"Dutch_Elm_Disease",-3.009137,52.472573
"Dutch_Elm_Disease",-2.47162,52.594605
"Dutch_Elm_Disease",-2.254802,52.627634
"Dutch_Elm_Disease",-2.357324,52.699286
"Dutch_Elm_Disease",-2.964928,52.605097
"Dutch_Elm_Disease",-2.342089,52.453908
"Dutch_Elm_Disease",-2.957683,52.611449
"Dutch_Elm_Disease",-2.306032,52.55919
"Dutch_Elm_Disease",-2.340597,52.451216
"Dutch_Elm_Disease",-2.75866,52.717174
"Dutch_Elm_Disease",-2.299122,52.62753
"Dutch_Elm_Disease",-2.456414,52.835588
"Dutch_Elm_Disease",-2.545675,52.614065
"Dutch_Elm_Disease",-2.770217,52.700918
"Dutch_Elm_Disease",-2.401876,52.555307
"Dutch_Elm_Disease",-2.69518,52.728351
"Dutch_Elm_Disease",-2.277926,52.546673
"Dutch_Elm_Disease",-2.747109,52.734328
"Dutch_Elm_Disease",-2.45804,52.849066
"Dutch_Elm_Disease",-2.379209,52.66326
"Dutch_Elm_Disease",-2.621883,52.572335
"Dutch_Elm_Disease",-2.841068,52.691446
"Dutch_Elm_Disease",-2.62875,52.639723
"Dutch_Elm_Disease",-2.275451,52.622194
"Dutch_Elm_Disease",-2.712361,52.69229
"Dutch_Elm_Disease",-2.466608,52.539787
"Dutch_Elm_Disease",-2.363774,52.585097
"Dutch_Elm_Disease",-3.013346,52.463546
"Dutch_Elm_Disease",-2.755369,52.783719
"Dutch_Elm_Disease",-2.398536,52.674883
"Dutch_Elm_Disease",-2.471794,52.610786
"Dutch_Elm_Disease",-2.412528,52.433006
"Dutch_Elm_Disease",-2.266681,52.637496
"Dutch_Elm_Disease",-2.403186,52.537323
"Dutch_Elm_Disease",-2.306026,52.558291
"Dutch_Elm_Disease",-2.598154,52.563468
"Dutch_Elm_Disease",-2.656337,52.804086
"Dutch_Elm_Disease",-2.776726,52.734138
"Dutch_Elm_Disease",-2.430951,52.512053
"Dutch_Elm_Disease",-2.300599,52.627526
"Dutch_Elm_Disease",-2.395838,52.540044
"Dutch_Elm_Disease",-2.710717,52.773208
"Dutch_Elm_Disease",-2.363009,52.492503
"Dutch_Elm_Disease",-2.284454,52.643748
"Dutch_Elm_Disease",-2.343069,52.579765
"Dutch_Elm_Disease",-2.765903,52.708138
"Dutch_Elm_Disease",-2.268147,52.635695
"Dutch_Elm_Disease",-2.410431,52.523813
"Dutch_Elm_Disease",-2.54422,52.615869
"Dutch_Elm_Disease",-2.36371,52.399004
"Dutch_Elm_Disease",-2.34211,52.456605
"Dutch_Elm_Disease",-2.750025,52.731613
"Dutch_Elm_Disease",-2.630549,52.764671
"Dutch_Elm_Disease",-2.752187,52.771154
"Dutch_Elm_Disease",-2.962054,52.608717
"Dutch_Elm_Disease",-2.865966,52.902526
"Dutch_Elm_Disease",-2.339119,52.450321
"Dutch_Elm_Disease",-2.760155,52.718064
"Dutch_Elm_Disease",13.751284,45.860767
"Dutch_Elm_Disease",13.758888,45.861102
"Dutch_Elm_Disease",13.672886,45.870223
"Dutch_Elm_Disease",14.133408,45.525631
"Dutch_Elm_Disease",10.788762,59.844763
"Dutch_Elm_Disease",10.788762,59.844763
"Dutch_Elm_Disease",10.788762,59.844763
"Dutch_Elm_Disease",10.788762,59.844763
"Dutch_Elm_Disease",10.788762,59.844763
"Dutch_Elm_Disease",10.788762,59.844763
"Dutch_Elm_Disease",10.788762,59.844763
"Dutch_Elm_Disease",10.788762,59.844763
"Dutch_Elm_Disease",14.492718,45.736619
"Dutch_Elm_Disease",14.262382,46.276286
"Dutch_Elm_Disease",12.278575,55.959957
"Dutch_Elm_Disease",15.622519,46.063879
"Dutch_Elm_Disease",13.712161,45.867946
"Dutch_Elm_Disease",15.164982,46.403484
"Dutch_Elm_Disease",14.84115,46.377722
"Dutch_Elm_Disease",14.122135,45.541778
"Dutch_Elm_Disease",13.725225,45.866643
"Dutch_Elm_Disease",13.933735,45.470079
"Dutch_Elm_Disease",13.840811,45.573558
"Dutch_Elm_Disease",13.875654,45.528914
"Dutch_Elm_Disease",16.032338,46.736773
"Dutch_Elm_Disease",13.853453,45.4873
"Dutch_Elm_Disease",13.811683,45.526917
"Dutch_Elm_Disease",16.044233,46.681965
"Dutch_Elm_Disease",16.041507,46.642224
"Dutch_Elm_Disease",13.810788,45.44772
"Dutch_Elm_Disease",13.840811,45.573558
"Dutch_Elm_Disease",13.713688,45.473216
"Dutch_Elm_Disease",13.810788,45.44772
"Dutch_Elm_Disease",16.044792,46.656769
"Dutch_Elm_Disease",16.044792,46.656769
"Dutch_Elm_Disease",16.093386,46.623745
"Dutch_Elm_Disease",13.800488,45.571793
"Dutch_Elm_Disease",13.841398,45.513724
"Dutch_Elm_Disease",13.879835,45.447068
"Dutch_Elm_Disease",13.822693,45.520732
"Dutch_Elm_Disease",13.796808,45.564106
"Dutch_Elm_Disease",13.839786,45.529905
"Dutch_Elm_Disease",13.880273,45.586549
"Dutch_Elm_Disease",16.042105,46.673257
"Dutch_Elm_Disease",13.811683,45.526917
"Dutch_Elm_Disease",14.103501,45.531375
"Dutch_Elm_Disease",16.059245,46.814257
"Dutch_Elm_Disease",13.678819,45.46022
"Dutch_Elm_Disease",13.822693,45.520732
"Dutch_Elm_Disease",13.866611,45.596763
"Dutch_Elm_Disease",13.798807,45.500237
"Dutch_Elm_Disease",13.859358,45.575094
"Dutch_Elm_Disease",16.021233,46.772319
"Dutch_Elm_Disease",16.016024,46.801605
"Dutch_Elm_Disease",13.880273,45.586549
"Dutch_Elm_Disease",13.822693,45.520732
"Dutch_Elm_Disease",13.885908,45.463324
"Dutch_Elm_Disease",13.695548,45.483359
"Dutch_Elm_Disease",13.875654,45.528914
"Dutch_Elm_Disease",13.59029,45.523503
"Dutch_Elm_Disease",13.782671,45.506815
"Dutch_Elm_Disease",13.863096,45.548586
"Dutch_Elm_Disease",13.856832,45.478335
"Dutch_Elm_Disease",13.664908,45.480755
"Dutch_Elm_Disease",14.202152,45.481264
"Dutch_Elm_Disease",13.655711,45.490996
"Dutch_Elm_Disease",13.824123,45.513548
"Dutch_Elm_Disease",13.828198,45.471296
"Dutch_Elm_Disease",13.69919,45.464053
"Dutch_Elm_Disease",13.678819,45.46022
"Dutch_Elm_Disease",13.822693,45.520732
"Dutch_Elm_Disease",13.800488,45.571793
"Dutch_Elm_Disease",13.906199,45.472069
"Dutch_Elm_Disease",16.007336,46.799432
"Dutch_Elm_Disease",13.794634,45.515941
"Dutch_Elm_Disease",13.841398,45.513724
"Dutch_Elm_Disease",13.762229,45.476001
"Dutch_Elm_Disease",13.824123,45.513548
"Dutch_Elm_Disease",13.910882,45.49461
"Dutch_Elm_Disease",16.078077,46.799236
"Dutch_Elm_Disease",13.839786,45.529905
"Dutch_Elm_Disease",16.061072,46.800565
"Dutch_Elm_Disease",13.699414,45.509948
"Dutch_Elm_Disease",13.903212,45.461242
"Dutch_Elm_Disease",13.856672,45.517927
"Dutch_Elm_Disease",13.634357,45.501091
"Dutch_Elm_Disease",13.719004,45.492622
"Dutch_Elm_Disease",13.725704,45.479199
"Dutch_Elm_Disease",13.89375,45.520091
"Dutch_Elm_Disease",16.041121,46.805427
"Dutch_Elm_Disease",16.041507,46.642224
"Dutch_Elm_Disease",16.041507,46.642224
"Dutch_Elm_Disease",13.745497,45.509563
"Dutch_Elm_Disease",13.874025,45.482105
"Dutch_Elm_Disease",14.494901,45.735405
"Dutch_Elm_Disease",16.095098,46.624448
"Dutch_Elm_Disease",13.762229,45.476001
"Dutch_Elm_Disease",16.177935,46.752638
"Dutch_Elm_Disease",13.829413,45.567143
"Dutch_Elm_Disease",13.859358,45.575094
"Dutch_Elm_Disease",16.041507,46.642224
"Dutch_Elm_Disease",13.863096,45.548586
"Dutch_Elm_Disease",13.901215,45.465272
"Dutch_Elm_Disease",13.719004,45.492622
"Dutch_Elm_Disease",13.655711,45.490996
"Dutch_Elm_Disease",13.794919,45.532591
"Dutch_Elm_Disease",13.762229,45.476001
"Dutch_Elm_Disease",16.044792,46.656769
"Dutch_Elm_Disease",13.865793,45.509919
"Dutch_Elm_Disease",16.044792,46.656769
"Dutch_Elm_Disease",13.72457,45.868813
"Dutch_Elm_Disease",13.699414,45.509948
"Dutch_Elm_Disease",13.622909,45.498255
"Dutch_Elm_Disease",16.044792,46.656769
"Dutch_Elm_Disease",16.044792,46.656769
"Dutch_Elm_Disease",16.061072,46.800565
"Dutch_Elm_Disease",16.044792,46.656769
"Dutch_Elm_Disease",16.044792,46.656769
"Dutch_Elm_Disease",13.792555,45.493422
"Dutch_Elm_Disease",13.719004,45.492622
"Dutch_Elm_Disease",13.72457,45.868813
"Dutch_Elm_Disease",16.059245,46.814257
"Dutch_Elm_Disease",13.693162,45.503578
"Dutch_Elm_Disease",16.066322,46.641995
"Dutch_Elm_Disease",16.066322,46.641995
"Dutch_Elm_Disease",16.081307,46.627009
"Dutch_Elm_Disease",16.207951,46.660827
"Dutch_Elm_Disease",16.183011,46.691588
"Dutch_Elm_Disease",16.116891,46.67444
"Dutch_Elm_Disease",16.041507,46.642224
"Dutch_Elm_Disease",13.597825,45.863731
"Dutch_Elm_Disease",13.674794,45.468272
"Dutch_Elm_Disease",13.674794,45.468272
"Dutch_Elm_Disease",16.066322,46.641995
"Dutch_Elm_Disease",16.041507,46.642224
"Dutch_Elm_Disease",16.044792,46.656769
"Dutch_Elm_Disease",13.695866,45.49731
"Dutch_Elm_Disease",14.091477,45.602368
"Dutch_Elm_Disease",13.664908,45.480755
"Dutch_Elm_Disease",13.741589,45.483874
"Dutch_Elm_Disease",13.713688,45.473216
"Dutch_Elm_Disease",13.713688,45.473216
"Dutch_Elm_Disease",16.126002,46.622304
"Dutch_Elm_Disease",13.713688,45.473216
"Dutch_Elm_Disease",16.061072,46.800565
"Dutch_Elm_Disease",16.041507,46.642224
"Dutch_Elm_Disease",13.655711,45.490996
"Dutch_Elm_Disease",16.09498,46.844508
"Dutch_Elm_Disease",13.695548,45.483359
"Dutch_Elm_Disease",16.095098,46.624448
"Dutch_Elm_Disease",16.057435,46.828848
"Dutch_Elm_Disease",16.063504,46.698026
"Dutch_Elm_Disease",13.695548,45.483359
"Dutch_Elm_Disease",16.028747,46.781788
"Dutch_Elm_Disease",16.011226,46.832145
"Dutch_Elm_Disease",13.713688,45.473216
"Dutch_Elm_Disease",13.741339,45.49512
"Dutch_Elm_Disease",13.700052,45.537851
"Dutch_Elm_Disease",14.042663,45.646062
"Dutch_Elm_Disease",16.095098,46.624448
"Dutch_Elm_Disease",16.122047,46.620498
"Dutch_Elm_Disease",16.044792,46.656769
"Dutch_Elm_Disease",16.07856,46.810298
"Dutch_Elm_Disease",16.016516,46.799891
"Dutch_Elm_Disease",16.019074,46.824339
"Dutch_Elm_Disease",16.042105,46.673257
"Dutch_Elm_Disease",16.041507,46.642224
"Dutch_Elm_Disease",16.038644,46.72448
"Dutch_Elm_Disease",16.096096,46.796276
"Dutch_Elm_Disease",13.976537,45.578452
"Dutch_Elm_Disease",16.116891,46.67444
"Dutch_Elm_Disease",13.59029,45.523503
"Dutch_Elm_Disease",16.061072,46.800565
"Dutch_Elm_Disease",16.272834,46.647077
"Dutch_Elm_Disease",16.016516,46.799891
"Dutch_Elm_Disease",16.115418,46.647374
"Dutch_Elm_Disease",16.072809,46.850476
"Dutch_Elm_Disease",16.122476,46.648771
"Dutch_Elm_Disease",13.72457,45.868813
"Dutch_Elm_Disease",16.126002,46.622304
"Dutch_Elm_Disease",16.042105,46.673257
"Dutch_Elm_Disease",16.095383,46.799882
"Dutch_Elm_Disease",16.044233,46.681965
"Dutch_Elm_Disease",16.116891,46.67444
"Dutch_Elm_Disease",16.041507,46.642224
"Dutch_Elm_Disease",16.072853,46.8395
"Dutch_Elm_Disease",16.086952,46.628485
"Dutch_Elm_Disease",16.05447,46.838052
"Dutch_Elm_Disease",16.093386,46.623745
"Dutch_Elm_Disease",14.103501,45.531375
"Dutch_Elm_Disease",16.007336,46.799432
"Dutch_Elm_Disease",16.088103,46.789695
"Dutch_Elm_Disease",13.749017,45.869983
"Dutch_Elm_Disease",16.007336,46.799432
"Dutch_Elm_Disease",16.016516,46.799891
"Dutch_Elm_Disease",13.643894,45.476909
"Dutch_Elm_Disease",16.0149,46.797566
"Dutch_Elm_Disease",14.169912,45.499032
"Dutch_Elm_Disease",13.756734,45.870517
"Dutch_Elm_Disease",16.065084,46.844431
"Dutch_Elm_Disease",14.103501,45.531375
"Dutch_Elm_Disease",16.044792,46.656769
"Dutch_Elm_Disease",16.061072,46.800565
"Dutch_Elm_Disease",16.044792,46.656769
"Dutch_Elm_Disease",16.122476,46.648771
"Dutch_Elm_Disease",16.063504,46.698026
"Dutch_Elm_Disease",16.065084,46.844431
"Dutch_Elm_Disease",16.059245,46.814257
"Dutch_Elm_Disease",16.108272,46.681181
"Dutch_Elm_Disease",16.140141,46.67367
"Dutch_Elm_Disease",16.066322,46.641995
"Dutch_Elm_Disease",16.122047,46.620498
"Dutch_Elm_Disease",16.044233,46.681965
"Dutch_Elm_Disease",16.140141,46.67367
"Dutch_Elm_Disease",16.096943,46.818579
"Dutch_Elm_Disease",16.093386,46.623745
"Dutch_Elm_Disease",16.044792,46.656769
"Dutch_Elm_Disease",16.072809,46.850476
"Dutch_Elm_Disease",16.066322,46.641995
"Dutch_Elm_Disease",16.122476,46.648771
"Dutch_Elm_Disease",16.109534,46.8127
"Dutch_Elm_Disease",16.122047,46.620498
"Dutch_Elm_Disease",16.055571,46.660088
"Dutch_Elm_Disease",16.129518,46.803328
"Dutch_Elm_Disease",16.122047,46.620498
"Dutch_Elm_Disease",16.108929,46.633492
"Dutch_Elm_Disease",16.108272,46.681181
"Dutch_Elm_Disease",16.079389,46.691354
"Dutch_Elm_Disease",16.108929,46.633492
"Dutch_Elm_Disease",16.063504,46.698026
"Dutch_Elm_Disease",16.086952,46.628485
"Dutch_Elm_Disease",16.093386,46.623745
"Dutch_Elm_Disease",16.095098,46.624448
"Dutch_Elm_Disease",16.055571,46.660088
"Dutch_Elm_Disease",16.066322,46.641995
"Dutch_Elm_Disease",16.066322,46.641995
"Dutch_Elm_Disease",16.160626,46.714669
"Dutch_Elm_Disease",16.041507,46.642224
"Dutch_Elm_Disease",16.042105,46.673257
"Dutch_Elm_Disease",16.108272,46.681181
"Dutch_Elm_Disease",16.108929,46.633492
"Dutch_Elm_Disease",16.063504,46.698026
"Dutch_Elm_Disease",16.115418,46.647374
"Dutch_Elm_Disease",16.039585,46.712191
"Dutch_Elm_Disease",16.108272,46.681181
"Dutch_Elm_Disease",16.095098,46.624448
"Dutch_Elm_Disease",16.203174,46.657549
"Dutch_Elm_Disease",16.108272,46.681181
"Dutch_Elm_Disease",16.108272,46.681181
"Dutch_Elm_Disease",16.108272,46.681181
"Dutch_Elm_Disease",16.063504,46.698026
"Dutch_Elm_Disease",16.228999,46.661233
"Dutch_Elm_Disease",16.084068,46.680154
"Dutch_Elm_Disease",16.24947,46.653633
"Dutch_Elm_Disease",16.108272,46.681181
"Dutch_Elm_Disease",16.161779,46.677051
"Dutch_Elm_Disease",16.203174,46.657549
"Dutch_Elm_Disease",16.219297,46.659807
"Dutch_Elm_Disease",16.108272,46.681181
"Dutch_Elm_Disease",16.108272,46.681181
"Dutch_Elm_Disease",16.183342,46.676829
"Dutch_Elm_Disease",16.108272,46.681181
"Dutch_Elm_Disease",16.265535,46.64221
"Dutch_Elm_Disease",16.277742,46.647473
"Dutch_Elm_Disease",16.272834,46.647077
"Dutch_Elm_Disease",16.098159,46.665984
"Dutch_Elm_Disease",16.079389,46.691354
"Dutch_Elm_Disease",16.039585,46.712191
"Dutch_Elm_Disease",16.146365,46.683684
"Dutch_Elm_Disease",16.108272,46.681181
"Dutch_Elm_Disease",16.039585,46.712191
"Dutch_Elm_Disease",16.283978,46.648752
"Dutch_Elm_Disease",16.207951,46.660827
"Dutch_Elm_Disease",16.267146,46.655238
"Dutch_Elm_Disease",16.063504,46.698026
"Dutch_Elm_Disease",16.203174,46.657549
"Dutch_Elm_Disease",16.228999,46.661233
"Dutch_Elm_Disease",16.282576,46.644719
"Dutch_Elm_Disease",16.235378,46.665932
"Dutch_Elm_Disease",16.235378,46.665932
"Dutch_Elm_Disease",16.196311,46.672196
"Dutch_Elm_Disease",16.063504,46.698026
"Dutch_Elm_Disease",16.21355,46.68326
"Dutch_Elm_Disease",16.097455,46.69568
"Dutch_Elm_Disease",16.063504,46.698026
"Dutch_Elm_Disease",16.203174,46.657549
"Dutch_Elm_Disease",16.183011,46.691588
"Dutch_Elm_Disease",16.207951,46.660827
"Dutch_Elm_Disease",16.24947,46.653633
"Dutch_Elm_Disease",16.276364,46.658293
"Dutch_Elm_Disease",16.282736,46.651465
"Dutch_Elm_Disease",16.28081,46.652881
"Dutch_Elm_Disease",16.277407,46.636005
"Dutch_Elm_Disease",16.274523,46.635588
"Dutch_Elm_Disease",16.275513,46.638771
"Dutch_Elm_Disease",16.286285,46.649626
"Dutch_Elm_Disease",16.272465,46.645282
"Dutch_Elm_Disease",16.270466,46.646384
"Dutch_Elm_Disease",16.276364,46.658293
"Dutch_Elm_Disease",16.267146,46.655238
"Dutch_Elm_Disease",16.282736,46.651465
"Dutch_Elm_Disease",16.279439,46.650153
"Dutch_Elm_Disease",16.278926,46.64503
"Dutch_Elm_Disease",16.284476,46.642179
"Dutch_Elm_Disease",16.280415,46.636197
"Dutch_Elm_Disease",16.288507,46.646902
"Dutch_Elm_Disease",16.288507,46.646902
"Dutch_Elm_Disease",16.274523,46.635588
"Dutch_Elm_Disease",16.243354,46.643354
"Dutch_Elm_Disease",16.282576,46.644719
"Dutch_Elm_Disease",16.24162,46.596139
"Dutch_Elm_Disease",16.267399,46.638141
"Dutch_Elm_Disease",16.277584,46.604739
"Dutch_Elm_Disease",16.243354,46.643354
"Dutch_Elm_Disease",16.24162,46.596139
"Dutch_Elm_Disease",16.205949,46.576728
"Dutch_Elm_Disease",16.243354,46.643354
"Dutch_Elm_Disease",16.231001,46.565304
"Dutch_Elm_Disease",16.224587,46.564294
"Dutch_Elm_Disease",16.243354,46.643354
"Dutch_Elm_Disease",16.277584,46.604739
"Dutch_Elm_Disease",16.24162,46.596139
"Dutch_Elm_Disease",16.231001,46.565304
"Dutch_Elm_Disease",16.243354,46.643354
"Dutch_Elm_Disease",16.24162,46.596139
"Dutch_Elm_Disease",16.243354,46.643354
"Dutch_Elm_Disease",16.205949,46.576728
"Dutch_Elm_Disease",16.24162,46.596139
"Dutch_Elm_Disease",16.24162,46.596139
"Dutch_Elm_Disease",16.231001,46.565304
"Dutch_Elm_Disease",16.243354,46.643354
"Dutch_Elm_Disease",16.277584,46.604739
"Dutch_Elm_Disease",16.24162,46.596139
"Dutch_Elm_Disease",16.277584,46.604739
"Dutch_Elm_Disease",16.231001,46.565304
"Dutch_Elm_Disease",16.243354,46.643354
"Dutch_Elm_Disease",16.243354,46.643354
"Dutch_Elm_Disease",16.205949,46.576728
"Dutch_Elm_Disease",16.224587,46.564294
"Dutch_Elm_Disease",16.205949,46.576728
"Dutch_Elm_Disease",16.277584,46.604739
"Dutch_Elm_Disease",16.25808,46.602437
"Dutch_Elm_Disease",16.224587,46.564294
"Dutch_Elm_Disease",16.224587,46.564294
"Dutch_Elm_Disease",16.231001,46.565304
"Dutch_Elm_Disease",16.224587,46.564294
"Dutch_Elm_Disease",16.224587,46.564294
"Dutch_Elm_Disease",16.224587,46.564294
"Dutch_Elm_Disease",16.224587,46.564294
"Dutch_Elm_Disease",16.224587,46.564294
"Dutch_Elm_Disease",16.205949,46.576728
"Dutch_Elm_Disease",16.205949,46.576728
"Dutch_Elm_Disease",16.231001,46.565304
"Dutch_Elm_Disease",16.205949,46.576728
"Dutch_Elm_Disease",16.216675,46.577964
"Dutch_Elm_Disease",16.205949,46.576728
"Dutch_Elm_Disease",16.219432,46.59035
"Dutch_Elm_Disease",16.224587,46.564294
"Dutch_Elm_Disease",16.205949,46.576728
"Dutch_Elm_Disease",16.224587,46.564294
"Dutch_Elm_Disease",16.205949,46.576728
"Dutch_Elm_Disease",16.206529,46.580554
"Dutch_Elm_Disease",16.14188,46.50811
"Dutch_Elm_Disease",16.113299,46.607808
"Dutch_Elm_Disease",16.145881,46.605237
"Dutch_Elm_Disease",16.165183,46.598294
"Dutch_Elm_Disease",16.165183,46.598294
"Dutch_Elm_Disease",16.18711,46.490779
"Dutch_Elm_Disease",16.189758,46.671365
"Dutch_Elm_Disease",16.147877,46.607016
"Dutch_Elm_Disease",16.165183,46.598294
"Dutch_Elm_Disease",16.209279,46.609082
"Dutch_Elm_Disease",16.165183,46.598294
"Dutch_Elm_Disease",16.220283,46.633976
"Dutch_Elm_Disease",16.109411,46.609196
"Dutch_Elm_Disease",16.177439,46.495378
"Dutch_Elm_Disease",16.165183,46.598294
"Dutch_Elm_Disease",16.220283,46.633976
"Dutch_Elm_Disease",16.204768,46.582318
"Dutch_Elm_Disease",16.165183,46.598294
"Dutch_Elm_Disease",16.145881,46.605237
"Dutch_Elm_Disease",16.14188,46.50811
"Dutch_Elm_Disease",16.109411,46.609196
"Dutch_Elm_Disease",16.145881,46.605237
"Dutch_Elm_Disease",16.147877,46.607016
"Dutch_Elm_Disease",16.18711,46.490779
"Dutch_Elm_Disease",16.213544,46.566301
"Dutch_Elm_Disease",16.201934,46.583968
"Dutch_Elm_Disease",16.209279,46.609082
"Dutch_Elm_Disease",16.201189,46.585685
"Dutch_Elm_Disease",16.206795,46.585446
"Dutch_Elm_Disease",16.109411,46.609196
"Dutch_Elm_Disease",16.113299,46.607808
"Dutch_Elm_Disease",16.147877,46.607016
"Dutch_Elm_Disease",16.177439,46.495378
"Dutch_Elm_Disease",16.18711,46.490779
"Dutch_Elm_Disease",16.177439,46.495378
"Dutch_Elm_Disease",16.165183,46.598294
"Dutch_Elm_Disease",16.164991,46.552861
"Dutch_Elm_Disease",16.109411,46.609196
"Dutch_Elm_Disease",16.147877,46.607016
"Dutch_Elm_Disease",16.213544,46.566301
"Dutch_Elm_Disease",16.201226,46.584425
"Dutch_Elm_Disease",16.165183,46.598294
"Dutch_Elm_Disease",16.177439,46.495378
"Dutch_Elm_Disease",16.164991,46.552861
"Dutch_Elm_Disease",16.196734,46.59077
"Dutch_Elm_Disease",16.145881,46.605237
"Dutch_Elm_Disease",16.14188,46.50811
"Dutch_Elm_Disease",16.14188,46.50811
"Dutch_Elm_Disease",16.107429,46.512048
"Dutch_Elm_Disease",16.168424,46.530559
"Dutch_Elm_Disease",16.147877,46.607016
"Dutch_Elm_Disease",16.201934,46.583968
"Dutch_Elm_Disease",16.139802,46.533322
"Dutch_Elm_Disease",16.165183,46.598294
"Dutch_Elm_Disease",16.168424,46.530559
"Dutch_Elm_Disease",16.165183,46.598294
"Dutch_Elm_Disease",16.147877,46.607016
"Dutch_Elm_Disease",16.168424,46.530559
"Dutch_Elm_Disease",16.177439,46.495378
"Dutch_Elm_Disease",16.209279,46.609082
"Dutch_Elm_Disease",16.187482,46.55263
"Dutch_Elm_Disease",16.109411,46.609196
"Dutch_Elm_Disease",16.164991,46.552861
"Dutch_Elm_Disease",16.164991,46.552861
"Dutch_Elm_Disease",16.165183,46.598294
"Dutch_Elm_Disease",16.113299,46.607808
"Dutch_Elm_Disease",16.201934,46.583968
"Dutch_Elm_Disease",16.168424,46.530559
"Dutch_Elm_Disease",16.164991,46.552861
"Dutch_Elm_Disease",16.168424,46.530559
"Dutch_Elm_Disease",16.189758,46.671365
"Dutch_Elm_Disease",16.227729,46.530161
"Dutch_Elm_Disease",16.113299,46.607808
"Dutch_Elm_Disease",16.164991,46.552861
"Dutch_Elm_Disease",16.23282,46.553499
"Dutch_Elm_Disease",16.109411,46.609196
"Dutch_Elm_Disease",16.145881,46.605237
"Dutch_Elm_Disease",16.109411,46.609196
"Dutch_Elm_Disease",16.177439,46.495378
"Dutch_Elm_Disease",16.209279,46.609082
"Dutch_Elm_Disease",16.164991,46.552861
"Dutch_Elm_Disease",16.187482,46.55263
"Dutch_Elm_Disease",16.253454,46.543377
"Dutch_Elm_Disease",16.177439,46.495378
"Dutch_Elm_Disease",16.155443,46.533165
"Dutch_Elm_Disease",16.147877,46.607016
"Dutch_Elm_Disease",16.253454,46.543377
"Dutch_Elm_Disease",16.202912,46.586881
"Dutch_Elm_Disease",16.164991,46.552861
"Dutch_Elm_Disease",16.205496,46.58573
"Dutch_Elm_Disease",16.165183,46.598294
"Dutch_Elm_Disease",16.14188,46.50811
"Dutch_Elm_Disease",16.201189,46.585685
"Dutch_Elm_Disease",15.834048,46.721299
"Dutch_Elm_Disease",16.147877,46.607016
"Dutch_Elm_Disease",16.201189,46.585685
"Dutch_Elm_Disease",16.202877,46.585307
"Dutch_Elm_Disease",16.212114,46.531453
"Dutch_Elm_Disease",16.062512,46.547563
"Dutch_Elm_Disease",16.165183,46.598294
"Dutch_Elm_Disease",16.147877,46.607016
"Dutch_Elm_Disease",16.155443,46.533165
"Dutch_Elm_Disease",16.109411,46.609196
"Dutch_Elm_Disease",16.109411,46.609196
"Dutch_Elm_Disease",16.155443,46.533165
"Dutch_Elm_Disease",16.213544,46.566301
"Dutch_Elm_Disease",16.165183,46.598294
"Dutch_Elm_Disease",16.213544,46.566301
"Dutch_Elm_Disease",16.202366,46.561651
"Dutch_Elm_Disease",16.23282,46.553499
"Dutch_Elm_Disease",16.209279,46.609082
"Dutch_Elm_Disease",16.139802,46.533322
"Dutch_Elm_Disease",16.168424,46.530559
"Dutch_Elm_Disease",16.147877,46.607016
"Dutch_Elm_Disease",16.147877,46.607016
"Dutch_Elm_Disease",16.165183,46.598294
"Dutch_Elm_Disease",16.14188,46.50811
"Dutch_Elm_Disease",16.18711,46.490779
"Dutch_Elm_Disease",16.253454,46.543377
"Dutch_Elm_Disease",16.253454,46.543377
"Dutch_Elm_Disease",16.139802,46.533322
"Dutch_Elm_Disease",16.164991,46.552861
"Dutch_Elm_Disease",16.109411,46.609196
"Dutch_Elm_Disease",16.18711,46.490779
"Dutch_Elm_Disease",16.14188,46.50811
"Dutch_Elm_Disease",16.165183,46.598294
"Dutch_Elm_Disease",16.220283,46.633976
"Dutch_Elm_Disease",16.168424,46.530559
"Dutch_Elm_Disease",16.213544,46.566301
"Dutch_Elm_Disease",16.18711,46.490779
"Dutch_Elm_Disease",16.164991,46.552861
"Dutch_Elm_Disease",16.23282,46.553499
"Dutch_Elm_Disease",16.165183,46.598294
"Dutch_Elm_Disease",16.165183,46.598294
"Dutch_Elm_Disease",16.145881,46.605237
"Dutch_Elm_Disease",16.165183,46.598294
"Dutch_Elm_Disease",16.107429,46.512048
"Dutch_Elm_Disease",16.165183,46.598294
"Dutch_Elm_Disease",16.177439,46.495378
"Dutch_Elm_Disease",16.165183,46.598294
"Dutch_Elm_Disease",16.147877,46.607016
"Dutch_Elm_Disease",16.147877,46.607016
"Dutch_Elm_Disease",16.164991,46.552861
"Dutch_Elm_Disease",16.213544,46.566301
"Dutch_Elm_Disease",16.168424,46.530559
"Dutch_Elm_Disease",16.23282,46.553499
"Dutch_Elm_Disease",16.18711,46.490779
"Dutch_Elm_Disease",16.164991,46.552861
"Dutch_Elm_Disease",16.213544,46.566301
"Dutch_Elm_Disease",16.253454,46.543377
"Dutch_Elm_Disease",16.253454,46.543377
"Dutch_Elm_Disease",16.146931,46.562266
"Dutch_Elm_Disease",16.213544,46.566301
"Dutch_Elm_Disease",16.213544,46.566301
"Dutch_Elm_Disease",16.177439,46.495378
"Dutch_Elm_Disease",16.253454,46.543377
"Dutch_Elm_Disease",16.14188,46.50811
"Dutch_Elm_Disease",16.253454,46.543377
"Dutch_Elm_Disease",16.253454,46.543377
"Dutch_Elm_Disease",16.109411,46.609196
"Dutch_Elm_Disease",16.164991,46.552861
"Dutch_Elm_Disease",16.14188,46.50811
"Dutch_Elm_Disease",16.165183,46.598294
"Dutch_Elm_Disease",16.227729,46.530161
"Dutch_Elm_Disease",16.187482,46.55263
"Dutch_Elm_Disease",16.155443,46.533165
"Dutch_Elm_Disease",16.213544,46.566301
"Dutch_Elm_Disease",16.220283,46.633976
"Dutch_Elm_Disease",16.147877,46.607016
"Dutch_Elm_Disease",16.18711,46.490779
"Dutch_Elm_Disease",16.177439,46.495378
"Dutch_Elm_Disease",16.253454,46.543377
"Dutch_Elm_Disease",15.849804,46.683397
"Dutch_Elm_Disease",16.164991,46.552861
"Dutch_Elm_Disease",16.253454,46.543377
"Dutch_Elm_Disease",16.18711,46.490779
"Dutch_Elm_Disease",16.18711,46.490779
"Dutch_Elm_Disease",16.155443,46.533165
"Dutch_Elm_Disease",16.164991,46.552861
"Dutch_Elm_Disease",16.155443,46.533165
"Dutch_Elm_Disease",16.164991,46.552861
"Dutch_Elm_Disease",16.292112,46.524053
"Dutch_Elm_Disease",16.164991,46.552861
"Dutch_Elm_Disease",16.292112,46.524053
"Dutch_Elm_Disease",16.168834,46.519308
"Dutch_Elm_Disease",16.292112,46.524053
"Dutch_Elm_Disease",16.253454,46.543377
"Dutch_Elm_Disease",16.213544,46.566301
"Dutch_Elm_Disease",15.865426,46.720166
"Dutch_Elm_Disease",15.798395,46.698838
"Dutch_Elm_Disease",16.177439,46.495378
"Dutch_Elm_Disease",16.23282,46.553499
"Dutch_Elm_Disease",16.177439,46.495378
"Dutch_Elm_Disease",16.171221,46.569667
"Dutch_Elm_Disease",16.253454,46.543377
"Dutch_Elm_Disease",16.213544,46.566301
"Dutch_Elm_Disease",16.253454,46.543377
"Dutch_Elm_Disease",16.187482,46.55263
"Dutch_Elm_Disease",16.223657,46.523008
"Dutch_Elm_Disease",16.164991,46.552861
"Dutch_Elm_Disease",16.109411,46.609196
"Dutch_Elm_Disease",16.164991,46.552861
"Dutch_Elm_Disease",16.23282,46.553499
"Dutch_Elm_Disease",16.253454,46.543377
"Dutch_Elm_Disease",16.213544,46.566301
"Dutch_Elm_Disease",16.253454,46.543377
"Dutch_Elm_Disease",16.14852,46.668188
"Dutch_Elm_Disease",16.23282,46.553499
"Dutch_Elm_Disease",16.23282,46.553499
"Dutch_Elm_Disease",16.23282,46.553499
"Dutch_Elm_Disease",16.177439,46.495378
"Dutch_Elm_Disease",16.223657,46.523008
"Dutch_Elm_Disease",16.213544,46.566301
"Dutch_Elm_Disease",16.212114,46.531453
"Dutch_Elm_Disease",16.18711,46.490779
"Dutch_Elm_Disease",16.18711,46.490779
"Dutch_Elm_Disease",16.18711,46.490779
"Dutch_Elm_Disease",16.202366,46.561651
"Dutch_Elm_Disease",16.164991,46.552861
"Dutch_Elm_Disease",16.213544,46.566301
"Dutch_Elm_Disease",16.23282,46.553499
"Dutch_Elm_Disease",16.223657,46.523008
"Dutch_Elm_Disease",16.227729,46.530161
"Dutch_Elm_Disease",16.164991,46.552861
"Dutch_Elm_Disease",16.202366,46.561651
"Dutch_Elm_Disease",16.213544,46.566301
"Dutch_Elm_Disease",16.14188,46.50811
"Dutch_Elm_Disease",16.112414,46.564632
"Dutch_Elm_Disease",16.292112,46.524053
"Dutch_Elm_Disease",16.113299,46.607808
"Dutch_Elm_Disease",16.177439,46.495378
"Dutch_Elm_Disease",16.164991,46.552861
"Dutch_Elm_Disease",16.223657,46.523008
"Dutch_Elm_Disease",16.213544,46.566301
"Dutch_Elm_Disease",16.168424,46.530559
"Dutch_Elm_Disease",16.18711,46.490779
"Dutch_Elm_Disease",16.213544,46.566301
"Dutch_Elm_Disease",16.227729,46.530161
"Dutch_Elm_Disease",16.163997,46.536902
"Dutch_Elm_Disease",16.14188,46.50811
"Dutch_Elm_Disease",16.163997,46.536902
"Dutch_Elm_Disease",16.227729,46.530161
"Dutch_Elm_Disease",16.187482,46.55263
"Dutch_Elm_Disease",16.164991,46.552861
"Dutch_Elm_Disease",16.23282,46.553499
"Dutch_Elm_Disease",16.177439,46.495378
"Dutch_Elm_Disease",16.23282,46.553499
"Dutch_Elm_Disease",16.23282,46.553499
"Dutch_Elm_Disease",16.202366,46.561651
"Dutch_Elm_Disease",16.280079,46.525088
"Dutch_Elm_Disease",16.168834,46.519308
"Dutch_Elm_Disease",16.292112,46.524053
"Dutch_Elm_Disease",16.280079,46.525088
"Dutch_Elm_Disease",16.253454,46.543377
"Dutch_Elm_Disease",16.223657,46.523008
"Dutch_Elm_Disease",16.223657,46.523008
"Dutch_Elm_Disease",16.253454,46.543377
"Dutch_Elm_Disease",16.253454,46.543377
"Dutch_Elm_Disease",16.213544,46.566301
"Dutch_Elm_Disease",16.18711,46.490779
"Dutch_Elm_Disease",16.164991,46.552861
"Dutch_Elm_Disease",16.164991,46.552861
"Dutch_Elm_Disease",16.223657,46.523008
"Dutch_Elm_Disease",16.253454,46.543377
"Dutch_Elm_Disease",16.177439,46.495378
"Dutch_Elm_Disease",16.223657,46.523008
"Dutch_Elm_Disease",16.168424,46.530559
"Dutch_Elm_Disease",16.253454,46.543377
"Dutch_Elm_Disease",16.23282,46.553499
"Dutch_Elm_Disease",16.171221,46.569667
"Dutch_Elm_Disease",16.164991,46.552861
"Dutch_Elm_Disease",16.223657,46.523008
"Dutch_Elm_Disease",16.253454,46.543377
"Dutch_Elm_Disease",16.113299,46.607808
"Dutch_Elm_Disease",16.253454,46.543377
"Dutch_Elm_Disease",16.213544,46.566301
"Dutch_Elm_Disease",16.18711,46.490779
"Dutch_Elm_Disease",16.113299,46.607808
"Dutch_Elm_Disease",16.223657,46.523008
"Dutch_Elm_Disease",16.253454,46.543377
"Dutch_Elm_Disease",16.139802,46.533322
"Dutch_Elm_Disease",16.227729,46.530161
"Dutch_Elm_Disease",16.202366,46.561651
"Dutch_Elm_Disease",16.26917,46.532407
"Dutch_Elm_Disease",16.26917,46.532407
"Dutch_Elm_Disease",16.26917,46.532407
"Dutch_Elm_Disease",16.253454,46.543377
"Dutch_Elm_Disease",16.213544,46.566301
"Dutch_Elm_Disease",16.23282,46.553499
"Dutch_Elm_Disease",16.254755,46.515023
"Dutch_Elm_Disease",16.171221,46.569667
"Dutch_Elm_Disease",16.253454,46.543377
"Dutch_Elm_Disease",16.266044,46.52412
"Dutch_Elm_Disease",16.253454,46.543377
"Dutch_Elm_Disease",16.223657,46.523008
"Dutch_Elm_Disease",16.227729,46.530161
"Dutch_Elm_Disease",16.164991,46.552861
"Dutch_Elm_Disease",16.26917,46.532407
"Dutch_Elm_Disease",16.223657,46.523008
"Dutch_Elm_Disease",16.227729,46.530161
"Dutch_Elm_Disease",16.223657,46.523008
"Dutch_Elm_Disease",16.253454,46.543377
"Dutch_Elm_Disease",16.253454,46.543377
"Dutch_Elm_Disease",16.253454,46.543377
"Dutch_Elm_Disease",16.246276,46.514666
"Dutch_Elm_Disease",16.23282,46.553499
"Dutch_Elm_Disease",16.253454,46.543377
"Dutch_Elm_Disease",16.253454,46.543377
"Dutch_Elm_Disease",16.280079,46.525088
"Dutch_Elm_Disease",16.292112,46.524053
"Dutch_Elm_Disease",16.310769,46.689608
"Dutch_Elm_Disease",16.266044,46.52412
"Dutch_Elm_Disease",16.253454,46.543377
"Dutch_Elm_Disease",15.849804,46.683397
"Dutch_Elm_Disease",15.795004,46.712806
"Dutch_Elm_Disease",15.88052,46.703182
"Dutch_Elm_Disease",16.266044,46.52412
"Dutch_Elm_Disease",16.266044,46.52412
"Dutch_Elm_Disease",16.26917,46.532407
"Dutch_Elm_Disease",15.846471,46.720983
"Dutch_Elm_Disease",15.88052,46.703182
"Dutch_Elm_Disease",16.280079,46.525088
"Dutch_Elm_Disease",16.280079,46.525088
"Dutch_Elm_Disease",15.962825,46.661807
"Dutch_Elm_Disease",16.280079,46.525088
"Dutch_Elm_Disease",15.865426,46.720166
"Dutch_Elm_Disease",15.904038,46.701874
"Dutch_Elm_Disease",16.26917,46.532407
"Dutch_Elm_Disease",16.292112,46.524053
"Dutch_Elm_Disease",16.280079,46.525088
"Dutch_Elm_Disease",16.26917,46.532407
"Dutch_Elm_Disease",16.280079,46.525088
"Dutch_Elm_Disease",16.280079,46.525088
"Dutch_Elm_Disease",16.292112,46.524053
"Dutch_Elm_Disease",16.292112,46.524053
"Dutch_Elm_Disease",16.292112,46.524053
"Dutch_Elm_Disease",16.292112,46.524053
"Dutch_Elm_Disease",16.292112,46.524053
"Dutch_Elm_Disease",16.292112,46.524053
"Dutch_Elm_Disease",16.292112,46.524053
"Dutch_Elm_Disease",16.292112,46.524053
"Dutch_Elm_Disease",16.292112,46.524053
"Dutch_Elm_Disease",16.292112,46.524053
"Dutch_Elm_Disease",16.301538,46.523046
"Dutch_Elm_Disease",16.292112,46.524053
"Dutch_Elm_Disease",16.292112,46.524053
"Dutch_Elm_Disease",16.292112,46.524053
"Dutch_Elm_Disease",16.291412,46.522036
"Dutch_Elm_Disease",16.311428,46.67633
"Dutch_Elm_Disease",16.304047,46.518969
"Dutch_Elm_Disease",16.292112,46.524053
"Dutch_Elm_Disease",16.291412,46.522036
"Dutch_Elm_Disease",16.181315,46.523903
"Dutch_Elm_Disease",16.154311,46.52283
"Dutch_Elm_Disease",16.301538,46.523046
"Dutch_Elm_Disease",16.176657,46.504383
"Dutch_Elm_Disease",16.251669,46.508309
"Dutch_Elm_Disease",16.241754,46.502119
"Dutch_Elm_Disease",16.301538,46.523046
"Dutch_Elm_Disease",16.181315,46.523903
"Dutch_Elm_Disease",16.186006,46.514858
"Dutch_Elm_Disease",16.229451,46.505401
"Dutch_Elm_Disease",16.292112,46.524053
"Dutch_Elm_Disease",16.251669,46.508309
"Dutch_Elm_Disease",16.207348,46.478196
"Dutch_Elm_Disease",16.251669,46.508309
"Dutch_Elm_Disease",16.186006,46.514858
"Dutch_Elm_Disease",15.916419,46.66084
"Dutch_Elm_Disease",15.848519,46.705674
"Dutch_Elm_Disease",16.18592,46.495965
"Dutch_Elm_Disease",15.795004,46.712806
"Dutch_Elm_Disease",16.218908,46.500116
"Dutch_Elm_Disease",15.91158,46.664477
"Dutch_Elm_Disease",15.819046,46.702515
"Dutch_Elm_Disease",16.301899,46.755611
"Dutch_Elm_Disease",16.306038,46.669645
"Dutch_Elm_Disease",15.91158,46.664477
"Dutch_Elm_Disease",15.91158,46.664477
"Dutch_Elm_Disease",16.181315,46.523903
"Dutch_Elm_Disease",15.804035,46.704421
"Dutch_Elm_Disease",15.819046,46.702515
"Dutch_Elm_Disease",16.375111,46.713368
"Dutch_Elm_Disease",15.791573,46.701809
"Dutch_Elm_Disease",15.932805,46.663856
"Dutch_Elm_Disease",15.91158,46.664477
"Dutch_Elm_Disease",15.915599,46.670293
"Dutch_Elm_Disease",15.93433,46.657546
"Dutch_Elm_Disease",15.829716,46.694791
"Dutch_Elm_Disease",15.795004,46.712806
"Dutch_Elm_Disease",15.91158,46.664477
"Dutch_Elm_Disease",15.838321,46.680558
"Dutch_Elm_Disease",15.886927,46.675243
"Dutch_Elm_Disease",15.932805,46.663856
"Dutch_Elm_Disease",16.3062,46.689886
"Dutch_Elm_Disease",15.828666,46.6903
"Dutch_Elm_Disease",15.824342,46.685383
"Dutch_Elm_Disease",15.798395,46.698838
"Dutch_Elm_Disease",15.848519,46.705674
"Dutch_Elm_Disease",15.819662,46.700037
"Dutch_Elm_Disease",15.804035,46.704421
"Dutch_Elm_Disease",15.827225,46.681539
"Dutch_Elm_Disease",15.828666,46.6903
"Dutch_Elm_Disease",15.832171,46.684427
"Dutch_Elm_Disease",15.829716,46.694791
"Dutch_Elm_Disease",15.80664,46.703728
"Dutch_Elm_Disease",15.829716,46.694791
"Dutch_Elm_Disease",15.828666,46.6903
"Dutch_Elm_Disease",15.795004,46.712806
"Dutch_Elm_Disease",15.828666,46.6903
"Dutch_Elm_Disease",15.846471,46.720983
"Dutch_Elm_Disease",15.798395,46.698838
"Dutch_Elm_Disease",15.865426,46.720166
"Dutch_Elm_Disease",15.865426,46.720166
"Dutch_Elm_Disease",15.806977,46.7044
"Dutch_Elm_Disease",15.834048,46.721299
"Dutch_Elm_Disease",15.834048,46.721299
"Dutch_Elm_Disease",15.849804,46.683397
"Dutch_Elm_Disease",15.818355,46.721638
"Dutch_Elm_Disease",15.818355,46.721638
"Dutch_Elm_Disease",15.849804,46.683397
"Dutch_Elm_Disease",15.88052,46.703182
"Dutch_Elm_Disease",15.849804,46.683397
"Dutch_Elm_Disease",15.818355,46.721638
"Dutch_Elm_Disease",15.818355,46.721638
"Dutch_Elm_Disease",15.904181,46.710419
"Dutch_Elm_Disease",15.904038,46.701874
"Dutch_Elm_Disease",15.849804,46.683397
"Dutch_Elm_Disease",15.88052,46.703182
"Dutch_Elm_Disease",15.849804,46.683397
"Dutch_Elm_Disease",15.88052,46.703182
"Dutch_Elm_Disease",15.849804,46.683397
"Dutch_Elm_Disease",15.88052,46.703182
"Dutch_Elm_Disease",15.858927,46.702222
"Dutch_Elm_Disease",15.949545,46.686885
"Dutch_Elm_Disease",15.849804,46.683397
"Dutch_Elm_Disease",15.88052,46.703182
"Dutch_Elm_Disease",15.818355,46.721638
"Dutch_Elm_Disease",15.88052,46.703182
"Dutch_Elm_Disease",15.949545,46.686885
"Dutch_Elm_Disease",15.858927,46.702222
"Dutch_Elm_Disease",15.858927,46.702222
"Dutch_Elm_Disease",15.858927,46.702222
"Dutch_Elm_Disease",15.904181,46.710419
"Dutch_Elm_Disease",15.88052,46.703182
"Dutch_Elm_Disease",15.858927,46.702222
"Dutch_Elm_Disease",15.858927,46.702222
"Dutch_Elm_Disease",15.858927,46.702222
"Dutch_Elm_Disease",15.858927,46.702222
"Dutch_Elm_Disease",15.904181,46.710419
"Dutch_Elm_Disease",16.085748,46.617295
"Dutch_Elm_Disease",15.930107,46.696941
"Dutch_Elm_Disease",15.88052,46.703182
"Dutch_Elm_Disease",15.88052,46.703182
"Dutch_Elm_Disease",15.904181,46.710419
"Dutch_Elm_Disease",15.879026,46.691723
"Dutch_Elm_Disease",15.963543,46.676421
"Dutch_Elm_Disease",15.913468,46.679532
"Dutch_Elm_Disease",15.94525,46.665553
"Dutch_Elm_Disease",15.970649,46.67906
"Dutch_Elm_Disease",15.930107,46.696941
"Dutch_Elm_Disease",15.963543,46.676421
"Dutch_Elm_Disease",15.904038,46.701874
"Dutch_Elm_Disease",15.904181,46.710419
"Dutch_Elm_Disease",15.904038,46.701874
"Dutch_Elm_Disease",16.035776,46.564453
"Dutch_Elm_Disease",15.930107,46.696941
"Dutch_Elm_Disease",15.949545,46.686885
"Dutch_Elm_Disease",15.949545,46.686885
"Dutch_Elm_Disease",16.035776,46.564453
"Dutch_Elm_Disease",15.949545,46.686885
"Dutch_Elm_Disease",15.904038,46.701874
"Dutch_Elm_Disease",15.972053,46.684446
"Dutch_Elm_Disease",15.947666,46.654287
"Dutch_Elm_Disease",15.94525,46.665553
"Dutch_Elm_Disease",16.002622,46.672711
"Dutch_Elm_Disease",16.035776,46.564453
"Dutch_Elm_Disease",16.035776,46.564453
"Dutch_Elm_Disease",16.0451,46.57449
"Dutch_Elm_Disease",16.047882,46.583461
"Dutch_Elm_Disease",15.972053,46.684446
"Dutch_Elm_Disease",16.03456,46.654657
"Dutch_Elm_Disease",15.972053,46.684446
"Dutch_Elm_Disease",16.019019,46.661995
"Dutch_Elm_Disease",16.038564,46.55678
"Dutch_Elm_Disease",16.002622,46.672711
"Dutch_Elm_Disease",16.03456,46.654657
"Dutch_Elm_Disease",16.02992,46.599594
"Dutch_Elm_Disease",16.047882,46.583461
"Dutch_Elm_Disease",16.035776,46.564453
"Dutch_Elm_Disease",15.948146,46.60705
"Dutch_Elm_Disease",16.038564,46.55678
"Dutch_Elm_Disease",16.036729,46.597283
"Dutch_Elm_Disease",16.038564,46.55678
"Dutch_Elm_Disease",16.085748,46.617295
"Dutch_Elm_Disease",15.970678,46.589542
"Dutch_Elm_Disease",16.038564,46.55678
"Dutch_Elm_Disease",15.970215,46.563679
"Dutch_Elm_Disease",16.057319,46.582249
"Dutch_Elm_Disease",15.911619,46.647383
"Dutch_Elm_Disease",16.035776,46.564453
"Dutch_Elm_Disease",15.946742,46.601438
"Dutch_Elm_Disease",16.000984,46.569937
"Dutch_Elm_Disease",16.035776,46.564453
"Dutch_Elm_Disease",15.952002,46.603644
"Dutch_Elm_Disease",15.952002,46.603644
"Dutch_Elm_Disease",16.009166,46.536351
"Dutch_Elm_Disease",15.948146,46.60705
"Dutch_Elm_Disease",15.917102,46.643291
"Dutch_Elm_Disease",16.000367,46.607279
"Dutch_Elm_Disease",15.911619,46.647383
"Dutch_Elm_Disease",15.930231,46.628115
"Dutch_Elm_Disease",15.942843,46.60237
"Dutch_Elm_Disease",15.911619,46.647383
"Dutch_Elm_Disease",15.917102,46.643291
"Dutch_Elm_Disease",15.912454,46.658173
"Dutch_Elm_Disease",15.893944,46.645049
"Dutch_Elm_Disease",15.945246,46.64666
"Dutch_Elm_Disease",15.912454,46.658173
"Dutch_Elm_Disease",15.912454,46.658173
"Dutch_Elm_Disease",15.932297,46.653289
"Dutch_Elm_Disease",15.945246,46.64666
"Dutch_Elm_Disease",15.912454,46.658173
"Dutch_Elm_Disease",15.912454,46.658173
"Dutch_Elm_Disease",16.319143,46.671068
"Dutch_Elm_Disease",16.351268,46.662146
"Dutch_Elm_Disease",16.344742,46.670365
"Dutch_Elm_Disease",15.924958,46.644352
"Dutch_Elm_Disease",16.319143,46.671068
"Dutch_Elm_Disease",16.319143,46.671068
"Dutch_Elm_Disease",16.338907,46.664316
"Dutch_Elm_Disease",15.923272,46.641217
"Dutch_Elm_Disease",16.327563,46.681317
"Dutch_Elm_Disease",16.405611,46.69163
"Dutch_Elm_Disease",16.33651,46.532629
"Dutch_Elm_Disease",16.409305,46.695408
"Dutch_Elm_Disease",16.394865,46.5663
"Dutch_Elm_Disease",16.351041,46.566557
"Dutch_Elm_Disease",16.405611,46.69163
"Dutch_Elm_Disease",16.409305,46.695408
"Dutch_Elm_Disease",16.332814,46.541399
"Dutch_Elm_Disease",16.310362,46.556594
"Dutch_Elm_Disease",16.415081,46.691288
"Dutch_Elm_Disease",16.310362,46.556594
"Dutch_Elm_Disease",16.330697,46.540164
"Dutch_Elm_Disease",16.393127,46.56974
"Dutch_Elm_Disease",16.398834,46.573539
"Dutch_Elm_Disease",16.393127,46.56974
"Dutch_Elm_Disease",16.401138,46.566763
"Dutch_Elm_Disease",16.310362,46.556594
"Dutch_Elm_Disease",16.310362,46.556594
"Dutch_Elm_Disease",16.320376,46.539294
"Dutch_Elm_Disease",16.310362,46.556594
"Dutch_Elm_Disease",16.371491,46.596363
"Dutch_Elm_Disease",16.321916,46.538287
"Dutch_Elm_Disease",16.351274,46.6074
"Dutch_Elm_Disease",16.398834,46.573539
"Dutch_Elm_Disease",16.27053,46.543189
"Dutch_Elm_Disease",16.337826,46.533153
"Dutch_Elm_Disease",16.421738,46.683378
"Dutch_Elm_Disease",16.255863,46.551718
"Dutch_Elm_Disease",16.304491,46.539135
"Dutch_Elm_Disease",16.359176,46.57938
"Dutch_Elm_Disease",16.388896,46.587965
"Dutch_Elm_Disease",16.310362,46.556594
"Dutch_Elm_Disease",16.339375,46.590716
"Dutch_Elm_Disease",16.320376,46.539294
"Dutch_Elm_Disease",16.376223,46.592527
"Dutch_Elm_Disease",16.337826,46.533153
"Dutch_Elm_Disease",16.304455,46.529464
"Dutch_Elm_Disease",16.310362,46.556594
"Dutch_Elm_Disease",16.496519,46.551023
"Dutch_Elm_Disease",16.304491,46.539135
"Dutch_Elm_Disease",16.394641,46.567742
"Dutch_Elm_Disease",16.264738,46.546402
"Dutch_Elm_Disease",16.314704,46.600188
"Dutch_Elm_Disease",16.337826,46.533153
"Dutch_Elm_Disease",16.304455,46.529464
"Dutch_Elm_Disease",16.337826,46.533153
"Dutch_Elm_Disease",16.470287,46.569582
"Dutch_Elm_Disease",16.380684,46.649873
"Dutch_Elm_Disease",16.330649,46.532877
"Dutch_Elm_Disease",16.380183,46.58915
"Dutch_Elm_Disease",16.332323,46.537356
"Dutch_Elm_Disease",16.250232,46.5507
"Dutch_Elm_Disease",16.359176,46.57938
"Dutch_Elm_Disease",16.339375,46.590716
"Dutch_Elm_Disease",16.359176,46.57938
"Dutch_Elm_Disease",16.379311,46.580524
"Dutch_Elm_Disease",16.357622,46.631526
"Dutch_Elm_Disease",16.328032,46.543164
"Dutch_Elm_Disease",16.365882,46.591302
"Dutch_Elm_Disease",16.351274,46.6074
"Dutch_Elm_Disease",16.319564,46.58105
"Dutch_Elm_Disease",16.339375,46.590716
"Dutch_Elm_Disease",16.26515,46.547297
"Dutch_Elm_Disease",16.33651,46.532629
"Dutch_Elm_Disease",16.332323,46.537356
"Dutch_Elm_Disease",16.351274,46.6074
"Dutch_Elm_Disease",16.328032,46.543164
"Dutch_Elm_Disease",16.339375,46.590716
"Dutch_Elm_Disease",16.319564,46.58105
"Dutch_Elm_Disease",16.359176,46.57938
"Dutch_Elm_Disease",16.332814,46.541399
"Dutch_Elm_Disease",16.304491,46.539135
"Dutch_Elm_Disease",16.339375,46.590716
"Dutch_Elm_Disease",16.304455,46.529464
"Dutch_Elm_Disease",16.362862,46.600964
"Dutch_Elm_Disease",16.359176,46.57938
"Dutch_Elm_Disease",16.309329,46.562454
"Dutch_Elm_Disease",16.351041,46.566557
"Dutch_Elm_Disease",16.359176,46.57938
"Dutch_Elm_Disease",16.304455,46.529464
"Dutch_Elm_Disease",16.339375,46.590716
"Dutch_Elm_Disease",16.339375,46.590716
"Dutch_Elm_Disease",16.332893,46.544637
"Dutch_Elm_Disease",16.304455,46.529464
"Dutch_Elm_Disease",16.304455,46.529464
"Dutch_Elm_Disease",16.304455,46.529464
"Dutch_Elm_Disease",16.282661,46.549981
"Dutch_Elm_Disease",16.337826,46.533153
"Dutch_Elm_Disease",16.357622,46.631526
"Dutch_Elm_Disease",16.342468,46.551156
"Dutch_Elm_Disease",16.357622,46.631526
"Dutch_Elm_Disease",16.269822,46.546346
"Dutch_Elm_Disease",16.337641,46.541523
"Dutch_Elm_Disease",16.309329,46.562454
"Dutch_Elm_Disease",16.351041,46.566557
"Dutch_Elm_Disease",16.309329,46.562454
"Dutch_Elm_Disease",16.351041,46.566557
"Dutch_Elm_Disease",16.380183,46.58915
"Dutch_Elm_Disease",16.282661,46.549981
"Dutch_Elm_Disease",16.351041,46.566557
"Dutch_Elm_Disease",16.335845,46.542713
"Dutch_Elm_Disease",16.304491,46.539135
"Dutch_Elm_Disease",16.319564,46.58105
"Dutch_Elm_Disease",16.319564,46.58105
"Dutch_Elm_Disease",16.304455,46.529464
"Dutch_Elm_Disease",16.351041,46.566557
"Dutch_Elm_Disease",16.304491,46.539135
"Dutch_Elm_Disease",16.359176,46.57938
"Dutch_Elm_Disease",16.309329,46.562454
"Dutch_Elm_Disease",16.304455,46.529464
"Dutch_Elm_Disease",16.255863,46.551718
"Dutch_Elm_Disease",16.319564,46.58105
"Dutch_Elm_Disease",16.319564,46.58105
"Dutch_Elm_Disease",16.319564,46.58105
"Dutch_Elm_Disease",16.273658,46.535309
"Dutch_Elm_Disease",16.274144,46.536041
"Dutch_Elm_Disease",16.357622,46.631526
"Dutch_Elm_Disease",16.262408,46.547148
"Dutch_Elm_Disease",16.357622,46.631526
"Dutch_Elm_Disease",16.357622,46.631526
"Dutch_Elm_Disease",16.357622,46.631526
"Dutch_Elm_Disease",16.304455,46.529464
"Dutch_Elm_Disease",16.255863,46.551718
"Dutch_Elm_Disease",16.357622,46.631526
"Dutch_Elm_Disease",16.304491,46.539135
"Dutch_Elm_Disease",16.314704,46.600188
"Dutch_Elm_Disease",16.388156,46.59985
"Dutch_Elm_Disease",16.269228,46.58234
"Dutch_Elm_Disease",16.255863,46.551718
"Dutch_Elm_Disease",16.351274,46.6074
"Dutch_Elm_Disease",15.925831,46.306272
"Dutch_Elm_Disease",16.255863,46.551718
"Dutch_Elm_Disease",16.272408,46.545417
"Dutch_Elm_Disease",16.304455,46.529464
"Dutch_Elm_Disease",16.398045,46.603688
"Dutch_Elm_Disease",16.357622,46.631526
"Dutch_Elm_Disease",16.255863,46.551718
"Dutch_Elm_Disease",16.357622,46.631526
"Dutch_Elm_Disease",16.272408,46.545417
"Dutch_Elm_Disease",16.304455,46.529464
"Dutch_Elm_Disease",16.357622,46.631526
"Dutch_Elm_Disease",16.330697,46.540164
"Dutch_Elm_Disease",16.366045,46.623689
"Dutch_Elm_Disease",16.27258,46.541636
"Dutch_Elm_Disease",16.274412,46.541886
"Dutch_Elm_Disease",16.273658,46.535309
"Dutch_Elm_Disease",16.304455,46.529464
"Dutch_Elm_Disease",16.392399,46.602408
"Dutch_Elm_Disease",16.314704,46.600188
"Dutch_Elm_Disease",16.304455,46.529464
"Dutch_Elm_Disease",16.278807,46.534729
"Dutch_Elm_Disease",16.262408,46.547148
"Dutch_Elm_Disease",16.357622,46.631526
"Dutch_Elm_Disease",16.271849,46.538226
"Dutch_Elm_Disease",16.304455,46.529464
"Dutch_Elm_Disease",16.304455,46.529464
"Dutch_Elm_Disease",16.323039,46.541603
"Dutch_Elm_Disease",16.394791,46.604088
"Dutch_Elm_Disease",16.36898,46.626173
"Dutch_Elm_Disease",16.24804,46.551804
"Dutch_Elm_Disease",16.304455,46.529464
"Dutch_Elm_Disease",16.414199,46.582436
"Dutch_Elm_Disease",16.402528,46.600394
"Dutch_Elm_Disease",16.272486,46.543167
"Dutch_Elm_Disease",16.304455,46.529464
"Dutch_Elm_Disease",16.39541,46.587526
"Dutch_Elm_Disease",16.387029,46.596625
"Dutch_Elm_Disease",16.271849,46.538226
"Dutch_Elm_Disease",16.345432,46.624473
"Dutch_Elm_Disease",16.272486,46.543167
"Dutch_Elm_Disease",16.400871,46.601944
"Dutch_Elm_Disease",16.314704,46.600188
"Dutch_Elm_Disease",16.325879,46.5404
"Dutch_Elm_Disease",16.35579,46.620932
"Dutch_Elm_Disease",15.903509,46.335926
"Dutch_Elm_Disease",16.301835,46.636134
"Dutch_Elm_Disease",15.961992,46.330958
"Dutch_Elm_Disease",16.282661,46.549981
"Dutch_Elm_Disease",16.365685,46.630171
"Dutch_Elm_Disease",16.392399,46.602408
"Dutch_Elm_Disease",16.410794,46.5769
"Dutch_Elm_Disease",16.243799,46.554549
"Dutch_Elm_Disease",16.342767,46.622345
"Dutch_Elm_Disease",16.328032,46.543164
"Dutch_Elm_Disease",16.269228,46.58234
"Dutch_Elm_Disease",16.270726,46.545976
"Dutch_Elm_Disease",16.274412,46.541886
"Dutch_Elm_Disease",16.342767,46.622345
"Dutch_Elm_Disease",16.362919,46.613649
"Dutch_Elm_Disease",16.304455,46.529464
"Dutch_Elm_Disease",16.365685,46.630171
"Dutch_Elm_Disease",16.307284,46.62434
"Dutch_Elm_Disease",16.332814,46.541399
"Dutch_Elm_Disease",15.982517,46.31448
"Dutch_Elm_Disease",16.304491,46.539135
"Dutch_Elm_Disease",16.307284,46.62434
"Dutch_Elm_Disease",16.276442,46.539524
"Dutch_Elm_Disease",16.270726,46.545976
"Dutch_Elm_Disease",16.272427,46.540648
"Dutch_Elm_Disease",16.356006,46.629566
"Dutch_Elm_Disease",16.264738,46.546402
"Dutch_Elm_Disease",16.278807,46.534729
"Dutch_Elm_Disease",15.926004,46.295042
"Dutch_Elm_Disease",15.999502,46.309564
"Dutch_Elm_Disease",16.304455,46.529464
"Dutch_Elm_Disease",16.345432,46.624473
"Dutch_Elm_Disease",16.307284,46.62434
"Dutch_Elm_Disease",16.359585,46.631683
"Dutch_Elm_Disease",16.267822,46.544478
"Dutch_Elm_Disease",15.97951,46.315487
"Dutch_Elm_Disease",16.314704,46.600188
"Dutch_Elm_Disease",16.307284,46.62434
"Dutch_Elm_Disease",15.97951,46.315487
"Dutch_Elm_Disease",15.97951,46.315487
"Dutch_Elm_Disease",15.97951,46.315487
"Dutch_Elm_Disease",16.304455,46.529464
"Dutch_Elm_Disease",16.33651,46.532629
"Dutch_Elm_Disease",16.325879,46.5404
"Dutch_Elm_Disease",16.307284,46.62434
"Dutch_Elm_Disease",16.304491,46.539135
"Dutch_Elm_Disease",16.332893,46.544637
"Dutch_Elm_Disease",16.269228,46.58234
"Dutch_Elm_Disease",16.304455,46.529464
"Dutch_Elm_Disease",16.278807,46.534729
"Dutch_Elm_Disease",16.304455,46.529464
"Dutch_Elm_Disease",16.304491,46.539135
"Dutch_Elm_Disease",16.325879,46.5404
"Dutch_Elm_Disease",16.33651,46.532629
"Dutch_Elm_Disease",16.314704,46.600188
"Dutch_Elm_Disease",16.365625,46.601831
"Dutch_Elm_Disease",16.376223,46.592527
"Dutch_Elm_Disease",16.356006,46.629566
"Dutch_Elm_Disease",16.314704,46.600188
"Dutch_Elm_Disease",16.269228,46.58234
"Dutch_Elm_Disease",16.319564,46.58105
"Dutch_Elm_Disease",15.999502,46.309564
"Dutch_Elm_Disease",16.3699,46.585046
"Dutch_Elm_Disease",16.304455,46.529464
"Dutch_Elm_Disease",16.376223,46.592527
"Dutch_Elm_Disease",16.359176,46.57938
"Dutch_Elm_Disease",16.323039,46.541603
"Dutch_Elm_Disease",16.319564,46.58105
"Dutch_Elm_Disease",16.329858,46.532527
"Dutch_Elm_Disease",16.304491,46.539135
"Dutch_Elm_Disease",16.314704,46.600188
"Dutch_Elm_Disease",16.368691,46.599185
"Dutch_Elm_Disease",16.369338,46.593779
"Dutch_Elm_Disease",16.357622,46.631526
"Dutch_Elm_Disease",16.330649,46.532877
"Dutch_Elm_Disease",16.35373,46.601163
"Dutch_Elm_Disease",16.013216,46.339899
"Dutch_Elm_Disease",16.3699,46.585046
"Dutch_Elm_Disease",16.376407,46.584338
"Dutch_Elm_Disease",16.351274,46.6074
"Dutch_Elm_Disease",16.376223,46.592527
"Dutch_Elm_Disease",16.351274,46.6074
"Dutch_Elm_Disease",16.362779,46.602855
"Dutch_Elm_Disease",16.351274,46.6074
"Dutch_Elm_Disease",16.386731,46.584933
"Dutch_Elm_Disease",16.260845,46.547255
"Dutch_Elm_Disease",15.99627,46.33671
"Dutch_Elm_Disease",16.38365,46.586949
"Dutch_Elm_Disease",16.351274,46.6074
"Dutch_Elm_Disease",15.99627,46.33671
"Dutch_Elm_Disease",15.98628,46.328034
"Dutch_Elm_Disease",16.314704,46.600188
"Dutch_Elm_Disease",16.267866,46.546367
"Dutch_Elm_Disease",15.992103,46.333984
"Dutch_Elm_Disease",15.991101,46.335334
"Dutch_Elm_Disease",16.307284,46.62434
"Dutch_Elm_Disease",15.989628,46.319952
"Dutch_Elm_Disease",15.9968,46.326602
"Dutch_Elm_Disease",16.351274,46.6074
"Dutch_Elm_Disease",15.996236,46.352006
"Dutch_Elm_Disease",15.963374,46.329786
"Dutch_Elm_Disease",16.351018,46.628546
"Dutch_Elm_Disease",16.301835,46.636134
"Dutch_Elm_Disease",15.958966,46.305728
"Dutch_Elm_Disease",15.92074,46.310065
"Dutch_Elm_Disease",16.307284,46.62434
"Dutch_Elm_Disease",16.343396,46.626656
"Dutch_Elm_Disease",16.307284,46.62434
"Dutch_Elm_Disease",16.304491,46.539135
"Dutch_Elm_Disease",15.944048,46.309443
"Dutch_Elm_Disease",16.307284,46.62434
"Dutch_Elm_Disease",16.301835,46.636134
"Dutch_Elm_Disease",16.307284,46.62434
"Dutch_Elm_Disease",16.307284,46.62434
"Dutch_Elm_Disease",16.307284,46.62434
"Dutch_Elm_Disease",15.949413,46.324568
"Dutch_Elm_Disease",15.953065,46.326238
"Dutch_Elm_Disease",15.953728,46.332989
"Dutch_Elm_Disease",15.960113,46.303757
"Dutch_Elm_Disease",16.368526,46.628877
"Dutch_Elm_Disease",16.264738,46.546402
"Dutch_Elm_Disease",16.301835,46.636134
"Dutch_Elm_Disease",16.304455,46.529464
"Dutch_Elm_Disease",16.304455,46.529464
"Dutch_Elm_Disease",16.301835,46.636134
"Dutch_Elm_Disease",16.307284,46.62434
"Dutch_Elm_Disease",16.36898,46.626173
"Dutch_Elm_Disease",16.252651,46.548155
"Dutch_Elm_Disease",16.301835,46.636134
"Dutch_Elm_Disease",16.264738,46.546402
"Dutch_Elm_Disease",16.343396,46.626656
"Dutch_Elm_Disease",15.968464,46.316454
"Dutch_Elm_Disease",16.375078,46.619442
"Dutch_Elm_Disease",16.260845,46.547255
"Dutch_Elm_Disease",16.354795,46.622923
"Dutch_Elm_Disease",16.267866,46.546367
"Dutch_Elm_Disease",16.360156,46.618001
"Dutch_Elm_Disease",15.907238,46.31792
"Dutch_Elm_Disease",16.422521,46.586292
"Dutch_Elm_Disease",16.262408,46.547148
"Dutch_Elm_Disease",16.255629,46.547222
"Dutch_Elm_Disease",15.939362,46.320107
"Dutch_Elm_Disease",16.349263,46.621009
"Dutch_Elm_Disease",16.263934,46.545511
"Dutch_Elm_Disease",15.953445,46.300313
"Dutch_Elm_Disease",16.389218,46.600557
"Dutch_Elm_Disease",16.36015,46.633386
"Dutch_Elm_Disease",16.24804,46.551804
"Dutch_Elm_Disease",15.857865,46.290437
"Dutch_Elm_Disease",16.366935,46.61756
"Dutch_Elm_Disease",15.917818,46.286758
"Dutch_Elm_Disease",16.362803,46.619409
"Dutch_Elm_Disease",16.250232,46.5507
"Dutch_Elm_Disease",16.392399,46.602408
"Dutch_Elm_Disease",16.390751,46.604317
"Dutch_Elm_Disease",16.360156,46.618001
"Dutch_Elm_Disease",16.377908,46.617788
"Dutch_Elm_Disease",16.375078,46.619442
"Dutch_Elm_Disease",16.362919,46.613649
"Dutch_Elm_Disease",16.247951,46.553604
"Dutch_Elm_Disease",16.377908,46.617788
"Dutch_Elm_Disease",16.374194,46.600019
"Dutch_Elm_Disease",16.418949,46.584447
"Dutch_Elm_Disease",15.911788,46.317497
"Dutch_Elm_Disease",16.357622,46.631526
"Dutch_Elm_Disease",16.418949,46.584447
"Dutch_Elm_Disease",16.370788,46.620213
"Dutch_Elm_Disease",16.387029,46.596625
"Dutch_Elm_Disease",16.364037,46.626951
"Dutch_Elm_Disease",15.868812,46.290786
"Dutch_Elm_Disease",16.513387,46.498753
"Dutch_Elm_Disease",16.025848,46.355468
"Dutch_Elm_Disease",16.390751,46.604317
"Dutch_Elm_Disease",16.507659,46.498918
"Dutch_Elm_Disease",16.522493,46.493593
"Dutch_Elm_Disease",16.396327,46.592733
"Dutch_Elm_Disease",16.013377,46.349336
"Dutch_Elm_Disease",16.439938,46.573838
"Dutch_Elm_Disease",16.247951,46.553604
"Dutch_Elm_Disease",16.030062,46.383934
"Dutch_Elm_Disease",15.868812,46.290786
"Dutch_Elm_Disease",16.357622,46.631526
"Dutch_Elm_Disease",16.418949,46.584447
"Dutch_Elm_Disease",16.399782,46.590082
"Dutch_Elm_Disease",16.507605,46.506387
"Dutch_Elm_Disease",16.514897,46.510879
"Dutch_Elm_Disease",16.055231,46.354256
"Dutch_Elm_Disease",15.761245,46.401141
"Dutch_Elm_Disease",16.049338,46.341021
"Dutch_Elm_Disease",16.016682,46.339769
"Dutch_Elm_Disease",15.857865,46.290437
"Dutch_Elm_Disease",16.516803,46.495108
"Dutch_Elm_Disease",15.959575,46.350125
"Dutch_Elm_Disease",16.051126,46.353637
"Dutch_Elm_Disease",16.022905,46.356485
"Dutch_Elm_Disease",16.018543,46.354634
"Dutch_Elm_Disease",16.003174,46.354779
"Dutch_Elm_Disease",16.003174,46.354779
"Dutch_Elm_Disease",16.024953,46.337491
"Dutch_Elm_Disease",16.007961,46.376924
"Dutch_Elm_Disease",16.05046,46.391998
"Dutch_Elm_Disease",16.055287,46.355776
"Dutch_Elm_Disease",16.013216,46.339899
"Dutch_Elm_Disease",16.013758,46.376891
"Dutch_Elm_Disease",16.030062,46.383934
"Dutch_Elm_Disease",15.910382,46.332101
"Dutch_Elm_Disease",16.009068,46.372119
"Dutch_Elm_Disease",16.037205,46.343121
"Dutch_Elm_Disease",16.009068,46.372119
"Dutch_Elm_Disease",16.013758,46.376891
"Dutch_Elm_Disease",16.009068,46.372119
"Dutch_Elm_Disease",16.01808,46.379345
"Dutch_Elm_Disease",15.915352,46.364443
"Dutch_Elm_Disease",16.009068,46.372119
"Dutch_Elm_Disease",15.915352,46.364443
"Dutch_Elm_Disease",16.009068,46.372119
"Dutch_Elm_Disease",15.919298,46.347136
"Dutch_Elm_Disease",15.984947,46.362208
"Dutch_Elm_Disease",15.832597,46.286252
"Dutch_Elm_Disease",15.919298,46.347136
"Dutch_Elm_Disease",15.91824,46.366138
"Dutch_Elm_Disease",16.007961,46.376924
"Dutch_Elm_Disease",15.959575,46.350125
"Dutch_Elm_Disease",15.915352,46.364443
"Dutch_Elm_Disease",15.934685,46.363332
"Dutch_Elm_Disease",15.939487,46.366757
"Dutch_Elm_Disease",15.852927,46.287532
"Dutch_Elm_Disease",15.848507,46.288699
"Dutch_Elm_Disease",15.842379,46.287763
"Dutch_Elm_Disease",15.852927,46.287532
"Dutch_Elm_Disease",15.837999,46.303442
"Dutch_Elm_Disease",15.846785,46.272201
"Dutch_Elm_Disease",15.816941,46.298169
"Dutch_Elm_Disease",15.788363,46.338192
"Dutch_Elm_Disease",15.535526,46.416829
"Dutch_Elm_Disease",15.846785,46.272201
"Dutch_Elm_Disease",15.51061,46.473292
"Dutch_Elm_Disease",15.729407,46.333861
"Dutch_Elm_Disease",15.788096,46.261024
"Dutch_Elm_Disease",15.525455,46.466512
"Dutch_Elm_Disease",15.492192,46.449738
"Dutch_Elm_Disease",15.492192,46.449738
"Dutch_Elm_Disease",15.492192,46.449738
"Dutch_Elm_Disease",15.7239,46.307372
"Dutch_Elm_Disease",16.213322,46.469279
"Dutch_Elm_Disease",16.166691,46.461893
"Dutch_Elm_Disease",16.194868,46.461404
"Dutch_Elm_Disease",15.668242,46.284994
"Dutch_Elm_Disease",15.682767,46.30499
"Dutch_Elm_Disease",15.668242,46.284994
"Dutch_Elm_Disease",15.392557,46.553455
"Dutch_Elm_Disease",15.567302,46.633546
"Dutch_Elm_Disease",15.710874,46.686911
"Dutch_Elm_Disease",15.362645,46.550288
"Dutch_Elm_Disease",15.356526,46.557829
"Dutch_Elm_Disease",14.737701,46.262512
"Dutch_Elm_Disease",15.347865,46.545539
"Dutch_Elm_Disease",15.751605,46.691175
"Dutch_Elm_Disease",15.437184,46.53878
"Dutch_Elm_Disease",15.431095,46.548565
"Dutch_Elm_Disease",15.73957,46.694484
"Dutch_Elm_Disease",15.294158,46.373092
"Dutch_Elm_Disease",15.729275,46.681568
"Dutch_Elm_Disease",15.388841,46.551785
"Dutch_Elm_Disease",15.38781,46.511536
"Dutch_Elm_Disease",15.355983,46.542707
"Dutch_Elm_Disease",15.645165,46.284722
"Dutch_Elm_Disease",15.315295,46.559327
"Dutch_Elm_Disease",15.445319,46.538668
"Dutch_Elm_Disease",14.776384,46.320626
"Dutch_Elm_Disease",15.650277,46.690097
"Dutch_Elm_Disease",15.44782,46.536903
"Dutch_Elm_Disease",15.731839,46.692365
"Dutch_Elm_Disease",15.302747,46.577931
"Dutch_Elm_Disease",15.551026,46.603748
"Dutch_Elm_Disease",15.723937,46.693945
"Dutch_Elm_Disease",14.761479,46.313848
"Dutch_Elm_Disease",15.347076,46.581007
"Dutch_Elm_Disease",15.444459,46.541928
"Dutch_Elm_Disease",15.485079,46.559936
"Dutch_Elm_Disease",14.762844,46.298376
"Dutch_Elm_Disease",15.397257,45.80233
"Dutch_Elm_Disease",14.766874,46.266174
"Dutch_Elm_Disease",15.428976,46.55272
"Dutch_Elm_Disease",15.213261,46.641741
"Dutch_Elm_Disease",15.380583,46.581062
"Dutch_Elm_Disease",15.300776,46.530747
"Dutch_Elm_Disease",15.736159,46.673508
"Dutch_Elm_Disease",15.371075,46.572024
"Dutch_Elm_Disease",15.406051,46.558131
"Dutch_Elm_Disease",15.791208,46.688497
"Dutch_Elm_Disease",14.798605,46.316349
"Dutch_Elm_Disease",15.804631,46.564247
"Dutch_Elm_Disease",15.294219,46.550027
"Dutch_Elm_Disease",15.384064,46.508922
"Dutch_Elm_Disease",15.748838,46.671716
"Dutch_Elm_Disease",15.682104,46.669669
"Dutch_Elm_Disease",15.716438,46.678581
"Dutch_Elm_Disease",15.373345,46.555085
"Dutch_Elm_Disease",15.749995,46.687245
"Dutch_Elm_Disease",14.776384,46.320626
"Dutch_Elm_Disease",15.288972,46.524768
"Dutch_Elm_Disease",15.433523,46.517939
"Dutch_Elm_Disease",14.901424,46.520275
"Dutch_Elm_Disease",15.443987,46.551259
"Dutch_Elm_Disease",15.393072,46.51662
"Dutch_Elm_Disease",15.557474,46.517472
"Dutch_Elm_Disease",15.24289,46.616356
"Dutch_Elm_Disease",15.32435,46.529396
"Dutch_Elm_Disease",15.727476,46.674148
"Dutch_Elm_Disease",15.390528,46.550655
"Dutch_Elm_Disease",15.239918,46.429487
"Dutch_Elm_Disease",14.881322,46.254292
"Dutch_Elm_Disease",15.155343,46.493576
"Dutch_Elm_Disease",14.995217,45.954192
"Dutch_Elm_Disease",15.231054,46.404278
"Dutch_Elm_Disease",15.437461,46.534344
"Dutch_Elm_Disease",14.790701,46.312106
"Dutch_Elm_Disease",15.441349,46.573114
"Dutch_Elm_Disease",15.374285,46.57599
"Dutch_Elm_Disease",15.274861,46.412727
"Dutch_Elm_Disease",15.756081,46.695248
"Dutch_Elm_Disease",15.294219,46.550027
"Dutch_Elm_Disease",15.484164,46.518806
"Dutch_Elm_Disease",15.441814,46.543818
"Dutch_Elm_Disease",15.391146,46.527836
"Dutch_Elm_Disease",15.604311,46.596802
"Dutch_Elm_Disease",15.764238,46.686782
"Dutch_Elm_Disease",15.4812,46.512296
"Dutch_Elm_Disease",14.790103,46.298609
"Dutch_Elm_Disease",15.597686,46.61977
"Dutch_Elm_Disease",15.178862,46.632516
"Dutch_Elm_Disease",15.628133,46.289936
"Dutch_Elm_Disease",15.769278,46.671571
"Dutch_Elm_Disease",15.710874,46.686911
"Dutch_Elm_Disease",15.287736,46.537421
"Dutch_Elm_Disease",15.425522,46.546373
"Dutch_Elm_Disease",15.420213,46.556136
"Dutch_Elm_Disease",15.270443,46.635322
"Dutch_Elm_Disease",15.733409,46.684717
"Dutch_Elm_Disease",15.375629,46.557173
"Dutch_Elm_Disease",15.03627,46.466255
"Dutch_Elm_Disease",14.776384,46.320626
"Dutch_Elm_Disease",15.388586,46.532496
"Dutch_Elm_Disease",15.44782,46.536903
"Dutch_Elm_Disease",15.515551,46.528799
"Dutch_Elm_Disease",15.271223,46.577524
"Dutch_Elm_Disease",15.443987,46.551259
"Dutch_Elm_Disease",15.228836,46.519732
"Dutch_Elm_Disease",15.517904,46.508923
"Dutch_Elm_Disease",15.773827,46.696335
"Dutch_Elm_Disease",15.544214,46.589691
"Dutch_Elm_Disease",15.75989,46.672263
"Dutch_Elm_Disease",15.748463,46.652132
"Dutch_Elm_Disease",14.776384,46.320626
"Dutch_Elm_Disease",15.402148,45.864939
"Dutch_Elm_Disease",15.443987,46.551259
"Dutch_Elm_Disease",15.297734,46.565519
"Dutch_Elm_Disease",15.448368,46.552691
"Dutch_Elm_Disease",15.749995,46.687245
"Dutch_Elm_Disease",15.043477,46.474413
"Dutch_Elm_Disease",15.154181,46.587901
"Dutch_Elm_Disease",15.463885,45.847068
"Dutch_Elm_Disease",15.923224,46.571707
"Dutch_Elm_Disease",14.94345,46.618629
"Dutch_Elm_Disease",15.212127,46.635787
"Dutch_Elm_Disease",15.285638,46.453529
"Dutch_Elm_Disease",15.729275,46.681568
"Dutch_Elm_Disease",14.994199,46.491129
"Dutch_Elm_Disease",15.683396,46.002975
"Dutch_Elm_Disease",15.759301,46.678682
"Dutch_Elm_Disease",15.447775,46.547196
"Dutch_Elm_Disease",15.441814,46.543818
"Dutch_Elm_Disease",15.279303,46.626096
"Dutch_Elm_Disease",15.2969,46.560915
"Dutch_Elm_Disease",15.321609,46.399109
"Dutch_Elm_Disease",15.398926,46.53283
"Dutch_Elm_Disease",14.768208,46.319261
"Dutch_Elm_Disease",15.303773,46.563047
"Dutch_Elm_Disease",15.278322,46.641069
"Dutch_Elm_Disease",15.417125,45.878391
"Dutch_Elm_Disease",15.444322,46.549126
"Dutch_Elm_Disease",15.716438,46.678581
"Dutch_Elm_Disease",15.379558,46.568757
"Dutch_Elm_Disease",15.787522,46.674199
"Dutch_Elm_Disease",15.350959,46.574265
"Dutch_Elm_Disease",15.407437,46.527365
"Dutch_Elm_Disease",15.679044,46.70078
"Dutch_Elm_Disease",15.285325,46.64385
"Dutch_Elm_Disease",15.530843,46.610186
"Dutch_Elm_Disease",15.778367,46.673767
"Dutch_Elm_Disease",15.752278,46.696272
"Dutch_Elm_Disease",15.637339,46.286889
"Dutch_Elm_Disease",15.76937,46.653235
"Dutch_Elm_Disease",15.728858,46.670055
"Dutch_Elm_Disease",15.355895,45.886535
"Dutch_Elm_Disease",15.270615,46.594089
"Dutch_Elm_Disease",15.307068,46.523092
"Dutch_Elm_Disease",15.019089,46.449651
"Dutch_Elm_Disease",15.535342,46.567412
"Dutch_Elm_Disease",15.757677,46.669138
"Dutch_Elm_Disease",15.78465,46.691565
"Dutch_Elm_Disease",15.402148,45.864939
"Dutch_Elm_Disease",15.447775,46.547196
"Dutch_Elm_Disease",15.425522,46.546373
"Dutch_Elm_Disease",14.942618,46.216963
"Dutch_Elm_Disease",15.769278,46.671571
"Dutch_Elm_Disease",15.426574,45.874064
"Dutch_Elm_Disease",15.777587,46.698604
"Dutch_Elm_Disease",15.386064,46.551875
"Dutch_Elm_Disease",15.4432,46.57622
"Dutch_Elm_Disease",15.482722,46.539874
"Dutch_Elm_Disease",15.777587,46.698604
"Dutch_Elm_Disease",15.212127,46.635787
"Dutch_Elm_Disease",15.444322,46.549126
"Dutch_Elm_Disease",15.264864,46.55511
"Dutch_Elm_Disease",15.430335,46.528433
"Dutch_Elm_Disease",15.727476,46.674148
"Dutch_Elm_Disease",15.0058,46.272076
"Dutch_Elm_Disease",15.679728,46.673048
"Dutch_Elm_Disease",15.716438,46.678581
"Dutch_Elm_Disease",15.373173,46.332822
"Dutch_Elm_Disease",15.386064,46.551875
"Dutch_Elm_Disease",15.433554,46.544678
"Dutch_Elm_Disease",15.49143,46.597245
"Dutch_Elm_Disease",15.441814,46.543818
"Dutch_Elm_Disease",15.73957,46.694484
"Dutch_Elm_Disease",15.440126,46.573569
"Dutch_Elm_Disease",15.751605,46.691175
"Dutch_Elm_Disease",15.78494,46.698931
"Dutch_Elm_Disease",14.901424,46.520275
"Dutch_Elm_Disease",15.285447,46.632379
"Dutch_Elm_Disease",15.38781,46.511536
"Dutch_Elm_Disease",15.76466,46.650055
"Dutch_Elm_Disease",15.481867,46.530269
"Dutch_Elm_Disease",15.78631,46.651059
"Dutch_Elm_Disease",14.793579,46.341082
"Dutch_Elm_Disease",15.456462,46.55058
"Dutch_Elm_Disease",15.2969,46.560915
"Dutch_Elm_Disease",15.551026,46.603748
"Dutch_Elm_Disease",15.393109,46.555864
"Dutch_Elm_Disease",15.320528,46.58193
"Dutch_Elm_Disease",15.356526,46.557829
"Dutch_Elm_Disease",15.344499,46.534987
"Dutch_Elm_Disease",14.786101,46.326493
"Dutch_Elm_Disease",15.76064,46.678187
"Dutch_Elm_Disease",14.752861,46.266595
"Dutch_Elm_Disease",15.26296,46.632991
"Dutch_Elm_Disease",15.199189,46.41823
"Dutch_Elm_Disease",15.396687,46.556508
"Dutch_Elm_Disease",15.390494,46.560371
"Dutch_Elm_Disease",15.288428,46.395599
"Dutch_Elm_Disease",15.73957,46.694484
"Dutch_Elm_Disease",15.668936,46.683863
"Dutch_Elm_Disease",15.549622,46.599157
"Dutch_Elm_Disease",15.399914,46.523667
"Dutch_Elm_Disease",15.371021,46.589001
"Dutch_Elm_Disease",15.294141,46.369943
"Dutch_Elm_Disease",15.342826,46.540426
"Dutch_Elm_Disease",14.970269,46.61871
"Dutch_Elm_Disease",15.266584,46.546982
"Dutch_Elm_Disease",15.746749,46.677532
"Dutch_Elm_Disease",15.256319,46.546304
"Dutch_Elm_Disease",15.347865,46.545539
"Dutch_Elm_Disease",15.228948,46.453964
"Dutch_Elm_Disease",15.67676,46.67814
"Dutch_Elm_Disease",15.390528,46.550655
"Dutch_Elm_Disease",15.585352,46.4691
"Dutch_Elm_Disease",15.790071,46.701964
"Dutch_Elm_Disease",15.0482,46.484281
"Dutch_Elm_Disease",15.285447,46.632379
"Dutch_Elm_Disease",15.149504,46.548681
"Dutch_Elm_Disease",15.779722,46.680775
"Dutch_Elm_Disease",15.688987,46.677536
"Dutch_Elm_Disease",15.451915,46.562024
"Dutch_Elm_Disease",15.270443,46.635322
"Dutch_Elm_Disease",15.385253,46.555216
"Dutch_Elm_Disease",15.734251,46.659134
"Dutch_Elm_Disease",15.263516,46.626422
"Dutch_Elm_Disease",15.754258,46.683574
"Dutch_Elm_Disease",15.402148,45.864939
"Dutch_Elm_Disease",15.431095,46.548565
"Dutch_Elm_Disease",15.76473,46.678988
"Dutch_Elm_Disease",14.776384,46.320626
"Dutch_Elm_Disease",15.512503,46.604872
"Dutch_Elm_Disease",15.431095,46.548565
"Dutch_Elm_Disease",15.664036,46.66489
"Dutch_Elm_Disease",15.388139,46.533884
"Dutch_Elm_Disease",15.916053,46.568886
"Dutch_Elm_Disease",15.458619,46.066636
"Dutch_Elm_Disease",15.789691,46.258269
"Dutch_Elm_Disease",15.423995,46.527773
"Dutch_Elm_Disease",14.769204,46.329609
"Dutch_Elm_Disease",15.464243,45.812874
"Dutch_Elm_Disease",15.776657,46.25386
"Dutch_Elm_Disease",15.369538,45.793425
"Dutch_Elm_Disease",15.417283,46.070394
"Dutch_Elm_Disease",15.431034,46.524552
"Dutch_Elm_Disease",15.347076,46.581007
"Dutch_Elm_Disease",15.288075,46.645022
"Dutch_Elm_Disease",15.21261,46.446915
"Dutch_Elm_Disease",15.791208,46.688497
"Dutch_Elm_Disease",15.728858,46.670055
"Dutch_Elm_Disease",15.355533,46.545533
"Dutch_Elm_Disease",15.298225,46.403671
"Dutch_Elm_Disease",15.181293,46.443119
"Dutch_Elm_Disease",15.294338,46.406381
"Dutch_Elm_Disease",15.661663,46.021099
"Dutch_Elm_Disease",15.40243,46.072247
"Dutch_Elm_Disease",15.252051,46.634878
"Dutch_Elm_Disease",15.108546,46.058522
"Dutch_Elm_Disease",15.785275,46.661646
"Dutch_Elm_Disease",15.710874,46.686911
"Dutch_Elm_Disease",15.521999,46.514734
"Dutch_Elm_Disease",14.6732,46.420968
"Dutch_Elm_Disease",15.194302,46.626058
"Dutch_Elm_Disease",15.388841,46.551785
"Dutch_Elm_Disease",15.419964,46.082981
"Dutch_Elm_Disease",15.792988,46.669933
"Dutch_Elm_Disease",14.811763,46.342103
"Dutch_Elm_Disease",15.444322,46.549126
"Dutch_Elm_Disease",14.721883,46.364216
"Dutch_Elm_Disease",15.386064,46.551875
"Dutch_Elm_Disease",15.448377,46.078823
"Dutch_Elm_Disease",14.769204,46.329609
"Dutch_Elm_Disease",15.216672,46.431126
"Dutch_Elm_Disease",15.720328,46.659601
"Dutch_Elm_Disease",15.393545,46.578139
"Dutch_Elm_Disease",15.430335,46.528433
"Dutch_Elm_Disease",15.78494,46.698931
"Dutch_Elm_Disease",15.230819,46.624046
"Dutch_Elm_Disease",14.875345,46.259144
"Dutch_Elm_Disease",15.283323,46.63816
"Dutch_Elm_Disease",15.484164,46.518806
"Dutch_Elm_Disease",15.261307,46.469504
"Dutch_Elm_Disease",14.759473,46.348268
"Dutch_Elm_Disease",15.773425,46.254557
"Dutch_Elm_Disease",15.24289,46.616356
"Dutch_Elm_Disease",14.821298,46.285615
"Dutch_Elm_Disease",15.417283,46.070394
"Dutch_Elm_Disease",15.769316,46.646695
"Dutch_Elm_Disease",14.667792,46.433278
"Dutch_Elm_Disease",14.761479,46.313848
"Dutch_Elm_Disease",15.445086,46.577103
"Dutch_Elm_Disease",15.303241,46.019019
"Dutch_Elm_Disease",15.457352,46.06979
"Dutch_Elm_Disease",15.76064,46.678187
"Dutch_Elm_Disease",15.736434,46.678328
"Dutch_Elm_Disease",14.859709,46.338392
"Dutch_Elm_Disease",14.771857,46.316119
"Dutch_Elm_Disease",15.785275,46.661646
"Dutch_Elm_Disease",15.437184,46.53878
"Dutch_Elm_Disease",15.429095,46.549634
"Dutch_Elm_Disease",15.706339,46.693039
"Dutch_Elm_Disease",15.221275,46.427033
"Dutch_Elm_Disease",15.034091,46.221865
"Dutch_Elm_Disease",15.349076,46.405488
"Dutch_Elm_Disease",15.300802,46.399166
"Dutch_Elm_Disease",15.385378,45.875938
"Dutch_Elm_Disease",15.288075,46.645022
"Dutch_Elm_Disease",15.691614,46.697906
"Dutch_Elm_Disease",15.773827,46.696335
"Dutch_Elm_Disease",15.792996,46.649942
"Dutch_Elm_Disease",15.433378,46.062236
"Dutch_Elm_Disease",15.424029,46.058348
"Dutch_Elm_Disease",15.173331,46.399405
"Dutch_Elm_Disease",15.728733,46.66463
"Dutch_Elm_Disease",15.263516,46.626422
"Dutch_Elm_Disease",15.671206,46.687718
"Dutch_Elm_Disease",15.443665,46.546951
"Dutch_Elm_Disease",15.53349,46.570129
"Dutch_Elm_Disease",15.760841,46.691564
"Dutch_Elm_Disease",14.984831,46.229068
"Dutch_Elm_Disease",15.231207,46.443226
"Dutch_Elm_Disease",15.234986,46.606287
"Dutch_Elm_Disease",15.510855,46.576944
"Dutch_Elm_Disease",15.668587,46.006212
"Dutch_Elm_Disease",14.775793,46.30623
"Dutch_Elm_Disease",15.430386,46.521766
"Dutch_Elm_Disease",14.793579,46.341082
"Dutch_Elm_Disease",15.004569,46.49848
"Dutch_Elm_Disease",14.960888,46.512923
"Dutch_Elm_Disease",14.769204,46.329609
"Dutch_Elm_Disease",14.776384,46.320626
"Dutch_Elm_Disease",14.954664,46.506614
"Dutch_Elm_Disease",14.808837,46.361622
"Dutch_Elm_Disease",14.865281,46.344157
"Dutch_Elm_Disease",15.731839,46.692365
"Dutch_Elm_Disease",14.769204,46.329609
"Dutch_Elm_Disease",15.526672,46.086586
"Dutch_Elm_Disease",14.776384,46.320626
"Dutch_Elm_Disease",15.086114,46.459318
"Dutch_Elm_Disease",14.800254,46.363317
"Dutch_Elm_Disease",14.780342,46.304889
"Dutch_Elm_Disease",15.056981,46.474551
"Dutch_Elm_Disease",15.421189,46.073979
"Dutch_Elm_Disease",15.230405,46.429075
"Dutch_Elm_Disease",14.863583,46.400747
"Dutch_Elm_Disease",15.385253,46.555216
"Dutch_Elm_Disease",15.260224,46.466294
"Dutch_Elm_Disease",14.85917,46.397323
"Dutch_Elm_Disease",14.744183,46.263427
"Dutch_Elm_Disease",15.335451,45.882836
"Dutch_Elm_Disease",14.857132,46.380946
"Dutch_Elm_Disease",15.57493,46.525249
"Dutch_Elm_Disease",15.217846,46.435083
"Dutch_Elm_Disease",15.402148,45.864939
"Dutch_Elm_Disease",15.784004,46.685784
"Dutch_Elm_Disease",14.901424,46.520275
"Dutch_Elm_Disease",15.26706,46.640638
"Dutch_Elm_Disease",15.788536,46.656802
"Dutch_Elm_Disease",15.75886,46.686377
"Dutch_Elm_Disease",15.78465,46.691565
"Dutch_Elm_Disease",14.776384,46.320626
"Dutch_Elm_Disease",14.794316,46.3526
"Dutch_Elm_Disease",15.173748,46.621953
"Dutch_Elm_Disease",15.443987,46.551259
"Dutch_Elm_Disease",15.222726,46.431852
"Dutch_Elm_Disease",15.538208,46.563134
"Dutch_Elm_Disease",15.737075,46.580538
"Dutch_Elm_Disease",15.200326,46.440837
"Dutch_Elm_Disease",15.417283,46.070394
"Dutch_Elm_Disease",15.66703,46.037713
"Dutch_Elm_Disease",15.761423,46.652136
"Dutch_Elm_Disease",15.277398,46.400125
"Dutch_Elm_Disease",15.736159,46.673508
"Dutch_Elm_Disease",15.480111,45.862297
"Dutch_Elm_Disease",15.443889,46.567859
"Dutch_Elm_Disease",14.822001,46.309459
"Dutch_Elm_Disease",14.786101,46.326493
"Dutch_Elm_Disease",15.032623,46.444088
"Dutch_Elm_Disease",15.69938,46.66548
"Dutch_Elm_Disease",15.510219,46.609102
"Dutch_Elm_Disease",15.508414,46.572592
"Dutch_Elm_Disease",15.749835,46.660679
"Dutch_Elm_Disease",15.418644,46.079387
"Dutch_Elm_Disease",14.776384,46.320626
"Dutch_Elm_Disease",15.737717,46.493362
"Dutch_Elm_Disease",15.460269,46.059953
"Dutch_Elm_Disease",15.432219,46.079336
"Dutch_Elm_Disease",15.430315,45.856531
"Dutch_Elm_Disease",14.883493,46.33257
"Dutch_Elm_Disease",15.510333,46.569956
"Dutch_Elm_Disease",15.565915,46.583306
"Dutch_Elm_Disease",15.34596,46.342805
"Dutch_Elm_Disease",14.770568,46.313867
"Dutch_Elm_Disease",15.144787,46.448398
"Dutch_Elm_Disease",14.778252,46.275644
"Dutch_Elm_Disease",15.20154,46.438352
"Dutch_Elm_Disease",15.795284,46.681145
"Dutch_Elm_Disease",15.165655,46.381144
"Dutch_Elm_Disease",15.175682,45.911521
"Dutch_Elm_Disease",15.485508,46.511729
"Dutch_Elm_Disease",15.246729,46.570734
"Dutch_Elm_Disease",14.760379,46.26796
"Dutch_Elm_Disease",15.402148,45.864939
"Dutch_Elm_Disease",15.300387,46.550047
"Dutch_Elm_Disease",15.228948,46.453964
"Dutch_Elm_Disease",15.441366,46.054188
"Dutch_Elm_Disease",15.421168,46.324557
"Dutch_Elm_Disease",15.757677,46.669138
"Dutch_Elm_Disease",15.393682,46.381392
"Dutch_Elm_Disease",14.769204,46.329609
"Dutch_Elm_Disease",15.423055,45.875535
"Dutch_Elm_Disease",15.230405,46.429075
"Dutch_Elm_Disease",15.181293,46.443119
"Dutch_Elm_Disease",14.786101,46.326493
"Dutch_Elm_Disease",15.231207,46.443226
"Dutch_Elm_Disease",15.12105,46.444369
"Dutch_Elm_Disease",14.769204,46.329609
"Dutch_Elm_Disease",15.705953,46.670514
"Dutch_Elm_Disease",15.429697,46.059263
"Dutch_Elm_Disease",14.778294,46.330077
"Dutch_Elm_Disease",15.455111,45.797614
"Dutch_Elm_Disease",14.68692,46.286795
"Dutch_Elm_Disease",15.749835,46.660679
"Dutch_Elm_Disease",14.761299,46.325536
"Dutch_Elm_Disease",15.395353,46.076771
"Dutch_Elm_Disease",15.852327,46.570504
"Dutch_Elm_Disease",14.982635,46.200276
"Dutch_Elm_Disease",15.213261,46.641741
"Dutch_Elm_Disease",15.737717,46.493362
"Dutch_Elm_Disease",15.208997,46.640382
"Dutch_Elm_Disease",15.426574,45.874064
"Dutch_Elm_Disease",15.049946,46.002606
"Dutch_Elm_Disease",14.644041,46.403517
"Dutch_Elm_Disease",15.156004,45.92224
"Dutch_Elm_Disease",15.683396,46.002975
"Dutch_Elm_Disease",15.378472,45.783048
"Dutch_Elm_Disease",15.314417,46.392381
"Dutch_Elm_Disease",15.381537,46.558998
"Dutch_Elm_Disease",14.720993,46.347443
"Dutch_Elm_Disease",15.279503,46.463018
"Dutch_Elm_Disease",15.394726,45.878894
"Dutch_Elm_Disease",14.744144,46.271974
"Dutch_Elm_Disease",15.252051,46.634878
"Dutch_Elm_Disease",15.287662,46.636296
"Dutch_Elm_Disease",15.777507,46.702131
"Dutch_Elm_Disease",15.619085,46.20587
"Dutch_Elm_Disease",15.535342,46.567412
"Dutch_Elm_Disease",15.014508,46.451676
"Dutch_Elm_Disease",14.807734,46.342456
"Dutch_Elm_Disease",14.804985,46.311591
"Dutch_Elm_Disease",15.500964,46.602152
"Dutch_Elm_Disease",15.274679,46.376739
"Dutch_Elm_Disease",15.402148,45.864939
"Dutch_Elm_Disease",15.170085,46.185302
"Dutch_Elm_Disease",14.672189,46.43779
"Dutch_Elm_Disease",15.204325,46.400361
"Dutch_Elm_Disease",15.426373,45.869736
"Dutch_Elm_Disease",15.110432,46.433079
"Dutch_Elm_Disease",15.230405,46.429075
"Dutch_Elm_Disease",15.763955,46.226504
"Dutch_Elm_Disease",15.255349,46.412773
"Dutch_Elm_Disease",15.91501,46.632376
"Dutch_Elm_Disease",15.490865,46.524787
"Dutch_Elm_Disease",14.808864,46.316276
"Dutch_Elm_Disease",15.421794,46.068578
"Dutch_Elm_Disease",15.143942,46.194336
"Dutch_Elm_Disease",15.426325,46.069461
"Dutch_Elm_Disease",15.415449,46.084347
"Dutch_Elm_Disease",15.391205,45.867316
"Dutch_Elm_Disease",15.18382,46.386172
"Dutch_Elm_Disease",15.478136,45.857357
"Dutch_Elm_Disease",14.744183,46.263427
"Dutch_Elm_Disease",15.258077,46.64136
"Dutch_Elm_Disease",14.954664,46.506614
"Dutch_Elm_Disease",15.181293,46.443119
"Dutch_Elm_Disease",15.468956,46.066144
"Dutch_Elm_Disease",15.175477,46.403433
"Dutch_Elm_Disease",15.45925,46.064834
"Dutch_Elm_Disease",15.432236,45.863371
"Dutch_Elm_Disease",15.315054,46.39013
"Dutch_Elm_Disease",15.544874,46.292542
"Dutch_Elm_Disease",14.995217,45.954192
"Dutch_Elm_Disease",15.268335,46.408244
"Dutch_Elm_Disease",15.285049,46.457912
"Dutch_Elm_Disease",14.776384,46.320626
"Dutch_Elm_Disease",15.380505,45.798338
"Dutch_Elm_Disease",15.749835,46.660679
"Dutch_Elm_Disease",15.214597,46.426182
"Dutch_Elm_Disease",14.877478,46.350918
"Dutch_Elm_Disease",15.759998,46.221582
"Dutch_Elm_Disease",15.77276,46.253436
"Dutch_Elm_Disease",14.995217,45.954192
"Dutch_Elm_Disease",15.358906,46.336017
"Dutch_Elm_Disease",15.415449,46.084347
"Dutch_Elm_Disease",14.737701,46.262512
"Dutch_Elm_Disease",15.40421,45.856194
"Dutch_Elm_Disease",14.651742,46.419735
"Dutch_Elm_Disease",14.926073,46.251207
"Dutch_Elm_Disease",14.700411,46.319131
"Dutch_Elm_Disease",15.468975,46.068393
"Dutch_Elm_Disease",15.248929,46.615137
"Dutch_Elm_Disease",15.166264,46.625563
"Dutch_Elm_Disease",15.151784,46.423216
"Dutch_Elm_Disease",15.673489,46.037675
"Dutch_Elm_Disease",15.477963,46.284745
"Dutch_Elm_Disease",15.21261,46.446915
"Dutch_Elm_Disease",15.294141,46.369943
"Dutch_Elm_Disease",15.7941,46.249241
"Dutch_Elm_Disease",15.425295,45.875337
"Dutch_Elm_Disease",14.760379,46.26796
"Dutch_Elm_Disease",15.285447,46.632379
"Dutch_Elm_Disease",15.300677,46.376673
"Dutch_Elm_Disease",14.778294,46.330077
"Dutch_Elm_Disease",14.694136,46.30552
"Dutch_Elm_Disease",15.12105,46.444369
"Dutch_Elm_Disease",15.448377,46.078823
"Dutch_Elm_Disease",14.859709,46.338392
"Dutch_Elm_Disease",15.391412,46.340409
"Dutch_Elm_Disease",15.391205,45.867316
"Dutch_Elm_Disease",15.481794,45.876696
"Dutch_Elm_Disease",14.82857,46.368491
"Dutch_Elm_Disease",14.753596,46.37827
"Dutch_Elm_Disease",15.103923,46.424817
"Dutch_Elm_Disease",15.579191,45.977459
"Dutch_Elm_Disease",14.995217,45.954192
"Dutch_Elm_Disease",14.995217,45.954192
"Dutch_Elm_Disease",14.790701,46.312106
"Dutch_Elm_Disease",15.42702,46.075756
"Dutch_Elm_Disease",14.995217,45.954192
"Dutch_Elm_Disease",15.288428,46.395599
"Dutch_Elm_Disease",15.411368,45.796881
"Dutch_Elm_Disease",15.430315,45.856531
"Dutch_Elm_Disease",15.364514,45.884465
"Dutch_Elm_Disease",15.426937,45.877779
"Dutch_Elm_Disease",15.21085,45.716186
"Dutch_Elm_Disease",15.421787,45.876502
"Dutch_Elm_Disease",15.40421,45.856194
"Dutch_Elm_Disease",15.074951,46.046528
"Dutch_Elm_Disease",15.348488,46.411122
"Dutch_Elm_Disease",15.433378,46.062236
"Dutch_Elm_Disease",15.369538,45.793425
"Dutch_Elm_Disease",15.209168,46.094029
"Dutch_Elm_Disease",15.437919,45.819727
"Dutch_Elm_Disease",15.366709,46.337342
"Dutch_Elm_Disease",15.41331,45.885009
"Dutch_Elm_Disease",15.371447,45.878837
"Dutch_Elm_Disease",15.255223,46.385782
"Dutch_Elm_Disease",15.297391,46.369934
"Dutch_Elm_Disease",15.481794,45.876696
"Dutch_Elm_Disease",15.429697,46.059263
"Dutch_Elm_Disease",15.359412,46.017505
"Dutch_Elm_Disease",15.666975,46.033215
"Dutch_Elm_Disease",15.668587,46.006212
"Dutch_Elm_Disease",15.652336,45.996859
"Dutch_Elm_Disease",15.385378,45.875938
"Dutch_Elm_Disease",15.456034,46.066646
"Dutch_Elm_Disease",15.426325,46.069461
"Dutch_Elm_Disease",15.686106,46.013306
"Dutch_Elm_Disease",15.451311,45.804828
"Dutch_Elm_Disease",15.661663,46.021099
"Dutch_Elm_Disease",15.37689,45.834342
"Dutch_Elm_Disease",15.375912,45.784856
"Dutch_Elm_Disease",14.995217,45.954192
"Dutch_Elm_Disease",15.369538,45.793425
"Dutch_Elm_Disease",15.435059,45.891623
"Dutch_Elm_Disease",15.787713,46.256033
"Dutch_Elm_Disease",15.661663,46.021099
"Dutch_Elm_Disease",15.666975,46.033215
"Dutch_Elm_Disease",15.415449,46.084347
"Dutch_Elm_Disease",15.422412,46.064976
"Dutch_Elm_Disease",15.391205,45.867316
"Dutch_Elm_Disease",15.450847,46.044146
"Dutch_Elm_Disease",15.259859,46.403765
"Dutch_Elm_Disease",15.42702,46.075756
"Dutch_Elm_Disease",15.282062,46.421707
"Dutch_Elm_Disease",15.751616,46.224786
"Dutch_Elm_Disease",15.451594,46.077011
"Dutch_Elm_Disease",15.40306,46.069995
"Dutch_Elm_Disease",14.99268,46.30344
"Dutch_Elm_Disease",14.865281,46.344157
"Dutch_Elm_Disease",15.415358,46.072201
"Dutch_Elm_Disease",15.297391,46.369934
"Dutch_Elm_Disease",15.647625,46.035576
"Dutch_Elm_Disease",14.700979,46.2934
"Dutch_Elm_Disease",15.61956,46.218076
"Dutch_Elm_Disease",14.995217,45.954192
"Dutch_Elm_Disease",14.995217,45.954192
"Dutch_Elm_Disease",15.435177,45.895194
"Dutch_Elm_Disease",14.995217,45.954192
"Dutch_Elm_Disease",15.385378,45.875938
"Dutch_Elm_Disease",15.372159,45.800615
"Dutch_Elm_Disease",15.426574,45.874064
"Dutch_Elm_Disease",15.628909,46.03703
"Dutch_Elm_Disease",15.652572,45.907329
"Dutch_Elm_Disease",14.817945,46.358308
"Dutch_Elm_Disease",15.349054,45.808787
"Dutch_Elm_Disease",15.414717,45.854393
"Dutch_Elm_Disease",14.995217,45.954192
"Dutch_Elm_Disease",15.579191,45.977459
"Dutch_Elm_Disease",15.437463,45.886017
"Dutch_Elm_Disease",15.794126,46.25104
"Dutch_Elm_Disease",14.995217,45.954192
"Dutch_Elm_Disease",14.786139,46.316596
"Dutch_Elm_Disease",15.683396,46.002975
"Dutch_Elm_Disease",15.185517,45.873049
"Dutch_Elm_Disease",15.206548,46.485505
"Dutch_Elm_Disease",15.683396,46.002975
"Dutch_Elm_Disease",15.641025,46.023466
"Dutch_Elm_Disease",14.995217,45.954192
"Dutch_Elm_Disease",15.388199,45.794713
"Dutch_Elm_Disease",15.340147,46.423131
"Dutch_Elm_Disease",15.408855,45.88364
"Dutch_Elm_Disease",15.406223,45.796899
"Dutch_Elm_Disease",15.631067,45.999678
"Dutch_Elm_Disease",15.369538,45.793425
"Dutch_Elm_Disease",15.369538,45.793425
"Dutch_Elm_Disease",15.443837,46.077042
"Dutch_Elm_Disease",15.237072,46.397517
"Dutch_Elm_Disease",15.652336,45.996859
"Dutch_Elm_Disease",15.56322,45.993285
"Dutch_Elm_Disease",15.631067,45.999678
"Dutch_Elm_Disease",15.652336,45.996859
"Dutch_Elm_Disease",15.416392,45.866489
"Dutch_Elm_Disease",15.385378,45.875938
"Dutch_Elm_Disease",15.394095,45.873506
"Dutch_Elm_Disease",15.457352,46.06979
"Dutch_Elm_Disease",15.492985,46.079089
"Dutch_Elm_Disease",15.394095,45.873506
"Dutch_Elm_Disease",15.642527,45.930331
"Dutch_Elm_Disease",14.995217,45.954192
"Dutch_Elm_Disease",15.466106,45.804768
"Dutch_Elm_Disease",14.995217,45.954192
"Dutch_Elm_Disease",15.422519,46.078922
"Dutch_Elm_Disease",15.369538,45.793425
"Dutch_Elm_Disease",15.464243,45.812874
"Dutch_Elm_Disease",15.313638,46.369891
"Dutch_Elm_Disease",15.414717,45.854393
"Dutch_Elm_Disease",14.700979,46.2934
"Dutch_Elm_Disease",15.184791,45.879258
"Dutch_Elm_Disease",14.995217,45.954192
"Dutch_Elm_Disease",14.995217,45.954192
"Dutch_Elm_Disease",14.995217,45.954192
"Dutch_Elm_Disease",15.022149,46.005009
"Dutch_Elm_Disease",15.447382,45.888983
"Dutch_Elm_Disease",14.995217,45.954192
"Dutch_Elm_Disease",14.995217,45.954192
"Dutch_Elm_Disease",15.402148,45.864939
"Dutch_Elm_Disease",15.427416,45.886397
"Dutch_Elm_Disease",15.663789,46.036833
"Dutch_Elm_Disease",14.995217,45.954192
"Dutch_Elm_Disease",15.657448,46.046767
"Dutch_Elm_Disease",15.38695,45.800116
"Dutch_Elm_Disease",15.434083,45.822891
"Dutch_Elm_Disease",15.686519,46.046595
"Dutch_Elm_Disease",15.461522,45.881945
"Dutch_Elm_Disease",15.66703,46.037713
"Dutch_Elm_Disease",15.426373,45.869736
"Dutch_Elm_Disease",14.995217,45.954192
"Dutch_Elm_Disease",15.381755,45.792935
"Dutch_Elm_Disease",15.462815,45.795783
"Dutch_Elm_Disease",14.995217,45.954192
"Dutch_Elm_Disease",14.995217,45.954192
"Dutch_Elm_Disease",14.995217,45.954192
"Dutch_Elm_Disease",14.995217,45.954192
"Dutch_Elm_Disease",14.995217,45.954192
"Dutch_Elm_Disease",14.995217,45.954192
"Dutch_Elm_Disease",14.995217,45.954192
"Dutch_Elm_Disease",15.41331,45.885009
"Dutch_Elm_Disease",15.352639,45.897235
"Dutch_Elm_Disease",15.39111,45.842842
"Dutch_Elm_Disease",15.422649,45.886424
"Dutch_Elm_Disease",14.995217,45.954192
"Dutch_Elm_Disease",14.995217,45.954192
"Dutch_Elm_Disease",14.995217,45.954192
"Dutch_Elm_Disease",14.995217,45.954192
"Dutch_Elm_Disease",15.66703,46.037713
"Dutch_Elm_Disease",15.61561,46.002912
"Dutch_Elm_Disease",14.995217,45.954192
"Dutch_Elm_Disease",15.652572,45.907329
"Dutch_Elm_Disease",15.662378,45.91897
"Dutch_Elm_Disease",14.995217,45.954192
"Dutch_Elm_Disease",14.995217,45.954192
"Dutch_Elm_Disease",14.995217,45.954192
"Dutch_Elm_Disease",15.647362,46.013083
"Dutch_Elm_Disease",15.628043,46.01769
"Dutch_Elm_Disease",14.995217,45.954192
"Dutch_Elm_Disease",14.995217,45.954192
"Dutch_Elm_Disease",14.995217,45.954192
"Dutch_Elm_Disease",14.995217,45.954192
"Dutch_Elm_Disease",14.995217,45.954192
"Dutch_Elm_Disease",15.668587,46.006212
"Dutch_Elm_Disease",15.662803,45.954509
"Dutch_Elm_Disease",14.995217,45.954192
"Dutch_Elm_Disease",14.995217,45.954192
"Dutch_Elm_Disease",14.995217,45.954192
"Dutch_Elm_Disease",14.995217,45.954192
"Dutch_Elm_Disease",14.995217,45.954192
"Dutch_Elm_Disease",15.605567,46.029059
"Dutch_Elm_Disease",14.995217,45.954192
"Dutch_Elm_Disease",15.375912,45.784856
"Dutch_Elm_Disease",15.656379,46.011232
"Dutch_Elm_Disease",14.995217,45.954192
"Dutch_Elm_Disease",15.665862,46.048068
"Dutch_Elm_Disease",15.441655,45.803966
"Dutch_Elm_Disease",14.995217,45.954192
"Dutch_Elm_Disease",15.579191,45.977459
"Dutch_Elm_Disease",14.995217,45.954192
"Dutch_Elm_Disease",15.589325,46.020146
"Dutch_Elm_Disease",14.995217,45.954192
"Dutch_Elm_Disease",14.995217,45.954192
"Dutch_Elm_Disease",14.995217,45.954192
"Dutch_Elm_Disease",15.657448,46.046767
"Dutch_Elm_Disease",14.995217,45.954192
"Dutch_Elm_Disease",14.995217,45.954192
"Dutch_Elm_Disease",14.995217,45.954192
"Dutch_Elm_Disease",14.995217,45.954192
"Dutch_Elm_Disease",14.995217,45.954192
"Dutch_Elm_Disease",14.995217,45.954192
"Dutch_Elm_Disease",14.995217,45.954192
"Dutch_Elm_Disease",14.995217,45.954192
"Dutch_Elm_Disease",15.61561,46.002912
"Dutch_Elm_Disease",14.995217,45.954192
"Dutch_Elm_Disease",14.995217,45.954192
"Dutch_Elm_Disease",14.995217,45.954192
"Dutch_Elm_Disease",14.995217,45.954192
"Dutch_Elm_Disease",14.995217,45.954192
"Dutch_Elm_Disease",14.995217,45.954192
"Dutch_Elm_Disease",15.267643,45.489505
"Dutch_Elm_Disease",15.66205,45.999502
"Dutch_Elm_Disease",15.647731,46.044573
"Dutch_Elm_Disease",14.995217,45.954192
"Dutch_Elm_Disease",14.995217,45.954192
"Dutch_Elm_Disease",14.995217,45.954192
"Dutch_Elm_Disease",14.995217,45.954192
"Dutch_Elm_Disease",15.602298,46.025477
"Dutch_Elm_Disease",14.995217,45.954192
"Dutch_Elm_Disease",14.995217,45.954192
"Dutch_Elm_Disease",14.995217,45.954192
"Dutch_Elm_Disease",14.995217,45.954192
"Dutch_Elm_Disease",14.995217,45.954192
"Dutch_Elm_Disease",14.995217,45.954192
"Dutch_Elm_Disease",14.995217,45.954192
"Dutch_Elm_Disease",14.995217,45.954192
"Dutch_Elm_Disease",14.995217,45.954192
"Dutch_Elm_Disease",14.995217,45.954192
"Dutch_Elm_Disease",14.995217,45.954192
"Dutch_Elm_Disease",14.995217,45.954192
"Dutch_Elm_Disease",14.995217,45.954192
"Dutch_Elm_Disease",14.995217,45.954192
"Dutch_Elm_Disease",14.995217,45.954192
"Dutch_Elm_Disease",14.995217,45.954192
"Dutch_Elm_Disease",14.995217,45.954192
"Dutch_Elm_Disease",14.995217,45.954192
"Dutch_Elm_Disease",14.995217,45.954192
"Dutch_Elm_Disease",14.995217,45.954192
"Dutch_Elm_Disease",14.995217,45.954192
"Dutch_Elm_Disease",14.995217,45.954192
"Dutch_Elm_Disease",14.995217,45.954192
"Dutch_Elm_Disease",14.995217,45.954192
"Dutch_Elm_Disease",14.995217,45.954192
"Dutch_Elm_Disease",14.995217,45.954192
"Dutch_Elm_Disease",14.995217,45.954192
"Dutch_Elm_Disease",14.995217,45.954192
"Dutch_Elm_Disease",15.144527,45.719935
"Dutch_Elm_Disease",15.245764,45.727939
"Dutch_Elm_Disease",14.995217,45.954192
"Dutch_Elm_Disease",15.269454,45.754205
"Dutch_Elm_Disease",14.995217,45.954192
"Dutch_Elm_Disease",15.296061,45.507063
"Dutch_Elm_Disease",14.995217,45.954192
"Dutch_Elm_Disease",14.995217,45.954192
"Dutch_Elm_Disease",14.995217,45.954192
"Dutch_Elm_Disease",14.995217,45.954192
"Dutch_Elm_Disease",14.995217,45.954192
"Dutch_Elm_Disease",14.995217,45.954192
"Dutch_Elm_Disease",14.995217,45.954192
"Dutch_Elm_Disease",14.995217,45.954192
"Dutch_Elm_Disease",14.995217,45.954192
"Dutch_Elm_Disease",14.995217,45.954192
"Dutch_Elm_Disease",14.995217,45.954192
"Dutch_Elm_Disease",14.995217,45.954192
"Dutch_Elm_Disease",14.995217,45.954192
"Dutch_Elm_Disease",14.995217,45.954192
"Dutch_Elm_Disease",14.995217,45.954192
"Dutch_Elm_Disease",14.995217,45.954192
"Dutch_Elm_Disease",14.995217,45.954192
"Dutch_Elm_Disease",14.995217,45.954192
"Dutch_Elm_Disease",14.995217,45.954192
"Dutch_Elm_Disease",14.995217,45.954192
"Dutch_Elm_Disease",14.995217,45.954192
"Dutch_Elm_Disease",14.995217,45.954192
"Dutch_Elm_Disease",14.995217,45.954192
"Dutch_Elm_Disease",14.995217,45.954192
"Dutch_Elm_Disease",14.995217,45.954192
"Dutch_Elm_Disease",14.995217,45.954192
"Dutch_Elm_Disease",14.995217,45.954192
"Dutch_Elm_Disease",14.995217,45.954192
"Dutch_Elm_Disease",14.995217,45.954192
"Dutch_Elm_Disease",14.995217,45.954192
"Dutch_Elm_Disease",14.995217,45.954192
"Dutch_Elm_Disease",15.228244,45.723
"Dutch_Elm_Disease",14.995217,45.954192
"Dutch_Elm_Disease",14.995217,45.954192
"Dutch_Elm_Disease",14.995217,45.954192
"Dutch_Elm_Disease",14.995217,45.954192
"Dutch_Elm_Disease",15.307024,45.511083
"Dutch_Elm_Disease",14.995217,45.954192
"Dutch_Elm_Disease",14.995217,45.954192
"Dutch_Elm_Disease",14.995217,45.954192
"Dutch_Elm_Disease",15.367111,45.483288
"Dutch_Elm_Disease",15.214394,45.715819
"Dutch_Elm_Disease",14.995217,45.954192
"Dutch_Elm_Disease",15.350021,45.4998
"Dutch_Elm_Disease",14.995217,45.954192
"Dutch_Elm_Disease",14.995217,45.954192
"Dutch_Elm_Disease",14.995217,45.954192
"Dutch_Elm_Disease",14.995217,45.954192
"Dutch_Elm_Disease",15.353444,45.490674
"Dutch_Elm_Disease",15.32885,45.494312
"Dutch_Elm_Disease",14.995217,45.954192
"Dutch_Elm_Disease",14.995217,45.954192
"Dutch_Elm_Disease",15.245241,45.740475
"Dutch_Elm_Disease",14.995217,45.954192
"Dutch_Elm_Disease",15.302031,45.501198
"Dutch_Elm_Disease",15.293107,45.514881
"Dutch_Elm_Disease",15.27624,45.759138
"Dutch_Elm_Disease",15.245764,45.727939
"Dutch_Elm_Disease",15.318068,45.499525
"Dutch_Elm_Disease",15.245764,45.727939
"Dutch_Elm_Disease",15.249773,45.730981
"Dutch_Elm_Disease",14.995217,45.954192
"Dutch_Elm_Disease",14.995217,45.954192
"Dutch_Elm_Disease",14.995217,45.954192
"Dutch_Elm_Disease",14.995217,45.954192
"Dutch_Elm_Disease",14.995217,45.954192
"Dutch_Elm_Disease",14.995217,45.954192
"Dutch_Elm_Disease",14.995217,45.954192
"Dutch_Elm_Disease",15.243687,45.732047
"Dutch_Elm_Disease",15.293107,45.514881
"Dutch_Elm_Disease",15.310282,45.503029
"Dutch_Elm_Disease",14.995217,45.954192
"Dutch_Elm_Disease",15.257186,45.755844
"Dutch_Elm_Disease",15.316363,45.505784
"Dutch_Elm_Disease",15.271308,45.754795
"Dutch_Elm_Disease",15.297818,45.471649
"Dutch_Elm_Disease",15.317088,45.516301
"Dutch_Elm_Disease",15.258026,45.515407
"Dutch_Elm_Disease",15.247635,45.486977
"Dutch_Elm_Disease",15.281725,45.748327
"Dutch_Elm_Disease",14.995217,45.954192
"Dutch_Elm_Disease",15.306029,45.520975
"Dutch_Elm_Disease",15.316363,45.505784
"Dutch_Elm_Disease",15.293107,45.514881
"Dutch_Elm_Disease",15.221644,45.468719
"Dutch_Elm_Disease",15.236502,45.483239
"Dutch_Elm_Disease",15.27624,45.759138
"Dutch_Elm_Disease",15.314155,45.495442
"Dutch_Elm_Disease",15.267643,45.489505
"Dutch_Elm_Disease",15.147334,45.712741
"Dutch_Elm_Disease",15.28604,45.479454
"Dutch_Elm_Disease",15.316363,45.505784
"Dutch_Elm_Disease",15.293107,45.514881
"Dutch_Elm_Disease",15.272299,45.510488
"Dutch_Elm_Disease",15.232929,45.503674
"Dutch_Elm_Disease",15.314155,45.495442
"Dutch_Elm_Disease",15.279736,45.518451
"Dutch_Elm_Disease",15.262053,45.519825
"Dutch_Elm_Disease",15.285331,45.516026
"Dutch_Elm_Disease",15.308137,45.51548
"Dutch_Elm_Disease",15.221979,45.49188
"Dutch_Elm_Disease",15.302031,45.501198
"Dutch_Elm_Disease",15.277758,45.522164
"Dutch_Elm_Disease",15.327173,45.489736
"Dutch_Elm_Disease",15.272299,45.510488
"Dutch_Elm_Disease",15.272299,45.510488
"Dutch_Elm_Disease",15.275277,45.509572
"Dutch_Elm_Disease",15.270865,45.51832
"Dutch_Elm_Disease",15.292103,45.535877
"Dutch_Elm_Disease",15.307024,45.511083
"Dutch_Elm_Disease",15.310282,45.503029
"Dutch_Elm_Disease",15.316363,45.505784
"Dutch_Elm_Disease",15.307024,45.511083
"Dutch_Elm_Disease",15.308137,45.51548
"Dutch_Elm_Disease",15.279736,45.518451
"Dutch_Elm_Disease",15.204708,45.523597
"Dutch_Elm_Disease",15.293107,45.514881
"Dutch_Elm_Disease",15.206377,45.517934
"Dutch_Elm_Disease",15.275277,45.509572
"Dutch_Elm_Disease",15.275277,45.509572
"Dutch_Elm_Disease",15.310282,45.503029
"Dutch_Elm_Disease",15.255642,45.517509
"Dutch_Elm_Disease",15.221979,45.49188
"Dutch_Elm_Disease",15.306029,45.520975
"Dutch_Elm_Disease",15.227756,45.496782
"Dutch_Elm_Disease",15.289205,45.50035
"Dutch_Elm_Disease",15.30085,45.526784
"Dutch_Elm_Disease",15.306029,45.520975
"Dutch_Elm_Disease",15.163098,45.52631
"Dutch_Elm_Disease",15.256604,45.49556
"Dutch_Elm_Disease",15.178927,45.532018
"Dutch_Elm_Disease",15.239968,45.509949
"Dutch_Elm_Disease",15.218644,45.493039
"Dutch_Elm_Disease",15.209922,45.528032
"Dutch_Elm_Disease",15.206377,45.517934
"Dutch_Elm_Disease",15.18155,45.543109
"Dutch_Elm_Disease",15.220044,45.543104
"Dutch_Elm_Disease",15.218289,45.510164
"Dutch_Elm_Disease",15.213334,45.529862
"Dutch_Elm_Disease",15.190392,45.526132
"Dutch_Elm_Disease",15.178927,45.532018
"Dutch_Elm_Disease",15.228271,45.52249
"Dutch_Elm_Disease",15.112773,45.513414
"Dutch_Elm_Disease",15.265263,45.551564
"Dutch_Elm_Disease",15.116178,45.482797
"Dutch_Elm_Disease",15.18155,45.543109
"Dutch_Elm_Disease",15.18155,45.543109
"Dutch_Elm_Disease",15.236117,45.540525
"Dutch_Elm_Disease",15.175118,45.538224
"Dutch_Elm_Disease",15.127967,45.502923
"Dutch_Elm_Disease",15.18155,45.543109
"Dutch_Elm_Disease",15.175118,45.538224
"Dutch_Elm_Disease",15.127967,45.502923
"Dutch_Elm_Disease",15.094386,45.508841
"Dutch_Elm_Disease",15.274564,45.541725
"Dutch_Elm_Disease",15.133669,45.505949
"Dutch_Elm_Disease",15.103921,45.508887
"Dutch_Elm_Disease",15.137472,45.501562
"Dutch_Elm_Disease",15.214845,45.5365
"Dutch_Elm_Disease",15.127346,45.482947
"Dutch_Elm_Disease",15.115342,45.517694
"Dutch_Elm_Disease",15.112773,45.513414
"Dutch_Elm_Disease",15.22071,45.530136
"Dutch_Elm_Disease",15.121054,45.519164
"Dutch_Elm_Disease",15.280229,45.529932
"Dutch_Elm_Disease",15.209922,45.528032
"Dutch_Elm_Disease",15.235833,45.549065
"Dutch_Elm_Disease",15.112773,45.513414
"Dutch_Elm_Disease",15.116178,45.482797
"Dutch_Elm_Disease",15.133669,45.505949
"Dutch_Elm_Disease",15.134036,45.493405
"Dutch_Elm_Disease",15.112311,45.506206
"Dutch_Elm_Disease",15.137575,45.486463
"Dutch_Elm_Disease",15.103921,45.508887
"Dutch_Elm_Disease",15.265263,45.551564
"Dutch_Elm_Disease",15.13219,45.497429
"Dutch_Elm_Disease",15.094386,45.508841
"Dutch_Elm_Disease",15.145298,45.489647
"Dutch_Elm_Disease",15.116178,45.482797
"Dutch_Elm_Disease",15.145298,45.489647
"Dutch_Elm_Disease",15.137575,45.486463
"Dutch_Elm_Disease",15.133669,45.505949
"Dutch_Elm_Disease",15.116178,45.482797
"Dutch_Elm_Disease",15.112773,45.513414
"Dutch_Elm_Disease",15.103921,45.508887
"Dutch_Elm_Disease",15.137472,45.501562
"Dutch_Elm_Disease",15.137575,45.486463
"Dutch_Elm_Disease",15.13219,45.497429
"Dutch_Elm_Disease",15.145298,45.489647
"Dutch_Elm_Disease",15.116178,45.482797
"Dutch_Elm_Disease",15.119022,45.502717
"Dutch_Elm_Disease",15.137575,45.486463
"Dutch_Elm_Disease",15.137575,45.486463
"Dutch_Elm_Disease",15.137575,45.486463
"Dutch_Elm_Disease",15.123676,45.512547
"Dutch_Elm_Disease",15.136127,45.490388
"Dutch_Elm_Disease",15.127967,45.502923
"Dutch_Elm_Disease",15.136127,45.490388
"Dutch_Elm_Disease",15.127967,45.502923
"Dutch_Elm_Disease",15.133669,45.505949
"Dutch_Elm_Disease",15.13219,45.497429
"Dutch_Elm_Disease",15.127967,45.502923
"Dutch_Elm_Disease",15.123676,45.512547
"Dutch_Elm_Disease",15.119022,45.502717
"Dutch_Elm_Disease",15.119022,45.502717
"Dutch_Elm_Disease",15.123676,45.512547
"Dutch_Elm_Disease",15.123676,45.512547
"Dutch_Elm_Disease",15.124356,45.490239
"Dutch_Elm_Disease",15.123845,45.496593
"Dutch_Elm_Disease",15.123845,45.496593
"Dutch_Elm_Disease",15.124356,45.490239
"Dutch_Elm_Disease",15.119022,45.502717
"Dutch_Elm_Disease",15.123845,45.496593
"Dutch_Elm_Disease",15.123845,45.496593
"Dutch_Elm_Disease",15.123845,45.496593
"Dutch_Elm_Disease",15.110542,45.49208
"Dutch_Elm_Disease",15.124356,45.490239
"Dutch_Elm_Disease",15.124356,45.490239
"Dutch_Elm_Disease",15.11462,45.496648
"Dutch_Elm_Disease",15.124356,45.490239
"Dutch_Elm_Disease",15.108035,45.485649
"Dutch_Elm_Disease",15.098542,45.485289
"Dutch_Elm_Disease",15.110542,45.49208
"Dutch_Elm_Disease",15.085442,45.49356
"Dutch_Elm_Disease",15.090285,45.48193
"Dutch_Elm_Disease",15.090285,45.48193
"Dutch_Elm_Disease",15.108035,45.485649
"Dutch_Elm_Disease",15.098542,45.485289
"Dutch_Elm_Disease",15.221364,45.433364
"Dutch_Elm_Disease",15.193439,45.444942
"Dutch_Elm_Disease",15.163037,45.47447
"Dutch_Elm_Disease",15.107485,45.531983
"Dutch_Elm_Disease",15.156048,45.467847
"Dutch_Elm_Disease",15.193849,45.670029
"Dutch_Elm_Disease",15.194374,45.46373
"Dutch_Elm_Disease",15.194873,45.467445
"Dutch_Elm_Disease",15.189807,45.463324
"Dutch_Elm_Disease",15.147305,45.435797
"Dutch_Elm_Disease",15.178229,45.433395
"Dutch_Elm_Disease",15.217508,45.447445
"Dutch_Elm_Disease",15.205469,45.469325
"Dutch_Elm_Disease",15.194873,45.467445
"Dutch_Elm_Disease",15.248879,45.69194
"Dutch_Elm_Disease",15.107628,45.526548
"Dutch_Elm_Disease",15.127195,45.478655
"Dutch_Elm_Disease",15.207919,45.450784
"Dutch_Elm_Disease",15.205469,45.469325
"Dutch_Elm_Disease",15.200976,45.439809
"Dutch_Elm_Disease",15.127195,45.478655
"Dutch_Elm_Disease",15.110622,45.545136
"Dutch_Elm_Disease",15.292977,45.641804
"Dutch_Elm_Disease",15.137301,45.536189
"Dutch_Elm_Disease",15.199318,45.681348
"Dutch_Elm_Disease",15.163021,45.574335
"Dutch_Elm_Disease",15.144649,45.481136
"Dutch_Elm_Disease",15.260545,45.674277
"Dutch_Elm_Disease",15.137738,45.479812
"Dutch_Elm_Disease",15.162924,45.466479
"Dutch_Elm_Disease",15.144649,45.481136
"Dutch_Elm_Disease",15.111671,45.480723
"Dutch_Elm_Disease",15.302298,45.669269
"Dutch_Elm_Disease",15.146037,45.483599
"Dutch_Elm_Disease",15.110622,45.545136
"Dutch_Elm_Disease",15.21239,45.439536
"Dutch_Elm_Disease",15.199318,45.681348
"Dutch_Elm_Disease",15.123968,45.471307
"Dutch_Elm_Disease",15.185238,45.670376
"Dutch_Elm_Disease",15.194747,45.457034
"Dutch_Elm_Disease",14.61189,45.758823
"Dutch_Elm_Disease",15.19761,45.478455
"Dutch_Elm_Disease",15.202934,45.694317
"Dutch_Elm_Disease",15.151979,45.481135
"Dutch_Elm_Disease",15.088251,45.561605
"Dutch_Elm_Disease",15.12527,45.464322
"Dutch_Elm_Disease",15.138511,45.610721
"Dutch_Elm_Disease",15.147305,45.435797
"Dutch_Elm_Disease",15.230971,45.584421
"Dutch_Elm_Disease",14.647155,45.731583
"Dutch_Elm_Disease",15.123968,45.471307
"Dutch_Elm_Disease",15.104928,45.53419
"Dutch_Elm_Disease",15.107487,45.466689
"Dutch_Elm_Disease",15.189191,45.489132
"Dutch_Elm_Disease",15.219852,45.67655
"Dutch_Elm_Disease",15.136732,45.471391
"Dutch_Elm_Disease",15.179961,45.451578
"Dutch_Elm_Disease",15.19342,45.683239
"Dutch_Elm_Disease",15.149781,45.491639
"Dutch_Elm_Disease",15.215588,45.70241
"Dutch_Elm_Disease",15.249945,45.711994
"Dutch_Elm_Disease",15.292977,45.641804
"Dutch_Elm_Disease",15.128235,45.535857
"Dutch_Elm_Disease",15.185032,45.550527
"Dutch_Elm_Disease",15.143849,45.617229
"Dutch_Elm_Disease",15.107485,45.531983
"Dutch_Elm_Disease",15.111692,45.542093
"Dutch_Elm_Disease",15.127195,45.478655
"Dutch_Elm_Disease",15.401813,45.64921
"Dutch_Elm_Disease",15.111692,45.542093
"Dutch_Elm_Disease",15.170077,45.46376
"Dutch_Elm_Disease",15.146469,45.60919
"Dutch_Elm_Disease",14.63795,45.724446
"Dutch_Elm_Disease",15.372068,45.652146
"Dutch_Elm_Disease",15.146037,45.483599
"Dutch_Elm_Disease",15.392902,45.640828
"Dutch_Elm_Disease",15.251489,45.687075
"Dutch_Elm_Disease",15.044856,45.676746
"Dutch_Elm_Disease",15.142115,45.520831
"Dutch_Elm_Disease",15.258009,45.681076
"Dutch_Elm_Disease",15.15136,45.621044
"Dutch_Elm_Disease",14.598229,45.727643
"Dutch_Elm_Disease",15.127607,45.524448
"Dutch_Elm_Disease",15.207348,45.441426
"Dutch_Elm_Disease",15.115956,45.535673
"Dutch_Elm_Disease",15.101662,45.540411
"Dutch_Elm_Disease",15.194873,45.467445
"Dutch_Elm_Disease",15.140064,45.514544
"Dutch_Elm_Disease",15.14098,45.694312
"Dutch_Elm_Disease",15.129162,45.521378
"Dutch_Elm_Disease",15.144649,45.481136
"Dutch_Elm_Disease",15.10012,45.544605
"Dutch_Elm_Disease",15.144649,45.481136
"Dutch_Elm_Disease",15.199318,45.681348
"Dutch_Elm_Disease",15.194873,45.467445
"Dutch_Elm_Disease",15.219835,45.55841
"Dutch_Elm_Disease",15.151359,45.611011
"Dutch_Elm_Disease",15.151978,45.668509
"Dutch_Elm_Disease",14.557516,45.709497
"Dutch_Elm_Disease",15.224632,45.454594
"Dutch_Elm_Disease",15.205469,45.469325
"Dutch_Elm_Disease",15.114457,45.553968
"Dutch_Elm_Disease",15.228811,45.567049
"Dutch_Elm_Disease",15.137738,45.479812
"Dutch_Elm_Disease",15.136732,45.471391
"Dutch_Elm_Disease",15.153957,45.52141
"Dutch_Elm_Disease",15.114457,45.553968
"Dutch_Elm_Disease",15.135729,45.542678
"Dutch_Elm_Disease",15.041846,45.750713
"Dutch_Elm_Disease",15.156104,45.542814
"Dutch_Elm_Disease",15.251489,45.687075
"Dutch_Elm_Disease",15.123968,45.471307
"Dutch_Elm_Disease",15.15581,45.492621
"Dutch_Elm_Disease",15.110631,45.556132
"Dutch_Elm_Disease",15.212802,45.470607
"Dutch_Elm_Disease",15.191492,45.63781
"Dutch_Elm_Disease",15.119714,45.550705
"Dutch_Elm_Disease",15.127195,45.478655
"Dutch_Elm_Disease",15.111692,45.542093
"Dutch_Elm_Disease",15.136116,45.465138
"Dutch_Elm_Disease",15.389813,45.657755
"Dutch_Elm_Disease",15.215588,45.70241
"Dutch_Elm_Disease",15.156048,45.467847
"Dutch_Elm_Disease",15.141514,45.455719
"Dutch_Elm_Disease",15.283655,45.662785
"Dutch_Elm_Disease",15.076368,45.851023
"Dutch_Elm_Disease",15.128112,45.565741
"Dutch_Elm_Disease",15.143217,45.605748
"Dutch_Elm_Disease",14.615758,45.663006
"Dutch_Elm_Disease",15.111692,45.542093
"Dutch_Elm_Disease",15.104928,45.53419
"Dutch_Elm_Disease",15.111671,45.480723
"Dutch_Elm_Disease",15.104224,45.554698
"Dutch_Elm_Disease",15.221071,45.598784
"Dutch_Elm_Disease",14.998737,45.768681
"Dutch_Elm_Disease",15.317461,45.650062
"Dutch_Elm_Disease",15.119714,45.550705
"Dutch_Elm_Disease",15.037863,45.716611
"Dutch_Elm_Disease",15.139194,45.560824
"Dutch_Elm_Disease",15.153957,45.52141
"Dutch_Elm_Disease",15.161327,45.462774
"Dutch_Elm_Disease",14.550794,45.714869
"Dutch_Elm_Disease",15.144828,45.510606
"Dutch_Elm_Disease",15.105878,45.548623
"Dutch_Elm_Disease",14.645641,45.727079
"Dutch_Elm_Disease",15.386557,45.650882
"Dutch_Elm_Disease",15.105878,45.548623
"Dutch_Elm_Disease",15.092934,45.474864
"Dutch_Elm_Disease",15.179961,45.451578
"Dutch_Elm_Disease",15.178229,45.433395
"Dutch_Elm_Disease",15.175071,45.461943
"Dutch_Elm_Disease",15.154234,45.575292
"Dutch_Elm_Disease",15.129182,45.585267
"Dutch_Elm_Disease",15.105878,45.548623
"Dutch_Elm_Disease",15.17419,45.671401
"Dutch_Elm_Disease",15.114371,45.574656
"Dutch_Elm_Disease",15.17419,45.671401
"Dutch_Elm_Disease",15.144649,45.481136
"Dutch_Elm_Disease",15.215588,45.70241
"Dutch_Elm_Disease",15.401813,45.64921
"Dutch_Elm_Disease",15.128271,45.590163
"Dutch_Elm_Disease",15.055724,45.709513
"Dutch_Elm_Disease",15.107485,45.531983
"Dutch_Elm_Disease",15.167199,45.672582
"Dutch_Elm_Disease",15.189692,45.677999
"Dutch_Elm_Disease",15.372068,45.652146
"Dutch_Elm_Disease",15.143048,45.669528
"Dutch_Elm_Disease",15.120165,45.693904
"Dutch_Elm_Disease",15.194873,45.467445
"Dutch_Elm_Disease",14.55925,45.717692
"Dutch_Elm_Disease",15.227253,45.587245
"Dutch_Elm_Disease",15.10715,45.563802
"Dutch_Elm_Disease",15.175706,45.489037
"Dutch_Elm_Disease",14.637694,45.724175
"Dutch_Elm_Disease",15.183424,45.673105
"Dutch_Elm_Disease",15.368142,45.650269
"Dutch_Elm_Disease",15.028494,45.754505
"Dutch_Elm_Disease",15.137738,45.479812
"Dutch_Elm_Disease",15.28326,45.648352
"Dutch_Elm_Disease",15.142115,45.520831
"Dutch_Elm_Disease",15.115956,45.535673
"Dutch_Elm_Disease",15.149548,45.543327
"Dutch_Elm_Disease",15.128271,45.590163
"Dutch_Elm_Disease",15.09358,45.562131
"Dutch_Elm_Disease",15.100497,45.561576
"Dutch_Elm_Disease",15.136116,45.465138
"Dutch_Elm_Disease",15.154171,45.487521
"Dutch_Elm_Disease",15.299997,45.659107
"Dutch_Elm_Disease",15.098446,45.553875
"Dutch_Elm_Disease",15.245614,45.679574
"Dutch_Elm_Disease",15.143685,45.613324
"Dutch_Elm_Disease",15.17419,45.671401
"Dutch_Elm_Disease",15.173621,45.665832
"Dutch_Elm_Disease",15.141721,45.552155
"Dutch_Elm_Disease",15.179961,45.451578
"Dutch_Elm_Disease",15.1271,45.593863
"Dutch_Elm_Disease",15.384082,45.654715
"Dutch_Elm_Disease",15.088251,45.561605
"Dutch_Elm_Disease",15.105878,45.548623
"Dutch_Elm_Disease",15.194873,45.467445
"Dutch_Elm_Disease",15.137738,45.479812
"Dutch_Elm_Disease",15.121229,45.54678
"Dutch_Elm_Disease",15.295728,45.616377
"Dutch_Elm_Disease",15.140367,45.507993
"Dutch_Elm_Disease",15.147629,45.53425
"Dutch_Elm_Disease",15.311011,45.636726
"Dutch_Elm_Disease",15.104224,45.554698
"Dutch_Elm_Disease",15.10715,45.563802
"Dutch_Elm_Disease",15.107485,45.531983
"Dutch_Elm_Disease",15.112877,45.539392
"Dutch_Elm_Disease",15.118594,45.523963
"Dutch_Elm_Disease",15.144649,45.481136
"Dutch_Elm_Disease",15.275551,45.646032
"Dutch_Elm_Disease",15.126621,45.456942
"Dutch_Elm_Disease",15.1424,45.542139
"Dutch_Elm_Disease",15.215588,45.70241
"Dutch_Elm_Disease",15.354597,45.669028
"Dutch_Elm_Disease",15.149548,45.543327
"Dutch_Elm_Disease",15.199318,45.681348
"Dutch_Elm_Disease",15.251489,45.687075
"Dutch_Elm_Disease",15.115956,45.535673
"Dutch_Elm_Disease",14.642334,45.742096
"Dutch_Elm_Disease",15.185459,45.636749
"Dutch_Elm_Disease",15.122976,45.543197
"Dutch_Elm_Disease",15.289915,45.645006
"Dutch_Elm_Disease",15.092934,45.474864
"Dutch_Elm_Disease",15.384082,45.654715
"Dutch_Elm_Disease",15.181736,45.686821
"Dutch_Elm_Disease",15.151475,45.601967
"Dutch_Elm_Disease",14.541153,45.731568
"Dutch_Elm_Disease",15.37366,45.640892
"Dutch_Elm_Disease",15.215413,45.600891
"Dutch_Elm_Disease",15.392902,45.640828
"Dutch_Elm_Disease",15.128849,45.563014
"Dutch_Elm_Disease",15.229932,45.556159
"Dutch_Elm_Disease",15.207919,45.450784
"Dutch_Elm_Disease",15.152874,45.691219
"Dutch_Elm_Disease",15.171734,45.545077
"Dutch_Elm_Disease",15.149372,45.654052
"Dutch_Elm_Disease",15.243433,45.638691
"Dutch_Elm_Disease",15.260545,45.674277
"Dutch_Elm_Disease",15.191157,45.585242
"Dutch_Elm_Disease",15.146469,45.60919
"Dutch_Elm_Disease",15.128984,45.549489
"Dutch_Elm_Disease",15.043091,45.71696
"Dutch_Elm_Disease",14.637694,45.724175
"Dutch_Elm_Disease",15.189692,45.677999
"Dutch_Elm_Disease",15.007092,45.75935
"Dutch_Elm_Disease",15.177329,45.484301
"Dutch_Elm_Disease",15.166961,45.666049
"Dutch_Elm_Disease",15.154468,45.451679
"Dutch_Elm_Disease",15.128271,45.590163
"Dutch_Elm_Disease",15.269379,45.616442
"Dutch_Elm_Disease",15.319239,45.658065
"Dutch_Elm_Disease",15.386557,45.650882
"Dutch_Elm_Disease",15.123885,45.560302
"Dutch_Elm_Disease",15.368142,45.650269
"Dutch_Elm_Disease",15.198671,45.687117
"Dutch_Elm_Disease",15.170295,45.497522
"Dutch_Elm_Disease",15.181023,45.510895
"Dutch_Elm_Disease",15.194873,45.467445
"Dutch_Elm_Disease",14.664228,45.755749
"Dutch_Elm_Disease",15.126621,45.456942
"Dutch_Elm_Disease",15.125727,45.514057
"Dutch_Elm_Disease",15.140064,45.514544
"Dutch_Elm_Disease",15.127195,45.478655
"Dutch_Elm_Disease",15.111692,45.542093
"Dutch_Elm_Disease",15.10715,45.563802
"Dutch_Elm_Disease",15.115956,45.535673
"Dutch_Elm_Disease",15.181736,45.686821
"Dutch_Elm_Disease",15.132885,45.531407
"Dutch_Elm_Disease",15.279239,45.703657
"Dutch_Elm_Disease",15.364598,45.657704
"Dutch_Elm_Disease",15.368142,45.650269
"Dutch_Elm_Disease",15.279239,45.703657
"Dutch_Elm_Disease",15.224632,45.454594
"Dutch_Elm_Disease",15.140231,45.530165
"Dutch_Elm_Disease",15.368142,45.650269
"Dutch_Elm_Disease",15.012551,45.690828
"Dutch_Elm_Disease",15.105878,45.548623
"Dutch_Elm_Disease",15.188943,45.684245
"Dutch_Elm_Disease",15.149014,45.539719
"Dutch_Elm_Disease",15.184398,45.676361
"Dutch_Elm_Disease",15.098446,45.553875
"Dutch_Elm_Disease",15.114457,45.553968
"Dutch_Elm_Disease",15.181394,45.50303
"Dutch_Elm_Disease",15.13718,45.585842
"Dutch_Elm_Disease",15.141721,45.552155
"Dutch_Elm_Disease",15.185238,45.670376
"Dutch_Elm_Disease",14.629788,45.734857
"Dutch_Elm_Disease",15.113386,45.706419
"Dutch_Elm_Disease",15.366361,45.652659
"Dutch_Elm_Disease",15.200851,45.447647
"Dutch_Elm_Disease",15.169586,45.537782
"Dutch_Elm_Disease",15.151911,45.615995
"Dutch_Elm_Disease",15.09358,45.562131
"Dutch_Elm_Disease",15.152874,45.691219
"Dutch_Elm_Disease",15.246377,45.721324
"Dutch_Elm_Disease",15.100497,45.561576
"Dutch_Elm_Disease",15.37366,45.640892
"Dutch_Elm_Disease",15.111692,45.542093
"Dutch_Elm_Disease",15.127195,45.478655
"Dutch_Elm_Disease",15.139194,45.560824
"Dutch_Elm_Disease",15.151359,45.611011
"Dutch_Elm_Disease",15.19342,45.683239
"Dutch_Elm_Disease",15.366361,45.652659
"Dutch_Elm_Disease",15.055724,45.709513
"Dutch_Elm_Disease",15.194873,45.467445
"Dutch_Elm_Disease",15.177607,45.676363
"Dutch_Elm_Disease",15.150514,45.687173
"Dutch_Elm_Disease",15.169586,45.537782
"Dutch_Elm_Disease",15.13507,45.671995
"Dutch_Elm_Disease",15.169586,45.537782
"Dutch_Elm_Disease",15.143849,45.617229
"Dutch_Elm_Disease",15.043091,45.71696
"Dutch_Elm_Disease",15.183771,45.680969
"Dutch_Elm_Disease",15.157851,45.671299
"Dutch_Elm_Disease",15.063612,45.821751
"Dutch_Elm_Disease",15.143837,45.498522
"Dutch_Elm_Disease",15.167593,45.650274
"Dutch_Elm_Disease",14.637694,45.724175
"Dutch_Elm_Disease",15.110622,45.545136
"Dutch_Elm_Disease",15.127526,45.528084
"Dutch_Elm_Disease",15.031358,45.750761
"Dutch_Elm_Disease",15.187202,45.502517
"Dutch_Elm_Disease",15.178956,45.664861
"Dutch_Elm_Disease",14.993406,45.706036
"Dutch_Elm_Disease",15.25718,45.640496
"Dutch_Elm_Disease",14.629047,45.730176
"Dutch_Elm_Disease",14.653732,45.685892
"Dutch_Elm_Disease",15.128984,45.549489
"Dutch_Elm_Disease",15.10715,45.563802
"Dutch_Elm_Disease",15.209923,45.446524
"Dutch_Elm_Disease",15.19342,45.683239
"Dutch_Elm_Disease",15.28326,45.648352
"Dutch_Elm_Disease",14.615758,45.663006
"Dutch_Elm_Disease",15.229932,45.556159
"Dutch_Elm_Disease",15.000677,45.754122
"Dutch_Elm_Disease",15.161813,45.489121
"Dutch_Elm_Disease",15.113353,45.56528
"Dutch_Elm_Disease",15.101662,45.540411
"Dutch_Elm_Disease",15.183771,45.680969
"Dutch_Elm_Disease",15.127526,45.528084
"Dutch_Elm_Disease",15.107485,45.531983
"Dutch_Elm_Disease",15.019187,45.72008
"Dutch_Elm_Disease",15.181642,45.661869
"Dutch_Elm_Disease",15.043091,45.71696
"Dutch_Elm_Disease",15.145452,45.445878
"Dutch_Elm_Disease",15.204168,45.670235
"Dutch_Elm_Disease",15.150514,45.687173
"Dutch_Elm_Disease",15.162425,45.677394
"Dutch_Elm_Disease",15.283655,45.662785
"Dutch_Elm_Disease",15.143849,45.617229
"Dutch_Elm_Disease",15.15403,45.644949
"Dutch_Elm_Disease",15.128849,45.563014
"Dutch_Elm_Disease",14.651702,45.723498
"Dutch_Elm_Disease",14.701127,45.730296
"Dutch_Elm_Disease",15.136724,45.598126
"Dutch_Elm_Disease",15.186865,45.688829
"Dutch_Elm_Disease",15.224632,45.454594
"Dutch_Elm_Disease",14.568158,45.711787
"Dutch_Elm_Disease",15.334045,45.666211
"Dutch_Elm_Disease",15.168382,45.682019
"Dutch_Elm_Disease",15.186865,45.688829
"Dutch_Elm_Disease",15.143837,45.498522
"Dutch_Elm_Disease",15.275746,45.620566
"Dutch_Elm_Disease",14.971027,45.772169
"Dutch_Elm_Disease",15.2061,45.620084
"Dutch_Elm_Disease",15.150514,45.687173
"Dutch_Elm_Disease",15.185238,45.670376
"Dutch_Elm_Disease",14.582157,45.677285
"Dutch_Elm_Disease",15.244335,45.695234
"Dutch_Elm_Disease",15.186865,45.688829
"Dutch_Elm_Disease",15.297599,45.666717
"Dutch_Elm_Disease",15.188943,45.684245
"Dutch_Elm_Disease",15.242993,45.717156
"Dutch_Elm_Disease",15.19342,45.683239
"Dutch_Elm_Disease",15.017114,45.744421
"Dutch_Elm_Disease",14.764782,45.855733
"Dutch_Elm_Disease",15.112877,45.539392
"Dutch_Elm_Disease",15.354518,45.656701
"Dutch_Elm_Disease",15.181736,45.686821
"Dutch_Elm_Disease",15.199318,45.681348
"Dutch_Elm_Disease",15.186865,45.688829
"Dutch_Elm_Disease",14.56393,45.677308
"Dutch_Elm_Disease",15.013717,45.728441
"Dutch_Elm_Disease",14.636865,45.73335
"Dutch_Elm_Disease",15.162281,45.654547
"Dutch_Elm_Disease",15.10012,45.544605
"Dutch_Elm_Disease",15.175369,45.683007
"Dutch_Elm_Disease",14.614303,45.725538
"Dutch_Elm_Disease",15.387187,45.639902
"Dutch_Elm_Disease",15.127195,45.478655
"Dutch_Elm_Disease",15.192814,45.689952
"Dutch_Elm_Disease",15.158075,45.686866
"Dutch_Elm_Disease",15.292977,45.641804
"Dutch_Elm_Disease",15.123885,45.560302
"Dutch_Elm_Disease",15.390378,45.646865
"Dutch_Elm_Disease",15.150514,45.687173
"Dutch_Elm_Disease",15.035453,45.743912
"Dutch_Elm_Disease",15.105151,45.550513
"Dutch_Elm_Disease",15.183424,45.673105
"Dutch_Elm_Disease",14.648998,45.714132
"Dutch_Elm_Disease",14.651702,45.723498
"Dutch_Elm_Disease",15.137067,45.607276
"Dutch_Elm_Disease",15.229936,45.560145
"Dutch_Elm_Disease",15.003939,45.72163
"Dutch_Elm_Disease",15.035493,45.726204
"Dutch_Elm_Disease",15.312887,45.783877
"Dutch_Elm_Disease",15.120243,45.62325
"Dutch_Elm_Disease",15.017114,45.744421
"Dutch_Elm_Disease",15.006954,45.69405
"Dutch_Elm_Disease",15.150514,45.687173
"Dutch_Elm_Disease",15.175369,45.683007
"Dutch_Elm_Disease",15.183424,45.673105
"Dutch_Elm_Disease",15.334131,45.680608
"Dutch_Elm_Disease",15.196849,45.676421
"Dutch_Elm_Disease",15.104928,45.53419
"Dutch_Elm_Disease",14.643854,45.684602
"Dutch_Elm_Disease",15.118383,45.527311
"Dutch_Elm_Disease",15.334045,45.666211
"Dutch_Elm_Disease",15.034849,45.723595
"Dutch_Elm_Disease",15.027767,45.742349
"Dutch_Elm_Disease",15.181736,45.686821
"Dutch_Elm_Disease",15.175369,45.683007
"Dutch_Elm_Disease",15.249945,45.711994
"Dutch_Elm_Disease",15.319943,45.780798
"Dutch_Elm_Disease",15.101662,45.540411
"Dutch_Elm_Disease",15.292977,45.641804
"Dutch_Elm_Disease",15.17419,45.671401
"Dutch_Elm_Disease",15.024512,45.76229
"Dutch_Elm_Disease",15.150514,45.687173
"Dutch_Elm_Disease",15.149979,45.660485
"Dutch_Elm_Disease",15.022028,45.723364
"Dutch_Elm_Disease",15.019529,45.740677
"Dutch_Elm_Disease",14.714716,45.710895
"Dutch_Elm_Disease",14.99407,45.766945
"Dutch_Elm_Disease",15.158075,45.686866
"Dutch_Elm_Disease",15.104224,45.554698
"Dutch_Elm_Disease",15.364598,45.657704
"Dutch_Elm_Disease",15.010356,45.750432
"Dutch_Elm_Disease",15.100497,45.561576
"Dutch_Elm_Disease",15.292977,45.641804
"Dutch_Elm_Disease",15.058683,45.619187
"Dutch_Elm_Disease",15.15538,45.655214
"Dutch_Elm_Disease",15.254947,45.629073
"Dutch_Elm_Disease",15.15403,45.644949
"Dutch_Elm_Disease",15.17419,45.671401
"Dutch_Elm_Disease",15.166961,45.666049
"Dutch_Elm_Disease",14.995908,45.769797
"Dutch_Elm_Disease",14.650624,45.731593
"Dutch_Elm_Disease",14.637694,45.724175
"Dutch_Elm_Disease",15.198671,45.687117
"Dutch_Elm_Disease",15.165394,45.652662
"Dutch_Elm_Disease",14.638892,45.737856
"Dutch_Elm_Disease",15.305618,45.666291
"Dutch_Elm_Disease",15.163109,45.661007
"Dutch_Elm_Disease",15.155759,45.685097
"Dutch_Elm_Disease",15.100497,45.561576
"Dutch_Elm_Disease",15.181736,45.686821
"Dutch_Elm_Disease",14.943234,45.805119
"Dutch_Elm_Disease",15.028768,45.785558
"Dutch_Elm_Disease",15.010356,45.750432
"Dutch_Elm_Disease",14.629788,45.734857
"Dutch_Elm_Disease",15.31569,45.779191
"Dutch_Elm_Disease",15.192837,45.69285
"Dutch_Elm_Disease",14.637694,45.724175
"Dutch_Elm_Disease",15.000487,45.508153
"Dutch_Elm_Disease",15.390378,45.646865
"Dutch_Elm_Disease",14.628545,45.708939
"Dutch_Elm_Disease",15.189692,45.677999
"Dutch_Elm_Disease",14.9974,45.724797
"Dutch_Elm_Disease",15.181736,45.686821
"Dutch_Elm_Disease",15.368142,45.650269
"Dutch_Elm_Disease",14.622004,45.726644
"Dutch_Elm_Disease",14.644404,45.739943
"Dutch_Elm_Disease",15.167199,45.672582
"Dutch_Elm_Disease",14.998184,45.774107
"Dutch_Elm_Disease",15.321913,45.787901
"Dutch_Elm_Disease",14.6529,45.695877
"Dutch_Elm_Disease",14.639603,45.686838
"Dutch_Elm_Disease",15.062405,45.711678
"Dutch_Elm_Disease",15.043091,45.71696
"Dutch_Elm_Disease",15.120533,45.685986
"Dutch_Elm_Disease",15.390378,45.646865
"Dutch_Elm_Disease",15.073143,45.606544
"Dutch_Elm_Disease",15.011805,45.788557
"Dutch_Elm_Disease",15.024814,45.746804
"Dutch_Elm_Disease",15.215588,45.70241
"Dutch_Elm_Disease",15.207649,45.688136
"Dutch_Elm_Disease",14.597394,45.754634
"Dutch_Elm_Disease",14.56605,45.685324
"Dutch_Elm_Disease",15.297599,45.666717
"Dutch_Elm_Disease",15.06743,45.796887
"Dutch_Elm_Disease",15.021602,45.749882
"Dutch_Elm_Disease",15.319943,45.780798
"Dutch_Elm_Disease",14.964963,45.786673
"Dutch_Elm_Disease",15.031358,45.750761
"Dutch_Elm_Disease",14.552935,45.720187
"Dutch_Elm_Disease",14.654019,45.743751
"Dutch_Elm_Disease",14.666315,45.685569
"Dutch_Elm_Disease",14.736597,45.645799
"Dutch_Elm_Disease",15.258009,45.681076
"Dutch_Elm_Disease",15.17419,45.671401
"Dutch_Elm_Disease",14.998441,45.70699
"Dutch_Elm_Disease",15.186865,45.688829
"Dutch_Elm_Disease",15.024072,45.728034
"Dutch_Elm_Disease",14.612048,45.773131
"Dutch_Elm_Disease",15.173621,45.665832
"Dutch_Elm_Disease",14.686175,45.692644
"Dutch_Elm_Disease",14.658133,45.701112
"Dutch_Elm_Disease",15.184398,45.676361
"Dutch_Elm_Disease",15.007927,45.755274
"Dutch_Elm_Disease",15.387402,45.643096
"Dutch_Elm_Disease",15.224632,45.454594
"Dutch_Elm_Disease",14.660646,45.688882
"Dutch_Elm_Disease",14.603074,45.751235
"Dutch_Elm_Disease",15.168382,45.682019
"Dutch_Elm_Disease",14.997014,45.771993
"Dutch_Elm_Disease",14.638892,45.737856
"Dutch_Elm_Disease",15.189692,45.677999
"Dutch_Elm_Disease",15.053778,45.793961
"Dutch_Elm_Disease",14.639603,45.686838
"Dutch_Elm_Disease",14.660153,45.685551
"Dutch_Elm_Disease",14.679198,45.722949
"Dutch_Elm_Disease",14.629978,45.72541
"Dutch_Elm_Disease",15.299997,45.659107
"Dutch_Elm_Disease",14.56605,45.685324
"Dutch_Elm_Disease",15.186865,45.688829
"Dutch_Elm_Disease",15.044902,45.685997
"Dutch_Elm_Disease",14.629047,45.730176
"Dutch_Elm_Disease",15.028494,45.754505
"Dutch_Elm_Disease",15.158075,45.686866
"Dutch_Elm_Disease",15.129702,45.654121
"Dutch_Elm_Disease",15.14098,45.694312
"Dutch_Elm_Disease",15.162281,45.654547
"Dutch_Elm_Disease",14.657079,45.684282
"Dutch_Elm_Disease",14.640715,45.713836
"Dutch_Elm_Disease",15.181736,45.686821
"Dutch_Elm_Disease",15.334045,45.666211
"Dutch_Elm_Disease",14.9974,45.724797
"Dutch_Elm_Disease",15.113386,45.706419
"Dutch_Elm_Disease",15.028768,45.785558
"Dutch_Elm_Disease",14.640187,45.695928
"Dutch_Elm_Disease",15.150514,45.687173
"Dutch_Elm_Disease",14.639196,45.730388
"Dutch_Elm_Disease",14.639196,45.730388
"Dutch_Elm_Disease",14.651669,45.749593
"Dutch_Elm_Disease",14.622151,45.704779
"Dutch_Elm_Disease",14.647155,45.731583
"Dutch_Elm_Disease",15.31569,45.779191
"Dutch_Elm_Disease",14.653732,45.685892
"Dutch_Elm_Disease",15.043117,45.700916
"Dutch_Elm_Disease",15.175369,45.683007
"Dutch_Elm_Disease",14.615758,45.663006
"Dutch_Elm_Disease",14.733142,45.698251
"Dutch_Elm_Disease",14.561384,45.691065
"Dutch_Elm_Disease",14.681877,45.726195
"Dutch_Elm_Disease",14.63795,45.724446
"Dutch_Elm_Disease",14.656768,45.69319
"Dutch_Elm_Disease",14.622004,45.726644
"Dutch_Elm_Disease",14.584219,45.676303
"Dutch_Elm_Disease",14.56605,45.685324
"Dutch_Elm_Disease",14.663648,45.723714
"Dutch_Elm_Disease",14.628545,45.708939
"Dutch_Elm_Disease",14.568655,45.697212
"Dutch_Elm_Disease",15.029802,45.72778
"Dutch_Elm_Disease",15.028494,45.754505
"Dutch_Elm_Disease",14.629978,45.72541
"Dutch_Elm_Disease",15.189692,45.677999
"Dutch_Elm_Disease",15.009211,45.683576
"Dutch_Elm_Disease",15.181736,45.686821
"Dutch_Elm_Disease",14.672682,45.716631
"Dutch_Elm_Disease",14.73215,45.69087
"Dutch_Elm_Disease",14.639196,45.730388
"Dutch_Elm_Disease",14.705919,45.698275
"Dutch_Elm_Disease",14.727194,45.706876
"Dutch_Elm_Disease",14.663648,45.723714
"Dutch_Elm_Disease",15.184398,45.676361
"Dutch_Elm_Disease",14.63795,45.724446
"Dutch_Elm_Disease",14.636868,45.712924
"Dutch_Elm_Disease",14.69899,45.721292
"Dutch_Elm_Disease",15.319943,45.780798
"Dutch_Elm_Disease",14.64954,45.699377
"Dutch_Elm_Disease",14.658199,45.690224
"Dutch_Elm_Disease",14.739715,45.693047
"Dutch_Elm_Disease",15.401813,45.64921
"Dutch_Elm_Disease",14.688866,45.716946
"Dutch_Elm_Disease",14.693614,45.717859
"Dutch_Elm_Disease",14.615758,45.663006
"Dutch_Elm_Disease",14.572372,45.681209
"Dutch_Elm_Disease",14.622151,45.704779
"Dutch_Elm_Disease",14.640901,45.704839
"Dutch_Elm_Disease",14.628729,45.680955
"Dutch_Elm_Disease",14.688968,45.721716
"Dutch_Elm_Disease",14.650486,45.691641
"Dutch_Elm_Disease",14.658199,45.690224
"Dutch_Elm_Disease",14.65119,45.681655
"Dutch_Elm_Disease",15.188943,45.684245
"Dutch_Elm_Disease",14.642464,45.701424
"Dutch_Elm_Disease",14.660646,45.688882
"Dutch_Elm_Disease",14.645901,45.706204
"Dutch_Elm_Disease",14.723911,45.69544
"Dutch_Elm_Disease",14.658199,45.690224
"Dutch_Elm_Disease",14.558355,45.700682
"Dutch_Elm_Disease",14.701925,45.700784
"Dutch_Elm_Disease",14.672634,45.725
"Dutch_Elm_Disease",14.557516,45.709497
"Dutch_Elm_Disease",14.634403,45.69681
"Dutch_Elm_Disease",14.575443,45.767693
"Dutch_Elm_Disease",14.63795,45.724446
"Dutch_Elm_Disease",14.618814,45.780442
"Dutch_Elm_Disease",15.17419,45.671401
"Dutch_Elm_Disease",14.640715,45.713836
"Dutch_Elm_Disease",14.64954,45.699377
"Dutch_Elm_Disease",14.636868,45.712924
"Dutch_Elm_Disease",14.679198,45.722949
"Dutch_Elm_Disease",14.6529,45.695877
"Dutch_Elm_Disease",14.642726,45.720861
"Dutch_Elm_Disease",14.654898,45.726117
"Dutch_Elm_Disease",14.796471,45.806349
"Dutch_Elm_Disease",14.645641,45.727079
"Dutch_Elm_Disease",14.657079,45.684282
"Dutch_Elm_Disease",14.701216,45.689175
"Dutch_Elm_Disease",14.982817,45.542256
"Dutch_Elm_Disease",14.729391,45.704091
"Dutch_Elm_Disease",14.68746,45.704075
"Dutch_Elm_Disease",14.659631,45.70827
"Dutch_Elm_Disease",14.646359,45.694598
"Dutch_Elm_Disease",15.345639,45.797658
"Dutch_Elm_Disease",15.032626,45.743202
"Dutch_Elm_Disease",15.000367,45.701429
"Dutch_Elm_Disease",14.550794,45.714869
"Dutch_Elm_Disease",15.082627,45.72347
"Dutch_Elm_Disease",14.672634,45.725
"Dutch_Elm_Disease",14.64954,45.699377
"Dutch_Elm_Disease",14.640715,45.713836
"Dutch_Elm_Disease",14.684479,45.720444
"Dutch_Elm_Disease",14.693544,45.683396
"Dutch_Elm_Disease",15.319943,45.780798
"Dutch_Elm_Disease",14.694927,45.679359
"Dutch_Elm_Disease",14.688968,45.721716
"Dutch_Elm_Disease",14.654898,45.726117
"Dutch_Elm_Disease",14.55925,45.717692
"Dutch_Elm_Disease",14.688968,45.721716
"Dutch_Elm_Disease",14.653732,45.685892
"Dutch_Elm_Disease",14.719155,45.696328
"Dutch_Elm_Disease",14.541153,45.731568
"Dutch_Elm_Disease",14.659393,45.726401
"Dutch_Elm_Disease",14.629047,45.730176
"Dutch_Elm_Disease",14.660153,45.685551
"Dutch_Elm_Disease",14.702446,45.723821
"Dutch_Elm_Disease",15.134985,45.689703
"Dutch_Elm_Disease",14.622004,45.726644
"Dutch_Elm_Disease",14.715928,45.69965
"Dutch_Elm_Disease",14.653732,45.685892
"Dutch_Elm_Disease",14.657079,45.684282
"Dutch_Elm_Disease",15.350886,45.793214
"Dutch_Elm_Disease",14.615758,45.663006
"Dutch_Elm_Disease",14.717194,45.626317
"Dutch_Elm_Disease",14.664578,45.718588
"Dutch_Elm_Disease",14.688968,45.721716
"Dutch_Elm_Disease",14.672682,45.716631
"Dutch_Elm_Disease",14.688968,45.721716
"Dutch_Elm_Disease",15.198671,45.687117
"Dutch_Elm_Disease",15.017114,45.744421
"Dutch_Elm_Disease",14.630185,45.635068
"Dutch_Elm_Disease",14.683648,45.708294
"Dutch_Elm_Disease",14.702446,45.723821
"Dutch_Elm_Disease",14.615758,45.663006
"Dutch_Elm_Disease",14.652062,45.727639
"Dutch_Elm_Disease",14.629978,45.72541
"Dutch_Elm_Disease",14.55925,45.717692
"Dutch_Elm_Disease",14.672634,45.725
"Dutch_Elm_Disease",14.639475,45.72697
"Dutch_Elm_Disease",14.713861,45.702164
"Dutch_Elm_Disease",15.040697,45.710671
"Dutch_Elm_Disease",14.656768,45.69319
"Dutch_Elm_Disease",14.660687,45.724875
"Dutch_Elm_Disease",14.63795,45.724446
"Dutch_Elm_Disease",14.640715,45.713836
"Dutch_Elm_Disease",14.584219,45.676303
"Dutch_Elm_Disease",14.651514,45.712385
"Dutch_Elm_Disease",14.647919,45.722452
"Dutch_Elm_Disease",15.163109,45.661007
"Dutch_Elm_Disease",14.646359,45.694598
"Dutch_Elm_Disease",14.860334,45.839179
"Dutch_Elm_Disease",14.629047,45.730176
"Dutch_Elm_Disease",14.550794,45.714869
"Dutch_Elm_Disease",14.657079,45.684282
"Dutch_Elm_Disease",14.684279,45.68724
"Dutch_Elm_Disease",14.710663,45.724832
"Dutch_Elm_Disease",14.622151,45.704779
"Dutch_Elm_Disease",14.636868,45.712924
"Dutch_Elm_Disease",14.642464,45.701424
"Dutch_Elm_Disease",14.656768,45.69319
"Dutch_Elm_Disease",14.636868,45.712924
"Dutch_Elm_Disease",14.6529,45.695877
"Dutch_Elm_Disease",14.628545,45.708939
"Dutch_Elm_Disease",14.632107,45.773197
"Dutch_Elm_Disease",14.574385,45.669608
"Dutch_Elm_Disease",14.643854,45.684602
"Dutch_Elm_Disease",14.553961,45.736657
"Dutch_Elm_Disease",14.651038,45.727006
"Dutch_Elm_Disease",14.629978,45.72541
"Dutch_Elm_Disease",14.726227,45.694276
"Dutch_Elm_Disease",14.697427,45.725337
"Dutch_Elm_Disease",14.643823,45.709797
"Dutch_Elm_Disease",14.657079,45.684282
"Dutch_Elm_Disease",14.680732,45.724302
"Dutch_Elm_Disease",14.719917,45.69813
"Dutch_Elm_Disease",14.660646,45.688882
"Dutch_Elm_Disease",14.698536,45.678874
"Dutch_Elm_Disease",14.579745,45.673767
"Dutch_Elm_Disease",14.657079,45.684282
"Dutch_Elm_Disease",14.644028,45.718076
"Dutch_Elm_Disease",14.629978,45.72541
"Dutch_Elm_Disease",14.6489,45.719621
"Dutch_Elm_Disease",14.99178,45.546307
"Dutch_Elm_Disease",14.64954,45.699377
"Dutch_Elm_Disease",14.640715,45.713836
"Dutch_Elm_Disease",14.584219,45.676303
"Dutch_Elm_Disease",14.636868,45.712924
"Dutch_Elm_Disease",14.63795,45.724446
"Dutch_Elm_Disease",14.56393,45.677308
"Dutch_Elm_Disease",14.541468,45.740117
"Dutch_Elm_Disease",14.629978,45.72541
"Dutch_Elm_Disease",14.638347,45.682605
"Dutch_Elm_Disease",14.636868,45.712924
"Dutch_Elm_Disease",14.653243,45.723593
"Dutch_Elm_Disease",14.660646,45.688882
"Dutch_Elm_Disease",14.667451,45.688812
"Dutch_Elm_Disease",14.672634,45.725
"Dutch_Elm_Disease",14.652827,45.707665
"Dutch_Elm_Disease",14.664211,45.711208
"Dutch_Elm_Disease",14.672634,45.725
"Dutch_Elm_Disease",14.656372,45.716044
"Dutch_Elm_Disease",15.319943,45.780798
"Dutch_Elm_Disease",14.660646,45.688882
"Dutch_Elm_Disease",14.710074,45.714392
"Dutch_Elm_Disease",15.131825,45.758768
"Dutch_Elm_Disease",14.642726,45.720861
"Dutch_Elm_Disease",14.677675,45.719615
"Dutch_Elm_Disease",14.663648,45.723714
"Dutch_Elm_Disease",14.723847,45.708397
"Dutch_Elm_Disease",14.671563,45.699262
"Dutch_Elm_Disease",14.636868,45.712924
"Dutch_Elm_Disease",14.658394,45.700303
"Dutch_Elm_Disease",14.688587,45.674294
"Dutch_Elm_Disease",14.665503,45.714271
"Dutch_Elm_Disease",14.658133,45.701112
"Dutch_Elm_Disease",14.636868,45.712924
"Dutch_Elm_Disease",14.764796,45.682843
"Dutch_Elm_Disease",14.56605,45.685324
"Dutch_Elm_Disease",14.718948,45.68634
"Dutch_Elm_Disease",14.695065,45.710754
"Dutch_Elm_Disease",14.697427,45.725337
"Dutch_Elm_Disease",14.64778,45.611008
"Dutch_Elm_Disease",14.702446,45.723821
"Dutch_Elm_Disease",14.663648,45.723714
"Dutch_Elm_Disease",14.653243,45.723593
"Dutch_Elm_Disease",14.628729,45.680955
"Dutch_Elm_Disease",14.707194,45.63817
"Dutch_Elm_Disease",14.692171,45.723254
"Dutch_Elm_Disease",14.695216,45.65897
"Dutch_Elm_Disease",14.688251,45.735301
"Dutch_Elm_Disease",14.622351,45.655829
"Dutch_Elm_Disease",14.68197,45.709729
"Dutch_Elm_Disease",14.681877,45.726195
"Dutch_Elm_Disease",14.671789,45.693593
"Dutch_Elm_Disease",14.643854,45.684602
"Dutch_Elm_Disease",14.739226,45.687827
"Dutch_Elm_Disease",14.730409,45.652174
"Dutch_Elm_Disease",14.640715,45.713836
"Dutch_Elm_Disease",14.645128,45.624857
"Dutch_Elm_Disease",14.742065,45.684684
"Dutch_Elm_Disease",14.694112,45.673409
"Dutch_Elm_Disease",14.736408,45.686471
"Dutch_Elm_Disease",14.683889,45.710994
"Dutch_Elm_Disease",14.679198,45.722949
"Dutch_Elm_Disease",14.615758,45.663006
"Dutch_Elm_Disease",14.727972,45.651943
"Dutch_Elm_Disease",14.707211,45.696838
"Dutch_Elm_Disease",14.678346,45.714578
"Dutch_Elm_Disease",14.657079,45.684282
"Dutch_Elm_Disease",14.688866,45.716946
"Dutch_Elm_Disease",14.744224,45.689728
"Dutch_Elm_Disease",14.660233,45.714886
"Dutch_Elm_Disease",14.695591,45.660815
"Dutch_Elm_Disease",14.616405,45.624315
"Dutch_Elm_Disease",14.622297,45.625414
"Dutch_Elm_Disease",14.668877,45.708432
"Dutch_Elm_Disease",14.704371,45.699621
"Dutch_Elm_Disease",14.61339,45.65265
"Dutch_Elm_Disease",14.765302,45.715598
"Dutch_Elm_Disease",14.653406,45.718015
"Dutch_Elm_Disease",14.616182,45.657248
"Dutch_Elm_Disease",14.705919,45.698275
"Dutch_Elm_Disease",14.680732,45.724302
"Dutch_Elm_Disease",14.709912,45.695856
"Dutch_Elm_Disease",14.653406,45.718015
"Dutch_Elm_Disease",14.705919,45.698275
"Dutch_Elm_Disease",14.683889,45.710994
"Dutch_Elm_Disease",14.672236,45.727068
"Dutch_Elm_Disease",14.660233,45.714886
"Dutch_Elm_Disease",14.767084,45.719471
"Dutch_Elm_Disease",14.704371,45.699621
"Dutch_Elm_Disease",14.616598,45.633764
"Dutch_Elm_Disease",14.68864,45.699624
"Dutch_Elm_Disease",14.697792,45.729208
"Dutch_Elm_Disease",14.689733,45.629306
"Dutch_Elm_Disease",14.62213,45.650429
"Dutch_Elm_Disease",14.628545,45.708939
"Dutch_Elm_Disease",14.672908,45.722031
"Dutch_Elm_Disease",14.621294,45.660324
"Dutch_Elm_Disease",14.668663,45.722919
"Dutch_Elm_Disease",14.653732,45.685892
"Dutch_Elm_Disease",14.660233,45.714886
"Dutch_Elm_Disease",14.642306,45.625028
"Dutch_Elm_Disease",14.678346,45.714578
"Dutch_Elm_Disease",14.701925,45.700784
"Dutch_Elm_Disease",14.673857,45.702238
"Dutch_Elm_Disease",14.675286,45.7107
"Dutch_Elm_Disease",14.621294,45.660324
"Dutch_Elm_Disease",14.705919,45.698275
"Dutch_Elm_Disease",14.733853,45.683676
"Dutch_Elm_Disease",14.62343,45.628567
"Dutch_Elm_Disease",14.62343,45.628567
"Dutch_Elm_Disease",14.694278,45.701844
"Dutch_Elm_Disease",14.621294,45.660324
"Dutch_Elm_Disease",14.664195,45.675125
"Dutch_Elm_Disease",14.766581,45.685636
"Dutch_Elm_Disease",14.686325,45.71181
"Dutch_Elm_Disease",14.792531,45.71628
"Dutch_Elm_Disease",14.671563,45.699262
"Dutch_Elm_Disease",14.669464,45.685038
"Dutch_Elm_Disease",14.707852,45.672185
"Dutch_Elm_Disease",14.689301,45.707904
"Dutch_Elm_Disease",14.692519,45.694731
"Dutch_Elm_Disease",14.616405,45.624315
"Dutch_Elm_Disease",14.634595,45.607727
"Dutch_Elm_Disease",14.609391,45.637249
"Dutch_Elm_Disease",14.670182,45.682881
"Dutch_Elm_Disease",14.616182,45.657248
"Dutch_Elm_Disease",14.737849,45.680176
"Dutch_Elm_Disease",14.659679,45.704536
"Dutch_Elm_Disease",14.70594,45.64487
"Dutch_Elm_Disease",14.609391,45.637249
"Dutch_Elm_Disease",14.62343,45.628567
"Dutch_Elm_Disease",14.690821,45.688292
"Dutch_Elm_Disease",14.609391,45.637249
"Dutch_Elm_Disease",14.665706,45.701674
"Dutch_Elm_Disease",14.61339,45.65265
"Dutch_Elm_Disease",14.607506,45.65011
"Dutch_Elm_Disease",14.609391,45.637249
"Dutch_Elm_Disease",14.671789,45.693593
"Dutch_Elm_Disease",14.644266,45.619186
"Dutch_Elm_Disease",14.609391,45.637249
"Dutch_Elm_Disease",14.664662,45.710966
"Dutch_Elm_Disease",14.62343,45.628567
"Dutch_Elm_Disease",14.622297,45.625414
"Dutch_Elm_Disease",14.62796,45.622373
"Dutch_Elm_Disease",14.61339,45.65265
"Dutch_Elm_Disease",14.62343,45.628567
"Dutch_Elm_Disease",14.62796,45.622373
"Dutch_Elm_Disease",14.608331,45.642194
"Dutch_Elm_Disease",14.622297,45.625414
"Dutch_Elm_Disease",14.622297,45.625414
"Dutch_Elm_Disease",14.644266,45.619186
"Dutch_Elm_Disease",14.632077,45.620317
"Dutch_Elm_Disease",14.642306,45.625028
"Dutch_Elm_Disease",14.644266,45.619186
"Dutch_Elm_Disease",14.662496,45.594135
"Dutch_Elm_Disease",14.644266,45.619186
"Dutch_Elm_Disease",14.642306,45.625028
"Dutch_Elm_Disease",14.619095,45.64385
"Dutch_Elm_Disease",14.70814,45.616396
"Dutch_Elm_Disease",14.643402,45.613874
"Dutch_Elm_Disease",14.65425,45.664208
"Dutch_Elm_Disease",14.643402,45.613874
"Dutch_Elm_Disease",14.634595,45.607727
"Dutch_Elm_Disease",14.643402,45.613874
"Dutch_Elm_Disease",14.643402,45.613874
"Dutch_Elm_Disease",14.644852,45.60758
"Dutch_Elm_Disease",14.644852,45.60758
"Dutch_Elm_Disease",14.644852,45.60758
"Dutch_Elm_Disease",14.645974,45.633138
"Dutch_Elm_Disease",14.70814,45.616396
"Dutch_Elm_Disease",14.619095,45.64385
"Dutch_Elm_Disease",14.623279,45.631986
"Dutch_Elm_Disease",14.625438,45.635233
"Dutch_Elm_Disease",14.644064,45.630973
"Dutch_Elm_Disease",14.641514,45.671034
"Dutch_Elm_Disease",14.647929,45.628195
"Dutch_Elm_Disease",14.705811,45.620439
"Dutch_Elm_Disease",14.692965,45.624545
"Dutch_Elm_Disease",14.632851,45.639396
"Dutch_Elm_Disease",14.667001,45.634551
"Dutch_Elm_Disease",14.636302,45.641297
"Dutch_Elm_Disease",14.641514,45.671034
"Dutch_Elm_Disease",14.632851,45.639396
"Dutch_Elm_Disease",14.709452,45.610641
"Dutch_Elm_Disease",14.681353,45.636931
"Dutch_Elm_Disease",14.622211,45.638282
"Dutch_Elm_Disease",14.679048,45.613799
"Dutch_Elm_Disease",14.705759,45.605772
"Dutch_Elm_Disease",14.692038,45.606456
"Dutch_Elm_Disease",14.681516,45.608137
"Dutch_Elm_Disease",14.70052,45.602519
"Dutch_Elm_Disease",14.682659,45.60994
"Dutch_Elm_Disease",14.713752,45.622169
"Dutch_Elm_Disease",14.65377,45.658627
"Dutch_Elm_Disease",14.679323,45.633056
"Dutch_Elm_Disease",14.679599,45.629638
"Dutch_Elm_Disease",14.701563,45.599102
"Dutch_Elm_Disease",14.714772,45.623521
"Dutch_Elm_Disease",14.690719,45.636687
"Dutch_Elm_Disease",14.650382,45.666985
"Dutch_Elm_Disease",14.703207,45.603426
"Dutch_Elm_Disease",14.677288,45.630081
"Dutch_Elm_Disease",14.7096,45.606772
"Dutch_Elm_Disease",14.692038,45.606456
"Dutch_Elm_Disease",14.65535,45.673119
"Dutch_Elm_Disease",14.690398,45.648474
"Dutch_Elm_Disease",14.683893,45.641617
"Dutch_Elm_Disease",14.824559,45.494523
"Dutch_Elm_Disease",14.684958,45.634602
"Dutch_Elm_Disease",14.838273,45.486175
"Dutch_Elm_Disease",14.665038,45.6628
"Dutch_Elm_Disease",14.687488,45.640907
"Dutch_Elm_Disease",14.676661,45.649966
"Dutch_Elm_Disease",14.68715,45.632448
"Dutch_Elm_Disease",14.685837,45.638023
"Dutch_Elm_Disease",14.842342,45.495089
"Dutch_Elm_Disease",14.652881,45.678061
"Dutch_Elm_Disease",14.8257,45.497855
"Dutch_Elm_Disease",14.661272,45.670167
"Dutch_Elm_Disease",14.678794,45.65852
"Dutch_Elm_Disease",14.659384,45.663953
"Dutch_Elm_Disease",14.643654,45.675693
"Dutch_Elm_Disease",14.71158,45.620724
"Dutch_Elm_Disease",14.840279,45.500575
"Dutch_Elm_Disease",14.830818,45.498042
"Dutch_Elm_Disease",14.8257,45.497855
"Dutch_Elm_Disease",14.828407,45.49111
"Dutch_Elm_Disease",14.838273,45.486175
"Dutch_Elm_Disease",14.831055,45.504252
"Dutch_Elm_Disease",14.652755,45.677611
"Dutch_Elm_Disease",14.825687,45.501994
"Dutch_Elm_Disease",14.832498,45.492196
"Dutch_Elm_Disease",14.846289,45.502293
"Dutch_Elm_Disease",14.840279,45.500575
"Dutch_Elm_Disease",14.639907,45.679551
"Dutch_Elm_Disease",14.824559,45.494523
"Dutch_Elm_Disease",14.832498,45.492196
"Dutch_Elm_Disease",14.825094,45.486786
"Dutch_Elm_Disease",14.858805,45.512028
"Dutch_Elm_Disease",14.842342,45.495089
"Dutch_Elm_Disease",14.656416,45.666734
"Dutch_Elm_Disease",14.832498,45.492196
"Dutch_Elm_Disease",14.840435,45.490497
"Dutch_Elm_Disease",14.824559,45.494523
"Dutch_Elm_Disease",14.823039,45.489482
"Dutch_Elm_Disease",14.828407,45.49111
"Dutch_Elm_Disease",14.831239,45.485355
"Dutch_Elm_Disease",14.828407,45.49111
"Dutch_Elm_Disease",14.840435,45.490497
"Dutch_Elm_Disease",14.840435,45.490497
"Dutch_Elm_Disease",14.853746,45.488445
"Dutch_Elm_Disease",14.853746,45.488445
"Dutch_Elm_Disease",14.856555,45.490878
"Dutch_Elm_Disease",14.847967,45.496626
"Dutch_Elm_Disease",14.847967,45.496626
"Dutch_Elm_Disease",14.847465,45.493116
"Dutch_Elm_Disease",14.856547,45.494028
"Dutch_Elm_Disease",14.856547,45.494028
"Dutch_Elm_Disease",14.855124,45.500055
"Dutch_Elm_Disease",14.855124,45.500055
"Dutch_Elm_Disease",14.852422,45.505901
"Dutch_Elm_Disease",14.855124,45.500055
"Dutch_Elm_Disease",14.855124,45.500055
"Dutch_Elm_Disease",15.079126,45.550147
"Dutch_Elm_Disease",14.855124,45.500055
"Dutch_Elm_Disease",14.852422,45.505901
"Dutch_Elm_Disease",14.856904,45.504736
"Dutch_Elm_Disease",14.703698,45.583091
"Dutch_Elm_Disease",14.856904,45.504736
"Dutch_Elm_Disease",15.08541,45.555632
"Dutch_Elm_Disease",14.701886,45.586506
"Dutch_Elm_Disease",15.105973,45.52448
"Dutch_Elm_Disease",15.092533,45.525841
"Dutch_Elm_Disease",14.70625,45.585167
"Dutch_Elm_Disease",15.088093,45.55149
"Dutch_Elm_Disease",15.088093,45.55149
"Dutch_Elm_Disease",15.020847,45.535866
"Dutch_Elm_Disease",14.969514,45.765231
"Dutch_Elm_Disease",15.079519,45.555906
"Dutch_Elm_Disease",14.985627,45.576271
"Dutch_Elm_Disease",14.103875,45.830121
"Dutch_Elm_Disease",14.793337,45.741656
"Dutch_Elm_Disease",14.920406,45.669738
"Dutch_Elm_Disease",14.806697,45.743209
"Dutch_Elm_Disease",14.745427,45.821733
"Dutch_Elm_Disease",14.510946,45.851028
"Dutch_Elm_Disease",14.770802,45.752861
"Dutch_Elm_Disease",14.328795,45.857754
"Dutch_Elm_Disease",14.791103,45.75506
"Dutch_Elm_Disease",14.559162,45.827198
"Dutch_Elm_Disease",15.016633,45.570151
"Dutch_Elm_Disease",14.796911,45.748501
"Dutch_Elm_Disease",14.450659,45.748627
"Dutch_Elm_Disease",14.51991,45.721493
"Dutch_Elm_Disease",14.706927,45.776202
"Dutch_Elm_Disease",14.963732,45.760011
"Dutch_Elm_Disease",14.788316,45.744257
"Dutch_Elm_Disease",15.024705,45.571319
"Dutch_Elm_Disease",14.967771,45.659682
"Dutch_Elm_Disease",14.53916,45.723821
"Dutch_Elm_Disease",15.012535,45.57834
"Dutch_Elm_Disease",14.745922,45.826054
"Dutch_Elm_Disease",14.781238,45.746583
"Dutch_Elm_Disease",14.815173,45.745203
"Dutch_Elm_Disease",14.8546,45.706027
"Dutch_Elm_Disease",14.894892,45.585043
"Dutch_Elm_Disease",14.732469,45.786252
"Dutch_Elm_Disease",14.985627,45.576271
"Dutch_Elm_Disease",14.926083,45.746046
"Dutch_Elm_Disease",14.739067,45.777719
"Dutch_Elm_Disease",14.793612,45.736798
"Dutch_Elm_Disease",14.968628,45.738147
"Dutch_Elm_Disease",14.313719,45.774433
"Dutch_Elm_Disease",14.535893,45.730557
"Dutch_Elm_Disease",14.770802,45.752861
"Dutch_Elm_Disease",14.796911,45.748501
"Dutch_Elm_Disease",14.143593,45.842122
"Dutch_Elm_Disease",14.763241,45.747627
"Dutch_Elm_Disease",14.722571,45.785058
"Dutch_Elm_Disease",14.53916,45.723821
"Dutch_Elm_Disease",14.78557,45.756489
"Dutch_Elm_Disease",14.933754,45.669566
"Dutch_Elm_Disease",14.777606,45.755124
"Dutch_Elm_Disease",14.098301,45.81658
"Dutch_Elm_Disease",14.49956,45.857187
"Dutch_Elm_Disease",14.281044,45.815624
"Dutch_Elm_Disease",14.766768,45.764821
"Dutch_Elm_Disease",14.742932,45.776198
"Dutch_Elm_Disease",14.827073,45.720116
"Dutch_Elm_Disease",14.935677,45.671367
"Dutch_Elm_Disease",14.55873,45.685656
"Dutch_Elm_Disease",14.48761,45.741599
"Dutch_Elm_Disease",14.793612,45.736798
"Dutch_Elm_Disease",14.271493,45.807915
"Dutch_Elm_Disease",14.320284,45.763224
"Dutch_Elm_Disease",14.78557,45.756489
"Dutch_Elm_Disease",14.810315,45.737546
"Dutch_Elm_Disease",14.805035,45.740687
"Dutch_Elm_Disease",14.125005,45.837033
"Dutch_Elm_Disease",14.788316,45.744257
"Dutch_Elm_Disease",14.840425,45.723105
"Dutch_Elm_Disease",14.742004,45.782404
"Dutch_Elm_Disease",14.160958,45.843151
"Dutch_Elm_Disease",14.990238,45.587069
"Dutch_Elm_Disease",14.916056,45.660017
"Dutch_Elm_Disease",14.84752,45.712047
"Dutch_Elm_Disease",14.961895,45.618378
"Dutch_Elm_Disease",14.556439,45.780938
"Dutch_Elm_Disease",14.089061,45.811108
"Dutch_Elm_Disease",14.109824,45.82027
"Dutch_Elm_Disease",14.548921,45.708113
"Dutch_Elm_Disease",14.439174,45.766117
"Dutch_Elm_Disease",14.293469,45.850793
"Dutch_Elm_Disease",14.299811,45.85848
"Dutch_Elm_Disease",14.109824,45.82027
"Dutch_Elm_Disease",14.400438,45.781668
"Dutch_Elm_Disease",14.791103,45.75506
"Dutch_Elm_Disease",14.453127,45.745939
"Dutch_Elm_Disease",14.516698,45.72148
"Dutch_Elm_Disease",14.791636,45.750112
"Dutch_Elm_Disease",14.729647,45.784535
"Dutch_Elm_Disease",14.279664,45.797844
"Dutch_Elm_Disease",14.53916,45.723821
"Dutch_Elm_Disease",14.307262,45.776644
"Dutch_Elm_Disease",14.889982,45.672503
"Dutch_Elm_Disease",14.956313,45.709979
"Dutch_Elm_Disease",14.72659,45.778589
"Dutch_Elm_Disease",14.406928,45.715115
"Dutch_Elm_Disease",14.1283,45.832109
"Dutch_Elm_Disease",14.777138,45.743336
"Dutch_Elm_Disease",14.734941,45.780049
"Dutch_Elm_Disease",14.799747,45.746167
"Dutch_Elm_Disease",14.788206,45.739308
"Dutch_Elm_Disease",14.539271,45.710325
"Dutch_Elm_Disease",14.11036,45.827022
"Dutch_Elm_Disease",14.830021,45.72219
"Dutch_Elm_Disease",14.5137,45.696722
"Dutch_Elm_Disease",14.947543,45.750197
"Dutch_Elm_Disease",14.985881,45.585089
"Dutch_Elm_Disease",14.789582,45.749298
"Dutch_Elm_Disease",14.959306,45.653381
"Dutch_Elm_Disease",14.770802,45.752861
"Dutch_Elm_Disease",14.760349,45.762828
"Dutch_Elm_Disease",14.793337,45.741656
"Dutch_Elm_Disease",14.739067,45.777719
"Dutch_Elm_Disease",14.304199,45.764477
"Dutch_Elm_Disease",14.766768,45.764821
"Dutch_Elm_Disease",14.825763,45.728483
"Dutch_Elm_Disease",14.100155,45.821319
"Dutch_Elm_Disease",14.109824,45.82027
"Dutch_Elm_Disease",14.545946,45.678857
"Dutch_Elm_Disease",14.786164,45.735435
"Dutch_Elm_Disease",14.29985,45.855331
"Dutch_Elm_Disease",14.979866,45.560793
"Dutch_Elm_Disease",14.429189,45.799811
"Dutch_Elm_Disease",14.988959,45.571592
"Dutch_Elm_Disease",14.088004,45.816724
"Dutch_Elm_Disease",14.844051,45.712492
"Dutch_Elm_Disease",14.11036,45.827022
"Dutch_Elm_Disease",14.916491,45.625913
"Dutch_Elm_Disease",14.881938,45.714426
"Dutch_Elm_Disease",14.755156,45.857189
"Dutch_Elm_Disease",14.83218,45.730832
"Dutch_Elm_Disease",14.700952,45.787344
"Dutch_Elm_Disease",14.782673,45.741187
"Dutch_Elm_Disease",14.81502,45.713349
"Dutch_Elm_Disease",14.797587,45.739144
"Dutch_Elm_Disease",14.734941,45.780049
"Dutch_Elm_Disease",14.731808,45.789849
"Dutch_Elm_Disease",15.004973,45.565203
"Dutch_Elm_Disease",14.843686,45.705113
"Dutch_Elm_Disease",14.320175,45.772222
"Dutch_Elm_Disease",14.134603,45.840705
"Dutch_Elm_Disease",14.766768,45.764821
"Dutch_Elm_Disease",14.788316,45.744257
"Dutch_Elm_Disease",14.791636,45.750112
"Dutch_Elm_Disease",14.72659,45.778589
"Dutch_Elm_Disease",14.815118,45.722617
"Dutch_Elm_Disease",14.400438,45.781668
"Dutch_Elm_Disease",14.782673,45.741187
"Dutch_Elm_Disease",14.798628,45.735547
"Dutch_Elm_Disease",14.78557,45.756489
"Dutch_Elm_Disease",14.125005,45.837033
"Dutch_Elm_Disease",14.103875,45.830121
"Dutch_Elm_Disease",14.962462,45.735266
"Dutch_Elm_Disease",14.755573,45.767227
"Dutch_Elm_Disease",14.274943,45.789941
"Dutch_Elm_Disease",14.734941,45.780049
"Dutch_Elm_Disease",14.792417,45.747234
"Dutch_Elm_Disease",14.680791,45.827241
"Dutch_Elm_Disease",14.166094,45.844088
"Dutch_Elm_Disease",14.84752,45.712047
"Dutch_Elm_Disease",14.990238,45.587069
"Dutch_Elm_Disease",14.798061,45.750483
"Dutch_Elm_Disease",14.373462,45.721236
"Dutch_Elm_Disease",14.770802,45.752861
"Dutch_Elm_Disease",14.933751,45.672446
"Dutch_Elm_Disease",14.349313,45.754395
"Dutch_Elm_Disease",14.760842,45.737454
"Dutch_Elm_Disease",14.514243,45.633736
"Dutch_Elm_Disease",14.78557,45.756489
"Dutch_Elm_Disease",14.166094,45.844088
"Dutch_Elm_Disease",14.975346,45.650596
"Dutch_Elm_Disease",14.72659,45.778589
"Dutch_Elm_Disease",14.768928,45.73972
"Dutch_Elm_Disease",14.781238,45.746583
"Dutch_Elm_Disease",14.792417,45.747234
"Dutch_Elm_Disease",14.73632,45.760256
"Dutch_Elm_Disease",14.993315,45.572852
"Dutch_Elm_Disease",14.933751,45.672446
"Dutch_Elm_Disease",14.10467,45.820679
"Dutch_Elm_Disease",14.112184,45.833785
"Dutch_Elm_Disease",14.496522,45.822621
"Dutch_Elm_Disease",14.788206,45.739308
"Dutch_Elm_Disease",14.284531,45.7945
"Dutch_Elm_Disease",14.934851,45.721037
"Dutch_Elm_Disease",14.296716,45.848564
"Dutch_Elm_Disease",14.406928,45.715115
"Dutch_Elm_Disease",14.777138,45.743336
"Dutch_Elm_Disease",14.262081,45.789859
"Dutch_Elm_Disease",14.78942,45.758206
"Dutch_Elm_Disease",14.542646,45.690092
"Dutch_Elm_Disease",14.300609,45.794599
"Dutch_Elm_Disease",14.523293,45.701261
"Dutch_Elm_Disease",14.357924,45.731948
"Dutch_Elm_Disease",14.442053,45.799874
"Dutch_Elm_Disease",14.265267,45.792129
"Dutch_Elm_Disease",14.549173,45.676621
"Dutch_Elm_Disease",14.284531,45.7945
"Dutch_Elm_Disease",14.788316,45.744257
"Dutch_Elm_Disease",15.012538,45.588148
"Dutch_Elm_Disease",14.435779,45.784097
"Dutch_Elm_Disease",14.539271,45.710325
"Dutch_Elm_Disease",14.349448,45.742698
"Dutch_Elm_Disease",14.332381,45.826984
"Dutch_Elm_Disease",14.74409,45.832708
"Dutch_Elm_Disease",14.438904,45.79311
"Dutch_Elm_Disease",14.756436,45.775867
"Dutch_Elm_Disease",14.815118,45.722617
"Dutch_Elm_Disease",14.849979,45.704851
"Dutch_Elm_Disease",14.11036,45.827022
"Dutch_Elm_Disease",14.739067,45.777719
"Dutch_Elm_Disease",14.742932,45.776198
"Dutch_Elm_Disease",14.78557,45.756489
"Dutch_Elm_Disease",14.729647,45.784535
"Dutch_Elm_Disease",14.798628,45.735547
"Dutch_Elm_Disease",14.453127,45.745939
"Dutch_Elm_Disease",14.758761,45.773353
"Dutch_Elm_Disease",14.797183,45.744363
"Dutch_Elm_Disease",14.320284,45.763224
"Dutch_Elm_Disease",14.450659,45.748627
"Dutch_Elm_Disease",14.789582,45.749298
"Dutch_Elm_Disease",14.53916,45.723821
"Dutch_Elm_Disease",14.357652,45.755791
"Dutch_Elm_Disease",14.523293,45.701261
"Dutch_Elm_Disease",14.742932,45.776198
"Dutch_Elm_Disease",14.274943,45.789941
"Dutch_Elm_Disease",14.134603,45.840705
"Dutch_Elm_Disease",14.714542,45.795927
"Dutch_Elm_Disease",14.166094,45.844088
"Dutch_Elm_Disease",14.143593,45.842122
"Dutch_Elm_Disease",14.296716,45.848564
"Dutch_Elm_Disease",14.947234,45.665614
"Dutch_Elm_Disease",14.5137,45.696722
"Dutch_Elm_Disease",14.753047,45.821291
"Dutch_Elm_Disease",14.719067,45.791439
"Dutch_Elm_Disease",14.448396,45.808903
"Dutch_Elm_Disease",14.53916,45.723821
"Dutch_Elm_Disease",14.27797,45.804582
"Dutch_Elm_Disease",14.523388,45.690014
"Dutch_Elm_Disease",14.73632,45.760256
"Dutch_Elm_Disease",14.349313,45.754395
"Dutch_Elm_Disease",14.155186,45.841759
"Dutch_Elm_Disease",14.272984,45.792178
"Dutch_Elm_Disease",14.676137,45.830737
"Dutch_Elm_Disease",14.788316,45.744257
"Dutch_Elm_Disease",14.761742,45.76769
"Dutch_Elm_Disease",14.539862,45.842149
"Dutch_Elm_Disease",14.995237,45.569343
"Dutch_Elm_Disease",14.481185,45.74157
"Dutch_Elm_Disease",14.552132,45.708126
"Dutch_Elm_Disease",14.548921,45.708113
"Dutch_Elm_Disease",14.770802,45.752861
"Dutch_Elm_Disease",14.781238,45.746583
"Dutch_Elm_Disease",14.737755,45.783294
"Dutch_Elm_Disease",14.268307,45.805645
"Dutch_Elm_Disease",14.793337,45.741656
"Dutch_Elm_Disease",14.49956,45.857187
"Dutch_Elm_Disease",14.789582,45.749298
"Dutch_Elm_Disease",14.29985,45.855331
"Dutch_Elm_Disease",14.262081,45.789859
"Dutch_Elm_Disease",14.752148,45.785936
"Dutch_Elm_Disease",14.082321,45.810154
"Dutch_Elm_Disease",14.125005,45.837033
"Dutch_Elm_Disease",14.788206,45.739308
"Dutch_Elm_Disease",14.299811,45.85848
"Dutch_Elm_Disease",14.523216,45.710259
"Dutch_Elm_Disease",14.307262,45.776644
"Dutch_Elm_Disease",14.100155,45.821319
"Dutch_Elm_Disease",14.747273,45.783226
"Dutch_Elm_Disease",14.797183,45.744363
"Dutch_Elm_Disease",14.155186,45.841759
"Dutch_Elm_Disease",14.763578,45.759056
"Dutch_Elm_Disease",14.400438,45.781668
"Dutch_Elm_Disease",14.745427,45.821733
"Dutch_Elm_Disease",14.788206,45.739308
"Dutch_Elm_Disease",14.518163,45.850338
"Dutch_Elm_Disease",14.938126,45.66237
"Dutch_Elm_Disease",14.748231,45.770181
"Dutch_Elm_Disease",15.012927,45.607945
"Dutch_Elm_Disease",14.816227,45.737106
"Dutch_Elm_Disease",14.494863,45.649399
"Dutch_Elm_Disease",14.781238,45.746583
"Dutch_Elm_Disease",14.564614,45.788078
"Dutch_Elm_Disease",14.307429,45.763147
"Dutch_Elm_Disease",14.840425,45.723105
"Dutch_Elm_Disease",14.748231,45.770181
"Dutch_Elm_Disease",14.265267,45.792129
"Dutch_Elm_Disease",14.426662,45.732312
"Dutch_Elm_Disease",14.15005,45.840821
"Dutch_Elm_Disease",14.811327,45.742227
"Dutch_Elm_Disease",14.796911,45.748501
"Dutch_Elm_Disease",14.390597,45.799612
"Dutch_Elm_Disease",14.535949,45.723809
"Dutch_Elm_Disease",14.299811,45.85848
"Dutch_Elm_Disease",14.793337,45.741656
"Dutch_Elm_Disease",14.411203,45.79747
"Dutch_Elm_Disease",14.48761,45.741599
"Dutch_Elm_Disease",14.365501,45.743688
"Dutch_Elm_Disease",14.100155,45.821319
"Dutch_Elm_Disease",14.083023,45.806561
"Dutch_Elm_Disease",14.155613,45.813418
"Dutch_Elm_Disease",14.535856,45.735056
"Dutch_Elm_Disease",14.118725,45.827087
"Dutch_Elm_Disease",14.53916,45.723821
"Dutch_Elm_Disease",14.797183,45.744363
"Dutch_Elm_Disease",14.555609,45.674396
"Dutch_Elm_Disease",14.72659,45.778589
"Dutch_Elm_Disease",14.406439,45.822191
"Dutch_Elm_Disease",14.481392,45.719076
"Dutch_Elm_Disease",14.539271,45.710325
"Dutch_Elm_Disease",14.542646,45.690092
"Dutch_Elm_Disease",14.775821,45.751432
"Dutch_Elm_Disease",14.503773,45.730422
"Dutch_Elm_Disease",14.93691,45.835583
"Dutch_Elm_Disease",14.635444,45.873176
"Dutch_Elm_Disease",14.51991,45.721493
"Dutch_Elm_Disease",14.49956,45.857187
"Dutch_Elm_Disease",14.78942,45.758206
"Dutch_Elm_Disease",14.985627,45.576271
"Dutch_Elm_Disease",14.448529,45.795407
"Dutch_Elm_Disease",14.103875,45.830121
"Dutch_Elm_Disease",14.793337,45.741656
"Dutch_Elm_Disease",14.41325,45.786233
"Dutch_Elm_Disease",14.72659,45.778589
"Dutch_Elm_Disease",14.758761,45.773353
"Dutch_Elm_Disease",14.516698,45.72148
"Dutch_Elm_Disease",14.500581,45.728159
"Dutch_Elm_Disease",14.442316,45.773331
"Dutch_Elm_Disease",14.789582,45.749298
"Dutch_Elm_Disease",14.798061,45.750483
"Dutch_Elm_Disease",14.494904,45.6449
"Dutch_Elm_Disease",14.545819,45.694604
"Dutch_Elm_Disease",14.490904,45.732616
"Dutch_Elm_Disease",14.500581,45.728159
"Dutch_Elm_Disease",14.791636,45.750112
"Dutch_Elm_Disease",14.545819,45.694604
"Dutch_Elm_Disease",14.782624,45.753964
"Dutch_Elm_Disease",14.830021,45.72219
"Dutch_Elm_Disease",14.548885,45.840745
"Dutch_Elm_Disease",14.755573,45.767227
"Dutch_Elm_Disease",14.274943,45.789941
"Dutch_Elm_Disease",14.53951,45.681081
"Dutch_Elm_Disease",14.526276,45.728268
"Dutch_Elm_Disease",14.376077,45.717201
"Dutch_Elm_Disease",14.376077,45.717201
"Dutch_Elm_Disease",14.555609,45.674396
"Dutch_Elm_Disease",14.498191,45.635917
"Dutch_Elm_Disease",14.746364,45.785023
"Dutch_Elm_Disease",14.500581,45.728159
"Dutch_Elm_Disease",14.722571,45.785058
"Dutch_Elm_Disease",14.498211,45.633667
"Dutch_Elm_Disease",14.747273,45.783226
"Dutch_Elm_Disease",14.55325,45.826096
"Dutch_Elm_Disease",14.48761,45.741599
"Dutch_Elm_Disease",14.55873,45.685656
"Dutch_Elm_Disease",14.497489,45.714648
"Dutch_Elm_Disease",14.55873,45.685656
"Dutch_Elm_Disease",14.552275,45.69013
"Dutch_Elm_Disease",14.523293,45.701261
"Dutch_Elm_Disease",14.742004,45.782404
"Dutch_Elm_Disease",14.47793,45.746055
"Dutch_Elm_Disease",14.533129,45.676556
"Dutch_Elm_Disease",14.274611,45.815583
"Dutch_Elm_Disease",14.732519,45.775634
"Dutch_Elm_Disease",14.836988,45.711852
"Dutch_Elm_Disease",15.000747,45.600297
"Dutch_Elm_Disease",14.112184,45.833785
"Dutch_Elm_Disease",14.312798,45.849561
"Dutch_Elm_Disease",14.51991,45.721493
"Dutch_Elm_Disease",14.536227,45.690066
"Dutch_Elm_Disease",14.55873,45.685656
"Dutch_Elm_Disease",14.639836,45.8713
"Dutch_Elm_Disease",14.53916,45.723821
"Dutch_Elm_Disease",14.53916,45.723821
"Dutch_Elm_Disease",14.539381,45.696828
"Dutch_Elm_Disease",14.53916,45.723821
"Dutch_Elm_Disease",14.536245,45.687817
"Dutch_Elm_Disease",14.442316,45.773331
"Dutch_Elm_Disease",14.769416,45.74611
"Dutch_Elm_Disease",14.523216,45.710259
"Dutch_Elm_Disease",14.313802,45.767685
"Dutch_Elm_Disease",14.791636,45.750112
"Dutch_Elm_Disease",14.758761,45.773353
"Dutch_Elm_Disease",14.272984,45.792178
"Dutch_Elm_Disease",14.517084,45.67649
"Dutch_Elm_Disease",14.545946,45.678857
"Dutch_Elm_Disease",14.51991,45.721493
"Dutch_Elm_Disease",14.272984,45.792178
"Dutch_Elm_Disease",14.535893,45.730557
"Dutch_Elm_Disease",14.535949,45.723809
"Dutch_Elm_Disease",14.791636,45.750112
"Dutch_Elm_Disease",14.487733,45.728102
"Dutch_Elm_Disease",14.524642,45.845506
"Dutch_Elm_Disease",14.328795,45.857754
"Dutch_Elm_Disease",14.557971,45.831333
"Dutch_Elm_Disease",14.732469,45.786252
"Dutch_Elm_Disease",14.490904,45.732616
"Dutch_Elm_Disease",14.481185,45.74157
"Dutch_Elm_Disease",14.53916,45.723821
"Dutch_Elm_Disease",14.299811,45.85848
"Dutch_Elm_Disease",14.523293,45.701261
"Dutch_Elm_Disease",14.265267,45.792129
"Dutch_Elm_Disease",14.793337,45.741656
"Dutch_Elm_Disease",14.53916,45.723821
"Dutch_Elm_Disease",14.51991,45.721493
"Dutch_Elm_Disease",14.503773,45.730422
"Dutch_Elm_Disease",14.792417,45.747234
"Dutch_Elm_Disease",14.503773,45.730422
"Dutch_Elm_Disease",14.53916,45.723821
"Dutch_Elm_Disease",14.272984,45.792178
"Dutch_Elm_Disease",14.320284,45.763224
"Dutch_Elm_Disease",14.490904,45.732616
"Dutch_Elm_Disease",14.271379,45.816687
"Dutch_Elm_Disease",14.283812,45.850733
"Dutch_Elm_Disease",14.299811,45.85848
"Dutch_Elm_Disease",14.791103,45.75506
"Dutch_Elm_Disease",14.526276,45.728268
"Dutch_Elm_Disease",14.265267,45.792129
"Dutch_Elm_Disease",14.523216,45.710259
"Dutch_Elm_Disease",14.500581,45.728159
"Dutch_Elm_Disease",14.279534,45.807966
"Dutch_Elm_Disease",14.299811,45.85848
"Dutch_Elm_Disease",14.53916,45.723821
"Dutch_Elm_Disease",14.523216,45.710259
"Dutch_Elm_Disease",14.091239,45.815624
"Dutch_Elm_Disease",14.284531,45.7945
"Dutch_Elm_Disease",14.523502,45.676517
"Dutch_Elm_Disease",14.523502,45.676517
"Dutch_Elm_Disease",14.949931,45.663725
"Dutch_Elm_Disease",14.296716,45.848564
"Dutch_Elm_Disease",14.487715,45.737101
"Dutch_Elm_Disease",14.328606,45.873499
"Dutch_Elm_Disease",14.449213,45.725674
"Dutch_Elm_Disease",14.545946,45.678857
"Dutch_Elm_Disease",14.103875,45.830121
"Dutch_Elm_Disease",14.523502,45.676517
"Dutch_Elm_Disease",14.498031,45.653912
"Dutch_Elm_Disease",14.533129,45.676556
"Dutch_Elm_Disease",14.310659,45.761817
"Dutch_Elm_Disease",14.510236,45.725951
"Dutch_Elm_Disease",14.51991,45.721493
"Dutch_Elm_Disease",14.504742,45.620198
"Dutch_Elm_Disease",14.510939,45.64497
"Dutch_Elm_Disease",14.494863,45.649399
"Dutch_Elm_Disease",14.494904,45.6449
"Dutch_Elm_Disease",14.737755,45.783294
"Dutch_Elm_Disease",14.435666,45.795344
"Dutch_Elm_Disease",14.494904,45.6449
"Dutch_Elm_Disease",14.53916,45.723821
"Dutch_Elm_Disease",14.268307,45.805645
"Dutch_Elm_Disease",14.745427,45.821733
"Dutch_Elm_Disease",14.523293,45.701261
"Dutch_Elm_Disease",14.283812,45.850733
"Dutch_Elm_Disease",14.5137,45.696722
"Dutch_Elm_Disease",14.761742,45.76769
"Dutch_Elm_Disease",14.491555,45.660633
"Dutch_Elm_Disease",14.53916,45.723821
"Dutch_Elm_Disease",14.29985,45.855331
"Dutch_Elm_Disease",14.294433,45.774316
"Dutch_Elm_Disease",14.272984,45.792178
"Dutch_Elm_Disease",14.11036,45.827022
"Dutch_Elm_Disease",14.53916,45.723821
"Dutch_Elm_Disease",14.539374,45.854475
"Dutch_Elm_Disease",14.320328,45.759625
"Dutch_Elm_Disease",14.52656,45.694526
"Dutch_Elm_Disease",14.449213,45.725674
"Dutch_Elm_Disease",14.299811,45.85848
"Dutch_Elm_Disease",14.760842,45.737454
"Dutch_Elm_Disease",14.842878,45.718699
"Dutch_Elm_Disease",14.539381,45.696828
"Dutch_Elm_Disease",14.29985,45.855331
"Dutch_Elm_Disease",14.555449,45.694642
"Dutch_Elm_Disease",14.552132,45.708126
"Dutch_Elm_Disease",14.548921,45.708113
"Dutch_Elm_Disease",14.548921,45.708113
"Dutch_Elm_Disease",14.535856,45.735056
"Dutch_Elm_Disease",14.559799,45.844477
"Dutch_Elm_Disease",14.376077,45.717201
"Dutch_Elm_Disease",14.265267,45.792129
"Dutch_Elm_Disease",14.532905,45.70355
"Dutch_Elm_Disease",14.732519,45.775634
"Dutch_Elm_Disease",14.555609,45.674396
"Dutch_Elm_Disease",14.339779,45.745342
"Dutch_Elm_Disease",14.296716,45.848564
"Dutch_Elm_Disease",14.555449,45.694642
"Dutch_Elm_Disease",14.7068,45.800586
"Dutch_Elm_Disease",14.122741,45.81722
"Dutch_Elm_Disease",14.274943,45.789941
"Dutch_Elm_Disease",14.51991,45.721493
"Dutch_Elm_Disease",14.552275,45.69013
"Dutch_Elm_Disease",14.265267,45.792129
"Dutch_Elm_Disease",14.81521,45.733685
"Dutch_Elm_Disease",14.532905,45.70355
"Dutch_Elm_Disease",14.403051,45.717345
"Dutch_Elm_Disease",14.332068,45.853274
"Dutch_Elm_Disease",14.793612,45.736798
"Dutch_Elm_Disease",14.272984,45.792178
"Dutch_Elm_Disease",14.103875,45.830121
"Dutch_Elm_Disease",14.523216,45.710259
"Dutch_Elm_Disease",14.532905,45.70355
"Dutch_Elm_Disease",14.504742,45.620198
"Dutch_Elm_Disease",14.325521,45.862234
"Dutch_Elm_Disease",14.513603,45.707969
"Dutch_Elm_Disease",14.487733,45.728102
"Dutch_Elm_Disease",14.516698,45.72148
"Dutch_Elm_Disease",14.535893,45.730557
"Dutch_Elm_Disease",14.529544,45.721533
"Dutch_Elm_Disease",14.272984,45.792178
"Dutch_Elm_Disease",14.549173,45.676621
"Dutch_Elm_Disease",14.529544,45.721533
"Dutch_Elm_Disease",14.262081,45.789859
"Dutch_Elm_Disease",14.349313,45.754395
"Dutch_Elm_Disease",14.4651,45.743746
"Dutch_Elm_Disease",14.265267,45.792129
"Dutch_Elm_Disease",14.5137,45.696722
"Dutch_Elm_Disease",14.498191,45.635917
"Dutch_Elm_Disease",14.806697,45.743209
"Dutch_Elm_Disease",14.426065,45.790797
"Dutch_Elm_Disease",14.274617,45.815133
"Dutch_Elm_Disease",14.542646,45.690092
"Dutch_Elm_Disease",14.449213,45.725674
"Dutch_Elm_Disease",14.316154,45.838334
"Dutch_Elm_Disease",14.53916,45.723821
"Dutch_Elm_Disease",14.51434,45.622489
"Dutch_Elm_Disease",14.490904,45.732616
"Dutch_Elm_Disease",14.265267,45.792129
"Dutch_Elm_Disease",14.090157,45.803019
"Dutch_Elm_Disease",14.333113,45.765549
"Dutch_Elm_Disease",14.307179,45.783392
"Dutch_Elm_Disease",14.539381,45.696828
"Dutch_Elm_Disease",14.542646,45.690092
"Dutch_Elm_Disease",14.325521,45.862234
"Dutch_Elm_Disease",14.277694,45.82595
"Dutch_Elm_Disease",14.449213,45.725674
"Dutch_Elm_Disease",14.125005,45.837033
"Dutch_Elm_Disease",14.552132,45.708126
"Dutch_Elm_Disease",14.279664,45.797844
"Dutch_Elm_Disease",14.47793,45.746055
"Dutch_Elm_Disease",14.487733,45.728102
"Dutch_Elm_Disease",14.53951,45.681081
"Dutch_Elm_Disease",14.277732,45.823026
"Dutch_Elm_Disease",14.481392,45.719076
"Dutch_Elm_Disease",14.555467,45.692392
"Dutch_Elm_Disease",14.532905,45.70355
"Dutch_Elm_Disease",14.532868,45.708049
"Dutch_Elm_Disease",14.468398,45.734763
"Dutch_Elm_Disease",14.274943,45.789941
"Dutch_Elm_Disease",14.539271,45.710325
"Dutch_Elm_Disease",14.517045,45.680989
"Dutch_Elm_Disease",14.526276,45.728268
"Dutch_Elm_Disease",14.082321,45.810154
"Dutch_Elm_Disease",14.312798,45.849561
"Dutch_Elm_Disease",14.293469,45.850793
"Dutch_Elm_Disease",14.549173,45.676621
"Dutch_Elm_Disease",14.47793,45.746055
"Dutch_Elm_Disease",14.535949,45.723809
"Dutch_Elm_Disease",14.507928,45.622461
"Dutch_Elm_Disease",14.523216,45.710259
"Dutch_Elm_Disease",14.517084,45.67649
"Dutch_Elm_Disease",14.552275,45.69013
"Dutch_Elm_Disease",14.290735,45.812535
"Dutch_Elm_Disease",14.495065,45.626905
"Dutch_Elm_Disease",14.082321,45.810154
"Dutch_Elm_Disease",14.549173,45.676621
"Dutch_Elm_Disease",14.535949,45.723809
"Dutch_Elm_Disease",14.500581,45.728159
"Dutch_Elm_Disease",14.52656,45.694526
"Dutch_Elm_Disease",14.51991,45.721493
"Dutch_Elm_Disease",14.539381,45.696828
"Dutch_Elm_Disease",14.526276,45.728268
"Dutch_Elm_Disease",14.283812,45.850733
"Dutch_Elm_Disease",14.365501,45.743688
"Dutch_Elm_Disease",14.29985,45.855331
"Dutch_Elm_Disease",14.545819,45.694604
"Dutch_Elm_Disease",14.491737,45.640387
"Dutch_Elm_Disease",14.284474,45.798999
"Dutch_Elm_Disease",14.536245,45.687817
"Dutch_Elm_Disease",14.487733,45.728102
"Dutch_Elm_Disease",14.523502,45.676517
"Dutch_Elm_Disease",14.312798,45.849561
"Dutch_Elm_Disease",14.53916,45.723821
"Dutch_Elm_Disease",14.299811,45.85848
"Dutch_Elm_Disease",14.535856,45.735056
"Dutch_Elm_Disease",14.338825,45.826319
"Dutch_Elm_Disease",14.55873,45.685656
"Dutch_Elm_Disease",14.503773,45.730422
"Dutch_Elm_Disease",14.3194,45.836103
"Dutch_Elm_Disease",14.53916,45.723821
"Dutch_Elm_Disease",14.490904,45.732616
"Dutch_Elm_Disease",14.51991,45.721493
"Dutch_Elm_Disease",14.511076,45.629223
"Dutch_Elm_Disease",14.494904,45.6449
"Dutch_Elm_Disease",14.53916,45.723821
"Dutch_Elm_Disease",14.48761,45.741599
"Dutch_Elm_Disease",14.523578,45.667519
"Dutch_Elm_Disease",14.536245,45.687817
"Dutch_Elm_Disease",14.535856,45.735056
"Dutch_Elm_Disease",14.29985,45.855331
"Dutch_Elm_Disease",14.552275,45.69013
"Dutch_Elm_Disease",14.265267,45.792129
"Dutch_Elm_Disease",14.529863,45.683292
"Dutch_Elm_Disease",14.552132,45.708126
"Dutch_Elm_Disease",14.48761,45.741599
"Dutch_Elm_Disease",14.494904,45.6449
"Dutch_Elm_Disease",14.516698,45.72148
"Dutch_Elm_Disease",14.517084,45.67649
"Dutch_Elm_Disease",14.529863,45.683292
"Dutch_Elm_Disease",14.510236,45.725951
"Dutch_Elm_Disease",14.504742,45.620198
"Dutch_Elm_Disease",14.296716,45.848564
"Dutch_Elm_Disease",14.494863,45.649399
"Dutch_Elm_Disease",14.500581,45.728159
"Dutch_Elm_Disease",14.51991,45.721493
"Dutch_Elm_Disease",14.494863,45.649399
"Dutch_Elm_Disease",14.491555,45.660633
"Dutch_Elm_Disease",14.494904,45.6449
"Dutch_Elm_Disease",14.545946,45.678857
"Dutch_Elm_Disease",14.494904,45.6449
"Dutch_Elm_Disease",14.500581,45.728159
"Dutch_Elm_Disease",14.552275,45.69013
"Dutch_Elm_Disease",14.542646,45.690092
"Dutch_Elm_Disease",14.555609,45.674396
"Dutch_Elm_Disease",14.48761,45.741599
"Dutch_Elm_Disease",14.504742,45.620198
"Dutch_Elm_Disease",14.523502,45.676517
"Dutch_Elm_Disease",14.514243,45.633736
"Dutch_Elm_Disease",14.481185,45.74157
"Dutch_Elm_Disease",14.545946,45.678857
"Dutch_Elm_Disease",14.526276,45.728268
"Dutch_Elm_Disease",14.523502,45.676517
"Dutch_Elm_Disease",14.552275,45.69013
"Dutch_Elm_Disease",14.555449,45.694642
"Dutch_Elm_Disease",14.504268,45.674186
"Dutch_Elm_Disease",14.498251,45.629168
"Dutch_Elm_Disease",14.511076,45.629223
"Dutch_Elm_Disease",14.494904,45.6449
"Dutch_Elm_Disease",14.504742,45.620198
"Dutch_Elm_Disease",14.494904,45.6449
"Dutch_Elm_Disease",14.490904,45.732616
"Dutch_Elm_Disease",14.494904,45.6449
"Dutch_Elm_Disease",14.513778,45.687724
"Dutch_Elm_Disease",14.523502,45.676517
"Dutch_Elm_Disease",14.511076,45.629223
"Dutch_Elm_Disease",14.491737,45.640387
"Dutch_Elm_Disease",14.494904,45.6449
"Dutch_Elm_Disease",14.514243,45.633736
"Dutch_Elm_Disease",14.517488,45.629251
"Dutch_Elm_Disease",14.498031,45.653912
"Dutch_Elm_Disease",14.51434,45.622489
"Dutch_Elm_Disease",14.504604,45.635944
"Dutch_Elm_Disease",14.511076,45.629223
"Dutch_Elm_Disease",14.523502,45.676517
"Dutch_Elm_Disease",14.504644,45.631445
"Dutch_Elm_Disease",14.523502,45.676517
"Dutch_Elm_Disease",14.487715,45.737101
"Dutch_Elm_Disease",14.498031,45.653912
"Dutch_Elm_Disease",14.523502,45.676517
"Dutch_Elm_Disease",14.517488,45.629251
"Dutch_Elm_Disease",14.498031,45.653912
"Dutch_Elm_Disease",14.511076,45.629223
"Dutch_Elm_Disease",14.51434,45.622489
"Dutch_Elm_Disease",14.504683,45.626946
"Dutch_Elm_Disease",14.507928,45.622461
"Dutch_Elm_Disease",14.517488,45.629251
"Dutch_Elm_Disease",14.494904,45.6449
"Dutch_Elm_Disease",14.504268,45.674186
"Dutch_Elm_Disease",14.517488,45.629251
"Dutch_Elm_Disease",14.517488,45.629251
"Dutch_Elm_Disease",14.51434,45.622489
"Dutch_Elm_Disease",14.494863,45.649399
"Dutch_Elm_Disease",14.495065,45.626905
"Dutch_Elm_Disease",14.514243,45.633736
"Dutch_Elm_Disease",14.494863,45.649399
"Dutch_Elm_Disease",14.491737,45.640387
"Dutch_Elm_Disease",14.501199,45.658425
"Dutch_Elm_Disease",14.481185,45.74157
"Dutch_Elm_Disease",14.494863,45.649399
"Dutch_Elm_Disease",14.501199,45.658425
"Dutch_Elm_Disease",14.498251,45.629168
"Dutch_Elm_Disease",14.491737,45.640387
"Dutch_Elm_Disease",14.51434,45.622489
"Dutch_Elm_Disease",14.494904,45.6449
"Dutch_Elm_Disease",14.48761,45.741599
"Dutch_Elm_Disease",14.504268,45.674186
"Dutch_Elm_Disease",14.494863,45.649399
"Dutch_Elm_Disease",14.48761,45.741599
"Dutch_Elm_Disease",14.494904,45.6449
"Dutch_Elm_Disease",14.491555,45.660633
"Dutch_Elm_Disease",14.498031,45.653912
"Dutch_Elm_Disease",14.501199,45.658425
"Dutch_Elm_Disease",14.494863,45.649399
"Dutch_Elm_Disease",14.514243,45.633736
"Dutch_Elm_Disease",14.487715,45.737101
"Dutch_Elm_Disease",14.491737,45.640387
"Dutch_Elm_Disease",14.498031,45.653912
"Dutch_Elm_Disease",14.514243,45.633736
"Dutch_Elm_Disease",14.514205,45.638235
"Dutch_Elm_Disease",14.517084,45.67649
"Dutch_Elm_Disease",14.523502,45.676517
"Dutch_Elm_Disease",14.491737,45.640387
"Dutch_Elm_Disease",14.517488,45.629251
"Dutch_Elm_Disease",14.501199,45.658425
"Dutch_Elm_Disease",14.498031,45.653912
"Dutch_Elm_Disease",14.507928,45.622461
"Dutch_Elm_Disease",14.507732,45.644956
"Dutch_Elm_Disease",14.514243,45.633736
"Dutch_Elm_Disease",14.494863,45.649399
"Dutch_Elm_Disease",14.523502,45.676517
"Dutch_Elm_Disease",14.507928,45.622461
"Dutch_Elm_Disease",14.51434,45.622489
"Dutch_Elm_Disease",14.494904,45.6449
"Dutch_Elm_Disease",14.507928,45.622461
"Dutch_Elm_Disease",14.494904,45.6449
"Dutch_Elm_Disease",14.51434,45.622489
"Dutch_Elm_Disease",14.51434,45.622489
"Dutch_Elm_Disease",14.498031,45.653912
"Dutch_Elm_Disease",14.504742,45.620198
"Dutch_Elm_Disease",14.494863,45.649399
"Dutch_Elm_Disease",14.514205,45.638235
"Dutch_Elm_Disease",14.504565,45.640443
"Dutch_Elm_Disease",14.514243,45.633736
"Dutch_Elm_Disease",14.514243,45.633736
"Dutch_Elm_Disease",14.50098,45.68317
"Dutch_Elm_Disease",14.51434,45.622489
"Dutch_Elm_Disease",14.501199,45.658425
"Dutch_Elm_Disease",14.517084,45.67649
"Dutch_Elm_Disease",14.498031,45.653912
"Dutch_Elm_Disease",14.494863,45.649399
"Dutch_Elm_Disease",14.507928,45.622461
"Dutch_Elm_Disease",14.495065,45.626905
"Dutch_Elm_Disease",14.50732,45.692195
"Dutch_Elm_Disease",14.513933,45.669728
"Dutch_Elm_Disease",14.514243,45.633736
"Dutch_Elm_Disease",14.511076,45.629223
"Dutch_Elm_Disease",14.504565,45.640443
"Dutch_Elm_Disease",14.533575,45.622568
"Dutch_Elm_Disease",14.494863,45.649399
"Dutch_Elm_Disease",14.511076,45.629223
"Dutch_Elm_Disease",14.43354,45.687356
"Dutch_Elm_Disease",14.514205,45.638235
"Dutch_Elm_Disease",14.511076,45.629223
"Dutch_Elm_Disease",14.514243,45.633736
"Dutch_Elm_Disease",14.504742,45.620198
"Dutch_Elm_Disease",14.504565,45.640443
"Dutch_Elm_Disease",14.494904,45.6449
"Dutch_Elm_Disease",14.526994,45.642788
"Dutch_Elm_Disease",14.53995,45.627093
"Dutch_Elm_Disease",14.533594,45.620319
"Dutch_Elm_Disease",14.507928,45.622461
"Dutch_Elm_Disease",14.536726,45.62933
"Dutch_Elm_Disease",14.507928,45.622461
"Dutch_Elm_Disease",14.533594,45.620319
"Dutch_Elm_Disease",14.511076,45.629223
"Dutch_Elm_Disease",14.514243,45.633736
"Dutch_Elm_Disease",14.533594,45.620319
"Dutch_Elm_Disease",14.504683,45.626946
"Dutch_Elm_Disease",14.510939,45.64497
"Dutch_Elm_Disease",14.546344,45.629368
"Dutch_Elm_Disease",14.530276,45.633803
"Dutch_Elm_Disease",14.507398,45.683198
"Dutch_Elm_Disease",14.546344,45.629368
"Dutch_Elm_Disease",14.498191,45.635917
"Dutch_Elm_Disease",14.491737,45.640387
"Dutch_Elm_Disease",14.491737,45.640387
"Dutch_Elm_Disease",14.507928,45.622461
"Dutch_Elm_Disease",14.491737,45.640387
"Dutch_Elm_Disease",14.504604,45.635944
"Dutch_Elm_Disease",14.533594,45.620319
"Dutch_Elm_Disease",14.533575,45.622568
"Dutch_Elm_Disease",14.555875,45.640654
"Dutch_Elm_Disease",14.53995,45.627093
"Dutch_Elm_Disease",14.546344,45.629368
"Dutch_Elm_Disease",14.514205,45.638235
"Dutch_Elm_Disease",14.546344,45.629368
"Dutch_Elm_Disease",14.510939,45.64497
"Dutch_Elm_Disease",14.533594,45.620319
"Dutch_Elm_Disease",14.546344,45.629368
"Dutch_Elm_Disease",14.53995,45.627093
"Dutch_Elm_Disease",14.533594,45.620319
"Dutch_Elm_Disease",14.546308,45.633867
"Dutch_Elm_Disease",14.530313,45.629304
"Dutch_Elm_Disease",14.533594,45.620319
"Dutch_Elm_Disease",14.507732,45.644956
"Dutch_Elm_Disease",14.511076,45.629223
"Dutch_Elm_Disease",14.546344,45.629368
"Dutch_Elm_Disease",14.533594,45.620319
"Dutch_Elm_Disease",14.530313,45.629304
"Dutch_Elm_Disease",14.533594,45.620319
"Dutch_Elm_Disease",14.536726,45.62933
"Dutch_Elm_Disease",14.514205,45.638235
"Dutch_Elm_Disease",14.523578,45.667519
"Dutch_Elm_Disease",14.533594,45.620319
"Dutch_Elm_Disease",14.523578,45.667519
"Dutch_Elm_Disease",14.52705,45.636039
"Dutch_Elm_Disease",14.510939,45.64497
"Dutch_Elm_Disease",14.514088,45.651732
"Dutch_Elm_Disease",14.491737,45.640387
"Dutch_Elm_Disease",14.514205,45.638235
"Dutch_Elm_Disease",14.529957,45.672044
"Dutch_Elm_Disease",14.514088,45.651732
"Dutch_Elm_Disease",14.504604,45.635944
"Dutch_Elm_Disease",14.530313,45.629304
"Dutch_Elm_Disease",14.533594,45.620319
"Dutch_Elm_Disease",14.494904,45.6449
"Dutch_Elm_Disease",14.523578,45.667519
"Dutch_Elm_Disease",14.514243,45.633736
"Dutch_Elm_Disease",14.504565,45.640443
"Dutch_Elm_Disease",14.530313,45.629304
"Dutch_Elm_Disease",14.510939,45.64497
"Dutch_Elm_Disease",14.514243,45.633736
"Dutch_Elm_Disease",14.530276,45.633803
"Dutch_Elm_Disease",14.507732,45.644956
"Dutch_Elm_Disease",14.533575,45.622568
"Dutch_Elm_Disease",14.533594,45.620319
"Dutch_Elm_Disease",14.510939,45.64497
"Dutch_Elm_Disease",14.533594,45.620319
"Dutch_Elm_Disease",14.533575,45.622568
"Dutch_Elm_Disease",14.507732,45.644956
"Dutch_Elm_Disease",14.504565,45.640443
"Dutch_Elm_Disease",14.529957,45.672044
"Dutch_Elm_Disease",14.510939,45.64497
"Dutch_Elm_Disease",14.526994,45.642788
"Dutch_Elm_Disease",14.533594,45.620319
"Dutch_Elm_Disease",14.514205,45.638235
"Dutch_Elm_Disease",14.523578,45.667519
"Dutch_Elm_Disease",14.529938,45.674294
"Dutch_Elm_Disease",14.498211,45.633667
"Dutch_Elm_Disease",14.446023,45.723409
"Dutch_Elm_Disease",14.510939,45.64497
"Dutch_Elm_Disease",14.542847,45.665348
"Dutch_Elm_Disease",14.530276,45.633803
"Dutch_Elm_Disease",14.510939,45.64497
"Dutch_Elm_Disease",14.510939,45.64497
"Dutch_Elm_Disease",14.43354,45.687356
"Dutch_Elm_Disease",14.513933,45.669728
"Dutch_Elm_Disease",14.504565,45.640443
"Dutch_Elm_Disease",14.546308,45.633867
"Dutch_Elm_Disease",14.513933,45.669728
"Dutch_Elm_Disease",14.530369,45.622555
"Dutch_Elm_Disease",14.533575,45.622568
"Dutch_Elm_Disease",14.533594,45.620319
"Dutch_Elm_Disease",14.533575,45.622568
"Dutch_Elm_Disease",14.514243,45.633736
"Dutch_Elm_Disease",14.504565,45.640443
"Dutch_Elm_Disease",14.533575,45.622568
"Dutch_Elm_Disease",14.504565,45.640443
"Dutch_Elm_Disease",14.504565,45.640443
"Dutch_Elm_Disease",14.507732,45.644956
"Dutch_Elm_Disease",14.43354,45.687356
"Dutch_Elm_Disease",14.533594,45.620319
"Dutch_Elm_Disease",14.52705,45.636039
"Dutch_Elm_Disease",14.536726,45.62933
"Dutch_Elm_Disease",14.546344,45.629368
"Dutch_Elm_Disease",14.546272,45.638366
"Dutch_Elm_Disease",14.533575,45.622568
"Dutch_Elm_Disease",14.526994,45.642788
"Dutch_Elm_Disease",14.530313,45.629304
"Dutch_Elm_Disease",14.546344,45.629368
"Dutch_Elm_Disease",14.530276,45.633803
"Dutch_Elm_Disease",14.546308,45.633867
"Dutch_Elm_Disease",14.53995,45.627093
"Dutch_Elm_Disease",14.53995,45.627093
"Dutch_Elm_Disease",14.555875,45.640654
"Dutch_Elm_Disease",14.52705,45.636039
"Dutch_Elm_Disease",14.536726,45.62933
"Dutch_Elm_Disease",14.533575,45.622568
"Dutch_Elm_Disease",14.562166,45.656425
"Dutch_Elm_Disease",14.546308,45.633867
"Dutch_Elm_Disease",14.52705,45.636039
"Dutch_Elm_Disease",14.530276,45.633803
"Dutch_Elm_Disease",14.546308,45.633867
"Dutch_Elm_Disease",14.52705,45.636039
"Dutch_Elm_Disease",14.530276,45.633803
"Dutch_Elm_Disease",14.53995,45.627093
"Dutch_Elm_Disease",14.530276,45.633803
"Dutch_Elm_Disease",14.530276,45.633803
"Dutch_Elm_Disease",14.52705,45.636039
"Dutch_Elm_Disease",14.546308,45.633867
"Dutch_Elm_Disease",14.546308,45.633867
"Dutch_Elm_Disease",14.530276,45.633803
"Dutch_Elm_Disease",14.546308,45.633867
"Dutch_Elm_Disease",14.546308,45.633867
"Dutch_Elm_Disease",14.530276,45.633803
"Dutch_Elm_Disease",14.52705,45.636039
"Dutch_Elm_Disease",14.52705,45.636039
"Dutch_Elm_Disease",14.546272,45.638366
"Dutch_Elm_Disease",14.562166,45.656425
"Dutch_Elm_Disease",14.562166,45.656425
"Dutch_Elm_Disease",14.526994,45.642788
"Dutch_Elm_Disease",14.52705,45.636039
"Dutch_Elm_Disease",14.52705,45.636039
"Dutch_Elm_Disease",14.526994,45.642788
"Dutch_Elm_Disease",14.546272,45.638366
"Dutch_Elm_Disease",14.562131,45.660924
"Dutch_Elm_Disease",14.546272,45.638366
"Dutch_Elm_Disease",14.526994,45.642788
"Dutch_Elm_Disease",14.562131,45.660924
"Dutch_Elm_Disease",14.443324,45.671656
"Dutch_Elm_Disease",14.543029,45.642853
"Dutch_Elm_Disease",14.52705,45.636039
"Dutch_Elm_Disease",14.52705,45.636039
"Dutch_Elm_Disease",14.543029,45.642853
"Dutch_Elm_Disease",14.543029,45.642853
"Dutch_Elm_Disease",14.526994,45.642788
"Dutch_Elm_Disease",14.536412,45.667571
"Dutch_Elm_Disease",14.552507,45.660887
"Dutch_Elm_Disease",14.562166,45.656425
"Dutch_Elm_Disease",14.52705,45.636039
"Dutch_Elm_Disease",14.443324,45.671656
"Dutch_Elm_Disease",14.43372,45.66936
"Dutch_Elm_Disease",14.43354,45.687356
"Dutch_Elm_Disease",14.562131,45.660924
"Dutch_Elm_Disease",14.536633,45.640577
"Dutch_Elm_Disease",14.430421,45.678342
"Dutch_Elm_Disease",14.417655,45.671529
"Dutch_Elm_Disease",14.529995,45.667545
"Dutch_Elm_Disease",14.562166,45.656425
"Dutch_Elm_Disease",14.446023,45.723409
"Dutch_Elm_Disease",14.543029,45.642853
"Dutch_Elm_Disease",14.552507,45.660887
"Dutch_Elm_Disease",14.565305,45.665435
"Dutch_Elm_Disease",14.43354,45.687356
"Dutch_Elm_Disease",14.562131,45.660924
"Dutch_Elm_Disease",14.430421,45.678342
"Dutch_Elm_Disease",14.536412,45.667571
"Dutch_Elm_Disease",14.542847,45.665348
"Dutch_Elm_Disease",14.565305,45.665435
"Dutch_Elm_Disease",14.558888,45.665411
"Dutch_Elm_Disease",14.542847,45.665348
"Dutch_Elm_Disease",14.533185,45.669808
"Dutch_Elm_Disease",14.536412,45.667571
"Dutch_Elm_Disease",14.558888,45.665411
"Dutch_Elm_Disease",14.546019,45.669859
"Dutch_Elm_Disease",14.552507,45.660887
"Dutch_Elm_Disease",14.565305,45.665435
"Dutch_Elm_Disease",14.446267,45.698665
"Dutch_Elm_Disease",14.542847,45.665348
"Dutch_Elm_Disease",14.552507,45.660887
"Dutch_Elm_Disease",14.552507,45.660887
"Dutch_Elm_Disease",14.558888,45.665411
"Dutch_Elm_Disease",14.565305,45.665435
"Dutch_Elm_Disease",14.555644,45.669897
"Dutch_Elm_Disease",14.565305,45.665435
"Dutch_Elm_Disease",14.443324,45.671656
"Dutch_Elm_Disease",14.558888,45.665411
"Dutch_Elm_Disease",14.565305,45.665435
"Dutch_Elm_Disease",14.558888,45.665411
"Dutch_Elm_Disease",14.542847,45.665348
"Dutch_Elm_Disease",14.542847,45.665348
"Dutch_Elm_Disease",14.536375,45.67207
"Dutch_Elm_Disease",14.446023,45.723409
"Dutch_Elm_Disease",14.443324,45.671656
"Dutch_Elm_Disease",14.430421,45.678342
"Dutch_Elm_Disease",14.43372,45.66936
"Dutch_Elm_Disease",14.440048,45.678389
"Dutch_Elm_Disease",14.440048,45.678389
"Dutch_Elm_Disease",14.417655,45.671529
"Dutch_Elm_Disease",14.43363,45.678358
"Dutch_Elm_Disease",14.417655,45.671529
"Dutch_Elm_Disease",14.417655,45.671529
"Dutch_Elm_Disease",14.443324,45.671656
"Dutch_Elm_Disease",14.43363,45.678358
"Dutch_Elm_Disease",14.43363,45.678358
"Dutch_Elm_Disease",14.43372,45.66936
"Dutch_Elm_Disease",14.43363,45.678358
"Dutch_Elm_Disease",14.443324,45.671656
"Dutch_Elm_Disease",14.43363,45.678358
"Dutch_Elm_Disease",14.430421,45.678342
"Dutch_Elm_Disease",14.417655,45.671529
"Dutch_Elm_Disease",14.43363,45.678358
"Dutch_Elm_Disease",14.430421,45.678342
"Dutch_Elm_Disease",14.417655,45.671529
"Dutch_Elm_Disease",14.417655,45.671529
"Dutch_Elm_Disease",14.424003,45.67831
"Dutch_Elm_Disease",14.420771,45.680543
"Dutch_Elm_Disease",14.424003,45.67831
"Dutch_Elm_Disease",14.417655,45.671529
"Dutch_Elm_Disease",14.424003,45.67831
"Dutch_Elm_Disease",14.436794,45.682872
"Dutch_Elm_Disease",14.436794,45.682872
"Dutch_Elm_Disease",14.449543,45.691933
"Dutch_Elm_Disease",14.420771,45.680543
"Dutch_Elm_Disease",14.424003,45.67831
"Dutch_Elm_Disease",14.420771,45.680543
"Dutch_Elm_Disease",14.424003,45.67831
"Dutch_Elm_Disease",14.424003,45.67831
"Dutch_Elm_Disease",14.446378,45.687418
"Dutch_Elm_Disease",14.424003,45.67831
"Dutch_Elm_Disease",14.424003,45.67831
"Dutch_Elm_Disease",14.449543,45.691933
"Dutch_Elm_Disease",14.424003,45.67831
"Dutch_Elm_Disease",14.481889,45.665089
"Dutch_Elm_Disease",14.449785,45.667189
"Dutch_Elm_Disease",14.44651,45.673921
"Dutch_Elm_Disease",14.407887,45.684976
"Dutch_Elm_Disease",14.449719,45.673937
"Dutch_Elm_Disease",14.414423,45.673762
"Dutch_Elm_Disease",14.414423,45.673762
"Dutch_Elm_Disease",14.456028,45.685215
"Dutch_Elm_Disease",14.407887,45.684976
"Dutch_Elm_Disease",14.407887,45.684976
"Dutch_Elm_Disease",14.407887,45.684976
"Dutch_Elm_Disease",14.407887,45.684976
"Dutch_Elm_Disease",14.411167,45.678244
"Dutch_Elm_Disease",14.407887,45.684976
"Dutch_Elm_Disease",14.414423,45.673762
"Dutch_Elm_Disease",14.411167,45.678244
"Dutch_Elm_Disease",14.414423,45.673762
"Dutch_Elm_Disease",14.488714,45.620128
"Dutch_Elm_Disease",14.407532,45.718718
"Dutch_Elm_Disease",14.455218,45.63617
"Dutch_Elm_Disease",14.407722,45.700722
"Dutch_Elm_Disease",14.407722,45.700722
"Dutch_Elm_Disease",14.433423,45.635165
"Dutch_Elm_Disease",14.373233,45.66801
"Dutch_Elm_Disease",14.455179,45.640219
"Dutch_Elm_Disease",14.414165,45.698506
"Dutch_Elm_Disease",14.45787,45.627185
"Dutch_Elm_Disease",14.46931,45.638036
"Dutch_Elm_Disease",14.410861,45.707487
"Dutch_Elm_Disease",14.401397,45.691691
"Dutch_Elm_Disease",14.520809,45.615767
"Dutch_Elm_Disease",14.417259,45.709769
"Dutch_Elm_Disease",14.391792,45.689391
"Dutch_Elm_Disease",14.482179,45.633596
"Dutch_Elm_Disease",14.493928,45.610702
"Dutch_Elm_Disease",14.195502,45.858245
"Dutch_Elm_Disease",14.407722,45.700722
"Dutch_Elm_Disease",14.527182,45.620293
"Dutch_Elm_Disease",14.438333,45.657235
"Dutch_Elm_Disease",14.448102,45.642435
"Dutch_Elm_Disease",14.435943,45.639676
"Dutch_Elm_Disease",14.417259,45.709769
"Dutch_Elm_Disease",14.417273,45.70842
"Dutch_Elm_Disease",14.520809,45.615767
"Dutch_Elm_Disease",14.191515,45.866765
"Dutch_Elm_Disease",14.432267,45.622561
"Dutch_Elm_Disease",14.407532,45.718718
"Dutch_Elm_Disease",14.417273,45.70842
"Dutch_Elm_Disease",14.410861,45.707487
"Dutch_Elm_Disease",14.468091,45.631282
"Dutch_Elm_Disease",14.482261,45.624598
"Dutch_Elm_Disease",14.417273,45.70842
"Dutch_Elm_Disease",14.475766,45.633567
"Dutch_Elm_Disease",14.394808,45.707404
"Dutch_Elm_Disease",14.4407,45.612705
"Dutch_Elm_Disease",14.417273,45.70842
"Dutch_Elm_Disease",14.410861,45.707487
"Dutch_Elm_Disease",14.420678,45.689541
"Dutch_Elm_Disease",14.475682,45.642565
"Dutch_Elm_Disease",14.442201,45.655454
"Dutch_Elm_Disease",14.520809,45.615767
"Dutch_Elm_Disease",14.454699,45.62357
"Dutch_Elm_Disease",14.194299,45.852388
"Dutch_Elm_Disease",14.482261,45.624598
"Dutch_Elm_Disease",14.410861,45.707487
"Dutch_Elm_Disease",14.410861,45.707487
"Dutch_Elm_Disease",14.229,45.857126
"Dutch_Elm_Disease",14.388533,45.693873
"Dutch_Elm_Disease",14.480424,45.615141
"Dutch_Elm_Disease",14.459075,45.635289
"Dutch_Elm_Disease",14.475598,45.651563
"Dutch_Elm_Disease",14.420678,45.689541
"Dutch_Elm_Disease",14.46444,45.610569
"Dutch_Elm_Disease",14.390063,45.611907
"Dutch_Elm_Disease",14.426914,45.707569
"Dutch_Elm_Disease",14.488428,45.65162
"Dutch_Elm_Disease",14.407532,45.718718
"Dutch_Elm_Disease",14.52722,45.615794
"Dutch_Elm_Disease",14.401397,45.691691
"Dutch_Elm_Disease",14.458546,45.623588
"Dutch_Elm_Disease",14.38846,45.700621
"Dutch_Elm_Disease",14.482179,45.633596
"Dutch_Elm_Disease",14.407532,45.718718
"Dutch_Elm_Disease",14.475682,45.642565
"Dutch_Elm_Disease",14.481889,45.665089
"Dutch_Elm_Disease",14.417273,45.70842
"Dutch_Elm_Disease",14.451401,45.633003
"Dutch_Elm_Disease",14.432267,45.622561
"Dutch_Elm_Disease",14.39167,45.700638
"Dutch_Elm_Disease",14.433586,45.655934
"Dutch_Elm_Disease",14.527182,45.620293
"Dutch_Elm_Disease",14.410904,45.666626
"Dutch_Elm_Disease",14.462897,45.638006
"Dutch_Elm_Disease",14.437019,45.660378
"Dutch_Elm_Disease",14.411073,45.687242
"Dutch_Elm_Disease",14.426518,45.632971
"Dutch_Elm_Disease",14.481931,45.66059
"Dutch_Elm_Disease",14.398067,45.702922
"Dutch_Elm_Disease",14.460306,45.640694
"Dutch_Elm_Disease",14.410861,45.707487
"Dutch_Elm_Disease",14.469268,45.642535
"Dutch_Elm_Disease",14.410861,45.707487
"Dutch_Elm_Disease",14.469353,45.633537
"Dutch_Elm_Disease",14.426869,45.712067
"Dutch_Elm_Disease",14.462768,45.651503
"Dutch_Elm_Disease",14.475515,45.66056
"Dutch_Elm_Disease",14.460306,45.640694
"Dutch_Elm_Disease",14.475807,45.629068
"Dutch_Elm_Disease",14.454223,45.606471
"Dutch_Elm_Disease",14.410861,45.707487
"Dutch_Elm_Disease",14.468172,45.622734
"Dutch_Elm_Disease",14.482179,45.633596
"Dutch_Elm_Disease",14.495318,45.598561
"Dutch_Elm_Disease",14.466958,45.615529
"Dutch_Elm_Disease",14.473356,45.616909
"Dutch_Elm_Disease",14.420678,45.689541
"Dutch_Elm_Disease",14.38846,45.700621
"Dutch_Elm_Disease",14.490154,45.602587
"Dutch_Elm_Disease",14.520809,45.615767
"Dutch_Elm_Disease",14.482261,45.624598
"Dutch_Elm_Disease",14.436521,45.645978
"Dutch_Elm_Disease",14.520809,45.615767
"Dutch_Elm_Disease",14.427006,45.698571
"Dutch_Elm_Disease",14.407532,45.718718
"Dutch_Elm_Disease",14.360868,45.678722
"Dutch_Elm_Disease",14.488387,45.656119
"Dutch_Elm_Disease",14.454794,45.613672
"Dutch_Elm_Disease",14.46931,45.638036
"Dutch_Elm_Disease",14.428939,45.658637
"Dutch_Elm_Disease",14.426869,45.712067
"Dutch_Elm_Disease",14.463102,45.616411
"Dutch_Elm_Disease",14.4407,45.612705
"Dutch_Elm_Disease",14.468172,45.622734
"Dutch_Elm_Disease",14.520809,45.615767
"Dutch_Elm_Disease",14.401516,45.680444
"Dutch_Elm_Disease",14.410861,45.707487
"Dutch_Elm_Disease",14.501225,45.582839
"Dutch_Elm_Disease",14.482096,45.642594
"Dutch_Elm_Disease",14.388533,45.693873
"Dutch_Elm_Disease",14.520809,45.615767
"Dutch_Elm_Disease",14.398139,45.696173
"Dutch_Elm_Disease",14.410861,45.707487
"Dutch_Elm_Disease",14.436764,45.621684
"Dutch_Elm_Disease",14.463102,45.616411
"Dutch_Elm_Disease",14.464192,45.636663
"Dutch_Elm_Disease",14.449807,45.664939
"Dutch_Elm_Disease",14.447514,45.637033
"Dutch_Elm_Disease",14.487546,45.607525
"Dutch_Elm_Disease",14.436719,45.626183
"Dutch_Elm_Disease",14.417273,45.70842
"Dutch_Elm_Disease",14.520809,45.615767
"Dutch_Elm_Disease",14.388533,45.693873
"Dutch_Elm_Disease",14.468847,45.619137
"Dutch_Elm_Disease",14.456536,45.632577
"Dutch_Elm_Disease",14.388533,45.693873
"Dutch_Elm_Disease",14.420678,45.689541
"Dutch_Elm_Disease",14.464291,45.626315
"Dutch_Elm_Disease",14.48222,45.629097
"Dutch_Elm_Disease",14.520809,45.615767
"Dutch_Elm_Disease",14.490653,45.618337
"Dutch_Elm_Disease",14.475515,45.66056
"Dutch_Elm_Disease",14.457965,45.617287
"Dutch_Elm_Disease",14.437728,45.653633
"Dutch_Elm_Disease",14.410861,45.707487
"Dutch_Elm_Disease",14.427423,45.66132
"Dutch_Elm_Disease",14.462811,45.647004
"Dutch_Elm_Disease",14.45787,45.627185
"Dutch_Elm_Disease",14.436719,45.626183
"Dutch_Elm_Disease",14.520809,45.615767
"Dutch_Elm_Disease",14.417273,45.70842
"Dutch_Elm_Disease",14.437019,45.660378
"Dutch_Elm_Disease",14.475556,45.656061
"Dutch_Elm_Disease",14.153882,45.885389
"Dutch_Elm_Disease",14.497898,45.596772
"Dutch_Elm_Disease",14.428784,45.651114
"Dutch_Elm_Disease",14.457965,45.617287
"Dutch_Elm_Disease",14.40419,45.609731
"Dutch_Elm_Disease",14.475724,45.638066
"Dutch_Elm_Disease",14.520809,45.615767
"Dutch_Elm_Disease",14.39167,45.700638
"Dutch_Elm_Disease",14.401622,45.65722
"Dutch_Elm_Disease",14.469014,45.669529
"Dutch_Elm_Disease",14.514321,45.624738
"Dutch_Elm_Disease",14.462683,45.660501
"Dutch_Elm_Disease",14.201335,45.855587
"Dutch_Elm_Disease",14.403071,45.618544
"Dutch_Elm_Disease",14.417273,45.70842
"Dutch_Elm_Disease",14.482964,45.617852
"Dutch_Elm_Disease",14.481669,45.619196
"Dutch_Elm_Disease",14.426518,45.632971
"Dutch_Elm_Disease",14.398139,45.696173
"Dutch_Elm_Disease",14.462726,45.656002
"Dutch_Elm_Disease",14.1332,45.889733
"Dutch_Elm_Disease",14.47564,45.647064
"Dutch_Elm_Disease",14.390224,45.644481
"Dutch_Elm_Disease",14.414165,45.698506
"Dutch_Elm_Disease",14.42574,45.654032
"Dutch_Elm_Disease",14.172921,45.861234
"Dutch_Elm_Disease",14.417706,45.629327
"Dutch_Elm_Disease",14.52722,45.615794
"Dutch_Elm_Disease",14.210954,45.858353
"Dutch_Elm_Disease",14.39167,45.700638
"Dutch_Elm_Disease",14.197994,45.864111
"Dutch_Elm_Disease",14.423051,45.633403
"Dutch_Elm_Disease",14.455786,45.643822
"Dutch_Elm_Disease",14.207314,45.842581
"Dutch_Elm_Disease",14.377923,45.666407
"Dutch_Elm_Disease",14.501225,45.582839
"Dutch_Elm_Disease",14.172921,45.861234
"Dutch_Elm_Disease",14.36799,45.636622
"Dutch_Elm_Disease",14.42146,45.613419
"Dutch_Elm_Disease",14.458546,45.623588
"Dutch_Elm_Disease",14.481972,45.656091
"Dutch_Elm_Disease",14.39499,45.642707
"Dutch_Elm_Disease",14.374184,45.673702
"Dutch_Elm_Disease",14.40651,45.632869
"Dutch_Elm_Disease",14.122778,45.855912
"Dutch_Elm_Disease",14.134599,45.882546
"Dutch_Elm_Disease",14.438571,45.633391
"Dutch_Elm_Disease",14.364343,45.681342
"Dutch_Elm_Disease",14.430882,45.655605
"Dutch_Elm_Disease",14.490154,45.602587
"Dutch_Elm_Disease",14.427423,45.66132
"Dutch_Elm_Disease",14.432267,45.622561
"Dutch_Elm_Disease",14.417706,45.629327
"Dutch_Elm_Disease",14.408775,45.63711
"Dutch_Elm_Disease",14.412866,45.638391
"Dutch_Elm_Disease",14.419859,45.631948
"Dutch_Elm_Disease",14.384374,45.616285
"Dutch_Elm_Disease",14.411073,45.687242
"Dutch_Elm_Disease",14.151305,45.88537
"Dutch_Elm_Disease",14.129348,45.888804
"Dutch_Elm_Disease",14.38846,45.700621
"Dutch_Elm_Disease",14.498443,45.607573
"Dutch_Elm_Disease",14.417273,45.70842
"Dutch_Elm_Disease",14.196919,45.849257
"Dutch_Elm_Disease",14.220175,45.843569
"Dutch_Elm_Disease",14.375351,45.643681
"Dutch_Elm_Disease",14.405526,45.604609
"Dutch_Elm_Disease",14.371379,45.686941
"Dutch_Elm_Disease",14.39167,45.700638
"Dutch_Elm_Disease",14.196589,45.8722
"Dutch_Elm_Disease",14.398139,45.696173
"Dutch_Elm_Disease",14.423051,45.633403
"Dutch_Elm_Disease",14.412048,45.61841
"Dutch_Elm_Disease",14.09671,45.835463
"Dutch_Elm_Disease",14.395792,45.615716
"Dutch_Elm_Disease",14.468172,45.622734
"Dutch_Elm_Disease",14.433666,45.659497
"Dutch_Elm_Disease",14.48851,45.642623
"Dutch_Elm_Disease",14.434118,45.629769
"Dutch_Elm_Disease",14.384592,45.643281
"Dutch_Elm_Disease",14.462811,45.647004
"Dutch_Elm_Disease",14.401622,45.65722
"Dutch_Elm_Disease",14.201245,45.861885
"Dutch_Elm_Disease",14.449807,45.664939
"Dutch_Elm_Disease",14.417259,45.709769
"Dutch_Elm_Disease",14.213548,45.857021
"Dutch_Elm_Disease",14.459811,45.625394
"Dutch_Elm_Disease",14.469141,45.656032
"Dutch_Elm_Disease",14.38287,45.613128
"Dutch_Elm_Disease",14.437513,45.610889
"Dutch_Elm_Disease",14.410861,45.707487
"Dutch_Elm_Disease",14.394808,45.707404
"Dutch_Elm_Disease",14.52722,45.615794
"Dutch_Elm_Disease",14.444913,45.64062
"Dutch_Elm_Disease",14.462726,45.656002
"Dutch_Elm_Disease",14.433978,45.643716
"Dutch_Elm_Disease",14.39167,45.700638
"Dutch_Elm_Disease",14.407722,45.700722
"Dutch_Elm_Disease",14.401516,45.680444
"Dutch_Elm_Disease",14.488387,45.656119
"Dutch_Elm_Disease",14.488673,45.624627
"Dutch_Elm_Disease",14.488387,45.656119
"Dutch_Elm_Disease",14.501225,45.582839
"Dutch_Elm_Disease",14.423051,45.633403
"Dutch_Elm_Disease",14.456223,45.66497
"Dutch_Elm_Disease",14.499239,45.59003
"Dutch_Elm_Disease",14.407887,45.684976
"Dutch_Elm_Disease",14.433978,45.643716
"Dutch_Elm_Disease",14.39167,45.700638
"Dutch_Elm_Disease",14.444793,45.652767
"Dutch_Elm_Disease",14.401516,45.680444
"Dutch_Elm_Disease",14.441279,45.619006
"Dutch_Elm_Disease",14.463573,45.63441
"Dutch_Elm_Disease",14.481669,45.619196
"Dutch_Elm_Disease",14.490653,45.618337
"Dutch_Elm_Disease",14.396035,45.616977
"Dutch_Elm_Disease",14.456136,45.673968
"Dutch_Elm_Disease",14.496544,45.604865
"Dutch_Elm_Disease",14.468172,45.622734
"Dutch_Elm_Disease",14.383718,45.658745
"Dutch_Elm_Disease",14.194124,45.864534
"Dutch_Elm_Disease",14.465056,45.613271
"Dutch_Elm_Disease",14.456353,45.651473
"Dutch_Elm_Disease",14.482055,45.647093
"Dutch_Elm_Disease",14.468847,45.619137
"Dutch_Elm_Disease",14.410861,45.707487
"Dutch_Elm_Disease",14.199146,45.873567
"Dutch_Elm_Disease",14.495358,45.594062
"Dutch_Elm_Disease",14.407532,45.718718
"Dutch_Elm_Disease",14.398091,45.700672
"Dutch_Elm_Disease",14.388533,45.693873
"Dutch_Elm_Disease",14.388533,45.693873
"Dutch_Elm_Disease",14.52722,45.615794
"Dutch_Elm_Disease",14.474018,45.614662
"Dutch_Elm_Disease",14.456397,45.646974
"Dutch_Elm_Disease",14.499239,45.59003
"Dutch_Elm_Disease",14.398067,45.702922
"Dutch_Elm_Disease",14.443109,45.628464
"Dutch_Elm_Disease",14.394808,45.707404
"Dutch_Elm_Disease",14.499239,45.59003
"Dutch_Elm_Disease",14.394808,45.707404
"Dutch_Elm_Disease",14.407722,45.700722
"Dutch_Elm_Disease",14.401516,45.680444
"Dutch_Elm_Disease",14.469056,45.66503
"Dutch_Elm_Disease",14.419786,45.664017
"Dutch_Elm_Disease",14.462854,45.642505
"Dutch_Elm_Disease",14.398139,45.696173
"Dutch_Elm_Disease",14.398091,45.700672
"Dutch_Elm_Disease",14.411073,45.687242
"Dutch_Elm_Disease",14.401397,45.691691
"Dutch_Elm_Disease",14.398091,45.700672
"Dutch_Elm_Disease",14.430557,45.664845
"Dutch_Elm_Disease",14.388533,45.693873
"Dutch_Elm_Disease",14.398139,45.696173
"Dutch_Elm_Disease",14.471546,45.604753
"Dutch_Elm_Disease",14.520809,45.615767
"Dutch_Elm_Disease",14.475724,45.638066
"Dutch_Elm_Disease",14.464192,45.636663
"Dutch_Elm_Disease",14.451348,45.638401
"Dutch_Elm_Disease",14.433358,45.705351
"Dutch_Elm_Disease",14.410861,45.707487
"Dutch_Elm_Disease",14.364847,45.630936
"Dutch_Elm_Disease",14.440486,45.6343
"Dutch_Elm_Disease",14.482055,45.647093
"Dutch_Elm_Disease",14.435943,45.639676
"Dutch_Elm_Disease",14.412871,45.660059
"Dutch_Elm_Disease",14.488387,45.656119
"Dutch_Elm_Disease",14.482096,45.642594
"Dutch_Elm_Disease",14.438333,45.657235
"Dutch_Elm_Disease",14.52722,45.615794
"Dutch_Elm_Disease",14.488673,45.624627
"Dutch_Elm_Disease",14.441279,45.619006
"Dutch_Elm_Disease",14.426869,45.712067
"Dutch_Elm_Disease",14.464338,45.621366
"Dutch_Elm_Disease",14.404415,45.612702
"Dutch_Elm_Disease",14.454223,45.606471
"Dutch_Elm_Disease",14.482137,45.638095
"Dutch_Elm_Disease",14.482137,45.638095
"Dutch_Elm_Disease",14.46931,45.638036
"Dutch_Elm_Disease",14.462897,45.638006
"Dutch_Elm_Disease",14.487822,45.567204
"Dutch_Elm_Disease",14.496544,45.604865
"Dutch_Elm_Disease",14.482096,45.642594
"Dutch_Elm_Disease",14.482055,45.647093
"Dutch_Elm_Disease",14.520771,45.620266
"Dutch_Elm_Disease",14.401622,45.65722
"Dutch_Elm_Disease",14.514359,45.620239
"Dutch_Elm_Disease",14.481972,45.656091
"Dutch_Elm_Disease",14.504354,45.591401
"Dutch_Elm_Disease",14.48222,45.629097
"Dutch_Elm_Disease",14.469226,45.647034
"Dutch_Elm_Disease",14.492106,45.599446
"Dutch_Elm_Disease",14.507909,45.624711
"Dutch_Elm_Disease",14.481931,45.66059
"Dutch_Elm_Disease",14.138845,45.857833
"Dutch_Elm_Disease",14.462726,45.656002
"Dutch_Elm_Disease",14.436719,45.626183
"Dutch_Elm_Disease",14.46264,45.665
"Dutch_Elm_Disease",14.46444,45.610569
"Dutch_Elm_Disease",14.429657,45.627048
"Dutch_Elm_Disease",14.141137,45.876296
"Dutch_Elm_Disease",14.38653,45.642032
"Dutch_Elm_Disease",14.449807,45.664939
"Dutch_Elm_Disease",14.16439,45.871969
"Dutch_Elm_Disease",14.327821,45.93873
"Dutch_Elm_Disease",14.448985,45.617694
"Dutch_Elm_Disease",14.397465,45.603127
"Dutch_Elm_Disease",14.428329,45.63154
"Dutch_Elm_Disease",14.412818,45.64298
"Dutch_Elm_Disease",14.142425,45.876306
"Dutch_Elm_Disease",14.46232,45.631255
"Dutch_Elm_Disease",14.436719,45.626183
"Dutch_Elm_Disease",14.425296,45.614428
"Dutch_Elm_Disease",14.40326,45.652756
"Dutch_Elm_Disease",14.327143,45.727272
"Dutch_Elm_Disease",14.401418,45.629243
"Dutch_Elm_Disease",14.458546,45.623588
"Dutch_Elm_Disease",14.490154,45.602587
"Dutch_Elm_Disease",14.490154,45.602587
"Dutch_Elm_Disease",14.179393,45.859031
"Dutch_Elm_Disease",14.459075,45.635289
"Dutch_Elm_Disease",14.465616,45.621822
"Dutch_Elm_Disease",14.179393,45.859031
"Dutch_Elm_Disease",14.492839,45.589102
"Dutch_Elm_Disease",14.486211,45.613368
"Dutch_Elm_Disease",14.161278,45.864748
"Dutch_Elm_Disease",14.134753,45.872649
"Dutch_Elm_Disease",14.481669,45.619196
"Dutch_Elm_Disease",14.147009,45.871391
"Dutch_Elm_Disease",14.465616,45.621822
"Dutch_Elm_Disease",14.419859,45.631948
"Dutch_Elm_Disease",14.150058,45.882661
"Dutch_Elm_Disease",14.163129,45.870161
"Dutch_Elm_Disease",14.178716,45.861275
"Dutch_Elm_Disease",14.437939,45.632488
"Dutch_Elm_Disease",14.444316,45.636118
"Dutch_Elm_Disease",14.432627,45.650458
"Dutch_Elm_Disease",14.49646,45.614313
"Dutch_Elm_Disease",14.464192,45.636663
"Dutch_Elm_Disease",14.427423,45.66132
"Dutch_Elm_Disease",14.1332,45.889733
"Dutch_Elm_Disease",14.160526,45.871941
"Dutch_Elm_Disease",14.433423,45.635165
"Dutch_Elm_Disease",14.426102,45.610833
"Dutch_Elm_Disease",14.423309,45.620717
"Dutch_Elm_Disease",14.466958,45.615529
"Dutch_Elm_Disease",14.143644,45.880814
"Dutch_Elm_Disease",14.428939,45.658637
"Dutch_Elm_Disease",14.206441,45.858771
"Dutch_Elm_Disease",14.153963,45.879991
"Dutch_Elm_Disease",14.423051,45.633403
"Dutch_Elm_Disease",14.221337,45.852575
"Dutch_Elm_Disease",14.196725,45.862753
"Dutch_Elm_Disease",14.437965,45.629788
"Dutch_Elm_Disease",14.37793,45.642526
"Dutch_Elm_Disease",14.455218,45.63617
"Dutch_Elm_Disease",14.143617,45.882613
"Dutch_Elm_Disease",14.444316,45.636118
"Dutch_Elm_Disease",14.413303,45.621026
"Dutch_Elm_Disease",14.181311,45.859944
"Dutch_Elm_Disease",14.133353,45.879837
"Dutch_Elm_Disease",14.403926,45.634655
"Dutch_Elm_Disease",14.455179,45.640219
"Dutch_Elm_Disease",14.221337,45.852575
"Dutch_Elm_Disease",14.448897,45.626692
"Dutch_Elm_Disease",14.488321,45.592681
"Dutch_Elm_Disease",14.417706,45.629327
"Dutch_Elm_Disease",14.40419,45.609731
"Dutch_Elm_Disease",14.398729,45.640927
"Dutch_Elm_Disease",14.192094,45.871268
"Dutch_Elm_Disease",14.161787,45.87375
"Dutch_Elm_Disease",14.122036,45.862205
"Dutch_Elm_Disease",14.137079,45.888863
"Dutch_Elm_Disease",14.408439,45.65443
"Dutch_Elm_Disease",14.137079,45.888863
"Dutch_Elm_Disease",14.501225,45.582839
"Dutch_Elm_Disease",14.39274,45.637206
"Dutch_Elm_Disease",14.212324,45.852514
"Dutch_Elm_Disease",14.427092,45.627035
"Dutch_Elm_Disease",14.398892,45.613573
"Dutch_Elm_Disease",14.376435,45.615253
"Dutch_Elm_Disease",14.194124,45.864534
"Dutch_Elm_Disease",14.423051,45.633403
"Dutch_Elm_Disease",14.160445,45.877339
"Dutch_Elm_Disease",14.213663,45.803033
"Dutch_Elm_Disease",14.47744,45.591282
"Dutch_Elm_Disease",14.111115,45.840255
"Dutch_Elm_Disease",14.203917,45.855155
"Dutch_Elm_Disease",14.133507,45.86994
"Dutch_Elm_Disease",14.176128,45.862157
"Dutch_Elm_Disease",14.131981,45.885225
"Dutch_Elm_Disease",14.384374,45.616285
"Dutch_Elm_Disease",14.375351,45.643681
"Dutch_Elm_Disease",14.209622,45.861493
"Dutch_Elm_Disease",14.138492,45.880775
"Dutch_Elm_Disease",14.47744,45.591282
"Dutch_Elm_Disease",14.147358,45.89074
"Dutch_Elm_Disease",14.446121,45.648274
"Dutch_Elm_Disease",14.398729,45.640927
"Dutch_Elm_Disease",14.135832,45.886154
"Dutch_Elm_Disease",14.229805,45.798644
"Dutch_Elm_Disease",14.492106,45.599446
"Dutch_Elm_Disease",14.439706,45.648243
"Dutch_Elm_Disease",14.503112,45.586897
"Dutch_Elm_Disease",14.142287,45.885303
"Dutch_Elm_Disease",14.454699,45.62357
"Dutch_Elm_Disease",14.495358,45.594062
"Dutch_Elm_Disease",14.445099,45.621724
"Dutch_Elm_Disease",14.130623,45.889714
"Dutch_Elm_Disease",14.188309,45.865843
"Dutch_Elm_Disease",14.135902,45.881656
"Dutch_Elm_Disease",14.384592,45.643281
"Dutch_Elm_Disease",14.420546,45.627542
"Dutch_Elm_Disease",14.49646,45.614313
"Dutch_Elm_Disease",14.436719,45.626183
"Dutch_Elm_Disease",14.129348,45.888804
"Dutch_Elm_Disease",14.190306,45.861358
"Dutch_Elm_Disease",14.374664,45.624691
"Dutch_Elm_Disease",14.468091,45.631282
"Dutch_Elm_Disease",14.396768,45.66469
"Dutch_Elm_Disease",14.125681,45.876179
"Dutch_Elm_Disease",14.2342,45.853562
"Dutch_Elm_Disease",14.432167,45.632459
"Dutch_Elm_Disease",14.201354,45.854237
"Dutch_Elm_Disease",14.39499,45.642707
"Dutch_Elm_Disease",14.207161,45.853378
"Dutch_Elm_Disease",14.452723,45.62896
"Dutch_Elm_Disease",14.495358,45.594062
"Dutch_Elm_Disease",14.239766,45.823005
"Dutch_Elm_Disease",14.441279,45.619006
"Dutch_Elm_Disease",14.12302,45.881558
"Dutch_Elm_Disease",14.1748,45.864846
"Dutch_Elm_Disease",14.429657,45.627048
"Dutch_Elm_Disease",14.210416,45.805261
"Dutch_Elm_Disease",14.316114,45.736205
"Dutch_Elm_Disease",14.213675,45.848024
"Dutch_Elm_Disease",14.200118,45.850629
"Dutch_Elm_Disease",14.201174,45.866833
"Dutch_Elm_Disease",14.404415,45.612702
"Dutch_Elm_Disease",14.146276,45.877235
"Dutch_Elm_Disease",14.181311,45.859944
"Dutch_Elm_Disease",14.384592,45.643281
"Dutch_Elm_Disease",14.156167,45.862011
"Dutch_Elm_Disease",14.185668,45.870323
"Dutch_Elm_Disease",14.432267,45.622561
"Dutch_Elm_Disease",14.147605,45.874545
"Dutch_Elm_Disease",14.424682,45.658319
"Dutch_Elm_Disease",14.143617,45.882613
"Dutch_Elm_Disease",14.138492,45.880775
"Dutch_Elm_Disease",14.153963,45.879991
"Dutch_Elm_Disease",14.367129,45.669902
"Dutch_Elm_Disease",14.479825,45.610639
"Dutch_Elm_Disease",14.417706,45.629327
"Dutch_Elm_Disease",14.196725,45.862753
"Dutch_Elm_Disease",14.42306,45.645011
"Dutch_Elm_Disease",14.142287,45.885303
"Dutch_Elm_Disease",14.14853,45.856106
"Dutch_Elm_Disease",14.384592,45.643281
"Dutch_Elm_Disease",14.201245,45.861885
"Dutch_Elm_Disease",14.417706,45.629327
"Dutch_Elm_Disease",14.13852,45.878976
"Dutch_Elm_Disease",14.191411,45.873963
"Dutch_Elm_Disease",14.446284,45.631628
"Dutch_Elm_Disease",14.100925,45.837476
"Dutch_Elm_Disease",14.403926,45.634655
"Dutch_Elm_Disease",14.436719,45.626183
"Dutch_Elm_Disease",14.419859,45.631948
"Dutch_Elm_Disease",14.404415,45.612702
"Dutch_Elm_Disease",14.364847,45.630936
"Dutch_Elm_Disease",14.404415,45.612702
"Dutch_Elm_Disease",14.165772,45.865681
"Dutch_Elm_Disease",14.404816,45.658541
"Dutch_Elm_Disease",14.135832,45.886154
"Dutch_Elm_Disease",14.163129,45.870161
"Dutch_Elm_Disease",14.407202,45.640341
"Dutch_Elm_Disease",14.129348,45.888804
"Dutch_Elm_Disease",14.395654,45.663299
"Dutch_Elm_Disease",14.404816,45.658541
"Dutch_Elm_Disease",14.159197,45.874631
"Dutch_Elm_Disease",14.421477,45.624307
"Dutch_Elm_Disease",14.452723,45.62896
"Dutch_Elm_Disease",14.42306,45.645011
"Dutch_Elm_Disease",14.369798,45.635552
"Dutch_Elm_Disease",14.197519,45.807421
"Dutch_Elm_Disease",14.340338,45.916308
"Dutch_Elm_Disease",14.213675,45.848024
"Dutch_Elm_Disease",14.375351,45.643681
"Dutch_Elm_Disease",14.203983,45.805216
"Dutch_Elm_Disease",14.183696,45.873008
"Dutch_Elm_Disease",14.200767,45.805194
"Dutch_Elm_Disease",14.204143,45.79397
"Dutch_Elm_Disease",14.334323,45.934269
"Dutch_Elm_Disease",14.225251,45.811661
"Dutch_Elm_Disease",14.20392,45.809715
"Dutch_Elm_Disease",14.378829,45.700569
"Dutch_Elm_Disease",14.174939,45.811759
"Dutch_Elm_Disease",14.247465,45.815138
"Dutch_Elm_Disease",15.052111,46.091844
"Dutch_Elm_Disease",14.234286,45.847264
"Dutch_Elm_Disease",14.19768,45.796174
"Dutch_Elm_Disease",14.220175,45.843569
"Dutch_Elm_Disease",14.221337,45.852575
"Dutch_Elm_Disease",14.223311,45.803099
"Dutch_Elm_Disease",14.207104,45.811986
"Dutch_Elm_Disease",14.150058,45.882661
"Dutch_Elm_Disease",14.200671,45.811942
"Dutch_Elm_Disease",14.203983,45.805216
"Dutch_Elm_Disease",14.375351,45.643681
"Dutch_Elm_Disease",14.210416,45.805261
"Dutch_Elm_Disease",14.200767,45.805194
"Dutch_Elm_Disease",14.340307,45.700354
"Dutch_Elm_Disease",14.210416,45.805261
"Dutch_Elm_Disease",14.353212,45.700428
"Dutch_Elm_Disease",14.216388,45.838145
"Dutch_Elm_Disease",14.210384,45.80751
"Dutch_Elm_Disease",14.210384,45.80751
"Dutch_Elm_Disease",14.186731,45.841537
"Dutch_Elm_Disease",14.210416,45.805261
"Dutch_Elm_Disease",14.213663,45.803033
"Dutch_Elm_Disease",14.212324,45.852514
"Dutch_Elm_Disease",14.223311,45.803099
"Dutch_Elm_Disease",14.207104,45.811986
"Dutch_Elm_Disease",14.371166,45.627821
"Dutch_Elm_Disease",14.207104,45.811986
"Dutch_Elm_Disease",14.213663,45.803033
"Dutch_Elm_Disease",15.024334,46.147639
"Dutch_Elm_Disease",14.176273,45.85226
"Dutch_Elm_Disease",14.378829,45.700569
"Dutch_Elm_Disease",14.327358,45.709277
"Dutch_Elm_Disease",14.36609,45.691501
"Dutch_Elm_Disease",14.365887,45.709497
"Dutch_Elm_Disease",14.223311,45.803099
"Dutch_Elm_Disease",14.340096,45.718349
"Dutch_Elm_Disease",14.37873,45.709567
"Dutch_Elm_Disease",14.197519,45.807421
"Dutch_Elm_Disease",14.20392,45.809715
"Dutch_Elm_Disease",14.221337,45.852575
"Dutch_Elm_Disease",14.125276,45.86088
"Dutch_Elm_Disease",14.212324,45.852514
"Dutch_Elm_Disease",14.352941,45.718423
"Dutch_Elm_Disease",14.191152,45.802877
"Dutch_Elm_Disease",14.417706,45.629327
"Dutch_Elm_Disease",14.314186,45.736194
"Dutch_Elm_Disease",14.246493,45.80132
"Dutch_Elm_Disease",14.210734,45.81921
"Dutch_Elm_Disease",14.137537,45.859173
"Dutch_Elm_Disease",14.2342,45.853562
"Dutch_Elm_Disease",14.197519,45.807421
"Dutch_Elm_Disease",14.155292,45.877301
"Dutch_Elm_Disease",14.19108,45.852365
"Dutch_Elm_Disease",14.210384,45.80751
"Dutch_Elm_Disease",14.101437,45.833701
"Dutch_Elm_Disease",14.223311,45.803099
"Dutch_Elm_Disease",14.223311,45.803099
"Dutch_Elm_Disease",14.210416,45.805261
"Dutch_Elm_Disease",14.327035,45.73627
"Dutch_Elm_Disease",14.327035,45.73627
"Dutch_Elm_Disease",14.154209,45.863796
"Dutch_Elm_Disease",14.203202,45.860099
"Dutch_Elm_Disease",14.220175,45.843569
"Dutch_Elm_Disease",14.138353,45.889772
"Dutch_Elm_Disease",14.33999,45.727347
"Dutch_Elm_Disease",14.398051,45.659919
"Dutch_Elm_Disease",14.2342,45.853562
"Dutch_Elm_Disease",14.396607,45.635427
"Dutch_Elm_Disease",14.143235,45.865514
"Dutch_Elm_Disease",14.143644,45.880814
"Dutch_Elm_Disease",14.19688,45.851956
"Dutch_Elm_Disease",14.210734,45.81921
"Dutch_Elm_Disease",14.223311,45.803099
"Dutch_Elm_Disease",14.176207,45.856758
"Dutch_Elm_Disease",14.42574,45.654032
"Dutch_Elm_Disease",14.207104,45.811986
"Dutch_Elm_Disease",14.369809,45.93222
"Dutch_Elm_Disease",14.126955,45.877089
"Dutch_Elm_Disease",14.200767,45.805194
"Dutch_Elm_Disease",14.386025,45.92331
"Dutch_Elm_Disease",14.20704,45.861925
"Dutch_Elm_Disease",14.137148,45.884365
"Dutch_Elm_Disease",14.357251,45.902907
"Dutch_Elm_Disease",14.302452,45.904836
"Dutch_Elm_Disease",14.254528,45.970669
"Dutch_Elm_Disease",14.137301,45.874468
"Dutch_Elm_Disease",14.386124,45.914313
"Dutch_Elm_Disease",14.37618,45.939003
"Dutch_Elm_Disease",14.327466,45.700279
"Dutch_Elm_Disease",14.36073,45.880432
"Dutch_Elm_Disease",14.392472,45.923344
"Dutch_Elm_Disease",14.366762,45.68769
"Dutch_Elm_Disease",14.203202,45.860099
"Dutch_Elm_Disease",14.395792,45.914364
"Dutch_Elm_Disease",14.402189,45.918896
"Dutch_Elm_Disease",14.373007,45.934487
"Dutch_Elm_Disease",14.369798,45.635552
"Dutch_Elm_Disease",14.400402,45.640396
"Dutch_Elm_Disease",14.173392,45.872935
"Dutch_Elm_Disease",14.180575,45.866238
"Dutch_Elm_Disease",14.408439,45.65443
"Dutch_Elm_Disease",14.152859,45.867836
"Dutch_Elm_Disease",14.203763,45.865951
"Dutch_Elm_Disease",14.155238,45.8809
"Dutch_Elm_Disease",14.225542,45.809233
"Dutch_Elm_Disease",14.402165,45.921146
"Dutch_Elm_Disease",14.373007,45.934487
"Dutch_Elm_Disease",14.370088,45.907477
"Dutch_Elm_Disease",14.155292,45.877301
"Dutch_Elm_Disease",14.392496,45.921095
"Dutch_Elm_Disease",14.411786,45.925695
"Dutch_Elm_Disease",14.257073,45.973384
"Dutch_Elm_Disease",14.395719,45.921112
"Dutch_Elm_Disease",14.24675,45.973317
"Dutch_Elm_Disease",14.369809,45.93222
"Dutch_Elm_Disease",14.256735,45.814794
"Dutch_Elm_Disease",14.411786,45.925695
"Dutch_Elm_Disease",14.465056,45.613271
"Dutch_Elm_Disease",14.150099,45.879962
"Dutch_Elm_Disease",14.353925,45.911886
"Dutch_Elm_Disease",14.408635,45.91893
"Dutch_Elm_Disease",14.302452,45.904836
"Dutch_Elm_Disease",14.411786,45.925695
"Dutch_Elm_Disease",14.140015,45.86549
"Dutch_Elm_Disease",14.418256,45.923478
"Dutch_Elm_Disease",14.408825,45.900935
"Dutch_Elm_Disease",14.40873,45.909933
"Dutch_Elm_Disease",14.405388,45.921163
"Dutch_Elm_Disease",14.408635,45.91893
"Dutch_Elm_Disease",14.403775,45.903158
"Dutch_Elm_Disease",14.373133,45.92324
"Dutch_Elm_Disease",14.327713,45.947727
"Dutch_Elm_Disease",14.165664,45.872878
"Dutch_Elm_Disease",14.311702,45.938634
"Dutch_Elm_Disease",14.210416,45.805261
"Dutch_Elm_Disease",14.379904,45.894034
"Dutch_Elm_Disease",14.313368,45.908051
"Dutch_Elm_Disease",14.979024,46.14989
"Dutch_Elm_Disease",14.158058,45.864725
"Dutch_Elm_Disease",14.867086,46.131821
"Dutch_Elm_Disease",14.327035,45.73627
"Dutch_Elm_Disease",14.199256,45.86592
"Dutch_Elm_Disease",14.311702,45.938634
"Dutch_Elm_Disease",14.163183,45.866562
"Dutch_Elm_Disease",14.366762,45.68769
"Dutch_Elm_Disease",14.399135,45.903134
"Dutch_Elm_Disease",14.246493,45.80132
"Dutch_Elm_Disease",14.196589,45.8722
"Dutch_Elm_Disease",14.314186,45.736194
"Dutch_Elm_Disease",14.213663,45.803033
"Dutch_Elm_Disease",14.314186,45.736194
"Dutch_Elm_Disease",14.204369,45.868655
"Dutch_Elm_Disease",14.352837,45.72742
"Dutch_Elm_Disease",14.136832,45.863127
"Dutch_Elm_Disease",14.385924,45.638789
"Dutch_Elm_Disease",14.223084,45.819474
"Dutch_Elm_Disease",14.187515,45.876185
"Dutch_Elm_Disease",14.141372,45.861002
"Dutch_Elm_Disease",14.156662,45.871913
"Dutch_Elm_Disease",14.18007,45.856786
"Dutch_Elm_Disease",14.327251,45.718275
"Dutch_Elm_Disease",14.137148,45.884365
"Dutch_Elm_Disease",14.214446,45.816041
"Dutch_Elm_Disease",14.399522,45.867144
"Dutch_Elm_Disease",14.389199,45.927826
"Dutch_Elm_Disease",14.340823,45.929807
"Dutch_Elm_Disease",14.392594,45.912098
"Dutch_Elm_Disease",14.130721,45.883416
"Dutch_Elm_Disease",14.131981,45.885225
"Dutch_Elm_Disease",14.146166,45.884432
"Dutch_Elm_Disease",14.230387,45.849937
"Dutch_Elm_Disease",14.365463,45.633189
"Dutch_Elm_Disease",14.415174,45.909966
"Dutch_Elm_Disease",14.108916,45.836909
"Dutch_Elm_Disease",14.188217,45.872141
"Dutch_Elm_Disease",14.389199,45.927826
"Dutch_Elm_Disease",14.396084,45.887372
"Dutch_Elm_Disease",14.413473,45.641723
"Dutch_Elm_Disease",14.393083,45.867111
"Dutch_Elm_Disease",14.32122,45.951288
"Dutch_Elm_Disease",14.324488,45.947708
"Dutch_Elm_Disease",14.412331,45.873959
"Dutch_Elm_Disease",14.340096,45.718349
"Dutch_Elm_Disease",14.126884,45.881587
"Dutch_Elm_Disease",14.225287,45.846303
"Dutch_Elm_Disease",14.352941,45.718423
"Dutch_Elm_Disease",14.200767,45.805194
"Dutch_Elm_Disease",14.150304,45.866467
"Dutch_Elm_Disease",14.340096,45.718349
"Dutch_Elm_Disease",14.207104,45.811986
"Dutch_Elm_Disease",14.20392,45.809715
"Dutch_Elm_Disease",14.327358,45.709277
"Dutch_Elm_Disease",14.213663,45.803033
"Dutch_Elm_Disease",14.39957,45.862646
"Dutch_Elm_Disease",14.173805,45.845044
"Dutch_Elm_Disease",14.210384,45.80751
"Dutch_Elm_Disease",14.353044,45.709425
"Dutch_Elm_Disease",14.408635,45.91893
"Dutch_Elm_Disease",14.223311,45.803099
"Dutch_Elm_Disease",14.199578,45.843427
"Dutch_Elm_Disease",14.385951,45.930058
"Dutch_Elm_Disease",14.376783,45.885019
"Dutch_Elm_Disease",14.356404,45.696396
"Dutch_Elm_Disease",14.311702,45.938634
"Dutch_Elm_Disease",14.32768,45.950426
"Dutch_Elm_Disease",14.2342,45.853562
"Dutch_Elm_Disease",14.321209,45.952187
"Dutch_Elm_Disease",14.241951,45.808983
"Dutch_Elm_Disease",14.998443,46.085559
"Dutch_Elm_Disease",14.311657,45.942233
"Dutch_Elm_Disease",14.210384,45.80751
"Dutch_Elm_Disease",14.207104,45.811986
"Dutch_Elm_Disease",14.365887,45.709497
"Dutch_Elm_Disease",14.210384,45.80751
"Dutch_Elm_Disease",14.200767,45.805194
"Dutch_Elm_Disease",14.378829,45.700569
"Dutch_Elm_Disease",14.207104,45.811986
"Dutch_Elm_Disease",14.221337,45.852575
"Dutch_Elm_Disease",14.210384,45.80751
"Dutch_Elm_Disease",14.353044,45.709425
"Dutch_Elm_Disease",14.229,45.857126
"Dutch_Elm_Disease",14.244622,45.844633
"Dutch_Elm_Disease",14.327466,45.700279
"Dutch_Elm_Disease",14.240687,45.850006
"Dutch_Elm_Disease",14.353044,45.709425
"Dutch_Elm_Disease",14.184687,45.80508
"Dutch_Elm_Disease",14.408635,45.91893
"Dutch_Elm_Disease",14.334914,45.938771
"Dutch_Elm_Disease",14.234286,45.847264
"Dutch_Elm_Disease",14.330719,45.696699
"Dutch_Elm_Disease",14.223311,45.803099
"Dutch_Elm_Disease",14.086017,45.741348
"Dutch_Elm_Disease",14.373083,45.927739
"Dutch_Elm_Disease",14.327143,45.727272
"Dutch_Elm_Disease",14.352941,45.718423
"Dutch_Elm_Disease",14.207104,45.811986
"Dutch_Elm_Disease",14.334323,45.934269
"Dutch_Elm_Disease",14.379979,45.887286
"Dutch_Elm_Disease",14.191119,45.805126
"Dutch_Elm_Disease",14.200767,45.805194
"Dutch_Elm_Disease",14.32768,45.950426
"Dutch_Elm_Disease",14.37873,45.709567
"Dutch_Elm_Disease",14.365988,45.700499
"Dutch_Elm_Disease",14.213663,45.803033
"Dutch_Elm_Disease",14.340096,45.718349
"Dutch_Elm_Disease",14.352941,45.718423
"Dutch_Elm_Disease",14.352837,45.72742
"Dutch_Elm_Disease",14.408635,45.91893
"Dutch_Elm_Disease",14.318039,45.94767
"Dutch_Elm_Disease",14.353044,45.709425
"Dutch_Elm_Disease",14.459917,45.948426
"Dutch_Elm_Disease",14.418256,45.923478
"Dutch_Elm_Disease",14.313658,45.936846
"Dutch_Elm_Disease",14.313658,45.936846
"Dutch_Elm_Disease",14.330975,45.944597
"Dutch_Elm_Disease",14.383249,45.882805
"Dutch_Elm_Disease",14.399135,45.903134
"Dutch_Elm_Disease",14.308444,45.941314
"Dutch_Elm_Disease",15.072788,46.080586
"Dutch_Elm_Disease",14.337691,45.922141
"Dutch_Elm_Disease",14.301321,45.737465
"Dutch_Elm_Disease",14.142218,45.889801
"Dutch_Elm_Disease",14.33999,45.727347
"Dutch_Elm_Disease",14.411999,45.90545
"Dutch_Elm_Disease",14.308444,45.941314
"Dutch_Elm_Disease",14.223632,45.807825
"Dutch_Elm_Disease",14.37618,45.939003
"Dutch_Elm_Disease",14.324706,45.929714
"Dutch_Elm_Disease",14.399353,45.88289
"Dutch_Elm_Disease",14.324488,45.947708
"Dutch_Elm_Disease",14.408635,45.91893
"Dutch_Elm_Disease",14.341547,45.923063
"Dutch_Elm_Disease",14.327821,45.93873
"Dutch_Elm_Disease",14.459917,45.948426
"Dutch_Elm_Disease",14.373083,45.927739
"Dutch_Elm_Disease",14.399353,45.88289
"Dutch_Elm_Disease",14.324706,45.929714
"Dutch_Elm_Disease",14.408635,45.91893
"Dutch_Elm_Disease",14.311702,45.938634
"Dutch_Elm_Disease",14.321483,45.929694
"Dutch_Elm_Disease",14.370088,45.907477
"Dutch_Elm_Disease",14.22858,45.808219
"Dutch_Elm_Disease",14.411786,45.925695
"Dutch_Elm_Disease",14.331288,45.918505
"Dutch_Elm_Disease",14.308444,45.941314
"Dutch_Elm_Disease",14.392985,45.876108
"Dutch_Elm_Disease",14.393083,45.867111
"Dutch_Elm_Disease",14.399377,45.880641
"Dutch_Elm_Disease",14.334914,45.938771
"Dutch_Elm_Disease",14.386025,45.92331
"Dutch_Elm_Disease",14.37618,45.939003
"Dutch_Elm_Disease",14.37618,45.939003
"Dutch_Elm_Disease",14.23773,45.972358
"Dutch_Elm_Disease",14.386025,45.92331
"Dutch_Elm_Disease",14.385926,45.932307
"Dutch_Elm_Disease",14.357199,45.907406
"Dutch_Elm_Disease",14.254221,45.945473
"Dutch_Elm_Disease",14.258315,45.976992
"Dutch_Elm_Disease",14.353925,45.911886
"Dutch_Elm_Disease",14.389199,45.927826
"Dutch_Elm_Disease",14.315362,45.903114
"Dutch_Elm_Disease",14.315417,45.898616
"Dutch_Elm_Disease",14.248649,45.976029
"Dutch_Elm_Disease",14.266544,45.940153
"Dutch_Elm_Disease",14.313351,45.909401
"Dutch_Elm_Disease",14.318479,45.911681
"Dutch_Elm_Disease",14.340823,45.929807
"Dutch_Elm_Disease",14.31545,45.895916
"Dutch_Elm_Disease",14.254221,45.945473
"Dutch_Elm_Disease",14.36707,45.889465
"Dutch_Elm_Disease",14.24675,45.973317
"Dutch_Elm_Disease",14.373386,45.900747
"Dutch_Elm_Disease",14.286198,45.915983
"Dutch_Elm_Disease",14.337867,45.907296
"Dutch_Elm_Disease",14.338133,45.884802
"Dutch_Elm_Disease",14.353925,45.911886
"Dutch_Elm_Disease",14.275707,45.979352
"Dutch_Elm_Disease",14.360833,45.871434
"Dutch_Elm_Disease",14.253618,45.942319
"Dutch_Elm_Disease",14.256962,45.933343
"Dutch_Elm_Disease",14.367019,45.893963
"Dutch_Elm_Disease",14.277324,45.954169
"Dutch_Elm_Disease",14.260066,45.942361
"Dutch_Elm_Disease",14.360833,45.871434
"Dutch_Elm_Disease",14.253618,45.942319
"Dutch_Elm_Disease",14.305869,45.88911
"Dutch_Elm_Disease",14.248649,45.976029
"Dutch_Elm_Disease",14.367222,45.875969
"Dutch_Elm_Disease",14.24675,45.973317
"Dutch_Elm_Disease",14.258315,45.976992
"Dutch_Elm_Disease",14.360782,45.875933
"Dutch_Elm_Disease",14.305869,45.88911
"Dutch_Elm_Disease",14.275707,45.979352
"Dutch_Elm_Disease",14.265733,45.952745
"Dutch_Elm_Disease",14.294915,45.940332
"Dutch_Elm_Disease",14.284558,45.943417
"Dutch_Elm_Disease",14.220626,45.986639
"Dutch_Elm_Disease",14.275707,45.979352
"Dutch_Elm_Disease",14.244047,45.982297
"Dutch_Elm_Disease",14.258315,45.976992
"Dutch_Elm_Disease",14.275707,45.979352
"Dutch_Elm_Disease",14.254528,45.970669
"Dutch_Elm_Disease",14.275707,45.979352
"Dutch_Elm_Disease",14.258315,45.976992
"Dutch_Elm_Disease",14.262276,45.970269
"Dutch_Elm_Disease",14.258315,45.976992
"Dutch_Elm_Disease",14.214409,45.978948
"Dutch_Elm_Disease",14.265733,45.952745
"Dutch_Elm_Disease",14.277324,45.954169
"Dutch_Elm_Disease",14.248649,45.976029
"Dutch_Elm_Disease",14.214409,45.978948
"Dutch_Elm_Disease",14.270483,45.93478
"Dutch_Elm_Disease",14.260066,45.942361
"Dutch_Elm_Disease",14.279515,45.934387
"Dutch_Elm_Disease",14.296125,45.946637
"Dutch_Elm_Disease",14.276814,45.943818
"Dutch_Elm_Disease",14.262711,45.937429
"Dutch_Elm_Disease",14.270483,45.93478
"Dutch_Elm_Disease",14.248649,45.976029
"Dutch_Elm_Disease",14.270483,45.93478
"Dutch_Elm_Disease",14.250043,45.96839
"Dutch_Elm_Disease",14.296051,45.952486
"Dutch_Elm_Disease",14.253069,45.983256
"Dutch_Elm_Disease",14.294915,45.940332
"Dutch_Elm_Disease",14.219571,45.978984
"Dutch_Elm_Disease",14.284558,45.943417
"Dutch_Elm_Disease",14.264054,45.933389
"Dutch_Elm_Disease",14.284558,45.943417
"Dutch_Elm_Disease",14.266544,45.940153
"Dutch_Elm_Disease",14.256962,45.933343
"Dutch_Elm_Disease",14.264054,45.933389
"Dutch_Elm_Disease",14.270483,45.93478
"Dutch_Elm_Disease",14.296125,45.946637
"Dutch_Elm_Disease",14.275166,45.921763
"Dutch_Elm_Disease",14.266544,45.940153
"Dutch_Elm_Disease",14.268384,45.947363
"Dutch_Elm_Disease",14.266041,45.929353
"Dutch_Elm_Disease",14.275166,45.921763
"Dutch_Elm_Disease",14.256962,45.933343
"Dutch_Elm_Disease",14.266041,45.929353
"Dutch_Elm_Disease",14.274539,45.920409
"Dutch_Elm_Disease",14.265674,45.957244
"Dutch_Elm_Disease",14.266041,45.929353
"Dutch_Elm_Disease",14.274539,45.920409
"Dutch_Elm_Disease",14.279515,45.934387
"Dutch_Elm_Disease",14.255438,45.950879
"Dutch_Elm_Disease",14.306359,45.953448
"Dutch_Elm_Disease",14.266544,45.940153
"Dutch_Elm_Disease",14.275166,45.921763
"Dutch_Elm_Disease",14.296125,45.946637
"Dutch_Elm_Disease",14.296125,45.946637
"Dutch_Elm_Disease",14.296125,45.946637
"Dutch_Elm_Disease",14.296125,45.946637
"Dutch_Elm_Disease",14.317935,45.956217
"Dutch_Elm_Disease",14.306359,45.953448
"Dutch_Elm_Disease",14.31223,45.948085
"Dutch_Elm_Disease",14.310345,45.944025
"Dutch_Elm_Disease",14.296125,45.946637
"Dutch_Elm_Disease",14.310345,45.944025
"Dutch_Elm_Disease",14.306538,45.939053
"Dutch_Elm_Disease",14.310345,45.944025
"Dutch_Elm_Disease",14.310345,45.944025
"Dutch_Elm_Disease",14.306538,45.939053
"Dutch_Elm_Disease",14.306538,45.939053
"Dutch_Elm_Disease",14.304637,45.936342
"Dutch_Elm_Disease",14.304772,45.925545
"Dutch_Elm_Disease",14.299778,45.912468
"Dutch_Elm_Disease",14.306538,45.939053
"Dutch_Elm_Disease",14.28659,45.935781
"Dutch_Elm_Disease",14.304637,45.936342
"Dutch_Elm_Disease",14.304637,45.936342
"Dutch_Elm_Disease",14.295747,45.92549
"Dutch_Elm_Disease",14.29832,45.925956
"Dutch_Elm_Disease",14.312557,45.921543
"Dutch_Elm_Disease",14.295747,45.92549
"Dutch_Elm_Disease",14.311802,45.930537
"Dutch_Elm_Disease",14.295091,45.926386
"Dutch_Elm_Disease",14.29832,45.925956
"Dutch_Elm_Disease",14.28659,45.935781
"Dutch_Elm_Disease",14.313257,45.917048
"Dutch_Elm_Disease",14.501377,45.927919
"Dutch_Elm_Disease",14.28659,45.935781
"Dutch_Elm_Disease",14.313257,45.917048
"Dutch_Elm_Disease",14.293037,45.935821
"Dutch_Elm_Disease",14.565979,45.993865
"Dutch_Elm_Disease",14.411691,45.934692
"Dutch_Elm_Disease",14.515653,45.917182
"Dutch_Elm_Disease",14.305539,45.915652
"Dutch_Elm_Disease",14.50763,45.876658
"Dutch_Elm_Disease",14.524577,45.928917
"Dutch_Elm_Disease",14.24394,45.942706
"Dutch_Elm_Disease",14.24394,45.942706
"Dutch_Elm_Disease",14.24394,45.942706
"Dutch_Elm_Disease",14.52727,45.915431
"Dutch_Elm_Disease",14.515653,45.917182
"Dutch_Elm_Disease",14.563371,45.914675
"Dutch_Elm_Disease",14.24394,45.942706
"Dutch_Elm_Disease",14.234267,45.942642
"Dutch_Elm_Disease",14.534398,45.910961
"Dutch_Elm_Disease",14.515653,45.917182
"Dutch_Elm_Disease",14.175902,45.964731
"Dutch_Elm_Disease",14.179723,45.924268
"Dutch_Elm_Disease",14.24394,45.942706
"Dutch_Elm_Disease",14.24394,45.942706
"Dutch_Elm_Disease",14.198512,45.962642
"Dutch_Elm_Disease",14.24394,45.942706
"Dutch_Elm_Disease",14.1501,45.964543
"Dutch_Elm_Disease",14.24394,45.942706
"Dutch_Elm_Disease",14.228659,45.881868
"Dutch_Elm_Disease",14.140285,45.973467
"Dutch_Elm_Disease",14.18998,45.883851
"Dutch_Elm_Disease",14.257016,45.929295
"Dutch_Elm_Disease",14.21906,45.877304
"Dutch_Elm_Disease",14.260716,45.893327
"Dutch_Elm_Disease",14.167335,45.890437
"Dutch_Elm_Disease",14.247406,45.924733
"Dutch_Elm_Disease",14.222249,45.879575
"Dutch_Elm_Disease",14.309859,46.250417
"Dutch_Elm_Disease",14.124474,45.953102
"Dutch_Elm_Disease",14.617464,46.297715
"Dutch_Elm_Disease",14.124898,45.926112
"Dutch_Elm_Disease",14.398624,46.129874
"Dutch_Elm_Disease",14.180285,45.886031
"Dutch_Elm_Disease",14.15774,45.885867
"Dutch_Elm_Disease",14.167335,45.890437
"Dutch_Elm_Disease",14.167335,45.890437
"Dutch_Elm_Disease",14.196421,45.883896
"Dutch_Elm_Disease",14.206275,45.870468
"Dutch_Elm_Disease",14.271041,45.892043
"Dutch_Elm_Disease",14.178137,46.255046
"Dutch_Elm_Disease",14.260567,45.904573
"Dutch_Elm_Disease",14.455217,46.165248
"Dutch_Elm_Disease",14.442268,46.165185
"Dutch_Elm_Disease",14.225719,45.861603
"Dutch_Elm_Disease",13.618088,46.038717
"Dutch_Elm_Disease",14.143614,45.966744
"Dutch_Elm_Disease",14.225282,45.893093
"Dutch_Elm_Disease",14.21906,45.877304
"Dutch_Elm_Disease",14.164249,45.881416
"Dutch_Elm_Disease",14.289707,45.89351
"Dutch_Elm_Disease",14.396535,46.083976
"Dutch_Elm_Disease",14.354883,46.107593
"Dutch_Elm_Disease",14.234915,45.895407
"Dutch_Elm_Disease",14.14794,45.894793
"Dutch_Elm_Disease",14.173877,45.883736
"Dutch_Elm_Disease",14.756702,45.922445
"Dutch_Elm_Disease",14.180285,45.886031
"Dutch_Elm_Disease",14.270086,45.915882
"Dutch_Elm_Disease",14.154247,45.903838
"Dutch_Elm_Disease",14.833707,46.041352
"Dutch_Elm_Disease",14.244305,45.915715
"Dutch_Elm_Disease",14.173877,45.883736
"Dutch_Elm_Disease",13.555449,46.008071
"Dutch_Elm_Disease",13.614775,46.047225
"Dutch_Elm_Disease",14.26707,45.900116
"Dutch_Elm_Disease",14.263912,46.268558
"Dutch_Elm_Disease",14.405595,46.083123
"Dutch_Elm_Disease",14.304131,46.028566
"Dutch_Elm_Disease",14.286934,45.858401
"Dutch_Elm_Disease",14.163878,45.906158
"Dutch_Elm_Disease",14.13509,45.892447
"Dutch_Elm_Disease",14.176998,45.890506
"Dutch_Elm_Disease",14.417477,46.330434
"Dutch_Elm_Disease",14.402787,46.103803
"Dutch_Elm_Disease",14.26364,45.915841
"Dutch_Elm_Disease",14.148328,45.996022
"Dutch_Elm_Disease",14.280566,46.102651
"Dutch_Elm_Disease",14.2864,45.900238
"Dutch_Elm_Disease",13.695062,46.083889
"Dutch_Elm_Disease",14.260299,45.924817
"Dutch_Elm_Disease",14.279207,45.858353
"Dutch_Elm_Disease",14.234915,45.895407
"Dutch_Elm_Disease",14.222093,45.890822
"Dutch_Elm_Disease",14.690645,46.210211
"Dutch_Elm_Disease",14.260567,45.904573
"Dutch_Elm_Disease",14.395154,46.092066
"Dutch_Elm_Disease",14.755464,46.205868
"Dutch_Elm_Disease",14.289707,45.89351
"Dutch_Elm_Disease",14.257435,45.897805
"Dutch_Elm_Disease",14.258228,45.886562
"Dutch_Elm_Disease",14.765173,46.208137
"Dutch_Elm_Disease",14.088663,46.326546
"Dutch_Elm_Disease",14.228659,45.881868
"Dutch_Elm_Disease",14.583515,46.324138
"Dutch_Elm_Disease",14.075306,45.84537
"Dutch_Elm_Disease",14.274039,45.85967
"Dutch_Elm_Disease",14.176718,46.215375
"Dutch_Elm_Disease",14.124474,45.953102
"Dutch_Elm_Disease",14.428106,46.094485
"Dutch_Elm_Disease",14.186694,45.888326
"Dutch_Elm_Disease",14.374235,46.112199
"Dutch_Elm_Disease",13.509147,46.049316
"Dutch_Elm_Disease",14.254224,46.268325
"Dutch_Elm_Disease",14.228441,45.897613
"Dutch_Elm_Disease",13.564261,45.976869
"Dutch_Elm_Disease",13.614775,46.047225
"Dutch_Elm_Disease",14.755464,46.205868
"Dutch_Elm_Disease",15.671353,46.644848
"Dutch_Elm_Disease",13.641334,46.076066
"Dutch_Elm_Disease",14.209176,45.892983
"Dutch_Elm_Disease",14.28144,46.035174
"Dutch_Elm_Disease",14.180285,45.886031
"Dutch_Elm_Disease",14.265929,45.888861
"Dutch_Elm_Disease",14.752244,46.201362
"Dutch_Elm_Disease",14.516025,46.171369
"Dutch_Elm_Disease",14.183539,45.883805
"Dutch_Elm_Disease",14.493671,46.137531
"Dutch_Elm_Disease",14.228659,45.881868
"Dutch_Elm_Disease",14.261556,45.878486
"Dutch_Elm_Disease",13.574985,46.001567
"Dutch_Elm_Disease",14.209017,45.904229
"Dutch_Elm_Disease",14.260567,45.904573
"Dutch_Elm_Disease",14.293281,45.865639
"Dutch_Elm_Disease",14.221395,46.405386
"Dutch_Elm_Disease",14.173877,45.883736
"Dutch_Elm_Disease",14.274234,46.269956
"Dutch_Elm_Disease",14.225594,45.8706
"Dutch_Elm_Disease",14.065149,46.407862
"Dutch_Elm_Disease",14.18998,45.883851
"Dutch_Elm_Disease",14.180285,45.886031
"Dutch_Elm_Disease",14.397171,45.647497
"Dutch_Elm_Disease",14.276061,46.38757
"Dutch_Elm_Disease",14.008104,46.403433
"Dutch_Elm_Disease",13.537614,46.047884
"Dutch_Elm_Disease",14.259938,46.329705
"Dutch_Elm_Disease",14.25072,45.918006
"Dutch_Elm_Disease",14.167503,45.87919
"Dutch_Elm_Disease",14.267453,45.870875
"Dutch_Elm_Disease",14.234915,45.895407
"Dutch_Elm_Disease",14.493609,46.144279
"Dutch_Elm_Disease",14.756046,46.073156
"Dutch_Elm_Disease",14.409719,46.120934
"Dutch_Elm_Disease",14.384241,46.096507
"Dutch_Elm_Disease",14.272785,46.260751
"Dutch_Elm_Disease",14.273922,45.868667
"Dutch_Elm_Disease",14.271041,45.892043
"Dutch_Elm_Disease",14.35734,46.118853
"Dutch_Elm_Disease",14.17401,45.874739
"Dutch_Elm_Disease",14.416562,46.085429
"Dutch_Elm_Disease",14.262546,46.264986
"Dutch_Elm_Disease",13.654616,45.912102
"Dutch_Elm_Disease",14.244122,45.92921
"Dutch_Elm_Disease",14.219029,45.879553
"Dutch_Elm_Disease",14.219029,45.879553
"Dutch_Elm_Disease",14.167335,45.890437
"Dutch_Elm_Disease",14.186694,45.888326
"Dutch_Elm_Disease",14.277346,45.852942
"Dutch_Elm_Disease",14.260507,45.909072
"Dutch_Elm_Disease",14.193136,45.888372
"Dutch_Elm_Disease",14.183539,45.883805
"Dutch_Elm_Disease",14.124933,45.923863
"Dutch_Elm_Disease",13.52025,45.996373
"Dutch_Elm_Disease",14.364842,46.085154
"Dutch_Elm_Disease",14.21469,46.050482
"Dutch_Elm_Disease",14.238934,45.884186
"Dutch_Elm_Disease",14.17401,45.874739
"Dutch_Elm_Disease",14.228441,45.897613
"Dutch_Elm_Disease",14.292236,46.393609
"Dutch_Elm_Disease",14.322875,46.080415
"Dutch_Elm_Disease",14.277346,45.852942
"Dutch_Elm_Disease",14.384241,46.096507
"Dutch_Elm_Disease",14.228441,45.897613
"Dutch_Elm_Disease",14.455155,46.171545
"Dutch_Elm_Disease",14.221232,46.269203
"Dutch_Elm_Disease",14.254224,46.268325
"Dutch_Elm_Disease",13.696257,45.922932
"Dutch_Elm_Disease",14.101691,46.370978
"Dutch_Elm_Disease",14.177164,45.87926
"Dutch_Elm_Disease",14.260567,45.904573
"Dutch_Elm_Disease",14.461621,46.172476
"Dutch_Elm_Disease",14.442268,46.165185
"Dutch_Elm_Disease",14.17391,45.881486
"Dutch_Elm_Disease",13.67522,45.96723
"Dutch_Elm_Disease",14.313151,46.082607
"Dutch_Elm_Disease",14.292236,46.393609
"Dutch_Elm_Disease",14.202991,45.874944
"Dutch_Elm_Disease",13.562492,45.985395
"Dutch_Elm_Disease",14.755464,46.205868
"Dutch_Elm_Disease",14.610303,46.30084
"Dutch_Elm_Disease",14.260567,45.904573
"Dutch_Elm_Disease",14.167335,45.890437
"Dutch_Elm_Disease",14.001642,46.404015
"Dutch_Elm_Disease",14.169654,45.86795
"Dutch_Elm_Disease",14.124474,45.953102
"Dutch_Elm_Disease",13.520837,46.008258
"Dutch_Elm_Disease",13.641334,46.076066
"Dutch_Elm_Disease",14.885025,46.219566
"Dutch_Elm_Disease",13.611636,46.022893
"Dutch_Elm_Disease",14.500142,46.13756
"Dutch_Elm_Disease",14.238902,46.075389
"Dutch_Elm_Disease",14.400239,46.100191
"Dutch_Elm_Disease",13.695062,46.083889
"Dutch_Elm_Disease",13.502577,46.015039
"Dutch_Elm_Disease",14.394008,46.078564
"Dutch_Elm_Disease",14.1026,46.33685
"Dutch_Elm_Disease",14.140904,46.207221
"Dutch_Elm_Disease",14.254033,45.911279
"Dutch_Elm_Disease",14.167335,45.890437
"Dutch_Elm_Disease",14.232486,45.884593
"Dutch_Elm_Disease",14.274234,46.269956
"Dutch_Elm_Disease",14.199097,46.270265
"Dutch_Elm_Disease",14.289349,45.871013
"Dutch_Elm_Disease",14.256326,45.884301
"Dutch_Elm_Disease",14.525738,46.171409
"Dutch_Elm_Disease",14.167353,46.21071
"Dutch_Elm_Disease",14.173877,45.883736
"Dutch_Elm_Disease",14.249927,45.88111
"Dutch_Elm_Disease",14.24464,45.890973
"Dutch_Elm_Disease",14.238167,45.893179
"Dutch_Elm_Disease",14.247413,46.249269
"Dutch_Elm_Disease",14.313651,46.04212
"Dutch_Elm_Disease",14.124474,45.953102
"Dutch_Elm_Disease",14.245971,46.320617
"Dutch_Elm_Disease",14.387514,46.081229
"Dutch_Elm_Disease",14.384389,46.129799
"Dutch_Elm_Disease",14.164249,45.881416
"Dutch_Elm_Disease",14.755464,46.205868
"Dutch_Elm_Disease",14.21906,45.877304
"Dutch_Elm_Disease",14.14794,45.894793
"Dutch_Elm_Disease",14.361635,46.082887
"Dutch_Elm_Disease",14.167335,45.890437
"Dutch_Elm_Disease",14.186694,45.888326
"Dutch_Elm_Disease",14.225594,45.8706
"Dutch_Elm_Disease",14.263581,45.920339
"Dutch_Elm_Disease",14.238167,45.893179
"Dutch_Elm_Disease",14.254224,46.268325
"Dutch_Elm_Disease",14.167503,45.87919
"Dutch_Elm_Disease",14.164249,45.881416
"Dutch_Elm_Disease",14.419677,46.096692
"Dutch_Elm_Disease",14.175409,45.998019
"Dutch_Elm_Disease",14.394008,46.078564
"Dutch_Elm_Disease",14.228379,45.902112
"Dutch_Elm_Disease",14.253913,45.920277
"Dutch_Elm_Disease",13.67522,45.96723
"Dutch_Elm_Disease",14.302629,46.384136
"Dutch_Elm_Disease",14.885011,46.226314
"Dutch_Elm_Disease",14.254303,45.891036
"Dutch_Elm_Disease",14.413838,46.159645
"Dutch_Elm_Disease",14.244774,45.881076
"Dutch_Elm_Disease",14.381731,46.136083
"Dutch_Elm_Disease",14.228659,45.881868
"Dutch_Elm_Disease",13.652741,46.010967
"Dutch_Elm_Disease",14.35157,46.114322
"Dutch_Elm_Disease",14.297308,46.248065
"Dutch_Elm_Disease",14.164249,45.881416
"Dutch_Elm_Disease",14.265929,45.888861
"Dutch_Elm_Disease",14.147528,45.921784
"Dutch_Elm_Disease",14.270086,45.915882
"Dutch_Elm_Disease",14.395154,46.092066
"Dutch_Elm_Disease",14.030371,45.860295
"Dutch_Elm_Disease",14.238928,45.884636
"Dutch_Elm_Disease",14.241205,45.906696
"Dutch_Elm_Disease",14.600496,46.310703
"Dutch_Elm_Disease",14.442268,46.165185
"Dutch_Elm_Disease",14.17391,45.881486
"Dutch_Elm_Disease",14.28709,46.098193
"Dutch_Elm_Disease",14.323513,46.366897
"Dutch_Elm_Disease",14.396535,46.083976
"Dutch_Elm_Disease",14.260299,45.924817
"Dutch_Elm_Disease",13.660091,45.925664
"Dutch_Elm_Disease",13.720535,46.050256
"Dutch_Elm_Disease",14.198602,46.264998
"Dutch_Elm_Disease",14.212651,46.366729
"Dutch_Elm_Disease",14.752244,46.201362
"Dutch_Elm_Disease",14.291151,46.23876
"Dutch_Elm_Disease",14.431964,46.159736
"Dutch_Elm_Disease",13.511205,46.044844
"Dutch_Elm_Disease",13.616546,45.99173
"Dutch_Elm_Disease",14.402787,46.103803
"Dutch_Elm_Disease",14.091776,46.388885
"Dutch_Elm_Disease",14.387514,46.081229
"Dutch_Elm_Disease",13.686392,45.985894
"Dutch_Elm_Disease",14.233843,45.879653
"Dutch_Elm_Disease",14.794365,46.199196
"Dutch_Elm_Disease",13.60048,46.004311
"Dutch_Elm_Disease",14.68396,46.246182
"Dutch_Elm_Disease",13.637216,45.991078
"Dutch_Elm_Disease",14.292236,46.393609
"Dutch_Elm_Disease",13.60048,46.004311
"Dutch_Elm_Disease",13.686595,46.086492
"Dutch_Elm_Disease",14.39831,46.214746
"Dutch_Elm_Disease",14.245971,46.320617
"Dutch_Elm_Disease",13.598467,46.043157
"Dutch_Elm_Disease",14.199358,46.169109
"Dutch_Elm_Disease",14.361713,46.132374
"Dutch_Elm_Disease",13.528941,46.033826
"Dutch_Elm_Disease",14.297308,46.248065
"Dutch_Elm_Disease",13.610805,45.999308
"Dutch_Elm_Disease",14.024119,46.390704
"Dutch_Elm_Disease",14.226103,46.403574
"Dutch_Elm_Disease",13.570135,46.024451
"Dutch_Elm_Disease",16.35443,46.630773
"Dutch_Elm_Disease",13.614775,46.047225
"Dutch_Elm_Disease",13.509147,46.049316
"Dutch_Elm_Disease",13.60048,46.004311
"Dutch_Elm_Disease",13.556859,46.028333
"Dutch_Elm_Disease",13.60048,46.004311
"Dutch_Elm_Disease",13.67522,45.96723
"Dutch_Elm_Disease",14.500142,46.13756
"Dutch_Elm_Disease",13.741974,45.98238
"Dutch_Elm_Disease",14.370042,46.139618
"Dutch_Elm_Disease",13.598467,46.043157
"Dutch_Elm_Disease",13.712441,45.998068
"Dutch_Elm_Disease",14.253692,46.247267
"Dutch_Elm_Disease",13.60048,46.004311
"Dutch_Elm_Disease",13.555449,46.008071
"Dutch_Elm_Disease",13.675808,45.942493
"Dutch_Elm_Disease",14.213462,46.045975
"Dutch_Elm_Disease",13.592868,45.99387
"Dutch_Elm_Disease",13.592868,45.99387
"Dutch_Elm_Disease",14.052553,45.957119
"Dutch_Elm_Disease",14.387494,46.083028
"Dutch_Elm_Disease",14.291151,46.23876
"Dutch_Elm_Disease",14.046366,45.964356
"Dutch_Elm_Disease",14.259938,46.329705
"Dutch_Elm_Disease",14.254224,46.268325
"Dutch_Elm_Disease",13.529718,46.028888
"Dutch_Elm_Disease",13.592868,45.99387
"Dutch_Elm_Disease",13.592868,45.99387
"Dutch_Elm_Disease",14.274234,46.269956
"Dutch_Elm_Disease",14.852615,46.221328
"Dutch_Elm_Disease",14.410624,46.096646
"Dutch_Elm_Disease",13.67522,45.96723
"Dutch_Elm_Disease",14.292236,46.393609
"Dutch_Elm_Disease",13.522576,46.059388
"Dutch_Elm_Disease",14.161416,46.204827
"Dutch_Elm_Disease",14.01424,45.993416
"Dutch_Elm_Disease",13.511658,46.052048
"Dutch_Elm_Disease",13.780626,45.867625
"Dutch_Elm_Disease",14.211981,45.811057
"Dutch_Elm_Disease",14.405595,46.083123
"Dutch_Elm_Disease",13.60048,46.004311
"Dutch_Elm_Disease",13.555243,45.991152
"Dutch_Elm_Disease",13.592868,45.99387
"Dutch_Elm_Disease",13.76619,46.494977
"Dutch_Elm_Disease",14.263912,46.268558
"Dutch_Elm_Disease",14.263912,46.268558
"Dutch_Elm_Disease",14.12321,46.219747
"Dutch_Elm_Disease",14.692838,46.282195
"Dutch_Elm_Disease",13.637216,45.991078
"Dutch_Elm_Disease",14.051582,46.381605
"Dutch_Elm_Disease",14.288909,46.244684
"Dutch_Elm_Disease",13.740428,45.90813
"Dutch_Elm_Disease",13.570135,46.024451
"Dutch_Elm_Disease",13.654616,45.912102
"Dutch_Elm_Disease",14.294636,46.243064
"Dutch_Elm_Disease",14.341788,46.121014
"Dutch_Elm_Disease",13.592868,45.99387
"Dutch_Elm_Disease",13.932178,45.991259
"Dutch_Elm_Disease",14.056143,46.125676
"Dutch_Elm_Disease",14.323513,46.366897
"Dutch_Elm_Disease",14.380564,46.209172
"Dutch_Elm_Disease",13.555449,46.008071
"Dutch_Elm_Disease",13.562492,45.985395
"Dutch_Elm_Disease",14.253254,46.33416
"Dutch_Elm_Disease",13.990874,46.418838
"Dutch_Elm_Disease",13.555449,46.008071
"Dutch_Elm_Disease",13.592868,45.99387
"Dutch_Elm_Disease",14.024119,46.390704
"Dutch_Elm_Disease",13.611636,46.022893
"Dutch_Elm_Disease",13.660091,45.925664
"Dutch_Elm_Disease",14.261435,46.082285
"Dutch_Elm_Disease",14.119644,45.883188
"Dutch_Elm_Disease",13.780626,45.867625
"Dutch_Elm_Disease",13.555243,45.991152
"Dutch_Elm_Disease",16.370798,46.627311
"Dutch_Elm_Disease",13.669812,45.923527
"Dutch_Elm_Disease",14.186426,45.865155
"Dutch_Elm_Disease",13.522576,46.059388
"Dutch_Elm_Disease",13.592868,45.99387
"Dutch_Elm_Disease",13.586137,46.009804
"Dutch_Elm_Disease",13.641334,46.076066
"Dutch_Elm_Disease",14.281736,46.23781
"Dutch_Elm_Disease",14.254224,46.268325
"Dutch_Elm_Disease",13.592868,45.99387
"Dutch_Elm_Disease",14.909659,46.215538
"Dutch_Elm_Disease",14.150946,45.87592
"Dutch_Elm_Disease",14.271069,46.28362
"Dutch_Elm_Disease",13.654801,45.904456
"Dutch_Elm_Disease",13.637475,46.048937
"Dutch_Elm_Disease",13.727072,45.900334
"Dutch_Elm_Disease",13.712441,45.998068
"Dutch_Elm_Disease",13.574985,46.001567
"Dutch_Elm_Disease",13.60048,46.004311
"Dutch_Elm_Disease",14.238902,46.075389
"Dutch_Elm_Disease",14.225191,46.371448
"Dutch_Elm_Disease",14.254224,46.268325
"Dutch_Elm_Disease",14.052553,45.957119
"Dutch_Elm_Disease",13.564261,45.976869
"Dutch_Elm_Disease",13.654801,45.904456
"Dutch_Elm_Disease",13.511658,46.052048
"Dutch_Elm_Disease",13.679032,45.94253
"Dutch_Elm_Disease",13.520837,46.008258
"Dutch_Elm_Disease",13.554078,46.050793
"Dutch_Elm_Disease",14.371281,46.087439
"Dutch_Elm_Disease",13.592868,45.99387
"Dutch_Elm_Disease",13.574985,46.001567
"Dutch_Elm_Disease",13.60048,46.004311
"Dutch_Elm_Disease",13.556859,46.028333
"Dutch_Elm_Disease",14.281736,46.23781
"Dutch_Elm_Disease",13.725951,45.94936
"Dutch_Elm_Disease",13.570135,46.024451
"Dutch_Elm_Disease",14.150195,45.887224
"Dutch_Elm_Disease",13.675586,45.978932
"Dutch_Elm_Disease",13.780626,45.867625
"Dutch_Elm_Disease",14.249506,46.265118
"Dutch_Elm_Disease",13.586137,46.009804
"Dutch_Elm_Disease",13.725951,45.94936
"Dutch_Elm_Disease",13.60048,46.004311
"Dutch_Elm_Disease",13.611636,46.022893
"Dutch_Elm_Disease",13.570135,46.024451
"Dutch_Elm_Disease",13.513807,46.034531
"Dutch_Elm_Disease",13.642478,46.018764
"Dutch_Elm_Disease",13.574985,46.001567
"Dutch_Elm_Disease",14.150769,45.882523
"Dutch_Elm_Disease",13.555243,45.991152
"Dutch_Elm_Disease",13.592868,45.99387
"Dutch_Elm_Disease",14.212485,46.105713
"Dutch_Elm_Disease",13.654616,45.912102
"Dutch_Elm_Disease",13.67522,45.96723
"Dutch_Elm_Disease",14.230425,46.292829
"Dutch_Elm_Disease",14.033426,45.847454
"Dutch_Elm_Disease",15.581142,46.171654
"Dutch_Elm_Disease",14.362438,46.257074
"Dutch_Elm_Disease",13.67522,45.96723
"Dutch_Elm_Disease",14.00757,45.991019
"Dutch_Elm_Disease",13.555243,45.991152
"Dutch_Elm_Disease",14.115965,45.882853
"Dutch_Elm_Disease",13.722928,45.912435
"Dutch_Elm_Disease",15.368513,46.550251
"Dutch_Elm_Disease",13.685648,45.935408
"Dutch_Elm_Disease",14.129784,45.879018
"Dutch_Elm_Disease",13.555243,45.991152
"Dutch_Elm_Disease",13.67522,45.96723
"Dutch_Elm_Disease",13.69928,45.931514
"Dutch_Elm_Disease",14.043088,45.959919
"Dutch_Elm_Disease",13.988081,46.033399
"Dutch_Elm_Disease",13.662324,45.940086
"Dutch_Elm_Disease",14.402787,46.103803
"Dutch_Elm_Disease",14.055302,45.970008
"Dutch_Elm_Disease",13.98171,46.008833
"Dutch_Elm_Disease",13.780626,45.867625
"Dutch_Elm_Disease",13.740428,45.90813
"Dutch_Elm_Disease",14.05417,45.968289
"Dutch_Elm_Disease",13.555243,45.991152
"Dutch_Elm_Disease",13.69928,45.931514
"Dutch_Elm_Disease",14.001307,45.999081
"Dutch_Elm_Disease",14.119654,45.885815
"Dutch_Elm_Disease",13.944231,45.971773
"Dutch_Elm_Disease",14.02695,45.920661
"Dutch_Elm_Disease",13.960492,45.955771
"Dutch_Elm_Disease",13.574985,46.001567
"Dutch_Elm_Disease",13.725951,45.94936
"Dutch_Elm_Disease",13.756588,45.934851
"Dutch_Elm_Disease",13.564261,45.976869
"Dutch_Elm_Disease",15.86121,46.718264
"Dutch_Elm_Disease",13.69928,45.931514
"Dutch_Elm_Disease",14.038072,45.973914
"Dutch_Elm_Disease",14.19506,45.850486
"Dutch_Elm_Disease",13.845882,45.906651
"Dutch_Elm_Disease",13.555243,45.991152
"Dutch_Elm_Disease",15.720312,46.659367
"Dutch_Elm_Disease",13.948524,45.954915
"Dutch_Elm_Disease",13.67522,45.96723
"Dutch_Elm_Disease",13.980533,45.9653
"Dutch_Elm_Disease",14.394717,45.670474
"Dutch_Elm_Disease",13.574985,46.001567
"Dutch_Elm_Disease",14.421964,45.638059
"Dutch_Elm_Disease",14.180862,45.869551
"Dutch_Elm_Disease",14.124609,45.885367
"Dutch_Elm_Disease",13.519553,45.983767
"Dutch_Elm_Disease",13.747604,45.932953
"Dutch_Elm_Disease",13.727072,45.900334
"Dutch_Elm_Disease",14.046366,45.964356
"Dutch_Elm_Disease",13.555243,45.991152
"Dutch_Elm_Disease",14.191762,45.861296
"Dutch_Elm_Disease",15.73105,46.269124
"Dutch_Elm_Disease",13.574985,46.001567
"Dutch_Elm_Disease",15.370217,46.112936
"Dutch_Elm_Disease",14.258519,45.783015
"Dutch_Elm_Disease",14.116641,45.886557
"Dutch_Elm_Disease",14.197074,45.844732
"Dutch_Elm_Disease",14.171244,45.851027
"Dutch_Elm_Disease",13.574985,46.001567
"Dutch_Elm_Disease",14.196976,45.860505
"Dutch_Elm_Disease",16.233704,46.650944
"Dutch_Elm_Disease",16.41139,46.580789
"Dutch_Elm_Disease",15.826497,46.71601
"Dutch_Elm_Disease",13.767408,45.941266
"Dutch_Elm_Disease",14.026626,45.971658
"Dutch_Elm_Disease",13.953807,45.942186
"Dutch_Elm_Disease",14.135769,45.891022
"Dutch_Elm_Disease",13.592868,45.99387
"Dutch_Elm_Disease",15.707148,46.675877
"Dutch_Elm_Disease",15.299919,46.564398
"Dutch_Elm_Disease",15.575801,46.065897
"Dutch_Elm_Disease",13.52025,45.996373
"Dutch_Elm_Disease",13.964926,45.971953
"Dutch_Elm_Disease",13.662324,45.940086
"Dutch_Elm_Disease",13.780626,45.867625
"Dutch_Elm_Disease",14.546229,45.936563
"Dutch_Elm_Disease",13.696257,45.922932
"Dutch_Elm_Disease",15.371865,46.554109
"Dutch_Elm_Disease",14.010593,45.995274
"Dutch_Elm_Disease",13.727072,45.900334
"Dutch_Elm_Disease",13.69928,45.931514
"Dutch_Elm_Disease",13.519553,45.983767
"Dutch_Elm_Disease",15.763072,46.301979
"Dutch_Elm_Disease",14.302955,45.791077
"Dutch_Elm_Disease",13.767408,45.941266
"Dutch_Elm_Disease",14.012279,45.980263
"Dutch_Elm_Disease",15.062411,46.639487
"Dutch_Elm_Disease",13.780626,45.867625
"Dutch_Elm_Disease",14.149903,45.886044
"Dutch_Elm_Disease",15.714013,46.684012
"Dutch_Elm_Disease",13.780626,45.867625
"Dutch_Elm_Disease",15.737275,46.678655
"Dutch_Elm_Disease",15.54161,46.159153
"Dutch_Elm_Disease",13.727072,45.900334
"Dutch_Elm_Disease",13.966445,45.970761
"Dutch_Elm_Disease",14.092437,45.829851
"Dutch_Elm_Disease",13.67522,45.96723
"Dutch_Elm_Disease",14.134478,45.872935
"Dutch_Elm_Disease",14.13868,45.885258
"Dutch_Elm_Disease",14.136888,45.88367
"Dutch_Elm_Disease",14.218793,45.808818
"Dutch_Elm_Disease",14.120121,45.879088
"Dutch_Elm_Disease",14.11639,45.879608
"Dutch_Elm_Disease",14.148931,45.881348
"Dutch_Elm_Disease",15.701414,46.692359
"Dutch_Elm_Disease",13.834239,46.198401
"Dutch_Elm_Disease",13.662324,45.940086
"Dutch_Elm_Disease",14.176916,45.847945
"Dutch_Elm_Disease",13.722928,45.912435
"Dutch_Elm_Disease",14.090366,45.896258
"Dutch_Elm_Disease",14.040155,45.965383
"Dutch_Elm_Disease",14.097424,45.8853
"Dutch_Elm_Disease",14.142268,45.868126
"Dutch_Elm_Disease",14.14187,45.885651
"Dutch_Elm_Disease",13.67522,45.96723
"Dutch_Elm_Disease",14.190464,45.854881
"Dutch_Elm_Disease",14.11639,45.879608
"Dutch_Elm_Disease",14.386998,45.648567
"Dutch_Elm_Disease",14.052553,45.957119
"Dutch_Elm_Disease",14.135633,45.882356
"Dutch_Elm_Disease",14.012279,45.980263
"Dutch_Elm_Disease",13.949355,46.098023
"Dutch_Elm_Disease",13.67522,45.96723
"Dutch_Elm_Disease",13.659712,45.941405
"Dutch_Elm_Disease",14.385602,45.654202
"Dutch_Elm_Disease",13.725174,46.213704
"Dutch_Elm_Disease",14.109646,45.893719
"Dutch_Elm_Disease",14.014772,45.970657
"Dutch_Elm_Disease",13.67522,45.96723
"Dutch_Elm_Disease",13.687983,45.945782
"Dutch_Elm_Disease",14.186524,45.859253
"Dutch_Elm_Disease",13.67522,45.96723
"Dutch_Elm_Disease",13.67522,45.96723
"Dutch_Elm_Disease",14.03485,45.966239
"Dutch_Elm_Disease",14.087223,45.912735
"Dutch_Elm_Disease",14.052553,45.957119
"Dutch_Elm_Disease",14.110383,45.883089
"Dutch_Elm_Disease",14.003216,46.003488
"Dutch_Elm_Disease",14.145679,45.86996
"Dutch_Elm_Disease",15.956496,46.609751
"Dutch_Elm_Disease",14.140515,45.872387
"Dutch_Elm_Disease",13.697129,46.204841
"Dutch_Elm_Disease",13.920405,45.983311
"Dutch_Elm_Disease",15.864872,46.683095
"Dutch_Elm_Disease",14.412445,45.640611
"Dutch_Elm_Disease",15.731204,46.276762
"Dutch_Elm_Disease",13.919196,46.070038
"Dutch_Elm_Disease",14.394586,45.680291
"Dutch_Elm_Disease",13.908983,46.010232
"Dutch_Elm_Disease",14.167336,45.865278
"Dutch_Elm_Disease",14.191256,45.852619
"Dutch_Elm_Disease",14.130494,45.871483
"Dutch_Elm_Disease",14.180234,45.871085
"Dutch_Elm_Disease",14.001273,45.982237
"Dutch_Elm_Disease",15.346176,46.427989
"Dutch_Elm_Disease",14.355563,46.091338
"Dutch_Elm_Disease",14.179682,45.847272
"Dutch_Elm_Disease",14.24813,45.800116
"Dutch_Elm_Disease",14.190232,45.86735
"Dutch_Elm_Disease",14.178198,45.867606
"Dutch_Elm_Disease",14.149192,45.875259
"Dutch_Elm_Disease",14.333083,45.700951
"Dutch_Elm_Disease",14.13625,45.866632
"Dutch_Elm_Disease",14.127435,45.880998
"Dutch_Elm_Disease",14.167115,45.868021
"Dutch_Elm_Disease",14.197753,45.854878
"Dutch_Elm_Disease",14.272391,46.433927
"Dutch_Elm_Disease",14.183761,45.874754
"Dutch_Elm_Disease",14.15103,45.878071
"Dutch_Elm_Disease",14.264724,45.938279
"Dutch_Elm_Disease",14.183311,45.86147
"Dutch_Elm_Disease",14.171634,45.850796
"Dutch_Elm_Disease",14.189479,45.863323
"Dutch_Elm_Disease",14.143254,45.860908
"Dutch_Elm_Disease",14.223502,45.806988
"Dutch_Elm_Disease",16.352232,46.624861
"Dutch_Elm_Disease",16.376745,46.618747
"Dutch_Elm_Disease",15.610096,45.846936
"Dutch_Elm_Disease",14.144079,45.886081
"Dutch_Elm_Disease",14.181073,45.865656
"Dutch_Elm_Disease",14.436023,45.664971
"Dutch_Elm_Disease",13.950618,45.983439
"Dutch_Elm_Disease",14.149846,45.879664
"Dutch_Elm_Disease",14.390312,45.674293
"Dutch_Elm_Disease",16.368317,46.624228
"Dutch_Elm_Disease",14.149445,45.868755
"Dutch_Elm_Disease",15.271163,46.55514
"Dutch_Elm_Disease",14.387037,45.689825
"Dutch_Elm_Disease",14.185214,45.869609
"Dutch_Elm_Disease",14.19251,45.857648
"Dutch_Elm_Disease",14.201495,45.858818
"Dutch_Elm_Disease",14.367034,45.684074
"Dutch_Elm_Disease",15.932643,46.694608
"Dutch_Elm_Disease",14.373656,45.68196
"Dutch_Elm_Disease",14.106517,45.888773
"Dutch_Elm_Disease",14.196118,45.85753
"Dutch_Elm_Disease",14.384299,45.638394
"Dutch_Elm_Disease",14.389005,45.68117
"Dutch_Elm_Disease",15.405284,46.334935
"Dutch_Elm_Disease",14.033701,45.97744
"Dutch_Elm_Disease",14.309224,45.79485
"Dutch_Elm_Disease",15.537403,46.568698
"Dutch_Elm_Disease",15.791636,46.252821
"Dutch_Elm_Disease",15.536586,46.566579
"Dutch_Elm_Disease",14.398364,45.666741
"Dutch_Elm_Disease",13.951752,45.98147
"Dutch_Elm_Disease",14.156902,45.874758
"Dutch_Elm_Disease",15.421437,46.069236
"Dutch_Elm_Disease",14.469755,46.369537
"Dutch_Elm_Disease",15.785154,46.675835
"Dutch_Elm_Disease",14.211768,45.796011
"Dutch_Elm_Disease",15.107901,46.598328
"Dutch_Elm_Disease",14.221722,45.801739
"Dutch_Elm_Disease",14.294598,45.798998
"Dutch_Elm_Disease",14.301375,45.786776
"Dutch_Elm_Disease",15.699096,46.230537
"Dutch_Elm_Disease",14.226147,45.8111
"Dutch_Elm_Disease",14.389299,45.64103
"Dutch_Elm_Disease",14.201089,45.87188
"Dutch_Elm_Disease",14.324738,45.932404
"Dutch_Elm_Disease",14.425634,45.659359
"Dutch_Elm_Disease",15.782231,46.657196
"Dutch_Elm_Disease",14.03102,45.98835
"Dutch_Elm_Disease",15.738873,46.246994
"Dutch_Elm_Disease",14.029491,45.987932
"Dutch_Elm_Disease",14.213883,45.809361
"Dutch_Elm_Disease",15.718021,46.231238
"Dutch_Elm_Disease",14.2051,45.797279
"Dutch_Elm_Disease",14.133604,45.881125
"Dutch_Elm_Disease",14.134362,45.87378
"Dutch_Elm_Disease",15.352724,46.414465
"Dutch_Elm_Disease",14.140422,45.876741
"Dutch_Elm_Disease",14.315101,45.931744
"Dutch_Elm_Disease",15.898981,46.69899
"Dutch_Elm_Disease",14.239597,45.798485
"Dutch_Elm_Disease",15.571407,46.578231
"Dutch_Elm_Disease",13.970481,45.977879
"Dutch_Elm_Disease",15.749845,46.670809
"Dutch_Elm_Disease",14.217496,45.800342
"Dutch_Elm_Disease",15.92774,46.696142
"Dutch_Elm_Disease",13.928837,45.989167
"Dutch_Elm_Disease",13.678574,45.941148
"Dutch_Elm_Disease",14.196879,45.873561
"Dutch_Elm_Disease",15.779273,46.324759
"Dutch_Elm_Disease",14.181581,45.874082
"Dutch_Elm_Disease",15.263354,46.41109
"Dutch_Elm_Disease",15.310048,46.633826
"Dutch_Elm_Disease",15.86975,46.340903
"Dutch_Elm_Disease",14.143376,45.868071
"Dutch_Elm_Disease",14.250426,45.788109
"Dutch_Elm_Disease",14.184332,45.876261
"Dutch_Elm_Disease",14.128253,45.879708
"Dutch_Elm_Disease",13.927426,45.989343
"Dutch_Elm_Disease",15.634973,46.682752
"Dutch_Elm_Disease",15.448641,46.563576
"Dutch_Elm_Disease",14.382336,45.64084
"Dutch_Elm_Disease",15.620828,46.21564
"Dutch_Elm_Disease",15.340865,46.595456
"Dutch_Elm_Disease",15.297141,46.362233
"Dutch_Elm_Disease",14.435469,45.670322
"Dutch_Elm_Disease",14.241021,45.877551
"Dutch_Elm_Disease",15.910087,46.319031
"Dutch_Elm_Disease",14.16401,45.87499
"Dutch_Elm_Disease",14.252622,45.877042
"Dutch_Elm_Disease",15.069861,46.623019
"Dutch_Elm_Disease",14.225903,45.822238
"Dutch_Elm_Disease",15.911246,46.317663
"Dutch_Elm_Disease",15.829606,46.685093
"Dutch_Elm_Disease",14.22075,45.825352
"Dutch_Elm_Disease",16.374877,46.618733
"Dutch_Elm_Disease",15.842575,46.681723
"Dutch_Elm_Disease",15.911351,46.316951
"Dutch_Elm_Disease",14.101531,45.827835
"Dutch_Elm_Disease",14.0895,45.946963
"Dutch_Elm_Disease",13.923454,45.98514
"Dutch_Elm_Disease",15.702148,46.291691
"Dutch_Elm_Disease",15.318338,46.375798
"Dutch_Elm_Disease",14.21508,45.820409
"Dutch_Elm_Disease",15.434174,46.550425
"Dutch_Elm_Disease",14.236945,45.876975
"Dutch_Elm_Disease",14.422423,45.663365
"Dutch_Elm_Disease",15.911258,46.316052
"Dutch_Elm_Disease",14.201634,45.856291
"Dutch_Elm_Disease",15.895452,46.699107
"Dutch_Elm_Disease",15.064482,46.623742
"Dutch_Elm_Disease",15.910084,46.318104
"Dutch_Elm_Disease",14.483227,45.639593
"Dutch_Elm_Disease",15.341605,46.596912
"Dutch_Elm_Disease",15.389613,46.532106
"Dutch_Elm_Disease",15.85611,46.719202
"Dutch_Elm_Disease",15.767442,46.238537
"Dutch_Elm_Disease",14.191348,45.855184
"Dutch_Elm_Disease",14.197029,45.861342
"Dutch_Elm_Disease",14.221618,45.818475
"Dutch_Elm_Disease",13.983221,45.989762
"Dutch_Elm_Disease",14.243937,45.785745
"Dutch_Elm_Disease",15.732214,46.309649
"Dutch_Elm_Disease",14.198026,45.860944
"Dutch_Elm_Disease",15.476618,46.071799
"Dutch_Elm_Disease",14.190872,45.867598
"Dutch_Elm_Disease",15.297083,46.404007
"Dutch_Elm_Disease",14.333295,45.944709
"Dutch_Elm_Disease",15.274873,46.420222
"Dutch_Elm_Disease",15.069149,45.702244
"Dutch_Elm_Disease",14.030717,45.973888
"Dutch_Elm_Disease",15.293557,46.408677
"Dutch_Elm_Disease",14.234648,45.813298
"Dutch_Elm_Disease",15.340788,46.425666
"Dutch_Elm_Disease",15.911982,46.316667
"Dutch_Elm_Disease",14.478616,45.63187
"Dutch_Elm_Disease",13.955663,45.947737
"Dutch_Elm_Disease",13.914077,45.983467
"Dutch_Elm_Disease",16.383784,46.648999
"Dutch_Elm_Disease",14.025445,45.979449
"Dutch_Elm_Disease",15.431372,46.526045
"Dutch_Elm_Disease",14.217191,45.80007
"Dutch_Elm_Disease",15.882725,46.70447
"Dutch_Elm_Disease",14.311267,45.896521
"Dutch_Elm_Disease",14.521071,45.615075
"Dutch_Elm_Disease",15.783015,46.703236
"Dutch_Elm_Disease",15.395118,46.555866
"Dutch_Elm_Disease",14.479139,45.647484
"Dutch_Elm_Disease",15.776045,46.676833
"Dutch_Elm_Disease",14.03045,45.97591
"Dutch_Elm_Disease",14.181249,45.861564
"Dutch_Elm_Disease",14.19161,45.861106
"Dutch_Elm_Disease",15.775437,46.676387
"Dutch_Elm_Disease",14.225666,45.804015
"Dutch_Elm_Disease",14.234826,45.807775
"Dutch_Elm_Disease",15.403076,46.522882
"Dutch_Elm_Disease",15.238215,46.332079
"Dutch_Elm_Disease",15.571582,46.172638
"Dutch_Elm_Disease",16.194165,46.468555
"Dutch_Elm_Disease",15.20212,46.631838
"Dutch_Elm_Disease",14.200628,45.859136
"Dutch_Elm_Disease",15.886826,46.703349
"Dutch_Elm_Disease",15.78542,46.705864
"Dutch_Elm_Disease",15.874867,46.707832
"Dutch_Elm_Disease",16.200525,46.583992
"Dutch_Elm_Disease",15.77925,46.696982
"Dutch_Elm_Disease",15.783016,46.666286
"Dutch_Elm_Disease",16.2018,46.585598
"Dutch_Elm_Disease",15.734504,46.678727
"Dutch_Elm_Disease",14.015379,45.990349
"Dutch_Elm_Disease",15.761772,46.669435
"Dutch_Elm_Disease",14.278162,45.804592
"Dutch_Elm_Disease",15.028945,45.687739
"Dutch_Elm_Disease",14.179276,45.859975
"Dutch_Elm_Disease",14.382337,45.640678
"Dutch_Elm_Disease",15.73085,46.304782
"Dutch_Elm_Disease",14.180386,45.861584
"Dutch_Elm_Disease",15.657852,46.670081
"Dutch_Elm_Disease",14.254972,45.944254
"Dutch_Elm_Disease",15.676803,46.683654
"Dutch_Elm_Disease",14.18094,45.865934
"Dutch_Elm_Disease",15.710436,46.66058
"Dutch_Elm_Disease",16.207038,46.58583
"Dutch_Elm_Disease",15.718105,46.6949
"Dutch_Elm_Disease",15.902477,46.709452
"Dutch_Elm_Disease",15.400906,46.636574
"Dutch_Elm_Disease",15.701212,46.660646
"Dutch_Elm_Disease",15.07972,45.69502
"Dutch_Elm_Disease",15.284983,45.99479
"Dutch_Elm_Disease",14.10483,45.897514
"Dutch_Elm_Disease",14.151295,45.877542
"Dutch_Elm_Disease",14.105091,45.892505
"Dutch_Elm_Disease",14.249112,45.787309
"Dutch_Elm_Disease",14.21582,45.821764
"Dutch_Elm_Disease",14.176097,45.860708
"Dutch_Elm_Disease",15.872504,46.719411
"Dutch_Elm_Disease",14.103312,45.901408
"Dutch_Elm_Disease",15.738717,46.679915
"Dutch_Elm_Disease",15.726201,46.669748
"Dutch_Elm_Disease",15.767917,46.679785
"Dutch_Elm_Disease",15.755043,46.691108
"Dutch_Elm_Disease",14.33013,45.921548
"Dutch_Elm_Disease",15.769,46.680542
"Dutch_Elm_Disease",14.134869,45.882629
"Dutch_Elm_Disease",15.076541,45.698982
"Dutch_Elm_Disease",15.274436,46.413484
"Dutch_Elm_Disease",15.701549,46.264199
"Dutch_Elm_Disease",15.918795,46.315623
"Dutch_Elm_Disease",15.078828,45.699601
"Dutch_Elm_Disease",15.719753,46.683122
"Dutch_Elm_Disease",15.392827,46.55654
"Dutch_Elm_Disease",15.758977,46.695679
"Dutch_Elm_Disease",15.717091,46.680511
"Dutch_Elm_Disease",14.202615,45.857053
"Dutch_Elm_Disease",14.129655,45.878216
"Dutch_Elm_Disease",15.273339,46.412758
"Dutch_Elm_Disease",15.681243,46.681235
"Dutch_Elm_Disease",14.269,45.808682
"Dutch_Elm_Disease",14.280068,45.806511
"Dutch_Elm_Disease",15.374754,46.592849
"Dutch_Elm_Disease",14.249032,45.895941
"Dutch_Elm_Disease",16.203778,46.582392
"Dutch_Elm_Disease",15.052103,45.710388
"Dutch_Elm_Disease",14.234147,45.842422
"Dutch_Elm_Disease",14.318251,45.90081
"Dutch_Elm_Disease",13.953108,45.975958
"Dutch_Elm_Disease",13.96538,45.97804
"Dutch_Elm_Disease",14.281698,45.783667
"Dutch_Elm_Disease",15.717875,46.665725
"Dutch_Elm_Disease",15.79676,46.693523
"Dutch_Elm_Disease",15.706939,46.272722
"Dutch_Elm_Disease",16.2059,46.586292
"Dutch_Elm_Disease",14.333161,45.921413
"Dutch_Elm_Disease",14.185905,45.887655
"Dutch_Elm_Disease",15.055481,45.698652
"Dutch_Elm_Disease",15.783951,46.679442
"Dutch_Elm_Disease",15.677263,46.701582
"Dutch_Elm_Disease",14.253653,45.883743
"Dutch_Elm_Disease",15.031264,45.700587
"Dutch_Elm_Disease",15.293968,46.424394
"Dutch_Elm_Disease",14.42429,45.640194
"Dutch_Elm_Disease",15.896456,46.305796
"Dutch_Elm_Disease",15.293251,46.63361
"Dutch_Elm_Disease",14.420442,45.615151
"Dutch_Elm_Disease",14.391209,45.877133
"Dutch_Elm_Disease",14.872242,46.339621
"Dutch_Elm_Disease",15.03464,45.6984
"Dutch_Elm_Disease",15.224481,46.09408
"Dutch_Elm_Disease",15.387855,46.355347
"Dutch_Elm_Disease",15.053354,45.716155
"Dutch_Elm_Disease",14.164838,45.881609
"Dutch_Elm_Disease",15.436463,46.607897
"Dutch_Elm_Disease",14.054079,45.952335
"Dutch_Elm_Disease",15.63708,46.682983
"Dutch_Elm_Disease",15.702456,46.273227
"Dutch_Elm_Disease",15.776952,46.663557
"Dutch_Elm_Disease",16.284835,46.53772
"Dutch_Elm_Disease",15.735379,46.264948
"Dutch_Elm_Disease",16.511882,46.503199
"Dutch_Elm_Disease",14.393202,45.640736
"Dutch_Elm_Disease",15.310754,46.40442
"Dutch_Elm_Disease",15.321308,46.612085
"Dutch_Elm_Disease",15.728805,46.334477
"Dutch_Elm_Disease",14.026045,45.980561
"Dutch_Elm_Disease",14.784666,46.294667
"Dutch_Elm_Disease",15.325568,46.404469
"Dutch_Elm_Disease",14.176917,45.882894
"Dutch_Elm_Disease",15.27962,46.419886
"Dutch_Elm_Disease",14.174412,45.881499
"Dutch_Elm_Disease",15.375711,46.599134
"Dutch_Elm_Disease",14.178988,45.886607
"Dutch_Elm_Disease",14.185944,45.888501
"Dutch_Elm_Disease",15.748508,46.693148
"Dutch_Elm_Disease",14.184196,45.890846
"Dutch_Elm_Disease",15.272006,46.414111
"Dutch_Elm_Disease",14.178494,45.879009
"Dutch_Elm_Disease",16.511548,46.502889
"Dutch_Elm_Disease",14.174424,45.885944
"Dutch_Elm_Disease",15.667257,46.700373
"Dutch_Elm_Disease",14.45409,45.681174
"Dutch_Elm_Disease",14.328495,45.948127
"Dutch_Elm_Disease",15.3993,46.59075
"Dutch_Elm_Disease",15.438254,46.580872
"Dutch_Elm_Disease",15.731,46.679604
"Dutch_Elm_Disease",15.667466,46.690826
"Dutch_Elm_Disease",16.516627,46.495812
"Dutch_Elm_Disease",14.066575,46.36385
"Dutch_Elm_Disease",16.246814,46.557458
"Dutch_Elm_Disease",14.040705,46.381379
"Dutch_Elm_Disease",16.278853,46.540559
"Dutch_Elm_Disease",16.522369,46.499407
"Dutch_Elm_Disease",16.51985,46.49738
"Dutch_Elm_Disease",16.251582,46.548157
"Dutch_Elm_Disease",16.265422,46.548347
"Dutch_Elm_Disease",16.519233,46.500015
"Dutch_Elm_Disease",16.247719,46.549189
"Dutch_Elm_Disease",16.518755,46.50156
"Dutch_Elm_Disease",16.518754,46.501542
"Dutch_Elm_Disease",14.058307,46.360949
"Dutch_Elm_Disease",16.524623,46.500807
"Dutch_Elm_Disease",16.538518,46.498255
"Dutch_Elm_Disease",16.509985,46.497277
"Dutch_Elm_Disease",16.254615,46.547935
"Dutch_Elm_Disease",16.51879,46.501434
"Dutch_Elm_Disease",16.520006,46.49736
"Dutch_Elm_Disease",16.255396,46.547864
"Dutch_Elm_Disease",16.279307,46.540491
"Dutch_Elm_Disease",16.513093,46.500376
"Dutch_Elm_Disease",16.267046,46.549201
"Dutch_Elm_Disease",16.536384,46.496034
"Dutch_Elm_Disease",16.251608,46.548157
"Dutch_Elm_Disease",16.517816,46.497803
"Dutch_Elm_Disease",16.513186,46.50042
"Dutch_Elm_Disease",16.511518,46.502763
"Dutch_Elm_Disease",16.265688,46.54856
"Dutch_Elm_Disease",14.210549,46.329358
"Dutch_Elm_Disease",16.516089,46.49752
"Dutch_Elm_Disease",16.511882,46.503199
"Dutch_Elm_Disease",14.241583,46.369461
"Dutch_Elm_Disease",16.519339,46.500077
"Dutch_Elm_Disease",16.520828,46.497421
"Dutch_Elm_Disease",14.143498,46.327257
"Dutch_Elm_Disease",16.520162,46.497358
"Dutch_Elm_Disease",14.088368,46.356909
"Dutch_Elm_Disease",16.520084,46.497368
"Dutch_Elm_Disease",16.536406,46.495908
"Dutch_Elm_Disease",16.251608,46.548157
"Dutch_Elm_Disease",16.510867,46.501377
"Dutch_Elm_Disease",16.511823,46.502957
"Dutch_Elm_Disease",14.111264,46.356108
"Dutch_Elm_Disease",14.074721,46.391772
"Dutch_Elm_Disease",16.267099,46.549264
"Dutch_Elm_Disease",16.515794,46.499557
"Dutch_Elm_Disease",16.537409,46.498657
"Dutch_Elm_Disease",16.521987,46.497856
"Dutch_Elm_Disease",16.514214,46.506938
"Dutch_Elm_Disease",16.251582,46.548157
"Dutch_Elm_Disease",16.26707,46.549669
"Dutch_Elm_Disease",16.284402,46.538688
"Dutch_Elm_Disease",16.519778,46.500422
"Dutch_Elm_Disease",16.518831,46.500075
"Dutch_Elm_Disease",16.511286,46.506626
"Dutch_Elm_Disease",16.251634,46.548157
"Dutch_Elm_Disease",16.536303,46.495927
"Dutch_Elm_Disease",16.518701,46.500104
"Dutch_Elm_Disease",14.098516,46.370413
"Dutch_Elm_Disease",16.282917,46.539838
"Dutch_Elm_Disease",14.256847,45.780107
"Dutch_Elm_Disease",14.045262,46.372015
"Dutch_Elm_Disease",16.518675,46.498241
"Dutch_Elm_Disease",16.251582,46.548157
"Dutch_Elm_Disease",14.09673,46.376238
"Dutch_Elm_Disease",16.518764,46.498159
"Dutch_Elm_Disease",16.524096,46.501057
"Dutch_Elm_Disease",14.274809,45.873819
"Dutch_Elm_Disease",14.149603,46.326411
"Dutch_Elm_Disease",14.275027,45.873866
"Dutch_Elm_Disease",14.096543,46.369426
"Dutch_Elm_Disease",14.276731,45.871573
"Dutch_Elm_Disease",14.270247,45.887782
"Dutch_Elm_Disease",14.265345,45.889182
"Dutch_Elm_Disease",14.275015,45.873803
"Dutch_Elm_Disease",14.269254,45.977386
"Dutch_Elm_Disease",14.274222,45.873384
"Dutch_Elm_Disease",14.26664,45.868063
"Dutch_Elm_Disease",14.279193,45.869438
"Dutch_Elm_Disease",14.263341,45.889664
"Dutch_Elm_Disease",14.901092,46.523693
"Dutch_Elm_Disease",14.070292,46.359967
"Dutch_Elm_Disease",14.263704,45.889558
"Dutch_Elm_Disease",14.111345,46.366375
"Dutch_Elm_Disease",10.700859,59.926526
"Dutch_Elm_Disease",10.678917,59.906047
"Dutch_Elm_Disease",10.058606,56.688423
"Dutch_Elm_Disease",16.55301,56.63289
"Dutch_Elm_Disease",14.542,46.025002
"Dutch_Elm_Disease",174.781357,-37.142204
"Dutch_Elm_Disease",14.18334,55.59504
"Dutch_Elm_Disease",17.5656,59.48187
"Dutch_Elm_Disease",17.83779,59.11859
"Dutch_Elm_Disease",16.14398,59.82012
"Dutch_Elm_Disease",15.23773,59.07375
"Dutch_Elm_Disease",15.24684,59.07558
"Dutch_Elm_Disease",15.24968,59.07362
"Dutch_Elm_Disease",16.2154,59.48026
"Dutch_Elm_Disease",16.29831,58.95572
"Dutch_Elm_Disease",-79.649591,43.841584
"Dutch_Elm_Disease",-79.35945,43.71347
"Dutch_Elm_Disease",16.56383,59.90045
"Dutch_Elm_Disease",-75.671575,45.411251
"Dutch_Elm_Disease",-0.17401,52.161128
"Dutch_Elm_Disease",-0.14404,52.178644
"Dutch_Elm_Disease",-0.116326,52.142238
"Dutch_Elm_Disease",-0.17401,52.161128
"Dutch_Elm_Disease",-0.116326,52.142238
"Dutch_Elm_Disease",-0.17401,52.161128
"Dutch_Elm_Disease",-0.026317,52.194716
"Dutch_Elm_Disease",-0.17401,52.161128
"Dutch_Elm_Disease",-0.17401,52.161128
"Dutch_Elm_Disease",-0.14404,52.178644
"Dutch_Elm_Disease",-0.17401,52.161128
"Dutch_Elm_Disease",-0.116326,52.142238
"Dutch_Elm_Disease",-0.17401,52.161128
"Dutch_Elm_Disease",-0.17401,52.161128
"Dutch_Elm_Disease",-0.116326,52.142238
"Dutch_Elm_Disease",-0.17401,52.161128
"Dutch_Elm_Disease",8.581821,49.730129
"Dutch_Elm_Disease",15.21165,60.14599
"Dutch_Elm_Disease",15.65826,59.30178
"Dutch_Elm_Disease",13.92214,55.51426
"Dutch_Elm_Disease",16.15656,59.27092
"Dutch_Elm_Disease",-2.16501,53.30932
"Dutch_Elm_Disease",12.1427,57.80142
"Dutch_Elm_Disease",17.73134,60.02679
"Dutch_Elm_Disease",8.83138,46.20038
"Dutch_Elm_Disease",9.17961,46.96035
"Dutch_Elm_Disease",8.52184,46.92348
"Dutch_Elm_Disease",9.22583,46.37478
"Dutch_Elm_Disease",17.63201,59.79887
"Dutch_Elm_Disease",0.012692,50.837356
"Dutch_Elm_Disease",25.910576,58.086922
"Dutch_Elm_Disease",-1.082339,53.812042
"Dutch_Elm_Disease",12.00514,57.70616
"Dutch_Elm_Disease",-1.080511,53.812095
"Dutch_Elm_Disease",18.07491,59.53056
"Dutch_Elm_Disease",12.11385,57.42568
"Dutch_Elm_Disease",11.50775,58.19383
"Dutch_Elm_Disease",-1.045151,53.95061
"Dutch_Elm_Disease",17.61909,59.87779
"Dutch_Elm_Disease",17.87253,58.97935
"Dutch_Elm_Disease",12.8,56.36521
"Dutch_Elm_Disease",15.05325,58.5397
"Dutch_Elm_Disease",17.60868,59.44765
"Dutch_Elm_Disease",17.66317,59.80323
"Dutch_Elm_Disease",14.81761,57.936
"Dutch_Elm_Disease",14.68498,56.48585
"Dutch_Elm_Disease",17.01712,58.75475
"Dutch_Elm_Disease",15.12095,58.24595
"Dutch_Elm_Disease",17.61594,59.88324
"Dutch_Elm_Disease",12.50953,57.90004
"Dutch_Elm_Disease",16.52848,59.94166
"Dutch_Elm_Disease",14.76274,58.31675
"Dutch_Elm_Disease",17.11532,59.25984
"Dutch_Elm_Disease",18.28832,59.75852
"Dutch_Elm_Disease",17.9179,59.96315
"Dutch_Elm_Disease",12.63597,58.26097
"Dutch_Elm_Disease",12.31021,57.78904
"Dutch_Elm_Disease",17.71771,59.61883
"Dutch_Elm_Disease",15.84389,56.97392
"Dutch_Elm_Disease",17.64302,59.77399
"Dutch_Elm_Disease",14.56154,56.76937
"Dutch_Elm_Disease",12.94263,56.42247
"Dutch_Elm_Disease",18.53585,59.94264
"Dutch_Elm_Disease",17.61003,59.80789
"Dutch_Elm_Disease",17.56843,59.8698
"Dutch_Elm_Disease",14.29697,57.61531
"Dutch_Elm_Disease",17.99056,59.33612
"Dutch_Elm_Disease",17.58075,59.9594
"Dutch_Elm_Disease",14.46828,56.07182
"Dutch_Elm_Disease",12.03096,57.84931
"Dutch_Elm_Disease",11.5653,58.02992
"Dutch_Elm_Disease",16.52964,59.61653
"Dutch_Elm_Disease",17.87886,59.84361
"Dutch_Elm_Disease",18.11192,59.27846
"Dutch_Elm_Disease",13.29034,57.84018
"Dutch_Elm_Disease",14.56696,58.1348
"Dutch_Elm_Disease",11.95798,57.73523
"Dutch_Elm_Disease",18.08791,59.34284
"Dutch_Elm_Disease",15.96454,58.38429
"Dutch_Elm_Disease",14.84939,58.0115
"Dutch_Elm_Disease",13.90164,55.94407
"Dutch_Elm_Disease",13.48101,59.38044
"Dutch_Elm_Disease",17.61374,59.07827
"Dutch_Elm_Disease",16.22082,58.57433
"Dutch_Elm_Disease",13.40604,57.77611
"Dutch_Elm_Disease",11.98464,57.43477
"Dutch_Elm_Disease",18.0436,59.10304
"Dutch_Elm_Disease",17.95039,59.31907
"Dutch_Elm_Disease",14.11212,57.98693
"Dutch_Elm_Disease",17.22042,60.67556
"Dutch_Elm_Disease",17.63959,59.82078
"Dutch_Elm_Disease",13.5804,58.38724
"Dutch_Elm_Disease",12.34945,57.91927
"Dutch_Elm_Disease",18.16506,60.16773
"Dutch_Elm_Disease",14.04453,57.09081
"Dutch_Elm_Disease",17.96993,59.36175
"Dutch_Elm_Disease",12.74897,59.26924
"Dutch_Elm_Disease",14.84826,59.46373
"Dutch_Elm_Disease",18.07779,59.34757
"Dutch_Elm_Disease",13.08597,56.63505
"Dutch_Elm_Disease",17.42232,60.63343
"Dutch_Elm_Disease",18.58902,57.60762
"Dutch_Elm_Disease",11.99096,57.80343
"Dutch_Elm_Disease",18.08028,59.31696
"Dutch_Elm_Disease",18.08028,59.31696
"Dutch_Elm_Disease",18.0311,59.37652
"Dutch_Elm_Disease",11.56288,58.58267
"Dutch_Elm_Disease",18.08939,59.28169
"Dutch_Elm_Disease",14.25641,56.81105
"Dutch_Elm_Disease",16.52076,59.57711
"Dutch_Elm_Disease",18.3927,59.20583
"Dutch_Elm_Disease",18.63104,57.60912
"Dutch_Elm_Disease",11.94439,57.57761
"Dutch_Elm_Disease",16.5964,59.6786
"Dutch_Elm_Disease",15.74983,60.01842
"Dutch_Elm_Disease",11.73941,58.25741
"Dutch_Elm_Disease",-79.444717,44.557505
"Dutch_Elm_Disease",-1.045603,53.952948
"Dutch_Elm_Disease",16.41165,56.34224
"Dutch_Elm_Disease",16.08822,59.43762
"Dutch_Elm_Disease",8.461914,46.885712
"Dutch_Elm_Disease",9.674902,51.798374
"Dutch_Elm_Disease",6.72771,51.53506
"Dutch_Elm_Disease",9.25,50.5
"Dutch_Elm_Disease",11.690132,48.543649
"Dutch_Elm_Disease",8.821289,48.342709
"Dutch_Elm_Disease",6.72771,51.53506
"Dutch_Elm_Disease",6.960833,49.404722
"Dutch_Elm_Disease",11.690132,48.543649
"Dutch_Elm_Disease",8.821289,48.342709
"Dutch_Elm_Disease",14,47.5
"Dutch_Elm_Disease",14,47.5
"Dutch_Elm_Disease",16.383333,48.216667
"Dutch_Elm_Disease",16.383333,48.216667
"Dutch_Elm_Disease",16.25,47.8
"Dutch_Elm_Disease",15.283333,48.816667
"Dutch_Elm_Disease",15.65,48.65
"Dutch_Elm_Disease",14.766667,47.966667
"Dutch_Elm_Disease",15.166667,48
"Dutch_Elm_Disease",15.316667,48.233333
"Dutch_Elm_Disease",15.6,48.416667
"Dutch_Elm_Disease",15.633333,48.016667
"Dutch_Elm_Disease",13.466667,48.583333
"Dutch_Elm_Disease",16.083333,47.716667
"Dutch_Elm_Disease",14.266667,48.466667
"Dutch_Elm_Disease",16.233333,48.016667
"Dutch_Elm_Disease",2.72939,47.83861
"Dutch_Elm_Disease",25.32942,59.245664
"Dutch_Elm_Disease",25.329169,59.24411
"Dutch_Elm_Disease",25.259435,59.205308
"Dutch_Elm_Disease",25.330786,59.245243
"Dutch_Elm_Disease",25.227792,59.187117
"Dutch_Elm_Disease",25.221138,59.18337
"Dutch_Elm_Disease",25.331609,59.248653
"Dutch_Elm_Disease",25.224591,59.183896
"Dutch_Elm_Disease",25.22055,59.184758
"Dutch_Elm_Disease",25.164021,59.185349
"Dutch_Elm_Disease",-0.440464,39.15159
"Dutch_Elm_Disease",-0.440464,39.15159
"Dutch_Elm_Disease",-0.385208,39.130593
"Dutch_Elm_Disease",14.60932,59.37763
"Dutch_Elm_Disease",12.4561,57.95537
"Dutch_Elm_Disease",12.14079,57.81644
"Dutch_Elm_Disease",-75.554552,45.435584
"Dutch_Elm_Disease",15.0177,59.55669
"Dutch_Elm_Disease",-68.999655,46.106293
"Dutch_Elm_Disease",-73.439316,45.538618
"Dutch_Elm_Disease",-73.124008,44.254249
"Dutch_Elm_Disease",14.59571,56.77769
"Dutch_Elm_Disease",11.93442,57.74281
"Dutch_Elm_Disease",12.03452,57.78481
"Dutch_Elm_Disease",16.24272,58.9017
"Dutch_Elm_Disease",14.04387,57.18538
"Dutch_Elm_Disease",16.24445,58.90125
"Dutch_Elm_Disease",8.83253,46.24535
"Dutch_Elm_Disease",7.08085,46.43328
"Dutch_Elm_Disease",7.07965,46.61319
"Dutch_Elm_Disease",7.66823,46.88339
"Dutch_Elm_Disease",9.57362,46.95369
"Dutch_Elm_Disease",6.945,47.06246
"Dutch_Elm_Disease",8.5273,47.1933
"Dutch_Elm_Disease",8.5273,47.1933
"Dutch_Elm_Disease",7.47162,47.19844
"Dutch_Elm_Disease",7.2071,47.33313
"Dutch_Elm_Disease",7.93517,47.37727
"Dutch_Elm_Disease",7.8697,47.46747
"Dutch_Elm_Disease",8.93569,47.6385
"Dutch_Elm_Disease",8.83253,46.24535
"Dutch_Elm_Disease",7.08174,46.29834
"Dutch_Elm_Disease",6.48989,46.74473
"Dutch_Elm_Disease",6.618,46.92565
"Dutch_Elm_Disease",9.57362,46.95369
"Dutch_Elm_Disease",6.74814,47.01646
"Dutch_Elm_Disease",8.06547,47.19674
"Dutch_Elm_Disease",7.20749,47.24318
"Dutch_Elm_Disease",8.06705,47.33165
"Dutch_Elm_Disease",8.86073,47.3246
"Dutch_Elm_Disease",9.26208,47.45391
"Dutch_Elm_Disease",9.26208,47.45391
"Dutch_Elm_Disease",7.67074,47.46804
"Dutch_Elm_Disease",7.80399,47.55764
"Dutch_Elm_Disease",6.11068,46.20113
"Dutch_Elm_Disease",7.92533,46.29787
"Dutch_Elm_Disease",6.1702,46.42674
"Dutch_Elm_Disease",7.08085,46.43328
"Dutch_Elm_Disease",7.79762,46.61319
"Dutch_Elm_Disease",6.68617,46.7462
"Dutch_Elm_Disease",8.26133,47.06058
"Dutch_Elm_Disease",7.01081,47.06272
"Dutch_Elm_Disease",8.06547,47.19674
"Dutch_Elm_Disease",8.06705,47.33165
"Dutch_Elm_Disease",8.86073,47.3246
"Dutch_Elm_Disease",8.33239,47.37488
"Dutch_Elm_Disease",8.53375,47.50807
"Dutch_Elm_Disease",9.26672,47.58878
"Dutch_Elm_Disease",7.08115,46.3883
"Dutch_Elm_Disease",6.42784,46.56428
"Dutch_Elm_Disease",6.42784,46.56428
"Dutch_Elm_Disease",7.07965,46.61319
"Dutch_Elm_Disease",8.58748,46.92284
"Dutch_Elm_Disease",6.81442,46.97186
"Dutch_Elm_Disease",8.78891,47.10057
"Dutch_Elm_Disease",9.12381,47.27608
"Dutch_Elm_Disease",7.67016,47.33313
"Dutch_Elm_Disease",8.26549,47.3304
"Dutch_Elm_Disease",9.3897,47.31687
"Dutch_Elm_Disease",8.46652,47.46371
"Dutch_Elm_Disease",7.08115,46.3883
"Dutch_Elm_Disease",6.29839,46.51807
"Dutch_Elm_Disease",8.25858,46.88069
"Dutch_Elm_Disease",8.71768,46.87648
"Dutch_Elm_Disease",9.83423,46.90353
"Dutch_Elm_Disease",9.37825,47.00215
"Dutch_Elm_Disease",6.74814,47.01646
"Dutch_Elm_Disease",7.01081,47.06272
"Dutch_Elm_Disease",8.32789,47.10506
"Dutch_Elm_Disease",8.92186,47.14391
"Dutch_Elm_Disease",7.47162,47.19844
"Dutch_Elm_Disease",7.20749,47.24318
"Dutch_Elm_Disease",7.93434,47.28733
"Dutch_Elm_Disease",9.52016,47.2696
"Dutch_Elm_Disease",9.3897,47.31687
"Dutch_Elm_Disease",7.2071,47.33313
"Dutch_Elm_Disease",9.39299,47.40679
"Dutch_Elm_Disease",7.60456,47.51313
"Dutch_Elm_Disease",8.79919,47.50526
"Dutch_Elm_Disease",9.51317,47.08977
"Dutch_Elm_Disease",9.22583,46.37478
"Dutch_Elm_Disease",8.64907,46.74228
"Dutch_Elm_Disease",7.27478,46.83852
"Dutch_Elm_Disease",9.63376,46.81757
"Dutch_Elm_Disease",6.618,46.92565
"Dutch_Elm_Disease",9.77254,46.9948
"Dutch_Elm_Disease",9.11534,47.0063
"Dutch_Elm_Disease",9.37825,47.00215
"Dutch_Elm_Disease",8.92186,47.14391
"Dutch_Elm_Disease",9.05638,47.23206
"Dutch_Elm_Disease",9.52016,47.2696
"Dutch_Elm_Disease",9.12381,47.27608
"Dutch_Elm_Disease",7.67074,47.46804
"Dutch_Elm_Disease",8.3339,47.46482
"Dutch_Elm_Disease",8.26829,47.51028
"Dutch_Elm_Disease",8.99824,47.50275
"Dutch_Elm_Disease",8.53375,47.50807
"Dutch_Elm_Disease",8.6696,47.64163
"Dutch_Elm_Disease",9.42896,46.59636
"Dutch_Elm_Disease",8.58748,46.92284
"Dutch_Elm_Disease",8.06285,46.97187
"Dutch_Elm_Disease",6.81442,46.97186
"Dutch_Elm_Disease",8.95465,45.97386
"Dutch_Elm_Disease",7.92533,46.29787
"Dutch_Elm_Disease",7.27478,46.83852
"Dutch_Elm_Disease",9.63376,46.81757
"Dutch_Elm_Disease",6.61937,46.8357
"Dutch_Elm_Disease",6.61937,46.8357
"Dutch_Elm_Disease",8.71768,46.87648
"Dutch_Elm_Disease",8.39056,46.92464
"Dutch_Elm_Disease",9.64297,47.04236
"Dutch_Elm_Disease",9.05638,47.23206
"Dutch_Elm_Disease",8.52914,47.28324
"Dutch_Elm_Disease",8.46652,47.46371
"Dutch_Elm_Disease",7.8697,47.46747
"Dutch_Elm_Disease",7.47154,47.06352
"Dutch_Elm_Disease",6.945,47.06246
"Dutch_Elm_Disease",9.39299,47.40679
"Dutch_Elm_Disease",8.99824,47.50275
"Dutch_Elm_Disease",16.41166,56.34231
"Dutch_Elm_Disease",-73.881802,40.972042
"Dutch_Elm_Disease",-73.797986,41.156933
"Dutch_Elm_Disease",-76.496607,42.440628
"Dutch_Elm_Disease",-76.462296,42.443501
"Dutch_Elm_Disease",-122.360932,37.803256
"Dutch_Elm_Disease",-73.821417,40.837785
"Dutch_Elm_Disease",-73.837765,40.912243
"Dutch_Elm_Disease",-76.462296,42.443501
"Dutch_Elm_Disease",-73.837765,40.912243
"Dutch_Elm_Disease",-73.846949,40.870133
"Dutch_Elm_Disease",-73.822528,40.95872
"Dutch_Elm_Disease",-73.876602,40.9268
"Dutch_Elm_Disease",-73.866246,40.8501
"Dutch_Elm_Disease",-76.461931,42.453168
"Dutch_Elm_Disease",-73.784378,41.005191
"Dutch_Elm_Disease",-76.496607,42.440628
"Dutch_Elm_Disease",-76.496607,42.440628
"Dutch_Elm_Disease",-73.882568,40.9727
"Dutch_Elm_Disease",-75.01126,41.579519
"Dutch_Elm_Disease",-76.471373,42.448038
"Dutch_Elm_Disease",-73.882568,40.9727
"Dutch_Elm_Disease",-76.496607,42.440628
"Dutch_Elm_Disease",-73.882568,40.9727
"Dutch_Elm_Disease",-73.900078,41.313043
"Dutch_Elm_Disease",-73.882568,40.9727
"Dutch_Elm_Disease",-76.462296,42.443501
"Dutch_Elm_Disease",-73.8243,40.960098
"Dutch_Elm_Disease",-74.209034,40.825933
"Dutch_Elm_Disease",-73.882568,40.9727
"Dutch_Elm_Disease",-76.963855,43.003119
"Dutch_Elm_Disease",-76.462296,42.443501
"Dutch_Elm_Disease",-76.061592,42.358406
"Dutch_Elm_Disease",-73.831488,40.904897
"Dutch_Elm_Disease",-73.884565,40.969697
"Dutch_Elm_Disease",-76.496607,42.440628
"Dutch_Elm_Disease",-73.756232,42.652579
"Dutch_Elm_Disease",-76.496607,42.440628
"Dutch_Elm_Disease",-73.71402,41.126485
"Dutch_Elm_Disease",-76.471373,42.448038
"Dutch_Elm_Disease",-73.826435,40.828191
"Dutch_Elm_Disease",-73.761298,41.012635
"Dutch_Elm_Disease",-76.462296,42.443501
"Dutch_Elm_Disease",-76.496607,42.440628
"Dutch_Elm_Disease",-76.496607,42.440628
"Dutch_Elm_Disease",-73.821417,40.837785
"Dutch_Elm_Disease",-76.297155,42.490905
"Dutch_Elm_Disease",-77.229783,42.965503
"Dutch_Elm_Disease",-73.835222,40.904118
"Dutch_Elm_Disease",-73.715027,41.011409
"Dutch_Elm_Disease",-73.760783,41.014542
"Dutch_Elm_Disease",-76.462296,42.443501
"Dutch_Elm_Disease",-73.854916,40.851918
"Dutch_Elm_Disease",-73.762972,41.002676
"Dutch_Elm_Disease",-73.826178,40.836244
"Dutch_Elm_Disease",-73.820958,40.851714
"Dutch_Elm_Disease",-73.838088,40.942963
"Dutch_Elm_Disease",-73.897167,40.933791
"Dutch_Elm_Disease",-72.92861,41.30806
"Dutch_Elm_Disease",-73.469287,41.078708
"Dutch_Elm_Disease",-73.62846,41.026486
"Dutch_Elm_Disease",-72.328972,41.315932
"Dutch_Elm_Disease",-73.62846,41.026486
"Dutch_Elm_Disease",-76.907474,39.034832
"Dutch_Elm_Disease",-73.76291,41.033986
"Dutch_Elm_Disease",12.233433,51.828269
"Dutch_Elm_Disease",-1.25,51.75
"Dutch_Elm_Disease",-73.538734,41.05343
"Dutch_Elm_Disease",-73.68374,40.980654
"Dutch_Elm_Disease",5.667556,51.973279
"Dutch_Elm_Disease",-73.76291,41.033986
"Dutch_Elm_Disease",-72.328972,41.315932
"Dutch_Elm_Disease",-81.695409,41.499495
"Dutch_Elm_Disease",11.47454,52.808781
"Dutch_Elm_Disease",-1.25,51.75
"Dutch_Elm_Disease",-81.695409,41.499495
"Dutch_Elm_Disease",-73.469287,41.078708
"Dutch_Elm_Disease",-72.328972,41.315932
"Dutch_Elm_Disease",-0.260957,51.380531
"Dutch_Elm_Disease",24.951,60.162
"Dutch_Elm_Disease",-3.225066,51.467561
"Dutch_Elm_Disease",-3.227481,51.557454
"Dutch_Elm_Disease",-2.621454,53.629912
"Dutch_Elm_Disease",-2.560972,53.630211
"Dutch_Elm_Disease",15.73287,58.32844
"Dutch_Elm_Disease",-3.546682,56.744522
"Dutch_Elm_Disease",-3.546682,56.744522
"Dutch_Elm_Disease",13.58563,55.70512
"Dutch_Elm_Disease",11.53609,58.19154
"Dutch_Elm_Disease",11.92348,57.74376
"Dutch_Elm_Disease",16.30828,56.83517
"Dutch_Elm_Disease",15.37842,56.16128
"Dutch_Elm_Disease",18.30802,59.23522
"Dutch_Elm_Disease",14.57206,56.97427
"Dutch_Elm_Disease",-121.45938,38.564051
"Dutch_Elm_Disease",36.328025,49.624598
"Dutch_Elm_Disease",14.72538,56.8705
"Dutch_Elm_Disease",15.37769,56.16213
"Dutch_Elm_Disease",16.64082,59.55144
"Dutch_Elm_Disease",12.5728,56.16157
"Dutch_Elm_Disease",16.40988,56.3322
"Dutch_Elm_Disease",1.019675,52.082636
"Dutch_Elm_Disease",1.076728,52.063172
"Dutch_Elm_Disease",1.052499,52.135751
"Dutch_Elm_Disease",16.21101,59.47851
"Dutch_Elm_Disease",14.88585,59.27819
"Dutch_Elm_Disease",16.48859,59.36328
"Dutch_Elm_Disease",18.05039,59.33871
"Dutch_Elm_Disease",14.72526,56.86968
"Dutch_Elm_Disease",14.9659,57.66793
"Dutch_Elm_Disease",13.73706,56.55499
"Dutch_Elm_Disease",18.23105,57.25383
"Dutch_Elm_Disease",16.47287,56.44069
"Dutch_Elm_Disease",16.18633,59.77855
"Dutch_Elm_Disease",16.21614,59.61301
"Dutch_Elm_Disease",-1.323881,53.449848
"Dutch_Elm_Disease",-1.323881,53.449848
"Dutch_Elm_Disease",-1.325304,53.359969
"Dutch_Elm_Disease",-1.175062,53.359025
"Dutch_Elm_Disease",-1.175062,53.359025
"Dutch_Elm_Disease",-1.175062,53.359025
"Dutch_Elm_Disease",-1.175062,53.359025
"Dutch_Elm_Disease",-1.173322,53.448901
"Dutch_Elm_Disease",-1.323881,53.449848
"Dutch_Elm_Disease",-1.175062,53.359025
"Dutch_Elm_Disease",-1.175062,53.359025
"Dutch_Elm_Disease",-1.175062,53.359025
"Dutch_Elm_Disease",-1.323881,53.449848
"Dutch_Elm_Disease",-1.474448,53.450605
"Dutch_Elm_Disease",-1.323881,53.449848
"Dutch_Elm_Disease",-1.175062,53.359025
"Dutch_Elm_Disease",-1.474448,53.450605
"Dutch_Elm_Disease",-1.175062,53.359025
"Dutch_Elm_Disease",-1.474448,53.450605
"Dutch_Elm_Disease",-1.173322,53.448901
"Dutch_Elm_Disease",-1.175062,53.359025
"Dutch_Elm_Disease",-1.175062,53.359025
"Dutch_Elm_Disease",-1.175062,53.359025
"Dutch_Elm_Disease",-1.173322,53.448901
"Dutch_Elm_Disease",-1.173322,53.448901
"Dutch_Elm_Disease",-1.323881,53.449848
"Dutch_Elm_Disease",-1.175062,53.359025
"Dutch_Elm_Disease",-1.175062,53.359025
"Dutch_Elm_Disease",-1.175062,53.359025
"Dutch_Elm_Disease",-1.325304,53.359969
"Dutch_Elm_Disease",-1.323881,53.449848
"Dutch_Elm_Disease",-1.323881,53.449848
"Dutch_Elm_Disease",-1.323881,53.449848
"Dutch_Elm_Disease",-1.175062,53.359025
"Dutch_Elm_Disease",-1.175062,53.359025
"Dutch_Elm_Disease",-1.173322,53.448901
"Dutch_Elm_Disease",-1.175062,53.359025
"Dutch_Elm_Disease",-1.175062,53.359025
"Dutch_Elm_Disease",-1.474448,53.450605
"Dutch_Elm_Disease",-1.175062,53.359025
"Dutch_Elm_Disease",-1.323881,53.449848
"Dutch_Elm_Disease",-1.175062,53.359025
"Dutch_Elm_Disease",-1.175062,53.359025
"Dutch_Elm_Disease",-1.175062,53.359025
"Dutch_Elm_Disease",-1.323881,53.449848
"Dutch_Elm_Disease",-1.173322,53.448901
"Dutch_Elm_Disease",-1.175062,53.359025
"Dutch_Elm_Disease",-1.175062,53.359025
"Dutch_Elm_Disease",-1.173322,53.448901
"Dutch_Elm_Disease",-1.175062,53.359025
"Dutch_Elm_Disease",-1.325304,53.359969
"Dutch_Elm_Disease",-1.323881,53.449848
"Dutch_Elm_Disease",-1.323881,53.449848
"Dutch_Elm_Disease",-1.173322,53.448901
"Dutch_Elm_Disease",-1.175062,53.359025
"Dutch_Elm_Disease",4.7,52.65
"Dutch_Elm_Disease",3.9,51.45
"Dutch_Elm_Disease",-1.924251,54.530256
"Dutch_Elm_Disease",-1.175062,53.359025
"Dutch_Elm_Disease",-1.323881,53.449848
"Dutch_Elm_Disease",-1.175062,53.359025
"Dutch_Elm_Disease",-0.787223,51.108005
"Dutch_Elm_Disease",-1.175062,53.359025
"Dutch_Elm_Disease",-0.724399,53.35506
"Dutch_Elm_Disease",-1.175062,53.359025
"Dutch_Elm_Disease",-2.669199,52.820645
"Dutch_Elm_Disease",-1.175062,53.359025
"Dutch_Elm_Disease",-0.787223,51.108005
"Dutch_Elm_Disease",-1.173322,53.448901
"Dutch_Elm_Disease",-0.915241,51.738698
"Dutch_Elm_Disease",-2.235895,54.979376
"Dutch_Elm_Disease",-1.922721,55.339018
"Dutch_Elm_Disease",-0.349238,51.372422
"Dutch_Elm_Disease",-0.787223,51.108005
"Dutch_Elm_Disease",-0.696831,54.253627
"Dutch_Elm_Disease",-2.371661,52.732054
"Dutch_Elm_Disease",-2.371661,52.732054
"Dutch_Elm_Disease",-0.927955,51.199303
"Dutch_Elm_Disease",-1.325304,53.359969
"Dutch_Elm_Disease",-1.323881,53.449848
"Dutch_Elm_Disease",-0.01509,52.446292
"Dutch_Elm_Disease",-1.173322,53.448901
"Dutch_Elm_Disease",-0.927955,51.199303
"Dutch_Elm_Disease",-1.325304,53.359969
"Dutch_Elm_Disease",-1.175062,53.359025
"Dutch_Elm_Disease",-1.62343,53.630935
"Dutch_Elm_Disease",-1.323881,53.449848
"Dutch_Elm_Disease",-1.923918,54.70999
"Dutch_Elm_Disease",-2.079832,55.06944
"Dutch_Elm_Disease",-3.555782,56.766871
"Dutch_Elm_Disease",-0.443596,52.812331
"Dutch_Elm_Disease",-1.173322,53.448901
"Dutch_Elm_Disease",-1.175062,53.359025
"Dutch_Elm_Disease",-3.555782,56.766871
"Dutch_Elm_Disease",-1.323881,53.449848
"Dutch_Elm_Disease",-0.471807,52.003518
"Dutch_Elm_Disease",-1.175062,53.359025
"Dutch_Elm_Disease",-2.669199,52.820645
"Dutch_Elm_Disease",-0.147019,52.808071
"Dutch_Elm_Disease",-1.175062,53.359025
"Dutch_Elm_Disease",-2.224966,53.002105
"Dutch_Elm_Disease",-2.548368,54.978368
"Dutch_Elm_Disease",-1.922721,55.339018
"Dutch_Elm_Disease",-3.615841,50.293715
"Dutch_Elm_Disease",-1.175062,53.359025
"Dutch_Elm_Disease",-0.927955,51.199303
"Dutch_Elm_Disease",-0.787223,51.108005
"Dutch_Elm_Disease",-1.175062,53.359025
"Dutch_Elm_Disease",1.320732,52.596184
"Dutch_Elm_Disease",-2.235895,54.979376
"Dutch_Elm_Disease",-1.927836,52.462922
"Dutch_Elm_Disease",-1.325304,53.359969
"Dutch_Elm_Disease",-0.244191,54.06811
"Dutch_Elm_Disease",-1.173322,53.448901
"Dutch_Elm_Disease",-1.175062,53.359025
"Dutch_Elm_Disease",-0.705259,53.984072
"Dutch_Elm_Disease",-1.173322,53.448901
"Dutch_Elm_Disease",-1.323881,53.449848
"Dutch_Elm_Disease",-0.927955,51.199303
"Dutch_Elm_Disease",-3.257458,52.636066
"Dutch_Elm_Disease",-1.175062,53.359025
"Dutch_Elm_Disease",-2.235895,54.979376
"Dutch_Elm_Disease",-2.824397,53.179245
"Dutch_Elm_Disease",-1.323881,53.449848
"Dutch_Elm_Disease",-3.873853,56.582784
"Dutch_Elm_Disease",-1.175062,53.359025
"Dutch_Elm_Disease",-1.175062,53.359025
"Dutch_Elm_Disease",-1.175062,53.359025
"Dutch_Elm_Disease",-1.927836,52.462922
"Dutch_Elm_Disease",-0.691135,54.433323
"Dutch_Elm_Disease",-1.175062,53.359025
"Dutch_Elm_Disease",-1.323881,53.449848
"Dutch_Elm_Disease",-1.188651,52.639965
"Dutch_Elm_Disease",-1.474448,53.450605
"Dutch_Elm_Disease",-1.175062,53.359025
"Dutch_Elm_Disease",-1.175062,53.359025
"Dutch_Elm_Disease",18.64621,57.6104
"Dutch_Elm_Disease",16.41032,56.37304
"Dutch_Elm_Disease",11.65143,57.73605
"Dutch_Elm_Disease",18.11849,59.2492
"Dutch_Elm_Disease",18.30179,59.23623
"Dutch_Elm_Disease",14.6828,58.38211
"Dutch_Elm_Disease",14.80869,56.87608
"Dutch_Elm_Disease",18.10838,59.34604
"Dutch_Elm_Disease",16.42523,56.35634
"Dutch_Elm_Disease",14.68682,58.38475
"Dutch_Elm_Disease",18.67417,59.47517
"Dutch_Elm_Disease",17.66705,59.82367
"Dutch_Elm_Disease",0.63677,46.158666
"Dutch_Elm_Disease",-75.245454,40.060357
"Dutch_Elm_Disease",11.630166,44.74565
"Dutch_Elm_Disease",4.455357,43.983675
"Dutch_Elm_Disease",141.34,43.07
"Dutch_Elm_Disease",141.34,43.07
"Dutch_Elm_Disease",141.34,43.07
"Dutch_Elm_Disease",141.34,43.07
"Dutch_Elm_Disease",141.34,43.07
"Dutch_Elm_Disease",141.34,43.07
"Dutch_Elm_Disease",-82.397591,41.455162
"Dutch_Elm_Disease",-0.644514,54.42818
"Dutch_Elm_Disease",8.52914,47.28324
"Dutch_Elm_Disease",7.53598,46.29887
"Dutch_Elm_Disease",8.52914,47.28324
"Dutch_Elm_Disease",9.26362,47.49887
"Dutch_Elm_Disease",9.26362,47.49887
"Dutch_Elm_Disease",8.72413,47.14629
"Dutch_Elm_Disease",9.26362,47.49887
"Dutch_Elm_Disease",8.80034,47.55022
"Dutch_Elm_Disease",9.39464,47.45174
"Dutch_Elm_Disease",7.66784,46.79344
"Dutch_Elm_Disease",8.85834,47.23467
"Dutch_Elm_Disease",8.00091,47.332
"Dutch_Elm_Disease",8.59717,47.37253
"Dutch_Elm_Disease",9.26362,47.49887
"Dutch_Elm_Disease",7.60484,47.60306
"Dutch_Elm_Disease",9.56295,46.68393
"Dutch_Elm_Disease",8.1911,46.74621
"Dutch_Elm_Disease",8.72738,47.28119
"Dutch_Elm_Disease",9.26362,47.49887
"Dutch_Elm_Disease",9.43228,46.68629
"Dutch_Elm_Disease",8.72413,47.14629
"Dutch_Elm_Disease",7.73284,46.70333
"Dutch_Elm_Disease",7.47162,47.19844
"Dutch_Elm_Disease",8.85714,47.18971
"Dutch_Elm_Disease",7.60087,46.29879
"Dutch_Elm_Disease",9.43228,46.68629
"Dutch_Elm_Disease",9.43228,46.68629
"Dutch_Elm_Disease",8.5962,47.32756
"Dutch_Elm_Disease",9.39299,47.40679
"Dutch_Elm_Disease",8.32714,47.06009
"Dutch_Elm_Disease",8.46478,47.37378
"Dutch_Elm_Disease",9.04154,46.73744
"Dutch_Elm_Disease",9.10834,46.78147
"Dutch_Elm_Disease",7.47149,46.97357
"Dutch_Elm_Disease",8.5962,47.32756
"Dutch_Elm_Disease",9.58802,47.31334
"Dutch_Elm_Disease",8.45962,47.10397
"Dutch_Elm_Disease",8.46133,47.19391
"Dutch_Elm_Disease",8.46305,47.28384
"Dutch_Elm_Disease",8.7946,47.3254
"Dutch_Elm_Disease",8.53098,47.37317
"Dutch_Elm_Disease",8.5319,47.41814
"Dutch_Elm_Disease",8.60405,47.68728
"Dutch_Elm_Disease",8.65109,46.83222
"Dutch_Elm_Disease",8.26202,47.10555
"Dutch_Elm_Disease",7.40603,46.56877
"Dutch_Elm_Disease",7.40598,46.65873
"Dutch_Elm_Disease",7.27381,47.15335
"Dutch_Elm_Disease",8.7946,47.3254
"Dutch_Elm_Disease",8.5319,47.41814
"Dutch_Elm_Disease",7.80399,47.55764
"Dutch_Elm_Disease",9.45581,47.31573
"Dutch_Elm_Disease",9.58983,47.3583
"Dutch_Elm_Disease",6.11068,46.20113
"Dutch_Elm_Disease",8.72413,47.14629
"Dutch_Elm_Disease",7.73284,46.70333
"Dutch_Elm_Disease",8.5962,47.32756
"Dutch_Elm_Disease",8.26133,47.06058
"Dutch_Elm_Disease",8.53098,47.37317
"Dutch_Elm_Disease",8.60405,47.68728
"Dutch_Elm_Disease",7.73309,46.74831
"Dutch_Elm_Disease",8.65109,46.83222
"Dutch_Elm_Disease",8.26064,47.01561
"Dutch_Elm_Disease",7.92898,46.70266
"Dutch_Elm_Disease",7.99389,46.65738
"Dutch_Elm_Disease",7.4713,46.65873
"Dutch_Elm_Disease",9.1738,46.78049
"Dutch_Elm_Disease",9.1738,46.78049
"Dutch_Elm_Disease",9.5045,46.86497
"Dutch_Elm_Disease",8.53098,47.37317
"Dutch_Elm_Disease",8.6644,47.41681
"Dutch_Elm_Disease",7.21209,46.16375
"Dutch_Elm_Disease",7.14394,46.79328
"Dutch_Elm_Disease",8.52914,47.28324
"Dutch_Elm_Disease",8.67064,47.68659
"Dutch_Elm_Disease",7.60236,46.79355
"Dutch_Elm_Disease",8.66027,47.23695
"Dutch_Elm_Disease",8.59425,47.23763
"Dutch_Elm_Disease",9.06322,47.45687
"Dutch_Elm_Disease",8.79118,47.1905
"Dutch_Elm_Disease",7.40598,46.65873
"Dutch_Elm_Disease",8.06025,46.747
"Dutch_Elm_Disease",8.53098,47.37317
"Dutch_Elm_Disease",9.06185,47.41191
"Dutch_Elm_Disease",7.73309,46.74831
"Dutch_Elm_Disease",9.04154,46.73744
"Dutch_Elm_Disease",9.1738,46.78049
"Dutch_Elm_Disease",8.46133,47.19391
"Dutch_Elm_Disease",8.7263,47.23623
"Dutch_Elm_Disease",8.00091,47.332
"Dutch_Elm_Disease",7.6047,47.5581
"Dutch_Elm_Disease",7.60101,46.34377
"Dutch_Elm_Disease",7.99435,46.70236
"Dutch_Elm_Disease",8.26133,47.06058
"Dutch_Elm_Disease",8.93189,47.50362
"Dutch_Elm_Disease",9.13237,47.54584
"Dutch_Elm_Disease",9.06735,47.59175
"Dutch_Elm_Disease",9.52896,47.49438
"Dutch_Elm_Disease",8.33239,47.37488
"Dutch_Elm_Disease",7.47106,46.25393
"Dutch_Elm_Disease",7.66577,46.29868
"Dutch_Elm_Disease",8.5319,47.41814
"Dutch_Elm_Disease",9.677216,45.730189
"Dutch_Elm_Disease",13.97303,58.42566
"Dutch_Elm_Disease",13.9197,58.41394
"Dutch_Elm_Disease",13.94548,58.36901
"Dutch_Elm_Disease",-2.379417,52.772483
"Dutch_Elm_Disease",-2.661303,52.789225
"Dutch_Elm_Disease",17.66215,59.83152
"Dutch_Elm_Disease",17.54769,59.85831
"Dutch_Elm_Disease",17.66214,59.83157
"Dutch_Elm_Disease",17.8679,59.88467
"Dutch_Elm_Disease",-81.42928,41.240219
"Dutch_Elm_Disease",-1.129547,52.639546
"Dutch_Elm_Disease",17.65783,59.72519
"Dutch_Elm_Disease",-3.228073,51.445499
"Dutch_Elm_Disease",21.799734,61.566541
"Dutch_Elm_Disease",25.078789,60.317766
"Dutch_Elm_Disease",15.81661,59.39806
"Dutch_Elm_Disease",18.23105,57.25383
"Dutch_Elm_Disease",-2.554989,51.414202
"Dutch_Elm_Disease",-3.308523,51.892417
"Dutch_Elm_Disease",-3.602217,51.773689
"Dutch_Elm_Disease",-3.308523,51.892417
"Dutch_Elm_Disease",-3.21201,51.870073
"Dutch_Elm_Disease",0.286426,52.315408
"Dutch_Elm_Disease",0.287892,52.31538
"Dutch_Elm_Disease",0.287799,52.313583
"Dutch_Elm_Disease",0.568735,52.578474
"Dutch_Elm_Disease",-3.242234,52.096787
"Dutch_Elm_Disease",0.552919,50.929023
"Dutch_Elm_Disease",0.552919,50.929023
"Dutch_Elm_Disease",-85.23233,39.0761
"Dutch_Elm_Disease",14.52507,56.26619
"Dutch_Elm_Disease",15.61362,58.39186
"Dutch_Elm_Disease",17.31672,59.72362
"Dutch_Elm_Disease",16.42909,56.46006
"Dutch_Elm_Disease",18.43101,57.60923
"Dutch_Elm_Disease",15.37842,56.16128
"Dutch_Elm_Disease",-75.697032,45.381927
"Dutch_Elm_Disease",15.60727,56.19961
"Dutch_Elm_Disease",13.09434,55.62005
"Dutch_Elm_Disease",16.6621,59.5706
"Dutch_Elm_Disease",15.66791,56.23262
"Dutch_Elm_Disease",14.15451,56.61148
"Dutch_Elm_Disease",-75.593773,39.938738
"Dutch_Elm_Disease",18.23105,57.25383
"Dutch_Elm_Disease",16.63136,59.60449
"Dutch_Elm_Disease",15.68949,59.57584
"Dutch_Elm_Disease",-79.67917,40.475029
"Dutch_Elm_Disease",17.65964,59.83236
"Dutch_Elm_Disease",15.91333,56.74141
"Dutch_Elm_Disease",17.65895,59.83296
"Dutch_Elm_Disease",16.383,59.78414
"Dutch_Elm_Disease",16.82162,59.09211
"Dutch_Elm_Disease",-1.99175,48.34139
"Dutch_Elm_Disease",12.38728,58.35538
"Dutch_Elm_Disease",-85.607055,42.509547
"Dutch_Elm_Disease",18.22305,59.2934
"Dutch_Elm_Disease",-73.216474,45.211235
"Dutch_Elm_Disease",8.771016,58.446519
"Dutch_Elm_Disease",17.94389,59.39333
"Dutch_Elm_Disease",13.83786,58.46853
"Dutch_Elm_Disease",13.08252,55.61652
"Dutch_Elm_Disease",16.30128,58.95512
"Dutch_Elm_Disease",16.42216,56.45972
"Dutch_Elm_Disease",13.63993,58.40217
"Dutch_Elm_Disease",17.05618,59.34493
"Dutch_Elm_Disease",13.7685,58.50856
"Dutch_Elm_Disease",13.71137,58.4504
"Dutch_Elm_Disease",13.74981,58.47776
"Dutch_Elm_Disease",12.39219,58.33073
"Dutch_Elm_Disease",18.04631,59.35046
"Dutch_Elm_Disease",17.38863,59.65491
"Dutch_Elm_Disease",13.67696,58.40384
"Dutch_Elm_Disease",18.00175,59.87509
"Dutch_Elm_Disease",15.24523,59.07338
"Dutch_Elm_Disease",13.83514,58.42634
"Dutch_Elm_Disease",12.05138,57.91768
"Dutch_Elm_Disease",16.5433,59.511
"Dutch_Elm_Disease",16.38594,59.77991
"Dutch_Elm_Disease",18.02296,59.32622
"Dutch_Elm_Disease",13.63564,55.68633
"Dutch_Elm_Disease",14.15404,56.61214
"Dutch_Elm_Disease",16.83931,59.56992
"Dutch_Elm_Disease",16.51001,59.58133
"Dutch_Elm_Disease",-81.444931,41.170989
"Dutch_Elm_Disease",-76.813819,38.929509
"Dutch_Elm_Disease",-72.577716,44.257591
"Dutch_Elm_Disease",-81.48605,41.236613
"Dutch_Elm_Disease",-81.281422,41.362739
"Dutch_Elm_Disease",-81.329282,41.224848
"Dutch_Elm_Disease",-72.461311,44.340881
"Dutch_Elm_Disease",-94.879129,38.572235
"Dutch_Elm_Disease",-77.615557,43.154784
"Dutch_Elm_Disease",-77.615557,43.154784
"Dutch_Elm_Disease",-94.879129,38.572235
"Dutch_Elm_Disease",-94.879129,38.572235
"Dutch_Elm_Disease",-94.776628,39.040283
"Dutch_Elm_Disease",-94.879129,38.572235
"Dutch_Elm_Disease",16.40821,56.35651
"Dutch_Elm_Disease",-82.686264,39.447097
"Dutch_Elm_Disease",16.51337,56.61709
"Dutch_Elm_Disease",15.91391,56.74194
"Dutch_Elm_Disease",15.81602,56.60207
"Dutch_Elm_Disease",16.30475,58.95632
"Dutch_Elm_Disease",12.28301,57.42487
"Dutch_Elm_Disease",-76.584207,44.498366
"Dutch_Elm_Disease",16.13955,56.50157
"Dutch_Elm_Disease",16.62129,56.7931
"Dutch_Elm_Disease",16.62129,56.7931
"Dutch_Elm_Disease",17.12973,60.6744
"Dutch_Elm_Disease",17.66819,59.82405
"Dutch_Elm_Disease",15.50758,58.42601
"Dutch_Elm_Disease",16.38066,59.78437
"Dutch_Elm_Disease",16.57181,59.60305
"Dutch_Elm_Disease",16.14262,58.6
"Dutch_Elm_Disease",17.73017,60.0171
"Dutch_Elm_Disease",13.15654,55.69672
"Dutch_Elm_Disease",16.41606,59.71699
"Dutch_Elm_Disease",16.18695,59.77903
"Dutch_Elm_Disease",16.4204,56.35628
"Dutch_Elm_Disease",17.83798,59.11879
"Dutch_Elm_Disease",16.38416,59.78329
"Dutch_Elm_Disease",16.18592,59.77904
"Dutch_Elm_Disease",17.85212,59.74425
"Dutch_Elm_Disease",15.92204,59.19625
"Dutch_Elm_Disease",16.40988,56.36418
"Dutch_Elm_Disease",14.66921,56.31865
"Dutch_Elm_Disease",17.64641,59.82851
"Dutch_Elm_Disease",17.1225,59.48171
"Dutch_Elm_Disease",16.42102,56.42646
"Dutch_Elm_Disease",16.29831,58.95572
"Dutch_Elm_Disease",16.84147,59.5695
"Dutch_Elm_Disease",14.10832,59.31022
"Dutch_Elm_Disease",-75.61836,45.362258
"Dutch_Elm_Disease",15.708,46.275002
"Dutch_Elm_Disease",15.708,46.275002
"Dutch_Elm_Disease",15.708,46.275002
"Dutch_Elm_Disease",15.708,46.275002
"Dutch_Elm_Disease",14.16525,56.63006
"Dutch_Elm_Disease",16.47299,59.67467
"Dutch_Elm_Disease",16.49986,59.64596
"Dutch_Elm_Disease",13.13574,55.56507
"Dutch_Elm_Disease",18.23149,57.25703
"Dutch_Elm_Disease",17.85963,59.3021
"Dutch_Elm_Disease",14.98153,59.26894
"Dutch_Elm_Disease",18.3506,57.51726
"Dutch_Elm_Disease",15.42247,59.1838
"Dutch_Elm_Disease",16.48515,59.09905
"Dutch_Elm_Disease",16.48515,59.09905
"Dutch_Elm_Disease",16.30178,58.95553
"Dutch_Elm_Disease",16.30178,58.95553
"Dutch_Elm_Disease",16.47211,59.67449
"Dutch_Elm_Disease",16.51682,56.64604
"Dutch_Elm_Disease",17.57887,60.06309
"Dutch_Elm_Disease",16.37683,59.77981
"Dutch_Elm_Disease",16.38416,59.78329
"Dutch_Elm_Disease",16.8523,59.52398
"Dutch_Elm_Disease",16.85741,59.5597
"Dutch_Elm_Disease",17.05962,59.76656
"Dutch_Elm_Disease",15.03797,59.52422
"Dutch_Elm_Disease",16.05669,59.43479
"Dutch_Elm_Disease",17.00108,58.76847
"Dutch_Elm_Disease",14.88768,59.27884
"Dutch_Elm_Disease",14.16969,56.60628
"Dutch_Elm_Disease",18.59293,57.6273
"Dutch_Elm_Disease",18.04959,59.37472
"Dutch_Elm_Disease",16.51734,59.70629
"Dutch_Elm_Disease",16.29831,58.95572
"Dutch_Elm_Disease",15.92974,59.04852
"Dutch_Elm_Disease",16.03751,59.26875
"Dutch_Elm_Disease",14.26867,55.65847
"Dutch_Elm_Disease",16.14061,59.82184
"Dutch_Elm_Disease",17.83004,59.73758
"Dutch_Elm_Disease",17.87697,59.26275
"Dutch_Elm_Disease",16.19227,59.77259
"Dutch_Elm_Disease",13.15656,55.696
"Dutch_Elm_Disease",16.38416,59.78329
"Dutch_Elm_Disease",16.18647,59.77899
"Dutch_Elm_Disease",15.24936,59.07392
"Dutch_Elm_Disease",10.72237,59.97258
"Dutch_Elm_Disease",10.72237,59.97258
"Dutch_Elm_Disease",10.72237,59.97258
"Dutch_Elm_Disease",-75.724342,45.385549
"Dutch_Elm_Disease",-75.651944,45.445911
"Dutch_Elm_Disease",174.762641,-36.837872
"Dutch_Elm_Disease",174.762641,-36.837872
"Dutch_Elm_Disease",16.4211,56.42861
"Dutch_Elm_Disease",18.63681,57.6106
"Dutch_Elm_Disease",16.51422,56.62862
"Dutch_Elm_Disease",16.42976,56.59621
"Dutch_Elm_Disease",16.81679,59.08936
"Dutch_Elm_Disease",17.39077,59.32753
"Dutch_Elm_Disease",17.62699,59.38852
