"species","dd long","dd lat"
"Forest_Tent_Caterpillar",-110.95,55.736
"Forest_Tent_Caterpillar",-110.95,55.736
"Forest_Tent_Caterpillar",-110.95,55.736
"Forest_Tent_Caterpillar",-110.95,55.736
"Forest_Tent_Caterpillar",-110.95,55.736
"Forest_Tent_Caterpillar",-110.834,55.968
"Forest_Tent_Caterpillar",-110.95,55.736
"Forest_Tent_Caterpillar",-110.95,55.736
"Forest_Tent_Caterpillar",-110.95,55.736
"Forest_Tent_Caterpillar",-111.309,55.686
"Forest_Tent_Caterpillar",-110.877,55.514
"Forest_Tent_Caterpillar",-111.097,55.493
"Forest_Tent_Caterpillar",-110.834,55.968
"Forest_Tent_Caterpillar",-110.834,55.968
"Forest_Tent_Caterpillar",-110.834,55.968
"Forest_Tent_Caterpillar",-110.95,55.736
"Forest_Tent_Caterpillar",-110.834,55.968
"Forest_Tent_Caterpillar",-110.834,55.968
"Forest_Tent_Caterpillar",-110.834,55.968
"Forest_Tent_Caterpillar",-110.834,55.968
"Forest_Tent_Caterpillar",-110.834,55.968
"Forest_Tent_Caterpillar",-72.943247,43.626013
"Forest_Tent_Caterpillar",-82.76857,39.128356
"Forest_Tent_Caterpillar",-79.854263,40.318505
"Forest_Tent_Caterpillar",-93.989003,33.684318
"Forest_Tent_Caterpillar",-72.939289,43.629356
"Forest_Tent_Caterpillar",-88.930414,37.376228
"Forest_Tent_Caterpillar",-72.265311,44.286062
"Forest_Tent_Caterpillar",-72.523893,44.317905
"Forest_Tent_Caterpillar",-79.365562,34.441309
"Forest_Tent_Caterpillar",-72.588833,43.8525
"Forest_Tent_Caterpillar",-73.040702,44.482661
"Forest_Tent_Caterpillar",-72.560012,43.669727
"Forest_Tent_Caterpillar",-86.8,36.140667
"Forest_Tent_Caterpillar",-97.280642,32.882209
"Forest_Tent_Caterpillar",-71.6881,41.728257
"Forest_Tent_Caterpillar",-122.234642,37.406765
"Forest_Tent_Caterpillar",-73.038493,43.659872
"Forest_Tent_Caterpillar",-97.584167,29.5875
"Forest_Tent_Caterpillar",-95.61609,36.312596
"Forest_Tent_Caterpillar",-119.374,53.764
"Forest_Tent_Caterpillar",-118.51,55.26
"Forest_Tent_Caterpillar",-118.533,55.254
"Forest_Tent_Caterpillar",-113.092,53.326
"Forest_Tent_Caterpillar",-113.47,53.55
"Forest_Tent_Caterpillar",-113.47,53.55
"Forest_Tent_Caterpillar",-116.078,52.47
"Forest_Tent_Caterpillar",-113.47,53.55
"Forest_Tent_Caterpillar",-111.194,56.475
"Forest_Tent_Caterpillar",-114.42,59.066
"Forest_Tent_Caterpillar",-114.075,53.068
"Forest_Tent_Caterpillar",-114.426,59.011
"Forest_Tent_Caterpillar",-114.42,59.066
"Forest_Tent_Caterpillar",-113.685,49.026
"Forest_Tent_Caterpillar",-112.467,57.58
"Forest_Tent_Caterpillar",-112.467,57.58
"Forest_Tent_Caterpillar",-118.533,55.254
"Forest_Tent_Caterpillar",-118.533,55.254
"Forest_Tent_Caterpillar",-110.917,58.05
"Forest_Tent_Caterpillar",-113.092,53.326
"Forest_Tent_Caterpillar",-113.092,53.326
"Forest_Tent_Caterpillar",-113.092,53.326
"Forest_Tent_Caterpillar",-113.092,53.326
"Forest_Tent_Caterpillar",-113.092,53.326
"Forest_Tent_Caterpillar",-114.133,51.06
"Forest_Tent_Caterpillar",-112.953,53.367
"Forest_Tent_Caterpillar",-114.08,51.066
"Forest_Tent_Caterpillar",-113.92,52.31
"Forest_Tent_Caterpillar",-113.92,52.31
"Forest_Tent_Caterpillar",-116.078,52.47
"Forest_Tent_Caterpillar",-113.47,53.55
"Forest_Tent_Caterpillar",-113.92,52.31
"Forest_Tent_Caterpillar",-113.47,53.55
"Forest_Tent_Caterpillar",-113.47,53.55
"Forest_Tent_Caterpillar",-113.47,53.55
"Forest_Tent_Caterpillar",-113.47,53.55
"Forest_Tent_Caterpillar",-113.47,53.55
"Forest_Tent_Caterpillar",-113.47,53.55
"Forest_Tent_Caterpillar",-113.47,53.55
"Forest_Tent_Caterpillar",-113.47,53.55
"Forest_Tent_Caterpillar",-113.47,53.55
"Forest_Tent_Caterpillar",-113.47,53.55
"Forest_Tent_Caterpillar",-113.47,53.55
"Forest_Tent_Caterpillar",-113.47,53.55
"Forest_Tent_Caterpillar",-96.688136,32.825875
"Forest_Tent_Caterpillar",-96.631897,32.996747
"Forest_Tent_Caterpillar",-96.812478,32.466197
"Forest_Tent_Caterpillar",-96.927353,32.651833
"Forest_Tent_Caterpillar",-81.391752,31.223656
"Forest_Tent_Caterpillar",-80.048655,33.004943
"Forest_Tent_Caterpillar",-96.584321,32.78658
"Forest_Tent_Caterpillar",-77.473237,37.585025
"Forest_Tent_Caterpillar",-90.449161,31.032016
"Forest_Tent_Caterpillar",-78.684945,35.743767
"Forest_Tent_Caterpillar",-82.413872,29.728822
"Forest_Tent_Caterpillar",-78.394704,33.966835
"Forest_Tent_Caterpillar",-93.135667,35.277442
"Forest_Tent_Caterpillar",-90.956213,30.486848
"Forest_Tent_Caterpillar",-92.197433,32.495207
"Forest_Tent_Caterpillar",-94.638397,31.619965
"Forest_Tent_Caterpillar",-82.300847,29.480219
"Forest_Tent_Caterpillar",-81.598304,31.846829
"Forest_Tent_Caterpillar",-81.326713,29.890617
"Forest_Tent_Caterpillar",-80.881287,32.208763
"Forest_Tent_Caterpillar",-93.135667,35.277442
"Forest_Tent_Caterpillar",-76.757225,37.339294
"Forest_Tent_Caterpillar",-87.398628,34.284887
"Forest_Tent_Caterpillar",-84.318795,30.470437
"Forest_Tent_Caterpillar",-77.484319,37.533983
"Forest_Tent_Caterpillar",-97.939334,29.890289
"Forest_Tent_Caterpillar",-78.965927,36.046795
"Forest_Tent_Caterpillar",-78.536725,35.884313
"Forest_Tent_Caterpillar",-81.335904,35.296388
"Forest_Tent_Caterpillar",-83.349727,33.921293
"Forest_Tent_Caterpillar",-97.705078,30.372362
"Forest_Tent_Caterpillar",-98.482119,29.460677
"Forest_Tent_Caterpillar",-79.279588,33.363209
"Forest_Tent_Caterpillar",-77.905287,34.205025
"Forest_Tent_Caterpillar",-97.176699,32.640305
"Forest_Tent_Caterpillar",-97.896252,29.911951
"Forest_Tent_Caterpillar",-94.727212,32.466788
"Forest_Tent_Caterpillar",-81.789722,32.422253
"Forest_Tent_Caterpillar",-82.324998,29.651897
"Forest_Tent_Caterpillar",-88.038447,31.55555
"Forest_Tent_Caterpillar",-83.385491,33.181087
"Forest_Tent_Caterpillar",-81.025878,33.999878
"Forest_Tent_Caterpillar",-91.986143,30.670523
"Forest_Tent_Caterpillar",-82.975975,29.487733
"Forest_Tent_Caterpillar",-82.172487,29.934807
"Forest_Tent_Caterpillar",-91.094679,30.356819
"Forest_Tent_Caterpillar",-82.476958,29.570683
"Forest_Tent_Caterpillar",-95.419158,30.138314
"Forest_Tent_Caterpillar",-84.993387,32.468762
"Forest_Tent_Caterpillar",-98.481976,29.460472
"Forest_Tent_Caterpillar",-81.035652,33.993961
"Forest_Tent_Caterpillar",-84.133787,33.940175
"Forest_Tent_Caterpillar",-97.734512,30.251925
"Forest_Tent_Caterpillar",-97.93587,29.89025
"Forest_Tent_Caterpillar",-83.606146,32.840829
"Forest_Tent_Caterpillar",-79.279416,33.363239
"Forest_Tent_Caterpillar",-92.196855,32.495108
"Forest_Tent_Caterpillar",-96.688095,33.092031
"Forest_Tent_Caterpillar",-87.547683,33.211063
"Forest_Tent_Caterpillar",-83.592026,33.012603
"Forest_Tent_Caterpillar",-83.361743,33.493428
"Forest_Tent_Caterpillar",-96.557721,32.989745
"Forest_Tent_Caterpillar",-82.5971,29.934278
"Forest_Tent_Caterpillar",-96.1194,32.658138
"Forest_Tent_Caterpillar",-84.205261,30.433447
"Forest_Tent_Caterpillar",-96.717572,33.077775
"Forest_Tent_Caterpillar",-96.098364,32.9279
"Forest_Tent_Caterpillar",-78.721885,37.772663
"Forest_Tent_Caterpillar",-79.284958,33.367425
"Forest_Tent_Caterpillar",-91.176012,30.410622
"Forest_Tent_Caterpillar",-87.918228,30.741853
"Forest_Tent_Caterpillar",-87.547212,33.211163
"Forest_Tent_Caterpillar",-91.105694,30.370066
"Forest_Tent_Caterpillar",-97.121592,32.730653
"Forest_Tent_Caterpillar",-81.247321,32.397351
"Forest_Tent_Caterpillar",-96.696908,32.934038
"Forest_Tent_Caterpillar",-83.370781,33.937824
"Forest_Tent_Caterpillar",-97.130049,33.217193
"Forest_Tent_Caterpillar",-91.069163,30.221018
"Forest_Tent_Caterpillar",-77.905333,34.205025
"Forest_Tent_Caterpillar",-91.583054,32.25375
"Forest_Tent_Caterpillar",-96.488159,33.521179
"Forest_Tent_Caterpillar",-91.279755,30.68992
"Forest_Tent_Caterpillar",-96.789062,32.681339
"Forest_Tent_Caterpillar",-86.66893,33.153331
"Forest_Tent_Caterpillar",-96.988398,33.062264
"Forest_Tent_Caterpillar",-83.873795,33.374302
"Forest_Tent_Caterpillar",-96.564018,33.741019
"Forest_Tent_Caterpillar",-97.94113,29.888433
"Forest_Tent_Caterpillar",-96.658209,32.967941
"Forest_Tent_Caterpillar",-81.506882,30.264753
"Forest_Tent_Caterpillar",-92.196694,32.495061
"Forest_Tent_Caterpillar",-96.963023,33.067177
"Forest_Tent_Caterpillar",-81.100442,32.075583
"Forest_Tent_Caterpillar",-79.940692,32.750314
"Forest_Tent_Caterpillar",-73.741053,41.794181
"Forest_Tent_Caterpillar",-97.73513,30.249292
"Forest_Tent_Caterpillar",-90.936837,30.54238
"Forest_Tent_Caterpillar",-97.734061,30.282301
"Forest_Tent_Caterpillar",-94.765003,32.192089
"Forest_Tent_Caterpillar",-81.620925,28.749263
"Forest_Tent_Caterpillar",-80.954419,35.135467
"Forest_Tent_Caterpillar",-96.563679,33.135133
"Forest_Tent_Caterpillar",-78.591828,33.874855
"Forest_Tent_Caterpillar",-81.777183,32.41425
"Forest_Tent_Caterpillar",-80.87728,35.1296
"Forest_Tent_Caterpillar",-92.36017,32.570925
"Forest_Tent_Caterpillar",-77.10823,38.751789
"Forest_Tent_Caterpillar",-96.657026,32.964204
"Forest_Tent_Caterpillar",-88.038447,31.55555
"Forest_Tent_Caterpillar",-81.894423,31.593204
"Forest_Tent_Caterpillar",-96.57,32.93
"Forest_Tent_Caterpillar",-97.444615,35.221393
"Forest_Tent_Caterpillar",-96.668781,33.053246
"Forest_Tent_Caterpillar",-79.28502,33.367378
"Forest_Tent_Caterpillar",-82.723353,29.383287
"Forest_Tent_Caterpillar",-92.621665,33.390274
"Forest_Tent_Caterpillar",-82.723297,29.385319
"Forest_Tent_Caterpillar",-82.723297,29.385319
"Forest_Tent_Caterpillar",-84.566313,33.356542
"Forest_Tent_Caterpillar",-96.668781,33.053246
"Forest_Tent_Caterpillar",-91.095135,30.356616
"Forest_Tent_Caterpillar",-80.688548,35.066433
"Forest_Tent_Caterpillar",-81.028009,33.998052
"Forest_Tent_Caterpillar",-90.898722,30.260028
"Forest_Tent_Caterpillar",-96.642901,33.087704
"Forest_Tent_Caterpillar",-73.380242,41.34125
"Forest_Tent_Caterpillar",-81.127633,27.910488
"Forest_Tent_Caterpillar",-80.825564,33.822225
"Forest_Tent_Caterpillar",-96.704108,32.702038
"Forest_Tent_Caterpillar",-82.460121,29.715594
"Forest_Tent_Caterpillar",-84.446818,33.906022
"Forest_Tent_Caterpillar",-80.25655,33.035467
"Forest_Tent_Caterpillar",-90.797909,32.085606
"Forest_Tent_Caterpillar",-81.5732,31.374263
"Forest_Tent_Caterpillar",-82.298752,31.905112
"Forest_Tent_Caterpillar",-96.629058,32.992058
"Forest_Tent_Caterpillar",-98.482147,29.460475
"Forest_Tent_Caterpillar",-122.567292,37.996987
"Forest_Tent_Caterpillar",-77.941806,35.370661
"Forest_Tent_Caterpillar",-96.704788,32.70489
"Forest_Tent_Caterpillar",-96.245179,32.944083
"Forest_Tent_Caterpillar",-89.997471,35.150625
"Forest_Tent_Caterpillar",-84.20562,30.436203
"Forest_Tent_Caterpillar",-82.36757,29.635475
"Forest_Tent_Caterpillar",-77.945892,34.237367
"Forest_Tent_Caterpillar",-77.873448,34.224885
"Forest_Tent_Caterpillar",-98.203712,32.232178
"Forest_Tent_Caterpillar",-91.028701,30.42565
"Forest_Tent_Caterpillar",-97.116661,31.545667
"Forest_Tent_Caterpillar",-81.096092,32.069092
"Forest_Tent_Caterpillar",-83.263444,33.091189
"Forest_Tent_Caterpillar",-80.254214,32.587715
"Forest_Tent_Caterpillar",-91.171088,30.40877
"Forest_Tent_Caterpillar",-80.721592,35.055474
"Forest_Tent_Caterpillar",-81.098769,32.076569
"Forest_Tent_Caterpillar",-82.993161,31.890765
"Forest_Tent_Caterpillar",-80.645627,35.128676
"Forest_Tent_Caterpillar",-97.920567,29.887372
"Forest_Tent_Caterpillar",-76.929337,35.843842
"Forest_Tent_Caterpillar",-80.791579,35.321266
"Forest_Tent_Caterpillar",-81.127814,27.91035
"Forest_Tent_Caterpillar",-80.859053,32.107378
"Forest_Tent_Caterpillar",-77.102144,38.753949
"Forest_Tent_Caterpillar",-82.291478,29.548423
"Forest_Tent_Caterpillar",-84.492232,30.059337
"Forest_Tent_Caterpillar",-77.413579,37.637903
"Forest_Tent_Caterpillar",-77.907638,35.714458
"Forest_Tent_Caterpillar",-79.026397,33.57085
"Forest_Tent_Caterpillar",-80.20153,32.794187
"Forest_Tent_Caterpillar",-80.688658,35.066407
"Forest_Tent_Caterpillar",-96.971537,33.062742
"Forest_Tent_Caterpillar",-83.244373,33.815355
"Forest_Tent_Caterpillar",-91.177372,30.412092
"Forest_Tent_Caterpillar",-84.389528,33.762292
"Forest_Tent_Caterpillar",-82.312629,30.496725
"Forest_Tent_Caterpillar",-82.373514,29.626839
"Forest_Tent_Caterpillar",-81.220129,31.985856
"Forest_Tent_Caterpillar",-96.704419,32.703996
"Forest_Tent_Caterpillar",-80.147201,32.642714
"Forest_Tent_Caterpillar",-83.991272,30.562685
"Forest_Tent_Caterpillar",-77.46643,37.530716
"Forest_Tent_Caterpillar",-85.450722,32.618027
"Forest_Tent_Caterpillar",-80.83973,35.231975
"Forest_Tent_Caterpillar",-96.756694,32.764617
"Forest_Tent_Caterpillar",-84.321153,30.331772
"Forest_Tent_Caterpillar",-90.070267,30.030511
"Forest_Tent_Caterpillar",-84.338223,30.439885
"Forest_Tent_Caterpillar",-82.33347,29.642548
"Forest_Tent_Caterpillar",-97.946133,29.894485
"Forest_Tent_Caterpillar",-82.374022,29.63705
"Forest_Tent_Caterpillar",-73.454897,41.851507
"Forest_Tent_Caterpillar",-89.952114,43.344458
"Forest_Tent_Caterpillar",-79.009536,33.792205
"Forest_Tent_Caterpillar",-81.103989,33.919455
"Forest_Tent_Caterpillar",-82.413506,28.062232
"Forest_Tent_Caterpillar",-97.469353,30.119364
"Forest_Tent_Caterpillar",-80.996323,34.973879
"Forest_Tent_Caterpillar",-96.976395,33.063653
"Forest_Tent_Caterpillar",-97.069992,36.12507
"Forest_Tent_Caterpillar",-74.778541,45.591182
"Forest_Tent_Caterpillar",-81.127708,27.910575
"Forest_Tent_Caterpillar",-75.732716,36.110435
"Forest_Tent_Caterpillar",-82.225544,29.673523
"Forest_Tent_Caterpillar",-81.087869,31.992553
"Forest_Tent_Caterpillar",-82.344016,29.670434
"Forest_Tent_Caterpillar",-82.460083,29.715567
"Forest_Tent_Caterpillar",-82.340238,29.646008
"Forest_Tent_Caterpillar",-80.183045,32.568038
"Forest_Tent_Caterpillar",-82.3402,29.644714
"Forest_Tent_Caterpillar",-82.136184,29.94549
"Forest_Tent_Caterpillar",-87.184853,34.530885
"Forest_Tent_Caterpillar",-80.066217,32.87968
"Forest_Tent_Caterpillar",-82.37407,29.637305
"Forest_Tent_Caterpillar",-87.176133,32.965932
"Forest_Tent_Caterpillar",-83.154853,33.929408
"Forest_Tent_Caterpillar",-80.454305,32.558785
"Forest_Tent_Caterpillar",-97.147232,33.636353
"Forest_Tent_Caterpillar",-97.115904,32.73101
"Forest_Tent_Caterpillar",-96.704263,32.912147
"Forest_Tent_Caterpillar",-78.374786,36.427002
"Forest_Tent_Caterpillar",-81.095008,32.078536
"Forest_Tent_Caterpillar",-87.184647,34.532625
"Forest_Tent_Caterpillar",-81.10187,32.078406
"Forest_Tent_Caterpillar",-86.864156,33.100655
"Forest_Tent_Caterpillar",-86.280202,32.384096
"Forest_Tent_Caterpillar",-94.654372,29.834312
"Forest_Tent_Caterpillar",-96.589236,32.796112
"Forest_Tent_Caterpillar",-92.051008,32.605545
"Forest_Tent_Caterpillar",-81.102089,32.078414
"Forest_Tent_Caterpillar",-79.035019,35.899254
"Forest_Tent_Caterpillar",-96.64167,33.21783
"Forest_Tent_Caterpillar",-78.624785,35.94232
"Forest_Tent_Caterpillar",-95.608654,32.566402
"Forest_Tent_Caterpillar",-92.101835,32.5252
"Forest_Tent_Caterpillar",-84.061083,33.954222
"Forest_Tent_Caterpillar",-84.305053,30.23517
"Forest_Tent_Caterpillar",-96.715354,32.840234
"Forest_Tent_Caterpillar",-98.482138,29.4605
"Forest_Tent_Caterpillar",-95.171174,32.632358
"Forest_Tent_Caterpillar",-96.500563,32.24052
"Forest_Tent_Caterpillar",-84.299389,30.433238
"Forest_Tent_Caterpillar",-81.170138,31.97903
"Forest_Tent_Caterpillar",-76.157138,36.583842
"Forest_Tent_Caterpillar",-98.714762,29.788387
"Forest_Tent_Caterpillar",-96.524536,33.257013
"Forest_Tent_Caterpillar",-97.301736,30.187338
"Forest_Tent_Caterpillar",-96.662176,33.198481
"Forest_Tent_Caterpillar",-96.761108,32.78085
"Forest_Tent_Caterpillar",-81.573152,31.373907
"Forest_Tent_Caterpillar",-81.048082,33.976711
"Forest_Tent_Caterpillar",-76.210617,36.907466
"Forest_Tent_Caterpillar",-96.595375,33.647658
"Forest_Tent_Caterpillar",-96.56702,33.06622
"Forest_Tent_Caterpillar",-80.855446,35.21656
"Forest_Tent_Caterpillar",-93.81051,32.543972
"Forest_Tent_Caterpillar",-98.482072,29.460505
"Forest_Tent_Caterpillar",-97.734845,30.19018
"Forest_Tent_Caterpillar",-96.498353,32.075889
"Forest_Tent_Caterpillar",-81.291369,31.906303
"Forest_Tent_Caterpillar",-98.482108,29.460595
"Forest_Tent_Caterpillar",-82.34452,29.644242
"Forest_Tent_Caterpillar",-84.301819,30.233805
"Forest_Tent_Caterpillar",-82.048455,29.71763
"Forest_Tent_Caterpillar",-82.373512,29.636937
"Forest_Tent_Caterpillar",-96.557804,33.217586
"Forest_Tent_Caterpillar",-79.177405,35.48922
"Forest_Tent_Caterpillar",-96.700814,32.995583
"Forest_Tent_Caterpillar",-82.340295,29.644972
"Forest_Tent_Caterpillar",-91.58316,32.253815
"Forest_Tent_Caterpillar",-78.58629,35.832662
"Forest_Tent_Caterpillar",-81.096367,32.067078
"Forest_Tent_Caterpillar",-97.476978,32.841983
"Forest_Tent_Caterpillar",-95.840659,33.8224
"Forest_Tent_Caterpillar",-81.074706,34.008997
"Forest_Tent_Caterpillar",-98.482222,29.460553
"Forest_Tent_Caterpillar",-84.125478,30.372564
"Forest_Tent_Caterpillar",-96.179715,32.55805
"Forest_Tent_Caterpillar",-81.091507,32.081112
"Forest_Tent_Caterpillar",-82.441246,29.673463
"Forest_Tent_Caterpillar",-77.927131,33.964303
"Forest_Tent_Caterpillar",-90.989856,30.346136
"Forest_Tent_Caterpillar",-97.146492,31.569458
"Forest_Tent_Caterpillar",-92.071525,32.529838
"Forest_Tent_Caterpillar",-94.77587,34.039268
"Forest_Tent_Caterpillar",-77.948649,34.213038
"Forest_Tent_Caterpillar",-81.094751,32.069108
"Forest_Tent_Caterpillar",-90.936425,30.542853
"Forest_Tent_Caterpillar",-78.767603,36.042181
"Forest_Tent_Caterpillar",-96.605531,32.881924
"Forest_Tent_Caterpillar",-85.095539,33.591564
"Forest_Tent_Caterpillar",-77.88448,34.185072
"Forest_Tent_Caterpillar",-96.715306,32.942071
"Forest_Tent_Caterpillar",-84.229787,30.392065
"Forest_Tent_Caterpillar",-82.389637,29.67533
"Forest_Tent_Caterpillar",-82.360022,29.61913
"Forest_Tent_Caterpillar",-78.920683,35.803083
"Forest_Tent_Caterpillar",-81.696605,30.260642
"Forest_Tent_Caterpillar",-80.921983,35.204189
"Forest_Tent_Caterpillar",-79.691253,33.004139
"Forest_Tent_Caterpillar",-97.249224,32.277479
"Forest_Tent_Caterpillar",-97.939805,29.88676
"Forest_Tent_Caterpillar",-95.460578,32.634476
"Forest_Tent_Caterpillar",-92.05009,32.604385
"Forest_Tent_Caterpillar",-82.413506,28.062232
"Forest_Tent_Caterpillar",-78.896415,36.027722
"Forest_Tent_Caterpillar",-80.912613,32.234263
"Forest_Tent_Caterpillar",-96.119208,30.143464
"Forest_Tent_Caterpillar",-78.983506,35.921889
"Forest_Tent_Caterpillar",-96.633242,33.172641
"Forest_Tent_Caterpillar",-96.184882,33.713003
"Forest_Tent_Caterpillar",-78.846283,35.877558
"Forest_Tent_Caterpillar",-81.349104,29.093533
"Forest_Tent_Caterpillar",-81.084682,32.077606
"Forest_Tent_Caterpillar",-80.256458,33.035423
"Forest_Tent_Caterpillar",-96.704316,32.912277
"Forest_Tent_Caterpillar",-84.300553,30.234533
"Forest_Tent_Caterpillar",-96.752214,33.739211
"Forest_Tent_Caterpillar",-95.550516,30.702599
"Forest_Tent_Caterpillar",-82.466705,29.770863
"Forest_Tent_Caterpillar",-79.80967,36.030818
"Forest_Tent_Caterpillar",-96.670272,33.054967
"Forest_Tent_Caterpillar",-96.759621,32.903416
"Forest_Tent_Caterpillar",-96.732404,32.805057
"Forest_Tent_Caterpillar",-96.752214,33.739211
"Forest_Tent_Caterpillar",-80.181388,32.566383
"Forest_Tent_Caterpillar",-81.084692,32.077666
"Forest_Tent_Caterpillar",-96.80812,32.808405
"Forest_Tent_Caterpillar",-96.632287,32.772838
"Forest_Tent_Caterpillar",-80.778878,32.143994
"Forest_Tent_Caterpillar",-96.672328,33.057654
"Forest_Tent_Caterpillar",-79.095161,33.51955
"Forest_Tent_Caterpillar",-82.356247,29.643517
"Forest_Tent_Caterpillar",-82.340888,29.645455
"Forest_Tent_Caterpillar",-78.882072,35.990486
"Forest_Tent_Caterpillar",-81.696606,30.260632
"Forest_Tent_Caterpillar",-82.476058,29.569937
"Forest_Tent_Caterpillar",-96.705375,32.994892
"Forest_Tent_Caterpillar",-95.365997,34.025864
"Forest_Tent_Caterpillar",-96.702842,32.994208
"Forest_Tent_Caterpillar",-87.546037,33.210633
"Forest_Tent_Caterpillar",-77.884648,34.184957
"Forest_Tent_Caterpillar",-80.821712,33.824165
"Forest_Tent_Caterpillar",-90.22632,32.48225
"Forest_Tent_Caterpillar",-92.638747,33.202258
"Forest_Tent_Caterpillar",-81.699495,30.243887
"Forest_Tent_Caterpillar",-91.09495,30.356941
"Forest_Tent_Caterpillar",-96.67333,33.074633
"Forest_Tent_Caterpillar",-95.466197,30.141397
"Forest_Tent_Caterpillar",-89.981763,34.942417
"Forest_Tent_Caterpillar",-84.475425,31.227763
"Forest_Tent_Caterpillar",-91.107744,30.370417
"Forest_Tent_Caterpillar",-72.288018,42.971829
"Forest_Tent_Caterpillar",-95.6147,31.736147
"Forest_Tent_Caterpillar",-82.34378,29.651142
"Forest_Tent_Caterpillar",-97.747637,30.418513
"Forest_Tent_Caterpillar",-94.17727,30.251422
"Forest_Tent_Caterpillar",-82.373162,29.637008
"Forest_Tent_Caterpillar",-78.216821,37.925446
"Forest_Tent_Caterpillar",-78.16845,44.25897
"Forest_Tent_Caterpillar",-81.09613,32.068611
"Forest_Tent_Caterpillar",-79.4516,36.108864
"Forest_Tent_Caterpillar",-80.720869,35.191803
"Forest_Tent_Caterpillar",-84.003634,33.979876
"Forest_Tent_Caterpillar",-78.283692,35.670137
"Forest_Tent_Caterpillar",-77.932337,34.275617
"Forest_Tent_Caterpillar",-84.345789,30.183918
"Forest_Tent_Caterpillar",-81.164642,32.203706
"Forest_Tent_Caterpillar",-90.193628,33.529755
"Forest_Tent_Caterpillar",-78.396142,33.967087
"Forest_Tent_Caterpillar",-90.959285,30.667606
"Forest_Tent_Caterpillar",-96.175843,32.408029
"Forest_Tent_Caterpillar",-98.262855,29.215413
"Forest_Tent_Caterpillar",-96.462959,32.895886
"Forest_Tent_Caterpillar",-96.718577,32.821312
"Forest_Tent_Caterpillar",-77.92611,33.963296
"Forest_Tent_Caterpillar",-79.84617,33.247531
"Forest_Tent_Caterpillar",-78.557454,35.744331
"Forest_Tent_Caterpillar",-98.221052,32.211865
"Forest_Tent_Caterpillar",-96.756566,32.886809
"Forest_Tent_Caterpillar",-89.099266,31.509552
"Forest_Tent_Caterpillar",-92.117913,32.511304
"Forest_Tent_Caterpillar",-79.046224,35.906715
"Forest_Tent_Caterpillar",-84.311438,30.448067
"Forest_Tent_Caterpillar",-91.177355,30.416018
"Forest_Tent_Caterpillar",-90.081475,30.359158
"Forest_Tent_Caterpillar",-79.051176,35.907211
"Forest_Tent_Caterpillar",-77.452575,37.547458
"Forest_Tent_Caterpillar",-86.118017,30.371623
"Forest_Tent_Caterpillar",-96.685835,32.856887
"Forest_Tent_Caterpillar",-91.104324,30.410217
"Forest_Tent_Caterpillar",-87.902796,33.320117
"Forest_Tent_Caterpillar",-81.020343,32.052685
"Forest_Tent_Caterpillar",-77.950195,34.236503
"Forest_Tent_Caterpillar",-81.094632,32.071546
"Forest_Tent_Caterpillar",-78.962578,35.979655
"Forest_Tent_Caterpillar",-91.104758,30.370033
"Forest_Tent_Caterpillar",-96.908248,32.692737
"Forest_Tent_Caterpillar",-77.945553,34.216318
"Forest_Tent_Caterpillar",-88.486625,33.518545
"Forest_Tent_Caterpillar",-82.416534,29.658565
"Forest_Tent_Caterpillar",-91.029812,30.425853
"Forest_Tent_Caterpillar",-79.0094,33.796853
"Forest_Tent_Caterpillar",-78.478737,34.26073
"Forest_Tent_Caterpillar",-81.16917,32.199866
"Forest_Tent_Caterpillar",-91.029319,30.381737
"Forest_Tent_Caterpillar",-111.043304,45.596551
"Forest_Tent_Caterpillar",-82.723216,29.383329
"Forest_Tent_Caterpillar",-84.29232,30.129572
"Forest_Tent_Caterpillar",-80.683853,32.891822
"Forest_Tent_Caterpillar",-79.04741,35.909295
"Forest_Tent_Caterpillar",-80.794831,32.133542
"Forest_Tent_Caterpillar",-96.813263,33.158272
"Forest_Tent_Caterpillar",-83.419389,32.942733
"Forest_Tent_Caterpillar",-84.392848,33.759148
"Forest_Tent_Caterpillar",-82.357507,34.666611
"Forest_Tent_Caterpillar",-62.73073,46.210945
"Forest_Tent_Caterpillar",-62.730697,46.210942
"Forest_Tent_Caterpillar",-91.029636,30.492675
"Forest_Tent_Caterpillar",-78.939929,33.6682
"Forest_Tent_Caterpillar",-95.524912,30.616363
"Forest_Tent_Caterpillar",-97.586819,29.587919
"Forest_Tent_Caterpillar",-95.582542,29.374638
"Forest_Tent_Caterpillar",-91.197681,47.381981
"Forest_Tent_Caterpillar",-86.343292,32.380844
"Forest_Tent_Caterpillar",-82.230159,33.46592
"Forest_Tent_Caterpillar",-84.346663,30.408287
"Forest_Tent_Caterpillar",-96.1194,32.658138
"Forest_Tent_Caterpillar",-84.282678,30.529183
"Forest_Tent_Caterpillar",-82.356966,29.648698
"Forest_Tent_Caterpillar",-90.98783,30.47612
"Forest_Tent_Caterpillar",-95.094261,30.343122
"Forest_Tent_Caterpillar",-91.246017,30.265238
"Forest_Tent_Caterpillar",-80.805288,35.250678
"Forest_Tent_Caterpillar",-97.194156,28.899151
"Forest_Tent_Caterpillar",-96.81318,33.157488
"Forest_Tent_Caterpillar",-94.447489,30.502269
"Forest_Tent_Caterpillar",-64.385264,45.040236
"Forest_Tent_Caterpillar",-96.712535,32.701892
"Forest_Tent_Caterpillar",-79.036964,35.926883
"Forest_Tent_Caterpillar",-95.582572,29.375162
"Forest_Tent_Caterpillar",-96.288015,30.60746
"Forest_Tent_Caterpillar",-91.104688,30.370435
"Forest_Tent_Caterpillar",-97.170441,30.229074
"Forest_Tent_Caterpillar",-82.72331,29.385226
"Forest_Tent_Caterpillar",-79.03723,35.926655
"Forest_Tent_Caterpillar",-64.385025,45.040492
"Forest_Tent_Caterpillar",-65.195563,44.434172
"Forest_Tent_Caterpillar",-81.103665,34.917965
"Forest_Tent_Caterpillar",-90.985237,30.479145
"Forest_Tent_Caterpillar",-80.77501,32.39068
"Forest_Tent_Caterpillar",-96.710355,32.703368
"Forest_Tent_Caterpillar",-96.449603,30.177478
"Forest_Tent_Caterpillar",-84.106347,30.518225
"Forest_Tent_Caterpillar",-84.183136,30.475803
"Forest_Tent_Caterpillar",-92.197091,32.495138
"Forest_Tent_Caterpillar",-80.201676,32.794464
"Forest_Tent_Caterpillar",-80.775013,32.390686
"Forest_Tent_Caterpillar",-80.629921,32.450405
"Forest_Tent_Caterpillar",-78.897061,36.031496
"Forest_Tent_Caterpillar",-80.73291,32.156455
"Forest_Tent_Caterpillar",-82.432207,29.681988
"Forest_Tent_Caterpillar",-95.30209,32.470933
"Forest_Tent_Caterpillar",-65.092545,47.732939
"Forest_Tent_Caterpillar",-65.0927,47.733172
"Forest_Tent_Caterpillar",-65.091721,47.733874
"Forest_Tent_Caterpillar",-97.937185,29.889012
"Forest_Tent_Caterpillar",-92.059744,32.495778
"Forest_Tent_Caterpillar",-80.882934,35.225975
"Forest_Tent_Caterpillar",-90.987822,30.476122
"Forest_Tent_Caterpillar",-90.14922,32.325955
"Forest_Tent_Caterpillar",-81.624955,31.430795
"Forest_Tent_Caterpillar",-95.305842,32.349509
"Forest_Tent_Caterpillar",-84.020469,33.178622
"Forest_Tent_Caterpillar",-80.774885,32.39038
"Forest_Tent_Caterpillar",-87.542887,33.211313
"Forest_Tent_Caterpillar",-84.343348,30.410262
"Forest_Tent_Caterpillar",-83.92692,30.540196
"Forest_Tent_Caterpillar",-84.37574,30.099827
"Forest_Tent_Caterpillar",-84.106361,30.518214
"Forest_Tent_Caterpillar",-80.670906,32.439699
"Forest_Tent_Caterpillar",-96.689142,32.824783
"Forest_Tent_Caterpillar",-80.669743,32.438431
"Forest_Tent_Caterpillar",-80.847162,35.22342
"Forest_Tent_Caterpillar",-82.48605,29.388018
"Forest_Tent_Caterpillar",-71.914633,45.42598
"Forest_Tent_Caterpillar",-81.036933,33.991817
"Forest_Tent_Caterpillar",-96.953287,33.065022
"Forest_Tent_Caterpillar",-81.41323,31.381203
"Forest_Tent_Caterpillar",-93.111249,30.405954
"Forest_Tent_Caterpillar",-85.52278,32.693275
"Forest_Tent_Caterpillar",-80.669703,32.439412
"Forest_Tent_Caterpillar",-95.644956,32.420779
"Forest_Tent_Caterpillar",-82.137249,32.601664
"Forest_Tent_Caterpillar",-95.627225,29.370422
"Forest_Tent_Caterpillar",-95.225538,32.951737
"Forest_Tent_Caterpillar",-97.978118,29.574673
"Forest_Tent_Caterpillar",-95.207145,29.795897
"Forest_Tent_Caterpillar",-124.086252,40.851646
"Forest_Tent_Caterpillar",-82.372223,29.631478
"Forest_Tent_Caterpillar",-81.096425,32.066805
"Forest_Tent_Caterpillar",-89.351805,45.932487
"Forest_Tent_Caterpillar",-77.098808,37.317497
"Forest_Tent_Caterpillar",-91.17502,30.409988
"Forest_Tent_Caterpillar",-82.294967,34.059844
"Forest_Tent_Caterpillar",-83.511244,35.191846
"Forest_Tent_Caterpillar",-82.348975,29.643388
"Forest_Tent_Caterpillar",-80.181137,32.566678
"Forest_Tent_Caterpillar",-86.279566,32.383549
"Forest_Tent_Caterpillar",-78.67868,35.768421
"Forest_Tent_Caterpillar",-82.37859,29.636142
"Forest_Tent_Caterpillar",-78.912258,35.993571
"Forest_Tent_Caterpillar",-97.358801,32.708642
"Forest_Tent_Caterpillar",-84.33546,30.499867
"Forest_Tent_Caterpillar",-80.099167,44.751111
"Forest_Tent_Caterpillar",-83.888606,32.849163
"Forest_Tent_Caterpillar",-82.376013,29.62423
"Forest_Tent_Caterpillar",-97.913707,29.904159
"Forest_Tent_Caterpillar",-81.638186,30.174356
"Forest_Tent_Caterpillar",-97.239497,30.295818
"Forest_Tent_Caterpillar",-82.360525,29.645222
"Forest_Tent_Caterpillar",-82.330514,29.649363
"Forest_Tent_Caterpillar",-81.035208,34.023831
"Forest_Tent_Caterpillar",-96.451695,28.958556
"Forest_Tent_Caterpillar",-82.364982,29.622304
"Forest_Tent_Caterpillar",-97.388417,28.652214
"Forest_Tent_Caterpillar",-81.627297,30.304506
"Forest_Tent_Caterpillar",-98.331738,29.542365
"Forest_Tent_Caterpillar",-82.36056,29.645063
"Forest_Tent_Caterpillar",-81.683574,30.310676
"Forest_Tent_Caterpillar",-98.482189,29.460463
"Forest_Tent_Caterpillar",-82.319922,29.654708
"Forest_Tent_Caterpillar",-78.16845,44.25897
"Forest_Tent_Caterpillar",-94.186202,30.17957
"Forest_Tent_Caterpillar",-82.416619,29.658519
"Forest_Tent_Caterpillar",-82.400859,29.639977
"Forest_Tent_Caterpillar",-94.362205,30.273675
"Forest_Tent_Caterpillar",-82.3413,29.642242
"Forest_Tent_Caterpillar",-82.32617,29.666216
"Forest_Tent_Caterpillar",-81.532978,28.807418
"Forest_Tent_Caterpillar",-82.416474,29.658564
"Forest_Tent_Caterpillar",-90.989122,30.346351
"Forest_Tent_Caterpillar",-92.195344,32.495225
"Forest_Tent_Caterpillar",-81.14885,27.91058
"Forest_Tent_Caterpillar",-71.06941,43.804168
"Forest_Tent_Caterpillar",-82.080185,29.984998
"Forest_Tent_Caterpillar",-89.948791,43.339875
"Forest_Tent_Caterpillar",-94.14512,45.503702
"Forest_Tent_Caterpillar",-76.047072,36.916547
"Forest_Tent_Caterpillar",-82.369587,29.657999
"Forest_Tent_Caterpillar",-82.36737,28.164731
"Forest_Tent_Caterpillar",-89.94878,43.337823
"Forest_Tent_Caterpillar",-89.94878,43.337823
"Forest_Tent_Caterpillar",-81.16198,26.95744
"Forest_Tent_Caterpillar",-92.036328,30.169338
"Forest_Tent_Caterpillar",-81.433115,27.165904
"Forest_Tent_Caterpillar",-94.405771,30.096079
"Forest_Tent_Caterpillar",-81.192635,27.769014
"Forest_Tent_Caterpillar",-98.481348,29.461329
"Forest_Tent_Caterpillar",-76.316909,42.460913
"Forest_Tent_Caterpillar",-94.232079,30.467325
"Forest_Tent_Caterpillar",-76.596902,38.529289
"Forest_Tent_Caterpillar",-76.596902,38.529289
"Forest_Tent_Caterpillar",-76.596902,38.529289
"Forest_Tent_Caterpillar",-76.596902,38.529289
"Forest_Tent_Caterpillar",-92.555502,34.553367
"Forest_Tent_Caterpillar",-79.981073,39.646151
"Forest_Tent_Caterpillar",-82.350741,34.393776
"Forest_Tent_Caterpillar",-97.069901,28.847021
"Forest_Tent_Caterpillar",-79.226401,41.34394
"Forest_Tent_Caterpillar",-71.270143,46.784414
"Forest_Tent_Caterpillar",-82.819458,34.681806
"Forest_Tent_Caterpillar",-89.949286,43.340109
"Forest_Tent_Caterpillar",-120.666179,45.95045
"Forest_Tent_Caterpillar",-84.96334,46.765352
"Forest_Tent_Caterpillar",-114.083305,51.011622
"Forest_Tent_Caterpillar",-124.117463,40.862135
"Forest_Tent_Caterpillar",-123.03046,55.064959
"Forest_Tent_Caterpillar",-112.832739,53.681065
"Forest_Tent_Caterpillar",-112.837777,53.579383
"Forest_Tent_Caterpillar",-89.231995,48.45095
"Forest_Tent_Caterpillar",-83.236641,30.249525
"Forest_Tent_Caterpillar",-104.626158,50.44223
"Forest_Tent_Caterpillar",-122.850853,38.403858
"Forest_Tent_Caterpillar",-124.093336,40.863418
"Forest_Tent_Caterpillar",-82.300713,29.674078
"Forest_Tent_Caterpillar",-80.824218,33.828441
"Forest_Tent_Caterpillar",-79.474846,44.893068
"Forest_Tent_Caterpillar",-123.351455,48.45833
"Forest_Tent_Caterpillar",-87.432845,46.54551
"Forest_Tent_Caterpillar",-92.020241,30.260025
"Forest_Tent_Caterpillar",-79.068733,35.9103
"Forest_Tent_Caterpillar",-70.51733,43.982799
"Forest_Tent_Caterpillar",-124.258889,43.216136
"Forest_Tent_Caterpillar",-97.363447,32.741686
"Forest_Tent_Caterpillar",-80.730513,35.306932
"Forest_Tent_Caterpillar",-122.4991,48.753662
"Forest_Tent_Caterpillar",-82.345313,28.007608
"Forest_Tent_Caterpillar",-88.564791,44.784103
"Forest_Tent_Caterpillar",-65.673112,47.629478
"Forest_Tent_Caterpillar",-83.843063,34.034546
"Forest_Tent_Caterpillar",-83.434632,45.06281
"Forest_Tent_Caterpillar",-82.387871,28.555272
"Forest_Tent_Caterpillar",-124.095329,40.858292
"Forest_Tent_Caterpillar",-77.725351,43.990966
"Forest_Tent_Caterpillar",-80.562575,42.648785
"Forest_Tent_Caterpillar",-122.635999,49.162899
"Forest_Tent_Caterpillar",-68.202368,48.59576
"Forest_Tent_Caterpillar",-72.06208,42.864345
"Forest_Tent_Caterpillar",-70.874237,46.937852
"Forest_Tent_Caterpillar",-66.37084,48.06038
"Forest_Tent_Caterpillar",-76.449264,44.96048
"Forest_Tent_Caterpillar",-70.874237,46.937852
"Forest_Tent_Caterpillar",-80.527986,42.712957
"Forest_Tent_Caterpillar",-70.219854,46.576733
"Forest_Tent_Caterpillar",-68.326674,47.369013
"Forest_Tent_Caterpillar",-81.006829,46.466285
"Forest_Tent_Caterpillar",-79.983168,43.572052
"Forest_Tent_Caterpillar",-111.325628,44.187998
"Forest_Tent_Caterpillar",-67.887978,46.955896
"Forest_Tent_Caterpillar",-70.045336,41.73656
"Forest_Tent_Caterpillar",-64.813112,46.046997
"Forest_Tent_Caterpillar",-70.946792,46.898358
"Forest_Tent_Caterpillar",-65.852212,46.955537
"Forest_Tent_Caterpillar",-68.326674,47.369013
"Forest_Tent_Caterpillar",-79.755713,46.058532
"Forest_Tent_Caterpillar",-59.941246,46.008385
"Forest_Tent_Caterpillar",-79.8484,44.31005
"Forest_Tent_Caterpillar",-63.612213,44.825708
"Forest_Tent_Caterpillar",-74.326247,45.466308
"Forest_Tent_Caterpillar",-65.530034,45.728007
"Forest_Tent_Caterpillar",-65.83587,46.946991
"Forest_Tent_Caterpillar",-84.615461,47.334299
"Forest_Tent_Caterpillar",-65.835871,46.947001
"Forest_Tent_Caterpillar",-64.882447,47.760095
"Forest_Tent_Caterpillar",-66.580576,46.805712
"Forest_Tent_Caterpillar",-64.983987,45.604613
"Forest_Tent_Caterpillar",-64.334918,45.931644
"Forest_Tent_Caterpillar",-65.147653,45.662828
"Forest_Tent_Caterpillar",-65.809475,46.933446
"Forest_Tent_Caterpillar",-97.149567,33.211688
"Forest_Tent_Caterpillar",-68.714458,47.244837
"Forest_Tent_Caterpillar",-65.023697,46.032307
"Forest_Tent_Caterpillar",-120.187251,48.472439
"Forest_Tent_Caterpillar",-65.809685,46.93339
"Forest_Tent_Caterpillar",-77.537265,37.68449
"Forest_Tent_Caterpillar",-95.151436,29.531283
"Forest_Tent_Caterpillar",-68.875733,44.449888
"Forest_Tent_Caterpillar",-124.090687,40.858732
"Forest_Tent_Caterpillar",-123.359803,48.466033
"Forest_Tent_Caterpillar",-112.976958,53.420717
"Forest_Tent_Caterpillar",-71.067184,48.443473
"Forest_Tent_Caterpillar",-123.3832,48.456699
"Forest_Tent_Caterpillar",-114.029136,51.044967
"Forest_Tent_Caterpillar",-121.024252,47.219042
"Forest_Tent_Caterpillar",-91.689095,47.1109
"Forest_Tent_Caterpillar",-104.585164,50.437277
"Forest_Tent_Caterpillar",-75.726922,45.322106
"Forest_Tent_Caterpillar",-122.489459,48.756296
"Forest_Tent_Caterpillar",-105.53333,50.4
"Forest_Tent_Caterpillar",-102.80149,49.06564
"Forest_Tent_Caterpillar",-103.45028,52.53143
"Forest_Tent_Caterpillar",-102.26667,49.63333
"Forest_Tent_Caterpillar",-102.71667,52.2
"Forest_Tent_Caterpillar",-101.57741,50.49222
"Forest_Tent_Caterpillar",-102.7,53.46667
"Forest_Tent_Caterpillar",-104.73333,55.63333
"Forest_Tent_Caterpillar",-101.9,51.56667
"Forest_Tent_Caterpillar",-109.5,49.65
"Forest_Tent_Caterpillar",-104.21667,49.63333
"Forest_Tent_Caterpillar",-103.8,50.76667
"Forest_Tent_Caterpillar",-101.83333,50.53333
"Forest_Tent_Caterpillar",-104.21667,49.63333
"Forest_Tent_Caterpillar",-105.28333,55.1
"Forest_Tent_Caterpillar",-105.86667,49.43333
"Forest_Tent_Caterpillar",-102.71667,52.2
"Forest_Tent_Caterpillar",-102.25049,49.76668
"Forest_Tent_Caterpillar",-105.71481,53.21621
"Forest_Tent_Caterpillar",-102.26667,53.96667
"Forest_Tent_Caterpillar",-104.23333,54.5
"Forest_Tent_Caterpillar",-102.26667,53.96667
"Forest_Tent_Caterpillar",-103.8,50.76667
"Forest_Tent_Caterpillar",-104.65,54.03333
"Forest_Tent_Caterpillar",-103.8,50.76667
"Forest_Tent_Caterpillar",-104.65,54.03333
"Forest_Tent_Caterpillar",-104.3,51.38333
"Forest_Tent_Caterpillar",-104.3,51.38333
"Forest_Tent_Caterpillar",-104.61667,50.45
"Forest_Tent_Caterpillar",-102.71667,52.2
"Forest_Tent_Caterpillar",-102.26667,53.96667
"Forest_Tent_Caterpillar",-106.23333,52.81667
"Forest_Tent_Caterpillar",-102.08333,51.88333
"Forest_Tent_Caterpillar",-104.86667,49.03333
"Forest_Tent_Caterpillar",-102.96667,52.58333
"Forest_Tent_Caterpillar",-103.8,50.76667
"Forest_Tent_Caterpillar",-103.8,50.76667
"Forest_Tent_Caterpillar",-101.7671,53.56671
"Forest_Tent_Caterpillar",-102.71667,52.2
"Forest_Tent_Caterpillar",-102.41667,49.81667
"Forest_Tent_Caterpillar",-109,54.45
"Forest_Tent_Caterpillar",-103.66667,50.53333
"Forest_Tent_Caterpillar",-102.26667,50.33333
"Forest_Tent_Caterpillar",-104.21667,49.63333
"Forest_Tent_Caterpillar",-102.08333,51.88333
"Forest_Tent_Caterpillar",-104.65,54.03333
"Forest_Tent_Caterpillar",-105.6,59.13333
"Forest_Tent_Caterpillar",-105.53333,50.4
"Forest_Tent_Caterpillar",-103.66667,50.53333
"Forest_Tent_Caterpillar",-102.26667,53.96667
"Forest_Tent_Caterpillar",-101.83333,50.53333
"Forest_Tent_Caterpillar",-102.96667,52.58333
"Forest_Tent_Caterpillar",-102.96667,52.58333
"Forest_Tent_Caterpillar",-103.8,50.76667
"Forest_Tent_Caterpillar",-104.71667,50.93333
"Forest_Tent_Caterpillar",-103.8,50.76667
"Forest_Tent_Caterpillar",-104.21667,49.63333
"Forest_Tent_Caterpillar",-103.66667,50.53333
"Forest_Tent_Caterpillar",-77.073003,38.557834
"Forest_Tent_Caterpillar",-81.825414,28.007896
"Forest_Tent_Caterpillar",-88.464822,47.238505
"Forest_Tent_Caterpillar",-81.824996,28.008052
"Forest_Tent_Caterpillar",-89.9519,43.342831
"Forest_Tent_Caterpillar",-72.307355,41.381556
"Forest_Tent_Caterpillar",-81.830206,28.000237
"Forest_Tent_Caterpillar",-81.834593,28.00723
"Forest_Tent_Caterpillar",-72.262397,48.854819
"Forest_Tent_Caterpillar",-81.830206,28.000237
"Forest_Tent_Caterpillar",-78.041938,39.692332
"Forest_Tent_Caterpillar",-72.303108,42.076747
"Forest_Tent_Caterpillar",-72.177891,41.519049
"Forest_Tent_Caterpillar",-82.039156,28.285284
"Forest_Tent_Caterpillar",-70.923089,42.632446
"Forest_Tent_Caterpillar",-82.039156,28.285284
"Forest_Tent_Caterpillar",-89.781206,45.979724
"Forest_Tent_Caterpillar",-81.998473,27.953926
"Forest_Tent_Caterpillar",-89.914108,43.317184
"Forest_Tent_Caterpillar",-89.91682,43.390747
"Forest_Tent_Caterpillar",-89.88221,43.372575
"Forest_Tent_Caterpillar",-89.870859,43.235551
"Forest_Tent_Caterpillar",-111.306575,44.127038
"Forest_Tent_Caterpillar",-87.313538,36.504986
"Forest_Tent_Caterpillar",-70.0453,41.736612
"Forest_Tent_Caterpillar",-89.913819,43.233864
"Forest_Tent_Caterpillar",-84.96334,46.765352
"Forest_Tent_Caterpillar",-84.96334,46.765352
"Forest_Tent_Caterpillar",-111.327492,44.188305
"Forest_Tent_Caterpillar",-124.092456,40.858606
"Forest_Tent_Caterpillar",-64.162147,44.59137
"Forest_Tent_Caterpillar",-65.147651,45.662864
"Forest_Tent_Caterpillar",-60.459053,45.966483
"Forest_Tent_Caterpillar",-62.708294,45.681892
"Forest_Tent_Caterpillar",-67.223846,45.242969
"Forest_Tent_Caterpillar",-64.88141,44.376709
"Forest_Tent_Caterpillar",-63.54992,44.677046
"Forest_Tent_Caterpillar",-62.699662,46.311198
"Forest_Tent_Caterpillar",-63.550028,44.677098
"Forest_Tent_Caterpillar",-76.0122,42.991928
"Forest_Tent_Caterpillar",-97.981995,29.572619
"Forest_Tent_Caterpillar",-81.40123,46.014603
"Forest_Tent_Caterpillar",-76.056039,42.787764
"Forest_Tent_Caterpillar",-76.062147,42.795811
"Forest_Tent_Caterpillar",-76.058008,42.791047
"Forest_Tent_Caterpillar",-75.877089,46.226359
"Forest_Tent_Caterpillar",-118.375289,55.532444
"Forest_Tent_Caterpillar",-74.714344,39.909005
"Forest_Tent_Caterpillar",-62.730858,46.210883
"Forest_Tent_Caterpillar",-60.050656,46.039806
"Forest_Tent_Caterpillar",-88.530884,47.104541
"Forest_Tent_Caterpillar",-80.174193,44.205395
"Forest_Tent_Caterpillar",-79.018981,44.653416
"Forest_Tent_Caterpillar",-71.787658,42.880525
"Forest_Tent_Caterpillar",-71.648413,42.260233
"Forest_Tent_Caterpillar",-62.034164,45.635936
"Forest_Tent_Caterpillar",-117.053192,51.412357
"Forest_Tent_Caterpillar",-60.050656,46.039806
"Forest_Tent_Caterpillar",-74.960697,44.586366
"Forest_Tent_Caterpillar",-79.787128,45.342917
"Forest_Tent_Caterpillar",-123.713135,48.797318
"Forest_Tent_Caterpillar",-86.145095,36.065476
"Forest_Tent_Caterpillar",-74.260703,41.047875
"Forest_Tent_Caterpillar",-68.202368,48.59576
"Forest_Tent_Caterpillar",-79.711879,44.813855
"Forest_Tent_Caterpillar",-60.31483,46.208296
"Forest_Tent_Caterpillar",-80.287372,45.271299
"Forest_Tent_Caterpillar",-77.443747,46.002967
"Forest_Tent_Caterpillar",-83.835742,52.858378
"Forest_Tent_Caterpillar",-79.711879,44.813855
"Forest_Tent_Caterpillar",-81.401138,46.014493
"Forest_Tent_Caterpillar",-77.443747,46.002972
"Forest_Tent_Caterpillar",-80.58853,42.665613
"Forest_Tent_Caterpillar",-72.461407,44.340834
"Forest_Tent_Caterpillar",-78.962951,46.565163
"Forest_Tent_Caterpillar",-77.44372,46.002961
"Forest_Tent_Caterpillar",-80.924483,46.156731
"Forest_Tent_Caterpillar",-78.368511,44.953707
"Forest_Tent_Caterpillar",-78.569937,44.824482
"Forest_Tent_Caterpillar",-89.995407,29.916636
"Forest_Tent_Caterpillar",-78.16873,44.25885
"Forest_Tent_Caterpillar",-123.071975,49.106707
"Forest_Tent_Caterpillar",-79.818687,44.831905
"Forest_Tent_Caterpillar",-77.241679,44.707851
"Forest_Tent_Caterpillar",-80.394312,43.305325
"Forest_Tent_Caterpillar",-77.997763,45.10732
"Forest_Tent_Caterpillar",-76.798546,44.605278
"Forest_Tent_Caterpillar",-89.16787,48.484933
"Forest_Tent_Caterpillar",-80.248684,43.69441
"Forest_Tent_Caterpillar",-79.710522,44.393812
"Forest_Tent_Caterpillar",-73.15017,44.481177
"Forest_Tent_Caterpillar",-79.871517,48.282961
"Forest_Tent_Caterpillar",-80.361728,43.302398
"Forest_Tent_Caterpillar",-81.775846,42.631668
"Forest_Tent_Caterpillar",-77.997852,45.107235
"Forest_Tent_Caterpillar",-79.711879,44.813855
"Forest_Tent_Caterpillar",-72.461381,44.340826
"Forest_Tent_Caterpillar",-82.265344,40.61019
"Forest_Tent_Caterpillar",-72.461407,44.340834
"Forest_Tent_Caterpillar",-79.213287,45.329203
"Forest_Tent_Caterpillar",-68.202368,48.59576
"Forest_Tent_Caterpillar",-77.891231,46.212835
"Forest_Tent_Caterpillar",-79.993545,46.012289
"Forest_Tent_Caterpillar",-72.461395,44.340826
"Forest_Tent_Caterpillar",-72.526009,43.130517
"Forest_Tent_Caterpillar",-78.16845,44.25897
"Forest_Tent_Caterpillar",-77.443725,46.002994
"Forest_Tent_Caterpillar",-85.643918,48.718645
"Forest_Tent_Caterpillar",-79.485426,44.602398
"Forest_Tent_Caterpillar",-78.16873,44.25885
"Forest_Tent_Caterpillar",-81.210522,45.275032
"Forest_Tent_Caterpillar",-97.682669,29.923828
"Forest_Tent_Caterpillar",-88.891726,48.545115
"Forest_Tent_Caterpillar",-78.2747,44.972806
"Forest_Tent_Caterpillar",-89.327438,48.330963
"Forest_Tent_Caterpillar",-80.211875,43.541871
"Forest_Tent_Caterpillar",-79.512957,45.821388
"Forest_Tent_Caterpillar",-78.402457,45.582539
"Forest_Tent_Caterpillar",-89.206331,48.332025
"Forest_Tent_Caterpillar",-81.269501,46.28009
"Forest_Tent_Caterpillar",-80.996658,46.493195
"Forest_Tent_Caterpillar",-77.952372,44.317994
"Forest_Tent_Caterpillar",-81.214447,48.487025
"Forest_Tent_Caterpillar",-79.882413,45.662837
"Forest_Tent_Caterpillar",-79.111717,46.33147
"Forest_Tent_Caterpillar",-79.217817,44.21202
"Forest_Tent_Caterpillar",-79.710647,44.393688
"Forest_Tent_Caterpillar",-77.443733,46.002994
"Forest_Tent_Caterpillar",-83.379585,33.979692
"Forest_Tent_Caterpillar",-96.660378,33.11013
"Forest_Tent_Caterpillar",-77.241641,44.707874
"Forest_Tent_Caterpillar",-74.537445,40.513392
"Forest_Tent_Caterpillar",-80.131775,45.635353
"Forest_Tent_Caterpillar",-76.695,44.522012
"Forest_Tent_Caterpillar",-94.169871,48.882117
"Forest_Tent_Caterpillar",-70.874237,46.937852
"Forest_Tent_Caterpillar",-84.96334,46.765352
"Forest_Tent_Caterpillar",-89.781206,45.979724
"Forest_Tent_Caterpillar",-81.399688,46.016139
"Forest_Tent_Caterpillar",-77.443747,46.003003
"Forest_Tent_Caterpillar",-78.033386,44.029225
"Forest_Tent_Caterpillar",-82.128467,48.216828
"Forest_Tent_Caterpillar",-79.624024,46.00052
"Forest_Tent_Caterpillar",-78.16873,44.25885
"Forest_Tent_Caterpillar",-77.99775,45.107258
"Forest_Tent_Caterpillar",-78.2747,44.972806
"Forest_Tent_Caterpillar",-79.231463,43.887024
"Forest_Tent_Caterpillar",-82.137794,49.424397
"Forest_Tent_Caterpillar",-77.443733,46.002997
"Forest_Tent_Caterpillar",-87.115983,48.771362
"Forest_Tent_Caterpillar",-78.517982,45.589802
"Forest_Tent_Caterpillar",-79.204756,45.508801
"Forest_Tent_Caterpillar",-87.115997,48.771358
"Forest_Tent_Caterpillar",-78.639953,45.550288
"Forest_Tent_Caterpillar",-77.241488,44.707905
"Forest_Tent_Caterpillar",-74.422297,45.560896
"Forest_Tent_Caterpillar",-79.803261,46.733825
"Forest_Tent_Caterpillar",-72.830178,43.549728
"Forest_Tent_Caterpillar",-77.443742,46.002975
"Forest_Tent_Caterpillar",-84.96334,46.765352
"Forest_Tent_Caterpillar",-87.099845,48.787671
"Forest_Tent_Caterpillar",-76.435851,44.51734
"Forest_Tent_Caterpillar",-74.658079,45.111094
"Forest_Tent_Caterpillar",-74.409238,45.563046
"Forest_Tent_Caterpillar",-78.16873,44.25885
"Forest_Tent_Caterpillar",-77.315398,45.32522
"Forest_Tent_Caterpillar",-81.399094,46.013911
"Forest_Tent_Caterpillar",-70.874237,46.937852
"Forest_Tent_Caterpillar",-79.330782,45.210327
"Forest_Tent_Caterpillar",-81.205642,48.486643
"Forest_Tent_Caterpillar",-78.2747,44.972806
"Forest_Tent_Caterpillar",-66.658224,45.935309
"Forest_Tent_Caterpillar",-81.386794,44.4718
"Forest_Tent_Caterpillar",-81.338391,31.919049
"Forest_Tent_Caterpillar",-72.461407,44.340834
"Forest_Tent_Caterpillar",-72.461395,44.340826
"Forest_Tent_Caterpillar",-79.143425,35.826453
"Forest_Tent_Caterpillar",-79.024964,35.963848
"Forest_Tent_Caterpillar",-72.461395,44.340826
"Forest_Tent_Caterpillar",-68.202368,48.59576
"Forest_Tent_Caterpillar",-72.461386,44.340855
"Forest_Tent_Caterpillar",-70.874237,46.937852
"Forest_Tent_Caterpillar",-68.202368,48.59576
"Forest_Tent_Caterpillar",-70.874237,46.937852
"Forest_Tent_Caterpillar",-80.103147,44.469655
"Forest_Tent_Caterpillar",-80.087524,44.424423
"Forest_Tent_Caterpillar",-75.482341,45.488984
"Forest_Tent_Caterpillar",-77.443742,46.003006
"Forest_Tent_Caterpillar",-80.207746,44.855008
"Forest_Tent_Caterpillar",-84.9663,45.253033
"Forest_Tent_Caterpillar",-83.922518,49.83846
"Forest_Tent_Caterpillar",-74.610271,45.144644
"Forest_Tent_Caterpillar",-80.559472,45.917838
"Forest_Tent_Caterpillar",-78.16873,44.25885
"Forest_Tent_Caterpillar",-68.202368,48.59576
"Forest_Tent_Caterpillar",-72.924899,43.847614
"Forest_Tent_Caterpillar",-76.237893,45.199199
"Forest_Tent_Caterpillar",-77.476562,44.475293
"Forest_Tent_Caterpillar",-80.211678,43.541938
"Forest_Tent_Caterpillar",-80.366523,43.300572
"Forest_Tent_Caterpillar",-72.7747,45.343083
"Forest_Tent_Caterpillar",-80.103355,44.470088
"Forest_Tent_Caterpillar",-78.517873,45.589772
"Forest_Tent_Caterpillar",-80.559248,45.917558
"Forest_Tent_Caterpillar",-75.455096,45.508245
"Forest_Tent_Caterpillar",-72.461377,44.34085
"Forest_Tent_Caterpillar",-80.361728,43.302398
"Forest_Tent_Caterpillar",-123.184589,49.102656
"Forest_Tent_Caterpillar",-79.875986,48.284325
"Forest_Tent_Caterpillar",-72.461377,44.34085
"Forest_Tent_Caterpillar",-79.221281,45.266262
"Forest_Tent_Caterpillar",-77.443895,46.003058
"Forest_Tent_Caterpillar",-78.2747,44.972806
"Forest_Tent_Caterpillar",-82.137846,49.424539
"Forest_Tent_Caterpillar",-93.8601,51.030964
"Forest_Tent_Caterpillar",-75.664465,45.063607
"Forest_Tent_Caterpillar",-81.634425,46.905009
"Forest_Tent_Caterpillar",-80.559678,45.917653
"Forest_Tent_Caterpillar",-81.401115,46.014434
"Forest_Tent_Caterpillar",-80.103162,44.469576
"Forest_Tent_Caterpillar",-68.202368,48.59576
"Forest_Tent_Caterpillar",-77.443863,46.003006
"Forest_Tent_Caterpillar",-79.75674,46.100612
"Forest_Tent_Caterpillar",-77.241356,44.707909
"Forest_Tent_Caterpillar",-96.615037,33.197147
"Forest_Tent_Caterpillar",-75.594287,45.447342
"Forest_Tent_Caterpillar",-78.690833,45.429663
"Forest_Tent_Caterpillar",-81.016762,46.489262
"Forest_Tent_Caterpillar",-84.956926,46.770404
"Forest_Tent_Caterpillar",-79.69746,47.740067
"Forest_Tent_Caterpillar",-78.474189,44.988877
"Forest_Tent_Caterpillar",-81.397658,46.013242
"Forest_Tent_Caterpillar",-77.997763,45.10732
"Forest_Tent_Caterpillar",-80.039228,44.727484
"Forest_Tent_Caterpillar",-78.732567,35.818363
"Forest_Tent_Caterpillar",-75.660704,45.44522
"Forest_Tent_Caterpillar",-79.412413,45.670222
"Forest_Tent_Caterpillar",-78.368383,44.953644
"Forest_Tent_Caterpillar",-94.896091,49.670415
"Forest_Tent_Caterpillar",-72.573601,44.267049
"Forest_Tent_Caterpillar",-76.529604,36.716628
"Forest_Tent_Caterpillar",-72.595173,44.255667
"Forest_Tent_Caterpillar",-79.980332,43.223102
"Forest_Tent_Caterpillar",-79.813622,45.289873
"Forest_Tent_Caterpillar",-80.882209,46.401592
"Forest_Tent_Caterpillar",-78.16873,44.25885
"Forest_Tent_Caterpillar",-72.461395,44.340826
"Forest_Tent_Caterpillar",-80.009025,45.380883
"Forest_Tent_Caterpillar",-72.461407,44.340834
"Forest_Tent_Caterpillar",-118.248148,49.128082
"Forest_Tent_Caterpillar",-74.326259,45.466317
"Forest_Tent_Caterpillar",-79.089432,45.383236
"Forest_Tent_Caterpillar",-77.44383,46.003053
"Forest_Tent_Caterpillar",-82.342819,29.651097
"Forest_Tent_Caterpillar",-78.368283,44.95361
"Forest_Tent_Caterpillar",-74.408696,45.561857
"Forest_Tent_Caterpillar",-74.52191,39.86975
"Forest_Tent_Caterpillar",-79.711879,44.813855
"Forest_Tent_Caterpillar",-77.241524,44.707895
"Forest_Tent_Caterpillar",-79.378569,44.936049
"Forest_Tent_Caterpillar",-89.46612,48.06696
"Forest_Tent_Caterpillar",-77.589,45.605
"Forest_Tent_Caterpillar",-77.59,45.606
"Forest_Tent_Caterpillar",-76.527,42.469
"Forest_Tent_Caterpillar",-111.815,40.959
"Forest_Tent_Caterpillar",-122.073,50.64
"Forest_Tent_Caterpillar",-89.50992,48.05015
"Forest_Tent_Caterpillar",-77.59,45.606
"Forest_Tent_Caterpillar",-81.338419,31.919074
"Forest_Tent_Caterpillar",-96.576553,33.416092
"Forest_Tent_Caterpillar",-76.237725,44.781073
"Forest_Tent_Caterpillar",-70.874237,46.937852
"Forest_Tent_Caterpillar",-74.008867,41.311221
"Forest_Tent_Caterpillar",-73.101111,41.989173
"Forest_Tent_Caterpillar",-73.101111,41.989173
"Forest_Tent_Caterpillar",-114.07595,51.081633
"Forest_Tent_Caterpillar",-91.106047,30.3702
"Forest_Tent_Caterpillar",-71.737481,43.947266
"Forest_Tent_Caterpillar",-96.657616,32.966148
"Forest_Tent_Caterpillar",-89.948841,43.339861
"Forest_Tent_Caterpillar",-71.147101,42.377429
"Forest_Tent_Caterpillar",-89.826567,43.237444
"Forest_Tent_Caterpillar",-67.898675,47.149665
"Forest_Tent_Caterpillar",-81.836644,42.784931
"Forest_Tent_Caterpillar",-71.443689,43.726764
"Forest_Tent_Caterpillar",-79.963594,43.709616
"Forest_Tent_Caterpillar",-70.040322,41.289342
"Forest_Tent_Caterpillar",-72.527572,42.570391
"Forest_Tent_Caterpillar",-73.927711,41.502059
"Forest_Tent_Caterpillar",-113.656967,53.614283
"Forest_Tent_Caterpillar",-72.531048,42.569444
"Forest_Tent_Caterpillar",-76.291044,42.552016
"Forest_Tent_Caterpillar",-86.344701,52.724571
"Forest_Tent_Caterpillar",-99.163909,30.057612
"Forest_Tent_Caterpillar",-85.817748,44.828926
"Forest_Tent_Caterpillar",-67.870409,46.934108
"Forest_Tent_Caterpillar",-74.385928,43.649297
"Forest_Tent_Caterpillar",-85.942936,46.242392
"Forest_Tent_Caterpillar",-98.733993,29.810205
"Forest_Tent_Caterpillar",-90.476602,38.640139
"Forest_Tent_Caterpillar",-71.369668,47.111914
"Forest_Tent_Caterpillar",-74.374815,41.741704
"Forest_Tent_Caterpillar",-74.434678,42.038139
"Forest_Tent_Caterpillar",-73.919564,40.591207
"Forest_Tent_Caterpillar",-70.874237,46.937852
"Forest_Tent_Caterpillar",-122.810581,38.405473
"Forest_Tent_Caterpillar",-76.519682,38.30314
"Forest_Tent_Caterpillar",-83.577004,35.369643
"Forest_Tent_Caterpillar",-95.903253,36.22353
"Forest_Tent_Caterpillar",-90.122528,29.806351
"Forest_Tent_Caterpillar",-111.02894,45.676077
"Forest_Tent_Caterpillar",-124.100018,40.859905
"Forest_Tent_Caterpillar",-80.846651,33.830171
"Forest_Tent_Caterpillar",-74.385843,43.649436
"Forest_Tent_Caterpillar",-124.097162,40.856657
"Forest_Tent_Caterpillar",-74.434442,42.038289
"Forest_Tent_Caterpillar",-124.093458,40.85725
"Forest_Tent_Caterpillar",-79.167054,48.207276
"Forest_Tent_Caterpillar",-95.644958,32.619102
"Forest_Tent_Caterpillar",-74.434503,42.03827
"Forest_Tent_Caterpillar",-75.834042,42.21888
"Forest_Tent_Caterpillar",-67.67357,44.574895
"Forest_Tent_Caterpillar",-97.119329,32.291576
"Forest_Tent_Caterpillar",-74.389118,43.644866
"Forest_Tent_Caterpillar",-74.3858,43.649452
"Forest_Tent_Caterpillar",-74.885166,45.027349
"Forest_Tent_Caterpillar",-78.894188,33.712863
"Forest_Tent_Caterpillar",-76.519682,38.30314
"Forest_Tent_Caterpillar",-80.823431,33.828193
"Forest_Tent_Caterpillar",-94.027482,33.456721
"Forest_Tent_Caterpillar",-72.469795,42.494062
"Forest_Tent_Caterpillar",-95.90352,36.225253
"Forest_Tent_Caterpillar",-89.719406,45.882751
"Forest_Tent_Caterpillar",-74.881725,45.028677
"Forest_Tent_Caterpillar",-72.73276,42.605035
"Forest_Tent_Caterpillar",-81.034622,34.028889
"Forest_Tent_Caterpillar",-71.369668,47.111914
"Forest_Tent_Caterpillar",-96.202313,33.002286
"Forest_Tent_Caterpillar",-87.534741,33.21245
"Forest_Tent_Caterpillar",-96.705003,32.703495
"Forest_Tent_Caterpillar",-74.387081,43.650997
"Forest_Tent_Caterpillar",-74.388739,43.645322
"Forest_Tent_Caterpillar",-84.537589,43.510006
"Forest_Tent_Caterpillar",-79.951091,33.049335
"Forest_Tent_Caterpillar",-93.83461,48.589066
"Forest_Tent_Caterpillar",-97.942092,29.88744
"Forest_Tent_Caterpillar",-84.10329,30.409973
"Forest_Tent_Caterpillar",-79.279139,39.52162
"Forest_Tent_Caterpillar",-75.08639,41.003832
"Forest_Tent_Caterpillar",-76.623583,44.247117
"Forest_Tent_Caterpillar",-83.299852,34.965448
"Forest_Tent_Caterpillar",-76.454785,42.360682
"Forest_Tent_Caterpillar",-82.312256,31.923789
"Forest_Tent_Caterpillar",-73.100896,44.611013
"Forest_Tent_Caterpillar",-95.596878,29.376353
"Forest_Tent_Caterpillar",-76.454387,42.36114
"Forest_Tent_Caterpillar",-80.201545,32.794197
"Forest_Tent_Caterpillar",-75.294056,45.711374
"Forest_Tent_Caterpillar",-70.559105,41.927867
"Forest_Tent_Caterpillar",-76.45411,42.360972
"Forest_Tent_Caterpillar",-70.559103,41.927803
"Forest_Tent_Caterpillar",-76.45432,42.361165
"Forest_Tent_Caterpillar",-76.454275,42.361015
"Forest_Tent_Caterpillar",-80.201942,32.794492
"Forest_Tent_Caterpillar",-76.454762,42.360798
"Forest_Tent_Caterpillar",-78.906072,44.808525
"Forest_Tent_Caterpillar",-83.29491,34.666144
"Forest_Tent_Caterpillar",-76.454385,42.361432
"Forest_Tent_Caterpillar",-93.348359,46.524167
"Forest_Tent_Caterpillar",-64.332822,45.510506
"Forest_Tent_Caterpillar",-79.188858,46.833769
"Forest_Tent_Caterpillar",-70.874237,46.937852
"Forest_Tent_Caterpillar",-91.745653,47.108108
"Forest_Tent_Caterpillar",-68.453194,49.044182
"Forest_Tent_Caterpillar",-79.127291,48.390125
"Forest_Tent_Caterpillar",-70.550992,41.91766
"Forest_Tent_Caterpillar",-89.948734,43.337784
"Forest_Tent_Caterpillar",-95.687684,30.124926
"Forest_Tent_Caterpillar",-69.161402,44.684079
"Forest_Tent_Caterpillar",-79.472114,48.63931
"Forest_Tent_Caterpillar",-83.72004,34.72909
"Forest_Tent_Caterpillar",-95.596878,29.376387
"Forest_Tent_Caterpillar",-114.162436,52.348062
"Forest_Tent_Caterpillar",-95.739408,30.069964
"Forest_Tent_Caterpillar",-79.11392,39.629642
"Forest_Tent_Caterpillar",-68.700948,44.824898
"Forest_Tent_Caterpillar",-70.550992,41.91766
"Forest_Tent_Caterpillar",-76.291273,44.563521
"Forest_Tent_Caterpillar",-93.177966,33.128518
"Forest_Tent_Caterpillar",-79.385208,46.257313
"Forest_Tent_Caterpillar",-70.550992,41.91766
"Forest_Tent_Caterpillar",-70.874237,46.937852
"Forest_Tent_Caterpillar",-77.925931,33.962708
"Forest_Tent_Caterpillar",-70.874237,46.937852
"Forest_Tent_Caterpillar",-93.22768,31.055822
"Forest_Tent_Caterpillar",-72.689934,42.592715
"Forest_Tent_Caterpillar",-70.874237,46.937852
"Forest_Tent_Caterpillar",-86.943977,49.68162
"Forest_Tent_Caterpillar",-86.243745,44.640522
"Forest_Tent_Caterpillar",-70.874237,46.937852
"Forest_Tent_Caterpillar",-111.325628,44.187998
"Forest_Tent_Caterpillar",-122.7658,48.903063
"Forest_Tent_Caterpillar",-91.196992,45.930049
"Forest_Tent_Caterpillar",-122.481441,49.289208
"Forest_Tent_Caterpillar",-89.948465,43.337869
"Forest_Tent_Caterpillar",-64.370531,45.89862
"Forest_Tent_Caterpillar",-82.345627,29.643739
"Forest_Tent_Caterpillar",-70.874237,46.937852
"Forest_Tent_Caterpillar",-74.661245,42.327651
"Forest_Tent_Caterpillar",-82.324998,29.651956
"Forest_Tent_Caterpillar",-73.43325,44.720232
"Forest_Tent_Caterpillar",-96.704247,32.703992
"Forest_Tent_Caterpillar",-122.76929,48.436109
"Forest_Tent_Caterpillar",-74.841361,42.399477
"Forest_Tent_Caterpillar",-82.369249,49.397453
"Forest_Tent_Caterpillar",-122.820494,49.04617
"Forest_Tent_Caterpillar",-123.325037,48.471062
"Forest_Tent_Caterpillar",-123.372688,48.466179
"Forest_Tent_Caterpillar",-77.810593,38.305535
"Forest_Tent_Caterpillar",-123.378393,48.461877
"Forest_Tent_Caterpillar",-79.472114,48.63931
"Forest_Tent_Caterpillar",-71.47477,44.41891
"Forest_Tent_Caterpillar",-71.47477,44.41891
"Forest_Tent_Caterpillar",-71.47477,44.41891
"Forest_Tent_Caterpillar",-71.47477,44.41891
"Forest_Tent_Caterpillar",-71.47477,44.41891
"Forest_Tent_Caterpillar",-71.47477,44.41891
"Forest_Tent_Caterpillar",-89.990625,29.854912
"Forest_Tent_Caterpillar",-76.449052,44.960426
"Forest_Tent_Caterpillar",-97.929572,29.893725
"Forest_Tent_Caterpillar",-70.874237,46.937852
"Forest_Tent_Caterpillar",-73.563748,41.239827
"Forest_Tent_Caterpillar",-113.817628,46.804601
"Forest_Tent_Caterpillar",-76.251381,42.56914
"Forest_Tent_Caterpillar",-70.874237,46.937852
"Forest_Tent_Caterpillar",-89.779467,30.436944
"Forest_Tent_Caterpillar",-66.676871,48.006175
"Forest_Tent_Caterpillar",-76.449068,44.960437
"Forest_Tent_Caterpillar",-91.491628,45.103647
"Forest_Tent_Caterpillar",-71.253657,48.414195
"Forest_Tent_Caterpillar",-71.77505,48.495791
"Forest_Tent_Caterpillar",-71.77505,48.495791
"Forest_Tent_Caterpillar",-76.163377,44.330181
"Forest_Tent_Caterpillar",-71.253657,48.414195
"Forest_Tent_Caterpillar",-71.308363,48.334045
"Forest_Tent_Caterpillar",-71.77505,48.495791
"Forest_Tent_Caterpillar",-71.77505,48.495791
"Forest_Tent_Caterpillar",-76.163377,44.330181
"Forest_Tent_Caterpillar",-71.253657,48.414195
"Forest_Tent_Caterpillar",-71.253657,48.414195
"Forest_Tent_Caterpillar",-71.253657,48.414195
"Forest_Tent_Caterpillar",-71.77505,48.495791
"Forest_Tent_Caterpillar",-71.253657,48.414195
"Forest_Tent_Caterpillar",-71.77505,48.495791
"Forest_Tent_Caterpillar",-71.77505,48.495791
"Forest_Tent_Caterpillar",-71.77505,48.495791
"Forest_Tent_Caterpillar",-71.253657,48.414195
"Forest_Tent_Caterpillar",-76.163377,44.330181
"Forest_Tent_Caterpillar",-71.253657,48.414195
"Forest_Tent_Caterpillar",-71.253657,48.414195
"Forest_Tent_Caterpillar",-74.387303,43.651022
"Forest_Tent_Caterpillar",-74.389314,43.653041
"Forest_Tent_Caterpillar",-74.38911,43.644981
"Forest_Tent_Caterpillar",-74.389028,43.644907
"Forest_Tent_Caterpillar",-80.993841,46.494927
"Forest_Tent_Caterpillar",-114.029951,46.929335
"Forest_Tent_Caterpillar",-93.791157,48.62317
"Forest_Tent_Caterpillar",-122.339047,48.47102
"Forest_Tent_Caterpillar",-71.90161,43.827966
"Forest_Tent_Caterpillar",-79.994408,32.817025
"Forest_Tent_Caterpillar",-77.168069,45.240846
"Forest_Tent_Caterpillar",-97.446528,32.326484
"Forest_Tent_Caterpillar",-67.841532,46.230408
"Forest_Tent_Caterpillar",-81.365957,46.016509
"Forest_Tent_Caterpillar",-80.219712,43.536667
"Forest_Tent_Caterpillar",-74.389088,43.644891
"Forest_Tent_Caterpillar",-69.68962,48.145213
"Forest_Tent_Caterpillar",-74.38757,43.651071
"Forest_Tent_Caterpillar",-71.615987,42.605629
"Forest_Tent_Caterpillar",-75.793452,45.540393
"Forest_Tent_Caterpillar",-74.393119,43.651793
"Forest_Tent_Caterpillar",-75.793582,45.540405
"Forest_Tent_Caterpillar",-74.392885,43.652145
"Forest_Tent_Caterpillar",-76.505178,42.781435
"Forest_Tent_Caterpillar",-81.307458,48.491575
"Forest_Tent_Caterpillar",-74.390517,43.643705
"Forest_Tent_Caterpillar",-68.66635,47.345572
"Forest_Tent_Caterpillar",-81.013208,46.471671
"Forest_Tent_Caterpillar",-122.338949,48.47095
"Forest_Tent_Caterpillar",-76.493827,42.783403
"Forest_Tent_Caterpillar",-74.38698,43.651033
"Forest_Tent_Caterpillar",-74.389211,43.644906
"Forest_Tent_Caterpillar",-76.493827,42.783403
"Forest_Tent_Caterpillar",-72.69091,42.593034
"Forest_Tent_Caterpillar",-76.342041,45.464275
"Forest_Tent_Caterpillar",-74.637649,45.519697
"Forest_Tent_Caterpillar",-74.389169,43.644872
"Forest_Tent_Caterpillar",-74.024854,43.614788
"Forest_Tent_Caterpillar",-72.468845,42.337251
"Forest_Tent_Caterpillar",-76.0064,36.90443
"Forest_Tent_Caterpillar",-75.842063,41.218707
"Forest_Tent_Caterpillar",-75.841527,41.218691
"Forest_Tent_Caterpillar",-114.88745,53.246405
"Forest_Tent_Caterpillar",-75.841677,41.218707
"Forest_Tent_Caterpillar",-98.572697,29.545767
"Forest_Tent_Caterpillar",-75.841595,41.218717
"Forest_Tent_Caterpillar",-75.841316,41.218781
"Forest_Tent_Caterpillar",-93.638061,45.022746
"Forest_Tent_Caterpillar",-114.392908,51.166987
"Forest_Tent_Caterpillar",-80.554536,45.927902
"Forest_Tent_Caterpillar",-78.791512,35.839195
"Forest_Tent_Caterpillar",-89.844468,35.193474
"Forest_Tent_Caterpillar",-92.815963,44.766892
"Forest_Tent_Caterpillar",-80.15404,43.543045
"Forest_Tent_Caterpillar",-75.841788,41.218749
"Forest_Tent_Caterpillar",-80.325365,45.390291
"Forest_Tent_Caterpillar",-80.554536,45.927902
"Forest_Tent_Caterpillar",-82.302985,29.606822
"Forest_Tent_Caterpillar",-71.12646,42.938882
"Forest_Tent_Caterpillar",-114.392899,51.167037
"Forest_Tent_Caterpillar",-78.120384,48.597097
"Forest_Tent_Caterpillar",-84.025468,33.175679
"Forest_Tent_Caterpillar",-72.997059,41.421946
"Forest_Tent_Caterpillar",-72.997059,41.421946
"Forest_Tent_Caterpillar",-72.997059,41.421946
"Forest_Tent_Caterpillar",-72.997059,41.421946
"Forest_Tent_Caterpillar",-72.997059,41.421946
"Forest_Tent_Caterpillar",-72.997059,41.421946
"Forest_Tent_Caterpillar",-72.339275,41.478144
"Forest_Tent_Caterpillar",-72.997059,41.421946
"Forest_Tent_Caterpillar",-72.997059,41.421946
"Forest_Tent_Caterpillar",-72.997059,41.421946
"Forest_Tent_Caterpillar",-72.997059,41.421946
"Forest_Tent_Caterpillar",-72.997059,41.421946
"Forest_Tent_Caterpillar",-72.997059,41.421946
"Forest_Tent_Caterpillar",-72.997059,41.421946
"Forest_Tent_Caterpillar",-72.997059,41.421946
"Forest_Tent_Caterpillar",-72.997059,41.421946
"Forest_Tent_Caterpillar",-72.997059,41.421946
"Forest_Tent_Caterpillar",-72.997059,41.421946
"Forest_Tent_Caterpillar",-72.997059,41.421946
"Forest_Tent_Caterpillar",-72.997059,41.421946
"Forest_Tent_Caterpillar",-72.997059,41.421946
"Forest_Tent_Caterpillar",-72.997059,41.421946
"Forest_Tent_Caterpillar",-72.997059,41.421946
"Forest_Tent_Caterpillar",-72.997059,41.421946
"Forest_Tent_Caterpillar",-72.997059,41.421946
"Forest_Tent_Caterpillar",-72.997059,41.421946
"Forest_Tent_Caterpillar",-72.997059,41.421946
"Forest_Tent_Caterpillar",-72.997059,41.421946
"Forest_Tent_Caterpillar",-72.997059,41.421946
"Forest_Tent_Caterpillar",-72.997059,41.421946
"Forest_Tent_Caterpillar",-72.997059,41.421946
"Forest_Tent_Caterpillar",-72.997059,41.421946
"Forest_Tent_Caterpillar",-72.997059,41.421946
"Forest_Tent_Caterpillar",-72.997059,41.421946
"Forest_Tent_Caterpillar",-72.997059,41.421946
"Forest_Tent_Caterpillar",-72.997059,41.421946
"Forest_Tent_Caterpillar",-72.997059,41.421946
"Forest_Tent_Caterpillar",-72.997059,41.421946
"Forest_Tent_Caterpillar",-72.997059,41.421946
"Forest_Tent_Caterpillar",-72.997059,41.421946
"Forest_Tent_Caterpillar",-72.997059,41.421946
"Forest_Tent_Caterpillar",-72.997059,41.421946
"Forest_Tent_Caterpillar",-72.997059,41.421946
"Forest_Tent_Caterpillar",-72.997059,41.421946
"Forest_Tent_Caterpillar",-72.997059,41.421946
"Forest_Tent_Caterpillar",-72.997059,41.421946
"Forest_Tent_Caterpillar",-72.997059,41.421946
"Forest_Tent_Caterpillar",-72.997059,41.421946
"Forest_Tent_Caterpillar",-72.997059,41.421946
"Forest_Tent_Caterpillar",-72.997059,41.421946
"Forest_Tent_Caterpillar",-72.997059,41.421946
"Forest_Tent_Caterpillar",-72.997059,41.421946
"Forest_Tent_Caterpillar",-72.997059,41.421946
"Forest_Tent_Caterpillar",-72.997059,41.421946
"Forest_Tent_Caterpillar",-72.997059,41.421946
"Forest_Tent_Caterpillar",-72.997059,41.421946
"Forest_Tent_Caterpillar",-72.997059,41.421946
"Forest_Tent_Caterpillar",-72.997059,41.421946
"Forest_Tent_Caterpillar",-72.997059,41.421946
"Forest_Tent_Caterpillar",-72.997059,41.421946
"Forest_Tent_Caterpillar",-72.997059,41.421946
"Forest_Tent_Caterpillar",-72.997059,41.421946
"Forest_Tent_Caterpillar",-72.997059,41.421946
"Forest_Tent_Caterpillar",-72.997059,41.421946
"Forest_Tent_Caterpillar",-72.997059,41.421946
"Forest_Tent_Caterpillar",-72.997059,41.421946
"Forest_Tent_Caterpillar",-72.997059,41.421946
"Forest_Tent_Caterpillar",-72.997059,41.421946
"Forest_Tent_Caterpillar",-72.997059,41.421946
"Forest_Tent_Caterpillar",-72.997059,41.421946
"Forest_Tent_Caterpillar",-72.997059,41.421946
"Forest_Tent_Caterpillar",-72.997059,41.421946
"Forest_Tent_Caterpillar",-71.795806,41.696273
"Forest_Tent_Caterpillar",-72.997059,41.421946
"Forest_Tent_Caterpillar",-72.997059,41.421946
"Forest_Tent_Caterpillar",-72.997059,41.421946
"Forest_Tent_Caterpillar",-72.997059,41.421946
"Forest_Tent_Caterpillar",-72.997059,41.421946
"Forest_Tent_Caterpillar",-72.997059,41.421946
"Forest_Tent_Caterpillar",-72.997059,41.421946
"Forest_Tent_Caterpillar",-72.997059,41.421946
"Forest_Tent_Caterpillar",-72.745406,41.388519
"Forest_Tent_Caterpillar",-72.997059,41.421946
"Forest_Tent_Caterpillar",-72.997059,41.421946
"Forest_Tent_Caterpillar",-72.997059,41.421946
"Forest_Tent_Caterpillar",-72.997059,41.421946
"Forest_Tent_Caterpillar",-72.997059,41.421946
"Forest_Tent_Caterpillar",-81.789589,32.421831
"Forest_Tent_Caterpillar",-68.202368,48.59576
"Forest_Tent_Caterpillar",-72.587356,43.259085
"Forest_Tent_Caterpillar",-77.226381,45.155436
"Forest_Tent_Caterpillar",-76.238986,44.779745
"Forest_Tent_Caterpillar",-91.879738,46.96033
"Forest_Tent_Caterpillar",-94.765954,30.098287
"Forest_Tent_Caterpillar",-91.195626,47.381317
"Forest_Tent_Caterpillar",-94.765953,30.098284
"Forest_Tent_Caterpillar",-96.903592,33.380209
"Forest_Tent_Caterpillar",-78.717777,35.810249
"Forest_Tent_Caterpillar",-94.765948,30.098275
"Forest_Tent_Caterpillar",-91.187463,47.378695
"Forest_Tent_Caterpillar",-82.429993,49.418094
"Forest_Tent_Caterpillar",-98.248727,29.248189
"Forest_Tent_Caterpillar",-96.903541,33.380247
"Forest_Tent_Caterpillar",-91.197678,47.381967
"Forest_Tent_Caterpillar",-84.313772,30.454608
"Forest_Tent_Caterpillar",-91.107475,30.370478
"Forest_Tent_Caterpillar",-78.640747,45.54985
"Forest_Tent_Caterpillar",-91.197697,47.381983
"Forest_Tent_Caterpillar",-76.243708,42.562633
"Forest_Tent_Caterpillar",-76.251974,42.565504
"Forest_Tent_Caterpillar",-80.20351,45.352635
"Forest_Tent_Caterpillar",-89.813129,46.106115
"Forest_Tent_Caterpillar",-97.873707,30.167175
"Forest_Tent_Caterpillar",-85.775337,44.384701
"Forest_Tent_Caterpillar",-79.008989,48.381333
"Forest_Tent_Caterpillar",-78.640778,45.549917
"Forest_Tent_Caterpillar",-84.957044,46.770471
"Forest_Tent_Caterpillar",-82.369617,49.397258
"Forest_Tent_Caterpillar",-80.211819,43.541906
"Forest_Tent_Caterpillar",-98.476532,29.464544
"Forest_Tent_Caterpillar",-85.211782,30.755385
"Forest_Tent_Caterpillar",-65.147469,45.662744
"Forest_Tent_Caterpillar",-64.953259,45.593107
"Forest_Tent_Caterpillar",-68.202368,48.59576
"Forest_Tent_Caterpillar",-68.202368,48.59576
"Forest_Tent_Caterpillar",-78.64077,45.549975
"Forest_Tent_Caterpillar",-98.248858,29.248229
"Forest_Tent_Caterpillar",-94.183708,36.042347
"Forest_Tent_Caterpillar",-79.163911,46.204328
"Forest_Tent_Caterpillar",-78.886694,33.68906
"Forest_Tent_Caterpillar",-76.251974,42.565504
"Forest_Tent_Caterpillar",-80.9245,46.156733
"Forest_Tent_Caterpillar",-74.577216,40.345899
"Forest_Tent_Caterpillar",-91.879687,46.96031
"Forest_Tent_Caterpillar",-98.248727,29.248191
"Forest_Tent_Caterpillar",-80.82489,33.829461
"Forest_Tent_Caterpillar",-89.145074,45.435124
"Forest_Tent_Caterpillar",-81.274909,31.396627
"Forest_Tent_Caterpillar",-98.248978,29.248314
"Forest_Tent_Caterpillar",-79.008989,48.381333
"Forest_Tent_Caterpillar",-95.072394,29.594288
"Forest_Tent_Caterpillar",-91.228533,38.058485
"Forest_Tent_Caterpillar",-95.660822,29.635879
"Forest_Tent_Caterpillar",-79.338031,44.017181
"Forest_Tent_Caterpillar",-84.963423,46.765669
"Forest_Tent_Caterpillar",-79.98298,43.572452
"Forest_Tent_Caterpillar",-80.63527,33.074008
"Forest_Tent_Caterpillar",-76.238986,44.779745
"Forest_Tent_Caterpillar",-97.952225,29.602955
"Forest_Tent_Caterpillar",-98.722186,29.807649
"Forest_Tent_Caterpillar",-95.528522,30.621272
"Forest_Tent_Caterpillar",-95.596773,29.376422
"Forest_Tent_Caterpillar",-75.841788,41.218701
"Forest_Tent_Caterpillar",-77.210112,38.633277
"Forest_Tent_Caterpillar",-65.147628,45.662858
"Forest_Tent_Caterpillar",-84.553149,46.417308
"Forest_Tent_Caterpillar",-124.090321,40.856825
"Forest_Tent_Caterpillar",-112.529606,53.372008
"Forest_Tent_Caterpillar",-95.072824,29.594947
"Forest_Tent_Caterpillar",-75.842003,41.21883
"Forest_Tent_Caterpillar",-78.973472,48.246793
"Forest_Tent_Caterpillar",-80.6344,33.074086
"Forest_Tent_Caterpillar",-97.363011,32.741042
"Forest_Tent_Caterpillar",-96.533774,32.947049
"Forest_Tent_Caterpillar",-75.685395,45.444358
"Forest_Tent_Caterpillar",-94.219605,30.413179
"Forest_Tent_Caterpillar",-92.922541,32.72082
"Forest_Tent_Caterpillar",-72.46136,44.34084
"Forest_Tent_Caterpillar",-92.574233,45.951018
"Forest_Tent_Caterpillar",-75.564601,45.673283
"Forest_Tent_Caterpillar",-74.854019,41.069503
"Forest_Tent_Caterpillar",-97.645308,30.6849
"Forest_Tent_Caterpillar",-75.696989,45.428344
"Forest_Tent_Caterpillar",-79.712014,44.813441
"Forest_Tent_Caterpillar",-79.083562,35.869353
"Forest_Tent_Caterpillar",-87.454742,46.542737
"Forest_Tent_Caterpillar",-123.366025,48.464697
"Forest_Tent_Caterpillar",-96.656953,32.63715
"Forest_Tent_Caterpillar",-95.976052,29.67468
"Forest_Tent_Caterpillar",-95.660014,29.636062
"Forest_Tent_Caterpillar",-76.155984,36.771485
"Forest_Tent_Caterpillar",-94.391572,29.572522
"Forest_Tent_Caterpillar",-97.218178,45.745895
"Forest_Tent_Caterpillar",-95.594417,29.376484
"Forest_Tent_Caterpillar",-79.082502,35.869581
"Forest_Tent_Caterpillar",-124.08997,40.857029
"Forest_Tent_Caterpillar",-103.300873,44.086432
"Forest_Tent_Caterpillar",-76.195845,36.794397
"Forest_Tent_Caterpillar",-81.188015,35.820006
"Forest_Tent_Caterpillar",-72.461396,44.340826
"Forest_Tent_Caterpillar",-80.248854,43.694294
"Forest_Tent_Caterpillar",-96.760109,32.774261
"Forest_Tent_Caterpillar",-84.957838,46.769791
"Forest_Tent_Caterpillar",-97.1214,44.901675
"Forest_Tent_Caterpillar",-65.147658,45.662888
"Forest_Tent_Caterpillar",-93.993744,32.639137
"Forest_Tent_Caterpillar",-92.730884,46.432866
"Forest_Tent_Caterpillar",-65.147658,45.662862
"Forest_Tent_Caterpillar",-97.640428,30.236717
"Forest_Tent_Caterpillar",-94.219619,30.41314
"Forest_Tent_Caterpillar",-75.698155,45.706371
"Forest_Tent_Caterpillar",-77.997728,45.107375
"Forest_Tent_Caterpillar",-73.620208,45.497514
"Forest_Tent_Caterpillar",-80.9086,44.340672
"Forest_Tent_Caterpillar",-90.132392,29.923072
"Forest_Tent_Caterpillar",-114.270178,53.719796
"Forest_Tent_Caterpillar",-74.798495,44.157278
"Forest_Tent_Caterpillar",-75.93901,45.161199
"Forest_Tent_Caterpillar",-96.710991,32.81355
"Forest_Tent_Caterpillar",-76.003943,36.651884
"Forest_Tent_Caterpillar",-81.104544,32.457888
"Forest_Tent_Caterpillar",-95.660692,29.63558
"Forest_Tent_Caterpillar",-73.441131,46.26911
"Forest_Tent_Caterpillar",-87.116162,48.771432
"Forest_Tent_Caterpillar",-78.43203,38.134731
"Forest_Tent_Caterpillar",-87.63059,46.655235
"Forest_Tent_Caterpillar",-76.238986,44.779745
"Forest_Tent_Caterpillar",-75.751839,36.174903
"Forest_Tent_Caterpillar",-72.666946,44.439406
"Forest_Tent_Caterpillar",-77.45889,42.700215
"Forest_Tent_Caterpillar",-76.841942,39.016094
"Forest_Tent_Caterpillar",-98.734628,29.85478
"Forest_Tent_Caterpillar",-82.15065,49.433609
"Forest_Tent_Caterpillar",-96.693721,32.710546
"Forest_Tent_Caterpillar",-76.076428,36.841346
"Forest_Tent_Caterpillar",-85.181784,34.998931
"Forest_Tent_Caterpillar",-114.137594,50.992144
"Forest_Tent_Caterpillar",-96.563682,32.639434
"Forest_Tent_Caterpillar",-97.645942,30.2356
"Forest_Tent_Caterpillar",-98.707778,29.777135
"Forest_Tent_Caterpillar",-92.646324,32.530224
"Forest_Tent_Caterpillar",-91.244597,47.385711
"Forest_Tent_Caterpillar",-75.841638,41.218717
"Forest_Tent_Caterpillar",-72.461396,44.340826
"Forest_Tent_Caterpillar",-110.735992,43.694095
"Forest_Tent_Caterpillar",-65.147592,45.662747
"Forest_Tent_Caterpillar",-75.93891,45.161346
"Forest_Tent_Caterpillar",-122.770247,49.323356
"Forest_Tent_Caterpillar",-71.90161,43.827966
"Forest_Tent_Caterpillar",-79.014528,48.380262
"Forest_Tent_Caterpillar",-74.878136,39.891541
"Forest_Tent_Caterpillar",-72.721313,40.856562
"Forest_Tent_Caterpillar",-75.777959,39.68154
"Forest_Tent_Caterpillar",-97.682067,30.257608
"Forest_Tent_Caterpillar",-78.901537,45.383663
"Forest_Tent_Caterpillar",-84.153852,44.35804
"Forest_Tent_Caterpillar",-72.46152,44.340792
"Forest_Tent_Caterpillar",-96.640532,32.955552
"Forest_Tent_Caterpillar",-75.807988,45.469219
"Forest_Tent_Caterpillar",-95.660652,29.635574
"Forest_Tent_Caterpillar",-97.653495,30.232388
"Forest_Tent_Caterpillar",-62.626167,45.613222
"Forest_Tent_Caterpillar",-124.325858,56.103511
"Forest_Tent_Caterpillar",-96.746885,32.727804
"Forest_Tent_Caterpillar",-96.70457,32.705494
"Forest_Tent_Caterpillar",-60.314818,46.208244
"Forest_Tent_Caterpillar",-93.993409,32.639551
"Forest_Tent_Caterpillar",-97.644975,30.274388
"Forest_Tent_Caterpillar",-76.061539,44.84418
"Forest_Tent_Caterpillar",-97.010318,32.475335
"Forest_Tent_Caterpillar",-89.253128,48.458662
"Forest_Tent_Caterpillar",-81.133067,46.478178
"Forest_Tent_Caterpillar",-96.749531,32.729128
"Forest_Tent_Caterpillar",-75.497077,39.776207
"Forest_Tent_Caterpillar",-76.116183,41.146093
"Forest_Tent_Caterpillar",-89.143139,45.015784
"Forest_Tent_Caterpillar",-96.613579,33.201309
"Forest_Tent_Caterpillar",-104.571608,50.435488
"Forest_Tent_Caterpillar",-79.00307,48.36123
"Forest_Tent_Caterpillar",-96.805898,33.895177
"Forest_Tent_Caterpillar",-76.252785,45.358395
"Forest_Tent_Caterpillar",-81.013208,46.471671
"Forest_Tent_Caterpillar",-116.417839,52.061413
"Forest_Tent_Caterpillar",-78.284038,45.012722
"Forest_Tent_Caterpillar",-73.793726,42.605345
"Forest_Tent_Caterpillar",-116.373926,52.290171
"Forest_Tent_Caterpillar",-116.373926,52.290171
"Forest_Tent_Caterpillar",-96.60481,48.66517
"Forest_Tent_Caterpillar",-95.06156,49.34286
"Forest_Tent_Caterpillar",-94.06776,48.64291
"Forest_Tent_Caterpillar",-95.06156,49.34286
"Forest_Tent_Caterpillar",-86.76326,46.30004
"Forest_Tent_Caterpillar",-79.426664,44.790449
"Forest_Tent_Caterpillar",-79.415322,40.852753
"Forest_Tent_Caterpillar",-68.528619,48.29727
"Forest_Tent_Caterpillar",-75.292647,41.377747
"Forest_Tent_Caterpillar",-92.445452,46.648887
"Forest_Tent_Caterpillar",-80.098914,44.242112
"Forest_Tent_Caterpillar",-114.041244,45.844128
"Forest_Tent_Caterpillar",-76.238986,44.779745
"Forest_Tent_Caterpillar",-68.528619,48.29727
"Forest_Tent_Caterpillar",-68.528619,48.29727
"Forest_Tent_Caterpillar",-114.885503,53.248637
"Forest_Tent_Caterpillar",-80.891738,48.572147
"Forest_Tent_Caterpillar",-77.914571,45.048564
"Forest_Tent_Caterpillar",-73.230649,43.657718
"Forest_Tent_Caterpillar",-79.0161,48.380432
"Forest_Tent_Caterpillar",-68.528619,48.29727
"Forest_Tent_Caterpillar",-68.523087,48.308006
"Forest_Tent_Caterpillar",-75.842301,41.218795
"Forest_Tent_Caterpillar",-68.528619,48.29727
"Forest_Tent_Caterpillar",-75.672166,45.059642
"Forest_Tent_Caterpillar",-68.528619,48.29727
"Forest_Tent_Caterpillar",-79.766708,42.039939
"Forest_Tent_Caterpillar",-75.965772,41.297405
"Forest_Tent_Caterpillar",-79.876128,48.312655
"Forest_Tent_Caterpillar",-79.550609,44.778246
"Forest_Tent_Caterpillar",-75.139411,41.641933
"Forest_Tent_Caterpillar",-62.699662,46.310814
"Forest_Tent_Caterpillar",-74.964444,42.641944
"Forest_Tent_Caterpillar",-114.889579,53.248303
"Forest_Tent_Caterpillar",-91.194987,47.381564
"Forest_Tent_Caterpillar",-91.244386,47.385739
"Forest_Tent_Caterpillar",-83.966721,46.22271
"Forest_Tent_Caterpillar",-79.504896,45.174605
"Forest_Tent_Caterpillar",-74.262798,43.794129
"Forest_Tent_Caterpillar",-83.966721,46.22271
"Forest_Tent_Caterpillar",-64.420005,45.114633
"Forest_Tent_Caterpillar",-89.541745,48.020286
"Forest_Tent_Caterpillar",-78.097778,44.175738
"Forest_Tent_Caterpillar",-91.194942,47.381405
"Forest_Tent_Caterpillar",-79.00307,48.36123
"Forest_Tent_Caterpillar",-81.673829,43.569625
"Forest_Tent_Caterpillar",-75.595795,45.1451
"Forest_Tent_Caterpillar",-79.446242,39.045364
"Forest_Tent_Caterpillar",-64.590631,45.06307
"Forest_Tent_Caterpillar",-80.220124,43.296228
"Forest_Tent_Caterpillar",-84.065948,46.464958
"Forest_Tent_Caterpillar",-83.856975,46.93298
"Forest_Tent_Caterpillar",-91.972627,47.87968
"Forest_Tent_Caterpillar",-64.437463,45.077278
"Forest_Tent_Caterpillar",-79.873345,48.291317
"Forest_Tent_Caterpillar",-78.938578,45.255796
"Forest_Tent_Caterpillar",-71.972309,42.957888
"Forest_Tent_Caterpillar",-78.284038,45.012722
"Forest_Tent_Caterpillar",-79.664998,43.818591
"Forest_Tent_Caterpillar",-91.197647,47.381814
"Forest_Tent_Caterpillar",-76.256112,41.37132
"Forest_Tent_Caterpillar",-91.195908,47.381172
"Forest_Tent_Caterpillar",-78.907961,45.390802
"Forest_Tent_Caterpillar",-83.856973,46.93298
"Forest_Tent_Caterpillar",-78.6408,45.549888
"Forest_Tent_Caterpillar",-84.040593,46.497448
"Forest_Tent_Caterpillar",-78.640373,45.550874
"Forest_Tent_Caterpillar",-72.434533,43.526758
"Forest_Tent_Caterpillar",-71.058883,48.430222
"Forest_Tent_Caterpillar",-78.097855,44.17575
"Forest_Tent_Caterpillar",-79.484338,47.592903
"Forest_Tent_Caterpillar",-83.971293,46.225831
"Forest_Tent_Caterpillar",-71.136792,44.130473
"Forest_Tent_Caterpillar",-79.433771,47.324466
"Forest_Tent_Caterpillar",-73.03823,44.184867
"Forest_Tent_Caterpillar",-76.23805,45.199242
"Forest_Tent_Caterpillar",-84.476987,46.61444
"Forest_Tent_Caterpillar",-78.531924,45.017106
"Forest_Tent_Caterpillar",-121.063137,49.006422
"Forest_Tent_Caterpillar",-75.820555,41.227578
"Forest_Tent_Caterpillar",-91.244636,47.385747
"Forest_Tent_Caterpillar",-76.543499,36.644916
"Forest_Tent_Caterpillar",-76.234108,36.77203
"Forest_Tent_Caterpillar",-76.085775,42.776311
"Forest_Tent_Caterpillar",-79.9198,45.010492
"Forest_Tent_Caterpillar",-76.694346,44.796712
"Forest_Tent_Caterpillar",-79.455347,44.585549
"Forest_Tent_Caterpillar",-79.455199,47.308864
"Forest_Tent_Caterpillar",-119.627328,49.490417
"Forest_Tent_Caterpillar",-79.455199,47.308864
"Forest_Tent_Caterpillar",-72.798737,42.593837
"Forest_Tent_Caterpillar",-79.842942,45.296988
"Forest_Tent_Caterpillar",-76.262763,36.762705
"Forest_Tent_Caterpillar",-76.379037,36.742274
"Forest_Tent_Caterpillar",-62.730613,46.210905
"Forest_Tent_Caterpillar",-96.716042,33.066569
"Forest_Tent_Caterpillar",-114.193062,49.458297
"Forest_Tent_Caterpillar",-76.758202,42.443508
"Forest_Tent_Caterpillar",-65.003928,47.045471
"Forest_Tent_Caterpillar",-76.527175,36.71458
"Forest_Tent_Caterpillar",-122.832637,46.114257
"Forest_Tent_Caterpillar",-79.919633,45.011086
"Forest_Tent_Caterpillar",-91.244606,47.385708
"Forest_Tent_Caterpillar",-75.746675,39.195865
"Forest_Tent_Caterpillar",-69.809802,47.53977
"Forest_Tent_Caterpillar",-77.790253,44.288742
"Forest_Tent_Caterpillar",-76.379037,36.742313
"Forest_Tent_Caterpillar",-60.050656,46.039806
"Forest_Tent_Caterpillar",-76.256567,36.76303
"Forest_Tent_Caterpillar",-84.404318,46.697169
"Forest_Tent_Caterpillar",-78.780846,44.470757
"Forest_Tent_Caterpillar",-63.579288,44.920342
"Forest_Tent_Caterpillar",-81.500192,45.966155
"Forest_Tent_Caterpillar",-115.132632,52.029707
"Forest_Tent_Caterpillar",-73.341395,42.750827
"Forest_Tent_Caterpillar",-78.910058,43.953675
"Forest_Tent_Caterpillar",-79.489521,45.526911
"Forest_Tent_Caterpillar",-91.992164,30.961747
"Forest_Tent_Caterpillar",-84.065948,46.464958
"Forest_Tent_Caterpillar",-96.655608,33.07555
"Forest_Tent_Caterpillar",-76.37909,36.742296
"Forest_Tent_Caterpillar",-121.063137,49.006422
"Forest_Tent_Caterpillar",-79.455199,47.308864
"Forest_Tent_Caterpillar",-84.065948,46.464958
"Forest_Tent_Caterpillar",-78.284038,45.012722
"Forest_Tent_Caterpillar",-72.303917,45.360793
"Forest_Tent_Caterpillar",-92.215202,46.698688
"Forest_Tent_Caterpillar",-80.630937,43.443283
"Forest_Tent_Caterpillar",-79.00307,48.36123
"Forest_Tent_Caterpillar",-76.543725,36.644567
"Forest_Tent_Caterpillar",-74.259867,44.448136
"Forest_Tent_Caterpillar",-82.137839,49.424375
"Forest_Tent_Caterpillar",-95.712652,46.291904
"Forest_Tent_Caterpillar",-90.101042,47.965309
"Forest_Tent_Caterpillar",-76.546527,36.645771
"Forest_Tent_Caterpillar",-74.797439,44.156633
"Forest_Tent_Caterpillar",-62.730753,46.210975
"Forest_Tent_Caterpillar",-62.7308,46.210892
"Forest_Tent_Caterpillar",-68.202368,48.59576
"Forest_Tent_Caterpillar",-91.244622,47.385703
"Forest_Tent_Caterpillar",-79.455199,47.308864
"Forest_Tent_Caterpillar",-119.627092,49.490228
"Forest_Tent_Caterpillar",-75.014994,41.120136
"Forest_Tent_Caterpillar",-78.426,38.923
"Forest_Tent_Caterpillar",-68.202368,48.59576
"Forest_Tent_Caterpillar",-123.722872,49.439137
"Forest_Tent_Caterpillar",-111.034989,56.447961
"Forest_Tent_Caterpillar",-105.595791,50.287333
"Forest_Tent_Caterpillar",-122.47193,48.73083
"Forest_Tent_Caterpillar",-87.747949,48.818317
"Forest_Tent_Caterpillar",-92.916816,46.924923
"Forest_Tent_Caterpillar",-94.4917,31.559657
"Forest_Tent_Caterpillar",-81.491839,45.990722
"Forest_Tent_Caterpillar",-64.484378,48.828686
"Forest_Tent_Caterpillar",-71.88085,42.736231
"Forest_Tent_Caterpillar",-123.722722,49.439205
"Forest_Tent_Caterpillar",-72.675744,44.632498
"Forest_Tent_Caterpillar",-79.439385,47.302457
"Forest_Tent_Caterpillar",-68.202368,48.59576
"Forest_Tent_Caterpillar",-87.986277,46.371306
"Forest_Tent_Caterpillar",-73.076602,44.339951
"Forest_Tent_Caterpillar",-114.467071,53.11077
"Forest_Tent_Caterpillar",-94.558358,47.4156
"Forest_Tent_Caterpillar",-111.43282,40.618157
"Forest_Tent_Caterpillar",-122.843671,49.176302
"Forest_Tent_Caterpillar",-113.81613,53.594712
"Forest_Tent_Caterpillar",-62.699746,46.310745
"Forest_Tent_Caterpillar",-84.326837,46.519037
"Forest_Tent_Caterpillar",-123.315133,48.876814
"Forest_Tent_Caterpillar",-85.643271,48.718283
"Forest_Tent_Caterpillar",-73.759933,43.169031
"Forest_Tent_Caterpillar",-77.907403,34.133033
"Forest_Tent_Caterpillar",-79.117632,45.071753
"Forest_Tent_Caterpillar",-71.296269,46.891178
"Forest_Tent_Caterpillar",-79.91977,45.010553
"Forest_Tent_Caterpillar",-77.927143,42.088033
"Forest_Tent_Caterpillar",-80.24536,43.696621
"Forest_Tent_Caterpillar",-62.699733,46.310749
"Forest_Tent_Caterpillar",-123.346612,48.873012
"Forest_Tent_Caterpillar",-123.70545,49.4412
"Forest_Tent_Caterpillar",-83.419779,32.943029
"Forest_Tent_Caterpillar",-123.408061,49.338319
"Forest_Tent_Caterpillar",-81.317693,45.03247
"Forest_Tent_Caterpillar",-73.076602,44.339951
"Forest_Tent_Caterpillar",-123.722875,49.439263
"Forest_Tent_Caterpillar",-113.93028,46.993441
"Forest_Tent_Caterpillar",-63.588431,44.885087
"Forest_Tent_Caterpillar",-120.175919,50.7915
"Forest_Tent_Caterpillar",-80.249003,43.694362
"Forest_Tent_Caterpillar",-72.748693,44.363583
"Forest_Tent_Caterpillar",-62.669909,45.555871
"Forest_Tent_Caterpillar",-73.825582,43.287781
"Forest_Tent_Caterpillar",-62.699726,46.31075
"Forest_Tent_Caterpillar",-80.588783,42.665081
"Forest_Tent_Caterpillar",-75.936384,45.711562
"Forest_Tent_Caterpillar",-63.549997,44.677098
"Forest_Tent_Caterpillar",-124.643507,49.524314
"Forest_Tent_Caterpillar",-77.461754,44.149878
"Forest_Tent_Caterpillar",-79.441191,47.32483
"Forest_Tent_Caterpillar",-70.360742,47.690817
"Forest_Tent_Caterpillar",-62.699514,46.310904
"Forest_Tent_Caterpillar",-69.514625,44.840531
"Forest_Tent_Caterpillar",-91.244606,47.3857
"Forest_Tent_Caterpillar",-77.443817,46.003044
"Forest_Tent_Caterpillar",-80.21839,43.511144
"Forest_Tent_Caterpillar",-72.19693,44.045106
"Forest_Tent_Caterpillar",-123.166429,49.097305
"Forest_Tent_Caterpillar",-77.774774,48.101057
"Forest_Tent_Caterpillar",-76.403428,42.385738
"Forest_Tent_Caterpillar",-80.559525,45.917642
"Forest_Tent_Caterpillar",-89.623222,48.40065
"Forest_Tent_Caterpillar",-81.834321,42.786742
"Forest_Tent_Caterpillar",-82.336979,45.792022
"Forest_Tent_Caterpillar",-72.6902,42.593067
"Forest_Tent_Caterpillar",-71.296269,46.891178
"Forest_Tent_Caterpillar",-72.121964,42.758511
"Forest_Tent_Caterpillar",-68.79836,48.35002
"Forest_Tent_Caterpillar",-73.759542,43.170053
"Forest_Tent_Caterpillar",-91.491606,45.10363
"Forest_Tent_Caterpillar",-95.027427,45.317886
"Forest_Tent_Caterpillar",-66.115792,48.938367
"Forest_Tent_Caterpillar",-87.619814,46.560199
"Forest_Tent_Caterpillar",-73.257,44.551
"Forest_Tent_Caterpillar",-84.476945,46.628215
"Forest_Tent_Caterpillar",-80.703952,42.666354
"Forest_Tent_Caterpillar",-89.623772,48.400738
"Forest_Tent_Caterpillar",-80.424394,42.811581
"Forest_Tent_Caterpillar",-78.061038,33.926377
"Forest_Tent_Caterpillar",-79.657831,46.134879
"Forest_Tent_Caterpillar",-74.187954,46.035606
"Forest_Tent_Caterpillar",-71.179661,48.378937
"Forest_Tent_Caterpillar",-81.657838,46.036085
"Forest_Tent_Caterpillar",-122.724425,38.274726
"Forest_Tent_Caterpillar",-78.193692,44.549013
"Forest_Tent_Caterpillar",-75.879012,45.593799
"Forest_Tent_Caterpillar",-81.027519,33.996533
"Forest_Tent_Caterpillar",-81.632486,46.905521
"Forest_Tent_Caterpillar",-67.223977,45.242879
"Forest_Tent_Caterpillar",-68.550856,48.437015
"Forest_Tent_Caterpillar",-62.69969,46.310664
"Forest_Tent_Caterpillar",-72.485621,43.768825
"Forest_Tent_Caterpillar",-118.336694,44.702291
"Forest_Tent_Caterpillar",-97.079304,47.966116
"Forest_Tent_Caterpillar",-78.727064,45.132739
"Forest_Tent_Caterpillar",-84.405702,34.219851
"Forest_Tent_Caterpillar",-73.159561,44.87257
"Forest_Tent_Caterpillar",-69.239424,47.472262
"Forest_Tent_Caterpillar",-72.75795,43.573447
"Forest_Tent_Caterpillar",-80.107542,43.943266
"Forest_Tent_Caterpillar",-75.457292,45.714452
"Forest_Tent_Caterpillar",-82.057411,35.934946
"Forest_Tent_Caterpillar",-81.07245,46.373433
"Forest_Tent_Caterpillar",-96.66492,45.40381
"Forest_Tent_Caterpillar",-92.748576,34.453152
"Forest_Tent_Caterpillar",-76.519284,44.260237
"Forest_Tent_Caterpillar",-82.336786,45.792007
"Forest_Tent_Caterpillar",-75.457095,45.713968
"Forest_Tent_Caterpillar",-91.491671,45.1036
"Forest_Tent_Caterpillar",-84.31579,46.529121
"Forest_Tent_Caterpillar",-75.992428,45.644395
"Forest_Tent_Caterpillar",-74.326317,45.466338
"Forest_Tent_Caterpillar",-98.293481,49.980217
"Forest_Tent_Caterpillar",-71.972309,42.957896
"Forest_Tent_Caterpillar",-64.881402,44.376689
"Forest_Tent_Caterpillar",-73.131041,44.816423
"Forest_Tent_Caterpillar",-79.871389,48.283158
"Forest_Tent_Caterpillar",-84.487412,44.698772
"Forest_Tent_Caterpillar",-76.403437,42.385717
"Forest_Tent_Caterpillar",-64.618661,46.389245
"Forest_Tent_Caterpillar",-113.255396,53.529682
"Forest_Tent_Caterpillar",-63.767987,46.410904
"Forest_Tent_Caterpillar",-70.526418,41.735332
"Forest_Tent_Caterpillar",-93.495933,47.243137
"Forest_Tent_Caterpillar",-72.037025,42.782664
"Forest_Tent_Caterpillar",-79.624686,44.026308
"Forest_Tent_Caterpillar",-77.759929,41.725114
"Forest_Tent_Caterpillar",-113.654972,53.566624
"Forest_Tent_Caterpillar",-91.491413,45.103768
"Forest_Tent_Caterpillar",-63.549995,44.677069
"Forest_Tent_Caterpillar",-88.562217,47.117681
"Forest_Tent_Caterpillar",-68.312609,47.454882
"Forest_Tent_Caterpillar",-76.255432,41.371099
"Forest_Tent_Caterpillar",-82.44482,48.253515
"Forest_Tent_Caterpillar",-89.349939,48.483236
"Forest_Tent_Caterpillar",-91.491671,45.103736
"Forest_Tent_Caterpillar",-92.188758,30.577699
"Forest_Tent_Caterpillar",-93.536132,44.22136
"Forest_Tent_Caterpillar",-68.473072,46.066162
"Forest_Tent_Caterpillar",-113.749781,53.415652
"Forest_Tent_Caterpillar",-84.957838,46.769791
"Forest_Tent_Caterpillar",-77.443855,46.003058
"Forest_Tent_Caterpillar",-79.727447,44.949355
"Forest_Tent_Caterpillar",-74.326317,45.466338
"Forest_Tent_Caterpillar",-70.624371,47.664169
"Forest_Tent_Caterpillar",-70.526419,41.73533
"Forest_Tent_Caterpillar",-89.622955,48.399887
"Forest_Tent_Caterpillar",-76.226193,45.205349
"Forest_Tent_Caterpillar",-76.256211,41.371292
"Forest_Tent_Caterpillar",-62.699732,46.310747
"Forest_Tent_Caterpillar",-76.955643,49.032196
"Forest_Tent_Caterpillar",-113.714259,53.364963
"Forest_Tent_Caterpillar",-86.293378,48.593034
"Forest_Tent_Caterpillar",-83.961857,46.293168
"Forest_Tent_Caterpillar",-111.0476,45.667805
"Forest_Tent_Caterpillar",-84.326783,46.518988
"Forest_Tent_Caterpillar",-80.212147,45.358061
"Forest_Tent_Caterpillar",-82.336893,45.792022
"Forest_Tent_Caterpillar",-118.320234,44.690746
"Forest_Tent_Caterpillar",-79.512957,45.821388
"Forest_Tent_Caterpillar",-72.55642,43.62342
"Forest_Tent_Caterpillar",-78.987533,46.78878
"Forest_Tent_Caterpillar",-96.015511,33.777823
"Forest_Tent_Caterpillar",-84.745358,42.522217
"Forest_Tent_Caterpillar",-77.313265,44.477568
"Forest_Tent_Caterpillar",-79.73144,44.862941
"Forest_Tent_Caterpillar",-71.879532,44.815834
"Forest_Tent_Caterpillar",-71.242297,46.857001
"Forest_Tent_Caterpillar",-97.271627,35.190312
"Forest_Tent_Caterpillar",-70.682443,41.859059
"Forest_Tent_Caterpillar",-75.229131,45.211144
"Forest_Tent_Caterpillar",-77.313783,44.477224
"Forest_Tent_Caterpillar",-103.415938,43.839917
"Forest_Tent_Caterpillar",-82.336915,45.792007
"Forest_Tent_Caterpillar",-64.162147,44.59138
"Forest_Tent_Caterpillar",-82.05568,47.273852
"Forest_Tent_Caterpillar",-89.233139,48.434052
"Forest_Tent_Caterpillar",-79.746607,44.444321
"Forest_Tent_Caterpillar",-89.623405,48.40062
"Forest_Tent_Caterpillar",-71.296269,46.891178
"Forest_Tent_Caterpillar",-89.623245,48.400547
"Forest_Tent_Caterpillar",-95.815731,50.142121
"Forest_Tent_Caterpillar",-72.232962,42.340512
"Forest_Tent_Caterpillar",-72.623482,43.831757
"Forest_Tent_Caterpillar",-84.31579,46.529121
"Forest_Tent_Caterpillar",-67.393844,47.511814
"Forest_Tent_Caterpillar",-77.443908,46.003056
"Forest_Tent_Caterpillar",-122.490753,48.725117
"Forest_Tent_Caterpillar",-73.341395,42.750827
"Forest_Tent_Caterpillar",-82.336915,45.792007
"Forest_Tent_Caterpillar",-82.336893,45.792022
"Forest_Tent_Caterpillar",-93.667862,47.731492
"Forest_Tent_Caterpillar",-84.065948,46.464958
"Forest_Tent_Caterpillar",-74.096136,44.407669
"Forest_Tent_Caterpillar",-96.825145,28.889371
"Forest_Tent_Caterpillar",-89.623245,48.400547
"Forest_Tent_Caterpillar",-80.040628,45.682567
"Forest_Tent_Caterpillar",-70.648613,44.288724
"Forest_Tent_Caterpillar",-123.40965,49.348097
"Forest_Tent_Caterpillar",-76.595481,42.489954
"Forest_Tent_Caterpillar",-70.526485,41.735353
"Forest_Tent_Caterpillar",-94.221359,49.683865
"Forest_Tent_Caterpillar",-80.327872,48.427025
"Forest_Tent_Caterpillar",-72.368902,43.623456
"Forest_Tent_Caterpillar",-72.349491,43.665367
"Forest_Tent_Caterpillar",-76.37307,42.390896
"Forest_Tent_Caterpillar",-72.199013,44.809605
"Forest_Tent_Caterpillar",-70.797987,47.023864
"Forest_Tent_Caterpillar",-122.805515,38.446177
"Forest_Tent_Caterpillar",-64.521518,45.069216
"Forest_Tent_Caterpillar",-76.237935,45.199048
"Forest_Tent_Caterpillar",-73.727153,43.49628
"Forest_Tent_Caterpillar",-72.203478,44.008964
"Forest_Tent_Caterpillar",-70.682443,41.859059
"Forest_Tent_Caterpillar",-73.342957,44.713261
"Forest_Tent_Caterpillar",-79.80738,46.72747
"Forest_Tent_Caterpillar",-82.336893,45.792022
"Forest_Tent_Caterpillar",-81.196403,33.898136
"Forest_Tent_Caterpillar",-89.623245,48.400547
"Forest_Tent_Caterpillar",-72.406029,43.224915
"Forest_Tent_Caterpillar",-73.496197,43.709217
"Forest_Tent_Caterpillar",-66.115717,48.93841
"Forest_Tent_Caterpillar",-79.429299,47.298059
"Forest_Tent_Caterpillar",-70.203891,47.534804
"Forest_Tent_Caterpillar",-122.683738,48.492245
"Forest_Tent_Caterpillar",-70.526434,41.735331
"Forest_Tent_Caterpillar",-123.395139,48.50131
"Forest_Tent_Caterpillar",-79.799382,47.549689
"Forest_Tent_Caterpillar",-84.31579,46.529121
"Forest_Tent_Caterpillar",-74.271004,45.463608
"Forest_Tent_Caterpillar",-82.324998,29.6519
"Forest_Tent_Caterpillar",-80.630937,43.443267
"Forest_Tent_Caterpillar",-79.44963,39.453608
"Forest_Tent_Caterpillar",-78.033417,44.029186
"Forest_Tent_Caterpillar",-87.63059,46.655235
"Forest_Tent_Caterpillar",-122.488325,48.726881
"Forest_Tent_Caterpillar",-72.023878,42.601835
"Forest_Tent_Caterpillar",-74.776716,42.29525
"Forest_Tent_Caterpillar",-72.69027,42.593178
"Forest_Tent_Caterpillar",-64.853303,47.743908
"Forest_Tent_Caterpillar",-78.021343,34.216079
"Forest_Tent_Caterpillar",-122.304567,49.051942
"Forest_Tent_Caterpillar",-70.791077,43.286116
"Forest_Tent_Caterpillar",-81.834321,42.786742
"Forest_Tent_Caterpillar",-84.31579,46.529121
"Forest_Tent_Caterpillar",-79.441191,47.32483
"Forest_Tent_Caterpillar",-65.230309,48.025696
"Forest_Tent_Caterpillar",-88.548867,47.116497
"Forest_Tent_Caterpillar",-119.627288,49.490397
"Forest_Tent_Caterpillar",-69.544694,47.867583
"Forest_Tent_Caterpillar",-121.940892,49.174531
"Forest_Tent_Caterpillar",-77.759939,41.725177
"Forest_Tent_Caterpillar",-72.939535,43.628931
"Forest_Tent_Caterpillar",-78.901725,45.383897
"Forest_Tent_Caterpillar",-79.479613,44.603275
"Forest_Tent_Caterpillar",-67.392814,47.512394
"Forest_Tent_Caterpillar",-73.341395,42.750827
"Forest_Tent_Caterpillar",-79.00307,48.36123
"Forest_Tent_Caterpillar",-92.084625,46.850012
"Forest_Tent_Caterpillar",-84.065948,46.464958
"Forest_Tent_Caterpillar",-86.633295,46.415505
"Forest_Tent_Caterpillar",-64.369281,45.088128
"Forest_Tent_Caterpillar",-70.526592,41.735397
"Forest_Tent_Caterpillar",-80.035789,45.677803
"Forest_Tent_Caterpillar",-71.801542,45.459309
"Forest_Tent_Caterpillar",-78.194275,44.549168
"Forest_Tent_Caterpillar",-65.241432,44.408005
"Forest_Tent_Caterpillar",-122.488547,48.726953
"Forest_Tent_Caterpillar",-91.023186,45.267855
"Forest_Tent_Caterpillar",-77.997803,45.107322
"Forest_Tent_Caterpillar",-79.480125,44.603213
"Forest_Tent_Caterpillar",-78.387218,44.903677
"Forest_Tent_Caterpillar",-82.444755,48.253506
"Forest_Tent_Caterpillar",-72.748553,44.363583
"Forest_Tent_Caterpillar",-91.203758,47.388214
"Forest_Tent_Caterpillar",-78.856667,44.626133
"Forest_Tent_Caterpillar",-79.713276,46.158007
"Forest_Tent_Caterpillar",-123.409556,49.347939
"Forest_Tent_Caterpillar",-76.225492,45.205212
"Forest_Tent_Caterpillar",-96.660113,45.40195
"Forest_Tent_Caterpillar",-72.748553,44.363583
"Forest_Tent_Caterpillar",-81.58557,30.217434
"Forest_Tent_Caterpillar",-79.581794,48.137939
"Forest_Tent_Caterpillar",-76.22431,45.204538
"Forest_Tent_Caterpillar",-114.134392,53.024681
"Forest_Tent_Caterpillar",-123.378414,48.462129
"Forest_Tent_Caterpillar",-123.335563,48.427687
"Forest_Tent_Caterpillar",-72.748553,44.363583
"Forest_Tent_Caterpillar",-94.00344,36.494331
"Forest_Tent_Caterpillar",-66.115761,48.938425
"Forest_Tent_Caterpillar",-82.336786,45.792007
"Forest_Tent_Caterpillar",-75.803147,45.791312
"Forest_Tent_Caterpillar",-72.397476,44.543732
"Forest_Tent_Caterpillar",-62.69974,46.310744
"Forest_Tent_Caterpillar",-71.242256,46.857139
"Forest_Tent_Caterpillar",-70.360717,47.690847
"Forest_Tent_Caterpillar",-89.627016,45.616118
"Forest_Tent_Caterpillar",-67.392814,47.511698
"Forest_Tent_Caterpillar",-85.132327,42.277635
"Forest_Tent_Caterpillar",-79.01219,48.368509
"Forest_Tent_Caterpillar",-84.279792,46.531612
"Forest_Tent_Caterpillar",-60.314802,46.208321
"Forest_Tent_Caterpillar",-72.239875,42.301336
"Forest_Tent_Caterpillar",-72.748779,44.363652
"Forest_Tent_Caterpillar",-73.167122,45.986825
"Forest_Tent_Caterpillar",-113.540905,53.558163
"Forest_Tent_Caterpillar",-117.408762,47.634047
"Forest_Tent_Caterpillar",-84.040518,46.497473
"Forest_Tent_Caterpillar",-112.325861,42.872011
"Forest_Tent_Caterpillar",-72.009796,45.582772
"Forest_Tent_Caterpillar",-79.429299,47.298059
"Forest_Tent_Caterpillar",-98.294228,49.980086
"Forest_Tent_Caterpillar",-69.715465,48.141365
"Forest_Tent_Caterpillar",-82.336893,45.792022
"Forest_Tent_Caterpillar",-82.336893,45.792022
"Forest_Tent_Caterpillar",-91.244597,47.385717
"Forest_Tent_Caterpillar",-76.435842,44.517299
"Forest_Tent_Caterpillar",-74.943649,40.328454
"Forest_Tent_Caterpillar",-79.223874,45.320187
"Forest_Tent_Caterpillar",-68.312609,47.454882
"Forest_Tent_Caterpillar",-85.978599,35.83059
"Forest_Tent_Caterpillar",-73.037758,44.183762
"Forest_Tent_Caterpillar",-122.006347,49.147658
"Forest_Tent_Caterpillar",-114.116956,50.990623
"Forest_Tent_Caterpillar",-122.784335,49.051676
"Forest_Tent_Caterpillar",-68.550856,48.437015
"Forest_Tent_Caterpillar",-72.690255,42.593158
"Forest_Tent_Caterpillar",-79.221629,45.266224
"Forest_Tent_Caterpillar",-78.64077,45.549983
"Forest_Tent_Caterpillar",-62.699728,46.31075
"Forest_Tent_Caterpillar",-79.672242,47.698445
"Forest_Tent_Caterpillar",-81.255583,45.225295
"Forest_Tent_Caterpillar",-72.339479,45.124263
"Forest_Tent_Caterpillar",-80.363228,43.373883
"Forest_Tent_Caterpillar",-73.590026,41.249608
"Forest_Tent_Caterpillar",-70.640224,43.753314
"Forest_Tent_Caterpillar",-107.057614,37.273769
"Forest_Tent_Caterpillar",-96.596014,33.718313
"Forest_Tent_Caterpillar",-78.640844,45.549494
"Forest_Tent_Caterpillar",-76.226008,45.205312
"Forest_Tent_Caterpillar",-121.940886,49.174519
"Forest_Tent_Caterpillar",-68.202368,48.59576
"Forest_Tent_Caterpillar",-71.879585,44.816082
"Forest_Tent_Caterpillar",-62.699731,46.31075
"Forest_Tent_Caterpillar",-64.882745,47.759972
"Forest_Tent_Caterpillar",-72.165009,42.75351
"Forest_Tent_Caterpillar",-73.136106,43.041305
"Forest_Tent_Caterpillar",-114.071961,51.004058
"Forest_Tent_Caterpillar",-91.914814,30.217041
"Forest_Tent_Caterpillar",-71.225525,44.291663
"Forest_Tent_Caterpillar",-80.559425,45.917488
"Forest_Tent_Caterpillar",-79.00349,48.36066
"Forest_Tent_Caterpillar",-67.906707,47.182927
"Forest_Tent_Caterpillar",-76.595366,42.489783
"Forest_Tent_Caterpillar",-69.645879,44.590856
"Forest_Tent_Caterpillar",-123.446159,48.721137
"Forest_Tent_Caterpillar",-76.093932,45.493139
"Forest_Tent_Caterpillar",-71.88085,42.736231
"Forest_Tent_Caterpillar",-76.433567,42.403852
"Forest_Tent_Caterpillar",-82.336786,45.792007
"Forest_Tent_Caterpillar",-75.028407,45.657112
"Forest_Tent_Caterpillar",-70.526591,41.735393
"Forest_Tent_Caterpillar",-79.212455,45.65358
"Forest_Tent_Caterpillar",-79.478484,44.605476
"Forest_Tent_Caterpillar",-73.136106,43.041305
"Forest_Tent_Caterpillar",-76.435858,44.517297
"Forest_Tent_Caterpillar",-72.616922,43.829258
"Forest_Tent_Caterpillar",-76.327976,42.424867
"Forest_Tent_Caterpillar",-70.445628,44.212901
"Forest_Tent_Caterpillar",-78.640851,45.550297
"Forest_Tent_Caterpillar",-75.047817,45.603963
"Forest_Tent_Caterpillar",-96.70531,32.703649
"Forest_Tent_Caterpillar",-79.415245,40.852795
"Forest_Tent_Caterpillar",-88.55078,45.15062
"Forest_Tent_Caterpillar",-112.87088,53.684278
"Forest_Tent_Caterpillar",-72.748639,44.363637
"Forest_Tent_Caterpillar",-74.252994,44.43735
"Forest_Tent_Caterpillar",-66.115725,48.938436
"Forest_Tent_Caterpillar",-97.109258,32.723564
"Forest_Tent_Caterpillar",-84.065948,46.464958
"Forest_Tent_Caterpillar",-72.206122,42.324113
"Forest_Tent_Caterpillar",-69.764092,47.638799
"Forest_Tent_Caterpillar",-72.203575,44.008975
"Forest_Tent_Caterpillar",-77.461759,44.149884
"Forest_Tent_Caterpillar",-72.232495,42.348118
"Forest_Tent_Caterpillar",-76.578065,40.952117
"Forest_Tent_Caterpillar",-72.206072,42.324083
"Forest_Tent_Caterpillar",-60.970887,46.372513
"Forest_Tent_Caterpillar",-81.837763,42.788514
"Forest_Tent_Caterpillar",-64.618661,46.389245
"Forest_Tent_Caterpillar",-72.218482,42.56768
"Forest_Tent_Caterpillar",-72.285738,41.472014
"Forest_Tent_Caterpillar",-122.776361,48.886169
"Forest_Tent_Caterpillar",-110.18318,49.680642
"Forest_Tent_Caterpillar",-76.758202,42.443508
"Forest_Tent_Caterpillar",-72.53719,42.7566
"Forest_Tent_Caterpillar",-74.41378,41.994805
"Forest_Tent_Caterpillar",-72.206125,42.324132
"Forest_Tent_Caterpillar",-72.752618,44.326986
"Forest_Tent_Caterpillar",-123.405042,48.481247
"Forest_Tent_Caterpillar",-89.514085,45.777165
"Forest_Tent_Caterpillar",-72.233032,42.340502
"Forest_Tent_Caterpillar",-71.741819,43.059277
"Forest_Tent_Caterpillar",-72.236268,42.367812
"Forest_Tent_Caterpillar",-72.203303,44.009092
"Forest_Tent_Caterpillar",-110.856133,43.411453
"Forest_Tent_Caterpillar",-74.314989,49.909464
"Forest_Tent_Caterpillar",-62.699713,46.310784
"Forest_Tent_Caterpillar",-72.279267,41.817997
"Forest_Tent_Caterpillar",-87.521927,46.549246
"Forest_Tent_Caterpillar",-69.764725,47.638722
"Forest_Tent_Caterpillar",-69.086861,44.154602
"Forest_Tent_Caterpillar",-74.251467,45.86759
"Forest_Tent_Caterpillar",-77.586169,45.606558
"Forest_Tent_Caterpillar",-63.434953,46.261898
"Forest_Tent_Caterpillar",-72.23624,42.367813
"Forest_Tent_Caterpillar",-68.818205,48.334692
"Forest_Tent_Caterpillar",-70.880019,42.075189
"Forest_Tent_Caterpillar",-97.165153,30.230148
"Forest_Tent_Caterpillar",-76.561467,42.398147
"Forest_Tent_Caterpillar",-113.403721,53.469749
"Forest_Tent_Caterpillar",-75.922645,45.405278
"Forest_Tent_Caterpillar",-72.232983,42.340444
"Forest_Tent_Caterpillar",-74.665413,45.033828
"Forest_Tent_Caterpillar",-115.4067,40.650705
"Forest_Tent_Caterpillar",-71.24415,46.850655
"Forest_Tent_Caterpillar",-69.763901,47.638367
"Forest_Tent_Caterpillar",-75.842095,41.218764
"Forest_Tent_Caterpillar",-72.43386,44.238011
"Forest_Tent_Caterpillar",-82.411708,28.079702
"Forest_Tent_Caterpillar",-72.218482,42.56768
"Forest_Tent_Caterpillar",-79.454645,47.302753
"Forest_Tent_Caterpillar",-79.919584,45.010879
"Forest_Tent_Caterpillar",-77.119831,44.5609
"Forest_Tent_Caterpillar",-70.182017,44.489305
"Forest_Tent_Caterpillar",-73.753267,45.9663
"Forest_Tent_Caterpillar",-78.68837,45.577759
"Forest_Tent_Caterpillar",-72.515374,44.331105
"Forest_Tent_Caterpillar",-93.676501,47.221344
"Forest_Tent_Caterpillar",-71.868413,43.391303
"Forest_Tent_Caterpillar",-79.454645,47.302753
"Forest_Tent_Caterpillar",-114.271843,50.898343
"Forest_Tent_Caterpillar",-77.880886,44.665856
"Forest_Tent_Caterpillar",-72.850314,44.687983
"Forest_Tent_Caterpillar",-65.612321,47.638194
"Forest_Tent_Caterpillar",-79.409578,45.023155
"Forest_Tent_Caterpillar",-70.553984,47.951759
"Forest_Tent_Caterpillar",-68.231776,48.610111
"Forest_Tent_Caterpillar",-71.741962,43.059057
"Forest_Tent_Caterpillar",-88.586372,47.108761
"Forest_Tent_Caterpillar",-91.676716,49.414249
"Forest_Tent_Caterpillar",-72.206108,42.324103
"Forest_Tent_Caterpillar",-75.138091,41.641798
"Forest_Tent_Caterpillar",-91.308575,45.216443
"Forest_Tent_Caterpillar",-81.837763,42.788514
"Forest_Tent_Caterpillar",-87.849401,31.133481
"Forest_Tent_Caterpillar",-72.206083,42.324078
"Forest_Tent_Caterpillar",-122.338562,48.716137
"Forest_Tent_Caterpillar",-73.058549,42.659543
"Forest_Tent_Caterpillar",-122.665598,49.171103
"Forest_Tent_Caterpillar",-71.766197,41.926544
"Forest_Tent_Caterpillar",-72.206113,42.324198
"Forest_Tent_Caterpillar",-72.237442,42.369782
"Forest_Tent_Caterpillar",-69.755089,47.646134
"Forest_Tent_Caterpillar",-79.752037,46.060611
"Forest_Tent_Caterpillar",-76.59446,42.489615
"Forest_Tent_Caterpillar",-73.180449,44.012052
"Forest_Tent_Caterpillar",-96.978717,33.064296
"Forest_Tent_Caterpillar",-72.491571,44.392369
"Forest_Tent_Caterpillar",-72.047114,48.768691
"Forest_Tent_Caterpillar",-73.146099,44.705749
"Forest_Tent_Caterpillar",-78.06595,44.921841
"Forest_Tent_Caterpillar",-72.23626,42.367795
"Forest_Tent_Caterpillar",-66.897802,45.062578
"Forest_Tent_Caterpillar",-77.932025,44.082361
"Forest_Tent_Caterpillar",-69.135567,44.578585
"Forest_Tent_Caterpillar",-72.232777,42.346503
"Forest_Tent_Caterpillar",-73.367846,42.383133
"Forest_Tent_Caterpillar",-69.763978,47.638472
"Forest_Tent_Caterpillar",-67.223947,45.242844
"Forest_Tent_Caterpillar",-69.949464,47.365211
"Forest_Tent_Caterpillar",-73.807579,43.05442
"Forest_Tent_Caterpillar",-74.007344,44.304307
"Forest_Tent_Caterpillar",-67.548003,48.531407
"Forest_Tent_Caterpillar",-90.836259,47.573789
"Forest_Tent_Caterpillar",-91.491799,45.103645
"Forest_Tent_Caterpillar",-91.244788,47.385775
"Forest_Tent_Caterpillar",-67.223986,45.242835
"Forest_Tent_Caterpillar",-72.79328,41.39254
"Forest_Tent_Caterpillar",-80.818821,35.078369
"Forest_Tent_Caterpillar",-68.712711,48.940165
"Forest_Tent_Caterpillar",-83.529463,35.070453
"Forest_Tent_Caterpillar",-91.244513,47.385475
"Forest_Tent_Caterpillar",-69.467492,44.801468
"Forest_Tent_Caterpillar",-72.20607,42.324085
"Forest_Tent_Caterpillar",-87.849401,31.133481
"Forest_Tent_Caterpillar",-84.32173,30.457853
"Forest_Tent_Caterpillar",-112.973711,53.529979
"Forest_Tent_Caterpillar",-71.648984,42.835354
"Forest_Tent_Caterpillar",-72.206227,42.324352
"Forest_Tent_Caterpillar",-72.206125,42.324123
"Forest_Tent_Caterpillar",-71.648984,42.835354
"Forest_Tent_Caterpillar",-72.237445,42.369777
"Forest_Tent_Caterpillar",-92.715002,47.218328
"Forest_Tent_Caterpillar",-73.002617,44.448646
"Forest_Tent_Caterpillar",-68.527565,48.447906
"Forest_Tent_Caterpillar",-111.122139,57.185458
"Forest_Tent_Caterpillar",-70.287457,44.087818
"Forest_Tent_Caterpillar",-122.066453,36.953305
"Forest_Tent_Caterpillar",-96.718453,33.068083
"Forest_Tent_Caterpillar",-79.919057,45.01119
"Forest_Tent_Caterpillar",-72.206215,42.324353
"Forest_Tent_Caterpillar",-70.725922,45.642742
"Forest_Tent_Caterpillar",-73.583878,41.25435
"Forest_Tent_Caterpillar",-76.433513,42.403842
"Forest_Tent_Caterpillar",-73.9144,41.444369
"Forest_Tent_Caterpillar",-73.487613,43.414237
"Forest_Tent_Caterpillar",-63.927788,45.384347
"Forest_Tent_Caterpillar",-72.206218,42.324352
"Forest_Tent_Caterpillar",-124.078125,40.862737
"Forest_Tent_Caterpillar",-81.852853,30.073214
"Forest_Tent_Caterpillar",-68.636055,44.413167
"Forest_Tent_Caterpillar",-72.20606,42.324073
"Forest_Tent_Caterpillar",-72.236267,42.367792
"Forest_Tent_Caterpillar",-70.880019,42.075189
"Forest_Tent_Caterpillar",-73.5961,45.444687
"Forest_Tent_Caterpillar",-84.065948,46.464958
"Forest_Tent_Caterpillar",-71.683939,44.143733
"Forest_Tent_Caterpillar",-72.206087,42.324097
"Forest_Tent_Caterpillar",-75.289713,39.905517
"Forest_Tent_Caterpillar",-79.454645,47.302753
"Forest_Tent_Caterpillar",-72.356719,41.884869
"Forest_Tent_Caterpillar",-71.403678,43.52287
"Forest_Tent_Caterpillar",-72.233017,42.34047
"Forest_Tent_Caterpillar",-85.132327,42.277635
"Forest_Tent_Caterpillar",-74.470825,41.830116
"Forest_Tent_Caterpillar",-94.587669,47.719124
"Forest_Tent_Caterpillar",-71.216628,48.427742
"Forest_Tent_Caterpillar",-70.880019,42.075189
"Forest_Tent_Caterpillar",-69.949464,47.365211
"Forest_Tent_Caterpillar",-78.247256,44.33987
"Forest_Tent_Caterpillar",-72.233007,42.34048
"Forest_Tent_Caterpillar",-77.997812,45.107358
"Forest_Tent_Caterpillar",-75.595992,45.145217
"Forest_Tent_Caterpillar",-80.221989,48.12218
"Forest_Tent_Caterpillar",-75.672178,45.059643
"Forest_Tent_Caterpillar",-76.512319,44.750041
"Forest_Tent_Caterpillar",-72.755961,43.568026
"Forest_Tent_Caterpillar",-72.053925,42.441481
"Forest_Tent_Caterpillar",-72.206212,42.324353
"Forest_Tent_Caterpillar",-111.251672,44.498028
"Forest_Tent_Caterpillar",-122.765074,48.897308
"Forest_Tent_Caterpillar",-91.195572,47.381287
"Forest_Tent_Caterpillar",-77.461772,44.149899
"Forest_Tent_Caterpillar",-72.232732,42.346455
"Forest_Tent_Caterpillar",-72.227858,45.297703
"Forest_Tent_Caterpillar",-70.499666,43.928178
"Forest_Tent_Caterpillar",-111.588886,41.840027
"Forest_Tent_Caterpillar",-114.107176,51.027896
"Forest_Tent_Caterpillar",-79.152052,39.55875
"Forest_Tent_Caterpillar",-74.509667,42.331812
"Forest_Tent_Caterpillar",-113.556642,53.500988
"Forest_Tent_Caterpillar",-65.427895,48.111408
"Forest_Tent_Caterpillar",-91.766162,47.018896
"Forest_Tent_Caterpillar",-79.849078,43.314828
"Forest_Tent_Caterpillar",-72.206082,42.324077
"Forest_Tent_Caterpillar",-90.715358,45.782974
"Forest_Tent_Caterpillar",-72.206083,42.324078
"Forest_Tent_Caterpillar",-73.037705,44.183783
"Forest_Tent_Caterpillar",-75.787108,40.215575
"Forest_Tent_Caterpillar",-89.623768,45.406756
"Forest_Tent_Caterpillar",-69.949464,47.365211
"Forest_Tent_Caterpillar",-72.526836,42.560308
"Forest_Tent_Caterpillar",-72.20607,42.324085
"Forest_Tent_Caterpillar",-114.564976,51.325316
"Forest_Tent_Caterpillar",-72.206075,42.324083
"Forest_Tent_Caterpillar",-73.108471,44.884121
"Forest_Tent_Caterpillar",-72.164364,48.443113
"Forest_Tent_Caterpillar",-122.80423,49.056686
"Forest_Tent_Caterpillar",-88.257403,49.010269
"Forest_Tent_Caterpillar",-75.136064,41.64027
"Forest_Tent_Caterpillar",-90.998572,45.808819
"Forest_Tent_Caterpillar",-72.823273,40.964338
"Forest_Tent_Caterpillar",-79.444461,46.318506
"Forest_Tent_Caterpillar",-72.237403,42.369787
"Forest_Tent_Caterpillar",-72.164463,48.442895
"Forest_Tent_Caterpillar",-87.891524,31.09008
"Forest_Tent_Caterpillar",-73.914545,41.444419
"Forest_Tent_Caterpillar",-74.470184,41.830845
"Forest_Tent_Caterpillar",-72.164489,48.442945
"Forest_Tent_Caterpillar",-73.037597,44.183658
"Forest_Tent_Caterpillar",-125.3,50.1
"Forest_Tent_Caterpillar",-81.280748,31.39809
"Forest_Tent_Caterpillar",-122.776595,48.884874
"Forest_Tent_Caterpillar",-73.220047,44.480897
"Forest_Tent_Caterpillar",-113.627484,53.607613
"Forest_Tent_Caterpillar",-83.951131,42.523653
"Forest_Tent_Caterpillar",-73.843704,43.316864
"Forest_Tent_Caterpillar",-122.640831,48.906922
"Forest_Tent_Caterpillar",-94.865725,46.851545
"Forest_Tent_Caterpillar",-91.547097,49.468388
"Forest_Tent_Caterpillar",-71.165286,48.402156
"Forest_Tent_Caterpillar",-71.744362,43.944203
"Forest_Tent_Caterpillar",-96.668708,45.40414
"Forest_Tent_Caterpillar",-74.434447,42.038322
"Forest_Tent_Caterpillar",-92.834693,48.045622
"Forest_Tent_Caterpillar",-73.219063,44.48093
"Forest_Tent_Caterpillar",-88.4824,46.6466
"Forest_Tent_Caterpillar",-92.428528,47.880467
"Forest_Tent_Caterpillar",-92.084708,46.817305
"Forest_Tent_Caterpillar",-123.394103,48.489963
"Forest_Tent_Caterpillar",-85.132327,42.277635
"Forest_Tent_Caterpillar",-78.221072,48.587135
"Forest_Tent_Caterpillar",-122.654888,49.017654
"Forest_Tent_Caterpillar",-112.820325,53.678458
"Forest_Tent_Caterpillar",-81.280748,31.39809
"Forest_Tent_Caterpillar",-85.132327,42.277635
"Forest_Tent_Caterpillar",-73.668847,43.480545
"Forest_Tent_Caterpillar",-80.328871,42.731233
"Forest_Tent_Caterpillar",-93.094775,45.349321
"Forest_Tent_Caterpillar",-80.60395,42.929267
"Forest_Tent_Caterpillar",-71.046394,48.399363
"Forest_Tent_Caterpillar",-72.261772,45.347942
"Forest_Tent_Caterpillar",-68.287516,44.672147
"Forest_Tent_Caterpillar",-81.309961,48.489022
"Forest_Tent_Caterpillar",-72.429186,48.644499
"Forest_Tent_Caterpillar",-123.415596,48.501469
"Forest_Tent_Caterpillar",-79.64187,45.166278
"Forest_Tent_Caterpillar",-75.460112,45.1639
"Forest_Tent_Caterpillar",-78.561409,45.174927
"Forest_Tent_Caterpillar",-104.622816,50.446708
"Forest_Tent_Caterpillar",-93.489183,46.194681
"Forest_Tent_Caterpillar",-72.213699,45.291556
"Forest_Tent_Caterpillar",-80.906678,46.535308
"Forest_Tent_Caterpillar",-73.115716,44.33573
"Forest_Tent_Caterpillar",-82.119534,29.897508
"Forest_Tent_Caterpillar",-92.844795,46.161561
"Forest_Tent_Caterpillar",-85.132327,42.277635
"Forest_Tent_Caterpillar",-73.048008,44.500478
"Forest_Tent_Caterpillar",-80.361008,46.162678
"Forest_Tent_Caterpillar",-65.645205,47.601333
"Forest_Tent_Caterpillar",-91.295692,45.994396
"Forest_Tent_Caterpillar",-84.638083,45.57777
"Forest_Tent_Caterpillar",-82.034539,29.954353
"Forest_Tent_Caterpillar",-68.956106,44.669902
"Forest_Tent_Caterpillar",-80.158159,44.099183
"Forest_Tent_Caterpillar",-78.194527,45.386963
"Forest_Tent_Caterpillar",-79.919587,45.011019
"Forest_Tent_Caterpillar",-72.091417,42.468375
"Forest_Tent_Caterpillar",-114.886247,53.248242
"Forest_Tent_Caterpillar",-76.071411,39.220087
"Forest_Tent_Caterpillar",-70.499708,43.92815
"Forest_Tent_Caterpillar",-73.193279,44.60075
"Forest_Tent_Caterpillar",-75.206312,45.164345
"Forest_Tent_Caterpillar",-72.409648,41.034422
"Forest_Tent_Caterpillar",-75.705626,41.559169
"Forest_Tent_Caterpillar",-81.022475,49.061572
"Forest_Tent_Caterpillar",-79.860058,45.622218
"Forest_Tent_Caterpillar",-72.608193,42.751423
"Forest_Tent_Caterpillar",-114.0983,50.893713
"Forest_Tent_Caterpillar",-85.132327,42.277635
"Forest_Tent_Caterpillar",-76.348338,42.967494
"Forest_Tent_Caterpillar",-88.79068,46.329163
"Forest_Tent_Caterpillar",-79.458992,46.32045
"Forest_Tent_Caterpillar",-79.581581,44.410012
"Forest_Tent_Caterpillar",-122.710591,48.456546
"Forest_Tent_Caterpillar",-71.210797,46.809636
"Forest_Tent_Caterpillar",-94.387409,30.194202
"Forest_Tent_Caterpillar",-73.589887,43.33462
"Forest_Tent_Caterpillar",-114.116909,50.990777
"Forest_Tent_Caterpillar",-74.1315,42.5005
"Forest_Tent_Caterpillar",-85.132327,42.277635
"Forest_Tent_Caterpillar",-99.830067,50.559412
"Forest_Tent_Caterpillar",-108.498422,45.908488
"Forest_Tent_Caterpillar",-122.728435,49.194295
"Forest_Tent_Caterpillar",-81.91594,48.32196
"Forest_Tent_Caterpillar",-69.163378,48.139869
"Forest_Tent_Caterpillar",-79.441178,47.324955
"Forest_Tent_Caterpillar",-74.444313,44.758013
"Forest_Tent_Caterpillar",-114.885503,53.248637
"Forest_Tent_Caterpillar",-65.903228,45.45905
"Forest_Tent_Caterpillar",-123.316109,48.463318
"Forest_Tent_Caterpillar",-74.841204,41.290483
"Forest_Tent_Caterpillar",-123.311837,48.46355
"Forest_Tent_Caterpillar",-80.211609,43.702937
"Forest_Tent_Caterpillar",-90.727165,47.654449
"Forest_Tent_Caterpillar",-67.913902,46.950287
"Forest_Tent_Caterpillar",-73.230798,44.377388
"Forest_Tent_Caterpillar",-91.105417,30.369901
"Forest_Tent_Caterpillar",-74.583763,46.219458
"Forest_Tent_Caterpillar",-72.531048,42.569444
"Forest_Tent_Caterpillar",-78.493282,44.50098
"Forest_Tent_Caterpillar",-79.199118,42.903498
"Forest_Tent_Caterpillar",-111.327483,44.188297
"Forest_Tent_Caterpillar",-69.822117,43.874188
"Forest_Tent_Caterpillar",-72.322346,48.928555
"Forest_Tent_Caterpillar",-81.018978,46.609127
"Forest_Tent_Caterpillar",-122.815496,49.039892
"Forest_Tent_Caterpillar",-79.837572,43.947364
"Forest_Tent_Caterpillar",-81.534742,41.227917
"Forest_Tent_Caterpillar",-75.57017,45.62628
"Forest_Tent_Caterpillar",-83.94853,42.59663
"Forest_Tent_Caterpillar",-66.779569,45.993774
"Forest_Tent_Caterpillar",-76.577958,40.951737
"Forest_Tent_Caterpillar",-73.239288,43.304283
"Forest_Tent_Caterpillar",-119.247488,52.775582
"Forest_Tent_Caterpillar",-72.070786,42.858728
"Forest_Tent_Caterpillar",-122.238153,37.400539
"Forest_Tent_Caterpillar",-73.724996,40.732952
"Forest_Tent_Caterpillar",-79.737808,45.685637
"Forest_Tent_Caterpillar",-78.640817,45.549795
"Forest_Tent_Caterpillar",-112.831372,53.524524
"Forest_Tent_Caterpillar",-76.577958,40.951737
"Forest_Tent_Caterpillar",-89.260095,48.44205
"Forest_Tent_Caterpillar",-73.237347,44.307552
"Forest_Tent_Caterpillar",-85.132327,42.277635
"Forest_Tent_Caterpillar",-77.008781,45.50455
"Forest_Tent_Caterpillar",-77.850395,48.106653
"Forest_Tent_Caterpillar",-124.645028,49.52388
"Forest_Tent_Caterpillar",-123.223115,49.277713
"Forest_Tent_Caterpillar",-79.444441,46.318495
"Forest_Tent_Caterpillar",-124.091347,40.878937
"Forest_Tent_Caterpillar",-91.189211,45.936892
"Forest_Tent_Caterpillar",-77.444205,46.003333
"Forest_Tent_Caterpillar",-72.196257,44.044435
"Forest_Tent_Caterpillar",-71.054345,44.869365
"Forest_Tent_Caterpillar",-75.965538,43.053322
"Forest_Tent_Caterpillar",-72.971874,44.471889
"Forest_Tent_Caterpillar",-85.132327,42.277635
"Forest_Tent_Caterpillar",-65.434942,44.711994
"Forest_Tent_Caterpillar",-72.776164,44.355773
"Forest_Tent_Caterpillar",-79.221108,41.663578
"Forest_Tent_Caterpillar",-72.971874,44.471889
"Forest_Tent_Caterpillar",-112.954797,53.428233
"Forest_Tent_Caterpillar",-81.280748,31.39809
"Forest_Tent_Caterpillar",-123.372826,48.465758
"Forest_Tent_Caterpillar",-62.838351,46.156407
"Forest_Tent_Caterpillar",-74.082061,45.623261
"Forest_Tent_Caterpillar",-85.377427,42.411003
"Forest_Tent_Caterpillar",-76.53858,45.849922
"Forest_Tent_Caterpillar",-79.214679,45.391552
"Forest_Tent_Caterpillar",-79.283711,39.507213
"Forest_Tent_Caterpillar",-64.369417,45.902213
"Forest_Tent_Caterpillar",-76.614506,39.578163
"Forest_Tent_Caterpillar",-76.641404,39.601909
"Forest_Tent_Caterpillar",-85.662584,38.368825
"Forest_Tent_Caterpillar",-76.210918,45.685398
"Forest_Tent_Caterpillar",-71.222938,48.316342
"Forest_Tent_Caterpillar",-85.132327,42.277635
"Forest_Tent_Caterpillar",-87.259855,32.697345
"Forest_Tent_Caterpillar",-75.934325,38.953097
"Forest_Tent_Caterpillar",-69.150367,44.190803
"Forest_Tent_Caterpillar",-76.641404,39.601909
"Forest_Tent_Caterpillar",-122.836245,49.038117
"Forest_Tent_Caterpillar",-89.406061,45.654785
"Forest_Tent_Caterpillar",-122.838378,49.28688
"Forest_Tent_Caterpillar",-77.848508,48.105489
"Forest_Tent_Caterpillar",-89.646072,45.845215
"Forest_Tent_Caterpillar",-73.554267,45.562479
"Forest_Tent_Caterpillar",-122.777802,49.273005
"Forest_Tent_Caterpillar",-92.173583,44.144099
"Forest_Tent_Caterpillar",-87.326522,46.44112
"Forest_Tent_Caterpillar",-112.829614,53.675647
"Forest_Tent_Caterpillar",-123.834501,44.775809
"Forest_Tent_Caterpillar",-71.025696,46.781711
"Forest_Tent_Caterpillar",-74.31264,42.194712
"Forest_Tent_Caterpillar",-88.482947,46.645847
"Forest_Tent_Caterpillar",-78.120178,42.878283
"Forest_Tent_Caterpillar",-80.609471,49.113596
"Forest_Tent_Caterpillar",-88.586593,47.163511
"Forest_Tent_Caterpillar",-114.074447,51.079658
"Forest_Tent_Caterpillar",-72.173857,45.281437
"Forest_Tent_Caterpillar",-123.438881,48.532636
"Forest_Tent_Caterpillar",-73.35405,46.283333
"Forest_Tent_Caterpillar",-91.012147,48.212127
"Forest_Tent_Caterpillar",-124.091308,40.859192
"Forest_Tent_Caterpillar",-82.460878,29.714285
"Forest_Tent_Caterpillar",-124.02956,40.335345
"Forest_Tent_Caterpillar",-71.813857,48.473061
"Forest_Tent_Caterpillar",-63.381905,46.488255
"Forest_Tent_Caterpillar",-79.69738,47.740102
"Forest_Tent_Caterpillar",-81.280748,31.39809
"Forest_Tent_Caterpillar",-73.084213,43.178001
"Forest_Tent_Caterpillar",-82.049256,29.830647
"Forest_Tent_Caterpillar",-71.239678,48.400325
"Forest_Tent_Caterpillar",-80.823045,33.8298
"Forest_Tent_Caterpillar",-123.946022,41.422787
"Forest_Tent_Caterpillar",-122.392447,49.24205
"Forest_Tent_Caterpillar",-76.298088,44.384238
"Forest_Tent_Caterpillar",-77.881058,42.99392
"Forest_Tent_Caterpillar",-74.270775,45.463497
"Forest_Tent_Caterpillar",-73.581933,44.219991
"Forest_Tent_Caterpillar",-74.471519,42.429413
"Forest_Tent_Caterpillar",-81.436028,44.420528
"Forest_Tent_Caterpillar",-73.039658,43.146717
"Forest_Tent_Caterpillar",-74.318905,42.202698
"Forest_Tent_Caterpillar",-75.705626,41.559169
"Forest_Tent_Caterpillar",-99.972047,50.630653
"Forest_Tent_Caterpillar",-77.791881,44.282603
"Forest_Tent_Caterpillar",-75.81385,45.538147
"Forest_Tent_Caterpillar",-83.404476,33.916114
"Forest_Tent_Caterpillar",-71.301592,46.71263
"Forest_Tent_Caterpillar",-78.860323,46.28966
"Forest_Tent_Caterpillar",-92.828926,49.776337
"Forest_Tent_Caterpillar",-78.469305,45.127795
"Forest_Tent_Caterpillar",-77.832552,48.114553
"Forest_Tent_Caterpillar",-114.038632,50.956957
"Forest_Tent_Caterpillar",-77.198036,44.900837
"Forest_Tent_Caterpillar",-72.525742,43.132316
"Forest_Tent_Caterpillar",-74.16478,45.92633
"Forest_Tent_Caterpillar",-81.455394,46.62196
"Forest_Tent_Caterpillar",-82.51342,48.152378
"Forest_Tent_Caterpillar",-89.440449,45.657781
"Forest_Tent_Caterpillar",-123.383362,48.492758
"Forest_Tent_Caterpillar",-82.671422,35.577423
"Forest_Tent_Caterpillar",-68.782215,44.991105
"Forest_Tent_Caterpillar",-69.0876,44.179014
"Forest_Tent_Caterpillar",-74.796177,42.339552
"Forest_Tent_Caterpillar",-74.276544,40.925373
"Forest_Tent_Caterpillar",-75.047297,42.955639
"Forest_Tent_Caterpillar",-79.883774,47.799888
"Forest_Tent_Caterpillar",-72.242125,45.183208
"Forest_Tent_Caterpillar",-123.010267,49.145283
"Forest_Tent_Caterpillar",-77.576311,45.50439
"Forest_Tent_Caterpillar",-87.32512,46.440778
"Forest_Tent_Caterpillar",-79.776282,46.050664
"Forest_Tent_Caterpillar",-69.949464,47.365211
"Forest_Tent_Caterpillar",-69.777434,44.488145
"Forest_Tent_Caterpillar",-111.049438,45.674164
"Forest_Tent_Caterpillar",-73.0384,42.889313
"Forest_Tent_Caterpillar",-122.692236,48.852597
"Forest_Tent_Caterpillar",-72.799435,43.429665
"Forest_Tent_Caterpillar",-64.974484,44.730954
"Forest_Tent_Caterpillar",-75.664389,45.063834
"Forest_Tent_Caterpillar",-113.575632,53.568427
"Forest_Tent_Caterpillar",-93.170172,47.398792
"Forest_Tent_Caterpillar",-122.581131,48.8296
"Forest_Tent_Caterpillar",-122.692236,48.852597
"Forest_Tent_Caterpillar",-74.308782,41.141132
"Forest_Tent_Caterpillar",-80.575317,42.641047
"Forest_Tent_Caterpillar",-114.202394,53.558289
"Forest_Tent_Caterpillar",-75.482757,45.488387
"Forest_Tent_Caterpillar",-68.175744,48.589286
"Forest_Tent_Caterpillar",-113.693289,49.606345
"Forest_Tent_Caterpillar",-78.287338,44.28448
"Forest_Tent_Caterpillar",-80.163307,33.038517
"Forest_Tent_Caterpillar",-111.385669,40.742376
"Forest_Tent_Caterpillar",-76.225254,44.778231
"Forest_Tent_Caterpillar",-63.593942,44.636786
"Forest_Tent_Caterpillar",-76.605355,40.977937
"Forest_Tent_Caterpillar",-124.092338,40.862259
"Forest_Tent_Caterpillar",-92.538301,45.211722
"Forest_Tent_Caterpillar",-73.345535,42.777513
"Forest_Tent_Caterpillar",-70.657945,45.602487
"Forest_Tent_Caterpillar",-73.220017,44.480942
"Forest_Tent_Caterpillar",-76.586239,40.9859
"Forest_Tent_Caterpillar",-87.46857,46.545467
"Forest_Tent_Caterpillar",-112.829666,53.675808
"Forest_Tent_Caterpillar",-74.576187,46.216533
"Forest_Tent_Caterpillar",-70.804944,43.284039
"Forest_Tent_Caterpillar",-76.442345,45.889715
"Forest_Tent_Caterpillar",-61.952725,45.35403
"Forest_Tent_Caterpillar",-79.253544,45.021202
"Forest_Tent_Caterpillar",-73.040113,43.158159
"Forest_Tent_Caterpillar",-73.099747,43.254587
"Forest_Tent_Caterpillar",-79.364123,44.217167
"Forest_Tent_Caterpillar",-93.853547,46.28203
"Forest_Tent_Caterpillar",-76.527953,42.468078
"Forest_Tent_Caterpillar",-77.232373,42.318342
"Forest_Tent_Caterpillar",-123.392794,48.496492
"Forest_Tent_Caterpillar",-78.670396,44.692417
"Forest_Tent_Caterpillar",-73.218398,42.208402
"Forest_Tent_Caterpillar",-92.870116,47.497481
"Forest_Tent_Caterpillar",-68.512965,48.452184
"Forest_Tent_Caterpillar",-114.086358,51.07377
"Forest_Tent_Caterpillar",-87.666984,46.499217
"Forest_Tent_Caterpillar",-77.835099,44.292071
"Forest_Tent_Caterpillar",-123.332895,48.475503
"Forest_Tent_Caterpillar",-72.565963,44.597402
"Forest_Tent_Caterpillar",-80.625038,43.468222
"Forest_Tent_Caterpillar",-88.50824,45.838383
"Forest_Tent_Caterpillar",-111.155928,45.641802
"Forest_Tent_Caterpillar",-73.12663,44.308863
"Forest_Tent_Caterpillar",-79.224067,45.302605
"Forest_Tent_Caterpillar",-72.834643,46.49651
"Forest_Tent_Caterpillar",-122.656285,49.022108
"Forest_Tent_Caterpillar",-82.444272,48.253319
"Forest_Tent_Caterpillar",-76.58623,40.985891
"Forest_Tent_Caterpillar",-70.812303,44.420403
"Forest_Tent_Caterpillar",-77.443772,46.002986
"Forest_Tent_Caterpillar",-72.690012,42.592822
"Forest_Tent_Caterpillar",-79.448509,47.601955
"Forest_Tent_Caterpillar",-63.594163,44.635146
"Forest_Tent_Caterpillar",-122.581131,48.829153
"Forest_Tent_Caterpillar",-80.244033,44.511405
"Forest_Tent_Caterpillar",-77.797762,40.774953
"Forest_Tent_Caterpillar",-104.650588,50.459033
"Forest_Tent_Caterpillar",-80.076758,44.044755
"Forest_Tent_Caterpillar",-80.70401,42.666406
"Forest_Tent_Caterpillar",-92.246383,46.652522
"Forest_Tent_Caterpillar",-76.36538,44.547713
"Forest_Tent_Caterpillar",-74.853683,41.070017
"Forest_Tent_Caterpillar",-79.349983,45.54063
"Forest_Tent_Caterpillar",-91.200828,47.387264
"Forest_Tent_Caterpillar",-76.098249,45.129109
"Forest_Tent_Caterpillar",-72.446797,44.551683
"Forest_Tent_Caterpillar",-69.903741,44.547392
"Forest_Tent_Caterpillar",-79.8591,45.7193
"Forest_Tent_Caterpillar",-123.30773,48.463763
"Forest_Tent_Caterpillar",-71.61682,42.6042
"Forest_Tent_Caterpillar",-72.194733,44.811372
"Forest_Tent_Caterpillar",-70.856232,46.886488
"Forest_Tent_Caterpillar",-90.049136,42.970717
"Forest_Tent_Caterpillar",-93.193603,44.458103
"Forest_Tent_Caterpillar",-72.212346,42.777267
"Forest_Tent_Caterpillar",-74.276544,40.925373
"Forest_Tent_Caterpillar",-81.198387,48.484387
"Forest_Tent_Caterpillar",-72.143683,43.996028
"Forest_Tent_Caterpillar",-123.373402,48.464784
"Forest_Tent_Caterpillar",-79.884524,47.82364
"Forest_Tent_Caterpillar",-79.587097,45.159165
"Forest_Tent_Caterpillar",-79.076889,33.85038
"Forest_Tent_Caterpillar",-96.7,33.2
"Forest_Tent_Caterpillar",-123.374663,48.464655
"Forest_Tent_Caterpillar",-76.220427,45.486138
"Forest_Tent_Caterpillar",-77.093797,38.617308
"Forest_Tent_Caterpillar",-75.75737,42.546662
"Forest_Tent_Caterpillar",-124.097097,40.856669
"Forest_Tent_Caterpillar",-124.088975,40.861667
"Forest_Tent_Caterpillar",-95.320145,30.292645
"Forest_Tent_Caterpillar",-78.353042,44.358364
"Forest_Tent_Caterpillar",-89.657462,44.912733
"Forest_Tent_Caterpillar",-82.619675,46.38725
"Forest_Tent_Caterpillar",-75.93525,38.953995
"Forest_Tent_Caterpillar",-84.860149,36.47883
"Forest_Tent_Caterpillar",-123.386938,48.499912
"Forest_Tent_Caterpillar",-78.571921,42.551565
"Forest_Tent_Caterpillar",-75.210128,38.688795
"Forest_Tent_Caterpillar",-74.490696,45.273661
"Forest_Tent_Caterpillar",-76.478737,42.616013
"Forest_Tent_Caterpillar",-80.911541,46.525708
"Forest_Tent_Caterpillar",-66.65978,45.96137
"Forest_Tent_Caterpillar",-76.28948,42.441365
"Forest_Tent_Caterpillar",-96.494622,30.032539
"Forest_Tent_Caterpillar",-82.450837,29.379838
"Forest_Tent_Caterpillar",-82.091565,36.297913
"Forest_Tent_Caterpillar",-95.32013,30.292612
"Forest_Tent_Caterpillar",-79.670904,47.506539
"Forest_Tent_Caterpillar",-95.320197,30.292647
"Forest_Tent_Caterpillar",-83.001878,46.515105
"Forest_Tent_Caterpillar",-123.393827,48.477381
"Forest_Tent_Caterpillar",-75.933533,38.953653
"Forest_Tent_Caterpillar",-78.951256,44.18887
"Forest_Tent_Caterpillar",-75.704178,40.235467
"Forest_Tent_Caterpillar",-73.281333,41.402145
"Forest_Tent_Caterpillar",-78.282519,44.401363
"Forest_Tent_Caterpillar",-76.176025,42.48827
"Forest_Tent_Caterpillar",-71.732353,48.419375
"Forest_Tent_Caterpillar",-72.555736,44.148587
"Forest_Tent_Caterpillar",-75.206469,38.755951
"Forest_Tent_Caterpillar",-92.645608,45.447595
"Forest_Tent_Caterpillar",-71.646562,48.538067
"Forest_Tent_Caterpillar",-71.748183,41.970088
"Forest_Tent_Caterpillar",-84.672538,45.559167
"Forest_Tent_Caterpillar",-77.149217,41.921432
"Forest_Tent_Caterpillar",-90.643969,46.376155
"Forest_Tent_Caterpillar",-70.897362,43.238491
"Forest_Tent_Caterpillar",-73.493834,42.115834
"Forest_Tent_Caterpillar",-78.705784,39.398826
"Forest_Tent_Caterpillar",-75.867675,45.538412
"Forest_Tent_Caterpillar",-76.202921,45.630041
"Forest_Tent_Caterpillar",-69.949464,47.365211
"Forest_Tent_Caterpillar",-73.757988,45.51018
"Forest_Tent_Caterpillar",-75.65944,45.447556
"Forest_Tent_Caterpillar",-122.718768,58.803532
"Forest_Tent_Caterpillar",-93.170765,30.303183
"Forest_Tent_Caterpillar",-82.462598,35.601664
"Forest_Tent_Caterpillar",-93.184595,44.986737
"Forest_Tent_Caterpillar",-70.315041,44.00373
"Forest_Tent_Caterpillar",-73.221008,44.27932
"Forest_Tent_Caterpillar",-70.511727,44.240564
"Forest_Tent_Caterpillar",-95.32013,30.292613
"Forest_Tent_Caterpillar",-93.31838,46.759147
"Forest_Tent_Caterpillar",-123.316387,48.46207
"Forest_Tent_Caterpillar",-82.067989,29.839316
"Forest_Tent_Caterpillar",-73.191411,44.033401
"Forest_Tent_Caterpillar",-78.07292,44.30295
"Forest_Tent_Caterpillar",-96.669533,33.054955
"Forest_Tent_Caterpillar",-76.642719,42.619288
"Forest_Tent_Caterpillar",-94.249588,46.671333
"Forest_Tent_Caterpillar",-92.768676,46.45081
"Forest_Tent_Caterpillar",-76.486557,42.295778
"Forest_Tent_Caterpillar",-124.093273,40.863593
"Forest_Tent_Caterpillar",-73.606817,45.467948
"Forest_Tent_Caterpillar",-80.395466,43.280275
"Forest_Tent_Caterpillar",-65.238889,44.400833
"Forest_Tent_Caterpillar",-124.915681,49.674397
"Forest_Tent_Caterpillar",-111.427213,40.072456
"Forest_Tent_Caterpillar",-74.276544,40.925373
"Forest_Tent_Caterpillar",-67.722649,47.053406
"Forest_Tent_Caterpillar",-84.797478,46.064422
"Forest_Tent_Caterpillar",-89.590576,44.499275
"Forest_Tent_Caterpillar",-81.428397,46.250728
"Forest_Tent_Caterpillar",-71.881065,44.816254
"Forest_Tent_Caterpillar",-89.706497,45.905188
"Forest_Tent_Caterpillar",-77.474857,37.526364
"Forest_Tent_Caterpillar",-78.261955,45.543514
"Forest_Tent_Caterpillar",-76.627297,40.980738
"Forest_Tent_Caterpillar",-85.132327,42.277635
"Forest_Tent_Caterpillar",-73.601732,45.444519
"Forest_Tent_Caterpillar",-93.157386,46.82702
"Forest_Tent_Caterpillar",-61.967391,45.62854
"Forest_Tent_Caterpillar",-67.722649,47.053406
"Forest_Tent_Caterpillar",-79.362525,43.804775
"Forest_Tent_Caterpillar",-75.934857,38.953668
"Forest_Tent_Caterpillar",-73.18543,41.699374
"Forest_Tent_Caterpillar",-92.960494,44.749896
"Forest_Tent_Caterpillar",-79.481192,45.080987
"Forest_Tent_Caterpillar",-93.367255,46.537205
"Forest_Tent_Caterpillar",-73.259133,41.468937
"Forest_Tent_Caterpillar",-76.345825,42.965497
"Forest_Tent_Caterpillar",-75.41942,41.460728
"Forest_Tent_Caterpillar",-76.249908,45.268738
"Forest_Tent_Caterpillar",-79.439834,46.231052
"Forest_Tent_Caterpillar",-72.262425,45.356628
"Forest_Tent_Caterpillar",-81.070957,49.123991
"Forest_Tent_Caterpillar",-73.019669,43.077611
"Forest_Tent_Caterpillar",-122.763294,47.266523
"Forest_Tent_Caterpillar",-73.169403,45.548767
"Forest_Tent_Caterpillar",-63.578203,44.630328
"Forest_Tent_Caterpillar",-69.822128,43.874206
"Forest_Tent_Caterpillar",-69.775638,43.849207
"Forest_Tent_Caterpillar",-69.294332,44.835463
"Forest_Tent_Caterpillar",-76.351962,45.426637
"Forest_Tent_Caterpillar",-124.092605,40.854687
"Forest_Tent_Caterpillar",-65.854246,46.954346
"Forest_Tent_Caterpillar",-73.289153,44.690505
"Forest_Tent_Caterpillar",-72.3496,43.665263
"Forest_Tent_Caterpillar",-73.231788,43.304705
"Forest_Tent_Caterpillar",-73.25888,41.468455
"Forest_Tent_Caterpillar",-74.20713,45.454163
"Forest_Tent_Caterpillar",-79.862305,44.888872
"Forest_Tent_Caterpillar",-81.00375,46.483478
"Forest_Tent_Caterpillar",-78.910225,36.05235
"Forest_Tent_Caterpillar",-71.140267,48.286347
"Forest_Tent_Caterpillar",-77.125127,45.762453
"Forest_Tent_Caterpillar",-67.358234,44.705118
"Forest_Tent_Caterpillar",-81.345483,48.470417
"Forest_Tent_Caterpillar",-73.985806,44.28726
"Forest_Tent_Caterpillar",-81.351944,48.486815
"Forest_Tent_Caterpillar",-71.213377,46.81707
"Forest_Tent_Caterpillar",-73.1944,41.989106
"Forest_Tent_Caterpillar",-70.946699,46.89833
"Forest_Tent_Caterpillar",-72.159539,43.98703
"Forest_Tent_Caterpillar",-79.469917,47.608479
"Forest_Tent_Caterpillar",-73.260187,41.465387
"Forest_Tent_Caterpillar",-75.210022,38.6888
"Forest_Tent_Caterpillar",-73.828857,41.460582
"Forest_Tent_Caterpillar",-95.320183,30.292637
"Forest_Tent_Caterpillar",-123.313998,48.464896
"Forest_Tent_Caterpillar",-96.739243,46.846004
"Forest_Tent_Caterpillar",-82.462598,35.601664
"Forest_Tent_Caterpillar",-77.248812,44.902888
"Forest_Tent_Caterpillar",-75.973281,42.081888
"Forest_Tent_Caterpillar",-75.922562,45.405442
"Forest_Tent_Caterpillar",-78.134595,44.278978
"Forest_Tent_Caterpillar",-70.641805,41.450919
"Forest_Tent_Caterpillar",-78.26961,44.300683
"Forest_Tent_Caterpillar",-75.98256,39.574573
"Forest_Tent_Caterpillar",-84.040765,46.497494
"Forest_Tent_Caterpillar",-106.606636,52.14267
"Forest_Tent_Caterpillar",-71.419484,43.406057
"Forest_Tent_Caterpillar",-70.641903,41.450792
"Forest_Tent_Caterpillar",-76.608055,42.53775
"Forest_Tent_Caterpillar",-95.320153,30.29268
"Forest_Tent_Caterpillar",-76.602961,42.542379
"Forest_Tent_Caterpillar",-73.826233,41.997342
"Forest_Tent_Caterpillar",-96.668024,33.051745
"Forest_Tent_Caterpillar",-75.934006,38.954978
"Forest_Tent_Caterpillar",-81.421692,48.502893
"Forest_Tent_Caterpillar",-75.925476,41.724622
"Forest_Tent_Caterpillar",-76.178375,42.474328
"Forest_Tent_Caterpillar",-75.210092,38.68878
"Forest_Tent_Caterpillar",-74.378417,41.028581
"Forest_Tent_Caterpillar",-95.320145,30.2927
"Forest_Tent_Caterpillar",-71.556239,43.720533
"Forest_Tent_Caterpillar",-76.449538,42.479988
"Forest_Tent_Caterpillar",-78.099226,44.749799
"Forest_Tent_Caterpillar",-72.304557,45.492687
"Forest_Tent_Caterpillar",-73.258897,41.468533
"Forest_Tent_Caterpillar",-74.35945,41.678688
"Forest_Tent_Caterpillar",-75.708645,45.54072
"Forest_Tent_Caterpillar",-71.165378,48.402191
"Forest_Tent_Caterpillar",-76.625062,40.978747
"Forest_Tent_Caterpillar",-71.165392,48.402185
"Forest_Tent_Caterpillar",-72.447931,44.159593
"Forest_Tent_Caterpillar",-80.88475,35.67638
"Forest_Tent_Caterpillar",-95.320205,30.292713
"Forest_Tent_Caterpillar",-95.32013,30.292645
"Forest_Tent_Caterpillar",-71.638519,43.788406
"Forest_Tent_Caterpillar",-79.397794,45.760007
"Forest_Tent_Caterpillar",-88.471978,47.318822
"Forest_Tent_Caterpillar",-79.806252,37.550415
"Forest_Tent_Caterpillar",-123.182238,49.097795
"Forest_Tent_Caterpillar",-81.280987,31.398141
"Forest_Tent_Caterpillar",-73.534219,45.5175
"Forest_Tent_Caterpillar",-124.089018,40.894226
"Forest_Tent_Caterpillar",-68.354295,47.395092
"Forest_Tent_Caterpillar",-97.271767,35.19006
"Forest_Tent_Caterpillar",-81.194188,48.473466
"Forest_Tent_Caterpillar",-84.289928,46.51668
"Forest_Tent_Caterpillar",-74.98252,41.481375
"Forest_Tent_Caterpillar",-75.564592,41.33125
"Forest_Tent_Caterpillar",-72.850314,44.687983
"Forest_Tent_Caterpillar",-93.367306,46.537111
"Forest_Tent_Caterpillar",-65.827372,46.943882
"Forest_Tent_Caterpillar",-75.77375,45.554362
"Forest_Tent_Caterpillar",-79.088158,44.053161
"Forest_Tent_Caterpillar",-76.499484,42.313801
"Forest_Tent_Caterpillar",-73.220978,44.279112
"Forest_Tent_Caterpillar",-73.305099,45.553326
"Forest_Tent_Caterpillar",-69.594984,43.99115
"Forest_Tent_Caterpillar",-92.245192,46.653778
"Forest_Tent_Caterpillar",-73.557175,41.517047
"Forest_Tent_Caterpillar",-75.935192,38.953739
"Forest_Tent_Caterpillar",-75.405395,43.051961
"Forest_Tent_Caterpillar",-78.44995,44.482829
"Forest_Tent_Caterpillar",-76.641404,39.601909
"Forest_Tent_Caterpillar",-69.019058,44.997986
"Forest_Tent_Caterpillar",-72.058479,42.142731
"Forest_Tent_Caterpillar",-78.375855,38.576513
"Forest_Tent_Caterpillar",-92.92553,45.103
"Forest_Tent_Caterpillar",-75.206469,38.755951
"Forest_Tent_Caterpillar",-77.444205,46.003361
"Forest_Tent_Caterpillar",-81.302008,28.083401
"Forest_Tent_Caterpillar",-71.880806,44.815845
"Forest_Tent_Caterpillar",-88.481195,46.645303
"Forest_Tent_Caterpillar",-123.374588,48.464675
"Forest_Tent_Caterpillar",-122.485867,48.71109
"Forest_Tent_Caterpillar",-79.605774,45.619598
"Forest_Tent_Caterpillar",-76.435845,44.517304
"Forest_Tent_Caterpillar",-89.894033,46.148464
"Forest_Tent_Caterpillar",-75.934089,38.95524
"Forest_Tent_Caterpillar",-67.789505,46.718867
"Forest_Tent_Caterpillar",-69.949464,47.365211
"Forest_Tent_Caterpillar",-114.076967,51.058767
"Forest_Tent_Caterpillar",-75.349445,41.848053
"Forest_Tent_Caterpillar",-77.264847,48.404266
"Forest_Tent_Caterpillar",-73.27507,42.510729
"Forest_Tent_Caterpillar",-75.939034,38.955237
"Forest_Tent_Caterpillar",-89.644479,45.879914
"Forest_Tent_Caterpillar",-66.6419,45.962822
"Forest_Tent_Caterpillar",-75.743699,39.349202
"Forest_Tent_Caterpillar",-73.618782,45.503265
"Forest_Tent_Caterpillar",-75.762405,41.560856
"Forest_Tent_Caterpillar",-74.040825,41.309422
"Forest_Tent_Caterpillar",-71.052169,48.420605
"Forest_Tent_Caterpillar",-71.090897,43.997936
"Forest_Tent_Caterpillar",-74.956353,41.127086
"Forest_Tent_Caterpillar",-122.575255,37.986973
"Forest_Tent_Caterpillar",-71.083298,44.000797
"Forest_Tent_Caterpillar",-75.933523,38.953686
"Forest_Tent_Caterpillar",-68.898067,47.679139
"Forest_Tent_Caterpillar",-89.610619,44.961182
"Forest_Tent_Caterpillar",-82.341903,48.232108
"Forest_Tent_Caterpillar",-71.969749,41.851763
"Forest_Tent_Caterpillar",-73.222004,44.277932
"Forest_Tent_Caterpillar",-75.512239,38.635516
"Forest_Tent_Caterpillar",-77.822255,45.076932
"Forest_Tent_Caterpillar",-92.679973,45.778461
"Forest_Tent_Caterpillar",-69.141953,44.601349
"Forest_Tent_Caterpillar",-78.589868,45.226259
"Forest_Tent_Caterpillar",-78.705561,39.398673
"Forest_Tent_Caterpillar",-74.949454,45.694571
"Forest_Tent_Caterpillar",-71.7639,42.783858
"Forest_Tent_Caterpillar",-123.697372,48.790245
"Forest_Tent_Caterpillar",-124.096037,40.861796
"Forest_Tent_Caterpillar",-79.444129,45.075929
"Forest_Tent_Caterpillar",-80.067701,43.772483
"Forest_Tent_Caterpillar",-78.767905,44.784088
"Forest_Tent_Caterpillar",-79.444129,45.075929
"Forest_Tent_Caterpillar",-79.950556,42.966944
"Forest_Tent_Caterpillar",-79.444129,45.075929
"Forest_Tent_Caterpillar",-78.767905,44.784088
"Forest_Tent_Caterpillar",-84.763272,34.82508
"Forest_Tent_Caterpillar",-80.008017,43.21742
"Forest_Tent_Caterpillar",-78.508771,45.046498
"Forest_Tent_Caterpillar",-79.444129,45.075929
"Forest_Tent_Caterpillar",-79.444129,45.075929
"Forest_Tent_Caterpillar",-79.444129,45.075929
"Forest_Tent_Caterpillar",-79.444129,45.075929
"Forest_Tent_Caterpillar",-79.444129,45.075929
"Forest_Tent_Caterpillar",-79.444129,45.075929
"Forest_Tent_Caterpillar",-79.444129,45.075929
"Forest_Tent_Caterpillar",-78.712369,44.935991
"Forest_Tent_Caterpillar",-79.444129,45.075929
"Forest_Tent_Caterpillar",-79.444129,45.075929
"Forest_Tent_Caterpillar",-79.444129,45.075929
"Forest_Tent_Caterpillar",-79.444129,45.075929
"Forest_Tent_Caterpillar",-78.324689,44.751312
"Forest_Tent_Caterpillar",-78.733333,44.933333
"Forest_Tent_Caterpillar",-89.29892,48.403482
"Forest_Tent_Caterpillar",-73.25895,41.468808
"Forest_Tent_Caterpillar",-73.112408,44.150288
"Forest_Tent_Caterpillar",-73.240544,44.492183
"Forest_Tent_Caterpillar",-83.654465,35.697898
"Forest_Tent_Caterpillar",-75.936524,38.952575
"Forest_Tent_Caterpillar",-123.315308,48.463447
"Forest_Tent_Caterpillar",-81.007001,46.465922
"Forest_Tent_Caterpillar",-79.934988,45.012856
"Forest_Tent_Caterpillar",-75.932885,38.95384
"Forest_Tent_Caterpillar",-78.371296,39.354004
"Forest_Tent_Caterpillar",-71.329021,43.646971
"Forest_Tent_Caterpillar",-73.259042,41.46883
"Forest_Tent_Caterpillar",-123.065764,49.121733
"Forest_Tent_Caterpillar",-73.18177,44.012275
"Forest_Tent_Caterpillar",-93.771075,46.441069
"Forest_Tent_Caterpillar",-73.258963,41.468803
"Forest_Tent_Caterpillar",-76.75996,40.440215
"Forest_Tent_Caterpillar",-122.799675,49.278717
"Forest_Tent_Caterpillar",-76.582494,44.726592
"Forest_Tent_Caterpillar",-80.577607,43.179848
"Forest_Tent_Caterpillar",-68.685295,44.909397
"Forest_Tent_Caterpillar",-72.532196,42.429288
"Forest_Tent_Caterpillar",-73.227944,44.310733
"Forest_Tent_Caterpillar",-70.849555,42.201242
"Forest_Tent_Caterpillar",-93.182201,44.958466
"Forest_Tent_Caterpillar",-67.728915,47.04425
"Forest_Tent_Caterpillar",-111.526925,40.1572
"Forest_Tent_Caterpillar",-76.031326,42.613537
"Forest_Tent_Caterpillar",-73.258897,41.468533
"Forest_Tent_Caterpillar",-75.935299,38.954094
"Forest_Tent_Caterpillar",-79.444439,46.318491
"Forest_Tent_Caterpillar",-123.360162,48.486797
"Forest_Tent_Caterpillar",-68.669328,44.89638
"Forest_Tent_Caterpillar",-72.130136,42.791181
"Forest_Tent_Caterpillar",-76.134029,42.082329
"Forest_Tent_Caterpillar",-73.25798,41.47125
"Forest_Tent_Caterpillar",-75.934889,38.954245
"Forest_Tent_Caterpillar",-79.328312,44.763658
"Forest_Tent_Caterpillar",-82.941841,46.183652
"Forest_Tent_Caterpillar",-93.204803,44.729003
"Forest_Tent_Caterpillar",-76.46207,37.270113
"Forest_Tent_Caterpillar",-80.87265,33.815674
"Forest_Tent_Caterpillar",-89.735388,45.88398
"Forest_Tent_Caterpillar",-75.713707,41.572672
"Forest_Tent_Caterpillar",-73.205027,44.493039
"Forest_Tent_Caterpillar",-67.066896,45.091233
"Forest_Tent_Caterpillar",-79.225625,45.265474
"Forest_Tent_Caterpillar",-76.476412,42.438255
"Forest_Tent_Caterpillar",-71.891267,42.695953
"Forest_Tent_Caterpillar",-77.76461,40.644257
"Forest_Tent_Caterpillar",-76.500917,42.384905
"Forest_Tent_Caterpillar",-75.958679,43.054111
"Forest_Tent_Caterpillar",-68.580416,47.27522
"Forest_Tent_Caterpillar",-80.194874,48.099442
"Forest_Tent_Caterpillar",-77.444192,46.003392
"Forest_Tent_Caterpillar",-74.074123,43.007448
"Forest_Tent_Caterpillar",-93.536142,44.222305
"Forest_Tent_Caterpillar",-74.576454,46.212128
"Forest_Tent_Caterpillar",-75.725519,41.176095
"Forest_Tent_Caterpillar",-73.876886,44.348373
"Forest_Tent_Caterpillar",-78.475195,41.81304
"Forest_Tent_Caterpillar",-79.367145,46.347898
"Forest_Tent_Caterpillar",-78.990595,48.22926
"Forest_Tent_Caterpillar",-74.010825,45.488695
"Forest_Tent_Caterpillar",-75.699218,45.376265
"Forest_Tent_Caterpillar",-122.68653,48.857383
"Forest_Tent_Caterpillar",-70.193222,43.949858
"Forest_Tent_Caterpillar",-124.091691,40.8554
"Forest_Tent_Caterpillar",-73.968362,41.450158
"Forest_Tent_Caterpillar",-74.121857,45.992859
"Forest_Tent_Caterpillar",-80.941231,46.452446
"Forest_Tent_Caterpillar",-124.091539,40.855574
"Forest_Tent_Caterpillar",-75.1166,40.973372
"Forest_Tent_Caterpillar",-71.056389,48.439462
"Forest_Tent_Caterpillar",-75.59198,45.354266
"Forest_Tent_Caterpillar",-123.385755,48.551303
"Forest_Tent_Caterpillar",-70.553092,44.223317
"Forest_Tent_Caterpillar",-71.907584,45.403719
"Forest_Tent_Caterpillar",-65.197562,44.425239
"Forest_Tent_Caterpillar",-79.703364,47.738055
"Forest_Tent_Caterpillar",-80.350548,35.841299
"Forest_Tent_Caterpillar",-69.826422,44.57673
"Forest_Tent_Caterpillar",-79.598097,43.971346
"Forest_Tent_Caterpillar",-73.837555,43.095242
"Forest_Tent_Caterpillar",-76.473631,42.417681
"Forest_Tent_Caterpillar",-68.187858,48.576912
"Forest_Tent_Caterpillar",-123.637078,48.771063
"Forest_Tent_Caterpillar",-71.82782,45.496488
"Forest_Tent_Caterpillar",-76.497022,42.433278
"Forest_Tent_Caterpillar",-71.409314,43.232601
"Forest_Tent_Caterpillar",-93.182494,44.984493
"Forest_Tent_Caterpillar",-72.686572,45.412194
"Forest_Tent_Caterpillar",-71.667614,44.044643
"Forest_Tent_Caterpillar",-92.107703,35.488988
"Forest_Tent_Caterpillar",-72.898783,41.427706
"Forest_Tent_Caterpillar",-72.015182,41.604004
"Forest_Tent_Caterpillar",-71.652847,48.550842
"Forest_Tent_Caterpillar",-78.73873,42.0866
"Forest_Tent_Caterpillar",-73.25895,41.469653
"Forest_Tent_Caterpillar",-76.548981,36.620758
"Forest_Tent_Caterpillar",-123.341102,39.389837
"Forest_Tent_Caterpillar",-72.307075,43.71302
"Forest_Tent_Caterpillar",-123.360297,48.488147
"Forest_Tent_Caterpillar",-70.596828,44.375097
"Forest_Tent_Caterpillar",-79.638517,45.253992
"Forest_Tent_Caterpillar",-72.447953,44.159628
"Forest_Tent_Caterpillar",-67.732681,47.056061
"Forest_Tent_Caterpillar",-74.916415,45.879212
"Forest_Tent_Caterpillar",-73.259003,41.468772
"Forest_Tent_Caterpillar",-78.194031,48.488612
"Forest_Tent_Caterpillar",-74.268622,41.037569
"Forest_Tent_Caterpillar",-73.259103,41.468917
"Forest_Tent_Caterpillar",-75.725593,41.180563
"Forest_Tent_Caterpillar",-86.098179,37.151185
"Forest_Tent_Caterpillar",-75.262755,41.140489
"Forest_Tent_Caterpillar",-90.706489,45.221679
"Forest_Tent_Caterpillar",-81.368195,42.979437
"Forest_Tent_Caterpillar",-72.118622,41.989306
"Forest_Tent_Caterpillar",-77.443725,46.002997
"Forest_Tent_Caterpillar",-79.98485,44.849476
"Forest_Tent_Caterpillar",-74.163523,41.967009
"Forest_Tent_Caterpillar",-89.292069,48.3781
"Forest_Tent_Caterpillar",-73.21927,43.92636
"Forest_Tent_Caterpillar",-123.387755,48.50418
"Forest_Tent_Caterpillar",-79.365169,48.511769
"Forest_Tent_Caterpillar",-124.091993,40.855186
"Forest_Tent_Caterpillar",-75.537567,42.813519
"Forest_Tent_Caterpillar",-79.240128,45.318875
"Forest_Tent_Caterpillar",-73.259042,41.46883
"Forest_Tent_Caterpillar",-123.366525,48.464272
"Forest_Tent_Caterpillar",-75.855644,45.477475
"Forest_Tent_Caterpillar",-73.077261,45.023272
"Forest_Tent_Caterpillar",-88.781197,46.127899
"Forest_Tent_Caterpillar",-71.29718,42.456062
"Forest_Tent_Caterpillar",-74.860778,40.98238
"Forest_Tent_Caterpillar",-92.021692,37.25802
"Forest_Tent_Caterpillar",-73.366402,42.792583
"Forest_Tent_Caterpillar",-71.273636,42.450186
"Forest_Tent_Caterpillar",-124.09932,40.94017
"Forest_Tent_Caterpillar",-123.360062,48.484775
"Forest_Tent_Caterpillar",-72.767248,41.95517
"Forest_Tent_Caterpillar",-75.977247,45.362953
"Forest_Tent_Caterpillar",-75.934596,38.951713
"Forest_Tent_Caterpillar",-68.594487,46.010717
"Forest_Tent_Caterpillar",-125.387693,50.138356
"Forest_Tent_Caterpillar",-123.406722,48.486903
"Forest_Tent_Caterpillar",-79.46638,46.306572
"Forest_Tent_Caterpillar",-80.43226,43.533029
"Forest_Tent_Caterpillar",-75.494714,45.503976
"Forest_Tent_Caterpillar",-76.493029,44.233035
"Forest_Tent_Caterpillar",-73.25892,41.468813
"Forest_Tent_Caterpillar",-73.314758,45.045175
"Forest_Tent_Caterpillar",-73.260583,41.464508
"Forest_Tent_Caterpillar",-91.951675,44.85025
"Forest_Tent_Caterpillar",-77.897817,42.375188
"Forest_Tent_Caterpillar",-93.610413,44.869354
"Forest_Tent_Caterpillar",-73.560915,45.503316
"Forest_Tent_Caterpillar",-70.360786,47.691047
"Forest_Tent_Caterpillar",-77.81901,48.082574
"Forest_Tent_Caterpillar",-93.17739,44.941295
"Forest_Tent_Caterpillar",-77.07666,42.233797
"Forest_Tent_Caterpillar",-93.240942,44.275294
"Forest_Tent_Caterpillar",-72.970029,44.16233
"Forest_Tent_Caterpillar",-76.455869,37.27129
"Forest_Tent_Caterpillar",-73.482554,41.759999
"Forest_Tent_Caterpillar",-79.224099,45.319913
"Forest_Tent_Caterpillar",-79.619487,47.500686
"Forest_Tent_Caterpillar",-69.637108,44.183978
"Forest_Tent_Caterpillar",-72.914629,41.445624
"Forest_Tent_Caterpillar",-75.70171,45.399272
"Forest_Tent_Caterpillar",-68.245315,47.358046
"Forest_Tent_Caterpillar",-68.767697,44.795259
"Forest_Tent_Caterpillar",-75.218811,43.407104
"Forest_Tent_Caterpillar",-75.93465,38.95263
"Forest_Tent_Caterpillar",-73.239451,41.512216
"Forest_Tent_Caterpillar",-79.880079,47.79503
"Forest_Tent_Caterpillar",-74.912575,40.918365
"Forest_Tent_Caterpillar",-81.007156,46.611347
"Forest_Tent_Caterpillar",-74.733887,40.192275
"Forest_Tent_Caterpillar",-74.151244,41.176308
"Forest_Tent_Caterpillar",-79.00349,48.36066
"Forest_Tent_Caterpillar",-80.98976,46.47214
"Forest_Tent_Caterpillar",-122.107046,47.653664
"Forest_Tent_Caterpillar",-77.443512,46.003003
"Forest_Tent_Caterpillar",-79.033783,45.03162
"Forest_Tent_Caterpillar",-73.239194,43.304175
"Forest_Tent_Caterpillar",-79.283415,45.156833
"Forest_Tent_Caterpillar",-73.608038,45.441453
"Forest_Tent_Caterpillar",-75.264082,41.134056
"Forest_Tent_Caterpillar",-76.313146,44.295219
"Forest_Tent_Caterpillar",-71.649803,48.550255
"Forest_Tent_Caterpillar",-73.259078,41.469003
"Forest_Tent_Caterpillar",-73.560076,45.579403
"Forest_Tent_Caterpillar",-80.034783,45.347381
"Forest_Tent_Caterpillar",-76.24425,42.5629
"Forest_Tent_Caterpillar",-93.119719,44.941328
"Forest_Tent_Caterpillar",-122.659663,48.899791
"Forest_Tent_Caterpillar",-71.20746,46.812941
"Forest_Tent_Caterpillar",-73.244024,42.671234
"Forest_Tent_Caterpillar",-73.258955,41.46882
"Forest_Tent_Caterpillar",-79.320172,45.323933
"Forest_Tent_Caterpillar",-80.470322,42.685059
"Forest_Tent_Caterpillar",-72.171233,41.94328
"Forest_Tent_Caterpillar",-73.988871,41.317759
"Forest_Tent_Caterpillar",-96.763442,46.831153
"Forest_Tent_Caterpillar",-80.998661,46.481936
"Forest_Tent_Caterpillar",-107.714211,38.796844
"Forest_Tent_Caterpillar",-71.738655,42.88583
"Forest_Tent_Caterpillar",-81.105011,46.552124
"Forest_Tent_Caterpillar",-76.788727,39.030315
"Forest_Tent_Caterpillar",-72.447977,44.15962
"Forest_Tent_Caterpillar",-90.175093,44.072194
"Forest_Tent_Caterpillar",-83.975292,42.409274
"Forest_Tent_Caterpillar",-76.605025,42.541992
"Forest_Tent_Caterpillar",-77.443703,46.00315
"Forest_Tent_Caterpillar",-73.569405,45.52717
"Forest_Tent_Caterpillar",-73.565342,41.333542
"Forest_Tent_Caterpillar",-122.637884,38.246076
"Forest_Tent_Caterpillar",-75.206469,38.755951
"Forest_Tent_Caterpillar",-75.933847,38.952686
"Forest_Tent_Caterpillar",-73.25923,41.469045
"Forest_Tent_Caterpillar",-75.98236,40.795661
"Forest_Tent_Caterpillar",-80.142893,43.319809
"Forest_Tent_Caterpillar",-76.384654,38.181923
"Forest_Tent_Caterpillar",-78.726548,42.100264
"Forest_Tent_Caterpillar",-75.7511,45.405487
"Forest_Tent_Caterpillar",-123.372328,48.465785
"Forest_Tent_Caterpillar",-122.581087,48.830237
"Forest_Tent_Caterpillar",-81.051776,46.438192
"Forest_Tent_Caterpillar",-111.622552,40.330007
"Forest_Tent_Caterpillar",-76.477487,42.447462
"Forest_Tent_Caterpillar",-68.695145,44.932598
"Forest_Tent_Caterpillar",-72.877484,44.37403
"Forest_Tent_Caterpillar",-71.378031,46.888402
"Forest_Tent_Caterpillar",-66.575067,45.998897
"Forest_Tent_Caterpillar",-80.055267,32.979187
"Forest_Tent_Caterpillar",-64.788448,46.105024
"Forest_Tent_Caterpillar",-72.909004,45.504974
"Forest_Tent_Caterpillar",-92.865016,47.497116
"Forest_Tent_Caterpillar",-77.443795,46.003117
"Forest_Tent_Caterpillar",-81.442733,45.10677
"Forest_Tent_Caterpillar",-79.91975,45.010874
"Forest_Tent_Caterpillar",-72.333034,42.675691
"Forest_Tent_Caterpillar",-90.797882,43.95163
"Forest_Tent_Caterpillar",-122.663681,38.481247
"Forest_Tent_Caterpillar",-68.254322,44.379251
"Forest_Tent_Caterpillar",-73.074628,45.016957
"Forest_Tent_Caterpillar",-79.342963,44.599178
"Forest_Tent_Caterpillar",-73.347039,41.620431
"Forest_Tent_Caterpillar",-76.054679,44.84432
"Forest_Tent_Caterpillar",-91.271982,45.054465
"Forest_Tent_Caterpillar",-76.098678,44.905763
"Forest_Tent_Caterpillar",-75.401636,42.28095
"Forest_Tent_Caterpillar",-81.017701,46.481263
"Forest_Tent_Caterpillar",-80.887497,48.573088
"Forest_Tent_Caterpillar",-73.836845,41.442638
"Forest_Tent_Caterpillar",-79.390445,45.14816
"Forest_Tent_Caterpillar",-72.307547,43.713574
"Forest_Tent_Caterpillar",-79.366817,46.347415
"Forest_Tent_Caterpillar",-81.543101,43.145946
"Forest_Tent_Caterpillar",-80.798811,43.728684
"Forest_Tent_Caterpillar",-76.283926,44.272006
"Forest_Tent_Caterpillar",-77.850612,48.106638
"Forest_Tent_Caterpillar",-71.048005,48.420332
"Forest_Tent_Caterpillar",-75.932855,38.953892
"Forest_Tent_Caterpillar",-87.030965,46.308369
"Forest_Tent_Caterpillar",-111.778659,43.305377
"Forest_Tent_Caterpillar",-73.259025,41.468808
"Forest_Tent_Caterpillar",-77.195382,42.235143
"Forest_Tent_Caterpillar",-68.325255,47.347467
"Forest_Tent_Caterpillar",-76.418145,42.484495
"Forest_Tent_Caterpillar",-76.490225,42.279128
"Forest_Tent_Caterpillar",-73.08477,45.016613
"Forest_Tent_Caterpillar",-71.963538,41.905542
"Forest_Tent_Caterpillar",-75.114686,40.975708
"Forest_Tent_Caterpillar",-75.695572,45.424513
"Forest_Tent_Caterpillar",-122.810765,49.059749
"Forest_Tent_Caterpillar",-84.63777,33.384519
"Forest_Tent_Caterpillar",-73.274644,42.261127
"Forest_Tent_Caterpillar",-95.517663,45.539496
"Forest_Tent_Caterpillar",-73.611655,41.259924
"Forest_Tent_Caterpillar",-123.387812,48.500463
"Forest_Tent_Caterpillar",-72.028804,42.171462
"Forest_Tent_Caterpillar",-78.926155,48.240452
"Forest_Tent_Caterpillar",-74.180449,42.309149
"Forest_Tent_Caterpillar",-79.833906,48.230664
"Forest_Tent_Caterpillar",-72.793848,42.461919
"Forest_Tent_Caterpillar",-73.259087,41.469612
"Forest_Tent_Caterpillar",-79.673315,47.508023
"Forest_Tent_Caterpillar",-84.677414,45.560303
"Forest_Tent_Caterpillar",-92.692807,45.773735
"Forest_Tent_Caterpillar",-72.587219,42.857974
"Forest_Tent_Caterpillar",-71.879642,44.817109
"Forest_Tent_Caterpillar",-73.582173,45.489367
"Forest_Tent_Caterpillar",-80.213361,43.542517
"Forest_Tent_Caterpillar",-75.613221,45.358192
"Forest_Tent_Caterpillar",-77.443755,46.003556
"Forest_Tent_Caterpillar",-76.586538,42.402355
"Forest_Tent_Caterpillar",-79.004183,48.232682
"Forest_Tent_Caterpillar",-70.895865,45.578799
"Forest_Tent_Caterpillar",-73.257988,41.457195
"Forest_Tent_Caterpillar",-73.258987,41.46962
"Forest_Tent_Caterpillar",-67.7519,47.058334
"Forest_Tent_Caterpillar",-77.443712,46.003175
"Forest_Tent_Caterpillar",-87.259837,32.697337
"Forest_Tent_Caterpillar",-79.444427,46.31844
"Forest_Tent_Caterpillar",-84.321258,30.331833
"Forest_Tent_Caterpillar",-122.833674,49.042046
"Forest_Tent_Caterpillar",-80.891879,48.572203
"Forest_Tent_Caterpillar",-68.769753,44.811024
"Forest_Tent_Caterpillar",-92.768676,46.45081
"Forest_Tent_Caterpillar",-83.604112,45.33563
"Forest_Tent_Caterpillar",-73.259033,41.468825
"Forest_Tent_Caterpillar",-72.328196,42.669631
"Forest_Tent_Caterpillar",-96.705405,32.70383
"Forest_Tent_Caterpillar",-71.300179,42.43927
"Forest_Tent_Caterpillar",-73.584971,41.27683
"Forest_Tent_Caterpillar",-71.035846,48.416627
"Forest_Tent_Caterpillar",-93.232613,33.32362
"Forest_Tent_Caterpillar",-73.730384,43.590467
"Forest_Tent_Caterpillar",-71.962042,41.605805
"Forest_Tent_Caterpillar",-73.389076,42.550175
"Forest_Tent_Caterpillar",-78.520705,45.045441
"Forest_Tent_Caterpillar",-80.466265,42.652226
"Forest_Tent_Caterpillar",-73.213883,44.460878
"Forest_Tent_Caterpillar",-73.258987,41.46882
"Forest_Tent_Caterpillar",-71.689613,46.804569
"Forest_Tent_Caterpillar",-73.258912,41.468178
"Forest_Tent_Caterpillar",-123.341278,48.469925
"Forest_Tent_Caterpillar",-77.444162,46.003344
"Forest_Tent_Caterpillar",-82.607795,35.497883
"Forest_Tent_Caterpillar",-81.120805,48.515723
"Forest_Tent_Caterpillar",-71.431055,43.813942
"Forest_Tent_Caterpillar",-94.153539,36.499627
"Forest_Tent_Caterpillar",-69.114413,44.658615
"Forest_Tent_Caterpillar",-73.52466,44.05191
"Forest_Tent_Caterpillar",-70.546942,44.23514
"Forest_Tent_Caterpillar",-71.848837,45.365968
"Forest_Tent_Caterpillar",-72.307983,43.714264
"Forest_Tent_Caterpillar",-92.232559,39.124451
"Forest_Tent_Caterpillar",-78.49394,44.499821
"Forest_Tent_Caterpillar",-92.50428,46.54835
"Forest_Tent_Caterpillar",-73.706116,45.504392
"Forest_Tent_Caterpillar",-79.421325,45.509047
"Forest_Tent_Caterpillar",-80.187974,45.344379
"Forest_Tent_Caterpillar",-76.767144,44.557636
"Forest_Tent_Caterpillar",-86.983386,45.842172
"Forest_Tent_Caterpillar",-73.505293,41.667573
"Forest_Tent_Caterpillar",-84.30693,46.534499
"Forest_Tent_Caterpillar",-90.814916,45.77653
"Forest_Tent_Caterpillar",-73.25798,41.471358
"Forest_Tent_Caterpillar",-91.372573,37.012226
"Forest_Tent_Caterpillar",-76.889571,38.985128
"Forest_Tent_Caterpillar",-72.68998,42.592747
"Forest_Tent_Caterpillar",-78.109429,48.578676
"Forest_Tent_Caterpillar",-80.263739,45.270016
"Forest_Tent_Caterpillar",-95.237857,49.809707
"Forest_Tent_Caterpillar",-73.093829,44.106468
"Forest_Tent_Caterpillar",-123.311273,48.465316
"Forest_Tent_Caterpillar",-72.380013,41.553196
"Forest_Tent_Caterpillar",-73.341395,42.750827
"Forest_Tent_Caterpillar",-77.638458,45.183105
"Forest_Tent_Caterpillar",-92.220017,43.629081
"Forest_Tent_Caterpillar",-73.766766,43.867824
"Forest_Tent_Caterpillar",-72.57175,42.853493
"Forest_Tent_Caterpillar",-73.464407,45.543813
"Forest_Tent_Caterpillar",-91.271971,45.054467
"Forest_Tent_Caterpillar",-75.941242,42.034406
"Forest_Tent_Caterpillar",-73.259147,41.468992
"Forest_Tent_Caterpillar",-75.098303,38.710103
"Forest_Tent_Caterpillar",-73.232457,44.375092
"Forest_Tent_Caterpillar",-79.440553,47.329392
"Forest_Tent_Caterpillar",-79.995937,43.245528
"Forest_Tent_Caterpillar",-93.164069,36.623116
"Forest_Tent_Caterpillar",-73.259012,41.468783
"Forest_Tent_Caterpillar",-77.790808,48.072675
"Forest_Tent_Caterpillar",-66.645393,45.961634
"Forest_Tent_Caterpillar",-73.258987,41.467738
"Forest_Tent_Caterpillar",-74.168391,41.174026
"Forest_Tent_Caterpillar",-76.082254,45.138475
"Forest_Tent_Caterpillar",-80.073128,40.753448
"Forest_Tent_Caterpillar",-73.531387,41.50593
"Forest_Tent_Caterpillar",-74.507292,41.540753
"Forest_Tent_Caterpillar",-72.447933,44.159639
"Forest_Tent_Caterpillar",-80.934215,46.509588
"Forest_Tent_Caterpillar",-72.133919,41.93182
"Forest_Tent_Caterpillar",-73.257478,41.470362
"Forest_Tent_Caterpillar",-74.343066,41.045104
"Forest_Tent_Caterpillar",-74.609769,45.537374
"Forest_Tent_Caterpillar",-74.150126,42.561906
"Forest_Tent_Caterpillar",-76.254234,45.245407
"Forest_Tent_Caterpillar",-74.885033,41.348835
"Forest_Tent_Caterpillar",-96.825598,28.889261
"Forest_Tent_Caterpillar",-77.44355,46.002983
"Forest_Tent_Caterpillar",-80.824456,33.828621
"Forest_Tent_Caterpillar",-73.52952,41.504013
"Forest_Tent_Caterpillar",-79.817619,39.524506
"Forest_Tent_Caterpillar",-73.719396,41.869536
"Forest_Tent_Caterpillar",-75.803272,40.843236
"Forest_Tent_Caterpillar",-73.469353,40.837862
"Forest_Tent_Caterpillar",-77.313525,44.47722
"Forest_Tent_Caterpillar",-75.128503,40.989808
"Forest_Tent_Caterpillar",-96.365157,30.235296
"Forest_Tent_Caterpillar",-122.830548,49.170355
"Forest_Tent_Caterpillar",-76.102295,44.47097
"Forest_Tent_Caterpillar",-73.259012,41.46878
"Forest_Tent_Caterpillar",-76.518517,42.414097
"Forest_Tent_Caterpillar",-76.226622,45.205678
"Forest_Tent_Caterpillar",-73.655687,43.353979
"Forest_Tent_Caterpillar",-123.378895,48.462502
"Forest_Tent_Caterpillar",-76.033975,42.059586
"Forest_Tent_Caterpillar",-77.443895,46.003156
"Forest_Tent_Caterpillar",-84.675562,45.559013
"Forest_Tent_Caterpillar",-96.712561,32.833418
"Forest_Tent_Caterpillar",-77.751663,40.715824
"Forest_Tent_Caterpillar",-74.22208,41.624078
"Forest_Tent_Caterpillar",-71.333838,42.44025
"Forest_Tent_Caterpillar",-122.401506,48.687211
"Forest_Tent_Caterpillar",-83.929503,30.54599
"Forest_Tent_Caterpillar",-75.342475,41.63443
"Forest_Tent_Caterpillar",-72.809961,44.359806
"Forest_Tent_Caterpillar",-72.530648,42.5037
"Forest_Tent_Caterpillar",-91.340006,43.879697
"Forest_Tent_Caterpillar",-72.060586,42.144292
"Forest_Tent_Caterpillar",-73.049975,44.635631
"Forest_Tent_Caterpillar",-73.529922,41.5051
"Forest_Tent_Caterpillar",-77.444122,46.003211
"Forest_Tent_Caterpillar",-123.423539,48.670189
"Forest_Tent_Caterpillar",-73.594138,41.260538
"Forest_Tent_Caterpillar",-80.824409,33.828814
"Forest_Tent_Caterpillar",-85.145368,34.621488
"Forest_Tent_Caterpillar",-76.642415,40.977029
"Forest_Tent_Caterpillar",-90.184846,44.660223
"Forest_Tent_Caterpillar",-78.379798,39.540006
"Forest_Tent_Caterpillar",-72.531905,42.501991
"Forest_Tent_Caterpillar",-79.566658,44.147163
"Forest_Tent_Caterpillar",-79.836194,43.993903
"Forest_Tent_Caterpillar",-90.160565,44.064059
"Forest_Tent_Caterpillar",-74.085748,41.846806
"Forest_Tent_Caterpillar",-75.848603,42.382642
"Forest_Tent_Caterpillar",-77.810532,48.08314
"Forest_Tent_Caterpillar",-73.530687,41.507038
"Forest_Tent_Caterpillar",-73.99523,41.839783
"Forest_Tent_Caterpillar",-73.594116,45.444756
"Forest_Tent_Caterpillar",-60.050942,46.039715
"Forest_Tent_Caterpillar",-122.801165,49.167152
"Forest_Tent_Caterpillar",-72.738157,41.950039
"Forest_Tent_Caterpillar",-74.933304,39.930664
"Forest_Tent_Caterpillar",-76.304861,45.695334
"Forest_Tent_Caterpillar",-67.527831,46.297039
"Forest_Tent_Caterpillar",-86.098984,37.156788
"Forest_Tent_Caterpillar",-72.178694,42.500339
"Forest_Tent_Caterpillar",-73.097581,42.698275
"Forest_Tent_Caterpillar",-92.327164,34.561401
"Forest_Tent_Caterpillar",-77.327447,41.250225
"Forest_Tent_Caterpillar",-80.010301,43.695776
"Forest_Tent_Caterpillar",-72.664284,45.438553
"Forest_Tent_Caterpillar",-74.150517,41.168258
"Forest_Tent_Caterpillar",-81.10337,48.367738
"Forest_Tent_Caterpillar",-80.821318,33.828232
"Forest_Tent_Caterpillar",-96.111128,29.817215
"Forest_Tent_Caterpillar",-74.245999,41.130439
"Forest_Tent_Caterpillar",-74.113207,41.147055
"Forest_Tent_Caterpillar",-123.386119,48.477961
"Forest_Tent_Caterpillar",-75.012118,41.116483
"Forest_Tent_Caterpillar",-75.629819,42.653447
"Forest_Tent_Caterpillar",-76.435767,44.517323
"Forest_Tent_Caterpillar",-73.259012,41.468788
"Forest_Tent_Caterpillar",-94.274998,31.058431
"Forest_Tent_Caterpillar",-80.998912,46.470667
"Forest_Tent_Caterpillar",-77.864638,40.376267
"Forest_Tent_Caterpillar",-80.285168,40.395285
"Forest_Tent_Caterpillar",-68.671438,44.884022
"Forest_Tent_Caterpillar",-74.342963,41.045134
"Forest_Tent_Caterpillar",-73.94,41.062485
"Forest_Tent_Caterpillar",-79.361195,48.509374
"Forest_Tent_Caterpillar",-79.530599,39.653692
"Forest_Tent_Caterpillar",-77.443947,46.003197
"Forest_Tent_Caterpillar",-74.964082,41.115407
"Forest_Tent_Caterpillar",-72.406355,42.570842
"Forest_Tent_Caterpillar",-76.291437,43.22577
"Forest_Tent_Caterpillar",-75.255946,41.041813
"Forest_Tent_Caterpillar",-123.372688,48.466287
"Forest_Tent_Caterpillar",-71.303108,42.564638
"Forest_Tent_Caterpillar",-78.4097,39.62341
"Forest_Tent_Caterpillar",-76.371044,42.392647
"Forest_Tent_Caterpillar",-123.3767,48.463153
"Forest_Tent_Caterpillar",-77.906235,34.163391
"Forest_Tent_Caterpillar",-76.510361,41.277039
"Forest_Tent_Caterpillar",-72.836477,44.24126
"Forest_Tent_Caterpillar",-79.437255,47.33167
"Forest_Tent_Caterpillar",-66.634797,45.958603
"Forest_Tent_Caterpillar",-90.66262,38.512521
"Forest_Tent_Caterpillar",-75.483164,41.866074
"Forest_Tent_Caterpillar",-71.64753,48.534937
"Forest_Tent_Caterpillar",-89.055618,45.140121
"Forest_Tent_Caterpillar",-75.827156,40.242146
"Forest_Tent_Caterpillar",-76.284359,42.186685
"Forest_Tent_Caterpillar",-71.965854,42.396408
"Forest_Tent_Caterpillar",-80.25383,41.56887
"Forest_Tent_Caterpillar",-123.373256,48.463618
"Forest_Tent_Caterpillar",-76.373293,42.390466
"Forest_Tent_Caterpillar",-80.065853,44.023479
"Forest_Tent_Caterpillar",-73.259195,41.469108
"Forest_Tent_Caterpillar",-95.978488,31.183756
"Forest_Tent_Caterpillar",-74.528725,45.093564
"Forest_Tent_Caterpillar",-73.258438,41.468825
"Forest_Tent_Caterpillar",-96.660098,32.967534
"Forest_Tent_Caterpillar",-96.825598,28.889261
"Forest_Tent_Caterpillar",-123.373808,48.464955
"Forest_Tent_Caterpillar",-123.312854,48.465098
"Forest_Tent_Caterpillar",-80.214101,44.361521
"Forest_Tent_Caterpillar",-92.6408,45.933075
"Forest_Tent_Caterpillar",-81.362983,29.133867
"Forest_Tent_Caterpillar",-123.365662,48.47063
"Forest_Tent_Caterpillar",-122.801165,49.167187
"Forest_Tent_Caterpillar",-74.407675,42.140603
"Forest_Tent_Caterpillar",-90.662905,43.553159
"Forest_Tent_Caterpillar",-74.444954,41.213684
"Forest_Tent_Caterpillar",-76.344492,42.965047
"Forest_Tent_Caterpillar",-96.705287,32.703612
"Forest_Tent_Caterpillar",-80.824711,33.829062
"Forest_Tent_Caterpillar",-76.584141,42.400108
"Forest_Tent_Caterpillar",-79.368272,40.462845
"Forest_Tent_Caterpillar",-95.641323,29.553352
"Forest_Tent_Caterpillar",-73.55557,45.556424
"Forest_Tent_Caterpillar",-78.46559,41.613769
"Forest_Tent_Caterpillar",-123.372948,48.439521
"Forest_Tent_Caterpillar",-92.804955,44.54378
"Forest_Tent_Caterpillar",-73.258055,41.459822
"Forest_Tent_Caterpillar",-94.274998,31.058431
"Forest_Tent_Caterpillar",-71.95028,42.314683
"Forest_Tent_Caterpillar",-72.319381,43.696992
"Forest_Tent_Caterpillar",-81.632479,32.767875
"Forest_Tent_Caterpillar",-73.110017,42.743337
"Forest_Tent_Caterpillar",-77.443887,46.003231
"Forest_Tent_Caterpillar",-122.583533,48.831489
"Forest_Tent_Caterpillar",-123.373541,48.46478
"Forest_Tent_Caterpillar",-66.636252,45.961011
"Forest_Tent_Caterpillar",-73.529367,41.503838
"Forest_Tent_Caterpillar",-93.649669,47.220821
"Forest_Tent_Caterpillar",-72.682854,44.633572
"Forest_Tent_Caterpillar",-76.879264,40.999983
"Forest_Tent_Caterpillar",-76.891548,39.004804
"Forest_Tent_Caterpillar",-97.10398,32.728609
"Forest_Tent_Caterpillar",-85.945021,32.574349
"Forest_Tent_Caterpillar",-95.978429,31.183778
"Forest_Tent_Caterpillar",-80.222135,38.105205
"Forest_Tent_Caterpillar",-96.825169,28.889383
"Forest_Tent_Caterpillar",-91.096158,30.310698
"Forest_Tent_Caterpillar",-78.129707,39.654387
"Forest_Tent_Caterpillar",-75.98531,40.203288
"Forest_Tent_Caterpillar",-97.27197,35.190278
"Forest_Tent_Caterpillar",-79.990073,43.68777
"Forest_Tent_Caterpillar",-91.105771,30.369481
"Forest_Tent_Caterpillar",-91.185743,30.453646
"Forest_Tent_Caterpillar",-74.845755,41.265255
"Forest_Tent_Caterpillar",-76.50058,42.385078
"Forest_Tent_Caterpillar",-71.18815,42.122976
"Forest_Tent_Caterpillar",-91.186925,30.456811
"Forest_Tent_Caterpillar",-95.978427,31.183784
"Forest_Tent_Caterpillar",-82.607603,35.497968
"Forest_Tent_Caterpillar",-81.011237,37.828148
"Forest_Tent_Caterpillar",-82.449347,28.709367
"Forest_Tent_Caterpillar",-97.271873,35.190338
"Forest_Tent_Caterpillar",-91.165663,30.439521
"Forest_Tent_Caterpillar",-75.772758,40.197266
"Forest_Tent_Caterpillar",-86.096682,37.182073
"Forest_Tent_Caterpillar",-78.881912,39.09152
"Forest_Tent_Caterpillar",-76.462086,39.031323
"Forest_Tent_Caterpillar",-75.687195,45.421872
"Forest_Tent_Caterpillar",-97.27197,35.190278
"Forest_Tent_Caterpillar",-91.186964,30.456742
"Forest_Tent_Caterpillar",-73.588577,43.3364
"Forest_Tent_Caterpillar",-75.798651,40.225421
"Forest_Tent_Caterpillar",-73.259042,41.468838
"Forest_Tent_Caterpillar",-81.096428,32.083564
"Forest_Tent_Caterpillar",-95.342953,29.720996
"Forest_Tent_Caterpillar",-87.87697,31.910495
"Forest_Tent_Caterpillar",-78.371067,38.947617
"Forest_Tent_Caterpillar",-123.374233,48.464553
"Forest_Tent_Caterpillar",-124.047951,44.51575
"Forest_Tent_Caterpillar",-72.567831,44.255398
"Forest_Tent_Caterpillar",-71.300217,42.43927
"Forest_Tent_Caterpillar",-82.835397,35.884491
"Forest_Tent_Caterpillar",-78.175507,38.818314
"Forest_Tent_Caterpillar",-80.091027,40.941771
"Forest_Tent_Caterpillar",-97.271736,35.190197
"Forest_Tent_Caterpillar",-123.375004,48.464369
"Forest_Tent_Caterpillar",-73.258055,41.471253
"Forest_Tent_Caterpillar",-75.780692,39.31245
"Forest_Tent_Caterpillar",-76.942116,35.442154
"Forest_Tent_Caterpillar",-83.422707,35.487556
"Forest_Tent_Caterpillar",-84.851838,30.718588
"Forest_Tent_Caterpillar",-83.802793,30.556436
"Forest_Tent_Caterpillar",-83.312242,35.558342
"Forest_Tent_Caterpillar",-75.651305,45.445314
"Forest_Tent_Caterpillar",-67.829697,46.905633
"Forest_Tent_Caterpillar",-85.945254,32.574143
"Forest_Tent_Caterpillar",-79.487442,38.850388
"Forest_Tent_Caterpillar",-96.704903,32.703072
"Forest_Tent_Caterpillar",-96.656779,32.967499
"Forest_Tent_Caterpillar",-74.525815,40.719288
"Forest_Tent_Caterpillar",-81.199243,31.889202
"Forest_Tent_Caterpillar",-82.35129,29.632143
"Forest_Tent_Caterpillar",-94.275119,31.058414
"Forest_Tent_Caterpillar",-74.382604,41.026197
"Forest_Tent_Caterpillar",-85.332283,42.817902
"Forest_Tent_Caterpillar",-85.945156,32.574335
"Forest_Tent_Caterpillar",-123.312562,48.465258
"Forest_Tent_Caterpillar",-72.733672,41.380483
"Forest_Tent_Caterpillar",-77.280992,40.078533
"Forest_Tent_Caterpillar",-81.632334,32.767976
"Forest_Tent_Caterpillar",-75.782197,39.314942
"Forest_Tent_Caterpillar",-82.976158,35.050415
"Forest_Tent_Caterpillar",-86.096378,37.182625
"Forest_Tent_Caterpillar",-80.749049,33.791851
"Forest_Tent_Caterpillar",-72.436714,42.238451
"Forest_Tent_Caterpillar",-71.300569,42.439599
"Forest_Tent_Caterpillar",-77.926006,33.962841
"Forest_Tent_Caterpillar",-70.683442,44.184513
"Forest_Tent_Caterpillar",-82.010835,36.56738
"Forest_Tent_Caterpillar",-74.328392,41.061328
"Forest_Tent_Caterpillar",-95.32225,36.286616
"Forest_Tent_Caterpillar",-76.637814,42.409474
"Forest_Tent_Caterpillar",-78.037094,38.95058
"Forest_Tent_Caterpillar",-76.866566,40.358392
"Forest_Tent_Caterpillar",-83.380613,35.068
"Forest_Tent_Caterpillar",-72.851382,42.955865
"Forest_Tent_Caterpillar",-79.506425,44.040222
"Forest_Tent_Caterpillar",-73.22238,44.278625
"Forest_Tent_Caterpillar",-93.274326,44.957949
"Forest_Tent_Caterpillar",-74.529324,41.436739
"Forest_Tent_Caterpillar",-75.129164,40.951844
"Forest_Tent_Caterpillar",-73.440887,45.424618
"Forest_Tent_Caterpillar",-74.960687,39.82833
"Forest_Tent_Caterpillar",-96.015857,28.981404
"Forest_Tent_Caterpillar",-81.349617,29.093983
"Forest_Tent_Caterpillar",-96.919094,32.635082
"Forest_Tent_Caterpillar",-78.301917,38.862463
"Forest_Tent_Caterpillar",-91.096158,30.310698
"Forest_Tent_Caterpillar",-94.179624,30.867165
"Forest_Tent_Caterpillar",-82.349158,29.640462
"Forest_Tent_Caterpillar",-76.692362,37.263383
"Forest_Tent_Caterpillar",-74.488038,40.714032
"Forest_Tent_Caterpillar",-84.389167,37.890367
"Forest_Tent_Caterpillar",-96.370967,30.596598
"Forest_Tent_Caterpillar",-76.698003,38.944499
"Forest_Tent_Caterpillar",-76.577553,40.955555
"Forest_Tent_Caterpillar",-77.276863,40.098808
"Forest_Tent_Caterpillar",-83.394694,33.213422
"Forest_Tent_Caterpillar",-86.872788,35.646778
"Forest_Tent_Caterpillar",-84.221429,30.523429
"Forest_Tent_Caterpillar",-98.601659,30.194146
"Forest_Tent_Caterpillar",-89.659035,31.957544
"Forest_Tent_Caterpillar",-76.698514,38.94495
"Forest_Tent_Caterpillar",-80.817791,33.828808
"Forest_Tent_Caterpillar",-76.370551,39.348467
"Forest_Tent_Caterpillar",-79.396514,37.597061
"Forest_Tent_Caterpillar",-81.635013,40.676972
"Forest_Tent_Caterpillar",-78.302069,38.564482
"Forest_Tent_Caterpillar",-80.196837,32.791374
"Forest_Tent_Caterpillar",-76.735301,38.940261
"Forest_Tent_Caterpillar",-75.052728,39.652642
"Forest_Tent_Caterpillar",-91.683965,37.454889
"Forest_Tent_Caterpillar",-91.105775,30.369564
"Forest_Tent_Caterpillar",-97.104635,32.728258
"Forest_Tent_Caterpillar",-91.780428,37.963214
"Forest_Tent_Caterpillar",-77.22658,40.572652
"Forest_Tent_Caterpillar",-82.507675,35.667725
"Forest_Tent_Caterpillar",-96.760099,32.775683
"Forest_Tent_Caterpillar",-91.105628,30.369755
"Forest_Tent_Caterpillar",-64.9329,45.611823
"Forest_Tent_Caterpillar",-73.409565,41.482577
"Forest_Tent_Caterpillar",-96.399917,32.821617
"Forest_Tent_Caterpillar",-108.728005,53.594763
"Forest_Tent_Caterpillar",-79.506209,40.408035
"Forest_Tent_Caterpillar",-96.704903,32.703947
"Forest_Tent_Caterpillar",-86.431488,35.847343
"Forest_Tent_Caterpillar",-108.727875,53.595566
"Forest_Tent_Caterpillar",-81.096458,32.083756
"Forest_Tent_Caterpillar",-74.162521,41.173629
"Forest_Tent_Caterpillar",-74.736741,41.018529
"Forest_Tent_Caterpillar",-78.857917,38.43208
"Forest_Tent_Caterpillar",-96.672538,33.053792
"Forest_Tent_Caterpillar",-84.603654,33.809687
"Forest_Tent_Caterpillar",-85.67586,38.389411
"Forest_Tent_Caterpillar",-96.751005,32.987812
"Forest_Tent_Caterpillar",-96.919379,32.635419
"Forest_Tent_Caterpillar",-80.821794,33.822746
"Forest_Tent_Caterpillar",-65.123794,46.794187
"Forest_Tent_Caterpillar",-91.122291,42.993415
"Forest_Tent_Caterpillar",-80.862495,37.869999
"Forest_Tent_Caterpillar",-79.494591,39.854401
"Forest_Tent_Caterpillar",-85.945129,32.5744
"Forest_Tent_Caterpillar",-88.028907,32.755965
"Forest_Tent_Caterpillar",-96.919079,32.635013
"Forest_Tent_Caterpillar",-96.685682,32.857053
"Forest_Tent_Caterpillar",-122.966389,38.761827
"Forest_Tent_Caterpillar",-95.32225,36.286616
"Forest_Tent_Caterpillar",-91.104556,30.369999
"Forest_Tent_Caterpillar",-89.963802,30.031999
"Forest_Tent_Caterpillar",-94.063918,36.724152
"Forest_Tent_Caterpillar",-97.103705,32.729011
"Forest_Tent_Caterpillar",-90.975247,30.322238
"Forest_Tent_Caterpillar",-77.101883,38.755828
"Forest_Tent_Caterpillar",-85.945156,32.574392
"Forest_Tent_Caterpillar",-76.24477,39.484654
"Forest_Tent_Caterpillar",-96.111088,29.821116
"Forest_Tent_Caterpillar",-64.491683,45.079353
"Forest_Tent_Caterpillar",-86.595301,36.960463
"Forest_Tent_Caterpillar",-81.632211,32.767532
"Forest_Tent_Caterpillar",-96.109131,29.81851
"Forest_Tent_Caterpillar",-91.105583,30.369705
"Forest_Tent_Caterpillar",-83.329946,33.936853
"Forest_Tent_Caterpillar",-84.109878,30.518692
"Forest_Tent_Caterpillar",-78.024522,39.672067
"Forest_Tent_Caterpillar",-77.362155,37.651267
"Forest_Tent_Caterpillar",-87.0032,35.976696
"Forest_Tent_Caterpillar",-78.423605,38.518867
"Forest_Tent_Caterpillar",-94.010702,36.601404
"Forest_Tent_Caterpillar",-96.681297,33.05867
"Forest_Tent_Caterpillar",-89.963802,30.031999
"Forest_Tent_Caterpillar",-77.641303,38.566383
"Forest_Tent_Caterpillar",-79.035788,35.932445
"Forest_Tent_Caterpillar",-79.238771,38.889712
"Forest_Tent_Caterpillar",-94.171007,30.847306
"Forest_Tent_Caterpillar",-81.860459,29.173917
"Forest_Tent_Caterpillar",-78.067925,39.060592
"Forest_Tent_Caterpillar",-83.537611,35.689239
"Forest_Tent_Caterpillar",-76.5941,40.983412
"Forest_Tent_Caterpillar",-95.979185,31.18286
"Forest_Tent_Caterpillar",-78.976542,35.949398
"Forest_Tent_Caterpillar",-76.699162,38.94686
"Forest_Tent_Caterpillar",-76.595803,40.981128
"Forest_Tent_Caterpillar",-77.845062,37.821053
"Forest_Tent_Caterpillar",-82.575398,35.240458
"Forest_Tent_Caterpillar",-96.704863,32.703495
"Forest_Tent_Caterpillar",-82.682509,29.638218
"Forest_Tent_Caterpillar",-63.569458,44.669747
"Forest_Tent_Caterpillar",-63.566055,44.747873
"Forest_Tent_Caterpillar",-81.892936,31.600095
"Forest_Tent_Caterpillar",-79.798643,37.911718
"Forest_Tent_Caterpillar",-96.705253,32.704063
"Forest_Tent_Caterpillar",-77.389962,39.260703
"Forest_Tent_Caterpillar",-94.172305,30.857392
"Forest_Tent_Caterpillar",-81.509438,32.188904
"Forest_Tent_Caterpillar",-86.750966,35.486976
"Forest_Tent_Caterpillar",-76.7178,38.945672
"Forest_Tent_Caterpillar",-96.705017,32.704037
"Forest_Tent_Caterpillar",-97.103332,32.728572
"Forest_Tent_Caterpillar",-77.752102,38.687925
"Forest_Tent_Caterpillar",-83.430917,38.771388
"Forest_Tent_Caterpillar",-96.585928,32.786949
"Forest_Tent_Caterpillar",-96.934439,29.215217
"Forest_Tent_Caterpillar",-75.738166,39.675679
"Forest_Tent_Caterpillar",-96.602345,32.746953
"Forest_Tent_Caterpillar",-81.632424,32.768057
"Forest_Tent_Caterpillar",-77.105736,38.752197
"Forest_Tent_Caterpillar",-91.115936,30.416494
"Forest_Tent_Caterpillar",-92.207216,34.653815
"Forest_Tent_Caterpillar",-86.102722,37.186417
"Forest_Tent_Caterpillar",-81.915455,31.598691
"Forest_Tent_Caterpillar",-96.622936,33.117091
"Forest_Tent_Caterpillar",-96.705275,32.703547
"Forest_Tent_Caterpillar",-76.913813,37.945397
"Forest_Tent_Caterpillar",-86.111772,37.180389
"Forest_Tent_Caterpillar",-81.748087,35.638908
"Forest_Tent_Caterpillar",-97.70101,30.24189
"Forest_Tent_Caterpillar",-85.945421,32.574018
"Forest_Tent_Caterpillar",-85.945176,32.574416
"Forest_Tent_Caterpillar",-95.902978,36.223505
"Forest_Tent_Caterpillar",-80.211875,43.541871
"Forest_Tent_Caterpillar",-77.263353,38.467425
"Forest_Tent_Caterpillar",-97.300825,31.602347
"Forest_Tent_Caterpillar",-90.151889,33.571344
"Forest_Tent_Caterpillar",-76.16166,36.775319
"Forest_Tent_Caterpillar",-89.863183,35.122381
"Forest_Tent_Caterpillar",-76.444831,39.135471
"Forest_Tent_Caterpillar",-93.28996,43.626525
"Forest_Tent_Caterpillar",-77.420504,37.237868
"Forest_Tent_Caterpillar",-96.335832,30.59021
"Forest_Tent_Caterpillar",-81.860462,29.17405
"Forest_Tent_Caterpillar",-97.306267,31.594227
"Forest_Tent_Caterpillar",-84.514735,30.642552
"Forest_Tent_Caterpillar",-97.113083,32.729279
"Forest_Tent_Caterpillar",-91.107725,30.370053
"Forest_Tent_Caterpillar",-97.73108,30.29028
"Forest_Tent_Caterpillar",-95.90303,36.223457
"Forest_Tent_Caterpillar",-122.596729,38.236742
"Forest_Tent_Caterpillar",-85.679292,34.616603
"Forest_Tent_Caterpillar",-84.361168,35.284322
"Forest_Tent_Caterpillar",-96.667446,33.037526
"Forest_Tent_Caterpillar",-80.817804,33.82199
"Forest_Tent_Caterpillar",-80.817922,33.829483
"Forest_Tent_Caterpillar",-78.490895,39.004068
"Forest_Tent_Caterpillar",-85.399406,37.664229
"Forest_Tent_Caterpillar",-85.640997,37.905011
"Forest_Tent_Caterpillar",-96.659952,33.03418
"Forest_Tent_Caterpillar",-80.817978,33.826813
"Forest_Tent_Caterpillar",-97.99663,32.570621
"Forest_Tent_Caterpillar",-81.247498,32.397163
"Forest_Tent_Caterpillar",-97.117109,32.732185
"Forest_Tent_Caterpillar",-86.102814,37.186447
"Forest_Tent_Caterpillar",-80.370168,33.91689
"Forest_Tent_Caterpillar",-75.833256,39.084983
"Forest_Tent_Caterpillar",-94.80365,30.060747
"Forest_Tent_Caterpillar",-95.903237,36.223525
"Forest_Tent_Caterpillar",-85.945171,32.574418
"Forest_Tent_Caterpillar",-104.714992,50.638517
"Forest_Tent_Caterpillar",-96.705883,32.704903
"Forest_Tent_Caterpillar",-96.760314,32.775613
"Forest_Tent_Caterpillar",-76.866745,39.005888
"Forest_Tent_Caterpillar",-97.301624,31.607392
"Forest_Tent_Caterpillar",-81.603506,31.262417
"Forest_Tent_Caterpillar",-95.898842,36.224095
"Forest_Tent_Caterpillar",-90.094856,29.989122
"Forest_Tent_Caterpillar",-81.094925,32.081139
"Forest_Tent_Caterpillar",-76.522278,38.97022
"Forest_Tent_Caterpillar",-79.188966,35.767011
"Forest_Tent_Caterpillar",-76.3877,37.033211
"Forest_Tent_Caterpillar",-86.103936,37.187892
"Forest_Tent_Caterpillar",-80.821723,35.077241
"Forest_Tent_Caterpillar",-96.608331,32.754937
"Forest_Tent_Caterpillar",-80.728889,32.627312
"Forest_Tent_Caterpillar",-84.233642,34.868397
"Forest_Tent_Caterpillar",-82.33262,29.643683
"Forest_Tent_Caterpillar",-84.318688,30.424387
"Forest_Tent_Caterpillar",-80.81797,33.827555
"Forest_Tent_Caterpillar",-76.575913,39.044532
"Forest_Tent_Caterpillar",-96.641862,32.982792
"Forest_Tent_Caterpillar",-89.241882,37.599113
"Forest_Tent_Caterpillar",-91.10589,30.369958
"Forest_Tent_Caterpillar",-81.229677,28.583958
"Forest_Tent_Caterpillar",-80.878083,33.390545
"Forest_Tent_Caterpillar",-96.698331,32.989332
"Forest_Tent_Caterpillar",-76.296425,36.850067
"Forest_Tent_Caterpillar",-83.266,30.82748
"Forest_Tent_Caterpillar",-91.10734,30.370798
"Forest_Tent_Caterpillar",-81.198783,33.831917
"Forest_Tent_Caterpillar",-83.388297,33.908475
"Forest_Tent_Caterpillar",-91.105878,30.370545
"Forest_Tent_Caterpillar",-84.949818,30.559321
"Forest_Tent_Caterpillar",-81.221767,32.373001
"Forest_Tent_Caterpillar",-96.616062,33.161046
"Forest_Tent_Caterpillar",-84.950754,33.448377
"Forest_Tent_Caterpillar",-96.510345,33.250881
"Forest_Tent_Caterpillar",-96.755197,32.775497
"Forest_Tent_Caterpillar",-91.107215,30.366604
"Forest_Tent_Caterpillar",-81.349617,29.093983
"Forest_Tent_Caterpillar",-97.043339,36.105274
"Forest_Tent_Caterpillar",-95.596642,31.635048
"Forest_Tent_Caterpillar",-96.799482,32.722689
"Forest_Tent_Caterpillar",-77.326103,38.353547
"Forest_Tent_Caterpillar",-98.626421,29.58417
"Forest_Tent_Caterpillar",-92.538511,35.073481
"Forest_Tent_Caterpillar",-77.899929,34.117825
"Forest_Tent_Caterpillar",-80.78555,33.850346
"Forest_Tent_Caterpillar",-95.653481,36.322205
"Forest_Tent_Caterpillar",-81.247276,32.397324
"Forest_Tent_Caterpillar",-96.849244,32.935148
"Forest_Tent_Caterpillar",-91.187728,30.381712
"Forest_Tent_Caterpillar",-84.941437,30.569403
"Forest_Tent_Caterpillar",-95.936117,36.749801
"Forest_Tent_Caterpillar",-80.132492,32.812767
"Forest_Tent_Caterpillar",-97.940736,29.888756
"Forest_Tent_Caterpillar",-84.273901,30.482028
"Forest_Tent_Caterpillar",-84.391083,33.755371
"Forest_Tent_Caterpillar",-97.094359,32.698853
"Forest_Tent_Caterpillar",-96.474484,33.370613
"Forest_Tent_Caterpillar",-96.70275,33.108142
"Forest_Tent_Caterpillar",-80.183792,32.745858
"Forest_Tent_Caterpillar",-96.673064,33.055675
"Forest_Tent_Caterpillar",-84.948212,33.705805
"Forest_Tent_Caterpillar",-96.674258,33.057961
"Forest_Tent_Caterpillar",-94.33953,34.045636
"Forest_Tent_Caterpillar",-80.823298,32.553219
"Forest_Tent_Caterpillar",-84.348733,30.428697
"Forest_Tent_Caterpillar",-80.767652,33.800806
"Forest_Tent_Caterpillar",-79.042084,33.785408
"Forest_Tent_Caterpillar",-96.595194,33.055795
"Forest_Tent_Caterpillar",-81.171776,32.037952
"Forest_Tent_Caterpillar",-96.59808,33.645307
"Forest_Tent_Caterpillar",-80.889735,35.081345
"Forest_Tent_Caterpillar",-96.664913,33.105577
"Forest_Tent_Caterpillar",-97.929658,29.893872
"Forest_Tent_Caterpillar",-96.718436,32.985466
"Forest_Tent_Caterpillar",-93.057944,34.519133
"Forest_Tent_Caterpillar",-97.220812,33.618947
"Forest_Tent_Caterpillar",-96.67129,33.057699
"Forest_Tent_Caterpillar",-96.653786,32.967097
"Forest_Tent_Caterpillar",-92.023581,30.384867
"Forest_Tent_Caterpillar",-80.031252,32.878456
"Forest_Tent_Caterpillar",-77.47108,37.501198
"Forest_Tent_Caterpillar",-80.823355,33.830652
"Forest_Tent_Caterpillar",-96.638883,32.912624
"Forest_Tent_Caterpillar",-96.746643,33.101429
"Forest_Tent_Caterpillar",-91.529045,29.784978
"Forest_Tent_Caterpillar",-96.715722,32.825263
"Forest_Tent_Caterpillar",-96.757295,32.886178
"Forest_Tent_Caterpillar",-80.820708,33.822155
"Forest_Tent_Caterpillar",-85.300603,35.011457
"Forest_Tent_Caterpillar",-81.462901,30.351996
"Forest_Tent_Caterpillar",-78.757884,35.677495
"Forest_Tent_Caterpillar",-79.952939,33.051794
"Forest_Tent_Caterpillar",-96.524222,33.256763
"Forest_Tent_Caterpillar",-96.673116,33.055483
"Forest_Tent_Caterpillar",-81.031296,33.99508
"Forest_Tent_Caterpillar",-92.462432,35.071061
"Forest_Tent_Caterpillar",-96.724296,32.861672
"Forest_Tent_Caterpillar",-96.673204,32.940931
"Forest_Tent_Caterpillar",-91.88868,35.069309
"Forest_Tent_Caterpillar",-96.613997,33.157075
"Forest_Tent_Caterpillar",-96.980354,36.006325
"Forest_Tent_Caterpillar",-96.68007,33.091614
"Forest_Tent_Caterpillar",-80.303148,32.510285
"Forest_Tent_Caterpillar",-96.771605,33.813192
"Forest_Tent_Caterpillar",-94.390306,29.573131
"Forest_Tent_Caterpillar",-82.993827,29.401381
"Forest_Tent_Caterpillar",-96.922338,32.664722
"Forest_Tent_Caterpillar",-77.454111,37.547036
"Forest_Tent_Caterpillar",-81.100114,32.085408
"Forest_Tent_Caterpillar",-96.638883,32.912624
"Forest_Tent_Caterpillar",-96.594185,33.618469
"Forest_Tent_Caterpillar",-95.901237,36.224
"Forest_Tent_Caterpillar",-94.686378,29.752496
"Forest_Tent_Caterpillar",-96.633026,32.883878
"Forest_Tent_Caterpillar",-96.520272,33.256562
"Forest_Tent_Caterpillar",-91.986867,30.25805
"Forest_Tent_Caterpillar",-75.747898,39.677195
"Forest_Tent_Caterpillar",-96.752375,32.896879
"Forest_Tent_Caterpillar",-83.364704,33.955063
"Forest_Tent_Caterpillar",-96.904986,33.785089
"Forest_Tent_Caterpillar",-96.63227,32.772771
"Forest_Tent_Caterpillar",-80.797871,34.123029
"Forest_Tent_Caterpillar",-97.700622,30.2424
"Forest_Tent_Caterpillar",-95.902513,36.223486
"Forest_Tent_Caterpillar",-97.0178,33.37947
"Forest_Tent_Caterpillar",-99.556413,30.106921
"Forest_Tent_Caterpillar",-96.688056,33.092092
"Forest_Tent_Caterpillar",-95.246635,32.831757
"Forest_Tent_Caterpillar",-97.299147,31.601613
"Forest_Tent_Caterpillar",-79.409515,39.031548
"Forest_Tent_Caterpillar",-81.380282,31.185778
"Forest_Tent_Caterpillar",-96.641824,33.217649
"Forest_Tent_Caterpillar",-97.700613,30.242392
"Forest_Tent_Caterpillar",-81.220422,32.332382
"Forest_Tent_Caterpillar",-96.701521,32.701279
"Forest_Tent_Caterpillar",-96.802238,32.788597
"Forest_Tent_Caterpillar",-124.048217,40.860689
"Forest_Tent_Caterpillar",-76.001403,37.268838
"Forest_Tent_Caterpillar",-94.799197,29.921395
"Forest_Tent_Caterpillar",-95.939018,36.727264
"Forest_Tent_Caterpillar",-84.056451,37.738479
"Forest_Tent_Caterpillar",-75.309066,38.769753
"Forest_Tent_Caterpillar",-96.596574,33.645969
"Forest_Tent_Caterpillar",-97.102242,32.735982
"Forest_Tent_Caterpillar",-91.077325,30.461805
"Forest_Tent_Caterpillar",-96.569765,32.829064
"Forest_Tent_Caterpillar",-96.707232,32.704707
"Forest_Tent_Caterpillar",-77.25602,39.003157
"Forest_Tent_Caterpillar",-97.672492,28.62003
"Forest_Tent_Caterpillar",-81.221638,32.372884
"Forest_Tent_Caterpillar",-82.372596,34.927996
"Forest_Tent_Caterpillar",-86.876974,39.642818
"Forest_Tent_Caterpillar",-96.695313,33.024575
"Forest_Tent_Caterpillar",-96.919328,32.634357
"Forest_Tent_Caterpillar",-76.418999,38.371159
"Forest_Tent_Caterpillar",-96.524262,33.257038
"Forest_Tent_Caterpillar",-81.561747,35.0745
"Forest_Tent_Caterpillar",-91.107689,30.372555
"Forest_Tent_Caterpillar",-84.08097,30.518759
"Forest_Tent_Caterpillar",-77.925071,42.087597
"Forest_Tent_Caterpillar",-96.544416,33.220209
"Forest_Tent_Caterpillar",-92.462443,35.072082
"Forest_Tent_Caterpillar",-77.100058,38.756422
"Forest_Tent_Caterpillar",-71.443778,43.726708
"Forest_Tent_Caterpillar",-81.627437,30.304288
"Forest_Tent_Caterpillar",-96.6731,33.055615
"Forest_Tent_Caterpillar",-94.9027,29.383717
"Forest_Tent_Caterpillar",-80.963708,32.022939
"Forest_Tent_Caterpillar",-96.715744,32.824756
"Forest_Tent_Caterpillar",-76.617079,39.014817
"Forest_Tent_Caterpillar",-76.224319,36.802386
"Forest_Tent_Caterpillar",-81.627437,30.304288
"Forest_Tent_Caterpillar",-92.541655,35.108833
"Forest_Tent_Caterpillar",-81.893096,31.593699
"Forest_Tent_Caterpillar",-82.354577,34.776046
"Forest_Tent_Caterpillar",-96.670844,33.055564
"Forest_Tent_Caterpillar",-96.265377,29.943149
"Forest_Tent_Caterpillar",-122.783821,38.612528
"Forest_Tent_Caterpillar",-96.562487,29.729933
"Forest_Tent_Caterpillar",-80.347565,33.220276
"Forest_Tent_Caterpillar",-96.719513,32.822388
"Forest_Tent_Caterpillar",-95.246899,32.619398
"Forest_Tent_Caterpillar",-93.945795,32.259092
"Forest_Tent_Caterpillar",-81.627472,30.304314
"Forest_Tent_Caterpillar",-114.112903,51.085123
"Forest_Tent_Caterpillar",-96.771572,33.813191
"Forest_Tent_Caterpillar",-96.688354,33.043976
"Forest_Tent_Caterpillar",-87.713883,33.456342
"Forest_Tent_Caterpillar",-96.759316,32.775436
"Forest_Tent_Caterpillar",-96.729042,32.850758
"Forest_Tent_Caterpillar",-96.760006,32.775343
"Forest_Tent_Caterpillar",-82.364813,34.94185
"Forest_Tent_Caterpillar",-81.09105,32.00565
"Forest_Tent_Caterpillar",-96.705405,32.704025
"Forest_Tent_Caterpillar",-96.7199,33.079279
"Forest_Tent_Caterpillar",-81.051397,31.917691
"Forest_Tent_Caterpillar",-80.843655,35.224119
"Forest_Tent_Caterpillar",-96.706119,33.091859
"Forest_Tent_Caterpillar",-96.672471,33.027904
"Forest_Tent_Caterpillar",-96.667237,33.037728
"Forest_Tent_Caterpillar",-96.76068,32.775242
"Forest_Tent_Caterpillar",-96.596445,33.645978
"Forest_Tent_Caterpillar",-81.781639,32.418389
"Forest_Tent_Caterpillar",-95.50653,32.050117
"Forest_Tent_Caterpillar",-83.179171,30.985833
"Forest_Tent_Caterpillar",-96.858436,32.912786
"Forest_Tent_Caterpillar",-78.186158,36.29013
"Forest_Tent_Caterpillar",-97.304213,35.223705
"Forest_Tent_Caterpillar",-97.151718,31.58435
"Forest_Tent_Caterpillar",-93.813866,36.312851
"Forest_Tent_Caterpillar",-96.983047,32.582474
"Forest_Tent_Caterpillar",-79.797901,37.773191
"Forest_Tent_Caterpillar",-96.727885,33.095555
"Forest_Tent_Caterpillar",-78.976697,35.94802
"Forest_Tent_Caterpillar",-91.113316,30.414685
"Forest_Tent_Caterpillar",-81.171999,32.038529
"Forest_Tent_Caterpillar",-91.105744,30.369238
"Forest_Tent_Caterpillar",-83.384437,33.98716
"Forest_Tent_Caterpillar",-96.734633,33.2385
"Forest_Tent_Caterpillar",-92.54663,35.108631
"Forest_Tent_Caterpillar",-81.091829,32.079969
"Forest_Tent_Caterpillar",-81.091011,32.005306
"Forest_Tent_Caterpillar",-96.646057,32.930598
"Forest_Tent_Caterpillar",-93.147147,32.84155
"Forest_Tent_Caterpillar",-96.711855,34.745538
"Forest_Tent_Caterpillar",-81.809717,30.243915
"Forest_Tent_Caterpillar",-93.257683,33.283539
"Forest_Tent_Caterpillar",-81.08763,32.073239
"Forest_Tent_Caterpillar",-84.971428,30.400122
"Forest_Tent_Caterpillar",-96.735397,32.858212
"Forest_Tent_Caterpillar",-81.221396,32.372897
"Forest_Tent_Caterpillar",-77.326133,38.353588
"Forest_Tent_Caterpillar",-97.700713,30.242347
"Forest_Tent_Caterpillar",-74.674683,40.209217
"Forest_Tent_Caterpillar",-94.799178,29.921388
"Forest_Tent_Caterpillar",-92.125385,30.533507
"Forest_Tent_Caterpillar",-95.935836,36.752486
"Forest_Tent_Caterpillar",-80.825045,33.826826
"Forest_Tent_Caterpillar",-76.553008,38.487408
"Forest_Tent_Caterpillar",-79.041932,33.785333
"Forest_Tent_Caterpillar",-76.561508,37.132813
"Forest_Tent_Caterpillar",-96.616225,33.161727
"Forest_Tent_Caterpillar",-87.66853,31.039791
"Forest_Tent_Caterpillar",-97.584925,29.589958
"Forest_Tent_Caterpillar",-78.896469,36.076935
"Forest_Tent_Caterpillar",-97.112916,32.727666
"Forest_Tent_Caterpillar",-80.824438,33.828995
"Forest_Tent_Caterpillar",-90.030175,29.959329
"Forest_Tent_Caterpillar",-80.911572,34.560201
"Forest_Tent_Caterpillar",-83.386275,33.899608
"Forest_Tent_Caterpillar",-81.08783,32.073708
"Forest_Tent_Caterpillar",-90.177154,32.342194
"Forest_Tent_Caterpillar",-96.622499,33.18432
"Forest_Tent_Caterpillar",-81.809722,30.243926
"Forest_Tent_Caterpillar",-91.374991,32.316373
"Forest_Tent_Caterpillar",-81.416902,28.656425
"Forest_Tent_Caterpillar",-76.465282,38.192325
"Forest_Tent_Caterpillar",-95.794861,35.896713
"Forest_Tent_Caterpillar",-96.727299,32.857566
"Forest_Tent_Caterpillar",-122.244288,37.403116
"Forest_Tent_Caterpillar",-82.227075,34.857422
"Forest_Tent_Caterpillar",-91.006977,30.597714
"Forest_Tent_Caterpillar",-96.617958,33.161226
"Forest_Tent_Caterpillar",-77.120353,36.87865
"Forest_Tent_Caterpillar",-81.61411,31.831491
"Forest_Tent_Caterpillar",-80.989337,33.960395
"Forest_Tent_Caterpillar",-75.62708,38.333786
"Forest_Tent_Caterpillar",-96.670547,33.056056
"Forest_Tent_Caterpillar",-96.717181,32.831674
"Forest_Tent_Caterpillar",-80.857063,32.217342
"Forest_Tent_Caterpillar",-80.883993,32.271076
"Forest_Tent_Caterpillar",-85.809321,31.33396
"Forest_Tent_Caterpillar",-93.916566,35.146569
"Forest_Tent_Caterpillar",-97.115792,32.731463
"Forest_Tent_Caterpillar",-96.760023,32.77601
"Forest_Tent_Caterpillar",-96.163903,33.963356
"Forest_Tent_Caterpillar",-91.082658,30.365959
"Forest_Tent_Caterpillar",-76.571982,38.748758
"Forest_Tent_Caterpillar",-83.872993,30.537934
"Forest_Tent_Caterpillar",-91.053083,34.645767
"Forest_Tent_Caterpillar",-95.937355,36.754752
"Forest_Tent_Caterpillar",-80.185158,32.618125
"Forest_Tent_Caterpillar",-96.672347,33.054656
"Forest_Tent_Caterpillar",-96.705198,32.703551
"Forest_Tent_Caterpillar",-91.375598,32.317128
"Forest_Tent_Caterpillar",-84.390708,33.760842
"Forest_Tent_Caterpillar",-96.670081,33.054967
"Forest_Tent_Caterpillar",-78.266342,37.885803
"Forest_Tent_Caterpillar",-96.501649,32.610996
"Forest_Tent_Caterpillar",-96.418034,32.955201
"Forest_Tent_Caterpillar",-96.653545,32.965253
"Forest_Tent_Caterpillar",-96.571871,33.156208
"Forest_Tent_Caterpillar",-96.614563,33.15715
"Forest_Tent_Caterpillar",-80.824714,33.829115
"Forest_Tent_Caterpillar",-96.638883,32.912624
"Forest_Tent_Caterpillar",-73.015571,41.497805
"Forest_Tent_Caterpillar",-96.88803,28.455667
"Forest_Tent_Caterpillar",-95.58252,29.374658
"Forest_Tent_Caterpillar",-80.133897,32.814255
"Forest_Tent_Caterpillar",-96.479587,30.207803
"Forest_Tent_Caterpillar",-86.204117,32.921783
"Forest_Tent_Caterpillar",-96.575217,32.888122
"Forest_Tent_Caterpillar",-82.357948,29.629149
"Forest_Tent_Caterpillar",-96.619187,33.164197
"Forest_Tent_Caterpillar",-88.036103,36.90165
"Forest_Tent_Caterpillar",-122.973511,38.518415
"Forest_Tent_Caterpillar",-90.734695,29.729053
"Forest_Tent_Caterpillar",-76.211662,36.872003
"Forest_Tent_Caterpillar",-95.917838,29.738967
"Forest_Tent_Caterpillar",-95.918219,36.218541
"Forest_Tent_Caterpillar",-96.670033,33.054992
"Forest_Tent_Caterpillar",-96.672497,33.054543
"Forest_Tent_Caterpillar",-97.4457,33.489561
"Forest_Tent_Caterpillar",-96.707157,32.704702
"Forest_Tent_Caterpillar",-96.544413,33.22014
"Forest_Tent_Caterpillar",-76.790503,39.033064
"Forest_Tent_Caterpillar",-96.672922,33.054858
"Forest_Tent_Caterpillar",-91.20686,47.384293
"Forest_Tent_Caterpillar",-96.345895,30.615445
"Forest_Tent_Caterpillar",-87.66853,31.039791
"Forest_Tent_Caterpillar",-76.79541,37.532383
"Forest_Tent_Caterpillar",-91.985418,30.25489
"Forest_Tent_Caterpillar",-87.543037,33.211315
"Forest_Tent_Caterpillar",-97.920587,29.887388
"Forest_Tent_Caterpillar",-96.740762,32.871176
"Forest_Tent_Caterpillar",-95.993798,32.844247
"Forest_Tent_Caterpillar",-96.67147,33.053383
"Forest_Tent_Caterpillar",-96.501876,32.610846
"Forest_Tent_Caterpillar",-93.494111,34.346751
"Forest_Tent_Caterpillar",-96.672521,33.053791
"Forest_Tent_Caterpillar",-84.168908,30.44533
"Forest_Tent_Caterpillar",-97.113214,32.728136
"Forest_Tent_Caterpillar",-96.671531,33.053444
"Forest_Tent_Caterpillar",-78.39517,33.965839
"Forest_Tent_Caterpillar",-81.4879,32.945177
"Forest_Tent_Caterpillar",-78.903392,36.000353
"Forest_Tent_Caterpillar",-96.759045,32.775051
"Forest_Tent_Caterpillar",-98.737976,29.791946
"Forest_Tent_Caterpillar",-87.91481,31.017236
"Forest_Tent_Caterpillar",-80.817847,33.821758
"Forest_Tent_Caterpillar",-87.534619,33.212864
"Forest_Tent_Caterpillar",-96.760653,32.775297
"Forest_Tent_Caterpillar",-84.233385,30.429676
"Forest_Tent_Caterpillar",-96.175911,32.408176
"Forest_Tent_Caterpillar",-82.030961,29.780937
"Forest_Tent_Caterpillar",-80.147162,32.947417
"Forest_Tent_Caterpillar",-96.619897,33.163806
"Forest_Tent_Caterpillar",-91.121366,30.417944
"Forest_Tent_Caterpillar",-96.635045,33.217245
"Forest_Tent_Caterpillar",-91.116189,30.415568
"Forest_Tent_Caterpillar",-95.649033,36.339901
"Forest_Tent_Caterpillar",-81.222564,31.981507
"Forest_Tent_Caterpillar",-96.983855,29.105053
"Forest_Tent_Caterpillar",-98.42475,30.090214
"Forest_Tent_Caterpillar",-81.076379,32.173103
"Forest_Tent_Caterpillar",-96.575275,32.888106
"Forest_Tent_Caterpillar",-77.453473,37.529025
"Forest_Tent_Caterpillar",-96.674155,33.054125
"Forest_Tent_Caterpillar",-96.176083,32.40828
"Forest_Tent_Caterpillar",-87.91481,31.017236
"Forest_Tent_Caterpillar",-96.644562,33.17343
"Forest_Tent_Caterpillar",-96.752228,32.892952
"Forest_Tent_Caterpillar",-77.444558,37.575955
"Forest_Tent_Caterpillar",-96.953042,33.064933
"Forest_Tent_Caterpillar",-82.363472,29.589125
"Forest_Tent_Caterpillar",-87.91481,31.017236
"Forest_Tent_Caterpillar",-96.659662,32.888375
"Forest_Tent_Caterpillar",-96.67367,33.071464
"Forest_Tent_Caterpillar",-96.586517,33.161658
"Forest_Tent_Caterpillar",-81.900582,31.397055
"Forest_Tent_Caterpillar",-96.79216,32.893182
"Forest_Tent_Caterpillar",-96.667824,33.054826
"Forest_Tent_Caterpillar",-96.672553,33.053792
"Forest_Tent_Caterpillar",-80.860352,35.126255
"Forest_Tent_Caterpillar",-96.600685,32.762054
"Forest_Tent_Caterpillar",-78.698137,35.722717
"Forest_Tent_Caterpillar",-97.693978,29.850162
"Forest_Tent_Caterpillar",-81.488625,32.943878
"Forest_Tent_Caterpillar",-91.374878,32.316447
"Forest_Tent_Caterpillar",-121.505058,36.341167
"Forest_Tent_Caterpillar",-97.148745,33.211699
"Forest_Tent_Caterpillar",-96.634528,32.304113
"Forest_Tent_Caterpillar",-87.547147,33.21196
"Forest_Tent_Caterpillar",-93.134872,35.295862
"Forest_Tent_Caterpillar",-96.66871,33.055334
"Forest_Tent_Caterpillar",-81.051538,31.94891
"Forest_Tent_Caterpillar",-84.348609,30.428976
"Forest_Tent_Caterpillar",-81.076767,32.17178
"Forest_Tent_Caterpillar",-96.654847,32.963087
"Forest_Tent_Caterpillar",-96.631472,33.185123
"Forest_Tent_Caterpillar",-81.919421,28.703213
"Forest_Tent_Caterpillar",-95.320222,30.292283
"Forest_Tent_Caterpillar",-96.607744,33.294607
"Forest_Tent_Caterpillar",-96.731739,32.921749
"Forest_Tent_Caterpillar",-76.490684,37.109613
"Forest_Tent_Caterpillar",-97.064605,32.69277
"Forest_Tent_Caterpillar",-82.20397,33.478472
"Forest_Tent_Caterpillar",-81.034461,33.992388
"Forest_Tent_Caterpillar",-81.23702,32.157019
"Forest_Tent_Caterpillar",-91.376237,32.316384
"Forest_Tent_Caterpillar",-81.034349,33.997803
"Forest_Tent_Caterpillar",-96.759081,32.774944
"Forest_Tent_Caterpillar",-96.713049,32.84374
"Forest_Tent_Caterpillar",-79.111794,36.068031
"Forest_Tent_Caterpillar",-98.408191,29.397815
"Forest_Tent_Caterpillar",-95.99366,32.841892
"Forest_Tent_Caterpillar",-81.311287,31.925922
"Forest_Tent_Caterpillar",-96.678534,33.049288
"Forest_Tent_Caterpillar",-96.758689,32.849878
"Forest_Tent_Caterpillar",-80.170228,32.946667
"Forest_Tent_Caterpillar",-90.010304,30.032673
"Forest_Tent_Caterpillar",-91.197585,47.381873
"Forest_Tent_Caterpillar",-83.384437,33.98716
"Forest_Tent_Caterpillar",-97.053269,33.70855
"Forest_Tent_Caterpillar",-96.738037,32.995819
"Forest_Tent_Caterpillar",-96.654731,32.962161
"Forest_Tent_Caterpillar",-96.728408,32.816842
"Forest_Tent_Caterpillar",-80.89477,35.060405
"Forest_Tent_Caterpillar",-77.468601,37.530645
"Forest_Tent_Caterpillar",-82.456158,29.71928
"Forest_Tent_Caterpillar",-84.289209,30.496025
"Forest_Tent_Caterpillar",-96.573429,32.835527
"Forest_Tent_Caterpillar",-80.383797,33.997238
"Forest_Tent_Caterpillar",-79.742971,32.804361
"Forest_Tent_Caterpillar",-81.489638,32.942122
"Forest_Tent_Caterpillar",-82.409713,28.065989
"Forest_Tent_Caterpillar",-96.673183,33.052806
"Forest_Tent_Caterpillar",-96.500948,32.613598
"Forest_Tent_Caterpillar",-82.931389,29.899942
"Forest_Tent_Caterpillar",-91.000443,36.963175
"Forest_Tent_Caterpillar",-82.810845,29.931763
"Forest_Tent_Caterpillar",-94.22869,30.845141
"Forest_Tent_Caterpillar",-96.709,32.784758
"Forest_Tent_Caterpillar",-95.926912,35.539628
"Forest_Tent_Caterpillar",-96.668045,33.054517
"Forest_Tent_Caterpillar",-97.184678,29.449005
"Forest_Tent_Caterpillar",-80.824475,33.828975
"Forest_Tent_Caterpillar",-80.391426,33.027951
"Forest_Tent_Caterpillar",-96.81532,32.740969
"Forest_Tent_Caterpillar",-90.101836,29.98587
"Forest_Tent_Caterpillar",-87.91481,31.017236
"Forest_Tent_Caterpillar",-80.886884,35.081493
"Forest_Tent_Caterpillar",-80.097556,33.829327
"Forest_Tent_Caterpillar",-91.115682,30.416393
"Forest_Tent_Caterpillar",-79.359497,35.665927
"Forest_Tent_Caterpillar",-82.437698,29.681244
"Forest_Tent_Caterpillar",-96.654873,32.962086
"Forest_Tent_Caterpillar",-92.072475,30.342914
"Forest_Tent_Caterpillar",-96.6048,32.747997
"Forest_Tent_Caterpillar",-79.06825,35.872361
"Forest_Tent_Caterpillar",-92.443245,35.101196
"Forest_Tent_Caterpillar",-79.742937,32.804322
"Forest_Tent_Caterpillar",-97.166261,30.230428
"Forest_Tent_Caterpillar",-96.929806,32.895169
"Forest_Tent_Caterpillar",-81.349617,29.093983
"Forest_Tent_Caterpillar",-96.402484,32.843071
"Forest_Tent_Caterpillar",-79.043464,33.610905
"Forest_Tent_Caterpillar",-78.578782,35.783806
"Forest_Tent_Caterpillar",-96.808867,33.143614
"Forest_Tent_Caterpillar",-96.688059,33.092083
"Forest_Tent_Caterpillar",-96.654799,32.962997
"Forest_Tent_Caterpillar",-74.308782,41.141132
"Forest_Tent_Caterpillar",-96.759014,32.774926
"Forest_Tent_Caterpillar",-96.611205,32.757633
"Forest_Tent_Caterpillar",-91.116625,30.415013
"Forest_Tent_Caterpillar",-96.737853,32.946698
"Forest_Tent_Caterpillar",-89.966599,30.030136
"Forest_Tent_Caterpillar",-93.259503,35.222149
"Forest_Tent_Caterpillar",-84.490768,30.060852
"Forest_Tent_Caterpillar",-96.6726,33.053763
"Forest_Tent_Caterpillar",-89.679345,30.243042
"Forest_Tent_Caterpillar",-96.890145,32.35958
"Forest_Tent_Caterpillar",-96.374304,30.607177
"Forest_Tent_Caterpillar",-80.33708,33.257745
"Forest_Tent_Caterpillar",-91.183939,47.385714
"Forest_Tent_Caterpillar",-97.680153,32.761478
"Forest_Tent_Caterpillar",-92.050605,32.604678
"Forest_Tent_Caterpillar",-96.632775,32.995533
"Forest_Tent_Caterpillar",-94.019686,32.725527
"Forest_Tent_Caterpillar",-96.706603,32.704475
"Forest_Tent_Caterpillar",-96.929806,32.895169
"Forest_Tent_Caterpillar",-96.600885,32.846302
"Forest_Tent_Caterpillar",-96.823087,32.754378
"Forest_Tent_Caterpillar",-96.605178,33.197638
"Forest_Tent_Caterpillar",-96.501747,32.610863
"Forest_Tent_Caterpillar",-81.097794,32.065814
"Forest_Tent_Caterpillar",-98.056796,30.289413
"Forest_Tent_Caterpillar",-96.653417,33.102545
"Forest_Tent_Caterpillar",-81.282608,32.882755
"Forest_Tent_Caterpillar",-81.734512,30.278092
"Forest_Tent_Caterpillar",-81.006691,34.946918
"Forest_Tent_Caterpillar",-96.275033,30.52372
"Forest_Tent_Caterpillar",-82.412947,28.062271
"Forest_Tent_Caterpillar",-96.851356,32.3839
"Forest_Tent_Caterpillar",-80.803458,35.103397
"Forest_Tent_Caterpillar",-96.667228,33.037689
"Forest_Tent_Caterpillar",-97.249191,32.277577
"Forest_Tent_Caterpillar",-82.342278,29.651849
"Forest_Tent_Caterpillar",-96.704413,32.704005
"Forest_Tent_Caterpillar",-98.197372,32.236313
"Forest_Tent_Caterpillar",-96.759033,32.857778
"Forest_Tent_Caterpillar",-96.633562,33.661158
"Forest_Tent_Caterpillar",-96.624281,32.828973
"Forest_Tent_Caterpillar",-81.087257,31.992218
"Forest_Tent_Caterpillar",-96.556169,32.986203
"Forest_Tent_Caterpillar",-92.166061,32.508172
"Forest_Tent_Caterpillar",-81.488222,32.944243
"Forest_Tent_Caterpillar",-68.202368,48.59576
"Forest_Tent_Caterpillar",-80.129193,32.837442
"Forest_Tent_Caterpillar",-95.580795,29.993188
"Forest_Tent_Caterpillar",-96.5018,32.610917
"Forest_Tent_Caterpillar",-97.36214,32.737157
"Forest_Tent_Caterpillar",-97.539118,32.625579
"Forest_Tent_Caterpillar",-96.758917,32.774897
"Forest_Tent_Caterpillar",-96.760816,32.775149
"Forest_Tent_Caterpillar",-68.012613,48.667485
"Forest_Tent_Caterpillar",-82.473342,29.785503
"Forest_Tent_Caterpillar",-96.82512,28.889358
"Forest_Tent_Caterpillar",-96.573168,32.835585
"Forest_Tent_Caterpillar",-81.769018,30.359037
"Forest_Tent_Caterpillar",-81.090775,32.004211
"Forest_Tent_Caterpillar",-91.107064,30.369209
"Forest_Tent_Caterpillar",-92.170575,32.507559
"Forest_Tent_Caterpillar",-96.808083,32.779297
"Forest_Tent_Caterpillar",-81.631937,32.767148
"Forest_Tent_Caterpillar",-81.625267,30.300205
"Forest_Tent_Caterpillar",-82.39797,29.715638
"Forest_Tent_Caterpillar",-86.235718,32.20285
"Forest_Tent_Caterpillar",-85.000656,29.999836
"Forest_Tent_Caterpillar",-81.601371,31.833228
"Forest_Tent_Caterpillar",-73.367317,43.028558
"Forest_Tent_Caterpillar",-78.505303,34.316603
"Forest_Tent_Caterpillar",-80.185098,34.195012
"Forest_Tent_Caterpillar",-96.539096,33.18983
"Forest_Tent_Caterpillar",-96.816979,32.740677
"Forest_Tent_Caterpillar",-96.672272,33.053142
"Forest_Tent_Caterpillar",-80.196841,32.790981
"Forest_Tent_Caterpillar",-96.825003,28.889711
"Forest_Tent_Caterpillar",-96.984246,28.134151
"Forest_Tent_Caterpillar",-96.660847,32.775477
"Forest_Tent_Caterpillar",-96.770583,32.829247
"Forest_Tent_Caterpillar",-80.446778,32.76775
"Forest_Tent_Caterpillar",-95.075949,32.854484
"Forest_Tent_Caterpillar",-98.279092,30.569088
"Forest_Tent_Caterpillar",-78.579907,35.89445
"Forest_Tent_Caterpillar",-81.77897,30.201928
"Forest_Tent_Caterpillar",-82.607682,29.579066
"Forest_Tent_Caterpillar",-88.086817,31.479363
"Forest_Tent_Caterpillar",-83.35047,33.911843
"Forest_Tent_Caterpillar",-96.765173,32.517475
"Forest_Tent_Caterpillar",-81.609786,30.209019
"Forest_Tent_Caterpillar",-80.700314,32.398947
"Forest_Tent_Caterpillar",-123.300295,48.462609
"Forest_Tent_Caterpillar",-81.552986,31.361855
"Forest_Tent_Caterpillar",-96.730799,32.922139
"Forest_Tent_Caterpillar",-81.784348,32.425002
"Forest_Tent_Caterpillar",-98.707451,29.472748
"Forest_Tent_Caterpillar",-97.38713,28.65645
"Forest_Tent_Caterpillar",-82.640321,29.701216
"Forest_Tent_Caterpillar",-96.825501,28.889246
"Forest_Tent_Caterpillar",-82.363864,29.609653
"Forest_Tent_Caterpillar",-96.817189,32.737989
"Forest_Tent_Caterpillar",-90.734695,29.729053
"Forest_Tent_Caterpillar",-91.874551,30.36201
"Forest_Tent_Caterpillar",-95.989479,30.284071
"Forest_Tent_Caterpillar",-96.559924,32.990423
"Forest_Tent_Caterpillar",-96.61347,33.157841
"Forest_Tent_Caterpillar",-82.626883,29.568706
"Forest_Tent_Caterpillar",-96.570228,32.642503
"Forest_Tent_Caterpillar",-82.608753,29.578721
"Forest_Tent_Caterpillar",-82.310894,28.097951
"Forest_Tent_Caterpillar",-96.562542,28.951596
"Forest_Tent_Caterpillar",-80.206006,32.956194
"Forest_Tent_Caterpillar",-82.363426,29.661575
"Forest_Tent_Caterpillar",-81.355408,29.108895
"Forest_Tent_Caterpillar",-84.557229,34.066781
"Forest_Tent_Caterpillar",-82.411238,28.467131
"Forest_Tent_Caterpillar",-82.175203,29.159003
"Forest_Tent_Caterpillar",-81.109603,32.048175
"Forest_Tent_Caterpillar",-82.631407,29.694603
"Forest_Tent_Caterpillar",-95.291205,29.33802
"Forest_Tent_Caterpillar",-96.760574,32.775208
"Forest_Tent_Caterpillar",-97.113755,32.729737
"Forest_Tent_Caterpillar",-78.880209,33.695422
"Forest_Tent_Caterpillar",-71.234195,46.912838
"Forest_Tent_Caterpillar",-96.237953,30.677403
"Forest_Tent_Caterpillar",-81.606925,30.263194
"Forest_Tent_Caterpillar",-96.607678,33.269919
"Forest_Tent_Caterpillar",-81.027571,33.996837
"Forest_Tent_Caterpillar",-89.991916,29.965507
"Forest_Tent_Caterpillar",-84.187918,33.929187
"Forest_Tent_Caterpillar",-82.657913,29.678623
"Forest_Tent_Caterpillar",-97.93625,29.8897
"Forest_Tent_Caterpillar",-96.808105,32.799663
"Forest_Tent_Caterpillar",-82.313058,29.633287
"Forest_Tent_Caterpillar",-84.346126,30.428973
"Forest_Tent_Caterpillar",-96.541398,28.961259
"Forest_Tent_Caterpillar",-81.083744,31.943309
"Forest_Tent_Caterpillar",-81.310856,28.915629
"Forest_Tent_Caterpillar",-82.607985,29.578711
"Forest_Tent_Caterpillar",-90.824506,46.81062
"Forest_Tent_Caterpillar",-94.608071,29.840102
"Forest_Tent_Caterpillar",-96.790017,32.751663
"Forest_Tent_Caterpillar",-81.770845,32.404225
"Forest_Tent_Caterpillar",-82.33915,29.649842
"Forest_Tent_Caterpillar",-97.585267,29.587978
"Forest_Tent_Caterpillar",-96.808237,32.779153
"Forest_Tent_Caterpillar",-80.364177,33.221954
"Forest_Tent_Caterpillar",-77.068013,50.171597
"Forest_Tent_Caterpillar",-81.532215,28.693377
"Forest_Tent_Caterpillar",-94.930603,30.284627
"Forest_Tent_Caterpillar",-96.592343,32.82242
"Forest_Tent_Caterpillar",-96.56947,32.75736
"Forest_Tent_Caterpillar",-95.072211,29.594422
"Forest_Tent_Caterpillar",-80.197309,32.791435
"Forest_Tent_Caterpillar",-81.715215,30.220487
"Forest_Tent_Caterpillar",-97.050767,29.149814
"Forest_Tent_Caterpillar",-96.615097,33.197784
"Forest_Tent_Caterpillar",-96.754295,33.18432
"Forest_Tent_Caterpillar",-123.397794,48.47334
"Forest_Tent_Caterpillar",-96.825458,28.887005
"Forest_Tent_Caterpillar",-82.3703,29.663559
"Forest_Tent_Caterpillar",-84.185711,30.490437
"Forest_Tent_Caterpillar",-96.705304,32.702014
"Forest_Tent_Caterpillar",-77.898788,34.205676
"Forest_Tent_Caterpillar",-96.896603,32.710573
"Forest_Tent_Caterpillar",-95.104406,30.102093
"Forest_Tent_Caterpillar",-96.662987,33.126633
"Forest_Tent_Caterpillar",-72.566873,44.267302
"Forest_Tent_Caterpillar",-82.432453,29.683168
"Forest_Tent_Caterpillar",-97.530006,28.069462
"Forest_Tent_Caterpillar",-96.588799,28.965753
"Forest_Tent_Caterpillar",-96.825094,28.889371
"Forest_Tent_Caterpillar",-95.593788,29.375153
"Forest_Tent_Caterpillar",-82.363292,29.64361
"Forest_Tent_Caterpillar",-96.801628,32.728656
"Forest_Tent_Caterpillar",-97.115082,32.730641
"Forest_Tent_Caterpillar",-81.235361,32.294767
"Forest_Tent_Caterpillar",-80.340314,33.222498
"Forest_Tent_Caterpillar",-80.196841,32.790981
"Forest_Tent_Caterpillar",-95.871183,30.387895
"Forest_Tent_Caterpillar",-95.07264,29.594471
"Forest_Tent_Caterpillar",-80.567929,33.686883
"Forest_Tent_Caterpillar",-96.929806,32.895169
"Forest_Tent_Caterpillar",-81.629198,30.367101
"Forest_Tent_Caterpillar",-96.589731,32.770696
"Forest_Tent_Caterpillar",-96.477838,32.883919
"Forest_Tent_Caterpillar",-96.546316,32.716735
"Forest_Tent_Caterpillar",-80.51625,32.905333
"Forest_Tent_Caterpillar",-90.990197,30.475628
"Forest_Tent_Caterpillar",-96.567714,28.938126
"Forest_Tent_Caterpillar",-97.798157,30.182383
"Forest_Tent_Caterpillar",-80.089981,32.842827
"Forest_Tent_Caterpillar",-81.632061,32.767518
"Forest_Tent_Caterpillar",-81.083358,34.013078
"Forest_Tent_Caterpillar",-96.156114,32.667225
"Forest_Tent_Caterpillar",-96.68805,33.092061
"Forest_Tent_Caterpillar",-96.600947,32.68638
"Forest_Tent_Caterpillar",-96.626197,32.731155
"Forest_Tent_Caterpillar",-95.570043,35.497498
"Forest_Tent_Caterpillar",-123.500854,48.537596
"Forest_Tent_Caterpillar",-96.887898,28.455503
"Forest_Tent_Caterpillar",-81.810716,30.243245
"Forest_Tent_Caterpillar",-95.994308,32.8456
"Forest_Tent_Caterpillar",-81.089797,31.995695
"Forest_Tent_Caterpillar",-97.672293,30.282249
"Forest_Tent_Caterpillar",-96.796259,33.317771
"Forest_Tent_Caterpillar",-97.255952,28.781743
"Forest_Tent_Caterpillar",-92.646331,31.93096
"Forest_Tent_Caterpillar",-84.497312,30.44575
"Forest_Tent_Caterpillar",-89.993936,35.15167
"Forest_Tent_Caterpillar",-81.349617,29.093983
"Forest_Tent_Caterpillar",-96.825473,28.88701
"Forest_Tent_Caterpillar",-97.116644,31.552067
"Forest_Tent_Caterpillar",-97.792446,30.240728
"Forest_Tent_Caterpillar",-97.586487,29.584462
"Forest_Tent_Caterpillar",-95.025438,29.64708
"Forest_Tent_Caterpillar",-94.608086,29.840008
"Forest_Tent_Caterpillar",-95.583288,29.37462
"Forest_Tent_Caterpillar",-97.705828,30.491121
"Forest_Tent_Caterpillar",-96.714636,32.825639
"Forest_Tent_Caterpillar",-82.607759,29.578947
"Forest_Tent_Caterpillar",-96.606894,33.23269
"Forest_Tent_Caterpillar",-97.128684,32.79675
"Forest_Tent_Caterpillar",-91.874549,30.36201
"Forest_Tent_Caterpillar",-95.732812,32.394695
"Forest_Tent_Caterpillar",-98.424033,30.094697
"Forest_Tent_Caterpillar",-97.583262,29.587249
"Forest_Tent_Caterpillar",-80.16815,32.780945
"Forest_Tent_Caterpillar",-82.479453,29.656576
"Forest_Tent_Caterpillar",-96.70531,32.703648
"Forest_Tent_Caterpillar",-82.400258,29.689218
"Forest_Tent_Caterpillar",-91.982645,30.257255
"Forest_Tent_Caterpillar",-97.71723,30.323953
"Forest_Tent_Caterpillar",-82.640497,29.701409
"Forest_Tent_Caterpillar",-80.967619,32.005423
"Forest_Tent_Caterpillar",-91.579475,30.097844
"Forest_Tent_Caterpillar",-80.348403,33.22045
"Forest_Tent_Caterpillar",-94.768288,30.186942
"Forest_Tent_Caterpillar",-96.547112,33.015992
"Forest_Tent_Caterpillar",-96.685748,32.857079
"Forest_Tent_Caterpillar",-97.727387,30.184261
"Forest_Tent_Caterpillar",-82.363145,29.613803
"Forest_Tent_Caterpillar",-82.813514,29.616919
"Forest_Tent_Caterpillar",-96.599593,28.929691
"Forest_Tent_Caterpillar",-96.75045,32.98887
"Forest_Tent_Caterpillar",-96.7812,28.911238
"Forest_Tent_Caterpillar",-82.977386,29.489139
"Forest_Tent_Caterpillar",-96.350622,30.659497
"Forest_Tent_Caterpillar",-82.380037,29.646745
"Forest_Tent_Caterpillar",-96.718807,32.821368
"Forest_Tent_Caterpillar",-82.395222,29.65432
"Forest_Tent_Caterpillar",-96.304108,29.979723
"Forest_Tent_Caterpillar",-81.086426,32.266365
"Forest_Tent_Caterpillar",-96.639726,33.002201
"Forest_Tent_Caterpillar",-84.07077,33.587668
"Forest_Tent_Caterpillar",-98.472763,29.460292
"Forest_Tent_Caterpillar",-72.566834,44.267306
"Forest_Tent_Caterpillar",-80.204185,32.97934
"Forest_Tent_Caterpillar",-96.717952,32.82291
"Forest_Tent_Caterpillar",-96.010253,28.981205
"Forest_Tent_Caterpillar",-84.289317,30.513262
"Forest_Tent_Caterpillar",-94.695525,33.008989
"Forest_Tent_Caterpillar",-96.894019,32.640961
"Forest_Tent_Caterpillar",-96.563527,32.636955
"Forest_Tent_Caterpillar",-96.881592,32.844045
"Forest_Tent_Caterpillar",-96.600609,33.666202
"Forest_Tent_Caterpillar",-81.095082,32.071424
"Forest_Tent_Caterpillar",-96.896296,29.490222
"Forest_Tent_Caterpillar",-96.603004,32.783643
"Forest_Tent_Caterpillar",-97.723333,30.184453
"Forest_Tent_Caterpillar",-96.636438,32.936698
"Forest_Tent_Caterpillar",-97.387153,28.656572
"Forest_Tent_Caterpillar",-95.596938,29.376187
"Forest_Tent_Caterpillar",-97.814926,30.655425
"Forest_Tent_Caterpillar",-80.046598,32.997948
"Forest_Tent_Caterpillar",-82.770441,29.972091
"Forest_Tent_Caterpillar",-82.92809,30.080867
"Forest_Tent_Caterpillar",-82.607992,29.578694
"Forest_Tent_Caterpillar",-84.329639,30.443157
"Forest_Tent_Caterpillar",-81.778938,30.201988
"Forest_Tent_Caterpillar",-95.024011,29.646808
"Forest_Tent_Caterpillar",-96.379617,30.163167
"Forest_Tent_Caterpillar",-96.867928,32.397264
"Forest_Tent_Caterpillar",-96.118382,32.585152
"Forest_Tent_Caterpillar",-96.643813,33.220633
"Forest_Tent_Caterpillar",-97.162619,30.012447
"Forest_Tent_Caterpillar",-96.541206,28.960298
"Forest_Tent_Caterpillar",-89.911156,29.886032
"Forest_Tent_Caterpillar",-86.381408,32.476016
"Forest_Tent_Caterpillar",-97.998333,29.4325
"Forest_Tent_Caterpillar",-96.384912,30.611975
"Forest_Tent_Caterpillar",-97.752158,30.245042
"Forest_Tent_Caterpillar",-80.127621,32.625531
"Forest_Tent_Caterpillar",-96.688144,33.092244
"Forest_Tent_Caterpillar",-80.0151,33.197485
"Forest_Tent_Caterpillar",-96.450917,28.954204
"Forest_Tent_Caterpillar",-86.381992,32.476464
"Forest_Tent_Caterpillar",-95.08757,30.339905
"Forest_Tent_Caterpillar",-84.974312,30.437515
"Forest_Tent_Caterpillar",-96.318548,30.665255
"Forest_Tent_Caterpillar",-98.280885,30.567092
"Forest_Tent_Caterpillar",-79.9495,33.065971
"Forest_Tent_Caterpillar",-81.349617,29.093983
"Forest_Tent_Caterpillar",-95.935943,32.507497
"Forest_Tent_Caterpillar",-81.78958,32.421845
"Forest_Tent_Caterpillar",-96.656753,33.256608
"Forest_Tent_Caterpillar",-96.814475,32.740292
"Forest_Tent_Caterpillar",-96.684897,32.718625
"Forest_Tent_Caterpillar",-81.721294,28.999857
"Forest_Tent_Caterpillar",-82.432456,29.683705
"Forest_Tent_Caterpillar",-89.737533,30.150658
"Forest_Tent_Caterpillar",-73.367317,43.028558
"Forest_Tent_Caterpillar",-94.850389,33.077975
"Forest_Tent_Caterpillar",-81.349617,29.093983
"Forest_Tent_Caterpillar",-96.563305,28.962996
"Forest_Tent_Caterpillar",-73.367317,43.028558
"Forest_Tent_Caterpillar",-123.500899,48.537537
"Forest_Tent_Caterpillar",-123.374961,48.464466
"Forest_Tent_Caterpillar",-80.185937,32.782696
"Forest_Tent_Caterpillar",-82.608071,29.578711
"Forest_Tent_Caterpillar",-84.155185,30.42849
"Forest_Tent_Caterpillar",-82.607676,29.579045
"Forest_Tent_Caterpillar",-81.245505,32.103897
"Forest_Tent_Caterpillar",-82.19591,28.515338
"Forest_Tent_Caterpillar",-82.390695,29.811761
"Forest_Tent_Caterpillar",-82.363123,29.625982
"Forest_Tent_Caterpillar",-96.525981,28.980442
"Forest_Tent_Caterpillar",-80.880338,32.053376
"Forest_Tent_Caterpillar",-123.372567,48.466278
"Forest_Tent_Caterpillar",-82.975151,29.488393
"Forest_Tent_Caterpillar",-82.607782,29.580333
"Forest_Tent_Caterpillar",-81.608025,31.429894
"Forest_Tent_Caterpillar",-97.584747,29.589912
"Forest_Tent_Caterpillar",-81.696113,30.438453
"Forest_Tent_Caterpillar",-91.095932,30.356211
"Forest_Tent_Caterpillar",-82.607668,29.579029
"Forest_Tent_Caterpillar",-82.607669,29.579033
"Forest_Tent_Caterpillar",-95.631921,29.370962
"Forest_Tent_Caterpillar",-91.92979,30.101776
"Forest_Tent_Caterpillar",-80.324888,33.12584
"Forest_Tent_Caterpillar",-123.372989,48.463674
"Forest_Tent_Caterpillar",-97.671005,28.621663
"Forest_Tent_Caterpillar",-95.792991,30.106655
"Forest_Tent_Caterpillar",-73.367317,43.028558
"Forest_Tent_Caterpillar",-82.608465,29.579677
"Forest_Tent_Caterpillar",-95.072522,29.594658
"Forest_Tent_Caterpillar",-82.412042,28.066775
"Forest_Tent_Caterpillar",-82.859176,29.4864
"Forest_Tent_Caterpillar",-96.538924,32.88973
"Forest_Tent_Caterpillar",-95.072569,29.594647
"Forest_Tent_Caterpillar",-81.230972,32.156257
"Forest_Tent_Caterpillar",-81.608038,31.429892
"Forest_Tent_Caterpillar",-72.566878,44.267302
"Forest_Tent_Caterpillar",-82.314929,29.627063
"Forest_Tent_Caterpillar",-97.615967,30.4378
"Forest_Tent_Caterpillar",-82.413854,28.058701
"Forest_Tent_Caterpillar",-82.363404,29.661487
"Forest_Tent_Caterpillar",-96.760184,32.775234
"Forest_Tent_Caterpillar",-97.938351,29.88841
"Forest_Tent_Caterpillar",-96.038467,30.057826
"Forest_Tent_Caterpillar",-88.086817,31.479363
"Forest_Tent_Caterpillar",-95.611105,32.297216
"Forest_Tent_Caterpillar",-82.716005,27.972151
"Forest_Tent_Caterpillar",-81.294083,28.326443
"Forest_Tent_Caterpillar",-95.343667,29.723288
"Forest_Tent_Caterpillar",-96.439001,28.84601
"Forest_Tent_Caterpillar",-92.427667,47.877267
"Forest_Tent_Caterpillar",-82.347464,29.673242
"Forest_Tent_Caterpillar",-82.354926,29.687875
"Forest_Tent_Caterpillar",-82.432283,29.68251
"Forest_Tent_Caterpillar",-79.955458,33.052711
"Forest_Tent_Caterpillar",-96.482454,32.105284
"Forest_Tent_Caterpillar",-96.719393,32.822133
"Forest_Tent_Caterpillar",-96.546316,32.716735
"Forest_Tent_Caterpillar",-82.341599,29.652069
"Forest_Tent_Caterpillar",-82.438484,29.607138
"Forest_Tent_Caterpillar",-96.719566,32.821752
"Forest_Tent_Caterpillar",-82.359483,29.606696
"Forest_Tent_Caterpillar",-92.02465,32.539305
"Forest_Tent_Caterpillar",-82.344505,29.644345
"Forest_Tent_Caterpillar",-81.089911,31.995833
"Forest_Tent_Caterpillar",-98.424584,29.384704
"Forest_Tent_Caterpillar",-82.409858,28.060678
"Forest_Tent_Caterpillar",-96.038569,30.057924
"Forest_Tent_Caterpillar",-95.597105,29.376377
"Forest_Tent_Caterpillar",-95.289453,29.337883
"Forest_Tent_Caterpillar",-95.298367,32.287628
"Forest_Tent_Caterpillar",-95.557419,30.184067
"Forest_Tent_Caterpillar",-82.381053,29.66292
"Forest_Tent_Caterpillar",-97.784851,29.971176
"Forest_Tent_Caterpillar",-69.949464,47.365211
"Forest_Tent_Caterpillar",-82.435327,29.466417
"Forest_Tent_Caterpillar",-82.413854,28.058703
"Forest_Tent_Caterpillar",-97.940545,29.889705
"Forest_Tent_Caterpillar",-81.885393,31.60743
"Forest_Tent_Caterpillar",-83.095871,30.088093
"Forest_Tent_Caterpillar",-82.284592,29.659424
"Forest_Tent_Caterpillar",-78.13656,48.35692
"Forest_Tent_Caterpillar",-75.430069,42.722321
"Forest_Tent_Caterpillar",-80.220368,43.539079
"Forest_Tent_Caterpillar",-94.15505,32.679301
"Forest_Tent_Caterpillar",-82.344833,29.642612
"Forest_Tent_Caterpillar",-72.566952,44.267268
"Forest_Tent_Caterpillar",-96.705178,32.703771
"Forest_Tent_Caterpillar",-72.5669,44.26731
"Forest_Tent_Caterpillar",-84.069917,33.58704
"Forest_Tent_Caterpillar",-84.062245,33.587855
"Forest_Tent_Caterpillar",-96.547642,28.948597
"Forest_Tent_Caterpillar",-82.32359,29.651544
"Forest_Tent_Caterpillar",-82.409592,28.066047
"Forest_Tent_Caterpillar",-82.39733,29.637558
"Forest_Tent_Caterpillar",-82.342194,29.643295
"Forest_Tent_Caterpillar",-82.344355,29.612541
"Forest_Tent_Caterpillar",-82.286278,28.534162
"Forest_Tent_Caterpillar",-95.289712,29.338003
"Forest_Tent_Caterpillar",-82.329403,29.743373
"Forest_Tent_Caterpillar",-82.362269,29.644064
"Forest_Tent_Caterpillar",-82.300728,29.674072
"Forest_Tent_Caterpillar",-82.300675,29.674083
"Forest_Tent_Caterpillar",-82.700145,29.672226
"Forest_Tent_Caterpillar",-82.36235,28.961625
"Forest_Tent_Caterpillar",-82.47667,29.40615
"Forest_Tent_Caterpillar",-97.313292,30.063985
"Forest_Tent_Caterpillar",-82.088607,28.322007
"Forest_Tent_Caterpillar",-82.100936,29.188922
"Forest_Tent_Caterpillar",-82.408708,29.612068
"Forest_Tent_Caterpillar",-74.245999,41.130439
"Forest_Tent_Caterpillar",-82.407997,29.611678
"Forest_Tent_Caterpillar",-96.508514,28.933721
"Forest_Tent_Caterpillar",-82.245925,29.600503
"Forest_Tent_Caterpillar",-82.767088,27.937388
"Forest_Tent_Caterpillar",-82.453772,29.704992
"Forest_Tent_Caterpillar",-81.278169,29.858237
"Forest_Tent_Caterpillar",-96.156488,30.326274
"Forest_Tent_Caterpillar",-82.345002,29.648421
"Forest_Tent_Caterpillar",-96.551348,28.945138
"Forest_Tent_Caterpillar",-96.555113,28.829092
"Forest_Tent_Caterpillar",-87.460394,31.700712
"Forest_Tent_Caterpillar",-82.30445,29.610122
"Forest_Tent_Caterpillar",-82.304405,29.610153
"Forest_Tent_Caterpillar",-81.36377,29.123306
"Forest_Tent_Caterpillar",-82.323073,29.774317
"Forest_Tent_Caterpillar",-82.868532,29.494861
"Forest_Tent_Caterpillar",-82.428518,28.289609
"Forest_Tent_Caterpillar",-82.402435,29.714645
"Forest_Tent_Caterpillar",-82.374252,29.778711
"Forest_Tent_Caterpillar",-82.370767,29.65573
"Forest_Tent_Caterpillar",-82.400863,29.659705
"Forest_Tent_Caterpillar",-82.32937,29.55782
"Forest_Tent_Caterpillar",-80.802536,28.533112
"Forest_Tent_Caterpillar",-98.132225,29.717255
"Forest_Tent_Caterpillar",-64.32987,45.400123
"Forest_Tent_Caterpillar",-82.368476,29.633178
"Forest_Tent_Caterpillar",-82.263424,29.209417
"Forest_Tent_Caterpillar",-82.41223,28.063125
"Forest_Tent_Caterpillar",-82.651008,27.725133
"Forest_Tent_Caterpillar",-81.810631,30.243089
"Forest_Tent_Caterpillar",-82.303192,29.607353
"Forest_Tent_Caterpillar",-82.3423,29.649846
"Forest_Tent_Caterpillar",-95.73898,30.071369
"Forest_Tent_Caterpillar",-82.420762,29.632969
"Forest_Tent_Caterpillar",-82.303183,29.607333
"Forest_Tent_Caterpillar",-97.389575,28.656014
"Forest_Tent_Caterpillar",-95.59572,29.377333
"Forest_Tent_Caterpillar",-82.650855,27.725122
"Forest_Tent_Caterpillar",-87.460394,31.700712
"Forest_Tent_Caterpillar",-82.339486,29.647197
"Forest_Tent_Caterpillar",-82.321369,29.692114
"Forest_Tent_Caterpillar",-82.778481,29.968097
"Forest_Tent_Caterpillar",-81.627139,30.303658
"Forest_Tent_Caterpillar",-82.246537,27.794588
"Forest_Tent_Caterpillar",-123.359975,48.48225
"Forest_Tent_Caterpillar",-81.954047,29.840767
"Forest_Tent_Caterpillar",-82.300728,29.674072
"Forest_Tent_Caterpillar",-82.300705,29.674067
"Forest_Tent_Caterpillar",-78.90348,35.993668
"Forest_Tent_Caterpillar",-82.713711,30.194339
"Forest_Tent_Caterpillar",-82.327355,29.619725
"Forest_Tent_Caterpillar",-82.320942,29.559064
"Forest_Tent_Caterpillar",-81.595535,29.495857
"Forest_Tent_Caterpillar",-82.299014,29.728925
"Forest_Tent_Caterpillar",-81.319528,28.838914
"Forest_Tent_Caterpillar",-82.630508,29.825737
"Forest_Tent_Caterpillar",-82.39347,29.764159
"Forest_Tent_Caterpillar",-81.097186,28.640402
"Forest_Tent_Caterpillar",-82.390048,29.662897
"Forest_Tent_Caterpillar",-84.223678,30.45796
"Forest_Tent_Caterpillar",-95.26497,30.210612
"Forest_Tent_Caterpillar",-82.406417,29.613144
"Forest_Tent_Caterpillar",-82.584206,29.912613
"Forest_Tent_Caterpillar",-82.300745,29.67407
"Forest_Tent_Caterpillar",-82.409402,29.71419
"Forest_Tent_Caterpillar",-91.988824,30.25687
"Forest_Tent_Caterpillar",-94.875,30.02011
"Forest_Tent_Caterpillar",-69.856981,46.878822
"Forest_Tent_Caterpillar",-82.266413,29.653367
"Forest_Tent_Caterpillar",-96.366653,30.089097
"Forest_Tent_Caterpillar",-82.047987,29.791032
"Forest_Tent_Caterpillar",-97.622267,30.454813
"Forest_Tent_Caterpillar",-82.360038,29.619228
"Forest_Tent_Caterpillar",-82.482867,28.656727
"Forest_Tent_Caterpillar",-82.437456,29.681015
"Forest_Tent_Caterpillar",-82.339837,29.644738
"Forest_Tent_Caterpillar",-98.331738,29.542365
"Forest_Tent_Caterpillar",-95.215249,32.177
"Forest_Tent_Caterpillar",-82.346895,29.672503
"Forest_Tent_Caterpillar",-77.77935,37.50139
"Forest_Tent_Caterpillar",-82.413142,28.06283
"Forest_Tent_Caterpillar",-82.410903,28.05912
"Forest_Tent_Caterpillar",-82.368545,29.637653
"Forest_Tent_Caterpillar",-82.409402,29.71419
"Forest_Tent_Caterpillar",-81.726883,46.112267
"Forest_Tent_Caterpillar",-82.322997,29.456238
"Forest_Tent_Caterpillar",-82.46118,29.047278
"Forest_Tent_Caterpillar",-82.399271,29.646839
"Forest_Tent_Caterpillar",-98.481758,29.460663
"Forest_Tent_Caterpillar",-82.235987,29.679888
"Forest_Tent_Caterpillar",-82.30075,29.674083
"Forest_Tent_Caterpillar",-82.410317,29.612238
"Forest_Tent_Caterpillar",-94.178844,30.869465
"Forest_Tent_Caterpillar",-82.345978,29.671683
"Forest_Tent_Caterpillar",-71.443839,43.7266
"Forest_Tent_Caterpillar",-91.104813,30.370524
"Forest_Tent_Caterpillar",-82.393187,29.715265
"Forest_Tent_Caterpillar",-82.438423,29.60564
"Forest_Tent_Caterpillar",-82.349176,29.633638
"Forest_Tent_Caterpillar",-82.36263,29.643427
"Forest_Tent_Caterpillar",-82.347492,29.672825
"Forest_Tent_Caterpillar",-91.272843,45.05366
"Forest_Tent_Caterpillar",-123.38678,48.484895
"Forest_Tent_Caterpillar",-82.25603,28.336322
"Forest_Tent_Caterpillar",-82.44948,29.603239
"Forest_Tent_Caterpillar",-82.215746,29.72515
"Forest_Tent_Caterpillar",-82.396925,29.638182
"Forest_Tent_Caterpillar",-82.629581,29.847314
"Forest_Tent_Caterpillar",-82.332869,29.691831
"Forest_Tent_Caterpillar",-82.050316,29.050751
"Forest_Tent_Caterpillar",-71.961106,44.589622
"Forest_Tent_Caterpillar",-82.297438,29.608558
"Forest_Tent_Caterpillar",-81.17296,28.87783
"Forest_Tent_Caterpillar",-95.288178,29.335492
"Forest_Tent_Caterpillar",-82.37179,29.628294
"Forest_Tent_Caterpillar",-82.315042,29.5351
"Forest_Tent_Caterpillar",-81.02777,34.001861
"Forest_Tent_Caterpillar",-82.394455,29.660903
"Forest_Tent_Caterpillar",-82.374927,29.693248
"Forest_Tent_Caterpillar",-81.232292,28.64768
"Forest_Tent_Caterpillar",-95.289947,29.33805
"Forest_Tent_Caterpillar",-69.949464,47.365211
"Forest_Tent_Caterpillar",-82.253273,29.672389
"Forest_Tent_Caterpillar",-82.76516,27.928604
"Forest_Tent_Caterpillar",-82.771553,27.909494
"Forest_Tent_Caterpillar",-82.771703,27.910367
"Forest_Tent_Caterpillar",-95.104373,30.102292
"Forest_Tent_Caterpillar",-82.772094,27.910797
"Forest_Tent_Caterpillar",-82.291849,29.549323
"Forest_Tent_Caterpillar",-75.923456,45.538775
"Forest_Tent_Caterpillar",-96.54292,28.957415
"Forest_Tent_Caterpillar",-95.367887,44.689214
"Forest_Tent_Caterpillar",-79.887118,45.296452
"Forest_Tent_Caterpillar",-97.648476,30.30217
"Forest_Tent_Caterpillar",-95.287675,29.335525
"Forest_Tent_Caterpillar",-81.172935,28.877951
"Forest_Tent_Caterpillar",-96.759064,32.774644
"Forest_Tent_Caterpillar",-97.700692,30.242287
"Forest_Tent_Caterpillar",-95.2865,29.339205
"Forest_Tent_Caterpillar",-82.515115,29.634728
"Forest_Tent_Caterpillar",-98.471489,29.46225
"Forest_Tent_Caterpillar",-82.231605,28.215839
"Forest_Tent_Caterpillar",-82.308625,29.621595
"Forest_Tent_Caterpillar",-95.287362,29.337192
"Forest_Tent_Caterpillar",-82.414689,29.718014
"Forest_Tent_Caterpillar",-82.476233,29.407278
"Forest_Tent_Caterpillar",-95.104376,30.102378
"Forest_Tent_Caterpillar",-82.407033,29.613096
"Forest_Tent_Caterpillar",-69.394478,48.335437
"Forest_Tent_Caterpillar",-82.771703,27.910367
"Forest_Tent_Caterpillar",-97.469469,30.119464
"Forest_Tent_Caterpillar",-84.834932,45.895365
"Forest_Tent_Caterpillar",-112.02279,54.79884
"Forest_Tent_Caterpillar",-97.700845,30.2417
"Forest_Tent_Caterpillar",-87.306932,45.480597
"Forest_Tent_Caterpillar",-87.060157,45.746685
"Forest_Tent_Caterpillar",-122.571097,37.979192
"Forest_Tent_Caterpillar",-94.275054,31.058307
"Forest_Tent_Caterpillar",-79.992317,43.494382
"Forest_Tent_Caterpillar",-97.10678,31.53442
"Forest_Tent_Caterpillar",-75.709,38.465908
"Forest_Tent_Caterpillar",-75.7852,39.6625
"Forest_Tent_Caterpillar",-88.515633,47.090845
"Forest_Tent_Caterpillar",-73.563418,45.560319
"Forest_Tent_Caterpillar",-74.276544,40.925373
"Forest_Tent_Caterpillar",-95.628707,29.374288
"Forest_Tent_Caterpillar",-123.1389,49.7036
"Forest_Tent_Caterpillar",-79.355067,43.032383
"Forest_Tent_Caterpillar",-77.314242,44.479332
"Forest_Tent_Caterpillar",-95.595665,29.575726
"Forest_Tent_Caterpillar",-98.697505,31.104852
"Forest_Tent_Caterpillar",-95.237672,29.78428
"Forest_Tent_Caterpillar",-96.078103,30.405945
"Forest_Tent_Caterpillar",-95.647724,29.81862
"Forest_Tent_Caterpillar",-69.566397,44.336574
"Forest_Tent_Caterpillar",-77.7983,37.57299
"Forest_Tent_Caterpillar",-83.912832,43.282607
"Forest_Tent_Caterpillar",-68.85313,47.70486
"Forest_Tent_Caterpillar",-70.682443,41.859059
"Forest_Tent_Caterpillar",-113.788677,53.413413
"Forest_Tent_Caterpillar",-92.551385,36.771243
"Forest_Tent_Caterpillar",-84.210536,44.231191
"Forest_Tent_Caterpillar",-77.312788,44.479814
"Forest_Tent_Caterpillar",-82.935753,29.58842
"Forest_Tent_Caterpillar",-77.312421,44.479873
"Forest_Tent_Caterpillar",-89.971039,43.341797
"Forest_Tent_Caterpillar",-77.312807,44.477115
"Forest_Tent_Caterpillar",-87.355462,46.492008
"Forest_Tent_Caterpillar",-77.312195,44.479787
"Forest_Tent_Caterpillar",-73.350726,40.698517
"Forest_Tent_Caterpillar",-96.752657,32.732568
"Forest_Tent_Caterpillar",-89.735149,43.573346
"Forest_Tent_Caterpillar",-76.984505,37.51228
"Forest_Tent_Caterpillar",-72.409388,41.034201
"Forest_Tent_Caterpillar",-73.568071,45.59367
"Forest_Tent_Caterpillar",-122.999583,50.094958
"Forest_Tent_Caterpillar",-122.999583,50.094958
"Forest_Tent_Caterpillar",-80.58909,42.665818
"Forest_Tent_Caterpillar",-98.609874,30.236054
"Forest_Tent_Caterpillar",-122.999583,50.094958
"Forest_Tent_Caterpillar",-75.034496,39.903674
"Forest_Tent_Caterpillar",-92.357529,48.738312
"Forest_Tent_Caterpillar",-80.589087,42.665834
"Forest_Tent_Caterpillar",-70.600606,41.406552
"Forest_Tent_Caterpillar",-88.20182,47.406087
"Forest_Tent_Caterpillar",-68.285737,48.587234
"Forest_Tent_Caterpillar",-69.965095,43.939149
"Forest_Tent_Caterpillar",-74.062027,45.773987
"Forest_Tent_Caterpillar",-78.347798,38.540478
"Forest_Tent_Caterpillar",-91.987297,30.258976
"Forest_Tent_Caterpillar",-72.779848,44.192639
"Forest_Tent_Caterpillar",-97.953067,30.328516
"Forest_Tent_Caterpillar",-85.1408,30.7918
"Forest_Tent_Caterpillar",-85.1408,30.7918
"Forest_Tent_Caterpillar",-91.721704,47.301301
"Forest_Tent_Caterpillar",-84.768311,43.929173
"Forest_Tent_Caterpillar",-90.722121,43.421051
"Forest_Tent_Caterpillar",-89.810409,43.431094
"Forest_Tent_Caterpillar",-75.249627,45.38835
"Forest_Tent_Caterpillar",-93.648771,48.816366
"Forest_Tent_Caterpillar",-80.525469,37.251544
"Forest_Tent_Caterpillar",-75.249541,45.38838
"Forest_Tent_Caterpillar",-93.139336,35.295963
"Forest_Tent_Caterpillar",-94.765879,30.098307
"Forest_Tent_Caterpillar",-78.3848,39.482082
"Forest_Tent_Caterpillar",-97.16567,30.229855
"Forest_Tent_Caterpillar",-79.090903,44.656827
"Forest_Tent_Caterpillar",-78.384772,39.48209
"Forest_Tent_Caterpillar",-78.3848,39.482082
"Forest_Tent_Caterpillar",-96.163938,33.595829
"Forest_Tent_Caterpillar",-76.356479,42.308254
"Forest_Tent_Caterpillar",-76.33551,42.425473
"Forest_Tent_Caterpillar",-90.465483,48.890811
"Forest_Tent_Caterpillar",-82.532563,28.377312
"Forest_Tent_Caterpillar",-75.744169,45.329163
"Forest_Tent_Caterpillar",-71.878484,45.386639
"Forest_Tent_Caterpillar",-95.629614,29.371037
"Forest_Tent_Caterpillar",-82.473944,35.531384
"Forest_Tent_Caterpillar",-84.476938,42.730636
"Forest_Tent_Caterpillar",-84.476938,42.730636
"Forest_Tent_Caterpillar",-84.472946,42.715597
"Forest_Tent_Caterpillar",-84.476938,42.730636
"Forest_Tent_Caterpillar",-123.341738,43.216505
"Forest_Tent_Caterpillar",-84.476938,42.730636
"Forest_Tent_Caterpillar",-122.743991,45.905515
"Forest_Tent_Caterpillar",-84.476938,42.730636
"Forest_Tent_Caterpillar",-84.476938,42.730636
"Forest_Tent_Caterpillar",-89.783773,30.773067
"Forest_Tent_Caterpillar",-72.689683,42.592892
"Forest_Tent_Caterpillar",-77.553068,38.710379
"Forest_Tent_Caterpillar",-79.433757,47.32447
"Forest_Tent_Caterpillar",-79.460021,47.352893
"Forest_Tent_Caterpillar",-79.433722,47.324362
"Forest_Tent_Caterpillar",-71.234692,43.892885
"Forest_Tent_Caterpillar",-82.409255,29.61252
"Forest_Tent_Caterpillar",-110.426,59.107
"Forest_Tent_Caterpillar",-82.441142,29.606111
"Forest_Tent_Caterpillar",-82.441023,29.605932
"Forest_Tent_Caterpillar",-82.47456,29.774158
"Forest_Tent_Caterpillar",-68.012613,48.667485
"Forest_Tent_Caterpillar",-79.433722,47.324362
"Forest_Tent_Caterpillar",-79.427282,47.332614
"Forest_Tent_Caterpillar",-79.007822,48.380714
"Forest_Tent_Caterpillar",-79.433757,47.32447
"Forest_Tent_Caterpillar",-79.460021,47.352893
"Forest_Tent_Caterpillar",-79.460021,47.352893
"Forest_Tent_Caterpillar",-101.986826,32.01465
"Forest_Tent_Caterpillar",-68.202368,48.59576
"Forest_Tent_Caterpillar",-78.849762,48.849547
"Forest_Tent_Caterpillar",-79.460021,47.352893
"Forest_Tent_Caterpillar",-79.433722,47.324362
"Forest_Tent_Caterpillar",-89.721413,30.263418
"Forest_Tent_Caterpillar",-82.441221,29.605832
"Forest_Tent_Caterpillar",-70.81266,44.420426
"Forest_Tent_Caterpillar",-82.440934,29.605982
"Forest_Tent_Caterpillar",-96.994121,28.147568
"Forest_Tent_Caterpillar",-82.474445,29.773871
"Forest_Tent_Caterpillar",-76.708467,37.27107
"Forest_Tent_Caterpillar",-77.772986,37.566678
"Forest_Tent_Caterpillar",-76.5236,36.638465
"Forest_Tent_Caterpillar",-97.364412,32.734103
"Forest_Tent_Caterpillar",-124.100621,40.946481
"Forest_Tent_Caterpillar",-90.995311,30.335276
"Forest_Tent_Caterpillar",-109.548262,49.681906
"Forest_Tent_Caterpillar",-110.426,59.107
"Forest_Tent_Caterpillar",-84.315677,46.529144
"Forest_Tent_Caterpillar",-81.634544,31.798159
"Forest_Tent_Caterpillar",-79.081222,41.405929
"Forest_Tent_Caterpillar",-78.16845,44.25897
"Forest_Tent_Caterpillar",-71.390075,41.81715
"Forest_Tent_Caterpillar",-78.16845,44.25897
"Forest_Tent_Caterpillar",-73.584038,41.254638
"Forest_Tent_Caterpillar",-79.009043,48.38137
"Forest_Tent_Caterpillar",-78.16845,44.25897
"Forest_Tent_Caterpillar",-76.512409,44.750034
"Forest_Tent_Caterpillar",-79.433722,47.324362
"Forest_Tent_Caterpillar",-82.751255,29.982592
"Forest_Tent_Caterpillar",-76.34627,39.360936
"Forest_Tent_Caterpillar",-80.237326,35.339184
"Forest_Tent_Caterpillar",-84.002268,30.163433
"Forest_Tent_Caterpillar",-124.091357,40.877863
"Forest_Tent_Caterpillar",-123.191754,39.76496
"Forest_Tent_Caterpillar",-94.630085,29.677591
"Forest_Tent_Caterpillar",-79.974193,47.654026
"Forest_Tent_Caterpillar",-81.678632,32.076497
"Forest_Tent_Caterpillar",-84.4313,44.55636
"Forest_Tent_Caterpillar",-85.930694,30.72045
"Forest_Tent_Caterpillar",-71.390337,41.817172
"Forest_Tent_Caterpillar",-78.16845,44.25897
"Forest_Tent_Caterpillar",-97.161414,49.903911
"Forest_Tent_Caterpillar",-78.16845,44.25897
"Forest_Tent_Caterpillar",-79.009014,48.381347
"Forest_Tent_Caterpillar",-75.434473,43.840112
"Forest_Tent_Caterpillar",-68.264993,44.377587
"Forest_Tent_Caterpillar",-78.16845,44.25897
"Forest_Tent_Caterpillar",-84.152953,30.383675
"Forest_Tent_Caterpillar",-86.262133,32.641961
"Forest_Tent_Caterpillar",-97.214433,45.745658
"Forest_Tent_Caterpillar",-78.517982,45.589802
"Forest_Tent_Caterpillar",-79.433722,47.324362
"Forest_Tent_Caterpillar",-79.461781,47.353813
"Forest_Tent_Caterpillar",-81.359702,28.762123
"Forest_Tent_Caterpillar",-95.937361,29.262833
"Forest_Tent_Caterpillar",-78.517982,45.589802
"Forest_Tent_Caterpillar",-97.715107,30.327069
"Forest_Tent_Caterpillar",-83.306732,34.813768
"Forest_Tent_Caterpillar",-79.433722,47.324362
"Forest_Tent_Caterpillar",-68.635023,44.872244
"Forest_Tent_Caterpillar",-77.43631,39.59199
"Forest_Tent_Caterpillar",-73.667269,43.895441
"Forest_Tent_Caterpillar",-114.670273,49.627485
"Forest_Tent_Caterpillar",-91.160007,43.821278
"Forest_Tent_Caterpillar",-68.202368,48.59576
"Forest_Tent_Caterpillar",-68.202368,48.59576
"Forest_Tent_Caterpillar",-75.356009,41.881196
"Forest_Tent_Caterpillar",-73.624598,45.535343
"Forest_Tent_Caterpillar",-69.541328,46.011094
"Forest_Tent_Caterpillar",-69.485316,44.912042
"Forest_Tent_Caterpillar",-74.866266,45.497739
"Forest_Tent_Caterpillar",-94.304166,35.968274
"Forest_Tent_Caterpillar",-72.461348,44.340847
"Forest_Tent_Caterpillar",-69.715762,48.141231
"Forest_Tent_Caterpillar",-90.620465,44.2124
"Forest_Tent_Caterpillar",-71.454552,46.736028
"Forest_Tent_Caterpillar",-70.36065,47.691017
"Forest_Tent_Caterpillar",-70.360567,47.690519
"Forest_Tent_Caterpillar",-79.440667,44.559047
"Forest_Tent_Caterpillar",-87.116268,48.77142
"Forest_Tent_Caterpillar",-82.367471,29.434977
"Forest_Tent_Caterpillar",-84.854431,30.536726
"Forest_Tent_Caterpillar",-68.202368,48.59576
"Forest_Tent_Caterpillar",-95.198247,29.542347
"Forest_Tent_Caterpillar",-68.202368,48.59576
"Forest_Tent_Caterpillar",-76.716671,37.272697
"Forest_Tent_Caterpillar",-68.202368,48.59576
"Forest_Tent_Caterpillar",-68.202368,48.59576
"Forest_Tent_Caterpillar",-114.018998,51.268171
"Forest_Tent_Caterpillar",-68.012613,48.667485
"Forest_Tent_Caterpillar",-95.768683,29.742672
"Forest_Tent_Caterpillar",-96.448289,28.800988
"Forest_Tent_Caterpillar",-89.872745,43.257496
"Forest_Tent_Caterpillar",-122.946608,48.69152
"Forest_Tent_Caterpillar",-86.457878,33.99104
"Forest_Tent_Caterpillar",-117.120019,49.604857
"Forest_Tent_Caterpillar",-123.19983,49.267246
"Forest_Tent_Caterpillar",-123.136254,49.766785
"Forest_Tent_Caterpillar",-112.874901,49.654084
"Forest_Tent_Caterpillar",-123.19755,49.232757
"Forest_Tent_Caterpillar",-117.120019,49.604857
"Forest_Tent_Caterpillar",-70.601693,47.337883
"Forest_Tent_Caterpillar",-124.094231,40.859894
"Forest_Tent_Caterpillar",-123.37363,48.464516
"Forest_Tent_Caterpillar",-113.983223,48.546458
"Forest_Tent_Caterpillar",-122.785721,49.290769
"Forest_Tent_Caterpillar",-122.607503,49.091012
"Forest_Tent_Caterpillar",-79.008344,34.142005
"Forest_Tent_Caterpillar",-122.607618,49.091227
"Forest_Tent_Caterpillar",-114.256287,49.394072
"Forest_Tent_Caterpillar",-122.946792,48.691642
"Forest_Tent_Caterpillar",-113.38533,53.593151
"Forest_Tent_Caterpillar",-123.39616,48.472575
"Forest_Tent_Caterpillar",-91.074071,32.492046
"Forest_Tent_Caterpillar",-72.323832,41.375439
"Forest_Tent_Caterpillar",-71.277756,46.779636
"Forest_Tent_Caterpillar",-78.294306,37.510657
"Forest_Tent_Caterpillar",-84.743564,45.697873
"Forest_Tent_Caterpillar",-83.810441,34.868341
"Forest_Tent_Caterpillar",-82.323151,29.64231
"Forest_Tent_Caterpillar",-66.643115,45.963555
"Forest_Tent_Caterpillar",-120.114939,38.951246
"Forest_Tent_Caterpillar",-75.454899,41.108108
"Forest_Tent_Caterpillar",-79.415213,40.852792
"Forest_Tent_Caterpillar",-79.415237,40.852762
"Forest_Tent_Caterpillar",-79.415237,40.852745
"Forest_Tent_Caterpillar",-80.272999,33.010466
"Forest_Tent_Caterpillar",-114.411278,49.316836
"Forest_Tent_Caterpillar",-96.54235,28.95786
"Forest_Tent_Caterpillar",-93.186816,44.983745
"Forest_Tent_Caterpillar",-76.296784,44.599532
"Forest_Tent_Caterpillar",-79.003555,48.385638
"Forest_Tent_Caterpillar",-79.004447,48.384688
"Forest_Tent_Caterpillar",-97.271873,35.190338
"Forest_Tent_Caterpillar",-122.411194,51.97559
"Forest_Tent_Caterpillar",-79.451727,47.304183
"Forest_Tent_Caterpillar",-79.451727,47.304183
"Forest_Tent_Caterpillar",-122.411758,51.975735
"Forest_Tent_Caterpillar",-123.398668,48.469913
"Forest_Tent_Caterpillar",-79.415245,40.852772
"Forest_Tent_Caterpillar",-68.600873,47.248774
"Forest_Tent_Caterpillar",-77.946638,40.796978
"Forest_Tent_Caterpillar",-68.600888,47.248782
"Forest_Tent_Caterpillar",-75.613466,40.973293
"Forest_Tent_Caterpillar",-83.8202,35.10655
"Forest_Tent_Caterpillar",-119.049576,49.044823
"Forest_Tent_Caterpillar",-72.756229,44.337834
"Forest_Tent_Caterpillar",-72.945127,44.525884
"Forest_Tent_Caterpillar",-72.130218,44.95409
"Forest_Tent_Caterpillar",-97.370613,33.794288
"Forest_Tent_Caterpillar",-97.894817,30.591839
"Forest_Tent_Caterpillar",-122.487697,48.730968
"Forest_Tent_Caterpillar",-113.40405,53.469359
"Forest_Tent_Caterpillar",-79.460021,47.352893
"Forest_Tent_Caterpillar",-79.460021,47.352893
"Forest_Tent_Caterpillar",-95.085489,30.341306
"Forest_Tent_Caterpillar",-122.107268,47.65399
"Forest_Tent_Caterpillar",-79.460021,47.352893
"Forest_Tent_Caterpillar",-73.152879,44.265872
"Forest_Tent_Caterpillar",-98.294564,49.980125
"Forest_Tent_Caterpillar",-66.053422,48.149407
"Forest_Tent_Caterpillar",-73.094304,44.393774
"Forest_Tent_Caterpillar",-79.76735,32.646792
"Forest_Tent_Caterpillar",-70.948908,48.456899
"Forest_Tent_Caterpillar",-68.012613,48.667485
"Forest_Tent_Caterpillar",-79.323306,47.506433
"Forest_Tent_Caterpillar",-79.449346,47.308695
"Forest_Tent_Caterpillar",-96.525027,28.948311
"Forest_Tent_Caterpillar",-96.557758,28.896633
"Forest_Tent_Caterpillar",-79.460021,47.352893
"Forest_Tent_Caterpillar",-96.535537,28.999527
"Forest_Tent_Caterpillar",-71.382556,41.878704
"Forest_Tent_Caterpillar",-79.433757,47.32447
"Forest_Tent_Caterpillar",-123.19324,49.193739
"Forest_Tent_Caterpillar",-76.357184,36.504207
"Forest_Tent_Caterpillar",-73.036828,44.32413
"Forest_Tent_Caterpillar",-96.467561,28.940536
"Forest_Tent_Caterpillar",-79.323306,47.506433
"Forest_Tent_Caterpillar",-123.30031,48.441535
"Forest_Tent_Caterpillar",-79.449346,47.308695
"Forest_Tent_Caterpillar",-93.371535,46.511808
"Forest_Tent_Caterpillar",-73.036828,44.32413
"Forest_Tent_Caterpillar",-69.777611,44.05645
"Forest_Tent_Caterpillar",-68.012613,48.667485
"Forest_Tent_Caterpillar",-88.709147,48.08734
"Forest_Tent_Caterpillar",-79.433757,47.32447
"Forest_Tent_Caterpillar",-82.322195,29.619153
"Forest_Tent_Caterpillar",-96.543234,28.967325
"Forest_Tent_Caterpillar",-89.961184,30.030602
"Forest_Tent_Caterpillar",-96.569103,28.929749
"Forest_Tent_Caterpillar",-79.460021,47.352893
"Forest_Tent_Caterpillar",-79.460021,47.352893
"Forest_Tent_Caterpillar",-79.460021,47.352893
"Forest_Tent_Caterpillar",-79.450155,47.306157
"Forest_Tent_Caterpillar",-79.460021,47.352893
"Forest_Tent_Caterpillar",-79.460021,47.352893
"Forest_Tent_Caterpillar",-75.805497,41.882325
"Forest_Tent_Caterpillar",-73.044486,44.620461
"Forest_Tent_Caterpillar",-75.545823,44.723779
"Forest_Tent_Caterpillar",-79.427282,47.332614
"Forest_Tent_Caterpillar",-93.102713,44.344476
"Forest_Tent_Caterpillar",-93.102713,44.344476
"Forest_Tent_Caterpillar",-93.102713,44.344476
"Forest_Tent_Caterpillar",-93.102713,44.344476
"Forest_Tent_Caterpillar",-81.288086,48.540385
"Forest_Tent_Caterpillar",-98.294189,49.979981
"Forest_Tent_Caterpillar",-98.324075,49.976306
"Forest_Tent_Caterpillar",-80.824538,33.829167
"Forest_Tent_Caterpillar",-78.849843,48.849565
"Forest_Tent_Caterpillar",-71.963889,42.240973
"Forest_Tent_Caterpillar",-79.429299,47.298059
"Forest_Tent_Caterpillar",-85.959635,31.794452
"Forest_Tent_Caterpillar",-70.039961,47.366815
"Forest_Tent_Caterpillar",-77.099731,44.566284
"Forest_Tent_Caterpillar",-95.449545,29.762751
"Forest_Tent_Caterpillar",-91.197707,47.381934
"Forest_Tent_Caterpillar",-76.669463,37.335958
"Forest_Tent_Caterpillar",-71.076289,42.617484
"Forest_Tent_Caterpillar",-123.303041,39.419225
"Forest_Tent_Caterpillar",-71.11389,42.212679
"Forest_Tent_Caterpillar",-73.058549,42.659543
"Forest_Tent_Caterpillar",-73.058549,42.659543
"Forest_Tent_Caterpillar",-113.311379,46.29851
"Forest_Tent_Caterpillar",-123.994041,40.870364
"Forest_Tent_Caterpillar",-70.682443,41.859059
"Forest_Tent_Caterpillar",-77.021775,44.939758
"Forest_Tent_Caterpillar",-96.752014,32.730991
"Forest_Tent_Caterpillar",-86.3468,52.661604
"Forest_Tent_Caterpillar",-80.214893,43.540938
"Forest_Tent_Caterpillar",-71.076289,42.617484
"Forest_Tent_Caterpillar",-70.546612,41.670237
"Forest_Tent_Caterpillar",-124.083185,40.881471
"Forest_Tent_Caterpillar",-77.835606,48.1232
"Forest_Tent_Caterpillar",-70.682443,41.859059
"Forest_Tent_Caterpillar",-73.058549,42.659543
"Forest_Tent_Caterpillar",-93.837957,46.434082
"Forest_Tent_Caterpillar",-91.693889,49.414722
"Forest_Tent_Caterpillar",-71.26992,42.055893
"Forest_Tent_Caterpillar",-70.682443,41.859059
"Forest_Tent_Caterpillar",-73.058549,42.659543
"Forest_Tent_Caterpillar",-124.134262,40.689912
"Forest_Tent_Caterpillar",-72.218596,42.568956
"Forest_Tent_Caterpillar",-124.092232,40.872925
"Forest_Tent_Caterpillar",-80.039224,44.727486
"Forest_Tent_Caterpillar",-76.097005,44.902545
"Forest_Tent_Caterpillar",-80.175648,33.018504
"Forest_Tent_Caterpillar",-76.460258,42.42074
"Forest_Tent_Caterpillar",-81.956637,29.642279
"Forest_Tent_Caterpillar",-73.058549,42.659543
"Forest_Tent_Caterpillar",-68.202368,48.59576
"Forest_Tent_Caterpillar",-88.054023,46.52049
"Forest_Tent_Caterpillar",-73.058549,42.659543
"Forest_Tent_Caterpillar",-71.454552,46.736028
"Forest_Tent_Caterpillar",-72.748757,44.363652
"Forest_Tent_Caterpillar",-93.309276,36.58345
"Forest_Tent_Caterpillar",-71.234692,43.892885
"Forest_Tent_Caterpillar",-79.276397,45.400783
"Forest_Tent_Caterpillar",-73.058549,42.659543
"Forest_Tent_Caterpillar",-78.836437,33.935424
"Forest_Tent_Caterpillar",-91.244609,47.385738
"Forest_Tent_Caterpillar",-95.028957,29.945224
"Forest_Tent_Caterpillar",-80.824668,33.829097
"Forest_Tent_Caterpillar",-71.119294,42.436663
"Forest_Tent_Caterpillar",-85.620632,44.763057
"Forest_Tent_Caterpillar",-74.367133,42.067122
"Forest_Tent_Caterpillar",-77.929205,34.549203
"Forest_Tent_Caterpillar",-97.661187,30.138792
"Forest_Tent_Caterpillar",-91.1076,30.369633
"Forest_Tent_Caterpillar",-73.634613,42.11902
"Forest_Tent_Caterpillar",-71.077061,42.617277
"Forest_Tent_Caterpillar",-111.530328,40.649525
"Forest_Tent_Caterpillar",-82.164319,45.741455
"Forest_Tent_Caterpillar",-82.164319,45.741455
"Forest_Tent_Caterpillar",-73.058549,42.659543
"Forest_Tent_Caterpillar",-76.595217,42.489802
"Forest_Tent_Caterpillar",-70.682443,41.859059
"Forest_Tent_Caterpillar",-97.829619,30.173151
"Forest_Tent_Caterpillar",-80.77272,32.800183
"Forest_Tent_Caterpillar",-80.820271,32.578539
"Forest_Tent_Caterpillar",-71.26992,42.055893
"Forest_Tent_Caterpillar",-122.473094,48.772185
"Forest_Tent_Caterpillar",-115.197482,44.560083
"Forest_Tent_Caterpillar",-81.045044,33.983995
"Forest_Tent_Caterpillar",-71.119294,42.436663
"Forest_Tent_Caterpillar",-78.517752,45.589779
"Forest_Tent_Caterpillar",-73.058549,42.659543
"Forest_Tent_Caterpillar",-73.166585,44.956021
"Forest_Tent_Caterpillar",-74.58524,45.667727
"Forest_Tent_Caterpillar",-88.429747,50.285928
"Forest_Tent_Caterpillar",-77.80273,37.57293
"Forest_Tent_Caterpillar",-95.647683,29.818542
"Forest_Tent_Caterpillar",-76.79934,42.54261
"Forest_Tent_Caterpillar",-80.153246,43.388423
"Forest_Tent_Caterpillar",-71.640307,46.871313
"Forest_Tent_Caterpillar",-64.996916,44.962964
"Forest_Tent_Caterpillar",-76.46619,42.50426
"Forest_Tent_Caterpillar",-81.860078,29.173867
"Forest_Tent_Caterpillar",-73.056336,42.658188
"Forest_Tent_Caterpillar",-89.541868,48.020367
"Forest_Tent_Caterpillar",-71.270903,45.95337
"Forest_Tent_Caterpillar",-76.161418,42.036323
"Forest_Tent_Caterpillar",-90.63854,30.38403
"Forest_Tent_Caterpillar",-64.881296,44.37669
"Forest_Tent_Caterpillar",-96.91965,32.635487
"Forest_Tent_Caterpillar",-91.12593,30.44776
"Forest_Tent_Caterpillar",-95.647191,46.341267
"Forest_Tent_Caterpillar",-124.090837,40.858278
"Forest_Tent_Caterpillar",-76.121692,36.902118
"Forest_Tent_Caterpillar",-72.06207,42.1437
"Forest_Tent_Caterpillar",-76.35188,42.51195
"Forest_Tent_Caterpillar",-76.085775,42.776311
"Forest_Tent_Caterpillar",-79.405266,39.135892
"Forest_Tent_Caterpillar",-73.626929,45.535032
"Forest_Tent_Caterpillar",-122.430167,48.669778
"Forest_Tent_Caterpillar",-63.5914,44.636547
"Forest_Tent_Caterpillar",-96.001385,36.368425
"Forest_Tent_Caterpillar",-76.229271,36.91808
"Forest_Tent_Caterpillar",-114.041896,51.047231
"Forest_Tent_Caterpillar",-108.514256,45.789975
"Forest_Tent_Caterpillar",-72.146689,49.043266
"Forest_Tent_Caterpillar",-79.863089,44.745047
"Forest_Tent_Caterpillar",-66.1562,45.921666
"Forest_Tent_Caterpillar",-68.769508,48.363412
"Forest_Tent_Caterpillar",-71.640425,46.871188
"Forest_Tent_Caterpillar",-81.671556,36.209419
"Forest_Tent_Caterpillar",-76.237275,39.481994
"Forest_Tent_Caterpillar",-66.889378,47.42439
"Forest_Tent_Caterpillar",-78.517705,45.590418
"Forest_Tent_Caterpillar",-96.33366,30.11491
"Forest_Tent_Caterpillar",-79.970563,43.631693
"Forest_Tent_Caterpillar",-80.203786,45.352685
"Forest_Tent_Caterpillar",-78.640908,45.54977
"Forest_Tent_Caterpillar",-82.231185,33.461726
"Forest_Tent_Caterpillar",-84.477429,46.628244
"Forest_Tent_Caterpillar",-78.640807,45.54989
"Forest_Tent_Caterpillar",-110.753914,43.472447
"Forest_Tent_Caterpillar",-78.590267,45.560538
"Forest_Tent_Caterpillar",-78.409462,45.357013
"Forest_Tent_Caterpillar",-62.699644,46.310613
"Forest_Tent_Caterpillar",-78.517752,45.589779
"Forest_Tent_Caterpillar",-62.699703,46.310571
"Forest_Tent_Caterpillar",-88.685793,48.10976
"Forest_Tent_Caterpillar",-78.517686,45.590411
"Forest_Tent_Caterpillar",-81.494444,33.5525
"Forest_Tent_Caterpillar",-79.3815,45.406824
"Forest_Tent_Caterpillar",-79.968579,44.224889
"Forest_Tent_Caterpillar",-79.009097,48.381358
"Forest_Tent_Caterpillar",-79.008955,48.381377
"Forest_Tent_Caterpillar",-79.077377,33.556412
"Forest_Tent_Caterpillar",-91.24393,47.385613
"Forest_Tent_Caterpillar",-79.008955,48.381377
"Forest_Tent_Caterpillar",-79.008955,48.381377
"Forest_Tent_Caterpillar",-79.008955,48.381377
"Forest_Tent_Caterpillar",-79.008955,48.381377
"Forest_Tent_Caterpillar",-91.197733,47.381968
"Forest_Tent_Caterpillar",-76.23825,44.78043
"Forest_Tent_Caterpillar",-74.349645,42.235123
"Forest_Tent_Caterpillar",-74.349645,42.235123
"Forest_Tent_Caterpillar",-70.869253,44.049262
"Forest_Tent_Caterpillar",-76.758202,42.443508
"Forest_Tent_Caterpillar",-76.23825,44.78043
"Forest_Tent_Caterpillar",-89.629447,46.003975
"Forest_Tent_Caterpillar",-78.311928,44.358051
"Forest_Tent_Caterpillar",-123.300964,48.443034
"Forest_Tent_Caterpillar",-90.780021,43.585167
"Forest_Tent_Caterpillar",-72.532792,43.373908
"Forest_Tent_Caterpillar",-88.410183,46.730244
"Forest_Tent_Caterpillar",-89.51397,46.010289
"Forest_Tent_Caterpillar",-123.300263,48.441503
"Forest_Tent_Caterpillar",-72.593338,43.964813
"Forest_Tent_Caterpillar",-60.050656,46.039806
"Forest_Tent_Caterpillar",-123.547268,48.320558
"Forest_Tent_Caterpillar",-60.434052,45.978656
"Forest_Tent_Caterpillar",-77.835603,48.123213
"Forest_Tent_Caterpillar",-77.835604,48.123209
"Forest_Tent_Caterpillar",-60.050656,46.039806
"Forest_Tent_Caterpillar",-79.311328,42.347919
"Forest_Tent_Caterpillar",-60.434087,45.97866
"Forest_Tent_Caterpillar",-91.244644,47.385632
"Forest_Tent_Caterpillar",-62.730675,46.210933
"Forest_Tent_Caterpillar",-123.30031,48.441535
"Forest_Tent_Caterpillar",-76.37298,42.390891
"Forest_Tent_Caterpillar",-84.040536,46.497472
"Forest_Tent_Caterpillar",-91.243883,47.385508
"Forest_Tent_Caterpillar",-114.603885,51.536876
"Forest_Tent_Caterpillar",-76.291044,42.552016
"Forest_Tent_Caterpillar",-60.43408,45.97868
"Forest_Tent_Caterpillar",-79.00307,48.36123
"Forest_Tent_Caterpillar",-60.050656,46.039803
"Forest_Tent_Caterpillar",-76.12016,36.901754
"Forest_Tent_Caterpillar",-78.975843,48.357711
"Forest_Tent_Caterpillar",-79.00349,48.36066
"Forest_Tent_Caterpillar",-80.913986,35.156385
"Forest_Tent_Caterpillar",-78.975694,48.358122
"Forest_Tent_Caterpillar",-70.378697,45.111061
"Forest_Tent_Caterpillar",-63.378674,46.491261
"Forest_Tent_Caterpillar",-63.768062,46.410712
"Forest_Tent_Caterpillar",-72.461348,44.340847
"Forest_Tent_Caterpillar",-81.867708,27.988756
"Forest_Tent_Caterpillar",-87.378728,46.48559
"Forest_Tent_Caterpillar",-78.975843,48.357711
"Forest_Tent_Caterpillar",-77.443772,46.002953
"Forest_Tent_Caterpillar",-122.726271,49.035637
"Forest_Tent_Caterpillar",-89.265372,48.418398
"Forest_Tent_Caterpillar",-84.957478,46.770815
"Forest_Tent_Caterpillar",-72.461334,44.340821
"Forest_Tent_Caterpillar",-86.363301,48.761425
"Forest_Tent_Caterpillar",-84.6712,45.5601
"Forest_Tent_Caterpillar",-123.880054,46.138239
"Forest_Tent_Caterpillar",-79.00214,48.36105
"Forest_Tent_Caterpillar",-72.461334,44.340821
"Forest_Tent_Caterpillar",-80.817803,33.821758
"Forest_Tent_Caterpillar",-123.722355,49.43917
"Forest_Tent_Caterpillar",-75.53392,45.009577
"Forest_Tent_Caterpillar",-83.85604,46.933849
"Forest_Tent_Caterpillar",-73.044486,44.620461
"Forest_Tent_Caterpillar",-115.237308,49.250383
"Forest_Tent_Caterpillar",-80.792112,43.465462
"Forest_Tent_Caterpillar",-79.00214,48.36105
"Forest_Tent_Caterpillar",-78.40271,45.582454
"Forest_Tent_Caterpillar",-84.408527,46.696337
"Forest_Tent_Caterpillar",-80.244452,43.694465
"Forest_Tent_Caterpillar",-76.253936,42.210538
"Forest_Tent_Caterpillar",-84.28528,46.502787
"Forest_Tent_Caterpillar",-84.69892,49.45773
"Forest_Tent_Caterpillar",-79.136909,43.002328
"Forest_Tent_Caterpillar",-74.001012,45.760171
"Forest_Tent_Caterpillar",-62.699705,46.310882
"Forest_Tent_Caterpillar",-87.432465,46.545278
"Forest_Tent_Caterpillar",-74.069122,45.747371
"Forest_Tent_Caterpillar",-82.45544,29.711639
"Forest_Tent_Caterpillar",-77.443772,46.002983
"Forest_Tent_Caterpillar",-91.245232,47.386778
"Forest_Tent_Caterpillar",-76.595641,42.490269
"Forest_Tent_Caterpillar",-84.61283,47.332633
"Forest_Tent_Caterpillar",-77.444013,46.003222
"Forest_Tent_Caterpillar",-76.596198,42.489705
"Forest_Tent_Caterpillar",-124.090315,40.858474
"Forest_Tent_Caterpillar",-77.443917,46.003056
"Forest_Tent_Caterpillar",-74.506272,43.162067
"Forest_Tent_Caterpillar",-71.216575,48.42772
"Forest_Tent_Caterpillar",-76.227163,45.673022
"Forest_Tent_Caterpillar",-73.128753,43.110353
"Forest_Tent_Caterpillar",-84.69772,49.457313
"Forest_Tent_Caterpillar",-84.698945,49.458113
"Forest_Tent_Caterpillar",-91.601436,45.580922
"Forest_Tent_Caterpillar",-84.676857,45.55999
"Forest_Tent_Caterpillar",-77.361898,35.62119
"Forest_Tent_Caterpillar",-84.69878,49.457672
"Forest_Tent_Caterpillar",-71.216592,48.427753
"Forest_Tent_Caterpillar",-77.443742,46.003022
"Forest_Tent_Caterpillar",-76.596756,42.490199
"Forest_Tent_Caterpillar",-97.173,30.087
"Forest_Tent_Caterpillar",-79.441191,47.32483
"Forest_Tent_Caterpillar",-79.456088,47.290288
"Forest_Tent_Caterpillar",-80.248996,43.694364
"Forest_Tent_Caterpillar",-68.139971,48.628792
"Forest_Tent_Caterpillar",-79.456088,47.290288
"Forest_Tent_Caterpillar",-72.397499,44.543732
"Forest_Tent_Caterpillar",-73.044486,44.620461
"Forest_Tent_Caterpillar",-60.565327,46.241942
"Forest_Tent_Caterpillar",-62.699754,46.310881
"Forest_Tent_Caterpillar",-95.657345,29.637685
"Forest_Tent_Caterpillar",-76.388221,44.141495
"Forest_Tent_Caterpillar",-77.241694,44.707789
"Forest_Tent_Caterpillar",-97.666448,30.635679
"Forest_Tent_Caterpillar",-75.87068,45.332247
"Forest_Tent_Caterpillar",-75.870673,45.33224
"Forest_Tent_Caterpillar",-79.456088,47.290288
"Forest_Tent_Caterpillar",-79.986258,32.740372
"Forest_Tent_Caterpillar",-75.870673,45.33224
"Forest_Tent_Caterpillar",-93.376818,46.536147
"Forest_Tent_Caterpillar",-84.040462,46.497432
"Forest_Tent_Caterpillar",-123.346583,48.42384
"Forest_Tent_Caterpillar",-80.248996,43.694364
"Forest_Tent_Caterpillar",-123.373757,48.465281
"Forest_Tent_Caterpillar",-77.241712,44.707844
"Forest_Tent_Caterpillar",-76.085494,42.776263
"Forest_Tent_Caterpillar",-80.428731,43.909863
"Forest_Tent_Caterpillar",-62.730847,46.21083
"Forest_Tent_Caterpillar",-78.515815,45.587514
"Forest_Tent_Caterpillar",-93.526987,46.33622
"Forest_Tent_Caterpillar",-89.810461,44.056989
"Forest_Tent_Caterpillar",-79.429299,47.298059
"Forest_Tent_Caterpillar",-93.489167,46.194825
"Forest_Tent_Caterpillar",-84.63749,45.65768
"Forest_Tent_Caterpillar",-79.482912,45.193824
"Forest_Tent_Caterpillar",-79.117632,45.071753
"Forest_Tent_Caterpillar",-75.870673,45.33224
"Forest_Tent_Caterpillar",-79.429299,47.298059
"Forest_Tent_Caterpillar",-91.244498,47.385753
"Forest_Tent_Caterpillar",-87.021491,46.447665
"Forest_Tent_Caterpillar",-62.699645,46.310729
"Forest_Tent_Caterpillar",-70.6018,47.337925
"Forest_Tent_Caterpillar",-73.341395,42.750827
"Forest_Tent_Caterpillar",-79.415253,40.852763
"Forest_Tent_Caterpillar",-92.727065,47.146197
"Forest_Tent_Caterpillar",-74.269487,43.340328
"Forest_Tent_Caterpillar",-76.388221,44.141495
"Forest_Tent_Caterpillar",-68.859315,47.676791
"Forest_Tent_Caterpillar",-73.037758,44.18368
"Forest_Tent_Caterpillar",-79.150908,39.557417
"Forest_Tent_Caterpillar",-62.648272,46.237042
"Forest_Tent_Caterpillar",-78.707337,45.527037
"Forest_Tent_Caterpillar",-80.588843,42.666107
"Forest_Tent_Caterpillar",-84.326897,46.519025
"Forest_Tent_Caterpillar",-78.644807,48.327266
"Forest_Tent_Caterpillar",-97.650061,30.530522
"Forest_Tent_Caterpillar",-79.919459,45.010834
"Forest_Tent_Caterpillar",-71.296272,46.891137
"Forest_Tent_Caterpillar",-92.86425,45.565537
"Forest_Tent_Caterpillar",-124.09333,40.861903
"Forest_Tent_Caterpillar",-94.391216,29.575005
"Forest_Tent_Caterpillar",-98.477703,29.604725
"Forest_Tent_Caterpillar",-74.269508,43.340363
"Forest_Tent_Caterpillar",-70.869253,44.049262
"Forest_Tent_Caterpillar",-83.413389,45.247174
"Forest_Tent_Caterpillar",-108.44216,45.740076
"Forest_Tent_Caterpillar",-78.284038,45.012722
"Forest_Tent_Caterpillar",-62.699708,46.310881
"Forest_Tent_Caterpillar",-74.350533,45.754627
"Forest_Tent_Caterpillar",-124.080695,40.888317
"Forest_Tent_Caterpillar",-81.822435,43.248235
"Forest_Tent_Caterpillar",-109.2706,45.122142
"Forest_Tent_Caterpillar",-75.870673,45.33224
"Forest_Tent_Caterpillar",-123.28816,44.62735
"Forest_Tent_Caterpillar",-123.28816,44.62735
"Forest_Tent_Caterpillar",-123.28816,44.62735
"Forest_Tent_Caterpillar",-77.051653,44.86963
"Forest_Tent_Caterpillar",-87.32103,46.440312
"Forest_Tent_Caterpillar",-124.214767,40.6856
"Forest_Tent_Caterpillar",-79.550509,35.337829
"Forest_Tent_Caterpillar",-77.313842,44.476295
"Forest_Tent_Caterpillar",-63.768066,46.410675
"Forest_Tent_Caterpillar",-68.202368,48.59576
"Forest_Tent_Caterpillar",-80.573012,43.172266
"Forest_Tent_Caterpillar",-77.443838,46.003025
"Forest_Tent_Caterpillar",-76.370634,42.991392
"Forest_Tent_Caterpillar",-79.210463,45.507783
"Forest_Tent_Caterpillar",-72.284027,44.340801
"Forest_Tent_Caterpillar",-81.43595,44.420542
"Forest_Tent_Caterpillar",-114.392901,51.166986
"Forest_Tent_Caterpillar",-80.215047,43.541106
"Forest_Tent_Caterpillar",-78.860129,46.289425
"Forest_Tent_Caterpillar",-123.19983,49.267246
"Forest_Tent_Caterpillar",-72.62063,43.708457
"Forest_Tent_Caterpillar",-124.090991,40.78578
"Forest_Tent_Caterpillar",-75.249548,45.388449
"Forest_Tent_Caterpillar",-79.210442,45.507797
"Forest_Tent_Caterpillar",-92.076421,46.822969
"Forest_Tent_Caterpillar",-77.052304,44.868687
"Forest_Tent_Caterpillar",-62.99639,46.340059
"Forest_Tent_Caterpillar",-81.341892,48.489231
"Forest_Tent_Caterpillar",-64.950726,45.595577
"Forest_Tent_Caterpillar",-123.301031,48.44308
"Forest_Tent_Caterpillar",-66.741442,44.768829
"Forest_Tent_Caterpillar",-77.052738,44.866124
"Forest_Tent_Caterpillar",-79.00307,48.36123
"Forest_Tent_Caterpillar",-78.268397,44.298056
"Forest_Tent_Caterpillar",-72.873341,44.13492
"Forest_Tent_Caterpillar",-75.725519,41.176133
"Forest_Tent_Caterpillar",-72.158657,42.474273
"Forest_Tent_Caterpillar",-65.714576,47.780873
"Forest_Tent_Caterpillar",-89.571885,48.23536
"Forest_Tent_Caterpillar",-72.205978,42.324138
"Forest_Tent_Caterpillar",-71.053047,48.421212
"Forest_Tent_Caterpillar",-72.158657,42.474273
"Forest_Tent_Caterpillar",-74.675371,45.01428
"Forest_Tent_Caterpillar",-80.575371,42.641159
"Forest_Tent_Caterpillar",-81.394176,44.718669
"Forest_Tent_Caterpillar",-75.858365,45.689655
"Forest_Tent_Caterpillar",-72.206125,42.324148
"Forest_Tent_Caterpillar",-63.768109,46.410897
"Forest_Tent_Caterpillar",-64.344558,45.094303
"Forest_Tent_Caterpillar",-79.210412,45.507858
"Forest_Tent_Caterpillar",-81.381295,44.728011
"Forest_Tent_Caterpillar",-71.296272,46.891137
"Forest_Tent_Caterpillar",-72.158657,42.474273
"Forest_Tent_Caterpillar",-123.300979,48.443005
"Forest_Tent_Caterpillar",-79.307222,44.214042
"Forest_Tent_Caterpillar",-72.158657,42.474273
"Forest_Tent_Caterpillar",-63.773637,46.395456
"Forest_Tent_Caterpillar",-67.27694,45.221567
"Forest_Tent_Caterpillar",-75.06639,45.600701
"Forest_Tent_Caterpillar",-84.96348,46.765254
"Forest_Tent_Caterpillar",-72.158757,42.474226
"Forest_Tent_Caterpillar",-72.366609,43.81153
"Forest_Tent_Caterpillar",-80.927845,44.556162
"Forest_Tent_Caterpillar",-69.673168,48.155944
"Forest_Tent_Caterpillar",-81.452786,46.62242
"Forest_Tent_Caterpillar",-69.432179,47.760409
"Forest_Tent_Caterpillar",-67.27694,45.221567
"Forest_Tent_Caterpillar",-79.003178,48.360709
"Forest_Tent_Caterpillar",-85.642708,48.693025
"Forest_Tent_Caterpillar",-109.289467,45.166858
"Forest_Tent_Caterpillar",-98.368103,30.743381
"Forest_Tent_Caterpillar",-84.963092,46.764862
"Forest_Tent_Caterpillar",-84.963092,46.764862
"Forest_Tent_Caterpillar",-84.614105,47.333303
"Forest_Tent_Caterpillar",-67.882733,46.960029
"Forest_Tent_Caterpillar",-78.633797,48.330915
"Forest_Tent_Caterpillar",-68.013877,46.860382
"Forest_Tent_Caterpillar",-85.01617,46.1927
"Forest_Tent_Caterpillar",-72.158757,42.474226
"Forest_Tent_Caterpillar",-77.313933,44.476424
"Forest_Tent_Caterpillar",-68.202368,48.59576
"Forest_Tent_Caterpillar",-72.283577,43.827066
"Forest_Tent_Caterpillar",-72.689942,42.593372
"Forest_Tent_Caterpillar",-70.852464,47.057722
"Forest_Tent_Caterpillar",-68.202368,48.59576
"Forest_Tent_Caterpillar",-64.882553,47.760055
"Forest_Tent_Caterpillar",-71.069458,48.402858
"Forest_Tent_Caterpillar",-79.026137,45.216709
"Forest_Tent_Caterpillar",-72.218482,42.56768
"Forest_Tent_Caterpillar",-76.349481,45.699475
"Forest_Tent_Caterpillar",-80.211875,43.541871
"Forest_Tent_Caterpillar",-79.441191,47.32483
"Forest_Tent_Caterpillar",-71.045494,48.399712
"Forest_Tent_Caterpillar",-66.63338,45.953352
"Forest_Tent_Caterpillar",-92.716197,47.169152
"Forest_Tent_Caterpillar",-79.441191,47.32483
"Forest_Tent_Caterpillar",-76.29807,44.384217
"Forest_Tent_Caterpillar",-73.474998,46.33139
"Forest_Tent_Caterpillar",-79.441191,47.32483
"Forest_Tent_Caterpillar",-72.192306,42.604253
"Forest_Tent_Caterpillar",-65.835825,46.947007
"Forest_Tent_Caterpillar",-72.552996,44.301246
"Forest_Tent_Caterpillar",-74.310481,45.44494
"Forest_Tent_Caterpillar",-72.425172,42.647388
"Forest_Tent_Caterpillar",-79.429299,47.298059
"Forest_Tent_Caterpillar",-79.429299,47.298059
"Forest_Tent_Caterpillar",-76.293383,45.732909
"Forest_Tent_Caterpillar",-75.709786,41.497109
"Forest_Tent_Caterpillar",-118.510197,55.258797
"Forest_Tent_Caterpillar",-73.136106,43.041305
"Forest_Tent_Caterpillar",-88.060841,46.534499
"Forest_Tent_Caterpillar",-79.433481,44.646025
"Forest_Tent_Caterpillar",-123.37397,48.465695
"Forest_Tent_Caterpillar",-79.781465,44.332001
"Forest_Tent_Caterpillar",-80.955218,46.527625
"Forest_Tent_Caterpillar",-71.108375,48.30148
"Forest_Tent_Caterpillar",-77.31325,44.477556
"Forest_Tent_Caterpillar",-92.727065,47.146197
"Forest_Tent_Caterpillar",-85.629493,46.675409
"Forest_Tent_Caterpillar",-89.240365,48.433887
"Forest_Tent_Caterpillar",-117.596548,49.593328
"Forest_Tent_Caterpillar",-73.136106,43.041305
"Forest_Tent_Caterpillar",-84.698905,49.45772
"Forest_Tent_Caterpillar",-84.69893,49.457778
"Forest_Tent_Caterpillar",-72.748628,44.36366
"Forest_Tent_Caterpillar",-73.257,44.551
"Forest_Tent_Caterpillar",-92.727128,47.146111
"Forest_Tent_Caterpillar",-71.296272,46.891137
"Forest_Tent_Caterpillar",-68.709953,47.358608
"Forest_Tent_Caterpillar",-72.943356,43.626602
"Forest_Tent_Caterpillar",-77.241757,44.707893
"Forest_Tent_Caterpillar",-73.136106,43.041305
"Forest_Tent_Caterpillar",-96.49192,33.034619
"Forest_Tent_Caterpillar",-68.516808,48.435411
"Forest_Tent_Caterpillar",-76.435623,44.517313
"Forest_Tent_Caterpillar",-91.491542,45.103904
"Forest_Tent_Caterpillar",-72.616935,43.830098
"Forest_Tent_Caterpillar",-79.429299,47.298059
"Forest_Tent_Caterpillar",-70.852425,47.057744
"Forest_Tent_Caterpillar",-78.2747,44.972806
"Forest_Tent_Caterpillar",-83.110469,35.368836
"Forest_Tent_Caterpillar",-76.310661,42.87952
"Forest_Tent_Caterpillar",-72.784088,47.393867
"Forest_Tent_Caterpillar",-81.401253,46.014714
"Forest_Tent_Caterpillar",-124.091775,40.878872
"Forest_Tent_Caterpillar",-73.341395,42.750827
"Forest_Tent_Caterpillar",-65.835825,46.947007
"Forest_Tent_Caterpillar",-73.193353,44.600756
"Forest_Tent_Caterpillar",-77.313966,44.477069
"Forest_Tent_Caterpillar",-73.754614,45.961823
"Forest_Tent_Caterpillar",-76.313741,45.766666
"Forest_Tent_Caterpillar",-75.066422,45.600723
"Forest_Tent_Caterpillar",-91.244645,47.385649
"Forest_Tent_Caterpillar",-72.108374,43.233602
"Forest_Tent_Caterpillar",-78.698208,48.360659
"Forest_Tent_Caterpillar",-84.69893,49.4578
"Forest_Tent_Caterpillar",-80.560086,45.924534
"Forest_Tent_Caterpillar",-75.672167,45.059647
"Forest_Tent_Caterpillar",-82.420485,49.415642
"Forest_Tent_Caterpillar",-75.455096,45.508245
"Forest_Tent_Caterpillar",-74.849383,44.753662
"Forest_Tent_Caterpillar",-79.429299,47.298059
"Forest_Tent_Caterpillar",-72.203641,44.008846
"Forest_Tent_Caterpillar",-72.784163,47.39398
"Forest_Tent_Caterpillar",-70.555998,41.409663
"Forest_Tent_Caterpillar",-68.866733,48.2936
"Forest_Tent_Caterpillar",-75.460022,45.163853
"Forest_Tent_Caterpillar",-71.205238,48.484
"Forest_Tent_Caterpillar",-123.345153,48.427953
"Forest_Tent_Caterpillar",-79.132888,48.290184
"Forest_Tent_Caterpillar",-70.59993,41.406155
"Forest_Tent_Caterpillar",-71.994978,48.555371
"Forest_Tent_Caterpillar",-81.401122,46.0148
"Forest_Tent_Caterpillar",-77.313213,44.477817
"Forest_Tent_Caterpillar",-79.429299,47.298059
"Forest_Tent_Caterpillar",-73.341395,42.750827
"Forest_Tent_Caterpillar",-71.208011,45.46945
"Forest_Tent_Caterpillar",-124.000796,44.961745
"Forest_Tent_Caterpillar",-73.193195,44.600727
"Forest_Tent_Caterpillar",-113.422998,48.749755
"Forest_Tent_Caterpillar",-72.12564,41.954961
"Forest_Tent_Caterpillar",-73.257,44.551
"Forest_Tent_Caterpillar",-72.205841,42.32473
"Forest_Tent_Caterpillar",-73.705667,43.23277
"Forest_Tent_Caterpillar",-77.313829,44.476301
"Forest_Tent_Caterpillar",-89.263629,48.421555
"Forest_Tent_Caterpillar",-80.92785,44.556163
"Forest_Tent_Caterpillar",-79.076346,48.34555
"Forest_Tent_Caterpillar",-80.551549,43.456751
"Forest_Tent_Caterpillar",-79.441191,47.32483
"Forest_Tent_Caterpillar",-93.275087,45.223401
"Forest_Tent_Caterpillar",-67.855745,46.928917
"Forest_Tent_Caterpillar",-124.091567,40.861788
"Forest_Tent_Caterpillar",-84.490762,34.236762
"Forest_Tent_Caterpillar",-75.066425,45.600734
"Forest_Tent_Caterpillar",-91.24505,47.385995
"Forest_Tent_Caterpillar",-63.567578,45.802999
"Forest_Tent_Caterpillar",-89.807358,43.569797
"Forest_Tent_Caterpillar",-80.211875,43.541871
"Forest_Tent_Caterpillar",-67.855745,46.928932
"Forest_Tent_Caterpillar",-79.00214,48.36105
"Forest_Tent_Caterpillar",-80.603085,42.928405
"Forest_Tent_Caterpillar",-80.703962,42.66635
"Forest_Tent_Caterpillar",-88.054108,46.179596
"Forest_Tent_Caterpillar",-70.360661,47.6907
"Forest_Tent_Caterpillar",-64.983795,47.521055
"Forest_Tent_Caterpillar",-70.858796,43.998254
"Forest_Tent_Caterpillar",-78.2747,44.972806
"Forest_Tent_Caterpillar",-79.056147,48.344955
"Forest_Tent_Caterpillar",-73.146099,44.705749
"Forest_Tent_Caterpillar",-79.35933,46.075869
"Forest_Tent_Caterpillar",-80.656683,43.182819
"Forest_Tent_Caterpillar",-72.504967,43.624378
"Forest_Tent_Caterpillar",-73.341395,42.750827
"Forest_Tent_Caterpillar",-78.11675,48.579483
"Forest_Tent_Caterpillar",-70.052347,47.377251
"Forest_Tent_Caterpillar",-68.3073,44.536072
"Forest_Tent_Caterpillar",-73.136106,43.041305
"Forest_Tent_Caterpillar",-73.136106,43.041305
"Forest_Tent_Caterpillar",-81.337775,43.075061
"Forest_Tent_Caterpillar",-76.758202,42.443508
"Forest_Tent_Caterpillar",-74.608203,42.372316
"Forest_Tent_Caterpillar",-71.296272,46.891137
"Forest_Tent_Caterpillar",-77.314021,44.476384
"Forest_Tent_Caterpillar",-124.093382,40.872426
"Forest_Tent_Caterpillar",-80.362652,43.360371
"Forest_Tent_Caterpillar",-122.580892,48.829482
"Forest_Tent_Caterpillar",-76.758202,42.443508
"Forest_Tent_Caterpillar",-87.115965,48.771358
"Forest_Tent_Caterpillar",-79.429299,47.298059
"Forest_Tent_Caterpillar",-79.429299,47.298059
"Forest_Tent_Caterpillar",-114.288475,51.912727
"Forest_Tent_Caterpillar",-71.605158,42.662364
"Forest_Tent_Caterpillar",-77.576881,45.506519
"Forest_Tent_Caterpillar",-79.444878,44.55767
"Forest_Tent_Caterpillar",-78.328362,44.325569
"Forest_Tent_Caterpillar",-76.238082,45.199226
"Forest_Tent_Caterpillar",-70.880019,42.075189
"Forest_Tent_Caterpillar",-75.44155,45.699585
"Forest_Tent_Caterpillar",-123.333388,48.496967
"Forest_Tent_Caterpillar",-80.656715,43.18281
"Forest_Tent_Caterpillar",-78.310037,44.315842
"Forest_Tent_Caterpillar",-79.627075,45.119372
"Forest_Tent_Caterpillar",-72.525647,43.132311
"Forest_Tent_Caterpillar",-90.046111,47.826737
"Forest_Tent_Caterpillar",-84.040448,46.497446
"Forest_Tent_Caterpillar",-91.491585,45.10354
"Forest_Tent_Caterpillar",-79.441191,47.32483
"Forest_Tent_Caterpillar",-65.376709,47.070019
"Forest_Tent_Caterpillar",-71.053925,48.41982
"Forest_Tent_Caterpillar",-80.656715,43.18281
"Forest_Tent_Caterpillar",-76.697358,44.51727
"Forest_Tent_Caterpillar",-76.096424,44.902679
"Forest_Tent_Caterpillar",-64.874298,47.472156
"Forest_Tent_Caterpillar",-68.392223,47.438847
"Forest_Tent_Caterpillar",-84.040569,46.497441
"Forest_Tent_Caterpillar",-65.676841,47.638794
"Forest_Tent_Caterpillar",-84.326797,46.51905
"Forest_Tent_Caterpillar",-75.655738,45.453965
"Forest_Tent_Caterpillar",-72.206063,42.324334
"Forest_Tent_Caterpillar",-66.652289,45.951919
"Forest_Tent_Caterpillar",-79.441191,47.32483
"Forest_Tent_Caterpillar",-102.267956,50.334944
"Forest_Tent_Caterpillar",-89.674143,46.012619
"Forest_Tent_Caterpillar",-91.979999,47.98051
"Forest_Tent_Caterpillar",-79.183403,43.822658
"Forest_Tent_Caterpillar",-80.940997,46.454021
"Forest_Tent_Caterpillar",-72.405975,42.571012
"Forest_Tent_Caterpillar",-78.292092,44.09755
"Forest_Tent_Caterpillar",-77.793436,40.911752
"Forest_Tent_Caterpillar",-76.298073,44.384214
"Forest_Tent_Caterpillar",-84.119086,45.085872
"Forest_Tent_Caterpillar",-90.874658,46.578182
"Forest_Tent_Caterpillar",-64.790341,46.043409
"Forest_Tent_Caterpillar",-122.52017,48.813661
"Forest_Tent_Caterpillar",-72.218482,42.56768
"Forest_Tent_Caterpillar",-82.532845,29.613987
"Forest_Tent_Caterpillar",-74.074043,45.620402
"Forest_Tent_Caterpillar",-90.880748,30.422585
"Forest_Tent_Caterpillar",-123.858011,49.177319
"Forest_Tent_Caterpillar",-92.560531,44.077158
"Forest_Tent_Caterpillar",-76.528223,40.921427
"Forest_Tent_Caterpillar",-113.225128,48.449259
"Forest_Tent_Caterpillar",-111.84705,41.139161
"Forest_Tent_Caterpillar",-75.206015,45.385193
"Forest_Tent_Caterpillar",-80.248982,43.694365
"Forest_Tent_Caterpillar",-72.525628,43.13237
"Forest_Tent_Caterpillar",-122.5056,48.727372
"Forest_Tent_Caterpillar",-79.429299,47.298059
"Forest_Tent_Caterpillar",-80.939287,46.456838
"Forest_Tent_Caterpillar",-79.441191,47.32483
"Forest_Tent_Caterpillar",-83.941257,46.353028
"Forest_Tent_Caterpillar",-67.728906,47.045294
"Forest_Tent_Caterpillar",-72.205908,42.324451
"Forest_Tent_Caterpillar",-114.288273,51.91282
"Forest_Tent_Caterpillar",-77.514417,44.052688
"Forest_Tent_Caterpillar",-80.656715,43.18281
"Forest_Tent_Caterpillar",-73.162357,44.915902
"Forest_Tent_Caterpillar",-76.237987,45.199053
"Forest_Tent_Caterpillar",-88.265732,48.982085
"Forest_Tent_Caterpillar",-91.967067,47.997609
"Forest_Tent_Caterpillar",-124.094667,40.858987
"Forest_Tent_Caterpillar",-122.512918,48.400936
"Forest_Tent_Caterpillar",-123.909285,46.079459
"Forest_Tent_Caterpillar",-91.491542,45.103586
"Forest_Tent_Caterpillar",-75.655656,45.453965
"Forest_Tent_Caterpillar",-80.955218,46.527625
"Forest_Tent_Caterpillar",-79.429299,47.298059
"Forest_Tent_Caterpillar",-67.600972,47.005946
"Forest_Tent_Caterpillar",-122.488776,48.548808
"Forest_Tent_Caterpillar",-98.609886,30.236095
"Forest_Tent_Caterpillar",-77.83561,48.123223
"Forest_Tent_Caterpillar",-67.427013,46.841725
"Forest_Tent_Caterpillar",-84.262803,46.509122
"Forest_Tent_Caterpillar",-78.041878,39.692365
"Forest_Tent_Caterpillar",-69.595008,43.991247
"Forest_Tent_Caterpillar",-91.491563,45.103616
"Forest_Tent_Caterpillar",-82.385626,49.420649
"Forest_Tent_Caterpillar",-72.406128,42.570892
"Forest_Tent_Caterpillar",-123.956501,46.150939
"Forest_Tent_Caterpillar",-76.526807,40.922691
"Forest_Tent_Caterpillar",-68.696465,47.237231
"Forest_Tent_Caterpillar",-91.491606,45.103631
"Forest_Tent_Caterpillar",-93.373179,45.063538
"Forest_Tent_Caterpillar",-72.406105,42.57087
"Forest_Tent_Caterpillar",-87.067398,46.389971
"Forest_Tent_Caterpillar",-91.971214,46.633181
"Forest_Tent_Caterpillar",-80.345882,43.275927
"Forest_Tent_Caterpillar",-91.47053,44.772998
"Forest_Tent_Caterpillar",-76.020001,44.868654
"Forest_Tent_Caterpillar",-110.698905,43.710217
"Forest_Tent_Caterpillar",-124.091689,40.861683
"Forest_Tent_Caterpillar",-77.311826,44.475818
"Forest_Tent_Caterpillar",-122.318901,48.50882
"Forest_Tent_Caterpillar",-89.674073,46.012647
"Forest_Tent_Caterpillar",-72.205908,42.324451
"Forest_Tent_Caterpillar",-123.359973,48.482375
"Forest_Tent_Caterpillar",-122.437084,48.424446
"Forest_Tent_Caterpillar",-72.222649,41.802545
"Forest_Tent_Caterpillar",-122.95047,50.137497
"Forest_Tent_Caterpillar",-123.360714,49.396869
"Forest_Tent_Caterpillar",-64.373853,45.901267
"Forest_Tent_Caterpillar",-118.532814,43.963348
"Forest_Tent_Caterpillar",-84.743939,45.881994
"Forest_Tent_Caterpillar",-124.094422,40.856697
"Forest_Tent_Caterpillar",-67.788694,47.181918
"Forest_Tent_Caterpillar",-123.374491,48.465669
"Forest_Tent_Caterpillar",-89.674098,46.012608
"Forest_Tent_Caterpillar",-79.429299,47.298059
"Forest_Tent_Caterpillar",-79.334113,46.094397
"Forest_Tent_Caterpillar",-80.043693,44.726598
"Forest_Tent_Caterpillar",-74.226158,42.832831
"Forest_Tent_Caterpillar",-76.095823,44.902853
"Forest_Tent_Caterpillar",-73.230798,44.377387
"Forest_Tent_Caterpillar",-77.312411,44.478077
"Forest_Tent_Caterpillar",-123.12114,50.037411
"Forest_Tent_Caterpillar",-79.456088,47.290288
"Forest_Tent_Caterpillar",-91.491435,45.103828
"Forest_Tent_Caterpillar",-76.52851,40.920507
"Forest_Tent_Caterpillar",-123.761791,48.991595
"Forest_Tent_Caterpillar",-124.090669,40.858129
"Forest_Tent_Caterpillar",-76.490666,42.280159
"Forest_Tent_Caterpillar",-86.371967,48.721096
"Forest_Tent_Caterpillar",-122.301073,48.595762
"Forest_Tent_Caterpillar",-80.362652,43.360371
"Forest_Tent_Caterpillar",-84.326797,46.51905
"Forest_Tent_Caterpillar",-84.777476,47.987503
"Forest_Tent_Caterpillar",-82.36207,35.77053
"Forest_Tent_Caterpillar",-77.241477,45.883479
"Forest_Tent_Caterpillar",-68.19397,44.372405
"Forest_Tent_Caterpillar",-89.222124,48.428849
"Forest_Tent_Caterpillar",-79.794738,37.915031
"Forest_Tent_Caterpillar",-68.317812,47.370608
"Forest_Tent_Caterpillar",-74.021347,42.662952
"Forest_Tent_Caterpillar",-123.35993,48.482655
"Forest_Tent_Caterpillar",-74.87414,39.312424
"Forest_Tent_Caterpillar",-76.868852,44.365123
"Forest_Tent_Caterpillar",-97.189284,49.981591
"Forest_Tent_Caterpillar",-92.426658,46.964797
"Forest_Tent_Caterpillar",-76.385103,44.429393
"Forest_Tent_Caterpillar",-123.16069,48.614438
"Forest_Tent_Caterpillar",-78.640083,42.527687
"Forest_Tent_Caterpillar",-81.252725,32.130525
"Forest_Tent_Caterpillar",-123.359803,48.48043
"Forest_Tent_Caterpillar",-89.547081,48.368482
"Forest_Tent_Caterpillar",-76.160984,42.473367
"Forest_Tent_Caterpillar",-76.210918,45.685397
"Forest_Tent_Caterpillar",-71.199771,48.310799
"Forest_Tent_Caterpillar",-124.089604,40.856381
"Forest_Tent_Caterpillar",-113.574524,53.517592
"Forest_Tent_Caterpillar",-63.603197,44.70172
"Forest_Tent_Caterpillar",-76.772353,39.077531
"Forest_Tent_Caterpillar",-93.367317,46.536278
"Forest_Tent_Caterpillar",-91.491821,45.10354
"Forest_Tent_Caterpillar",-113.541329,53.558527
"Forest_Tent_Caterpillar",-78.407158,44.892826
"Forest_Tent_Caterpillar",-112.83714,53.579157
"Forest_Tent_Caterpillar",-69.376118,47.723938
"Forest_Tent_Caterpillar",-122.476041,48.495419
"Forest_Tent_Caterpillar",-78.042317,39.690565
"Forest_Tent_Caterpillar",-64.437806,45.156683
"Forest_Tent_Caterpillar",-95.442822,29.726414
"Forest_Tent_Caterpillar",-66.596312,45.945039
"Forest_Tent_Caterpillar",-78.347788,38.56752
"Forest_Tent_Caterpillar",-79.014457,48.38033
"Forest_Tent_Caterpillar",-79.303122,44.042343
"Forest_Tent_Caterpillar",-75.546489,45.644094
"Forest_Tent_Caterpillar",-78.04186,39.692332
"Forest_Tent_Caterpillar",-123.359947,48.482217
"Forest_Tent_Caterpillar",-93.401703,47.244062
"Forest_Tent_Caterpillar",-91.282501,44.038332
"Forest_Tent_Caterpillar",-123.283319,48.463888
"Forest_Tent_Caterpillar",-79.572815,45.640076
"Forest_Tent_Caterpillar",-74.347934,45.750567
"Forest_Tent_Caterpillar",-78.59141,45.563221
"Forest_Tent_Caterpillar",-79.03303,48.238187
"Forest_Tent_Caterpillar",-123.359812,48.48043
"Forest_Tent_Caterpillar",-73.073054,41.310683
"Forest_Tent_Caterpillar",-123.9309,46.036623
"Forest_Tent_Caterpillar",-124.096939,40.856747
"Forest_Tent_Caterpillar",-111.871525,41.309508
"Forest_Tent_Caterpillar",-79.009642,48.230443
"Forest_Tent_Caterpillar",-123.328225,48.46272
"Forest_Tent_Caterpillar",-91.003758,45.648335
"Forest_Tent_Caterpillar",-87.31468,32.660908
"Forest_Tent_Caterpillar",-72.573494,44.269525
"Forest_Tent_Caterpillar",-123.938434,46.101735
"Forest_Tent_Caterpillar",-123.843903,46.94903
"Forest_Tent_Caterpillar",-81.304312,48.344852
"Forest_Tent_Caterpillar",-73.882477,41.960724
"Forest_Tent_Caterpillar",-79.331742,45.210539
"Forest_Tent_Caterpillar",-72.42981,46.135861
"Forest_Tent_Caterpillar",-78.981231,48.153717
"Forest_Tent_Caterpillar",-64.880057,47.617639
"Forest_Tent_Caterpillar",-78.409303,45.582847
"Forest_Tent_Caterpillar",-122.686981,49.03257
"Forest_Tent_Caterpillar",-82.755356,35.404889
"Forest_Tent_Caterpillar",-113.725587,47.404113
"Forest_Tent_Caterpillar",-91.491499,45.103753
"Forest_Tent_Caterpillar",-74.844764,39.135133
"Forest_Tent_Caterpillar",-72.73276,42.605035
"Forest_Tent_Caterpillar",-75.474976,38.527274
"Forest_Tent_Caterpillar",-68.355995,47.387677
"Forest_Tent_Caterpillar",-72.595663,44.570728
"Forest_Tent_Caterpillar",-71.87379,48.677
"Forest_Tent_Caterpillar",-75.542811,38.981999
"Forest_Tent_Caterpillar",-74.234842,41.665794
"Forest_Tent_Caterpillar",-80.656769,43.182826
"Forest_Tent_Caterpillar",-89.264328,48.450497
"Forest_Tent_Caterpillar",-87.140381,46.375861
"Forest_Tent_Caterpillar",-71.695958,48.633415
"Forest_Tent_Caterpillar",-124.090385,40.858368
"Forest_Tent_Caterpillar",-104.6367,50.459364
"Forest_Tent_Caterpillar",-79.393525,47.346462
"Forest_Tent_Caterpillar",-79.948853,45.535773
"Forest_Tent_Caterpillar",-120.501821,48.643716
"Forest_Tent_Caterpillar",-122.781701,49.304373
"Forest_Tent_Caterpillar",-75.474547,38.527734
"Forest_Tent_Caterpillar",-71.274557,46.776928
"Forest_Tent_Caterpillar",-123.37555,48.465912
"Forest_Tent_Caterpillar",-67.769552,47.037185
"Forest_Tent_Caterpillar",-84.285758,42.281837
"Forest_Tent_Caterpillar",-68.322113,47.364624
"Forest_Tent_Caterpillar",-123.407421,48.478284
"Forest_Tent_Caterpillar",-122.582863,48.829967
"Forest_Tent_Caterpillar",-72.577892,44.265543
"Forest_Tent_Caterpillar",-82.173806,35.921637
"Forest_Tent_Caterpillar",-123.311342,48.46428
"Forest_Tent_Caterpillar",-73.264947,42.723008
"Forest_Tent_Caterpillar",-92.251687,46.680755
"Forest_Tent_Caterpillar",-80.861978,46.022872
"Forest_Tent_Caterpillar",-68.48884,46.168915
"Forest_Tent_Caterpillar",-72.99436,44.097133
"Forest_Tent_Caterpillar",-73.087097,44.358653
"Forest_Tent_Caterpillar",-75.534987,38.974488
"Forest_Tent_Caterpillar",-76.670674,44.404963
"Forest_Tent_Caterpillar",-81.350519,48.486111
"Forest_Tent_Caterpillar",-122.485008,48.762755
"Forest_Tent_Caterpillar",-104.631198,50.477413
"Forest_Tent_Caterpillar",-78.124159,48.575177
"Forest_Tent_Caterpillar",-95.580364,29.372961
"Forest_Tent_Caterpillar",-79.415253,40.85278
"Forest_Tent_Caterpillar",-72.809057,45.325143
"Forest_Tent_Caterpillar",-75.517113,45.48981
"Forest_Tent_Caterpillar",-69.239572,47.472561
"Forest_Tent_Caterpillar",-75.994159,45.758503
"Forest_Tent_Caterpillar",-122.221996,47.854147
"Forest_Tent_Caterpillar",-64.745317,45.044864
"Forest_Tent_Caterpillar",-108.197747,37.354267
"Forest_Tent_Caterpillar",-84.674705,45.55958
"Forest_Tent_Caterpillar",-76.771042,39.077622
"Forest_Tent_Caterpillar",-69.782783,44.328486
"Forest_Tent_Caterpillar",-123.378525,48.461862
"Forest_Tent_Caterpillar",-74.64186,39.395016
"Forest_Tent_Caterpillar",-79.857288,42.81926
"Forest_Tent_Caterpillar",-76.799123,37.319549
"Forest_Tent_Caterpillar",-72.784459,41.437712
"Forest_Tent_Caterpillar",-79.003182,48.229325
"Forest_Tent_Caterpillar",-87.212152,46.380376
"Forest_Tent_Caterpillar",-75.542811,38.981999
"Forest_Tent_Caterpillar",-76.771042,39.077622
"Forest_Tent_Caterpillar",-90.255977,48.063604
"Forest_Tent_Caterpillar",-122.478395,48.751238
"Forest_Tent_Caterpillar",-76.038344,42.796272
"Forest_Tent_Caterpillar",-71.246247,48.406837
"Forest_Tent_Caterpillar",-79.253242,44.875683
"Forest_Tent_Caterpillar",-80.953163,46.424505
"Forest_Tent_Caterpillar",-65.214154,44.387274
"Forest_Tent_Caterpillar",-91.761742,47.933872
"Forest_Tent_Caterpillar",-92.90303,45.004794
"Forest_Tent_Caterpillar",-75.539443,45.644296
"Forest_Tent_Caterpillar",-79.952103,43.241275
"Forest_Tent_Caterpillar",-85.824952,49.124231
"Forest_Tent_Caterpillar",-96.728032,33.035321
"Forest_Tent_Caterpillar",-81.639777,43.714411
"Forest_Tent_Caterpillar",-79.033031,48.238188
"Forest_Tent_Caterpillar",-124.091579,40.861763
"Forest_Tent_Caterpillar",-76.521505,42.416968
"Forest_Tent_Caterpillar",-114.97343,52.847392
"Forest_Tent_Caterpillar",-123.373663,48.464938
"Forest_Tent_Caterpillar",-89.95359,44.926316
"Forest_Tent_Caterpillar",-73.192858,44.452564
"Forest_Tent_Caterpillar",-91.887756,47.898464
"Forest_Tent_Caterpillar",-122.479904,48.785934
"Forest_Tent_Caterpillar",-80.791022,46.624553
"Forest_Tent_Caterpillar",-79.226685,40.152306
"Forest_Tent_Caterpillar",-86.980206,46.40083
"Forest_Tent_Caterpillar",-96.975845,28.831669
"Forest_Tent_Caterpillar",-83.84713,35.573905
"Forest_Tent_Caterpillar",-79.415245,40.852767
"Forest_Tent_Caterpillar",-78.194725,45.386963
"Forest_Tent_Caterpillar",-76.328005,45.688215
"Forest_Tent_Caterpillar",-120.908249,49.913147
"Forest_Tent_Caterpillar",-81.186061,50.57849
"Forest_Tent_Caterpillar",-75.263206,41.688995
"Forest_Tent_Caterpillar",-73.23372,43.304287
"Forest_Tent_Caterpillar",-92.779376,47.167251
"Forest_Tent_Caterpillar",-80.011296,44.843157
"Forest_Tent_Caterpillar",-111.650052,41.798571
"Forest_Tent_Caterpillar",-79.029423,45.081371
"Forest_Tent_Caterpillar",-76.77128,39.077525
"Forest_Tent_Caterpillar",-79.001549,48.229865
"Forest_Tent_Caterpillar",-90.844688,46.326728
"Forest_Tent_Caterpillar",-90.145217,29.962133
"Forest_Tent_Caterpillar",-80.029347,43.471497
"Forest_Tent_Caterpillar",-91.757812,47.945988
"Forest_Tent_Caterpillar",-78.489997,39.604008
"Forest_Tent_Caterpillar",-75.558685,45.639583
"Forest_Tent_Caterpillar",-89.459932,45.912135
"Forest_Tent_Caterpillar",-122.820726,49.179504
"Forest_Tent_Caterpillar",-77.782094,41.778981
"Forest_Tent_Caterpillar",-80.059822,43.355655
"Forest_Tent_Caterpillar",-76.519682,38.30314
"Forest_Tent_Caterpillar",-93.847539,46.285117
"Forest_Tent_Caterpillar",-89.284929,48.457364
"Forest_Tent_Caterpillar",-65.236633,44.399822
"Forest_Tent_Caterpillar",-69.603125,47.622942
"Forest_Tent_Caterpillar",-79.787255,44.617363
"Forest_Tent_Caterpillar",-75.84211,41.218758
"Forest_Tent_Caterpillar",-77.464344,46.128064
"Forest_Tent_Caterpillar",-81.216245,48.477634
"Forest_Tent_Caterpillar",-73.239097,43.303763
"Forest_Tent_Caterpillar",-80.138256,43.678586
"Forest_Tent_Caterpillar",-82.757243,35.405663
"Forest_Tent_Caterpillar",-89.623287,48.400338
"Forest_Tent_Caterpillar",-90.644655,46.371821
"Forest_Tent_Caterpillar",-92.53881,45.418039
"Forest_Tent_Caterpillar",-79.48453,45.675684
"Forest_Tent_Caterpillar",-80.061436,44.022997
"Forest_Tent_Caterpillar",-106.753105,40.414658
"Forest_Tent_Caterpillar",-75.745553,40.176558
"Forest_Tent_Caterpillar",-80.368885,43.308372
"Forest_Tent_Caterpillar",-96.728032,33.035321
"Forest_Tent_Caterpillar",-76.641175,39.601624
"Forest_Tent_Caterpillar",-73.896586,44.224914
"Forest_Tent_Caterpillar",-90.8581,46.597153
"Forest_Tent_Caterpillar",-77.30867,44.47389
"Forest_Tent_Caterpillar",-68.326674,47.369013
"Forest_Tent_Caterpillar",-73.257,44.551
"Forest_Tent_Caterpillar",-73.574848,41.208707
"Forest_Tent_Caterpillar",-76.519682,38.30314
"Forest_Tent_Caterpillar",-71.40387,43.522892
"Forest_Tent_Caterpillar",-122.726637,49.035818
"Forest_Tent_Caterpillar",-123.389897,48.467089
"Forest_Tent_Caterpillar",-93.385047,46.525562
"Forest_Tent_Caterpillar",-88.625343,47.021992
"Forest_Tent_Caterpillar",-79.392892,47.346875
"Forest_Tent_Caterpillar",-80.98849,46.498824
"Forest_Tent_Caterpillar",-76.641175,39.601624
"Forest_Tent_Caterpillar",-74.309797,42.077283
"Forest_Tent_Caterpillar",-73.599017,45.440039
"Forest_Tent_Caterpillar",-78.042313,39.69057
"Forest_Tent_Caterpillar",-87.410613,46.509455
"Forest_Tent_Caterpillar",-68.580454,47.254744
"Forest_Tent_Caterpillar",-70.987852,44.068481
"Forest_Tent_Caterpillar",-64.777815,46.081709
"Forest_Tent_Caterpillar",-111.221815,47.488079
"Forest_Tent_Caterpillar",-76.451955,42.47798
"Forest_Tent_Caterpillar",-91.491671,45.103586
"Forest_Tent_Caterpillar",-63.769611,46.414743
"Forest_Tent_Caterpillar",-76.641175,39.601624
"Forest_Tent_Caterpillar",-82.476372,35.398572
"Forest_Tent_Caterpillar",-69.884869,47.250306
"Forest_Tent_Caterpillar",-76.772353,39.077531
"Forest_Tent_Caterpillar",-79.800828,47.057329
"Forest_Tent_Caterpillar",-74.308782,41.141132
"Forest_Tent_Caterpillar",-64.983987,45.604613
"Forest_Tent_Caterpillar",-68.685308,44.90933
"Forest_Tent_Caterpillar",-74.389039,40.946509
"Forest_Tent_Caterpillar",-73.507483,43.693537
"Forest_Tent_Caterpillar",-76.641175,39.601624
"Forest_Tent_Caterpillar",-73.696743,46.261251
"Forest_Tent_Caterpillar",-74.884353,39.86392
"Forest_Tent_Caterpillar",-92.027953,46.518097
"Forest_Tent_Caterpillar",-75.542811,38.981999
"Forest_Tent_Caterpillar",-73.489874,43.750158
"Forest_Tent_Caterpillar",-75.098183,38.710206
"Forest_Tent_Caterpillar",-76.68972,39.577233
"Forest_Tent_Caterpillar",-79.009645,48.230442
"Forest_Tent_Caterpillar",-117.493962,49.705944
"Forest_Tent_Caterpillar",-92.080986,46.811995
"Forest_Tent_Caterpillar",-79.00964,48.230442
"Forest_Tent_Caterpillar",-75.965292,46.388801
"Forest_Tent_Caterpillar",-71.066101,46.897053
"Forest_Tent_Caterpillar",-73.56147,45.557517
"Forest_Tent_Caterpillar",-90.641638,46.376413
"Forest_Tent_Caterpillar",-96.726051,46.876182
"Forest_Tent_Caterpillar",-89.549737,45.490953
"Forest_Tent_Caterpillar",-94.947122,47.432615
"Forest_Tent_Caterpillar",-123.408053,48.47828
"Forest_Tent_Caterpillar",-65.827311,45.521244
"Forest_Tent_Caterpillar",-113.497345,53.511959
"Forest_Tent_Caterpillar",-95.59697,29.37614
"Forest_Tent_Caterpillar",-84.301308,45.996128
"Forest_Tent_Caterpillar",-75.558909,45.718984
"Forest_Tent_Caterpillar",-76.772353,39.077531
"Forest_Tent_Caterpillar",-122.587813,48.796975
"Forest_Tent_Caterpillar",-89.247859,48.386924
"Forest_Tent_Caterpillar",-89.973915,46.709672
"Forest_Tent_Caterpillar",-68.685308,44.909356
"Forest_Tent_Caterpillar",-68.685293,44.909338
"Forest_Tent_Caterpillar",-72.24337,46.521653
"Forest_Tent_Caterpillar",-85.643837,48.7186
"Forest_Tent_Caterpillar",-79.167487,48.207809
"Forest_Tent_Caterpillar",-76.276175,45.636563
"Forest_Tent_Caterpillar",-113.131889,53.411727
"Forest_Tent_Caterpillar",-122.441585,48.697487
"Forest_Tent_Caterpillar",-78.380661,38.592819
"Forest_Tent_Caterpillar",-103.864618,49.671748
"Forest_Tent_Caterpillar",-65.830646,46.944494
"Forest_Tent_Caterpillar",-75.562967,45.628872
"Forest_Tent_Caterpillar",-93.723142,46.147003
"Forest_Tent_Caterpillar",-79.97481,47.654914
"Forest_Tent_Caterpillar",-75.555298,45.638876
"Forest_Tent_Caterpillar",-76.227158,44.780442
"Forest_Tent_Caterpillar",-72.971868,44.471906
"Forest_Tent_Caterpillar",-122.512569,48.77033
"Forest_Tent_Caterpillar",-71.980774,42.733795
"Forest_Tent_Caterpillar",-75.811396,45.38583
"Forest_Tent_Caterpillar",-91.19552,47.381378
"Forest_Tent_Caterpillar",-78.375213,41.564524
"Forest_Tent_Caterpillar",-81.304191,28.332516
"Forest_Tent_Caterpillar",-91.517807,44.797323
"Forest_Tent_Caterpillar",-80.263428,44.403565
"Forest_Tent_Caterpillar",-123.308625,48.46485
"Forest_Tent_Caterpillar",-89.61927,48.398666
"Forest_Tent_Caterpillar",-75.542811,38.981999
"Forest_Tent_Caterpillar",-75.517888,45.446318
"Forest_Tent_Caterpillar",-75.534987,38.974488
"Forest_Tent_Caterpillar",-73.637572,44.784458
"Forest_Tent_Caterpillar",-97.633095,30.438208
"Forest_Tent_Caterpillar",-78.738722,45.070173
"Forest_Tent_Caterpillar",-123.359987,48.4818
"Forest_Tent_Caterpillar",-88.671751,48.788942
"Forest_Tent_Caterpillar",-65.840146,46.950381
"Forest_Tent_Caterpillar",-75.554838,45.637766
"Forest_Tent_Caterpillar",-73.474466,43.796222
"Forest_Tent_Caterpillar",-122.54442,48.844928
"Forest_Tent_Caterpillar",-80.218611,45.353611
"Forest_Tent_Caterpillar",-78.89726,42.444588
"Forest_Tent_Caterpillar",-80.355575,43.704578
"Forest_Tent_Caterpillar",-92.868692,47.489674
"Forest_Tent_Caterpillar",-75.206469,38.755951
"Forest_Tent_Caterpillar",-89.732408,43.352004
"Forest_Tent_Caterpillar",-84.952038,33.447321
"Forest_Tent_Caterpillar",-65.249172,44.402995
"Forest_Tent_Caterpillar",-75.206469,38.755951
"Forest_Tent_Caterpillar",-95.32225,36.286616
"Forest_Tent_Caterpillar",-73.150591,44.775379
"Forest_Tent_Caterpillar",-91.195751,47.38201
"Forest_Tent_Caterpillar",-74.608911,42.304918
"Forest_Tent_Caterpillar",-120.056234,51.944972
"Forest_Tent_Caterpillar",-94.350054,46.456918
"Forest_Tent_Caterpillar",-76.25975,44.775783
"Forest_Tent_Caterpillar",-73.317254,41.507787
"Forest_Tent_Caterpillar",-70.949108,43.114073
"Forest_Tent_Caterpillar",-79.675077,47.503163
"Forest_Tent_Caterpillar",-114.048997,50.938095
"Forest_Tent_Caterpillar",-114.108081,50.993355
"Forest_Tent_Caterpillar",-65.840146,46.950381
"Forest_Tent_Caterpillar",-75.206469,38.755951
"Forest_Tent_Caterpillar",-72.423069,45.342692
"Forest_Tent_Caterpillar",-75.144,39.728541
"Forest_Tent_Caterpillar",-75.206469,38.755951
"Forest_Tent_Caterpillar",-75.579766,45.556464
"Forest_Tent_Caterpillar",-96.469852,46.863282
"Forest_Tent_Caterpillar",-122.725433,49.03585
"Forest_Tent_Caterpillar",-73.615892,42.548388
"Forest_Tent_Caterpillar",-111.822331,40.76955
"Forest_Tent_Caterpillar",-75.933789,38.981835
"Forest_Tent_Caterpillar",-86.952658,49.708247
"Forest_Tent_Caterpillar",-80.213689,45.35908
"Forest_Tent_Caterpillar",-77.201799,45.283502
"Forest_Tent_Caterpillar",-76.469392,44.247206
"Forest_Tent_Caterpillar",-122.605648,48.818613
"Forest_Tent_Caterpillar",-122.413322,48.69643
"Forest_Tent_Caterpillar",-76.52392,44.283162
"Forest_Tent_Caterpillar",-75.534987,38.974488
"Forest_Tent_Caterpillar",-89.830155,45.913058
"Forest_Tent_Caterpillar",-123.379692,48.512762
"Forest_Tent_Caterpillar",-96.542787,50.412778
"Forest_Tent_Caterpillar",-68.856919,44.758492
"Forest_Tent_Caterpillar",-78.336369,44.011842
"Forest_Tent_Caterpillar",-75.6285,45.344006
"Forest_Tent_Caterpillar",-68.841678,44.725039
"Forest_Tent_Caterpillar",-73.193348,44.600755
"Forest_Tent_Caterpillar",-76.71578,45.598735
"Forest_Tent_Caterpillar",-79.95015,43.470997
"Forest_Tent_Caterpillar",-63.178878,46.275191
"Forest_Tent_Caterpillar",-72.752618,44.326986
"Forest_Tent_Caterpillar",-71.221878,48.429175
"Forest_Tent_Caterpillar",-122.580812,48.828728
"Forest_Tent_Caterpillar",-75.542811,38.981999
"Forest_Tent_Caterpillar",-74.874144,39.312224
"Forest_Tent_Caterpillar",-80.066344,43.963876
"Forest_Tent_Caterpillar",-113.011359,51.83426
"Forest_Tent_Caterpillar",-75.542811,38.981999
"Forest_Tent_Caterpillar",-95.32225,36.286616
"Forest_Tent_Caterpillar",-68.392993,47.440205
"Forest_Tent_Caterpillar",-82.515033,29.404775
"Forest_Tent_Caterpillar",-123.322342,48.46402
"Forest_Tent_Caterpillar",-71.321934,46.867266
"Forest_Tent_Caterpillar",-97.329075,45.424642
"Forest_Tent_Caterpillar",-80.198333,45.350556
"Forest_Tent_Caterpillar",-68.364897,44.426378
"Forest_Tent_Caterpillar",-83.689928,35.641794
"Forest_Tent_Caterpillar",-123.198892,48.749038
"Forest_Tent_Caterpillar",-74.089911,42.327821
"Forest_Tent_Caterpillar",-79.329553,44.327283
"Forest_Tent_Caterpillar",-73.590299,41.259909
"Forest_Tent_Caterpillar",-71.047172,48.393775
"Forest_Tent_Caterpillar",-75.534987,38.974488
"Forest_Tent_Caterpillar",-72.99973,44.504647
"Forest_Tent_Caterpillar",-123.374468,48.464692
"Forest_Tent_Caterpillar",-91.664207,49.41494
"Forest_Tent_Caterpillar",-111.050758,45.680767
"Forest_Tent_Caterpillar",-80.977255,46.600945
"Forest_Tent_Caterpillar",-104.618894,50.445147
"Forest_Tent_Caterpillar",-72.122095,44.002384
"Forest_Tent_Caterpillar",-72.427332,43.613082
"Forest_Tent_Caterpillar",-68.244173,44.400795
"Forest_Tent_Caterpillar",-76.499062,42.384363
"Forest_Tent_Caterpillar",-95.32225,36.286616
"Forest_Tent_Caterpillar",-123.15148,49.81308
"Forest_Tent_Caterpillar",-95.32225,36.286616
"Forest_Tent_Caterpillar",-79.147125,48.171713
"Forest_Tent_Caterpillar",-122.686642,49.032388
"Forest_Tent_Caterpillar",-92.24457,47.425803
"Forest_Tent_Caterpillar",-79.36881,48.512621
"Forest_Tent_Caterpillar",-71.893674,45.404267
"Forest_Tent_Caterpillar",-89.264139,48.419448
"Forest_Tent_Caterpillar",-75.542811,38.981999
"Forest_Tent_Caterpillar",-75.904842,38.708933
"Forest_Tent_Caterpillar",-80.029319,43.47147
"Forest_Tent_Caterpillar",-95.32225,36.286616
"Forest_Tent_Caterpillar",-75.721796,39.227407
"Forest_Tent_Caterpillar",-124.091522,40.860997
"Forest_Tent_Caterpillar",-75.10257,39.692524
"Forest_Tent_Caterpillar",-122.126293,48.660259
"Forest_Tent_Caterpillar",-73.738625,41.804669
"Forest_Tent_Caterpillar",-80.06659,43.963575
"Forest_Tent_Caterpillar",-90.721634,45.776966
"Forest_Tent_Caterpillar",-80.215159,43.541347
"Forest_Tent_Caterpillar",-75.772111,45.285965
"Forest_Tent_Caterpillar",-122.663696,38.481007
"Forest_Tent_Caterpillar",-75.720423,39.227606
"Forest_Tent_Caterpillar",-74.874042,39.312211
"Forest_Tent_Caterpillar",-78.691025,45.429722
"Forest_Tent_Caterpillar",-95.32225,36.286616
"Forest_Tent_Caterpillar",-79.916348,43.584398
"Forest_Tent_Caterpillar",-75.904842,38.708933
"Forest_Tent_Caterpillar",-95.32225,36.286616
"Forest_Tent_Caterpillar",-80.205556,45.354722
"Forest_Tent_Caterpillar",-78.300087,44.363403
"Forest_Tent_Caterpillar",-70.087349,44.633289
"Forest_Tent_Caterpillar",-73.135197,43.894673
"Forest_Tent_Caterpillar",-81.65094,43.109974
"Forest_Tent_Caterpillar",-80.372855,43.132026
"Forest_Tent_Caterpillar",-72.971868,44.471906
"Forest_Tent_Caterpillar",-100.788633,46.807631
"Forest_Tent_Caterpillar",-75.751883,36.174764
"Forest_Tent_Caterpillar",-75.098608,38.710225
"Forest_Tent_Caterpillar",-96.876498,29.819564
"Forest_Tent_Caterpillar",-91.232769,30.290799
"Forest_Tent_Caterpillar",-68.207672,44.362767
"Forest_Tent_Caterpillar",-75.688692,42.518487
"Forest_Tent_Caterpillar",-91.272187,45.054164
"Forest_Tent_Caterpillar",-122.818913,46.293934
"Forest_Tent_Caterpillar",-72.971868,44.471906
"Forest_Tent_Caterpillar",-68.636147,44.413167
"Forest_Tent_Caterpillar",-76.958311,39.012646
"Forest_Tent_Caterpillar",-78.339133,44.554183
"Forest_Tent_Caterpillar",-79.74437,45.685628
"Forest_Tent_Caterpillar",-122.401501,49.228473
"Forest_Tent_Caterpillar",-75.470345,45.498763
"Forest_Tent_Caterpillar",-75.624534,38.387959
"Forest_Tent_Caterpillar",-79.053344,39.572105
"Forest_Tent_Caterpillar",-73.639762,45.554661
"Forest_Tent_Caterpillar",-71.270143,46.784414
"Forest_Tent_Caterpillar",-71.165198,43.060256
"Forest_Tent_Caterpillar",-71.052667,48.420447
"Forest_Tent_Caterpillar",-75.534987,38.974488
"Forest_Tent_Caterpillar",-95.58937,29.60403
"Forest_Tent_Caterpillar",-75.143962,39.728515
"Forest_Tent_Caterpillar",-78.064583,39.054389
"Forest_Tent_Caterpillar",-68.518792,47.030924
"Forest_Tent_Caterpillar",-90.201883,51.459412
"Forest_Tent_Caterpillar",-92.632485,44.851922
"Forest_Tent_Caterpillar",-70.087341,44.633289
"Forest_Tent_Caterpillar",-97.020525,34.460869
"Forest_Tent_Caterpillar",-122.472428,48.733087
"Forest_Tent_Caterpillar",-80.199167,45.349167
"Forest_Tent_Caterpillar",-71.258984,46.808304
"Forest_Tent_Caterpillar",-83.926279,35.15941
"Forest_Tent_Caterpillar",-122.663738,38.481119
"Forest_Tent_Caterpillar",-123.403458,48.47003
"Forest_Tent_Caterpillar",-93.209257,33.397609
"Forest_Tent_Caterpillar",-124.078486,40.886439
"Forest_Tent_Caterpillar",-104.5915,50.436753
"Forest_Tent_Caterpillar",-78.951653,48.352517
"Forest_Tent_Caterpillar",-95.520279,45.536071
"Forest_Tent_Caterpillar",-91.814593,47.867626
"Forest_Tent_Caterpillar",-79.439369,44.656364
"Forest_Tent_Caterpillar",-75.098383,38.710206
"Forest_Tent_Caterpillar",-90.574413,43.7062
"Forest_Tent_Caterpillar",-89.519372,46.217358
"Forest_Tent_Caterpillar",-75.098433,38.7104
"Forest_Tent_Caterpillar",-108.548606,45.795758
"Forest_Tent_Caterpillar",-76.483353,42.240938
"Forest_Tent_Caterpillar",-75.988164,45.647513
"Forest_Tent_Caterpillar",-93.230968,44.967366
"Forest_Tent_Caterpillar",-75.557956,45.639834
"Forest_Tent_Caterpillar",-77.911704,34.045302
"Forest_Tent_Caterpillar",-79.009483,48.230829
"Forest_Tent_Caterpillar",-75.098636,38.710294
"Forest_Tent_Caterpillar",-88.468069,45.156402
"Forest_Tent_Caterpillar",-123.040328,49.013825
"Forest_Tent_Caterpillar",-71.275442,46.774774
"Forest_Tent_Caterpillar",-81.209938,48.495358
"Forest_Tent_Caterpillar",-91.195538,47.381421
"Forest_Tent_Caterpillar",-121.958692,49.168133
"Forest_Tent_Caterpillar",-123.452296,48.405044
"Forest_Tent_Caterpillar",-73.418542,44.27858
"Forest_Tent_Caterpillar",-94.6859,46.641175
"Forest_Tent_Caterpillar",-76.445487,42.478521
"Forest_Tent_Caterpillar",-93.156478,44.945635
"Forest_Tent_Caterpillar",-80.286835,46.306
"Forest_Tent_Caterpillar",-95.32225,36.286616
"Forest_Tent_Caterpillar",-75.558766,45.635386
"Forest_Tent_Caterpillar",-73.87601,42.939872
"Forest_Tent_Caterpillar",-79.639097,47.427006
"Forest_Tent_Caterpillar",-76.496026,36.591293
"Forest_Tent_Caterpillar",-123.374275,48.465655
"Forest_Tent_Caterpillar",-71.992697,45.127115
"Forest_Tent_Caterpillar",-73.145373,44.501477
"Forest_Tent_Caterpillar",-84.673933,45.559892
"Forest_Tent_Caterpillar",-75.098344,38.710222
"Forest_Tent_Caterpillar",-122.503759,48.720856
"Forest_Tent_Caterpillar",-75.098675,38.710347
"Forest_Tent_Caterpillar",-68.386116,47.433971
"Forest_Tent_Caterpillar",-76.313953,45.731995
"Forest_Tent_Caterpillar",-108.301343,45.887608
"Forest_Tent_Caterpillar",-94.471608,49.78921
"Forest_Tent_Caterpillar",-89.104723,45.10444
"Forest_Tent_Caterpillar",-81.1981,48.473181
"Forest_Tent_Caterpillar",-84.772887,44.780022
"Forest_Tent_Caterpillar",-68.594408,47.233921
"Forest_Tent_Caterpillar",-90.574347,43.705693
"Forest_Tent_Caterpillar",-68.904362,44.789163
"Forest_Tent_Caterpillar",-79.323167,47.507075
"Forest_Tent_Caterpillar",-92.863578,45.566075
"Forest_Tent_Caterpillar",-72.405258,44.289703
"Forest_Tent_Caterpillar",-77.91204,34.045232
"Forest_Tent_Caterpillar",-72.267904,43.723106
"Forest_Tent_Caterpillar",-122.874367,49.30135
"Forest_Tent_Caterpillar",-75.098667,38.710294
"Forest_Tent_Caterpillar",-77.30759,44.474
"Forest_Tent_Caterpillar",-97.715147,30.192922
"Forest_Tent_Caterpillar",-73.258937,41.468747
"Forest_Tent_Caterpillar",-75.672165,45.059648
"Forest_Tent_Caterpillar",-114.090605,51.072667
"Forest_Tent_Caterpillar",-78.291422,44.56613
"Forest_Tent_Caterpillar",-80.559416,45.917752
"Forest_Tent_Caterpillar",-85.736307,36.140834
"Forest_Tent_Caterpillar",-123.310713,48.46352
"Forest_Tent_Caterpillar",-76.568804,42.365213
"Forest_Tent_Caterpillar",-80.471784,42.655241
"Forest_Tent_Caterpillar",-94.469517,49.797742
"Forest_Tent_Caterpillar",-90.574347,43.705693
"Forest_Tent_Caterpillar",-78.748415,42.089779
"Forest_Tent_Caterpillar",-88.522827,47.040039
"Forest_Tent_Caterpillar",-96.587821,50.568533
"Forest_Tent_Caterpillar",-71.173059,46.772533
"Forest_Tent_Caterpillar",-81.317345,48.490494
"Forest_Tent_Caterpillar",-79.212796,45.064791
"Forest_Tent_Caterpillar",-123.346217,48.461156
"Forest_Tent_Caterpillar",-123.345964,48.4612
"Forest_Tent_Caterpillar",-92.729395,45.521438
"Forest_Tent_Caterpillar",-71.114134,42.453647
"Forest_Tent_Caterpillar",-114.087564,51.073792
"Forest_Tent_Caterpillar",-93.167421,44.938899
"Forest_Tent_Caterpillar",-94.463357,49.784924
"Forest_Tent_Caterpillar",-123.423675,48.669362
"Forest_Tent_Caterpillar",-122.801888,53.893651
"Forest_Tent_Caterpillar",-75.576227,43.428172
"Forest_Tent_Caterpillar",-90.573775,43.706165
"Forest_Tent_Caterpillar",-76.496026,36.591293
"Forest_Tent_Caterpillar",-122.6577,49.017144
"Forest_Tent_Caterpillar",-94.251717,46.684174
"Forest_Tent_Caterpillar",-122.905746,49.215517
"Forest_Tent_Caterpillar",-89.899114,45.149428
"Forest_Tent_Caterpillar",-123.3738,48.46494
"Forest_Tent_Caterpillar",-69.948502,47.394739
"Forest_Tent_Caterpillar",-122.514922,48.763692
"Forest_Tent_Caterpillar",-123.04008,49.013825
"Forest_Tent_Caterpillar",-93.215263,46.697266
"Forest_Tent_Caterpillar",-84.686438,45.555788
"Forest_Tent_Caterpillar",-68.685317,44.909367
"Forest_Tent_Caterpillar",-75.098528,38.710289
"Forest_Tent_Caterpillar",-95.32225,36.286616
"Forest_Tent_Caterpillar",-78.014832,48.339881
"Forest_Tent_Caterpillar",-76.518013,44.274841
"Forest_Tent_Caterpillar",-72.142586,48.834458
"Forest_Tent_Caterpillar",-93.193655,44.934009
"Forest_Tent_Caterpillar",-79.100428,43.956816
"Forest_Tent_Caterpillar",-123.37372,48.465076
"Forest_Tent_Caterpillar",-75.834331,45.303053
"Forest_Tent_Caterpillar",-77.290881,41.7519
"Forest_Tent_Caterpillar",-114.124214,51.07935
"Forest_Tent_Caterpillar",-114.132958,53.025386
"Forest_Tent_Caterpillar",-123.406957,48.474759
"Forest_Tent_Caterpillar",-84.677094,45.560242
"Forest_Tent_Caterpillar",-79.639456,47.427256
"Forest_Tent_Caterpillar",-76.4926,42.313644
"Forest_Tent_Caterpillar",-93.192239,44.978665
"Forest_Tent_Caterpillar",-68.956062,44.669861
"Forest_Tent_Caterpillar",-73.512094,45.679582
"Forest_Tent_Caterpillar",-73.922976,44.220022
"Forest_Tent_Caterpillar",-93.145217,30.372685
"Forest_Tent_Caterpillar",-67.055497,45.078336
"Forest_Tent_Caterpillar",-124.095846,40.859886
"Forest_Tent_Caterpillar",-79.323805,47.50612
"Forest_Tent_Caterpillar",-123.399069,48.474073
"Forest_Tent_Caterpillar",-80.830467,44.345754
"Forest_Tent_Caterpillar",-96.584333,32.786627
"Forest_Tent_Caterpillar",-84.675125,45.559495
"Forest_Tent_Caterpillar",-75.720725,44.945463
"Forest_Tent_Caterpillar",-123.362779,48.467065
"Forest_Tent_Caterpillar",-97.157239,49.762884
"Forest_Tent_Caterpillar",-123.358848,48.492039
"Forest_Tent_Caterpillar",-97.271873,35.190338
"Forest_Tent_Caterpillar",-106.667267,52.111022
"Forest_Tent_Caterpillar",-84.334328,46.838975
"Forest_Tent_Caterpillar",-97.153267,35.43214
"Forest_Tent_Caterpillar",-97.271873,35.190338
"Forest_Tent_Caterpillar",-114.081367,51.077217
"Forest_Tent_Caterpillar",-72.786157,50.545933
"Forest_Tent_Caterpillar",-97.271873,35.190338
"Forest_Tent_Caterpillar",-84.109856,30.518694
"Forest_Tent_Caterpillar",-112.798334,49.670402
"Forest_Tent_Caterpillar",-74.069636,42.027156
"Forest_Tent_Caterpillar",-76.581625,36.899807
"Forest_Tent_Caterpillar",-76.12016,36.901754
"Forest_Tent_Caterpillar",-91.910403,34.247928
"Forest_Tent_Caterpillar",-114.063751,51.059622
"Forest_Tent_Caterpillar",-123.373695,48.46511
"Forest_Tent_Caterpillar",-83.49342,33.99082
"Forest_Tent_Caterpillar",-91.491667,45.103889
"Forest_Tent_Caterpillar",-89.541083,45.593028
"Forest_Tent_Caterpillar",-115.540495,52.889286
"Forest_Tent_Caterpillar",-67.394988,46.907938
"Forest_Tent_Caterpillar",-69.408041,44.901403
"Forest_Tent_Caterpillar",-123.351503,48.456092
"Forest_Tent_Caterpillar",-122.488945,48.730172
"Forest_Tent_Caterpillar",-77.912873,34.044917
"Forest_Tent_Caterpillar",-73.25377,42.65633
"Forest_Tent_Caterpillar",-75.098656,38.710331
"Forest_Tent_Caterpillar",-84.6753,45.55955
"Forest_Tent_Caterpillar",-93.061886,30.372043
"Forest_Tent_Caterpillar",-87.004814,46.496834
"Forest_Tent_Caterpillar",-79.324013,47.506122
"Forest_Tent_Caterpillar",-96.45385,46.864639
"Forest_Tent_Caterpillar",-122.492487,48.722737
"Forest_Tent_Caterpillar",-113.527474,53.488262
"Forest_Tent_Caterpillar",-65.827402,46.943656
"Forest_Tent_Caterpillar",-95.435759,29.010442
"Forest_Tent_Caterpillar",-76.454096,42.479134
"Forest_Tent_Caterpillar",-97.863641,30.161569
"Forest_Tent_Caterpillar",-76.878281,42.374045
"Forest_Tent_Caterpillar",-122.199649,49.134569
"Forest_Tent_Caterpillar",-123.315513,48.464383
"Forest_Tent_Caterpillar",-78.201549,38.861397
"Forest_Tent_Caterpillar",-123.344917,48.464083
"Forest_Tent_Caterpillar",-72.115338,43.964395
"Forest_Tent_Caterpillar",-122.486678,48.734203
"Forest_Tent_Caterpillar",-79.058177,43.890998
"Forest_Tent_Caterpillar",-79.089058,33.523548
"Forest_Tent_Caterpillar",-89.275025,44.542797
"Forest_Tent_Caterpillar",-73.124413,44.488689
"Forest_Tent_Caterpillar",-96.685755,32.856992
"Forest_Tent_Caterpillar",-95.65802,29.637597
"Forest_Tent_Caterpillar",-73.077235,45.023088
"Forest_Tent_Caterpillar",-95.979189,31.183014
"Forest_Tent_Caterpillar",-122.485062,48.738912
"Forest_Tent_Caterpillar",-79.689523,45.270757
"Forest_Tent_Caterpillar",-68.594367,47.234375
"Forest_Tent_Caterpillar",-94.981033,49.361847
"Forest_Tent_Caterpillar",-70.009689,41.754954
"Forest_Tent_Caterpillar",-71.414207,46.843536
"Forest_Tent_Caterpillar",-73.251488,44.381242
"Forest_Tent_Caterpillar",-71.35031,46.754485
"Forest_Tent_Caterpillar",-79.484042,47.593116
"Forest_Tent_Caterpillar",-93.599298,46.986251
"Forest_Tent_Caterpillar",-76.401917,42.710785
"Forest_Tent_Caterpillar",-122.596576,53.018716
"Forest_Tent_Caterpillar",-82.173806,35.921637
"Forest_Tent_Caterpillar",-122.593445,48.830938
"Forest_Tent_Caterpillar",-72.519686,42.876076
"Forest_Tent_Caterpillar",-72.752618,44.326986
"Forest_Tent_Caterpillar",-74.124995,42.741221
"Forest_Tent_Caterpillar",-72.283689,41.812935
"Forest_Tent_Caterpillar",-123.374178,48.464631
"Forest_Tent_Caterpillar",-77.109925,38.635345
"Forest_Tent_Caterpillar",-122.636653,38.232392
"Forest_Tent_Caterpillar",-83.244373,35.518973
"Forest_Tent_Caterpillar",-76.611019,36.898027
"Forest_Tent_Caterpillar",-122.864579,38.65693
"Forest_Tent_Caterpillar",-75.058566,39.680957
"Forest_Tent_Caterpillar",-83.301318,34.648876
"Forest_Tent_Caterpillar",-123.359878,48.481625
"Forest_Tent_Caterpillar",-122.490217,48.728289
"Forest_Tent_Caterpillar",-74.127425,41.187012
"Forest_Tent_Caterpillar",-123.313995,48.463028
"Forest_Tent_Caterpillar",-71.623006,42.593207
"Forest_Tent_Caterpillar",-122.488794,48.730567
"Forest_Tent_Caterpillar",-74.473278,41.543472
"Forest_Tent_Caterpillar",-78.811713,44.476428
"Forest_Tent_Caterpillar",-123.308563,48.46602
"Forest_Tent_Caterpillar",-86.454559,33.543747
"Forest_Tent_Caterpillar",-76.336453,41.114528
"Forest_Tent_Caterpillar",-92.608492,45.289312
"Forest_Tent_Caterpillar",-123.312568,48.464686
"Forest_Tent_Caterpillar",-98.609876,30.236053
"Forest_Tent_Caterpillar",-97.385113,30.347278
"Forest_Tent_Caterpillar",-93.672821,47.324833
"Forest_Tent_Caterpillar",-75.783989,43.3447
"Forest_Tent_Caterpillar",-72.395304,41.947764
"Forest_Tent_Caterpillar",-92.309625,44.5608
"Forest_Tent_Caterpillar",-122.486211,48.734781
"Forest_Tent_Caterpillar",-90.420424,47.948277
"Forest_Tent_Caterpillar",-91.929726,30.101883
"Forest_Tent_Caterpillar",-87.313507,36.504949
"Forest_Tent_Caterpillar",-122.107121,47.653885
"Forest_Tent_Caterpillar",-76.6,42.49
"Forest_Tent_Caterpillar",-123.39698,48.485192
"Forest_Tent_Caterpillar",-89.54985,45.499455
"Forest_Tent_Caterpillar",-75.828986,42.203945
"Forest_Tent_Caterpillar",-84.471912,42.71851
"Forest_Tent_Caterpillar",-96.398973,35.476869
"Forest_Tent_Caterpillar",-84.67707,45.559058
"Forest_Tent_Caterpillar",-95.77334,46.358684
"Forest_Tent_Caterpillar",-93.167984,44.938361
"Forest_Tent_Caterpillar",-72.405638,41.406625
"Forest_Tent_Caterpillar",-122.83055,49.179142
"Forest_Tent_Caterpillar",-72.526283,43.130367
"Forest_Tent_Caterpillar",-72.393845,41.423783
"Forest_Tent_Caterpillar",-77.472656,41.724449
"Forest_Tent_Caterpillar",-123.344146,48.477059
"Forest_Tent_Caterpillar",-74.110174,42.595565
"Forest_Tent_Caterpillar",-93.261078,46.762572
"Forest_Tent_Caterpillar",-71.16508,43.060293
"Forest_Tent_Caterpillar",-74.000486,41.766054
"Forest_Tent_Caterpillar",-77.911784,34.045109
"Forest_Tent_Caterpillar",-83.190789,35.426153
"Forest_Tent_Caterpillar",-71.107901,42.447804
"Forest_Tent_Caterpillar",-81.400352,46.015955
"Forest_Tent_Caterpillar",-71.300411,42.439387
"Forest_Tent_Caterpillar",-123.359847,48.478685
"Forest_Tent_Caterpillar",-96.623962,32.812472
"Forest_Tent_Caterpillar",-92.768676,46.45081
"Forest_Tent_Caterpillar",-81.541633,43.034589
"Forest_Tent_Caterpillar",-75.784281,45.33425
"Forest_Tent_Caterpillar",-73.082333,45.021544
"Forest_Tent_Caterpillar",-93.368912,44.841098
"Forest_Tent_Caterpillar",-123.371416,48.460238
"Forest_Tent_Caterpillar",-84.676996,45.559003
"Forest_Tent_Caterpillar",-92.18396,43.633392
"Forest_Tent_Caterpillar",-72.661118,45.362915
"Forest_Tent_Caterpillar",-75.271578,45.563826
"Forest_Tent_Caterpillar",-73.729478,41.723713
"Forest_Tent_Caterpillar",-73.691002,46.038269
"Forest_Tent_Caterpillar",-75.56385,41.142575
"Forest_Tent_Caterpillar",-96.589942,32.76913
"Forest_Tent_Caterpillar",-77.893194,44.431875
"Forest_Tent_Caterpillar",-93.164069,36.623116
"Forest_Tent_Caterpillar",-97.549117,29.787353
"Forest_Tent_Caterpillar",-122.482811,48.753021
"Forest_Tent_Caterpillar",-124.090105,40.856688
"Forest_Tent_Caterpillar",-93.293,43.624129
"Forest_Tent_Caterpillar",-93.486404,46.147888
"Forest_Tent_Caterpillar",-123.429667,48.661783
"Forest_Tent_Caterpillar",-79.020088,48.240314
"Forest_Tent_Caterpillar",-122.488967,48.730771
"Forest_Tent_Caterpillar",-82.778647,35.3532
"Forest_Tent_Caterpillar",-75.82093,40.200088
"Forest_Tent_Caterpillar",-123.313198,48.463691
"Forest_Tent_Caterpillar",-87.359453,36.529771
"Forest_Tent_Caterpillar",-97.385168,30.347209
"Forest_Tent_Caterpillar",-122.49015,48.728438
"Forest_Tent_Caterpillar",-77.907592,34.050775
"Forest_Tent_Caterpillar",-122.580866,48.829062
"Forest_Tent_Caterpillar",-113.528472,53.52562
"Forest_Tent_Caterpillar",-93.184883,44.984612
"Forest_Tent_Caterpillar",-93.261313,46.762433
"Forest_Tent_Caterpillar",-69.869367,44.803961
"Forest_Tent_Caterpillar",-73.246597,44.500336
"Forest_Tent_Caterpillar",-80.97092,40.383914
"Forest_Tent_Caterpillar",-75.703925,35.917155
"Forest_Tent_Caterpillar",-77.30344,44.47883
"Forest_Tent_Caterpillar",-122.593347,48.830889
"Forest_Tent_Caterpillar",-97.547259,30.350383
"Forest_Tent_Caterpillar",-75.985195,40.202864
"Forest_Tent_Caterpillar",-124.079366,40.885336
"Forest_Tent_Caterpillar",-80.427101,46.089279
"Forest_Tent_Caterpillar",-77.997842,45.107272
"Forest_Tent_Caterpillar",-123.393929,48.46463
"Forest_Tent_Caterpillar",-83.688896,35.640106
"Forest_Tent_Caterpillar",-73.589419,43.33518
"Forest_Tent_Caterpillar",-74.236756,41.72865
"Forest_Tent_Caterpillar",-91.929603,30.101696
"Forest_Tent_Caterpillar",-79.38015,38.82505
"Forest_Tent_Caterpillar",-79.968538,43.513294
"Forest_Tent_Caterpillar",-80.559625,45.91732
"Forest_Tent_Caterpillar",-76.219485,44.526685
"Forest_Tent_Caterpillar",-96.638883,32.912624
"Forest_Tent_Caterpillar",-75.829551,45.346921
"Forest_Tent_Caterpillar",-122.489037,48.730537
"Forest_Tent_Caterpillar",-91.929741,30.101669
"Forest_Tent_Caterpillar",-97.547228,30.349949
"Forest_Tent_Caterpillar",-71.621776,42.093216
"Forest_Tent_Caterpillar",-91.929071,30.101749
"Forest_Tent_Caterpillar",-93.18924,44.945348
"Forest_Tent_Caterpillar",-82.362727,29.644049
"Forest_Tent_Caterpillar",-123.409287,48.472623
"Forest_Tent_Caterpillar",-77.498576,40.818931
"Forest_Tent_Caterpillar",-78.237197,44.468513
"Forest_Tent_Caterpillar",-92.419093,33.811098
"Forest_Tent_Caterpillar",-80.669297,43.177362
"Forest_Tent_Caterpillar",-76.346505,42.966062
"Forest_Tent_Caterpillar",-123.37395,48.465256
"Forest_Tent_Caterpillar",-85.97325,32.685013
"Forest_Tent_Caterpillar",-78.018011,40.544021
"Forest_Tent_Caterpillar",-81.200357,32.038844
"Forest_Tent_Caterpillar",-123.37369,48.464886
"Forest_Tent_Caterpillar",-74.854905,39.248058
"Forest_Tent_Caterpillar",-71.580668,42.661021
"Forest_Tent_Caterpillar",-81.808693,43.119537
"Forest_Tent_Caterpillar",-72.453737,41.47052
"Forest_Tent_Caterpillar",-81.0764,32.172692
"Forest_Tent_Caterpillar",-97.820085,30.204954
"Forest_Tent_Caterpillar",-73.185395,41.38582
"Forest_Tent_Caterpillar",-85.767922,42.921852
"Forest_Tent_Caterpillar",-76.650131,39.840454
"Forest_Tent_Caterpillar",-95.605116,29.374941
"Forest_Tent_Caterpillar",-122.808846,38.376433
"Forest_Tent_Caterpillar",-123.37399,48.4653
"Forest_Tent_Caterpillar",-96.918656,32.635196
"Forest_Tent_Caterpillar",-123.374875,48.464502
"Forest_Tent_Caterpillar",-123.377433,48.468753
"Forest_Tent_Caterpillar",-83.421997,35.716775
"Forest_Tent_Caterpillar",-76.390034,36.739683
"Forest_Tent_Caterpillar",-82.43277,29.093272
"Forest_Tent_Caterpillar",-77.300536,44.477935
"Forest_Tent_Caterpillar",-91.846276,32.503649
"Forest_Tent_Caterpillar",-123.28337,48.545052
"Forest_Tent_Caterpillar",-84.860134,36.478907
"Forest_Tent_Caterpillar",-94.765904,30.09823
"Forest_Tent_Caterpillar",-124.092583,40.856942
"Forest_Tent_Caterpillar",-96.919536,32.634918
"Forest_Tent_Caterpillar",-96.349342,33.092133
"Forest_Tent_Caterpillar",-85.973137,32.684975
"Forest_Tent_Caterpillar",-79.15489,35.88935
"Forest_Tent_Caterpillar",-73.950792,41.445933
"Forest_Tent_Caterpillar",-81.631176,32.768994
"Forest_Tent_Caterpillar",-123.373428,48.464661
"Forest_Tent_Caterpillar",-123.357391,48.461761
"Forest_Tent_Caterpillar",-123.373764,48.465026
"Forest_Tent_Caterpillar",-79.845219,33.823656
"Forest_Tent_Caterpillar",-74.01738,41.856812
"Forest_Tent_Caterpillar",-82.68712,35.285283
"Forest_Tent_Caterpillar",-95.326354,46.113459
"Forest_Tent_Caterpillar",-122.824504,38.448026
"Forest_Tent_Caterpillar",-84.999922,29.999072
"Forest_Tent_Caterpillar",-94.275073,31.058353
"Forest_Tent_Caterpillar",-123.374847,48.46447
"Forest_Tent_Caterpillar",-123.377014,48.462533
"Forest_Tent_Caterpillar",-76.521539,42.307571
"Forest_Tent_Caterpillar",-75.410378,38.741925
"Forest_Tent_Caterpillar",-96.238601,36.358083
"Forest_Tent_Caterpillar",-123.353634,48.445592
"Forest_Tent_Caterpillar",-84.141514,34.57042
"Forest_Tent_Caterpillar",-123.374322,48.464665
"Forest_Tent_Caterpillar",-97.433853,33.742605
"Forest_Tent_Caterpillar",-123.395872,48.461463
"Forest_Tent_Caterpillar",-82.432813,29.093281
"Forest_Tent_Caterpillar",-82.43277,29.093272
"Forest_Tent_Caterpillar",-74.48866,40.714323
"Forest_Tent_Caterpillar",-94.493113,35.701378
"Forest_Tent_Caterpillar",-73.990388,41.316404
"Forest_Tent_Caterpillar",-83.601242,35.666258
"Forest_Tent_Caterpillar",-81.785355,32.448944
"Forest_Tent_Caterpillar",-96.70537,32.70368
"Forest_Tent_Caterpillar",-75.411231,38.738963
"Forest_Tent_Caterpillar",-82.432762,29.093303
"Forest_Tent_Caterpillar",-84.94635,42.480865
"Forest_Tent_Caterpillar",-123.310553,48.438746
"Forest_Tent_Caterpillar",-83.43,35.45
"Forest_Tent_Caterpillar",-96.918628,32.635847
"Forest_Tent_Caterpillar",-92.057363,32.076832
"Forest_Tent_Caterpillar",-95.605116,29.374941
"Forest_Tent_Caterpillar",-122.78081,49.044276
"Forest_Tent_Caterpillar",-96.767604,32.933716
"Forest_Tent_Caterpillar",-72.971868,44.471906
"Forest_Tent_Caterpillar",-123.372639,48.578313
"Forest_Tent_Caterpillar",-83.030447,35.587442
"Forest_Tent_Caterpillar",-80.176468,33.01889
"Forest_Tent_Caterpillar",-82.432717,29.093275
"Forest_Tent_Caterpillar",-79.001542,34.053539
"Forest_Tent_Caterpillar",-70.202377,44.147217
"Forest_Tent_Caterpillar",-78.355162,39.643252
"Forest_Tent_Caterpillar",-85.368362,35.163875
"Forest_Tent_Caterpillar",-76.521759,42.306829
"Forest_Tent_Caterpillar",-113.493404,53.449151
"Forest_Tent_Caterpillar",-76.441488,38.169157
"Forest_Tent_Caterpillar",-81.194345,32.193692
"Forest_Tent_Caterpillar",-123.37372,48.464644
"Forest_Tent_Caterpillar",-113.515189,53.524282
"Forest_Tent_Caterpillar",-123.37425,48.465694
"Forest_Tent_Caterpillar",-75.72128,39.227872
"Forest_Tent_Caterpillar",-74.236755,41.124967
"Forest_Tent_Caterpillar",-96.787287,33.68643
"Forest_Tent_Caterpillar",-83.069736,35.500411
"Forest_Tent_Caterpillar",-79.530799,44.028785
"Forest_Tent_Caterpillar",-78.050151,40.387348
"Forest_Tent_Caterpillar",-74.20274,41.085519
"Forest_Tent_Caterpillar",-84.999958,29.999
"Forest_Tent_Caterpillar",-78.303871,38.553978
"Forest_Tent_Caterpillar",-86.377188,41.552891
"Forest_Tent_Caterpillar",-76.029608,40.648925
"Forest_Tent_Caterpillar",-72.254236,43.965769
"Forest_Tent_Caterpillar",-73.25802,41.389347
"Forest_Tent_Caterpillar",-123.408781,48.474057
"Forest_Tent_Caterpillar",-122.480694,48.747442
"Forest_Tent_Caterpillar",-86.094208,37.18037
"Forest_Tent_Caterpillar",-82.43277,29.093311
"Forest_Tent_Caterpillar",-80.474025,33.484223
"Forest_Tent_Caterpillar",-76.224377,36.802497
"Forest_Tent_Caterpillar",-73.233266,44.373418
"Forest_Tent_Caterpillar",-79.54754,38.497698
"Forest_Tent_Caterpillar",-96.759225,32.774758
"Forest_Tent_Caterpillar",-122.883468,38.580036
"Forest_Tent_Caterpillar",-81.188583,32.249742
"Forest_Tent_Caterpillar",-78.88579,35.94156
"Forest_Tent_Caterpillar",-80.750793,37.364147
"Forest_Tent_Caterpillar",-83.689821,37.780931
"Forest_Tent_Caterpillar",-81.295815,31.909452
"Forest_Tent_Caterpillar",-81.607608,31.881587
"Forest_Tent_Caterpillar",-75.209411,40.491537
"Forest_Tent_Caterpillar",-97.2295,32.930695
"Forest_Tent_Caterpillar",-78.04373,39.692758
"Forest_Tent_Caterpillar",-85.973288,32.684925
"Forest_Tent_Caterpillar",-85.368316,35.162462
"Forest_Tent_Caterpillar",-76.780483,39.064263
"Forest_Tent_Caterpillar",-74.940517,39.005883
"Forest_Tent_Caterpillar",-95.583061,29.375772
"Forest_Tent_Caterpillar",-96.685753,32.856995
"Forest_Tent_Caterpillar",-90.146208,29.962612
"Forest_Tent_Caterpillar",-82.238624,29.668563
"Forest_Tent_Caterpillar",-80.197419,32.791539
"Forest_Tent_Caterpillar",-96.759064,32.77494
"Forest_Tent_Caterpillar",-80.191902,32.983429
"Forest_Tent_Caterpillar",-83.58252,35.657817
"Forest_Tent_Caterpillar",-97.845975,30.159762
"Forest_Tent_Caterpillar",-83.481278,35.669695
"Forest_Tent_Caterpillar",-80.142139,32.937024
"Forest_Tent_Caterpillar",-76.238986,44.779745
"Forest_Tent_Caterpillar",-95.597747,29.380242
"Forest_Tent_Caterpillar",-92.220551,32.544542
"Forest_Tent_Caterpillar",-95.902817,36.22333
"Forest_Tent_Caterpillar",-79.024132,36.005891
"Forest_Tent_Caterpillar",-80.824355,33.829037
"Forest_Tent_Caterpillar",-82.89327,35.032779
"Forest_Tent_Caterpillar",-78.937562,35.985325
"Forest_Tent_Caterpillar",-74.903755,39.069576
"Forest_Tent_Caterpillar",-85.626559,38.335909
"Forest_Tent_Caterpillar",-76.360283,36.686113
"Forest_Tent_Caterpillar",-77.043694,36.678345
"Forest_Tent_Caterpillar",-76.425813,37.055064
"Forest_Tent_Caterpillar",-81.603506,31.262417
"Forest_Tent_Caterpillar",-85.3675,35.162289
"Forest_Tent_Caterpillar",-75.396142,40.180748
"Forest_Tent_Caterpillar",-85.973305,32.684933
"Forest_Tent_Caterpillar",-76.256424,36.75589
"Forest_Tent_Caterpillar",-82.510056,35.642288
"Forest_Tent_Caterpillar",-78.187042,36.289822
"Forest_Tent_Caterpillar",-91.347801,36.782888
"Forest_Tent_Caterpillar",-122.769043,38.352997
"Forest_Tent_Caterpillar",-92.739795,30.745418
"Forest_Tent_Caterpillar",-97.701046,30.241689
"Forest_Tent_Caterpillar",-80.797315,36.937733
"Forest_Tent_Caterpillar",-85.945172,32.574129
"Forest_Tent_Caterpillar",-80.233437,33.041264
"Forest_Tent_Caterpillar",-96.759075,32.774952
"Forest_Tent_Caterpillar",-75.378815,38.711992
"Forest_Tent_Caterpillar",-81.605446,36.073595
"Forest_Tent_Caterpillar",-80.055433,32.979475
"Forest_Tent_Caterpillar",-80.94839,34.062752
"Forest_Tent_Caterpillar",-76.937397,36.703085
"Forest_Tent_Caterpillar",-76.630638,36.98
"Forest_Tent_Caterpillar",-97.700462,30.241998
"Forest_Tent_Caterpillar",-81.321572,32.019795
"Forest_Tent_Caterpillar",-76.71967,37.662561
"Forest_Tent_Caterpillar",-91.173158,30.412476
"Forest_Tent_Caterpillar",-92.49736,31.146568
"Forest_Tent_Caterpillar",-96.352233,30.611
"Forest_Tent_Caterpillar",-96.352295,30.610967
"Forest_Tent_Caterpillar",-85.945285,32.574153
"Forest_Tent_Caterpillar",-97.588219,29.870372
"Forest_Tent_Caterpillar",-97.886504,30.208872
"Forest_Tent_Caterpillar",-96.249856,32.721227
"Forest_Tent_Caterpillar",-91.096158,30.310698
"Forest_Tent_Caterpillar",-97.391311,31.852944
"Forest_Tent_Caterpillar",-95.732509,29.765044
"Forest_Tent_Caterpillar",-91.107497,30.370592
"Forest_Tent_Caterpillar",-91.105447,30.36967
"Forest_Tent_Caterpillar",-88.036062,36.903276
"Forest_Tent_Caterpillar",-80.610367,33.8148
"Forest_Tent_Caterpillar",-95.902947,36.223512
"Forest_Tent_Caterpillar",-77.044392,37.499333
"Forest_Tent_Caterpillar",-91.232774,30.290789
"Forest_Tent_Caterpillar",-91.105408,30.36968
"Forest_Tent_Caterpillar",-95.9029,36.223495
"Forest_Tent_Caterpillar",-96.266137,30.558433
"Forest_Tent_Caterpillar",-96.75959,35.07188
"Forest_Tent_Caterpillar",-77.425785,45.016245
"Forest_Tent_Caterpillar",-78.655881,45.546431
"Forest_Tent_Caterpillar",-95.510561,32.718462
"Forest_Tent_Caterpillar",-97.701012,30.241888
"Forest_Tent_Caterpillar",-82.194091,35.411618
"Forest_Tent_Caterpillar",-94.765904,30.098231
"Forest_Tent_Caterpillar",-77.756772,39.316589
"Forest_Tent_Caterpillar",-96.33579,30.614843
"Forest_Tent_Caterpillar",-77.440012,39.057536
"Forest_Tent_Caterpillar",-85.149831,34.620749
"Forest_Tent_Caterpillar",-85.945145,32.574082
"Forest_Tent_Caterpillar",-76.539268,37.180389
"Forest_Tent_Caterpillar",-76.359411,36.689295
"Forest_Tent_Caterpillar",-76.343639,36.738646
"Forest_Tent_Caterpillar",-96.794124,32.663181
"Forest_Tent_Caterpillar",-85.369184,35.162042
"Forest_Tent_Caterpillar",-92.983908,32.132632
"Forest_Tent_Caterpillar",-95.833552,36.11568
"Forest_Tent_Caterpillar",-80.612463,33.813795
"Forest_Tent_Caterpillar",-77.868351,38.966711
"Forest_Tent_Caterpillar",-95.991188,36.068298
"Forest_Tent_Caterpillar",-96.384489,30.596399
"Forest_Tent_Caterpillar",-77.101796,38.756012
"Forest_Tent_Caterpillar",-78.490448,38.661633
"Forest_Tent_Caterpillar",-76.958052,39.012897
"Forest_Tent_Caterpillar",-78.294558,38.934995
"Forest_Tent_Caterpillar",-74.247039,41.048282
"Forest_Tent_Caterpillar",-90.734803,29.729062
"Forest_Tent_Caterpillar",-97.28114,30.10694
"Forest_Tent_Caterpillar",-75.481431,38.526833
"Forest_Tent_Caterpillar",-87.025244,31.34667
"Forest_Tent_Caterpillar",-77.098428,38.756687
"Forest_Tent_Caterpillar",-83.829826,34.940033
"Forest_Tent_Caterpillar",-95.306341,32.716684
"Forest_Tent_Caterpillar",-81.590697,30.629413
"Forest_Tent_Caterpillar",-76.359444,36.689319
"Forest_Tent_Caterpillar",-91.124246,30.384057
"Forest_Tent_Caterpillar",-75.833866,39.085529
"Forest_Tent_Caterpillar",-84.977364,37.458473
"Forest_Tent_Caterpillar",-76.773721,39.083859
"Forest_Tent_Caterpillar",-95.276007,32.600903
"Forest_Tent_Caterpillar",-75.758842,39.568462
"Forest_Tent_Caterpillar",-78.722313,38.405078
"Forest_Tent_Caterpillar",-91.170988,30.400466
"Forest_Tent_Caterpillar",-94.691802,34.145233
"Forest_Tent_Caterpillar",-75.233671,39.476872
"Forest_Tent_Caterpillar",-97.81243,30.65105
"Forest_Tent_Caterpillar",-97.316955,35.125993
"Forest_Tent_Caterpillar",-79.333561,37.648855
"Forest_Tent_Caterpillar",-77.70848,38.836555
"Forest_Tent_Caterpillar",-78.01651,39.630497
"Forest_Tent_Caterpillar",-86.158544,34.205683
"Forest_Tent_Caterpillar",-80.824172,33.82963
"Forest_Tent_Caterpillar",-74.834571,39.998681
"Forest_Tent_Caterpillar",-78.292973,38.934914
"Forest_Tent_Caterpillar",-94.253328,30.132414
"Forest_Tent_Caterpillar",-96.336269,30.626656
"Forest_Tent_Caterpillar",-74.945625,40.326599
"Forest_Tent_Caterpillar",-97.28114,30.10694
"Forest_Tent_Caterpillar",-75.962761,40.633301
"Forest_Tent_Caterpillar",-97.018967,32.966353
"Forest_Tent_Caterpillar",-80.820693,33.82893
"Forest_Tent_Caterpillar",-97.241572,35.235614
"Forest_Tent_Caterpillar",-80.824547,33.828608
"Forest_Tent_Caterpillar",-77.105587,38.754525
"Forest_Tent_Caterpillar",-91.105656,30.366986
"Forest_Tent_Caterpillar",-77.105019,38.754519
"Forest_Tent_Caterpillar",-81.4012,46.014747
"Forest_Tent_Caterpillar",-97.701012,30.241888
"Forest_Tent_Caterpillar",-77.263725,45.569042
"Forest_Tent_Caterpillar",-82.193792,35.411581
"Forest_Tent_Caterpillar",-91.12825,30.399417
"Forest_Tent_Caterpillar",-77.915429,45.049656
"Forest_Tent_Caterpillar",-96.701361,32.700528
"Forest_Tent_Caterpillar",-80.855727,32.325354
"Forest_Tent_Caterpillar",-92.477207,35.290616
"Forest_Tent_Caterpillar",-76.841994,39.016103
"Forest_Tent_Caterpillar",-89.963815,30.031986
"Forest_Tent_Caterpillar",-78.819523,45.441505
"Forest_Tent_Caterpillar",-97.701012,30.241888
"Forest_Tent_Caterpillar",-96.726951,32.804658
"Forest_Tent_Caterpillar",-118.204,50.994
"Forest_Tent_Caterpillar",-76.794547,39.031822
"Forest_Tent_Caterpillar",-77.997428,45.107125
"Forest_Tent_Caterpillar",-91.128289,30.399388
"Forest_Tent_Caterpillar",-97.701012,30.241888
"Forest_Tent_Caterpillar",-74.88423,39.863875
"Forest_Tent_Caterpillar",-90.734278,30.10229
"Forest_Tent_Caterpillar",-77.073955,44.990817
"Forest_Tent_Caterpillar",-76.494209,37.08725
"Forest_Tent_Caterpillar",-80.855727,32.325354
"Forest_Tent_Caterpillar",-76.356742,36.505375
"Forest_Tent_Caterpillar",-83.397595,35.677665
"Forest_Tent_Caterpillar",-76.257044,36.75243
"Forest_Tent_Caterpillar",-91.107952,30.368284
"Forest_Tent_Caterpillar",-97.035417,33.4992
"Forest_Tent_Caterpillar",-80.855727,32.325354
"Forest_Tent_Caterpillar",-91.105505,30.369667
"Forest_Tent_Caterpillar",-76.445318,36.818767
"Forest_Tent_Caterpillar",-79.529663,46.160799
"Forest_Tent_Caterpillar",-76.102997,39.056854
"Forest_Tent_Caterpillar",-96.722908,32.73122
"Forest_Tent_Caterpillar",-76.360586,38.124047
"Forest_Tent_Caterpillar",-83.500837,35.68911
"Forest_Tent_Caterpillar",-82.193985,35.411711
"Forest_Tent_Caterpillar",-71.191735,46.932201
"Forest_Tent_Caterpillar",-92.477432,35.290239
"Forest_Tent_Caterpillar",-97.75892,30.458338
"Forest_Tent_Caterpillar",-91.128462,30.399346
"Forest_Tent_Caterpillar",-118.204,50.994
"Forest_Tent_Caterpillar",-81.0894,46.58655
"Forest_Tent_Caterpillar",-81.254358,31.838257
"Forest_Tent_Caterpillar",-82.43273,29.093292
"Forest_Tent_Caterpillar",-83.195841,38.743561
"Forest_Tent_Caterpillar",-95.862595,36.04575
"Forest_Tent_Caterpillar",-96.705095,32.702
"Forest_Tent_Caterpillar",-76.694947,37.27155
"Forest_Tent_Caterpillar",-96.336264,30.592464
"Forest_Tent_Caterpillar",-91.105658,30.36952
"Forest_Tent_Caterpillar",-96.674247,33.058507
"Forest_Tent_Caterpillar",-91.096158,30.310698
"Forest_Tent_Caterpillar",-91.128272,30.399363
"Forest_Tent_Caterpillar",-91.107453,30.369528
"Forest_Tent_Caterpillar",-96.283228,30.584978
"Forest_Tent_Caterpillar",-96.72581,32.852282
"Forest_Tent_Caterpillar",-91.107824,30.370197
"Forest_Tent_Caterpillar",-122.657586,38.458719
"Forest_Tent_Caterpillar",-91.105644,30.371845
"Forest_Tent_Caterpillar",-77.70848,38.836767
"Forest_Tent_Caterpillar",-91.105592,30.369908
"Forest_Tent_Caterpillar",-77.118794,38.761517
"Forest_Tent_Caterpillar",-90.993842,30.345063
"Forest_Tent_Caterpillar",-96.374323,36.197773
"Forest_Tent_Caterpillar",-81.460322,32.793094
"Forest_Tent_Caterpillar",-76.525733,36.713188
"Forest_Tent_Caterpillar",-76.44477,36.818547
"Forest_Tent_Caterpillar",-96.702954,32.701688
"Forest_Tent_Caterpillar",-76.231375,36.88211
"Forest_Tent_Caterpillar",-91.104556,30.369999
"Forest_Tent_Caterpillar",-87.316727,36.438538
"Forest_Tent_Caterpillar",-83.380145,33.980771
"Forest_Tent_Caterpillar",-92.49993,34.840103
"Forest_Tent_Caterpillar",-96.671088,33.05375
"Forest_Tent_Caterpillar",-91.128247,30.399357
"Forest_Tent_Caterpillar",-75.677481,35.915479
"Forest_Tent_Caterpillar",-80.448195,33.213503
"Forest_Tent_Caterpillar",-96.870942,33.70483
"Forest_Tent_Caterpillar",-78.420005,34.258549
"Forest_Tent_Caterpillar",-75.886963,37.431942
"Forest_Tent_Caterpillar",-97.700875,30.241555
"Forest_Tent_Caterpillar",-91.107558,30.369553
"Forest_Tent_Caterpillar",-91.100984,30.375864
"Forest_Tent_Caterpillar",-85.577812,34.55817
"Forest_Tent_Caterpillar",-97.942987,29.888808
"Forest_Tent_Caterpillar",-81.028647,33.995363
"Forest_Tent_Caterpillar",-82.412095,29.635067
"Forest_Tent_Caterpillar",-97.94645,29.89498
"Forest_Tent_Caterpillar",-76.424118,36.84164
"Forest_Tent_Caterpillar",-80.824795,33.829637
"Forest_Tent_Caterpillar",-80.351197,33.220255
"Forest_Tent_Caterpillar",-96.252604,36.241699
"Forest_Tent_Caterpillar",-85.473857,32.035027
"Forest_Tent_Caterpillar",-96.704863,32.759762
"Forest_Tent_Caterpillar",-75.877089,46.226359
"Forest_Tent_Caterpillar",-96.700004,33.168035
"Forest_Tent_Caterpillar",-95.510085,32.71917
"Forest_Tent_Caterpillar",-96.761094,32.774779
"Forest_Tent_Caterpillar",-122.806422,38.444905
"Forest_Tent_Caterpillar",-76.708867,37.271598
"Forest_Tent_Caterpillar",-96.759107,32.774732
"Forest_Tent_Caterpillar",-92.48156,33.800598
"Forest_Tent_Caterpillar",-80.818203,33.823025
"Forest_Tent_Caterpillar",-76.707634,37.270943
"Forest_Tent_Caterpillar",-95.452903,29.766552
"Forest_Tent_Caterpillar",-96.85087,32.703942
"Forest_Tent_Caterpillar",-96.674247,33.058507
"Forest_Tent_Caterpillar",-91.128297,30.399395
"Forest_Tent_Caterpillar",-91.096158,30.310698
"Forest_Tent_Caterpillar",-76.716759,37.272682
"Forest_Tent_Caterpillar",-96.367023,30.632902
"Forest_Tent_Caterpillar",-82.193992,35.411512
"Forest_Tent_Caterpillar",-97.558595,30.49804
"Forest_Tent_Caterpillar",-74.987427,39.619758
"Forest_Tent_Caterpillar",-92.455528,33.806122
"Forest_Tent_Caterpillar",-95.401066,29.482867
"Forest_Tent_Caterpillar",-96.671664,33.055648
"Forest_Tent_Caterpillar",-91.104556,30.369999
"Forest_Tent_Caterpillar",-96.551933,33.283263
"Forest_Tent_Caterpillar",-78.388771,35.917088
"Forest_Tent_Caterpillar",-96.671008,33.053713
"Forest_Tent_Caterpillar",-89.963804,30.031946
"Forest_Tent_Caterpillar",-92.455658,33.805878
"Forest_Tent_Caterpillar",-91.106011,30.370163
"Forest_Tent_Caterpillar",-81.475139,32.806727
"Forest_Tent_Caterpillar",-91.106534,30.366716
"Forest_Tent_Caterpillar",-94.765905,30.098231
"Forest_Tent_Caterpillar",-80.448195,33.213503
"Forest_Tent_Caterpillar",-96.283188,30.585284
"Forest_Tent_Caterpillar",-91.128244,30.399353
"Forest_Tent_Caterpillar",-80.824372,33.828912
"Forest_Tent_Caterpillar",-76.718878,37.273978
"Forest_Tent_Caterpillar",-91.107192,30.369342
"Forest_Tent_Caterpillar",-76.528795,36.716288
"Forest_Tent_Caterpillar",-76.54683,36.644195
"Forest_Tent_Caterpillar",-76.044662,36.86012
"Forest_Tent_Caterpillar",-91.128256,30.399363
"Forest_Tent_Caterpillar",-76.238986,44.779745
"Forest_Tent_Caterpillar",-96.671013,33.053739
"Forest_Tent_Caterpillar",-94.751897,32.547387
"Forest_Tent_Caterpillar",-95.22307,33.104144
"Forest_Tent_Caterpillar",-97.474745,30.147469
"Forest_Tent_Caterpillar",-91.107453,30.369458
"Forest_Tent_Caterpillar",-76.39521,39.427959
"Forest_Tent_Caterpillar",-83.128686,38.69318
"Forest_Tent_Caterpillar",-97.3403,30.116113
"Forest_Tent_Caterpillar",-97.700804,30.242167
"Forest_Tent_Caterpillar",-91.107089,30.369883
"Forest_Tent_Caterpillar",-80.037752,32.471302
"Forest_Tent_Caterpillar",-85.055763,35.042738
"Forest_Tent_Caterpillar",-96.456116,32.738159
"Forest_Tent_Caterpillar",-91.007104,30.599192
"Forest_Tent_Caterpillar",-91.104556,30.369999
"Forest_Tent_Caterpillar",-91.105789,30.369525
"Forest_Tent_Caterpillar",-76.709749,37.27156
"Forest_Tent_Caterpillar",-96.705117,32.703603
"Forest_Tent_Caterpillar",-91.128266,30.399336
"Forest_Tent_Caterpillar",-91.096158,30.310698
"Forest_Tent_Caterpillar",-79.696651,34.286173
"Forest_Tent_Caterpillar",-76.783389,39.067999
"Forest_Tent_Caterpillar",-81.894458,31.593056
"Forest_Tent_Caterpillar",-91.107689,30.369637
"Forest_Tent_Caterpillar",-76.6835,40.9657
"Forest_Tent_Caterpillar",-84.630276,35.515472
"Forest_Tent_Caterpillar",-93.257667,36.520803
"Forest_Tent_Caterpillar",-87.151839,36.315053
"Forest_Tent_Caterpillar",-82.412078,29.6351
"Forest_Tent_Caterpillar",-91.98638,30.258172
"Forest_Tent_Caterpillar",-96.607365,33.232254
"Forest_Tent_Caterpillar",-94.235086,29.824557
"Forest_Tent_Caterpillar",-82.643458,35.460553
"Forest_Tent_Caterpillar",-96.760068,32.776071
"Forest_Tent_Caterpillar",-95.072922,29.595208
"Forest_Tent_Caterpillar",-96.615372,33.158528
"Forest_Tent_Caterpillar",-96.60945,32.754986
"Forest_Tent_Caterpillar",-81.789485,32.420944
"Forest_Tent_Caterpillar",-96.404842,30.592125
"Forest_Tent_Caterpillar",-76.708855,37.270247
"Forest_Tent_Caterpillar",-96.591631,32.91314
"Forest_Tent_Caterpillar",-78.426728,39.588734
"Forest_Tent_Caterpillar",-76.716239,37.270099
"Forest_Tent_Caterpillar",-81.349617,29.093983
"Forest_Tent_Caterpillar",-77.512314,38.195717
"Forest_Tent_Caterpillar",-75.411553,38.739699
"Forest_Tent_Caterpillar",-77.098192,38.75663
"Forest_Tent_Caterpillar",-77.647156,39.15533
"Forest_Tent_Caterpillar",-84.634299,34.346638
"Forest_Tent_Caterpillar",-82.412055,29.635108
"Forest_Tent_Caterpillar",-93.058124,34.518887
"Forest_Tent_Caterpillar",-82.70456,35.036633
"Forest_Tent_Caterpillar",-77.097747,38.846438
"Forest_Tent_Caterpillar",-97.198588,29.97125
"Forest_Tent_Caterpillar",-85.474009,32.035103
"Forest_Tent_Caterpillar",-82.412078,29.635078
"Forest_Tent_Caterpillar",-91.107597,30.370258
"Forest_Tent_Caterpillar",-76.193732,36.86492
"Forest_Tent_Caterpillar",-91.107597,30.370263
"Forest_Tent_Caterpillar",-91.09526,30.355687
"Forest_Tent_Caterpillar",-96.689653,33.105586
"Forest_Tent_Caterpillar",-81.030669,34.014786
"Forest_Tent_Caterpillar",-76.474853,38.336842
"Forest_Tent_Caterpillar",-81.033119,33.938817
"Forest_Tent_Caterpillar",-82.412095,29.635103
"Forest_Tent_Caterpillar",-79.548584,37.643738
"Forest_Tent_Caterpillar",-80.824653,33.829708
"Forest_Tent_Caterpillar",-81.044844,33.984163
"Forest_Tent_Caterpillar",-96.689792,33.106038
"Forest_Tent_Caterpillar",-76.721563,37.26952
"Forest_Tent_Caterpillar",-77.10875,38.768775
"Forest_Tent_Caterpillar",-82.116335,29.116465
"Forest_Tent_Caterpillar",-76.716138,37.26942
"Forest_Tent_Caterpillar",-80.802588,35.197537
"Forest_Tent_Caterpillar",-96.689528,33.105483
"Forest_Tent_Caterpillar",-82.412038,29.635092
"Forest_Tent_Caterpillar",-92.686705,36.210892
"Forest_Tent_Caterpillar",-82.412063,29.63507
"Forest_Tent_Caterpillar",-82.412072,29.635103
"Forest_Tent_Caterpillar",-80.822958,33.829642
"Forest_Tent_Caterpillar",-81.044267,33.943703
"Forest_Tent_Caterpillar",-79.194703,33.350087
"Forest_Tent_Caterpillar",-96.701578,32.700325
"Forest_Tent_Caterpillar",-91.10549,30.37004
"Forest_Tent_Caterpillar",-77.801712,38.734853
"Forest_Tent_Caterpillar",-82.412095,29.635092
"Forest_Tent_Caterpillar",-95.528641,32.19485
"Forest_Tent_Caterpillar",-77.430992,37.54388
"Forest_Tent_Caterpillar",-80.752784,33.796495
"Forest_Tent_Caterpillar",-82.412063,29.635072
"Forest_Tent_Caterpillar",-76.708763,37.271152
"Forest_Tent_Caterpillar",-80.504583,33.551369
"Forest_Tent_Caterpillar",-89.645895,43.118794
"Forest_Tent_Caterpillar",-89.645895,43.118794
"Forest_Tent_Caterpillar",-80.749049,33.791851
"Forest_Tent_Caterpillar",-76.942881,38.912297
"Forest_Tent_Caterpillar",-96.500267,32.613687
"Forest_Tent_Caterpillar",-89.645895,43.118794
"Forest_Tent_Caterpillar",-83.710374,33.608488
"Forest_Tent_Caterpillar",-79.294861,33.350054
"Forest_Tent_Caterpillar",-96.708639,32.704953
"Forest_Tent_Caterpillar",-75.259198,39.878244
"Forest_Tent_Caterpillar",-92.040198,32.374353
"Forest_Tent_Caterpillar",-84.138397,30.390005
"Forest_Tent_Caterpillar",-95.567881,30.727229
"Forest_Tent_Caterpillar",-80.892849,32.396084
"Forest_Tent_Caterpillar",-83.921134,46.341944
"Forest_Tent_Caterpillar",-92.132403,46.774075
"Forest_Tent_Caterpillar",-75.555397,38.45003
"Forest_Tent_Caterpillar",-81.081503,34.009912
"Forest_Tent_Caterpillar",-78.8283,35.854431
"Forest_Tent_Caterpillar",-97.025786,30.383736
"Forest_Tent_Caterpillar",-83.403243,46.293412
"Forest_Tent_Caterpillar",-84.040547,46.497455
"Forest_Tent_Caterpillar",-82.993161,31.890765
"Forest_Tent_Caterpillar",-92.107994,35.489012
"Forest_Tent_Caterpillar",-96.515432,33.744906
"Forest_Tent_Caterpillar",-92.098325,46.812403
"Forest_Tent_Caterpillar",-95.976181,29.816221
"Forest_Tent_Caterpillar",-94.386146,30.458498
"Forest_Tent_Caterpillar",-76.345198,36.720377
"Forest_Tent_Caterpillar",-92.330284,31.276611
"Forest_Tent_Caterpillar",-82.993161,30.24851
"Forest_Tent_Caterpillar",-96.873937,28.251531
"Forest_Tent_Caterpillar",-84.040563,46.497431
"Forest_Tent_Caterpillar",-84.040502,46.497389
"Forest_Tent_Caterpillar",-78.597062,40.785775
"Forest_Tent_Caterpillar",-76.718201,37.269654
"Forest_Tent_Caterpillar",-96.339568,30.61258
"Forest_Tent_Caterpillar",-84.027403,46.175364
"Forest_Tent_Caterpillar",-80.164304,33.020366
"Forest_Tent_Caterpillar",-81.316945,32.376095
"Forest_Tent_Caterpillar",-95.653108,29.771899
"Forest_Tent_Caterpillar",-97.128716,33.220001
"Forest_Tent_Caterpillar",-117.706003,49.295798
"Forest_Tent_Caterpillar",-77.600117,37.512824
"Forest_Tent_Caterpillar",-96.69088,33.110621
"Forest_Tent_Caterpillar",-96.515092,33.134517
"Forest_Tent_Caterpillar",-89.645895,43.118794
"Forest_Tent_Caterpillar",-80.181289,34.195056
"Forest_Tent_Caterpillar",-96.753762,32.732747
"Forest_Tent_Caterpillar",-92.128553,46.776039
"Forest_Tent_Caterpillar",-89.645895,43.118794
"Forest_Tent_Caterpillar",-80.777679,33.809078
"Forest_Tent_Caterpillar",-84.038045,46.499903
"Forest_Tent_Caterpillar",-96.759278,32.774708
"Forest_Tent_Caterpillar",-97.353664,33.81785
"Forest_Tent_Caterpillar",-96.787133,33.68628
"Forest_Tent_Caterpillar",-81.045211,33.983975
"Forest_Tent_Caterpillar",-80.83293,33.827205
"Forest_Tent_Caterpillar",-76.711851,37.269428
"Forest_Tent_Caterpillar",-76.337525,37.021186
"Forest_Tent_Caterpillar",-89.645895,43.118794
"Forest_Tent_Caterpillar",-80.787885,33.819352
"Forest_Tent_Caterpillar",-76.338433,37.020953
"Forest_Tent_Caterpillar",-82.480794,28.90578
"Forest_Tent_Caterpillar",-82.412078,29.635088
"Forest_Tent_Caterpillar",-96.69088,33.110621
"Forest_Tent_Caterpillar",-96.84195,32.751525
"Forest_Tent_Caterpillar",-76.339662,37.020461
"Forest_Tent_Caterpillar",-80.097808,36.781017
"Forest_Tent_Caterpillar",-89.645895,43.118794
"Forest_Tent_Caterpillar",-96.904975,33.785094
"Forest_Tent_Caterpillar",-89.645895,43.118794
"Forest_Tent_Caterpillar",-89.645895,43.118794
"Forest_Tent_Caterpillar",-89.645895,43.118794
"Forest_Tent_Caterpillar",-76.422169,38.33357
"Forest_Tent_Caterpillar",-76.716243,37.272262
"Forest_Tent_Caterpillar",-96.803066,32.781374
"Forest_Tent_Caterpillar",-81.493868,32.816072
"Forest_Tent_Caterpillar",-80.877862,32.115825
"Forest_Tent_Caterpillar",-80.603996,32.701173
"Forest_Tent_Caterpillar",-82.412078,29.635078
"Forest_Tent_Caterpillar",-96.951622,32.666325
"Forest_Tent_Caterpillar",-84.106575,30.515344
"Forest_Tent_Caterpillar",-82.412038,29.635103
"Forest_Tent_Caterpillar",-82.412087,29.635103
"Forest_Tent_Caterpillar",-76.276588,36.907063
"Forest_Tent_Caterpillar",-76.711825,37.270503
"Forest_Tent_Caterpillar",-80.353446,33.220033
"Forest_Tent_Caterpillar",-79.31926,35.945465
"Forest_Tent_Caterpillar",-81.045112,33.985273
"Forest_Tent_Caterpillar",-84.048911,34.423679
"Forest_Tent_Caterpillar",-84.007789,34.159181
"Forest_Tent_Caterpillar",-91.1071,30.36926
"Forest_Tent_Caterpillar",-97.547173,30.506143
"Forest_Tent_Caterpillar",-77.429604,37.543823
"Forest_Tent_Caterpillar",-81.027604,33.995622
"Forest_Tent_Caterpillar",-81.045203,33.983938
"Forest_Tent_Caterpillar",-92.038575,32.372975
"Forest_Tent_Caterpillar",-76.703413,37.278754
"Forest_Tent_Caterpillar",-81.033172,33.99725
"Forest_Tent_Caterpillar",-80.38614,36.408711
"Forest_Tent_Caterpillar",-82.412063,29.635083
"Forest_Tent_Caterpillar",-88.761556,33.486151
"Forest_Tent_Caterpillar",-97.303059,32.781662
"Forest_Tent_Caterpillar",-84.040471,46.497424
"Forest_Tent_Caterpillar",-80.622842,34.141208
"Forest_Tent_Caterpillar",-78.502778,35.955517
"Forest_Tent_Caterpillar",-98.880711,30.261378
"Forest_Tent_Caterpillar",-88.286103,32.886152
"Forest_Tent_Caterpillar",-84.040806,46.494874
"Forest_Tent_Caterpillar",-95.641323,29.553352
"Forest_Tent_Caterpillar",-92.220391,32.544497
"Forest_Tent_Caterpillar",-82.993161,31.890765
"Forest_Tent_Caterpillar",-81.945472,29.82737
"Forest_Tent_Caterpillar",-81.04449,33.983687
"Forest_Tent_Caterpillar",-84.040499,46.497503
"Forest_Tent_Caterpillar",-95.417694,35.770575
"Forest_Tent_Caterpillar",-76.339677,37.018772
"Forest_Tent_Caterpillar",-91.925789,30.138657
"Forest_Tent_Caterpillar",-82.349183,29.640445
"Forest_Tent_Caterpillar",-76.222107,36.748562
"Forest_Tent_Caterpillar",-77.871699,34.22404
"Forest_Tent_Caterpillar",-97.184487,29.805033
"Forest_Tent_Caterpillar",-84.040443,46.497477
"Forest_Tent_Caterpillar",-80.826187,33.829755
"Forest_Tent_Caterpillar",-76.687408,37.383163
"Forest_Tent_Caterpillar",-92.085506,46.827481
"Forest_Tent_Caterpillar",-76.724907,37.29361
"Forest_Tent_Caterpillar",-95.895697,36.22472
"Forest_Tent_Caterpillar",-92.115564,46.786328
"Forest_Tent_Caterpillar",-76.334759,37.022885
"Forest_Tent_Caterpillar",-84.040558,46.497448
"Forest_Tent_Caterpillar",-85.961333,31.791095
"Forest_Tent_Caterpillar",-76.339603,37.020662
"Forest_Tent_Caterpillar",-76.437889,37.06694
"Forest_Tent_Caterpillar",-83.972258,46.337288
"Forest_Tent_Caterpillar",-91.961175,30.210976
"Forest_Tent_Caterpillar",-80.824937,33.829567
"Forest_Tent_Caterpillar",-82.302276,29.60601
"Forest_Tent_Caterpillar",-82.993161,30.24851
"Forest_Tent_Caterpillar",-79.909094,36.105356
"Forest_Tent_Caterpillar",-77.448975,37.532806
"Forest_Tent_Caterpillar",-76.339662,37.020439
"Forest_Tent_Caterpillar",-84.04049,46.497363
"Forest_Tent_Caterpillar",-96.257553,32.863492
"Forest_Tent_Caterpillar",-78.157608,39.166486
"Forest_Tent_Caterpillar",-79.877874,48.294337
"Forest_Tent_Caterpillar",-84.033742,46.499575
"Forest_Tent_Caterpillar",-98.755013,29.56033
"Forest_Tent_Caterpillar",-91.106064,30.411758
"Forest_Tent_Caterpillar",-96.752725,32.733233
"Forest_Tent_Caterpillar",-96.613503,33.157814
"Forest_Tent_Caterpillar",-81.15214,29.524341
"Forest_Tent_Caterpillar",-83.105559,30.982728
"Forest_Tent_Caterpillar",-96.736855,32.80185
"Forest_Tent_Caterpillar",-96.018792,36.078095
"Forest_Tent_Caterpillar",-91.107405,30.369662
"Forest_Tent_Caterpillar",-91.608833,31.592301
"Forest_Tent_Caterpillar",-77.44725,37.528738
"Forest_Tent_Caterpillar",-76.336967,37.019822
"Forest_Tent_Caterpillar",-76.439526,37.068211
"Forest_Tent_Caterpillar",-76.33825,37.021053
"Forest_Tent_Caterpillar",-95.908508,36.732018
"Forest_Tent_Caterpillar",-76.133626,36.870382
"Forest_Tent_Caterpillar",-90.993478,30.474643
"Forest_Tent_Caterpillar",-97.02578,30.383667
"Forest_Tent_Caterpillar",-84.040502,46.497398
"Forest_Tent_Caterpillar",-84.109658,30.518639
"Forest_Tent_Caterpillar",-81.045028,33.983933
"Forest_Tent_Caterpillar",-77.871999,34.223561
"Forest_Tent_Caterpillar",-79.95043,33.048542
"Forest_Tent_Caterpillar",-76.166916,36.824951
"Forest_Tent_Caterpillar",-96.621208,32.745828
"Forest_Tent_Caterpillar",-90.130494,33.385553
"Forest_Tent_Caterpillar",-84.435226,30.577106
"Forest_Tent_Caterpillar",-77.455192,37.529483
"Forest_Tent_Caterpillar",-80.130431,33.085712
"Forest_Tent_Caterpillar",-76.341566,37.020323
"Forest_Tent_Caterpillar",-81.349617,29.093983
"Forest_Tent_Caterpillar",-96.677748,29.034773
"Forest_Tent_Caterpillar",-81.604377,29.717235
"Forest_Tent_Caterpillar",-91.105253,30.370296
"Forest_Tent_Caterpillar",-82.421188,29.6572
"Forest_Tent_Caterpillar",-96.458945,33.016834
"Forest_Tent_Caterpillar",-85.367325,35.006367
"Forest_Tent_Caterpillar",-96.796361,32.783815
"Forest_Tent_Caterpillar",-95.908493,33.243017
"Forest_Tent_Caterpillar",-97.146636,33.210893
"Forest_Tent_Caterpillar",-97.469398,32.840118
"Forest_Tent_Caterpillar",-96.688344,33.062262
"Forest_Tent_Caterpillar",-81.043356,33.943353
"Forest_Tent_Caterpillar",-81.127605,32.877943
"Forest_Tent_Caterpillar",-76.551366,38.880663
"Forest_Tent_Caterpillar",-96.868683,32.74053
"Forest_Tent_Caterpillar",-76.715674,37.269707
"Forest_Tent_Caterpillar",-81.479425,28.384516
"Forest_Tent_Caterpillar",-76.48721,37.267371
"Forest_Tent_Caterpillar",-96.830951,32.370188
"Forest_Tent_Caterpillar",-97.526153,30.289152
"Forest_Tent_Caterpillar",-95.7018,29.726
"Forest_Tent_Caterpillar",-81.043594,33.983831
"Forest_Tent_Caterpillar",-95.635812,29.612822
"Forest_Tent_Caterpillar",-92.057913,30.614651
"Forest_Tent_Caterpillar",-86.998261,33.191909
"Forest_Tent_Caterpillar",-81.271942,29.86635
"Forest_Tent_Caterpillar",-76.13134,36.831116
"Forest_Tent_Caterpillar",-91.107369,30.410605
"Forest_Tent_Caterpillar",-95.466785,29.02347
"Forest_Tent_Caterpillar",-90.907398,30.419079
"Forest_Tent_Caterpillar",-76.316429,37.025848
"Forest_Tent_Caterpillar",-88.896919,33.630005
"Forest_Tent_Caterpillar",-66.756704,45.886302
"Forest_Tent_Caterpillar",-79.194712,33.350058
"Forest_Tent_Caterpillar",-80.984395,33.993289
"Forest_Tent_Caterpillar",-96.547692,30.190542
"Forest_Tent_Caterpillar",-89.953497,35.165937
"Forest_Tent_Caterpillar",-77.443812,46.002903
"Forest_Tent_Caterpillar",-76.338508,37.021581
"Forest_Tent_Caterpillar",-91.107685,30.369348
"Forest_Tent_Caterpillar",-80.386255,33.02912
"Forest_Tent_Caterpillar",-86.642191,31.856417
"Forest_Tent_Caterpillar",-96.707987,32.705137
"Forest_Tent_Caterpillar",-77.866608,34.22385
"Forest_Tent_Caterpillar",-91.105056,30.370258
"Forest_Tent_Caterpillar",-96.594561,30.180453
"Forest_Tent_Caterpillar",-80.995357,32.477686
"Forest_Tent_Caterpillar",-94.430053,32.978838
"Forest_Tent_Caterpillar",-96.579218,32.701077
"Forest_Tent_Caterpillar",-76.033417,36.915693
"Forest_Tent_Caterpillar",-97.761734,29.7341
"Forest_Tent_Caterpillar",-97.165501,32.752975
"Forest_Tent_Caterpillar",-96.634567,28.944595
"Forest_Tent_Caterpillar",-80.748306,33.816141
"Forest_Tent_Caterpillar",-96.958977,33.06252
"Forest_Tent_Caterpillar",-76.334853,37.022881
"Forest_Tent_Caterpillar",-123.790532,40.091922
"Forest_Tent_Caterpillar",-96.749525,32.726951
"Forest_Tent_Caterpillar",-96.688009,33.092282
"Forest_Tent_Caterpillar",-76.624928,36.977936
"Forest_Tent_Caterpillar",-76.010328,36.787974
"Forest_Tent_Caterpillar",-96.381845,33.039897
"Forest_Tent_Caterpillar",-96.817454,32.741091
"Forest_Tent_Caterpillar",-84.179544,30.442312
"Forest_Tent_Caterpillar",-96.354347,30.318872
"Forest_Tent_Caterpillar",-89.811104,35.225006
"Forest_Tent_Caterpillar",-96.70135,32.701094
"Forest_Tent_Caterpillar",-97.94272,29.888272
"Forest_Tent_Caterpillar",-96.759146,32.77473
"Forest_Tent_Caterpillar",-83.634697,33.586456
"Forest_Tent_Caterpillar",-80.189082,32.757766
"Forest_Tent_Caterpillar",-79.0801,35.892362
"Forest_Tent_Caterpillar",-76.010236,36.787635
"Forest_Tent_Caterpillar",-91.107363,30.371222
"Forest_Tent_Caterpillar",-76.69327,37.271012
"Forest_Tent_Caterpillar",-80.700737,32.215881
"Forest_Tent_Caterpillar",-96.989808,28.137347
"Forest_Tent_Caterpillar",-80.305942,33.142365
"Forest_Tent_Caterpillar",-96.818078,30.658592
"Forest_Tent_Caterpillar",-96.436891,33.483434
"Forest_Tent_Caterpillar",-76.334633,37.022943
"Forest_Tent_Caterpillar",-81.108749,32.866608
"Forest_Tent_Caterpillar",-94.055358,34.765678
"Forest_Tent_Caterpillar",-80.718278,32.16712
"Forest_Tent_Caterpillar",-83.380494,33.980979
"Forest_Tent_Caterpillar",-80.354508,32.607547
"Forest_Tent_Caterpillar",-76.391258,37.035461
"Forest_Tent_Caterpillar",-80.104994,32.797595
"Forest_Tent_Caterpillar",-91.105956,30.370064
"Forest_Tent_Caterpillar",-81.044997,33.984255
"Forest_Tent_Caterpillar",-97.664848,30.385406
"Forest_Tent_Caterpillar",-96.863075,33.811583
"Forest_Tent_Caterpillar",-96.96553,29.218964
"Forest_Tent_Caterpillar",-81.04438,33.985008
"Forest_Tent_Caterpillar",-76.699988,37.270867
"Forest_Tent_Caterpillar",-76.287537,36.863739
"Forest_Tent_Caterpillar",-80.085309,32.877854
"Forest_Tent_Caterpillar",-78.881972,36.019214
"Forest_Tent_Caterpillar",-91.873037,30.363327
"Forest_Tent_Caterpillar",-92.49462,35.074189
"Forest_Tent_Caterpillar",-81.48448,31.320813
"Forest_Tent_Caterpillar",-82.352293,29.613228
"Forest_Tent_Caterpillar",-93.228662,44.973583
"Forest_Tent_Caterpillar",-81.411445,29.803083
"Forest_Tent_Caterpillar",-96.68782,33.095489
"Forest_Tent_Caterpillar",-81.411462,29.803038
"Forest_Tent_Caterpillar",-96.749755,32.989555
"Forest_Tent_Caterpillar",-96.953196,33.065329
"Forest_Tent_Caterpillar",-123.990918,40.88064
"Forest_Tent_Caterpillar",-93.177966,33.128518
"Forest_Tent_Caterpillar",-96.456496,32.73894
"Forest_Tent_Caterpillar",-97.491792,32.730792
"Forest_Tent_Caterpillar",-76.341568,37.020297
"Forest_Tent_Caterpillar",-92.069839,30.196388
"Forest_Tent_Caterpillar",-95.7014,29.7284
"Forest_Tent_Caterpillar",-78.752159,35.732201
"Forest_Tent_Caterpillar",-80.823547,33.830397
"Forest_Tent_Caterpillar",-80.800705,32.468522
"Forest_Tent_Caterpillar",-91.105225,30.370031
"Forest_Tent_Caterpillar",-86.443024,30.95282
"Forest_Tent_Caterpillar",-80.825184,33.8291
"Forest_Tent_Caterpillar",-97.779895,32.944969
"Forest_Tent_Caterpillar",-124.205391,41.876993
"Forest_Tent_Caterpillar",-91.760531,29.890478
"Forest_Tent_Caterpillar",-76.334086,37.023874
"Forest_Tent_Caterpillar",-97.781453,30.152133
"Forest_Tent_Caterpillar",-81.044198,33.983727
"Forest_Tent_Caterpillar",-97.682853,29.92397
"Forest_Tent_Caterpillar",-76.341176,37.020622
"Forest_Tent_Caterpillar",-80.038194,33.088077
"Forest_Tent_Caterpillar",-96.647904,33.396438
"Forest_Tent_Caterpillar",-81.162247,31.979632
"Forest_Tent_Caterpillar",-95.476472,29.045831
"Forest_Tent_Caterpillar",-94.393794,29.569309
"Forest_Tent_Caterpillar",-76.34047,37.0253
"Forest_Tent_Caterpillar",-76.13134,36.831078
"Forest_Tent_Caterpillar",-97.393228,30.697747
"Forest_Tent_Caterpillar",-76.340472,37.025325
"Forest_Tent_Caterpillar",-97.146675,29.773675
"Forest_Tent_Caterpillar",-80.615027,33.063576
"Forest_Tent_Caterpillar",-76.340496,37.025268
"Forest_Tent_Caterpillar",-84.613817,30.439913
"Forest_Tent_Caterpillar",-80.005826,33.146797
"Forest_Tent_Caterpillar",-76.863875,36.801939
"Forest_Tent_Caterpillar",-97.070888,36.122691
"Forest_Tent_Caterpillar",-96.730981,32.892739
"Forest_Tent_Caterpillar",-96.556292,32.280343
"Forest_Tent_Caterpillar",-96.785983,32.781086
"Forest_Tent_Caterpillar",-96.619972,32.746492
"Forest_Tent_Caterpillar",-79.048675,35.927061
"Forest_Tent_Caterpillar",-82.758858,29.97952
"Forest_Tent_Caterpillar",-93.177966,33.128518
"Forest_Tent_Caterpillar",-122.660901,38.527415
"Forest_Tent_Caterpillar",-96.404861,30.59215
"Forest_Tent_Caterpillar",-84.388562,33.79468
"Forest_Tent_Caterpillar",-84.613625,30.440133
"Forest_Tent_Caterpillar",-92.493732,34.7157
"Forest_Tent_Caterpillar",-78.493242,37.80362
"Forest_Tent_Caterpillar",-97.488,32.173072
"Forest_Tent_Caterpillar",-95.158837,29.498099
"Forest_Tent_Caterpillar",-97.537057,30.950268
"Forest_Tent_Caterpillar",-82.449683,29.603227
"Forest_Tent_Caterpillar",-92.057988,30.614829
"Forest_Tent_Caterpillar",-90.979287,30.398137
"Forest_Tent_Caterpillar",-76.292013,36.858447
"Forest_Tent_Caterpillar",-96.728376,32.815182
"Forest_Tent_Caterpillar",-82.370195,34.927083
"Forest_Tent_Caterpillar",-77.443747,46.002967
"Forest_Tent_Caterpillar",-76.179726,36.895772
"Forest_Tent_Caterpillar",-96.705545,32.704083
"Forest_Tent_Caterpillar",-97.68283,29.923953
"Forest_Tent_Caterpillar",-80.013052,32.877381
"Forest_Tent_Caterpillar",-97.911317,29.901513
"Forest_Tent_Caterpillar",-80.353158,33.22045
"Forest_Tent_Caterpillar",-91.987092,30.258172
"Forest_Tent_Caterpillar",-93.946494,29.698792
"Forest_Tent_Caterpillar",-80.654045,33.353065
"Forest_Tent_Caterpillar",-81.679174,32.076269
"Forest_Tent_Caterpillar",-83.383316,33.983971
"Forest_Tent_Caterpillar",-87.541394,33.267432
"Forest_Tent_Caterpillar",-97.18335,30.164536
"Forest_Tent_Caterpillar",-94.155212,33.125681
"Forest_Tent_Caterpillar",-97.780646,30.214318
"Forest_Tent_Caterpillar",-96.261214,30.479293
"Forest_Tent_Caterpillar",-97.7555,30.166967
"Forest_Tent_Caterpillar",-96.251672,30.54272
"Forest_Tent_Caterpillar",-81.502913,27.529112
"Forest_Tent_Caterpillar",-80.817842,33.821725
"Forest_Tent_Caterpillar",-80.755976,32.574956
"Forest_Tent_Caterpillar",-80.186259,32.750922
"Forest_Tent_Caterpillar",-76.706262,37.270881
"Forest_Tent_Caterpillar",-80.806208,35.162327
"Forest_Tent_Caterpillar",-97.682886,29.924059
"Forest_Tent_Caterpillar",-80.353675,33.220383
"Forest_Tent_Caterpillar",-97.884295,30.097397
"Forest_Tent_Caterpillar",-96.275069,30.235449
"Forest_Tent_Caterpillar",-91.986563,30.257805
"Forest_Tent_Caterpillar",-76.354401,36.507538
"Forest_Tent_Caterpillar",-91.116781,30.394025
"Forest_Tent_Caterpillar",-96.6996,29.738528
"Forest_Tent_Caterpillar",-89.963555,30.031881
"Forest_Tent_Caterpillar",-92.392227,34.620056
"Forest_Tent_Caterpillar",-80.613299,35.46112
"Forest_Tent_Caterpillar",-96.433734,29.642209
"Forest_Tent_Caterpillar",-96.699587,29.738495
"Forest_Tent_Caterpillar",-80.35337,33.220078
"Forest_Tent_Caterpillar",-91.986643,30.257798
"Forest_Tent_Caterpillar",-98.283072,30.568433
"Forest_Tent_Caterpillar",-82.375075,29.633975
"Forest_Tent_Caterpillar",-79.044715,33.830246
"Forest_Tent_Caterpillar",-87.243288,32.6963
"Forest_Tent_Caterpillar",-96.951729,32.666267
"Forest_Tent_Caterpillar",-97.120421,32.765456
"Forest_Tent_Caterpillar",-88.246118,32.071663
"Forest_Tent_Caterpillar",-91.996095,30.214752
"Forest_Tent_Caterpillar",-80.131989,32.93198
"Forest_Tent_Caterpillar",-96.370779,30.559982
"Forest_Tent_Caterpillar",-81.679167,32.076269
"Forest_Tent_Caterpillar",-97.611664,30.434768
"Forest_Tent_Caterpillar",-95.660529,29.635167
"Forest_Tent_Caterpillar",-97.575996,29.625885
"Forest_Tent_Caterpillar",-76.103459,36.695313
"Forest_Tent_Caterpillar",-97.911537,29.901747
"Forest_Tent_Caterpillar",-97.42173,30.221722
"Forest_Tent_Caterpillar",-96.702857,32.9942
"Forest_Tent_Caterpillar",-80.6435,33.766197
"Forest_Tent_Caterpillar",-82.153328,31.829904
"Forest_Tent_Caterpillar",-96.679851,32.827684
"Forest_Tent_Caterpillar",-94.953163,32.742664
"Forest_Tent_Caterpillar",-93.136948,35.293664
"Forest_Tent_Caterpillar",-82.592502,29.71705
"Forest_Tent_Caterpillar",-96.417252,30.676788
"Forest_Tent_Caterpillar",-97.595804,33.347826
"Forest_Tent_Caterpillar",-80.131947,32.931825
"Forest_Tent_Caterpillar",-81.028358,34.020967
"Forest_Tent_Caterpillar",-79.016695,35.924205
"Forest_Tent_Caterpillar",-80.814891,32.236443
"Forest_Tent_Caterpillar",-80.824628,33.829742
"Forest_Tent_Caterpillar",-96.406078,30.186845
"Forest_Tent_Caterpillar",-96.758721,32.774875
"Forest_Tent_Caterpillar",-96.869362,32.740089
"Forest_Tent_Caterpillar",-87.024187,30.809253
"Forest_Tent_Caterpillar",-96.692458,32.983694
"Forest_Tent_Caterpillar",-88.850394,33.316032
"Forest_Tent_Caterpillar",-96.701869,32.993499
"Forest_Tent_Caterpillar",-88.246118,32.071663
"Forest_Tent_Caterpillar",-88.246118,32.071663
"Forest_Tent_Caterpillar",-81.089892,32.07518
"Forest_Tent_Caterpillar",-97.575699,29.610077
"Forest_Tent_Caterpillar",-81.679171,32.07626
"Forest_Tent_Caterpillar",-80.183594,32.986877
"Forest_Tent_Caterpillar",-96.408021,30.186358
"Forest_Tent_Caterpillar",-83.383966,33.986418
"Forest_Tent_Caterpillar",-96.876397,29.889822
"Forest_Tent_Caterpillar",-96.582809,32.74276
"Forest_Tent_Caterpillar",-80.967389,32.289839
"Forest_Tent_Caterpillar",-97.747866,30.021419
"Forest_Tent_Caterpillar",-85.991478,32.271357
"Forest_Tent_Caterpillar",-84.354063,30.313417
"Forest_Tent_Caterpillar",-97.72228,30.186046
"Forest_Tent_Caterpillar",-97.70037,30.24122
"Forest_Tent_Caterpillar",-97.446113,32.326592
"Forest_Tent_Caterpillar",-96.041333,29.752727
"Forest_Tent_Caterpillar",-80.689389,32.933123
"Forest_Tent_Caterpillar",-95.880196,32.559776
"Forest_Tent_Caterpillar",-91.124029,30.387321
"Forest_Tent_Caterpillar",-81.604377,29.717235
"Forest_Tent_Caterpillar",-84.260821,33.511186
"Forest_Tent_Caterpillar",-79.594497,33.257162
"Forest_Tent_Caterpillar",-97.279618,30.10501
"Forest_Tent_Caterpillar",-97.21882,30.095295
"Forest_Tent_Caterpillar",-78.927334,33.650987
"Forest_Tent_Caterpillar",-81.166953,31.978519
"Forest_Tent_Caterpillar",-80.352913,33.220375
"Forest_Tent_Caterpillar",-90.132203,29.921205
"Forest_Tent_Caterpillar",-96.80268,32.79725
"Forest_Tent_Caterpillar",-80.83766,35.230994
"Forest_Tent_Caterpillar",-80.202637,32.79468
"Forest_Tent_Caterpillar",-80.81787,33.829266
"Forest_Tent_Caterpillar",-80.968705,32.290153
"Forest_Tent_Caterpillar",-96.962293,32.8274
"Forest_Tent_Caterpillar",-97.646203,30.236047
"Forest_Tent_Caterpillar",-90.037361,30.360917
"Forest_Tent_Caterpillar",-85.953957,31.796212
"Forest_Tent_Caterpillar",-97.58417,29.58971
"Forest_Tent_Caterpillar",-81.042069,35.049267
"Forest_Tent_Caterpillar",-81.09256,32.004456
"Forest_Tent_Caterpillar",-95.224631,32.675221
"Forest_Tent_Caterpillar",-80.592873,32.934557
"Forest_Tent_Caterpillar",-80.96678,32.288772
"Forest_Tent_Caterpillar",-80.840203,35.229258
"Forest_Tent_Caterpillar",-90.974167,30.339447
"Forest_Tent_Caterpillar",-97.801342,30.194437
"Forest_Tent_Caterpillar",-82.424461,29.077625
"Forest_Tent_Caterpillar",-82.371864,29.635302
"Forest_Tent_Caterpillar",-90.983445,30.47327
"Forest_Tent_Caterpillar",-80.349245,33.22045
"Forest_Tent_Caterpillar",-95.87666,32.358508
"Forest_Tent_Caterpillar",-95.357005,30.403824
"Forest_Tent_Caterpillar",-80.097375,32.599487
"Forest_Tent_Caterpillar",-96.984983,29.58968
"Forest_Tent_Caterpillar",-81.56,30.2
"Forest_Tent_Caterpillar",-97.102386,28.730417
"Forest_Tent_Caterpillar",-81.607042,31.472069
"Forest_Tent_Caterpillar",-81.802664,31.700123
"Forest_Tent_Caterpillar",-96.802712,32.797297
"Forest_Tent_Caterpillar",-80.97593,32.47907
"Forest_Tent_Caterpillar",-97.223565,32.316653
"Forest_Tent_Caterpillar",-96.808883,33.143517
"Forest_Tent_Caterpillar",-83.454117,33.879059
"Forest_Tent_Caterpillar",-80.912859,35.020899
"Forest_Tent_Caterpillar",-84.402153,33.662384
"Forest_Tent_Caterpillar",-76.674016,39.030381
"Forest_Tent_Caterpillar",-97.107373,32.731599
"Forest_Tent_Caterpillar",-81.079139,32.189888
"Forest_Tent_Caterpillar",-81.60747,31.472451
"Forest_Tent_Caterpillar",-82.699544,27.842803
"Forest_Tent_Caterpillar",-84.389824,33.79303
"Forest_Tent_Caterpillar",-96.730662,32.800017
"Forest_Tent_Caterpillar",-97.100398,29.442729
"Forest_Tent_Caterpillar",-86.421753,32.467358
"Forest_Tent_Caterpillar",-95.612337,29.820305
"Forest_Tent_Caterpillar",-81.030394,33.995003
"Forest_Tent_Caterpillar",-80.353492,33.22013
"Forest_Tent_Caterpillar",-96.61513,33.159318
"Forest_Tent_Caterpillar",-80.988762,33.960725
"Forest_Tent_Caterpillar",-92.000355,30.212452
"Forest_Tent_Caterpillar",-97.113941,32.729263
"Forest_Tent_Caterpillar",-91.116431,30.415701
"Forest_Tent_Caterpillar",-85.283775,35.043153
"Forest_Tent_Caterpillar",-81.154922,33.976074
"Forest_Tent_Caterpillar",-80.824706,33.829533
"Forest_Tent_Caterpillar",-94.390864,29.573317
"Forest_Tent_Caterpillar",-97.286182,30.110342
"Forest_Tent_Caterpillar",-80.181838,32.959878
"Forest_Tent_Caterpillar",-96.704147,32.703888
"Forest_Tent_Caterpillar",-96.619139,32.735162
"Forest_Tent_Caterpillar",-81.167832,31.977174
"Forest_Tent_Caterpillar",-81.16611,31.979704
"Forest_Tent_Caterpillar",-91.100685,30.376947
"Forest_Tent_Caterpillar",-97.231422,32.926603
"Forest_Tent_Caterpillar",-80.84752,35.224245
"Forest_Tent_Caterpillar",-95.273504,32.608433
"Forest_Tent_Caterpillar",-96.721007,30.760833
"Forest_Tent_Caterpillar",-91.115713,30.416607
"Forest_Tent_Caterpillar",-91.121307,30.447617
"Forest_Tent_Caterpillar",-80.030372,32.99533
"Forest_Tent_Caterpillar",-91.986412,30.256737
"Forest_Tent_Caterpillar",-91.107689,30.370167
"Forest_Tent_Caterpillar",-92.543603,31.122067
"Forest_Tent_Caterpillar",-81.359567,32.17775
"Forest_Tent_Caterpillar",-98.483338,29.461877
"Forest_Tent_Caterpillar",-97.093292,29.469022
"Forest_Tent_Caterpillar",-82.47908,29.404129
"Forest_Tent_Caterpillar",-84.432294,33.933087
"Forest_Tent_Caterpillar",-80.500245,33.549058
"Forest_Tent_Caterpillar",-94.390511,29.561897
"Forest_Tent_Caterpillar",-82.759955,29.969155
"Forest_Tent_Caterpillar",-98.765862,29.448444
"Forest_Tent_Caterpillar",-80.834758,32.35282
"Forest_Tent_Caterpillar",-85.54125,30.724537
"Forest_Tent_Caterpillar",-94.391689,29.565422
"Forest_Tent_Caterpillar",-80.436638,33.540112
"Forest_Tent_Caterpillar",-82.353002,34.393832
"Forest_Tent_Caterpillar",-92.020615,30.259903
"Forest_Tent_Caterpillar",-95.979377,30.09538
"Forest_Tent_Caterpillar",-79.528099,33.486816
"Forest_Tent_Caterpillar",-95.628544,29.371417
"Forest_Tent_Caterpillar",-97.842963,30.085506
"Forest_Tent_Caterpillar",-97.587777,29.588
"Forest_Tent_Caterpillar",-96.399758,32.543097
"Forest_Tent_Caterpillar",-81.166186,31.979669
"Forest_Tent_Caterpillar",-96.266638,29.752694
"Forest_Tent_Caterpillar",-84.262068,30.475117
"Forest_Tent_Caterpillar",-96.630887,30.149777
"Forest_Tent_Caterpillar",-97.584415,29.58982
"Forest_Tent_Caterpillar",-85.511895,32.673983
"Forest_Tent_Caterpillar",-95.625675,29.369852
"Forest_Tent_Caterpillar",-80.633075,32.889266
"Forest_Tent_Caterpillar",-83.521389,31.351098
"Forest_Tent_Caterpillar",-78.948986,35.911813
"Forest_Tent_Caterpillar",-85.975287,31.826178
"Forest_Tent_Caterpillar",-96.009566,30.192397
"Forest_Tent_Caterpillar",-95.750344,30.213209
"Forest_Tent_Caterpillar",-91.084493,30.366613
"Forest_Tent_Caterpillar",-80.191673,32.790222
"Forest_Tent_Caterpillar",-95.622512,29.816476
"Forest_Tent_Caterpillar",-83.217381,33.922514
"Forest_Tent_Caterpillar",-95.606324,29.377964
"Forest_Tent_Caterpillar",-91.107566,30.370259
"Forest_Tent_Caterpillar",-84.678803,33.850608
"Forest_Tent_Caterpillar",-97.73745,30.399879
"Forest_Tent_Caterpillar",-95.216026,32.215149
"Forest_Tent_Caterpillar",-97.316178,30.112797
"Forest_Tent_Caterpillar",-96.825119,28.889382
"Forest_Tent_Caterpillar",-96.075619,30.400455
"Forest_Tent_Caterpillar",-81.365295,29.122003
"Forest_Tent_Caterpillar",-87.772086,33.257634
"Forest_Tent_Caterpillar",-81.715958,30.20816
"Forest_Tent_Caterpillar",-79.932428,43.358292
"Forest_Tent_Caterpillar",-82.522284,29.751965
"Forest_Tent_Caterpillar",-97.67243,29.893454
"Forest_Tent_Caterpillar",-74.476969,40.711974
"Forest_Tent_Caterpillar",-95.727372,29.7488
"Forest_Tent_Caterpillar",-85.482553,32.605225
"Forest_Tent_Caterpillar",-80.083305,32.876556
"Forest_Tent_Caterpillar",-97.64045,30.236708
"Forest_Tent_Caterpillar",-82.394012,29.641338
"Forest_Tent_Caterpillar",-97.381425,29.720308
"Forest_Tent_Caterpillar",-81.349617,29.093983
"Forest_Tent_Caterpillar",-90.120558,29.943863
"Forest_Tent_Caterpillar",-97.841611,30.150832
"Forest_Tent_Caterpillar",-97.166466,30.229718
"Forest_Tent_Caterpillar",-87.545576,33.209194
"Forest_Tent_Caterpillar",-95.52874,29.764272
"Forest_Tent_Caterpillar",-80.138764,32.948503
"Forest_Tent_Caterpillar",-97.731394,30.205108
"Forest_Tent_Caterpillar",-95.763112,30.166569
"Forest_Tent_Caterpillar",-95.631921,29.370962
"Forest_Tent_Caterpillar",-93.258003,33.325785
"Forest_Tent_Caterpillar",-96.340028,30.612378
"Forest_Tent_Caterpillar",-85.482546,32.55169
"Forest_Tent_Caterpillar",-97.688117,30.300528
"Forest_Tent_Caterpillar",-81.532013,28.831955
"Forest_Tent_Caterpillar",-98.084244,29.670984
"Forest_Tent_Caterpillar",-82.371002,29.676512
"Forest_Tent_Caterpillar",-81.120811,32.866525
"Forest_Tent_Caterpillar",-95.709801,29.753914
"Forest_Tent_Caterpillar",-81.045081,33.984329
"Forest_Tent_Caterpillar",-91.1492,30.40823
"Forest_Tent_Caterpillar",-80.189963,32.781963
"Forest_Tent_Caterpillar",-95.608244,29.374304
"Forest_Tent_Caterpillar",-97.584352,29.587486
"Forest_Tent_Caterpillar",-80.665129,32.902931
"Forest_Tent_Caterpillar",-90.097176,29.983948
"Forest_Tent_Caterpillar",-97.682901,29.863225
"Forest_Tent_Caterpillar",-95.623863,29.782987
"Forest_Tent_Caterpillar",-91.084267,30.444003
"Forest_Tent_Caterpillar",-85.684005,30.658847
"Forest_Tent_Caterpillar",-97.693322,30.245778
"Forest_Tent_Caterpillar",-82.485893,29.027411
"Forest_Tent_Caterpillar",-95.376755,29.65436
"Forest_Tent_Caterpillar",-81.1143,28.673438
"Forest_Tent_Caterpillar",-97.309949,28.269819
"Forest_Tent_Caterpillar",-95.401497,29.652922
"Forest_Tent_Caterpillar",-81.298958,31.948962
"Forest_Tent_Caterpillar",-80.818113,33.822873
"Forest_Tent_Caterpillar",-81.259803,28.978913
"Forest_Tent_Caterpillar",-80.689655,32.381226
"Forest_Tent_Caterpillar",-81.318122,32.022347
"Forest_Tent_Caterpillar",-82.389595,29.646988
"Forest_Tent_Caterpillar",-80.191856,32.983654
"Forest_Tent_Caterpillar",-80.817871,33.82839
"Forest_Tent_Caterpillar",-82.490658,29.74559
"Forest_Tent_Caterpillar",-82.805086,29.605594
"Forest_Tent_Caterpillar",-82.254997,29.637846
"Forest_Tent_Caterpillar",-96.703413,30.090597
"Forest_Tent_Caterpillar",-91.092225,30.535653
"Forest_Tent_Caterpillar",-96.542389,28.957871
"Forest_Tent_Caterpillar",-94.024597,30.208221
"Forest_Tent_Caterpillar",-82.363037,29.643766
"Forest_Tent_Caterpillar",-96.542453,28.958071
"Forest_Tent_Caterpillar",-94.922745,29.48805
"Forest_Tent_Caterpillar",-82.371536,29.63468
"Forest_Tent_Caterpillar",-96.542329,28.957919
"Forest_Tent_Caterpillar",-90.116025,30.391633
"Forest_Tent_Caterpillar",-82.490609,29.745444
"Forest_Tent_Caterpillar",-81.876499,29.629123
"Forest_Tent_Caterpillar",-97.821655,30.063494
"Forest_Tent_Caterpillar",-96.542373,28.958043
"Forest_Tent_Caterpillar",-76.519682,38.30314
"Forest_Tent_Caterpillar",-82.363732,29.641959
"Forest_Tent_Caterpillar",-79.29664,40.598587
"Forest_Tent_Caterpillar",-96.547289,28.954087
"Forest_Tent_Caterpillar",-97.029537,28.824197
"Forest_Tent_Caterpillar",-95.32417,29.352727
"Forest_Tent_Caterpillar",-96.415642,30.596892
"Forest_Tent_Caterpillar",-95.733269,29.719559
"Forest_Tent_Caterpillar",-95.433589,29.561598
"Forest_Tent_Caterpillar",-96.542446,28.958022
"Forest_Tent_Caterpillar",-78.940356,35.789693
"Forest_Tent_Caterpillar",-76.519682,38.30314
"Forest_Tent_Caterpillar",-96.542384,28.957969
"Forest_Tent_Caterpillar",-78.410103,34.909721
"Forest_Tent_Caterpillar",-95.638672,29.843117
"Forest_Tent_Caterpillar",-95.434386,29.033831
"Forest_Tent_Caterpillar",-97.532425,29.850553
"Forest_Tent_Caterpillar",-95.250156,29.474416
"Forest_Tent_Caterpillar",-81.944886,30.144248
"Forest_Tent_Caterpillar",-111.435225,40.606247
"Forest_Tent_Caterpillar",-87.285378,32.776058
"Forest_Tent_Caterpillar",-81.612137,31.866697
"Forest_Tent_Caterpillar",-80.712692,32.402695
"Forest_Tent_Caterpillar",-97.682927,29.923925
"Forest_Tent_Caterpillar",-80.981331,33.982025
"Forest_Tent_Caterpillar",-96.799662,30.017189
"Forest_Tent_Caterpillar",-91.115367,30.367818
"Forest_Tent_Caterpillar",-94.170821,30.087823
"Forest_Tent_Caterpillar",-94.608962,29.839781
"Forest_Tent_Caterpillar",-97.731316,30.171005
"Forest_Tent_Caterpillar",-80.795089,33.904598
"Forest_Tent_Caterpillar",-97.165259,30.231593
"Forest_Tent_Caterpillar",-80.201775,32.793663
"Forest_Tent_Caterpillar",-86.848945,30.861525
"Forest_Tent_Caterpillar",-95.775339,30.143301
"Forest_Tent_Caterpillar",-91.132092,30.362432
"Forest_Tent_Caterpillar",-96.21222,30.567587
"Forest_Tent_Caterpillar",-96.383021,30.596985
"Forest_Tent_Caterpillar",-81.259193,31.898129
"Forest_Tent_Caterpillar",-96.276292,30.562644
"Forest_Tent_Caterpillar",-78.640175,35.97045
"Forest_Tent_Caterpillar",-93.750179,32.52513
"Forest_Tent_Caterpillar",-97.742473,30.172833
"Forest_Tent_Caterpillar",-96.295449,30.578824
"Forest_Tent_Caterpillar",-96.112299,29.822283
"Forest_Tent_Caterpillar",-89.973441,29.895628
"Forest_Tent_Caterpillar",-80.468522,33.492955
"Forest_Tent_Caterpillar",-96.825468,28.887008
"Forest_Tent_Caterpillar",-80.083356,32.87519
"Forest_Tent_Caterpillar",-96.904575,30.055847
"Forest_Tent_Caterpillar",-96.960545,30.856933
"Forest_Tent_Caterpillar",-97.584532,29.589502
"Forest_Tent_Caterpillar",-91.101883,30.375497
"Forest_Tent_Caterpillar",-97.586966,29.593122
"Forest_Tent_Caterpillar",-81.349617,29.093983
"Forest_Tent_Caterpillar",-97.836503,30.170787
"Forest_Tent_Caterpillar",-97.687405,29.883415
"Forest_Tent_Caterpillar",-83.319326,33.932068
"Forest_Tent_Caterpillar",-98.655493,29.669356
"Forest_Tent_Caterpillar",-81.628328,30.176008
"Forest_Tent_Caterpillar",-82.750313,29.982634
"Forest_Tent_Caterpillar",-80.763269,32.152292
"Forest_Tent_Caterpillar",-80.778833,32.23399
"Forest_Tent_Caterpillar",-97.639039,30.217706
"Forest_Tent_Caterpillar",-95.631921,29.370962
"Forest_Tent_Caterpillar",-78.16873,44.25885
"Forest_Tent_Caterpillar",-81.044975,33.983917
"Forest_Tent_Caterpillar",-87.602119,33.311902
"Forest_Tent_Caterpillar",-97.584275,29.589609
"Forest_Tent_Caterpillar",-81.124346,32.198905
"Forest_Tent_Caterpillar",-84.28327,30.462406
"Forest_Tent_Caterpillar",-87.460397,31.511907
"Forest_Tent_Caterpillar",-80.049008,32.97864
"Forest_Tent_Caterpillar",-98.128014,29.350342
"Forest_Tent_Caterpillar",-88.811592,33.464819
"Forest_Tent_Caterpillar",-97.581924,29.589572
"Forest_Tent_Caterpillar",-90.133904,29.918579
"Forest_Tent_Caterpillar",-96.366263,30.089542
"Forest_Tent_Caterpillar",-97.003936,29.70812
"Forest_Tent_Caterpillar",-97.164826,30.231452
"Forest_Tent_Caterpillar",-95.398308,29.109525
"Forest_Tent_Caterpillar",-79.111985,35.829222
"Forest_Tent_Caterpillar",-87.364469,31.113037
"Forest_Tent_Caterpillar",-97.58833,29.594297
"Forest_Tent_Caterpillar",-80.191887,32.983406
"Forest_Tent_Caterpillar",-81.441987,32.103222
"Forest_Tent_Caterpillar",-80.829392,32.326725
"Forest_Tent_Caterpillar",-79.05056,35.919028
"Forest_Tent_Caterpillar",-97.584489,29.589744
"Forest_Tent_Caterpillar",-77.3765,35.60582
"Forest_Tent_Caterpillar",-91.929671,30.101683
"Forest_Tent_Caterpillar",-80.446931,32.767774
"Forest_Tent_Caterpillar",-81.069601,34.032201
"Forest_Tent_Caterpillar",-92.208164,32.629647
"Forest_Tent_Caterpillar",-91.983684,30.256987
"Forest_Tent_Caterpillar",-81.167111,31.978397
"Forest_Tent_Caterpillar",-89.962257,30.03124
"Forest_Tent_Caterpillar",-84.389145,33.755981
"Forest_Tent_Caterpillar",-80.241355,33.271694
"Forest_Tent_Caterpillar",-98.765869,29.448425
"Forest_Tent_Caterpillar",-80.773109,32.799683
"Forest_Tent_Caterpillar",-78.522158,35.780339
"Forest_Tent_Caterpillar",-96.895783,29.999623
"Forest_Tent_Caterpillar",-97.813339,30.043228
"Forest_Tent_Caterpillar",-82.102705,29.67692
"Forest_Tent_Caterpillar",-80.369506,33.252947
"Forest_Tent_Caterpillar",-87.460397,31.511907
"Forest_Tent_Caterpillar",-96.212212,30.567139
"Forest_Tent_Caterpillar",-96.751996,32.730909
"Forest_Tent_Caterpillar",-97.667673,29.965776
"Forest_Tent_Caterpillar",-96.539693,29.706622
"Forest_Tent_Caterpillar",-81.349617,29.093983
"Forest_Tent_Caterpillar",-85.952894,31.792889
"Forest_Tent_Caterpillar",-80.353562,33.22023
"Forest_Tent_Caterpillar",-83.234334,33.106418
"Forest_Tent_Caterpillar",-80.750539,33.800056
"Forest_Tent_Caterpillar",-96.777053,32.832958
"Forest_Tent_Caterpillar",-83.380668,33.981023
"Forest_Tent_Caterpillar",-80.233406,33.041418
"Forest_Tent_Caterpillar",-84.613792,30.439962
"Forest_Tent_Caterpillar",-96.213356,30.563324
"Forest_Tent_Caterpillar",-96.349457,30.602051
"Forest_Tent_Caterpillar",-95.628629,29.831541
"Forest_Tent_Caterpillar",-80.756602,32.4578
"Forest_Tent_Caterpillar",-89.961685,30.030798
"Forest_Tent_Caterpillar",-87.460397,31.511907
"Forest_Tent_Caterpillar",-96.288269,29.999775
"Forest_Tent_Caterpillar",-97.398557,28.785705
"Forest_Tent_Caterpillar",-80.353508,33.220188
"Forest_Tent_Caterpillar",-87.460397,31.511907
"Forest_Tent_Caterpillar",-81.097183,32.067161
"Forest_Tent_Caterpillar",-89.665337,30.50262
"Forest_Tent_Caterpillar",-97.5838,29.589655
"Forest_Tent_Caterpillar",-90.99808,30.265238
"Forest_Tent_Caterpillar",-95.801258,29.523347
"Forest_Tent_Caterpillar",-81.183121,33.983215
"Forest_Tent_Caterpillar",-80.683778,32.92547
"Forest_Tent_Caterpillar",-97.165297,30.231491
"Forest_Tent_Caterpillar",-95.725463,29.735454
"Forest_Tent_Caterpillar",-81.167007,31.978486
"Forest_Tent_Caterpillar",-80.154903,32.948562
"Forest_Tent_Caterpillar",-97.812575,30.186855
"Forest_Tent_Caterpillar",-84.317644,30.434822
"Forest_Tent_Caterpillar",-97.412281,30.110497
"Forest_Tent_Caterpillar",-91.118135,30.392601
"Forest_Tent_Caterpillar",-95.072663,29.595475
"Forest_Tent_Caterpillar",-96.334503,30.591906
"Forest_Tent_Caterpillar",-89.96311,30.031876
"Forest_Tent_Caterpillar",-80.829313,32.326747
"Forest_Tent_Caterpillar",-95.658888,29.860358
"Forest_Tent_Caterpillar",-93.317284,30.972483
"Forest_Tent_Caterpillar",-81.048905,33.987728
"Forest_Tent_Caterpillar",-97.383453,28.647195
"Forest_Tent_Caterpillar",-95.21988,29.445548
"Forest_Tent_Caterpillar",-95.673378,29.858215
"Forest_Tent_Caterpillar",-80.139662,32.949652
"Forest_Tent_Caterpillar",-81.606514,30.139873
"Forest_Tent_Caterpillar",-95.819595,29.432713
"Forest_Tent_Caterpillar",-81.043578,33.9836
"Forest_Tent_Caterpillar",-96.323286,30.761383
"Forest_Tent_Caterpillar",-95.660529,29.635167
"Forest_Tent_Caterpillar",-95.475692,29.045672
"Forest_Tent_Caterpillar",-97.708489,30.252374
"Forest_Tent_Caterpillar",-95.631921,29.370962
"Forest_Tent_Caterpillar",-80.711455,32.42228
"Forest_Tent_Caterpillar",-85.482346,32.605217
"Forest_Tent_Caterpillar",-95.393665,29.737785
"Forest_Tent_Caterpillar",-97.387186,28.656231
"Forest_Tent_Caterpillar",-90.735267,29.730603
"Forest_Tent_Caterpillar",-81.045143,33.983903
"Forest_Tent_Caterpillar",-96.885588,29.914592
"Forest_Tent_Caterpillar",-81.045027,33.983972
"Forest_Tent_Caterpillar",-93.729187,32.487705
"Forest_Tent_Caterpillar",-80.780228,32.618478
"Forest_Tent_Caterpillar",-82.333972,29.618533
"Forest_Tent_Caterpillar",-96.803787,28.31036
"Forest_Tent_Caterpillar",-80.850124,35.349506
"Forest_Tent_Caterpillar",-98.481708,29.462072
"Forest_Tent_Caterpillar",-95.861647,29.919478
"Forest_Tent_Caterpillar",-82.790675,29.898726
"Forest_Tent_Caterpillar",-97.06997,28.847668
"Forest_Tent_Caterpillar",-81.044839,33.983936
"Forest_Tent_Caterpillar",-95.608214,29.367314
"Forest_Tent_Caterpillar",-97.581205,30.114419
"Forest_Tent_Caterpillar",-79.762563,34.195425
"Forest_Tent_Caterpillar",-96.15731,30.325577
"Forest_Tent_Caterpillar",-80.080811,32.923065
"Forest_Tent_Caterpillar",-81.254292,32.212592
"Forest_Tent_Caterpillar",-80.122971,32.818928
"Forest_Tent_Caterpillar",-88.793,33.476706
"Forest_Tent_Caterpillar",-81.170629,31.978693
"Forest_Tent_Caterpillar",-97.801381,30.194564
"Forest_Tent_Caterpillar",-80.58049,32.386978
"Forest_Tent_Caterpillar",-97.943113,29.88892
"Forest_Tent_Caterpillar",-82.154808,28.12853
"Forest_Tent_Caterpillar",-91.063241,30.377748
"Forest_Tent_Caterpillar",-81.09855,32.080458
"Forest_Tent_Caterpillar",-81.045203,33.983975
"Forest_Tent_Caterpillar",-82.652768,31.613425
"Forest_Tent_Caterpillar",-83.370965,30.395543
"Forest_Tent_Caterpillar",-81.299683,31.948528
"Forest_Tent_Caterpillar",-97.668777,30.364994
"Forest_Tent_Caterpillar",-82.023558,29.600546
"Forest_Tent_Caterpillar",-82.333962,29.618483
"Forest_Tent_Caterpillar",-95.70593,29.819488
"Forest_Tent_Caterpillar",-81.133453,27.906637
"Forest_Tent_Caterpillar",-97.583801,29.588242
"Forest_Tent_Caterpillar",-97.392431,28.66087
"Forest_Tent_Caterpillar",-82.429353,29.719174
"Forest_Tent_Caterpillar",-96.420958,30.240344
"Forest_Tent_Caterpillar",-95.631889,29.366481
"Forest_Tent_Caterpillar",-94.608928,29.840158
"Forest_Tent_Caterpillar",-95.239859,29.677246
"Forest_Tent_Caterpillar",-83.000992,30.156406
"Forest_Tent_Caterpillar",-74.225995,40.537735
"Forest_Tent_Caterpillar",-97.39668,30.697777
"Forest_Tent_Caterpillar",-80.872526,35.230587
"Forest_Tent_Caterpillar",-82.31661,36.255903
"Forest_Tent_Caterpillar",-97.66458,30.314667
"Forest_Tent_Caterpillar",-98.483338,29.461877
"Forest_Tent_Caterpillar",-81.255895,32.357537
"Forest_Tent_Caterpillar",-97.173312,30.087429
"Forest_Tent_Caterpillar",-91.930962,30.402287
"Forest_Tent_Caterpillar",-96.324231,30.588837
"Forest_Tent_Caterpillar",-82.460878,29.714285
"Forest_Tent_Caterpillar",-92.143762,32.525947
"Forest_Tent_Caterpillar",-81.045136,33.983897
"Forest_Tent_Caterpillar",-81.774788,32.408897
"Forest_Tent_Caterpillar",-95.182627,29.503618
"Forest_Tent_Caterpillar",-90.936417,30.543117
"Forest_Tent_Caterpillar",-96.800048,30.017206
"Forest_Tent_Caterpillar",-97.168419,31.598846
"Forest_Tent_Caterpillar",-97.324347,30.116353
"Forest_Tent_Caterpillar",-97.920372,29.877869
"Forest_Tent_Caterpillar",-111.060506,43.172821
"Forest_Tent_Caterpillar",-82.352803,29.613157
"Forest_Tent_Caterpillar",-95.369403,29.812279
"Forest_Tent_Caterpillar",-96.035194,30.74622
"Forest_Tent_Caterpillar",-96.975891,30.852585
"Forest_Tent_Caterpillar",-98.090898,29.70293
"Forest_Tent_Caterpillar",-95.631921,29.370962
"Forest_Tent_Caterpillar",-81.045029,33.983948
"Forest_Tent_Caterpillar",-96.674076,29.072599
"Forest_Tent_Caterpillar",-82.21907,34.949127
"Forest_Tent_Caterpillar",-97.94257,29.888765
"Forest_Tent_Caterpillar",-90.119828,29.738345
"Forest_Tent_Caterpillar",-95.660272,29.636267
"Forest_Tent_Caterpillar",-82.572009,29.634722
"Forest_Tent_Caterpillar",-97.392321,28.663913
"Forest_Tent_Caterpillar",-95.093205,29.593814
"Forest_Tent_Caterpillar",-91.168137,30.391228
"Forest_Tent_Caterpillar",-95.625838,29.36973
"Forest_Tent_Caterpillar",-92.292617,30.794572
"Forest_Tent_Caterpillar",-81.606506,31.893478
"Forest_Tent_Caterpillar",-81.045222,33.983969
"Forest_Tent_Caterpillar",-82.813639,29.617031
"Forest_Tent_Caterpillar",-80.748227,35.313767
"Forest_Tent_Caterpillar",-95.249897,29.475197
"Forest_Tent_Caterpillar",-97.696992,30.303112
"Forest_Tent_Caterpillar",-96.341522,30.221858
"Forest_Tent_Caterpillar",-95.201413,29.646086
"Forest_Tent_Caterpillar",-92.039444,30.387475
"Forest_Tent_Caterpillar",-96.181405,30.320305
"Forest_Tent_Caterpillar",-92.039726,30.669091
"Forest_Tent_Caterpillar",-95.141455,29.491383
"Forest_Tent_Caterpillar",-83.374815,33.852979
"Forest_Tent_Caterpillar",-95.582886,29.375004
"Forest_Tent_Caterpillar",-95.18528,29.59572
"Forest_Tent_Caterpillar",-96.406549,30.249404
"Forest_Tent_Caterpillar",-96.359653,30.602111
"Forest_Tent_Caterpillar",-95.07254,29.594389
"Forest_Tent_Caterpillar",-97.39203,28.664025
"Forest_Tent_Caterpillar",-96.31325,30.658571
"Forest_Tent_Caterpillar",-81.161809,31.982049
"Forest_Tent_Caterpillar",-80.03097,43.461265
"Forest_Tent_Caterpillar",-90.057479,29.964799
"Forest_Tent_Caterpillar",-82.311266,29.620101
"Forest_Tent_Caterpillar",-76.466669,44.487763
"Forest_Tent_Caterpillar",-94.7623,29.969972
"Forest_Tent_Caterpillar",-96.385704,30.154295
"Forest_Tent_Caterpillar",-80.823741,33.829636
"Forest_Tent_Caterpillar",-93.729187,32.487686
"Forest_Tent_Caterpillar",-80.135818,32.900442
"Forest_Tent_Caterpillar",-82.414283,29.881495
"Forest_Tent_Caterpillar",-81.074523,34.009544
"Forest_Tent_Caterpillar",-97.81846,30.180281
"Forest_Tent_Caterpillar",-81.138405,31.968628
"Forest_Tent_Caterpillar",-81.442055,32.103225
"Forest_Tent_Caterpillar",-93.177966,33.128518
"Forest_Tent_Caterpillar",-91.611233,30.054956
"Forest_Tent_Caterpillar",-97.606661,30.25182
"Forest_Tent_Caterpillar",-81.102723,32.07526
"Forest_Tent_Caterpillar",-81.739395,30.187134
"Forest_Tent_Caterpillar",-97.582409,29.590042
"Forest_Tent_Caterpillar",-97.162922,30.221881
"Forest_Tent_Caterpillar",-82.29363,29.519799
"Forest_Tent_Caterpillar",-95.824239,29.805971
"Forest_Tent_Caterpillar",-82.361863,28.632157
"Forest_Tent_Caterpillar",-97.685124,30.512977
"Forest_Tent_Caterpillar",-97.727775,30.184147
"Forest_Tent_Caterpillar",-80.739438,35.308592
"Forest_Tent_Caterpillar",-95.224285,29.533562
"Forest_Tent_Caterpillar",-80.417908,33.969138
"Forest_Tent_Caterpillar",-96.244178,29.660303
"Forest_Tent_Caterpillar",-81.045022,33.983978
"Forest_Tent_Caterpillar",-95.594413,29.3766
"Forest_Tent_Caterpillar",-96.542167,28.957837
"Forest_Tent_Caterpillar",-95.475772,29.045648
"Forest_Tent_Caterpillar",-81.298958,31.948962
"Forest_Tent_Caterpillar",-81.716465,31.758251
"Forest_Tent_Caterpillar",-81.257465,32.178487
"Forest_Tent_Caterpillar",-95.631889,29.366481
"Forest_Tent_Caterpillar",-80.749954,32.432037
"Forest_Tent_Caterpillar",-80.411598,33.197693
"Forest_Tent_Caterpillar",-97.696817,30.303137
"Forest_Tent_Caterpillar",-79.049061,35.913807
"Forest_Tent_Caterpillar",-80.816243,33.816869
"Forest_Tent_Caterpillar",-97.758719,30.41788
"Forest_Tent_Caterpillar",-96.825558,28.889189
"Forest_Tent_Caterpillar",-95.181694,29.631393
"Forest_Tent_Caterpillar",-91.030883,30.435338
"Forest_Tent_Caterpillar",-82.432895,29.684995
"Forest_Tent_Caterpillar",-87.806305,32.541442
"Forest_Tent_Caterpillar",-95.624706,29.368476
"Forest_Tent_Caterpillar",-96.542415,28.957949
"Forest_Tent_Caterpillar",-96.542389,28.95785
"Forest_Tent_Caterpillar",-96.542377,28.957836
"Forest_Tent_Caterpillar",-96.542425,28.957965
"Forest_Tent_Caterpillar",-95.428558,29.6903
"Forest_Tent_Caterpillar",-82.630914,29.816232
"Forest_Tent_Caterpillar",-96.542389,28.957861
"Forest_Tent_Caterpillar",-95.200943,29.574967
"Forest_Tent_Caterpillar",-95.154331,29.543857
"Forest_Tent_Caterpillar",-97.942488,29.888262
"Forest_Tent_Caterpillar",-82.407055,29.335992
"Forest_Tent_Caterpillar",-96.428026,30.162267
"Forest_Tent_Caterpillar",-96.542746,28.958209
"Forest_Tent_Caterpillar",-97.136236,32.758057
"Forest_Tent_Caterpillar",-96.542427,28.957991
"Forest_Tent_Caterpillar",-96.542392,28.957851
"Forest_Tent_Caterpillar",-96.542531,28.95826
"Forest_Tent_Caterpillar",-90.93647,30.543
"Forest_Tent_Caterpillar",-82.304486,29.610131
"Forest_Tent_Caterpillar",-81.865212,27.994758
"Forest_Tent_Caterpillar",-81.906252,29.787116
"Forest_Tent_Caterpillar",-96.335997,29.898495
"Forest_Tent_Caterpillar",-82.246827,28.924953
"Forest_Tent_Caterpillar",-82.652031,29.825142
"Forest_Tent_Caterpillar",-95.603269,29.966069
"Forest_Tent_Caterpillar",-82.410698,29.614154
"Forest_Tent_Caterpillar",-97.689827,30.214024
"Forest_Tent_Caterpillar",-96.542453,28.958049
"Forest_Tent_Caterpillar",-98.096433,29.9958
"Forest_Tent_Caterpillar",-97.026248,28.824117
"Forest_Tent_Caterpillar",-82.5904,29.489976
"Forest_Tent_Caterpillar",-92.605117,30.274045
"Forest_Tent_Caterpillar",-82.650679,29.82473
"Forest_Tent_Caterpillar",-96.542478,28.958124
"Forest_Tent_Caterpillar",-96.542398,28.957869
"Forest_Tent_Caterpillar",-96.542389,28.95786
"Forest_Tent_Caterpillar",-96.542555,28.958054
"Forest_Tent_Caterpillar",-96.542436,28.95799
"Forest_Tent_Caterpillar",-82.379053,29.658683
"Forest_Tent_Caterpillar",-82.65048,29.824572
"Forest_Tent_Caterpillar",-80.271145,32.784252
"Forest_Tent_Caterpillar",-95.399155,29.716599
"Forest_Tent_Caterpillar",-97.254179,28.788549
"Forest_Tent_Caterpillar",-94.615983,29.672608
"Forest_Tent_Caterpillar",-82.361124,29.59029
"Forest_Tent_Caterpillar",-86.179346,32.367962
"Forest_Tent_Caterpillar",-96.542386,28.957956
"Forest_Tent_Caterpillar",-95.331392,29.695031
"Forest_Tent_Caterpillar",-96.542389,28.95785
"Forest_Tent_Caterpillar",-96.542412,28.957965
"Forest_Tent_Caterpillar",-81.789678,32.422213
"Forest_Tent_Caterpillar",-96.542382,28.957817
"Forest_Tent_Caterpillar",-96.542683,28.958158
"Forest_Tent_Caterpillar",-96.906107,29.680188
"Forest_Tent_Caterpillar",-82.150613,29.179763
"Forest_Tent_Caterpillar",-96.542533,28.958243
"Forest_Tent_Caterpillar",-81.12745,28.784486
"Forest_Tent_Caterpillar",-64.735897,45.752931
"Forest_Tent_Caterpillar",-82.432276,29.683683
"Forest_Tent_Caterpillar",-82.335876,29.615067
"Forest_Tent_Caterpillar",-96.542587,28.958308
"Forest_Tent_Caterpillar",-81.301855,28.08393
"Forest_Tent_Caterpillar",-81.56,30.19
"Forest_Tent_Caterpillar",-96.542415,28.957931
"Forest_Tent_Caterpillar",-95.474371,29.042537
"Forest_Tent_Caterpillar",-95.631921,29.370962
"Forest_Tent_Caterpillar",-98.481817,29.460759
"Forest_Tent_Caterpillar",-96.543488,28.958801
"Forest_Tent_Caterpillar",-92.727512,30.579452
"Forest_Tent_Caterpillar",-82.245474,29.648689
"Forest_Tent_Caterpillar",-95.933412,29.65292
"Forest_Tent_Caterpillar",-80.19761,32.956252
"Forest_Tent_Caterpillar",-96.542458,28.957967
"Forest_Tent_Caterpillar",-82.385049,29.649591
"Forest_Tent_Caterpillar",-95.120037,29.486503
"Forest_Tent_Caterpillar",-80.839338,32.371332
"Forest_Tent_Caterpillar",-96.542643,28.958225
"Forest_Tent_Caterpillar",-81.258817,31.898093
"Forest_Tent_Caterpillar",-95.196117,29.526522
"Forest_Tent_Caterpillar",-96.542477,28.958023
"Forest_Tent_Caterpillar",-82.432348,29.683584
"Forest_Tent_Caterpillar",-96.542428,28.958029
"Forest_Tent_Caterpillar",-98.628158,29.574377
"Forest_Tent_Caterpillar",-81.7,30.23
"Forest_Tent_Caterpillar",-96.222488,30.007587
"Forest_Tent_Caterpillar",-94.173845,30.072856
"Forest_Tent_Caterpillar",-90.1222,29.806147
"Forest_Tent_Caterpillar",-82.407622,29.559303
"Forest_Tent_Caterpillar",-82.397558,29.630907
"Forest_Tent_Caterpillar",-82.332472,29.619957
"Forest_Tent_Caterpillar",-80.581688,32.658813
"Forest_Tent_Caterpillar",-82.050291,29.216466
"Forest_Tent_Caterpillar",-87.776333,30.601074
"Forest_Tent_Caterpillar",-95.273973,29.323458
"Forest_Tent_Caterpillar",-82.363416,29.660561
"Forest_Tent_Caterpillar",-95.47411,29.672889
"Forest_Tent_Caterpillar",-95.199974,29.955132
"Forest_Tent_Caterpillar",-94.237275,30.35296
"Forest_Tent_Caterpillar",-95.608197,29.374204
"Forest_Tent_Caterpillar",-82.327084,29.619254
"Forest_Tent_Caterpillar",-95.622947,29.373747
"Forest_Tent_Caterpillar",-94.162262,30.115664
"Forest_Tent_Caterpillar",-97.942679,29.889
"Forest_Tent_Caterpillar",-82.428837,29.087489
"Forest_Tent_Caterpillar",-75.84186,41.217526
"Forest_Tent_Caterpillar",-95.448851,29.317065
"Forest_Tent_Caterpillar",-82.460976,29.714138
"Forest_Tent_Caterpillar",-89.919014,29.888214
"Forest_Tent_Caterpillar",-79.688515,33.104825
"Forest_Tent_Caterpillar",-82.321979,29.63984
"Forest_Tent_Caterpillar",-95.072053,29.59585
"Forest_Tent_Caterpillar",-82.76272,29.984103
"Forest_Tent_Caterpillar",-82.770645,29.956175
"Forest_Tent_Caterpillar",-80.223595,32.780415
"Forest_Tent_Caterpillar",-81.803957,30.078811
"Forest_Tent_Caterpillar",-82.466573,29.670466
"Forest_Tent_Caterpillar",-82.384389,29.739358
"Forest_Tent_Caterpillar",-91.469429,30.458115
"Forest_Tent_Caterpillar",-93.036444,30.444595
"Forest_Tent_Caterpillar",-84.95024,30.569086
"Forest_Tent_Caterpillar",-81.258818,31.898094
"Forest_Tent_Caterpillar",-82.562197,29.828782
"Forest_Tent_Caterpillar",-93.947975,29.698463
"Forest_Tent_Caterpillar",-81.330318,29.835987
"Forest_Tent_Caterpillar",-98.471042,29.46299
"Forest_Tent_Caterpillar",-80.874964,32.626325
"Forest_Tent_Caterpillar",-87.544824,33.21081
"Forest_Tent_Caterpillar",-97.942595,29.888842
"Forest_Tent_Caterpillar",-81.318912,28.839155
"Forest_Tent_Caterpillar",-81.87827,30.041269
"Forest_Tent_Caterpillar",-81.033424,33.93758
"Forest_Tent_Caterpillar",-80.829513,32.326897
"Forest_Tent_Caterpillar",-96.540496,28.956691
"Forest_Tent_Caterpillar",-82.321721,29.639655
"Forest_Tent_Caterpillar",-82.762345,29.984572
"Forest_Tent_Caterpillar",-95.709442,29.75497
"Forest_Tent_Caterpillar",-82.441556,28.907968
"Forest_Tent_Caterpillar",-81.364417,28.139578
"Forest_Tent_Caterpillar",-124.091928,40.85668
"Forest_Tent_Caterpillar",-81.167179,31.97811
"Forest_Tent_Caterpillar",-82.605287,29.682255
"Forest_Tent_Caterpillar",-95.072616,29.59514
"Forest_Tent_Caterpillar",-95.800683,29.767806
"Forest_Tent_Caterpillar",-82.455428,29.712869
"Forest_Tent_Caterpillar",-81.337778,29.913147
"Forest_Tent_Caterpillar",-81.365348,29.12196
"Forest_Tent_Caterpillar",-95.932228,29.648428
"Forest_Tent_Caterpillar",-82.682572,29.829758
"Forest_Tent_Caterpillar",-95.248019,29.47367
"Forest_Tent_Caterpillar",-95.074922,29.593619
"Forest_Tent_Caterpillar",-81.340085,29.277486
"Forest_Tent_Caterpillar",-82.661012,30.069731
"Forest_Tent_Caterpillar",-84.625583,30.479541
"Forest_Tent_Caterpillar",-76.229597,44.78025
"Forest_Tent_Caterpillar",-75.262986,44.344667
"Forest_Tent_Caterpillar",-95.801616,30.101405
"Forest_Tent_Caterpillar",-82.322425,29.626445
"Forest_Tent_Caterpillar",-82.613522,29.675874
"Forest_Tent_Caterpillar",-75.264594,44.34485
"Forest_Tent_Caterpillar",-80.257262,32.569706
"Forest_Tent_Caterpillar",-95.751001,29.95515
"Forest_Tent_Caterpillar",-75.262672,44.344656
"Forest_Tent_Caterpillar",-82.578628,29.91388
"Forest_Tent_Caterpillar",-95.613856,29.381904
"Forest_Tent_Caterpillar",-82.573647,29.912312
"Forest_Tent_Caterpillar",-82.580112,29.912644
"Forest_Tent_Caterpillar",-82.327912,29.619122
"Forest_Tent_Caterpillar",-97.72933,30.248873
"Forest_Tent_Caterpillar",-82.324826,29.651578
"Forest_Tent_Caterpillar",-82.682542,29.82972
"Forest_Tent_Caterpillar",-84.950378,30.569593
"Forest_Tent_Caterpillar",-97.304603,30.101225
"Forest_Tent_Caterpillar",-81.296562,28.083845
"Forest_Tent_Caterpillar",-95.451637,29.672145
"Forest_Tent_Caterpillar",-95.631921,29.370962
"Forest_Tent_Caterpillar",-82.932639,29.589781
"Forest_Tent_Caterpillar",-96.984983,29.58968
"Forest_Tent_Caterpillar",-75.264594,44.34485
"Forest_Tent_Caterpillar",-95.235073,29.412618
"Forest_Tent_Caterpillar",-95.616438,29.386147
"Forest_Tent_Caterpillar",-95.65868,29.101879
"Forest_Tent_Caterpillar",-75.264594,44.34485
"Forest_Tent_Caterpillar",-97.452858,30.141439
"Forest_Tent_Caterpillar",-94.138719,30.098646
"Forest_Tent_Caterpillar",-82.949914,29.54155
"Forest_Tent_Caterpillar",-82.810164,27.885741
"Forest_Tent_Caterpillar",-82.575592,29.916412
"Forest_Tent_Caterpillar",-75.264244,44.343197
"Forest_Tent_Caterpillar",-95.416516,29.580772
"Forest_Tent_Caterpillar",-82.362743,29.643763
"Forest_Tent_Caterpillar",-82.368406,29.63336
"Forest_Tent_Caterpillar",-81.531906,28.831314
"Forest_Tent_Caterpillar",-82.344419,28.007778
"Forest_Tent_Caterpillar",-80.351395,32.728496
"Forest_Tent_Caterpillar",-75.837568,41.218818
"Forest_Tent_Caterpillar",-81.65338,30.080995
"Forest_Tent_Caterpillar",-82.333159,29.583618
"Forest_Tent_Caterpillar",-75.977985,36.852926
"Forest_Tent_Caterpillar",-82.323964,29.640171
"Forest_Tent_Caterpillar",-82.941158,29.67708
"Forest_Tent_Caterpillar",-81.349574,29.09403
"Forest_Tent_Caterpillar",-95.249341,29.476097
"Forest_Tent_Caterpillar",-95.626802,29.370609
"Forest_Tent_Caterpillar",-81.172377,26.970958
"Forest_Tent_Caterpillar",-94.190608,30.337669
"Forest_Tent_Caterpillar",-82.577133,29.913379
"Forest_Tent_Caterpillar",-95.45306,29.763907
"Forest_Tent_Caterpillar",-95.241775,29.783378
"Forest_Tent_Caterpillar",-82.454784,29.729343
"Forest_Tent_Caterpillar",-81.162534,31.981809
"Forest_Tent_Caterpillar",-82.095654,28.011296
"Forest_Tent_Caterpillar",-80.192009,32.983368
"Forest_Tent_Caterpillar",-91.988617,30.255268
"Forest_Tent_Caterpillar",-84.32122,30.507558
"Forest_Tent_Caterpillar",-81.299604,29.033561
"Forest_Tent_Caterpillar",-82.254392,29.661122
"Forest_Tent_Caterpillar",-81.006468,29.141799
"Forest_Tent_Caterpillar",-81.082747,32.194613
"Forest_Tent_Caterpillar",-81.811135,30.251348
"Forest_Tent_Caterpillar",-95.414581,29.582147
"Forest_Tent_Caterpillar",-82.479028,29.403907
"Forest_Tent_Caterpillar",-94.80475,32.166811
"Forest_Tent_Caterpillar",-82.128464,28.346188
"Forest_Tent_Caterpillar",-93.74885,30.098967
"Forest_Tent_Caterpillar",-95.410164,29.582168
"Forest_Tent_Caterpillar",-95.631517,29.375466
"Forest_Tent_Caterpillar",-82.3815,29.65303
"Forest_Tent_Caterpillar",-81.316162,29.893555
"Forest_Tent_Caterpillar",-95.289024,29.336675
"Forest_Tent_Caterpillar",-82.447036,29.714254
"Forest_Tent_Caterpillar",-82.381128,29.653172
"Forest_Tent_Caterpillar",-95.337303,29.648083
"Forest_Tent_Caterpillar",-82.675675,29.83088
"Forest_Tent_Caterpillar",-93.74462,30.089003
"Forest_Tent_Caterpillar",-94.188142,30.145133
"Forest_Tent_Caterpillar",-81.459747,30.700442
"Forest_Tent_Caterpillar",-95.626378,29.370352
"Forest_Tent_Caterpillar",-95.625629,29.369074
"Forest_Tent_Caterpillar",-82.327995,29.620025
"Forest_Tent_Caterpillar",-95.248958,29.477437
"Forest_Tent_Caterpillar",-97.95862,29.577982
"Forest_Tent_Caterpillar",-82.077136,29.598369
"Forest_Tent_Caterpillar",-81.483425,28.696525
"Forest_Tent_Caterpillar",-95.289024,29.336675
"Forest_Tent_Caterpillar",-82.412315,28.07991
"Forest_Tent_Caterpillar",-95.595884,29.375387
"Forest_Tent_Caterpillar",-81.605689,30.139953
"Forest_Tent_Caterpillar",-82.348663,29.690201
"Forest_Tent_Caterpillar",-95.248958,29.477437
"Forest_Tent_Caterpillar",-95.6263,29.369902
"Forest_Tent_Caterpillar",-95.248958,29.477437
"Forest_Tent_Caterpillar",-92.08909,30.110955
"Forest_Tent_Caterpillar",-81.149551,27.911346
"Forest_Tent_Caterpillar",-96.934689,32.919126
"Forest_Tent_Caterpillar",-82.348663,29.690201
"Forest_Tent_Caterpillar",-82.66272,28.912873
"Forest_Tent_Caterpillar",-81.326065,29.072546
"Forest_Tent_Caterpillar",-82.704096,29.83768
"Forest_Tent_Caterpillar",-69.482045,44.412035
"Forest_Tent_Caterpillar",-81.653412,30.080204
"Forest_Tent_Caterpillar",-124.825805,49.256851
"Forest_Tent_Caterpillar",-82.367981,28.113408
"Forest_Tent_Caterpillar",-82.665047,27.842572
"Forest_Tent_Caterpillar",-75.803568,40.224777
"Forest_Tent_Caterpillar",-93.394461,30.303236
"Forest_Tent_Caterpillar",-76.127083,40.531791
"Forest_Tent_Caterpillar",-82.66503,27.84228
"Forest_Tent_Caterpillar",-75.931346,40.626962
"Forest_Tent_Caterpillar",-124.77913,49.295084
"Forest_Tent_Caterpillar",-82.593108,29.850183
"Forest_Tent_Caterpillar",-87.890478,32.625686
"Forest_Tent_Caterpillar",-95.575453,29.734245
"Forest_Tent_Caterpillar",-89.22488,48.43999
"Forest_Tent_Caterpillar",-104.987686,38.539512
"Forest_Tent_Caterpillar",-96.63292,33.640388
"Forest_Tent_Caterpillar",-96.76573,32.797612
"Forest_Tent_Caterpillar",-74.223451,39.895869
"Forest_Tent_Caterpillar",-97.086906,32.959725
"Forest_Tent_Caterpillar",-81.050259,28.655927
"Forest_Tent_Caterpillar",-123.374956,48.464337
"Forest_Tent_Caterpillar",-123.401856,48.468366
"Forest_Tent_Caterpillar",-97.955099,29.536399
"Forest_Tent_Caterpillar",-90.73367,30.099215
"Forest_Tent_Caterpillar",-89.892742,43.377595
"Forest_Tent_Caterpillar",-90.461199,30.504358
"Forest_Tent_Caterpillar",-75.862974,41.222304
"Forest_Tent_Caterpillar",-77.943304,34.27499
"Forest_Tent_Caterpillar",-96.927892,32.896283
"Forest_Tent_Caterpillar",-80.90382,32.327614
"Forest_Tent_Caterpillar",-78.978697,35.822882
"Forest_Tent_Caterpillar",-89.805264,43.205588
"Forest_Tent_Caterpillar",-89.680968,43.270823
"Forest_Tent_Caterpillar",-95.576432,28.915169
"Forest_Tent_Caterpillar",-122.492705,38.5163
"Forest_Tent_Caterpillar",-93.04925,30.943139
"Forest_Tent_Caterpillar",-78.284038,45.012722
"Forest_Tent_Caterpillar",-107.91313,40.037473
"Forest_Tent_Caterpillar",-95.070862,29.59581
"Forest_Tent_Caterpillar",-96.730005,33.189884
"Forest_Tent_Caterpillar",-91.118965,30.371029
"Forest_Tent_Caterpillar",-111.740978,40.695896
"Forest_Tent_Caterpillar",-95.343093,29.720951
"Forest_Tent_Caterpillar",-99.199902,30.22851
"Forest_Tent_Caterpillar",-70.520045,47.507169
"Forest_Tent_Caterpillar",-73.492847,46.687143
"Forest_Tent_Caterpillar",-75.228433,45.210974
"Forest_Tent_Caterpillar",-64.597731,48.37921
"Forest_Tent_Caterpillar",-96.261214,30.479293
"Forest_Tent_Caterpillar",-75.228436,45.211063
"Forest_Tent_Caterpillar",-72.188239,45.232984
"Forest_Tent_Caterpillar",-97.74903,30.405195
"Forest_Tent_Caterpillar",-71.213388,46.836225
"Forest_Tent_Caterpillar",-85.256331,45.279532
"Forest_Tent_Caterpillar",-93.789454,48.694496
"Forest_Tent_Caterpillar",-72.37,46.1
"Forest_Tent_Caterpillar",-80.184753,32.7828
"Forest_Tent_Caterpillar",-123.384567,48.470672
"Forest_Tent_Caterpillar",-123.384453,48.470753
"Forest_Tent_Caterpillar",-79.3494,38.97469
"Forest_Tent_Caterpillar",-79.992265,43.494297
"Forest_Tent_Caterpillar",-81.28257,41.504521
"Forest_Tent_Caterpillar",-83.381749,33.901112
"Forest_Tent_Caterpillar",-71.09416,42.360091
"Forest_Tent_Caterpillar",-96.21461,30.714948
"Forest_Tent_Caterpillar",-79.486703,39.532243
"Forest_Tent_Caterpillar",-79.530239,43.633404
"Forest_Tent_Caterpillar",-81.07249,34.009448
"Forest_Tent_Caterpillar",-124.09513,40.85858
"Forest_Tent_Caterpillar",-72.852705,43.166415
"Forest_Tent_Caterpillar",-72.364406,43.083651
"Forest_Tent_Caterpillar",-83.384657,33.901124
"Forest_Tent_Caterpillar",-96.516865,33.153569
"Forest_Tent_Caterpillar",-76.232617,44.772522
"Forest_Tent_Caterpillar",-64.597731,48.37921
"Forest_Tent_Caterpillar",-83.229168,33.845294
"Forest_Tent_Caterpillar",-79.932337,43.358252
"Forest_Tent_Caterpillar",-79.932277,43.358288
"Forest_Tent_Caterpillar",-89.885329,43.268601
"Forest_Tent_Caterpillar",-72.85277,43.166898
"Forest_Tent_Caterpillar",-97.718271,30.187952
"Forest_Tent_Caterpillar",-96.404806,30.592042
"Forest_Tent_Caterpillar",-63.559258,44.690158
"Forest_Tent_Caterpillar",-73.71865,43.856302
"Forest_Tent_Caterpillar",-94.169869,48.882114
"Forest_Tent_Caterpillar",-73.760544,45.510329
"Forest_Tent_Caterpillar",-80.400183,40.45564
"Forest_Tent_Caterpillar",-73.585888,45.513129
"Forest_Tent_Caterpillar",-79.999003,43.365916
"Forest_Tent_Caterpillar",-74.2533,44.4373
"Forest_Tent_Caterpillar",-71.307446,46.794601
"Forest_Tent_Caterpillar",-63.2646,45.373463
"Forest_Tent_Caterpillar",-78.135917,44.565227
"Forest_Tent_Caterpillar",-78.368527,44.917883
"Forest_Tent_Caterpillar",-80.969038,34.057945
"Forest_Tent_Caterpillar",-91.244754,47.385903
"Forest_Tent_Caterpillar",-96.252517,29.968203
"Forest_Tent_Caterpillar",-64.597731,48.37921
"Forest_Tent_Caterpillar",-99.588385,29.758272
"Forest_Tent_Caterpillar",-79.932369,43.358337
"Forest_Tent_Caterpillar",-78.485314,44.408891
"Forest_Tent_Caterpillar",-79.009085,48.381442
"Forest_Tent_Caterpillar",-73.195749,45.137859
"Forest_Tent_Caterpillar",-79.329222,45.068528
"Forest_Tent_Caterpillar",-79.032275,35.899483
"Forest_Tent_Caterpillar",-71.162106,42.676743
"Forest_Tent_Caterpillar",-76.221493,44.279778
"Forest_Tent_Caterpillar",-78.179267,44.540363
"Forest_Tent_Caterpillar",-77.915429,45.049656
"Forest_Tent_Caterpillar",-79.448974,47.306152
"Forest_Tent_Caterpillar",-68.31787,44.366538
"Forest_Tent_Caterpillar",-94.190479,30.338029
"Forest_Tent_Caterpillar",-71.246825,46.788262
"Forest_Tent_Caterpillar",-89.948533,43.243384
"Forest_Tent_Caterpillar",-68.516795,48.435396
"Forest_Tent_Caterpillar",-68.516795,48.435396
"Forest_Tent_Caterpillar",-61.444867,45.69969
"Forest_Tent_Caterpillar",-97.584097,30.361275
"Forest_Tent_Caterpillar",-79.955826,43.538279
"Forest_Tent_Caterpillar",-124.093164,40.863678
"Forest_Tent_Caterpillar",-77.432105,37.528288
"Forest_Tent_Caterpillar",-97.607753,30.642113
"Forest_Tent_Caterpillar",-97.153546,30.245648
"Forest_Tent_Caterpillar",-97.280015,30.107868
"Forest_Tent_Caterpillar",-97.700739,30.243853
"Forest_Tent_Caterpillar",-69.949464,47.365211
"Forest_Tent_Caterpillar",-87.509486,48.828453
"Forest_Tent_Caterpillar",-97.887646,30.386946
"Forest_Tent_Caterpillar",-75.162184,44.587686
"Forest_Tent_Caterpillar",-73.718626,43.856346
"Forest_Tent_Caterpillar",-99.433134,27.572354
"Forest_Tent_Caterpillar",-90.990988,30.345842
"Forest_Tent_Caterpillar",-77.098321,38.756796
"Forest_Tent_Caterpillar",-75.54411,41.093075
"Forest_Tent_Caterpillar",-95.593899,29.374901
"Forest_Tent_Caterpillar",-72.461297,44.340834
"Forest_Tent_Caterpillar",-72.461275,44.340829
"Forest_Tent_Caterpillar",-77.069548,38.763563
"Forest_Tent_Caterpillar",-91.011606,30.577622
"Forest_Tent_Caterpillar",-79.932046,43.358793
"Forest_Tent_Caterpillar",-72.461275,44.340829
"Forest_Tent_Caterpillar",-97.699851,30.241648
"Forest_Tent_Caterpillar",-72.461401,44.340792
"Forest_Tent_Caterpillar",-95.385475,29.552538
"Forest_Tent_Caterpillar",-97.684885,30.554524
"Forest_Tent_Caterpillar",-64.759036,48.338232
"Forest_Tent_Caterpillar",-74.367317,43.498183
"Forest_Tent_Caterpillar",-89.669194,35.086158
"Forest_Tent_Caterpillar",-64.759036,48.338232
"Forest_Tent_Caterpillar",-97.58585,30.646791
"Forest_Tent_Caterpillar",-113.764781,50.992714
"Forest_Tent_Caterpillar",-123.366555,48.423233
"Forest_Tent_Caterpillar",-111.660845,57.132873
"Forest_Tent_Caterpillar",-64.597731,48.37921
"Forest_Tent_Caterpillar",-114.389039,51.250319
"Forest_Tent_Caterpillar",-86.207672,32.453595
"Forest_Tent_Caterpillar",-80.933533,44.526565
"Forest_Tent_Caterpillar",-95.347835,29.586
"Forest_Tent_Caterpillar",-111.641,57.086579
"Forest_Tent_Caterpillar",-123.547843,48.479987
"Forest_Tent_Caterpillar",-76.48217,37.465439
"Forest_Tent_Caterpillar",-79.998235,43.365289
"Forest_Tent_Caterpillar",-75.681164,41.225992
"Forest_Tent_Caterpillar",-97.584898,29.588186
"Forest_Tent_Caterpillar",-96.496851,29.976276
"Forest_Tent_Caterpillar",-75.720808,39.227538
"Forest_Tent_Caterpillar",-75.862974,41.222304
"Forest_Tent_Caterpillar",-97.58585,30.646791
"Forest_Tent_Caterpillar",-72.582118,44.264252
"Forest_Tent_Caterpillar",-79.24427,35.930328
"Forest_Tent_Caterpillar",-76.371566,39.348186
"Forest_Tent_Caterpillar",-73.718639,43.856344
"Forest_Tent_Caterpillar",-73.71864,43.856322
"Forest_Tent_Caterpillar",-73.71865,43.856328
"Forest_Tent_Caterpillar",-79.003207,48.360424
"Forest_Tent_Caterpillar",-71.084894,42.794413
"Forest_Tent_Caterpillar",-80.881048,33.519581
"Forest_Tent_Caterpillar",-91.119863,30.486598
"Forest_Tent_Caterpillar",-93.877181,46.405097
"Forest_Tent_Caterpillar",-76.460305,42.420741
"Forest_Tent_Caterpillar",-93.778548,48.64917
"Forest_Tent_Caterpillar",-85.399791,42.51173
"Forest_Tent_Caterpillar",-80.815846,32.579663
"Forest_Tent_Caterpillar",-76.488891,42.828717
"Forest_Tent_Caterpillar",-72.272419,41.481828
"Forest_Tent_Caterpillar",-71.61682,42.6042
"Forest_Tent_Caterpillar",-78.970094,35.831318
"Forest_Tent_Caterpillar",-80.437951,33.045971
"Forest_Tent_Caterpillar",-75.577859,41.410267
"Forest_Tent_Caterpillar",-66.784752,45.960638
"Forest_Tent_Caterpillar",-71.454552,46.736028
"Forest_Tent_Caterpillar",-84.065948,46.464958
"Forest_Tent_Caterpillar",-80.573586,32.667756
"Forest_Tent_Caterpillar",-80.881187,33.519482
"Forest_Tent_Caterpillar",-72.461349,44.340791
"Forest_Tent_Caterpillar",-73.718645,43.85632
"Forest_Tent_Caterpillar",-73.71864,43.856336
"Forest_Tent_Caterpillar",-79.93224,43.358044
"Forest_Tent_Caterpillar",-69.242441,45.251035
"Forest_Tent_Caterpillar",-73.71864,43.856333
"Forest_Tent_Caterpillar",-73.718652,43.85632
"Forest_Tent_Caterpillar",-75.862974,41.222304
"Forest_Tent_Caterpillar",-79.992344,43.494313
"Forest_Tent_Caterpillar",-92.427667,47.877267
"Forest_Tent_Caterpillar",-73.718645,43.856342
"Forest_Tent_Caterpillar",-69.555113,44.218872
"Forest_Tent_Caterpillar",-81.860435,29.174015
"Forest_Tent_Caterpillar",-81.504387,41.039295
"Forest_Tent_Caterpillar",-84.217697,30.5615
"Forest_Tent_Caterpillar",-80.20076,32.9674
"Forest_Tent_Caterpillar",-91.244439,47.385596
"Forest_Tent_Caterpillar",-81.837147,41.469925
"Forest_Tent_Caterpillar",-73.257,44.551
"Forest_Tent_Caterpillar",-75.542811,38.981999
"Forest_Tent_Caterpillar",-72.272409,41.481826
"Forest_Tent_Caterpillar",-64.956362,45.592687
"Forest_Tent_Caterpillar",-82.607731,29.578508
"Forest_Tent_Caterpillar",-86.651803,46.305645
"Forest_Tent_Caterpillar",-80.198387,32.958244
"Forest_Tent_Caterpillar",-71.911256,41.804517
"Forest_Tent_Caterpillar",-88.194212,32.584134
"Forest_Tent_Caterpillar",-80.880951,33.519552
"Forest_Tent_Caterpillar",-80.467644,33.493754
"Forest_Tent_Caterpillar",-73.010018,43.889685
"Forest_Tent_Caterpillar",-72.541484,43.869796
"Forest_Tent_Caterpillar",-65.320815,46.977532
"Forest_Tent_Caterpillar",-75.542811,38.981999
"Forest_Tent_Caterpillar",-73.926119,42.747594
"Forest_Tent_Caterpillar",-64.920538,47.564176
"Forest_Tent_Caterpillar",-74.055622,42.362523
"Forest_Tent_Caterpillar",-68.328592,47.358708
"Forest_Tent_Caterpillar",-74.055601,42.362412
"Forest_Tent_Caterpillar",-84.957118,46.770477
"Forest_Tent_Caterpillar",-82.45295,29.728337
"Forest_Tent_Caterpillar",-84.739881,33.517216
"Forest_Tent_Caterpillar",-80.087112,32.81812
"Forest_Tent_Caterpillar",-86.20591,42.410526
"Forest_Tent_Caterpillar",-72.20569,42.583446
"Forest_Tent_Caterpillar",-76.49632,42.419306
"Forest_Tent_Caterpillar",-74.188594,43.974355
"Forest_Tent_Caterpillar",-93.756867,48.735364
"Forest_Tent_Caterpillar",-81.038071,33.28974
"Forest_Tent_Caterpillar",-65.509783,46.987463
"Forest_Tent_Caterpillar",-99.249577,49.662116
"Forest_Tent_Caterpillar",-92.060585,33.147775
"Forest_Tent_Caterpillar",-85.191487,46.367677
"Forest_Tent_Caterpillar",-77.421104,37.391991
"Forest_Tent_Caterpillar",-65.521866,47.012054
"Forest_Tent_Caterpillar",-122.714055,38.440429
"Forest_Tent_Caterpillar",-73.718514,43.856324
"Forest_Tent_Caterpillar",-73.7185,43.856305
"Forest_Tent_Caterpillar",-73.718495,43.856305
"Forest_Tent_Caterpillar",-76.403277,36.782453
"Forest_Tent_Caterpillar",-81.78038,32.42267
"Forest_Tent_Caterpillar",-71.911247,41.804528
"Forest_Tent_Caterpillar",-94.205839,32.76021
"Forest_Tent_Caterpillar",-83.49237,33.880262
"Forest_Tent_Caterpillar",-78.741447,44.578583
"Forest_Tent_Caterpillar",-81.979879,29.654578
"Forest_Tent_Caterpillar",-94.168806,48.88212
"Forest_Tent_Caterpillar",-80.82347,33.828587
"Forest_Tent_Caterpillar",-78.659672,48.435163
"Forest_Tent_Caterpillar",-113.653215,46.570454
"Forest_Tent_Caterpillar",-96.433208,32.703205
"Forest_Tent_Caterpillar",-94.5344,29.614114
"Forest_Tent_Caterpillar",-79.00307,48.36123
"Forest_Tent_Caterpillar",-79.008955,48.381377
"Forest_Tent_Caterpillar",-79.097974,47.285582
"Forest_Tent_Caterpillar",-73.807486,44.729438
"Forest_Tent_Caterpillar",-78.658575,48.442025
"Forest_Tent_Caterpillar",-89.055373,30.380913
"Forest_Tent_Caterpillar",-78.658403,48.442
"Forest_Tent_Caterpillar",-92.402204,47.881953
"Forest_Tent_Caterpillar",-79.497278,39.468067
"Forest_Tent_Caterpillar",-124.090813,40.877769
"Forest_Tent_Caterpillar",-99.828146,50.559114
"Forest_Tent_Caterpillar",-68.50889,46.129704
"Forest_Tent_Caterpillar",-121.689656,50.832159
"Forest_Tent_Caterpillar",-72.407993,46.546251
"Forest_Tent_Caterpillar",-79.992302,43.49434
"Forest_Tent_Caterpillar",-113.963562,46.871533
"Forest_Tent_Caterpillar",-74.055601,42.362412
"Forest_Tent_Caterpillar",-79.00883,48.381642
"Forest_Tent_Caterpillar",-69.069633,44.223236
"Forest_Tent_Caterpillar",-79.008747,48.381248
"Forest_Tent_Caterpillar",-71.996119,43.360737
"Forest_Tent_Caterpillar",-75.411199,38.739959
"Forest_Tent_Caterpillar",-79.9323,43.358316
"Forest_Tent_Caterpillar",-72.852728,43.166833
"Forest_Tent_Caterpillar",-71.996119,43.360737
"Forest_Tent_Caterpillar",-84.898012,45.448538
"Forest_Tent_Caterpillar",-96.877978,28.566087
"Forest_Tent_Caterpillar",-92.126092,46.94762
"Forest_Tent_Caterpillar",-75.27808,46.907182
"Forest_Tent_Caterpillar",-79.955838,43.538274
"Forest_Tent_Caterpillar",-79.110041,33.56699
"Forest_Tent_Caterpillar",-87.116408,48.771275
"Forest_Tent_Caterpillar",-97.340276,30.116179
"Forest_Tent_Caterpillar",-79.003207,48.360424
"Forest_Tent_Caterpillar",-79.512997,45.821347
"Forest_Tent_Caterpillar",-64.415157,48.783156
"Forest_Tent_Caterpillar",-89.626954,48.458033
"Forest_Tent_Caterpillar",-64.597731,48.37921
"Forest_Tent_Caterpillar",-80.969233,34.057966
"Forest_Tent_Caterpillar",-82.669331,27.838893
"Forest_Tent_Caterpillar",-71.996119,43.360737
"Forest_Tent_Caterpillar",-80.914832,34.139031
"Forest_Tent_Caterpillar",-79.932311,43.35834
"Forest_Tent_Caterpillar",-77.835604,48.123242
"Forest_Tent_Caterpillar",-72.852722,43.16677
"Forest_Tent_Caterpillar",-86.411141,46.567778
"Forest_Tent_Caterpillar",-88.074486,46.53403
"Forest_Tent_Caterpillar",-94.169871,48.882117
"Forest_Tent_Caterpillar",-79.003207,48.360424
"Forest_Tent_Caterpillar",-114.145858,51.077217
"Forest_Tent_Caterpillar",-75.070214,46.621455
"Forest_Tent_Caterpillar",-94.168758,48.882317
"Forest_Tent_Caterpillar",-122.629952,49.596302
"Forest_Tent_Caterpillar",-79.003207,48.360424
"Forest_Tent_Caterpillar",-79.955833,43.538276
"Forest_Tent_Caterpillar",-79.447447,47.309234
"Forest_Tent_Caterpillar",-87.116164,48.771378
"Forest_Tent_Caterpillar",-64.4152,48.78318
"Forest_Tent_Caterpillar",-80.244256,43.694669
"Forest_Tent_Caterpillar",-76.441385,42.391822
"Forest_Tent_Caterpillar",-121.689056,50.832306
"Forest_Tent_Caterpillar",-88.385173,47.01775
"Forest_Tent_Caterpillar",-74.150177,42.525095
"Forest_Tent_Caterpillar",-73.29976,45.995542
"Forest_Tent_Caterpillar",-97.279878,30.021282
"Forest_Tent_Caterpillar",-97.200638,49.832072
"Forest_Tent_Caterpillar",-98.939597,26.407755
"Forest_Tent_Caterpillar",-114.080462,51.078909
"Forest_Tent_Caterpillar",-123.443978,39.583103
"Forest_Tent_Caterpillar",-88.223119,45.358566
"Forest_Tent_Caterpillar",-97.664194,30.63525
"Forest_Tent_Caterpillar",-78.737357,48.507222
"Forest_Tent_Caterpillar",-95.323892,49.810658
"Forest_Tent_Caterpillar",-80.987107,42.664182
"Forest_Tent_Caterpillar",-70.316627,43.919484
"Forest_Tent_Caterpillar",-79.00349,48.36066
"Forest_Tent_Caterpillar",-99.057555,48.047899
"Forest_Tent_Caterpillar",-72.338245,41.672525
"Forest_Tent_Caterpillar",-124.094172,40.856698
"Forest_Tent_Caterpillar",-79.196964,47.543237
"Forest_Tent_Caterpillar",-69.012832,44.280607
"Forest_Tent_Caterpillar",-79.393663,47.343916
"Forest_Tent_Caterpillar",-96.77803,29.379352
"Forest_Tent_Caterpillar",-124.091738,40.85551
"Forest_Tent_Caterpillar",-116.425342,49.057878
"Forest_Tent_Caterpillar",-79.932351,43.358371
"Forest_Tent_Caterpillar",-82.357994,28.073524
"Forest_Tent_Caterpillar",-124.091111,40.861755
"Forest_Tent_Caterpillar",-97.831906,30.158367
"Forest_Tent_Caterpillar",-77.651982,34.381849
"Forest_Tent_Caterpillar",-76.378975,36.742206
"Forest_Tent_Caterpillar",-96.708594,32.705194
"Forest_Tent_Caterpillar",-96.448056,46.865463
"Forest_Tent_Caterpillar",-79.470223,47.60487
"Forest_Tent_Caterpillar",-86.070982,44.389183
"Forest_Tent_Caterpillar",-124.089961,40.878378
"Forest_Tent_Caterpillar",-76.220473,36.906703
"Forest_Tent_Caterpillar",-78.147296,48.356819
"Forest_Tent_Caterpillar",-121.689888,50.832214
"Forest_Tent_Caterpillar",-76.910534,35.473572
"Forest_Tent_Caterpillar",-79.38324,45.898064
"Forest_Tent_Caterpillar",-74.055622,42.362523
"Forest_Tent_Caterpillar",-92.507835,34.712854
"Forest_Tent_Caterpillar",-81.290847,28.9481
"Forest_Tent_Caterpillar",-82.361307,29.643115
"Forest_Tent_Caterpillar",-79.448974,47.306152
"Forest_Tent_Caterpillar",-79.448974,47.306152
"Forest_Tent_Caterpillar",-73.176263,42.602337
"Forest_Tent_Caterpillar",-82.107039,29.233308
"Forest_Tent_Caterpillar",-123.150017,48.610645
"Forest_Tent_Caterpillar",-92.291351,30.803226
"Forest_Tent_Caterpillar",-91.929741,30.101736
"Forest_Tent_Caterpillar",-76.326547,44.803853
"Forest_Tent_Caterpillar",-87.116203,48.771263
"Forest_Tent_Caterpillar",-114.159214,51.055153
"Forest_Tent_Caterpillar",-80.249288,43.694413
"Forest_Tent_Caterpillar",-92.68017,31.243008
"Forest_Tent_Caterpillar",-90.862695,30.308615
"Forest_Tent_Caterpillar",-73.176263,42.602337
"Forest_Tent_Caterpillar",-97.702906,30.252114
"Forest_Tent_Caterpillar",-92.087091,30.006508
"Forest_Tent_Caterpillar",-79.447447,47.309234
"Forest_Tent_Caterpillar",-122.88447,48.55558
"Forest_Tent_Caterpillar",-90.465661,48.890797
"Forest_Tent_Caterpillar",-79.447436,47.309216
"Forest_Tent_Caterpillar",-79.097974,47.285582
"Forest_Tent_Caterpillar",-79.393663,47.343916
"Forest_Tent_Caterpillar",-79.454406,47.30286
"Forest_Tent_Caterpillar",-73.867748,45.094898
"Forest_Tent_Caterpillar",-97.34064,30.115317
"Forest_Tent_Caterpillar",-79.998099,43.365998
"Forest_Tent_Caterpillar",-79.451863,47.30424
"Forest_Tent_Caterpillar",-84.065948,46.464958
"Forest_Tent_Caterpillar",-87.099789,48.787564
"Forest_Tent_Caterpillar",-96.759606,32.775147
"Forest_Tent_Caterpillar",-123.297684,48.440874
"Forest_Tent_Caterpillar",-64.169367,48.624945
"Forest_Tent_Caterpillar",-79.117632,45.071753
"Forest_Tent_Caterpillar",-70.360622,47.690694
"Forest_Tent_Caterpillar",-85.057573,33.599852
"Forest_Tent_Caterpillar",-79.393663,47.343916
"Forest_Tent_Caterpillar",-72.160453,43.152956
"Forest_Tent_Caterpillar",-87.116103,48.771295
"Forest_Tent_Caterpillar",-79.096835,33.519423
"Forest_Tent_Caterpillar",-88.069572,46.536247
"Forest_Tent_Caterpillar",-91.244547,47.38574
"Forest_Tent_Caterpillar",-64.881281,44.376701
"Forest_Tent_Caterpillar",-79.119879,48.186014
"Forest_Tent_Caterpillar",-95.65,29.682
"Forest_Tent_Caterpillar",-124.134205,40.794241
"Forest_Tent_Caterpillar",-94.169869,48.882114
"Forest_Tent_Caterpillar",-94.169867,48.882112
"Forest_Tent_Caterpillar",-79.00214,48.36105
"Forest_Tent_Caterpillar",-97.317565,27.871771
"Forest_Tent_Caterpillar",-87.116111,48.771267
"Forest_Tent_Caterpillar",-78.468292,34.267355
"Forest_Tent_Caterpillar",-79.999043,43.365823
"Forest_Tent_Caterpillar",-122.624672,49.562733
"Forest_Tent_Caterpillar",-95.32225,36.286616
"Forest_Tent_Caterpillar",-94.169869,48.882114
"Forest_Tent_Caterpillar",-94.169871,48.882117
"Forest_Tent_Caterpillar",-73.257,44.551
"Forest_Tent_Caterpillar",-78.941195,39.640612
"Forest_Tent_Caterpillar",-94.169871,48.882117
"Forest_Tent_Caterpillar",-89.289341,48.649552
"Forest_Tent_Caterpillar",-113.936214,46.994328
"Forest_Tent_Caterpillar",-124.091858,40.85547
"Forest_Tent_Caterpillar",-70.360519,47.6908
"Forest_Tent_Caterpillar",-79.933078,43.358016
"Forest_Tent_Caterpillar",-71.2319,43.894591
"Forest_Tent_Caterpillar",-94.168729,48.882287
"Forest_Tent_Caterpillar",-94.169871,48.882117
"Forest_Tent_Caterpillar",-87.09978,48.787636
"Forest_Tent_Caterpillar",-64.954012,45.595775
"Forest_Tent_Caterpillar",-113.812425,53.569275
"Forest_Tent_Caterpillar",-91.148483,47.028297
"Forest_Tent_Caterpillar",-94.169871,48.882117
"Forest_Tent_Caterpillar",-89.289241,48.649551
"Forest_Tent_Caterpillar",-95.830686,30.258975
"Forest_Tent_Caterpillar",-75.99344,45.5324
"Forest_Tent_Caterpillar",-68.318152,47.371776
"Forest_Tent_Caterpillar",-79.087898,39.555653
"Forest_Tent_Caterpillar",-94.169867,48.882112
"Forest_Tent_Caterpillar",-72.364931,43.083917
"Forest_Tent_Caterpillar",-70.808504,45.777759
"Forest_Tent_Caterpillar",-72.364325,43.083997
"Forest_Tent_Caterpillar",-72.364044,43.083453
"Forest_Tent_Caterpillar",-70.741633,46.167015
"Forest_Tent_Caterpillar",-79.955826,43.538279
"Forest_Tent_Caterpillar",-80.793617,43.466767
"Forest_Tent_Caterpillar",-79.992304,43.494366
"Forest_Tent_Caterpillar",-79.123005,39.632942
"Forest_Tent_Caterpillar",-79.124462,48.180278
"Forest_Tent_Caterpillar",-80.151195,44.705657
"Forest_Tent_Caterpillar",-121.825391,47.528707
"Forest_Tent_Caterpillar",-79.003941,44.620155
"Forest_Tent_Caterpillar",-75.803583,45.393446
"Forest_Tent_Caterpillar",-78.988363,33.588951
"Forest_Tent_Caterpillar",-113.853169,46.918616
"Forest_Tent_Caterpillar",-68.690634,44.584969
"Forest_Tent_Caterpillar",-83.461704,38.763336
"Forest_Tent_Caterpillar",-75.119061,45.407586
"Forest_Tent_Caterpillar",-73.437369,41.537615
"Forest_Tent_Caterpillar",-74.408127,45.554495
"Forest_Tent_Caterpillar",-97.698625,30.510612
"Forest_Tent_Caterpillar",-88.682775,45.287482
"Forest_Tent_Caterpillar",-91.45932,48.41116
"Forest_Tent_Caterpillar",-91.135567,48.665633
"Forest_Tent_Caterpillar",-74.193375,45.387592
"Forest_Tent_Caterpillar",-121.867847,50.825552
"Forest_Tent_Caterpillar",-113.957038,46.933483
"Forest_Tent_Caterpillar",-87.288108,51.270667
"Forest_Tent_Caterpillar",-74.150033,42.525003
"Forest_Tent_Caterpillar",-72.334283,47.149606
"Forest_Tent_Caterpillar",-91.156732,48.657511
"Forest_Tent_Caterpillar",-70.360733,47.69075
"Forest_Tent_Caterpillar",-87.115569,48.771228
"Forest_Tent_Caterpillar",-123.572537,48.347645
"Forest_Tent_Caterpillar",-78.517752,45.589779
"Forest_Tent_Caterpillar",-78.517752,45.589779
"Forest_Tent_Caterpillar",-89.377751,48.281301
"Forest_Tent_Caterpillar",-70.360733,47.69075
"Forest_Tent_Caterpillar",-75.680522,45.054342
"Forest_Tent_Caterpillar",-89.542563,48.141362
"Forest_Tent_Caterpillar",-84.957011,46.770612
"Forest_Tent_Caterpillar",-76.512389,44.750043
"Forest_Tent_Caterpillar",-71.218003,44.308845
"Forest_Tent_Caterpillar",-76.697022,44.517555
"Forest_Tent_Caterpillar",-70.151093,47.643388
"Forest_Tent_Caterpillar",-93.28499,46.545965
"Forest_Tent_Caterpillar",-110.462172,43.073124
"Forest_Tent_Caterpillar",-87.116272,48.771345
"Forest_Tent_Caterpillar",-95.820703,30.012456
"Forest_Tent_Caterpillar",-87.084332,48.748675
"Forest_Tent_Caterpillar",-74.929324,41.95044
"Forest_Tent_Caterpillar",-93.285054,46.545852
"Forest_Tent_Caterpillar",-87.024899,48.676463
"Forest_Tent_Caterpillar",-79.003207,48.360424
"Forest_Tent_Caterpillar",-76.370551,39.348467
"Forest_Tent_Caterpillar",-81.277334,44.728562
"Forest_Tent_Caterpillar",-80.795699,33.806533
"Forest_Tent_Caterpillar",-71.23239,43.894688
"Forest_Tent_Caterpillar",-80.213689,45.35908
"Forest_Tent_Caterpillar",-69.395675,48.334125
"Forest_Tent_Caterpillar",-84.065948,46.464958
"Forest_Tent_Caterpillar",-72.3641,43.083467
"Forest_Tent_Caterpillar",-80.194167,45.361111
"Forest_Tent_Caterpillar",-72.544967,43.498213
"Forest_Tent_Caterpillar",-78.106097,48.594681
"Forest_Tent_Caterpillar",-72.461311,44.340829
"Forest_Tent_Caterpillar",-123.960098,46.172049
"Forest_Tent_Caterpillar",-80.191667,45.348056
"Forest_Tent_Caterpillar",-62.850478,46.204927
"Forest_Tent_Caterpillar",-84.315677,46.529141
"Forest_Tent_Caterpillar",-124.091461,40.859847
"Forest_Tent_Caterpillar",-75.829346,42.213469
"Forest_Tent_Caterpillar",-123.324043,48.456421
"Forest_Tent_Caterpillar",-63.550034,44.677058
"Forest_Tent_Caterpillar",-72.544778,43.497997
"Forest_Tent_Caterpillar",-80.165,45.337222
"Forest_Tent_Caterpillar",-72.330877,41.80486
"Forest_Tent_Caterpillar",-72.330834,41.804892
"Forest_Tent_Caterpillar",-84.475868,46.632031
"Forest_Tent_Caterpillar",-84.408918,46.695954
"Forest_Tent_Caterpillar",-86.951395,49.71647
"Forest_Tent_Caterpillar",-84.957,46.77047
"Forest_Tent_Caterpillar",-64.940087,46.829125
"Forest_Tent_Caterpillar",-77.212494,44.688907
"Forest_Tent_Caterpillar",-72.330834,41.804892
"Forest_Tent_Caterpillar",-72.78398,47.393838
"Forest_Tent_Caterpillar",-64.292798,48.567557
"Forest_Tent_Caterpillar",-73.344141,42.746943
"Forest_Tent_Caterpillar",-91.244661,47.385705
"Forest_Tent_Caterpillar",-66.124482,48.094273
"Forest_Tent_Caterpillar",-81.27713,44.72854
"Forest_Tent_Caterpillar",-72.023887,42.979591
"Forest_Tent_Caterpillar",-71.748909,41.522176
"Forest_Tent_Caterpillar",-91.244871,47.386492
"Forest_Tent_Caterpillar",-94.517413,33.368358
"Forest_Tent_Caterpillar",-63.550013,44.677063
"Forest_Tent_Caterpillar",-80.164167,45.337778
"Forest_Tent_Caterpillar",-81.865712,27.99434
"Forest_Tent_Caterpillar",-68.802579,44.552521
"Forest_Tent_Caterpillar",-72.330834,41.804892
"Forest_Tent_Caterpillar",-80.194167,45.361111
"Forest_Tent_Caterpillar",-66.143312,48.129464
"Forest_Tent_Caterpillar",-70.962592,45.785044
"Forest_Tent_Caterpillar",-71.861797,48.670329
"Forest_Tent_Caterpillar",-66.673711,45.840799
"Forest_Tent_Caterpillar",-80.249103,43.694392
"Forest_Tent_Caterpillar",-79.84904,43.314881
"Forest_Tent_Caterpillar",-81.214387,48.486758
"Forest_Tent_Caterpillar",-113.933669,53.410416
"Forest_Tent_Caterpillar",-84.957144,46.770496
"Forest_Tent_Caterpillar",-79.992354,43.494366
"Forest_Tent_Caterpillar",-80.208333,45.368056
"Forest_Tent_Caterpillar",-123.37442,48.464675
"Forest_Tent_Caterpillar",-87.287767,51.270667
"Forest_Tent_Caterpillar",-91.197546,47.38189
"Forest_Tent_Caterpillar",-80.213689,45.35908
"Forest_Tent_Caterpillar",-66.124687,48.094697
"Forest_Tent_Caterpillar",-72.505137,43.624528
"Forest_Tent_Caterpillar",-60.044032,46.029428
"Forest_Tent_Caterpillar",-60.459083,45.966453
"Forest_Tent_Caterpillar",-70.915697,45.764865
"Forest_Tent_Caterpillar",-79.117632,45.071753
"Forest_Tent_Caterpillar",-123.376491,48.463063
"Forest_Tent_Caterpillar",-60.043868,46.029143
"Forest_Tent_Caterpillar",-60.459063,45.96645
"Forest_Tent_Caterpillar",-63.550039,44.677062
"Forest_Tent_Caterpillar",-80.194722,45.362222
"Forest_Tent_Caterpillar",-76.512368,44.750036
"Forest_Tent_Caterpillar",-71.699695,48.634379
"Forest_Tent_Caterpillar",-123.512936,39.827004
"Forest_Tent_Caterpillar",-115.3637,51.067875
"Forest_Tent_Caterpillar",-81.849579,43.250191
"Forest_Tent_Caterpillar",-79.201282,48.782924
"Forest_Tent_Caterpillar",-114.860059,45.989995
"Forest_Tent_Caterpillar",-123.371398,48.46635
"Forest_Tent_Caterpillar",-92.673736,47.124079
"Forest_Tent_Caterpillar",-79.88399,45.502893
"Forest_Tent_Caterpillar",-85.508696,45.686786
"Forest_Tent_Caterpillar",-123.3758,48.465813
"Forest_Tent_Caterpillar",-76.800112,42.543236
"Forest_Tent_Caterpillar",-114.016945,51.040047
"Forest_Tent_Caterpillar",-92.673756,47.124087
"Forest_Tent_Caterpillar",-79.363442,46.086078
"Forest_Tent_Caterpillar",-80.211956,43.541815
"Forest_Tent_Caterpillar",-72.397484,44.543827
"Forest_Tent_Caterpillar",-60.314818,46.208244
"Forest_Tent_Caterpillar",-72.205893,42.32431
"Forest_Tent_Caterpillar",-72.205868,42.324473
"Forest_Tent_Caterpillar",-113.93872,51.031758
"Forest_Tent_Caterpillar",-87.286842,51.270817
"Forest_Tent_Caterpillar",-78.168731,44.258848
"Forest_Tent_Caterpillar",-87.63059,46.655235
"Forest_Tent_Caterpillar",-79.429299,47.298059
"Forest_Tent_Caterpillar",-69.419433,48.344658
"Forest_Tent_Caterpillar",-93.664895,45.924494
"Forest_Tent_Caterpillar",-72.213958,48.861001
"Forest_Tent_Caterpillar",-72.366609,43.81153
"Forest_Tent_Caterpillar",-84.704313,49.453825
"Forest_Tent_Caterpillar",-79.329222,45.068528
"Forest_Tent_Caterpillar",-80.274946,45.900101
"Forest_Tent_Caterpillar",-90.83265,47.575541
"Forest_Tent_Caterpillar",-80.249344,43.694419
"Forest_Tent_Caterpillar",-80.8275,42.665556
"Forest_Tent_Caterpillar",-64.173844,48.623686
"Forest_Tent_Caterpillar",-73.341395,42.750827
"Forest_Tent_Caterpillar",-77.835634,48.123255
"Forest_Tent_Caterpillar",-74.992242,39.829706
"Forest_Tent_Caterpillar",-71.259558,48.409758
"Forest_Tent_Caterpillar",-84.957096,46.770428
"Forest_Tent_Caterpillar",-79.329222,45.068528
"Forest_Tent_Caterpillar",-71.402077,46.757123
"Forest_Tent_Caterpillar",-91.491606,45.10363
"Forest_Tent_Caterpillar",-79.329222,45.068528
"Forest_Tent_Caterpillar",-71.454552,46.736028
"Forest_Tent_Caterpillar",-71.454552,46.736028
"Forest_Tent_Caterpillar",-76.640076,39.607493
"Forest_Tent_Caterpillar",-80.039199,44.727489
"Forest_Tent_Caterpillar",-63.550025,44.677066
"Forest_Tent_Caterpillar",-64.277117,45.959822
"Forest_Tent_Caterpillar",-80.249261,43.694533
"Forest_Tent_Caterpillar",-64.983706,47.520951
"Forest_Tent_Caterpillar",-79.513205,45.819838
"Forest_Tent_Caterpillar",-79.329222,45.068528
"Forest_Tent_Caterpillar",-77.212494,44.688907
"Forest_Tent_Caterpillar",-84.618934,45.849172
"Forest_Tent_Caterpillar",-87.051656,46.165928
"Forest_Tent_Caterpillar",-84.734687,33.513605
"Forest_Tent_Caterpillar",-84.79882,44.89999
"Forest_Tent_Caterpillar",-76.344736,42.965291
"Forest_Tent_Caterpillar",-123.452936,46.266667
"Forest_Tent_Caterpillar",-81.43598,44.420483
"Forest_Tent_Caterpillar",-80.211887,43.541845
"Forest_Tent_Caterpillar",-76.298067,44.384216
"Forest_Tent_Caterpillar",-79.860992,45.604212
"Forest_Tent_Caterpillar",-78.168731,44.258848
"Forest_Tent_Caterpillar",-85.400449,42.583667
"Forest_Tent_Caterpillar",-79.454766,44.862668
"Forest_Tent_Caterpillar",-84.475633,46.614923
"Forest_Tent_Caterpillar",-88.807556,44.404064
"Forest_Tent_Caterpillar",-77.835631,48.123255
"Forest_Tent_Caterpillar",-111.987246,54.828037
"Forest_Tent_Caterpillar",-117.526081,47.780822
"Forest_Tent_Caterpillar",-80.004488,44.795399
"Forest_Tent_Caterpillar",-92.040214,46.721478
"Forest_Tent_Caterpillar",-79.329222,45.068528
"Forest_Tent_Caterpillar",-94.108971,46.884063
"Forest_Tent_Caterpillar",-81.34403,48.47592
"Forest_Tent_Caterpillar",-66.208058,48.98114
"Forest_Tent_Caterpillar",-73.343455,42.751733
"Forest_Tent_Caterpillar",-76.372955,42.390978
"Forest_Tent_Caterpillar",-71.454552,46.736028
"Forest_Tent_Caterpillar",-79.441191,47.32483
"Forest_Tent_Caterpillar",-76.575028,41.466148
"Forest_Tent_Caterpillar",-89.240021,48.434237
"Forest_Tent_Caterpillar",-91.197723,47.38192
"Forest_Tent_Caterpillar",-72.381081,43.839425
"Forest_Tent_Caterpillar",-89.239827,48.434182
"Forest_Tent_Caterpillar",-78.485314,44.408891
"Forest_Tent_Caterpillar",-77.212494,44.688907
"Forest_Tent_Caterpillar",-79.80799,43.747545
"Forest_Tent_Caterpillar",-72.366609,43.81153
"Forest_Tent_Caterpillar",-72.415869,44.527023
"Forest_Tent_Caterpillar",-90.708992,47.635944
"Forest_Tent_Caterpillar",-84.740109,33.517052
"Forest_Tent_Caterpillar",-72.461412,44.340839
"Forest_Tent_Caterpillar",-70.360519,47.6908
"Forest_Tent_Caterpillar",-78.587031,41.759744
"Forest_Tent_Caterpillar",-71.031271,46.782727
"Forest_Tent_Caterpillar",-71.24228,46.857
"Forest_Tent_Caterpillar",-71.053405,48.42022
"Forest_Tent_Caterpillar",-81.387022,44.47139
"Forest_Tent_Caterpillar",-84.957096,46.770428
"Forest_Tent_Caterpillar",-71.387214,46.932261
"Forest_Tent_Caterpillar",-77.210258,44.897067
"Forest_Tent_Caterpillar",-91.272597,47.356492
"Forest_Tent_Caterpillar",-123.423836,48.512135
"Forest_Tent_Caterpillar",-72.690812,42.593012
"Forest_Tent_Caterpillar",-92.865016,47.497116
"Forest_Tent_Caterpillar",-71.431565,48.338459
"Forest_Tent_Caterpillar",-77.31323,44.47752
"Forest_Tent_Caterpillar",-73.146099,44.705749
"Forest_Tent_Caterpillar",-78.518074,45.582195
"Forest_Tent_Caterpillar",-60.459042,45.96648
"Forest_Tent_Caterpillar",-77.212494,44.688907
"Forest_Tent_Caterpillar",-78.518591,45.589375
"Forest_Tent_Caterpillar",-81.622761,49.282495
"Forest_Tent_Caterpillar",-72.930892,47.200333
"Forest_Tent_Caterpillar",-91.491606,45.10363
"Forest_Tent_Caterpillar",-81.277147,44.728587
"Forest_Tent_Caterpillar",-79.583043,45.623328
"Forest_Tent_Caterpillar",-75.223048,41.30635
"Forest_Tent_Caterpillar",-91.195364,47.381285
"Forest_Tent_Caterpillar",-72.206038,42.324301
"Forest_Tent_Caterpillar",-64.813287,46.047164
"Forest_Tent_Caterpillar",-86.059382,46.521591
"Forest_Tent_Caterpillar",-64.959501,47.449289
"Forest_Tent_Caterpillar",-91.200012,47.33707
"Forest_Tent_Caterpillar",-80.635437,43.441533
"Forest_Tent_Caterpillar",-114.193197,49.458367
"Forest_Tent_Caterpillar",-77.212494,44.688907
"Forest_Tent_Caterpillar",-76.238786,45.199453
"Forest_Tent_Caterpillar",-72.218482,42.56768
"Forest_Tent_Caterpillar",-68.318152,47.371776
"Forest_Tent_Caterpillar",-76.640076,39.607493
"Forest_Tent_Caterpillar",-68.059478,44.33818
"Forest_Tent_Caterpillar",-71.226306,46.908994
"Forest_Tent_Caterpillar",-72.160878,42.473673
"Forest_Tent_Caterpillar",-79.441078,47.3321
"Forest_Tent_Caterpillar",-79.456088,47.290288
"Forest_Tent_Caterpillar",-72.160878,42.473673
"Forest_Tent_Caterpillar",-71.226306,46.908994
"Forest_Tent_Caterpillar",-120.072083,48.611443
"Forest_Tent_Caterpillar",-111.19165,43.403972
"Forest_Tent_Caterpillar",-80.40358,42.671303
"Forest_Tent_Caterpillar",-63.550029,44.677069
"Forest_Tent_Caterpillar",-123.37276,48.466085
"Forest_Tent_Caterpillar",-87.412894,46.533245
"Forest_Tent_Caterpillar",-79.429299,47.298059
"Forest_Tent_Caterpillar",-79.441185,47.324886
"Forest_Tent_Caterpillar",-77.835611,48.123237
"Forest_Tent_Caterpillar",-60.314861,46.208295
"Forest_Tent_Caterpillar",-60.314818,46.208244
"Forest_Tent_Caterpillar",-87.409578,46.546025
"Forest_Tent_Caterpillar",-80.49513,42.791133
"Forest_Tent_Caterpillar",-72.522485,42.436726
"Forest_Tent_Caterpillar",-92.837352,46.211246
"Forest_Tent_Caterpillar",-81.400895,46.014753
"Forest_Tent_Caterpillar",-73.341395,42.750827
"Forest_Tent_Caterpillar",-70.360622,47.690808
"Forest_Tent_Caterpillar",-86.059057,46.521818
"Forest_Tent_Caterpillar",-80.844495,46.489175
"Forest_Tent_Caterpillar",-73.570461,44.572568
"Forest_Tent_Caterpillar",-76.640076,39.607493
"Forest_Tent_Caterpillar",-73.343798,42.750473
"Forest_Tent_Caterpillar",-80.073552,44.623774
"Forest_Tent_Caterpillar",-123.722847,49.43913
"Forest_Tent_Caterpillar",-75.534987,38.974488
"Forest_Tent_Caterpillar",-60.314861,46.208295
"Forest_Tent_Caterpillar",-80.890717,48.571648
"Forest_Tent_Caterpillar",-72.160878,42.473673
"Forest_Tent_Caterpillar",-80.427101,46.089279
"Forest_Tent_Caterpillar",-71.3872,46.932231
"Forest_Tent_Caterpillar",-75.051235,45.602583
"Forest_Tent_Caterpillar",-78.25535,45.121399
"Forest_Tent_Caterpillar",-73.129315,44.486336
"Forest_Tent_Caterpillar",-81.072464,46.373262
"Forest_Tent_Caterpillar",-72.270991,42.534615
"Forest_Tent_Caterpillar",-79.444388,44.557472
"Forest_Tent_Caterpillar",-77.835654,48.123202
"Forest_Tent_Caterpillar",-70.87459,46.937916
"Forest_Tent_Caterpillar",-78.168731,44.258848
"Forest_Tent_Caterpillar",-81.277125,44.72856
"Forest_Tent_Caterpillar",-71.454552,46.736028
"Forest_Tent_Caterpillar",-84.162185,42.507749
"Forest_Tent_Caterpillar",-78.522077,45.587442
"Forest_Tent_Caterpillar",-78.168731,44.258848
"Forest_Tent_Caterpillar",-123.722355,49.438988
"Forest_Tent_Caterpillar",-82.45509,29.736426
"Forest_Tent_Caterpillar",-72.690803,42.592992
"Forest_Tent_Caterpillar",-76.433578,42.403843
"Forest_Tent_Caterpillar",-94.176953,30.188314
"Forest_Tent_Caterpillar",-121.477478,49.938278
"Forest_Tent_Caterpillar",-91.019372,47.467343
"Forest_Tent_Caterpillar",-79.429299,47.298059
"Forest_Tent_Caterpillar",-80.211888,43.541889
"Forest_Tent_Caterpillar",-72.239571,42.299572
"Forest_Tent_Caterpillar",-80.936098,44.535897
"Forest_Tent_Caterpillar",-77.212494,44.688907
"Forest_Tent_Caterpillar",-81.793183,43.122186
"Forest_Tent_Caterpillar",-89.623542,48.402428
"Forest_Tent_Caterpillar",-73.435867,45.540662
"Forest_Tent_Caterpillar",-123.338478,48.441792
"Forest_Tent_Caterpillar",-77.212494,44.688907
"Forest_Tent_Caterpillar",-71.354033,46.7437
"Forest_Tent_Caterpillar",-60.314823,46.208291
"Forest_Tent_Caterpillar",-78.517921,45.589802
"Forest_Tent_Caterpillar",-73.257,44.551
"Forest_Tent_Caterpillar",-81.387309,44.471685
"Forest_Tent_Caterpillar",-80.365957,43.302681
"Forest_Tent_Caterpillar",-73.064934,44.402768
"Forest_Tent_Caterpillar",-80.039193,44.727493
"Forest_Tent_Caterpillar",-69.298485,44.59809
"Forest_Tent_Caterpillar",-65.730418,45.481459
"Forest_Tent_Caterpillar",-123.246403,49.253914
"Forest_Tent_Caterpillar",-69.673059,43.915578
"Forest_Tent_Caterpillar",-112.828397,49.691457
"Forest_Tent_Caterpillar",-73.441697,41.418664
"Forest_Tent_Caterpillar",-79.429362,47.29804
"Forest_Tent_Caterpillar",-79.910346,45.579659
"Forest_Tent_Caterpillar",-72.387644,44.334087
"Forest_Tent_Caterpillar",-87.116133,48.771358
"Forest_Tent_Caterpillar",-71.454552,46.736028
"Forest_Tent_Caterpillar",-71.454552,46.736028
"Forest_Tent_Caterpillar",-76.460293,42.42075
"Forest_Tent_Caterpillar",-78.520476,45.583936
"Forest_Tent_Caterpillar",-65.730448,45.481473
"Forest_Tent_Caterpillar",-73.570574,44.57261
"Forest_Tent_Caterpillar",-80.793617,43.466808
"Forest_Tent_Caterpillar",-79.260114,41.688853
"Forest_Tent_Caterpillar",-86.017417,46.666887
"Forest_Tent_Caterpillar",-72.206038,42.324301
"Forest_Tent_Caterpillar",-72.160369,43.152728
"Forest_Tent_Caterpillar",-74.87915,46.380495
"Forest_Tent_Caterpillar",-78.168731,44.258848
"Forest_Tent_Caterpillar",-65.835803,46.946947
"Forest_Tent_Caterpillar",-80.195556,45.362778
"Forest_Tent_Caterpillar",-71.954092,44.49544
"Forest_Tent_Caterpillar",-89.240032,48.434118
"Forest_Tent_Caterpillar",-92.467374,46.751051
"Forest_Tent_Caterpillar",-80.244522,43.694591
"Forest_Tent_Caterpillar",-72.206038,42.324301
"Forest_Tent_Caterpillar",-80.2493,43.694385
"Forest_Tent_Caterpillar",-94.035661,46.862105
"Forest_Tent_Caterpillar",-92.441852,46.6044
"Forest_Tent_Caterpillar",-110.79741,43.657549
"Forest_Tent_Caterpillar",-77.835613,48.123227
"Forest_Tent_Caterpillar",-71.454552,46.736028
"Forest_Tent_Caterpillar",-79.429299,47.298059
"Forest_Tent_Caterpillar",-77.835616,48.123229
"Forest_Tent_Caterpillar",-74.096116,44.407687
"Forest_Tent_Caterpillar",-72.690828,42.592997
"Forest_Tent_Caterpillar",-68.636125,44.413013
"Forest_Tent_Caterpillar",-79.429299,47.298059
"Forest_Tent_Caterpillar",-90.40461,48.035103
"Forest_Tent_Caterpillar",-124.089486,40.859663
"Forest_Tent_Caterpillar",-65.883156,45.765818
"Forest_Tent_Caterpillar",-117.525844,47.780642
"Forest_Tent_Caterpillar",-84.383364,46.719478
"Forest_Tent_Caterpillar",-84.065948,46.464958
"Forest_Tent_Caterpillar",-79.329222,45.068528
"Forest_Tent_Caterpillar",-79.181913,41.922223
"Forest_Tent_Caterpillar",-86.059382,46.521591
"Forest_Tent_Caterpillar",-76.238786,45.199453
"Forest_Tent_Caterpillar",-81.27713,44.72854
"Forest_Tent_Caterpillar",-79.84904,43.314881
"Forest_Tent_Caterpillar",-73.570318,44.572464
"Forest_Tent_Caterpillar",-74.391487,42.954666
"Forest_Tent_Caterpillar",-72.160878,42.473673
"Forest_Tent_Caterpillar",-72.93959,43.628902
"Forest_Tent_Caterpillar",-79.117632,45.071753
"Forest_Tent_Caterpillar",-72.522477,42.436679
"Forest_Tent_Caterpillar",-79.415262,40.852762
"Forest_Tent_Caterpillar",-72.272409,41.481797
"Forest_Tent_Caterpillar",-79.117632,45.071753
"Forest_Tent_Caterpillar",-80.635453,43.44155
"Forest_Tent_Caterpillar",-70.517145,43.982772
"Forest_Tent_Caterpillar",-90.488963,44.272018
"Forest_Tent_Caterpillar",-77.31185,44.47589
"Forest_Tent_Caterpillar",-77.212494,44.688907
"Forest_Tent_Caterpillar",-77.31204,44.47606
"Forest_Tent_Caterpillar",-78.310203,44.315788
"Forest_Tent_Caterpillar",-73.342081,42.749716
"Forest_Tent_Caterpillar",-89.248938,48.389672
"Forest_Tent_Caterpillar",-122.446495,48.213525
"Forest_Tent_Caterpillar",-72.160878,42.473673
"Forest_Tent_Caterpillar",-123.315,48.464722
"Forest_Tent_Caterpillar",-93.648771,48.816366
"Forest_Tent_Caterpillar",-89.217376,48.430207
"Forest_Tent_Caterpillar",-72.939676,43.628922
"Forest_Tent_Caterpillar",-75.534987,38.974488
"Forest_Tent_Caterpillar",-123.373134,48.465914
"Forest_Tent_Caterpillar",-80.007156,48.018551
"Forest_Tent_Caterpillar",-81.27713,44.72854
"Forest_Tent_Caterpillar",-73.490145,44.490625
"Forest_Tent_Caterpillar",-96.660377,33.026256
"Forest_Tent_Caterpillar",-77.846428,46.194331
"Forest_Tent_Caterpillar",-94.171537,30.853886
"Forest_Tent_Caterpillar",-78.012735,42.459675
"Forest_Tent_Caterpillar",-72.233233,42.33906
"Forest_Tent_Caterpillar",-72.537555,46.471544
"Forest_Tent_Caterpillar",-83.888606,32.849163
"Forest_Tent_Caterpillar",-73.570388,44.57255
"Forest_Tent_Caterpillar",-114.234864,48.415052
"Forest_Tent_Caterpillar",-89.217353,48.430256
"Forest_Tent_Caterpillar",-79.415237,40.852772
"Forest_Tent_Caterpillar",-89.324563,48.338439
"Forest_Tent_Caterpillar",-123.402927,48.506877
"Forest_Tent_Caterpillar",-123.319557,48.460751
"Forest_Tent_Caterpillar",-73.496909,45.692745
"Forest_Tent_Caterpillar",-80.410447,42.698738
"Forest_Tent_Caterpillar",-77.286121,45.806117
"Forest_Tent_Caterpillar",-72.218482,42.56768
"Forest_Tent_Caterpillar",-84.781549,32.301337
"Forest_Tent_Caterpillar",-65.384287,47.072434
"Forest_Tent_Caterpillar",-122.587096,48.878489
"Forest_Tent_Caterpillar",-122.706971,49.09712
"Forest_Tent_Caterpillar",-123.398035,48.472836
"Forest_Tent_Caterpillar",-76.634593,44.222316
"Forest_Tent_Caterpillar",-111.446587,56.378778
"Forest_Tent_Caterpillar",-77.31408,44.47636
"Forest_Tent_Caterpillar",-71.216658,48.427947
"Forest_Tent_Caterpillar",-97.581961,30.247252
"Forest_Tent_Caterpillar",-72.292457,42.5281
"Forest_Tent_Caterpillar",-65.045774,46.023028
"Forest_Tent_Caterpillar",-80.572701,37.741128
"Forest_Tent_Caterpillar",-92.647072,47.138686
"Forest_Tent_Caterpillar",-75.534987,38.974488
"Forest_Tent_Caterpillar",-122.481163,48.75327
"Forest_Tent_Caterpillar",-123.374382,48.465969
"Forest_Tent_Caterpillar",-72.971868,44.471906
"Forest_Tent_Caterpillar",-66.620925,45.928258
"Forest_Tent_Caterpillar",-92.837567,46.21127
"Forest_Tent_Caterpillar",-68.725768,47.207556
"Forest_Tent_Caterpillar",-68.789308,44.731554
"Forest_Tent_Caterpillar",-123.37432,48.465634
"Forest_Tent_Caterpillar",-68.931209,44.828814
"Forest_Tent_Caterpillar",-93.316553,45.243306
"Forest_Tent_Caterpillar",-84.812699,33.521975
"Forest_Tent_Caterpillar",-73.18971,44.591712
"Forest_Tent_Caterpillar",-77.835634,48.123237
"Forest_Tent_Caterpillar",-90.030193,47.89439
"Forest_Tent_Caterpillar",-75.534987,38.974488
"Forest_Tent_Caterpillar",-67.291947,45.174196
"Forest_Tent_Caterpillar",-123.40422,48.471523
"Forest_Tent_Caterpillar",-72.227785,42.344955
"Forest_Tent_Caterpillar",-111.885502,41.642345
"Forest_Tent_Caterpillar",-80.030886,44.722894
"Forest_Tent_Caterpillar",-73.221288,44.477223
"Forest_Tent_Caterpillar",-89.196419,44.263102
"Forest_Tent_Caterpillar",-74.323145,45.466305
"Forest_Tent_Caterpillar",-68.123244,46.908194
"Forest_Tent_Caterpillar",-66.640303,45.962532
"Forest_Tent_Caterpillar",-93.164069,36.623116
"Forest_Tent_Caterpillar",-124.093557,40.85626
"Forest_Tent_Caterpillar",-62.94677,46.339203
"Forest_Tent_Caterpillar",-80.85772,46.56052
"Forest_Tent_Caterpillar",-81.333707,44.640263
"Forest_Tent_Caterpillar",-93.262374,46.44805
"Forest_Tent_Caterpillar",-81.734261,47.670443
"Forest_Tent_Caterpillar",-123.37432,48.465634
"Forest_Tent_Caterpillar",-72.269164,43.723148
"Forest_Tent_Caterpillar",-80.577631,45.926417
"Forest_Tent_Caterpillar",-123.37432,48.465634
"Forest_Tent_Caterpillar",-92.060601,33.147547
"Forest_Tent_Caterpillar",-93.127327,46.647072
"Forest_Tent_Caterpillar",-73.58257,41.705581
"Forest_Tent_Caterpillar",-69.799675,45.1344
"Forest_Tent_Caterpillar",-80.220285,43.549073
"Forest_Tent_Caterpillar",-77.886078,44.65392
"Forest_Tent_Caterpillar",-89.869713,43.375623
"Forest_Tent_Caterpillar",-72.218482,42.56768
"Forest_Tent_Caterpillar",-89.225237,48.44207
"Forest_Tent_Caterpillar",-91.197892,47.381278
"Forest_Tent_Caterpillar",-124.090203,40.856891
"Forest_Tent_Caterpillar",-122.800183,49.228694
"Forest_Tent_Caterpillar",-73.435618,45.540506
"Forest_Tent_Caterpillar",-96.298487,47.53247
"Forest_Tent_Caterpillar",-81.354217,48.481243
"Forest_Tent_Caterpillar",-93.352705,46.537637
"Forest_Tent_Caterpillar",-92.873159,47.493464
"Forest_Tent_Caterpillar",-122.494837,48.713067
"Forest_Tent_Caterpillar",-90.516116,45.951097
"Forest_Tent_Caterpillar",-80.232153,48.197011
"Forest_Tent_Caterpillar",-80.912254,46.470192
"Forest_Tent_Caterpillar",-79.429342,47.298054
"Forest_Tent_Caterpillar",-95.572563,46.49128
"Forest_Tent_Caterpillar",-68.208776,46.983424
"Forest_Tent_Caterpillar",-72.971868,44.471906
"Forest_Tent_Caterpillar",-83.311729,35.558568
"Forest_Tent_Caterpillar",-68.511557,48.456681
"Forest_Tent_Caterpillar",-67.868436,46.934848
"Forest_Tent_Caterpillar",-87.611962,45.135114
"Forest_Tent_Caterpillar",-74.879058,46.38018
"Forest_Tent_Caterpillar",-124.072063,40.856018
"Forest_Tent_Caterpillar",-61.340809,45.63674
"Forest_Tent_Caterpillar",-75.792482,45.508368
"Forest_Tent_Caterpillar",-113.44558,53.507092
"Forest_Tent_Caterpillar",-77.31394,44.47712
"Forest_Tent_Caterpillar",-107.168297,39.401578
"Forest_Tent_Caterpillar",-72.971868,44.471906
"Forest_Tent_Caterpillar",-73.0533,44.462392
"Forest_Tent_Caterpillar",-75.206233,45.1645
"Forest_Tent_Caterpillar",-72.2924,42.528079
"Forest_Tent_Caterpillar",-75.73713,44.942108
"Forest_Tent_Caterpillar",-113.51013,53.615362
"Forest_Tent_Caterpillar",-76.53645,42.466631
"Forest_Tent_Caterpillar",-113.791075,52.295139
"Forest_Tent_Caterpillar",-90.242087,38.438153
"Forest_Tent_Caterpillar",-81.401351,46.014521
"Forest_Tent_Caterpillar",-81.558252,45.217438
"Forest_Tent_Caterpillar",-123.350817,48.464843
"Forest_Tent_Caterpillar",-97.115197,32.729212
"Forest_Tent_Caterpillar",-77.830085,44.143665
"Forest_Tent_Caterpillar",-90.74192,46.322567
"Forest_Tent_Caterpillar",-62.646328,46.202258
"Forest_Tent_Caterpillar",-123.3106,48.463829
"Forest_Tent_Caterpillar",-96.29539,47.530078
"Forest_Tent_Caterpillar",-80.061015,43.860185
"Forest_Tent_Caterpillar",-79.53419,44.77268
"Forest_Tent_Caterpillar",-91.480912,45.843617
"Forest_Tent_Caterpillar",-79.93826,43.78145
"Forest_Tent_Caterpillar",-96.995253,33.049643
"Forest_Tent_Caterpillar",-76.562401,42.398562
"Forest_Tent_Caterpillar",-88.620555,47.134001
"Forest_Tent_Caterpillar",-84.597366,42.83992
"Forest_Tent_Caterpillar",-96.463048,46.864571
"Forest_Tent_Caterpillar",-71.27487,46.786745
"Forest_Tent_Caterpillar",-68.993532,44.486207
"Forest_Tent_Caterpillar",-77.594031,42.574106
"Forest_Tent_Caterpillar",-73.314907,45.045635
"Forest_Tent_Caterpillar",-77.908876,45.044404
"Forest_Tent_Caterpillar",-79.813888,45.196542
"Forest_Tent_Caterpillar",-84.30241,46.534103
"Forest_Tent_Caterpillar",-84.671936,45.559448
"Forest_Tent_Caterpillar",-89.531447,46.235378
"Forest_Tent_Caterpillar",-73.856812,44.161761
"Forest_Tent_Caterpillar",-63.570022,44.626658
"Forest_Tent_Caterpillar",-97.728061,30.179346
"Forest_Tent_Caterpillar",-78.741463,44.058947
"Forest_Tent_Caterpillar",-123.396117,48.456846
"Forest_Tent_Caterpillar",-79.365629,48.51176
"Forest_Tent_Caterpillar",-70.661391,41.404037
"Forest_Tent_Caterpillar",-63.595117,44.645219
"Forest_Tent_Caterpillar",-79.931517,43.358004
"Forest_Tent_Caterpillar",-78.897537,38.857145
"Forest_Tent_Caterpillar",-74.940871,45.651949
"Forest_Tent_Caterpillar",-69.352374,44.398549
"Forest_Tent_Caterpillar",-77.291332,44.486142
"Forest_Tent_Caterpillar",-80.427027,43.294808
"Forest_Tent_Caterpillar",-123.373712,48.465753
"Forest_Tent_Caterpillar",-73.300326,45.540342
"Forest_Tent_Caterpillar",-89.941807,43.359565
"Forest_Tent_Caterpillar",-80.945598,46.431739
"Forest_Tent_Caterpillar",-72.515244,46.302418
"Forest_Tent_Caterpillar",-76.371552,39.34821
"Forest_Tent_Caterpillar",-123.373611,48.466178
"Forest_Tent_Caterpillar",-122.657928,45.546425
"Forest_Tent_Caterpillar",-76.121692,36.902118
"Forest_Tent_Caterpillar",-93.260654,44.918562
"Forest_Tent_Caterpillar",-84.866351,34.632333
"Forest_Tent_Caterpillar",-77.576156,45.662792
"Forest_Tent_Caterpillar",-68.207703,44.362246
"Forest_Tent_Caterpillar",-93.21002,44.915085
"Forest_Tent_Caterpillar",-82.953274,29.565673
"Forest_Tent_Caterpillar",-122.721787,48.723653
"Forest_Tent_Caterpillar",-93.150943,46.827131
"Forest_Tent_Caterpillar",-114.146956,50.991086
"Forest_Tent_Caterpillar",-90.647255,46.365685
"Forest_Tent_Caterpillar",-65.830966,46.944554
"Forest_Tent_Caterpillar",-72.525572,43.132255
"Forest_Tent_Caterpillar",-63.470168,44.724377
"Forest_Tent_Caterpillar",-114.05664,51.03023
"Forest_Tent_Caterpillar",-80.336823,43.256438
"Forest_Tent_Caterpillar",-63.556745,44.698713
"Forest_Tent_Caterpillar",-93.150943,46.827131
"Forest_Tent_Caterpillar",-68.355407,46.843162
"Forest_Tent_Caterpillar",-73.341395,42.750827
"Forest_Tent_Caterpillar",-85.378491,42.413094
"Forest_Tent_Caterpillar",-71.972303,42.9579
"Forest_Tent_Caterpillar",-96.469156,46.863158
"Forest_Tent_Caterpillar",-78.041965,39.692287
"Forest_Tent_Caterpillar",-70.960774,48.380012
"Forest_Tent_Caterpillar",-71.0447,48.398625
"Forest_Tent_Caterpillar",-113.854683,52.263956
"Forest_Tent_Caterpillar",-76.371552,39.34821
"Forest_Tent_Caterpillar",-70.226174,44.143092
"Forest_Tent_Caterpillar",-79.974463,43.512085
"Forest_Tent_Caterpillar",-78.584629,41.362378
"Forest_Tent_Caterpillar",-92.06041,33.147682
"Forest_Tent_Caterpillar",-79.962037,43.716369
"Forest_Tent_Caterpillar",-71.35018,42.224503
"Forest_Tent_Caterpillar",-76.43055,42.471928
"Forest_Tent_Caterpillar",-72.971868,44.471906
"Forest_Tent_Caterpillar",-80.004432,43.82374
"Forest_Tent_Caterpillar",-89.898302,45.14875
"Forest_Tent_Caterpillar",-72.218482,42.56768
"Forest_Tent_Caterpillar",-75.593628,45.6359
"Forest_Tent_Caterpillar",-84.647224,45.554291
"Forest_Tent_Caterpillar",-71.270637,48.411591
"Forest_Tent_Caterpillar",-123.39564,48.458574
"Forest_Tent_Caterpillar",-64.370044,45.905973
"Forest_Tent_Caterpillar",-72.218482,42.56768
"Forest_Tent_Caterpillar",-81.012002,46.585185
"Forest_Tent_Caterpillar",-80.196503,45.346588
"Forest_Tent_Caterpillar",-95.33673,46.004014
"Forest_Tent_Caterpillar",-93.216903,44.937455
"Forest_Tent_Caterpillar",-66.665494,45.92267
"Forest_Tent_Caterpillar",-79.407137,44.93202
"Forest_Tent_Caterpillar",-84.633483,45.518662
"Forest_Tent_Caterpillar",-92.647983,47.130367
"Forest_Tent_Caterpillar",-72.487381,48.686008
"Forest_Tent_Caterpillar",-90.516984,45.950902
"Forest_Tent_Caterpillar",-74.429394,41.189245
"Forest_Tent_Caterpillar",-96.298325,47.532325
"Forest_Tent_Caterpillar",-123.388375,48.525353
"Forest_Tent_Caterpillar",-123.374311,48.466142
"Forest_Tent_Caterpillar",-123.444254,48.791204
"Forest_Tent_Caterpillar",-76.375051,38.097644
"Forest_Tent_Caterpillar",-92.988854,48.46411
"Forest_Tent_Caterpillar",-72.206038,42.324301
"Forest_Tent_Caterpillar",-96.453362,46.866672
"Forest_Tent_Caterpillar",-113.727088,53.388512
"Forest_Tent_Caterpillar",-74.487862,40.714233
"Forest_Tent_Caterpillar",-124.094728,40.858207
"Forest_Tent_Caterpillar",-78.766366,44.402703
"Forest_Tent_Caterpillar",-68.207719,44.362308
"Forest_Tent_Caterpillar",-77.302432,44.477687
"Forest_Tent_Caterpillar",-79.322922,47.504362
"Forest_Tent_Caterpillar",-93.235736,44.972331
"Forest_Tent_Caterpillar",-89.569955,45.49589
"Forest_Tent_Caterpillar",-71.536976,46.716289
"Forest_Tent_Caterpillar",-79.445106,48.692222
"Forest_Tent_Caterpillar",-71.246672,46.814418
"Forest_Tent_Caterpillar",-96.375198,32.690938
"Forest_Tent_Caterpillar",-80.24147,43.69405
"Forest_Tent_Caterpillar",-92.059027,30.615886
"Forest_Tent_Caterpillar",-90.643692,30.38125
"Forest_Tent_Caterpillar",-73.300326,45.540342
"Forest_Tent_Caterpillar",-76.064766,36.829018
"Forest_Tent_Caterpillar",-68.809502,44.743633
"Forest_Tent_Caterpillar",-64.771904,45.469319
"Forest_Tent_Caterpillar",-69.887661,44.539157
"Forest_Tent_Caterpillar",-85.119468,42.936852
"Forest_Tent_Caterpillar",-72.14564,48.854221
"Forest_Tent_Caterpillar",-70.954397,45.642589
"Forest_Tent_Caterpillar",-75.231383,45.208144
"Forest_Tent_Caterpillar",-72.206038,42.324301
"Forest_Tent_Caterpillar",-81.074112,32.845409
"Forest_Tent_Caterpillar",-93.078644,44.988991
"Forest_Tent_Caterpillar",-73.067567,44.403601
"Forest_Tent_Caterpillar",-76.500748,42.385286
"Forest_Tent_Caterpillar",-88.262647,49.011506
"Forest_Tent_Caterpillar",-75.524426,45.487735
"Forest_Tent_Caterpillar",-64.953056,45.592778
"Forest_Tent_Caterpillar",-84.049226,46.37278
"Forest_Tent_Caterpillar",-74.180427,45.393241
"Forest_Tent_Caterpillar",-83.504868,31.528378
"Forest_Tent_Caterpillar",-79.881387,40.585816
"Forest_Tent_Caterpillar",-71.115897,42.400735
"Forest_Tent_Caterpillar",-97.45739,30.144642
"Forest_Tent_Caterpillar",-95.156028,47.10907
"Forest_Tent_Caterpillar",-76.371552,39.34821
"Forest_Tent_Caterpillar",-71.255721,48.409466
"Forest_Tent_Caterpillar",-92.205421,46.729082
"Forest_Tent_Caterpillar",-72.364787,43.842035
"Forest_Tent_Caterpillar",-78.858712,44.619795
"Forest_Tent_Caterpillar",-75.542811,38.981999
"Forest_Tent_Caterpillar",-63.568346,44.670428
"Forest_Tent_Caterpillar",-72.206038,42.324301
"Forest_Tent_Caterpillar",-75.542811,38.981999
"Forest_Tent_Caterpillar",-123.374491,48.465669
"Forest_Tent_Caterpillar",-77.286488,41.764362
"Forest_Tent_Caterpillar",-70.850228,48.372722
"Forest_Tent_Caterpillar",-64.771904,45.469319
"Forest_Tent_Caterpillar",-69.664925,44.543436
"Forest_Tent_Caterpillar",-96.607247,47.802447
"Forest_Tent_Caterpillar",-81.734244,47.670392
"Forest_Tent_Caterpillar",-79.01925,48.231308
"Forest_Tent_Caterpillar",-91.059744,46.213908
"Forest_Tent_Caterpillar",-77.31253,44.47714
"Forest_Tent_Caterpillar",-89.230237,48.378644
"Forest_Tent_Caterpillar",-71.27238,46.776824
"Forest_Tent_Caterpillar",-68.224483,44.396186
"Forest_Tent_Caterpillar",-122.853626,49.030066
"Forest_Tent_Caterpillar",-69.776232,44.226555
"Forest_Tent_Caterpillar",-69.748694,44.850852
"Forest_Tent_Caterpillar",-77.30164,44.47944
"Forest_Tent_Caterpillar",-96.985738,50.788666
"Forest_Tent_Caterpillar",-89.610524,44.960793
"Forest_Tent_Caterpillar",-78.2747,44.972806
"Forest_Tent_Caterpillar",-84.119225,45.085883
"Forest_Tent_Caterpillar",-71.988362,43.711473
"Forest_Tent_Caterpillar",-81.588332,44.299529
"Forest_Tent_Caterpillar",-97.292981,30.070203
"Forest_Tent_Caterpillar",-93.463311,46.647204
"Forest_Tent_Caterpillar",-122.83165,49.17934
"Forest_Tent_Caterpillar",-72.63955,44.49063
"Forest_Tent_Caterpillar",-123.368365,48.463253
"Forest_Tent_Caterpillar",-78.041968,39.692307
"Forest_Tent_Caterpillar",-93.293091,43.624184
"Forest_Tent_Caterpillar",-72.206038,42.324301
"Forest_Tent_Caterpillar",-85.579956,33.443445
"Forest_Tent_Caterpillar",-75.705582,45.246436
"Forest_Tent_Caterpillar",-69.546452,44.164145
"Forest_Tent_Caterpillar",-93.213257,44.989801
"Forest_Tent_Caterpillar",-88.218504,47.300956
"Forest_Tent_Caterpillar",-66.059582,45.289937
"Forest_Tent_Caterpillar",-74.040197,41.283833
"Forest_Tent_Caterpillar",-81.40171,46.012408
"Forest_Tent_Caterpillar",-79.470298,47.604891
"Forest_Tent_Caterpillar",-123.368162,48.463239
"Forest_Tent_Caterpillar",-69.551087,44.556458
"Forest_Tent_Caterpillar",-124.091103,40.861753
"Forest_Tent_Caterpillar",-72.2924,42.528079
"Forest_Tent_Caterpillar",-111.208903,57.055219
"Forest_Tent_Caterpillar",-79.919533,43.469234
"Forest_Tent_Caterpillar",-123.310684,48.463442
"Forest_Tent_Caterpillar",-123.366669,48.509183
"Forest_Tent_Caterpillar",-97.065018,49.934634
"Forest_Tent_Caterpillar",-80.392875,42.776583
"Forest_Tent_Caterpillar",-63.180575,45.388462
"Forest_Tent_Caterpillar",-73.435627,45.540519
"Forest_Tent_Caterpillar",-122.638725,45.465176
"Forest_Tent_Caterpillar",-113.545906,53.511121
"Forest_Tent_Caterpillar",-81.416877,32.58551
"Forest_Tent_Caterpillar",-84.677162,45.560093
"Forest_Tent_Caterpillar",-112.79378,49.689398
"Forest_Tent_Caterpillar",-90.09664,43.033044
"Forest_Tent_Caterpillar",-91.546598,49.467821
"Forest_Tent_Caterpillar",-75.557197,45.474912
"Forest_Tent_Caterpillar",-77.856493,40.898853
"Forest_Tent_Caterpillar",-68.580933,44.43158
"Forest_Tent_Caterpillar",-93.533728,47.212828
"Forest_Tent_Caterpillar",-93.710249,46.53301
"Forest_Tent_Caterpillar",-77.31224,44.47801
"Forest_Tent_Caterpillar",-89.416418,45.502696
"Forest_Tent_Caterpillar",-76.498585,42.416522
"Forest_Tent_Caterpillar",-92.041719,44.062553
"Forest_Tent_Caterpillar",-89.52575,46.227913
"Forest_Tent_Caterpillar",-71.273035,46.898973
"Forest_Tent_Caterpillar",-66.75367,45.980808
"Forest_Tent_Caterpillar",-75.800522,45.790172
"Forest_Tent_Caterpillar",-79.457422,46.059516
"Forest_Tent_Caterpillar",-76.239003,44.779737
"Forest_Tent_Caterpillar",-85.119298,42.93704
"Forest_Tent_Caterpillar",-66.721496,45.80933
"Forest_Tent_Caterpillar",-83.03389,29.692356
"Forest_Tent_Caterpillar",-93.105167,44.342216
"Forest_Tent_Caterpillar",-92.060209,33.148061
"Forest_Tent_Caterpillar",-62.428379,45.577058
"Forest_Tent_Caterpillar",-77.30252,44.47925
"Forest_Tent_Caterpillar",-96.375198,32.690938
"Forest_Tent_Caterpillar",-114.067047,51.082339
"Forest_Tent_Caterpillar",-76.371453,39.348531
"Forest_Tent_Caterpillar",-80.563085,46.136931
"Forest_Tent_Caterpillar",-88.265905,45.210278
"Forest_Tent_Caterpillar",-123.374367,48.464645
"Forest_Tent_Caterpillar",-89.890819,45.962816
"Forest_Tent_Caterpillar",-66.747784,45.988748
"Forest_Tent_Caterpillar",-77.663727,42.962939
"Forest_Tent_Caterpillar",-122.481285,49.060682
"Forest_Tent_Caterpillar",-80.553416,45.927455
"Forest_Tent_Caterpillar",-72.875664,44.207437
"Forest_Tent_Caterpillar",-79.415267,40.852775
"Forest_Tent_Caterpillar",-124.093483,40.853772
"Forest_Tent_Caterpillar",-94.389923,29.563131
"Forest_Tent_Caterpillar",-82.420275,49.415847
"Forest_Tent_Caterpillar",-79.846803,43.422588
"Forest_Tent_Caterpillar",-76.881277,42.373656
"Forest_Tent_Caterpillar",-71.07095,48.426278
"Forest_Tent_Caterpillar",-74.168533,41.16645
"Forest_Tent_Caterpillar",-73.95916,41.427376
"Forest_Tent_Caterpillar",-76.371453,39.348531
"Forest_Tent_Caterpillar",-72.971868,44.471906
"Forest_Tent_Caterpillar",-75.941333,39.600108
"Forest_Tent_Caterpillar",-94.389923,29.563131
"Forest_Tent_Caterpillar",-122.424272,48.729767
"Forest_Tent_Caterpillar",-73.936372,45.4276
"Forest_Tent_Caterpillar",-93.212762,44.990517
"Forest_Tent_Caterpillar",-79.875714,43.643093
"Forest_Tent_Caterpillar",-73.128345,44.493833
"Forest_Tent_Caterpillar",-76.371552,39.34821
"Forest_Tent_Caterpillar",-76.6707,44.420422
"Forest_Tent_Caterpillar",-80.260696,44.408737
"Forest_Tent_Caterpillar",-68.71005,44.203975
"Forest_Tent_Caterpillar",-92.021564,37.258106
"Forest_Tent_Caterpillar",-92.06059,33.14806
"Forest_Tent_Caterpillar",-69.461503,44.130553
"Forest_Tent_Caterpillar",-65.877241,46.820973
"Forest_Tent_Caterpillar",-123.363094,48.48036
"Forest_Tent_Caterpillar",-124.094833,40.858422
"Forest_Tent_Caterpillar",-79.533554,44.032668
"Forest_Tent_Caterpillar",-124.090897,40.878095
"Forest_Tent_Caterpillar",-70.091347,43.903488
"Forest_Tent_Caterpillar",-91.49492,46.330563
"Forest_Tent_Caterpillar",-68.204691,46.987099
"Forest_Tent_Caterpillar",-97.044953,45.661638
"Forest_Tent_Caterpillar",-77.31396,44.4771
"Forest_Tent_Caterpillar",-91.272972,45.053578
"Forest_Tent_Caterpillar",-123.359894,48.482212
"Forest_Tent_Caterpillar",-123.374164,48.459861
"Forest_Tent_Caterpillar",-75.85925,45.300725
"Forest_Tent_Caterpillar",-95.366128,34.025849
"Forest_Tent_Caterpillar",-75.630682,45.342636
"Forest_Tent_Caterpillar",-71.465438,46.736878
"Forest_Tent_Caterpillar",-72.875664,44.207437
"Forest_Tent_Caterpillar",-68.008648,46.60754
"Forest_Tent_Caterpillar",-89.539322,46.239478
"Forest_Tent_Caterpillar",-68.29329,46.031147
"Forest_Tent_Caterpillar",-75.904942,38.708867
"Forest_Tent_Caterpillar",-73.828597,45.764914
"Forest_Tent_Caterpillar",-68.444125,45.996735
"Forest_Tent_Caterpillar",-63.592305,44.637742
"Forest_Tent_Caterpillar",-75.469055,38.313542
"Forest_Tent_Caterpillar",-80.129937,43.436568
"Forest_Tent_Caterpillar",-84.739958,33.517059
"Forest_Tent_Caterpillar",-79.957275,43.723141
"Forest_Tent_Caterpillar",-77.791107,40.849091
"Forest_Tent_Caterpillar",-68.004843,46.607928
"Forest_Tent_Caterpillar",-80.951315,46.535555
"Forest_Tent_Caterpillar",-75.092923,41.008031
"Forest_Tent_Caterpillar",-76.121692,36.902118
"Forest_Tent_Caterpillar",-106.654605,52.115797
"Forest_Tent_Caterpillar",-122.482437,48.753059
"Forest_Tent_Caterpillar",-95.32225,36.286616
"Forest_Tent_Caterpillar",-80.890957,48.573189
"Forest_Tent_Caterpillar",-92.06041,33.147679
"Forest_Tent_Caterpillar",-69.360512,44.384953
"Forest_Tent_Caterpillar",-77.425995,39.10255
"Forest_Tent_Caterpillar",-75.793156,45.368679
"Forest_Tent_Caterpillar",-76.371911,39.34745
"Forest_Tent_Caterpillar",-124.0897,40.875083
"Forest_Tent_Caterpillar",-73.441939,45.646589
"Forest_Tent_Caterpillar",-75.673613,45.274911
"Forest_Tent_Caterpillar",-73.330016,44.894156
"Forest_Tent_Caterpillar",-74.270872,45.463595
"Forest_Tent_Caterpillar",-72.521664,42.370406
"Forest_Tent_Caterpillar",-71.270497,46.777432
"Forest_Tent_Caterpillar",-68.931158,44.828794
"Forest_Tent_Caterpillar",-80.911545,46.526074
"Forest_Tent_Caterpillar",-72.329998,42.473764
"Forest_Tent_Caterpillar",-89.144717,45.435145
"Forest_Tent_Caterpillar",-89.857308,33.249489
"Forest_Tent_Caterpillar",-97.293052,30.070183
"Forest_Tent_Caterpillar",-93.167603,48.602863
"Forest_Tent_Caterpillar",-75.331949,38.589003
"Forest_Tent_Caterpillar",-85.284917,42.722591
"Forest_Tent_Caterpillar",-95.660386,29.636228
"Forest_Tent_Caterpillar",-76.249558,44.892867
"Forest_Tent_Caterpillar",-79.429334,47.298082
"Forest_Tent_Caterpillar",-94.14021,46.663323
"Forest_Tent_Caterpillar",-80.550529,45.927578
"Forest_Tent_Caterpillar",-123.314142,48.462253
"Forest_Tent_Caterpillar",-123.1782,49.122856
"Forest_Tent_Caterpillar",-68.209864,44.36345
"Forest_Tent_Caterpillar",-89.694814,44.920614
"Forest_Tent_Caterpillar",-88.110664,49.443761
"Forest_Tent_Caterpillar",-85.579956,33.443445
"Forest_Tent_Caterpillar",-93.037817,46.220487
"Forest_Tent_Caterpillar",-68.301934,44.404948
"Forest_Tent_Caterpillar",-68.822708,44.649661
"Forest_Tent_Caterpillar",-123.37429,48.465767
"Forest_Tent_Caterpillar",-71.762372,48.561366
"Forest_Tent_Caterpillar",-91.10572,30.369693
"Forest_Tent_Caterpillar",-89.534767,46.234362
"Forest_Tent_Caterpillar",-79.415213,40.852733
"Forest_Tent_Caterpillar",-89.775467,43.648845
"Forest_Tent_Caterpillar",-87.422109,37.18566
"Forest_Tent_Caterpillar",-124.077064,40.861697
"Forest_Tent_Caterpillar",-80.887162,46.548742
"Forest_Tent_Caterpillar",-76.500283,42.385472
"Forest_Tent_Caterpillar",-66.656179,45.931683
"Forest_Tent_Caterpillar",-86.593749,34.114393
"Forest_Tent_Caterpillar",-97.293089,30.070277
"Forest_Tent_Caterpillar",-97.204163,36.100839
"Forest_Tent_Caterpillar",-122.81205,49.239987
"Forest_Tent_Caterpillar",-72.959577,41.732721
"Forest_Tent_Caterpillar",-77.31243,44.47795
"Forest_Tent_Caterpillar",-68.207978,44.362388
"Forest_Tent_Caterpillar",-89.260075,48.419956
"Forest_Tent_Caterpillar",-72.73276,42.605035
"Forest_Tent_Caterpillar",-76.357167,36.504195
"Forest_Tent_Caterpillar",-94.240329,46.220479
"Forest_Tent_Caterpillar",-95.074272,49.609317
"Forest_Tent_Caterpillar",-124.094789,40.858392
"Forest_Tent_Caterpillar",-81.072464,46.373133
"Forest_Tent_Caterpillar",-93.724363,46.134772
"Forest_Tent_Caterpillar",-91.105922,30.369838
"Forest_Tent_Caterpillar",-97.293052,30.070183
"Forest_Tent_Caterpillar",-97.386477,28.655045
"Forest_Tent_Caterpillar",-84.657511,33.657576
"Forest_Tent_Caterpillar",-97.151183,34.425436
"Forest_Tent_Caterpillar",-89.144717,45.435145
"Forest_Tent_Caterpillar",-76.909625,44.757244
"Forest_Tent_Caterpillar",-91.821709,47.9575
"Forest_Tent_Caterpillar",-80.644677,35.366318
"Forest_Tent_Caterpillar",-92.623869,47.944526
"Forest_Tent_Caterpillar",-95.322841,49.685205
"Forest_Tent_Caterpillar",-72.406088,42.571228
"Forest_Tent_Caterpillar",-89.453697,46.30148
"Forest_Tent_Caterpillar",-123.374236,48.465389
"Forest_Tent_Caterpillar",-73.004635,43.86495
"Forest_Tent_Caterpillar",-80.197418,32.791553
"Forest_Tent_Caterpillar",-76.290411,36.850112
"Forest_Tent_Caterpillar",-99.766396,30.538608
"Forest_Tent_Caterpillar",-76.229513,44.780442
"Forest_Tent_Caterpillar",-72.272418,41.48181
"Forest_Tent_Caterpillar",-123.378979,48.494469
"Forest_Tent_Caterpillar",-80.248585,43.694331
"Forest_Tent_Caterpillar",-80.230904,43.513729
"Forest_Tent_Caterpillar",-87.02276,37.244246
"Forest_Tent_Caterpillar",-78.096012,44.548572
"Forest_Tent_Caterpillar",-88.46582,45.139912
"Forest_Tent_Caterpillar",-79.003207,48.360424
"Forest_Tent_Caterpillar",-93.532477,47.283046
"Forest_Tent_Caterpillar",-93.214601,45.993901
"Forest_Tent_Caterpillar",-72.381259,43.838946
"Forest_Tent_Caterpillar",-84.67395,45.558433
"Forest_Tent_Caterpillar",-76.369598,39.35658
"Forest_Tent_Caterpillar",-65.214716,44.387456
"Forest_Tent_Caterpillar",-79.50055,45.093773
"Forest_Tent_Caterpillar",-80.219103,43.535828
"Forest_Tent_Caterpillar",-84.680831,45.549378
"Forest_Tent_Caterpillar",-77.31223,44.47801
"Forest_Tent_Caterpillar",-87.022925,46.396306
"Forest_Tent_Caterpillar",-68.518874,48.430606
"Forest_Tent_Caterpillar",-71.049777,42.993126
"Forest_Tent_Caterpillar",-94.081611,47.771897
"Forest_Tent_Caterpillar",-95.563901,29.038261
"Forest_Tent_Caterpillar",-82.143972,49.344664
"Forest_Tent_Caterpillar",-100.860863,46.833063
"Forest_Tent_Caterpillar",-77.455545,42.70508
"Forest_Tent_Caterpillar",-124.091392,40.870572
"Forest_Tent_Caterpillar",-124.094559,40.860267
"Forest_Tent_Caterpillar",-123.39999,48.468098
"Forest_Tent_Caterpillar",-73.86706,45.096189
"Forest_Tent_Caterpillar",-80.937359,46.516184
"Forest_Tent_Caterpillar",-93.071911,44.959058
"Forest_Tent_Caterpillar",-79.088978,34.865472
"Forest_Tent_Caterpillar",-76.697678,44.517025
"Forest_Tent_Caterpillar",-68.668138,44.895717
"Forest_Tent_Caterpillar",-79.677736,47.49925
"Forest_Tent_Caterpillar",-80.415096,40.498767
"Forest_Tent_Caterpillar",-72.22764,42.345012
"Forest_Tent_Caterpillar",-71.845281,48.415191
"Forest_Tent_Caterpillar",-101.663378,50.142179
"Forest_Tent_Caterpillar",-72.971868,44.471906
"Forest_Tent_Caterpillar",-94.491135,46.960837
"Forest_Tent_Caterpillar",-66.655957,45.931705
"Forest_Tent_Caterpillar",-80.816375,42.650367
"Forest_Tent_Caterpillar",-80.026886,43.659314
"Forest_Tent_Caterpillar",-74.11521,41.864215
"Forest_Tent_Caterpillar",-89.634353,45.824375
"Forest_Tent_Caterpillar",-114.175537,51.078556
"Forest_Tent_Caterpillar",-123.36328,48.480717
"Forest_Tent_Caterpillar",-79.415213,40.852797
"Forest_Tent_Caterpillar",-92.000686,48.261812
"Forest_Tent_Caterpillar",-79.002172,44.618281
"Forest_Tent_Caterpillar",-79.088833,34.865261
"Forest_Tent_Caterpillar",-76.37165,39.348214
"Forest_Tent_Caterpillar",-73.496909,45.692745
"Forest_Tent_Caterpillar",-72.73276,42.605035
"Forest_Tent_Caterpillar",-81.03478,48.77611
"Forest_Tent_Caterpillar",-123.37426,48.465668
"Forest_Tent_Caterpillar",-91.195507,47.381395
"Forest_Tent_Caterpillar",-65.827985,46.944301
"Forest_Tent_Caterpillar",-79.955828,43.538282
"Forest_Tent_Caterpillar",-79.822197,45.308803
"Forest_Tent_Caterpillar",-72.366609,43.81153
"Forest_Tent_Caterpillar",-124.093262,40.860764
"Forest_Tent_Caterpillar",-90.207387,44.665841
"Forest_Tent_Caterpillar",-80.558669,44.255505
"Forest_Tent_Caterpillar",-112.812343,53.686016
"Forest_Tent_Caterpillar",-78.976836,48.155379
"Forest_Tent_Caterpillar",-75.206349,45.164549
"Forest_Tent_Caterpillar",-123.142403,49.709247
"Forest_Tent_Caterpillar",-122.067611,37.041003
"Forest_Tent_Caterpillar",-72.618714,43.829961
"Forest_Tent_Caterpillar",-115.450151,49.415352
"Forest_Tent_Caterpillar",-74.12791,42.204392
"Forest_Tent_Caterpillar",-84.807069,49.513583
"Forest_Tent_Caterpillar",-73.435632,45.540501
"Forest_Tent_Caterpillar",-66.640615,45.962145
"Forest_Tent_Caterpillar",-76.357095,36.50611
"Forest_Tent_Caterpillar",-77.835627,48.123243
"Forest_Tent_Caterpillar",-68.37909,46.667837
"Forest_Tent_Caterpillar",-81.723806,47.243736
"Forest_Tent_Caterpillar",-93.649728,48.722113
"Forest_Tent_Caterpillar",-79.93986,43.476911
"Forest_Tent_Caterpillar",-72.890552,41.430687
"Forest_Tent_Caterpillar",-72.218482,42.56768
"Forest_Tent_Caterpillar",-97.262962,49.898103
"Forest_Tent_Caterpillar",-75.720642,44.945417
"Forest_Tent_Caterpillar",-72.40226,41.656947
"Forest_Tent_Caterpillar",-76.371911,39.34745
"Forest_Tent_Caterpillar",-123.374092,48.465845
"Forest_Tent_Caterpillar",-68.24255,46.922057
"Forest_Tent_Caterpillar",-123.372497,48.466412
"Forest_Tent_Caterpillar",-97.140672,33.725398
"Forest_Tent_Caterpillar",-93.493534,46.14563
"Forest_Tent_Caterpillar",-81.397157,46.016759
"Forest_Tent_Caterpillar",-89.216551,48.447048
"Forest_Tent_Caterpillar",-76.127578,45.396122
"Forest_Tent_Caterpillar",-89.524384,46.227448
"Forest_Tent_Caterpillar",-71.923851,41.386135
"Forest_Tent_Caterpillar",-80.203713,43.511378
"Forest_Tent_Caterpillar",-77.88287,44.657986
"Forest_Tent_Caterpillar",-112.827816,49.691261
"Forest_Tent_Caterpillar",-80.98867,46.498934
"Forest_Tent_Caterpillar",-123.374437,48.46557
"Forest_Tent_Caterpillar",-78.485672,41.693879
"Forest_Tent_Caterpillar",-68.931129,44.828763
"Forest_Tent_Caterpillar",-68.361685,46.924549
"Forest_Tent_Caterpillar",-69.012983,44.433135
"Forest_Tent_Caterpillar",-68.323001,46.86705
"Forest_Tent_Caterpillar",-80.887322,46.548797
"Forest_Tent_Caterpillar",-85.252266,45.317371
"Forest_Tent_Caterpillar",-77.543037,45.615256
"Forest_Tent_Caterpillar",-86.266238,33.933861
"Forest_Tent_Caterpillar",-79.341264,47.575147
"Forest_Tent_Caterpillar",-71.273782,46.776771
"Forest_Tent_Caterpillar",-75.542811,38.981999
"Forest_Tent_Caterpillar",-76.790211,44.333294
"Forest_Tent_Caterpillar",-96.29558,47.529722
"Forest_Tent_Caterpillar",-97.728046,30.179369
"Forest_Tent_Caterpillar",-82.504392,48.158064
"Forest_Tent_Caterpillar",-69.756541,44.820937
"Forest_Tent_Caterpillar",-72.971868,44.471906
"Forest_Tent_Caterpillar",-96.175189,36.136192
"Forest_Tent_Caterpillar",-84.439323,46.923487
"Forest_Tent_Caterpillar",-76.371524,39.348626
"Forest_Tent_Caterpillar",-123.37472,48.464584
"Forest_Tent_Caterpillar",-123.373767,48.464573
"Forest_Tent_Caterpillar",-76.121692,36.902118
"Forest_Tent_Caterpillar",-124.105869,40.879568
"Forest_Tent_Caterpillar",-88.212616,47.274732
"Forest_Tent_Caterpillar",-79.500502,45.09363
"Forest_Tent_Caterpillar",-84.357826,43.666975
"Forest_Tent_Caterpillar",-63.260955,45.357688
"Forest_Tent_Caterpillar",-75.542811,38.981999
"Forest_Tent_Caterpillar",-85.335129,43.727615
"Forest_Tent_Caterpillar",-79.469995,47.605189
"Forest_Tent_Caterpillar",-90.712263,45.342022
"Forest_Tent_Caterpillar",-94.525696,47.401894
"Forest_Tent_Caterpillar",-76.370551,39.348467
"Forest_Tent_Caterpillar",-68.931129,44.828763
"Forest_Tent_Caterpillar",-79.321075,33.320647
"Forest_Tent_Caterpillar",-79.33074,45.210498
"Forest_Tent_Caterpillar",-91.075999,43.92657
"Forest_Tent_Caterpillar",-71.720062,41.869442
"Forest_Tent_Caterpillar",-72.971868,44.471906
"Forest_Tent_Caterpillar",-123.373986,48.465102
"Forest_Tent_Caterpillar",-68.235655,44.391513
"Forest_Tent_Caterpillar",-123.373154,48.465801
"Forest_Tent_Caterpillar",-71.141511,48.295997
"Forest_Tent_Caterpillar",-92.06074,33.147758
"Forest_Tent_Caterpillar",-85.917572,32.956856
"Forest_Tent_Caterpillar",-75.781239,40.213898
"Forest_Tent_Caterpillar",-123.373768,48.464573
"Forest_Tent_Caterpillar",-80.481567,43.393574
"Forest_Tent_Caterpillar",-71.243392,48.437845
"Forest_Tent_Caterpillar",-76.20492,36.803965
"Forest_Tent_Caterpillar",-81.191338,48.47414
"Forest_Tent_Caterpillar",-71.544104,43.772627
"Forest_Tent_Caterpillar",-123.374244,48.46564
"Forest_Tent_Caterpillar",-93.72516,46.135589
"Forest_Tent_Caterpillar",-64.826668,44.546261
"Forest_Tent_Caterpillar",-94.389923,29.563131
"Forest_Tent_Caterpillar",-72.971868,44.471906
"Forest_Tent_Caterpillar",-78.744155,41.855308
"Forest_Tent_Caterpillar",-78.85662,44.625847
"Forest_Tent_Caterpillar",-94.261173,46.536263
"Forest_Tent_Caterpillar",-72.024572,44.537237
"Forest_Tent_Caterpillar",-73.415092,44.985973
"Forest_Tent_Caterpillar",-79.270111,45.413434
"Forest_Tent_Caterpillar",-89.151382,46.651513
"Forest_Tent_Caterpillar",-93.318354,44.987321
"Forest_Tent_Caterpillar",-77.111285,38.75406
"Forest_Tent_Caterpillar",-89.214997,45.340545
"Forest_Tent_Caterpillar",-112.870588,53.684097
"Forest_Tent_Caterpillar",-94.203005,47.140442
"Forest_Tent_Caterpillar",-78.9778,33.621779
"Forest_Tent_Caterpillar",-79.440259,44.559904
"Forest_Tent_Caterpillar",-81.095972,40.821805
"Forest_Tent_Caterpillar",-93.105392,44.34283
"Forest_Tent_Caterpillar",-80.955261,46.527618
"Forest_Tent_Caterpillar",-73.71389,43.029225
"Forest_Tent_Caterpillar",-80.823459,33.829774
"Forest_Tent_Caterpillar",-123.37453,48.464652
"Forest_Tent_Caterpillar",-93.114303,44.946828
"Forest_Tent_Caterpillar",-83.893305,37.762327
"Forest_Tent_Caterpillar",-73.704704,43.240214
"Forest_Tent_Caterpillar",-89.121947,45.820508
"Forest_Tent_Caterpillar",-72.658342,43.809997
"Forest_Tent_Caterpillar",-75.026992,41.030656
"Forest_Tent_Caterpillar",-75.498552,38.130279
"Forest_Tent_Caterpillar",-67.291947,45.174196
"Forest_Tent_Caterpillar",-76.371911,39.34745
"Forest_Tent_Caterpillar",-76.371911,39.34745
"Forest_Tent_Caterpillar",-71.278698,46.781365
"Forest_Tent_Caterpillar",-71.254499,46.85065
"Forest_Tent_Caterpillar",-71.484762,46.847768
"Forest_Tent_Caterpillar",-93.191298,44.943716
"Forest_Tent_Caterpillar",-69.756481,44.210215
"Forest_Tent_Caterpillar",-75.736078,45.39003
"Forest_Tent_Caterpillar",-93.18135,44.987392
"Forest_Tent_Caterpillar",-123.342307,48.415248
"Forest_Tent_Caterpillar",-124.168425,40.797858
"Forest_Tent_Caterpillar",-76.020485,44.553883
"Forest_Tent_Caterpillar",-96.50685,46.87375
"Forest_Tent_Caterpillar",-78.488184,38.180974
"Forest_Tent_Caterpillar",-73.2155,44.425228
"Forest_Tent_Caterpillar",-76.514631,42.371425
"Forest_Tent_Caterpillar",-73.200559,44.478618
"Forest_Tent_Caterpillar",-80.833454,33.844234
"Forest_Tent_Caterpillar",-93.227014,44.968253
"Forest_Tent_Caterpillar",-76.097534,36.903718
"Forest_Tent_Caterpillar",-84.280733,30.438156
"Forest_Tent_Caterpillar",-70.432214,44.699356
"Forest_Tent_Caterpillar",-80.985064,46.495708
"Forest_Tent_Caterpillar",-97.293009,30.070202
"Forest_Tent_Caterpillar",-80.844597,35.227863
"Forest_Tent_Caterpillar",-79.117632,45.071753
"Forest_Tent_Caterpillar",-79.117632,45.071753
"Forest_Tent_Caterpillar",-97.292999,30.070072
"Forest_Tent_Caterpillar",-75.39073,38.687814
"Forest_Tent_Caterpillar",-92.222916,32.487
"Forest_Tent_Caterpillar",-92.057623,33.14732
"Forest_Tent_Caterpillar",-95.832603,33.009201
"Forest_Tent_Caterpillar",-97.697753,30.429526
"Forest_Tent_Caterpillar",-92.060596,33.147793
"Forest_Tent_Caterpillar",-124.067749,40.848224
"Forest_Tent_Caterpillar",-79.81,47.33
"Forest_Tent_Caterpillar",-74.8,45.7
"Forest_Tent_Caterpillar",-84.04,46.19
"Forest_Tent_Caterpillar",-84.04,46.19
"Forest_Tent_Caterpillar",-84.27,46.51
"Forest_Tent_Caterpillar",-76.45,44.82
"Forest_Tent_Caterpillar",-77.75,44.89
"Forest_Tent_Caterpillar",-79.73,46.67
"Forest_Tent_Caterpillar",-79.81,47.33
"Forest_Tent_Caterpillar",-111.57,54.42
"Forest_Tent_Caterpillar",-84.27,46.51
"Forest_Tent_Caterpillar",-83.91,49.73
"Forest_Tent_Caterpillar",-83.91,49.73
"Forest_Tent_Caterpillar",-111.57,54.42
"Forest_Tent_Caterpillar",-84.31,46.51
"Forest_Tent_Caterpillar",-83.91,49.73
"Forest_Tent_Caterpillar",-76.45,44.82
"Forest_Tent_Caterpillar",-111.57,54.42
"Forest_Tent_Caterpillar",-81.68,46.3
"Forest_Tent_Caterpillar",-84.04,46.19
"Forest_Tent_Caterpillar",-84.27,46.51
"Forest_Tent_Caterpillar",-82.3,49.64
"Forest_Tent_Caterpillar",-81.68,46.3
"Forest_Tent_Caterpillar",-111.57,54.42
"Forest_Tent_Caterpillar",-83.91,49.73
"Forest_Tent_Caterpillar",-84.31,46.51
"Forest_Tent_Caterpillar",-79.81,47.33
"Forest_Tent_Caterpillar",-76.45,44.82
"Forest_Tent_Caterpillar",-84.04,46.19
"Forest_Tent_Caterpillar",-84.31,46.51
"Forest_Tent_Caterpillar",-81.4,46.01
"Forest_Tent_Caterpillar",-79.76,45.17
"Forest_Tent_Caterpillar",-84.3,46.51
"Forest_Tent_Caterpillar",-84.27,46.51
"Forest_Tent_Caterpillar",-111.57,54.42
"Forest_Tent_Caterpillar",-79.73,46.93
"Forest_Tent_Caterpillar",-74.8,45.7
"Forest_Tent_Caterpillar",-111.57,54.42
"Forest_Tent_Caterpillar",-84.04,46.19
"Forest_Tent_Caterpillar",-84.04,46.19
"Forest_Tent_Caterpillar",-84.04,46.19
"Forest_Tent_Caterpillar",-82.54,46.34
"Forest_Tent_Caterpillar",-82.54,46.34
"Forest_Tent_Caterpillar",-81.68,46.3
"Forest_Tent_Caterpillar",-82.3,49.64
"Forest_Tent_Caterpillar",-78.43,44.59
"Forest_Tent_Caterpillar",-111.57,54.42
"Forest_Tent_Caterpillar",-84.27,46.51
"Forest_Tent_Caterpillar",-76.45,44.82
"Forest_Tent_Caterpillar",-84.04,46.19
"Forest_Tent_Caterpillar",-80.04,45.38
"Forest_Tent_Caterpillar",-111.57,54.42
"Forest_Tent_Caterpillar",-79.73,46.67
"Forest_Tent_Caterpillar",-81.68,46.3
"Forest_Tent_Caterpillar",-76.45,44.82
"Forest_Tent_Caterpillar",-81.4,46.01
"Forest_Tent_Caterpillar",-84.27,46.51
"Forest_Tent_Caterpillar",-79.73,46.93
"Forest_Tent_Caterpillar",-111.57,54.42
"Forest_Tent_Caterpillar",-84.27,46.51
"Forest_Tent_Caterpillar",-111.57,54.42
"Forest_Tent_Caterpillar",-81.68,46.3
"Forest_Tent_Caterpillar",-76.45,44.82
"Forest_Tent_Caterpillar",-79.76,45.17
"Forest_Tent_Caterpillar",-82.3,49.64
"Forest_Tent_Caterpillar",-74.8,45.7
"Forest_Tent_Caterpillar",-79.73,46.93
"Forest_Tent_Caterpillar",-84.27,46.51
"Forest_Tent_Caterpillar",-79.73,46.93
"Forest_Tent_Caterpillar",-79.76,45.17
"Forest_Tent_Caterpillar",-84.04,46.19
"Forest_Tent_Caterpillar",-84.04,46.19
"Forest_Tent_Caterpillar",-84.27,46.51
"Forest_Tent_Caterpillar",-79.81,47.33
"Forest_Tent_Caterpillar",-84.31,46.51
"Forest_Tent_Caterpillar",-79.76,45.17
"Forest_Tent_Caterpillar",-84.27,46.51
"Forest_Tent_Caterpillar",-84.3,46.51
"Forest_Tent_Caterpillar",-84.27,46.51
"Forest_Tent_Caterpillar",-84.19,49.81
"Forest_Tent_Caterpillar",-83.44,46.54
"Forest_Tent_Caterpillar",-83.91,49.73
"Forest_Tent_Caterpillar",-111.57,54.42
"Forest_Tent_Caterpillar",-81.9,45.88
"Forest_Tent_Caterpillar",-84.27,46.51
"Forest_Tent_Caterpillar",-84.3,46.51
"Forest_Tent_Caterpillar",-84.27,46.51
"Forest_Tent_Caterpillar",-111.57,54.42
"Forest_Tent_Caterpillar",-84.3,46.51
"Forest_Tent_Caterpillar",-76.45,44.82
"Forest_Tent_Caterpillar",-94.48,49.76
"Forest_Tent_Caterpillar",-79.73,46.67
"Forest_Tent_Caterpillar",-111.57,54.42
"Forest_Tent_Caterpillar",-79.76,45.17
"Forest_Tent_Caterpillar",-74.8,45.7
"Forest_Tent_Caterpillar",-79.73,46.93
"Forest_Tent_Caterpillar",-77.75,44.89
"Forest_Tent_Caterpillar",-84.27,46.51
"Forest_Tent_Caterpillar",-84.04,46.19
"Forest_Tent_Caterpillar",-79.73,46.67
"Forest_Tent_Caterpillar",-81.4,46.01
"Forest_Tent_Caterpillar",-79.73,46.93
"Forest_Tent_Caterpillar",-79.73,46.93
"Forest_Tent_Caterpillar",-84.31,46.51
"Forest_Tent_Caterpillar",-82.54,46.34
"Forest_Tent_Caterpillar",-111.57,54.42
"Forest_Tent_Caterpillar",-82.3,49.64
"Forest_Tent_Caterpillar",-84.27,46.51
"Forest_Tent_Caterpillar",-79.76,45.17
"Forest_Tent_Caterpillar",-82.54,46.34
"Forest_Tent_Caterpillar",-81.9,45.88
"Forest_Tent_Caterpillar",-79.73,46.67
"Forest_Tent_Caterpillar",-82.3,49.64
"Forest_Tent_Caterpillar",-84.04,46.19
"Forest_Tent_Caterpillar",-84.04,46.19
"Forest_Tent_Caterpillar",-84.31,46.51
"Forest_Tent_Caterpillar",-81.68,46.3
"Forest_Tent_Caterpillar",-79.2,48.5
"Forest_Tent_Caterpillar",-81.4,46.01
"Forest_Tent_Caterpillar",-94.48,49.76
"Forest_Tent_Caterpillar",-84.31,46.51
"Forest_Tent_Caterpillar",-80.04,45.38
"Forest_Tent_Caterpillar",-82.54,46.34
"Forest_Tent_Caterpillar",-78.43,44.59
"Forest_Tent_Caterpillar",-85.46183,31.218717
"Forest_Tent_Caterpillar",-91.096158,30.310698
"Forest_Tent_Caterpillar",-71.913185,45.42607
"Forest_Tent_Caterpillar",-79.350993,44.857408
"Forest_Tent_Caterpillar",-73.756472,45.400869
"Forest_Tent_Caterpillar",-77.4202,36.1296
"Forest_Tent_Caterpillar",-97.151183,34.4254
"Forest_Tent_Caterpillar",-80.47182,42.65607
"Forest_Tent_Caterpillar",-89.732443,44.881566
"Forest_Tent_Caterpillar",-93.177966,33.128518
"Forest_Tent_Caterpillar",-80.175648,33.018689
"Forest_Tent_Caterpillar",-92.060509,33.147659
"Forest_Tent_Caterpillar",-123.443892,39.583027
"Forest_Tent_Caterpillar",-82.297203,35.648769
"Forest_Tent_Caterpillar",-81.780792,32.422458
"Forest_Tent_Caterpillar",-74.139869,41.230263
"Forest_Tent_Caterpillar",-73.590304,41.246518
"Forest_Tent_Caterpillar",-84.298767,30.142747
"Forest_Tent_Caterpillar",-83.755172,44.582083
"Forest_Tent_Caterpillar",-85.945325,32.574623
"Forest_Tent_Caterpillar",-90.066516,29.942621
"Forest_Tent_Caterpillar",-81.860465,29.173804
"Forest_Tent_Caterpillar",-77.928273,40.793615
"Forest_Tent_Caterpillar",-82.238763,29.668538
"Forest_Tent_Caterpillar",-87.471062,33.274764
"Forest_Tent_Caterpillar",-84.243935,36.027532
"Forest_Tent_Caterpillar",-85.945203,32.57424
"Forest_Tent_Caterpillar",-75.958221,45.270496
"Forest_Tent_Caterpillar",-91.161893,30.423045
"Forest_Tent_Caterpillar",-91.184595,30.452308
"Forest_Tent_Caterpillar",-97.728099,30.179363
"Forest_Tent_Caterpillar",-80.825047,33.82662
"Forest_Tent_Caterpillar",-81.104683,32.075275
"Forest_Tent_Caterpillar",-75.503986,37.947689
"Forest_Tent_Caterpillar",-79.508383,44.617296
"Forest_Tent_Caterpillar",-76.259052,36.754486
"Forest_Tent_Caterpillar",-73.164322,44.017132
"Forest_Tent_Caterpillar",-92.449224,35.656381
"Forest_Tent_Caterpillar",-91.046242,30.42624
"Forest_Tent_Caterpillar",-91.012245,30.404595
"Forest_Tent_Caterpillar",-122.07168,37.23941
"Forest_Tent_Caterpillar",-81.195311,28.956574
"Forest_Tent_Caterpillar",-87.849401,31.133481
"Forest_Tent_Caterpillar",-73.252897,44.514835
"Forest_Tent_Caterpillar",-75.7155,45.388758
"Forest_Tent_Caterpillar",-81.349606,29.093252
"Forest_Tent_Caterpillar",-88.869766,33.234063
"Forest_Tent_Caterpillar",-78.872875,35.905907
"Forest_Tent_Caterpillar",-81.441978,32.103175
"Forest_Tent_Caterpillar",-80.824771,33.829524
"Forest_Tent_Caterpillar",-77.118717,38.763125
"Forest_Tent_Caterpillar",-84.24391,30.231044
"Forest_Tent_Caterpillar",-82.606561,29.580295
"Forest_Tent_Caterpillar",-73.05285,44.462417
"Forest_Tent_Caterpillar",-82.599503,29.649967
"Forest_Tent_Caterpillar",-84.179624,30.442277
"Forest_Tent_Caterpillar",-91.996672,30.388039
"Forest_Tent_Caterpillar",-122.71173,48.930425
"Forest_Tent_Caterpillar",-85.870702,32.920578
"Forest_Tent_Caterpillar",-73.265874,42.724116
"Forest_Tent_Caterpillar",-96.35228,30.611047
"Forest_Tent_Caterpillar",-89.610366,33.787262
"Forest_Tent_Caterpillar",-85.945112,32.574085
"Forest_Tent_Caterpillar",-81.441987,32.103183
"Forest_Tent_Caterpillar",-75.963552,42.093286
"Forest_Tent_Caterpillar",-74.913808,40.425369
"Forest_Tent_Caterpillar",-81.642303,30.402766
"Forest_Tent_Caterpillar",-82.388037,34.330324
"Forest_Tent_Caterpillar",-85.390634,42.652054
"Forest_Tent_Caterpillar",-90.18712,29.997245
"Forest_Tent_Caterpillar",-81.44197,32.103317
"Forest_Tent_Caterpillar",-82.303738,29.453564
"Forest_Tent_Caterpillar",-81.780708,32.422495
"Forest_Tent_Caterpillar",-93.177966,31.132001
"Forest_Tent_Caterpillar",-81.860207,29.173867
"Forest_Tent_Caterpillar",-81.018324,34.0005
"Forest_Tent_Caterpillar",-90.682517,43.334105
"Forest_Tent_Caterpillar",-95.688637,30.199042
"Forest_Tent_Caterpillar",-80.959387,32.00923
"Forest_Tent_Caterpillar",-94.328438,34.264244
"Forest_Tent_Caterpillar",-91.269158,30.692485
"Forest_Tent_Caterpillar",-82.606531,29.580297
"Forest_Tent_Caterpillar",-71.984614,45.448979
"Forest_Tent_Caterpillar",-82.303738,29.453564
"Forest_Tent_Caterpillar",-78.317299,39.49305
"Forest_Tent_Caterpillar",-80.645754,35.364847
"Forest_Tent_Caterpillar",-91.92972,30.101689
"Forest_Tent_Caterpillar",-87.56125,33.224042
"Forest_Tent_Caterpillar",-89.913121,29.886573
"Forest_Tent_Caterpillar",-90.40762,31.695858
"Forest_Tent_Caterpillar",-97.016451,34.132711
"Forest_Tent_Caterpillar",-97.581904,30.247224
"Forest_Tent_Caterpillar",-75.715387,45.388663
"Forest_Tent_Caterpillar",-91.929012,30.101729
"Forest_Tent_Caterpillar",-83.001237,30.156355
"Forest_Tent_Caterpillar",-91.929618,30.101595
"Forest_Tent_Caterpillar",-79.067978,36.060108
"Forest_Tent_Caterpillar",-86.470392,30.816178
"Forest_Tent_Caterpillar",-85.802373,32.866516
"Forest_Tent_Caterpillar",-82.484231,29.578657
"Forest_Tent_Caterpillar",-80.971572,40.325577
"Forest_Tent_Caterpillar",-92.680729,31.243022
"Forest_Tent_Caterpillar",-89.009239,30.386213
"Forest_Tent_Caterpillar",-76.346388,39.856913
"Forest_Tent_Caterpillar",-79.088969,34.865564
"Forest_Tent_Caterpillar",-85.57477,30.740061
"Forest_Tent_Caterpillar",-86.777672,30.9002
"Forest_Tent_Caterpillar",-91.038989,30.426337
"Forest_Tent_Caterpillar",-82.40722,28.544222
"Forest_Tent_Caterpillar",-122.515637,38.436738
"Forest_Tent_Caterpillar",-91.096153,30.310656
"Forest_Tent_Caterpillar",-75.484558,38.221941
"Forest_Tent_Caterpillar",-81.509567,32.189053
"Forest_Tent_Caterpillar",-82.98402,30.295053
"Forest_Tent_Caterpillar",-92.093379,30.410054
"Forest_Tent_Caterpillar",-78.5076,39.008781
"Forest_Tent_Caterpillar",-91.185297,30.452991
"Forest_Tent_Caterpillar",-92.680776,31.242749
"Forest_Tent_Caterpillar",-92.060442,33.147743
"Forest_Tent_Caterpillar",-81.538528,28.32592
"Forest_Tent_Caterpillar",-85.892398,32.835395
"Forest_Tent_Caterpillar",-86.046745,38.164719
"Forest_Tent_Caterpillar",-90.146493,38.203654
"Forest_Tent_Caterpillar",-90.151423,38.93184
"Forest_Tent_Caterpillar",-123.37921,48.462437
"Forest_Tent_Caterpillar",-76.579926,36.739126
"Forest_Tent_Caterpillar",-74.830351,39.132633
"Forest_Tent_Caterpillar",-85.093465,31.19565
"Forest_Tent_Caterpillar",-83.317823,35.480819
"Forest_Tent_Caterpillar",-95.45276,29.766368
"Forest_Tent_Caterpillar",-95.474371,29.042537
"Forest_Tent_Caterpillar",-76.528415,36.715897
"Forest_Tent_Caterpillar",-122.846292,38.405753
"Forest_Tent_Caterpillar",-96.575383,32.774374
"Forest_Tent_Caterpillar",-76.515862,36.636958
"Forest_Tent_Caterpillar",-85.973223,32.684927
"Forest_Tent_Caterpillar",-97.933928,33.879204
"Forest_Tent_Caterpillar",-79.0681,36.060056
"Forest_Tent_Caterpillar",-78.94439,37.645723
"Forest_Tent_Caterpillar",-78.927017,35.969258
"Forest_Tent_Caterpillar",-85.474005,32.034767
"Forest_Tent_Caterpillar",-73.55484,41.265575
"Forest_Tent_Caterpillar",-94.805903,32.166361
"Forest_Tent_Caterpillar",-75.774658,39.579159
"Forest_Tent_Caterpillar",-80.823698,33.829646
"Forest_Tent_Caterpillar",-97.109358,33.242657
"Forest_Tent_Caterpillar",-92.058295,33.14717
"Forest_Tent_Caterpillar",-84.830513,34.042263
"Forest_Tent_Caterpillar",-80.824997,33.829412
"Forest_Tent_Caterpillar",-92.189768,30.578306
"Forest_Tent_Caterpillar",-97.721466,30.402995
"Forest_Tent_Caterpillar",-85.855216,31.315171
"Forest_Tent_Caterpillar",-77.235895,44.414739
"Forest_Tent_Caterpillar",-92.358261,38.898823
"Forest_Tent_Caterpillar",-92.94475,35.108426
"Forest_Tent_Caterpillar",-75.142152,39.51494
"Forest_Tent_Caterpillar",-98.513752,33.912535
"Forest_Tent_Caterpillar",-79.979839,33.944097
"Forest_Tent_Caterpillar",-80.350493,33.220362
"Forest_Tent_Caterpillar",-84.732392,33.511423
"Forest_Tent_Caterpillar",-76.707262,37.271775
"Forest_Tent_Caterpillar",-93.282162,34.511575
"Forest_Tent_Caterpillar",-94.124539,35.869182
"Forest_Tent_Caterpillar",-87.314658,32.660958
"Forest_Tent_Caterpillar",-91.096158,30.310698
"Forest_Tent_Caterpillar",-94.978813,32.269783
"Forest_Tent_Caterpillar",-82.25248,35.432703
"Forest_Tent_Caterpillar",-89.878666,35.203171
"Forest_Tent_Caterpillar",-76.359173,36.689387
"Forest_Tent_Caterpillar",-76.228984,36.749189
"Forest_Tent_Caterpillar",-91.096158,30.310698
"Forest_Tent_Caterpillar",-81.611038,33.406508
"Forest_Tent_Caterpillar",-96.616412,32.323864
"Forest_Tent_Caterpillar",-97.886514,30.208865
"Forest_Tent_Caterpillar",-77.836452,38.114112
"Forest_Tent_Caterpillar",-97.175597,32.684185
"Forest_Tent_Caterpillar",-85.737178,36.14062
"Forest_Tent_Caterpillar",-92.935176,35.118262
"Forest_Tent_Caterpillar",-76.51677,36.704592
"Forest_Tent_Caterpillar",-85.078713,31.201047
"Forest_Tent_Caterpillar",-93.17247,34.262213
"Forest_Tent_Caterpillar",-123.341061,39.415782
"Forest_Tent_Caterpillar",-92.695335,34.540592
"Forest_Tent_Caterpillar",-83.276095,35.533881
"Forest_Tent_Caterpillar",-80.82049,33.828791
"Forest_Tent_Caterpillar",-80.4171,33.918713
"Forest_Tent_Caterpillar",-78.992617,39.028578
"Forest_Tent_Caterpillar",-85.078636,31.201493
"Forest_Tent_Caterpillar",-83.686563,37.829293
"Forest_Tent_Caterpillar",-80.857865,33.489241
"Forest_Tent_Caterpillar",-80.824653,33.829797
"Forest_Tent_Caterpillar",-76.526176,36.713729
"Forest_Tent_Caterpillar",-97.109037,32.723326
"Forest_Tent_Caterpillar",-88.193121,32.572489
"Forest_Tent_Caterpillar",-96.330544,36.094535
"Forest_Tent_Caterpillar",-99.57305,29.80961
"Forest_Tent_Caterpillar",-95.186328,30.146723
"Forest_Tent_Caterpillar",-76.529468,36.716787
"Forest_Tent_Caterpillar",-80.77082,32.800705
"Forest_Tent_Caterpillar",-97.182107,30.192786
"Forest_Tent_Caterpillar",-81.038039,33.289846
"Forest_Tent_Caterpillar",-96.109797,29.816107
"Forest_Tent_Caterpillar",-75.478078,38.530116
"Forest_Tent_Caterpillar",-76.937778,34.93306
"Forest_Tent_Caterpillar",-82.416772,35.223472
"Forest_Tent_Caterpillar",-76.036247,36.871072
"Forest_Tent_Caterpillar",-76.037705,36.914537
"Forest_Tent_Caterpillar",-76.175618,36.794219
"Forest_Tent_Caterpillar",-76.53007,36.71704
"Forest_Tent_Caterpillar",-95.225096,29.439867
"Forest_Tent_Caterpillar",-97.483078,31.298917
"Forest_Tent_Caterpillar",-97.161137,30.043172
"Forest_Tent_Caterpillar",-79.931652,43.357585
"Forest_Tent_Caterpillar",-84.513487,32.548201
"Forest_Tent_Caterpillar",-96.555705,33.083153
"Forest_Tent_Caterpillar",-96.716328,32.823206
"Forest_Tent_Caterpillar",-94.741865,29.835498
"Forest_Tent_Caterpillar",-84.798791,33.52585
"Forest_Tent_Caterpillar",-78.541645,35.770348
"Forest_Tent_Caterpillar",-90.986345,30.297729
"Forest_Tent_Caterpillar",-96.953212,32.594591
"Forest_Tent_Caterpillar",-80.818148,33.823157
"Forest_Tent_Caterpillar",-95.205071,32.219528
"Forest_Tent_Caterpillar",-85.757593,38.215329
"Forest_Tent_Caterpillar",-80.78785,33.816425
"Forest_Tent_Caterpillar",-82.818672,35.013161
"Forest_Tent_Caterpillar",-76.307351,36.798385
"Forest_Tent_Caterpillar",-83.621111,36.0425
"Forest_Tent_Caterpillar",-80.822228,33.827687
"Forest_Tent_Caterpillar",-94.686378,29.752496
"Forest_Tent_Caterpillar",-78.12765,37.178614
"Forest_Tent_Caterpillar",-80.07505,33.110981
"Forest_Tent_Caterpillar",-97.09561,33.417163
"Forest_Tent_Caterpillar",-96.271918,30.556494
"Forest_Tent_Caterpillar",-94.765918,30.098228
"Forest_Tent_Caterpillar",-96.238075,36.31818
"Forest_Tent_Caterpillar",-85.242425,34.908305
"Forest_Tent_Caterpillar",-91.351075,32.37462
"Forest_Tent_Caterpillar",-90.986345,30.297729
"Forest_Tent_Caterpillar",-98.562652,32.267141
"Forest_Tent_Caterpillar",-97.161912,30.044104
"Forest_Tent_Caterpillar",-98.218978,32.227438
"Forest_Tent_Caterpillar",-96.584287,32.786075
"Forest_Tent_Caterpillar",-120.059197,51.947022
"Forest_Tent_Caterpillar",-87.213181,34.07982
"Forest_Tent_Caterpillar",-79.088894,33.522132
"Forest_Tent_Caterpillar",-96.110861,29.816321
"Forest_Tent_Caterpillar",-83.7104,34.757843
"Forest_Tent_Caterpillar",-77.003739,36.65432
"Forest_Tent_Caterpillar",-80.34898,33.218813
"Forest_Tent_Caterpillar",-75.569322,38.080006
"Forest_Tent_Caterpillar",-79.756482,36.250599
"Forest_Tent_Caterpillar",-96.748154,32.736973
"Forest_Tent_Caterpillar",-97.652604,30.685962
"Forest_Tent_Caterpillar",-91.096158,30.310698
"Forest_Tent_Caterpillar",-96.459642,32.735437
"Forest_Tent_Caterpillar",-82.355517,34.777967
"Forest_Tent_Caterpillar",-78.792972,35.840845
"Forest_Tent_Caterpillar",-75.570264,38.079864
"Forest_Tent_Caterpillar",-81.402833,32.291114
"Forest_Tent_Caterpillar",-97.383817,32.737495
"Forest_Tent_Caterpillar",-81.091339,32.006297
"Forest_Tent_Caterpillar",-94.766138,29.835251
"Forest_Tent_Caterpillar",-96.109115,29.81518
"Forest_Tent_Caterpillar",-96.989499,30.573157
"Forest_Tent_Caterpillar",-77.459202,37.531439
"Forest_Tent_Caterpillar",-87.652817,33.471313
"Forest_Tent_Caterpillar",-94.853822,30.103706
"Forest_Tent_Caterpillar",-96.110158,32.5918
"Forest_Tent_Caterpillar",-96.658737,33.002633
"Forest_Tent_Caterpillar",-96.115211,36.387078
"Forest_Tent_Caterpillar",-96.659952,33.03418
"Forest_Tent_Caterpillar",-122.524553,38.355862
"Forest_Tent_Caterpillar",-76.175921,36.794469
"Forest_Tent_Caterpillar",-92.267628,30.34885
"Forest_Tent_Caterpillar",-81.038111,33.289705
"Forest_Tent_Caterpillar",-92.41346,33.953793
"Forest_Tent_Caterpillar",-92.534692,36.260645
"Forest_Tent_Caterpillar",-96.626572,33.197087
"Forest_Tent_Caterpillar",-80.719117,32.87868
"Forest_Tent_Caterpillar",-96.245814,30.49065
"Forest_Tent_Caterpillar",-78.793744,35.84083
"Forest_Tent_Caterpillar",-85.035263,46.556049
"Forest_Tent_Caterpillar",-81.091294,32.006192
"Forest_Tent_Caterpillar",-76.010251,36.787919
"Forest_Tent_Caterpillar",-77.90792,34.051545
"Forest_Tent_Caterpillar",-97.653583,30.691892
"Forest_Tent_Caterpillar",-93.210228,30.655433
"Forest_Tent_Caterpillar",-80.969256,34.058028
"Forest_Tent_Caterpillar",-85.423913,32.547329
"Forest_Tent_Caterpillar",-80.969013,34.058348
"Forest_Tent_Caterpillar",-77.54528,34.727725
"Forest_Tent_Caterpillar",-97.510342,32.686528
"Forest_Tent_Caterpillar",-80.912659,34.088737
"Forest_Tent_Caterpillar",-90.997811,30.319294
"Forest_Tent_Caterpillar",-77.098503,38.75663
"Forest_Tent_Caterpillar",-97.583578,29.58711
"Forest_Tent_Caterpillar",-75.729586,38.759469
"Forest_Tent_Caterpillar",-76.432185,37.06402
"Forest_Tent_Caterpillar",-76.079208,36.74185
"Forest_Tent_Caterpillar",-82.967442,34.711245
"Forest_Tent_Caterpillar",-97.151739,33.135817
"Forest_Tent_Caterpillar",-82.238645,29.668575
"Forest_Tent_Caterpillar",-92.145683,29.859803
"Forest_Tent_Caterpillar",-96.109473,29.815559
"Forest_Tent_Caterpillar",-81.60347,30.631091
"Forest_Tent_Caterpillar",-80.46555,33.577595
"Forest_Tent_Caterpillar",-76.371781,36.864425
"Forest_Tent_Caterpillar",-96.760671,32.775874
"Forest_Tent_Caterpillar",-96.538627,28.964461
"Forest_Tent_Caterpillar",-85.354532,34.910598
"Forest_Tent_Caterpillar",-85.338242,35.038958
"Forest_Tent_Caterpillar",-95.204991,32.219587
"Forest_Tent_Caterpillar",-95.65976,29.635429
"Forest_Tent_Caterpillar",-77.098764,38.75733
"Forest_Tent_Caterpillar",-96.109797,29.816107
"Forest_Tent_Caterpillar",-95.396666,29.579821
"Forest_Tent_Caterpillar",-95.758931,29.13488
"Forest_Tent_Caterpillar",-76.587552,36.749397
"Forest_Tent_Caterpillar",-97.0406,28.069481
"Forest_Tent_Caterpillar",-96.610017,32.747405
"Forest_Tent_Caterpillar",-76.091614,36.907547
"Forest_Tent_Caterpillar",-96.802382,32.807383
"Forest_Tent_Caterpillar",-96.549073,32.952264
"Forest_Tent_Caterpillar",-94.202955,35.975546
"Forest_Tent_Caterpillar",-96.109797,29.816107
"Forest_Tent_Caterpillar",-96.109473,29.815559
"Forest_Tent_Caterpillar",-78.899947,36.028487
"Forest_Tent_Caterpillar",-90.830095,30.540607
"Forest_Tent_Caterpillar",-96.792802,33.033042
"Forest_Tent_Caterpillar",-97.989272,29.968795
"Forest_Tent_Caterpillar",-76.306931,36.885212
"Forest_Tent_Caterpillar",-77.451087,37.52985
"Forest_Tent_Caterpillar",-97.166139,32.333163
"Forest_Tent_Caterpillar",-81.402564,32.294572
"Forest_Tent_Caterpillar",-80.770837,32.800803
"Forest_Tent_Caterpillar",-84.856793,30.150778
"Forest_Tent_Caterpillar",-123.039205,49.013437
"Forest_Tent_Caterpillar",-75.504592,37.948472
"Forest_Tent_Caterpillar",-97.844995,30.509526
"Forest_Tent_Caterpillar",-96.825385,28.889179
"Forest_Tent_Caterpillar",-96.931667,32.880833
"Forest_Tent_Caterpillar",-89.647004,43.114025
"Forest_Tent_Caterpillar",-78.883169,36.018714
"Forest_Tent_Caterpillar",-78.416058,34.263319
"Forest_Tent_Caterpillar",-76.010204,36.78761
"Forest_Tent_Caterpillar",-76.149776,36.871727
"Forest_Tent_Caterpillar",-94.958231,29.424633
"Forest_Tent_Caterpillar",-91.956375,35.517212
"Forest_Tent_Caterpillar",-97.363122,32.741783
"Forest_Tent_Caterpillar",-96.109797,29.816107
"Forest_Tent_Caterpillar",-96.796988,32.777137
"Forest_Tent_Caterpillar",-96.473026,33.730979
"Forest_Tent_Caterpillar",-97.335402,30.085798
"Forest_Tent_Caterpillar",-96.952666,33.064846
"Forest_Tent_Caterpillar",-87.776333,30.601074
"Forest_Tent_Caterpillar",-96.109797,29.816107
"Forest_Tent_Caterpillar",-80.824744,33.829093
"Forest_Tent_Caterpillar",-76.787353,37.253237
"Forest_Tent_Caterpillar",-75.569522,38.079833
"Forest_Tent_Caterpillar",-96.541238,29.705768
"Forest_Tent_Caterpillar",-96.109473,29.815559
"Forest_Tent_Caterpillar",-96.109797,29.816107
"Forest_Tent_Caterpillar",-75.968275,37.138631
"Forest_Tent_Caterpillar",-96.638669,32.723747
"Forest_Tent_Caterpillar",-97.81243,30.65105
"Forest_Tent_Caterpillar",-76.44705,37.07061
"Forest_Tent_Caterpillar",-75.569961,38.079942
"Forest_Tent_Caterpillar",-85.696039,38.236793
"Forest_Tent_Caterpillar",-80.212893,33.002092
"Forest_Tent_Caterpillar",-95.180117,32.710328
"Forest_Tent_Caterpillar",-96.109473,29.815559
"Forest_Tent_Caterpillar",-96.109473,29.815559
"Forest_Tent_Caterpillar",-76.136284,36.768177
"Forest_Tent_Caterpillar",-80.818262,33.826483
"Forest_Tent_Caterpillar",-78.85205,36.004356
"Forest_Tent_Caterpillar",-83.974169,34.50732
"Forest_Tent_Caterpillar",-97.764938,32.588392
"Forest_Tent_Caterpillar",-76.441847,37.066825
"Forest_Tent_Caterpillar",-95.224889,29.439832
"Forest_Tent_Caterpillar",-96.071217,32.566663
"Forest_Tent_Caterpillar",-89.670007,35.086383
"Forest_Tent_Caterpillar",-96.109797,29.816107
"Forest_Tent_Caterpillar",-96.109473,29.815559
"Forest_Tent_Caterpillar",-122.74392,38.352343
"Forest_Tent_Caterpillar",-96.750317,32.986676
"Forest_Tent_Caterpillar",-96.95255,33.060093
"Forest_Tent_Caterpillar",-95.660362,29.636178
"Forest_Tent_Caterpillar",-76.339508,36.7412
"Forest_Tent_Caterpillar",-96.815376,32.739674
"Forest_Tent_Caterpillar",-96.717264,32.694621
"Forest_Tent_Caterpillar",-97.175507,32.684309
"Forest_Tent_Caterpillar",-76.339958,36.558808
"Forest_Tent_Caterpillar",-93.347415,35.667192
"Forest_Tent_Caterpillar",-80.890241,40.803186
"Forest_Tent_Caterpillar",-95.613538,29.374292
"Forest_Tent_Caterpillar",-91.028569,30.425779
"Forest_Tent_Caterpillar",-95.660529,29.635167
"Forest_Tent_Caterpillar",-97.060067,33.06472
"Forest_Tent_Caterpillar",-82.857162,35.893692
"Forest_Tent_Caterpillar",-82.633904,34.549046
"Forest_Tent_Caterpillar",-96.752496,32.733178
"Forest_Tent_Caterpillar",-77.098629,38.757845
"Forest_Tent_Caterpillar",-76.010445,36.787947
"Forest_Tent_Caterpillar",-75.569972,38.07995
"Forest_Tent_Caterpillar",-84.279044,30.230614
"Forest_Tent_Caterpillar",-96.109797,29.816107
"Forest_Tent_Caterpillar",-80.822382,33.827669
"Forest_Tent_Caterpillar",-76.534818,36.722093
"Forest_Tent_Caterpillar",-92.819728,34.866018
"Forest_Tent_Caterpillar",-76.200984,36.901216
"Forest_Tent_Caterpillar",-97.071239,36.123194
"Forest_Tent_Caterpillar",-96.60046,32.746058
"Forest_Tent_Caterpillar",-97.019308,32.964238
"Forest_Tent_Caterpillar",-77.883308,40.730881
"Forest_Tent_Caterpillar",-95.242656,29.423471
"Forest_Tent_Caterpillar",-95.698274,29.803521
"Forest_Tent_Caterpillar",-78.26941,37.528862
"Forest_Tent_Caterpillar",-97.066789,32.860687
"Forest_Tent_Caterpillar",-83.508497,31.450576
"Forest_Tent_Caterpillar",-92.493737,34.839342
"Forest_Tent_Caterpillar",-89.300422,31.703788
"Forest_Tent_Caterpillar",-96.378747,29.589508
"Forest_Tent_Caterpillar",-96.542552,28.958369
"Forest_Tent_Caterpillar",-76.01049,36.787729
"Forest_Tent_Caterpillar",-75.570086,38.079931
"Forest_Tent_Caterpillar",-96.874032,29.991379
"Forest_Tent_Caterpillar",-91.104003,30.369758
"Forest_Tent_Caterpillar",-91.528995,29.78511
"Forest_Tent_Caterpillar",-78.793304,35.840435
"Forest_Tent_Caterpillar",-97.586572,32.653314
"Forest_Tent_Caterpillar",-80.823494,33.829849
"Forest_Tent_Caterpillar",-82.238645,29.668575
"Forest_Tent_Caterpillar",-96.60033,32.74605
"Forest_Tent_Caterpillar",-80.389205,33.971338
"Forest_Tent_Caterpillar",-95.534936,30.620539
"Forest_Tent_Caterpillar",-78.838952,35.748056
"Forest_Tent_Caterpillar",-95.668564,29.809512
"Forest_Tent_Caterpillar",-95.660529,29.635167
"Forest_Tent_Caterpillar",-95.660388,29.6361
"Forest_Tent_Caterpillar",-97.666739,30.36957
"Forest_Tent_Caterpillar",-78.838918,35.747889
"Forest_Tent_Caterpillar",-84.81247,33.663437
"Forest_Tent_Caterpillar",-82.008199,28.987153
"Forest_Tent_Caterpillar",-96.70585,34.201542
"Forest_Tent_Caterpillar",-85.24275,30.819699
"Forest_Tent_Caterpillar",-95.758634,29.57752
"Forest_Tent_Caterpillar",-96.825491,32.401791
"Forest_Tent_Caterpillar",-91.109474,30.412116
"Forest_Tent_Caterpillar",-84.17778,30.435997
"Forest_Tent_Caterpillar",-96.109797,29.816107
"Forest_Tent_Caterpillar",-91.10778,30.36997
"Forest_Tent_Caterpillar",-86.470375,30.816207
"Forest_Tent_Caterpillar",-96.459655,32.73543
"Forest_Tent_Caterpillar",-76.53297,37.18818
"Forest_Tent_Caterpillar",-95.198648,29.542018
"Forest_Tent_Caterpillar",-95.667525,29.629478
"Forest_Tent_Caterpillar",-77.356268,40.391478
"Forest_Tent_Caterpillar",-95.249723,29.474047
"Forest_Tent_Caterpillar",-78.587508,35.436163
"Forest_Tent_Caterpillar",-76.010668,36.786749
"Forest_Tent_Caterpillar",-91.124074,30.387173
"Forest_Tent_Caterpillar",-95.765534,29.806641
"Forest_Tent_Caterpillar",-95.801311,29.52394
"Forest_Tent_Caterpillar",-82.042331,33.518103
"Forest_Tent_Caterpillar",-95.249541,29.474918
"Forest_Tent_Caterpillar",-91.107239,30.3694
"Forest_Tent_Caterpillar",-85.260519,34.025439
"Forest_Tent_Caterpillar",-79.839717,39.731881
"Forest_Tent_Caterpillar",-91.1071,30.408866
"Forest_Tent_Caterpillar",-96.746817,32.723232
"Forest_Tent_Caterpillar",-95.661445,29.635717
"Forest_Tent_Caterpillar",-91.095092,30.356122
"Forest_Tent_Caterpillar",-76.356865,36.507629
"Forest_Tent_Caterpillar",-97.7118,30.234711
"Forest_Tent_Caterpillar",-97.81243,30.65105
"Forest_Tent_Caterpillar",-76.355754,36.504947
"Forest_Tent_Caterpillar",-84.598053,34.328808
"Forest_Tent_Caterpillar",-79.09018,33.522342
"Forest_Tent_Caterpillar",-80.615578,33.062395
"Forest_Tent_Caterpillar",-96.294548,30.643541
"Forest_Tent_Caterpillar",-76.932328,37.685305
"Forest_Tent_Caterpillar",-92.820172,34.866794
"Forest_Tent_Caterpillar",-80.876698,32.627736
"Forest_Tent_Caterpillar",-122.5778,37.982369
"Forest_Tent_Caterpillar",-97.175293,32.683949
"Forest_Tent_Caterpillar",-97.547257,30.350065
"Forest_Tent_Caterpillar",-91.107242,30.369423
"Forest_Tent_Caterpillar",-97.388467,32.660802
"Forest_Tent_Caterpillar",-91.001442,30.44073
"Forest_Tent_Caterpillar",-80.819719,33.829414
"Forest_Tent_Caterpillar",-96.010011,36.080697
"Forest_Tent_Caterpillar",-96.109797,29.816107
"Forest_Tent_Caterpillar",-85.944899,32.574129
"Forest_Tent_Caterpillar",-96.903612,32.726756
"Forest_Tent_Caterpillar",-84.491417,34.03109
"Forest_Tent_Caterpillar",-96.109637,29.815707
"Forest_Tent_Caterpillar",-96.752388,32.732139
"Forest_Tent_Caterpillar",-79.006925,33.925104
"Forest_Tent_Caterpillar",-75.570489,38.079747
"Forest_Tent_Caterpillar",-95.660063,29.636872
"Forest_Tent_Caterpillar",-97.161134,30.043192
"Forest_Tent_Caterpillar",-97.388306,32.660763
"Forest_Tent_Caterpillar",-75.71952,36.072363
"Forest_Tent_Caterpillar",-76.43653,37.066289
"Forest_Tent_Caterpillar",-83.872367,30.538117
"Forest_Tent_Caterpillar",-95.627218,29.370627
"Forest_Tent_Caterpillar",-95.614698,29.823072
"Forest_Tent_Caterpillar",-83.381702,33.983304
"Forest_Tent_Caterpillar",-97.835877,32.808235
"Forest_Tent_Caterpillar",-78.702378,34.32618
"Forest_Tent_Caterpillar",-97.584259,29.587263
"Forest_Tent_Caterpillar",-78.815163,35.641168
"Forest_Tent_Caterpillar",-81.318863,34.333203
"Forest_Tent_Caterpillar",-97.547261,30.350193
"Forest_Tent_Caterpillar",-97.7118,30.234711
"Forest_Tent_Caterpillar",-95.660737,29.635722
"Forest_Tent_Caterpillar",-97.446193,32.794081
"Forest_Tent_Caterpillar",-76.010367,36.787832
"Forest_Tent_Caterpillar",-83.371092,33.940001
"Forest_Tent_Caterpillar",-96.57042,32.63907
"Forest_Tent_Caterpillar",-76.010092,36.787621
"Forest_Tent_Caterpillar",-78.79335,35.84042
"Forest_Tent_Caterpillar",-80.169579,32.567734
"Forest_Tent_Caterpillar",-111.276455,45.835097
"Forest_Tent_Caterpillar",-97.054263,35.63826
"Forest_Tent_Caterpillar",-77.438858,37.539987
"Forest_Tent_Caterpillar",-97.363996,32.734382
"Forest_Tent_Caterpillar",-98.702161,29.755751
"Forest_Tent_Caterpillar",-76.166947,36.869393
"Forest_Tent_Caterpillar",-98.014293,30.131795
"Forest_Tent_Caterpillar",-95.627219,29.37063
"Forest_Tent_Caterpillar",-80.749049,33.792046
"Forest_Tent_Caterpillar",-96.812133,28.23796
"Forest_Tent_Caterpillar",-97.307555,32.782792
"Forest_Tent_Caterpillar",-76.196838,36.81142
"Forest_Tent_Caterpillar",-97.280549,31.474289
"Forest_Tent_Caterpillar",-76.369038,36.6335
"Forest_Tent_Caterpillar",-122.847625,38.406656
"Forest_Tent_Caterpillar",-79.372803,34.384659
"Forest_Tent_Caterpillar",-80.82473,33.829205
"Forest_Tent_Caterpillar",-95.709709,29.725458
"Forest_Tent_Caterpillar",-95.192963,29.521413
"Forest_Tent_Caterpillar",-97.04928,33.025404
"Forest_Tent_Caterpillar",-79.983582,32.965954
"Forest_Tent_Caterpillar",-96.723479,33.17425
"Forest_Tent_Caterpillar",-95.980314,31.179686
"Forest_Tent_Caterpillar",-121.905588,37.346478
"Forest_Tent_Caterpillar",-91.115306,30.416406
"Forest_Tent_Caterpillar",-98.222053,32.218883
"Forest_Tent_Caterpillar",-124.095213,40.862995
"Forest_Tent_Caterpillar",-96.747377,32.72635
"Forest_Tent_Caterpillar",-124.101308,40.830547
"Forest_Tent_Caterpillar",-97.105498,32.896448
"Forest_Tent_Caterpillar",-90.989001,30.346464
"Forest_Tent_Caterpillar",-97.770849,30.443361
"Forest_Tent_Caterpillar",-76.698928,37.2697
"Forest_Tent_Caterpillar",-95.047792,29.440883
"Forest_Tent_Caterpillar",-98.61522,29.592538
"Forest_Tent_Caterpillar",-76.048052,36.914954
"Forest_Tent_Caterpillar",-96.762229,32.957473
"Forest_Tent_Caterpillar",-97.363707,32.734174
"Forest_Tent_Caterpillar",-96.752415,32.732404
"Forest_Tent_Caterpillar",-91.007616,30.409388
"Forest_Tent_Caterpillar",-93.916786,32.841164
"Forest_Tent_Caterpillar",-80.791795,35.232297
"Forest_Tent_Caterpillar",-77.703786,37.39765
"Forest_Tent_Caterpillar",-81.038112,33.289694
"Forest_Tent_Caterpillar",-80.648582,33.086918
"Forest_Tent_Caterpillar",-95.628272,29.371726
"Forest_Tent_Caterpillar",-95.611238,29.628664
"Forest_Tent_Caterpillar",-94.705978,34.140714
"Forest_Tent_Caterpillar",-95.870651,29.914673
"Forest_Tent_Caterpillar",-83.634346,33.586323
"Forest_Tent_Caterpillar",-72.51675,42.417544
"Forest_Tent_Caterpillar",-75.985884,36.850491
"Forest_Tent_Caterpillar",-97.516065,32.866367
"Forest_Tent_Caterpillar",-95.072375,29.594334
"Forest_Tent_Caterpillar",-97.292797,32.73222
"Forest_Tent_Caterpillar",-84.401947,33.779322
"Forest_Tent_Caterpillar",-90.125083,29.93465
"Forest_Tent_Caterpillar",-81.029935,34.152115
"Forest_Tent_Caterpillar",-97.605299,31.078621
"Forest_Tent_Caterpillar",-96.825097,28.889351
"Forest_Tent_Caterpillar",-97.452602,29.501434
"Forest_Tent_Caterpillar",-97.70067,30.241608
"Forest_Tent_Caterpillar",-82.332305,29.692637
"Forest_Tent_Caterpillar",-96.182495,30.607622
"Forest_Tent_Caterpillar",-95.626919,29.371042
"Forest_Tent_Caterpillar",-98.484511,29.184581
"Forest_Tent_Caterpillar",-96.712822,32.701461
"Forest_Tent_Caterpillar",-95.647688,29.818317
"Forest_Tent_Caterpillar",-96.263742,29.672328
"Forest_Tent_Caterpillar",-85.930031,30.721664
"Forest_Tent_Caterpillar",-76.383932,36.614249
"Forest_Tent_Caterpillar",-78.292666,34.402241
"Forest_Tent_Caterpillar",-96.81024,28.291529
"Forest_Tent_Caterpillar",-94.772567,33.108653
"Forest_Tent_Caterpillar",-96.27797,30.021638
"Forest_Tent_Caterpillar",-96.334337,30.608255
"Forest_Tent_Caterpillar",-97.581537,29.590175
"Forest_Tent_Caterpillar",-79.201256,34.686474
"Forest_Tent_Caterpillar",-89.922791,34.972637
"Forest_Tent_Caterpillar",-96.370302,30.662344
"Forest_Tent_Caterpillar",-91.611781,30.059055
"Forest_Tent_Caterpillar",-96.754295,32.955958
"Forest_Tent_Caterpillar",-97.648707,30.411805
"Forest_Tent_Caterpillar",-97.447627,32.649632
"Forest_Tent_Caterpillar",-122.810128,38.416263
"Forest_Tent_Caterpillar",-95.366088,34.025794
"Forest_Tent_Caterpillar",-91.98517,30.25789
"Forest_Tent_Caterpillar",-97.585824,29.590538
"Forest_Tent_Caterpillar",-97.276297,32.870793
"Forest_Tent_Caterpillar",-97.502213,32.607578
"Forest_Tent_Caterpillar",-97.790962,29.759047
"Forest_Tent_Caterpillar",-97.412966,32.749309
"Forest_Tent_Caterpillar",-85.426287,32.620732
"Forest_Tent_Caterpillar",-78.989517,34.659252
"Forest_Tent_Caterpillar",-79.733279,35.893276
"Forest_Tent_Caterpillar",-76.493657,37.064243
"Forest_Tent_Caterpillar",-97.363465,32.738103
"Forest_Tent_Caterpillar",-92.320557,34.760632
"Forest_Tent_Caterpillar",-76.415453,37.654579
"Forest_Tent_Caterpillar",-97.672752,30.649071
"Forest_Tent_Caterpillar",-95.512303,29.614357
"Forest_Tent_Caterpillar",-122.760538,38.506185
"Forest_Tent_Caterpillar",-95.358518,34.966254
"Forest_Tent_Caterpillar",-76.237102,36.772239
"Forest_Tent_Caterpillar",-84.390808,33.759675
"Forest_Tent_Caterpillar",-98.412755,30.276486
"Forest_Tent_Caterpillar",-88.194868,32.577802
"Forest_Tent_Caterpillar",-97.175408,32.683808
"Forest_Tent_Caterpillar",-83.381181,33.903487
"Forest_Tent_Caterpillar",-97.139564,31.568755
"Forest_Tent_Caterpillar",-122.804633,38.433242
"Forest_Tent_Caterpillar",-95.512331,29.614383
"Forest_Tent_Caterpillar",-92.683067,33.34991
"Forest_Tent_Caterpillar",-76.283022,36.76062
"Forest_Tent_Caterpillar",-97.638244,30.209193
"Forest_Tent_Caterpillar",-96.378853,29.589367
"Forest_Tent_Caterpillar",-84.298325,30.142842
"Forest_Tent_Caterpillar",-97.363542,32.742138
"Forest_Tent_Caterpillar",-75.985802,36.850563
"Forest_Tent_Caterpillar",-94.792765,29.296607
"Forest_Tent_Caterpillar",-76.69995,37.270897
"Forest_Tent_Caterpillar",-77.258689,38.590729
"Forest_Tent_Caterpillar",-95.516071,29.490493
"Forest_Tent_Caterpillar",-81.039757,33.936234
"Forest_Tent_Caterpillar",-82.363683,29.714846
"Forest_Tent_Caterpillar",-95.208048,32.714344
"Forest_Tent_Caterpillar",-78.297072,38.869464
"Forest_Tent_Caterpillar",-97.084284,32.6449
"Forest_Tent_Caterpillar",-94.316803,33.036822
"Forest_Tent_Caterpillar",-96.259331,32.884311
"Forest_Tent_Caterpillar",-80.194711,32.956413
"Forest_Tent_Caterpillar",-97.528165,30.287106
"Forest_Tent_Caterpillar",-77.10249,36.678851
"Forest_Tent_Caterpillar",-80.8246,33.82959
"Forest_Tent_Caterpillar",-97.7192,30.188208
"Forest_Tent_Caterpillar",-79.972517,33.193275
"Forest_Tent_Caterpillar",-76.016211,36.800695
"Forest_Tent_Caterpillar",-82.358412,29.644316
"Forest_Tent_Caterpillar",-92.708478,32.486786
"Forest_Tent_Caterpillar",-76.010361,36.787797
"Forest_Tent_Caterpillar",-81.205933,32.486589
"Forest_Tent_Caterpillar",-97.697487,29.85429
"Forest_Tent_Caterpillar",-79.074578,35.920188
"Forest_Tent_Caterpillar",-98.763897,29.427498
"Forest_Tent_Caterpillar",-76.335412,37.022656
"Forest_Tent_Caterpillar",-79.96713,33.212525
"Forest_Tent_Caterpillar",-97.160108,28.854978
"Forest_Tent_Caterpillar",-81.044272,33.943078
"Forest_Tent_Caterpillar",-78.512802,35.990273
"Forest_Tent_Caterpillar",-97.631448,30.529769
"Forest_Tent_Caterpillar",-96.760268,32.775455
"Forest_Tent_Caterpillar",-95.738426,29.723467
"Forest_Tent_Caterpillar",-77.58812,36.583279
"Forest_Tent_Caterpillar",-86.454442,33.543927
"Forest_Tent_Caterpillar",-97.129433,31.117317
"Forest_Tent_Caterpillar",-122.87719,38.445133
"Forest_Tent_Caterpillar",-88.850122,33.315866
"Forest_Tent_Caterpillar",-97.843895,30.168362
"Forest_Tent_Caterpillar",-96.821451,32.756593
"Forest_Tent_Caterpillar",-76.05263,38.613274
"Forest_Tent_Caterpillar",-90.124169,29.976447
"Forest_Tent_Caterpillar",-98.756104,30.179083
"Forest_Tent_Caterpillar",-98.271732,29.52872
"Forest_Tent_Caterpillar",-95.62597,29.82925
"Forest_Tent_Caterpillar",-84.313613,30.471606
"Forest_Tent_Caterpillar",-97.687972,30.60778
"Forest_Tent_Caterpillar",-80.817612,33.821545
"Forest_Tent_Caterpillar",-96.866629,32.584621
"Forest_Tent_Caterpillar",-74.0492,42.311636
"Forest_Tent_Caterpillar",-97.107208,32.916447
"Forest_Tent_Caterpillar",-88.193275,32.572712
"Forest_Tent_Caterpillar",-96.937713,32.637662
"Forest_Tent_Caterpillar",-95.272436,34.042467
"Forest_Tent_Caterpillar",-91.871944,30.364886
"Forest_Tent_Caterpillar",-122.487187,37.816909
"Forest_Tent_Caterpillar",-96.527491,32.999794
"Forest_Tent_Caterpillar",-111.035625,45.662252
"Forest_Tent_Caterpillar",-96.548817,30.362084
"Forest_Tent_Caterpillar",-82.368507,29.656553
"Forest_Tent_Caterpillar",-95.451783,29.765101
"Forest_Tent_Caterpillar",-77.114356,38.754228
"Forest_Tent_Caterpillar",-97.276008,32.87167
"Forest_Tent_Caterpillar",-90.124129,29.976229
"Forest_Tent_Caterpillar",-122.880455,38.452184
"Forest_Tent_Caterpillar",-95.084633,29.346287
"Forest_Tent_Caterpillar",-94.291465,30.344445
"Forest_Tent_Caterpillar",-97.484445,33.161678
"Forest_Tent_Caterpillar",-91.986767,30.281453
"Forest_Tent_Caterpillar",-82.378578,29.658405
"Forest_Tent_Caterpillar",-95.308481,29.519262
"Forest_Tent_Caterpillar",-71.117226,44.031069
"Forest_Tent_Caterpillar",-84.321855,30.460828
"Forest_Tent_Caterpillar",-76.338495,37.021392
"Forest_Tent_Caterpillar",-96.542432,28.95777
"Forest_Tent_Caterpillar",-78.549287,35.885319
"Forest_Tent_Caterpillar",-97.026314,28.823105
"Forest_Tent_Caterpillar",-82.378655,29.658497
"Forest_Tent_Caterpillar",-76.186848,36.867887
"Forest_Tent_Caterpillar",-124.09185,40.855483
"Forest_Tent_Caterpillar",-80.862642,35.0666
"Forest_Tent_Caterpillar",-77.945092,34.220255
"Forest_Tent_Caterpillar",-96.329946,30.657392
"Forest_Tent_Caterpillar",-91.13541,30.384188
"Forest_Tent_Caterpillar",-79.07529,35.910262
"Forest_Tent_Caterpillar",-95.627012,29.370777
"Forest_Tent_Caterpillar",-98.156953,29.468853
"Forest_Tent_Caterpillar",-95.993212,36.064383
"Forest_Tent_Caterpillar",-78.396369,37.297087
"Forest_Tent_Caterpillar",-80.204187,32.950479
"Forest_Tent_Caterpillar",-82.39401,34.852618
"Forest_Tent_Caterpillar",-80.687112,32.441483
"Forest_Tent_Caterpillar",-76.338957,37.017653
"Forest_Tent_Caterpillar",-97.161263,28.718367
"Forest_Tent_Caterpillar",-98.22152,32.228517
"Forest_Tent_Caterpillar",-76.469733,36.617243
"Forest_Tent_Caterpillar",-81.416877,32.58551
"Forest_Tent_Caterpillar",-96.825072,28.88747
"Forest_Tent_Caterpillar",-84.344829,30.227333
"Forest_Tent_Caterpillar",-87.451221,33.214455
"Forest_Tent_Caterpillar",-97.279663,32.731292
"Forest_Tent_Caterpillar",-96.82509,28.889356
"Forest_Tent_Caterpillar",-97.908035,29.905823
"Forest_Tent_Caterpillar",-92.148565,29.858884
"Forest_Tent_Caterpillar",-78.889137,36.020425
"Forest_Tent_Caterpillar",-96.794563,28.256128
"Forest_Tent_Caterpillar",-82.32602,29.015175
"Forest_Tent_Caterpillar",-94.235007,30.436892
"Forest_Tent_Caterpillar",-96.970921,33.062926
"Forest_Tent_Caterpillar",-95.512759,35.245376
"Forest_Tent_Caterpillar",-92.625241,32.525991
"Forest_Tent_Caterpillar",-97.585935,29.590582
"Forest_Tent_Caterpillar",-96.78502,32.788191
"Forest_Tent_Caterpillar",-81.07233,32.016287
"Forest_Tent_Caterpillar",-97.145804,32.753078
"Forest_Tent_Caterpillar",-80.817967,33.829492
"Forest_Tent_Caterpillar",-94.765916,30.098227
"Forest_Tent_Caterpillar",-80.85806,33.489314
"Forest_Tent_Caterpillar",-86.72871,35.867639
"Forest_Tent_Caterpillar",-95.069469,29.59175
"Forest_Tent_Caterpillar",-92.060448,33.147625
"Forest_Tent_Caterpillar",-78.522523,34.260363
"Forest_Tent_Caterpillar",-97.698908,30.239455
"Forest_Tent_Caterpillar",-75.985283,36.850678
"Forest_Tent_Caterpillar",-96.184536,33.713175
"Forest_Tent_Caterpillar",-81.059144,32.052427
"Forest_Tent_Caterpillar",-87.956892,45.660699
"Forest_Tent_Caterpillar",-76.279506,36.775152
"Forest_Tent_Caterpillar",-95.207908,32.71443
"Forest_Tent_Caterpillar",-85.971468,31.731138
"Forest_Tent_Caterpillar",-82.295867,34.99342
"Forest_Tent_Caterpillar",-92.727946,32.544465
"Forest_Tent_Caterpillar",-96.437887,29.866147
"Forest_Tent_Caterpillar",-95.18882,29.524345
"Forest_Tent_Caterpillar",-76.335838,37.022511
"Forest_Tent_Caterpillar",-74.000442,44.296283
"Forest_Tent_Caterpillar",-95.634136,29.822871
"Forest_Tent_Caterpillar",-80.076431,32.807003
"Forest_Tent_Caterpillar",-98.158496,29.32021
"Forest_Tent_Caterpillar",-91.928903,30.101755
"Forest_Tent_Caterpillar",-91.986654,30.257793
"Forest_Tent_Caterpillar",-96.226247,30.919966
"Forest_Tent_Caterpillar",-93.824094,32.618828
"Forest_Tent_Caterpillar",-82.721345,28.227807
"Forest_Tent_Caterpillar",-97.942764,29.888776
"Forest_Tent_Caterpillar",-89.742903,30.375449
"Forest_Tent_Caterpillar",-96.706445,32.702795
"Forest_Tent_Caterpillar",-95.660377,29.63627
"Forest_Tent_Caterpillar",-97.750931,30.165325
"Forest_Tent_Caterpillar",-96.558022,29.997853
"Forest_Tent_Caterpillar",-122.284667,38.327909
"Forest_Tent_Caterpillar",-81.037169,33.983875
"Forest_Tent_Caterpillar",-96.928888,29.732556
"Forest_Tent_Caterpillar",-95.704891,29.736411
"Forest_Tent_Caterpillar",-97.715728,30.191817
"Forest_Tent_Caterpillar",-80.713016,33.809622
"Forest_Tent_Caterpillar",-97.276388,32.870963
"Forest_Tent_Caterpillar",-95.070992,29.525755
"Forest_Tent_Caterpillar",-76.153745,36.819324
"Forest_Tent_Caterpillar",-84.288239,30.377522
"Forest_Tent_Caterpillar",-82.378983,29.65843
"Forest_Tent_Caterpillar",-97.242447,32.922291
"Forest_Tent_Caterpillar",-98.115372,29.674428
"Forest_Tent_Caterpillar",-96.054376,30.098734
"Forest_Tent_Caterpillar",-94.390137,29.574362
"Forest_Tent_Caterpillar",-95.224372,29.302718
"Forest_Tent_Caterpillar",-82.238763,29.668538
"Forest_Tent_Caterpillar",-95.904765,30.796984
"Forest_Tent_Caterpillar",-80.823525,33.828138
"Forest_Tent_Caterpillar",-80.639332,33.78267
"Forest_Tent_Caterpillar",-95.34098,29.566978
"Forest_Tent_Caterpillar",-97.943139,29.888728
"Forest_Tent_Caterpillar",-95.449478,29.763963
"Forest_Tent_Caterpillar",-77.992765,35.384884
"Forest_Tent_Caterpillar",-97.808678,29.834295
"Forest_Tent_Caterpillar",-80.361278,33.535073
"Forest_Tent_Caterpillar",-97.100842,29.442907
"Forest_Tent_Caterpillar",-79.113168,36.095604
"Forest_Tent_Caterpillar",-95.658067,29.637162
"Forest_Tent_Caterpillar",-94.389472,29.559475
"Forest_Tent_Caterpillar",-122.566445,37.97638
"Forest_Tent_Caterpillar",-80.083611,32.875618
"Forest_Tent_Caterpillar",-97.276078,32.871437
"Forest_Tent_Caterpillar",-80.33462,32.561265
"Forest_Tent_Caterpillar",-95.592559,29.380728
"Forest_Tent_Caterpillar",-95.308296,29.720222
"Forest_Tent_Caterpillar",-97.126167,31.562019
"Forest_Tent_Caterpillar",-95.660529,29.635167
"Forest_Tent_Caterpillar",-77.400271,37.262106
"Forest_Tent_Caterpillar",-90.096054,29.985154
"Forest_Tent_Caterpillar",-95.810365,29.516539
"Forest_Tent_Caterpillar",-95.510855,29.203303
"Forest_Tent_Caterpillar",-80.643031,33.765849
"Forest_Tent_Caterpillar",-96.56984,29.833825
"Forest_Tent_Caterpillar",-81.900847,30.057745
"Forest_Tent_Caterpillar",-81.349444,29.087046
"Forest_Tent_Caterpillar",-95.6968,29.805605
"Forest_Tent_Caterpillar",-80.715605,32.424133
"Forest_Tent_Caterpillar",-95.631798,29.371043
"Forest_Tent_Caterpillar",-95.660094,29.635429
"Forest_Tent_Caterpillar",-81.750008,28.969988
"Forest_Tent_Caterpillar",-97.364328,32.737659
"Forest_Tent_Caterpillar",-96.547101,28.954582
"Forest_Tent_Caterpillar",-95.342828,29.71935
"Forest_Tent_Caterpillar",-81.07121,31.978303
"Forest_Tent_Caterpillar",-97.394989,30.696892
"Forest_Tent_Caterpillar",-95.078317,29.34033
"Forest_Tent_Caterpillar",-96.542262,28.957825
"Forest_Tent_Caterpillar",-84.392422,33.759628
"Forest_Tent_Caterpillar",-82.444732,29.057342
"Forest_Tent_Caterpillar",-80.009468,33.072033
"Forest_Tent_Caterpillar",-97.280914,30.165686
"Forest_Tent_Caterpillar",-97.735744,30.222597
"Forest_Tent_Caterpillar",-95.701567,29.721855
"Forest_Tent_Caterpillar",-75.207119,45.387385
"Forest_Tent_Caterpillar",-82.269233,29.223245
"Forest_Tent_Caterpillar",-91.27445,30.692549
"Forest_Tent_Caterpillar",-96.324438,30.589017
"Forest_Tent_Caterpillar",-97.196747,32.749828
"Forest_Tent_Caterpillar",-97.718833,30.187363
"Forest_Tent_Caterpillar",-96.953163,33.065075
"Forest_Tent_Caterpillar",-82.362686,29.643872
"Forest_Tent_Caterpillar",-78.940083,35.789818
"Forest_Tent_Caterpillar",-95.096479,29.580424
"Forest_Tent_Caterpillar",-95.807586,29.524702
"Forest_Tent_Caterpillar",-78.623064,35.790137
"Forest_Tent_Caterpillar",-98.425488,29.386011
"Forest_Tent_Caterpillar",-81.555142,32.495178
"Forest_Tent_Caterpillar",-81.03821,33.28985
"Forest_Tent_Caterpillar",-96.547259,28.95455
"Forest_Tent_Caterpillar",-95.660508,29.635567
"Forest_Tent_Caterpillar",-95.072011,29.596234
"Forest_Tent_Caterpillar",-96.542878,28.957763
"Forest_Tent_Caterpillar",-95.91617,29.679237
"Forest_Tent_Caterpillar",-74.887611,41.229647
"Forest_Tent_Caterpillar",-91.601931,31.582433
"Forest_Tent_Caterpillar",-81.079881,34.012683
"Forest_Tent_Caterpillar",-81.754853,28.972558
"Forest_Tent_Caterpillar",-86.010658,32.734437
"Forest_Tent_Caterpillar",-97.547115,29.790798
"Forest_Tent_Caterpillar",-94.78517,30.086737
"Forest_Tent_Caterpillar",-96.577888,29.695463
"Forest_Tent_Caterpillar",-96.672097,29.549217
"Forest_Tent_Caterpillar",-95.595475,29.378137
"Forest_Tent_Caterpillar",-89.951662,29.895767
"Forest_Tent_Caterpillar",-96.390034,30.159927
"Forest_Tent_Caterpillar",-90.064545,30.410659
"Forest_Tent_Caterpillar",-96.838475,32.836993
"Forest_Tent_Caterpillar",-82.557762,27.38532
"Forest_Tent_Caterpillar",-82.913952,29.548164
"Forest_Tent_Caterpillar",-96.542436,28.9581
"Forest_Tent_Caterpillar",-90.734812,29.729387
"Forest_Tent_Caterpillar",-81.04283,33.97995
"Forest_Tent_Caterpillar",-81.082778,31.949444
"Forest_Tent_Caterpillar",-97.584374,29.588142
"Forest_Tent_Caterpillar",-96.535092,29.000212
"Forest_Tent_Caterpillar",-95.784176,29.531423
"Forest_Tent_Caterpillar",-81.429959,30.392395
"Forest_Tent_Caterpillar",-81.406772,30.37093
"Forest_Tent_Caterpillar",-97.363765,32.735055
"Forest_Tent_Caterpillar",-77.362237,35.62088
"Forest_Tent_Caterpillar",-80.712538,32.402747
"Forest_Tent_Caterpillar",-97.233505,32.926497
"Forest_Tent_Caterpillar",-83.382829,33.98683
"Forest_Tent_Caterpillar",-96.35113,30.634333
"Forest_Tent_Caterpillar",-84.360388,30.477022
"Forest_Tent_Caterpillar",-97.743645,30.245547
"Forest_Tent_Caterpillar",-96.207451,30.506046
"Forest_Tent_Caterpillar",-97.401417,31.164827
"Forest_Tent_Caterpillar",-96.70388,32.701967
"Forest_Tent_Caterpillar",-95.46502,30.167187
"Forest_Tent_Caterpillar",-84.322236,30.458623
"Forest_Tent_Caterpillar",-97.932167,29.878175
"Forest_Tent_Caterpillar",-90.584662,43.708135
"Forest_Tent_Caterpillar",-95.101189,29.582857
"Forest_Tent_Caterpillar",-96.938761,32.920719
"Forest_Tent_Caterpillar",-81.16602,31.975266
"Forest_Tent_Caterpillar",-96.73858,30.320543
"Forest_Tent_Caterpillar",-83.35939,33.911663
"Forest_Tent_Caterpillar",-80.776194,32.143283
"Forest_Tent_Caterpillar",-97.412384,30.112961
"Forest_Tent_Caterpillar",-98.767756,29.452814
"Forest_Tent_Caterpillar",-80.748531,33.793254
"Forest_Tent_Caterpillar",-83.025821,34.469118
"Forest_Tent_Caterpillar",-94.391265,29.573506
"Forest_Tent_Caterpillar",-76.552849,37.747452
"Forest_Tent_Caterpillar",-89.797162,33.788684
"Forest_Tent_Caterpillar",-95.626374,29.369664
"Forest_Tent_Caterpillar",-91.10578,30.36952
"Forest_Tent_Caterpillar",-96.034705,32.881212
"Forest_Tent_Caterpillar",-95.407066,29.945298
"Forest_Tent_Caterpillar",-96.85867,29.787007
"Forest_Tent_Caterpillar",-95.171033,29.54447
"Forest_Tent_Caterpillar",-97.40217,30.16992
"Forest_Tent_Caterpillar",-96.858925,29.787103
"Forest_Tent_Caterpillar",-97.37044,30.052724
"Forest_Tent_Caterpillar",-97.65689,31.069571
"Forest_Tent_Caterpillar",-98.608952,29.57799
"Forest_Tent_Caterpillar",-97.429205,29.509042
"Forest_Tent_Caterpillar",-78.741328,34.934722
"Forest_Tent_Caterpillar",-90.516331,30.146377
"Forest_Tent_Caterpillar",-97.843437,30.20623
"Forest_Tent_Caterpillar",-76.33628,37.021492
"Forest_Tent_Caterpillar",-97.116508,32.783225
"Forest_Tent_Caterpillar",-96.975407,33.062416
"Forest_Tent_Caterpillar",-97.582492,29.589797
"Forest_Tent_Caterpillar",-84.320547,30.426378
"Forest_Tent_Caterpillar",-97.704239,30.243635
"Forest_Tent_Caterpillar",-78.644111,35.648565
"Forest_Tent_Caterpillar",-95.104455,30.102138
"Forest_Tent_Caterpillar",-96.542547,28.958237
"Forest_Tent_Caterpillar",-78.899803,36.028592
"Forest_Tent_Caterpillar",-96.83078,32.716808
"Forest_Tent_Caterpillar",-92.648539,32.509836
"Forest_Tent_Caterpillar",-81.164895,31.973787
"Forest_Tent_Caterpillar",-96.341462,30.710755
"Forest_Tent_Caterpillar",-80.7705,32.80127
"Forest_Tent_Caterpillar",-95.349906,29.49926
"Forest_Tent_Caterpillar",-80.908589,32.327685
"Forest_Tent_Caterpillar",-95.308723,29.689013
"Forest_Tent_Caterpillar",-95.072419,29.594305
"Forest_Tent_Caterpillar",-96.22264,30.007639
"Forest_Tent_Caterpillar",-78.52251,34.260957
"Forest_Tent_Caterpillar",-95.072778,29.597395
"Forest_Tent_Caterpillar",-78.893804,36.013482
"Forest_Tent_Caterpillar",-97.934218,29.888711
"Forest_Tent_Caterpillar",-95.452011,29.765415
"Forest_Tent_Caterpillar",-95.691916,29.58782
"Forest_Tent_Caterpillar",-96.458917,29.933413
"Forest_Tent_Caterpillar",-77.456741,37.537125
"Forest_Tent_Caterpillar",-96.785998,30.717596
"Forest_Tent_Caterpillar",-80.083813,32.874943
"Forest_Tent_Caterpillar",-86.773159,33.392497
"Forest_Tent_Caterpillar",-95.408777,29.58165
"Forest_Tent_Caterpillar",-96.247028,30.686382
"Forest_Tent_Caterpillar",-95.722208,29.73811
"Forest_Tent_Caterpillar",-97.409672,29.977023
"Forest_Tent_Caterpillar",-95.248981,29.422199
"Forest_Tent_Caterpillar",-89.93132,29.899722
"Forest_Tent_Caterpillar",-95.868813,29.426199
"Forest_Tent_Caterpillar",-81.091546,32.006365
"Forest_Tent_Caterpillar",-98.102736,29.696803
"Forest_Tent_Caterpillar",-80.726607,32.379032
"Forest_Tent_Caterpillar",-95.81137,29.632294
"Forest_Tent_Caterpillar",-95.085986,29.597274
"Forest_Tent_Caterpillar",-95.123492,29.547228
"Forest_Tent_Caterpillar",-91.611371,31.591809
"Forest_Tent_Caterpillar",-80.940203,33.987353
"Forest_Tent_Caterpillar",-80.083367,32.87605
"Forest_Tent_Caterpillar",-97.888936,29.953615
"Forest_Tent_Caterpillar",-81.027498,33.996528
"Forest_Tent_Caterpillar",-97.645311,30.685006
"Forest_Tent_Caterpillar",-91.02711,30.424658
"Forest_Tent_Caterpillar",-95.609025,29.967387
"Forest_Tent_Caterpillar",-87.106575,33.230953
"Forest_Tent_Caterpillar",-80.095478,32.908541
"Forest_Tent_Caterpillar",-95.31218,29.595673
"Forest_Tent_Caterpillar",-80.197581,32.791586
"Forest_Tent_Caterpillar",-95.072419,29.594305
"Forest_Tent_Caterpillar",-82.332328,29.692508
"Forest_Tent_Caterpillar",-97.18387,32.677813
"Forest_Tent_Caterpillar",-97.33331,30.111701
"Forest_Tent_Caterpillar",-81.416877,32.58551
"Forest_Tent_Caterpillar",-84.329577,30.443157
"Forest_Tent_Caterpillar",-97.701012,30.241888
"Forest_Tent_Caterpillar",-95.398836,29.731339
"Forest_Tent_Caterpillar",-84.255087,30.522617
"Forest_Tent_Caterpillar",-82.37873,29.658538
"Forest_Tent_Caterpillar",-82.303016,29.605939
"Forest_Tent_Caterpillar",-78.575645,35.373058
"Forest_Tent_Caterpillar",-95.181055,29.507903
"Forest_Tent_Caterpillar",-95.433406,29.061631
"Forest_Tent_Caterpillar",-80.175125,32.954124
"Forest_Tent_Caterpillar",-81.996262,31.754602
"Forest_Tent_Caterpillar",-96.547184,28.954564
"Forest_Tent_Caterpillar",-96.542656,28.958047
"Forest_Tent_Caterpillar",-96.699909,32.786296
"Forest_Tent_Caterpillar",-97.934139,29.856604
"Forest_Tent_Caterpillar",-87.305133,31.005573
"Forest_Tent_Caterpillar",-82.616088,30.16654
"Forest_Tent_Caterpillar",-80.05975,32.956369
"Forest_Tent_Caterpillar",-86.275725,32.418252
"Forest_Tent_Caterpillar",-79.896149,34.343539
"Forest_Tent_Caterpillar",-81.416877,32.58551
"Forest_Tent_Caterpillar",-82.384545,29.645805
"Forest_Tent_Caterpillar",-96.573272,30.391688
"Forest_Tent_Caterpillar",-92.649769,32.529939
"Forest_Tent_Caterpillar",-83.376001,33.924899
"Forest_Tent_Caterpillar",-95.28931,29.563232
"Forest_Tent_Caterpillar",-82.506675,31.949022
"Forest_Tent_Caterpillar",-82.945111,30.391943
"Forest_Tent_Caterpillar",-99.499398,30.109242
"Forest_Tent_Caterpillar",-96.24388,28.890233
"Forest_Tent_Caterpillar",-84.328733,30.443055
"Forest_Tent_Caterpillar",-98.551132,29.523418
"Forest_Tent_Caterpillar",-82.459163,29.712715
"Forest_Tent_Caterpillar",-98.527396,29.560268
"Forest_Tent_Caterpillar",-81.53975,30.345203
"Forest_Tent_Caterpillar",-122.093781,50.584316
"Forest_Tent_Caterpillar",-82.378805,29.658642
"Forest_Tent_Caterpillar",-95.300995,29.338498
"Forest_Tent_Caterpillar",-70.032826,44.319627
"Forest_Tent_Caterpillar",-98.217015,29.678279
"Forest_Tent_Caterpillar",-80.824803,33.829836
"Forest_Tent_Caterpillar",-123.411896,39.54779
"Forest_Tent_Caterpillar",-77.365192,37.232895
"Forest_Tent_Caterpillar",-124.0837,40.861646
"Forest_Tent_Caterpillar",-82.187416,28.478718
"Forest_Tent_Caterpillar",-77.358464,37.23855
"Forest_Tent_Caterpillar",-78.697509,33.814566
"Forest_Tent_Caterpillar",-97.660675,30.22127
"Forest_Tent_Caterpillar",-94.932274,38.100237
"Forest_Tent_Caterpillar",-95.69947,29.734722
"Forest_Tent_Caterpillar",-95.899742,36.225345
"Forest_Tent_Caterpillar",-82.454228,29.710075
"Forest_Tent_Caterpillar",-124.254259,40.570733
"Forest_Tent_Caterpillar",-94.190656,30.337964
"Forest_Tent_Caterpillar",-84.243062,30.436851
"Forest_Tent_Caterpillar",-97.303424,31.468932
"Forest_Tent_Caterpillar",-113.508143,53.563294
"Forest_Tent_Caterpillar",-82.460963,29.714136
"Forest_Tent_Caterpillar",-95.614934,29.884841
"Forest_Tent_Caterpillar",-91.044917,30.403947
"Forest_Tent_Caterpillar",-84.237351,30.441058
"Forest_Tent_Caterpillar",-97.206559,32.877697
"Forest_Tent_Caterpillar",-95.992193,32.844805
"Forest_Tent_Caterpillar",-97.671122,30.261539
"Forest_Tent_Caterpillar",-97.222705,32.851668
"Forest_Tent_Caterpillar",-110.836508,43.59185
"Forest_Tent_Caterpillar",-82.303087,29.606792
"Forest_Tent_Caterpillar",-87.297409,32.637899
"Forest_Tent_Caterpillar",-94.101213,33.496656
"Forest_Tent_Caterpillar",-96.636755,33.183242
"Forest_Tent_Caterpillar",-97.457795,31.076317
"Forest_Tent_Caterpillar",-95.723405,30.103911
"Forest_Tent_Caterpillar",-73.196021,44.432166
"Forest_Tent_Caterpillar",-95.443863,29.062558
"Forest_Tent_Caterpillar",-97.938828,30.370941
"Forest_Tent_Caterpillar",-96.869028,29.740378
"Forest_Tent_Caterpillar",-95.198988,29.507892
"Forest_Tent_Caterpillar",-81.988595,33.581438
"Forest_Tent_Caterpillar",-95.724597,29.153051
"Forest_Tent_Caterpillar",-97.937333,29.911831
"Forest_Tent_Caterpillar",-97.643845,30.419949
"Forest_Tent_Caterpillar",-95.077871,29.464535
"Forest_Tent_Caterpillar",-73.124561,44.455609
"Forest_Tent_Caterpillar",-79.989394,32.784275
"Forest_Tent_Caterpillar",-98.713148,29.685032
"Forest_Tent_Caterpillar",-79.055844,35.9132
"Forest_Tent_Caterpillar",-97.754161,30.156279
"Forest_Tent_Caterpillar",-97.441821,29.661936
"Forest_Tent_Caterpillar",-97.615164,29.904313
"Forest_Tent_Caterpillar",-81.062256,27.510965
"Forest_Tent_Caterpillar",-97.290368,32.66738
"Forest_Tent_Caterpillar",-84.231489,30.37165
"Forest_Tent_Caterpillar",-97.700743,30.242315
"Forest_Tent_Caterpillar",-95.407116,29.943211
"Forest_Tent_Caterpillar",-95.627218,29.370627
"Forest_Tent_Caterpillar",-96.728653,32.805783
"Forest_Tent_Caterpillar",-95.569021,29.586482
"Forest_Tent_Caterpillar",-90.893646,30.587036
"Forest_Tent_Caterpillar",-95.593997,29.376438
"Forest_Tent_Caterpillar",-84.345824,30.414939
"Forest_Tent_Caterpillar",-97.942855,29.888975
"Forest_Tent_Caterpillar",-89.771553,30.297699
"Forest_Tent_Caterpillar",-95.399578,29.717708
"Forest_Tent_Caterpillar",-96.636755,33.183242
"Forest_Tent_Caterpillar",-95.30545,29.520837
"Forest_Tent_Caterpillar",-95.004753,30.487817
"Forest_Tent_Caterpillar",-97.584258,29.588688
"Forest_Tent_Caterpillar",-98.4719,29.463847
"Forest_Tent_Caterpillar",-95.604958,29.378963
"Forest_Tent_Caterpillar",-84.3238,30.458675
"Forest_Tent_Caterpillar",-96.397744,30.166978
"Forest_Tent_Caterpillar",-87.460397,31.511907
"Forest_Tent_Caterpillar",-77.945313,34.220238
"Forest_Tent_Caterpillar",-80.452383,32.769279
"Forest_Tent_Caterpillar",-124.094559,40.860263
"Forest_Tent_Caterpillar",-80.812478,32.139397
"Forest_Tent_Caterpillar",-97.582077,29.589748
"Forest_Tent_Caterpillar",-81.166751,31.978916
"Forest_Tent_Caterpillar",-93.813348,32.968228
"Forest_Tent_Caterpillar",-84.191224,30.438962
"Forest_Tent_Caterpillar",-97.934203,29.888578
"Forest_Tent_Caterpillar",-97.644411,30.685974
"Forest_Tent_Caterpillar",-80.052107,32.622406
"Forest_Tent_Caterpillar",-95.016028,29.576255
"Forest_Tent_Caterpillar",-95.39148,29.711544
"Forest_Tent_Caterpillar",-97.662033,30.516603
"Forest_Tent_Caterpillar",-96.343755,30.590186
"Forest_Tent_Caterpillar",-95.40868,29.582056
"Forest_Tent_Caterpillar",-95.071884,29.596024
"Forest_Tent_Caterpillar",-97.435301,30.215446
"Forest_Tent_Caterpillar",-97.687405,29.883415
"Forest_Tent_Caterpillar",-93.666986,31.210084
"Forest_Tent_Caterpillar",-95.627218,29.370627
"Forest_Tent_Caterpillar",-96.444533,30.208138
"Forest_Tent_Caterpillar",-95.734116,29.733578
"Forest_Tent_Caterpillar",-80.77715,32.23994
"Forest_Tent_Caterpillar",-96.612175,29.757647
"Forest_Tent_Caterpillar",-77.454546,37.528713
"Forest_Tent_Caterpillar",-97.700709,30.241846
"Forest_Tent_Caterpillar",-80.9407,32.452744
"Forest_Tent_Caterpillar",-96.700251,30.324926
"Forest_Tent_Caterpillar",-84.305176,30.233536
"Forest_Tent_Caterpillar",-95.320752,29.678597
"Forest_Tent_Caterpillar",-82.651043,29.824525
"Forest_Tent_Caterpillar",-95.518075,29.533817
"Forest_Tent_Caterpillar",-97.426882,30.189609
"Forest_Tent_Caterpillar",-79.969525,32.846983
"Forest_Tent_Caterpillar",-98.452156,29.172845
"Forest_Tent_Caterpillar",-89.792216,45.289061
"Forest_Tent_Caterpillar",-92.638951,32.889328
"Forest_Tent_Caterpillar",-82.371842,29.660231
"Forest_Tent_Caterpillar",-97.275825,32.745083
"Forest_Tent_Caterpillar",-88.745819,33.063462
"Forest_Tent_Caterpillar",-96.542523,28.958295
"Forest_Tent_Caterpillar",-97.597816,30.411711
"Forest_Tent_Caterpillar",-79.046373,33.76069
"Forest_Tent_Caterpillar",-97.688187,30.300378
"Forest_Tent_Caterpillar",-91.030648,30.428172
"Forest_Tent_Caterpillar",-95.409429,29.580331
"Forest_Tent_Caterpillar",-81.608124,30.380522
"Forest_Tent_Caterpillar",-95.238572,29.756164
"Forest_Tent_Caterpillar",-98.078626,29.053748
"Forest_Tent_Caterpillar",-97.363822,32.734272
"Forest_Tent_Caterpillar",-97.682787,29.923896
"Forest_Tent_Caterpillar",-81.029297,33.994817
"Forest_Tent_Caterpillar",-82.649636,29.825094
"Forest_Tent_Caterpillar",-80.845842,35.499837
"Forest_Tent_Caterpillar",-77.945358,34.220183
"Forest_Tent_Caterpillar",-79.961044,32.713242
"Forest_Tent_Caterpillar",-122.606294,38.002253
"Forest_Tent_Caterpillar",-81.626847,30.176133
"Forest_Tent_Caterpillar",-91.246028,47.387305
"Forest_Tent_Caterpillar",-97.656312,30.215887
"Forest_Tent_Caterpillar",-80.323761,32.505669
"Forest_Tent_Caterpillar",-90.48642,30.518682
"Forest_Tent_Caterpillar",-96.153533,30.32375
"Forest_Tent_Caterpillar",-82.335607,29.615652
"Forest_Tent_Caterpillar",-98.004815,29.87002
"Forest_Tent_Caterpillar",-98.593614,29.565797
"Forest_Tent_Caterpillar",-81.996262,31.754602
"Forest_Tent_Caterpillar",-99.289134,30.288401
"Forest_Tent_Caterpillar",-123.99807,41.653143
"Forest_Tent_Caterpillar",-92.051134,30.144243
"Forest_Tent_Caterpillar",-82.611678,29.851853
"Forest_Tent_Caterpillar",-98.103458,29.822135
"Forest_Tent_Caterpillar",-122.826082,38.399373
"Forest_Tent_Caterpillar",-122.072208,37.046147
"Forest_Tent_Caterpillar",-84.381576,30.227555
"Forest_Tent_Caterpillar",-97.151789,33.136098
"Forest_Tent_Caterpillar",-97.968795,29.898053
"Forest_Tent_Caterpillar",-82.682578,29.828887
"Forest_Tent_Caterpillar",-85.875355,31.790253
"Forest_Tent_Caterpillar",-96.402969,32.747156
"Forest_Tent_Caterpillar",-84.3041,30.23753
"Forest_Tent_Caterpillar",-97.388315,32.660771
"Forest_Tent_Caterpillar",-96.319369,30.666653
"Forest_Tent_Caterpillar",-92.148997,29.864681
"Forest_Tent_Caterpillar",-80.16403,35.473571
"Forest_Tent_Caterpillar",-96.113138,29.823208
"Forest_Tent_Caterpillar",-98.493628,29.424122
"Forest_Tent_Caterpillar",-96.884695,32.220047
"Forest_Tent_Caterpillar",-80.344072,33.952267
"Forest_Tent_Caterpillar",-97.696599,30.243263
"Forest_Tent_Caterpillar",-81.08199,32.054251
"Forest_Tent_Caterpillar",-80.203843,32.956391
"Forest_Tent_Caterpillar",-84.254917,30.522365
"Forest_Tent_Caterpillar",-123.693537,40.131431
"Forest_Tent_Caterpillar",-82.458798,29.71301
"Forest_Tent_Caterpillar",-74.090737,45.46857
"Forest_Tent_Caterpillar",-80.106321,32.735287
"Forest_Tent_Caterpillar",-97.940955,29.88818
"Forest_Tent_Caterpillar",-98.329445,29.690834
"Forest_Tent_Caterpillar",-73.124524,44.45544
"Forest_Tent_Caterpillar",-122.611439,37.976689
"Forest_Tent_Caterpillar",-82.683005,29.829713
"Forest_Tent_Caterpillar",-98.70657,29.424799
"Forest_Tent_Caterpillar",-81.301941,29.036169
"Forest_Tent_Caterpillar",-85.904746,30.657957
"Forest_Tent_Caterpillar",-81.441247,32.102528
"Forest_Tent_Caterpillar",-123.378237,39.44648
"Forest_Tent_Caterpillar",-122.809608,38.443487
"Forest_Tent_Caterpillar",-95.340958,29.723828
"Forest_Tent_Caterpillar",-95.72228,29.738146
"Forest_Tent_Caterpillar",-96.25287,29.968303
"Forest_Tent_Caterpillar",-96.274878,32.836609
"Forest_Tent_Caterpillar",-81.454017,30.559708
"Forest_Tent_Caterpillar",-97.700347,30.24103
"Forest_Tent_Caterpillar",-77.451745,37.530522
"Forest_Tent_Caterpillar",-78.688853,35.798882
"Forest_Tent_Caterpillar",-76.186875,36.799408
"Forest_Tent_Caterpillar",-87.243247,32.694908
"Forest_Tent_Caterpillar",-80.785396,32.154036
"Forest_Tent_Caterpillar",-81.044202,33.943526
"Forest_Tent_Caterpillar",-81.644687,30.404459
"Forest_Tent_Caterpillar",-81.026628,33.997937
"Forest_Tent_Caterpillar",-95.071625,29.596283
"Forest_Tent_Caterpillar",-97.105995,32.789422
"Forest_Tent_Caterpillar",-84.541071,30.537864
"Forest_Tent_Caterpillar",-97.207437,32.818437
"Forest_Tent_Caterpillar",-97.112678,32.728487
"Forest_Tent_Caterpillar",-97.547091,29.790813
"Forest_Tent_Caterpillar",-81.079666,32.189644
"Forest_Tent_Caterpillar",-92.111306,31.150953
"Forest_Tent_Caterpillar",-95.072453,29.594267
"Forest_Tent_Caterpillar",-76.441208,37.121065
"Forest_Tent_Caterpillar",-97.684086,30.648936
"Forest_Tent_Caterpillar",-95.105089,29.498136
"Forest_Tent_Caterpillar",-95.679982,29.837738
"Forest_Tent_Caterpillar",-96.818188,32.560656
"Forest_Tent_Caterpillar",-79.561424,33.454861
"Forest_Tent_Caterpillar",-97.625917,30.532862
"Forest_Tent_Caterpillar",-95.079521,29.592385
"Forest_Tent_Caterpillar",-96.208061,30.506266
"Forest_Tent_Caterpillar",-95.688637,30.19903
"Forest_Tent_Caterpillar",-76.194933,36.835637
"Forest_Tent_Caterpillar",-97.384753,28.650352
"Forest_Tent_Caterpillar",-85.49858,32.59228
"Forest_Tent_Caterpillar",-76.287178,36.863586
"Forest_Tent_Caterpillar",-97.781188,30.283975
"Forest_Tent_Caterpillar",-97.466339,31.066454
"Forest_Tent_Caterpillar",-96.918228,29.669505
"Forest_Tent_Caterpillar",-86.437105,31.32032
"Forest_Tent_Caterpillar",-81.06968,31.9593
"Forest_Tent_Caterpillar",-80.758136,32.22054
"Forest_Tent_Caterpillar",-97.700662,30.241658
"Forest_Tent_Caterpillar",-90.116193,30.370002
"Forest_Tent_Caterpillar",-97.363422,32.741888
"Forest_Tent_Caterpillar",-81.792036,32.420998
"Forest_Tent_Caterpillar",-92.958862,30.216359
"Forest_Tent_Caterpillar",-80.84458,35.5014
"Forest_Tent_Caterpillar",-93.989607,32.691253
"Forest_Tent_Caterpillar",-95.102492,29.59584
"Forest_Tent_Caterpillar",-96.699963,32.786342
"Forest_Tent_Caterpillar",-96.500648,29.556623
"Forest_Tent_Caterpillar",-78.73835,34.012294
"Forest_Tent_Caterpillar",-84.322863,30.459603
"Forest_Tent_Caterpillar",-82.965995,29.996912
"Forest_Tent_Caterpillar",-97.109109,32.720192
"Forest_Tent_Caterpillar",-96.015327,32.289627
"Forest_Tent_Caterpillar",-84.702545,33.739407
"Forest_Tent_Caterpillar",-94.60356,32.796004
"Forest_Tent_Caterpillar",-80.73374,35.30919
"Forest_Tent_Caterpillar",-81.081201,32.187709
"Forest_Tent_Caterpillar",-98.107719,29.27688
"Forest_Tent_Caterpillar",-83.298932,33.954789
"Forest_Tent_Caterpillar",-81.029919,33.993805
"Forest_Tent_Caterpillar",-97.363827,32.735062
"Forest_Tent_Caterpillar",-97.704774,30.563095
"Forest_Tent_Caterpillar",-95.660101,29.635824
"Forest_Tent_Caterpillar",-90.109969,30.484087
"Forest_Tent_Caterpillar",-97.701012,30.241888
"Forest_Tent_Caterpillar",-76.945795,34.981064
"Forest_Tent_Caterpillar",-81.036055,33.940645
"Forest_Tent_Caterpillar",-96.845139,29.889166
"Forest_Tent_Caterpillar",-96.020417,30.710391
"Forest_Tent_Caterpillar",-95.05714,29.457919
"Forest_Tent_Caterpillar",-80.980386,32.480744
"Forest_Tent_Caterpillar",-97.374115,29.563311
"Forest_Tent_Caterpillar",-95.489128,29.046072
"Forest_Tent_Caterpillar",-95.111552,29.493422
"Forest_Tent_Caterpillar",-79.922988,32.74912
"Forest_Tent_Caterpillar",-98.283472,30.421681
"Forest_Tent_Caterpillar",-76.306259,36.884777
"Forest_Tent_Caterpillar",-76.944649,34.980679
"Forest_Tent_Caterpillar",-81.170538,31.978582
"Forest_Tent_Caterpillar",-97.245659,49.86187
"Forest_Tent_Caterpillar",-96.384758,30.612092
"Forest_Tent_Caterpillar",-80.824708,33.829605
"Forest_Tent_Caterpillar",-81.017014,33.964608
"Forest_Tent_Caterpillar",-97.584604,29.584328
"Forest_Tent_Caterpillar",-86.642311,31.856547
"Forest_Tent_Caterpillar",-95.594803,30.240697
"Forest_Tent_Caterpillar",-95.733123,29.611129
"Forest_Tent_Caterpillar",-97.694653,29.807529
"Forest_Tent_Caterpillar",-80.689487,32.381297
"Forest_Tent_Caterpillar",-96.715062,32.826593
"Forest_Tent_Caterpillar",-81.577853,30.255107
"Forest_Tent_Caterpillar",-97.233134,29.031226
"Forest_Tent_Caterpillar",-98.623437,29.585908
"Forest_Tent_Caterpillar",-96.21843,30.242933
"Forest_Tent_Caterpillar",-96.050081,29.509024
"Forest_Tent_Caterpillar",-82.516211,29.820981
"Forest_Tent_Caterpillar",-95.074922,29.593629
"Forest_Tent_Caterpillar",-95.721578,29.734472
"Forest_Tent_Caterpillar",-97.58503,29.588477
"Forest_Tent_Caterpillar",-98.510384,29.572192
"Forest_Tent_Caterpillar",-91.028362,30.424841
"Forest_Tent_Caterpillar",-97.584791,29.588419
"Forest_Tent_Caterpillar",-80.200805,33.006819
"Forest_Tent_Caterpillar",-97.942888,29.888762
"Forest_Tent_Caterpillar",-96.351314,30.634108
"Forest_Tent_Caterpillar",-94.206825,32.758163
"Forest_Tent_Caterpillar",-80.352531,33.220097
"Forest_Tent_Caterpillar",-83.911133,30.452538
"Forest_Tent_Caterpillar",-95.345822,29.721292
"Forest_Tent_Caterpillar",-80.347258,33.217352
"Forest_Tent_Caterpillar",-84.373192,30.181917
"Forest_Tent_Caterpillar",-82.968492,29.997756
"Forest_Tent_Caterpillar",-80.656923,32.410197
"Forest_Tent_Caterpillar",-95.260712,29.28937
"Forest_Tent_Caterpillar",-96.542362,28.957977
"Forest_Tent_Caterpillar",-94.190886,30.337741
"Forest_Tent_Caterpillar",-96.211527,28.698074
"Forest_Tent_Caterpillar",-80.878289,34.783584
"Forest_Tent_Caterpillar",-97.58344,29.58495
"Forest_Tent_Caterpillar",-95.22507,29.440292
"Forest_Tent_Caterpillar",-84.297274,30.436096
"Forest_Tent_Caterpillar",-97.363525,32.741644
"Forest_Tent_Caterpillar",-82.966817,29.964813
"Forest_Tent_Caterpillar",-81.416349,30.357175
"Forest_Tent_Caterpillar",-96.542413,28.958098
"Forest_Tent_Caterpillar",-81.451088,30.554686
"Forest_Tent_Caterpillar",-81.780642,32.434232
"Forest_Tent_Caterpillar",-82.361413,29.644654
"Forest_Tent_Caterpillar",-82.438478,32.081972
"Forest_Tent_Caterpillar",-80.816597,32.240051
"Forest_Tent_Caterpillar",-84.155384,30.41853
"Forest_Tent_Caterpillar",-82.407708,28.54458
"Forest_Tent_Caterpillar",-95.074922,29.593629
"Forest_Tent_Caterpillar",-95.074922,29.593629
"Forest_Tent_Caterpillar",-82.460847,29.714058
"Forest_Tent_Caterpillar",-78.827462,35.644305
"Forest_Tent_Caterpillar",-96.542604,28.958444
"Forest_Tent_Caterpillar",-80.824738,32.577672
"Forest_Tent_Caterpillar",-81.062973,32.043198
"Forest_Tent_Caterpillar",-84.30887,30.444483
"Forest_Tent_Caterpillar",-122.870054,38.512566
"Forest_Tent_Caterpillar",-87.135107,45.071662
"Forest_Tent_Caterpillar",-97.999544,29.867317
"Forest_Tent_Caterpillar",-82.321316,29.643828
"Forest_Tent_Caterpillar",-82.567208,29.72335
"Forest_Tent_Caterpillar",-122.81433,38.411097
"Forest_Tent_Caterpillar",-75.987412,36.79132
"Forest_Tent_Caterpillar",-97.873872,30.185875
"Forest_Tent_Caterpillar",-123.40528,48.48103
"Forest_Tent_Caterpillar",-95.039497,29.579492
"Forest_Tent_Caterpillar",-97.930687,29.893278
"Forest_Tent_Caterpillar",-96.102877,29.806389
"Forest_Tent_Caterpillar",-82.682647,29.82897
"Forest_Tent_Caterpillar",-82.332185,29.620281
"Forest_Tent_Caterpillar",-122.45617,38.280759
"Forest_Tent_Caterpillar",-84.375414,33.718063
"Forest_Tent_Caterpillar",-70.7855,46.543579
"Forest_Tent_Caterpillar",-123.454709,46.369647
"Forest_Tent_Caterpillar",-122.731012,38.499464
"Forest_Tent_Caterpillar",-82.655319,27.730433
"Forest_Tent_Caterpillar",-124.010803,40.880583
"Forest_Tent_Caterpillar",-93.677217,47.222051
"Forest_Tent_Caterpillar",-97.737596,30.391671
"Forest_Tent_Caterpillar",-84.323053,30.459855
"Forest_Tent_Caterpillar",-123.439042,48.53253
"Forest_Tent_Caterpillar",-80.596723,35.431184
"Forest_Tent_Caterpillar",-78.893297,36.065621
"Forest_Tent_Caterpillar",-68.450625,44.152943
"Forest_Tent_Caterpillar",-123.337798,39.421
"Forest_Tent_Caterpillar",-95.238842,29.386784
"Forest_Tent_Caterpillar",-84.340476,30.270727
"Forest_Tent_Caterpillar",-81.3042,29.028347
"Forest_Tent_Caterpillar",-97.087989,31.605205
"Forest_Tent_Caterpillar",-84.175834,30.442956
"Forest_Tent_Caterpillar",-94.128914,32.739342
"Forest_Tent_Caterpillar",-96.7479,32.727842
"Forest_Tent_Caterpillar",-93.772087,32.384078
"Forest_Tent_Caterpillar",-95.409455,29.047503
"Forest_Tent_Caterpillar",-98.260274,29.220612
"Forest_Tent_Caterpillar",-111.804989,41.707628
"Forest_Tent_Caterpillar",-80.59555,35.432945
"Forest_Tent_Caterpillar",-82.543913,29.657492
"Forest_Tent_Caterpillar",-82.029904,28.970444
"Forest_Tent_Caterpillar",-96.920396,29.750083
"Forest_Tent_Caterpillar",-82.362479,29.643695
"Forest_Tent_Caterpillar",-124.093425,40.860509
"Forest_Tent_Caterpillar",-98.766614,29.798875
"Forest_Tent_Caterpillar",-122.864563,38.515458
"Forest_Tent_Caterpillar",-124.092176,40.866746
"Forest_Tent_Caterpillar",-97.969532,29.947543
"Forest_Tent_Caterpillar",-118.159095,50.989179
"Forest_Tent_Caterpillar",-96.212315,30.567001
"Forest_Tent_Caterpillar",-95.692687,29.734775
"Forest_Tent_Caterpillar",-97.154597,29.957425
"Forest_Tent_Caterpillar",-97.150489,29.149642
"Forest_Tent_Caterpillar",-95.479939,30.565622
"Forest_Tent_Caterpillar",-122.818436,38.408309
"Forest_Tent_Caterpillar",-121.091371,47.21468
"Forest_Tent_Caterpillar",-96.678427,32.934013
"Forest_Tent_Caterpillar",-95.338057,29.283781
"Forest_Tent_Caterpillar",-122.601697,49.20475
"Forest_Tent_Caterpillar",-97.551793,29.248714
"Forest_Tent_Caterpillar",-82.683013,29.829722
"Forest_Tent_Caterpillar",-82.682722,29.828953
"Forest_Tent_Caterpillar",-95.520694,45.537796
"Forest_Tent_Caterpillar",-114.0257,51.040878
"Forest_Tent_Caterpillar",-93.676732,47.365997
"Forest_Tent_Caterpillar",-76.07957,46.181848
"Forest_Tent_Caterpillar",-72.043348,45.3095
"Forest_Tent_Caterpillar",-82.683013,29.829722
"Forest_Tent_Caterpillar",-98.727428,29.578349
"Forest_Tent_Caterpillar",-96.365953,30.155145
"Forest_Tent_Caterpillar",-82.698726,29.8355
"Forest_Tent_Caterpillar",-122.855684,38.705494
"Forest_Tent_Caterpillar",-73.277139,44.74062
"Forest_Tent_Caterpillar",-73.277139,44.74062
"Forest_Tent_Caterpillar",-72.865964,44.525154
"Forest_Tent_Caterpillar",-82.276766,28.857195
"Forest_Tent_Caterpillar",-81.55225,30.269666
"Forest_Tent_Caterpillar",-82.337525,28.648722
"Forest_Tent_Caterpillar",-81.62867,28.803597
"Forest_Tent_Caterpillar",-81.865257,27.996643
"Forest_Tent_Caterpillar",-82.363045,29.643727
"Forest_Tent_Caterpillar",-95.824509,29.785777
"Forest_Tent_Caterpillar",-95.189536,29.53795
"Forest_Tent_Caterpillar",-82.624375,29.539912
"Forest_Tent_Caterpillar",-82.762917,29.984153
"Forest_Tent_Caterpillar",-82.476271,29.407273
"Forest_Tent_Caterpillar",-81.582,30.235137
"Forest_Tent_Caterpillar",-82.441638,28.907982
"Forest_Tent_Caterpillar",-82.759658,29.968895
"Forest_Tent_Caterpillar",-82.371963,29.654975
"Forest_Tent_Caterpillar",-82.303716,29.608608
"Forest_Tent_Caterpillar",-82.303853,29.608845
"Forest_Tent_Caterpillar",-82.76287,29.984095
"Forest_Tent_Caterpillar",-82.302219,29.670122
"Forest_Tent_Caterpillar",-82.370025,29.65557
"Forest_Tent_Caterpillar",-82.385095,28.114022
"Forest_Tent_Caterpillar",-84.3264,30.462187
"Forest_Tent_Caterpillar",-82.407872,29.613229
"Forest_Tent_Caterpillar",-82.759672,29.969212
"Forest_Tent_Caterpillar",-82.303738,29.453564
"Forest_Tent_Caterpillar",-82.624542,29.540262
"Forest_Tent_Caterpillar",-82.762712,29.984722
"Forest_Tent_Caterpillar",-82.65073,27.725201
"Forest_Tent_Caterpillar",-82.038722,28.991751
"Forest_Tent_Caterpillar",-82.248494,29.475365
"Forest_Tent_Caterpillar",-90.907601,30.418648
"Forest_Tent_Caterpillar",-82.406219,28.927893
"Forest_Tent_Caterpillar",-124.09408,40.85709
"Forest_Tent_Caterpillar",-81.234313,28.663012
"Forest_Tent_Caterpillar",-82.363037,29.643745
"Forest_Tent_Caterpillar",-82.759688,29.968897
"Forest_Tent_Caterpillar",-83.234848,30.143602
"Forest_Tent_Caterpillar",-82.335148,28.643594
"Forest_Tent_Caterpillar",-82.75972,29.968862
"Forest_Tent_Caterpillar",-79.224099,45.320047
"Forest_Tent_Caterpillar",-82.254578,28.095853
"Forest_Tent_Caterpillar",-81.864679,27.994865
"Forest_Tent_Caterpillar",-81.860451,29.174046
"Forest_Tent_Caterpillar",-82.762847,29.984138
"Forest_Tent_Caterpillar",-82.36395,29.589003
"Forest_Tent_Caterpillar",-82.75982,29.968863
"Forest_Tent_Caterpillar",-82.762863,29.98408
"Forest_Tent_Caterpillar",-82.762903,29.984103
"Forest_Tent_Caterpillar",-72.011848,45.324492
"Forest_Tent_Caterpillar",-81.362537,28.139695
"Forest_Tent_Caterpillar",-82.834561,30.392352
"Forest_Tent_Caterpillar",-81.380117,27.972205
"Forest_Tent_Caterpillar",-82.301006,29.674078
"Forest_Tent_Caterpillar",-82.317527,29.638458
"Forest_Tent_Caterpillar",-97.170325,49.803735
"Forest_Tent_Caterpillar",-78.047723,44.622672
"Forest_Tent_Caterpillar",-82.667463,27.837931
"Forest_Tent_Caterpillar",-67.001509,44.85282
"Forest_Tent_Caterpillar",-97.927641,29.559287
"Forest_Tent_Caterpillar",-82.41102,29.748892
"Forest_Tent_Caterpillar",-82.282806,29.502796
"Forest_Tent_Caterpillar",-97.640196,30.41564
"Forest_Tent_Caterpillar",-82.772135,27.910719
"Forest_Tent_Caterpillar",-85.901346,30.436967
"Forest_Tent_Caterpillar",-82.410972,29.74897
"Forest_Tent_Caterpillar",-82.66947,27.840163
"Forest_Tent_Caterpillar",-81.880363,27.99522
"Forest_Tent_Caterpillar",-81.591725,30.846194
"Forest_Tent_Caterpillar",-81.142075,27.921438
"Forest_Tent_Caterpillar",-81.570703,30.632375
"Forest_Tent_Caterpillar",-81.326791,28.324876
"Forest_Tent_Caterpillar",-82.411033,29.748928
"Forest_Tent_Caterpillar",-82.765082,27.932629
"Forest_Tent_Caterpillar",-97.654155,30.387716
"Forest_Tent_Caterpillar",-82.650818,27.725126
"Forest_Tent_Caterpillar",-111.804969,41.707604
"Forest_Tent_Caterpillar",-123.631441,40.939812
"Forest_Tent_Caterpillar",-124.093102,40.863768
"Forest_Tent_Caterpillar",-82.667463,27.837931
"Forest_Tent_Caterpillar",-90.192262,44.661762
"Forest_Tent_Caterpillar",-95.358606,34.966301
"Forest_Tent_Caterpillar",-70.010681,41.756295
"Forest_Tent_Caterpillar",-124.093302,40.861368
"Forest_Tent_Caterpillar",-124.152604,40.568731
"Forest_Tent_Caterpillar",-98.024107,29.483156
"Forest_Tent_Caterpillar",-100.331138,48.985413
"Forest_Tent_Caterpillar",-124.089408,40.862167
"Forest_Tent_Caterpillar",-92.705105,30.386933
"Forest_Tent_Caterpillar",-96.466195,46.86338
"Forest_Tent_Caterpillar",-92.019345,44.149639
"Forest_Tent_Caterpillar",-81.74035,30.195541
"Forest_Tent_Caterpillar",-91.711502,46.590824
"Forest_Tent_Caterpillar",-82.667463,27.837931
"Forest_Tent_Caterpillar",-91.225853,46.195212
"Forest_Tent_Caterpillar",-124.089537,40.784227
"Forest_Tent_Caterpillar",-96.760348,32.863646
"Forest_Tent_Caterpillar",-92.019345,44.149639
"Forest_Tent_Caterpillar",-71.196683,42.346597
"Forest_Tent_Caterpillar",-83.746116,33.945431
"Forest_Tent_Caterpillar",-78.134634,34.282589
"Forest_Tent_Caterpillar",-82.531542,28.378461
"Forest_Tent_Caterpillar",-69.507514,46.018525
"Forest_Tent_Caterpillar",-109.35367,38.091531
"Forest_Tent_Caterpillar",-88.52533,47.104514
"Forest_Tent_Caterpillar",-82.349335,34.393117
"Forest_Tent_Caterpillar",-95.248702,32.637681
"Forest_Tent_Caterpillar",-73.575986,45.503945
"Forest_Tent_Caterpillar",-82.093728,29.102786
"Forest_Tent_Caterpillar",-68.52307,48.436388
"Forest_Tent_Caterpillar",-89.144717,45.435145
"Forest_Tent_Caterpillar",-74.799483,44.156628
"Forest_Tent_Caterpillar",-87.120056,45.073567
"Forest_Tent_Caterpillar",-91.787027,47.932233
"Forest_Tent_Caterpillar",-60.050636,46.03994
"Forest_Tent_Caterpillar",-89.686666,44.930356
"Forest_Tent_Caterpillar",-98.124453,29.703002
"Forest_Tent_Caterpillar",-85.270368,43.61265
"Forest_Tent_Caterpillar",-74.798692,44.157556
"Forest_Tent_Caterpillar",-103.010844,42.712275
"Forest_Tent_Caterpillar",-79.748267,44.441813
"Forest_Tent_Caterpillar",-85.80188,46.202313
"Forest_Tent_Caterpillar",-73.179413,44.596294
"Forest_Tent_Caterpillar",-73.176268,44.491449
"Forest_Tent_Caterpillar",-74.798758,44.157986
"Forest_Tent_Caterpillar",-73.232438,44.374845
"Forest_Tent_Caterpillar",-73.109843,44.41092
"Forest_Tent_Caterpillar",-73.194029,44.482943
"Forest_Tent_Caterpillar",-91.157842,30.416969
"Forest_Tent_Caterpillar",-122.806824,49.231339
"Forest_Tent_Caterpillar",-73.179413,44.596294
"Forest_Tent_Caterpillar",-73.179689,44.596467
"Forest_Tent_Caterpillar",-73.179508,44.596304
"Forest_Tent_Caterpillar",-122.56722,37.977001
"Forest_Tent_Caterpillar",-73.239586,44.627811
"Forest_Tent_Caterpillar",-116.094208,49.079811
"Forest_Tent_Caterpillar",-73.179413,44.596294
"Forest_Tent_Caterpillar",-73.179413,44.596294
"Forest_Tent_Caterpillar",-73.179413,44.596294
"Forest_Tent_Caterpillar",-73.143062,44.547962
"Forest_Tent_Caterpillar",-78.168731,44.258848
"Forest_Tent_Caterpillar",-73.179413,44.596294
"Forest_Tent_Caterpillar",-73.179413,44.596294
"Forest_Tent_Caterpillar",-73.179413,44.596294
"Forest_Tent_Caterpillar",-73.179413,44.596294
"Forest_Tent_Caterpillar",-78.168731,44.258848
"Forest_Tent_Caterpillar",-123.374029,48.465869
"Forest_Tent_Caterpillar",-73.126558,44.491885
"Forest_Tent_Caterpillar",-123.374041,48.465962
"Forest_Tent_Caterpillar",-73.197761,44.480081
"Forest_Tent_Caterpillar",-123.374215,48.46459
"Forest_Tent_Caterpillar",-75.407836,43.050361
"Forest_Tent_Caterpillar",-73.126558,44.491885
"Forest_Tent_Caterpillar",-123.374095,48.464611
"Forest_Tent_Caterpillar",-73.126558,44.491885
"Forest_Tent_Caterpillar",-73.126554,44.491882
"Forest_Tent_Caterpillar",-71.765882,42.157346
"Forest_Tent_Caterpillar",-64.597731,48.37921
"Forest_Tent_Caterpillar",-81.8885,31.60548
"Forest_Tent_Caterpillar",-73.126554,44.491882
"Forest_Tent_Caterpillar",-73.126558,44.491885
"Forest_Tent_Caterpillar",-123.378021,48.494799
"Forest_Tent_Caterpillar",-123.374264,48.465678
"Forest_Tent_Caterpillar",-123.376926,48.462627
"Forest_Tent_Caterpillar",-78.168731,44.258848
"Forest_Tent_Caterpillar",-73.126558,44.491885
"Forest_Tent_Caterpillar",-73.126558,44.491885
"Forest_Tent_Caterpillar",-73.126558,44.491885
"Forest_Tent_Caterpillar",-73.126558,44.491885
"Forest_Tent_Caterpillar",-73.126558,44.491885
"Forest_Tent_Caterpillar",-123.374617,48.466175
"Forest_Tent_Caterpillar",-123.374564,48.464658
"Forest_Tent_Caterpillar",-123.376683,48.462916
"Forest_Tent_Caterpillar",-73.143828,44.500956
"Forest_Tent_Caterpillar",-73.126558,44.491885
"Forest_Tent_Caterpillar",-73.126558,44.491885
"Forest_Tent_Caterpillar",-123.373798,48.464549
"Forest_Tent_Caterpillar",-73.126558,44.491885
"Forest_Tent_Caterpillar",-123.376592,48.463204
"Forest_Tent_Caterpillar",-73.71852,43.856323
"Forest_Tent_Caterpillar",-73.126558,44.491885
"Forest_Tent_Caterpillar",-123.376315,48.463375
"Forest_Tent_Caterpillar",-72.574648,44.269059
"Forest_Tent_Caterpillar",-78.168731,44.258848
"Forest_Tent_Caterpillar",-123.37452,48.46462
"Forest_Tent_Caterpillar",-73.126554,44.491882
"Forest_Tent_Caterpillar",-73.126558,44.491885
"Forest_Tent_Caterpillar",-123.374617,48.466175
"Forest_Tent_Caterpillar",-73.126558,44.491885
"Forest_Tent_Caterpillar",-73.126558,44.491885
"Forest_Tent_Caterpillar",-73.126558,44.491885
"Forest_Tent_Caterpillar",-73.126558,44.491885
"Forest_Tent_Caterpillar",-73.179413,44.596294
"Forest_Tent_Caterpillar",-73.126558,44.491885
"Forest_Tent_Caterpillar",-73.126558,44.491885
"Forest_Tent_Caterpillar",-81.897031,31.610981
"Forest_Tent_Caterpillar",-78.168731,44.258848
"Forest_Tent_Caterpillar",-65.670971,47.747413
"Forest_Tent_Caterpillar",-74.055601,42.362412
"Forest_Tent_Caterpillar",-78.992879,39.674134
"Forest_Tent_Caterpillar",-78.992879,39.674134
"Forest_Tent_Caterpillar",-78.992901,39.674163
"Forest_Tent_Caterpillar",-78.4823,35.7879
"Forest_Tent_Caterpillar",-64.597731,48.37921
"Forest_Tent_Caterpillar",-123.372903,48.463531
"Forest_Tent_Caterpillar",-122.665189,49.175098
"Forest_Tent_Caterpillar",-116.094222,49.0798
"Forest_Tent_Caterpillar",-96.547263,28.954576
"Forest_Tent_Caterpillar",-68.012613,48.667485
"Forest_Tent_Caterpillar",-92.278192,30.803363
"Forest_Tent_Caterpillar",-73.534294,40.837848
"Forest_Tent_Caterpillar",-64.597746,48.379223
"Forest_Tent_Caterpillar",-79.881993,45.663041
"Forest_Tent_Caterpillar",-93.703921,36.25745
"Forest_Tent_Caterpillar",-84.268999,30.240976
"Forest_Tent_Caterpillar",-79.003178,48.360709
"Forest_Tent_Caterpillar",-80.881183,33.519485
"Forest_Tent_Caterpillar",-68.520246,46.068019
"Forest_Tent_Caterpillar",-80.969214,34.058285
"Forest_Tent_Caterpillar",-72.545335,46.305585
"Forest_Tent_Caterpillar",-73.670872,41.283007
"Forest_Tent_Caterpillar",-79.003188,48.361178
"Forest_Tent_Caterpillar",-75.459796,38.194649
"Forest_Tent_Caterpillar",-95.513939,30.219619
"Forest_Tent_Caterpillar",-79.00349,48.36066
"Forest_Tent_Caterpillar",-88.02101,44.635805
"Forest_Tent_Caterpillar",-84.268999,30.240976
"Forest_Tent_Caterpillar",-91.757789,47.946173
"Forest_Tent_Caterpillar",-70.946931,42.986261
"Forest_Tent_Caterpillar",-124.099962,40.804117
"Forest_Tent_Caterpillar",-81.40211,46.012373
"Forest_Tent_Caterpillar",-114.197661,51.036071
"Forest_Tent_Caterpillar",-80.88114,33.519521
"Forest_Tent_Caterpillar",-93.181663,44.98662
"Forest_Tent_Caterpillar",-95.845065,36.323567
"Forest_Tent_Caterpillar",-75.832763,41.965063
"Forest_Tent_Caterpillar",-124.087569,40.902488
"Forest_Tent_Caterpillar",-114.031212,46.925579
"Forest_Tent_Caterpillar",-64.59774,48.379262
"Forest_Tent_Caterpillar",-72.602825,46.396748
"Forest_Tent_Caterpillar",-73.102766,44.606733
"Forest_Tent_Caterpillar",-93.448978,45.152408
"Forest_Tent_Caterpillar",-86.697784,33.555143
"Forest_Tent_Caterpillar",-81.19635,48.48478
"Forest_Tent_Caterpillar",-81.399669,46.013379
"Forest_Tent_Caterpillar",-68.326674,47.369013
"Forest_Tent_Caterpillar",-73.824992,40.616721
"Forest_Tent_Caterpillar",-64.597731,48.37921
"Forest_Tent_Caterpillar",-103.836552,49.672576
"Forest_Tent_Caterpillar",-73.59473,41.248244
"Forest_Tent_Caterpillar",-102.413315,52.753235
"Forest_Tent_Caterpillar",-80.969266,34.058052
"Forest_Tent_Caterpillar",-93.891509,46.376907
"Forest_Tent_Caterpillar",-76.249511,44.892831
"Forest_Tent_Caterpillar",-86.690296,33.700684
"Forest_Tent_Caterpillar",-80.881111,33.519537
"Forest_Tent_Caterpillar",-78.131559,44.620419
"Forest_Tent_Caterpillar",-83.36257,46.327581
"Forest_Tent_Caterpillar",-76.440072,42.398408
"Forest_Tent_Caterpillar",-79.998274,44.846719
"Forest_Tent_Caterpillar",-80.21289,45.353376
"Forest_Tent_Caterpillar",-72.257933,41.983907
"Forest_Tent_Caterpillar",-68.012605,48.667516
"Forest_Tent_Caterpillar",-89.28135,48.469127
"Forest_Tent_Caterpillar",-79.966,44.860816
"Forest_Tent_Caterpillar",-84.24391,30.231044
"Forest_Tent_Caterpillar",-80.858031,33.489316
"Forest_Tent_Caterpillar",-79.123572,48.179802
"Forest_Tent_Caterpillar",-96.892422,29.840335
"Forest_Tent_Caterpillar",-122.592749,48.830452
"Forest_Tent_Caterpillar",-77.31246,44.47796
"Forest_Tent_Caterpillar",-87.648187,33.494567
"Forest_Tent_Caterpillar",-114.899814,52.230594
"Forest_Tent_Caterpillar",-93.703921,36.25745
"Forest_Tent_Caterpillar",-68.012613,48.667485
"Forest_Tent_Caterpillar",-71.535,46.718109
"Forest_Tent_Caterpillar",-68.958151,44.331325
"Forest_Tent_Caterpillar",-80.881163,33.519499
"Forest_Tent_Caterpillar",-122.650649,49.347369
"Forest_Tent_Caterpillar",-81.401058,46.013153
"Forest_Tent_Caterpillar",-89.9518,43.342965
"Forest_Tent_Caterpillar",-80.242594,48.186519
"Forest_Tent_Caterpillar",-80.881081,33.519559
"Forest_Tent_Caterpillar",-68.409336,46.130201
"Forest_Tent_Caterpillar",-69.057267,45.083167
"Forest_Tent_Caterpillar",-86.546042,46.455504
"Forest_Tent_Caterpillar",-123.149267,49.759242
"Forest_Tent_Caterpillar",-64.715444,48.350042
"Forest_Tent_Caterpillar",-71.454552,46.736028
"Forest_Tent_Caterpillar",-80.018933,44.838958
"Forest_Tent_Caterpillar",-73.718512,43.856312
"Forest_Tent_Caterpillar",-73.718516,43.856318
"Forest_Tent_Caterpillar",-104.970162,38.039298
"Forest_Tent_Caterpillar",-96.882497,29.906976
"Forest_Tent_Caterpillar",-96.994561,29.965993
"Forest_Tent_Caterpillar",-81.402039,46.012313
"Forest_Tent_Caterpillar",-96.86754,29.805465
"Forest_Tent_Caterpillar",-123.127342,49.730431
"Forest_Tent_Caterpillar",-73.065308,44.402217
"Forest_Tent_Caterpillar",-79.753901,44.89249
"Forest_Tent_Caterpillar",-79.753631,44.892403
"Forest_Tent_Caterpillar",-78.457733,45.57698
"Forest_Tent_Caterpillar",-79.998344,44.846154
"Forest_Tent_Caterpillar",-75.556419,45.408079
"Forest_Tent_Caterpillar",-79.983383,44.843293
"Forest_Tent_Caterpillar",-111.571,54.421
"Forest_Tent_Caterpillar",-82.302,49.644
"Forest_Tent_Caterpillar",-79.728,46.668
"Forest_Tent_Caterpillar",-76.45,44.82
"Forest_Tent_Caterpillar",-82.542,46.339
"Forest_Tent_Caterpillar",-84.042,46.192
"Forest_Tent_Caterpillar",-111.571,54.421
"Forest_Tent_Caterpillar",-77.747,44.887
"Forest_Tent_Caterpillar",-79.726,46.93
"Forest_Tent_Caterpillar",-83.913,49.731
"Forest_Tent_Caterpillar",-76.45,44.82
"Forest_Tent_Caterpillar",-81.678,46.302
"Forest_Tent_Caterpillar",-76.45,44.82
"Forest_Tent_Caterpillar",-81.899,45.879
"Forest_Tent_Caterpillar",-79.81,47.333
"Forest_Tent_Caterpillar",-74.8,45.7
"Forest_Tent_Caterpillar",-82.542,46.339
"Forest_Tent_Caterpillar",-111.571,54.421
"Forest_Tent_Caterpillar",-111.571,54.421
"Forest_Tent_Caterpillar",-84.042,46.192
"Forest_Tent_Caterpillar",-79.2,48.5
"Forest_Tent_Caterpillar",-81.401,46.011
"Forest_Tent_Caterpillar",-81.678,46.302
"Forest_Tent_Caterpillar",-79.726,46.93
"Forest_Tent_Caterpillar",-84.189,49.814
"Forest_Tent_Caterpillar",-77.747,44.887
"Forest_Tent_Caterpillar",-79.728,46.668
"Forest_Tent_Caterpillar",-76.45,44.82
"Forest_Tent_Caterpillar",-79.76,45.166
"Forest_Tent_Caterpillar",-79.726,46.93
"Forest_Tent_Caterpillar",-81.678,46.302
"Forest_Tent_Caterpillar",-83.913,49.731
"Forest_Tent_Caterpillar",-80.044,45.378
"Forest_Tent_Caterpillar",-83.913,49.731
"Forest_Tent_Caterpillar",-76.45,44.82
"Forest_Tent_Caterpillar",-82.542,46.339
"Forest_Tent_Caterpillar",-84.042,46.192
"Forest_Tent_Caterpillar",-74.8,45.7
"Forest_Tent_Caterpillar",-81.401,46.011
"Forest_Tent_Caterpillar",-84.042,46.192
"Forest_Tent_Caterpillar",-79.726,46.93
"Forest_Tent_Caterpillar",-79.81,47.333
"Forest_Tent_Caterpillar",-83.437,46.538
"Forest_Tent_Caterpillar",-76.45,44.82
"Forest_Tent_Caterpillar",-111.571,54.421
"Forest_Tent_Caterpillar",-78.428,44.588
"Forest_Tent_Caterpillar",-84.042,46.192
"Forest_Tent_Caterpillar",-81.678,46.302
"Forest_Tent_Caterpillar",-111.571,54.421
"Forest_Tent_Caterpillar",-79.76,45.166
"Forest_Tent_Caterpillar",-79.76,45.166
"Forest_Tent_Caterpillar",-79.726,46.93
"Forest_Tent_Caterpillar",-79.81,47.333
"Forest_Tent_Caterpillar",-80.226187,49.835879
"Forest_Tent_Caterpillar",-78.79623,44.59911
"Forest_Tent_Caterpillar",-79.079603,39.543485
"Forest_Tent_Caterpillar",-70.01263,47.656687
"Forest_Tent_Caterpillar",-74.403646,49.746365
"Forest_Tent_Caterpillar",-71.490996,46.8551
"Forest_Tent_Caterpillar",-78.79623,44.59911
"Forest_Tent_Caterpillar",-78.79623,44.59911
"Forest_Tent_Caterpillar",-79.123105,46.24755
"Forest_Tent_Caterpillar",-60.050731,46.039861
"Forest_Tent_Caterpillar",-78.79623,44.59911
"Forest_Tent_Caterpillar",-77.925929,33.962758
"Forest_Tent_Caterpillar",-79.604365,45.125128
"Forest_Tent_Caterpillar",-78.79623,44.59911
"Forest_Tent_Caterpillar",-79.232454,39.362782
"Forest_Tent_Caterpillar",-78.867492,36.074684
"Forest_Tent_Caterpillar",-79.224099,45.320047
"Forest_Tent_Caterpillar",-73.494334,45.694634
"Forest_Tent_Caterpillar",-128.553772,53.44862
"Forest_Tent_Caterpillar",-73.224895,41.831519
"Forest_Tent_Caterpillar",-81.849617,43.250512
"Forest_Tent_Caterpillar",-78.79623,44.59911
"Forest_Tent_Caterpillar",-129.308118,56.087286
"Forest_Tent_Caterpillar",-71.9113,41.804547
"Forest_Tent_Caterpillar",-129.308487,56.087082
"Forest_Tent_Caterpillar",-76.692083,44.472308
"Forest_Tent_Caterpillar",-91.244667,47.385746
"Forest_Tent_Caterpillar",-85.13315,46.332619
"Forest_Tent_Caterpillar",-94.575555,34.428885
"Forest_Tent_Caterpillar",-76.337236,36.633082
"Forest_Tent_Caterpillar",-81.072394,46.373188
"Forest_Tent_Caterpillar",-71.823822,43.077468
"Forest_Tent_Caterpillar",-85.337963,42.528313
"Forest_Tent_Caterpillar",-79.224099,45.320047
"Forest_Tent_Caterpillar",-75.502743,37.94828
"Forest_Tent_Caterpillar",-92.052215,46.730712
"Forest_Tent_Caterpillar",-129.30809,56.087257
"Forest_Tent_Caterpillar",-76.238986,44.779745
"Forest_Tent_Caterpillar",-80.250794,43.780664
"Forest_Tent_Caterpillar",-79.008955,48.381377
"Forest_Tent_Caterpillar",-80.103114,44.469795
"Forest_Tent_Caterpillar",-129.308456,56.087128
"Forest_Tent_Caterpillar",-65.306678,44.438806
"Forest_Tent_Caterpillar",-91.880675,46.923072
"Forest_Tent_Caterpillar",-69.949464,47.365211
"Forest_Tent_Caterpillar",-122.661491,50.560757
"Forest_Tent_Caterpillar",-74.153,41.754
"Forest_Tent_Caterpillar",-74.153,41.754
"Forest_Tent_Caterpillar",-74.153,41.754
"Forest_Tent_Caterpillar",-74.153,41.754
"Forest_Tent_Caterpillar",-74.153,41.754
"Forest_Tent_Caterpillar",-74.153,41.754
"Forest_Tent_Caterpillar",-74.153,41.754
"Forest_Tent_Caterpillar",-74.153,41.754
"Forest_Tent_Caterpillar",-74.153,41.754
"Forest_Tent_Caterpillar",-74.153,41.754
"Forest_Tent_Caterpillar",-74.153,41.754
"Forest_Tent_Caterpillar",-74.153,41.754
"Forest_Tent_Caterpillar",-74.153,41.754
"Forest_Tent_Caterpillar",-74.153,41.754
"Forest_Tent_Caterpillar",-74.153,41.754
"Forest_Tent_Caterpillar",-74.153,41.754
"Forest_Tent_Caterpillar",-74.153,41.754
"Forest_Tent_Caterpillar",-74.153,41.754
"Forest_Tent_Caterpillar",-74.153,41.754
"Forest_Tent_Caterpillar",-74.153,41.754
"Forest_Tent_Caterpillar",-74.153,41.754
"Forest_Tent_Caterpillar",-74.153,41.754
"Forest_Tent_Caterpillar",-74.153,41.754
"Forest_Tent_Caterpillar",-74.153,41.754
"Forest_Tent_Caterpillar",-74.153,41.754
"Forest_Tent_Caterpillar",-74.153,41.754
"Forest_Tent_Caterpillar",-74.153,41.754
"Forest_Tent_Caterpillar",-74.153,41.754
"Forest_Tent_Caterpillar",-74.153,41.754
"Forest_Tent_Caterpillar",-74.153,41.754
"Forest_Tent_Caterpillar",-74.153,41.754
"Forest_Tent_Caterpillar",-74.153,41.754
"Forest_Tent_Caterpillar",-74.153,41.754
"Forest_Tent_Caterpillar",-74.153,41.754
"Forest_Tent_Caterpillar",-74.153,41.754
"Forest_Tent_Caterpillar",-74.153,41.754
"Forest_Tent_Caterpillar",-74.153,41.754
"Forest_Tent_Caterpillar",-85.410495,30.451828
"Forest_Tent_Caterpillar",-123.40328,48.47012
"Forest_Tent_Caterpillar",-71.454552,46.736028
"Forest_Tent_Caterpillar",-122.962272,38.502975
"Forest_Tent_Caterpillar",-76.478713,42.413647
"Forest_Tent_Caterpillar",-121.692545,50.83313
"Forest_Tent_Caterpillar",-121.692648,50.83328
"Forest_Tent_Caterpillar",-86.149141,30.898092
"Forest_Tent_Caterpillar",-83.345878,33.911695
"Forest_Tent_Caterpillar",-71.454552,46.736028
"Forest_Tent_Caterpillar",-72.506881,48.687504
"Forest_Tent_Caterpillar",-75.68198,45.420536
"Forest_Tent_Caterpillar",-71.454552,46.736028
"Forest_Tent_Caterpillar",-90.27083,38.569243
"Forest_Tent_Caterpillar",-71.479902,43.765921
"Forest_Tent_Caterpillar",-76.589158,42.407903
"Forest_Tent_Caterpillar",-121.692778,50.833135
"Forest_Tent_Caterpillar",-72.096546,43.508635
"Forest_Tent_Caterpillar",-76.096019,44.902956
"Forest_Tent_Caterpillar",-78.640665,45.549723
"Forest_Tent_Caterpillar",-122.679774,54.475106
"Forest_Tent_Caterpillar",-122.679774,54.475106
"Forest_Tent_Caterpillar",-122.679774,54.475106
"Forest_Tent_Caterpillar",-76.096106,44.902766
"Forest_Tent_Caterpillar",-121.69334,50.833746
"Forest_Tent_Caterpillar",-95.26323,30.212395
"Forest_Tent_Caterpillar",-122.679774,54.475106
"Forest_Tent_Caterpillar",-95.451508,29.698988
"Forest_Tent_Caterpillar",-121.000587,56.306473
"Forest_Tent_Caterpillar",-67.348688,46.417152
"Forest_Tent_Caterpillar",-76.531914,36.719192
"Forest_Tent_Caterpillar",-93.57402,32.9505
"Forest_Tent_Caterpillar",-64.881263,44.376678
"Forest_Tent_Caterpillar",-73.473511,41.701572
"Forest_Tent_Caterpillar",-122.940331,54.906754
"Forest_Tent_Caterpillar",-124.094906,40.858704
"Forest_Tent_Caterpillar",-121.69334,50.833746
"Forest_Tent_Caterpillar",-76.095957,44.90288
"Forest_Tent_Caterpillar",-94.389918,29.571946
"Forest_Tent_Caterpillar",-76.543725,36.644833
"Forest_Tent_Caterpillar",-76.723319,37.235681
"Forest_Tent_Caterpillar",-95.45227,29.700328
"Forest_Tent_Caterpillar",-95.452025,29.700188
"Forest_Tent_Caterpillar",-95.45202,29.700438
"Forest_Tent_Caterpillar",-96.542778,28.958611
"Forest_Tent_Caterpillar",-85.682559,44.040288
"Forest_Tent_Caterpillar",-85.682559,44.040288
"Forest_Tent_Caterpillar",-85.682559,44.040288
"Forest_Tent_Caterpillar",-85.682559,44.040288
"Forest_Tent_Caterpillar",-77.846407,46.194387
"Forest_Tent_Caterpillar",-78.850528,48.849933
"Forest_Tent_Caterpillar",-79.472363,44.483116
"Forest_Tent_Caterpillar",-121.692703,50.833058
"Forest_Tent_Caterpillar",-71.454552,46.736028
"Forest_Tent_Caterpillar",-72.461349,44.340791
"Forest_Tent_Caterpillar",-92.523498,47.094252
"Forest_Tent_Caterpillar",-69.395091,48.334648
"Forest_Tent_Caterpillar",-79.008955,48.381377
"Forest_Tent_Caterpillar",-71.454552,46.736028
"Forest_Tent_Caterpillar",-66.917492,47.420526
"Forest_Tent_Caterpillar",-79.12353,46.247321
"Forest_Tent_Caterpillar",-78.79623,44.59911
"Forest_Tent_Caterpillar",-95.218816,29.732614
"Forest_Tent_Caterpillar",-75.86953,45.118431
"Forest_Tent_Caterpillar",-63.601883,44.630258
"Forest_Tent_Caterpillar",-95.627218,29.370627
"Forest_Tent_Caterpillar",-79.557897,45.118426
"Forest_Tent_Caterpillar",-63.55513,44.70203
"Forest_Tent_Caterpillar",-79.008955,48.381377
"Forest_Tent_Caterpillar",-79.836237,43.993981
"Forest_Tent_Caterpillar",-122.66238,50.565168
"Forest_Tent_Caterpillar",-122.029228,46.062622
"Forest_Tent_Caterpillar",-72.568192,44.267006
"Forest_Tent_Caterpillar",-79.008955,48.381377
"Forest_Tent_Caterpillar",-79.353829,43.964894
"Forest_Tent_Caterpillar",-63.165848,45.412725
"Forest_Tent_Caterpillar",-79.008955,48.381377
"Forest_Tent_Caterpillar",-122.958625,47.066157
"Forest_Tent_Caterpillar",-79.008955,48.381377
"Forest_Tent_Caterpillar",-79.008955,48.381377
"Forest_Tent_Caterpillar",-73.718498,43.856312
"Forest_Tent_Caterpillar",-79.008955,48.381377
"Forest_Tent_Caterpillar",-71.454552,46.736028
"Forest_Tent_Caterpillar",-63.529915,44.667756
"Forest_Tent_Caterpillar",-77.31324,44.47752
"Forest_Tent_Caterpillar",-120.0738,49.132039
"Forest_Tent_Caterpillar",-79.203242,43.9525
"Forest_Tent_Caterpillar",-63.559335,44.699201
"Forest_Tent_Caterpillar",-80.50457,42.80257
"Forest_Tent_Caterpillar",-95.632666,29.370111
"Forest_Tent_Caterpillar",-79.883331,46.089834
"Forest_Tent_Caterpillar",-63.550122,44.694632
"Forest_Tent_Caterpillar",-102.3172,49.815475
"Forest_Tent_Caterpillar",-95.099785,29.580612
"Forest_Tent_Caterpillar",-60.268878,46.068439
"Forest_Tent_Caterpillar",-63.557322,44.700382
"Forest_Tent_Caterpillar",-79.911842,43.400587
"Forest_Tent_Caterpillar",-79.008955,48.381377
"Forest_Tent_Caterpillar",-80.912934,34.152833
"Forest_Tent_Caterpillar",-80.079855,32.97487
"Forest_Tent_Caterpillar",-78.887028,33.837699
"Forest_Tent_Caterpillar",-77.83564,48.123178
"Forest_Tent_Caterpillar",-78.012977,42.4596
"Forest_Tent_Caterpillar",-72.240304,42.301772
"Forest_Tent_Caterpillar",-78.881082,42.067687
"Forest_Tent_Caterpillar",-64.882788,47.760047
"Forest_Tent_Caterpillar",-77.86348,48.141883
"Forest_Tent_Caterpillar",-69.395072,48.334693
"Forest_Tent_Caterpillar",-68.183088,44.338695
"Forest_Tent_Caterpillar",-68.607904,44.410828
"Forest_Tent_Caterpillar",-90.775665,44.614716
"Forest_Tent_Caterpillar",-72.259308,42.247417
"Forest_Tent_Caterpillar",-75.715726,41.564479
"Forest_Tent_Caterpillar",-78.590395,33.881338
"Forest_Tent_Caterpillar",-80.313845,32.49086
"Forest_Tent_Caterpillar",-81.949997,35
"Forest_Tent_Caterpillar",-78.640681,45.549958
"Forest_Tent_Caterpillar",-80.82283,33.829675
"Forest_Tent_Caterpillar",-80.858105,33.489262
"Forest_Tent_Caterpillar",-80.880927,33.519527
"Forest_Tent_Caterpillar",-77.835589,48.12321
"Forest_Tent_Caterpillar",-68.004598,46.609735
"Forest_Tent_Caterpillar",-80.939544,34.042513
"Forest_Tent_Caterpillar",-80.969217,34.057947
"Forest_Tent_Caterpillar",-77.835608,48.123153
"Forest_Tent_Caterpillar",-73.796373,45.609034
"Forest_Tent_Caterpillar",-94.299028,35.346196
"Forest_Tent_Caterpillar",-94.02892,46.849752
"Forest_Tent_Caterpillar",-95.65,29.682
"Forest_Tent_Caterpillar",-80.36,43.37
"Forest_Tent_Caterpillar",-118.21,51.02
"Forest_Tent_Caterpillar",-122.2,52.58
"Forest_Tent_Caterpillar",-77,44.53
"Forest_Tent_Caterpillar",-122.2,52.58
"Forest_Tent_Caterpillar",-66.63,45.92
"Forest_Tent_Caterpillar",-117.92,51.09
"Forest_Tent_Caterpillar",-77,44.53
"Forest_Tent_Caterpillar",-118.21,51.02
"Forest_Tent_Caterpillar",-66.18,46
"Forest_Tent_Caterpillar",-80.35,43.37
"Forest_Tent_Caterpillar",-117.47,51.41
"Forest_Tent_Caterpillar",-122.29,51.92
"Forest_Tent_Caterpillar",-118.21,51.02
"Forest_Tent_Caterpillar",-66.63,45.92
"Forest_Tent_Caterpillar",-77,44.53
"Forest_Tent_Caterpillar",-66.63,45.92
"Forest_Tent_Caterpillar",-113.82,49.11
"Forest_Tent_Caterpillar",-106.08,53.85
"Forest_Tent_Caterpillar",-113.88,49.08
"Forest_Tent_Caterpillar",-113.88,49.08
"Forest_Tent_Caterpillar",-113.84,49.11
"Forest_Tent_Caterpillar",-106.08,53.85
"Forest_Tent_Caterpillar",-106.08,53.85
"Forest_Tent_Caterpillar",-106.08,53.85
"Forest_Tent_Caterpillar",-113.88,49.08
"Forest_Tent_Caterpillar",-113.91,49.05
"Forest_Tent_Caterpillar",-113.88,49.08
"Forest_Tent_Caterpillar",-113.88,49.08
"Forest_Tent_Caterpillar",-113.88,49.08
"Forest_Tent_Caterpillar",-113.88,49.08
"Forest_Tent_Caterpillar",-106.08,53.85
"Forest_Tent_Caterpillar",-118.16,50.99
"Forest_Tent_Caterpillar",-118.16,50.99
"Forest_Tent_Caterpillar",-77,44.53
"Forest_Tent_Caterpillar",-67.07,45.08
"Forest_Tent_Caterpillar",-67.07,45.08
"Forest_Tent_Caterpillar",-67.07,45.08
"Forest_Tent_Caterpillar",-77,44.53
"Forest_Tent_Caterpillar",-67.07,45.08
"Forest_Tent_Caterpillar",-80.14,43.54
"Forest_Tent_Caterpillar",-77,44.53
"Forest_Tent_Caterpillar",-67.07,45.08
"Forest_Tent_Caterpillar",-80.14,43.54
"Forest_Tent_Caterpillar",-80.14,43.54
"Forest_Tent_Caterpillar",-60.61,46.83
"Forest_Tent_Caterpillar",-77,44.53
"Forest_Tent_Caterpillar",-77,44.53
"Forest_Tent_Caterpillar",-77,44.53
"Forest_Tent_Caterpillar",-80.14,43.54
"Forest_Tent_Caterpillar",-80.14,43.54
"Forest_Tent_Caterpillar",-80.14,43.54
"Forest_Tent_Caterpillar",-122.4,51.97
"Forest_Tent_Caterpillar",-80.35,43.37
"Forest_Tent_Caterpillar",-118.21,51.02
"Forest_Tent_Caterpillar",-122.4,51.95
"Forest_Tent_Caterpillar",-122.2,52.58
"Forest_Tent_Caterpillar",-77,44.53
"Forest_Tent_Caterpillar",-80.36,43.37
"Forest_Tent_Caterpillar",-80.36,43.37
"Forest_Tent_Caterpillar",-80.36,43.37
"Forest_Tent_Caterpillar",-66.63,45.92
"Forest_Tent_Caterpillar",-122.2,52.58
"Forest_Tent_Caterpillar",-77,44.53
"Forest_Tent_Caterpillar",-66.18,46
"Forest_Tent_Caterpillar",-80.36,43.37
"Forest_Tent_Caterpillar",-80.36,43.37
"Forest_Tent_Caterpillar",-66.63,45.92
"Forest_Tent_Caterpillar",-106.08,53.85
"Forest_Tent_Caterpillar",-113.88,49.08
"Forest_Tent_Caterpillar",-113.88,49.08
"Forest_Tent_Caterpillar",-113.88,49.08
"Forest_Tent_Caterpillar",-113.88,49.08
"Forest_Tent_Caterpillar",-113.88,49.08
"Forest_Tent_Caterpillar",-113.91,49.05
"Forest_Tent_Caterpillar",-106.08,53.85
"Forest_Tent_Caterpillar",-113.88,49.08
"Forest_Tent_Caterpillar",-113.88,49.08
"Forest_Tent_Caterpillar",-113.88,49.08
"Forest_Tent_Caterpillar",-113.88,49.08
"Forest_Tent_Caterpillar",-113.84,49.11
"Forest_Tent_Caterpillar",-106.08,53.85
"Forest_Tent_Caterpillar",-106.08,53.85
"Forest_Tent_Caterpillar",-106.08,53.85
"Forest_Tent_Caterpillar",-106.08,53.85
"Forest_Tent_Caterpillar",-106.08,53.85
"Forest_Tent_Caterpillar",-99.9,50.68
"Forest_Tent_Caterpillar",-116.06,50.63
"Forest_Tent_Caterpillar",-118.16,50.99
"Forest_Tent_Caterpillar",-60.77,46.81
"Forest_Tent_Caterpillar",-60.77,46.81
"Forest_Tent_Caterpillar",-77,44.53
"Forest_Tent_Caterpillar",-77,44.53
"Forest_Tent_Caterpillar",-60.77,46.81
"Forest_Tent_Caterpillar",-80.14,43.54
"Forest_Tent_Caterpillar",-77,44.53
"Forest_Tent_Caterpillar",-80.14,43.54
"Forest_Tent_Caterpillar",-80.14,43.54
"Forest_Tent_Caterpillar",-80.14,43.54
"Forest_Tent_Caterpillar",-78.723203,42.146669
"Forest_Tent_Caterpillar",-82.400252,34.187177
"Forest_Tent_Caterpillar",-81.464203,44.416875
"Forest_Tent_Caterpillar",-64.254647,48.807903
"Forest_Tent_Caterpillar",-72.357072,41.885178
"Forest_Tent_Caterpillar",-69.947607,47.78134
"Forest_Tent_Caterpillar",-78.708253,45.535101
"Forest_Tent_Caterpillar",-73.033679,42.87298
"Forest_Tent_Caterpillar",-75.46041,38.262021
"Forest_Tent_Caterpillar",-68.511089,48.452126
"Forest_Tent_Caterpillar",-79.454769,44.862589
"Forest_Tent_Caterpillar",-76.393408,45.494068
"Forest_Tent_Caterpillar",-97.911096,30.387843
"Forest_Tent_Caterpillar",-79.710193,44.813015
"Forest_Tent_Caterpillar",-72.097895,46.588949
"Forest_Tent_Caterpillar",-79.003153,48.36075
"Forest_Tent_Caterpillar",-81.64025,49.287147
"Forest_Tent_Caterpillar",-69.575124,44.243899
"Forest_Tent_Caterpillar",-71.373476,43.998229
"Forest_Tent_Caterpillar",-79.998184,44.846842
"Forest_Tent_Caterpillar",-79.998184,44.846842
"Forest_Tent_Caterpillar",-72.366609,43.81153
"Forest_Tent_Caterpillar",-60.050819,46.039961
"Forest_Tent_Caterpillar",-96.916024,29.819692
"Forest_Tent_Caterpillar",-69.395413,48.334313
"Forest_Tent_Caterpillar",-128.698853,54.029808
"Forest_Tent_Caterpillar",-97.024302,33.276152
"Forest_Tent_Caterpillar",-79.084053,45.758413
"Forest_Tent_Caterpillar",-69.395401,48.334371
"Forest_Tent_Caterpillar",-95.149439,29.568633
"Forest_Tent_Caterpillar",-96.953801,29.910516
"Forest_Tent_Caterpillar",-60.050858,46.039819
"Forest_Tent_Caterpillar",-96.922964,29.967373
"Forest_Tent_Caterpillar",-65.648672,45.76509
"Forest_Tent_Caterpillar",-60.45907,45.966458
"Forest_Tent_Caterpillar",-60.459103,45.966438
"Forest_Tent_Caterpillar",-86.891331,48.769485
"Forest_Tent_Caterpillar",-62.699711,46.310741
"Forest_Tent_Caterpillar",-60.785295,45.95668
"Forest_Tent_Caterpillar",-96.956435,29.896049
"Forest_Tent_Caterpillar",-82.23121,29.486953
"Forest_Tent_Caterpillar",-60.459147,45.966463
"Forest_Tent_Caterpillar",-62.699696,46.310856
"Forest_Tent_Caterpillar",-78.060942,44.917622
"Forest_Tent_Caterpillar",-60.050633,46.039817
"Forest_Tent_Caterpillar",-68.01264,48.667492
"Forest_Tent_Caterpillar",-65.306678,44.438806
"Forest_Tent_Caterpillar",-76.373069,42.390889
"Forest_Tent_Caterpillar",-92.090367,46.773553
"Forest_Tent_Caterpillar",-69.395027,48.334798
"Forest_Tent_Caterpillar",-75.342362,38.102536
"Forest_Tent_Caterpillar",-81.401398,46.014618
"Forest_Tent_Caterpillar",-95.390618,29.538113
"Forest_Tent_Caterpillar",-123.70553,49.443195
"Forest_Tent_Caterpillar",-79.205722,46.836652
"Forest_Tent_Caterpillar",-65.834914,46.946359
"Forest_Tent_Caterpillar",-69.395435,48.334363
"Forest_Tent_Caterpillar",-78.640754,45.549799
"Forest_Tent_Caterpillar",-75.342362,38.102536
"Forest_Tent_Caterpillar",-78.2747,44.972806
"Forest_Tent_Caterpillar",-87.413103,46.533049
"Forest_Tent_Caterpillar",-75.342362,38.102536
"Forest_Tent_Caterpillar",-69.395433,48.334249
"Forest_Tent_Caterpillar",-82.400252,34.187177
"Forest_Tent_Caterpillar",-60.314801,46.20825
"Forest_Tent_Caterpillar",-76.10904,39.545628
"Forest_Tent_Caterpillar",-70.410931,47.569066
"Forest_Tent_Caterpillar",-81.464103,44.416767
"Forest_Tent_Caterpillar",-60.050636,46.03994
"Forest_Tent_Caterpillar",-65.306678,44.438806
"Forest_Tent_Caterpillar",-89.678528,45.838847
"Forest_Tent_Caterpillar",-113.665289,46.670929
"Forest_Tent_Caterpillar",-64.269811,45.91571
"Forest_Tent_Caterpillar",-124.078888,40.866779
"Forest_Tent_Caterpillar",-64.312147,45.902616
"Forest_Tent_Caterpillar",-64.366357,45.950695
"Forest_Tent_Caterpillar",-79.528153,44.027139
"Forest_Tent_Caterpillar",-60.050731,46.039861
"Forest_Tent_Caterpillar",-97.678896,30.508255
"Forest_Tent_Caterpillar",-96.895347,29.925595
"Forest_Tent_Caterpillar",-59.941208,46.008374
"Forest_Tent_Caterpillar",-66.173677,47.966791
"Forest_Tent_Caterpillar",-63.570804,44.638247
"Forest_Tent_Caterpillar",-79.205683,46.836601
"Forest_Tent_Caterpillar",-69.395209,48.334495
"Forest_Tent_Caterpillar",-80.362652,43.360371
"Forest_Tent_Caterpillar",-69.395612,48.334136
"Forest_Tent_Caterpillar",-99.672195,29.829084
"Forest_Tent_Caterpillar",-79.45475,44.862807
"Forest_Tent_Caterpillar",-60.050775,46.039889
"Forest_Tent_Caterpillar",-91.244632,47.385732
"Forest_Tent_Caterpillar",-77.846414,46.194362
"Forest_Tent_Caterpillar",-69.395231,48.334498
"Forest_Tent_Caterpillar",-72.581173,44.299483
"Forest_Tent_Caterpillar",-69.395252,48.334441
"Forest_Tent_Caterpillar",-79.233228,39.36231
"Forest_Tent_Caterpillar",-79.807617,46.725328
"Forest_Tent_Caterpillar",-60.050719,46.039928
"Forest_Tent_Caterpillar",-92.727044,47.146119
"Forest_Tent_Caterpillar",-81.401398,46.014618
"Forest_Tent_Caterpillar",-92.089982,46.77372
"Forest_Tent_Caterpillar",-60.050719,46.039928
"Forest_Tent_Caterpillar",-79.194929,46.83635
"Forest_Tent_Caterpillar",-77.352272,42.460722
"Forest_Tent_Caterpillar",-80.367238,43.302197
"Forest_Tent_Caterpillar",-69.395081,48.334662
"Forest_Tent_Caterpillar",-78.134581,33.955028
"Forest_Tent_Caterpillar",-60.050714,46.039797
"Forest_Tent_Caterpillar",-119.049553,49.045556
"Forest_Tent_Caterpillar",-79.528122,44.027131
"Forest_Tent_Caterpillar",-94.500362,49.771919
"Forest_Tent_Caterpillar",-76.374547,42.388995
"Forest_Tent_Caterpillar",-69.395059,48.334669
"Forest_Tent_Caterpillar",-80.367292,43.30229
"Forest_Tent_Caterpillar",-99.28,51.729
"Forest_Tent_Caterpillar",-72.468333,42.52699
"Forest_Tent_Caterpillar",-60.050667,46.039833
"Forest_Tent_Caterpillar",-78.640381,45.550558
"Forest_Tent_Caterpillar",-79.7106,44.393668
"Forest_Tent_Caterpillar",-60.105278,46.035278
"Forest_Tent_Caterpillar",-74.84024,45.580048
"Forest_Tent_Caterpillar",-59.94119,46.00838
"Forest_Tent_Caterpillar",-117.813486,50.671999
"Forest_Tent_Caterpillar",-80.367255,43.302374
"Forest_Tent_Caterpillar",-60.31483,46.208269
"Forest_Tent_Caterpillar",-117.186008,48.393769
"Forest_Tent_Caterpillar",-79.454653,44.862861
"Forest_Tent_Caterpillar",-59.941238,46.00834
"Forest_Tent_Caterpillar",-72.525577,43.132285
"Forest_Tent_Caterpillar",-60.050667,46.039833
"Forest_Tent_Caterpillar",-78.24808,44.339617
"Forest_Tent_Caterpillar",-78.012965,42.459657
"Forest_Tent_Caterpillar",-76.523942,36.610323
"Forest_Tent_Caterpillar",-65.405106,44.773132
"Forest_Tent_Caterpillar",-60.050694,46.039811
"Forest_Tent_Caterpillar",-76.373055,42.390922
"Forest_Tent_Caterpillar",-81.455921,44.413129
"Forest_Tent_Caterpillar",-60.0497,46.039306
"Forest_Tent_Caterpillar",-73.173142,43.274239
"Forest_Tent_Caterpillar",-60.050762,46.039823
"Forest_Tent_Caterpillar",-97.681007,30.31528
"Forest_Tent_Caterpillar",-60.314832,46.208304
"Forest_Tent_Caterpillar",-72.46142,44.34085
"Forest_Tent_Caterpillar",-79.123134,46.247554
"Forest_Tent_Caterpillar",-77.835594,48.123181
"Forest_Tent_Caterpillar",-71.226306,46.908994
"Forest_Tent_Caterpillar",-84.170235,42.443976
"Forest_Tent_Caterpillar",-72.461391,44.340814
"Forest_Tent_Caterpillar",-79.195122,47.346917
"Forest_Tent_Caterpillar",-92.727069,47.146093
"Forest_Tent_Caterpillar",-87.413671,46.533389
"Forest_Tent_Caterpillar",-123.376778,48.463
"Forest_Tent_Caterpillar",-64.173844,48.623686
"Forest_Tent_Caterpillar",-76.37307,42.39093
"Forest_Tent_Caterpillar",-79.304147,45.037042
"Forest_Tent_Caterpillar",-119.049553,49.045556
"Forest_Tent_Caterpillar",-79.195122,47.346917
"Forest_Tent_Caterpillar",-79.363535,46.086016
"Forest_Tent_Caterpillar",-95.218306,29.489959
"Forest_Tent_Caterpillar",-72.691047,42.593017
"Forest_Tent_Caterpillar",-84.701807,49.456756
"Forest_Tent_Caterpillar",-77.835595,48.123189
"Forest_Tent_Caterpillar",-64.983962,47.521138
"Forest_Tent_Caterpillar",-72.46144,44.340825
"Forest_Tent_Caterpillar",-79.441222,47.324801
"Forest_Tent_Caterpillar",-77.818762,44.551627
"Forest_Tent_Caterpillar",-77.846414,46.194362
"Forest_Tent_Caterpillar",-72.418107,42.289576
"Forest_Tent_Caterpillar",-85.930051,30.721576
"Forest_Tent_Caterpillar",-91.554916,49.466553
"Forest_Tent_Caterpillar",-92.05728,46.87219
"Forest_Tent_Caterpillar",-77.846414,46.194362
"Forest_Tent_Caterpillar",-73.351862,43.713506
"Forest_Tent_Caterpillar",-84.138814,42.437677
"Forest_Tent_Caterpillar",-80.366552,43.302858
"Forest_Tent_Caterpillar",-85.929753,30.721619
"Forest_Tent_Caterpillar",-62.699703,46.31068
"Forest_Tent_Caterpillar",-72.691055,42.592997
"Forest_Tent_Caterpillar",-62.699703,46.310745
"Forest_Tent_Caterpillar",-75.455096,45.508245
"Forest_Tent_Caterpillar",-77.835598,48.123163
"Forest_Tent_Caterpillar",-79.710539,44.393787
"Forest_Tent_Caterpillar",-97.1139,49.8979
"Forest_Tent_Caterpillar",-79.429447,47.298031
"Forest_Tent_Caterpillar",-84.734699,33.513602
"Forest_Tent_Caterpillar",-83.047946,32.508345
"Forest_Tent_Caterpillar",-120.766511,56.276678
"Forest_Tent_Caterpillar",-72.366609,43.81153
"Forest_Tent_Caterpillar",-71.242155,46.856817
"Forest_Tent_Caterpillar",-84.879617,45.945998
"Forest_Tent_Caterpillar",-76.697403,44.517483
"Forest_Tent_Caterpillar",-76.430659,44.856387
"Forest_Tent_Caterpillar",-122.470414,49.13195
"Forest_Tent_Caterpillar",-84.687888,46.975052
"Forest_Tent_Caterpillar",-82.86017,47.502788
"Forest_Tent_Caterpillar",-81.583443,45.098845
"Forest_Tent_Caterpillar",-79.164812,44.15496
"Forest_Tent_Caterpillar",-80.009851,44.829256
"Forest_Tent_Caterpillar",-70.87461,46.937425
"Forest_Tent_Caterpillar",-79.608956,45.110424
"Forest_Tent_Caterpillar",-78.952615,47.331269
"Forest_Tent_Caterpillar",-77.835596,48.123208
"Forest_Tent_Caterpillar",-73.494892,45.694933
"Forest_Tent_Caterpillar",-78.873352,46.291519
"Forest_Tent_Caterpillar",-93.770823,48.639159
"Forest_Tent_Caterpillar",-78.952615,47.331269
"Forest_Tent_Caterpillar",-83.537741,31.167036
"Forest_Tent_Caterpillar",-123.630226,44.614001
"Forest_Tent_Caterpillar",-88.65152,48.836553
"Forest_Tent_Caterpillar",-83.537726,31.167112
"Forest_Tent_Caterpillar",-80.039226,44.727485
"Forest_Tent_Caterpillar",-104.408915,50.5732
"Forest_Tent_Caterpillar",-78.2747,44.972806
"Forest_Tent_Caterpillar",-73.559984,46.16273
"Forest_Tent_Caterpillar",-91.554345,49.466655
"Forest_Tent_Caterpillar",-81.165353,33.163678
"Forest_Tent_Caterpillar",-91.554293,49.466682
"Forest_Tent_Caterpillar",-77.83559,48.123206
"Forest_Tent_Caterpillar",-62.699577,46.310642
"Forest_Tent_Caterpillar",-89.239705,48.433797
"Forest_Tent_Caterpillar",-77.835606,48.123164
"Forest_Tent_Caterpillar",-62.699654,46.310692
"Forest_Tent_Caterpillar",-91.55448,49.466693
"Forest_Tent_Caterpillar",-91.55437,49.466752
"Forest_Tent_Caterpillar",-77.835603,48.123162
"Forest_Tent_Caterpillar",-91.554453,49.46671
"Forest_Tent_Caterpillar",-71.25425,48.244355
"Forest_Tent_Caterpillar",-79.807647,46.725322
"Forest_Tent_Caterpillar",-78.952597,47.331238
"Forest_Tent_Caterpillar",-62.699669,46.31078
"Forest_Tent_Caterpillar",-80.0029,32.674425
"Forest_Tent_Caterpillar",-71.380477,46.677218
"Forest_Tent_Caterpillar",-91.554458,49.466737
"Forest_Tent_Caterpillar",-77.835608,48.123203
"Forest_Tent_Caterpillar",-113.493823,53.546125
"Forest_Tent_Caterpillar",-91.55435,49.466672
"Forest_Tent_Caterpillar",-96.717517,42.600242
"Forest_Tent_Caterpillar",-89.168137,48.484417
"Forest_Tent_Caterpillar",-80.008744,45.380683
"Forest_Tent_Caterpillar",-91.554357,49.46669
"Forest_Tent_Caterpillar",-73.913607,46.609325
"Forest_Tent_Caterpillar",-77.179623,44.139613
"Forest_Tent_Caterpillar",-66.881306,45.951458
"Forest_Tent_Caterpillar",-96.916873,29.996474
"Forest_Tent_Caterpillar",-91.554916,49.466553
"Forest_Tent_Caterpillar",-95.392833,36.436987
"Forest_Tent_Caterpillar",-81.0298,49.00148
"Forest_Tent_Caterpillar",-83.534597,31.173234
"Forest_Tent_Caterpillar",-73.559982,46.162721
"Forest_Tent_Caterpillar",-81.268889,48.494105
"Forest_Tent_Caterpillar",-78.952463,47.331217
"Forest_Tent_Caterpillar",-78.168731,44.258848
"Forest_Tent_Caterpillar",-80.039229,44.727482
"Forest_Tent_Caterpillar",-78.800209,44.538643
"Forest_Tent_Caterpillar",-65.622922,45.620325
"Forest_Tent_Caterpillar",-76.43387,44.434081
"Forest_Tent_Caterpillar",-89.314873,48.472988
"Forest_Tent_Caterpillar",-79.701091,46.001563
"Forest_Tent_Caterpillar",-93.781059,48.769917
"Forest_Tent_Caterpillar",-122.915778,48.694108
"Forest_Tent_Caterpillar",-79.441237,47.324885
"Forest_Tent_Caterpillar",-77.289155,44.43705
"Forest_Tent_Caterpillar",-80.985172,46.495583
"Forest_Tent_Caterpillar",-78.640748,45.549985
"Forest_Tent_Caterpillar",-123.891137,49.163539
"Forest_Tent_Caterpillar",-95.633789,29.823691
"Forest_Tent_Caterpillar",-123.705755,49.441647
"Forest_Tent_Caterpillar",-89.542512,48.141347
"Forest_Tent_Caterpillar",-119.8292,49.283437
"Forest_Tent_Caterpillar",-93.90087,49.045659
"Forest_Tent_Caterpillar",-80.805671,43.385959
"Forest_Tent_Caterpillar",-80.541515,43.440334
"Forest_Tent_Caterpillar",-78.657715,37.407228
"Forest_Tent_Caterpillar",-89.409112,48.563788
"Forest_Tent_Caterpillar",-73.086665,44.065144
"Forest_Tent_Caterpillar",-69.952943,47.757832
"Forest_Tent_Caterpillar",-76.393408,45.494068
"Forest_Tent_Caterpillar",-77.461757,44.149881
"Forest_Tent_Caterpillar",-77.233393,44.693647
"Forest_Tent_Caterpillar",-81.399972,46.012969
"Forest_Tent_Caterpillar",-75.878931,45.593705
"Forest_Tent_Caterpillar",-122.322177,47.106805
"Forest_Tent_Caterpillar",-76.393408,45.494068
"Forest_Tent_Caterpillar",-77.31189,44.47591
"Forest_Tent_Caterpillar",-124.08973,40.879038
"Forest_Tent_Caterpillar",-92.865016,47.497116
"Forest_Tent_Caterpillar",-124.085156,40.87755
"Forest_Tent_Caterpillar",-79.195492,46.836262
"Forest_Tent_Caterpillar",-79.195237,46.836342
"Forest_Tent_Caterpillar",-76.393408,45.494068
"Forest_Tent_Caterpillar",-68.516796,48.435396
"Forest_Tent_Caterpillar",-106.87403,40.583894
"Forest_Tent_Caterpillar",-72.691078,42.592963
"Forest_Tent_Caterpillar",-69.976807,44.74302
"Forest_Tent_Caterpillar",-81.52869,45.111846
"Forest_Tent_Caterpillar",-90.645513,43.751378
"Forest_Tent_Caterpillar",-79.195195,46.83635
"Forest_Tent_Caterpillar",-77.31322,44.47752
"Forest_Tent_Caterpillar",-79.195237,46.836342
"Forest_Tent_Caterpillar",-73.494935,45.694694
"Forest_Tent_Caterpillar",-124.255302,40.571836
"Forest_Tent_Caterpillar",-79.194912,46.836354
"Forest_Tent_Caterpillar",-79.304145,45.037044
"Forest_Tent_Caterpillar",-79.304152,45.037042
"Forest_Tent_Caterpillar",-76.530056,42.497846
"Forest_Tent_Caterpillar",-81.402747,45.1899
"Forest_Tent_Caterpillar",-89.230196,48.430581
"Forest_Tent_Caterpillar",-80.994572,46.406475
"Forest_Tent_Caterpillar",-79.194912,46.836354
"Forest_Tent_Caterpillar",-91.93048,30.101257
"Forest_Tent_Caterpillar",-79.194998,46.83634
"Forest_Tent_Caterpillar",-70.874938,44.3479
"Forest_Tent_Caterpillar",-79.429392,47.298008
"Forest_Tent_Caterpillar",-79.195492,46.836262
"Forest_Tent_Caterpillar",-81.0356,46.613272
"Forest_Tent_Caterpillar",-79.557903,45.118433
"Forest_Tent_Caterpillar",-117.281022,49.521105
"Forest_Tent_Caterpillar",-86.542572,46.473567
"Forest_Tent_Caterpillar",-65.021829,46.032001
"Forest_Tent_Caterpillar",-79.194665,46.835359
"Forest_Tent_Caterpillar",-77.31379,44.47722
"Forest_Tent_Caterpillar",-68.3833,48.547367
"Forest_Tent_Caterpillar",-81.775848,42.63171
"Forest_Tent_Caterpillar",-60.400792,46.652613
"Forest_Tent_Caterpillar",-72.155288,45.267255
"Forest_Tent_Caterpillar",-77.233393,44.693647
"Forest_Tent_Caterpillar",-123.206537,44.699928
"Forest_Tent_Caterpillar",-77.31413,44.47633
"Forest_Tent_Caterpillar",-79.304162,45.037049
"Forest_Tent_Caterpillar",-76.446076,42.52433
"Forest_Tent_Caterpillar",-79.441217,47.324786
"Forest_Tent_Caterpillar",-72.691063,42.592987
"Forest_Tent_Caterpillar",-68.795597,47.674313
"Forest_Tent_Caterpillar",-60.192597,46.132397
"Forest_Tent_Caterpillar",-87.413736,46.533396
"Forest_Tent_Caterpillar",-69.07405,45.9752
"Forest_Tent_Caterpillar",-79.194912,46.836354
"Forest_Tent_Caterpillar",-79.195237,46.836342
"Forest_Tent_Caterpillar",-60.312955,46.175818
"Forest_Tent_Caterpillar",-79.441217,47.324786
"Forest_Tent_Caterpillar",-76.441301,42.477642
"Forest_Tent_Caterpillar",-76.373003,42.390996
"Forest_Tent_Caterpillar",-92.865016,47.497116
"Forest_Tent_Caterpillar",-73.351862,43.713506
"Forest_Tent_Caterpillar",-72.690995,42.593013
"Forest_Tent_Caterpillar",-72.691055,42.592983
"Forest_Tent_Caterpillar",-72.691038,42.59298
"Forest_Tent_Caterpillar",-72.962422,44.477124
"Forest_Tent_Caterpillar",-123.206672,44.699895
"Forest_Tent_Caterpillar",-122.856641,46.551819
"Forest_Tent_Caterpillar",-79.441217,47.324786
"Forest_Tent_Caterpillar",-94.291541,30.344571
"Forest_Tent_Caterpillar",-71.380369,46.677124
"Forest_Tent_Caterpillar",-79.886724,43.841482
"Forest_Tent_Caterpillar",-81.072542,46.37325
"Forest_Tent_Caterpillar",-79.195195,46.83635
"Forest_Tent_Caterpillar",-94.71173,30.718214
"Forest_Tent_Caterpillar",-79.195237,46.836342
"Forest_Tent_Caterpillar",-108.533448,45.741737
"Forest_Tent_Caterpillar",-124.281016,42.075519
"Forest_Tent_Caterpillar",-123.36075,49.396875
"Forest_Tent_Caterpillar",-73.585466,41.774695
"Forest_Tent_Caterpillar",-123.704928,49.441278
"Forest_Tent_Caterpillar",-123.021667,48.529013
"Forest_Tent_Caterpillar",-123.409858,48.686612
"Forest_Tent_Caterpillar",-123.347394,49.385356
"Forest_Tent_Caterpillar",-92.045692,32.601442
"Forest_Tent_Caterpillar",-80.008385,43.235697
"Forest_Tent_Caterpillar",-79.415275,40.852763
"Forest_Tent_Caterpillar",-72.690987,42.593138
"Forest_Tent_Caterpillar",-69.69825,43.93193
"Forest_Tent_Caterpillar",-79.12858,45.70536
"Forest_Tent_Caterpillar",-71.61682,42.6042
"Forest_Tent_Caterpillar",-69.879722,47.267439
"Forest_Tent_Caterpillar",-75.206267,45.164475
"Forest_Tent_Caterpillar",-92.045692,32.601442
"Forest_Tent_Caterpillar",-80.250916,43.530615
"Forest_Tent_Caterpillar",-73.14613,44.70555
"Forest_Tent_Caterpillar",-77.277636,42.600383
"Forest_Tent_Caterpillar",-80.103122,44.469688
"Forest_Tent_Caterpillar",-76.69728,44.517625
"Forest_Tent_Caterpillar",-71.213557,46.834741
"Forest_Tent_Caterpillar",-74.773597,45.14795
"Forest_Tent_Caterpillar",-75.863067,45.363005
"Forest_Tent_Caterpillar",-91.245018,47.386549
"Forest_Tent_Caterpillar",-91.455975,47.656313
"Forest_Tent_Caterpillar",-69.875984,47.264103
"Forest_Tent_Caterpillar",-73.146105,44.705669
"Forest_Tent_Caterpillar",-73.979871,44.279489
"Forest_Tent_Caterpillar",-80.506571,43.512846
"Forest_Tent_Caterpillar",-73.195686,45.138036
"Forest_Tent_Caterpillar",-93.868308,46.405258
"Forest_Tent_Caterpillar",-81.43363,44.421408
"Forest_Tent_Caterpillar",-123.41047,48.686128
"Forest_Tent_Caterpillar",-95.601607,28.919345
"Forest_Tent_Caterpillar",-91.685778,45.956475
"Forest_Tent_Caterpillar",-73.299927,41.830696
"Forest_Tent_Caterpillar",-124.094882,41.00043
"Forest_Tent_Caterpillar",-96.767547,32.793725
"Forest_Tent_Caterpillar",-123.352805,48.430333
"Forest_Tent_Caterpillar",-73.067154,44.826675
"Forest_Tent_Caterpillar",-76.758202,42.443508
"Forest_Tent_Caterpillar",-123.406002,48.63651
"Forest_Tent_Caterpillar",-96.767363,32.793853
"Forest_Tent_Caterpillar",-85.12925,42.9356
"Forest_Tent_Caterpillar",-63.46587,46.463048
"Forest_Tent_Caterpillar",-93.49717,46.148128
"Forest_Tent_Caterpillar",-71.2734,46.77758
"Forest_Tent_Caterpillar",-91.971993,47.87942
"Forest_Tent_Caterpillar",-112.015747,41.710687
"Forest_Tent_Caterpillar",-95.366121,34.025913
"Forest_Tent_Caterpillar",-76.599039,42.439912
"Forest_Tent_Caterpillar",-79.889703,44.743837
"Forest_Tent_Caterpillar",-73.195471,45.137976
"Forest_Tent_Caterpillar",-91.238374,45.928458
"Forest_Tent_Caterpillar",-81.260683,42.998361
"Forest_Tent_Caterpillar",-123.501042,48.537795
"Forest_Tent_Caterpillar",-122.957015,48.68576
"Forest_Tent_Caterpillar",-87.133278,46.363472
"Forest_Tent_Caterpillar",-72.218482,42.56768
"Forest_Tent_Caterpillar",-96.323132,36.637858
"Forest_Tent_Caterpillar",-76.373034,42.39088
"Forest_Tent_Caterpillar",-113.906326,46.815266
"Forest_Tent_Caterpillar",-85.736179,36.140748
"Forest_Tent_Caterpillar",-80.034622,43.810608
"Forest_Tent_Caterpillar",-83.979469,46.334819
"Forest_Tent_Caterpillar",-74.798678,44.157858
"Forest_Tent_Caterpillar",-85.129243,42.935812
"Forest_Tent_Caterpillar",-85.129402,42.935895
"Forest_Tent_Caterpillar",-86.515403,46.515622
"Forest_Tent_Caterpillar",-84.003123,42.483954
"Forest_Tent_Caterpillar",-76.64079,39.601319
"Forest_Tent_Caterpillar",-95.366088,34.025794
"Forest_Tent_Caterpillar",-124.090984,40.876153
"Forest_Tent_Caterpillar",-69.806325,47.550613
"Forest_Tent_Caterpillar",-81.593348,45.009673
"Forest_Tent_Caterpillar",-71.410155,48.66057
"Forest_Tent_Caterpillar",-74.250428,41.76918
"Forest_Tent_Caterpillar",-89.530616,45.961978
"Forest_Tent_Caterpillar",-92.073603,30.399444
"Forest_Tent_Caterpillar",-79.44386,47.319554
"Forest_Tent_Caterpillar",-65.665629,47.65568
"Forest_Tent_Caterpillar",-91.913889,47.995281
"Forest_Tent_Caterpillar",-69.618675,45.461575
"Forest_Tent_Caterpillar",-71.277625,46.779658
"Forest_Tent_Caterpillar",-87.411636,46.444702
"Forest_Tent_Caterpillar",-72.421416,44.311128
"Forest_Tent_Caterpillar",-71.529762,43.73783
"Forest_Tent_Caterpillar",-89.626745,48.45896
"Forest_Tent_Caterpillar",-123.372262,48.465767
"Forest_Tent_Caterpillar",-89.719908,45.815675
"Forest_Tent_Caterpillar",-72.525578,43.132282
"Forest_Tent_Caterpillar",-124.082467,40.88818
"Forest_Tent_Caterpillar",-79.976805,43.636817
"Forest_Tent_Caterpillar",-76.640212,39.601999
"Forest_Tent_Caterpillar",-114.850042,45.102389
"Forest_Tent_Caterpillar",-97.241707,31.649517
"Forest_Tent_Caterpillar",-88.488564,47.037559
"Forest_Tent_Caterpillar",-92.806279,46.35762
"Forest_Tent_Caterpillar",-80.390758,43.709738
"Forest_Tent_Caterpillar",-85.129401,42.935883
"Forest_Tent_Caterpillar",-92.874815,47.495905
"Forest_Tent_Caterpillar",-69.949513,47.395582
"Forest_Tent_Caterpillar",-72.074067,41.943205
"Forest_Tent_Caterpillar",-111.507309,57.541265
"Forest_Tent_Caterpillar",-77.543585,45.615989
"Forest_Tent_Caterpillar",-63.700938,45.615118
"Forest_Tent_Caterpillar",-100.467318,42.901706
"Forest_Tent_Caterpillar",-71.496851,46.822887
"Forest_Tent_Caterpillar",-64.521382,45.069486
"Forest_Tent_Caterpillar",-71.183386,43.036196
"Forest_Tent_Caterpillar",-89.225546,48.493639
"Forest_Tent_Caterpillar",-81.298386,48.454044
"Forest_Tent_Caterpillar",-89.264864,48.42016
"Forest_Tent_Caterpillar",-69.455807,44.198006
"Forest_Tent_Caterpillar",-76.304247,42.327595
"Forest_Tent_Caterpillar",-85.12926,42.935797
"Forest_Tent_Caterpillar",-79.441247,47.324811
"Forest_Tent_Caterpillar",-90.858721,47.686546
"Forest_Tent_Caterpillar",-94.735907,47.020061
"Forest_Tent_Caterpillar",-84.171315,42.57791
"Forest_Tent_Caterpillar",-71.069655,48.402875
"Forest_Tent_Caterpillar",-76.640212,39.601999
"Forest_Tent_Caterpillar",-91.494575,46.330372
"Forest_Tent_Caterpillar",-85.129344,42.935661
"Forest_Tent_Caterpillar",-78.044349,48.552459
"Forest_Tent_Caterpillar",-78.062111,41.600695
"Forest_Tent_Caterpillar",-89.603454,48.017874
"Forest_Tent_Caterpillar",-79.44386,47.319554
"Forest_Tent_Caterpillar",-92.010484,47.031475
"Forest_Tent_Caterpillar",-92.17148,46.847226
"Forest_Tent_Caterpillar",-81.008805,46.470434
"Forest_Tent_Caterpillar",-90.153053,46.457092
"Forest_Tent_Caterpillar",-63.58118,44.670833
"Forest_Tent_Caterpillar",-63.485816,44.669275
"Forest_Tent_Caterpillar",-124.08255,40.793913
"Forest_Tent_Caterpillar",-64.782061,46.104608
"Forest_Tent_Caterpillar",-78.12501,48.174467
"Forest_Tent_Caterpillar",-63.557112,44.699099
"Forest_Tent_Caterpillar",-79.411243,46.323812
"Forest_Tent_Caterpillar",-80.669,43.177138
"Forest_Tent_Caterpillar",-97.938947,49.18011
"Forest_Tent_Caterpillar",-89.537744,46.228533
"Forest_Tent_Caterpillar",-123.390915,41.778046
"Forest_Tent_Caterpillar",-78.855071,46.286241
"Forest_Tent_Caterpillar",-124.080793,40.880631
"Forest_Tent_Caterpillar",-91.681647,47.937088
"Forest_Tent_Caterpillar",-69.569962,44.15455
"Forest_Tent_Caterpillar",-92.672528,47.122874
"Forest_Tent_Caterpillar",-92.082774,47.79132
"Forest_Tent_Caterpillar",-95.678027,46.312312
"Forest_Tent_Caterpillar",-76.640212,39.601999
"Forest_Tent_Caterpillar",-123.165278,49.796667
"Forest_Tent_Caterpillar",-72.659997,43.924637
"Forest_Tent_Caterpillar",-97.225201,45.742012
"Forest_Tent_Caterpillar",-66.652178,45.911199
"Forest_Tent_Caterpillar",-95.658988,29.567582
"Forest_Tent_Caterpillar",-98.965067,47.989434
"Forest_Tent_Caterpillar",-93.570412,47.705822
"Forest_Tent_Caterpillar",-123.373072,48.463263
"Forest_Tent_Caterpillar",-63.560855,44.698966
"Forest_Tent_Caterpillar",-82.257814,34.470627
"Forest_Tent_Caterpillar",-72.421373,44.311169
"Forest_Tent_Caterpillar",-92.073603,30.399444
"Forest_Tent_Caterpillar",-95.666643,46.331995
"Forest_Tent_Caterpillar",-94.003861,30.1311
"Forest_Tent_Caterpillar",-87.795197,45.180092
"Forest_Tent_Caterpillar",-97.85223,30.448417
"Forest_Tent_Caterpillar",-63.560855,44.698966
"Forest_Tent_Caterpillar",-103.384554,43.765841
"Forest_Tent_Caterpillar",-89.214902,46.711089
"Forest_Tent_Caterpillar",-73.24029,42.311054
"Forest_Tent_Caterpillar",-63.560431,44.690223
"Forest_Tent_Caterpillar",-72.961166,45.654879
"Forest_Tent_Caterpillar",-75.849075,40.250012
"Forest_Tent_Caterpillar",-89.785483,45.31152
"Forest_Tent_Caterpillar",-124.046483,40.83304
"Forest_Tent_Caterpillar",-92.134407,46.713009
"Forest_Tent_Caterpillar",-113.296804,53.506834
"Forest_Tent_Caterpillar",-67.473514,46.888797
"Forest_Tent_Caterpillar",-97.225404,45.741987
"Forest_Tent_Caterpillar",-94.305405,46.611347
"Forest_Tent_Caterpillar",-75.090566,44.577099
"Forest_Tent_Caterpillar",-76.510483,45.415305
"Forest_Tent_Caterpillar",-80.242756,48.186443
"Forest_Tent_Caterpillar",-64.333504,45.022562
"Forest_Tent_Caterpillar",-68.580596,44.413531
"Forest_Tent_Caterpillar",-78.336751,44.011738
"Forest_Tent_Caterpillar",-78.073722,40.372966
"Forest_Tent_Caterpillar",-123.082422,49.250124
"Forest_Tent_Caterpillar",-78.842742,42.041358
"Forest_Tent_Caterpillar",-78.336751,44.011738
"Forest_Tent_Caterpillar",-79.954648,43.445135
"Forest_Tent_Caterpillar",-87.994967,49.548956
"Forest_Tent_Caterpillar",-95.29088,32.478114
"Forest_Tent_Caterpillar",-69.25295,44.506166
"Forest_Tent_Caterpillar",-123.365131,48.444457
"Forest_Tent_Caterpillar",-71.213636,46.837282
"Forest_Tent_Caterpillar",-75.977985,36.852926
"Forest_Tent_Caterpillar",-124.09169,40.86187
"Forest_Tent_Caterpillar",-97.03228,47.930882
"Forest_Tent_Caterpillar",-72.668633,44.343738
"Forest_Tent_Caterpillar",-82.56685,29.723563
"Forest_Tent_Caterpillar",-76.640212,39.601999
"Forest_Tent_Caterpillar",-60.187778,46.167847
"Forest_Tent_Caterpillar",-89.638717,46.82286
"Forest_Tent_Caterpillar",-83.232247,34.87762
"Forest_Tent_Caterpillar",-93.858688,36.205662
"Forest_Tent_Caterpillar",-122.984153,50.506358
"Forest_Tent_Caterpillar",-73.23738,44.493933
"Forest_Tent_Caterpillar",-93.272913,44.959276
"Forest_Tent_Caterpillar",-76.640212,39.601999
"Forest_Tent_Caterpillar",-75.624658,38.38793
"Forest_Tent_Caterpillar",-89.04012,45.128439
"Forest_Tent_Caterpillar",-124.089998,40.857189
"Forest_Tent_Caterpillar",-85.736171,36.140748
"Forest_Tent_Caterpillar",-66.636749,45.961269
"Forest_Tent_Caterpillar",-77.142961,35.757193
"Forest_Tent_Caterpillar",-96.379085,54.139079
"Forest_Tent_Caterpillar",-97.227658,45.741013
"Forest_Tent_Caterpillar",-122.850455,38.403842
"Forest_Tent_Caterpillar",-80.110465,43.367247
"Forest_Tent_Caterpillar",-75.977109,45.196927
"Forest_Tent_Caterpillar",-78.196378,48.581378
"Forest_Tent_Caterpillar",-76.95383,42.102813
"Forest_Tent_Caterpillar",-73.280827,43.287005
"Forest_Tent_Caterpillar",-95.551147,29.704163
"Forest_Tent_Caterpillar",-71.380125,46.67709
"Forest_Tent_Caterpillar",-113.779526,52.279315
"Forest_Tent_Caterpillar",-76.513241,38.838248
"Forest_Tent_Caterpillar",-124.086669,40.895113
"Forest_Tent_Caterpillar",-76.640212,39.601999
"Forest_Tent_Caterpillar",-87.412801,37.111912
"Forest_Tent_Caterpillar",-113.525322,53.453678
"Forest_Tent_Caterpillar",-89.618163,44.945417
"Forest_Tent_Caterpillar",-82.301995,35.012581
"Forest_Tent_Caterpillar",-97.333889,45.427191
"Forest_Tent_Caterpillar",-89.361532,48.375039
"Forest_Tent_Caterpillar",-78.071043,40.385298
"Forest_Tent_Caterpillar",-95.717347,29.414367
"Forest_Tent_Caterpillar",-63.376344,45.138774
"Forest_Tent_Caterpillar",-98.964897,47.98938
"Forest_Tent_Caterpillar",-72.180783,43.812013
"Forest_Tent_Caterpillar",-80.20723,43.500205
"Forest_Tent_Caterpillar",-91.096158,30.310698
"Forest_Tent_Caterpillar",-76.329078,44.576521
"Forest_Tent_Caterpillar",-93.490157,46.144899
"Forest_Tent_Caterpillar",-112.766022,54.44063
"Forest_Tent_Caterpillar",-71.0522,48.41732
"Forest_Tent_Caterpillar",-93.231933,44.965946
"Forest_Tent_Caterpillar",-124.15522,40.758971
"Forest_Tent_Caterpillar",-120.50412,42.232681
"Forest_Tent_Caterpillar",-63.555386,44.70118
"Forest_Tent_Caterpillar",-88.026183,41.213905
"Forest_Tent_Caterpillar",-74.257611,46.011397
"Forest_Tent_Caterpillar",-90.570588,43.69716
"Forest_Tent_Caterpillar",-65.827228,45.521286
"Forest_Tent_Caterpillar",-97.360569,32.711478
"Forest_Tent_Caterpillar",-71.068986,46.89218
"Forest_Tent_Caterpillar",-114.435647,53.560568
"Forest_Tent_Caterpillar",-71.316381,46.949656
"Forest_Tent_Caterpillar",-103.384705,43.766012
"Forest_Tent_Caterpillar",-80.812141,35.024345
"Forest_Tent_Caterpillar",-90.576722,48.234333
"Forest_Tent_Caterpillar",-79.100503,45.357792
"Forest_Tent_Caterpillar",-80.506007,43.512369
"Forest_Tent_Caterpillar",-93.960558,48.917448
"Forest_Tent_Caterpillar",-78.784538,45.072788
"Forest_Tent_Caterpillar",-65.801886,46.572138
"Forest_Tent_Caterpillar",-72.180753,43.812009
"Forest_Tent_Caterpillar",-82.59503,34.105221
"Forest_Tent_Caterpillar",-96.849698,29.65557
"Forest_Tent_Caterpillar",-71.182183,44.116344
"Forest_Tent_Caterpillar",-80.993029,46.491732
"Forest_Tent_Caterpillar",-97.109185,32.723343
"Forest_Tent_Caterpillar",-94.261942,47.708009
"Forest_Tent_Caterpillar",-67.39573,46.894871
"Forest_Tent_Caterpillar",-80.629867,43.442212
"Forest_Tent_Caterpillar",-97.054721,49.857169
"Forest_Tent_Caterpillar",-84.356322,45.980275
"Forest_Tent_Caterpillar",-79.282845,44.915634
"Forest_Tent_Caterpillar",-75.732787,45.572487
"Forest_Tent_Caterpillar",-85.94188,32.877761
"Forest_Tent_Caterpillar",-86.683323,33.688991
"Forest_Tent_Caterpillar",-71.68393,43.760242
"Forest_Tent_Caterpillar",-76.046377,44.589968
"Forest_Tent_Caterpillar",-76.572899,41.0232
"Forest_Tent_Caterpillar",-82.104619,39.31296
"Forest_Tent_Caterpillar",-71.270854,46.777613
"Forest_Tent_Caterpillar",-73.267952,45.134312
"Forest_Tent_Caterpillar",-78.065878,40.382483
"Forest_Tent_Caterpillar",-70.64883,44.288311
"Forest_Tent_Caterpillar",-71.295998,46.767323
"Forest_Tent_Caterpillar",-93.2298,44.974672
"Forest_Tent_Caterpillar",-76.021194,42.085896
"Forest_Tent_Caterpillar",-96.878188,36.129192
"Forest_Tent_Caterpillar",-77.810286,37.667751
"Forest_Tent_Caterpillar",-76.230381,40.539393
"Forest_Tent_Caterpillar",-97.281692,45.438397
"Forest_Tent_Caterpillar",-65.663204,47.653027
"Forest_Tent_Caterpillar",-75.206469,38.755951
"Forest_Tent_Caterpillar",-79.948624,44.319108
"Forest_Tent_Caterpillar",-80.587857,43.492444
"Forest_Tent_Caterpillar",-72.287692,43.702315
"Forest_Tent_Caterpillar",-76.121692,36.902118
"Forest_Tent_Caterpillar",-95.336203,45.997203
"Forest_Tent_Caterpillar",-82.18082,35.850827
"Forest_Tent_Caterpillar",-92.473372,47.319755
"Forest_Tent_Caterpillar",-73.596183,41.266955
"Forest_Tent_Caterpillar",-71.2734,46.776887
"Forest_Tent_Caterpillar",-90.041542,43.15498
"Forest_Tent_Caterpillar",-96.728553,32.805667
"Forest_Tent_Caterpillar",-96.880135,49.739403
"Forest_Tent_Caterpillar",-94.368644,47.110189
"Forest_Tent_Caterpillar",-76.038189,46.154261
"Forest_Tent_Caterpillar",-91.945795,47.777797
"Forest_Tent_Caterpillar",-75.224254,45.207959
"Forest_Tent_Caterpillar",-122.657194,49.017286
"Forest_Tent_Caterpillar",-71.828628,48.6782
"Forest_Tent_Caterpillar",-76.121692,36.902118
"Forest_Tent_Caterpillar",-71.273513,46.783433
"Forest_Tent_Caterpillar",-95.366088,34.025794
"Forest_Tent_Caterpillar",-123.373409,48.465762
"Forest_Tent_Caterpillar",-65.629678,47.758818
"Forest_Tent_Caterpillar",-86.008712,34.882416
"Forest_Tent_Caterpillar",-86.532116,33.852026
"Forest_Tent_Caterpillar",-66.665808,45.963387
"Forest_Tent_Caterpillar",-79.536142,43.953792
"Forest_Tent_Caterpillar",-73.782417,41.281972
"Forest_Tent_Caterpillar",-85.945178,32.574102
"Forest_Tent_Caterpillar",-96.192276,48.074924
"Forest_Tent_Caterpillar",-80.96927,34.058074
"Forest_Tent_Caterpillar",-71.130058,42.293562
"Forest_Tent_Caterpillar",-88.497453,45.321025
"Forest_Tent_Caterpillar",-97.281547,45.438288
"Forest_Tent_Caterpillar",-91.770813,46.178147
"Forest_Tent_Caterpillar",-75.226541,45.210172
"Forest_Tent_Caterpillar",-78.449298,44.485102
"Forest_Tent_Caterpillar",-89.480904,44.583436
"Forest_Tent_Caterpillar",-72.246159,41.715446
"Forest_Tent_Caterpillar",-79.967794,43.69709
"Forest_Tent_Caterpillar",-94.244888,46.681687
"Forest_Tent_Caterpillar",-87.151634,32.9942
"Forest_Tent_Caterpillar",-123.239877,44.603659
"Forest_Tent_Caterpillar",-123.374145,48.460228
"Forest_Tent_Caterpillar",-76.692134,44.47232
"Forest_Tent_Caterpillar",-73.21567,42.569258
"Forest_Tent_Caterpillar",-80.150228,43.53545
"Forest_Tent_Caterpillar",-68.512913,48.437303
"Forest_Tent_Caterpillar",-96.659952,33.03418
"Forest_Tent_Caterpillar",-79.114453,33.907528
"Forest_Tent_Caterpillar",-87.618774,46.497395
"Forest_Tent_Caterpillar",-80.537857,40.410138
"Forest_Tent_Caterpillar",-80.378362,45.586716
"Forest_Tent_Caterpillar",-71.390907,43.982292
"Forest_Tent_Caterpillar",-93.714793,45.455674
"Forest_Tent_Caterpillar",-76.230165,40.539457
"Forest_Tent_Caterpillar",-98.248142,31.634641
"Forest_Tent_Caterpillar",-122.605652,48.793712
"Forest_Tent_Caterpillar",-93.936143,46.473527
"Forest_Tent_Caterpillar",-76.121692,36.902118
"Forest_Tent_Caterpillar",-73.40279,43.573556
"Forest_Tent_Caterpillar",-95.36567,34.025605
"Forest_Tent_Caterpillar",-96.170625,50.572272
"Forest_Tent_Caterpillar",-96.548775,32.952442
"Forest_Tent_Caterpillar",-95.752874,29.741316
"Forest_Tent_Caterpillar",-113.510487,53.523133
"Forest_Tent_Caterpillar",-86.683323,33.688991
"Forest_Tent_Caterpillar",-76.479492,37.070773
"Forest_Tent_Caterpillar",-96.983225,32.722052
"Forest_Tent_Caterpillar",-74.055047,45.442483
"Forest_Tent_Caterpillar",-68.881378,44.455442
"Forest_Tent_Caterpillar",-79.212478,34.687622
"Forest_Tent_Caterpillar",-122.952772,49.183756
"Forest_Tent_Caterpillar",-80.982765,46.520885
"Forest_Tent_Caterpillar",-85.86616,32.824456
"Forest_Tent_Caterpillar",-93.196323,46.800697
"Forest_Tent_Caterpillar",-69.0058,44.433302
"Forest_Tent_Caterpillar",-83.203587,38.739795
"Forest_Tent_Caterpillar",-71.466312,46.735995
"Forest_Tent_Caterpillar",-77.632589,44.201799
"Forest_Tent_Caterpillar",-123.378525,48.461883
"Forest_Tent_Caterpillar",-124.215653,40.67497
"Forest_Tent_Caterpillar",-97.716797,30.434703
"Forest_Tent_Caterpillar",-95.986825,46.537897
"Forest_Tent_Caterpillar",-94.552286,47.428714
"Forest_Tent_Caterpillar",-124.079457,40.885345
"Forest_Tent_Caterpillar",-113.535981,53.261399
"Forest_Tent_Caterpillar",-80.708199,43.466724
"Forest_Tent_Caterpillar",-95.686629,46.342581
"Forest_Tent_Caterpillar",-79.38207,44.850322
"Forest_Tent_Caterpillar",-93.137282,44.905745
"Forest_Tent_Caterpillar",-66.626416,45.942187
"Forest_Tent_Caterpillar",-72.410462,42.469425
"Forest_Tent_Caterpillar",-96.778951,33.884444
"Forest_Tent_Caterpillar",-124.014443,40.886879
"Forest_Tent_Caterpillar",-79.410856,44.926003
"Forest_Tent_Caterpillar",-76.007895,36.784777
"Forest_Tent_Caterpillar",-76.121692,36.902118
"Forest_Tent_Caterpillar",-95.662712,46.429692
"Forest_Tent_Caterpillar",-76.241517,36.789172
"Forest_Tent_Caterpillar",-91.582664,47.135703
"Forest_Tent_Caterpillar",-68.579688,47.255025
"Forest_Tent_Caterpillar",-72.580635,44.261822
"Forest_Tent_Caterpillar",-84.352222,46.528611
"Forest_Tent_Caterpillar",-70.92912,47.002499
"Forest_Tent_Caterpillar",-63.560246,44.699968
"Forest_Tent_Caterpillar",-89.852343,43.028776
"Forest_Tent_Caterpillar",-66.642951,45.94475
"Forest_Tent_Caterpillar",-76.345947,36.741688
"Forest_Tent_Caterpillar",-93.214659,45.993702
"Forest_Tent_Caterpillar",-91.133598,48.673546
"Forest_Tent_Caterpillar",-80.242163,43.693375
"Forest_Tent_Caterpillar",-93.636566,45.01876
"Forest_Tent_Caterpillar",-71.229996,46.807724
"Forest_Tent_Caterpillar",-66.65547,45.962749
"Forest_Tent_Caterpillar",-73.236683,44.49163
"Forest_Tent_Caterpillar",-80.881192,33.519481
"Forest_Tent_Caterpillar",-91.960438,46.033304
"Forest_Tent_Caterpillar",-76.240496,36.789603
"Forest_Tent_Caterpillar",-91.24469,47.385747
"Forest_Tent_Caterpillar",-71.237355,42.512089
"Forest_Tent_Caterpillar",-72.028786,44.717258
"Forest_Tent_Caterpillar",-87.502695,46.46123
"Forest_Tent_Caterpillar",-124.09708,40.856985
"Forest_Tent_Caterpillar",-76.374585,42.389452
"Forest_Tent_Caterpillar",-77.925935,33.962744
"Forest_Tent_Caterpillar",-91.096158,30.310698
"Forest_Tent_Caterpillar",-76.373463,42.390447
"Forest_Tent_Caterpillar",-66.610309,45.966375
"Forest_Tent_Caterpillar",-79.319646,39.522443
"Forest_Tent_Caterpillar",-79.813889,43.206389
"Forest_Tent_Caterpillar",-124.297542,40.307005
"Forest_Tent_Caterpillar",-77.068061,42.071117
"Forest_Tent_Caterpillar",-97.091828,49.958656
"Forest_Tent_Caterpillar",-82.59503,34.105221
"Forest_Tent_Caterpillar",-93.02893,48.444915
"Forest_Tent_Caterpillar",-93.899847,46.683282
"Forest_Tent_Caterpillar",-89.282619,44.448906
"Forest_Tent_Caterpillar",-79.12353,46.247321
"Forest_Tent_Caterpillar",-93.216629,44.938565
"Forest_Tent_Caterpillar",-81.180409,35.81747
"Forest_Tent_Caterpillar",-79.382169,44.850513
"Forest_Tent_Caterpillar",-78.70583,47.386184
"Forest_Tent_Caterpillar",-80.049139,44.115018
"Forest_Tent_Caterpillar",-64.435288,46.398014
"Forest_Tent_Caterpillar",-68.326674,47.369013
"Forest_Tent_Caterpillar",-75.206469,38.755951
"Forest_Tent_Caterpillar",-122.783775,38.079067
"Forest_Tent_Caterpillar",-86.683323,33.688991
"Forest_Tent_Caterpillar",-79.988265,43.646479
"Forest_Tent_Caterpillar",-92.501942,47.438895
"Forest_Tent_Caterpillar",-80.082622,35.875138
"Forest_Tent_Caterpillar",-70.542921,46.974791
"Forest_Tent_Caterpillar",-72.808018,43.874565
"Forest_Tent_Caterpillar",-76.035991,36.871121
"Forest_Tent_Caterpillar",-80.979737,46.600613
"Forest_Tent_Caterpillar",-69.618538,45.461483
"Forest_Tent_Caterpillar",-82.341867,35.958613
"Forest_Tent_Caterpillar",-70.462157,41.738741
"Forest_Tent_Caterpillar",-73.680618,45.167691
"Forest_Tent_Caterpillar",-97.109183,32.723253
"Forest_Tent_Caterpillar",-79.304157,45.036913
"Forest_Tent_Caterpillar",-78.780846,44.470757
"Forest_Tent_Caterpillar",-75.594287,45.447342
"Forest_Tent_Caterpillar",-66.749347,45.817212
"Forest_Tent_Caterpillar",-76.121692,36.902118
"Forest_Tent_Caterpillar",-88.780045,46.074375
"Forest_Tent_Caterpillar",-66.618195,45.963683
"Forest_Tent_Caterpillar",-68.978178,45.262129
"Forest_Tent_Caterpillar",-93.342923,45.374794
"Forest_Tent_Caterpillar",-79.287274,44.915401
"Forest_Tent_Caterpillar",-64.123581,44.980831
"Forest_Tent_Caterpillar",-65.64333,45.7169
"Forest_Tent_Caterpillar",-73.011314,44.611652
"Forest_Tent_Caterpillar",-77.722687,39.405955
"Forest_Tent_Caterpillar",-80.039219,44.727392
"Forest_Tent_Caterpillar",-123.863881,41.1261
"Forest_Tent_Caterpillar",-77.940857,34.092361
"Forest_Tent_Caterpillar",-124.094845,40.786698
"Forest_Tent_Caterpillar",-75.457395,38.304542
"Forest_Tent_Caterpillar",-94.372801,47.056794
"Forest_Tent_Caterpillar",-95.366121,34.025913
"Forest_Tent_Caterpillar",-73.722192,41.454178
"Forest_Tent_Caterpillar",-74.798723,44.157955
"Forest_Tent_Caterpillar",-94.60968,47.653629
"Forest_Tent_Caterpillar",-78.964417,33.781231
"Forest_Tent_Caterpillar",-95.722097,29.737485
"Forest_Tent_Caterpillar",-72.492683,42.314622
"Forest_Tent_Caterpillar",-71.014475,42.324255
"Forest_Tent_Caterpillar",-112.782781,49.671271
"Forest_Tent_Caterpillar",-77.508675,44.268087
"Forest_Tent_Caterpillar",-95.985866,46.538533
"Forest_Tent_Caterpillar",-91.096158,30.310698
"Forest_Tent_Caterpillar",-96.685674,32.857054
"Forest_Tent_Caterpillar",-96.650042,33.096121
"Forest_Tent_Caterpillar",-77.3137,44.47739
"Forest_Tent_Caterpillar",-72.196862,44.044567
"Forest_Tent_Caterpillar",-93.739271,46.127961
"Forest_Tent_Caterpillar",-71.61682,42.6042
"Forest_Tent_Caterpillar",-72.287239,41.997913
"Forest_Tent_Caterpillar",-84.576336,35.04445
"Forest_Tent_Caterpillar",-85.973153,32.684952
"Forest_Tent_Caterpillar",-91.096158,30.310698
"Forest_Tent_Caterpillar",-76.230934,36.721355
"Forest_Tent_Caterpillar",-91.342014,30.898516
"Forest_Tent_Caterpillar",-77.772793,37.566813
"Forest_Tent_Caterpillar",-80.22235,43.410325
"Forest_Tent_Caterpillar",-80.39895,43.304028
"Forest_Tent_Caterpillar",-77.094667,37.335553
"Forest_Tent_Caterpillar",-94.853806,30.103697
"Forest_Tent_Caterpillar",-83.225078,30.863348
"Forest_Tent_Caterpillar",-76.24905,36.769769
"Forest_Tent_Caterpillar",-92.082539,47.79155
"Forest_Tent_Caterpillar",-71.277633,46.779542
"Forest_Tent_Caterpillar",-79.717434,44.752493
"Forest_Tent_Caterpillar",-91.879346,47.9073
"Forest_Tent_Caterpillar",-122.784414,49.1944
"Forest_Tent_Caterpillar",-90.154061,30.019075
"Forest_Tent_Caterpillar",-92.695358,34.540577
"Forest_Tent_Caterpillar",-91.123122,42.976247
"Forest_Tent_Caterpillar",-124.08268,40.783991
"Forest_Tent_Caterpillar",-71.216025,46.845592
"Forest_Tent_Caterpillar",-85.087121,31.189894
"Forest_Tent_Caterpillar",-95.36582,34.025829
"Forest_Tent_Caterpillar",-84.247675,34.560336
"Forest_Tent_Caterpillar",-96.767175,32.793545
"Forest_Tent_Caterpillar",-87.404762,46.575172
"Forest_Tent_Caterpillar",-75.114274,45.607094
"Forest_Tent_Caterpillar",-74.053261,41.424118
"Forest_Tent_Caterpillar",-85.945227,32.574085
"Forest_Tent_Caterpillar",-85.945122,32.574038
"Forest_Tent_Caterpillar",-91.16588,30.329817
"Forest_Tent_Caterpillar",-97.282121,32.789246
"Forest_Tent_Caterpillar",-79.308085,48.035907
"Forest_Tent_Caterpillar",-85.945189,32.574095
"Forest_Tent_Caterpillar",-95.36582,34.025829
"Forest_Tent_Caterpillar",-79.447471,44.966702
"Forest_Tent_Caterpillar",-77.749964,37.51715
"Forest_Tent_Caterpillar",-123.80822,48.9916
"Forest_Tent_Caterpillar",-73.600175,45.443605
"Forest_Tent_Caterpillar",-90.935564,30.54437
"Forest_Tent_Caterpillar",-93.273659,44.957329
"Forest_Tent_Caterpillar",-76.550448,42.72537
"Forest_Tent_Caterpillar",-85.945249,32.574151
"Forest_Tent_Caterpillar",-95.36582,34.025829
"Forest_Tent_Caterpillar",-95.36582,34.025829
"Forest_Tent_Caterpillar",-66.641909,45.960886
"Forest_Tent_Caterpillar",-73.660517,41.25189
"Forest_Tent_Caterpillar",-72.588567,46.30695
"Forest_Tent_Caterpillar",-93.815659,46.489632
"Forest_Tent_Caterpillar",-85.08774,31.207097
"Forest_Tent_Caterpillar",-75.662182,45.348898
"Forest_Tent_Caterpillar",-93.086017,45.182009
"Forest_Tent_Caterpillar",-93.677372,45.496661
"Forest_Tent_Caterpillar",-124.805549,49.233888
"Forest_Tent_Caterpillar",-93.047983,30.943065
"Forest_Tent_Caterpillar",-95.366088,34.025794
"Forest_Tent_Caterpillar",-97.08547,34.048137
"Forest_Tent_Caterpillar",-77.430413,46.071435
"Forest_Tent_Caterpillar",-80.248167,43.544971
"Forest_Tent_Caterpillar",-75.68737,45.421589
"Forest_Tent_Caterpillar",-74.971306,41.101816
"Forest_Tent_Caterpillar",-81.80243,43.162478
"Forest_Tent_Caterpillar",-78.04657,40.385078
"Forest_Tent_Caterpillar",-75.683778,45.420472
"Forest_Tent_Caterpillar",-85.945099,32.574227
"Forest_Tent_Caterpillar",-71.084272,42.447636
"Forest_Tent_Caterpillar",-123.178208,49.097933
"Forest_Tent_Caterpillar",-79.055497,35.940483
"Forest_Tent_Caterpillar",-71.083806,42.448268
"Forest_Tent_Caterpillar",-75.804353,45.32457
"Forest_Tent_Caterpillar",-77.475267,38.750949
"Forest_Tent_Caterpillar",-71.084772,42.447633
"Forest_Tent_Caterpillar",-85.366885,35.006382
"Forest_Tent_Caterpillar",-79.994203,43.56965
"Forest_Tent_Caterpillar",-82.59503,34.105221
"Forest_Tent_Caterpillar",-91.364819,30.99353
"Forest_Tent_Caterpillar",-97.674723,30.542166
"Forest_Tent_Caterpillar",-79.307733,48.035656
"Forest_Tent_Caterpillar",-122.448357,48.659849
"Forest_Tent_Caterpillar",-95.598214,29.382081
"Forest_Tent_Caterpillar",-85.973125,32.684958
"Forest_Tent_Caterpillar",-60.314532,46.208233
"Forest_Tent_Caterpillar",-85.945189,32.574095
"Forest_Tent_Caterpillar",-69.37787,44.780218
"Forest_Tent_Caterpillar",-73.175247,44.009888
"Forest_Tent_Caterpillar",-85.809403,32.92961
"Forest_Tent_Caterpillar",-93.184136,33.346781
"Forest_Tent_Caterpillar",-97.109138,32.723278
"Forest_Tent_Caterpillar",-95.583203,29.375731
"Forest_Tent_Caterpillar",-97.846004,30.15977
"Forest_Tent_Caterpillar",-82.606216,35.495548
"Forest_Tent_Caterpillar",-97.047522,33.074061
"Forest_Tent_Caterpillar",-83.633453,37.784767
"Forest_Tent_Caterpillar",-79.366875,46.091239
"Forest_Tent_Caterpillar",-85.945415,32.574202
"Forest_Tent_Caterpillar",-76.121692,36.902118
"Forest_Tent_Caterpillar",-85.945268,32.57416
"Forest_Tent_Caterpillar",-87.86988,30.958153
"Forest_Tent_Caterpillar",-96.752619,32.728565
"Forest_Tent_Caterpillar",-94.184595,30.853773
"Forest_Tent_Caterpillar",-85.225573,29.828492
"Forest_Tent_Caterpillar",-73.912744,41.029106
"Forest_Tent_Caterpillar",-79.307733,48.035656
"Forest_Tent_Caterpillar",-76.298867,36.597117
"Forest_Tent_Caterpillar",-75.552484,38.1643
"Forest_Tent_Caterpillar",-97.466599,35.216868
"Forest_Tent_Caterpillar",-122.930672,38.480828
"Forest_Tent_Caterpillar",-76.371513,39.345958
"Forest_Tent_Caterpillar",-96.988968,33.062126
"Forest_Tent_Caterpillar",-96.989268,33.061979
"Forest_Tent_Caterpillar",-97.892463,29.978933
"Forest_Tent_Caterpillar",-82.627406,35.482517
"Forest_Tent_Caterpillar",-122.851467,38.403639
"Forest_Tent_Caterpillar",-122.454403,49.008926
"Forest_Tent_Caterpillar",-69.627255,44.552205
"Forest_Tent_Caterpillar",-80.755406,32.759622
"Forest_Tent_Caterpillar",-78.847796,37.545506
"Forest_Tent_Caterpillar",-95.421822,29.69203
"Forest_Tent_Caterpillar",-92.252983,34.584903
"Forest_Tent_Caterpillar",-97.45447,27.587571
"Forest_Tent_Caterpillar",-97.113751,31.547041
"Forest_Tent_Caterpillar",-97.109123,32.723323
"Forest_Tent_Caterpillar",-95.630372,29.570953
"Forest_Tent_Caterpillar",-96.97958,33.06209
"Forest_Tent_Caterpillar",-92.695251,34.540604
"Forest_Tent_Caterpillar",-97.547252,30.350021
"Forest_Tent_Caterpillar",-91.929793,30.10176
"Forest_Tent_Caterpillar",-76.123599,36.899117
"Forest_Tent_Caterpillar",-97.384388,30.350102
"Forest_Tent_Caterpillar",-96.988867,33.06221
"Forest_Tent_Caterpillar",-96.988968,33.062126
"Forest_Tent_Caterpillar",-79.039969,33.790492
"Forest_Tent_Caterpillar",-96.988744,33.062431
"Forest_Tent_Caterpillar",-122.470078,48.733944
"Forest_Tent_Caterpillar",-96.752533,32.73263
"Forest_Tent_Caterpillar",-84.237197,39.2051
"Forest_Tent_Caterpillar",-111.77833,40.617638
"Forest_Tent_Caterpillar",-78.93038,33.659897
"Forest_Tent_Caterpillar",-97.30567,30.312014
"Forest_Tent_Caterpillar",-74.000236,41.761322
"Forest_Tent_Caterpillar",-97.637413,32.962917
"Forest_Tent_Caterpillar",-97.518958,29.846887
"Forest_Tent_Caterpillar",-96.97958,33.06209
"Forest_Tent_Caterpillar",-70.690677,44.960126
"Forest_Tent_Caterpillar",-96.52901,32.980849
"Forest_Tent_Caterpillar",-81.226997,32.020511
"Forest_Tent_Caterpillar",-97.802163,30.183428
"Forest_Tent_Caterpillar",-122.478486,48.790719
"Forest_Tent_Caterpillar",-96.988867,33.06221
"Forest_Tent_Caterpillar",-73.965697,42.705597
"Forest_Tent_Caterpillar",-76.54734,36.644611
"Forest_Tent_Caterpillar",-90.574958,32.923487
"Forest_Tent_Caterpillar",-83.966021,33.294565
"Forest_Tent_Caterpillar",-99.409652,29.80119
"Forest_Tent_Caterpillar",-97.886553,30.208913
"Forest_Tent_Caterpillar",-97.412584,32.543637
"Forest_Tent_Caterpillar",-78.055062,34.534373
"Forest_Tent_Caterpillar",-76.487849,37.041943
"Forest_Tent_Caterpillar",-94.013349,32.690684
"Forest_Tent_Caterpillar",-92.446573,38.946228
"Forest_Tent_Caterpillar",-98.248142,31.634641
"Forest_Tent_Caterpillar",-78.47573,34.395195
"Forest_Tent_Caterpillar",-98.248142,31.634641
"Forest_Tent_Caterpillar",-97.68941,30.452516
"Forest_Tent_Caterpillar",-80.857832,33.489216
"Forest_Tent_Caterpillar",-96.990789,33.062552
"Forest_Tent_Caterpillar",-97.403455,30.211063
"Forest_Tent_Caterpillar",-75.706625,45.25628
"Forest_Tent_Caterpillar",-76.854887,36.826737
"Forest_Tent_Caterpillar",-96.931574,32.954454
"Forest_Tent_Caterpillar",-97.88375,30.581723
"Forest_Tent_Caterpillar",-96.305266,36.699265
"Forest_Tent_Caterpillar",-87.333917,32.612495
"Forest_Tent_Caterpillar",-76.870912,40.089206
"Forest_Tent_Caterpillar",-96.990669,33.062656
"Forest_Tent_Caterpillar",-91.981516,31.666793
"Forest_Tent_Caterpillar",-82.59503,34.105221
"Forest_Tent_Caterpillar",-95.514927,29.551355
"Forest_Tent_Caterpillar",-98.248142,31.634641
"Forest_Tent_Caterpillar",-93.952812,46.861737
"Forest_Tent_Caterpillar",-82.59503,34.105221
"Forest_Tent_Caterpillar",-98.248142,31.634641
"Forest_Tent_Caterpillar",-80.824325,33.828542
"Forest_Tent_Caterpillar",-77.854559,34.1711
"Forest_Tent_Caterpillar",-94.9976,29.844878
"Forest_Tent_Caterpillar",-80.594325,35.090061
"Forest_Tent_Caterpillar",-91.096158,30.310698
"Forest_Tent_Caterpillar",-98.248142,31.634641
"Forest_Tent_Caterpillar",-94.001511,32.672993
"Forest_Tent_Caterpillar",-97.849627,31.287888
"Forest_Tent_Caterpillar",-80.721053,35.191913
"Forest_Tent_Caterpillar",-98.675092,29.620507
"Forest_Tent_Caterpillar",-91.096158,30.310698
"Forest_Tent_Caterpillar",-92.58144,31.2053
"Forest_Tent_Caterpillar",-122.904259,38.464324
"Forest_Tent_Caterpillar",-95.583195,29.375745
"Forest_Tent_Caterpillar",-80.692076,32.235974
"Forest_Tent_Caterpillar",-100.746508,30.615237
"Forest_Tent_Caterpillar",-72.366609,43.81153
"Forest_Tent_Caterpillar",-97.648772,30.411784
"Forest_Tent_Caterpillar",-93.047983,30.943065
"Forest_Tent_Caterpillar",-95.732823,29.298221
"Forest_Tent_Caterpillar",-76.561478,36.618003
"Forest_Tent_Caterpillar",-96.363043,30.579639
"Forest_Tent_Caterpillar",-95.605178,29.377937
"Forest_Tent_Caterpillar",-95.605147,29.377912
"Forest_Tent_Caterpillar",-94.190646,30.337704
"Forest_Tent_Caterpillar",-90.910953,33.704283
"Forest_Tent_Caterpillar",-95.595557,29.380444
"Forest_Tent_Caterpillar",-91.096158,30.310698
"Forest_Tent_Caterpillar",-97.81243,30.65105
"Forest_Tent_Caterpillar",-77.470122,37.523356
"Forest_Tent_Caterpillar",-98.341025,32.087764
"Forest_Tent_Caterpillar",-91.096158,30.310698
"Forest_Tent_Caterpillar",-77.10939,38.739067
"Forest_Tent_Caterpillar",-76.48407,36.85088
"Forest_Tent_Caterpillar",-77.069473,36.709087
"Forest_Tent_Caterpillar",-96.887558,32.838997
"Forest_Tent_Caterpillar",-76.866242,39.013533
"Forest_Tent_Caterpillar",-77.098686,38.756788
"Forest_Tent_Caterpillar",-98.583198,29.750774
"Forest_Tent_Caterpillar",-95.303204,32.470309
"Forest_Tent_Caterpillar",-76.152786,36.579064
"Forest_Tent_Caterpillar",-95.578363,28.914073
"Forest_Tent_Caterpillar",-83.9253,33.708887
"Forest_Tent_Caterpillar",-96.529037,32.980969
"Forest_Tent_Caterpillar",-95.59572,29.380663
"Forest_Tent_Caterpillar",-96.733154,32.694976
"Forest_Tent_Caterpillar",-95.598198,29.382075
"Forest_Tent_Caterpillar",-90.123192,29.79407
"Forest_Tent_Caterpillar",-78.660592,35.612621
"Forest_Tent_Caterpillar",-80.817991,33.823765
"Forest_Tent_Caterpillar",-97.025803,30.383749
"Forest_Tent_Caterpillar",-95.664572,29.633696
"Forest_Tent_Caterpillar",-97.81243,30.65105
"Forest_Tent_Caterpillar",-79.013833,33.796203
"Forest_Tent_Caterpillar",-98.510139,29.581146
"Forest_Tent_Caterpillar",-95.578363,28.914073
"Forest_Tent_Caterpillar",-69.489193,43.991468
"Forest_Tent_Caterpillar",-78.974075,33.670113
"Forest_Tent_Caterpillar",-80.824583,33.829077
"Forest_Tent_Caterpillar",-98.573538,30.27925
"Forest_Tent_Caterpillar",-95.12517,29.554738
"Forest_Tent_Caterpillar",-96.012474,28.982124
"Forest_Tent_Caterpillar",-95.760696,36.069096
"Forest_Tent_Caterpillar",-97.172161,36.184941
"Forest_Tent_Caterpillar",-83.389183,33.899811
"Forest_Tent_Caterpillar",-85.579956,33.443445
"Forest_Tent_Caterpillar",-91.104908,30.370773
"Forest_Tent_Caterpillar",-91.096158,30.310698
"Forest_Tent_Caterpillar",-98.565808,29.751312
"Forest_Tent_Caterpillar",-97.025803,30.383749
"Forest_Tent_Caterpillar",-90.624018,30.383271
"Forest_Tent_Caterpillar",-95.419642,29.042732
"Forest_Tent_Caterpillar",-75.577715,39.527911
"Forest_Tent_Caterpillar",-85.945202,32.574101
"Forest_Tent_Caterpillar",-97.81243,30.65105
"Forest_Tent_Caterpillar",-122.956027,38.413227
"Forest_Tent_Caterpillar",-91.096158,30.310698
"Forest_Tent_Caterpillar",-97.176684,32.640298
"Forest_Tent_Caterpillar",-97.123428,32.841342
"Forest_Tent_Caterpillar",-80.82452,33.827965
"Forest_Tent_Caterpillar",-96.847372,29.88966
"Forest_Tent_Caterpillar",-83.927692,33.707919
"Forest_Tent_Caterpillar",-122.85049,38.403767
"Forest_Tent_Caterpillar",-94.765915,30.098227
"Forest_Tent_Caterpillar",-95.944654,36.000569
"Forest_Tent_Caterpillar",-85.972938,32.684927
"Forest_Tent_Caterpillar",-97.607753,30.642094
"Forest_Tent_Caterpillar",-95.578363,28.914073
"Forest_Tent_Caterpillar",-97.056667,33.264444
"Forest_Tent_Caterpillar",-79.011288,33.797609
"Forest_Tent_Caterpillar",-96.604903,32.747956
"Forest_Tent_Caterpillar",-98.631876,29.760751
"Forest_Tent_Caterpillar",-98.467406,29.710725
"Forest_Tent_Caterpillar",-97.845998,30.159787
"Forest_Tent_Caterpillar",-98.931708,29.642625
"Forest_Tent_Caterpillar",-80.847,35.222015
"Forest_Tent_Caterpillar",-98.625373,29.589996
"Forest_Tent_Caterpillar",-98.419028,29.715252
"Forest_Tent_Caterpillar",-97.339975,30.116645
"Forest_Tent_Caterpillar",-80.825423,33.823889
"Forest_Tent_Caterpillar",-79.04448,35.906448
"Forest_Tent_Caterpillar",-98.544622,29.568617
"Forest_Tent_Caterpillar",-90.989963,30.343642
"Forest_Tent_Caterpillar",-91.105823,30.369563
"Forest_Tent_Caterpillar",-122.063688,37.234413
"Forest_Tent_Caterpillar",-91.096158,30.310698
"Forest_Tent_Caterpillar",-97.059048,33.263885
"Forest_Tent_Caterpillar",-96.015857,28.981393
"Forest_Tent_Caterpillar",-97.699356,31.888736
"Forest_Tent_Caterpillar",-81.52152,41.506548
"Forest_Tent_Caterpillar",-77.424705,39.101795
"Forest_Tent_Caterpillar",-76.256103,36.759783
"Forest_Tent_Caterpillar",-91.025807,30.425584
"Forest_Tent_Caterpillar",-95.125213,29.554766
"Forest_Tent_Caterpillar",-122.901172,38.494319
"Forest_Tent_Caterpillar",-94.765921,30.098227
"Forest_Tent_Caterpillar",-76.372643,36.637859
"Forest_Tent_Caterpillar",-90.99098,30.360187
"Forest_Tent_Caterpillar",-97.166064,32.740971
"Forest_Tent_Caterpillar",-77.43906,38.456817
"Forest_Tent_Caterpillar",-95.578363,28.914073
"Forest_Tent_Caterpillar",-97.340665,30.116307
"Forest_Tent_Caterpillar",-84.184429,30.444744
"Forest_Tent_Caterpillar",-77.355287,35.619063
"Forest_Tent_Caterpillar",-97.230854,32.642341
"Forest_Tent_Caterpillar",-93.260362,37.167187
"Forest_Tent_Caterpillar",-96.414398,29.109344
"Forest_Tent_Caterpillar",-123.011617,38.467008
"Forest_Tent_Caterpillar",-98.600425,29.611867
"Forest_Tent_Caterpillar",-97.059805,33.264092
"Forest_Tent_Caterpillar",-78.657715,37.407228
"Forest_Tent_Caterpillar",-98.248142,31.634641
"Forest_Tent_Caterpillar",-90.932511,30.442318
"Forest_Tent_Caterpillar",-84.683813,33.572937
"Forest_Tent_Caterpillar",-76.922087,38.987649
"Forest_Tent_Caterpillar",-83.386528,33.876338
"Forest_Tent_Caterpillar",-97.153973,32.64537
"Forest_Tent_Caterpillar",-96.618091,32.854821
"Forest_Tent_Caterpillar",-76.354974,36.506152
"Forest_Tent_Caterpillar",-95.073325,29.59222
"Forest_Tent_Caterpillar",-94.098036,31.388767
"Forest_Tent_Caterpillar",-96.613258,33.123847
"Forest_Tent_Caterpillar",-98.470428,30.19062
"Forest_Tent_Caterpillar",-97.016029,33.374809
"Forest_Tent_Caterpillar",-82.377436,34.189633
"Forest_Tent_Caterpillar",-97.281477,35.542211
"Forest_Tent_Caterpillar",-97.077693,32.654116
"Forest_Tent_Caterpillar",-94.958172,29.424689
"Forest_Tent_Caterpillar",-76.530173,37.091887
"Forest_Tent_Caterpillar",-94.958188,29.424685
"Forest_Tent_Caterpillar",-97.826262,30.696962
"Forest_Tent_Caterpillar",-76.225781,36.803486
"Forest_Tent_Caterpillar",-80.348883,33.22033
"Forest_Tent_Caterpillar",-77.9447,34.2257
"Forest_Tent_Caterpillar",-97.017365,32.964005
"Forest_Tent_Caterpillar",-75.526967,38.320814
"Forest_Tent_Caterpillar",-81.021172,32.052617
"Forest_Tent_Caterpillar",-95.66072,29.635525
"Forest_Tent_Caterpillar",-98.034158,30.058141
"Forest_Tent_Caterpillar",-98.180497,29.245772
"Forest_Tent_Caterpillar",-97.275664,32.872712
"Forest_Tent_Caterpillar",-76.10135,36.851413
"Forest_Tent_Caterpillar",-76.200352,36.778278
"Forest_Tent_Caterpillar",-80.612083,35.323312
"Forest_Tent_Caterpillar",-122.9011,38.49435
"Forest_Tent_Caterpillar",-85.973013,32.684985
"Forest_Tent_Caterpillar",-122.698825,38.436639
"Forest_Tent_Caterpillar",-97.850393,30.701719
"Forest_Tent_Caterpillar",-122.848213,38.402833
"Forest_Tent_Caterpillar",-92.046035,32.60184
"Forest_Tent_Caterpillar",-97.641409,33.326593
"Forest_Tent_Caterpillar",-95.225429,29.439738
"Forest_Tent_Caterpillar",-86.864364,33.426697
"Forest_Tent_Caterpillar",-78.474945,34.296871
"Forest_Tent_Caterpillar",-97.703487,30.526951
"Forest_Tent_Caterpillar",-90.991015,30.360263
"Forest_Tent_Caterpillar",-89.837545,35.144825
"Forest_Tent_Caterpillar",-95.578366,28.914047
"Forest_Tent_Caterpillar",-76.335731,36.564875
"Forest_Tent_Caterpillar",-85.995347,31.752145
"Forest_Tent_Caterpillar",-94.958172,29.424689
"Forest_Tent_Caterpillar",-95.578366,28.914047
"Forest_Tent_Caterpillar",-99.377253,29.764627
"Forest_Tent_Caterpillar",-96.796713,32.77887
"Forest_Tent_Caterpillar",-90.71795,30.184183
"Forest_Tent_Caterpillar",-97.647567,30.686632
"Forest_Tent_Caterpillar",-90.9133,30.345156
"Forest_Tent_Caterpillar",-98.434225,30.092334
"Forest_Tent_Caterpillar",-85.362428,35.010053
"Forest_Tent_Caterpillar",-76.931442,35.479674
"Forest_Tent_Caterpillar",-97.021709,33.38388
"Forest_Tent_Caterpillar",-96.580841,32.837323
"Forest_Tent_Caterpillar",-97.17595,31.605928
"Forest_Tent_Caterpillar",-122.637573,38.512446
"Forest_Tent_Caterpillar",-95.09271,29.345632
"Forest_Tent_Caterpillar",-97.703237,30.619845
"Forest_Tent_Caterpillar",-98.706069,29.797152
"Forest_Tent_Caterpillar",-79.608253,33.131431
"Forest_Tent_Caterpillar",-96.712541,32.833401
"Forest_Tent_Caterpillar",-97.240119,32.776301
"Forest_Tent_Caterpillar",-96.991364,33.059915
"Forest_Tent_Caterpillar",-76.980278,38.844167
"Forest_Tent_Caterpillar",-92.695343,34.540604
"Forest_Tent_Caterpillar",-96.798309,32.80579
"Forest_Tent_Caterpillar",-97.056794,33.264553
"Forest_Tent_Caterpillar",-83.962925,34.528971
"Forest_Tent_Caterpillar",-96.825002,28.887229
"Forest_Tent_Caterpillar",-92.462817,34.840627
"Forest_Tent_Caterpillar",-98.240832,29.334559
"Forest_Tent_Caterpillar",-97.110491,32.731115
"Forest_Tent_Caterpillar",-95.660545,29.635558
"Forest_Tent_Caterpillar",-91.107877,30.409767
"Forest_Tent_Caterpillar",-123.088598,38.53667
"Forest_Tent_Caterpillar",-80.862625,33.969697
"Forest_Tent_Caterpillar",-76.256338,36.751178
"Forest_Tent_Caterpillar",-76.980003,38.84
"Forest_Tent_Caterpillar",-77.490093,39.314007
"Forest_Tent_Caterpillar",-87.776333,30.601074
"Forest_Tent_Caterpillar",-90.9133,30.345156
"Forest_Tent_Caterpillar",-97.058547,33.263695
"Forest_Tent_Caterpillar",-75.722344,39.560152
"Forest_Tent_Caterpillar",-95.524119,33.641985
"Forest_Tent_Caterpillar",-77.374406,38.582449
"Forest_Tent_Caterpillar",-95.072717,29.593856
"Forest_Tent_Caterpillar",-78.889053,36.011244
"Forest_Tent_Caterpillar",-97.165689,32.66948
"Forest_Tent_Caterpillar",-89.804622,29.870491
"Forest_Tent_Caterpillar",-91.026487,30.484333
"Forest_Tent_Caterpillar",-76.98452,38.838342
"Forest_Tent_Caterpillar",-75.532888,38.983971
"Forest_Tent_Caterpillar",-96.21463,30.565325
"Forest_Tent_Caterpillar",-97.019194,32.966328
"Forest_Tent_Caterpillar",-76.881303,34.921097
"Forest_Tent_Caterpillar",-96.292208,30.022255
"Forest_Tent_Caterpillar",-96.939223,33.066623
"Forest_Tent_Caterpillar",-97.058314,33.257117
"Forest_Tent_Caterpillar",-97.166223,30.229541
"Forest_Tent_Caterpillar",-77.361687,35.623846
"Forest_Tent_Caterpillar",-85.365578,35.010475
"Forest_Tent_Caterpillar",-77.099051,38.756156
"Forest_Tent_Caterpillar",-93.048907,34.511367
"Forest_Tent_Caterpillar",-76.82242,39.001439
"Forest_Tent_Caterpillar",-77.91554,35.721237
"Forest_Tent_Caterpillar",-97.053742,33.478078
"Forest_Tent_Caterpillar",-84.89356,36.987015
"Forest_Tent_Caterpillar",-80.100258,32.8997
"Forest_Tent_Caterpillar",-87.599305,33.221262
"Forest_Tent_Caterpillar",-85.308655,35.07745
"Forest_Tent_Caterpillar",-76.984903,38.838268
"Forest_Tent_Caterpillar",-76.539667,37.1861
"Forest_Tent_Caterpillar",-77.141267,35.756742
"Forest_Tent_Caterpillar",-85.365145,35.009139
"Forest_Tent_Caterpillar",-76.220001,36.799999
"Forest_Tent_Caterpillar",-90.9133,30.345156
"Forest_Tent_Caterpillar",-97.059042,33.263857
"Forest_Tent_Caterpillar",-79.391811,34.514683
"Forest_Tent_Caterpillar",-96.737787,32.70468
"Forest_Tent_Caterpillar",-122.533179,38.442974
"Forest_Tent_Caterpillar",-89.911225,29.890387
"Forest_Tent_Caterpillar",-77.361625,35.624267
"Forest_Tent_Caterpillar",-95.225259,29.439403
"Forest_Tent_Caterpillar",-95.072594,29.595225
"Forest_Tent_Caterpillar",-85.171433,34.271378
"Forest_Tent_Caterpillar",-80.710908,35.1377
"Forest_Tent_Caterpillar",-77.8878,34.4352
"Forest_Tent_Caterpillar",-76.974977,38.893564
"Forest_Tent_Caterpillar",-92.10788,35.489138
"Forest_Tent_Caterpillar",-96.678489,33.056564
"Forest_Tent_Caterpillar",-97.173111,33.225436
"Forest_Tent_Caterpillar",-77.520937,37.678634
"Forest_Tent_Caterpillar",-95.660566,29.635146
"Forest_Tent_Caterpillar",-77.503676,38.824697
"Forest_Tent_Caterpillar",-97.136753,32.598818
"Forest_Tent_Caterpillar",-86.227513,35.818556
"Forest_Tent_Caterpillar",-76.7905,37.229194
"Forest_Tent_Caterpillar",-76.398145,37.068637
"Forest_Tent_Caterpillar",-76.354649,36.837897
"Forest_Tent_Caterpillar",-96.901078,32.627096
"Forest_Tent_Caterpillar",-98.204361,32.228408
"Forest_Tent_Caterpillar",-96.634201,32.933334
"Forest_Tent_Caterpillar",-94.958172,29.424689
"Forest_Tent_Caterpillar",-95.660662,29.635345
"Forest_Tent_Caterpillar",-78.992905,35.064423
"Forest_Tent_Caterpillar",-95.239205,35.894467
"Forest_Tent_Caterpillar",-85.077278,35.071839
"Forest_Tent_Caterpillar",-79.014465,35.89184
"Forest_Tent_Caterpillar",-85.99533,31.752133
"Forest_Tent_Caterpillar",-90.98611,30.480019
"Forest_Tent_Caterpillar",-76.178129,36.891292
"Forest_Tent_Caterpillar",-91.073269,30.824757
"Forest_Tent_Caterpillar",-81.948851,34.966254
"Forest_Tent_Caterpillar",-78.230824,35.555102
"Forest_Tent_Caterpillar",-76.822286,39.001399
"Forest_Tent_Caterpillar",-96.29218,30.022118
"Forest_Tent_Caterpillar",-96.653545,32.965253
"Forest_Tent_Caterpillar",-91.039225,30.553295
"Forest_Tent_Caterpillar",-90.98611,30.480019
"Forest_Tent_Caterpillar",-81.295079,29.043181
"Forest_Tent_Caterpillar",-96.936696,32.95468
"Forest_Tent_Caterpillar",-98.626653,30.237742
"Forest_Tent_Caterpillar",-91.025909,30.488493
"Forest_Tent_Caterpillar",-95.631728,29.82687
"Forest_Tent_Caterpillar",-78.927905,33.654974
"Forest_Tent_Caterpillar",-76.821929,39.001372
"Forest_Tent_Caterpillar",-97.140383,33.144991
"Forest_Tent_Caterpillar",-97.058342,33.264072
"Forest_Tent_Caterpillar",-78.962213,34.250596
"Forest_Tent_Caterpillar",-94.181428,32.692488
"Forest_Tent_Caterpillar",-98.199662,32.223278
"Forest_Tent_Caterpillar",-79.317508,35.949139
"Forest_Tent_Caterpillar",-96.7305,32.719935
"Forest_Tent_Caterpillar",-90.936508,30.542617
"Forest_Tent_Caterpillar",-94.245826,33.230451
"Forest_Tent_Caterpillar",-91.107487,30.409396
"Forest_Tent_Caterpillar",-98.710938,29.77995
"Forest_Tent_Caterpillar",-94.95817,29.424699
"Forest_Tent_Caterpillar",-97.363831,32.735035
"Forest_Tent_Caterpillar",-91.990295,30.542799
"Forest_Tent_Caterpillar",-95.632203,29.826587
"Forest_Tent_Caterpillar",-91.031044,30.49057
"Forest_Tent_Caterpillar",-97.11428,32.733637
"Forest_Tent_Caterpillar",-90.980024,30.399398
"Forest_Tent_Caterpillar",-96.654367,32.925392
"Forest_Tent_Caterpillar",-80.82541,33.825001
"Forest_Tent_Caterpillar",-97.017926,32.966513
"Forest_Tent_Caterpillar",-84.718248,33.573592
"Forest_Tent_Caterpillar",-76.344756,37.062034
"Forest_Tent_Caterpillar",-97.490803,33.532833
"Forest_Tent_Caterpillar",-84.579553,30.413383
"Forest_Tent_Caterpillar",-98.248142,31.634641
"Forest_Tent_Caterpillar",-81.029633,33.997908
"Forest_Tent_Caterpillar",-95.676238,29.57635
"Forest_Tent_Caterpillar",-96.532959,32.994531
"Forest_Tent_Caterpillar",-97.362283,32.734849
"Forest_Tent_Caterpillar",-97.192491,32.75251
"Forest_Tent_Caterpillar",-98.248142,31.634641
"Forest_Tent_Caterpillar",-81.7799,32.455953
"Forest_Tent_Caterpillar",-122.566476,37.971661
"Forest_Tent_Caterpillar",-76.036028,36.87136
"Forest_Tent_Caterpillar",-76.000877,36.773643
"Forest_Tent_Caterpillar",-77.084518,35.23991
"Forest_Tent_Caterpillar",-83.409,33.944
"Forest_Tent_Caterpillar",-97.165672,32.669475
"Forest_Tent_Caterpillar",-86.434392,33.762037
"Forest_Tent_Caterpillar",-81.127525,34.095877
"Forest_Tent_Caterpillar",-97.154219,31.589353
"Forest_Tent_Caterpillar",-76.340977,37.045314
"Forest_Tent_Caterpillar",-92.69532,34.540607
"Forest_Tent_Caterpillar",-80.862814,33.969859
"Forest_Tent_Caterpillar",-76.438889,36.595067
"Forest_Tent_Caterpillar",-79.979414,33.945164
"Forest_Tent_Caterpillar",-75.981917,36.820152
"Forest_Tent_Caterpillar",-96.739427,30.320235
"Forest_Tent_Caterpillar",-90.502653,30.440816
"Forest_Tent_Caterpillar",-76.547166,36.62078
"Forest_Tent_Caterpillar",-96.744125,32.759608
"Forest_Tent_Caterpillar",-75.830778,36.380288
"Forest_Tent_Caterpillar",-97.114267,32.73362
"Forest_Tent_Caterpillar",-90.990991,30.472211
"Forest_Tent_Caterpillar",-97.237288,33.33593
"Forest_Tent_Caterpillar",-97.632408,30.53015
"Forest_Tent_Caterpillar",-77.512895,35.287328
"Forest_Tent_Caterpillar",-97.80556,29.616242
"Forest_Tent_Caterpillar",-76.310981,37.064827
"Forest_Tent_Caterpillar",-83.368917,33.935177
"Forest_Tent_Caterpillar",-80.825347,33.824197
"Forest_Tent_Caterpillar",-97.45572,35.642345
"Forest_Tent_Caterpillar",-97.986164,29.57604
"Forest_Tent_Caterpillar",-99.414803,30.108236
"Forest_Tent_Caterpillar",-91.900437,30.202535
"Forest_Tent_Caterpillar",-78.882078,36.019437
"Forest_Tent_Caterpillar",-90.916211,30.477495
"Forest_Tent_Caterpillar",-97.237246,31.339451
"Forest_Tent_Caterpillar",-97.678357,30.692274
"Forest_Tent_Caterpillar",-124.090417,40.783928
"Forest_Tent_Caterpillar",-88.814916,33.450556
"Forest_Tent_Caterpillar",-95.70378,29.735722
"Forest_Tent_Caterpillar",-75.710883,35.924378
"Forest_Tent_Caterpillar",-77.318548,35.661141
"Forest_Tent_Caterpillar",-89.994859,35.150989
"Forest_Tent_Caterpillar",-83.382667,33.901539
"Forest_Tent_Caterpillar",-95.318663,30.750995
"Forest_Tent_Caterpillar",-93.648771,48.816366
"Forest_Tent_Caterpillar",-97.547267,30.350003
"Forest_Tent_Caterpillar",-92.253958,34.585292
"Forest_Tent_Caterpillar",-97.837842,30.090767
"Forest_Tent_Caterpillar",-76.035905,36.871275
"Forest_Tent_Caterpillar",-76.509673,37.238768
"Forest_Tent_Caterpillar",-88.246118,31.342235
"Forest_Tent_Caterpillar",-80.821167,33.810635
"Forest_Tent_Caterpillar",-76.186958,36.799645
"Forest_Tent_Caterpillar",-81.073783,34.008811
"Forest_Tent_Caterpillar",-91.979131,30.269737
"Forest_Tent_Caterpillar",-77.401628,38.572244
"Forest_Tent_Caterpillar",-96.397652,30.165638
"Forest_Tent_Caterpillar",-96.663681,32.822912
"Forest_Tent_Caterpillar",-76.273125,36.750179
"Forest_Tent_Caterpillar",-96.009675,28.982345
"Forest_Tent_Caterpillar",-89.211134,44.025506
"Forest_Tent_Caterpillar",-124.212822,40.685703
"Forest_Tent_Caterpillar",-97.849937,30.278075
"Forest_Tent_Caterpillar",-97.736225,30.249581
"Forest_Tent_Caterpillar",-95.72984,29.584925
"Forest_Tent_Caterpillar",-79.055844,35.9132
"Forest_Tent_Caterpillar",-95.646695,29.643862
"Forest_Tent_Caterpillar",-84.317906,33.532075
"Forest_Tent_Caterpillar",-95.57661,28.915176
"Forest_Tent_Caterpillar",-79.194637,33.350073
"Forest_Tent_Caterpillar",-96.317872,30.586583
"Forest_Tent_Caterpillar",-89.625165,33.527443
"Forest_Tent_Caterpillar",-80.866817,33.867266
"Forest_Tent_Caterpillar",-97.813485,30.975047
"Forest_Tent_Caterpillar",-98.561997,31.225287
"Forest_Tent_Caterpillar",-86.708614,46.440039
"Forest_Tent_Caterpillar",-77.875717,34.167003
"Forest_Tent_Caterpillar",-79.294861,33.350054
"Forest_Tent_Caterpillar",-95.81337,28.688267
"Forest_Tent_Caterpillar",-95.762994,30.166879
"Forest_Tent_Caterpillar",-80.862647,33.969789
"Forest_Tent_Caterpillar",-81.218731,32.37924
"Forest_Tent_Caterpillar",-76.188477,36.634266
"Forest_Tent_Caterpillar",-84.127312,33.442303
"Forest_Tent_Caterpillar",-95.187228,32.184948
"Forest_Tent_Caterpillar",-97.020933,32.965838
"Forest_Tent_Caterpillar",-97.108262,31.54859
"Forest_Tent_Caterpillar",-97.696261,29.8534
"Forest_Tent_Caterpillar",-85.579956,33.443445
"Forest_Tent_Caterpillar",-98.440737,30.247403
"Forest_Tent_Caterpillar",-75.755089,36.165931
"Forest_Tent_Caterpillar",-97.086472,32.959463
"Forest_Tent_Caterpillar",-97.70137,30.241608
"Forest_Tent_Caterpillar",-80.183624,32.991032
"Forest_Tent_Caterpillar",-112.01168,41.707494
"Forest_Tent_Caterpillar",-80.641663,33.781455
"Forest_Tent_Caterpillar",-76.522103,36.842105
"Forest_Tent_Caterpillar",-84.376988,34.347137
"Forest_Tent_Caterpillar",-79.194892,33.350056
"Forest_Tent_Caterpillar",-97.692052,30.633271
"Forest_Tent_Caterpillar",-97.964948,30.737623
"Forest_Tent_Caterpillar",-85.3282,31.304767
"Forest_Tent_Caterpillar",-95.660152,29.635902
"Forest_Tent_Caterpillar",-97.111183,32.791942
"Forest_Tent_Caterpillar",-96.654563,32.962228
"Forest_Tent_Caterpillar",-85.960576,31.800295
"Forest_Tent_Caterpillar",-76.22677,36.786912
"Forest_Tent_Caterpillar",-97.497535,31.198334
"Forest_Tent_Caterpillar",-97.698669,30.403522
"Forest_Tent_Caterpillar",-94.688609,34.133003
"Forest_Tent_Caterpillar",-97.116968,32.794276
"Forest_Tent_Caterpillar",-85.5188,30.493053
"Forest_Tent_Caterpillar",-79.719753,33.051395
"Forest_Tent_Caterpillar",-90.131972,33.384205
"Forest_Tent_Caterpillar",-93.810703,32.544042
"Forest_Tent_Caterpillar",-94.646187,31.621919
"Forest_Tent_Caterpillar",-82.198325,29.270322
"Forest_Tent_Caterpillar",-81.560104,30.313907
"Forest_Tent_Caterpillar",-76.584572,37.422696
"Forest_Tent_Caterpillar",-87.458008,33.247397
"Forest_Tent_Caterpillar",-96.111535,29.821173
"Forest_Tent_Caterpillar",-97.637537,32.962975
"Forest_Tent_Caterpillar",-97.297785,32.928199
"Forest_Tent_Caterpillar",-97.203827,32.795952
"Forest_Tent_Caterpillar",-97.577711,30.251681
"Forest_Tent_Caterpillar",-76.583643,37.129885
"Forest_Tent_Caterpillar",-97.064482,32.982726
"Forest_Tent_Caterpillar",-94.718885,34.165369
"Forest_Tent_Caterpillar",-97.362306,32.734801
"Forest_Tent_Caterpillar",-79.29587,33.374989
"Forest_Tent_Caterpillar",-97.165641,30.050753
"Forest_Tent_Caterpillar",-80.192007,36.098676
"Forest_Tent_Caterpillar",-76.562118,38.30015
"Forest_Tent_Caterpillar",-78.718033,35.753231
"Forest_Tent_Caterpillar",-85.475177,31.172964
"Forest_Tent_Caterpillar",-97.399077,30.665032
"Forest_Tent_Caterpillar",-77.462291,34.699695
"Forest_Tent_Caterpillar",-96.630805,32.998317
"Forest_Tent_Caterpillar",-76.491769,37.116329
"Forest_Tent_Caterpillar",-98.621117,29.585587
"Forest_Tent_Caterpillar",-95.660347,29.636495
"Forest_Tent_Caterpillar",-97.097353,28.928186
"Forest_Tent_Caterpillar",-98.4997,30.069697
"Forest_Tent_Caterpillar",-91.029695,30.424619
"Forest_Tent_Caterpillar",-97.711755,30.239721
"Forest_Tent_Caterpillar",-97.138374,49.895013
"Forest_Tent_Caterpillar",-83.212037,29.025326
"Forest_Tent_Caterpillar",-97.610118,30.458967
"Forest_Tent_Caterpillar",-124.086835,40.799023
"Forest_Tent_Caterpillar",-77.75528,37.56598
"Forest_Tent_Caterpillar",-91.200608,30.38658
"Forest_Tent_Caterpillar",-98.610437,29.632583
"Forest_Tent_Caterpillar",-97.364892,32.738533
"Forest_Tent_Caterpillar",-81.581578,33.399226
"Forest_Tent_Caterpillar",-97.394713,30.710811
"Forest_Tent_Caterpillar",-97.701417,30.24163
"Forest_Tent_Caterpillar",-98.430342,29.517683
"Forest_Tent_Caterpillar",-96.461478,30.233914
"Forest_Tent_Caterpillar",-97.693397,29.848244
"Forest_Tent_Caterpillar",-95.433394,29.061589
"Forest_Tent_Caterpillar",-98.820325,30.499095
"Forest_Tent_Caterpillar",-88.246118,30.608223
"Forest_Tent_Caterpillar",-76.479242,37.069973
"Forest_Tent_Caterpillar",-111.148981,58.716076
"Forest_Tent_Caterpillar",-76.237601,36.721674
"Forest_Tent_Caterpillar",-97.823655,30.611788
"Forest_Tent_Caterpillar",-76.410438,37.068063
"Forest_Tent_Caterpillar",-79.046989,35.931755
"Forest_Tent_Caterpillar",-97.137026,32.569568
"Forest_Tent_Caterpillar",-97.035478,32.149422
"Forest_Tent_Caterpillar",-96.958711,32.638022
"Forest_Tent_Caterpillar",-97.610493,30.458427
"Forest_Tent_Caterpillar",-79.605635,33.196437
"Forest_Tent_Caterpillar",-79.194817,33.34993
"Forest_Tent_Caterpillar",-97.547354,30.350383
"Forest_Tent_Caterpillar",-98.408534,29.893688
"Forest_Tent_Caterpillar",-76.036282,36.870909
"Forest_Tent_Caterpillar",-96.009689,28.982328
"Forest_Tent_Caterpillar",-98.615348,29.59223
"Forest_Tent_Caterpillar",-98.133408,30.849863
"Forest_Tent_Caterpillar",-97.157715,33.030343
"Forest_Tent_Caterpillar",-97.159253,27.897123
"Forest_Tent_Caterpillar",-98.260408,32.266901
"Forest_Tent_Caterpillar",-79.015518,35.888516
"Forest_Tent_Caterpillar",-99.204803,30.097656
"Forest_Tent_Caterpillar",-80.825058,33.827003
"Forest_Tent_Caterpillar",-78.870604,35.090559
"Forest_Tent_Caterpillar",-94.132158,33.199752
"Forest_Tent_Caterpillar",-98.15941,31.616297
"Forest_Tent_Caterpillar",-90.975565,30.31699
"Forest_Tent_Caterpillar",-96.99008,28.137214
"Forest_Tent_Caterpillar",-97.034728,33.000481
"Forest_Tent_Caterpillar",-88.779522,33.451277
"Forest_Tent_Caterpillar",-78.699347,36.021594
"Forest_Tent_Caterpillar",-122.780961,38.611958
"Forest_Tent_Caterpillar",-97.387889,28.65649
"Forest_Tent_Caterpillar",-98.854689,30.075721
"Forest_Tent_Caterpillar",-81.029413,34.021977
"Forest_Tent_Caterpillar",-97.056409,33.039186
"Forest_Tent_Caterpillar",-95.093872,33.059167
"Forest_Tent_Caterpillar",-94.99028,29.358472
"Forest_Tent_Caterpillar",-76.393573,37.05511
"Forest_Tent_Caterpillar",-97.364936,32.739703
"Forest_Tent_Caterpillar",-76.40787,37.176971
"Forest_Tent_Caterpillar",-95.09354,29.620565
"Forest_Tent_Caterpillar",-81.551313,30.842684
"Forest_Tent_Caterpillar",-93.648771,48.816366
"Forest_Tent_Caterpillar",-97.364311,32.7343
"Forest_Tent_Caterpillar",-97.501107,30.087988
"Forest_Tent_Caterpillar",-94.663282,33.741361
"Forest_Tent_Caterpillar",-84.44887,33.909066
"Forest_Tent_Caterpillar",-92.424969,31.210544
"Forest_Tent_Caterpillar",-97.70137,30.241617
"Forest_Tent_Caterpillar",-97.146484,31.571611
"Forest_Tent_Caterpillar",-95.659622,29.63557
"Forest_Tent_Caterpillar",-94.653543,33.739556
"Forest_Tent_Caterpillar",-96.649222,33.079728
"Forest_Tent_Caterpillar",-84.302246,30.233283
"Forest_Tent_Caterpillar",-76.192729,36.819568
"Forest_Tent_Caterpillar",-96.436376,33.484179
"Forest_Tent_Caterpillar",-85.523287,30.481962
"Forest_Tent_Caterpillar",-97.439088,32.817685
"Forest_Tent_Caterpillar",-77.244495,35.615938
"Forest_Tent_Caterpillar",-97.223567,31.69133
"Forest_Tent_Caterpillar",-97.942579,29.888525
"Forest_Tent_Caterpillar",-97.363902,32.740183
"Forest_Tent_Caterpillar",-111.147683,58.715839
"Forest_Tent_Caterpillar",-91.871215,43.334148
"Forest_Tent_Caterpillar",-91.7959,43.3178
"Forest_Tent_Caterpillar",-91.7959,43.3178
"Forest_Tent_Caterpillar",-93.926649,49.109796
"Forest_Tent_Caterpillar",-98.124779,32.500447
"Forest_Tent_Caterpillar",-91.153966,30.384658
"Forest_Tent_Caterpillar",-98.738594,29.572845
"Forest_Tent_Caterpillar",-99.282761,30.074926
"Forest_Tent_Caterpillar",-98.039689,32.820045
"Forest_Tent_Caterpillar",-98.4955,29.873417
"Forest_Tent_Caterpillar",-98.861938,30.269101
"Forest_Tent_Caterpillar",-97.638053,30.513758
"Forest_Tent_Caterpillar",-90.911426,30.421229
"Forest_Tent_Caterpillar",-122.808825,38.44543
"Forest_Tent_Caterpillar",-84.507249,33.822707
"Forest_Tent_Caterpillar",-98.088311,29.660872
"Forest_Tent_Caterpillar",-91.325292,31.513927
"Forest_Tent_Caterpillar",-94.388443,29.571224
"Forest_Tent_Caterpillar",-97.929504,29.893829
"Forest_Tent_Caterpillar",-85.995812,31.843792
"Forest_Tent_Caterpillar",-84.398274,33.778204
"Forest_Tent_Caterpillar",-81.054908,34.012211
"Forest_Tent_Caterpillar",-78.632185,35.701018
"Forest_Tent_Caterpillar",-78.910872,35.77657
"Forest_Tent_Caterpillar",-84.242912,30.420288
"Forest_Tent_Caterpillar",-97.924492,29.882639
"Forest_Tent_Caterpillar",-95.100968,29.584098
"Forest_Tent_Caterpillar",-84.477915,30.123843
"Forest_Tent_Caterpillar",-97.645303,30.684948
"Forest_Tent_Caterpillar",-97.573722,30.426722
"Forest_Tent_Caterpillar",-97.276292,32.871853
"Forest_Tent_Caterpillar",-77.834477,34.219557
"Forest_Tent_Caterpillar",-97.805574,29.616379
"Forest_Tent_Caterpillar",-76.121692,36.902118
"Forest_Tent_Caterpillar",-79.876179,36.193747
"Forest_Tent_Caterpillar",-83.383523,33.901262
"Forest_Tent_Caterpillar",-95.294905,30.026664
"Forest_Tent_Caterpillar",-98.248142,31.634641
"Forest_Tent_Caterpillar",-97.828224,30.496155
"Forest_Tent_Caterpillar",-97.39996,27.791519
"Forest_Tent_Caterpillar",-79.355055,33.544633
"Forest_Tent_Caterpillar",-97.389795,32.405872
"Forest_Tent_Caterpillar",-91.014316,30.502323
"Forest_Tent_Caterpillar",-81.789528,32.423745
"Forest_Tent_Caterpillar",-96.994174,33.04647
"Forest_Tent_Caterpillar",-79.566341,33.061639
"Forest_Tent_Caterpillar",-78.925281,36.049348
"Forest_Tent_Caterpillar",-90.989125,30.409579
"Forest_Tent_Caterpillar",-83.382453,33.901142
"Forest_Tent_Caterpillar",-98.577187,29.493187
"Forest_Tent_Caterpillar",-95.984128,36.687757
"Forest_Tent_Caterpillar",-94.106007,33.512239
"Forest_Tent_Caterpillar",-75.3904,38.687618
"Forest_Tent_Caterpillar",-97.021781,33.110935
"Forest_Tent_Caterpillar",-98.433965,29.592623
"Forest_Tent_Caterpillar",-97.911047,30.698575
"Forest_Tent_Caterpillar",-98.61673,29.584027
"Forest_Tent_Caterpillar",-96.822608,30.595242
"Forest_Tent_Caterpillar",-98.625606,30.23882
"Forest_Tent_Caterpillar",-84.389267,33.75948
"Forest_Tent_Caterpillar",-84.402521,33.403426
"Forest_Tent_Caterpillar",-79.024961,35.833366
"Forest_Tent_Caterpillar",-96.964043,30.282232
"Forest_Tent_Caterpillar",-84.402521,33.403426
"Forest_Tent_Caterpillar",-78.987258,33.711825
"Forest_Tent_Caterpillar",-81.034814,34.00071
"Forest_Tent_Caterpillar",-96.239145,30.743671
"Forest_Tent_Caterpillar",-80.845195,32.989629
"Forest_Tent_Caterpillar",-80.873734,33.485356
"Forest_Tent_Caterpillar",-98.808461,30.225382
"Forest_Tent_Caterpillar",-79.050117,33.79188
"Forest_Tent_Caterpillar",-98.145113,30.479437
"Forest_Tent_Caterpillar",-81.3853,32.381769
"Forest_Tent_Caterpillar",-96.62706,33.182575
"Forest_Tent_Caterpillar",-98.410004,29.9
"Forest_Tent_Caterpillar",-97.290038,32.491887
"Forest_Tent_Caterpillar",-95.787238,35.439972
"Forest_Tent_Caterpillar",-97.424579,31.016635
"Forest_Tent_Caterpillar",-95.569809,29.772755
"Forest_Tent_Caterpillar",-80.862853,33.970403
"Forest_Tent_Caterpillar",-95.348953,29.58845
"Forest_Tent_Caterpillar",-69.377683,44.936032
"Forest_Tent_Caterpillar",-97.536723,32.853329
"Forest_Tent_Caterpillar",-98.625815,29.591222
"Forest_Tent_Caterpillar",-96.570833,33.010544
"Forest_Tent_Caterpillar",-97.798683,30.162161
"Forest_Tent_Caterpillar",-77.356238,37.242687
"Forest_Tent_Caterpillar",-81.046045,33.150602
"Forest_Tent_Caterpillar",-81.034814,34.00071
"Forest_Tent_Caterpillar",-87.863922,41.702215
"Forest_Tent_Caterpillar",-92.073623,30.399427
"Forest_Tent_Caterpillar",-95.449463,29.764128
"Forest_Tent_Caterpillar",-79.05565,35.940238
"Forest_Tent_Caterpillar",-77.878072,34.003614
"Forest_Tent_Caterpillar",-86.584729,33.466498
"Forest_Tent_Caterpillar",-84.926506,33.820496
"Forest_Tent_Caterpillar",-78.926211,35.966603
"Forest_Tent_Caterpillar",-97.363902,32.740179
"Forest_Tent_Caterpillar",-98.70438,29.700789
"Forest_Tent_Caterpillar",-96.881173,32.844685
"Forest_Tent_Caterpillar",-76.459457,36.601414
"Forest_Tent_Caterpillar",-97.32492,30.112117
"Forest_Tent_Caterpillar",-97.84647,30.37259
"Forest_Tent_Caterpillar",-80.096977,32.813604
"Forest_Tent_Caterpillar",-95.378846,29.586864
"Forest_Tent_Caterpillar",-96.8755,29.890008
"Forest_Tent_Caterpillar",-84.046757,33.711046
"Forest_Tent_Caterpillar",-97.585084,29.585906
"Forest_Tent_Caterpillar",-81.453888,30.560088
"Forest_Tent_Caterpillar",-96.941463,28.787477
"Forest_Tent_Caterpillar",-96.981068,33.064141
"Forest_Tent_Caterpillar",-98.415383,29.599583
"Forest_Tent_Caterpillar",-79.059119,33.585315
"Forest_Tent_Caterpillar",-76.103485,36.833031
"Forest_Tent_Caterpillar",-76.407608,37.066324
"Forest_Tent_Caterpillar",-122.606893,37.97618
"Forest_Tent_Caterpillar",-98.378813,30.121017
"Forest_Tent_Caterpillar",-98.373147,30.735592
"Forest_Tent_Caterpillar",-81.001753,33.988589
"Forest_Tent_Caterpillar",-86.755588,33.309945
"Forest_Tent_Caterpillar",-77.369287,35.615263
"Forest_Tent_Caterpillar",-96.809625,32.784476
"Forest_Tent_Caterpillar",-80.02356,35.094849
"Forest_Tent_Caterpillar",-96.988403,28.136873
"Forest_Tent_Caterpillar",-100.000544,29.605834
"Forest_Tent_Caterpillar",-90.860445,30.498863
"Forest_Tent_Caterpillar",-97.36337,32.742008
"Forest_Tent_Caterpillar",-93.005006,33.639508
"Forest_Tent_Caterpillar",-95.392214,29.718711
"Forest_Tent_Caterpillar",-83.382386,33.903208
"Forest_Tent_Caterpillar",-96.589217,32.7331
"Forest_Tent_Caterpillar",-75.390432,38.687613
"Forest_Tent_Caterpillar",-83.377322,33.948005
"Forest_Tent_Caterpillar",-97.784946,30.372381
"Forest_Tent_Caterpillar",-97.112167,32.79187
"Forest_Tent_Caterpillar",-80.94272,35.155961
"Forest_Tent_Caterpillar",-80.814922,32.579808
"Forest_Tent_Caterpillar",-95.657295,29.638016
"Forest_Tent_Caterpillar",-98.728242,29.569324
"Forest_Tent_Caterpillar",-98.248142,31.634641
"Forest_Tent_Caterpillar",-83.384771,33.902408
"Forest_Tent_Caterpillar",-97.976555,29.573393
"Forest_Tent_Caterpillar",-97.366103,32.700867
"Forest_Tent_Caterpillar",-97.096955,33.014764
"Forest_Tent_Caterpillar",-97.794595,31.263608
"Forest_Tent_Caterpillar",-70.648752,44.288961
"Forest_Tent_Caterpillar",-97.873648,30.185727
"Forest_Tent_Caterpillar",-76.036045,36.871231
"Forest_Tent_Caterpillar",-78.991563,35.523138
"Forest_Tent_Caterpillar",-81.040974,35.259451
"Forest_Tent_Caterpillar",-95.433132,29.06013
"Forest_Tent_Caterpillar",-97.703835,30.261453
"Forest_Tent_Caterpillar",-90.988937,30.578638
"Forest_Tent_Caterpillar",-96.949135,32.791312
"Forest_Tent_Caterpillar",-97.873271,30.185496
"Forest_Tent_Caterpillar",-75.390412,38.687627
"Forest_Tent_Caterpillar",-76.204287,36.686019
"Forest_Tent_Caterpillar",-97.140281,27.923385
"Forest_Tent_Caterpillar",-85.693934,42.289906
"Forest_Tent_Caterpillar",-98.471113,29.57683
"Forest_Tent_Caterpillar",-91.17733,30.411888
"Forest_Tent_Caterpillar",-79.989539,32.784069
"Forest_Tent_Caterpillar",-80.881135,33.519513
"Forest_Tent_Caterpillar",-96.775063,32.914258
"Forest_Tent_Caterpillar",-81.819136,29.163625
"Forest_Tent_Caterpillar",-79.000158,34.388987
"Forest_Tent_Caterpillar",-80.965308,33.973013
"Forest_Tent_Caterpillar",-96.868308,32.740172
"Forest_Tent_Caterpillar",-80.969283,34.058108
"Forest_Tent_Caterpillar",-85.952575,30.696972
"Forest_Tent_Caterpillar",-97.803742,30.124
"Forest_Tent_Caterpillar",-97.93222,30.111283
"Forest_Tent_Caterpillar",-97.904658,30.28817
"Forest_Tent_Caterpillar",-96.212638,30.564155
"Forest_Tent_Caterpillar",-84.552538,34.319602
"Forest_Tent_Caterpillar",-97.74863,30.392461
"Forest_Tent_Caterpillar",-95.449966,29.758657
"Forest_Tent_Caterpillar",-97.290183,32.49172
"Forest_Tent_Caterpillar",-80.729713,32.25629
"Forest_Tent_Caterpillar",-64.36002,45.895162
"Forest_Tent_Caterpillar",-96.365449,31.464774
"Forest_Tent_Caterpillar",-96.89945,30.826782
"Forest_Tent_Caterpillar",-97.709554,30.706479
"Forest_Tent_Caterpillar",-97.237769,30.283823
"Forest_Tent_Caterpillar",-95.399769,29.717831
"Forest_Tent_Caterpillar",-97.698227,30.759679
"Forest_Tent_Caterpillar",-80.969196,34.058285
"Forest_Tent_Caterpillar",-97.467997,31.113132
"Forest_Tent_Caterpillar",-79.029464,33.832488
"Forest_Tent_Caterpillar",-80.825431,33.824822
"Forest_Tent_Caterpillar",-77.586312,35.260625
"Forest_Tent_Caterpillar",-91.200403,30.648222
"Forest_Tent_Caterpillar",-97.365105,32.736726
"Forest_Tent_Caterpillar",-98.764579,30.222844
"Forest_Tent_Caterpillar",-97.303059,32.781662
"Forest_Tent_Caterpillar",-83.381683,33.900917
"Forest_Tent_Caterpillar",-96.247382,30.570997
"Forest_Tent_Caterpillar",-96.569927,29.833314
"Forest_Tent_Caterpillar",-98.626906,29.640031
"Forest_Tent_Caterpillar",-97.94307,29.888887
"Forest_Tent_Caterpillar",-77.339876,35.605597
"Forest_Tent_Caterpillar",-78.74365,33.927519
"Forest_Tent_Caterpillar",-85.997753,30.694028
"Forest_Tent_Caterpillar",-80.906639,34.144478
"Forest_Tent_Caterpillar",-94.179087,32.691242
"Forest_Tent_Caterpillar",-95.101028,29.584122
"Forest_Tent_Caterpillar",-97.773098,30.278609
"Forest_Tent_Caterpillar",-91.601647,31.582344
"Forest_Tent_Caterpillar",-78.743504,33.927574
"Forest_Tent_Caterpillar",-89.983973,35.095588
"Forest_Tent_Caterpillar",-76.035841,36.871001
"Forest_Tent_Caterpillar",-84.297799,33.229013
"Forest_Tent_Caterpillar",-96.269193,29.671972
"Forest_Tent_Caterpillar",-89.670007,35.086383
"Forest_Tent_Caterpillar",-95.60633,29.374121
"Forest_Tent_Caterpillar",-79.032306,33.639044
"Forest_Tent_Caterpillar",-97.061586,32.645553
"Forest_Tent_Caterpillar",-97.200966,32.877663
"Forest_Tent_Caterpillar",-78.983537,35.918203
"Forest_Tent_Caterpillar",-96.354421,30.629611
"Forest_Tent_Caterpillar",-96.973429,33.046314
"Forest_Tent_Caterpillar",-97.839897,30.333548
"Forest_Tent_Caterpillar",-96.811233,32.161022
"Forest_Tent_Caterpillar",-98.765893,30.222802
"Forest_Tent_Caterpillar",-95.449363,29.764842
"Forest_Tent_Caterpillar",-95.401209,29.717188
"Forest_Tent_Caterpillar",-98.625983,29.59184
"Forest_Tent_Caterpillar",-95.265458,29.68473
"Forest_Tent_Caterpillar",-97.220731,30.120264
"Forest_Tent_Caterpillar",-97.467997,31.113132
"Forest_Tent_Caterpillar",-97.303059,32.781662
"Forest_Tent_Caterpillar",-97.662777,30.500358
"Forest_Tent_Caterpillar",-97.673057,30.366329
"Forest_Tent_Caterpillar",-97.726087,30.221556
"Forest_Tent_Caterpillar",-97.232719,32.387239
"Forest_Tent_Caterpillar",-89.08785,30.366188
"Forest_Tent_Caterpillar",-78.753133,35.714711
"Forest_Tent_Caterpillar",-79.065388,33.788089
"Forest_Tent_Caterpillar",-90.904629,30.307087
"Forest_Tent_Caterpillar",-95.452927,29.764012
"Forest_Tent_Caterpillar",-97.841957,30.274338
"Forest_Tent_Caterpillar",-97.490717,31.118542
"Forest_Tent_Caterpillar",-77.916397,34.377888
"Forest_Tent_Caterpillar",-72.022094,44.137117
"Forest_Tent_Caterpillar",-98.121728,30.199483
"Forest_Tent_Caterpillar",-95.580653,29.129071
"Forest_Tent_Caterpillar",-95.434855,29.06123
"Forest_Tent_Caterpillar",-97.839897,30.333548
"Forest_Tent_Caterpillar",-98.704508,29.816214
"Forest_Tent_Caterpillar",-98.733343,29.440894
"Forest_Tent_Caterpillar",-96.875183,29.890017
"Forest_Tent_Caterpillar",-95.40905,29.050828
"Forest_Tent_Caterpillar",-92.920944,30.111107
"Forest_Tent_Caterpillar",-84.290671,30.538094
"Forest_Tent_Caterpillar",-97.172347,32.775853
"Forest_Tent_Caterpillar",-95.117527,29.592814
"Forest_Tent_Caterpillar",-76.226708,36.786595
"Forest_Tent_Caterpillar",-97.821258,28.409397
"Forest_Tent_Caterpillar",-97.89287,30.240585
"Forest_Tent_Caterpillar",-90.118645,30.010309
"Forest_Tent_Caterpillar",-98.624472,29.57758
"Forest_Tent_Caterpillar",-83.384857,33.902336
"Forest_Tent_Caterpillar",-98.410004,29.9
"Forest_Tent_Caterpillar",-94.701715,33.009539
"Forest_Tent_Caterpillar",-91.201911,30.648623
"Forest_Tent_Caterpillar",-84.179386,30.441352
"Forest_Tent_Caterpillar",-97.692673,33.358182
"Forest_Tent_Caterpillar",-96.212617,30.564108
"Forest_Tent_Caterpillar",-95.449455,29.767383
"Forest_Tent_Caterpillar",-76.113721,36.910599
"Forest_Tent_Caterpillar",-96.964554,30.28277
"Forest_Tent_Caterpillar",-98.571303,30.244744
"Forest_Tent_Caterpillar",-97.467997,31.113132
"Forest_Tent_Caterpillar",-84.081229,30.518501
"Forest_Tent_Caterpillar",-98.442209,29.638929
"Forest_Tent_Caterpillar",-77.447175,35.642564
"Forest_Tent_Caterpillar",-96.290941,30.219405
"Forest_Tent_Caterpillar",-90.121652,29.793598
"Forest_Tent_Caterpillar",-98.472392,29.461119
"Forest_Tent_Caterpillar",-80.057321,33.948615
"Forest_Tent_Caterpillar",-83.38476,33.90197
"Forest_Tent_Caterpillar",-95.399489,29.71855
"Forest_Tent_Caterpillar",-97.813559,32.246909
"Forest_Tent_Caterpillar",-98.096192,29.996638
"Forest_Tent_Caterpillar",-97.315042,30.161706
"Forest_Tent_Caterpillar",-124.067743,40.848219
"Forest_Tent_Caterpillar",-98.578235,30.020886
"Forest_Tent_Caterpillar",-97.545382,30.218654
"Forest_Tent_Caterpillar",-98.490813,29.627642
"Forest_Tent_Caterpillar",-80.596732,35.432408
"Forest_Tent_Caterpillar",-97.226573,30.021312
"Forest_Tent_Caterpillar",-78.940713,35.793597
"Forest_Tent_Caterpillar",-78.43686,33.905096
"Forest_Tent_Caterpillar",-90.099998,30
"Forest_Tent_Caterpillar",-97.735197,30.58277
"Forest_Tent_Caterpillar",-122.815628,38.406517
"Forest_Tent_Caterpillar",-95.088511,29.518055
"Forest_Tent_Caterpillar",-85.173587,34.998994
"Forest_Tent_Caterpillar",-95.315955,29.706978
"Forest_Tent_Caterpillar",-77.36011,35.62644
"Forest_Tent_Caterpillar",-122.489445,48.773096
"Forest_Tent_Caterpillar",-95.087523,29.529837
"Forest_Tent_Caterpillar",-97.159043,30.03766
"Forest_Tent_Caterpillar",-79.830041,32.831387
"Forest_Tent_Caterpillar",-91.19186,30.65212
"Forest_Tent_Caterpillar",-95.658043,29.638708
"Forest_Tent_Caterpillar",-97.468997,31.114079
"Forest_Tent_Caterpillar",-95.139999,29.5
"Forest_Tent_Caterpillar",-91.917672,30.218378
"Forest_Tent_Caterpillar",-79.20062,34.001404
"Forest_Tent_Caterpillar",-111.598201,40.344266
"Forest_Tent_Caterpillar",-98.485872,29.874125
"Forest_Tent_Caterpillar",-97.56334,32.840319
"Forest_Tent_Caterpillar",-97.467997,31.113132
"Forest_Tent_Caterpillar",-79.095032,36.073368
"Forest_Tent_Caterpillar",-97.148558,31.583639
"Forest_Tent_Caterpillar",-98.599253,29.57633
"Forest_Tent_Caterpillar",-98.601481,30.19402
"Forest_Tent_Caterpillar",-81.441042,27.495745
"Forest_Tent_Caterpillar",-98.181072,30.750855
"Forest_Tent_Caterpillar",-97.685914,30.515353
"Forest_Tent_Caterpillar",-97.219949,32.851263
"Forest_Tent_Caterpillar",-96.98991,33.062599
"Forest_Tent_Caterpillar",-97.6565,32.687028
"Forest_Tent_Caterpillar",-85.952647,30.696897
"Forest_Tent_Caterpillar",-97.323325,30.112064
"Forest_Tent_Caterpillar",-88.780519,33.44675
"Forest_Tent_Caterpillar",-96.759858,32.775028
"Forest_Tent_Caterpillar",-91.200608,30.648628
"Forest_Tent_Caterpillar",-76.92961,35.843704
"Forest_Tent_Caterpillar",-70.648752,44.288961
"Forest_Tent_Caterpillar",-97.299278,29.096812
"Forest_Tent_Caterpillar",-96.050443,30.051837
"Forest_Tent_Caterpillar",-84.920382,32.768196
"Forest_Tent_Caterpillar",-96.313076,30.942317
"Forest_Tent_Caterpillar",-97.571231,30.309044
"Forest_Tent_Caterpillar",-96.763897,29.658977
"Forest_Tent_Caterpillar",-97.427285,30.793053
"Forest_Tent_Caterpillar",-79.052628,35.940187
"Forest_Tent_Caterpillar",-80.6335,35.082414
"Forest_Tent_Caterpillar",-97.096955,33.014764
"Forest_Tent_Caterpillar",-97.164316,33.093585
"Forest_Tent_Caterpillar",-98.542458,29.546792
"Forest_Tent_Caterpillar",-95.257206,32.312352
"Forest_Tent_Caterpillar",-90.934003,30.294344
"Forest_Tent_Caterpillar",-95.128708,29.526438
"Forest_Tent_Caterpillar",-81.853897,33.223923
"Forest_Tent_Caterpillar",-79.863972,33.559097
"Forest_Tent_Caterpillar",-79.001088,34.387754
"Forest_Tent_Caterpillar",-98.61708,29.581758
"Forest_Tent_Caterpillar",-95.876043,32.358811
"Forest_Tent_Caterpillar",-96.749462,32.729883
"Forest_Tent_Caterpillar",-91.280123,30.689867
"Forest_Tent_Caterpillar",-95.615927,29.380856
"Forest_Tent_Caterpillar",-81.836333,32.524973
"Forest_Tent_Caterpillar",-97.311462,30.370087
"Forest_Tent_Caterpillar",-96.291956,30.022439
"Forest_Tent_Caterpillar",-97.165597,31.66962
"Forest_Tent_Caterpillar",-98.694871,29.554989
"Forest_Tent_Caterpillar",-81.381227,28.405236
"Forest_Tent_Caterpillar",-91.986877,30.257303
"Forest_Tent_Caterpillar",-97.777269,30.436766
"Forest_Tent_Caterpillar",-81.045175,33.984244
"Forest_Tent_Caterpillar",-96.469088,29.072719
"Forest_Tent_Caterpillar",-95.247396,29.535034
"Forest_Tent_Caterpillar",-97.019194,32.966305
"Forest_Tent_Caterpillar",-81.087069,31.992434
"Forest_Tent_Caterpillar",-96.795655,32.798572
"Forest_Tent_Caterpillar",-97.190903,32.845388
"Forest_Tent_Caterpillar",-96.990495,33.062299
"Forest_Tent_Caterpillar",-77.860122,34.235497
"Forest_Tent_Caterpillar",-84.343846,30.504352
"Forest_Tent_Caterpillar",-95.751295,29.752121
"Forest_Tent_Caterpillar",-91.181642,30.418546
"Forest_Tent_Caterpillar",-98.60395,30.249187
"Forest_Tent_Caterpillar",-95.99107,32.847049
"Forest_Tent_Caterpillar",-95.110621,29.499756
"Forest_Tent_Caterpillar",-97.361477,32.710534
"Forest_Tent_Caterpillar",-97.677691,30.41444
"Forest_Tent_Caterpillar",-95.544581,29.413198
"Forest_Tent_Caterpillar",-97.363617,32.74158
"Forest_Tent_Caterpillar",-97.415971,32.787583
"Forest_Tent_Caterpillar",-97.842893,30.081718
"Forest_Tent_Caterpillar",-81.372214,28.53503
"Forest_Tent_Caterpillar",-97.78688,30.149436
"Forest_Tent_Caterpillar",-95.298363,29.670972
"Forest_Tent_Caterpillar",-96.844329,29.890726
"Forest_Tent_Caterpillar",-95.248117,29.782071
"Forest_Tent_Caterpillar",-97.116448,32.78326
"Forest_Tent_Caterpillar",-97.113858,33.231571
"Forest_Tent_Caterpillar",-88.695335,32.420982
"Forest_Tent_Caterpillar",-95.900548,31.948223
"Forest_Tent_Caterpillar",-97.800686,30.49583
"Forest_Tent_Caterpillar",-95.238257,29.607975
"Forest_Tent_Caterpillar",-90.092292,30.00685
"Forest_Tent_Caterpillar",-97.12875,32.826708
"Forest_Tent_Caterpillar",-80.852579,35.317875
"Forest_Tent_Caterpillar",-97.427425,30.793159
"Forest_Tent_Caterpillar",-95.19716,29.55008
"Forest_Tent_Caterpillar",-95.195829,29.547982
"Forest_Tent_Caterpillar",-98.481225,29.460909
"Forest_Tent_Caterpillar",-78.973628,36.05341
"Forest_Tent_Caterpillar",-98.368203,30.743155
"Forest_Tent_Caterpillar",-96.182145,30.291356
"Forest_Tent_Caterpillar",-95.594246,29.375061
"Forest_Tent_Caterpillar",-98.763397,29.80778
"Forest_Tent_Caterpillar",-86.155825,32.467195
"Forest_Tent_Caterpillar",-97.3801,32.454178
"Forest_Tent_Caterpillar",-95.273505,29.682628
"Forest_Tent_Caterpillar",-97.772392,30.487086
"Forest_Tent_Caterpillar",-79.021984,33.785793
"Forest_Tent_Caterpillar",-82.40767,29.638008
"Forest_Tent_Caterpillar",-80.181985,32.744362
"Forest_Tent_Caterpillar",-80.078286,32.974125
"Forest_Tent_Caterpillar",-97.874808,30.186237
"Forest_Tent_Caterpillar",-93.891575,33.133106
"Forest_Tent_Caterpillar",-95.556938,30.770044
"Forest_Tent_Caterpillar",-97.033547,28.808795
"Forest_Tent_Caterpillar",-96.2576,30.140239
"Forest_Tent_Caterpillar",-97.696548,30.505234
"Forest_Tent_Caterpillar",-84.743908,33.465993
"Forest_Tent_Caterpillar",-96.961753,30.855
"Forest_Tent_Caterpillar",-97.957918,29.894159
"Forest_Tent_Caterpillar",-96.714037,32.824546
"Forest_Tent_Caterpillar",-98.242304,29.610226
"Forest_Tent_Caterpillar",-98.031589,30.123275
"Forest_Tent_Caterpillar",-97.170356,31.554989
"Forest_Tent_Caterpillar",-94.101456,33.491737
"Forest_Tent_Caterpillar",-89.660249,31.95718
"Forest_Tent_Caterpillar",-98.675004,29.619789
"Forest_Tent_Caterpillar",-91.958333,30.358367
"Forest_Tent_Caterpillar",-79.834122,34.184227
"Forest_Tent_Caterpillar",-95.604371,29.377365
"Forest_Tent_Caterpillar",-96.156414,30.326077
"Forest_Tent_Caterpillar",-80.692087,32.235964
"Forest_Tent_Caterpillar",-80.99565,33.980059
"Forest_Tent_Caterpillar",-95.298042,29.521783
"Forest_Tent_Caterpillar",-96.932492,32.910964
"Forest_Tent_Caterpillar",-97.669783,30.492933
"Forest_Tent_Caterpillar",-82.470058,29.362775
"Forest_Tent_Caterpillar",-95.719726,29.777338
"Forest_Tent_Caterpillar",-97.931612,29.873628
"Forest_Tent_Caterpillar",-97.983292,29.848183
"Forest_Tent_Caterpillar",-97.849998,30.1
"Forest_Tent_Caterpillar",-98.615098,29.682686
"Forest_Tent_Caterpillar",-84.31112,30.445638
"Forest_Tent_Caterpillar",-96.93785,32.952763
"Forest_Tent_Caterpillar",-97.114882,32.783404
"Forest_Tent_Caterpillar",-94.69899,33.010114
"Forest_Tent_Caterpillar",-80.044029,32.988495
"Forest_Tent_Caterpillar",-93.184784,33.347369
"Forest_Tent_Caterpillar",-97.783928,30.504494
"Forest_Tent_Caterpillar",-81.090971,33.986785
"Forest_Tent_Caterpillar",-97.93878,29.890263
"Forest_Tent_Caterpillar",-80.858229,33.489178
"Forest_Tent_Caterpillar",-97.367119,32.735668
"Forest_Tent_Caterpillar",-100.733483,46.675238
"Forest_Tent_Caterpillar",-75.830778,36.380288
"Forest_Tent_Caterpillar",-97.888474,30.258295
"Forest_Tent_Caterpillar",-97.186753,31.557822
"Forest_Tent_Caterpillar",-111.705571,40.695251
"Forest_Tent_Caterpillar",-82.66552,27.84293
"Forest_Tent_Caterpillar",-90.573622,32.923145
"Forest_Tent_Caterpillar",-96.825053,28.887483
"Forest_Tent_Caterpillar",-124.126187,40.793208
"Forest_Tent_Caterpillar",-80.001663,45.080833
"Forest_Tent_Caterpillar",-63.638302,44.789304
"Forest_Tent_Caterpillar",-71.270143,46.784414
"Forest_Tent_Caterpillar",-79.293097,44.718467
"Forest_Tent_Caterpillar",-95.248887,29.422358
"Forest_Tent_Caterpillar",-82.44612,29.400975
"Forest_Tent_Caterpillar",-80.001389,45.080833
"Forest_Tent_Caterpillar",-79.745758,40.457783
"Forest_Tent_Caterpillar",-96.569822,29.833756
"Forest_Tent_Caterpillar",-97.101784,32.790634
"Forest_Tent_Caterpillar",-90.65094,30.384723
"Forest_Tent_Caterpillar",-98.482033,29.460567
"Forest_Tent_Caterpillar",-70.482764,41.570019
"Forest_Tent_Caterpillar",-94.010702,33.236182
"Forest_Tent_Caterpillar",-80.890555,32.185372
"Forest_Tent_Caterpillar",-97.699789,30.240703
"Forest_Tent_Caterpillar",-97.535637,32.878445
"Forest_Tent_Caterpillar",-80.345245,33.955601
"Forest_Tent_Caterpillar",-97.070745,28.848394
"Forest_Tent_Caterpillar",-97.277209,32.880386
"Forest_Tent_Caterpillar",-97.276458,32.87165
"Forest_Tent_Caterpillar",-80.731506,34.211753
"Forest_Tent_Caterpillar",-97.837806,30.226533
"Forest_Tent_Caterpillar",-95.804455,29.7483
"Forest_Tent_Caterpillar",-95.745537,29.722942
"Forest_Tent_Caterpillar",-95.266838,29.56535
"Forest_Tent_Caterpillar",-93.241088,45.028847
"Forest_Tent_Caterpillar",-97.027,32.964093
"Forest_Tent_Caterpillar",-88.959922,33.425446
"Forest_Tent_Caterpillar",-97.27642,32.871825
"Forest_Tent_Caterpillar",-76.179665,36.794656
"Forest_Tent_Caterpillar",-97.443538,30.165603
"Forest_Tent_Caterpillar",-95.047413,29.56331
"Forest_Tent_Caterpillar",-82.324826,29.651578
"Forest_Tent_Caterpillar",-97.379638,30.359588
"Forest_Tent_Caterpillar",-97.563036,29.636007
"Forest_Tent_Caterpillar",-91.167411,30.441547
"Forest_Tent_Caterpillar",-95.177896,29.631172
"Forest_Tent_Caterpillar",-83.569295,33.469523
"Forest_Tent_Caterpillar",-80.823036,33.829515
"Forest_Tent_Caterpillar",-81.045203,33.984283
"Forest_Tent_Caterpillar",-124.263541,40.58048
"Forest_Tent_Caterpillar",-94.103736,33.488983
"Forest_Tent_Caterpillar",-98.482033,29.460567
"Forest_Tent_Caterpillar",-95.199208,29.553219
"Forest_Tent_Caterpillar",-79.9229,32.749402
"Forest_Tent_Caterpillar",-97.844707,30.232446
"Forest_Tent_Caterpillar",-96.155468,30.325767
"Forest_Tent_Caterpillar",-97.27928,32.817528
"Forest_Tent_Caterpillar",-97.749458,30.441978
"Forest_Tent_Caterpillar",-85.929337,30.7126
"Forest_Tent_Caterpillar",-80.452484,32.769062
"Forest_Tent_Caterpillar",-97.165628,32.753078
"Forest_Tent_Caterpillar",-83.172767,31.380245
"Forest_Tent_Caterpillar",-98.704697,30.572647
"Forest_Tent_Caterpillar",-91.107424,30.265341
"Forest_Tent_Caterpillar",-84.167175,30.431912
"Forest_Tent_Caterpillar",-98.599364,29.590374
"Forest_Tent_Caterpillar",-98.09666,29.996711
"Forest_Tent_Caterpillar",-97.018319,32.96637
"Forest_Tent_Caterpillar",-95.741798,29.586933
"Forest_Tent_Caterpillar",-98.213646,30.768654
"Forest_Tent_Caterpillar",-97.621238,30.187857
"Forest_Tent_Caterpillar",-95.924393,29.675707
"Forest_Tent_Caterpillar",-80.858151,33.489231
"Forest_Tent_Caterpillar",-95.924391,29.675706
"Forest_Tent_Caterpillar",-98.481819,29.460732
"Forest_Tent_Caterpillar",-97.395425,30.66789
"Forest_Tent_Caterpillar",-99.212537,30.093392
"Forest_Tent_Caterpillar",-97.357944,32.709112
"Forest_Tent_Caterpillar",-80.858035,33.489308
"Forest_Tent_Caterpillar",-97.358078,32.710005
"Forest_Tent_Caterpillar",-81.135773,35.257446
"Forest_Tent_Caterpillar",-79.150435,33.672871
"Forest_Tent_Caterpillar",-97.8737,30.185715
"Forest_Tent_Caterpillar",-80.038994,32.968903
"Forest_Tent_Caterpillar",-78.962663,34.3915
"Forest_Tent_Caterpillar",-98.269592,30.530606
"Forest_Tent_Caterpillar",-95.75802,29.725517
"Forest_Tent_Caterpillar",-97.653473,30.232279
"Forest_Tent_Caterpillar",-97.678679,30.414863
"Forest_Tent_Caterpillar",-97.836455,30.159545
"Forest_Tent_Caterpillar",-96.727733,29.369079
"Forest_Tent_Caterpillar",-95.578372,28.914081
"Forest_Tent_Caterpillar",-89.800318,33.789996
"Forest_Tent_Caterpillar",-97.749993,30.400065
"Forest_Tent_Caterpillar",-63.578712,44.640325
"Forest_Tent_Caterpillar",-95.604613,29.377478
"Forest_Tent_Caterpillar",-99.261876,30.317058
"Forest_Tent_Caterpillar",-75.826515,36.369353
"Forest_Tent_Caterpillar",-97.93071,29.893408
"Forest_Tent_Caterpillar",-97.712172,30.240433
"Forest_Tent_Caterpillar",-90.98611,30.480019
"Forest_Tent_Caterpillar",-95.724864,29.938165
"Forest_Tent_Caterpillar",-94.173292,33.478192
"Forest_Tent_Caterpillar",-80.557655,42.635145
"Forest_Tent_Caterpillar",-77.366354,35.612661
"Forest_Tent_Caterpillar",-93.644474,33.497322
"Forest_Tent_Caterpillar",-80.849335,35.082031
"Forest_Tent_Caterpillar",-124.187784,40.776359
"Forest_Tent_Caterpillar",-98.426273,30.103918
"Forest_Tent_Caterpillar",-97.935158,29.880567
"Forest_Tent_Caterpillar",-97.274262,32.866467
"Forest_Tent_Caterpillar",-76.699152,36.437205
"Forest_Tent_Caterpillar",-97.935372,29.888494
"Forest_Tent_Caterpillar",-97.26914,32.859226
"Forest_Tent_Caterpillar",-95.119686,29.573678
"Forest_Tent_Caterpillar",-97.276439,31.475599
"Forest_Tent_Caterpillar",-97.687405,29.883415
"Forest_Tent_Caterpillar",-95.196686,29.550727
"Forest_Tent_Caterpillar",-80.349028,33.218941
"Forest_Tent_Caterpillar",-95.759339,29.740775
"Forest_Tent_Caterpillar",-97.913222,30.339375
"Forest_Tent_Caterpillar",-97.751865,30.484564
"Forest_Tent_Caterpillar",-95.623957,29.763584
"Forest_Tent_Caterpillar",-84.170162,30.437415
"Forest_Tent_Caterpillar",-92.012474,30.277105
"Forest_Tent_Caterpillar",-97.709107,33.05758
"Forest_Tent_Caterpillar",-96.599541,30.867503
"Forest_Tent_Caterpillar",-98.426063,30.104011
"Forest_Tent_Caterpillar",-94.740158,29.833287
"Forest_Tent_Caterpillar",-95.266957,29.682946
"Forest_Tent_Caterpillar",-80.180672,32.737979
"Forest_Tent_Caterpillar",-98.516075,30.15874
"Forest_Tent_Caterpillar",-98.03188,29.393822
"Forest_Tent_Caterpillar",-85.87277,30.81226
"Forest_Tent_Caterpillar",-98.781256,29.576609
"Forest_Tent_Caterpillar",-97.736314,30.156728
"Forest_Tent_Caterpillar",-96.567047,33.014544
"Forest_Tent_Caterpillar",-97.117296,32.794511
"Forest_Tent_Caterpillar",-97.018253,32.966295
"Forest_Tent_Caterpillar",-90.936203,30.5426
"Forest_Tent_Caterpillar",-79.009921,33.794556
"Forest_Tent_Caterpillar",-79.004106,34.640358
"Forest_Tent_Caterpillar",-97.662607,29.891343
"Forest_Tent_Caterpillar",-83.387168,33.899755
"Forest_Tent_Caterpillar",-95.366297,29.475348
"Forest_Tent_Caterpillar",-80.810452,35.241235
"Forest_Tent_Caterpillar",-97.600918,32.029721
"Forest_Tent_Caterpillar",-98.479045,29.679003
"Forest_Tent_Caterpillar",-98.482086,29.462127
"Forest_Tent_Caterpillar",-97.968681,29.883484
"Forest_Tent_Caterpillar",-95.110359,29.588306
"Forest_Tent_Caterpillar",-96.212092,30.5673
"Forest_Tent_Caterpillar",-80.454976,35.462628
"Forest_Tent_Caterpillar",-96.005172,30.042645
"Forest_Tent_Caterpillar",-76.206649,36.775922
"Forest_Tent_Caterpillar",-95.072129,29.595886
"Forest_Tent_Caterpillar",-97.225033,31.335768
"Forest_Tent_Caterpillar",-75.818688,45.350002
"Forest_Tent_Caterpillar",-97.30187,27.661704
"Forest_Tent_Caterpillar",-98.482026,29.460614
"Forest_Tent_Caterpillar",-74.68681,41.959512
"Forest_Tent_Caterpillar",-77.33821,35.613465
"Forest_Tent_Caterpillar",-76.589225,42.407988
"Forest_Tent_Caterpillar",-97.377617,32.7345
"Forest_Tent_Caterpillar",-120.408822,48.586905
"Forest_Tent_Caterpillar",-96.227696,30.732847
"Forest_Tent_Caterpillar",-111.655586,40.707743
"Forest_Tent_Caterpillar",-82.559198,29.017597
"Forest_Tent_Caterpillar",-76.589317,42.407937
"Forest_Tent_Caterpillar",-71.270143,46.784414
"Forest_Tent_Caterpillar",-95.105041,30.800843
"Forest_Tent_Caterpillar",-79.745888,40.457895
"Forest_Tent_Caterpillar",-97.990688,29.869555
"Forest_Tent_Caterpillar",-81.335508,28.806256
"Forest_Tent_Caterpillar",-95.288499,29.336561
"Forest_Tent_Caterpillar",-111.492663,40.67097
"Forest_Tent_Caterpillar",-72.349083,42.050089
"Forest_Tent_Caterpillar",-97.887125,30.237897
"Forest_Tent_Caterpillar",-98.077805,29.813634
"Forest_Tent_Caterpillar",-97.411217,32.789028
"Forest_Tent_Caterpillar",-97.677984,30.633527
"Forest_Tent_Caterpillar",-98.248142,31.634641
"Forest_Tent_Caterpillar",-122.795239,38.539227
"Forest_Tent_Caterpillar",-97.910004,29.9
"Forest_Tent_Caterpillar",-107.162138,37.220018
"Forest_Tent_Caterpillar",-96.322778,30.62921
"Forest_Tent_Caterpillar",-77.537842,44.246017
"Forest_Tent_Caterpillar",-91.038989,30.425337
"Forest_Tent_Caterpillar",-98.114081,30.198592
"Forest_Tent_Caterpillar",-98.481872,29.460703
"Forest_Tent_Caterpillar",-95.449525,29.762512
"Forest_Tent_Caterpillar",-98.248102,31.633735
"Forest_Tent_Caterpillar",-82.612,29.852295
"Forest_Tent_Caterpillar",-97.649963,30.531783
"Forest_Tent_Caterpillar",-97.154559,30.011244
"Forest_Tent_Caterpillar",-70.871553,41.953211
"Forest_Tent_Caterpillar",-97.275271,28.305331
"Forest_Tent_Caterpillar",-121.809158,37.279012
"Forest_Tent_Caterpillar",-76.356911,36.506341
"Forest_Tent_Caterpillar",-97.338032,30.120693
"Forest_Tent_Caterpillar",-86.696282,31.142747
"Forest_Tent_Caterpillar",-95.773544,30.125998
"Forest_Tent_Caterpillar",-73.47687,41.879375
"Forest_Tent_Caterpillar",-75.870141,45.598707
"Forest_Tent_Caterpillar",-97.110419,32.791938
"Forest_Tent_Caterpillar",-95.456648,29.646323
"Forest_Tent_Caterpillar",-76.162761,36.775323
"Forest_Tent_Caterpillar",-97.34362,30.117595
"Forest_Tent_Caterpillar",-123.370322,44.058564
"Forest_Tent_Caterpillar",-97.338038,30.120769
"Forest_Tent_Caterpillar",-97.839683,30.18695
"Forest_Tent_Caterpillar",-97.776695,30.464317
"Forest_Tent_Caterpillar",-97.787262,30.291338
"Forest_Tent_Caterpillar",-83.498654,30.841431
"Forest_Tent_Caterpillar",-97.097939,32.787017
"Forest_Tent_Caterpillar",-95.899194,29.698414
"Forest_Tent_Caterpillar",-98.0741,29.350592
"Forest_Tent_Caterpillar",-97.874795,30.187142
"Forest_Tent_Caterpillar",-61.37119,46.202938
"Forest_Tent_Caterpillar",-97.928357,29.894785
"Forest_Tent_Caterpillar",-96.543034,28.958419
"Forest_Tent_Caterpillar",-96.939066,32.918312
"Forest_Tent_Caterpillar",-95.694347,29.803474
"Forest_Tent_Caterpillar",-82.242165,28.146046
"Forest_Tent_Caterpillar",-82.678704,29.833533
"Forest_Tent_Caterpillar",-84.31734,30.480275
"Forest_Tent_Caterpillar",-98.392708,30.284517
"Forest_Tent_Caterpillar",-95.389613,29.692395
"Forest_Tent_Caterpillar",-95.159578,29.497388
"Forest_Tent_Caterpillar",-82.344616,29.888291
"Forest_Tent_Caterpillar",-97.77798,30.436574
"Forest_Tent_Caterpillar",-97.936506,29.90652
"Forest_Tent_Caterpillar",-97.688142,30.300408
"Forest_Tent_Caterpillar",-91.988654,30.259089
"Forest_Tent_Caterpillar",-98.356547,29.497679
"Forest_Tent_Caterpillar",-95.449327,29.760393
"Forest_Tent_Caterpillar",-94.15284,33.305614
"Forest_Tent_Caterpillar",-98.48137,29.461074
"Forest_Tent_Caterpillar",-97.468109,31.084366
"Forest_Tent_Caterpillar",-95.594663,29.375193
"Forest_Tent_Caterpillar",-97.953878,29.548433
"Forest_Tent_Caterpillar",-95.474569,29.04702
"Forest_Tent_Caterpillar",-84.341485,30.095563
"Forest_Tent_Caterpillar",-98.481955,29.460638
"Forest_Tent_Caterpillar",-84.402945,30.468395
"Forest_Tent_Caterpillar",-90.735053,29.728853
"Forest_Tent_Caterpillar",-97.36338,32.742229
"Forest_Tent_Caterpillar",-97.980748,29.536064
"Forest_Tent_Caterpillar",-82.270848,28.026576
"Forest_Tent_Caterpillar",-95.114674,29.428083
"Forest_Tent_Caterpillar",-97.94028,29.888484
"Forest_Tent_Caterpillar",-85.269174,31.740192
"Forest_Tent_Caterpillar",-98.582246,33.035664
"Forest_Tent_Caterpillar",-98.601894,29.576849
"Forest_Tent_Caterpillar",-82.594987,29.655733
"Forest_Tent_Caterpillar",-95.975808,31.178711
"Forest_Tent_Caterpillar",-97.841236,30.208767
"Forest_Tent_Caterpillar",-97.703353,30.239338
"Forest_Tent_Caterpillar",-82.735275,29.78195
"Forest_Tent_Caterpillar",-97.688142,30.300408
"Forest_Tent_Caterpillar",-81.213976,29.080824
"Forest_Tent_Caterpillar",-95.065528,29.5742
"Forest_Tent_Caterpillar",-91.993202,30.261955
"Forest_Tent_Caterpillar",-97.507865,32.764344
"Forest_Tent_Caterpillar",-97.955253,29.568267
"Forest_Tent_Caterpillar",-96.309406,30.604042
"Forest_Tent_Caterpillar",-95.16198,29.479107
"Forest_Tent_Caterpillar",-95.399799,29.719917
"Forest_Tent_Caterpillar",-82.151397,29.190595
"Forest_Tent_Caterpillar",-95.175588,29.524843
"Forest_Tent_Caterpillar",-97.637386,30.539473
"Forest_Tent_Caterpillar",-122.520437,38.350884
"Forest_Tent_Caterpillar",-97.276062,32.8741
"Forest_Tent_Caterpillar",-85.443297,31.11257
"Forest_Tent_Caterpillar",-77.947377,34.037195
"Forest_Tent_Caterpillar",-124.201111,40.745
"Forest_Tent_Caterpillar",-94.227943,46.35946
"Forest_Tent_Caterpillar",-96.556728,28.910852
"Forest_Tent_Caterpillar",-98.230049,29.656197
"Forest_Tent_Caterpillar",-97.277672,32.873703
"Forest_Tent_Caterpillar",-95.539635,29.581558
"Forest_Tent_Caterpillar",-95.39508,29.72042
"Forest_Tent_Caterpillar",-97.584847,29.589792
"Forest_Tent_Caterpillar",-73.732087,41.787133
"Forest_Tent_Caterpillar",-79.454711,44.862659
"Forest_Tent_Caterpillar",-123.466602,43.263685
"Forest_Tent_Caterpillar",-95.607825,29.96522
"Forest_Tent_Caterpillar",-95.619772,29.755358
"Forest_Tent_Caterpillar",-96.685675,32.857067
"Forest_Tent_Caterpillar",-79.454901,44.862716
"Forest_Tent_Caterpillar",-123.466604,43.263685
"Forest_Tent_Caterpillar",-98.40748,29.580445
"Forest_Tent_Caterpillar",-97.276847,32.874108
"Forest_Tent_Caterpillar",-95.022566,29.447401
"Forest_Tent_Caterpillar",-122.515161,38.437469
"Forest_Tent_Caterpillar",-92.019792,30.207558
"Forest_Tent_Caterpillar",-95.200369,29.54288
"Forest_Tent_Caterpillar",-97.233727,32.80402
"Forest_Tent_Caterpillar",-91.02427,30.48855
"Forest_Tent_Caterpillar",-86.193547,30.840069
"Forest_Tent_Caterpillar",-96.122855,29.325631
"Forest_Tent_Caterpillar",-80.684355,32.891453
"Forest_Tent_Caterpillar",-83.538778,31.176994
"Forest_Tent_Caterpillar",-97.140774,32.721029
"Forest_Tent_Caterpillar",-84.573185,30.523182
"Forest_Tent_Caterpillar",-95.624778,29.36842
"Forest_Tent_Caterpillar",-113.653188,53.556157
"Forest_Tent_Caterpillar",-122.848421,38.404491
"Forest_Tent_Caterpillar",-97.278205,32.878862
"Forest_Tent_Caterpillar",-82.441623,28.908074
"Forest_Tent_Caterpillar",-123.466603,43.263679
"Forest_Tent_Caterpillar",-122.540508,38.450847
"Forest_Tent_Caterpillar",-82.193389,29.695889
"Forest_Tent_Caterpillar",-85.945135,32.573975
"Forest_Tent_Caterpillar",-85.544503,30.432372
"Forest_Tent_Caterpillar",-83.768671,32.861185
"Forest_Tent_Caterpillar",-82.046448,28.728384
"Forest_Tent_Caterpillar",-123.466604,43.263685
"Forest_Tent_Caterpillar",-95.396853,29.721256
"Forest_Tent_Caterpillar",-97.025877,30.383838
"Forest_Tent_Caterpillar",-84.24122,30.579579
"Forest_Tent_Caterpillar",-95.40859,29.582134
"Forest_Tent_Caterpillar",-97.788863,30.380975
"Forest_Tent_Caterpillar",-82.424618,29.712756
"Forest_Tent_Caterpillar",-94.41137,32.862125
"Forest_Tent_Caterpillar",-89.144717,45.435145
"Forest_Tent_Caterpillar",-98.569687,30.272058
"Forest_Tent_Caterpillar",-98.095742,29.994975
"Forest_Tent_Caterpillar",-97.874778,30.18715
"Forest_Tent_Caterpillar",-98.472997,29.462173
"Forest_Tent_Caterpillar",-66.665221,45.921647
"Forest_Tent_Caterpillar",-97.468185,31.084326
"Forest_Tent_Caterpillar",-60.050656,46.039806
"Forest_Tent_Caterpillar",-98.874763,29.354803
"Forest_Tent_Caterpillar",-95.269779,32.301376
"Forest_Tent_Caterpillar",-95.065544,29.574413
"Forest_Tent_Caterpillar",-89.805242,35.15279
"Forest_Tent_Caterpillar",-98.468858,29.457851
"Forest_Tent_Caterpillar",-96.336983,30.594088
"Forest_Tent_Caterpillar",-98.556318,29.789077
"Forest_Tent_Caterpillar",-95.760346,29.741894
"Forest_Tent_Caterpillar",-95.597726,29.383266
"Forest_Tent_Caterpillar",-97.653393,30.231912
"Forest_Tent_Caterpillar",-97.978563,29.576475
"Forest_Tent_Caterpillar",-82.35025,28.804462
"Forest_Tent_Caterpillar",-95.039343,29.579434
"Forest_Tent_Caterpillar",-86.455413,32.550811
"Forest_Tent_Caterpillar",-60.050661,46.039808
"Forest_Tent_Caterpillar",-92.14835,29.864319
"Forest_Tent_Caterpillar",-95.388033,29.585997
"Forest_Tent_Caterpillar",-98.481981,29.460715
"Forest_Tent_Caterpillar",-95.408596,29.582002
"Forest_Tent_Caterpillar",-95.265122,29.683883
"Forest_Tent_Caterpillar",-80.267222,33.024988
"Forest_Tent_Caterpillar",-98.707917,30.208198
"Forest_Tent_Caterpillar",-95.829349,29.519246
"Forest_Tent_Caterpillar",-97.275628,32.872555
"Forest_Tent_Caterpillar",-122.8359,38.568222
"Forest_Tent_Caterpillar",-97.280005,32.885563
"Forest_Tent_Caterpillar",-123.466602,43.263694
"Forest_Tent_Caterpillar",-73.822005,41.762112
"Forest_Tent_Caterpillar",-95.614555,29.109936
"Forest_Tent_Caterpillar",-96.269342,29.671995
"Forest_Tent_Caterpillar",-123.012382,38.817002
"Forest_Tent_Caterpillar",-123.012135,38.815931
"Forest_Tent_Caterpillar",-77.537912,44.245983
"Forest_Tent_Caterpillar",-78.310102,44.3158
"Forest_Tent_Caterpillar",-87.265575,44.907849
"Forest_Tent_Caterpillar",-64.740072,45.044148
"Forest_Tent_Caterpillar",-73.807838,45.768021
"Forest_Tent_Caterpillar",-98.135025,29.70915
"Forest_Tent_Caterpillar",-82.478155,29.405008
"Forest_Tent_Caterpillar",-73.825089,45.759567
"Forest_Tent_Caterpillar",-98.40777,29.234213
"Forest_Tent_Caterpillar",-97.448053,32.664995
"Forest_Tent_Caterpillar",-82.612,29.918524
"Forest_Tent_Caterpillar",-95.097257,29.596471
"Forest_Tent_Caterpillar",-81.277115,29.871469
"Forest_Tent_Caterpillar",-82.489312,28.411895
"Forest_Tent_Caterpillar",-81.599762,30.301767
"Forest_Tent_Caterpillar",-82.936419,29.590391
"Forest_Tent_Caterpillar",-81.887988,28.917785
"Forest_Tent_Caterpillar",-81.858628,27.98998
"Forest_Tent_Caterpillar",-82.423141,28.194271
"Forest_Tent_Caterpillar",-82.122518,28.352392
"Forest_Tent_Caterpillar",-82.232488,28.147735
"Forest_Tent_Caterpillar",-96.459378,46.863271
"Forest_Tent_Caterpillar",-82.094345,29.131657
"Forest_Tent_Caterpillar",-93.37499,45.000149
"Forest_Tent_Caterpillar",-74.252967,41.209872
"Forest_Tent_Caterpillar",-76.484969,44.981652
"Forest_Tent_Caterpillar",-75.225912,45.207521
"Forest_Tent_Caterpillar",-124.090164,40.858845
"Forest_Tent_Caterpillar",-124.10856,42.035841
"Forest_Tent_Caterpillar",-82.264076,28.591638
"Forest_Tent_Caterpillar",-94.642669,31.622133
"Forest_Tent_Caterpillar",-71.159424,42.41141
"Forest_Tent_Caterpillar",-75.212467,45.370462
"Forest_Tent_Caterpillar",-75.228248,45.210628
"Forest_Tent_Caterpillar",-97.601641,30.440617
"Forest_Tent_Caterpillar",-122.802634,49.059436
"Forest_Tent_Caterpillar",-78.921767,33.742393
"Forest_Tent_Caterpillar",-81.299888,29.034747
"Forest_Tent_Caterpillar",-82.329645,29.556433
"Forest_Tent_Caterpillar",-75.226148,45.20675
"Forest_Tent_Caterpillar",-124.089919,40.86082
"Forest_Tent_Caterpillar",-73.844397,41.269231
"Forest_Tent_Caterpillar",-95.073195,29.592767
"Forest_Tent_Caterpillar",-98.830208,29.550822
"Forest_Tent_Caterpillar",-76.678039,45.167985
"Forest_Tent_Caterpillar",-75.227414,45.209948
"Forest_Tent_Caterpillar",-85.005381,45.213776
"Forest_Tent_Caterpillar",-111.677912,39.948978
"Forest_Tent_Caterpillar",-95.072641,29.595655
"Forest_Tent_Caterpillar",-82.28,29.5
"Forest_Tent_Caterpillar",-81.702382,30.239419
"Forest_Tent_Caterpillar",-84.287495,30.531588
"Forest_Tent_Caterpillar",-81.295464,29.043353
"Forest_Tent_Caterpillar",-98.134889,29.709125
"Forest_Tent_Caterpillar",-84.172135,31.779714
"Forest_Tent_Caterpillar",-82.212652,29.741278
"Forest_Tent_Caterpillar",-95.804596,30.014894
"Forest_Tent_Caterpillar",-82.102622,29.089633
"Forest_Tent_Caterpillar",-74.048748,43.738676
"Forest_Tent_Caterpillar",-75.226234,45.206901
"Forest_Tent_Caterpillar",-75.226641,45.209702
"Forest_Tent_Caterpillar",-78.946023,34.954086
"Forest_Tent_Caterpillar",-75.715692,45.38719
"Forest_Tent_Caterpillar",-75.229711,45.20994
"Forest_Tent_Caterpillar",-76.720126,45.238419
"Forest_Tent_Caterpillar",-75.225813,45.386311
"Forest_Tent_Caterpillar",-78.944957,34.958962
"Forest_Tent_Caterpillar",-76.48495,44.981678
"Forest_Tent_Caterpillar",-82.378342,29.633325
"Forest_Tent_Caterpillar",-75.39054,38.687804
"Forest_Tent_Caterpillar",-93.475531,44.89989
"Forest_Tent_Caterpillar",-78.945949,34.954085
"Forest_Tent_Caterpillar",-75.65634,45.454136
"Forest_Tent_Caterpillar",-75.226141,45.210652
"Forest_Tent_Caterpillar",-75.655696,45.453924
"Forest_Tent_Caterpillar",-112.845136,49.695586
"Forest_Tent_Caterpillar",-96.467085,46.865535
"Forest_Tent_Caterpillar",-100.998065,29.797521
"Forest_Tent_Caterpillar",-71.924698,43.892204
"Forest_Tent_Caterpillar",-112.85115,49.737591
"Forest_Tent_Caterpillar",-82.279258,29.477878
"Forest_Tent_Caterpillar",-78.168731,44.258848
"Forest_Tent_Caterpillar",-82.66687,27.838711
"Forest_Tent_Caterpillar",-82.235728,28.143946
"Forest_Tent_Caterpillar",-79.114404,44.132437
"Forest_Tent_Caterpillar",-82.667229,27.842403
"Forest_Tent_Caterpillar",-75.703204,45.387088
"Forest_Tent_Caterpillar",-82.163851,28.42723
"Forest_Tent_Caterpillar",-79.55617,43.798649
"Forest_Tent_Caterpillar",-91.988822,30.261744
"Forest_Tent_Caterpillar",-84.903312,45.413735
"Forest_Tent_Caterpillar",-103.694621,50.497201
"Forest_Tent_Caterpillar",-123.054369,50.533764
"Forest_Tent_Caterpillar",-95.828422,46.427662
"Forest_Tent_Caterpillar",-77.793974,40.912139
"Forest_Tent_Caterpillar",-96.977072,49.893916
"Forest_Tent_Caterpillar",-76.531784,44.241191
"Forest_Tent_Caterpillar",-95.829405,46.427762
"Forest_Tent_Caterpillar",-123.264253,49.88437
"Forest_Tent_Caterpillar",-82.303903,29.608647
"Forest_Tent_Caterpillar",-77.162277,34.870522
"Forest_Tent_Caterpillar",-82.367347,28.112822
"Forest_Tent_Caterpillar",-112.818437,53.678105
"Forest_Tent_Caterpillar",-97.27184,35.190215
"Forest_Tent_Caterpillar",-95.829253,46.427863
"Forest_Tent_Caterpillar",-76.821678,34.808483
"Forest_Tent_Caterpillar",-96.954058,35.869799
"Forest_Tent_Caterpillar",-82.33992,28.266905
"Forest_Tent_Caterpillar",-79.947467,43.56747
"Forest_Tent_Caterpillar",-63.572863,44.66827
"Forest_Tent_Caterpillar",-95.828392,46.427862
"Forest_Tent_Caterpillar",-95.828392,46.427855
"Forest_Tent_Caterpillar",-63.55041,44.676934
"Forest_Tent_Caterpillar",-113.453191,55.222036
"Forest_Tent_Caterpillar",-76.021417,45.081114
"Forest_Tent_Caterpillar",-97.271642,35.190215
"Forest_Tent_Caterpillar",-97.727629,30.246303
"Forest_Tent_Caterpillar",-113.431293,53.545395
"Forest_Tent_Caterpillar",-97.229328,49.868664
"Forest_Tent_Caterpillar",-95.827713,46.426972
"Forest_Tent_Caterpillar",-75.227769,45.210379
"Forest_Tent_Caterpillar",-123.377664,48.46183
"Forest_Tent_Caterpillar",-76.372318,45.332388
"Forest_Tent_Caterpillar",-123.390399,48.483186
"Forest_Tent_Caterpillar",-77.793959,40.912151
"Forest_Tent_Caterpillar",-76.956053,34.841591
"Forest_Tent_Caterpillar",-71.564539,42.636129
"Forest_Tent_Caterpillar",-93.06278,30.225106
"Forest_Tent_Caterpillar",-97.31002,49.871878
"Forest_Tent_Caterpillar",-95.829942,46.42737
"Forest_Tent_Caterpillar",-76.890633,34.995977
"Forest_Tent_Caterpillar",-97.00797,35.73712
"Forest_Tent_Caterpillar",-113.968987,50.87387
"Forest_Tent_Caterpillar",-89.240081,48.434207
"Forest_Tent_Caterpillar",-91.146585,49.23856
"Forest_Tent_Caterpillar",-85.097847,45.55938
"Forest_Tent_Caterpillar",-81.226263,28.175953
"Forest_Tent_Caterpillar",-82.227937,28.14561
"Forest_Tent_Caterpillar",-81.042222,28.035622
"Forest_Tent_Caterpillar",-78.168731,44.258848
"Forest_Tent_Caterpillar",-84.675383,45.559783
"Forest_Tent_Caterpillar",-79.003178,48.360709
"Forest_Tent_Caterpillar",-96.70578,29.239895
"Forest_Tent_Caterpillar",-72.337518,42.402353
"Forest_Tent_Caterpillar",-82.666826,27.84442
"Forest_Tent_Caterpillar",-80.939453,32.334655
"Forest_Tent_Caterpillar",-96.461146,46.86252
"Forest_Tent_Caterpillar",-95.958387,46.532827
"Forest_Tent_Caterpillar",-72.061438,45.249825
"Forest_Tent_Caterpillar",-90.419684,38.581522
"Forest_Tent_Caterpillar",-87.591218,34.950736
"Forest_Tent_Caterpillar",-79.003178,48.360709
"Forest_Tent_Caterpillar",-95.728254,30.637561
"Forest_Tent_Caterpillar",-79.003178,48.360709
"Forest_Tent_Caterpillar",-96.949963,50.832203
"Forest_Tent_Caterpillar",-94.763034,32.11204
"Forest_Tent_Caterpillar",-79.00307,48.36123
"Forest_Tent_Caterpillar",-96.825656,29.848343
"Forest_Tent_Caterpillar",-96.924304,29.807359
"Forest_Tent_Caterpillar",-79.00349,48.36066
"Forest_Tent_Caterpillar",-96.950226,29.950308
"Forest_Tent_Caterpillar",-81.513999,49.72134
"Forest_Tent_Caterpillar",-77.135606,35.030925
"Forest_Tent_Caterpillar",-79.003178,48.360709
"Forest_Tent_Caterpillar",-84.9632,46.764658
"Forest_Tent_Caterpillar",-79.003178,48.360709
"Forest_Tent_Caterpillar",-79.00214,48.36105
"Forest_Tent_Caterpillar",-88.310545,49.017027
"Forest_Tent_Caterpillar",-84.9632,46.764658
"Forest_Tent_Caterpillar",-79.003178,48.360709
"Forest_Tent_Caterpillar",-81.513881,49.721412
"Forest_Tent_Caterpillar",-95.320707,29.532103
"Forest_Tent_Caterpillar",-78.286189,44.412138
"Forest_Tent_Caterpillar",-79.332756,45.541477
"Forest_Tent_Caterpillar",-84.9632,46.764658
"Forest_Tent_Caterpillar",-76.221493,44.279778
"Forest_Tent_Caterpillar",-76.221493,44.279778
"Forest_Tent_Caterpillar",-76.221493,44.279778
"Forest_Tent_Caterpillar",-79.00349,48.36066
"Forest_Tent_Caterpillar",-79.00349,48.36066
"Forest_Tent_Caterpillar",-79.003306,48.360532
"Forest_Tent_Caterpillar",-79.016846,44.693743
"Forest_Tent_Caterpillar",-97.12068,49.864313
"Forest_Tent_Caterpillar",-64.881309,44.376675
"Forest_Tent_Caterpillar",-97.665308,30.635986
"Forest_Tent_Caterpillar",-79.00307,48.36123
"Forest_Tent_Caterpillar",-80.248955,43.694377
"Forest_Tent_Caterpillar",-64.881306,44.376664
"Forest_Tent_Caterpillar",-79.00209,48.36166
"Forest_Tent_Caterpillar",-79.003178,48.360709
"Forest_Tent_Caterpillar",-97.085509,49.815923
"Forest_Tent_Caterpillar",-76.162225,39.274628
"Forest_Tent_Caterpillar",-99.829071,50.559226
"Forest_Tent_Caterpillar",-72.172929,45.242825
"Forest_Tent_Caterpillar",-79.00307,48.36123
"Forest_Tent_Caterpillar",-72.142545,45.312095
"Forest_Tent_Caterpillar",-77.92365,48.79346
"Forest_Tent_Caterpillar",-79.00349,48.36066
"Forest_Tent_Caterpillar",-77.204055,44.900708
"Forest_Tent_Caterpillar",-76.221493,44.279778
"Forest_Tent_Caterpillar",-76.019447,44.4925
"Forest_Tent_Caterpillar",-64.735846,45.752908
"Forest_Tent_Caterpillar",-79.472671,44.479315
"Forest_Tent_Caterpillar",-84.397513,33.777378
"Forest_Tent_Caterpillar",-106.646645,52.119791
"Forest_Tent_Caterpillar",-95.32225,36.286616
"Forest_Tent_Caterpillar",-77.93092,39.97237
"Forest_Tent_Caterpillar",-79.00349,48.36066
"Forest_Tent_Caterpillar",-67.292967,45.174874
"Forest_Tent_Caterpillar",-77.835452,48.123247
"Forest_Tent_Caterpillar",-81.775829,42.631682
"Forest_Tent_Caterpillar",-80.07975,44.03535
"Forest_Tent_Caterpillar",-109.363917,54.430445
"Forest_Tent_Caterpillar",-97.151987,30.004364
"Forest_Tent_Caterpillar",-77.854881,45.055857
"Forest_Tent_Caterpillar",-78.640748,45.549842
"Forest_Tent_Caterpillar",-71.77505,48.495791
"Forest_Tent_Caterpillar",-71.77505,48.495791
"Forest_Tent_Caterpillar",-71.77505,48.495791
"Forest_Tent_Caterpillar",-71.253657,48.414195
"Forest_Tent_Caterpillar",-71.253657,48.414195
"Forest_Tent_Caterpillar",-76.163377,44.330181
"Forest_Tent_Caterpillar",-71.77505,48.495791
"Forest_Tent_Caterpillar",-71.77505,48.495791
"Forest_Tent_Caterpillar",-71.253657,48.414195
"Forest_Tent_Caterpillar",-76.163377,44.330181
"Forest_Tent_Caterpillar",-71.253657,48.414195
"Forest_Tent_Caterpillar",-71.77505,48.495791
"Forest_Tent_Caterpillar",-71.253657,48.414195
"Forest_Tent_Caterpillar",-71.253657,48.414195
"Forest_Tent_Caterpillar",-71.253657,48.414195
"Forest_Tent_Caterpillar",-71.253657,48.414195
"Forest_Tent_Caterpillar",-76.163377,44.330181
"Forest_Tent_Caterpillar",-71.308363,48.334045
"Forest_Tent_Caterpillar",-71.77505,48.495791
"Forest_Tent_Caterpillar",-71.77505,48.495791
"Forest_Tent_Caterpillar",-71.253657,48.414195
"Forest_Tent_Caterpillar",-68.992246,44.494152
"Forest_Tent_Caterpillar",-79.00349,48.36066
"Forest_Tent_Caterpillar",-97.151987,30.004364
"Forest_Tent_Caterpillar",-68.501968,48.235598
"Forest_Tent_Caterpillar",-76.418502,45.605856
"Forest_Tent_Caterpillar",-73.587373,41.134168
"Forest_Tent_Caterpillar",-95.694907,33.811649
"Forest_Tent_Caterpillar",-79.00349,48.36066
"Forest_Tent_Caterpillar",-122.859315,38.516082
"Forest_Tent_Caterpillar",-79.003178,48.360709
"Forest_Tent_Caterpillar",-64.597733,48.379207
"Forest_Tent_Caterpillar",-95.728235,30.637554
"Forest_Tent_Caterpillar",-72.11061,45.376831
"Forest_Tent_Caterpillar",-73.831913,41.762234
"Forest_Tent_Caterpillar",-87.657288,41.829321
"Forest_Tent_Caterpillar",-79.983697,39.648262
"Forest_Tent_Caterpillar",-80.004536,43.823788
"Forest_Tent_Caterpillar",-97.151987,30.004364
"Forest_Tent_Caterpillar",-79.404477,44.936975
"Forest_Tent_Caterpillar",-79.008955,48.381377
"Forest_Tent_Caterpillar",-82.5165,35.4662
"Forest_Tent_Caterpillar",-79.00307,48.36123
"Forest_Tent_Caterpillar",-79.00349,48.36066
"Forest_Tent_Caterpillar",-76.682628,44.222519
"Forest_Tent_Caterpillar",-72.532115,43.618843
"Forest_Tent_Caterpillar",-79.00349,48.36066
"Forest_Tent_Caterpillar",-64.597731,48.379214
"Forest_Tent_Caterpillar",-114.176603,51.133453
"Forest_Tent_Caterpillar",-88.532888,45.988322
"Forest_Tent_Caterpillar",-64.597732,48.379217
"Forest_Tent_Caterpillar",-76.36597,42.34656
"Forest_Tent_Caterpillar",-78.168731,44.258848
"Forest_Tent_Caterpillar",-78.168731,44.258848
"Forest_Tent_Caterpillar",-78.168731,44.258848
"Forest_Tent_Caterpillar",-78.168731,44.258848
"Forest_Tent_Caterpillar",-78.168731,44.258848
"Forest_Tent_Caterpillar",-78.168731,44.258848
"Forest_Tent_Caterpillar",-74.28425,46.034134
"Forest_Tent_Caterpillar",-79.45588,47.290225
"Forest_Tent_Caterpillar",-79.441262,47.324683
"Forest_Tent_Caterpillar",-79.008847,48.38165
"Forest_Tent_Caterpillar",-78.168731,44.258848
"Forest_Tent_Caterpillar",-78.168731,44.258848
"Forest_Tent_Caterpillar",-71.454552,46.736028
"Forest_Tent_Caterpillar",-81.56128,45.135731
"Forest_Tent_Caterpillar",-72.13587,45.350092
"Forest_Tent_Caterpillar",-79.307533,48.035576
"Forest_Tent_Caterpillar",-90.442367,45.28392
"Forest_Tent_Caterpillar",-72.454981,42.550058
"Forest_Tent_Caterpillar",-69.553217,48.228976
"Forest_Tent_Caterpillar",-95.614197,32.299145
"Forest_Tent_Caterpillar",-98.248142,31.634641
"Forest_Tent_Caterpillar",-77.689574,44.439704
"Forest_Tent_Caterpillar",-79.307474,48.035482
"Forest_Tent_Caterpillar",-71.226306,46.908994
"Forest_Tent_Caterpillar",-64.771415,45.469352
"Forest_Tent_Caterpillar",-78.247615,38.436934
"Forest_Tent_Caterpillar",-79.883788,47.799695
"Forest_Tent_Caterpillar",-59.941195,46.008279
"Forest_Tent_Caterpillar",-79.307473,48.035572
"Forest_Tent_Caterpillar",-64.250923,45.837842
"Forest_Tent_Caterpillar",-92.641069,47.27645
"Forest_Tent_Caterpillar",-80.969528,33.967145
"Forest_Tent_Caterpillar",-79.008847,48.38165
"Forest_Tent_Caterpillar",-88.644472,45.263939
"Forest_Tent_Caterpillar",-64.275145,48.618278
"Forest_Tent_Caterpillar",-79.224061,45.319964
"Forest_Tent_Caterpillar",-79.912151,43.360369
"Forest_Tent_Caterpillar",-92.641069,47.27645
"Forest_Tent_Caterpillar",-69.954445,47.758034
"Forest_Tent_Caterpillar",-122.7074,49.300107
"Forest_Tent_Caterpillar",-91.940217,30.116846
"Forest_Tent_Caterpillar",-72.13154,43.082797
"Forest_Tent_Caterpillar",-75.805641,41.882427
"Forest_Tent_Caterpillar",-72.13154,43.082797
"Forest_Tent_Caterpillar",-71.454552,46.736028
"Forest_Tent_Caterpillar",-69.553217,48.228976
"Forest_Tent_Caterpillar",-73.005711,44.061717
"Forest_Tent_Caterpillar",-73.65392,41.646598
"Forest_Tent_Caterpillar",-68.910055,44.353035
"Forest_Tent_Caterpillar",-77.92353,48.793473
"Forest_Tent_Caterpillar",-79.008955,48.381377
"Forest_Tent_Caterpillar",-78.168731,44.258848
"Forest_Tent_Caterpillar",-86.059057,46.521818
"Forest_Tent_Caterpillar",-60.4591,45.9665
"Forest_Tent_Caterpillar",-93.824824,35.592797
"Forest_Tent_Caterpillar",-82.138756,49.423547
"Forest_Tent_Caterpillar",-96.122235,46.798757
"Forest_Tent_Caterpillar",-78.69106,44.590915
"Forest_Tent_Caterpillar",-64.527358,48.827395
"Forest_Tent_Caterpillar",-63.55002,44.677072
"Forest_Tent_Caterpillar",-114.031752,46.930127
"Forest_Tent_Caterpillar",-79.710717,44.393809
"Forest_Tent_Caterpillar",-94.143307,46.452962
"Forest_Tent_Caterpillar",-60.314822,46.208359
"Forest_Tent_Caterpillar",-87.265559,44.907821
"Forest_Tent_Caterpillar",-79.307474,48.035482
"Forest_Tent_Caterpillar",-79.30747,48.035528
"Forest_Tent_Caterpillar",-80.363107,40.507401
"Forest_Tent_Caterpillar",-79.307451,48.035558
"Forest_Tent_Caterpillar",-63.549954,44.677072
"Forest_Tent_Caterpillar",-92.727057,47.146127
"Forest_Tent_Caterpillar",-76.541074,42.539484
"Forest_Tent_Caterpillar",-79.307575,48.035502
"Forest_Tent_Caterpillar",-79.30747,48.035528
"Forest_Tent_Caterpillar",-114.031822,46.930065
"Forest_Tent_Caterpillar",-88.796496,48.372893
"Forest_Tent_Caterpillar",-79.441217,47.32467
"Forest_Tent_Caterpillar",-72.460453,44.340286
"Forest_Tent_Caterpillar",-78.132916,44.620769
"Forest_Tent_Caterpillar",-79.429505,47.29793
"Forest_Tent_Caterpillar",-72.13154,43.082797
"Forest_Tent_Caterpillar",-72.13154,43.082797
"Forest_Tent_Caterpillar",-77.886812,34.210591
"Forest_Tent_Caterpillar",-62.018264,45.635478
"Forest_Tent_Caterpillar",-89.779219,43.5983
"Forest_Tent_Caterpillar",-63.550009,44.677074
"Forest_Tent_Caterpillar",-72.690854,42.592824
"Forest_Tent_Caterpillar",-79.307456,48.035537
"Forest_Tent_Caterpillar",-79.44113,47.32492
"Forest_Tent_Caterpillar",-72.634922,44.047538
"Forest_Tent_Caterpillar",-74.601609,42.434719
"Forest_Tent_Caterpillar",-98.215278,29.392703
"Forest_Tent_Caterpillar",-72.13154,43.082797
"Forest_Tent_Caterpillar",-93.824824,35.592797
"Forest_Tent_Caterpillar",-72.196997,44.04515
"Forest_Tent_Caterpillar",-63.550016,44.677075
"Forest_Tent_Caterpillar",-79.1803,35.4799
"Forest_Tent_Caterpillar",-79.316108,47.49173
"Forest_Tent_Caterpillar",-88.952967,45.366462
"Forest_Tent_Caterpillar",-64.735863,45.752947
"Forest_Tent_Caterpillar",-79.063544,33.640008
"Forest_Tent_Caterpillar",-72.471342,44.330109
"Forest_Tent_Caterpillar",-88.416834,45.90474
"Forest_Tent_Caterpillar",-90.860939,44.266994
"Forest_Tent_Caterpillar",-76.454467,36.203622
"Forest_Tent_Caterpillar",-75.839082,45.483097
"Forest_Tent_Caterpillar",-77.363228,37.233028
"Forest_Tent_Caterpillar",-95.226513,47.27178
"Forest_Tent_Caterpillar",-63.622612,44.618338
"Forest_Tent_Caterpillar",-76.152598,44.827373
"Forest_Tent_Caterpillar",-114.015,46.669
"Forest_Tent_Caterpillar",-114.015,46.669
"Forest_Tent_Caterpillar",-73.434558,45.536425
"Forest_Tent_Caterpillar",-89.94878,43.337823
"Forest_Tent_Caterpillar",-77.835506,48.123203
"Forest_Tent_Caterpillar",-68.859993,47.677113
"Forest_Tent_Caterpillar",-73.76179,45.398751
"Forest_Tent_Caterpillar",-96.474525,46.872484
"Forest_Tent_Caterpillar",-73.436701,45.539266
"Forest_Tent_Caterpillar",-113.46684,53.506518
"Forest_Tent_Caterpillar",-71.998678,45.356403
"Forest_Tent_Caterpillar",-74.938245,45.688851
"Forest_Tent_Caterpillar",-69.89912,44.325035
"Forest_Tent_Caterpillar",-75.862103,45.411842
"Forest_Tent_Caterpillar",-72.461311,44.340881
"Forest_Tent_Caterpillar",-72.461311,44.340881
"Forest_Tent_Caterpillar",-72.461311,44.340881
"Forest_Tent_Caterpillar",-72.461311,44.340881
"Forest_Tent_Caterpillar",-72.461486,44.340808
"Forest_Tent_Caterpillar",-72.461311,44.340881
"Forest_Tent_Caterpillar",-72.461486,44.340808
"Forest_Tent_Caterpillar",-72.461486,44.340808
"Forest_Tent_Caterpillar",-72.461486,44.340808
"Forest_Tent_Caterpillar",-71.643444,43.113711
"Forest_Tent_Caterpillar",-72.461486,44.340808
"Forest_Tent_Caterpillar",-74.698955,41.293424
"Forest_Tent_Caterpillar",-71.643444,43.113711
"Forest_Tent_Caterpillar",-72.356789,41.884911
"Forest_Tent_Caterpillar",-72.461486,44.340808
"Forest_Tent_Caterpillar",-71.643444,43.113711
"Forest_Tent_Caterpillar",-67.933467,44.459547
"Forest_Tent_Caterpillar",-78.494099,45.046828
"Forest_Tent_Caterpillar",-71.643444,43.113711
"Forest_Tent_Caterpillar",-86.778474,34.564201
"Forest_Tent_Caterpillar",-95.65,29.682
"Forest_Tent_Caterpillar",-90.715855,35.833061
"Forest_Tent_Caterpillar",-81.438028,44.420225
"Forest_Tent_Caterpillar",-80.629775,43.442283
"Forest_Tent_Caterpillar",-96.189819,48.12949
"Forest_Tent_Caterpillar",-73.212186,44.65051
"Forest_Tent_Caterpillar",-72.577841,44.557335
"Forest_Tent_Caterpillar",-97.758536,30.417972
"Forest_Tent_Caterpillar",-70.856949,44.399229
"Forest_Tent_Caterpillar",-86.594783,33.633841
"Forest_Tent_Caterpillar",-72.356658,41.884839
"Forest_Tent_Caterpillar",-95.627219,29.370627
"Forest_Tent_Caterpillar",-86.400802,33.66474
"Forest_Tent_Caterpillar",-81.43804,44.420197
"Forest_Tent_Caterpillar",-78.640883,45.549917
"Forest_Tent_Caterpillar",-78.640749,45.54972
"Forest_Tent_Caterpillar",-76.177658,45.220189
"Forest_Tent_Caterpillar",-81.040516,46.476025
"Forest_Tent_Caterpillar",-79.472671,44.479315
"Forest_Tent_Caterpillar",-80.635345,43.440972
"Forest_Tent_Caterpillar",-79.041891,44.687554
"Forest_Tent_Caterpillar",-80.005668,44.84357
"Forest_Tent_Caterpillar",-76.550762,44.549588
"Forest_Tent_Caterpillar",-84.68896,46.970037
"Forest_Tent_Caterpillar",-81.403254,45.100952
"Forest_Tent_Caterpillar",-66.580869,48.015667
"Forest_Tent_Caterpillar",-82.9338,35.1325
"Forest_Tent_Caterpillar",-65.651178,47.609962
"Forest_Tent_Caterpillar",-86.547295,33.617237
"Forest_Tent_Caterpillar",-114.168229,51.132712
"Forest_Tent_Caterpillar",-86.487696,33.673392
"Forest_Tent_Caterpillar",-80.012071,44.825623
"Forest_Tent_Caterpillar",-99.249287,49.662039
"Forest_Tent_Caterpillar",-123.707047,40.90707
"Forest_Tent_Caterpillar",-64.2562,45.807764
"Forest_Tent_Caterpillar",-65.651178,47.609962
"Forest_Tent_Caterpillar",-66.67384,45.840702
"Forest_Tent_Caterpillar",-66.608833,45.966472
"Forest_Tent_Caterpillar",-81.438076,44.420193
"Forest_Tent_Caterpillar",-81.43802,44.420196
"Forest_Tent_Caterpillar",-77.200401,38.639616
"Forest_Tent_Caterpillar",-81.438071,44.420193
"Forest_Tent_Caterpillar",-81.43805,44.420177
"Forest_Tent_Caterpillar",-92.619882,47.013461
"Forest_Tent_Caterpillar",-90.270821,38.569281
"Forest_Tent_Caterpillar",-81.438071,44.420193
"Forest_Tent_Caterpillar",-95.597645,28.914056
"Forest_Tent_Caterpillar",-70.891247,41.972741
"Forest_Tent_Caterpillar",-69.270709,44.357402
"Forest_Tent_Caterpillar",-95.133495,29.509864
"Forest_Tent_Caterpillar",-79.881364,47.799697
"Forest_Tent_Caterpillar",-75.516949,45.48256
"Forest_Tent_Caterpillar",-74.555299,41.352062
"Forest_Tent_Caterpillar",-76.093932,45.493139
"Forest_Tent_Caterpillar",-79.307351,48.035481
"Forest_Tent_Caterpillar",-95.577717,28.914018
"Forest_Tent_Caterpillar",-79.998716,44.846564
"Forest_Tent_Caterpillar",-76.539292,45.849892
"Forest_Tent_Caterpillar",-86.059057,46.521818
"Forest_Tent_Caterpillar",-60.050656,46.039808
"Forest_Tent_Caterpillar",-84.26278,46.50903
"Forest_Tent_Caterpillar",-78.592405,45.562343
"Forest_Tent_Caterpillar",-79.151347,35.6161
"Forest_Tent_Caterpillar",-95.701566,29.725481
"Forest_Tent_Caterpillar",-84.734193,33.512589
"Forest_Tent_Caterpillar",-79.307473,48.035572
"Forest_Tent_Caterpillar",-89.694994,44.921277
"Forest_Tent_Caterpillar",-80.363107,40.507401
"Forest_Tent_Caterpillar",-85.973139,32.684661
"Forest_Tent_Caterpillar",-79.939178,43.643905
"Forest_Tent_Caterpillar",-85.973086,32.684947
"Forest_Tent_Caterpillar",-76.936236,44.934615
"Forest_Tent_Caterpillar",-70.378406,45.111
"Forest_Tent_Caterpillar",-79.458231,43.851067
"Forest_Tent_Caterpillar",-79.307474,48.035482
"Forest_Tent_Caterpillar",-79.998197,44.846803
"Forest_Tent_Caterpillar",-79.028627,35.902932
"Forest_Tent_Caterpillar",-84.740028,33.517082
"Forest_Tent_Caterpillar",-79.055845,35.913623
"Forest_Tent_Caterpillar",-79.307533,48.035576
"Forest_Tent_Caterpillar",-84.734701,33.513565
"Forest_Tent_Caterpillar",-95.65963,29.635588
"Forest_Tent_Caterpillar",-78.640719,45.549999
"Forest_Tent_Caterpillar",-97.153953,36.054714
"Forest_Tent_Caterpillar",-95.681192,29.835637
"Forest_Tent_Caterpillar",-78.244937,36.430947
"Forest_Tent_Caterpillar",-81.588602,27.841875
"Forest_Tent_Caterpillar",-122.99516,49.7173
"Forest_Tent_Caterpillar",-122.392411,49.243183
"Forest_Tent_Caterpillar",-83.888606,32.849163
"Forest_Tent_Caterpillar",-86.970178,33.054333
"Forest_Tent_Caterpillar",-78.438395,44.184982
"Forest_Tent_Caterpillar",-88.779577,48.375161
"Forest_Tent_Caterpillar",-80.955218,46.527625
"Forest_Tent_Caterpillar",-76.309611,44.726344
"Forest_Tent_Caterpillar",-63.550016,44.677075
"Forest_Tent_Caterpillar",-82.139467,49.422282
"Forest_Tent_Caterpillar",-77.845041,46.195774
"Forest_Tent_Caterpillar",-64.771415,45.469352
"Forest_Tent_Caterpillar",-72.79176,42.592307
"Forest_Tent_Caterpillar",-74.868132,39.205428
"Forest_Tent_Caterpillar",-70.969648,45.781816
"Forest_Tent_Caterpillar",-80.629228,43.443019
"Forest_Tent_Caterpillar",-77.689574,44.439704
"Forest_Tent_Caterpillar",-80.005963,44.843539
"Forest_Tent_Caterpillar",-77.924858,45.20013
"Forest_Tent_Caterpillar",-81.362429,39.423116
"Forest_Tent_Caterpillar",-62.699722,46.310833
"Forest_Tent_Caterpillar",-72.333546,43.823807
"Forest_Tent_Caterpillar",-78.640748,45.549842
"Forest_Tent_Caterpillar",-70.969648,45.781816
"Forest_Tent_Caterpillar",-77.84642,46.194245
"Forest_Tent_Caterpillar",-63.550002,44.677071
"Forest_Tent_Caterpillar",-69.953415,47.75763
"Forest_Tent_Caterpillar",-76.238986,44.779745
"Forest_Tent_Caterpillar",-73.496266,45.51973
"Forest_Tent_Caterpillar",-80.039189,44.727499
"Forest_Tent_Caterpillar",-63.550002,44.677071
"Forest_Tent_Caterpillar",-83.381441,44.959431
"Forest_Tent_Caterpillar",-76.237472,44.781864
"Forest_Tent_Caterpillar",-80.460782,42.702972
"Forest_Tent_Caterpillar",-89.168789,48.485423
"Forest_Tent_Caterpillar",-88.796435,48.372618
"Forest_Tent_Caterpillar",-78.438395,44.184982
"Forest_Tent_Caterpillar",-79.87558,48.289412
"Forest_Tent_Caterpillar",-77.92485,45.200158
"Forest_Tent_Caterpillar",-111.65729,40.824202
"Forest_Tent_Caterpillar",-79.472671,44.479315
"Forest_Tent_Caterpillar",-62.699722,46.310556
"Forest_Tent_Caterpillar",-79.873967,48.29074
"Forest_Tent_Caterpillar",-72.13154,43.082797
"Forest_Tent_Caterpillar",-78.132916,44.620769
"Forest_Tent_Caterpillar",-72.13154,43.082797
"Forest_Tent_Caterpillar",-78.641145,45.549975
"Forest_Tent_Caterpillar",-77.568848,45.658085
"Forest_Tent_Caterpillar",-120.788753,49.062627
"Forest_Tent_Caterpillar",-70.969648,45.781816
"Forest_Tent_Caterpillar",-77.92478,45.200158
"Forest_Tent_Caterpillar",-79.155324,44.636021
"Forest_Tent_Caterpillar",-79.008207,44.741638
"Forest_Tent_Caterpillar",-81.4017,46.012404
"Forest_Tent_Caterpillar",-60.314833,46.208329
"Forest_Tent_Caterpillar",-77.924788,45.20013
"Forest_Tent_Caterpillar",-76.758202,42.443508
"Forest_Tent_Caterpillar",-62.699722,46.310833
"Forest_Tent_Caterpillar",-85.281965,42.673061
"Forest_Tent_Caterpillar",-62.699722,46.310833
"Forest_Tent_Caterpillar",-84.68559,46.969831
"Forest_Tent_Caterpillar",-114.193233,49.458281
"Forest_Tent_Caterpillar",-70.455047,43.913658
"Forest_Tent_Caterpillar",-78.141667,44.571111
"Forest_Tent_Caterpillar",-60.866114,45.946397
"Forest_Tent_Caterpillar",-72.53283,43.373987
"Forest_Tent_Caterpillar",-79.060853,44.833175
"Forest_Tent_Caterpillar",-79.305983,48.106156
"Forest_Tent_Caterpillar",-119.865354,49.707762
"Forest_Tent_Caterpillar",-81.514032,45.069848
"Forest_Tent_Caterpillar",-66.356858,46.494706
"Forest_Tent_Caterpillar",-111.985015,41.305394
"Forest_Tent_Caterpillar",-115.748305,49.525463
"Forest_Tent_Caterpillar",-78.131559,44.620419
"Forest_Tent_Caterpillar",-72.532738,43.37372
"Forest_Tent_Caterpillar",-81.401396,46.014554
"Forest_Tent_Caterpillar",-65.753884,45.781923
"Forest_Tent_Caterpillar",-66.356858,46.494706
"Forest_Tent_Caterpillar",-117.416461,47.570181
"Forest_Tent_Caterpillar",-72.196862,44.045075
"Forest_Tent_Caterpillar",-79.557892,45.118475
"Forest_Tent_Caterpillar",-62.699444,46.310833
"Forest_Tent_Caterpillar",-79.447175,47.308963
"Forest_Tent_Caterpillar",-80.001401,44.845428
"Forest_Tent_Caterpillar",-72.939566,43.628881
"Forest_Tent_Caterpillar",-89.513725,45.776866
"Forest_Tent_Caterpillar",-80.26207,42.758
"Forest_Tent_Caterpillar",-80.005987,44.84204
"Forest_Tent_Caterpillar",-76.520584,42.426016
"Forest_Tent_Caterpillar",-77.5144,44.052674
"Forest_Tent_Caterpillar",-73.005711,44.061717
"Forest_Tent_Caterpillar",-76.372919,42.390616
"Forest_Tent_Caterpillar",-79.224069,45.319979
"Forest_Tent_Caterpillar",-80.248626,43.694394
"Forest_Tent_Caterpillar",-113.933586,53.410366
"Forest_Tent_Caterpillar",-80.656971,43.183075
"Forest_Tent_Caterpillar",-64.367306,45.821369
"Forest_Tent_Caterpillar",-62.730733,46.210955
"Forest_Tent_Caterpillar",-65.721863,45.735423
"Forest_Tent_Caterpillar",-76.798942,42.482467
"Forest_Tent_Caterpillar",-72.690966,42.593019
"Forest_Tent_Caterpillar",-80.248607,43.694377
"Forest_Tent_Caterpillar",-78.177197,44.083686
"Forest_Tent_Caterpillar",-78.132952,44.620755
"Forest_Tent_Caterpillar",-72.302428,44.403685
"Forest_Tent_Caterpillar",-79.710193,44.813015
"Forest_Tent_Caterpillar",-91.197615,47.382005
"Forest_Tent_Caterpillar",-72.510833,43.47
"Forest_Tent_Caterpillar",-71.226306,46.908994
"Forest_Tent_Caterpillar",-62.699722,46.310833
"Forest_Tent_Caterpillar",-79.998143,44.846788
"Forest_Tent_Caterpillar",-84.963468,46.765262
"Forest_Tent_Caterpillar",-80.248628,43.694383
"Forest_Tent_Caterpillar",-124.090605,40.877678
"Forest_Tent_Caterpillar",-79.447175,47.308963
"Forest_Tent_Caterpillar",-79.719748,46.138
"Forest_Tent_Caterpillar",-72.525561,43.132273
"Forest_Tent_Caterpillar",-77.835453,48.123238
"Forest_Tent_Caterpillar",-79.447175,47.309003
"Forest_Tent_Caterpillar",-80.656805,43.182881
"Forest_Tent_Caterpillar",-72.691074,42.592987
"Forest_Tent_Caterpillar",-84.015909,46.323646
"Forest_Tent_Caterpillar",-63.041075,46.384517
"Forest_Tent_Caterpillar",-71.454552,46.736028
"Forest_Tent_Caterpillar",-68.184258,44.329769
"Forest_Tent_Caterpillar",-92.72708,47.14616
"Forest_Tent_Caterpillar",-80.004892,44.844952
"Forest_Tent_Caterpillar",-77.31333,44.47726
"Forest_Tent_Caterpillar",-81.579975,45.342858
"Forest_Tent_Caterpillar",-81.271714,43.039338
"Forest_Tent_Caterpillar",-72.218482,42.56768
"Forest_Tent_Caterpillar",-76.226312,44.778555
"Forest_Tent_Caterpillar",-79.008955,48.381377
"Forest_Tent_Caterpillar",-71.214329,42.109652
"Forest_Tent_Caterpillar",-81.480311,45.273899
"Forest_Tent_Caterpillar",-81.155883,41.329788
"Forest_Tent_Caterpillar",-91.244578,47.385736
"Forest_Tent_Caterpillar",-79.555304,43.959825
"Forest_Tent_Caterpillar",-78.24808,44.339617
"Forest_Tent_Caterpillar",-79.429249,47.298086
"Forest_Tent_Caterpillar",-93.190839,44.982188
"Forest_Tent_Caterpillar",-74.380247,41.694164
"Forest_Tent_Caterpillar",-77.997744,45.107354
"Forest_Tent_Caterpillar",-79.429428,47.297947
"Forest_Tent_Caterpillar",-78.24808,44.339617
"Forest_Tent_Caterpillar",-76.221493,44.279778
"Forest_Tent_Caterpillar",-77.854881,45.055857
"Forest_Tent_Caterpillar",-77.924745,45.200113
"Forest_Tent_Caterpillar",-86.45761,32.55926
"Forest_Tent_Caterpillar",-77.835454,48.123244
"Forest_Tent_Caterpillar",-85.473703,32.034908
"Forest_Tent_Caterpillar",-78.615215,44.982785
"Forest_Tent_Caterpillar",-68.309684,44.428926
"Forest_Tent_Caterpillar",-80.006086,44.843317
"Forest_Tent_Caterpillar",-60.187836,46.167903
"Forest_Tent_Caterpillar",-62.699722,46.310833
"Forest_Tent_Caterpillar",-77.835439,48.123245
"Forest_Tent_Caterpillar",-72.176258,44.748081
"Forest_Tent_Caterpillar",-77.835458,48.123244
"Forest_Tent_Caterpillar",-70.37831,45.110999
"Forest_Tent_Caterpillar",-80.656784,43.182855
"Forest_Tent_Caterpillar",-79.429297,47.298003
"Forest_Tent_Caterpillar",-72.356972,41.885119
"Forest_Tent_Caterpillar",-76.420178,45.342269
"Forest_Tent_Caterpillar",-80.955195,46.527623
"Forest_Tent_Caterpillar",-79.223763,45.319905
"Forest_Tent_Caterpillar",-78.260833,44.320833
"Forest_Tent_Caterpillar",-80.955218,46.527625
"Forest_Tent_Caterpillar",-85.973103,32.684872
"Forest_Tent_Caterpillar",-85.945194,32.574093
"Forest_Tent_Caterpillar",-79.822507,45.232559
"Forest_Tent_Caterpillar",-97.150505,31.579353
"Forest_Tent_Caterpillar",-91.244462,47.385842
"Forest_Tent_Caterpillar",-76.298048,44.384206
"Forest_Tent_Caterpillar",-75.938591,45.160046
"Forest_Tent_Caterpillar",-64.618661,46.389245
"Forest_Tent_Caterpillar",-77.568966,45.65801
"Forest_Tent_Caterpillar",-79.822507,45.232559
"Forest_Tent_Caterpillar",-76.902113,43.939902
"Forest_Tent_Caterpillar",-76.019447,44.4925
"Forest_Tent_Caterpillar",-76.137105,44.437802
"Forest_Tent_Caterpillar",-86.457681,32.559326
"Forest_Tent_Caterpillar",-79.430113,47.298072
"Forest_Tent_Caterpillar",-79.710586,44.3938
"Forest_Tent_Caterpillar",-76.095896,44.902899
"Forest_Tent_Caterpillar",-76.221493,44.279778
"Forest_Tent_Caterpillar",-78.826363,34.323172
"Forest_Tent_Caterpillar",-79.822184,45.233094
"Forest_Tent_Caterpillar",-79.472363,44.483116
"Forest_Tent_Caterpillar",-78.359741,45.583575
"Forest_Tent_Caterpillar",-81.663055,45.254166
"Forest_Tent_Caterpillar",-78.614967,44.982035
"Forest_Tent_Caterpillar",-79.224035,45.319955
"Forest_Tent_Caterpillar",-78.79623,44.59911
"Forest_Tent_Caterpillar",-78.855003,44.628613
"Forest_Tent_Caterpillar",-94.854029,30.103694
"Forest_Tent_Caterpillar",-72.518511,43.624244
"Forest_Tent_Caterpillar",-77.924842,45.200067
"Forest_Tent_Caterpillar",-78.511842,44.563866
"Forest_Tent_Caterpillar",-79.906575,45.479854
"Forest_Tent_Caterpillar",-78.511706,44.564003
"Forest_Tent_Caterpillar",-71.454552,46.736028
"Forest_Tent_Caterpillar",-71.38035,46.677121
"Forest_Tent_Caterpillar",-76.095882,44.902936
"Forest_Tent_Caterpillar",-79.429297,47.29798
"Forest_Tent_Caterpillar",-78.795284,44.598389
"Forest_Tent_Caterpillar",-76.298052,44.3842
"Forest_Tent_Caterpillar",-76.522629,44.571674
"Forest_Tent_Caterpillar",-73.146155,44.705752
"Forest_Tent_Caterpillar",-78.132842,44.620779
"Forest_Tent_Caterpillar",-78.122289,44.567582
"Forest_Tent_Caterpillar",-76.388221,44.141495
"Forest_Tent_Caterpillar",-77.461779,44.149902
"Forest_Tent_Caterpillar",-76.249563,44.892887
"Forest_Tent_Caterpillar",-78.795284,44.598389
"Forest_Tent_Caterpillar",-97.120649,49.80822
"Forest_Tent_Caterpillar",-74.11492,42.073802
"Forest_Tent_Caterpillar",-80.3579,43.38149
"Forest_Tent_Caterpillar",-80.955218,46.527625
"Forest_Tent_Caterpillar",-78.306111,44.338611
"Forest_Tent_Caterpillar",-71.242236,46.857114
"Forest_Tent_Caterpillar",-72.218482,42.56768
"Forest_Tent_Caterpillar",-79.969079,45.313993
"Forest_Tent_Caterpillar",-78.306111,44.338333
"Forest_Tent_Caterpillar",-63.27748,45.404908
"Forest_Tent_Caterpillar",-81.271712,43.039334
"Forest_Tent_Caterpillar",-79.441283,47.324903
"Forest_Tent_Caterpillar",-122.337898,48.61351
"Forest_Tent_Caterpillar",-70.103993,42.044564
"Forest_Tent_Caterpillar",-79.557925,45.118447
"Forest_Tent_Caterpillar",-77.959278,41.211268
"Forest_Tent_Caterpillar",-86.301359,46.003792
"Forest_Tent_Caterpillar",-80.595493,43.46929
"Forest_Tent_Caterpillar",-79.429437,47.297955
"Forest_Tent_Caterpillar",-80.106139,44.183812
"Forest_Tent_Caterpillar",-76.388221,44.141495
"Forest_Tent_Caterpillar",-108.526346,47.616169
"Forest_Tent_Caterpillar",-76.433947,44.43399
"Forest_Tent_Caterpillar",-78.131627,44.620382
"Forest_Tent_Caterpillar",-72.218482,42.56768
"Forest_Tent_Caterpillar",-75.979828,45.390683
"Forest_Tent_Caterpillar",-77.31333,44.47725
"Forest_Tent_Caterpillar",-78.722708,45.493308
"Forest_Tent_Caterpillar",-73.384234,45.392502
"Forest_Tent_Caterpillar",-94.5693,47.419989
"Forest_Tent_Caterpillar",-97.238455,49.873337
"Forest_Tent_Caterpillar",-78.305833,44.338333
"Forest_Tent_Caterpillar",-72.525543,43.132197
"Forest_Tent_Caterpillar",-77.881797,44.676997
"Forest_Tent_Caterpillar",-79.020211,48.282237
"Forest_Tent_Caterpillar",-92.176322,46.855667
"Forest_Tent_Caterpillar",-72.525563,43.132282
"Forest_Tent_Caterpillar",-80.218855,45.348533
"Forest_Tent_Caterpillar",-76.095997,44.902774
"Forest_Tent_Caterpillar",-123.374493,48.465658
"Forest_Tent_Caterpillar",-79.557908,45.118472
"Forest_Tent_Caterpillar",-81.078514,46.493345
"Forest_Tent_Caterpillar",-96.705713,29.239887
"Forest_Tent_Caterpillar",-80.294485,43.575402
"Forest_Tent_Caterpillar",-80.100133,43.200841
"Forest_Tent_Caterpillar",-79.710563,44.393729
"Forest_Tent_Caterpillar",-78.306111,44.338333
"Forest_Tent_Caterpillar",-72.556829,42.841916
"Forest_Tent_Caterpillar",-80.249744,44.349782
"Forest_Tent_Caterpillar",-76.221442,44.279755
"Forest_Tent_Caterpillar",-80.805158,43.385843
"Forest_Tent_Caterpillar",-75.68186,45.395942
"Forest_Tent_Caterpillar",-76.502459,44.81031
"Forest_Tent_Caterpillar",-111.764614,40.673048
"Forest_Tent_Caterpillar",-78.79623,44.59911
"Forest_Tent_Caterpillar",-72.240303,42.30177
"Forest_Tent_Caterpillar",-66.618702,45.89836
"Forest_Tent_Caterpillar",-80.403343,42.671289
"Forest_Tent_Caterpillar",-75.692577,45.402586
"Forest_Tent_Caterpillar",-79.267593,45.22009
"Forest_Tent_Caterpillar",-75.328962,45.511355
"Forest_Tent_Caterpillar",-97.22602,32.755264
"Forest_Tent_Caterpillar",-78.247851,44.34023
"Forest_Tent_Caterpillar",-78.24808,44.339617
"Forest_Tent_Caterpillar",-71.615987,42.605629
"Forest_Tent_Caterpillar",-90.988252,30.476115
"Forest_Tent_Caterpillar",-91.459069,47.656645
"Forest_Tent_Caterpillar",-73.209393,44.392394
"Forest_Tent_Caterpillar",-92.865137,47.497152
"Forest_Tent_Caterpillar",-87.414437,46.554005
"Forest_Tent_Caterpillar",-73.77112,45.347663
"Forest_Tent_Caterpillar",-95.104284,36.251288
"Forest_Tent_Caterpillar",-80.001231,44.829785
"Forest_Tent_Caterpillar",-71.454552,46.736028
"Forest_Tent_Caterpillar",-78.247851,44.34023
"Forest_Tent_Caterpillar",-79.93034,33.091165
"Forest_Tent_Caterpillar",-92.727087,47.146128
"Forest_Tent_Caterpillar",-79.441247,47.32468
"Forest_Tent_Caterpillar",-108.452829,47.607931
"Forest_Tent_Caterpillar",-81.328826,42.81999
"Forest_Tent_Caterpillar",-73.342143,45.519695
"Forest_Tent_Caterpillar",-78.79623,44.59911
"Forest_Tent_Caterpillar",-90.020369,31.40955
"Forest_Tent_Caterpillar",-76.221715,44.279543
"Forest_Tent_Caterpillar",-76.238986,44.779745
"Forest_Tent_Caterpillar",-76.388634,44.141258
"Forest_Tent_Caterpillar",-76.697342,44.51727
"Forest_Tent_Caterpillar",-77.179623,44.139613
"Forest_Tent_Caterpillar",-76.758202,42.443508
"Forest_Tent_Caterpillar",-79.932424,43.358281
"Forest_Tent_Caterpillar",-76.388336,44.141577
"Forest_Tent_Caterpillar",-80.248985,43.694387
"Forest_Tent_Caterpillar",-72.939568,43.628891
"Forest_Tent_Caterpillar",-76.433555,42.403872
"Forest_Tent_Caterpillar",-82.255797,45.902397
"Forest_Tent_Caterpillar",-72.690888,42.592825
"Forest_Tent_Caterpillar",-79.659362,45.166115
"Forest_Tent_Caterpillar",-79.42917,47.297895
"Forest_Tent_Caterpillar",-75.938455,45.159926
"Forest_Tent_Caterpillar",-74.194165,42.103637
"Forest_Tent_Caterpillar",-76.69738,44.517362
"Forest_Tent_Caterpillar",-113.469314,53.505912
"Forest_Tent_Caterpillar",-77.287658,44.43681
"Forest_Tent_Caterpillar",-78.79623,44.59911
"Forest_Tent_Caterpillar",-70.527887,41.574685
"Forest_Tent_Caterpillar",-72.615117,43.436924
"Forest_Tent_Caterpillar",-79.429437,47.297987
"Forest_Tent_Caterpillar",-81.271716,43.039335
"Forest_Tent_Caterpillar",-78.247851,44.34023
"Forest_Tent_Caterpillar",-78.305611,44.338678
"Forest_Tent_Caterpillar",-111.739856,40.697302
"Forest_Tent_Caterpillar",-79.42948,47.298092
"Forest_Tent_Caterpillar",-78.059569,44.916
"Forest_Tent_Caterpillar",-73.199501,42.711201
"Forest_Tent_Caterpillar",-84.016352,46.323704
"Forest_Tent_Caterpillar",-79.448331,44.974896
"Forest_Tent_Caterpillar",-77.31321,44.47752
"Forest_Tent_Caterpillar",-93.850665,46.285095
"Forest_Tent_Caterpillar",-76.016127,37.268389
"Forest_Tent_Caterpillar",-72.015038,41.268812
"Forest_Tent_Caterpillar",-78.21018,44.770761
"Forest_Tent_Caterpillar",-80.020556,43.536111
"Forest_Tent_Caterpillar",-84.234207,45.434606
"Forest_Tent_Caterpillar",-76.936236,44.934615
"Forest_Tent_Caterpillar",-79.016738,44.69328
"Forest_Tent_Caterpillar",-67.395422,45.976242
"Forest_Tent_Caterpillar",-76.221577,44.279833
"Forest_Tent_Caterpillar",-87.502973,46.260108
"Forest_Tent_Caterpillar",-75.641922,45.444288
"Forest_Tent_Caterpillar",-80.357911,43.381631
"Forest_Tent_Caterpillar",-78.728839,45.04097
"Forest_Tent_Caterpillar",-78.276566,44.418283
"Forest_Tent_Caterpillar",-92.239242,47.423193
"Forest_Tent_Caterpillar",-75.786613,45.348087
"Forest_Tent_Caterpillar",-89.162627,45.79822
"Forest_Tent_Caterpillar",-77.740959,45.084333
"Forest_Tent_Caterpillar",-80.193546,45.351933
"Forest_Tent_Caterpillar",-72.235786,41.82384
"Forest_Tent_Caterpillar",-79.822184,45.233094
"Forest_Tent_Caterpillar",-79.001605,45.816357
"Forest_Tent_Caterpillar",-75.8189,45.0719
"Forest_Tent_Caterpillar",-84.9123,35.8066
"Forest_Tent_Caterpillar",-71.317984,45.735616
"Forest_Tent_Caterpillar",-64.868492,46.639083
"Forest_Tent_Caterpillar",-76.650818,44.223378
"Forest_Tent_Caterpillar",-123.995025,40.872447
"Forest_Tent_Caterpillar",-74.651,40.2832
"Forest_Tent_Caterpillar",-72.199678,42.914631
"Forest_Tent_Caterpillar",-77.924699,45.200133
"Forest_Tent_Caterpillar",-91.299223,44.966144
"Forest_Tent_Caterpillar",-76.409139,44.592614
"Forest_Tent_Caterpillar",-74.127146,44.324461
"Forest_Tent_Caterpillar",-63.753469,44.665475
"Forest_Tent_Caterpillar",-124.14088,40.692078
"Forest_Tent_Caterpillar",-83.299837,34.965616
"Forest_Tent_Caterpillar",-97.397367,30.062832
"Forest_Tent_Caterpillar",-83.893258,37.762297
"Forest_Tent_Caterpillar",-79.966995,43.693165
"Forest_Tent_Caterpillar",-89.241382,48.431042
"Forest_Tent_Caterpillar",-122.730142,38.333995
"Forest_Tent_Caterpillar",-124.0914,40.861575
"Forest_Tent_Caterpillar",-89.668014,48.443189
"Forest_Tent_Caterpillar",-124.092642,40.78064
"Forest_Tent_Caterpillar",-77.924477,45.200213
"Forest_Tent_Caterpillar",-80.236397,44.418012
"Forest_Tent_Caterpillar",-90.861817,46.815613
"Forest_Tent_Caterpillar",-80.797156,44.00076
"Forest_Tent_Caterpillar",-89.892099,45.969673
"Forest_Tent_Caterpillar",-73.43088,45.433633
"Forest_Tent_Caterpillar",-71.885878,45.436016
"Forest_Tent_Caterpillar",-87.0437,45.222338
"Forest_Tent_Caterpillar",-75.979387,45.200028
"Forest_Tent_Caterpillar",-122.37645,48.666838
"Forest_Tent_Caterpillar",-72.255788,43.545223
"Forest_Tent_Caterpillar",-73.209249,44.392451
"Forest_Tent_Caterpillar",-90.324264,38.635942
"Forest_Tent_Caterpillar",-89.664525,44.527693
"Forest_Tent_Caterpillar",-71.54521,42.755293
"Forest_Tent_Caterpillar",-87.406038,46.528197
"Forest_Tent_Caterpillar",-78.075203,44.59137
"Forest_Tent_Caterpillar",-113.282963,54.737097
"Forest_Tent_Caterpillar",-76.470888,44.249307
"Forest_Tent_Caterpillar",-90.084647,45.827288
"Forest_Tent_Caterpillar",-76.409139,44.592614
"Forest_Tent_Caterpillar",-75.501808,45.498992
"Forest_Tent_Caterpillar",-72.196891,44.044862
"Forest_Tent_Caterpillar",-75.685032,45.424519
"Forest_Tent_Caterpillar",-87.056581,45.822901
"Forest_Tent_Caterpillar",-68.55943,44.374325
"Forest_Tent_Caterpillar",-76.315363,44.710742
"Forest_Tent_Caterpillar",-75.672517,45.42866
"Forest_Tent_Caterpillar",-75.176203,41.498747
"Forest_Tent_Caterpillar",-75.741822,45.335412
"Forest_Tent_Caterpillar",-94.534125,47.014381
"Forest_Tent_Caterpillar",-69.597312,43.952439
"Forest_Tent_Caterpillar",-111.21536,43.326288
"Forest_Tent_Caterpillar",-69.925639,43.930039
"Forest_Tent_Caterpillar",-73.33436,45.540583
"Forest_Tent_Caterpillar",-80.765095,44.244437
"Forest_Tent_Caterpillar",-80.83123,44.062883
"Forest_Tent_Caterpillar",-88.586118,46.607844
"Forest_Tent_Caterpillar",-114.668467,53.773856
"Forest_Tent_Caterpillar",-113.679132,46.721574
"Forest_Tent_Caterpillar",-92.239122,47.4251
"Forest_Tent_Caterpillar",-78.506204,44.880851
"Forest_Tent_Caterpillar",-75.681178,45.446032
"Forest_Tent_Caterpillar",-77.784322,45.134688
"Forest_Tent_Caterpillar",-88.730545,45.369305
"Forest_Tent_Caterpillar",-72.71982,44.381683
"Forest_Tent_Caterpillar",-91.542105,45.666465
"Forest_Tent_Caterpillar",-71.205429,42.122056
"Forest_Tent_Caterpillar",-112.013092,41.708233
"Forest_Tent_Caterpillar",-89.790314,46.792451
"Forest_Tent_Caterpillar",-80.235815,43.526142
"Forest_Tent_Caterpillar",-88.074475,34.409489
"Forest_Tent_Caterpillar",-113.524675,53.534644
"Forest_Tent_Caterpillar",-99.831362,50.558209
"Forest_Tent_Caterpillar",-89.651603,46.070286
"Forest_Tent_Caterpillar",-93.505255,46.151214
"Forest_Tent_Caterpillar",-68.619458,44.522631
"Forest_Tent_Caterpillar",-68.673153,44.276434
"Forest_Tent_Caterpillar",-113.467854,53.505938
"Forest_Tent_Caterpillar",-91.502535,45.786088
"Forest_Tent_Caterpillar",-123.405654,48.478174
"Forest_Tent_Caterpillar",-94.436884,46.960807
"Forest_Tent_Caterpillar",-80.94197,46.46168
"Forest_Tent_Caterpillar",-72.131483,43.082798
"Forest_Tent_Caterpillar",-72.35737,44.615642
"Forest_Tent_Caterpillar",-79.475563,46.332775
"Forest_Tent_Caterpillar",-69.821512,43.75548
"Forest_Tent_Caterpillar",-93.227945,47.193492
"Forest_Tent_Caterpillar",-66.580864,48.015661
"Forest_Tent_Caterpillar",-80.022414,43.27798
"Forest_Tent_Caterpillar",-80.926317,44.061897
"Forest_Tent_Caterpillar",-113.989738,53.535563
"Forest_Tent_Caterpillar",-74.372033,41.689905
"Forest_Tent_Caterpillar",-75.693497,45.442872
"Forest_Tent_Caterpillar",-72.522957,42.437032
"Forest_Tent_Caterpillar",-68.593356,47.253152
"Forest_Tent_Caterpillar",-74.025182,42.313336
"Forest_Tent_Caterpillar",-97.433566,35.25211
"Forest_Tent_Caterpillar",-111.702117,40.700162
"Forest_Tent_Caterpillar",-79.446753,46.27372
"Forest_Tent_Caterpillar",-75.696383,45.43856
"Forest_Tent_Caterpillar",-70.472768,43.472068
"Forest_Tent_Caterpillar",-68.860742,48.319841
"Forest_Tent_Caterpillar",-70.529053,43.827017
"Forest_Tent_Caterpillar",-117.281828,47.602672
"Forest_Tent_Caterpillar",-65.685222,47.618055
"Forest_Tent_Caterpillar",-80.112233,43.355377
"Forest_Tent_Caterpillar",-97.110904,31.538365
"Forest_Tent_Caterpillar",-77.686436,42.506088
"Forest_Tent_Caterpillar",-78.070433,44.920352
"Forest_Tent_Caterpillar",-71.069367,48.403583
"Forest_Tent_Caterpillar",-68.979095,45.259995
"Forest_Tent_Caterpillar",-69.92609,43.930232
"Forest_Tent_Caterpillar",-73.029314,43.960398
"Forest_Tent_Caterpillar",-79.998716,44.846564
"Forest_Tent_Caterpillar",-92.931336,46.009726
"Forest_Tent_Caterpillar",-76.424652,44.799544
"Forest_Tent_Caterpillar",-76.407566,42.390035
"Forest_Tent_Caterpillar",-76.379329,42.357089
"Forest_Tent_Caterpillar",-80.028945,43.31491
"Forest_Tent_Caterpillar",-80.684506,32.44079
"Forest_Tent_Caterpillar",-71.86563,42.762775
"Forest_Tent_Caterpillar",-124.096919,40.856719
"Forest_Tent_Caterpillar",-78.262778,44.721111
"Forest_Tent_Caterpillar",-79.300362,47.573087
"Forest_Tent_Caterpillar",-72.956339,45.630688
"Forest_Tent_Caterpillar",-80.194524,32.758183
"Forest_Tent_Caterpillar",-114.073549,51.053859
"Forest_Tent_Caterpillar",-79.743564,44.925454
"Forest_Tent_Caterpillar",-72.639655,44.490433
"Forest_Tent_Caterpillar",-72.410355,42.469925
"Forest_Tent_Caterpillar",-123.3126,39.444754
"Forest_Tent_Caterpillar",-80.403575,42.67045
"Forest_Tent_Caterpillar",-72.58089,44.252263
"Forest_Tent_Caterpillar",-123.37505,48.462815
"Forest_Tent_Caterpillar",-71.865189,42.76554
"Forest_Tent_Caterpillar",-97.287655,46.539954
"Forest_Tent_Caterpillar",-71.781845,42.67177
"Forest_Tent_Caterpillar",-79.330799,45.210386
"Forest_Tent_Caterpillar",-91.866614,47.89954
"Forest_Tent_Caterpillar",-97.034069,49.897677
"Forest_Tent_Caterpillar",-78.262337,44.721152
"Forest_Tent_Caterpillar",-90.87563,46.581267
"Forest_Tent_Caterpillar",-78.263063,44.721216
"Forest_Tent_Caterpillar",-73.488545,42.861583
"Forest_Tent_Caterpillar",-71.953847,43.280039
"Forest_Tent_Caterpillar",-68.931294,44.82742
"Forest_Tent_Caterpillar",-71.205355,42.125625
"Forest_Tent_Caterpillar",-64.723733,46.091142
"Forest_Tent_Caterpillar",-70.906928,42.471069
"Forest_Tent_Caterpillar",-72.406075,42.57117
"Forest_Tent_Caterpillar",-65.682555,47.620962
"Forest_Tent_Caterpillar",-78.262748,44.720905
"Forest_Tent_Caterpillar",-76.500625,42.38498
"Forest_Tent_Caterpillar",-81.013022,46.44405
"Forest_Tent_Caterpillar",-72.179364,41.76534
"Forest_Tent_Caterpillar",-89.926445,45.892588
"Forest_Tent_Caterpillar",-73.320503,44.665108
"Forest_Tent_Caterpillar",-124.025708,40.335813
"Forest_Tent_Caterpillar",-75.680751,45.354246
"Forest_Tent_Caterpillar",-75.681054,45.446123
"Forest_Tent_Caterpillar",-113.482605,53.523853
"Forest_Tent_Caterpillar",-72.897209,40.805393
"Forest_Tent_Caterpillar",-80.536112,43.42405
"Forest_Tent_Caterpillar",-106.618594,52.080454
"Forest_Tent_Caterpillar",-79.754959,45.284651
"Forest_Tent_Caterpillar",-68.601627,44.620829
"Forest_Tent_Caterpillar",-122.559029,48.82911
"Forest_Tent_Caterpillar",-86.304375,46.550628
"Forest_Tent_Caterpillar",-71.349319,42.220733
"Forest_Tent_Caterpillar",-90.201372,45.319703
"Forest_Tent_Caterpillar",-78.306162,44.299767
"Forest_Tent_Caterpillar",-93.217969,47.189265
"Forest_Tent_Caterpillar",-68.580996,44.431672
"Forest_Tent_Caterpillar",-72.453179,42.30558
"Forest_Tent_Caterpillar",-66.643219,45.931921
"Forest_Tent_Caterpillar",-73.126789,45.553252
"Forest_Tent_Caterpillar",-68.513087,48.437238
"Forest_Tent_Caterpillar",-85.001832,44.883367
"Forest_Tent_Caterpillar",-72.619917,44.128433
"Forest_Tent_Caterpillar",-75.836011,45.303236
"Forest_Tent_Caterpillar",-93.177703,44.991703
"Forest_Tent_Caterpillar",-85.944695,46.288392
"Forest_Tent_Caterpillar",-75.853562,45.345987
"Forest_Tent_Caterpillar",-69.899274,44.325052
"Forest_Tent_Caterpillar",-89.649296,42.90006
"Forest_Tent_Caterpillar",-79.203462,45.293543
"Forest_Tent_Caterpillar",-122.650453,38.438775
"Forest_Tent_Caterpillar",-75.743654,44.250121
"Forest_Tent_Caterpillar",-89.354392,44.779542
"Forest_Tent_Caterpillar",-71.285693,42.489957
"Forest_Tent_Caterpillar",-104.62294,50.442106
"Forest_Tent_Caterpillar",-76.342809,37.112921
"Forest_Tent_Caterpillar",-77.444405,46.003136
"Forest_Tent_Caterpillar",-123.387692,39.02873
"Forest_Tent_Caterpillar",-77.073955,44.990817
"Forest_Tent_Caterpillar",-73.174903,44.009547
"Forest_Tent_Caterpillar",-71.238376,46.826079
"Forest_Tent_Caterpillar",-69.899271,44.325056
"Forest_Tent_Caterpillar",-77.630239,44.139378
"Forest_Tent_Caterpillar",-79.93034,33.091165
"Forest_Tent_Caterpillar",-75.52346,45.489687
"Forest_Tent_Caterpillar",-93.233763,44.974075
"Forest_Tent_Caterpillar",-79.587052,45.028361
"Forest_Tent_Caterpillar",-91.53791,45.743122
"Forest_Tent_Caterpillar",-123.369378,48.57573
"Forest_Tent_Caterpillar",-71.573519,42.586125
"Forest_Tent_Caterpillar",-116.886,46.814
"Forest_Tent_Caterpillar",-89.128,43.476
"Forest_Tent_Caterpillar",-89.128,43.476
"Forest_Tent_Caterpillar",-89.128,43.476
"Forest_Tent_Caterpillar",-89.128,43.476
"Forest_Tent_Caterpillar",-89.128,43.476
"Forest_Tent_Caterpillar",-89.128,43.476
"Forest_Tent_Caterpillar",-116.999,46.733
"Forest_Tent_Caterpillar",-116.999,46.733
"Forest_Tent_Caterpillar",-116.999,46.733
"Forest_Tent_Caterpillar",-117.971,46.324
"Forest_Tent_Caterpillar",-116.999,46.733
"Forest_Tent_Caterpillar",-116.999,46.733
"Forest_Tent_Caterpillar",-118.352,46.065
"Forest_Tent_Caterpillar",-115.927,47.474
"Forest_Tent_Caterpillar",-111.386,42.785
"Forest_Tent_Caterpillar",-115.731,44.971
"Forest_Tent_Caterpillar",-111.371,44.424
"Forest_Tent_Caterpillar",-116.552,48.277
"Forest_Tent_Caterpillar",-116.552,48.277
"Forest_Tent_Caterpillar",-115.731,44.971
"Forest_Tent_Caterpillar",-116.552,48.277
"Forest_Tent_Caterpillar",-116.552,48.277
"Forest_Tent_Caterpillar",-114.589,46.628
"Forest_Tent_Caterpillar",-116.999,46.733
"Forest_Tent_Caterpillar",-111.79,43.826
"Forest_Tent_Caterpillar",-116.999,46.733
"Forest_Tent_Caterpillar",-116.999,46.733
"Forest_Tent_Caterpillar",-116.999,46.733
"Forest_Tent_Caterpillar",-116.999,46.733
"Forest_Tent_Caterpillar",-116.999,46.733
"Forest_Tent_Caterpillar",-116.999,46.733
"Forest_Tent_Caterpillar",-116.999,46.733
"Forest_Tent_Caterpillar",-116.999,46.733
"Forest_Tent_Caterpillar",-116.999,46.733
"Forest_Tent_Caterpillar",-116.999,46.733
"Forest_Tent_Caterpillar",-116.999,46.733
"Forest_Tent_Caterpillar",-116.999,46.733
"Forest_Tent_Caterpillar",-116.999,46.733
"Forest_Tent_Caterpillar",-116.999,46.733
"Forest_Tent_Caterpillar",-116.999,46.733
"Forest_Tent_Caterpillar",-116.999,46.733
"Forest_Tent_Caterpillar",-116.999,46.733
"Forest_Tent_Caterpillar",-116.999,46.733
"Forest_Tent_Caterpillar",-116.999,46.733
"Forest_Tent_Caterpillar",-116.999,46.733
"Forest_Tent_Caterpillar",-116.999,46.733
"Forest_Tent_Caterpillar",-116.552,48.277
"Forest_Tent_Caterpillar",-116.914,45.996
"Forest_Tent_Caterpillar",-116.147,48.819
"Forest_Tent_Caterpillar",-116.35,45.333
"Forest_Tent_Caterpillar",-116.218,46.624
"Forest_Tent_Caterpillar",-116.147,48.819
"Forest_Tent_Caterpillar",-116.951,47.717
"Forest_Tent_Caterpillar",-114.078,46.632
"Forest_Tent_Caterpillar",-116.914,45.996
"Forest_Tent_Caterpillar",-111.216,43.284
"Forest_Tent_Caterpillar",-111.216,43.284
"Forest_Tent_Caterpillar",-116.552,48.277
"Forest_Tent_Caterpillar",-114.078,46.632
"Forest_Tent_Caterpillar",-115.927,47.474
"Forest_Tent_Caterpillar",-116.999,46.733
"Forest_Tent_Caterpillar",-113.517,43.417
"Forest_Tent_Caterpillar",-114.589,46.628
"Forest_Tent_Caterpillar",-116.552,48.277
"Forest_Tent_Caterpillar",-114.078,46.632
"Forest_Tent_Caterpillar",-114.589,46.628
"Forest_Tent_Caterpillar",-116.999,46.733
"Forest_Tent_Caterpillar",-73.134891,43.496884
"Forest_Tent_Caterpillar",-89.439833,44.896405
"Forest_Tent_Caterpillar",-93.28695,44.961013
"Forest_Tent_Caterpillar",-77.412478,38.76003
"Forest_Tent_Caterpillar",-76.890915,39.359924
"Forest_Tent_Caterpillar",-70.719985,44.032664
"Forest_Tent_Caterpillar",-91.490013,44.005744
"Forest_Tent_Caterpillar",-65.74211,47.655897
"Forest_Tent_Caterpillar",-124.093605,40.85742
"Forest_Tent_Caterpillar",-79.203445,45.300678
"Forest_Tent_Caterpillar",-81.228984,43.039037
"Forest_Tent_Caterpillar",-80.969252,34.058026
"Forest_Tent_Caterpillar",-95.365927,34.025845
"Forest_Tent_Caterpillar",-69.777628,44.226617
"Forest_Tent_Caterpillar",-87.050359,45.850581
"Forest_Tent_Caterpillar",-71.344332,42.48511
"Forest_Tent_Caterpillar",-85.101433,42.408767
"Forest_Tent_Caterpillar",-123.297641,48.440824
"Forest_Tent_Caterpillar",-75.747825,45.280513
"Forest_Tent_Caterpillar",-91.291617,44.935695
"Forest_Tent_Caterpillar",-123.302334,48.44174
"Forest_Tent_Caterpillar",-95.32225,36.286616
"Forest_Tent_Caterpillar",-80.969266,34.058057
"Forest_Tent_Caterpillar",-93.128055,44.9845
"Forest_Tent_Caterpillar",-77.682343,44.456032
"Forest_Tent_Caterpillar",-72.646103,40.862709
"Forest_Tent_Caterpillar",-93.681778,44.897645
"Forest_Tent_Caterpillar",-112.019201,41.712201
"Forest_Tent_Caterpillar",-97.306968,32.751129
"Forest_Tent_Caterpillar",-75.728749,45.394593
"Forest_Tent_Caterpillar",-79.017319,35.95478
"Forest_Tent_Caterpillar",-123.701976,44.050601
"Forest_Tent_Caterpillar",-76.248331,44.900692
"Forest_Tent_Caterpillar",-72.956339,45.630688
"Forest_Tent_Caterpillar",-75.722941,44.946834
"Forest_Tent_Caterpillar",-95.946297,29.72351
"Forest_Tent_Caterpillar",-96.603311,32.738476
"Forest_Tent_Caterpillar",-124.146982,40.702692
"Forest_Tent_Caterpillar",-97.466599,35.216868
"Forest_Tent_Caterpillar",-77.31386,44.47716
"Forest_Tent_Caterpillar",-85.893457,42.249405
"Forest_Tent_Caterpillar",-79.389566,43.728596
"Forest_Tent_Caterpillar",-71.581678,43.189667
"Forest_Tent_Caterpillar",-95.365927,34.025845
"Forest_Tent_Caterpillar",-66.641523,45.980957
"Forest_Tent_Caterpillar",-79.631597,40.584301
"Forest_Tent_Caterpillar",-79.010118,44.631219
"Forest_Tent_Caterpillar",-93.391979,44.945429
"Forest_Tent_Caterpillar",-75.716147,45.357617
"Forest_Tent_Caterpillar",-72.587226,42.858131
"Forest_Tent_Caterpillar",-85.945149,32.574278
"Forest_Tent_Caterpillar",-80.88112,33.519529
"Forest_Tent_Caterpillar",-95.365927,34.025845
"Forest_Tent_Caterpillar",-93.164375,44.962463
"Forest_Tent_Caterpillar",-78.770286,43.943381
"Forest_Tent_Caterpillar",-75.816728,45.350658
"Forest_Tent_Caterpillar",-124.0967,40.856834
"Forest_Tent_Caterpillar",-86.606323,46.408218
"Forest_Tent_Caterpillar",-76.316504,36.299232
"Forest_Tent_Caterpillar",-86.873055,46.254475
"Forest_Tent_Caterpillar",-72.020742,41.975092
"Forest_Tent_Caterpillar",-123.444145,39.582328
"Forest_Tent_Caterpillar",-66.686079,45.809912
"Forest_Tent_Caterpillar",-73.317382,41.507765
"Forest_Tent_Caterpillar",-93.239783,44.983588
"Forest_Tent_Caterpillar",-77.888305,35.239658
"Forest_Tent_Caterpillar",-75.733554,45.391329
"Forest_Tent_Caterpillar",-82.284701,34.90127
"Forest_Tent_Caterpillar",-79.94503,44.042295
"Forest_Tent_Caterpillar",-121.905625,37.346483
"Forest_Tent_Caterpillar",-97.914367,29.337052
"Forest_Tent_Caterpillar",-122.7956,38.445347
"Forest_Tent_Caterpillar",-80.105851,44.183051
"Forest_Tent_Caterpillar",-78.577487,35.7311
"Forest_Tent_Caterpillar",-122.744278,38.411645
"Forest_Tent_Caterpillar",-122.818138,38.407967
"Forest_Tent_Caterpillar",-122.056198,37.068927
"Forest_Tent_Caterpillar",-75.734781,45.391179
"Forest_Tent_Caterpillar",-84.277776,46.514111
"Forest_Tent_Caterpillar",-71.08524,42.453651
"Forest_Tent_Caterpillar",-74.065475,42.083922
"Forest_Tent_Caterpillar",-85.981406,32.927486
"Forest_Tent_Caterpillar",-71.649025,42.10451
"Forest_Tent_Caterpillar",-65.674721,47.629685
"Forest_Tent_Caterpillar",-75.668937,45.370478
"Forest_Tent_Caterpillar",-72.523573,43.818288
"Forest_Tent_Caterpillar",-123.406229,39.47423
"Forest_Tent_Caterpillar",-80.885043,33.627705
"Forest_Tent_Caterpillar",-72.479753,42.378218
"Forest_Tent_Caterpillar",-76.247908,44.894097
"Forest_Tent_Caterpillar",-80.16612,35.901412
"Forest_Tent_Caterpillar",-122.947929,38.655673
"Forest_Tent_Caterpillar",-122.792001,38.549607
"Forest_Tent_Caterpillar",-77.800556,40.809016
"Forest_Tent_Caterpillar",-75.971444,42.083171
"Forest_Tent_Caterpillar",-123.325631,48.476607
"Forest_Tent_Caterpillar",-123.100526,49.129332
"Forest_Tent_Caterpillar",-85.89397,42.248597
"Forest_Tent_Caterpillar",-95.32225,36.286616
"Forest_Tent_Caterpillar",-100.919701,51.610209
"Forest_Tent_Caterpillar",-122.498187,38.43975
"Forest_Tent_Caterpillar",-122.1082,47.655813
"Forest_Tent_Caterpillar",-95.365927,34.025845
"Forest_Tent_Caterpillar",-85.96829,32.693324
"Forest_Tent_Caterpillar",-122.792612,38.324551
"Forest_Tent_Caterpillar",-75.754782,45.53949
"Forest_Tent_Caterpillar",-77.854881,45.055857
"Forest_Tent_Caterpillar",-80.805584,43.38539
"Forest_Tent_Caterpillar",-85.945219,32.574112
"Forest_Tent_Caterpillar",-122.818162,38.407937
"Forest_Tent_Caterpillar",-78.911212,36.003854
"Forest_Tent_Caterpillar",-122.817092,38.40575
"Forest_Tent_Caterpillar",-95.32225,36.286616
"Forest_Tent_Caterpillar",-83.915987,49.840612
"Forest_Tent_Caterpillar",-80.135903,43.643933
"Forest_Tent_Caterpillar",-77.854881,45.055857
"Forest_Tent_Caterpillar",-81.401344,46.014635
"Forest_Tent_Caterpillar",-77.854881,45.055857
"Forest_Tent_Caterpillar",-98.734109,29.793646
"Forest_Tent_Caterpillar",-77.854881,45.055857
"Forest_Tent_Caterpillar",-76.095873,44.90288
"Forest_Tent_Caterpillar",-122.957644,38.416698
"Forest_Tent_Caterpillar",-76.553,44.5631
"Forest_Tent_Caterpillar",-76.55,44.5631
"Forest_Tent_Caterpillar",-80.35772,43.38131
"Forest_Tent_Caterpillar",-76.553,44.5628
"Forest_Tent_Caterpillar",-76.5492,44.5637
"Forest_Tent_Caterpillar",-76.5526,44.5634
"Forest_Tent_Caterpillar",-76.5487,44.5649
"Forest_Tent_Caterpillar",-100.029,29.6822
"Forest_Tent_Caterpillar",-78.796,45.4621
"Forest_Tent_Caterpillar",-111.90613,60.0024
"Forest_Tent_Caterpillar",-111.90613,60.0024
"Forest_Tent_Caterpillar",-78.4265,38.9232
"Forest_Tent_Caterpillar",-76.5532,44.5634
"Forest_Tent_Caterpillar",-76.553,44.5631
"Forest_Tent_Caterpillar",-76.552,44.5625
"Forest_Tent_Caterpillar",-76.5489,44.5658
"Forest_Tent_Caterpillar",-76.553,44.5628
"Forest_Tent_Caterpillar",-80.35772,43.38131
"Forest_Tent_Caterpillar",-80.14,43.54
"Forest_Tent_Caterpillar",-111.90613,60.0024
"Forest_Tent_Caterpillar",-111.90613,60.0024
"Forest_Tent_Caterpillar",-111.90613,60.0024
"Forest_Tent_Caterpillar",-85.994455,32.672713
"Forest_Tent_Caterpillar",-122.81862,38.40802
"Forest_Tent_Caterpillar",-72.617529,42.987549
"Forest_Tent_Caterpillar",-94.184038,46.51365
"Forest_Tent_Caterpillar",-77.925935,33.962801
"Forest_Tent_Caterpillar",-96.623588,32.563055
"Forest_Tent_Caterpillar",-96.69434,32.958372
"Forest_Tent_Caterpillar",-123.595139,39.827044
"Forest_Tent_Caterpillar",-122.826163,38.422775
"Forest_Tent_Caterpillar",-96.14298,36.420771
"Forest_Tent_Caterpillar",-85.871533,32.91918
"Forest_Tent_Caterpillar",-93.173557,44.707917
"Forest_Tent_Caterpillar",-95.467721,29.691073
"Forest_Tent_Caterpillar",-122.90078,38.498967
"Forest_Tent_Caterpillar",-97.432484,35.253738
"Forest_Tent_Caterpillar",-77.214235,38.708584
"Forest_Tent_Caterpillar",-77.510421,38.828393
"Forest_Tent_Caterpillar",-92.370594,38.938694
"Forest_Tent_Caterpillar",-76.940132,38.918868
"Forest_Tent_Caterpillar",-75.549879,39.166566
"Forest_Tent_Caterpillar",-122.804851,38.453843
"Forest_Tent_Caterpillar",-85.579956,33.443445
"Forest_Tent_Caterpillar",-122.873522,38.463057
"Forest_Tent_Caterpillar",-85.973182,32.684918
"Forest_Tent_Caterpillar",-85.916378,32.968172
"Forest_Tent_Caterpillar",-122.804562,38.453869
"Forest_Tent_Caterpillar",-80.858057,33.489297
"Forest_Tent_Caterpillar",-113.266725,53.680467
"Forest_Tent_Caterpillar",-80.885076,33.627692
"Forest_Tent_Caterpillar",-122.947531,50.459339
"Forest_Tent_Caterpillar",-79.508994,35.826744
"Forest_Tent_Caterpillar",-79.043981,33.828737
"Forest_Tent_Caterpillar",-80.969043,34.057942
"Forest_Tent_Caterpillar",-79.407261,33.154458
"Forest_Tent_Caterpillar",-97.108978,32.723625
"Forest_Tent_Caterpillar",-96.685766,32.857022
"Forest_Tent_Caterpillar",-98.702338,29.800421
"Forest_Tent_Caterpillar",-77.51333,38.836421
"Forest_Tent_Caterpillar",-123.374062,48.464267
"Forest_Tent_Caterpillar",-85.945236,32.574123
"Forest_Tent_Caterpillar",-85.951691,32.669935
"Forest_Tent_Caterpillar",-94.971608,35.448147
"Forest_Tent_Caterpillar",-122.575756,37.982271
"Forest_Tent_Caterpillar",-122.781808,38.611665
"Forest_Tent_Caterpillar",-72.01516,41.268643
"Forest_Tent_Caterpillar",-82.502005,35.6092
"Forest_Tent_Caterpillar",-75.439693,38.138681
"Forest_Tent_Caterpillar",-122.804573,38.453824
"Forest_Tent_Caterpillar",-82.505498,35.53405
"Forest_Tent_Caterpillar",-64.778503,46.096203
"Forest_Tent_Caterpillar",-76.528739,36.716533
"Forest_Tent_Caterpillar",-95.140051,29.510181
"Forest_Tent_Caterpillar",-86.457621,32.559286
"Forest_Tent_Caterpillar",-98.248142,31.634641
"Forest_Tent_Caterpillar",-77.102133,38.75372
"Forest_Tent_Caterpillar",-101.157179,33.666547
"Forest_Tent_Caterpillar",-76.940147,38.918883
"Forest_Tent_Caterpillar",-82.461358,35.665437
"Forest_Tent_Caterpillar",-75.732636,38.747514
"Forest_Tent_Caterpillar",-101.157179,33.666547
"Forest_Tent_Caterpillar",-122.845868,38.40448
"Forest_Tent_Caterpillar",-122.817688,38.407313
"Forest_Tent_Caterpillar",-98.248142,31.634641
"Forest_Tent_Caterpillar",-122.817908,38.406237
"Forest_Tent_Caterpillar",-83.616099,35.680727
"Forest_Tent_Caterpillar",-85.945197,32.574095
"Forest_Tent_Caterpillar",-72.906405,41.999015
"Forest_Tent_Caterpillar",-92.257813,36.297212
"Forest_Tent_Caterpillar",-97.109154,32.723408
"Forest_Tent_Caterpillar",-80.380301,35.268728
"Forest_Tent_Caterpillar",-98.248142,31.634641
"Forest_Tent_Caterpillar",-77.186888,36.865037
"Forest_Tent_Caterpillar",-97.824337,30.263007
"Forest_Tent_Caterpillar",-97.844475,30.082956
"Forest_Tent_Caterpillar",-79.059368,33.645218
"Forest_Tent_Caterpillar",-77.869714,36.616077
"Forest_Tent_Caterpillar",-76.225132,45.20479
"Forest_Tent_Caterpillar",-122.865088,38.430695
"Forest_Tent_Caterpillar",-97.192504,32.752507
"Forest_Tent_Caterpillar",-122.823881,38.402136
"Forest_Tent_Caterpillar",-76.187653,36.799672
"Forest_Tent_Caterpillar",-80.737045,35.158931
"Forest_Tent_Caterpillar",-122.899825,38.50045
"Forest_Tent_Caterpillar",-76.226193,45.205349
"Forest_Tent_Caterpillar",-76.226193,45.205349
"Forest_Tent_Caterpillar",-96.142177,36.421521
"Forest_Tent_Caterpillar",-98.114081,30.198592
"Forest_Tent_Caterpillar",-122.78194,38.612615
"Forest_Tent_Caterpillar",-122.865258,38.4297
"Forest_Tent_Caterpillar",-98.08012,30.203994
"Forest_Tent_Caterpillar",-95.458983,29.609834
"Forest_Tent_Caterpillar",-78.304518,35.818043
"Forest_Tent_Caterpillar",-76.409897,35.790805
"Forest_Tent_Caterpillar",-97.388332,32.660706
"Forest_Tent_Caterpillar",-97.305104,30.837439
"Forest_Tent_Caterpillar",-78.598984,36.695837
"Forest_Tent_Caterpillar",-76.22542,45.205481
"Forest_Tent_Caterpillar",-95.903903,36.227929
"Forest_Tent_Caterpillar",-113.299504,54.71136
"Forest_Tent_Caterpillar",-76.226193,45.205349
"Forest_Tent_Caterpillar",-123.819518,40.079008
"Forest_Tent_Caterpillar",-77.136872,35.030697
"Forest_Tent_Caterpillar",-76.22386,45.204323
"Forest_Tent_Caterpillar",-90.935564,30.54437
"Forest_Tent_Caterpillar",-96.694243,32.958466
"Forest_Tent_Caterpillar",-90.491149,38.576902
"Forest_Tent_Caterpillar",-79.044662,33.549818
"Forest_Tent_Caterpillar",-89.141919,31.664964
"Forest_Tent_Caterpillar",-96.739166,32.726501
"Forest_Tent_Caterpillar",-95.660529,29.635167
"Forest_Tent_Caterpillar",-122.817812,38.410197
"Forest_Tent_Caterpillar",-90.008918,32.336755
"Forest_Tent_Caterpillar",-82.238389,29.668889
"Forest_Tent_Caterpillar",-76.326145,36.579516
"Forest_Tent_Caterpillar",-84.070603,33.790287
"Forest_Tent_Caterpillar",-122.816149,38.352475
"Forest_Tent_Caterpillar",-86.505298,33.661811
"Forest_Tent_Caterpillar",-91.196103,47.382364
"Forest_Tent_Caterpillar",-85.364075,35.011372
"Forest_Tent_Caterpillar",-95.660529,29.635167
"Forest_Tent_Caterpillar",-98.206559,32.294883
"Forest_Tent_Caterpillar",-75.68525,45.34651
"Forest_Tent_Caterpillar",-98.6258,29.590375
"Forest_Tent_Caterpillar",-92.073603,30.399444
"Forest_Tent_Caterpillar",-77.324145,36.218921
"Forest_Tent_Caterpillar",-77.641084,38.316773
"Forest_Tent_Caterpillar",-82.608391,35.497845
"Forest_Tent_Caterpillar",-98.114081,30.198592
"Forest_Tent_Caterpillar",-91.19754,47.381864
"Forest_Tent_Caterpillar",-91.096192,30.310878
"Forest_Tent_Caterpillar",-97.547108,30.350241
"Forest_Tent_Caterpillar",-83.423335,34.927576
"Forest_Tent_Caterpillar",-96.728975,32.826653
"Forest_Tent_Caterpillar",-76.226193,45.205349
"Forest_Tent_Caterpillar",-97.859554,30.350197
"Forest_Tent_Caterpillar",-96.01392,36.169266
"Forest_Tent_Caterpillar",-95.729488,29.739147
"Forest_Tent_Caterpillar",-97.782928,30.159218
"Forest_Tent_Caterpillar",-91.923095,30.137683
"Forest_Tent_Caterpillar",-96.825396,28.889262
"Forest_Tent_Caterpillar",-95.224905,29.439676
"Forest_Tent_Caterpillar",-95.583179,29.375683
"Forest_Tent_Caterpillar",-79.1,35.956667
"Forest_Tent_Caterpillar",-97.66211,30.305992
"Forest_Tent_Caterpillar",-78.283384,34.078015
"Forest_Tent_Caterpillar",-85.486154,35.048642
"Forest_Tent_Caterpillar",-78.867293,36.10254
"Forest_Tent_Caterpillar",-78.307894,35.819289
"Forest_Tent_Caterpillar",-96.409517,33.243464
"Forest_Tent_Caterpillar",-97.096978,32.789722
"Forest_Tent_Caterpillar",-83.869308,35.955658
"Forest_Tent_Caterpillar",-95.619346,29.166448
"Forest_Tent_Caterpillar",-96.076051,36.130954
"Forest_Tent_Caterpillar",-97.980825,29.536203
"Forest_Tent_Caterpillar",-83.80544,33.643177
"Forest_Tent_Caterpillar",-122.930703,38.480784
"Forest_Tent_Caterpillar",-97.698207,29.667937
"Forest_Tent_Caterpillar",-96.731238,32.720853
"Forest_Tent_Caterpillar",-96.740075,32.771775
"Forest_Tent_Caterpillar",-77.556213,34.432863
"Forest_Tent_Caterpillar",-96.626495,33.196442
"Forest_Tent_Caterpillar",-76.2522,35.9177
"Forest_Tent_Caterpillar",-76.589147,38.724612
"Forest_Tent_Caterpillar",-78.96084,34.241568
"Forest_Tent_Caterpillar",-97.836992,32.787707
"Forest_Tent_Caterpillar",-80.314628,35.681283
"Forest_Tent_Caterpillar",-79.01252,35.885618
"Forest_Tent_Caterpillar",-83.197714,38.741421
"Forest_Tent_Caterpillar",-84.305563,33.471634
"Forest_Tent_Caterpillar",-82.308011,34.896177
"Forest_Tent_Caterpillar",-77.75643,34.282672
"Forest_Tent_Caterpillar",-97.600001,29.654971
"Forest_Tent_Caterpillar",-77.913564,34.047393
"Forest_Tent_Caterpillar",-95.400844,29.563695
"Forest_Tent_Caterpillar",-90.160246,33.426687
"Forest_Tent_Caterpillar",-97.492462,30.135614
"Forest_Tent_Caterpillar",-98.248142,31.634641
"Forest_Tent_Caterpillar",-96.75252,32.728358
"Forest_Tent_Caterpillar",-95.76165,29.736812
"Forest_Tent_Caterpillar",-91.0962,30.310944
"Forest_Tent_Caterpillar",-95.619494,35.149694
"Forest_Tent_Caterpillar",-97.84595,30.159763
"Forest_Tent_Caterpillar",-79.033285,33.803121
"Forest_Tent_Caterpillar",-79.152831,35.614574
"Forest_Tent_Caterpillar",-85.746239,34.858238
"Forest_Tent_Caterpillar",-78.404166,35.745407
"Forest_Tent_Caterpillar",-95.224905,29.439676
"Forest_Tent_Caterpillar",-95.494521,29.533012
"Forest_Tent_Caterpillar",-97.088365,27.801214
"Forest_Tent_Caterpillar",-82.238135,29.668498
"Forest_Tent_Caterpillar",-84.17608,30.537072
"Forest_Tent_Caterpillar",-78.721457,34.370686
"Forest_Tent_Caterpillar",-97.577225,29.937492
"Forest_Tent_Caterpillar",-95.583132,29.375706
"Forest_Tent_Caterpillar",-76.251698,35.917117
"Forest_Tent_Caterpillar",-97.222829,27.620325
"Forest_Tent_Caterpillar",-78.534143,35.793673
"Forest_Tent_Caterpillar",-95.224905,29.439676
"Forest_Tent_Caterpillar",-78.299692,35.790879
"Forest_Tent_Caterpillar",-77.917147,34.110588
"Forest_Tent_Caterpillar",-97.172765,32.741813
"Forest_Tent_Caterpillar",-97.237275,33.335895
"Forest_Tent_Caterpillar",-85.666507,34.27073
"Forest_Tent_Caterpillar",-77.360432,37.246325
"Forest_Tent_Caterpillar",-78.542603,35.889892
"Forest_Tent_Caterpillar",-98.491221,29.614333
"Forest_Tent_Caterpillar",-96.752549,32.728384
"Forest_Tent_Caterpillar",-97.813217,30.250162
"Forest_Tent_Caterpillar",-78.319056,36.58005
"Forest_Tent_Caterpillar",-95.660529,29.635167
"Forest_Tent_Caterpillar",-78.714608,34.375768
"Forest_Tent_Caterpillar",-95.732843,29.298194
"Forest_Tent_Caterpillar",-95.857192,36.292703
"Forest_Tent_Caterpillar",-98.54579,29.81748
"Forest_Tent_Caterpillar",-97.882306,32.573309
"Forest_Tent_Caterpillar",-82.398999,29.711704
"Forest_Tent_Caterpillar",-77.809348,34.387066
"Forest_Tent_Caterpillar",-96.739318,32.872347
"Forest_Tent_Caterpillar",-99.521717,29.618453
"Forest_Tent_Caterpillar",-95.099978,29.416367
"Forest_Tent_Caterpillar",-97.798769,30.220244
"Forest_Tent_Caterpillar",-84.879212,33.912967
"Forest_Tent_Caterpillar",-85.474053,32.034992
"Forest_Tent_Caterpillar",-97.340294,30.116094
"Forest_Tent_Caterpillar",-95.752316,29.744664
"Forest_Tent_Caterpillar",-85.574882,30.740031
"Forest_Tent_Caterpillar",-77.808749,34.584472
"Forest_Tent_Caterpillar",-77.88607,34.119775
"Forest_Tent_Caterpillar",-79.032395,35.918434
"Forest_Tent_Caterpillar",-95.247187,29.534795
"Forest_Tent_Caterpillar",-97.271705,35.190178
"Forest_Tent_Caterpillar",-95.660529,29.635167
"Forest_Tent_Caterpillar",-79.226875,35.839284
"Forest_Tent_Caterpillar",-97.805041,29.887019
"Forest_Tent_Caterpillar",-85.05298,35.04804
"Forest_Tent_Caterpillar",-79.488077,36.128041
"Forest_Tent_Caterpillar",-84.080974,30.518658
"Forest_Tent_Caterpillar",-97.100974,36.11959
"Forest_Tent_Caterpillar",-97.201416,31.550433
"Forest_Tent_Caterpillar",-96.746457,32.578324
"Forest_Tent_Caterpillar",-98.613944,29.880625
"Forest_Tent_Caterpillar",-84.359069,33.455884
"Forest_Tent_Caterpillar",-81.300314,29.033307
"Forest_Tent_Caterpillar",-96.015851,28.981439
"Forest_Tent_Caterpillar",-95.089522,29.50198
"Forest_Tent_Caterpillar",-82.238135,29.668498
"Forest_Tent_Caterpillar",-97.964613,29.866087
"Forest_Tent_Caterpillar",-86.762982,34.580235
"Forest_Tent_Caterpillar",-95.660529,29.635167
"Forest_Tent_Caterpillar",-95.539039,29.649734
"Forest_Tent_Caterpillar",-97.112564,36.100498
"Forest_Tent_Caterpillar",-96.475749,33.025288
"Forest_Tent_Caterpillar",-78.795136,34.349774
"Forest_Tent_Caterpillar",-98.504211,29.850428
"Forest_Tent_Caterpillar",-96.685017,35.486737
"Forest_Tent_Caterpillar",-94.750437,32.726002
"Forest_Tent_Caterpillar",-92.905311,30.12917
"Forest_Tent_Caterpillar",-86.607623,36.315095
"Forest_Tent_Caterpillar",-78.532387,35.754363
"Forest_Tent_Caterpillar",-77.895895,34.10299
"Forest_Tent_Caterpillar",-95.619322,29.166438
"Forest_Tent_Caterpillar",-96.842087,33.170849
"Forest_Tent_Caterpillar",-98.491103,29.614338
"Forest_Tent_Caterpillar",-77.819443,34.173585
"Forest_Tent_Caterpillar",-91.096122,30.310914
"Forest_Tent_Caterpillar",-97.8864,30.208841
"Forest_Tent_Caterpillar",-95.660529,29.635167
"Forest_Tent_Caterpillar",-97.84599,30.159775
"Forest_Tent_Caterpillar",-78.995092,35.847858
"Forest_Tent_Caterpillar",-82.238135,29.668498
"Forest_Tent_Caterpillar",-100.99425,29.884403
"Forest_Tent_Caterpillar",-96.475749,33.025288
"Forest_Tent_Caterpillar",-97.368748,35.169606
"Forest_Tent_Caterpillar",-95.419642,29.042732
"Forest_Tent_Caterpillar",-77.862537,34.396538
"Forest_Tent_Caterpillar",-92.073611,30.399451
"Forest_Tent_Caterpillar",-92.073603,30.399444
"Forest_Tent_Caterpillar",-95.28317,28.951829
"Forest_Tent_Caterpillar",-97.534412,32.896071
"Forest_Tent_Caterpillar",-84.027697,30.411216
"Forest_Tent_Caterpillar",-81.116024,35.9689
"Forest_Tent_Caterpillar",-97.673701,30.366473
"Forest_Tent_Caterpillar",-78.692962,34.342201
"Forest_Tent_Caterpillar",-94.958338,29.425147
"Forest_Tent_Caterpillar",-78.724947,34.318567
"Forest_Tent_Caterpillar",-97.856862,29.856949
"Forest_Tent_Caterpillar",-77.892485,34.230359
"Forest_Tent_Caterpillar",-83.30256,33.939249
"Forest_Tent_Caterpillar",-91.095992,30.310986
"Forest_Tent_Caterpillar",-98.248142,31.634641
"Forest_Tent_Caterpillar",-97.846009,30.159741
"Forest_Tent_Caterpillar",-87.766231,34.56316
"Forest_Tent_Caterpillar",-97.222713,27.620603
"Forest_Tent_Caterpillar",-76.107264,38.459952
"Forest_Tent_Caterpillar",-95.250034,29.681374
"Forest_Tent_Caterpillar",-76.147217,36.738342
"Forest_Tent_Caterpillar",-95.470707,30.293548
"Forest_Tent_Caterpillar",-79.060344,35.922408
"Forest_Tent_Caterpillar",-84.339102,33.681865
"Forest_Tent_Caterpillar",-86.783926,33.763707
"Forest_Tent_Caterpillar",-95.752149,29.744393
"Forest_Tent_Caterpillar",-94.958205,29.424677
"Forest_Tent_Caterpillar",-83.687928,35.950855
"Forest_Tent_Caterpillar",-97.462258,31.066508
"Forest_Tent_Caterpillar",-122.850875,38.495231
"Forest_Tent_Caterpillar",-83.509742,34.93038
"Forest_Tent_Caterpillar",-78.731653,35.668168
"Forest_Tent_Caterpillar",-77.84716,35.316497
"Forest_Tent_Caterpillar",-96.681322,32.979782
"Forest_Tent_Caterpillar",-80.881195,33.519476
"Forest_Tent_Caterpillar",-97.03789,33.152845
"Forest_Tent_Caterpillar",-97.657883,30.694455
"Forest_Tent_Caterpillar",-97.392242,31.853272
"Forest_Tent_Caterpillar",-91.038989,30.426337
"Forest_Tent_Caterpillar",-95.769746,29.7709
"Forest_Tent_Caterpillar",-86.90368,34.449924
"Forest_Tent_Caterpillar",-78.860022,35.0659
"Forest_Tent_Caterpillar",-95.580395,29.780176
"Forest_Tent_Caterpillar",-98.429949,30.048226
"Forest_Tent_Caterpillar",-80.881197,33.519477
"Forest_Tent_Caterpillar",-76.747075,37.403377
"Forest_Tent_Caterpillar",-76.294602,36.855388
"Forest_Tent_Caterpillar",-97.140008,32.571163
"Forest_Tent_Caterpillar",-89.670007,35.086383
"Forest_Tent_Caterpillar",-97.141649,35.628541
"Forest_Tent_Caterpillar",-78.726727,33.806325
"Forest_Tent_Caterpillar",-97.067676,36.165751
"Forest_Tent_Caterpillar",-89.14084,31.730131
"Forest_Tent_Caterpillar",-92.499747,34.667315
"Forest_Tent_Caterpillar",-77.726585,34.453592
"Forest_Tent_Caterpillar",-84.1888,30.209496
"Forest_Tent_Caterpillar",-95.764631,28.964292
"Forest_Tent_Caterpillar",-92.462536,34.956368
"Forest_Tent_Caterpillar",-73.999932,41.304983
"Forest_Tent_Caterpillar",-96.737127,32.869616
"Forest_Tent_Caterpillar",-96.583834,33.286721
"Forest_Tent_Caterpillar",-85.964837,32.88383
"Forest_Tent_Caterpillar",-78.927628,36.106817
"Forest_Tent_Caterpillar",-79.017236,35.954712
"Forest_Tent_Caterpillar",-76.431573,37.150724
"Forest_Tent_Caterpillar",-99.295417,30.11355
"Forest_Tent_Caterpillar",-95.7226,29.733916
"Forest_Tent_Caterpillar",-97.062333,32.810505
"Forest_Tent_Caterpillar",-78.637817,35.595822
"Forest_Tent_Caterpillar",-76.70768,37.279433
"Forest_Tent_Caterpillar",-97.798462,30.256261
"Forest_Tent_Caterpillar",-77.456019,37.807019
"Forest_Tent_Caterpillar",-84.162692,33.626962
"Forest_Tent_Caterpillar",-98.248142,31.634641
"Forest_Tent_Caterpillar",-98.02904,32.856523
"Forest_Tent_Caterpillar",-95.419642,29.042732
"Forest_Tent_Caterpillar",-96.010712,28.983185
"Forest_Tent_Caterpillar",-96.626445,33.191316
"Forest_Tent_Caterpillar",-94.958258,29.424726
"Forest_Tent_Caterpillar",-77.9655,35.9746
"Forest_Tent_Caterpillar",-95.65701,33.7008
"Forest_Tent_Caterpillar",-77.924771,45.200112
"Forest_Tent_Caterpillar",-90.121148,29.947466
"Forest_Tent_Caterpillar",-77.869652,36.616133
"Forest_Tent_Caterpillar",-79.009418,33.810252
"Forest_Tent_Caterpillar",-96.762183,32.778067
"Forest_Tent_Caterpillar",-96.512711,32.872868
"Forest_Tent_Caterpillar",-78.276267,37.041133
"Forest_Tent_Caterpillar",-78.85468,33.75172
"Forest_Tent_Caterpillar",-79.034731,35.924672
"Forest_Tent_Caterpillar",-96.39353,30.676614
"Forest_Tent_Caterpillar",-76.345258,37.060585
"Forest_Tent_Caterpillar",-97.033915,33.000299
"Forest_Tent_Caterpillar",-83.553858,33.99977
"Forest_Tent_Caterpillar",-77.38212,34.530428
"Forest_Tent_Caterpillar",-95.633888,29.823889
"Forest_Tent_Caterpillar",-80.801588,35.330738
"Forest_Tent_Caterpillar",-86.661108,32.944392
"Forest_Tent_Caterpillar",-83.386097,33.841662
"Forest_Tent_Caterpillar",-122.782088,38.611753
"Forest_Tent_Caterpillar",-97.662296,31.374926
"Forest_Tent_Caterpillar",-95.392024,32.493033
"Forest_Tent_Caterpillar",-97.163663,33.047557
"Forest_Tent_Caterpillar",-97.728964,27.219423
"Forest_Tent_Caterpillar",-97.287367,31.754992
"Forest_Tent_Caterpillar",-78.300165,35.792821
"Forest_Tent_Caterpillar",-96.100324,36.214382
"Forest_Tent_Caterpillar",-78.484254,34.320166
"Forest_Tent_Caterpillar",-89.658358,35.152113
"Forest_Tent_Caterpillar",-97.286742,32.060654
"Forest_Tent_Caterpillar",-98.133582,30.849885
"Forest_Tent_Caterpillar",-91.373777,32.315916
"Forest_Tent_Caterpillar",-96.94398,35.902243
"Forest_Tent_Caterpillar",-97.320849,32.542082
"Forest_Tent_Caterpillar",-97.700645,30.241925
"Forest_Tent_Caterpillar",-90.650726,30.38453
"Forest_Tent_Caterpillar",-98.002656,31.259395
"Forest_Tent_Caterpillar",-87.81449,34.385724
"Forest_Tent_Caterpillar",-80.024353,35.064742
"Forest_Tent_Caterpillar",-97.639893,30.684061
"Forest_Tent_Caterpillar",-96.564147,32.893753
"Forest_Tent_Caterpillar",-76.444251,36.841084
"Forest_Tent_Caterpillar",-86.80469,33.129979
"Forest_Tent_Caterpillar",-94.078927,31.761768
"Forest_Tent_Caterpillar",-85.579956,33.443445
"Forest_Tent_Caterpillar",-97.053645,33.260862
"Forest_Tent_Caterpillar",-72.695763,42.671805
"Forest_Tent_Caterpillar",-82.337913,35.5894
"Forest_Tent_Caterpillar",-122.879842,38.516752
"Forest_Tent_Caterpillar",-76.246986,36.569894
"Forest_Tent_Caterpillar",-95.513895,29.673141
"Forest_Tent_Caterpillar",-84.199505,30.486067
"Forest_Tent_Caterpillar",-98.086678,30.190207
"Forest_Tent_Caterpillar",-93.166268,34.243404
"Forest_Tent_Caterpillar",-97.19252,32.75229
"Forest_Tent_Caterpillar",-78.883575,36.019578
"Forest_Tent_Caterpillar",-95.419642,29.042732
"Forest_Tent_Caterpillar",-95.104861,29.498163
"Forest_Tent_Caterpillar",-98.513782,29.745581
"Forest_Tent_Caterpillar",-96.747213,32.77337
"Forest_Tent_Caterpillar",-96.749563,32.726989
"Forest_Tent_Caterpillar",-80.33081,33.070922
"Forest_Tent_Caterpillar",-95.498938,35.210869
"Forest_Tent_Caterpillar",-79.487197,36.159547
"Forest_Tent_Caterpillar",-89.669242,35.086253
"Forest_Tent_Caterpillar",-98.248142,31.634641
"Forest_Tent_Caterpillar",-80.776472,35.326377
"Forest_Tent_Caterpillar",-97.317643,32.657718
"Forest_Tent_Caterpillar",-97.318292,32.657718
"Forest_Tent_Caterpillar",-76.231629,36.603295
"Forest_Tent_Caterpillar",-98.248142,31.634641
"Forest_Tent_Caterpillar",-79.51498,36.211716
"Forest_Tent_Caterpillar",-77.920533,34.101475
"Forest_Tent_Caterpillar",-90.342026,30.780117
"Forest_Tent_Caterpillar",-95.652546,29.642363
"Forest_Tent_Caterpillar",-96.092496,29.319752
"Forest_Tent_Caterpillar",-97.278528,32.878668
"Forest_Tent_Caterpillar",-97.779659,30.366955
"Forest_Tent_Caterpillar",-99.268168,29.655621
"Forest_Tent_Caterpillar",-97.188558,33.051415
"Forest_Tent_Caterpillar",-78.788055,35.619797
"Forest_Tent_Caterpillar",-95.484211,29.50842
"Forest_Tent_Caterpillar",-78.842573,34.218473
"Forest_Tent_Caterpillar",-79.912745,33.253724
"Forest_Tent_Caterpillar",-80.858057,33.489295
"Forest_Tent_Caterpillar",-97.776164,29.501788
"Forest_Tent_Caterpillar",-97.799059,32.177918
"Forest_Tent_Caterpillar",-93.184242,33.345819
"Forest_Tent_Caterpillar",-80.65991,35.144569
"Forest_Tent_Caterpillar",-95.592082,29.589469
"Forest_Tent_Caterpillar",-81.395961,34.211643
"Forest_Tent_Caterpillar",-97.64143,30.825816
"Forest_Tent_Caterpillar",-77.938499,34.233444
"Forest_Tent_Caterpillar",-75.431057,45.554206
"Forest_Tent_Caterpillar",-76.519675,37.750218
"Forest_Tent_Caterpillar",-96.737905,32.705043
"Forest_Tent_Caterpillar",-83.376679,33.927487
"Forest_Tent_Caterpillar",-96.627406,33.191528
"Forest_Tent_Caterpillar",-77.948612,34.31405
"Forest_Tent_Caterpillar",-87.534258,33.268642
"Forest_Tent_Caterpillar",-96.690765,32.850579
"Forest_Tent_Caterpillar",-84.74298,33.512574
"Forest_Tent_Caterpillar",-95.25016,35.916379
"Forest_Tent_Caterpillar",-76.561342,34.804072
"Forest_Tent_Caterpillar",-78.959773,33.759855
"Forest_Tent_Caterpillar",-97.373898,32.668032
"Forest_Tent_Caterpillar",-97.5512,31.193983
"Forest_Tent_Caterpillar",-95.395498,30.415554
"Forest_Tent_Caterpillar",-78.652814,35.88148
"Forest_Tent_Caterpillar",-79.003333,48.360607
"Forest_Tent_Caterpillar",-84.640033,33.752443
"Forest_Tent_Caterpillar",-96.585977,32.786978
"Forest_Tent_Caterpillar",-98.51597,29.878938
"Forest_Tent_Caterpillar",-98.134467,29.802298
"Forest_Tent_Caterpillar",-96.737895,32.705554
"Forest_Tent_Caterpillar",-86.767554,33.397971
"Forest_Tent_Caterpillar",-96.737557,32.704249
"Forest_Tent_Caterpillar",-97.306073,32.686217
"Forest_Tent_Caterpillar",-88.726576,33.469734
"Forest_Tent_Caterpillar",-80.65593,35.262138
"Forest_Tent_Caterpillar",-97.318476,32.657883
"Forest_Tent_Caterpillar",-77.926344,33.962875
"Forest_Tent_Caterpillar",-98.248142,31.634641
"Forest_Tent_Caterpillar",-77.908072,34.178662
"Forest_Tent_Caterpillar",-81.377388,32.14918
"Forest_Tent_Caterpillar",-97.954253,29.903337
"Forest_Tent_Caterpillar",-96.994174,33.046233
"Forest_Tent_Caterpillar",-87.314562,32.661033
"Forest_Tent_Caterpillar",-96.708205,32.740768
"Forest_Tent_Caterpillar",-96.831962,29.415178
"Forest_Tent_Caterpillar",-96.796988,32.776664
"Forest_Tent_Caterpillar",-84.159683,33.275272
"Forest_Tent_Caterpillar",-76.479273,37.068441
"Forest_Tent_Caterpillar",-80.88123,33.519447
"Forest_Tent_Caterpillar",-98.516072,30.158736
"Forest_Tent_Caterpillar",-97.687824,30.506794
"Forest_Tent_Caterpillar",-97.393015,30.661283
"Forest_Tent_Caterpillar",-95.539971,29.530775
"Forest_Tent_Caterpillar",-98.527343,30.161466
"Forest_Tent_Caterpillar",-97.146669,31.549333
"Forest_Tent_Caterpillar",-85.50656,32.570131
"Forest_Tent_Caterpillar",-90.989964,30.345556
"Forest_Tent_Caterpillar",-97.494901,31.198083
"Forest_Tent_Caterpillar",-96.729134,32.720952
"Forest_Tent_Caterpillar",-98.109268,30.87883
"Forest_Tent_Caterpillar",-98.514222,29.581247
"Forest_Tent_Caterpillar",-90.097194,30.003839
"Forest_Tent_Caterpillar",-97.46647,31.198247
"Forest_Tent_Caterpillar",-97.015948,32.311791
"Forest_Tent_Caterpillar",-98.270179,32.128556
"Forest_Tent_Caterpillar",-85.550625,33.326752
"Forest_Tent_Caterpillar",-97.641337,30.825823
"Forest_Tent_Caterpillar",-92.386595,31.345198
"Forest_Tent_Caterpillar",-95.419642,29.042732
"Forest_Tent_Caterpillar",-84.064913,30.356492
"Forest_Tent_Caterpillar",-92.890915,32.233253
"Forest_Tent_Caterpillar",-79.055844,35.9132
"Forest_Tent_Caterpillar",-97.161933,32.7489
"Forest_Tent_Caterpillar",-86.261911,32.642076
"Forest_Tent_Caterpillar",-97.692082,30.512249
"Forest_Tent_Caterpillar",-97.641409,30.825844
"Forest_Tent_Caterpillar",-95.277497,29.55538
"Forest_Tent_Caterpillar",-80.881161,33.5195
"Forest_Tent_Caterpillar",-98.248142,31.634641
"Forest_Tent_Caterpillar",-97.097143,32.948095
"Forest_Tent_Caterpillar",-82.563773,28.559441
"Forest_Tent_Caterpillar",-95.74131,29.614049
"Forest_Tent_Caterpillar",-98.426319,30.103954
"Forest_Tent_Caterpillar",-80.858053,33.489297
"Forest_Tent_Caterpillar",-79.927005,33.268467
"Forest_Tent_Caterpillar",-95.773652,30.12614
"Forest_Tent_Caterpillar",-96.72322,31.928228
"Forest_Tent_Caterpillar",-95.25016,35.916379
"Forest_Tent_Caterpillar",-97.490986,33.537791
"Forest_Tent_Caterpillar",-98.457075,30.381876
"Forest_Tent_Caterpillar",-97.524307,32.874651
"Forest_Tent_Caterpillar",-80.389079,33.971342
"Forest_Tent_Caterpillar",-79.875322,36.010315
"Forest_Tent_Caterpillar",-97.832792,30.084311
"Forest_Tent_Caterpillar",-96.655266,28.989505
"Forest_Tent_Caterpillar",-80.592608,34.829176
"Forest_Tent_Caterpillar",-78.930424,36.094657
"Forest_Tent_Caterpillar",-98.248142,31.634641
"Forest_Tent_Caterpillar",-84.238698,37.531138
"Forest_Tent_Caterpillar",-77.880997,34.216534
"Forest_Tent_Caterpillar",-79.055844,35.9132
"Forest_Tent_Caterpillar",-95.453359,29.747456
"Forest_Tent_Caterpillar",-80.861648,33.487674
"Forest_Tent_Caterpillar",-78.962412,35.979278
"Forest_Tent_Caterpillar",-79.04551,33.789748
"Forest_Tent_Caterpillar",-97.025679,30.383797
"Forest_Tent_Caterpillar",-96.72853,32.807513
"Forest_Tent_Caterpillar",-97.834671,30.08214
"Forest_Tent_Caterpillar",-68.012631,48.667498
"Forest_Tent_Caterpillar",-113.904588,49.064771
"Forest_Tent_Caterpillar",-77.906333,34.17733
"Forest_Tent_Caterpillar",-96.700889,32.813695
"Forest_Tent_Caterpillar",-97.314779,27.873631
"Forest_Tent_Caterpillar",-79.041426,33.551002
"Forest_Tent_Caterpillar",-81.207219,34.145007
"Forest_Tent_Caterpillar",-98.422429,29.574241
"Forest_Tent_Caterpillar",-95.987193,29.686317
"Forest_Tent_Caterpillar",-97.765197,30.4701
"Forest_Tent_Caterpillar",-90.998073,30.393854
"Forest_Tent_Caterpillar",-76.18969,36.672909
"Forest_Tent_Caterpillar",-95.610058,32.411883
"Forest_Tent_Caterpillar",-84.231711,30.576007
"Forest_Tent_Caterpillar",-78.646341,33.852965
"Forest_Tent_Caterpillar",-96.994174,33.046233
"Forest_Tent_Caterpillar",-97.467655,31.333983
"Forest_Tent_Caterpillar",-79.100381,35.829429
"Forest_Tent_Caterpillar",-77.789711,36.001058
"Forest_Tent_Caterpillar",-98.123467,29.753753
"Forest_Tent_Caterpillar",-95.634556,29.556689
"Forest_Tent_Caterpillar",-98.23411,30.757185
"Forest_Tent_Caterpillar",-97.688034,30.65249
"Forest_Tent_Caterpillar",-97.679357,33.027138
"Forest_Tent_Caterpillar",-96.513179,30.099843
"Forest_Tent_Caterpillar",-96.89,29.9
"Forest_Tent_Caterpillar",-98.472717,30.213383
"Forest_Tent_Caterpillar",-70.248611,43.665
"Forest_Tent_Caterpillar",-97.758368,30.37253
"Forest_Tent_Caterpillar",-97.709139,30.428391
"Forest_Tent_Caterpillar",-97.650793,30.511847
"Forest_Tent_Caterpillar",-71.998488,44.086033
"Forest_Tent_Caterpillar",-95.633559,29.556624
"Forest_Tent_Caterpillar",-98.027344,31.285456
"Forest_Tent_Caterpillar",-90.093008,29.9812
"Forest_Tent_Caterpillar",-95.78087,29.554403
"Forest_Tent_Caterpillar",-95.564465,29.748194
"Forest_Tent_Caterpillar",-95.6328,29.557794
"Forest_Tent_Caterpillar",-97.697638,30.240753
"Forest_Tent_Caterpillar",-97.743061,30.267153
"Forest_Tent_Caterpillar",-79.788798,33.179307
"Forest_Tent_Caterpillar",-79.003333,48.360607
"Forest_Tent_Caterpillar",-92.727055,47.146134
"Forest_Tent_Caterpillar",-98.179204,30.157261
"Forest_Tent_Caterpillar",-91.089009,30.532759
"Forest_Tent_Caterpillar",-79.317761,33.954433
"Forest_Tent_Caterpillar",-95.633817,29.55605
"Forest_Tent_Caterpillar",-71.301104,46.712726
"Forest_Tent_Caterpillar",-90.982216,30.349788
"Forest_Tent_Caterpillar",-79.790992,33.170522
"Forest_Tent_Caterpillar",-94.159391,31.518337
"Forest_Tent_Caterpillar",-84.189995,30.438026
"Forest_Tent_Caterpillar",-95.695016,29.796709
"Forest_Tent_Caterpillar",-98.248142,31.634641
"Forest_Tent_Caterpillar",-97.849006,30.57542
"Forest_Tent_Caterpillar",-83.250657,32.981909
"Forest_Tent_Caterpillar",-82.412537,28.079072
"Forest_Tent_Caterpillar",-98.316944,29.665278
"Forest_Tent_Caterpillar",-80.858142,33.489239
"Forest_Tent_Caterpillar",-81.300117,29.033084
"Forest_Tent_Caterpillar",-84.170083,30.427999
"Forest_Tent_Caterpillar",-95.373941,29.59366
"Forest_Tent_Caterpillar",-97.7116,30.240492
"Forest_Tent_Caterpillar",-97.68718,30.426713
"Forest_Tent_Caterpillar",-75.032805,41.50283
"Forest_Tent_Caterpillar",-90.91364,30.35017
"Forest_Tent_Caterpillar",-82.428047,28.099636
"Forest_Tent_Caterpillar",-96.818855,30.658875
"Forest_Tent_Caterpillar",-84.26757,30.193395
"Forest_Tent_Caterpillar",-80.858231,33.489175
"Forest_Tent_Caterpillar",-95.59922,29.669692
"Forest_Tent_Caterpillar",-96.858781,32.912863
"Forest_Tent_Caterpillar",-96.76452,32.781442
"Forest_Tent_Caterpillar",-85.345038,33.9364
"Forest_Tent_Caterpillar",-97.451303,31.081411
"Forest_Tent_Caterpillar",-80.858143,33.489239
"Forest_Tent_Caterpillar",-97.514925,30.21358
"Forest_Tent_Caterpillar",-97.749261,30.411504
"Forest_Tent_Caterpillar",-98.541956,29.81854
"Forest_Tent_Caterpillar",-95.622901,29.373798
"Forest_Tent_Caterpillar",-95.635559,29.828056
"Forest_Tent_Caterpillar",-84.117349,33.670661
"Forest_Tent_Caterpillar",-98.566734,29.546349
"Forest_Tent_Caterpillar",-95.294247,32.246061
"Forest_Tent_Caterpillar",-97.698097,29.855108
"Forest_Tent_Caterpillar",-97.240521,30.729887
"Forest_Tent_Caterpillar",-80.161564,32.771042
"Forest_Tent_Caterpillar",-98.080535,29.770164
"Forest_Tent_Caterpillar",-96.799529,32.580925
"Forest_Tent_Caterpillar",-80.858141,33.489242
"Forest_Tent_Caterpillar",-78.994767,36.133867
"Forest_Tent_Caterpillar",-77.898964,34.280082
"Forest_Tent_Caterpillar",-79.307674,48.035861
"Forest_Tent_Caterpillar",-98.617844,29.610868
"Forest_Tent_Caterpillar",-92.432162,31.345766
"Forest_Tent_Caterpillar",-99.212374,30.093347
"Forest_Tent_Caterpillar",-77.899742,34.167125
"Forest_Tent_Caterpillar",-80.858057,33.489298
"Forest_Tent_Caterpillar",-79.012242,33.802892
"Forest_Tent_Caterpillar",-78.966092,35.92849
"Forest_Tent_Caterpillar",-95.688538,30.199495
"Forest_Tent_Caterpillar",-97.302356,32.521623
"Forest_Tent_Caterpillar",-95.515458,29.670811
"Forest_Tent_Caterpillar",-80.858035,33.489311
"Forest_Tent_Caterpillar",-84.126786,33.327567
"Forest_Tent_Caterpillar",-97.530547,30.629408
"Forest_Tent_Caterpillar",-97.174933,32.684587
"Forest_Tent_Caterpillar",-97.240521,30.729887
"Forest_Tent_Caterpillar",-122.78213,38.61212
"Forest_Tent_Caterpillar",-95.240173,33.714189
"Forest_Tent_Caterpillar",-97.422347,31.784945
"Forest_Tent_Caterpillar",-86.789732,33.327219
"Forest_Tent_Caterpillar",-86.859712,33.447808
"Forest_Tent_Caterpillar",-96.935895,32.788136
"Forest_Tent_Caterpillar",-90.99034,30.346296
"Forest_Tent_Caterpillar",-96.700871,32.813676
"Forest_Tent_Caterpillar",-80.798325,35.355258
"Forest_Tent_Caterpillar",-97.715836,30.24
"Forest_Tent_Caterpillar",-84.657967,33.422292
"Forest_Tent_Caterpillar",-78.901886,36.012969
"Forest_Tent_Caterpillar",-97.922807,29.893271
"Forest_Tent_Caterpillar",-95.261012,29.592885
"Forest_Tent_Caterpillar",-84.546357,30.413444
"Forest_Tent_Caterpillar",-95.311582,31.924387
"Forest_Tent_Caterpillar",-85.879861,31.358331
"Forest_Tent_Caterpillar",-97.966156,29.901722
"Forest_Tent_Caterpillar",-97.676615,33.024847
"Forest_Tent_Caterpillar",-79.036131,33.7879
"Forest_Tent_Caterpillar",-85.132327,42.277635
"Forest_Tent_Caterpillar",-74.518,40.67235
"Forest_Tent_Caterpillar",-95.461501,29.764659
"Forest_Tent_Caterpillar",-79.948372,32.719092
"Forest_Tent_Caterpillar",-80.266521,36.395072
"Forest_Tent_Caterpillar",-95.228893,29.529996
"Forest_Tent_Caterpillar",-97.861849,30.203692
"Forest_Tent_Caterpillar",-97.474997,31.097333
"Forest_Tent_Caterpillar",-79.044467,33.78876
"Forest_Tent_Caterpillar",-97.286688,30.601772
"Forest_Tent_Caterpillar",-97.643245,30.682639
"Forest_Tent_Caterpillar",-80.04736,32.830498
"Forest_Tent_Caterpillar",-97.012308,32.721674
"Forest_Tent_Caterpillar",-96.645788,32.87193
"Forest_Tent_Caterpillar",-84.230224,30.206963
"Forest_Tent_Caterpillar",-80.618062,35.365568
"Forest_Tent_Caterpillar",-79.012385,33.802614
"Forest_Tent_Caterpillar",-78.978195,35.95557
"Forest_Tent_Caterpillar",-88.460122,32.34316
"Forest_Tent_Caterpillar",-96.789386,28.250897
"Forest_Tent_Caterpillar",-95.480141,31.488964
"Forest_Tent_Caterpillar",-97.228568,31.329445
"Forest_Tent_Caterpillar",-124.320755,42.115275
"Forest_Tent_Caterpillar",-97.2719,32.761537
"Forest_Tent_Caterpillar",-84.781837,45.759238
"Forest_Tent_Caterpillar",-98.613986,29.880806
"Forest_Tent_Caterpillar",-78.792062,35.788612
"Forest_Tent_Caterpillar",-91.244605,47.385743
"Forest_Tent_Caterpillar",-70.090556,43.911389
"Forest_Tent_Caterpillar",-96.978549,28.148537
"Forest_Tent_Caterpillar",-76.499106,42.532214
"Forest_Tent_Caterpillar",-92.72707,47.146134
"Forest_Tent_Caterpillar",-95.447909,29.701948
"Forest_Tent_Caterpillar",-84.6754,45.558658
"Forest_Tent_Caterpillar",-98.129761,29.724128
"Forest_Tent_Caterpillar",-95.416516,29.580772
"Forest_Tent_Caterpillar",-97.891637,30.093639
"Forest_Tent_Caterpillar",-97.229017,31.330061
"Forest_Tent_Caterpillar",-97.715774,30.66309
"Forest_Tent_Caterpillar",-86.809311,33.019638
"Forest_Tent_Caterpillar",-95.424399,29.046603
"Forest_Tent_Caterpillar",-98.41665,29.600062
"Forest_Tent_Caterpillar",-85.907624,32.839949
"Forest_Tent_Caterpillar",-79.9236,32.729053
"Forest_Tent_Caterpillar",-90.060403,30.374237
"Forest_Tent_Caterpillar",-98.248142,31.634641
"Forest_Tent_Caterpillar",-95.585283,29.378328
"Forest_Tent_Caterpillar",-97.856042,30.22025
"Forest_Tent_Caterpillar",-95.659682,29.636023
"Forest_Tent_Caterpillar",-79.050238,33.791909
"Forest_Tent_Caterpillar",-95.766578,29.648817
"Forest_Tent_Caterpillar",-97.766089,30.468927
"Forest_Tent_Caterpillar",-76.513116,42.405969
"Forest_Tent_Caterpillar",-96.707667,32.912387
"Forest_Tent_Caterpillar",-76.647336,38.07208
"Forest_Tent_Caterpillar",-94.673332,47.450554
"Forest_Tent_Caterpillar",-98.603317,29.604987
"Forest_Tent_Caterpillar",-79.041952,33.785386
"Forest_Tent_Caterpillar",-85.734772,31.598013
"Forest_Tent_Caterpillar",-98.17125,29.209213
"Forest_Tent_Caterpillar",-97.168192,49.897182
"Forest_Tent_Caterpillar",-97.093702,32.786827
"Forest_Tent_Caterpillar",-95.630367,29.570931
"Forest_Tent_Caterpillar",-95.759946,29.738706
"Forest_Tent_Caterpillar",-84.0256,32.337664
"Forest_Tent_Caterpillar",-97.035569,29.416817
"Forest_Tent_Caterpillar",-95.650709,29.771508
"Forest_Tent_Caterpillar",-85.314528,31.164497
"Forest_Tent_Caterpillar",-95.336839,29.741321
"Forest_Tent_Caterpillar",-97.795625,29.95233
"Forest_Tent_Caterpillar",-84.097266,30.421005
"Forest_Tent_Caterpillar",-98.099645,29.810224
"Forest_Tent_Caterpillar",-95.735397,29.77928
"Forest_Tent_Caterpillar",-95.55,29.8
"Forest_Tent_Caterpillar",-98.431303,29.588245
"Forest_Tent_Caterpillar",-97.06388,32.80672
"Forest_Tent_Caterpillar",-79.073509,33.774674
"Forest_Tent_Caterpillar",-90.075925,29.933078
"Forest_Tent_Caterpillar",-97.890911,30.137837
"Forest_Tent_Caterpillar",-82.227461,28.140492
"Forest_Tent_Caterpillar",-92.03408,30.134839
"Forest_Tent_Caterpillar",-95.429255,29.692473
"Forest_Tent_Caterpillar",-90.908578,30.517733
"Forest_Tent_Caterpillar",-95.293132,32.271856
"Forest_Tent_Caterpillar",-97.684687,29.800162
"Forest_Tent_Caterpillar",-89.93115,29.8998
"Forest_Tent_Caterpillar",-85.909127,32.662474
"Forest_Tent_Caterpillar",-95.089949,29.50582
"Forest_Tent_Caterpillar",-96.581062,28.921443
"Forest_Tent_Caterpillar",-97.006594,30.414091
"Forest_Tent_Caterpillar",-97.198538,29.893135
"Forest_Tent_Caterpillar",-95.54692,29.551996
"Forest_Tent_Caterpillar",-95.51707,29.454874
"Forest_Tent_Caterpillar",-85.720785,31.398944
"Forest_Tent_Caterpillar",-98.03233,29.39408
"Forest_Tent_Caterpillar",-95.512237,29.677254
"Forest_Tent_Caterpillar",-97.718613,30.323672
"Forest_Tent_Caterpillar",-82.413025,28.080111
"Forest_Tent_Caterpillar",-97.438196,29.988265
"Forest_Tent_Caterpillar",-97.15075,29.149604
"Forest_Tent_Caterpillar",-95.540594,29.530673
"Forest_Tent_Caterpillar",-98.071391,29.932956
"Forest_Tent_Caterpillar",-95.505826,30.158924
"Forest_Tent_Caterpillar",-97.639893,30.684061
"Forest_Tent_Caterpillar",-97.459898,31.038323
"Forest_Tent_Caterpillar",-79.0374,33.784381
"Forest_Tent_Caterpillar",-97.01597,32.311782
"Forest_Tent_Caterpillar",-99.281212,29.6911
"Forest_Tent_Caterpillar",-85.686451,31.488627
"Forest_Tent_Caterpillar",-90.951861,30.429905
"Forest_Tent_Caterpillar",-97.922516,30.664912
"Forest_Tent_Caterpillar",-96.637862,30.317224
"Forest_Tent_Caterpillar",-85.94519,32.574057
"Forest_Tent_Caterpillar",-95.491711,29.506857
"Forest_Tent_Caterpillar",-97.473805,30.071512
"Forest_Tent_Caterpillar",-96.514818,32.581288
"Forest_Tent_Caterpillar",-98.401223,29.54093
"Forest_Tent_Caterpillar",-96.866883,29.906047
"Forest_Tent_Caterpillar",-98.076619,29.812054
"Forest_Tent_Caterpillar",-95.763183,30.166605
"Forest_Tent_Caterpillar",-95.782383,29.80139
"Forest_Tent_Caterpillar",-98.531072,29.562172
"Forest_Tent_Caterpillar",-96.296733,30.519408
"Forest_Tent_Caterpillar",-97.383982,30.160353
"Forest_Tent_Caterpillar",-96.008288,29.429752
"Forest_Tent_Caterpillar",-84.205147,30.424912
"Forest_Tent_Caterpillar",-97.650793,30.511847
"Forest_Tent_Caterpillar",-94.935059,29.219555
"Forest_Tent_Caterpillar",-97.042574,30.966428
"Forest_Tent_Caterpillar",-91.043577,30.446853
"Forest_Tent_Caterpillar",-97.05696,33.018105
"Forest_Tent_Caterpillar",-91.040795,30.401339
"Forest_Tent_Caterpillar",-81.305937,33.336789
"Forest_Tent_Caterpillar",-97.788492,29.362088
"Forest_Tent_Caterpillar",-95.620004,29.371053
"Forest_Tent_Caterpillar",-95.34781,29.585992
"Forest_Tent_Caterpillar",-95.633888,29.823889
"Forest_Tent_Caterpillar",-95.627218,29.370627
"Forest_Tent_Caterpillar",-98.764063,29.808055
"Forest_Tent_Caterpillar",-95.396103,29.719075
"Forest_Tent_Caterpillar",-91.10595,30.268625
"Forest_Tent_Caterpillar",-92.140867,29.869047
"Forest_Tent_Caterpillar",-91.981718,30.237798
"Forest_Tent_Caterpillar",-98.102081,29.812754
"Forest_Tent_Caterpillar",-82.366312,28.858401
"Forest_Tent_Caterpillar",-90.951637,30.430189
"Forest_Tent_Caterpillar",-82.305757,27.97065
"Forest_Tent_Caterpillar",-95.265447,29.562912
"Forest_Tent_Caterpillar",-95.395239,29.719233
"Forest_Tent_Caterpillar",-97.838113,29.825496
"Forest_Tent_Caterpillar",-95.757987,29.56776
"Forest_Tent_Caterpillar",-97.930998,29.891446
"Forest_Tent_Caterpillar",-97.998215,29.866291
"Forest_Tent_Caterpillar",-95.659892,29.043945
"Forest_Tent_Caterpillar",-97.947897,29.860157
"Forest_Tent_Caterpillar",-90.935564,30.54437
"Forest_Tent_Caterpillar",-82.533158,28.376231
"Forest_Tent_Caterpillar",-90.951318,30.430302
"Forest_Tent_Caterpillar",-95.10671,29.385299
"Forest_Tent_Caterpillar",-95.753621,29.744329
"Forest_Tent_Caterpillar",-97.519284,30.535923
"Forest_Tent_Caterpillar",-95.584324,29.825339
"Forest_Tent_Caterpillar",-95.695435,29.688303
"Forest_Tent_Caterpillar",-122.503013,38.355162
"Forest_Tent_Caterpillar",-105.347918,36.700183
"Forest_Tent_Caterpillar",-76.822203,39.001287
"Forest_Tent_Caterpillar",-122.456106,38.280834
"Forest_Tent_Caterpillar",-95.365767,29.497108
"Forest_Tent_Caterpillar",-76.523294,42.41689
"Forest_Tent_Caterpillar",-95.364166,30.55959
"Forest_Tent_Caterpillar",-98.593475,29.567247
"Forest_Tent_Caterpillar",-95.501342,29.622928
"Forest_Tent_Caterpillar",-96.939012,32.91824
"Forest_Tent_Caterpillar",-85.634716,34.398921
"Forest_Tent_Caterpillar",-86.029765,31.884663
"Forest_Tent_Caterpillar",-95.558153,29.564899
"Forest_Tent_Caterpillar",-81.32,45.13
"Forest_Tent_Caterpillar",-95.619334,29.166397
"Forest_Tent_Caterpillar",-91.154162,30.410034
"Forest_Tent_Caterpillar",-79.064174,33.845742
"Forest_Tent_Caterpillar",-95.3963,29.718423
"Forest_Tent_Caterpillar",-85.928178,30.725442
"Forest_Tent_Caterpillar",-95.636637,29.58997
"Forest_Tent_Caterpillar",-98.799408,29.473233
"Forest_Tent_Caterpillar",-97.437822,29.988266
"Forest_Tent_Caterpillar",-96.885488,29.914462
"Forest_Tent_Caterpillar",-81.509567,32.1889
"Forest_Tent_Caterpillar",-95.553213,30.714292
"Forest_Tent_Caterpillar",-95.192984,29.800802
"Forest_Tent_Caterpillar",-122.503062,38.355228
"Forest_Tent_Caterpillar",-95.87955,46.79092
"Forest_Tent_Caterpillar",-98.223519,29.577991
"Forest_Tent_Caterpillar",-98.408867,29.439249
"Forest_Tent_Caterpillar",-95.071822,29.596022
"Forest_Tent_Caterpillar",-96.685748,32.857046
"Forest_Tent_Caterpillar",-95.803367,29.524513
"Forest_Tent_Caterpillar",-82.235507,36.574133
"Forest_Tent_Caterpillar",-122.080048,37.079968
"Forest_Tent_Caterpillar",-95.609142,36.094511
"Forest_Tent_Caterpillar",-95.627953,29.370573
"Forest_Tent_Caterpillar",-91.213333,47.359333
"Forest_Tent_Caterpillar",-122.815322,38.404003
"Forest_Tent_Caterpillar",-98.583687,29.038317
"Forest_Tent_Caterpillar",-95.603814,28.98128
"Forest_Tent_Caterpillar",-68.213015,44.38638
"Forest_Tent_Caterpillar",-97.736128,30.295678
"Forest_Tent_Caterpillar",-82.532619,28.373783
"Forest_Tent_Caterpillar",-95.654632,29.410734
"Forest_Tent_Caterpillar",-95.065758,29.574138
"Forest_Tent_Caterpillar",-124.209878,40.68555
"Forest_Tent_Caterpillar",-85.133345,46.332716
"Forest_Tent_Caterpillar",-122.080143,37.080067
"Forest_Tent_Caterpillar",-74.378734,39.954363
"Forest_Tent_Caterpillar",-93.956141,35.688933
"Forest_Tent_Caterpillar",-118.851607,55.638179
"Forest_Tent_Caterpillar",-101.630161,47.29528
"Forest_Tent_Caterpillar",-82.235507,36.574133
"Forest_Tent_Caterpillar",-84.343567,46.497954
"Forest_Tent_Caterpillar",-97.836531,30.546255
"Forest_Tent_Caterpillar",-98.563995,29.557378
"Forest_Tent_Caterpillar",-97.49247,30.135739
"Forest_Tent_Caterpillar",-85.71538,31.358202
"Forest_Tent_Caterpillar",-97.389891,28.654873
"Forest_Tent_Caterpillar",-97.582665,29.589791
"Forest_Tent_Caterpillar",-95.200459,29.54677
"Forest_Tent_Caterpillar",-80.748695,35.307755
"Forest_Tent_Caterpillar",-97.150739,29.149583
"Forest_Tent_Caterpillar",-82.413156,28.080125
"Forest_Tent_Caterpillar",-95.40158,29.715053
"Forest_Tent_Caterpillar",-97.025469,30.384057
"Forest_Tent_Caterpillar",-95.940739,29.931765
"Forest_Tent_Caterpillar",-97.969267,29.89064
"Forest_Tent_Caterpillar",-95.164775,29.605904
"Forest_Tent_Caterpillar",-97.710131,30.23268
"Forest_Tent_Caterpillar",-82.614662,29.57617
"Forest_Tent_Caterpillar",-97.344001,31.088279
"Forest_Tent_Caterpillar",-95.044852,29.569141
"Forest_Tent_Caterpillar",-95.628595,29.164191
"Forest_Tent_Caterpillar",-90.942889,30.310544
"Forest_Tent_Caterpillar",-96.66014,29.055236
"Forest_Tent_Caterpillar",-95.60482,29.766872
"Forest_Tent_Caterpillar",-97.105866,32.958573
"Forest_Tent_Caterpillar",-95.634492,29.169254
"Forest_Tent_Caterpillar",-95.629501,29.563055
"Forest_Tent_Caterpillar",-97.813266,30.250885
"Forest_Tent_Caterpillar",-96.9803,30.850578
"Forest_Tent_Caterpillar",-98.358751,29.802743
"Forest_Tent_Caterpillar",-97.528643,30.321872
"Forest_Tent_Caterpillar",-97.759409,30.63044
"Forest_Tent_Caterpillar",-95.100123,29.442343
"Forest_Tent_Caterpillar",-97.718102,30.262814
"Forest_Tent_Caterpillar",-95.629158,29.562109
"Forest_Tent_Caterpillar",-84.340239,30.270768
"Forest_Tent_Caterpillar",-98.102075,31.70398
"Forest_Tent_Caterpillar",-95.601182,29.748933
"Forest_Tent_Caterpillar",-82.610328,29.640751
"Forest_Tent_Caterpillar",-95.447996,29.509199
"Forest_Tent_Caterpillar",-98.589821,29.562925
"Forest_Tent_Caterpillar",-90.929175,30.2594
"Forest_Tent_Caterpillar",-98.609937,30.23598
"Forest_Tent_Caterpillar",-95.629571,29.563007
"Forest_Tent_Caterpillar",-97.422239,27.790551
"Forest_Tent_Caterpillar",-98.638,29.541828
"Forest_Tent_Caterpillar",-95.983471,29.808191
"Forest_Tent_Caterpillar",-94.947555,30.521008
"Forest_Tent_Caterpillar",-91.8463,30.375128
"Forest_Tent_Caterpillar",-85.922153,31.329538
"Forest_Tent_Caterpillar",-95.664988,29.589995
"Forest_Tent_Caterpillar",-98.522551,29.556281
"Forest_Tent_Caterpillar",-98.248142,31.634641
"Forest_Tent_Caterpillar",-97.765763,30.270289
"Forest_Tent_Caterpillar",-96.97958,33.06209
"Forest_Tent_Caterpillar",-90.952123,30.430001
"Forest_Tent_Caterpillar",-97.865702,29.056947
"Forest_Tent_Caterpillar",-84.265246,30.471715
"Forest_Tent_Caterpillar",-96.994174,33.046233
"Forest_Tent_Caterpillar",-95.430091,29.691738
"Forest_Tent_Caterpillar",-97.328557,27.640316
"Forest_Tent_Caterpillar",-97.353552,32.708266
"Forest_Tent_Caterpillar",-97.166447,29.793664
"Forest_Tent_Caterpillar",-90.98987,30.34467
"Forest_Tent_Caterpillar",-95.793057,29.728062
"Forest_Tent_Caterpillar",-91.145239,30.441715
"Forest_Tent_Caterpillar",-95.924743,30.057776
"Forest_Tent_Caterpillar",-95.536951,29.643383
"Forest_Tent_Caterpillar",-95.596812,29.754955
"Forest_Tent_Caterpillar",-98.606401,29.563615
"Forest_Tent_Caterpillar",-91.987014,30.257881
"Forest_Tent_Caterpillar",-95.592287,29.599112
"Forest_Tent_Caterpillar",-95.61795,29.56685
"Forest_Tent_Caterpillar",-98.333224,29.588759
"Forest_Tent_Caterpillar",-97.95025,29.880675
"Forest_Tent_Caterpillar",-95.552149,30.714957
"Forest_Tent_Caterpillar",-90.935564,30.54437
"Forest_Tent_Caterpillar",-91.091141,30.408095
"Forest_Tent_Caterpillar",-96.814131,32.73966
"Forest_Tent_Caterpillar",-95.072557,29.594711
"Forest_Tent_Caterpillar",-95.716851,29.800037
"Forest_Tent_Caterpillar",-95.596045,29.380272
"Forest_Tent_Caterpillar",-124.037163,41.324238
"Forest_Tent_Caterpillar",-98.24061,29.310881
"Forest_Tent_Caterpillar",-124.032698,40.334663
"Forest_Tent_Caterpillar",-83.369942,30.393575
"Forest_Tent_Caterpillar",-94.606734,32.163181
"Forest_Tent_Caterpillar",-122.06272,37.235352
"Forest_Tent_Caterpillar",-84.975079,45.433397
"Forest_Tent_Caterpillar",-97.919097,29.88932
"Forest_Tent_Caterpillar",-80.515556,35.238611
"Forest_Tent_Caterpillar",-95.693786,29.971691
"Forest_Tent_Caterpillar",-96.685764,32.857054
"Forest_Tent_Caterpillar",-83.924171,33.253038
"Forest_Tent_Caterpillar",-84.227762,30.453867
"Forest_Tent_Caterpillar",-97.709794,30.248901
"Forest_Tent_Caterpillar",-122.878288,38.539272
"Forest_Tent_Caterpillar",-71.426851,42.340386
"Forest_Tent_Caterpillar",-75.152336,38.369114
"Forest_Tent_Caterpillar",-95.711746,29.793025
"Forest_Tent_Caterpillar",-79.057916,35.829189
"Forest_Tent_Caterpillar",-97.321633,30.123564
"Forest_Tent_Caterpillar",-104.720149,44.5906
"Forest_Tent_Caterpillar",-95.716991,29.800271
"Forest_Tent_Caterpillar",-95.519221,29.663115
"Forest_Tent_Caterpillar",-103.093033,48.110797
"Forest_Tent_Caterpillar",-124.094414,40.859403
"Forest_Tent_Caterpillar",-78.340238,44.319331
"Forest_Tent_Caterpillar",-97.697625,30.240683
"Forest_Tent_Caterpillar",-95.040886,29.532181
"Forest_Tent_Caterpillar",-122.806584,38.444963
"Forest_Tent_Caterpillar",-123.460579,39.817035
"Forest_Tent_Caterpillar",-124.096882,40.856725
"Forest_Tent_Caterpillar",-94.172522,30.254739
"Forest_Tent_Caterpillar",-82.361835,29.644552
"Forest_Tent_Caterpillar",-98.15894,29.709312
"Forest_Tent_Caterpillar",-82.2415,28.151239
"Forest_Tent_Caterpillar",-80.293847,37.917903
"Forest_Tent_Caterpillar",-95.070904,29.595557
"Forest_Tent_Caterpillar",-95.401259,29.716201
"Forest_Tent_Caterpillar",-81.82315,28.008342
"Forest_Tent_Caterpillar",-85.633933,31.177599
"Forest_Tent_Caterpillar",-82.582741,39.476412
"Forest_Tent_Caterpillar",-82.666995,27.842387
"Forest_Tent_Caterpillar",-98.874993,29.354436
"Forest_Tent_Caterpillar",-71.541732,42.004717
"Forest_Tent_Caterpillar",-106.621773,52.151941
"Forest_Tent_Caterpillar",-123.264717,49.882903
"Forest_Tent_Caterpillar",-71.932594,48.703707
"Forest_Tent_Caterpillar",-75.757984,45.484649
"Forest_Tent_Caterpillar",-64.618661,46.389245
"Forest_Tent_Caterpillar",-123.374191,48.463492
"Forest_Tent_Caterpillar",-106.632313,52.143987
"Forest_Tent_Caterpillar",-75.929992,45.636453
"Forest_Tent_Caterpillar",-64.611619,48.411463
"Forest_Tent_Caterpillar",-78.059647,44.916965
"Forest_Tent_Caterpillar",-106.632313,52.143987
"Forest_Tent_Caterpillar",-75.203226,45.750422
"Forest_Tent_Caterpillar",-115.83348,49.371622
"Forest_Tent_Caterpillar",-82.667902,27.839814
"Forest_Tent_Caterpillar",-107.177897,53.210087
"Forest_Tent_Caterpillar",-74.806198,40.876595
"Forest_Tent_Caterpillar",-76.529343,36.716526
"Forest_Tent_Caterpillar",-76.471344,42.027832
"Forest_Tent_Caterpillar",-83.310642,46.436626
"Forest_Tent_Caterpillar",-83.074814,46.511729
"Forest_Tent_Caterpillar",-72.504813,43.624357
"Forest_Tent_Caterpillar",-76.421707,45.280323
"Forest_Tent_Caterpillar",-76.152598,44.827373
"Forest_Tent_Caterpillar",-93.205382,44.928216
"Forest_Tent_Caterpillar",-83.103081,46.527891
"Forest_Tent_Caterpillar",-76.68001,36.43063
"Forest_Tent_Caterpillar",-93.156918,36.883337
"Forest_Tent_Caterpillar",-64.757206,48.351029
"Forest_Tent_Caterpillar",-112.236423,60.107724
"Forest_Tent_Caterpillar",-97.758536,30.417972
"Forest_Tent_Caterpillar",-96.68575,32.857063
"Forest_Tent_Caterpillar",-83.703112,46.543623
"Forest_Tent_Caterpillar",-64.757131,48.351051
"Forest_Tent_Caterpillar",-83.613838,46.607382
"Forest_Tent_Caterpillar",-71.286659,46.894215
"Forest_Tent_Caterpillar",-76.45459,42.361262
"Forest_Tent_Caterpillar",-71.956879,44.086464
"Forest_Tent_Caterpillar",-76.45459,42.361262
"Forest_Tent_Caterpillar",-71.956688,44.08646
"Forest_Tent_Caterpillar",-75.295658,45.709641
"Forest_Tent_Caterpillar",-97.758536,30.417972
"Forest_Tent_Caterpillar",-73.342923,45.51989
"Forest_Tent_Caterpillar",-96.685764,32.857054
"Forest_Tent_Caterpillar",-72.808175,44.523809
"Forest_Tent_Caterpillar",-76.758202,42.443508
"Forest_Tent_Caterpillar",-72.071037,43.797173
"Forest_Tent_Caterpillar",-95.116,29.545
"Forest_Tent_Caterpillar",-95.116,29.545
"Forest_Tent_Caterpillar",-95.243,29.9
"Forest_Tent_Caterpillar",-95.116,29.545
"Forest_Tent_Caterpillar",-95.116,29.545
"Forest_Tent_Caterpillar",-95.116,29.545
"Forest_Tent_Caterpillar",-95.116,29.545
"Forest_Tent_Caterpillar",-118.15,50.99
"Forest_Tent_Caterpillar",-95.694895,33.811879
"Forest_Tent_Caterpillar",-97.82302,33.006128
"Forest_Tent_Caterpillar",-77.303032,44.478874
"Forest_Tent_Caterpillar",-70.160164,44.559851
"Forest_Tent_Caterpillar",-68.95803,44.331377
"Forest_Tent_Caterpillar",-84.723889,45.881111
"Forest_Tent_Caterpillar",-83.339486,46.44964
"Forest_Tent_Caterpillar",-99.261757,49.655673
"Forest_Tent_Caterpillar",-76.152598,44.827373
"Forest_Tent_Caterpillar",-71.265006,46.849504
"Forest_Tent_Caterpillar",-76.152598,44.827373
"Forest_Tent_Caterpillar",-84.304932,46.536869
"Forest_Tent_Caterpillar",-80.677579,41.911819
"Forest_Tent_Caterpillar",-95.67521,29.1134
"Forest_Tent_Caterpillar",-98.623154,31.269934
"Forest_Tent_Caterpillar",-98.623128,31.269973
"Forest_Tent_Caterpillar",-98.623078,31.26998
"Forest_Tent_Caterpillar",-97.585282,31.791713
"Forest_Tent_Caterpillar",-97.689963,30.685978
"Forest_Tent_Caterpillar",-98.248142,31.634641
"Forest_Tent_Caterpillar",-98.248142,31.634641
"Forest_Tent_Caterpillar",-98.248142,31.634641
"Forest_Tent_Caterpillar",-98.248142,31.634641
"Forest_Tent_Caterpillar",-98.248142,31.634641
"Forest_Tent_Caterpillar",-98.248142,31.634641
"Forest_Tent_Caterpillar",-98.248142,31.634641
"Forest_Tent_Caterpillar",-98.248142,31.634641
"Forest_Tent_Caterpillar",-97.305047,30.837438
"Forest_Tent_Caterpillar",-97.58527,31.791692
"Forest_Tent_Caterpillar",-97.585087,31.791606
"Forest_Tent_Caterpillar",-97.60785,30.642068
"Forest_Tent_Caterpillar",-97.123603,32.841275
"Forest_Tent_Caterpillar",-98.627017,29.584562
"Forest_Tent_Caterpillar",-95.596388,29.376208
"Forest_Tent_Caterpillar",-97.43965,30.359994
"Forest_Tent_Caterpillar",-94.790018,30.369081
"Forest_Tent_Caterpillar",-95.156459,29.491211
"Forest_Tent_Caterpillar",-95.525206,30.617716
"Forest_Tent_Caterpillar",-95.641267,29.557033
"Forest_Tent_Caterpillar",-97.460178,30.138033
"Forest_Tent_Caterpillar",-97.259112,30.210098
"Forest_Tent_Caterpillar",-95.45327,29.663828
"Forest_Tent_Caterpillar",-97.792497,30.161139
"Forest_Tent_Caterpillar",-95.696669,29.597142
"Forest_Tent_Caterpillar",-98.626505,29.589203
"Forest_Tent_Caterpillar",-95.067631,29.591453
"Forest_Tent_Caterpillar",-95.644,29.682
"Forest_Tent_Caterpillar",-123.633333,39.733333
"Forest_Tent_Caterpillar",-80.066,44.798
"Forest_Tent_Caterpillar",-123.633333,39.733333
"Forest_Tent_Caterpillar",-88.454006,47.246592
"Forest_Tent_Caterpillar",-88.454006,47.246592
"Forest_Tent_Caterpillar",-88.454006,47.246592
"Forest_Tent_Caterpillar",-87.1259,45.067916
"Forest_Tent_Caterpillar",-88.454006,47.246592
"Forest_Tent_Caterpillar",-88.454006,47.246592
"Forest_Tent_Caterpillar",-70.59114,47.4611
"Forest_Tent_Caterpillar",-74.052766,45.030632
"Forest_Tent_Caterpillar",-78.940631,39.642817
"Forest_Tent_Caterpillar",-78.494099,45.046828
"Forest_Tent_Caterpillar",-80.656918,43.18299
"Forest_Tent_Caterpillar",-79.051644,44.548355
"Forest_Tent_Caterpillar",-79.931932,43.358015
"Forest_Tent_Caterpillar",-97.074033,49.942291
"Forest_Tent_Caterpillar",-80.881025,33.519595
"Forest_Tent_Caterpillar",-79.003333,48.360607
"Forest_Tent_Caterpillar",-79.003333,48.360607
"Forest_Tent_Caterpillar",-89.144717,45.435145
"Forest_Tent_Caterpillar",-89.144717,45.435145
"Forest_Tent_Caterpillar",-64.527721,48.827567
"Forest_Tent_Caterpillar",-76.221493,44.279778
"Forest_Tent_Caterpillar",-78.640748,45.549842
"Forest_Tent_Caterpillar",-76.221493,44.279778
"Forest_Tent_Caterpillar",-76.221502,44.279762
"Forest_Tent_Caterpillar",-76.221502,44.279762
"Forest_Tent_Caterpillar",-76.221502,44.279762
"Forest_Tent_Caterpillar",-78.640992,45.550086
"Forest_Tent_Caterpillar",-78.640748,45.549842
"Forest_Tent_Caterpillar",-77.854881,45.055857
"Forest_Tent_Caterpillar",-77.854881,45.055857
"Forest_Tent_Caterpillar",-78.24808,44.339617
"Forest_Tent_Caterpillar",-65.022942,46.031963
"Forest_Tent_Caterpillar",-76.019447,44.4925
"Forest_Tent_Caterpillar",-79.931923,43.357913
"Forest_Tent_Caterpillar",-80.766728,35.142684
"Forest_Tent_Caterpillar",-76.106157,36.910677
"Forest_Tent_Caterpillar",-72.176101,41.788846
"Forest_Tent_Caterpillar",-96.685759,32.857013
"Forest_Tent_Caterpillar",-71.323114,46.845706
"Forest_Tent_Caterpillar",-95.007813,29.992054
"Forest_Tent_Caterpillar",-95.157677,30.352117
"Forest_Tent_Caterpillar",-72.311075,41.823678
"Forest_Tent_Caterpillar",-79.003333,48.360607
"Forest_Tent_Caterpillar",-102.705985,46.87015
"Forest_Tent_Caterpillar",-77.936749,39.947689
"Forest_Tent_Caterpillar",-76.547141,44.991496
"Forest_Tent_Caterpillar",-79.991948,43.582397
"Forest_Tent_Caterpillar",-70.16016,44.559848
"Forest_Tent_Caterpillar",-79.991948,43.582397
"Forest_Tent_Caterpillar",-79.991948,43.582397
"Forest_Tent_Caterpillar",-120.3547,47.5756
"Forest_Tent_Caterpillar",-120.3547,47.5756
"Forest_Tent_Caterpillar",-90.8861,32.2035
"Forest_Tent_Caterpillar",-93.180455,35.090644
"Forest_Tent_Caterpillar",-95.692241,47.779958
"Forest_Tent_Caterpillar",-74.133333,45.25
"Forest_Tent_Caterpillar",-73.75,45.166667
"Forest_Tent_Caterpillar",-74.133333,45.25
"Forest_Tent_Caterpillar",-95.434386,29.033858
"Forest_Tent_Caterpillar",-94.826328,33.895665
"Forest_Tent_Caterpillar",-93.180455,35.090644
"Forest_Tent_Caterpillar",-94.815908,30.004966
"Forest_Tent_Caterpillar",-97.922516,30.664912
"Forest_Tent_Caterpillar",-95.434386,29.033858
"Forest_Tent_Caterpillar",-96.625838,34.488703
"Forest_Tent_Caterpillar",-90.423611,47.82351
"Forest_Tent_Caterpillar",-93.134951,35.086675
"Forest_Tent_Caterpillar",-93.180455,35.090644
"Forest_Tent_Caterpillar",-93.943941,32.2592
"Forest_Tent_Caterpillar",-74.3,45.466667
"Forest_Tent_Caterpillar",-94.721873,33.031793
"Forest_Tent_Caterpillar",-106.185763,36.160331
"Forest_Tent_Caterpillar",-111.915546,46.589657
"Forest_Tent_Caterpillar",-91.154551,30.450746
"Forest_Tent_Caterpillar",-106.042239,40.702756
"Forest_Tent_Caterpillar",-106.908377,42.155793
"Forest_Tent_Caterpillar",-102.293805,39.703881
"Forest_Tent_Caterpillar",-82.279823,29.504692
"Forest_Tent_Caterpillar",-110.963237,41.268279
"Forest_Tent_Caterpillar",-97.205914,34.781247
"Forest_Tent_Caterpillar",-100.519871,36.816137
"Forest_Tent_Caterpillar",-97.936433,35.052565
"Forest_Tent_Caterpillar",-96.678613,34.236206
"Forest_Tent_Caterpillar",-95.980818,36.747311
"Forest_Tent_Caterpillar",-106.378635,35.176711
"Forest_Tent_Caterpillar",-95.162737,35.889541
"Forest_Tent_Caterpillar",-109.053702,35.277034
"Forest_Tent_Caterpillar",-105.054436,37.987507
"Forest_Tent_Caterpillar",-105.242767,39.774154
"Forest_Tent_Caterpillar",-79.003333,48.360607
"Forest_Tent_Caterpillar",-79.003333,48.360607
"Forest_Tent_Caterpillar",-79.003333,48.360607
"Forest_Tent_Caterpillar",-86.60133,33.99783
"Forest_Tent_Caterpillar",-86.32791,34.739186
"Forest_Tent_Caterpillar",-122.47844,47.440212
"Forest_Tent_Caterpillar",-82.101389,39.324358
"Forest_Tent_Caterpillar",-71.85449,48.66401
"Forest_Tent_Caterpillar",-69.777779,44.226704
"Forest_Tent_Caterpillar",-69.777771,44.226269
"Forest_Tent_Caterpillar",-80.858168,33.489223
"Forest_Tent_Caterpillar",-77.590286,45.023491
"Forest_Tent_Caterpillar",-114.91335,55.487354
"Forest_Tent_Caterpillar",-80.73851,51.797932
"Forest_Tent_Caterpillar",-80.73851,51.797932
"Forest_Tent_Caterpillar",-80.73851,51.797932
"Forest_Tent_Caterpillar",-80.73851,51.797932
"Forest_Tent_Caterpillar",-89.972103,29.895704
"Forest_Tent_Caterpillar",-79.003915,44.620094
"Forest_Tent_Caterpillar",-95.292334,29.145345
"Forest_Tent_Caterpillar",-80.73851,51.797932
"Forest_Tent_Caterpillar",-76.758202,42.443508
"Forest_Tent_Caterpillar",-87.484527,33.262437
"Forest_Tent_Caterpillar",-77.854881,45.055857
"Forest_Tent_Caterpillar",-85.681695,34.28797
"Forest_Tent_Caterpillar",-85.681665,34.288005
"Forest_Tent_Caterpillar",-85.681712,34.287962
"Forest_Tent_Caterpillar",-87.485145,33.264458
"Forest_Tent_Caterpillar",-85.681722,34.287977
"Forest_Tent_Caterpillar",-82.238703,29.668078
"Forest_Tent_Caterpillar",-85.68172,34.287965
"Forest_Tent_Caterpillar",-85.68168,34.288017
"Forest_Tent_Caterpillar",-85.681712,34.287998
"Forest_Tent_Caterpillar",-77.854881,45.055857
"Forest_Tent_Caterpillar",-86.692222,33.701667
"Forest_Tent_Caterpillar",-77.854881,45.055857
"Forest_Tent_Caterpillar",-77.854881,45.055857
"Forest_Tent_Caterpillar",-78.640748,45.549842
"Forest_Tent_Caterpillar",-85.681665,34.288005
"Forest_Tent_Caterpillar",-77.854881,45.055857
"Forest_Tent_Caterpillar",-95.073639,30.264537
"Forest_Tent_Caterpillar",-75.9104,45.245811
"Forest_Tent_Caterpillar",-82.811689,46.077715
"Forest_Tent_Caterpillar",-77.9544,39.9273
"Forest_Tent_Caterpillar",-81.45671,46.620619
"Forest_Tent_Caterpillar",-76.446248,44.587494
"Forest_Tent_Caterpillar",-75.703033,45.271717
"Forest_Tent_Caterpillar",-69.971665,41.837287
"Forest_Tent_Caterpillar",-72.595187,44.561435
"Forest_Tent_Caterpillar",-76.983946,44.962282
"Forest_Tent_Caterpillar",-78.494009,41.67753
"Forest_Tent_Caterpillar",-74.150033,42.525003
"Forest_Tent_Caterpillar",-74.150033,42.525003
"Forest_Tent_Caterpillar",-95.530373,29.486583
"Forest_Tent_Caterpillar",-83.034286,45.849085
"Forest_Tent_Caterpillar",-76.516251,44.221245
"Forest_Tent_Caterpillar",-70.878301,48.442829
"Forest_Tent_Caterpillar",-70.878301,48.442829
"Forest_Tent_Caterpillar",-70.878301,48.442829
"Forest_Tent_Caterpillar",-72.200204,45.34697
"Forest_Tent_Caterpillar",-122.638113,38.555447
"Forest_Tent_Caterpillar",-117.120019,49.604857
"Forest_Tent_Caterpillar",-97.1019,49.841027
"Forest_Tent_Caterpillar",-106.606687,52.113935
"Forest_Tent_Caterpillar",-106.629178,52.141278
"Forest_Tent_Caterpillar",-70.6655,42.63435
"Forest_Tent_Caterpillar",-71.47243,42.37822
"Forest_Tent_Caterpillar",-71.47243,42.37822
"Forest_Tent_Caterpillar",-71.04948,41.50839
"Forest_Tent_Caterpillar",-71.49113,43.19794
"Forest_Tent_Caterpillar",-71.78242,42.06238
"Forest_Tent_Caterpillar",-71.78242,42.06238
"Forest_Tent_Caterpillar",-70.60733,41.73302
"Forest_Tent_Caterpillar",-71.88453,42.13558
"Forest_Tent_Caterpillar",-71.34895,42.46037
"Forest_Tent_Caterpillar",-71.17546,41.49402
"Forest_Tent_Caterpillar",-70.19649,42.05691
"Forest_Tent_Caterpillar",-71.6936,41.83523
"Forest_Tent_Caterpillar",-70.04382,41.25457
"Forest_Tent_Caterpillar",-71.03797,41.74275
"Forest_Tent_Caterpillar",-71.91476,42.66653
"Forest_Tent_Caterpillar",-71.6936,41.83523
"Forest_Tent_Caterpillar",-70.19649,42.05691
"Forest_Tent_Caterpillar",-71.75898,41.97857
"Forest_Tent_Caterpillar",-71.10243,42.68726
"Forest_Tent_Caterpillar",-70.72007,41.34888
"Forest_Tent_Caterpillar",-72.81108,42.15931
"Forest_Tent_Caterpillar",-70.94115,41.59177
"Forest_Tent_Caterpillar",-71.01642,41.5328
"Forest_Tent_Caterpillar",-72.53296,42.56394
"Forest_Tent_Caterpillar",-71.75325,42.23364
"Forest_Tent_Caterpillar",-71.4429,41.64167
"Forest_Tent_Caterpillar",-70.09865,41.25842
"Forest_Tent_Caterpillar",-71.03797,41.74275
"Forest_Tent_Caterpillar",-70.09865,41.25842
"Forest_Tent_Caterpillar",-70.97749,41.54039
"Forest_Tent_Caterpillar",-71.57183,41.46623
"Forest_Tent_Caterpillar",-72.2,42.5
"Forest_Tent_Caterpillar",-72.8667,42.25
"Forest_Tent_Caterpillar",-72.8353,42.20037
"Forest_Tent_Caterpillar",-71.00792,41.51561
"Forest_Tent_Caterpillar",-72.70903,42.16302
"Forest_Tent_Caterpillar",-72.02563,42.42787
"Forest_Tent_Caterpillar",-69.95142,41.85276
"Forest_Tent_Caterpillar",-70.97749,41.54039
"Forest_Tent_Caterpillar",-71.00857,41.51698
"Forest_Tent_Caterpillar",-70.19649,42.05691
"Forest_Tent_Caterpillar",-71.50221,43.20038
"Forest_Tent_Caterpillar",-71.87853,42.1415
"Forest_Tent_Caterpillar",-71.66422,41.42912
"Forest_Tent_Caterpillar",-70.19649,42.05691
"Forest_Tent_Caterpillar",-71.30395,42.42593
"Forest_Tent_Caterpillar",-70.97749,41.54039
"Forest_Tent_Caterpillar",-71.01348,41.52578
"Forest_Tent_Caterpillar",-70.92743,42.32942
"Forest_Tent_Caterpillar",-70.97749,41.54039
"Forest_Tent_Caterpillar",-70.53902,41.72092
"Forest_Tent_Caterpillar",-71.54158,41.5844
"Forest_Tent_Caterpillar",-71.61009,41.58695
"Forest_Tent_Caterpillar",-70.27203,41.68264
"Forest_Tent_Caterpillar",-70.56977,41.74547
"Forest_Tent_Caterpillar",-72.2,42.5
"Forest_Tent_Caterpillar",-70.47117,41.38567
"Forest_Tent_Caterpillar",-70.27406,41.68242
"Forest_Tent_Caterpillar",-71.10243,42.68726
"Forest_Tent_Caterpillar",-71.03575,42.53443
"Forest_Tent_Caterpillar",-71.87853,42.1415
"Forest_Tent_Caterpillar",-70.09865,41.25842
"Forest_Tent_Caterpillar",-70.55052,41.74185
"Forest_Tent_Caterpillar",-70.92732,42.32959
"Forest_Tent_Caterpillar",-72.85621,42.32283
"Forest_Tent_Caterpillar",-71.17838,41.51008
"Forest_Tent_Caterpillar",-71.03575,42.53443
"Forest_Tent_Caterpillar",-71.87853,42.1415
"Forest_Tent_Caterpillar",-71.33509,42.4404
"Forest_Tent_Caterpillar",-70.58099,41.81603
"Forest_Tent_Caterpillar",-72.16148,42.09481
"Forest_Tent_Caterpillar",-71.08024,42.44291
"Forest_Tent_Caterpillar",-69.95142,41.85276
"Forest_Tent_Caterpillar",-70.58329,41.81432
"Forest_Tent_Caterpillar",-72.88932,42.27908
"Forest_Tent_Caterpillar",-71.88453,42.13558
"Forest_Tent_Caterpillar",-70.57281,41.61291
"Forest_Tent_Caterpillar",-73.1636,42.64251
"Forest_Tent_Caterpillar",-72.02619,42.42926
"Forest_Tent_Caterpillar",-70.8995,42.28091
"Forest_Tent_Caterpillar",-70.9248,42.29856
"Forest_Tent_Caterpillar",-72.52928,42.5703
"Forest_Tent_Caterpillar",-70.04348,41.2587
"Forest_Tent_Caterpillar",-76.302314,43.450543
"Forest_Tent_Caterpillar",-74.257191,43.770184
"Forest_Tent_Caterpillar",-72.338694,41.068155
"Forest_Tent_Caterpillar",-80.565275,51.658427
"Forest_Tent_Caterpillar",-82.139405,49.425353
"Forest_Tent_Caterpillar",-79.80393,47.056406
"Forest_Tent_Caterpillar",-78.640748,45.549842
"Forest_Tent_Caterpillar",-92.126795,46.949006
"Forest_Tent_Caterpillar",-72.470444,43.464733
"Forest_Tent_Caterpillar",-81.436294,44.420472
"Forest_Tent_Caterpillar",-73.152168,40.749079
"Forest_Tent_Caterpillar",-78.640748,45.549842
"Forest_Tent_Caterpillar",-78.640748,45.549842
"Forest_Tent_Caterpillar",-78.640748,45.549842
"Forest_Tent_Caterpillar",-83.565967,46.262308
"Forest_Tent_Caterpillar",-72.531204,42.570812
"Forest_Tent_Caterpillar",-76.303871,43.449838
"Forest_Tent_Caterpillar",-76.303889,43.449826
"Forest_Tent_Caterpillar",-76.303848,43.449824
"Forest_Tent_Caterpillar",-80.13544,43.643975
"Forest_Tent_Caterpillar",-90.889237,46.945928
"Forest_Tent_Caterpillar",-97.041079,49.871473
"Forest_Tent_Caterpillar",-64.771904,45.469319
"Forest_Tent_Caterpillar",-100.591229,49.432939
"Forest_Tent_Caterpillar",-80.248987,43.694447
"Forest_Tent_Caterpillar",-63.065992,46.405117
"Forest_Tent_Caterpillar",-73.341395,42.750827
"Forest_Tent_Caterpillar",-97.269676,35.192302
"Forest_Tent_Caterpillar",-78.640748,45.549842
"Forest_Tent_Caterpillar",-78.640748,45.549842
"Forest_Tent_Caterpillar",-79.87535,48.291742
"Forest_Tent_Caterpillar",-64.771904,45.469319
"Forest_Tent_Caterpillar",-64.771904,45.469319
"Forest_Tent_Caterpillar",-64.771904,45.469319
"Forest_Tent_Caterpillar",-78.34302,44.281871
"Forest_Tent_Caterpillar",-64.771904,45.469319
"Forest_Tent_Caterpillar",-80.631067,43.443569
"Forest_Tent_Caterpillar",-114.256845,49.394363
"Forest_Tent_Caterpillar",-98.425548,30.10376
"Forest_Tent_Caterpillar",-95.67521,29.1134
"Forest_Tent_Caterpillar",-71.498942,43.730993
"Forest_Tent_Caterpillar",-78.640869,45.549872
"Forest_Tent_Caterpillar",-81.436294,44.420325
"Forest_Tent_Caterpillar",-81.436194,44.420442
"Forest_Tent_Caterpillar",-78.723409,44.887997
"Forest_Tent_Caterpillar",-99.762772,29.714625
"Forest_Tent_Caterpillar",-99.671745,29.827539
"Forest_Tent_Caterpillar",-79.996019,44.832744
"Forest_Tent_Caterpillar",-79.873342,48.288637
"Forest_Tent_Caterpillar",-60.038315,46.03477
"Forest_Tent_Caterpillar",-78.640748,45.549842
"Forest_Tent_Caterpillar",-64.618661,46.389245
"Forest_Tent_Caterpillar",-80.357925,43.381528
"Forest_Tent_Caterpillar",-78.640748,45.549842
"Forest_Tent_Caterpillar",-78.591912,45.561
"Forest_Tent_Caterpillar",-80.955205,46.527633
"Forest_Tent_Caterpillar",-80.955201,46.527628
"Forest_Tent_Caterpillar",-78.640686,45.549994
"Forest_Tent_Caterpillar",-79.998238,44.846569
"Forest_Tent_Caterpillar",-79.472221,44.478889
"Forest_Tent_Caterpillar",-79.472134,44.478924
"Forest_Tent_Caterpillar",-76.221548,44.279695
"Forest_Tent_Caterpillar",-117.120019,49.604857
"Forest_Tent_Caterpillar",-80.73851,51.797932
"Forest_Tent_Caterpillar",-80.020728,44.838745
"Forest_Tent_Caterpillar",-78.640748,45.549842
"Forest_Tent_Caterpillar",-78.640748,45.549842
"Forest_Tent_Caterpillar",-76.569607,42.579884
"Forest_Tent_Caterpillar",-76.217796,44.947569
"Forest_Tent_Caterpillar",-79.224124,45.319971
"Forest_Tent_Caterpillar",-80.805535,43.385374
"Forest_Tent_Caterpillar",-80.805583,43.385272
"Forest_Tent_Caterpillar",-84.68522,46.968717
"Forest_Tent_Caterpillar",-79.224159,45.320128
"Forest_Tent_Caterpillar",-72.41037,42.469983
"Forest_Tent_Caterpillar",-72.410317,42.469958
"Forest_Tent_Caterpillar",-80.349122,44.537258
"Forest_Tent_Caterpillar",-73.707378,45.507341
"Forest_Tent_Caterpillar",-78.640748,45.549842
"Forest_Tent_Caterpillar",-76.217858,44.947419
"Forest_Tent_Caterpillar",-64.757206,48.351029
"Forest_Tent_Caterpillar",-79.051644,44.548355
"Forest_Tent_Caterpillar",-78.247851,44.34023
"Forest_Tent_Caterpillar",-76.019447,44.4925
"Forest_Tent_Caterpillar",-80.993165,46.496959
"Forest_Tent_Caterpillar",-80.237938,45.345833
"Forest_Tent_Caterpillar",-76.566597,42.504538
"Forest_Tent_Caterpillar",-64.771904,45.469319
"Forest_Tent_Caterpillar",-70.462363,45.196667
"Forest_Tent_Caterpillar",-73.169557,43.272401
"Forest_Tent_Caterpillar",-80.248763,43.694428
"Forest_Tent_Caterpillar",-81.849442,43.250278
"Forest_Tent_Caterpillar",-76.217858,44.947419
"Forest_Tent_Caterpillar",-76.217858,44.947419
"Forest_Tent_Caterpillar",-76.217858,44.947419
"Forest_Tent_Caterpillar",-79.869573,44.112696
"Forest_Tent_Caterpillar",-78.340177,44.319336
"Forest_Tent_Caterpillar",-77.924842,45.200153
"Forest_Tent_Caterpillar",-72.511221,43.295264
"Forest_Tent_Caterpillar",-96.778717,33.883808
"Forest_Tent_Caterpillar",-66.06143,45.418725
"Forest_Tent_Caterpillar",-76.217796,44.947569
"Forest_Tent_Caterpillar",-72.945307,44.51571
"Forest_Tent_Caterpillar",-79.224035,45.319955
"Forest_Tent_Caterpillar",-76.249512,44.772586
"Forest_Tent_Caterpillar",-79.224035,45.319955
"Forest_Tent_Caterpillar",-76.221493,44.279778
"Forest_Tent_Caterpillar",-76.221725,44.279467
"Forest_Tent_Caterpillar",-76.221493,44.279778
"Forest_Tent_Caterpillar",-111.964608,54.764837
"Forest_Tent_Caterpillar",-76.221725,44.279467
"Forest_Tent_Caterpillar",-91.244598,47.385728
"Forest_Tent_Caterpillar",-76.388221,44.141495
"Forest_Tent_Caterpillar",-76.381905,42.427813
"Forest_Tent_Caterpillar",-91.911732,46.954518
"Forest_Tent_Caterpillar",-68.910153,44.353061
"Forest_Tent_Caterpillar",-76.227042,44.780247
"Forest_Tent_Caterpillar",-76.249512,44.772586
"Forest_Tent_Caterpillar",-122.798667,38.514831
"Forest_Tent_Caterpillar",-70.090556,43.911389
"Forest_Tent_Caterpillar",-121.252495,48.67177
"Forest_Tent_Caterpillar",-80.570568,35.41223
"Forest_Tent_Caterpillar",-92.479255,34.835138
"Forest_Tent_Caterpillar",-77.715314,44.47667
"Forest_Tent_Caterpillar",-72.210472,43.808347
"Forest_Tent_Caterpillar",-80.951554,46.426041
"Forest_Tent_Caterpillar",-72.468903,42.337252
"Forest_Tent_Caterpillar",-81.401344,46.014641
"Forest_Tent_Caterpillar",-72.511199,43.295187
"Forest_Tent_Caterpillar",-74.377591,49.908816
"Forest_Tent_Caterpillar",-77.854881,45.055857
"Forest_Tent_Caterpillar",-84.337383,46.548205
"Forest_Tent_Caterpillar",-76.375407,42.389907
"Forest_Tent_Caterpillar",-73.86032,44.217964
"Forest_Tent_Caterpillar",-77.461901,44.14985
"Forest_Tent_Caterpillar",-80.262025,42.757992
"Forest_Tent_Caterpillar",-64.521851,45.06945
"Forest_Tent_Caterpillar",-78.070489,44.92088
"Forest_Tent_Caterpillar",-65.794883,45.649538
"Forest_Tent_Caterpillar",-97.152087,32.817112
"Forest_Tent_Caterpillar",-114.031702,46.930185
"Forest_Tent_Caterpillar",-78.24808,44.339617
"Forest_Tent_Caterpillar",-80.248964,43.694393
"Forest_Tent_Caterpillar",-80.357933,43.381664
"Forest_Tent_Caterpillar",-97.153974,32.818134
"Forest_Tent_Caterpillar",-72.009802,42.751196
"Forest_Tent_Caterpillar",-72.009802,42.751196
"Forest_Tent_Caterpillar",-72.210475,43.808349
"Forest_Tent_Caterpillar",-114.490167,50.840687
"Forest_Tent_Caterpillar",-78.640748,45.549842
"Forest_Tent_Caterpillar",-78.49482,44.749813
"Forest_Tent_Caterpillar",-76.019447,44.4925
"Forest_Tent_Caterpillar",-73.146085,44.706139
"Forest_Tent_Caterpillar",-79.47216,44.478954
"Forest_Tent_Caterpillar",-75.753953,45.029147
"Forest_Tent_Caterpillar",-75.753822,45.029147
"Forest_Tent_Caterpillar",-80.807176,46.578738
"Forest_Tent_Caterpillar",-76.138802,45.140083
"Forest_Tent_Caterpillar",-79.455522,45.558955
"Forest_Tent_Caterpillar",-76.388336,44.141577
"Forest_Tent_Caterpillar",-78.640748,45.549842
"Forest_Tent_Caterpillar",-80.153489,43.426631
"Forest_Tent_Caterpillar",-72.316974,44.031971
"Forest_Tent_Caterpillar",-80.248842,43.694395
"Forest_Tent_Caterpillar",-80.249017,43.69438
"Forest_Tent_Caterpillar",-80.955204,46.527627
"Forest_Tent_Caterpillar",-79.413825,43.931438
"Forest_Tent_Caterpillar",-113.526648,53.598743
"Forest_Tent_Caterpillar",-75.33857,45.510203
"Forest_Tent_Caterpillar",-80.634025,43.440942
"Forest_Tent_Caterpillar",-85.049071,45.462888
"Forest_Tent_Caterpillar",-78.640748,45.549842
"Forest_Tent_Caterpillar",-91.198081,47.381913
"Forest_Tent_Caterpillar",-79.932321,43.358219
"Forest_Tent_Caterpillar",-99.671745,29.827539
"Forest_Tent_Caterpillar",-75.863067,45.363005
"Forest_Tent_Caterpillar",-84.310614,46.532324
"Forest_Tent_Caterpillar",-76.227042,44.780247
"Forest_Tent_Caterpillar",-76.238986,44.779745
"Forest_Tent_Caterpillar",-72.31696,44.031948
"Forest_Tent_Caterpillar",-80.357933,43.381608
"Forest_Tent_Caterpillar",-76.2551,44.312042
"Forest_Tent_Caterpillar",-79.920753,44.615908
"Forest_Tent_Caterpillar",-76.238986,44.779745
"Forest_Tent_Caterpillar",-80.955229,46.527666
"Forest_Tent_Caterpillar",-93.740877,48.747729
"Forest_Tent_Caterpillar",-80.955234,46.52766
"Forest_Tent_Caterpillar",-91.210076,47.351544
"Forest_Tent_Caterpillar",-75.226055,45.794285
"Forest_Tent_Caterpillar",-76.221493,44.279778
"Forest_Tent_Caterpillar",-76.221493,44.279778
"Forest_Tent_Caterpillar",-76.095921,44.902944
"Forest_Tent_Caterpillar",-92.101148,44.397792
"Forest_Tent_Caterpillar",-76.221493,44.279778
"Forest_Tent_Caterpillar",-76.221493,44.279778
"Forest_Tent_Caterpillar",-76.221493,44.279778
"Forest_Tent_Caterpillar",-76.457784,42.472917
"Forest_Tent_Caterpillar",-95.671738,46.425705
"Forest_Tent_Caterpillar",-79.22401,45.320017
"Forest_Tent_Caterpillar",-79.869573,44.112696
"Forest_Tent_Caterpillar",-76.222035,44.279115
"Forest_Tent_Caterpillar",-80.629883,43.442764
"Forest_Tent_Caterpillar",-76.096142,44.902866
"Forest_Tent_Caterpillar",-80.357911,43.38165
"Forest_Tent_Caterpillar",-80.357911,43.381603
"Forest_Tent_Caterpillar",-76.222035,44.279115
"Forest_Tent_Caterpillar",-80.634418,43.44323
"Forest_Tent_Caterpillar",-79.224099,45.320047
"Forest_Tent_Caterpillar",-75.74893,45.378647
"Forest_Tent_Caterpillar",-113.157725,53.509137
"Forest_Tent_Caterpillar",-75.455096,45.508245
"Forest_Tent_Caterpillar",-75.651165,45.447568
"Forest_Tent_Caterpillar",-76.221523,44.279765
"Forest_Tent_Caterpillar",-80.955204,46.527627
"Forest_Tent_Caterpillar",-93.77381,48.733272
"Forest_Tent_Caterpillar",-78.306135,44.338517
"Forest_Tent_Caterpillar",-76.221523,44.279765
"Forest_Tent_Caterpillar",-76.221523,44.279765
"Forest_Tent_Caterpillar",-76.221523,44.279765
"Forest_Tent_Caterpillar",-76.221523,44.279765
"Forest_Tent_Caterpillar",-76.238986,44.779745
"Forest_Tent_Caterpillar",-80.955204,46.527629
"Forest_Tent_Caterpillar",-76.221523,44.279765
"Forest_Tent_Caterpillar",-69.592431,44.22715
"Forest_Tent_Caterpillar",-72.525511,43.132404
"Forest_Tent_Caterpillar",-84.30693,46.534499
"Forest_Tent_Caterpillar",-78.305513,44.338535
"Forest_Tent_Caterpillar",-80.555695,45.931953
"Forest_Tent_Caterpillar",-84.30693,46.534499
"Forest_Tent_Caterpillar",-76.237472,44.781864
"Forest_Tent_Caterpillar",-81.458083,44.414695
"Forest_Tent_Caterpillar",-80.248895,43.694358
"Forest_Tent_Caterpillar",-80.248947,43.69432
"Forest_Tent_Caterpillar",-80.24893,43.694325
"Forest_Tent_Caterpillar",-81.3156,41.61
"Forest_Tent_Caterpillar",-81.3156,41.61
"Forest_Tent_Caterpillar",-81.3156,41.61
"Forest_Tent_Caterpillar",-81.3156,41.61
"Forest_Tent_Caterpillar",-81.3156,41.61
"Forest_Tent_Caterpillar",-81.3156,41.61
"Forest_Tent_Caterpillar",-81.3156,41.61
"Forest_Tent_Caterpillar",-81.3156,41.61
"Forest_Tent_Caterpillar",-81.3156,41.61
"Forest_Tent_Caterpillar",-81.175,41.4375
"Forest_Tent_Caterpillar",-81.3156,41.61
"Forest_Tent_Caterpillar",-78.02056,41.774788
"Forest_Tent_Caterpillar",-76.409325,42.513622
"Forest_Tent_Caterpillar",-76.095934,44.902846
"Forest_Tent_Caterpillar",-71.212322,43.894913
"Forest_Tent_Caterpillar",-76.427699,42.59958
"Forest_Tent_Caterpillar",-91.20501,47.393215
"Forest_Tent_Caterpillar",-76.221523,44.279765
"Forest_Tent_Caterpillar",-76.221523,44.279765
"Forest_Tent_Caterpillar",-91.19535,47.381337
"Forest_Tent_Caterpillar",-91.195383,47.381276
"Forest_Tent_Caterpillar",-71.64373,47.042131
"Forest_Tent_Caterpillar",-71.008603,42.468837
"Forest_Tent_Caterpillar",-78.305707,44.338327
"Forest_Tent_Caterpillar",-76.221523,44.279765
"Forest_Tent_Caterpillar",-76.221523,44.279765
"Forest_Tent_Caterpillar",-85.132327,42.277635
"Forest_Tent_Caterpillar",-116.859828,48.735835
"Forest_Tent_Caterpillar",-117.69275,49.208447
"Forest_Tent_Caterpillar",-84.345413,46.501113
"Forest_Tent_Caterpillar",-76.610207,44.231508
"Forest_Tent_Caterpillar",-78.177497,44.554287
"Forest_Tent_Caterpillar",-82.937895,42.497556
"Forest_Tent_Caterpillar",-63.112489,46.268947
"Forest_Tent_Caterpillar",-96.911871,50.122842
"Forest_Tent_Caterpillar",-95.393897,29.714117
"Forest_Tent_Caterpillar",-76.758202,42.443508
"Forest_Tent_Caterpillar",-71.289091,46.848704
"Forest_Tent_Caterpillar",-72.228333,41.755833
"Forest_Tent_Caterpillar",-71.331248,42.408473
"Forest_Tent_Caterpillar",-80.403636,42.67119
"Forest_Tent_Caterpillar",-70.878301,48.442829
"Forest_Tent_Caterpillar",-70.878301,48.442829
"Forest_Tent_Caterpillar",-121.369206,49.378093
"Forest_Tent_Caterpillar",-70.878301,48.442829
"Forest_Tent_Caterpillar",-70.878301,48.442829
"Forest_Tent_Caterpillar",-80.928648,44.062757
"Forest_Tent_Caterpillar",-84.850956,43.579954
"Forest_Tent_Caterpillar",-74.213853,43.693425
"Forest_Tent_Caterpillar",-108.524248,45.788314
"Forest_Tent_Caterpillar",-85.127617,46.046964
"Forest_Tent_Caterpillar",-71.0983,42.035799
"Forest_Tent_Caterpillar",-97.123642,44.890945
"Forest_Tent_Caterpillar",-69.45169,43.99686
"Forest_Tent_Caterpillar",-73.250703,44.169692
"Forest_Tent_Caterpillar",-72.129278,42.752401
"Forest_Tent_Caterpillar",-84.30693,46.534499
"Forest_Tent_Caterpillar",-76.652539,44.650518
"Forest_Tent_Caterpillar",-83.757977,46.021252
"Forest_Tent_Caterpillar",-79.224035,45.319964
"Forest_Tent_Caterpillar",-85.012678,46.417726
"Forest_Tent_Caterpillar",-77.28734,44.436693
"Forest_Tent_Caterpillar",-80.136078,44.08815
"Forest_Tent_Caterpillar",-76.019299,44.492476
"Forest_Tent_Caterpillar",-80.632207,35.29282
"Forest_Tent_Caterpillar",-82.773577,27.912273
"Forest_Tent_Caterpillar",-76.195831,44.697498
"Forest_Tent_Caterpillar",-93.657042,48.764494
"Forest_Tent_Caterpillar",-79.051644,44.548355
"Forest_Tent_Caterpillar",-78.856626,44.626702
"Forest_Tent_Caterpillar",-77.299164,44.465073
"Forest_Tent_Caterpillar",-79.539208,45.183117
"Forest_Tent_Caterpillar",-72.182109,41.75038
"Forest_Tent_Caterpillar",-118.21031,49.12537
"Forest_Tent_Caterpillar",-69.09226,44.232582
"Forest_Tent_Caterpillar",-74.798472,44.156392
"Forest_Tent_Caterpillar",-74.797542,44.15684
"Forest_Tent_Caterpillar",-84.530274,44.591708
"Forest_Tent_Caterpillar",-71.211787,46.806885
"Forest_Tent_Caterpillar",-73.021071,40.890956
"Forest_Tent_Caterpillar",-94.107435,49.335168
"Forest_Tent_Caterpillar",-124.294029,40.596222
"Forest_Tent_Caterpillar",-97.962854,30.084044
"Forest_Tent_Caterpillar",-76.334838,37.025054
"Forest_Tent_Caterpillar",-84.477299,42.730753
"Forest_Tent_Caterpillar",-86.205841,43.454948
"Forest_Tent_Caterpillar",-84.478587,42.730868
"Forest_Tent_Caterpillar",-86.205841,43.454948
"Forest_Tent_Caterpillar",-86.205841,43.454948
"Forest_Tent_Caterpillar",-79.943725,44.0414
"Forest_Tent_Caterpillar",-86.062775,44.799999
"Forest_Tent_Caterpillar",-84.307097,33.472911
"Forest_Tent_Caterpillar",-82.933573,46.183111
"Forest_Tent_Caterpillar",-84.951245,44.838794
"Forest_Tent_Caterpillar",-95.663085,46.320632
"Forest_Tent_Caterpillar",-84.61687,45.411809
"Forest_Tent_Caterpillar",-73.174325,44.466831
"Forest_Tent_Caterpillar",-84.984611,45.288493
"Forest_Tent_Caterpillar",-74.805123,44.152833
"Forest_Tent_Caterpillar",-81.025845,40.337291
"Forest_Tent_Caterpillar",-85.809514,44.35856
"Forest_Tent_Caterpillar",-67.933442,44.45885
"Forest_Tent_Caterpillar",-111.968056,54.765835
"Forest_Tent_Caterpillar",-73.083054,44.802223
"Forest_Tent_Caterpillar",-76.025405,44.511995
"Forest_Tent_Caterpillar",-79.929821,45.474126
"Forest_Tent_Caterpillar",-95.404633,45.978472
"Forest_Tent_Caterpillar",-72.238083,42.154276
"Forest_Tent_Caterpillar",-73.862417,45.424009
"Forest_Tent_Caterpillar",-81.12572,46.563593
"Forest_Tent_Caterpillar",-76.37383,42.39152
"Forest_Tent_Caterpillar",-79.865398,44.850654
"Forest_Tent_Caterpillar",-84.918407,45.472128
"Forest_Tent_Caterpillar",-79.753495,44.897205
"Forest_Tent_Caterpillar",-79.44233,44.592413
"Forest_Tent_Caterpillar",-76.153412,44.336775
"Forest_Tent_Caterpillar",-124.089736,40.861647
"Forest_Tent_Caterpillar",-75.898593,45.308892
"Forest_Tent_Caterpillar",-94.95831,29.424649
"Forest_Tent_Caterpillar",-72.666656,41.649421
"Forest_Tent_Caterpillar",-99.930635,30.014185
"Forest_Tent_Caterpillar",-122.51522,38.436458
"Forest_Tent_Caterpillar",-78.9613,33.7834
"Forest_Tent_Caterpillar",-73.301871,41.832941
"Forest_Tent_Caterpillar",-112.854247,53.658131
"Forest_Tent_Caterpillar",-67.450042,46.810895
"Forest_Tent_Caterpillar",-97.136776,49.855717
"Forest_Tent_Caterpillar",-72.46209,41.605664
"Forest_Tent_Caterpillar",-124.091563,40.861481
"Forest_Tent_Caterpillar",-75.046525,44.165931
"Forest_Tent_Caterpillar",-73.142967,44.450499
"Forest_Tent_Caterpillar",-72.409287,42.470203
"Forest_Tent_Caterpillar",-69.09219,44.231883
"Forest_Tent_Caterpillar",-70.679328,41.818126
"Forest_Tent_Caterpillar",-92.909196,36.404918
"Forest_Tent_Caterpillar",-120.536243,47.957403
"Forest_Tent_Caterpillar",-108.033689,51.201557
"Forest_Tent_Caterpillar",-91.754197,47.902758
"Forest_Tent_Caterpillar",-106.634876,52.144138
"Forest_Tent_Caterpillar",-124.208582,40.685244
"Forest_Tent_Caterpillar",-84.265167,44.806314
"Forest_Tent_Caterpillar",-97.129989,49.950397
"Forest_Tent_Caterpillar",-122.812761,38.40773
"Forest_Tent_Caterpillar",-71.255178,42.366684
"Forest_Tent_Caterpillar",-69.779791,43.982752
"Forest_Tent_Caterpillar",-80.993129,46.491872
"Forest_Tent_Caterpillar",-71.986705,45.38092
"Forest_Tent_Caterpillar",-74.797705,44.156792
"Forest_Tent_Caterpillar",-72.009802,42.751196
"Forest_Tent_Caterpillar",-80.837219,44.064445
"Forest_Tent_Caterpillar",-71.496954,42.047492
"Forest_Tent_Caterpillar",-74.27807,44.851995
"Forest_Tent_Caterpillar",-72.575387,44.260059
"Forest_Tent_Caterpillar",-75.663761,35.98317
"Forest_Tent_Caterpillar",-73.194448,41.989251
"Forest_Tent_Caterpillar",-96.034279,50.120327
"Forest_Tent_Caterpillar",-96.033776,50.116643
"Forest_Tent_Caterpillar",-93.333778,45.08202
"Forest_Tent_Caterpillar",-80.955171,46.52751
"Forest_Tent_Caterpillar",-94.38105,46.901791
"Forest_Tent_Caterpillar",-71.578057,42.595902
"Forest_Tent_Caterpillar",-76.223561,44.777995
"Forest_Tent_Caterpillar",-74.798202,44.156747
"Forest_Tent_Caterpillar",-75.73192,45.239731
"Forest_Tent_Caterpillar",-97.29233,32.747196
"Forest_Tent_Caterpillar",-74.793385,44.158303
"Forest_Tent_Caterpillar",-74.799417,44.156346
"Forest_Tent_Caterpillar",-75.96512,42.0896
"Forest_Tent_Caterpillar",-71.608663,42.104742
"Forest_Tent_Caterpillar",-71.095606,42.44498
"Forest_Tent_Caterpillar",-95.254048,29.117472
"Forest_Tent_Caterpillar",-95.445253,30.808724
"Forest_Tent_Caterpillar",-74.797896,44.157236
"Forest_Tent_Caterpillar",-89.213269,45.902935
"Forest_Tent_Caterpillar",-122.742088,38.352417
"Forest_Tent_Caterpillar",-89.847929,44.214343
"Forest_Tent_Caterpillar",-73.603269,45.484984
"Forest_Tent_Caterpillar",-97.150635,49.951083
"Forest_Tent_Caterpillar",-71.312662,41.491913
"Forest_Tent_Caterpillar",-75.6523,45.446086
"Forest_Tent_Caterpillar",-122.471243,48.733537
"Forest_Tent_Caterpillar",-74.796895,44.154462
"Forest_Tent_Caterpillar",-122.489052,48.73058
"Forest_Tent_Caterpillar",-73.192239,44.479479
"Forest_Tent_Caterpillar",-78.917193,35.881475
"Forest_Tent_Caterpillar",-73.980187,44.282903
"Forest_Tent_Caterpillar",-80.95521,46.527622
"Forest_Tent_Caterpillar",-72.1969,44.045109
"Forest_Tent_Caterpillar",-122.96095,49.243762
"Forest_Tent_Caterpillar",-75.733242,45.391408
"Forest_Tent_Caterpillar",-92.749335,45.523763
"Forest_Tent_Caterpillar",-75.703055,45.271675
"Forest_Tent_Caterpillar",-122.489052,48.73058
"Forest_Tent_Caterpillar",-74.879931,39.040656
"Forest_Tent_Caterpillar",-71.443162,41.729442
"Forest_Tent_Caterpillar",-72.19714,44.045109
"Forest_Tent_Caterpillar",-83.303929,35.783552
"Forest_Tent_Caterpillar",-72.240768,41.803731
"Forest_Tent_Caterpillar",-97.237288,33.33588
"Forest_Tent_Caterpillar",-96.465042,28.495612
"Forest_Tent_Caterpillar",-95.708865,29.724789
"Forest_Tent_Caterpillar",-96.011039,32.241841
"Forest_Tent_Caterpillar",-73.195237,44.474555
"Forest_Tent_Caterpillar",-83.089786,35.442646
"Forest_Tent_Caterpillar",-123.808898,40.913354
"Forest_Tent_Caterpillar",-71.230032,42.357153
"Forest_Tent_Caterpillar",-72.469223,42.337467
"Forest_Tent_Caterpillar",-122.749013,45.661382
"Forest_Tent_Caterpillar",-72.137733,45.656117
"Forest_Tent_Caterpillar",-123.531988,39.743282
"Forest_Tent_Caterpillar",-76.246025,44.895542
"Forest_Tent_Caterpillar",-71.339619,42.659721
"Forest_Tent_Caterpillar",-117.642647,49.290222
"Forest_Tent_Caterpillar",-71.131789,42.449062
"Forest_Tent_Caterpillar",-84.155542,42.482222
"Forest_Tent_Caterpillar",-82.374637,38.881509
"Forest_Tent_Caterpillar",-82.374626,38.88151
"Forest_Tent_Caterpillar",-83.893259,37.762505
"Forest_Tent_Caterpillar",-76.081908,44.497955
"Forest_Tent_Caterpillar",-72.746092,41.736718
"Forest_Tent_Caterpillar",-85.518449,42.325774
"Forest_Tent_Caterpillar",-71.037335,48.414036
"Forest_Tent_Caterpillar",-77.31375,44.47702
"Forest_Tent_Caterpillar",-122.478685,48.751911
"Forest_Tent_Caterpillar",-93.301443,44.818608
"Forest_Tent_Caterpillar",-75.9104,45.245811
"Forest_Tent_Caterpillar",-80.599861,40.156521
"Forest_Tent_Caterpillar",-73.370314,41.958369
"Forest_Tent_Caterpillar",-76.505114,42.331463
"Forest_Tent_Caterpillar",-71.107747,42.311166
"Forest_Tent_Caterpillar",-97.286735,35.196539
"Forest_Tent_Caterpillar",-77.358974,35.617808
"Forest_Tent_Caterpillar",-123.377224,48.473653
"Forest_Tent_Caterpillar",-98.623128,31.269973
"Forest_Tent_Caterpillar",-98.623078,31.26998
"Forest_Tent_Caterpillar",-124.068477,40.848015
"Forest_Tent_Caterpillar",-77.30282,44.47783
"Forest_Tent_Caterpillar",-123.31778,49.908611
"Forest_Tent_Caterpillar",-117.124214,49.601463
"Forest_Tent_Caterpillar",-80.881136,33.519516
"Forest_Tent_Caterpillar",-72.532106,42.991864
"Forest_Tent_Caterpillar",-71.186163,42.40398
"Forest_Tent_Caterpillar",-98.623129,31.269857
"Forest_Tent_Caterpillar",-76.373509,42.391614
"Forest_Tent_Caterpillar",-92.897974,34.536075
"Forest_Tent_Caterpillar",-85.374612,42.392836
"Forest_Tent_Caterpillar",-72.709672,42.3772
"Forest_Tent_Caterpillar",-74.222764,42.161113
"Forest_Tent_Caterpillar",-81.180358,35.817422
"Forest_Tent_Caterpillar",-71.698143,41.723892
"Forest_Tent_Caterpillar",-117.709638,49.338113
"Forest_Tent_Caterpillar",-123.90355,40.136072
"Forest_Tent_Caterpillar",-71.955425,43.105551
"Forest_Tent_Caterpillar",-73.83763,41.102928
"Forest_Tent_Caterpillar",-71.149742,42.387803
"Forest_Tent_Caterpillar",-72.644402,42.253536
"Forest_Tent_Caterpillar",-76.117286,36.755763
"Forest_Tent_Caterpillar",-74.018561,41.442428
"Forest_Tent_Caterpillar",-93.193704,33.345563
"Forest_Tent_Caterpillar",-72.279363,42.932175
"Forest_Tent_Caterpillar",-79.524897,33.101836
"Forest_Tent_Caterpillar",-76.369898,42.485932
"Forest_Tent_Caterpillar",-81.636633,41.179021
"Forest_Tent_Caterpillar",-97.466599,35.216868
"Forest_Tent_Caterpillar",-122.067628,37.232253
"Forest_Tent_Caterpillar",-98.623105,31.269695
"Forest_Tent_Caterpillar",-80.51573,35.238494
"Forest_Tent_Caterpillar",-85.579956,33.443445
"Forest_Tent_Caterpillar",-80.880836,33.519444
"Forest_Tent_Caterpillar",-85.903765,32.853886
"Forest_Tent_Caterpillar",-72.341882,41.480561
"Forest_Tent_Caterpillar",-122.696245,38.556728
"Forest_Tent_Caterpillar",-76.548726,36.620316
"Forest_Tent_Caterpillar",-96.132651,36.113418
"Forest_Tent_Caterpillar",-77,44.53
"Forest_Tent_Caterpillar",-77,44.53
"Forest_Tent_Caterpillar",-77,44.53
"Forest_Tent_Caterpillar",-77,44.53
"Forest_Tent_Caterpillar",-77,44.53
"Forest_Tent_Caterpillar",-77,44.53
"Forest_Tent_Caterpillar",-80.134,43.537
"Forest_Tent_Caterpillar",-77,44.53
"Forest_Tent_Caterpillar",-77,44.53
"Forest_Tent_Caterpillar",-80.134,43.537
"Forest_Tent_Caterpillar",-77,44.53
"Forest_Tent_Caterpillar",-77,44.53
"Forest_Tent_Caterpillar",-80.134,43.537
"Forest_Tent_Caterpillar",-80.134,43.537
"Forest_Tent_Caterpillar",-77,44.53
"Forest_Tent_Caterpillar",-77,44.53
"Forest_Tent_Caterpillar",-80.134,43.537
"Forest_Tent_Caterpillar",-77,44.53
"Forest_Tent_Caterpillar",-80.134,43.537
"Forest_Tent_Caterpillar",-77,44.53
"Forest_Tent_Caterpillar",-80.134,43.537
"Forest_Tent_Caterpillar",-80.134,43.537
"Forest_Tent_Caterpillar",-80.134,43.537
"Forest_Tent_Caterpillar",-66.18,46
"Forest_Tent_Caterpillar",-66.18,46
"Forest_Tent_Caterpillar",-66.633,45.917
"Forest_Tent_Caterpillar",-66.633,45.917
"Forest_Tent_Caterpillar",-66.633,45.917
"Forest_Tent_Caterpillar",-66.633,45.917
"Forest_Tent_Caterpillar",-66.633,45.917
"Forest_Tent_Caterpillar",-80.354,43.37386
"Forest_Tent_Caterpillar",-73.0919,45.6922
"Forest_Tent_Caterpillar",-67.0667,45.0833
"Forest_Tent_Caterpillar",-80.134,43.537
"Forest_Tent_Caterpillar",-67.0667,45.0833
"Forest_Tent_Caterpillar",-67.0667,45.0833
"Forest_Tent_Caterpillar",-67.0667,45.0833
"Forest_Tent_Caterpillar",-67.0667,45.0833
"Forest_Tent_Caterpillar",-80.12777,44.11563
"Forest_Tent_Caterpillar",-80.69829,44.63367
"Forest_Tent_Caterpillar",-78.796,45.4621
"Forest_Tent_Caterpillar",-78.796,45.4621
"Forest_Tent_Caterpillar",-88.537,37.011
"Forest_Tent_Caterpillar",-88.537,37.011
"Forest_Tent_Caterpillar",-88.537,37.011
"Forest_Tent_Caterpillar",-113.882,49.078
"Forest_Tent_Caterpillar",-113.882,49.078
"Forest_Tent_Caterpillar",-113.913,49.045
"Forest_Tent_Caterpillar",-113.882,49.078
"Forest_Tent_Caterpillar",-113.842,49.11
"Forest_Tent_Caterpillar",-113.882,49.078
"Forest_Tent_Caterpillar",-113.882,49.078
"Forest_Tent_Caterpillar",-113.842,49.11
"Forest_Tent_Caterpillar",-113.882,49.078
"Forest_Tent_Caterpillar",-113.882,49.078
"Forest_Tent_Caterpillar",-113.882,49.078
"Forest_Tent_Caterpillar",-113.882,49.078
"Forest_Tent_Caterpillar",-113.882,49.078
"Forest_Tent_Caterpillar",-113.882,49.078
"Forest_Tent_Caterpillar",-113.913,49.045
"Forest_Tent_Caterpillar",-113.882,49.078
"Forest_Tent_Caterpillar",-113.882,49.078
"Forest_Tent_Caterpillar",-113.882,49.078
"Forest_Tent_Caterpillar",-113.882,49.078
"Forest_Tent_Caterpillar",-122.2,52.58
"Forest_Tent_Caterpillar",-122.287,51.922
"Forest_Tent_Caterpillar",-122.402,51.971
"Forest_Tent_Caterpillar",-122.2,52.58
"Forest_Tent_Caterpillar",-122.2,52.58
"Forest_Tent_Caterpillar",-122.2,52.58
"Forest_Tent_Caterpillar",-122.402,51.952
"Forest_Tent_Caterpillar",-76.764,34.768
"Forest_Tent_Caterpillar",-76.764,34.768
"Forest_Tent_Caterpillar",-76.764,34.768
"Forest_Tent_Caterpillar",-117.921,51.0859
"Forest_Tent_Caterpillar",-118.207,51.0219
"Forest_Tent_Caterpillar",-118.207,51.0219
"Forest_Tent_Caterpillar",-118.207,51.0219
"Forest_Tent_Caterpillar",-118.207,51.0219
"Forest_Tent_Caterpillar",-117.475,51.4132
"Forest_Tent_Caterpillar",-80.36,43.609
"Forest_Tent_Caterpillar",-80.36,43.609
"Forest_Tent_Caterpillar",-80.36,43.609
"Forest_Tent_Caterpillar",-98.623105,31.269695
"Forest_Tent_Caterpillar",-121.902153,37.341843
"Forest_Tent_Caterpillar",-83.998225,42.475902
"Forest_Tent_Caterpillar",-90.387732,38.804539
"Forest_Tent_Caterpillar",-90.102727,30.381358
"Forest_Tent_Caterpillar",-71.1333,42.377492
"Forest_Tent_Caterpillar",-90.102837,30.381332
"Forest_Tent_Caterpillar",-98.622178,31.27021
"Forest_Tent_Caterpillar",-98.623787,31.272332
"Forest_Tent_Caterpillar",-82.778437,35.350412
"Forest_Tent_Caterpillar",-122.489967,48.72888
"Forest_Tent_Caterpillar",-98.622358,31.269722
"Forest_Tent_Caterpillar",-98.622993,31.270063
"Forest_Tent_Caterpillar",-98.622358,31.269722
"Forest_Tent_Caterpillar",-79.016992,35.954948
"Forest_Tent_Caterpillar",-74.846779,39.128914
"Forest_Tent_Caterpillar",-97.10918,32.723471
"Forest_Tent_Caterpillar",-85.681824,34.288045
"Forest_Tent_Caterpillar",-86.307084,34.108501
"Forest_Tent_Caterpillar",-79.110235,35.997329
"Forest_Tent_Caterpillar",-74.138108,41.755112
"Forest_Tent_Caterpillar",-85.957501,32.934024
"Forest_Tent_Caterpillar",-122.617051,37.979478
"Forest_Tent_Caterpillar",-85.914581,32.974935
"Forest_Tent_Caterpillar",-122.212387,37.90078
"Forest_Tent_Caterpillar",-74.705497,40.39243
"Forest_Tent_Caterpillar",-122.855466,38.489065
"Forest_Tent_Caterpillar",-121.809158,37.279012
"Forest_Tent_Caterpillar",-82.538111,39.430363
"Forest_Tent_Caterpillar",-79.080055,35.851658
"Forest_Tent_Caterpillar",-97.015927,32.311813
"Forest_Tent_Caterpillar",-77.90979,34.42264
"Forest_Tent_Caterpillar",-97.015938,32.311809
"Forest_Tent_Caterpillar",-98.114081,30.198592
"Forest_Tent_Caterpillar",-122.696428,38.557487
"Forest_Tent_Caterpillar",-77.109124,38.751941
"Forest_Tent_Caterpillar",-94.217192,49.687452
"Forest_Tent_Caterpillar",-78.198003,34.569396
"Forest_Tent_Caterpillar",-79.932408,43.358111
"Forest_Tent_Caterpillar",-90.904065,30.222838
"Forest_Tent_Caterpillar",-77.088058,38.761944
"Forest_Tent_Caterpillar",-77.105792,38.751922
"Forest_Tent_Caterpillar",-81.29062,32.265128
"Forest_Tent_Caterpillar",-79.529195,33.159566
"Forest_Tent_Caterpillar",-96.012444,28.982099
"Forest_Tent_Caterpillar",-95.732848,29.298202
"Forest_Tent_Caterpillar",-95.525528,30.61702
"Forest_Tent_Caterpillar",-95.528335,30.618934
"Forest_Tent_Caterpillar",-122.506547,38.369387
"Forest_Tent_Caterpillar",-75.863067,45.363005
"Forest_Tent_Caterpillar",-90.5994,38.76853
"Forest_Tent_Caterpillar",-97.758536,30.417972
"Forest_Tent_Caterpillar",-122.773445,38.460667
"Forest_Tent_Caterpillar",-84.35998,30.389345
"Forest_Tent_Caterpillar",-95.647888,29.1443
"Forest_Tent_Caterpillar",-75.187142,38.37513
"Forest_Tent_Caterpillar",-122.519431,38.368944
"Forest_Tent_Caterpillar",-75.634035,38.339562
"Forest_Tent_Caterpillar",-96.582471,33.432101
"Forest_Tent_Caterpillar",-98.114081,30.198592
"Forest_Tent_Caterpillar",-77.357154,35.616761
"Forest_Tent_Caterpillar",-95.603637,28.981317
"Forest_Tent_Caterpillar",-95.419511,29.042716
"Forest_Tent_Caterpillar",-85.945687,32.574009
"Forest_Tent_Caterpillar",-97.585627,31.791161
"Forest_Tent_Caterpillar",-77.100007,38.756337
"Forest_Tent_Caterpillar",-96.285462,36.096827
"Forest_Tent_Caterpillar",-98.114081,30.198592
"Forest_Tent_Caterpillar",-80.969367,34.058224
"Forest_Tent_Caterpillar",-76.965937,35.88227
"Forest_Tent_Caterpillar",-71.31694,41.871754
"Forest_Tent_Caterpillar",-122.804175,38.44012
"Forest_Tent_Caterpillar",-79.695183,33.055649
"Forest_Tent_Caterpillar",-76.448,35.804924
"Forest_Tent_Caterpillar",-91.039086,30.426333
"Forest_Tent_Caterpillar",-98.114081,30.198592
"Forest_Tent_Caterpillar",-96.604986,32.747758
"Forest_Tent_Caterpillar",-121.925609,37.41246
"Forest_Tent_Caterpillar",-79.562752,33.174885
"Forest_Tent_Caterpillar",-97.528577,30.062767
"Forest_Tent_Caterpillar",-122.902191,38.499616
"Forest_Tent_Caterpillar",-96.801151,28.311088
"Forest_Tent_Caterpillar",-82.722516,29.972907
"Forest_Tent_Caterpillar",-76.524925,36.609123
"Forest_Tent_Caterpillar",-91.209489,47.345607
"Forest_Tent_Caterpillar",-78.538737,35.709868
"Forest_Tent_Caterpillar",-74.992192,39.829534
"Forest_Tent_Caterpillar",-84.715462,33.572512
"Forest_Tent_Caterpillar",-79.079301,35.158107
"Forest_Tent_Caterpillar",-97.488714,32.850591
"Forest_Tent_Caterpillar",-95.628433,29.586128
"Forest_Tent_Caterpillar",-98.638874,29.535049
"Forest_Tent_Caterpillar",-77.812743,45.191465
"Forest_Tent_Caterpillar",-97.827324,30.696111
"Forest_Tent_Caterpillar",-77.362711,35.620091
"Forest_Tent_Caterpillar",-95.65,29.682
"Forest_Tent_Caterpillar",-97.459205,30.14087
"Forest_Tent_Caterpillar",-97.45929,30.140853
"Forest_Tent_Caterpillar",-97.340533,30.116078
"Forest_Tent_Caterpillar",-97.459605,30.140898
"Forest_Tent_Caterpillar",-85.663585,36.387852
"Forest_Tent_Caterpillar",-80.96472,34.859497
"Forest_Tent_Caterpillar",-94.747497,34.943603
"Forest_Tent_Caterpillar",-95.585853,29.375192
"Forest_Tent_Caterpillar",-97.818441,30.694601
"Forest_Tent_Caterpillar",-95.224872,29.439311
"Forest_Tent_Caterpillar",-97.297247,32.775495
"Forest_Tent_Caterpillar",-95.224872,29.439311
"Forest_Tent_Caterpillar",-78.863052,36.071106
"Forest_Tent_Caterpillar",-97.488801,32.8506
"Forest_Tent_Caterpillar",-97.487612,32.849384
"Forest_Tent_Caterpillar",-78.730487,35.870537
"Forest_Tent_Caterpillar",-79.086486,33.485847
"Forest_Tent_Caterpillar",-97.503754,30.378196
"Forest_Tent_Caterpillar",-79.086388,33.485832
"Forest_Tent_Caterpillar",-97.977951,30.325489
"Forest_Tent_Caterpillar",-94.958156,29.42476
"Forest_Tent_Caterpillar",-95.224872,29.439311
"Forest_Tent_Caterpillar",-95.663597,29.635592
"Forest_Tent_Caterpillar",-77.07823,39.216758
"Forest_Tent_Caterpillar",-87.025253,33.174092
"Forest_Tent_Caterpillar",-80.570596,35.412231
"Forest_Tent_Caterpillar",-87.027358,33.175929
"Forest_Tent_Caterpillar",-97.131927,32.721141
"Forest_Tent_Caterpillar",-78.51355,35.90655
"Forest_Tent_Caterpillar",-98.594345,29.597813
"Forest_Tent_Caterpillar",-84.640497,34.980661
"Forest_Tent_Caterpillar",-95.618308,29.112762
"Forest_Tent_Caterpillar",-84.312184,30.499598
"Forest_Tent_Caterpillar",-97.215075,27.853669
"Forest_Tent_Caterpillar",-79.148164,35.777517
"Forest_Tent_Caterpillar",-78.625222,35.759078
"Forest_Tent_Caterpillar",-97.488739,32.850467
"Forest_Tent_Caterpillar",-96.700857,32.75327
"Forest_Tent_Caterpillar",-76.344596,36.728657
"Forest_Tent_Caterpillar",-95.419511,29.042716
"Forest_Tent_Caterpillar",-77.782089,34.300854
"Forest_Tent_Caterpillar",-78.715066,35.810183
"Forest_Tent_Caterpillar",-96.761726,32.7803
"Forest_Tent_Caterpillar",-84.305563,33.471634
"Forest_Tent_Caterpillar",-96.922418,32.730251
"Forest_Tent_Caterpillar",-97.493029,31.366263
"Forest_Tent_Caterpillar",-84.307403,33.471529
"Forest_Tent_Caterpillar",-97.215048,27.853697
"Forest_Tent_Caterpillar",-97.21504,27.853693
"Forest_Tent_Caterpillar",-97.114744,32.789562
"Forest_Tent_Caterpillar",-75.839406,45.544354
"Forest_Tent_Caterpillar",-64.76877,45.47214
"Forest_Tent_Caterpillar",-64.76877,45.47214
"Forest_Tent_Caterpillar",-100.899722,49.568611
"Forest_Tent_Caterpillar",-80.353706,33.220306
"Forest_Tent_Caterpillar",-95.342941,29.723398
"Forest_Tent_Caterpillar",-96.953133,33.065037
"Forest_Tent_Caterpillar",-85.970524,32.687701
"Forest_Tent_Caterpillar",-82.238983,29.668603
"Forest_Tent_Caterpillar",-90.906841,30.428201
"Forest_Tent_Caterpillar",-77.896142,34.374724
"Forest_Tent_Caterpillar",-85.363525,35.010372
"Forest_Tent_Caterpillar",-77.913183,34.376713
"Forest_Tent_Caterpillar",-77.906263,34.051072
"Forest_Tent_Caterpillar",-77.908438,34.051095
"Forest_Tent_Caterpillar",-79.145212,34.629253
"Forest_Tent_Caterpillar",-79.145223,34.629127
"Forest_Tent_Caterpillar",-79.145013,34.62967
"Forest_Tent_Caterpillar",-97.703973,26.791224
"Forest_Tent_Caterpillar",-80.179343,33.32859
"Forest_Tent_Caterpillar",-76.444639,39.13823
"Forest_Tent_Caterpillar",-97.112531,32.727569
"Forest_Tent_Caterpillar",-98.495628,29.426062
"Forest_Tent_Caterpillar",-97.935028,29.887613
"Forest_Tent_Caterpillar",-95.416375,32.130342
"Forest_Tent_Caterpillar",-78.931055,33.651523
"Forest_Tent_Caterpillar",-95.272422,29.545203
"Forest_Tent_Caterpillar",-80.616617,35.361805
"Forest_Tent_Caterpillar",-85.756874,38.219173
"Forest_Tent_Caterpillar",-97.183328,32.830076
"Forest_Tent_Caterpillar",-95.599649,29.383234
"Forest_Tent_Caterpillar",-95.356721,29.296872
"Forest_Tent_Caterpillar",-80.823149,33.828871
"Forest_Tent_Caterpillar",-90.82172,30.431844
"Forest_Tent_Caterpillar",-77.76087,34.321798
"Forest_Tent_Caterpillar",-97.113258,32.906459
"Forest_Tent_Caterpillar",-98.279345,29.594032
"Forest_Tent_Caterpillar",-94.175667,32.738819
"Forest_Tent_Caterpillar",-99.730355,29.581613
"Forest_Tent_Caterpillar",-97.477805,32.844967
"Forest_Tent_Caterpillar",-96.702002,32.993158
"Forest_Tent_Caterpillar",-85.366195,35.008311
"Forest_Tent_Caterpillar",-86.004491,34.003323
"Forest_Tent_Caterpillar",-97.835575,33.240641
"Forest_Tent_Caterpillar",-95.486028,29.584744
"Forest_Tent_Caterpillar",-78.699958,35.808425
"Forest_Tent_Caterpillar",-80.430982,33.532758
"Forest_Tent_Caterpillar",-83.924116,33.248504
"Forest_Tent_Caterpillar",-97.02568,30.383877
"Forest_Tent_Caterpillar",-81.080147,35.250678
"Forest_Tent_Caterpillar",-96.456935,32.739257
"Forest_Tent_Caterpillar",-89.760278,30.286727
"Forest_Tent_Caterpillar",-79.009393,33.795372
"Forest_Tent_Caterpillar",-82.273056,34.712223
"Forest_Tent_Caterpillar",-97.110195,32.730502
"Forest_Tent_Caterpillar",-94.979294,29.778484
"Forest_Tent_Caterpillar",-97.799576,29.614774
"Forest_Tent_Caterpillar",-78.820086,35.882707
"Forest_Tent_Caterpillar",-95.596291,29.381111
"Forest_Tent_Caterpillar",-97.114571,32.729484
"Forest_Tent_Caterpillar",-95.730376,29.585475
"Forest_Tent_Caterpillar",-95.696664,29.802787
"Forest_Tent_Caterpillar",-95.454276,28.971677
"Forest_Tent_Caterpillar",-98.911987,30.244813
"Forest_Tent_Caterpillar",-80.966753,34.841341
"Forest_Tent_Caterpillar",-98.748497,30.255037
"Forest_Tent_Caterpillar",-98.602867,30.194562
"Forest_Tent_Caterpillar",-95.434337,29.042873
"Forest_Tent_Caterpillar",-97.481287,31.299775
"Forest_Tent_Caterpillar",-97.116417,32.794139
"Forest_Tent_Caterpillar",-95.415593,29.581518
"Forest_Tent_Caterpillar",-95.784857,29.544375
"Forest_Tent_Caterpillar",-79.278037,33.85592
"Forest_Tent_Caterpillar",-95.684314,29.744183
"Forest_Tent_Caterpillar",-97.966367,29.901538
"Forest_Tent_Caterpillar",-95.644199,29.722994
"Forest_Tent_Caterpillar",-81.509462,32.188953
"Forest_Tent_Caterpillar",-79.932408,43.358111
"Forest_Tent_Caterpillar",-97.305042,30.837415
"Forest_Tent_Caterpillar",-73.386178,41.873158
"Forest_Tent_Caterpillar",-95.538812,29.532495
"Forest_Tent_Caterpillar",-95.499612,30.173763
"Forest_Tent_Caterpillar",-98.006165,31.074175
"Forest_Tent_Caterpillar",-96.917962,31.597047
"Forest_Tent_Caterpillar",-97.750503,30.494075
"Forest_Tent_Caterpillar",-91.038903,30.426414
"Forest_Tent_Caterpillar",-95.616691,29.11201
"Forest_Tent_Caterpillar",-84.624892,30.405111
"Forest_Tent_Caterpillar",-84.255247,30.521317
"Forest_Tent_Caterpillar",-82.363007,29.643694
"Forest_Tent_Caterpillar",-82.670059,27.841201
"Forest_Tent_Caterpillar",-84.953974,44.824193
"Forest_Tent_Caterpillar",-80.107799,43.922818
"Forest_Tent_Caterpillar",-94.903485,29.392785
"Forest_Tent_Caterpillar",-84.080707,30.518376
"Forest_Tent_Caterpillar",-95.364515,29.887605
"Forest_Tent_Caterpillar",-95.528,30.626108
"Forest_Tent_Caterpillar",-98.621679,29.578656
"Forest_Tent_Caterpillar",-95.347786,30.661291
"Forest_Tent_Caterpillar",-90.936047,30.544502
"Forest_Tent_Caterpillar",-90.63655,30.381803
"Forest_Tent_Caterpillar",-95.608322,29.966433
"Forest_Tent_Caterpillar",-95.452637,29.76474
"Forest_Tent_Caterpillar",-97.796333,30.597831
"Forest_Tent_Caterpillar",-97.704538,30.236972
"Forest_Tent_Caterpillar",-95.373021,41.407399
"Forest_Tent_Caterpillar",-98.602105,29.577037
"Forest_Tent_Caterpillar",-98.2488,31.629637
"Forest_Tent_Caterpillar",-95.748212,29.606397
"Forest_Tent_Caterpillar",-95.647536,29.782926
"Forest_Tent_Caterpillar",-98.602067,29.577012
"Forest_Tent_Caterpillar",-79.003653,34.051799
"Forest_Tent_Caterpillar",-82.044789,28.060818
"Forest_Tent_Caterpillar",-84.463956,30.603992
"Forest_Tent_Caterpillar",-98.177296,29.264481
"Forest_Tent_Caterpillar",-99.175895,29.970992
"Forest_Tent_Caterpillar",-95.399125,29.719488
"Forest_Tent_Caterpillar",-96.885413,29.914431
"Forest_Tent_Caterpillar",-80.107827,43.922795
"Forest_Tent_Caterpillar",-83.165878,30.388462
"Forest_Tent_Caterpillar",-95.593979,29.78034
"Forest_Tent_Caterpillar",-95.497392,29.53225
"Forest_Tent_Caterpillar",-95.603706,29.59872
"Forest_Tent_Caterpillar",-82.076268,46.219108
"Forest_Tent_Caterpillar",-95.077895,29.464967
"Forest_Tent_Caterpillar",-98.617165,29.583521
"Forest_Tent_Caterpillar",-95.499695,30.174053
"Forest_Tent_Caterpillar",-95.56288,29.562742
"Forest_Tent_Caterpillar",-95.803014,29.52379
"Forest_Tent_Caterpillar",-95.504608,30.179293
"Forest_Tent_Caterpillar",-96.984005,29.833987
"Forest_Tent_Caterpillar",-96.360393,30.601178
"Forest_Tent_Caterpillar",-96.735182,39.296463
"Forest_Tent_Caterpillar",-96.735182,39.296463
"Forest_Tent_Caterpillar",-96.735182,39.296463
"Forest_Tent_Caterpillar",-96.735182,39.296463
"Forest_Tent_Caterpillar",-96.735182,39.296463
"Forest_Tent_Caterpillar",-96.735182,39.296463
"Forest_Tent_Caterpillar",-96.735182,39.296463
"Forest_Tent_Caterpillar",-96.735182,39.296463
"Forest_Tent_Caterpillar",-96.735182,39.296463
"Forest_Tent_Caterpillar",-96.735182,39.296463
"Forest_Tent_Caterpillar",-96.735182,39.296463
"Forest_Tent_Caterpillar",-96.735182,39.296463
"Forest_Tent_Caterpillar",-96.735182,39.296463
"Forest_Tent_Caterpillar",-95.109964,37.167565
"Forest_Tent_Caterpillar",-96.735182,39.296463
"Forest_Tent_Caterpillar",-95.622468,29.938391
"Forest_Tent_Caterpillar",-82.338713,28.072875
"Forest_Tent_Caterpillar",-95.452031,29.699802
"Forest_Tent_Caterpillar",-95.38742,29.721824
"Forest_Tent_Caterpillar",-95.387654,29.721086
"Forest_Tent_Caterpillar",-73.787579,44.179647
"Forest_Tent_Caterpillar",-73.787622,44.179985
"Forest_Tent_Caterpillar",-97.709372,30.667445
"Forest_Tent_Caterpillar",-95.59861,28.915672
"Forest_Tent_Caterpillar",-97.682295,29.876015
"Forest_Tent_Caterpillar",-95.605951,29.108403
"Forest_Tent_Caterpillar",-97.583142,29.587864
"Forest_Tent_Caterpillar",-95.595713,29.37539
"Forest_Tent_Caterpillar",-95.503692,29.503818
"Forest_Tent_Caterpillar",-95.637443,29.819973
"Forest_Tent_Caterpillar",-90.935075,30.539408
"Forest_Tent_Caterpillar",-95.301412,30.031051
"Forest_Tent_Caterpillar",-97.938417,29.89077
"Forest_Tent_Caterpillar",-82.312112,28.098317
"Forest_Tent_Caterpillar",-80.953035,46.522099
"Forest_Tent_Caterpillar",-97.872419,30.08896
"Forest_Tent_Caterpillar",-97.421232,27.790985
"Forest_Tent_Caterpillar",-81.284293,27.84922
"Forest_Tent_Caterpillar",-89.722838,43.409088
"Forest_Tent_Caterpillar",-79.95444,43.538557
"Forest_Tent_Caterpillar",-79.961954,43.537398
"Forest_Tent_Caterpillar",-84.100189,32.478043
"Forest_Tent_Caterpillar",-122.488,48.76
"Forest_Tent_Caterpillar",-122.488,48.76
"Forest_Tent_Caterpillar",-122.488,48.76
"Forest_Tent_Caterpillar",-122.488,48.76
"Forest_Tent_Caterpillar",-122.488,48.76
"Forest_Tent_Caterpillar",-82.069037,28.031681
"Forest_Tent_Caterpillar",-81.880858,28.064828
"Forest_Tent_Caterpillar",-81.344966,28.305395
"Forest_Tent_Caterpillar",-64.771904,45.469319
"Forest_Tent_Caterpillar",-95.62883,29.369572
"Forest_Tent_Caterpillar",-60.537361,46.886277
"Forest_Tent_Caterpillar",-82.66801,27.838896
"Forest_Tent_Caterpillar",-98.578737,29.495663
"Forest_Tent_Caterpillar",-82.669931,27.8411
"Forest_Tent_Caterpillar",-82.431595,29.678422
"Forest_Tent_Caterpillar",-83.997772,42.454268
"Forest_Tent_Caterpillar",-72.239025,42.300794
"Forest_Tent_Caterpillar",-81.399061,30.170747
"Forest_Tent_Caterpillar",-82.667992,27.838987
"Forest_Tent_Caterpillar",-82.664651,27.84105
"Forest_Tent_Caterpillar",-79.932408,43.358111
"Forest_Tent_Caterpillar",-72.704649,43.962178
"Forest_Tent_Caterpillar",-97.759319,30.419415
"Forest_Tent_Caterpillar",-77.91099,42.126195
"Forest_Tent_Caterpillar",-78.534094,45.581655
"Forest_Tent_Caterpillar",-72.470708,44.359673
"Forest_Tent_Caterpillar",-72.463673,44.34057
"Forest_Tent_Caterpillar",-72.467412,44.341633
"Forest_Tent_Caterpillar",-79.932408,43.358111
"Forest_Tent_Caterpillar",-84.742993,42.247624
"Forest_Tent_Caterpillar",-67.933658,44.459472
"Forest_Tent_Caterpillar",-72.822176,40.902148
"Forest_Tent_Caterpillar",-123.958359,46.173829
"Forest_Tent_Caterpillar",-90.289558,38.634725
"Forest_Tent_Caterpillar",-81.34992,27.94395
"Forest_Tent_Caterpillar",-81.839437,43.256388
"Forest_Tent_Caterpillar",-74.087636,41.860299
"Forest_Tent_Caterpillar",-76.629899,45.504987
"Forest_Tent_Caterpillar",-73.340596,45.296525
"Forest_Tent_Caterpillar",-73.000061,41.941544
"Forest_Tent_Caterpillar",-64.618661,46.389245
"Forest_Tent_Caterpillar",-79.331467,40.094718
"Forest_Tent_Caterpillar",-76.272719,44.771436
"Forest_Tent_Caterpillar",-72.468879,42.337143
"Forest_Tent_Caterpillar",-91.244632,47.385845
"Forest_Tent_Caterpillar",-70.34127,44.430288
"Forest_Tent_Caterpillar",-80.564,43.4867
"Forest_Tent_Caterpillar",-81.271521,43.039384
"Forest_Tent_Caterpillar",-76.238947,44.779153
"Forest_Tent_Caterpillar",-77.3061,44.4747
"Forest_Tent_Caterpillar",-77.300906,44.479964
"Forest_Tent_Caterpillar",-89.659758,46.010944
"Forest_Tent_Caterpillar",-75.232123,45.208551
"Forest_Tent_Caterpillar",-75.862856,45.49242
"Forest_Tent_Caterpillar",-96.844101,29.997698
"Forest_Tent_Caterpillar",-73.865079,41.413088
"Forest_Tent_Caterpillar",-73.865079,41.413088
"Forest_Tent_Caterpillar",-75.743472,45.283849
"Forest_Tent_Caterpillar",-74.276973,45.066686
"Forest_Tent_Caterpillar",-76.573874,45.405122
"Forest_Tent_Caterpillar",-76.092806,45.495512
"Forest_Tent_Caterpillar",-75.755811,45.363141
"Forest_Tent_Caterpillar",-96.982099,29.877455
"Forest_Tent_Caterpillar",-79.932408,43.358111
"Forest_Tent_Caterpillar",-79.932408,43.358111
"Forest_Tent_Caterpillar",-79.224101,45.320069
"Forest_Tent_Caterpillar",-77.541002,45.61705
"Forest_Tent_Caterpillar",-75.8489,45.5208
"Forest_Tent_Caterpillar",-79.441567,47.328306
"Forest_Tent_Caterpillar",-96.920708,29.890312
"Forest_Tent_Caterpillar",-94.985741,32.768517
"Forest_Tent_Caterpillar",-94.694621,30.680628
"Forest_Tent_Caterpillar",-122.883765,38.508071
"Forest_Tent_Caterpillar",-84.480261,33.450221
"Forest_Tent_Caterpillar",-84.480261,33.450221
"Forest_Tent_Caterpillar",-96.9035,32.726177
"Forest_Tent_Caterpillar",-79.045442,47.241072
"Forest_Tent_Caterpillar",-64.36723,45.905137
"Forest_Tent_Caterpillar",-66.592821,45.9847
"Forest_Tent_Caterpillar",-95.340932,29.721892
"Forest_Tent_Caterpillar",-85.60025,42.289955
"Forest_Tent_Caterpillar",-85.696397,42.290767
"Forest_Tent_Caterpillar",-76.238986,44.779745
"Forest_Tent_Caterpillar",-85.653445,44.968749
"Forest_Tent_Caterpillar",-124.094879,40.858734
"Forest_Tent_Caterpillar",-111.550355,40.457807
"Forest_Tent_Caterpillar",-76.472601,42.028565
"Forest_Tent_Caterpillar",-73.860143,44.218659
"Forest_Tent_Caterpillar",-85.07598,45.467063
"Forest_Tent_Caterpillar",-71.656097,42.112729
"Forest_Tent_Caterpillar",-87.630278,46.655278
"Forest_Tent_Caterpillar",-70.341233,44.430305
"Forest_Tent_Caterpillar",-81.271521,43.039384
"Forest_Tent_Caterpillar",-85.287,42.634157
"Forest_Tent_Caterpillar",-124.349145,40.55738
"Forest_Tent_Caterpillar",-91.176434,30.411024
"Forest_Tent_Caterpillar",-80.197556,32.791598
"Forest_Tent_Caterpillar",-95.627218,29.370627
"Forest_Tent_Caterpillar",-73.897626,45.451553
"Forest_Tent_Caterpillar",-78.367514,39.754701
"Forest_Tent_Caterpillar",-76.823143,42.492504
"Forest_Tent_Caterpillar",-80.8186,33.8259
"Forest_Tent_Caterpillar",-80.8182,33.8299
"Forest_Tent_Caterpillar",-80.8182,33.8299
"Forest_Tent_Caterpillar",-80.8261,33.8318
"Forest_Tent_Caterpillar",-80.8182,33.8299
"Forest_Tent_Caterpillar",-80.8199,33.8292
"Forest_Tent_Caterpillar",-89.781442,45.947711
"Forest_Tent_Caterpillar",-94.648141,31.621591
"Forest_Tent_Caterpillar",-105.24005,51.25135
"Forest_Tent_Caterpillar",-77.051263,38.878698
"Forest_Tent_Caterpillar",-79.934978,43.360383
"Forest_Tent_Caterpillar",-79.934978,43.360383
"Forest_Tent_Caterpillar",-96.463523,28.496357
"Forest_Tent_Caterpillar",-96.463523,28.496357
"Forest_Tent_Caterpillar",-74.913969,41.170952
"Forest_Tent_Caterpillar",-64.596745,48.37907
"Forest_Tent_Caterpillar",-64.596164,48.379283
"Forest_Tent_Caterpillar",-95.603394,50.104504
"Forest_Tent_Caterpillar",-77.829492,41.073106
"Forest_Tent_Caterpillar",-80.993029,46.491732
"Forest_Tent_Caterpillar",-73.897377,45.515445
"Forest_Tent_Caterpillar",-105.674071,33.338059
"Forest_Tent_Caterpillar",-80.892569,47.21438
"Forest_Tent_Caterpillar",-90.734824,32.35209
"Forest_Tent_Caterpillar",-92.444357,46.859108
"Forest_Tent_Caterpillar",-69.518658,44.032857
"Forest_Tent_Caterpillar",-90.441472,30.002704
"Forest_Tent_Caterpillar",-80.957021,36.374299
"Forest_Tent_Caterpillar",-93.383333,50.139379
"Forest_Tent_Caterpillar",-95.109964,37.167565
"Forest_Tent_Caterpillar",-88.772623,46.1234
"Forest_Tent_Caterpillar",-90.441472,30.002704
"Forest_Tent_Caterpillar",-88.454006,47.246592
"Forest_Tent_Caterpillar",-86.35467,45.983873
"Forest_Tent_Caterpillar",-88.454006,47.246592
"Forest_Tent_Caterpillar",-111.578276,42.502145
"Forest_Tent_Caterpillar",-90.130074,29.947426
"Forest_Tent_Caterpillar",-88.454006,47.246592
"Forest_Tent_Caterpillar",-89.72232,46.084558
"Forest_Tent_Caterpillar",-91.867087,47.903237
"Forest_Tent_Caterpillar",-88.454006,47.246592
"Forest_Tent_Caterpillar",-85.009402,45.998939
"Forest_Tent_Caterpillar",-91.969874,36.992277
"Forest_Tent_Caterpillar",-88.452908,46.756599
"Forest_Tent_Caterpillar",-81.443178,40.077645
"Forest_Tent_Caterpillar",-68.6725,44.88306
"Forest_Tent_Caterpillar",-86.35467,45.983873
"Forest_Tent_Caterpillar",-88.772623,46.1234
"Forest_Tent_Caterpillar",-84.492063,45.472944
"Forest_Tent_Caterpillar",-84.363087,45.998073
"Forest_Tent_Caterpillar",-121.657266,36.535766
"Forest_Tent_Caterpillar",-68.6725,44.88306
"Forest_Tent_Caterpillar",-84.492063,45.472944
"Forest_Tent_Caterpillar",-84.902835,45.734177
"Forest_Tent_Caterpillar",-88.772623,46.1234
"Forest_Tent_Caterpillar",-121.657266,36.535766
"Forest_Tent_Caterpillar",-84.727828,45.783901
"Forest_Tent_Caterpillar",-86.407924,43.638636
"Forest_Tent_Caterpillar",-84.492063,45.472944
"Forest_Tent_Caterpillar",-86.363965,43.698341
"Forest_Tent_Caterpillar",-84.492063,45.472944
"Forest_Tent_Caterpillar",-84.696261,45.580949
"Forest_Tent_Caterpillar",-84.492063,45.472944
"Forest_Tent_Caterpillar",-87.399167,48.846944
"Forest_Tent_Caterpillar",-89.616667,48.416667
"Forest_Tent_Caterpillar",-89.616667,48.416667
"Forest_Tent_Caterpillar",-89.616667,48.416667
"Forest_Tent_Caterpillar",-97.680219,30.642036
"Forest_Tent_Caterpillar",-97.680219,30.642036
"Forest_Tent_Caterpillar",-93.868811,36.677011
"Forest_Tent_Caterpillar",-90.64111,46.37444
"Forest_Tent_Caterpillar",-67.965281,44.510634
"Forest_Tent_Caterpillar",-90.510371,30.776573
"Forest_Tent_Caterpillar",-89.72232,46.084558
"Forest_Tent_Caterpillar",-70.444219,43.679524
"Forest_Tent_Caterpillar",-121.657266,36.535766
"Forest_Tent_Caterpillar",-82.807105,37.814538
"Forest_Tent_Caterpillar",-86.35467,45.983873
"Forest_Tent_Caterpillar",-84.363505,45.649947
"Forest_Tent_Caterpillar",-84.363505,45.649947
"Forest_Tent_Caterpillar",-84.516675,44.907356
"Forest_Tent_Caterpillar",-88.454006,47.246592
"Forest_Tent_Caterpillar",-84.492063,45.472944
"Forest_Tent_Caterpillar",-88.454006,47.246592
"Forest_Tent_Caterpillar",-88.454006,47.246592
"Forest_Tent_Caterpillar",-84.516675,44.907356
"Forest_Tent_Caterpillar",-88.452908,46.756599
"Forest_Tent_Caterpillar",-84.595949,44.907724
"Forest_Tent_Caterpillar",-85.91681,46.324187
"Forest_Tent_Caterpillar",-84.492063,45.472944
"Forest_Tent_Caterpillar",-85.41646,44.895558
"Forest_Tent_Caterpillar",-86.363965,43.698341
"Forest_Tent_Caterpillar",-84.902835,45.734177
"Forest_Tent_Caterpillar",-84.483865,42.736979
"Forest_Tent_Caterpillar",-84.483865,42.736979
"Forest_Tent_Caterpillar",-85.4114,42.3997
"Forest_Tent_Caterpillar",-85.4114,42.3997
"Forest_Tent_Caterpillar",-84.492063,45.472944
"Forest_Tent_Caterpillar",-88.454006,47.246592
"Forest_Tent_Caterpillar",-88.454006,47.246592
"Forest_Tent_Caterpillar",-89.616667,48.416667
"Forest_Tent_Caterpillar",-68.6725,44.88306
"Forest_Tent_Caterpillar",-90.441472,30.002704
"Forest_Tent_Caterpillar",-100.64778,51.890365
"Forest_Tent_Caterpillar",-123.128365,40.809706
"Forest_Tent_Caterpillar",-93.383333,50.139379
"Forest_Tent_Caterpillar",-111.627831,53.716605
"Forest_Tent_Caterpillar",-93.383333,50.139379
"Forest_Tent_Caterpillar",-91.867087,47.903237
"Forest_Tent_Caterpillar",-91.867087,47.903237
"Forest_Tent_Caterpillar",-70.444219,43.679524
"Forest_Tent_Caterpillar",-111.578276,42.502145
"Forest_Tent_Caterpillar",-121.657266,36.535766
"Forest_Tent_Caterpillar",-98.355616,35.471442
"Forest_Tent_Caterpillar",-84.67655,45.559102
"Forest_Tent_Caterpillar",-85.273845,43.300996
"Forest_Tent_Caterpillar",-84.363505,45.649947
"Forest_Tent_Caterpillar",-88.772623,46.1234
"Forest_Tent_Caterpillar",-84.492063,45.472944
"Forest_Tent_Caterpillar",-84.492063,45.472944
"Forest_Tent_Caterpillar",-84.492063,45.472944
"Forest_Tent_Caterpillar",-88.454006,47.246592
"Forest_Tent_Caterpillar",-88.454006,47.246592
"Forest_Tent_Caterpillar",-88.454006,47.246592
"Forest_Tent_Caterpillar",-86.272111,46.033982
"Forest_Tent_Caterpillar",-84.363087,45.998073
"Forest_Tent_Caterpillar",-85.712702,43.446106
"Forest_Tent_Caterpillar",-84.592831,42.662049
"Forest_Tent_Caterpillar",-86.330418,45.904974
"Forest_Tent_Caterpillar",-88.833412,48.00044
"Forest_Tent_Caterpillar",-82.910158,42.672795
"Forest_Tent_Caterpillar",-86.363965,43.698341
"Forest_Tent_Caterpillar",-84.902835,45.734177
"Forest_Tent_Caterpillar",-84.492063,45.472944
"Forest_Tent_Caterpillar",-84.492063,45.472944
"Forest_Tent_Caterpillar",-84.492063,45.472944
"Forest_Tent_Caterpillar",-121.657266,36.535766
"Forest_Tent_Caterpillar",-90.130074,29.947426
"Forest_Tent_Caterpillar",-93.383333,50.139379
"Forest_Tent_Caterpillar",-93.383333,50.139379
"Forest_Tent_Caterpillar",-93.868811,36.677011
"Forest_Tent_Caterpillar",-89.72232,46.084558
"Forest_Tent_Caterpillar",-93.868811,36.677011
"Forest_Tent_Caterpillar",-67.965281,44.510634
"Forest_Tent_Caterpillar",-111.554529,53.716508
"Forest_Tent_Caterpillar",-67.965281,44.510634
"Forest_Tent_Caterpillar",-89.72232,46.084558
"Forest_Tent_Caterpillar",-100.64778,51.890365
"Forest_Tent_Caterpillar",-89.72232,46.084558
"Forest_Tent_Caterpillar",-90.64111,46.37444
"Forest_Tent_Caterpillar",-91.969874,36.992277
"Forest_Tent_Caterpillar",-81.443178,40.077645
"Forest_Tent_Caterpillar",-84.363505,45.649947
"Forest_Tent_Caterpillar",-84.67655,45.559102
"Forest_Tent_Caterpillar",-84.492063,45.472944
"Forest_Tent_Caterpillar",-88.454006,47.246592
"Forest_Tent_Caterpillar",-88.454006,47.246592
"Forest_Tent_Caterpillar",-88.454006,47.246592
"Forest_Tent_Caterpillar",-86.35467,45.983873
"Forest_Tent_Caterpillar",-85.227412,42.303252
"Forest_Tent_Caterpillar",-83.849976,43.641134
"Forest_Tent_Caterpillar",-86.267777,43.650703
"Forest_Tent_Caterpillar",-82.910158,42.672795
"Forest_Tent_Caterpillar",-82.910158,42.672795
"Forest_Tent_Caterpillar",-86.363965,43.698341
"Forest_Tent_Caterpillar",-82.910158,42.672795
"Forest_Tent_Caterpillar",-83.239661,42.784475
"Forest_Tent_Caterpillar",-84.483865,42.736979
"Forest_Tent_Caterpillar",-84.483865,42.736979
"Forest_Tent_Caterpillar",-85.4114,42.3997
"Forest_Tent_Caterpillar",-85.4114,42.3997
"Forest_Tent_Caterpillar",-85.4114,42.3997
"Forest_Tent_Caterpillar",-88.454006,47.246592
"Forest_Tent_Caterpillar",-88.454006,47.246592
"Forest_Tent_Caterpillar",-84.727828,45.783901
"Forest_Tent_Caterpillar",-88.454006,47.246592
"Forest_Tent_Caterpillar",-84.483394,42.701986
"Forest_Tent_Caterpillar",-84.247212,43.615582
"Forest_Tent_Caterpillar",-123.035096,44.942898
"Forest_Tent_Caterpillar",-84.480304,42.72885
"Forest_Tent_Caterpillar",-98.493628,29.424122
"Forest_Tent_Caterpillar",-98.370584,30.731016
"Forest_Tent_Caterpillar",-98.370584,30.731016
"Forest_Tent_Caterpillar",-123.262044,44.564566
"Forest_Tent_Caterpillar",-123.039265,45.058452
"Forest_Tent_Caterpillar",-84.393644,42.806086
"Forest_Tent_Caterpillar",-98.370584,30.731016
"Forest_Tent_Caterpillar",-84.480304,42.72885
"Forest_Tent_Caterpillar",-84.47893,42.725824
"Forest_Tent_Caterpillar",-84.4773,42.73112
"Forest_Tent_Caterpillar",-84.47893,42.725067
"Forest_Tent_Caterpillar",-84.45231,42.719
"Forest_Tent_Caterpillar",-84.372017,42.806883
"Forest_Tent_Caterpillar",-84.483865,42.736979
"Forest_Tent_Caterpillar",-86.519702,42.00163
"Forest_Tent_Caterpillar",-84.480304,42.72885
"Forest_Tent_Caterpillar",-73.671797,40.654825
"Forest_Tent_Caterpillar",-122.450324,38.508072
"Forest_Tent_Caterpillar",-84.67655,45.559102
"Forest_Tent_Caterpillar",-85.273845,43.300996
"Forest_Tent_Caterpillar",-96.756908,29.285008
"Forest_Tent_Caterpillar",-70.039978,41.294425
"Forest_Tent_Caterpillar",-77.301985,44.479472
"Forest_Tent_Caterpillar",-74.879932,39.040653
"Forest_Tent_Caterpillar",-79.934978,43.360383
"Forest_Tent_Caterpillar",-77.351202,44.456412
"Forest_Tent_Caterpillar",-83.31666,46.42749
"Forest_Tent_Caterpillar",-77.300324,44.480199
"Forest_Tent_Caterpillar",-87.41469,46.509366
"Forest_Tent_Caterpillar",-85.084092,45.57098
"Forest_Tent_Caterpillar",-81.865321,27.99451
"Forest_Tent_Caterpillar",-73.14846,44.321411
"Forest_Tent_Caterpillar",-73.051441,44.49275
"Forest_Tent_Caterpillar",-79.943643,43.360201
"Forest_Tent_Caterpillar",-70.19649,42.05691
"Forest_Tent_Caterpillar",-71.58491,41.46303
"Forest_Tent_Caterpillar",-80.357752,43.381559
"Forest_Tent_Caterpillar",-98.614191,29.584709
"Forest_Tent_Caterpillar",-75.455096,45.508245
"Forest_Tent_Caterpillar",-78.071213,44.923196
"Forest_Tent_Caterpillar",-80.691882,51.800065
"Forest_Tent_Caterpillar",-80.629953,43.442633
"Forest_Tent_Caterpillar",-80.084333,43.333407
"Forest_Tent_Caterpillar",-76.132862,45.131873
"Forest_Tent_Caterpillar",-81.800639,43.287277
"Forest_Tent_Caterpillar",-81.873919,43.23762
"Forest_Tent_Caterpillar",-81.32298,45.127355
"Forest_Tent_Caterpillar",-81.401906,46.012451
"Forest_Tent_Caterpillar",-77.854881,45.055857
"Forest_Tent_Caterpillar",-78.248087,44.339611
"Forest_Tent_Caterpillar",-76.237472,44.781864
"Forest_Tent_Caterpillar",-75.85387,45.0976
"Forest_Tent_Caterpillar",-84.555447,39.192138
"Forest_Tent_Caterpillar",-76.951996,44.676425
"Forest_Tent_Caterpillar",-95.18863,47.218291
"Forest_Tent_Caterpillar",-77.32088,44.487199
"Forest_Tent_Caterpillar",-122.97643,38.3433
"Forest_Tent_Caterpillar",-72.397492,44.543843
"Forest_Tent_Caterpillar",-71.155138,42.015427
"Forest_Tent_Caterpillar",-74.11941,41.213577
"Forest_Tent_Caterpillar",-80.635915,51.274917
"Forest_Tent_Caterpillar",-84.745679,42.523645
"Forest_Tent_Caterpillar",-74.077025,45.705988
"Forest_Tent_Caterpillar",-75.848487,45.532512
"Forest_Tent_Caterpillar",-79.322317,45.02269
"Forest_Tent_Caterpillar",-69.09231,44.23315
"Forest_Tent_Caterpillar",-75.934433,45.32196
"Forest_Tent_Caterpillar",-75.934418,45.32206
"Forest_Tent_Caterpillar",-78.637107,45.549133
"Forest_Tent_Caterpillar",-75.733241,45.391411
"Forest_Tent_Caterpillar",-78.129517,44.567672
"Forest_Tent_Caterpillar",-106.066177,53.904123
"Forest_Tent_Caterpillar",-78.635734,45.549568
"Forest_Tent_Caterpillar",-80.971065,46.468701
"Forest_Tent_Caterpillar",-76.645043,41.855865
"Forest_Tent_Caterpillar",-83.229186,38.72919
"Forest_Tent_Caterpillar",-78.639274,45.548712
"Forest_Tent_Caterpillar",-78.638266,45.549102
"Forest_Tent_Caterpillar",-80.452775,51.48436
"Forest_Tent_Caterpillar",-78.635734,45.549568
"Forest_Tent_Caterpillar",-60.050622,46.039877
"Forest_Tent_Caterpillar",-71.280692,46.979875
"Forest_Tent_Caterpillar",-79.710193,44.813015
"Forest_Tent_Caterpillar",-79.224067,45.320019
"Forest_Tent_Caterpillar",-84.950239,44.839832
"Forest_Tent_Caterpillar",-81.401882,46.012443
"Forest_Tent_Caterpillar",-81.401882,46.012443
"Forest_Tent_Caterpillar",-81.858935,43.23846
"Forest_Tent_Caterpillar",-81.839491,43.256414
"Forest_Tent_Caterpillar",-74.259522,44.448486
"Forest_Tent_Caterpillar",-72.574012,44.26896
"Forest_Tent_Caterpillar",-85.038877,45.195364
"Forest_Tent_Caterpillar",-75.802876,45.791364
"Forest_Tent_Caterpillar",-75.803092,45.791358
"Forest_Tent_Caterpillar",-72.516667,48.833333
"Forest_Tent_Caterpillar",-81.637688,45.953691
"Forest_Tent_Caterpillar",-97.135231,49.855828
"Forest_Tent_Caterpillar",-79.224099,45.320047
"Forest_Tent_Caterpillar",-76.582405,42.48153
"Forest_Tent_Caterpillar",-85.076125,45.467145
"Forest_Tent_Caterpillar",-85.07615,45.467005
"Forest_Tent_Caterpillar",-124.268833,40.57903
"Forest_Tent_Caterpillar",-69.135986,45.822637
"Forest_Tent_Caterpillar",-93.701376,48.623787
"Forest_Tent_Caterpillar",-76.238986,44.779745
"Forest_Tent_Caterpillar",-76.249512,44.772586
"Forest_Tent_Caterpillar",-76.388336,44.141577
"Forest_Tent_Caterpillar",-76.249512,44.772586
"Forest_Tent_Caterpillar",-80.847787,46.398833
"Forest_Tent_Caterpillar",-123.498022,39.670922
"Forest_Tent_Caterpillar",-78.248087,44.339611
"Forest_Tent_Caterpillar",-81.092834,46.429102
"Forest_Tent_Caterpillar",-74.468863,45.858813
"Forest_Tent_Caterpillar",-78.248089,44.339611
"Forest_Tent_Caterpillar",-79.224163,45.319986
"Forest_Tent_Caterpillar",-73.09095,43.988213
"Forest_Tent_Caterpillar",-80.01195,46.419237
"Forest_Tent_Caterpillar",-85.47168,34.203491
"Forest_Tent_Caterpillar",-81.400869,46.014398
"Forest_Tent_Caterpillar",-81.414266,45.99419
"Forest_Tent_Caterpillar",-79.224171,45.320026
"Forest_Tent_Caterpillar",-84.3602,46.157986
"Forest_Tent_Caterpillar",-73.009139,44.699028
"Forest_Tent_Caterpillar",-80.953035,46.522099
"Forest_Tent_Caterpillar",-93.762838,48.705969
"Forest_Tent_Caterpillar",-72.422067,42.565459
"Forest_Tent_Caterpillar",-72.422007,42.565464
"Forest_Tent_Caterpillar",-72.421999,42.565523
"Forest_Tent_Caterpillar",-76.427117,42.46148
"Forest_Tent_Caterpillar",-93.763954,48.691614
"Forest_Tent_Caterpillar",-75.802939,45.791241
"Forest_Tent_Caterpillar",-78.17763,44.554223
"Forest_Tent_Caterpillar",-77.941697,43.23329
"Forest_Tent_Caterpillar",-72.939534,43.628893
"Forest_Tent_Caterpillar",-79.224083,45.319995
"Forest_Tent_Caterpillar",-84.615738,45.506096
"Forest_Tent_Caterpillar",-91.244613,47.385733
"Forest_Tent_Caterpillar",-71.654409,45.421861
"Forest_Tent_Caterpillar",-81.222583,45.001142
"Forest_Tent_Caterpillar",-96.075675,30.400363
"Forest_Tent_Caterpillar",-95.928695,29.314613
"Forest_Tent_Caterpillar",-113.794442,48.568204
"Forest_Tent_Caterpillar",-82.622293,40.11135
"Forest_Tent_Caterpillar",-72.542115,43.639713
"Forest_Tent_Caterpillar",-71.654319,45.421872
"Forest_Tent_Caterpillar",-70.525906,45.493676
"Forest_Tent_Caterpillar",-81.1754,42.9998
"Forest_Tent_Caterpillar",-81.1754,42.9998
"Forest_Tent_Caterpillar",-81.1754,42.9998
"Forest_Tent_Caterpillar",-78.639811,45.549966
"Forest_Tent_Caterpillar",-78.639811,45.549966
"Forest_Tent_Caterpillar",-97.101953,49.841092
"Forest_Tent_Caterpillar",-75.802736,45.791178
"Forest_Tent_Caterpillar",-75.684175,45.662153
"Forest_Tent_Caterpillar",-75.863067,45.363005
"Forest_Tent_Caterpillar",-69.416364,43.987234
"Forest_Tent_Caterpillar",-78.640047,45.550016
"Forest_Tent_Caterpillar",-78.640218,45.54988
"Forest_Tent_Caterpillar",-98.753342,29.827509
"Forest_Tent_Caterpillar",-70.240772,43.706023
"Forest_Tent_Caterpillar",-72.680597,41.808497
"Forest_Tent_Caterpillar",-80.963249,46.510937
"Forest_Tent_Caterpillar",-71.625525,45.412323
"Forest_Tent_Caterpillar",-79.224245,45.320046
"Forest_Tent_Caterpillar",-70.697372,41.985788
"Forest_Tent_Caterpillar",-82.259839,45.908745
"Forest_Tent_Caterpillar",-71.670025,42.449771
"Forest_Tent_Caterpillar",-79.05168,44.548317
"Forest_Tent_Caterpillar",-78.511769,44.563908
"Forest_Tent_Caterpillar",-72.939527,43.628891
"Forest_Tent_Caterpillar",-92.083713,46.821364
"Forest_Tent_Caterpillar",-72.210479,43.808346
"Forest_Tent_Caterpillar",-81.00996,46.45371
"Forest_Tent_Caterpillar",-101.802287,54.575715
"Forest_Tent_Caterpillar",-81.271521,43.039384
"Forest_Tent_Caterpillar",-80.996696,46.493215
"Forest_Tent_Caterpillar",-72.309423,42.098369
"Forest_Tent_Caterpillar",-78.640444,45.550076
"Forest_Tent_Caterpillar",-78.49412,45.046955
"Forest_Tent_Caterpillar",-78.640444,45.548318
"Forest_Tent_Caterpillar",-93.772875,48.706508
"Forest_Tent_Caterpillar",-75.913739,45.320293
"Forest_Tent_Caterpillar",-73.242559,44.513256
"Forest_Tent_Caterpillar",-76.777124,41.611807
"Forest_Tent_Caterpillar",-73.14611,44.705758
"Forest_Tent_Caterpillar",-85.241196,42.638326
"Forest_Tent_Caterpillar",-72.525511,43.132404
"Forest_Tent_Caterpillar",-80.847872,46.398897
"Forest_Tent_Caterpillar",-72.23334,42.34506
"Forest_Tent_Caterpillar",-72.23334,42.345075
"Forest_Tent_Caterpillar",-72.504837,43.624315
"Forest_Tent_Caterpillar",-72.504837,43.624315
"Forest_Tent_Caterpillar",-84.532518,45.395707
"Forest_Tent_Caterpillar",-79.468886,43.641932
"Forest_Tent_Caterpillar",-76.757523,42.444019
"Forest_Tent_Caterpillar",-80.012825,44.750029
"Forest_Tent_Caterpillar",-71.807867,42.588336
"Forest_Tent_Caterpillar",-75.770483,45.644172
"Forest_Tent_Caterpillar",-78.305469,44.338569
"Forest_Tent_Caterpillar",-85.28672,42.634314
"Forest_Tent_Caterpillar",-82.118775,46.171805
"Forest_Tent_Caterpillar",-70.361205,44.724005
"Forest_Tent_Caterpillar",-76.581517,44.508937
"Forest_Tent_Caterpillar",-70.900467,45.585815
"Forest_Tent_Caterpillar",-92.14776,46.809201
"Forest_Tent_Caterpillar",-89.614659,48.015562
"Forest_Tent_Caterpillar",-72.516892,43.631887
"Forest_Tent_Caterpillar",-78.178211,43.992375
"Forest_Tent_Caterpillar",-78.452869,43.976565
"Forest_Tent_Caterpillar",-76.583148,44.508517
"Forest_Tent_Caterpillar",-77.199217,44.898585
"Forest_Tent_Caterpillar",-77.281472,44.911713
"Forest_Tent_Caterpillar",-83.430507,46.603673
"Forest_Tent_Caterpillar",-76.581168,44.506261
"Forest_Tent_Caterpillar",-73.862778,45.616944
"Forest_Tent_Caterpillar",-71.822716,44.934215
"Forest_Tent_Caterpillar",-73.105636,44.331914
"Forest_Tent_Caterpillar",-79.865458,44.853695
"Forest_Tent_Caterpillar",-76.374901,45.334565
"Forest_Tent_Caterpillar",-71.304145,42.295528
"Forest_Tent_Caterpillar",-114.665288,53.71933
"Forest_Tent_Caterpillar",-74.041161,45.464706
"Forest_Tent_Caterpillar",-81.297001,46.054202
"Forest_Tent_Caterpillar",-76.442157,36.861717
"Forest_Tent_Caterpillar",-72.54524,41.985213
"Forest_Tent_Caterpillar",-84.922315,45.443826
"Forest_Tent_Caterpillar",-79.512039,40.711975
"Forest_Tent_Caterpillar",-94.894762,46.930537
"Forest_Tent_Caterpillar",-76.076425,45.480183
"Forest_Tent_Caterpillar",-74.197502,46.324722
"Forest_Tent_Caterpillar",-82.076436,46.113084
"Forest_Tent_Caterpillar",-76.58049,44.505851
"Forest_Tent_Caterpillar",-96.922295,50.124845
"Forest_Tent_Caterpillar",-76.237472,44.781864
"Forest_Tent_Caterpillar",-85.194175,44.785609
"Forest_Tent_Caterpillar",-84.351538,46.501678
"Forest_Tent_Caterpillar",-85.133142,46.331837
"Forest_Tent_Caterpillar",-75.690225,45.24247
"Forest_Tent_Caterpillar",-73.485787,43.792213
"Forest_Tent_Caterpillar",-79.297753,43.675634
"Forest_Tent_Caterpillar",-82.370693,35.544503
"Forest_Tent_Caterpillar",-84.362748,45.996813
"Forest_Tent_Caterpillar",-122.791039,50.328623
"Forest_Tent_Caterpillar",-89.286482,48.385532
"Forest_Tent_Caterpillar",-73.000464,44.461388
"Forest_Tent_Caterpillar",-72.698319,44.886592
"Forest_Tent_Caterpillar",-83.026961,46.200583
"Forest_Tent_Caterpillar",-83.050597,46.206438
"Forest_Tent_Caterpillar",-83.430541,46.603706
"Forest_Tent_Caterpillar",-83.209244,46.919681
"Forest_Tent_Caterpillar",-81.657219,45.25639
"Forest_Tent_Caterpillar",-121.550331,36.386617
"Forest_Tent_Caterpillar",-83.688614,35.640556
"Forest_Tent_Caterpillar",-80.959642,46.513973
"Forest_Tent_Caterpillar",-80.959084,46.513676
"Forest_Tent_Caterpillar",-97.174888,28.71513
"Forest_Tent_Caterpillar",-97.174448,28.723015
"Forest_Tent_Caterpillar",-81.399357,46.013505
"Forest_Tent_Caterpillar",-97.419045,50.483525
"Forest_Tent_Caterpillar",-76.223792,44.778197
"Forest_Tent_Caterpillar",-95.468025,30.745794
"Forest_Tent_Caterpillar",-78.511713,44.563903
"Forest_Tent_Caterpillar",-75.316895,45.221416
"Forest_Tent_Caterpillar",-75.317177,45.221592
"Forest_Tent_Caterpillar",-75.318466,45.223022
"Forest_Tent_Caterpillar",-84.051933,39.641326
"Forest_Tent_Caterpillar",-73.715213,45.513571
"Forest_Tent_Caterpillar",-78.994922,39.673504
"Forest_Tent_Caterpillar",-96.92153,50.124578
"Forest_Tent_Caterpillar",-83.026848,46.200417
"Forest_Tent_Caterpillar",-77.209161,44.897157
"Forest_Tent_Caterpillar",-78.536326,44.341359
"Forest_Tent_Caterpillar",-71.28,45.779444
"Forest_Tent_Caterpillar",-63.61574,44.630081
"Forest_Tent_Caterpillar",-82.072919,46.224665
"Forest_Tent_Caterpillar",-72.587695,42.300505
"Forest_Tent_Caterpillar",-71.745546,44.709306
"Forest_Tent_Caterpillar",-110.73825,43.699662
"Forest_Tent_Caterpillar",-71.131523,43.934045
"Forest_Tent_Caterpillar",-80.218569,45.346532
"Forest_Tent_Caterpillar",-106.637115,52.135113
"Forest_Tent_Caterpillar",-66.64167,45.947224
"Forest_Tent_Caterpillar",-71.509484,41.410167
"Forest_Tent_Caterpillar",-72.677895,44.657995
"Forest_Tent_Caterpillar",-76.397562,42.694683
"Forest_Tent_Caterpillar",-85.46358,42.485013
"Forest_Tent_Caterpillar",-83.246334,35.519629
"Forest_Tent_Caterpillar",-77.36834,44.539828
"Forest_Tent_Caterpillar",-80.366313,43.382227
"Forest_Tent_Caterpillar",-71.093086,42.306838
"Forest_Tent_Caterpillar",-72.526823,44.307676
"Forest_Tent_Caterpillar",-71.149894,42.410515
"Forest_Tent_Caterpillar",-70.992222,45.854444
"Forest_Tent_Caterpillar",-71.878478,45.395378
"Forest_Tent_Caterpillar",-83.969614,30.511475
"Forest_Tent_Caterpillar",-76.224232,44.77836
"Forest_Tent_Caterpillar",-80.880982,33.519577
"Forest_Tent_Caterpillar",-79.013017,44.640992
"Forest_Tent_Caterpillar",-90.88041,48.168557
"Forest_Tent_Caterpillar",-75.3852,41.1545
"Forest_Tent_Caterpillar",-123.182795,44.024903
"Forest_Tent_Caterpillar",-84.793416,45.493009
"Forest_Tent_Caterpillar",-71.326932,42.410822
"Forest_Tent_Caterpillar",-76.81095,45.034692
"Forest_Tent_Caterpillar",-73.10878,44.49201
"Forest_Tent_Caterpillar",-73.092208,43.988363
"Forest_Tent_Caterpillar",-80.881165,33.519486
"Forest_Tent_Caterpillar",-79.639192,47.453072
"Forest_Tent_Caterpillar",-114.015237,50.96534
"Forest_Tent_Caterpillar",-77.873241,45.054866
"Forest_Tent_Caterpillar",-106.576309,52.103071
"Forest_Tent_Caterpillar",-82.738718,46.334798
"Forest_Tent_Caterpillar",-72.378376,43.501869
"Forest_Tent_Caterpillar",-78.304718,35.371299
"Forest_Tent_Caterpillar",-73.876382,42.735176
"Forest_Tent_Caterpillar",-79.998024,44.846766
"Forest_Tent_Caterpillar",-122.489039,48.730656
"Forest_Tent_Caterpillar",-95.135951,49.740159
"Forest_Tent_Caterpillar",-74.081172,45.62284
"Forest_Tent_Caterpillar",-72.181013,44.988517
"Forest_Tent_Caterpillar",-122.52008,47.584317
"Forest_Tent_Caterpillar",-78.708702,41.162525
"Forest_Tent_Caterpillar",-78.864909,33.704989
"Forest_Tent_Caterpillar",-78.86422,33.705304
"Forest_Tent_Caterpillar",-77.307996,44.473916
"Forest_Tent_Caterpillar",-73.555745,45.555853
"Forest_Tent_Caterpillar",-75.291803,41.378387
"Forest_Tent_Caterpillar",-74.195274,46.325279
"Forest_Tent_Caterpillar",-76.019925,44.492869
"Forest_Tent_Caterpillar",-78.536054,44.341142
"Forest_Tent_Caterpillar",-76.561787,42.396474
"Forest_Tent_Caterpillar",-72.819244,44.194253
"Forest_Tent_Caterpillar",-75.770854,45.305854
"Forest_Tent_Caterpillar",-78.132355,44.571962
"Forest_Tent_Caterpillar",-74.130845,42.199804
"Forest_Tent_Caterpillar",-122.489008,48.7306
"Forest_Tent_Caterpillar",-84.009163,46.539162
"Forest_Tent_Caterpillar",-73.55726,45.560523
"Forest_Tent_Caterpillar",-70.906771,42.471276
"Forest_Tent_Caterpillar",-94.82982,47.53474
"Forest_Tent_Caterpillar",-71.114185,42.213536
"Forest_Tent_Caterpillar",-74.636054,46.132031
"Forest_Tent_Caterpillar",-73.263911,45.291832
"Forest_Tent_Caterpillar",-72.521287,43.629947
"Forest_Tent_Caterpillar",-76.495095,44.765045
"Forest_Tent_Caterpillar",-75.863067,45.363005
"Forest_Tent_Caterpillar",-93.899641,46.683231
"Forest_Tent_Caterpillar",-74.404499,45.676447
"Forest_Tent_Caterpillar",-74.138139,45.446924
"Forest_Tent_Caterpillar",-73.03788,44.184028
"Forest_Tent_Caterpillar",-122.81612,38.352461
"Forest_Tent_Caterpillar",-73.956439,45.404596
"Forest_Tent_Caterpillar",-78.724702,44.891234
"Forest_Tent_Caterpillar",-75.702985,45.277598
"Forest_Tent_Caterpillar",-75.353139,38.386794
"Forest_Tent_Caterpillar",-74.641388,46.134445
"Forest_Tent_Caterpillar",-73.559666,45.556931
"Forest_Tent_Caterpillar",-73.053519,44.462312
"Forest_Tent_Caterpillar",-80.682922,41.066999
"Forest_Tent_Caterpillar",-76.79409,42.481086
"Forest_Tent_Caterpillar",-71.142608,42.372455
"Forest_Tent_Caterpillar",-79.577402,44.124444
"Forest_Tent_Caterpillar",-76.227042,44.780247
"Forest_Tent_Caterpillar",-76.455765,42.46767
"Forest_Tent_Caterpillar",-73.550957,45.550396
"Forest_Tent_Caterpillar",-73.556869,45.559994
"Forest_Tent_Caterpillar",-71.406653,41.783638
"Forest_Tent_Caterpillar",-73.716856,45.514688
"Forest_Tent_Caterpillar",-77.313143,44.476199
"Forest_Tent_Caterpillar",-122.816598,38.409352
"Forest_Tent_Caterpillar",-68.704125,44.398258
"Forest_Tent_Caterpillar",-72.403884,41.712377
"Forest_Tent_Caterpillar",-75.723021,44.946887
"Forest_Tent_Caterpillar",-123.407188,39.037407
"Forest_Tent_Caterpillar",-65.032928,44.909428
"Forest_Tent_Caterpillar",-77.314214,44.479251
"Forest_Tent_Caterpillar",-82.076194,39.54823
"Forest_Tent_Caterpillar",-65.033189,44.909253
"Forest_Tent_Caterpillar",-76.030923,44.888353
"Forest_Tent_Caterpillar",-85.96446,32.676227
"Forest_Tent_Caterpillar",-72.29178,45.180183
"Forest_Tent_Caterpillar",-72.063439,41.72712
"Forest_Tent_Caterpillar",-86.457675,32.559218
"Forest_Tent_Caterpillar",-79.240967,34.3055
"Forest_Tent_Caterpillar",-72.475495,42.673163
"Forest_Tent_Caterpillar",-75.651716,45.446102
"Forest_Tent_Caterpillar",-75.410764,38.741177
"Forest_Tent_Caterpillar",-122.816715,38.46617
"Forest_Tent_Caterpillar",-75.96467,37.136836
"Forest_Tent_Caterpillar",-97.496061,30.08606
"Forest_Tent_Caterpillar",-122.455742,38.284034
"Forest_Tent_Caterpillar",-75.498552,38.192349
"Forest_Tent_Caterpillar",-96.952633,30.304348
"Forest_Tent_Caterpillar",-122.890272,38.473524
"Forest_Tent_Caterpillar",-96.708045,30.525955
"Forest_Tent_Caterpillar",-86.117691,39.856523
"Forest_Tent_Caterpillar",-76.54667,36.645308
"Forest_Tent_Caterpillar",-123.913422,40.309353
"Forest_Tent_Caterpillar",-82.238731,29.668642
"Forest_Tent_Caterpillar",-84.949853,30.569131
"Forest_Tent_Caterpillar",-94.738418,32.55558
"Forest_Tent_Caterpillar",-78.38945,35.836997
"Forest_Tent_Caterpillar",-97.324778,30.113294
"Forest_Tent_Caterpillar",-97.453135,30.231997
"Forest_Tent_Caterpillar",-95.692674,32.505583
"Forest_Tent_Caterpillar",-122.457071,38.278383
"Forest_Tent_Caterpillar",-95.687106,32.515694
"Forest_Tent_Caterpillar",-82.161719,39.440319
"Forest_Tent_Caterpillar",-85.473883,32.035081
"Forest_Tent_Caterpillar",-99.799207,30.446827
"Forest_Tent_Caterpillar",-99.77765,30.508606
"Forest_Tent_Caterpillar",-99.777889,30.508535
"Forest_Tent_Caterpillar",-80.832444,35.008003
"Forest_Tent_Caterpillar",-113.875351,49.108939
"Forest_Tent_Caterpillar",-76.299202,36.598091
"Forest_Tent_Caterpillar",-95.419511,29.042716
"Forest_Tent_Caterpillar",-95.419511,29.042716
"Forest_Tent_Caterpillar",-78.193994,34.461304
"Forest_Tent_Caterpillar",-82.052794,29.214028
"Forest_Tent_Caterpillar",-122.816699,38.466446
"Forest_Tent_Caterpillar",-122.864404,38.51653
"Forest_Tent_Caterpillar",-77.824831,34.213931
"Forest_Tent_Caterpillar",-97.547324,30.350541
"Forest_Tent_Caterpillar",-97.112367,32.72977
"Forest_Tent_Caterpillar",-85.283133,33.100372
"Forest_Tent_Caterpillar",-84.40223,33.775212
"Forest_Tent_Caterpillar",-96.880868,32.844006
"Forest_Tent_Caterpillar",-80.569771,35.411816
"Forest_Tent_Caterpillar",-95.599426,29.372866
"Forest_Tent_Caterpillar",-93.045057,30.025345
"Forest_Tent_Caterpillar",-95.548964,30.713695
"Forest_Tent_Caterpillar",-97.516071,30.3166
"Forest_Tent_Caterpillar",-113.84,49.11
"Forest_Tent_Caterpillar",-113.81,49.1
"Forest_Tent_Caterpillar",-113.88,49.07
"Forest_Tent_Caterpillar",-113.84,49.11
"Forest_Tent_Caterpillar",-113.88,49.07
"Forest_Tent_Caterpillar",-113.88,49.07
"Forest_Tent_Caterpillar",-106.07,53.85
"Forest_Tent_Caterpillar",-60.76,46.81
"Forest_Tent_Caterpillar",-113.88,49.07
"Forest_Tent_Caterpillar",-113.88,49.07
"Forest_Tent_Caterpillar",-79.87,44.85
"Forest_Tent_Caterpillar",-106.07,53.85
"Forest_Tent_Caterpillar",-113.88,49.07
"Forest_Tent_Caterpillar",-113.88,49.07
"Forest_Tent_Caterpillar",-113.88,49.07
"Forest_Tent_Caterpillar",-113.87,49.08
"Forest_Tent_Caterpillar",-106.07,53.85
"Forest_Tent_Caterpillar",-60.76,46.81
"Forest_Tent_Caterpillar",-113.88,49.07
"Forest_Tent_Caterpillar",-118.15,50.99
"Forest_Tent_Caterpillar",-113.91,49.04
"Forest_Tent_Caterpillar",-118.15,50.99
"Forest_Tent_Caterpillar",-106.07,53.85
"Forest_Tent_Caterpillar",-99.89,50.67
"Forest_Tent_Caterpillar",-106.07,53.85
"Forest_Tent_Caterpillar",-106.07,53.85
"Forest_Tent_Caterpillar",-106.07,53.85
"Forest_Tent_Caterpillar",-106.07,53.85
"Forest_Tent_Caterpillar",-60.76,46.81
"Forest_Tent_Caterpillar",-113.91,49.04
"Forest_Tent_Caterpillar",-79.87,44.85
"Forest_Tent_Caterpillar",-106.07,53.85
"Forest_Tent_Caterpillar",-79.87,44.85
"Forest_Tent_Caterpillar",-106.07,53.85
"Forest_Tent_Caterpillar",-113.88,49.07
"Forest_Tent_Caterpillar",-79.87,44.85
"Forest_Tent_Caterpillar",-113.88,49.07
"Forest_Tent_Caterpillar",-113.88,49.07
"Forest_Tent_Caterpillar",-106.07,53.85
"Forest_Tent_Caterpillar",-113.88,49.07
"Forest_Tent_Caterpillar",-113.88,49.07
"Forest_Tent_Caterpillar",-79.87,44.85
"Forest_Tent_Caterpillar",-79.87,44.85
"Forest_Tent_Caterpillar",-106.07,53.85
"Forest_Tent_Caterpillar",-79.87,44.85
"Forest_Tent_Caterpillar",-113.88,49.07
"Forest_Tent_Caterpillar",-60.61,46.82
"Forest_Tent_Caterpillar",-79.87,44.85
"Forest_Tent_Caterpillar",-116.05,50.62
"Forest_Tent_Caterpillar",-106.07,53.85
"Forest_Tent_Caterpillar",-106.07,53.85
"Forest_Tent_Caterpillar",-118.15,50.99
"Forest_Tent_Caterpillar",-117.92,51.08
"Forest_Tent_Caterpillar",-80.13,43.53
"Forest_Tent_Caterpillar",-80.36,43.37
"Forest_Tent_Caterpillar",-67.06,45.08
"Forest_Tent_Caterpillar",-77,44.53
"Forest_Tent_Caterpillar",-80.13,43.53
"Forest_Tent_Caterpillar",-66.63,45.91
"Forest_Tent_Caterpillar",-80.13,43.53
"Forest_Tent_Caterpillar",-77,44.53
"Forest_Tent_Caterpillar",-77,44.53
"Forest_Tent_Caterpillar",-77,44.53
"Forest_Tent_Caterpillar",-80.13,43.53
"Forest_Tent_Caterpillar",-118.2,51.02
"Forest_Tent_Caterpillar",-80.13,43.53
"Forest_Tent_Caterpillar",-80.36,43.37
"Forest_Tent_Caterpillar",-77,44.53
"Forest_Tent_Caterpillar",-122.2,52.58
"Forest_Tent_Caterpillar",-118.2,51.02
"Forest_Tent_Caterpillar",-118.2,51.02
"Forest_Tent_Caterpillar",-80.36,43.37
"Forest_Tent_Caterpillar",-80.13,43.53
"Forest_Tent_Caterpillar",-122.4,51.97
"Forest_Tent_Caterpillar",-77,44.53
"Forest_Tent_Caterpillar",-80.13,43.53
"Forest_Tent_Caterpillar",-80.35,43.37
"Forest_Tent_Caterpillar",-66.63,45.91
"Forest_Tent_Caterpillar",-77,44.53
"Forest_Tent_Caterpillar",-77,44.53
"Forest_Tent_Caterpillar",-122.2,52.58
"Forest_Tent_Caterpillar",-77,44.53
"Forest_Tent_Caterpillar",-67.06,45.08
"Forest_Tent_Caterpillar",-77,44.53
"Forest_Tent_Caterpillar",-80.13,43.53
"Forest_Tent_Caterpillar",-122.28,51.92
"Forest_Tent_Caterpillar",-77,44.53
"Forest_Tent_Caterpillar",-80.36,43.37
"Forest_Tent_Caterpillar",-80.13,43.53
"Forest_Tent_Caterpillar",-77,44.53
"Forest_Tent_Caterpillar",-80.35,43.37
"Forest_Tent_Caterpillar",-80.36,43.37
"Forest_Tent_Caterpillar",-118.2,51.02
"Forest_Tent_Caterpillar",-80.36,43.37
"Forest_Tent_Caterpillar",-66.18,46
"Forest_Tent_Caterpillar",-67.06,45.08
"Forest_Tent_Caterpillar",-122.4,51.95
"Forest_Tent_Caterpillar",-66.63,45.91
"Forest_Tent_Caterpillar",-77,44.53
"Forest_Tent_Caterpillar",-66.18,46
"Forest_Tent_Caterpillar",-77,44.53
"Forest_Tent_Caterpillar",-66.63,45.91
"Forest_Tent_Caterpillar",-122.2,52.58
"Forest_Tent_Caterpillar",-122.2,52.58
"Forest_Tent_Caterpillar",-117.47,51.41
"Forest_Tent_Caterpillar",-66.63,45.91
"Forest_Tent_Caterpillar",-97.757031,30.455549
"Forest_Tent_Caterpillar",-96.615149,32.702447
"Forest_Tent_Caterpillar",-96.748733,32.689005
"Forest_Tent_Caterpillar",-97.734059,30.445276
"Forest_Tent_Caterpillar",-96.960039,32.634853
"Forest_Tent_Caterpillar",-79.546013,33.149181
"Forest_Tent_Caterpillar",-97.629794,30.529642
"Forest_Tent_Caterpillar",-96.671448,33.057019
"Forest_Tent_Caterpillar",-85.354928,33.934083
"Forest_Tent_Caterpillar",-97.489502,32.8496
"Forest_Tent_Caterpillar",-97.581773,30.245466
"Forest_Tent_Caterpillar",-96.752525,32.732693
"Forest_Tent_Caterpillar",-96.636407,32.650373
"Forest_Tent_Caterpillar",-83.389724,34.734803
"Forest_Tent_Caterpillar",-96.696669,30.050335
"Forest_Tent_Caterpillar",-96.675339,32.681304
"Forest_Tent_Caterpillar",-97.758536,30.417972
"Forest_Tent_Caterpillar",-95.158075,30.393003
"Forest_Tent_Caterpillar",-97.773444,30.272419
"Forest_Tent_Caterpillar",-97.215048,27.853686
"Forest_Tent_Caterpillar",-95.582213,29.378012
"Forest_Tent_Caterpillar",-96.72314,32.730124
"Forest_Tent_Caterpillar",-97.775617,30.271774
"Forest_Tent_Caterpillar",-97.519079,30.356961
"Forest_Tent_Caterpillar",-97.489983,30.21125
"Forest_Tent_Caterpillar",-96.963433,33.061568
"Forest_Tent_Caterpillar",-78.846227,35.056417
"Forest_Tent_Caterpillar",-81.091042,33.986763
"Forest_Tent_Caterpillar",-95.419511,29.042716
"Forest_Tent_Caterpillar",-84.751923,34.892614
"Forest_Tent_Caterpillar",-96.645242,32.87187
"Forest_Tent_Caterpillar",-97.114678,32.72903
"Forest_Tent_Caterpillar",-90.096152,30.001253
"Forest_Tent_Caterpillar",-97.252828,32.928936
"Forest_Tent_Caterpillar",-95.419511,29.042716
"Forest_Tent_Caterpillar",-95.623375,29.366508
"Forest_Tent_Caterpillar",-95.457918,32.620348
"Forest_Tent_Caterpillar",-77.044939,35.109222
"Forest_Tent_Caterpillar",-95.607906,29.376508
"Forest_Tent_Caterpillar",-77.679436,34.359401
"Forest_Tent_Caterpillar",-95.104721,29.514999
"Forest_Tent_Caterpillar",-72.807879,40.87371
"Forest_Tent_Caterpillar",-95.546889,29.492602
"Forest_Tent_Caterpillar",-83.395278,34.740556
"Forest_Tent_Caterpillar",-83.388889,34.865
"Forest_Tent_Caterpillar",-83.388889,34.865
"Forest_Tent_Caterpillar",-83.388889,34.865
"Forest_Tent_Caterpillar",-83.388889,34.865
"Forest_Tent_Caterpillar",-83.388889,34.865
"Forest_Tent_Caterpillar",-87.375556,34.795556
"Forest_Tent_Caterpillar",-87.503889,34.517778
"Forest_Tent_Caterpillar",-87.503889,34.517778
"Forest_Tent_Caterpillar",-95.419511,29.042716
"Forest_Tent_Caterpillar",-122.5737,37.957436
"Forest_Tent_Caterpillar",-97.677217,30.50975
"Forest_Tent_Caterpillar",-98.633767,29.674349
"Forest_Tent_Caterpillar",-96.873186,33.020026
"Forest_Tent_Caterpillar",-98.23595,32.227687
"Forest_Tent_Caterpillar",-97.677283,30.509663
"Forest_Tent_Caterpillar",-97.719637,30.23702
"Forest_Tent_Caterpillar",-97.175652,28.723771
"Forest_Tent_Caterpillar",-97.11186,32.728437
"Forest_Tent_Caterpillar",-97.700511,30.247547
"Forest_Tent_Caterpillar",-81.223488,32.335598
"Forest_Tent_Caterpillar",-96.786382,32.80306
"Forest_Tent_Caterpillar",-96.240975,30.6213
"Forest_Tent_Caterpillar",-97.584755,29.58737
"Forest_Tent_Caterpillar",-97.586517,29.594009
"Forest_Tent_Caterpillar",-97.27697,32.875593
"Forest_Tent_Caterpillar",-97.907721,30.797003
"Forest_Tent_Caterpillar",-95.607987,29.96662
"Forest_Tent_Caterpillar",-95.54684,29.492579
"Forest_Tent_Caterpillar",-96.010203,28.981125
"Forest_Tent_Caterpillar",-80.200798,32.792483
"Forest_Tent_Caterpillar",-98.581229,30.238317
"Forest_Tent_Caterpillar",-91.10595,30.371478
"Forest_Tent_Caterpillar",-95.306329,31.805497
"Forest_Tent_Caterpillar",-97.161389,31.528889
"Forest_Tent_Caterpillar",-79.17348,40.12257
"Forest_Tent_Caterpillar",-97.363427,32.742233
"Forest_Tent_Caterpillar",-95.729675,29.585447
"Forest_Tent_Caterpillar",-97.322333,30.332408
"Forest_Tent_Caterpillar",-97.679055,30.319921
"Forest_Tent_Caterpillar",-94.525742,30.259741
"Forest_Tent_Caterpillar",-95.605975,29.76175
"Forest_Tent_Caterpillar",-96.700699,29.838904
"Forest_Tent_Caterpillar",-97.700218,30.272406
"Forest_Tent_Caterpillar",-94.301601,35.325647
"Forest_Tent_Caterpillar",-96.292791,30.64143
"Forest_Tent_Caterpillar",-85.929817,30.7119
"Forest_Tent_Caterpillar",-95.623868,29.36932
"Forest_Tent_Caterpillar",-97.715947,30.193092
"Forest_Tent_Caterpillar",-98.471847,29.462555
"Forest_Tent_Caterpillar",-94.647308,31.623558
"Forest_Tent_Caterpillar",-97.653642,30.232033
"Forest_Tent_Caterpillar",-95.09018,29.751658
"Forest_Tent_Caterpillar",-97.723137,30.243679
"Forest_Tent_Caterpillar",-97.02578,30.38361
"Forest_Tent_Caterpillar",-72.253,41.807
"Forest_Tent_Caterpillar",-97.10093,28.473881
"Forest_Tent_Caterpillar",-104.838271,38.72757
"Forest_Tent_Caterpillar",-95.004906,29.860764
"Forest_Tent_Caterpillar",-96.011249,32.241547
"Forest_Tent_Caterpillar",-94.937858,29.777222
"Forest_Tent_Caterpillar",-96.011205,32.241704
"Forest_Tent_Caterpillar",-97.943044,29.888789
"Forest_Tent_Caterpillar",-89.46612,48.06696
"Forest_Tent_Caterpillar",-95.298677,30.027293
"Forest_Tent_Caterpillar",-92.337007,30.400231
"Forest_Tent_Caterpillar",-75.863067,45.363005
"Forest_Tent_Caterpillar",-75.863067,45.363005
"Forest_Tent_Caterpillar",-75.863067,45.363005
"Forest_Tent_Caterpillar",-75.863067,45.363005
"Forest_Tent_Caterpillar",-75.863067,45.363005
"Forest_Tent_Caterpillar",-75.863067,45.363005
"Forest_Tent_Caterpillar",-75.863067,45.363005
"Forest_Tent_Caterpillar",-75.863067,45.363005
"Forest_Tent_Caterpillar",-75.863067,45.363005
"Forest_Tent_Caterpillar",-75.863067,45.363005
"Forest_Tent_Caterpillar",-75.863067,45.363005
"Forest_Tent_Caterpillar",-75.863067,45.363005
"Forest_Tent_Caterpillar",-75.863067,45.363005
"Forest_Tent_Caterpillar",-75.863067,45.363005
"Forest_Tent_Caterpillar",-95.60046,29.966937
"Forest_Tent_Caterpillar",-95.548615,30.714722
"Forest_Tent_Caterpillar",-95.6147,29.383584
"Forest_Tent_Caterpillar",-97.864955,30.242767
"Forest_Tent_Caterpillar",-76.096143,44.902587
"Forest_Tent_Caterpillar",-76.096014,44.90277
"Forest_Tent_Caterpillar",-95.595651,29.375334
"Forest_Tent_Caterpillar",-97.715794,30.427566
"Forest_Tent_Caterpillar",-95.623866,29.78654
"Forest_Tent_Caterpillar",-97.775717,30.179337
"Forest_Tent_Caterpillar",-76.512464,44.750033
"Forest_Tent_Caterpillar",-77.454851,37.529381
"Forest_Tent_Caterpillar",-77.451771,37.530346
"Forest_Tent_Caterpillar",-97.983631,29.573175
"Forest_Tent_Caterpillar",-82.449169,28.105196
"Forest_Tent_Caterpillar",-94.172522,30.254739
"Forest_Tent_Caterpillar",-75.295779,42.350036
"Forest_Tent_Caterpillar",-75.288875,42.352562
"Forest_Tent_Caterpillar",-75.295768,42.35004
"Forest_Tent_Caterpillar",-60.03067,46.035109
"Forest_Tent_Caterpillar",-76.095499,44.902374
"Forest_Tent_Caterpillar",-76.09522,44.902678
"Forest_Tent_Caterpillar",-76.09522,44.902678
"Forest_Tent_Caterpillar",-61.375122,46.20431
"Forest_Tent_Caterpillar",-81.180358,35.817422
"Forest_Tent_Caterpillar",-76.52647,44.566502
"Forest_Tent_Caterpillar",-79.329085,44.779298
"Forest_Tent_Caterpillar",-70.160544,41.723108
"Forest_Tent_Caterpillar",-78.290219,44.356896
"Forest_Tent_Caterpillar",-82.455605,29.72003
"Forest_Tent_Caterpillar",-80.616281,35.362175
"Forest_Tent_Caterpillar",-96.15509,30.325916
"Forest_Tent_Caterpillar",-72.599706,44.746581
"Forest_Tent_Caterpillar",-96.54258,50.413697
"Forest_Tent_Caterpillar",-94.566262,32.272143
"Forest_Tent_Caterpillar",-79.445619,46.3302
"Forest_Tent_Caterpillar",-82.666197,27.842478
"Forest_Tent_Caterpillar",-74.560089,40.349937
"Forest_Tent_Caterpillar",-76.095606,44.902709
"Forest_Tent_Caterpillar",-80.492722,35.462453
"Forest_Tent_Caterpillar",-80.576335,42.633398
"Forest_Tent_Caterpillar",-114.5,53.01
"Forest_Tent_Caterpillar",-114.5,53.01
"Forest_Tent_Caterpillar",-114.5,53.01
"Forest_Tent_Caterpillar",-114.5,53.01
"Forest_Tent_Caterpillar",-114.5,53.01
"Forest_Tent_Caterpillar",-114.5,53.01
"Forest_Tent_Caterpillar",-113.13,50.752
"Forest_Tent_Caterpillar",-114.5,53.01
"Forest_Tent_Caterpillar",-114.5,53.01
"Forest_Tent_Caterpillar",-114.5,53.01
"Forest_Tent_Caterpillar",-114.5,53.01
"Forest_Tent_Caterpillar",-113.13,50.752
"Forest_Tent_Caterpillar",-114.5,53.01
"Forest_Tent_Caterpillar",-112.746,51.959
"Forest_Tent_Caterpillar",-114.5,53.01
"Forest_Tent_Caterpillar",-114.5,53.01
"Forest_Tent_Caterpillar",-114.74,52.75
"Forest_Tent_Caterpillar",-112.205,52.487
"Forest_Tent_Caterpillar",-114.74,52.75
"Forest_Tent_Caterpillar",-112.696,52.494
"Forest_Tent_Caterpillar",-114.744,52.749
"Forest_Tent_Caterpillar",-114.5,53.01
"Forest_Tent_Caterpillar",-112.88,52.46
"Forest_Tent_Caterpillar",-112.712,52.154
"Forest_Tent_Caterpillar",-112.7,52.53
"Forest_Tent_Caterpillar",-114.5,53.01
"Forest_Tent_Caterpillar",-112.883,52.322
"Forest_Tent_Caterpillar",-112.88,52.46
"Forest_Tent_Caterpillar",-112.883,52.322
"Forest_Tent_Caterpillar",-113.05,52.31
"Forest_Tent_Caterpillar",-113.05,52.31
"Forest_Tent_Caterpillar",-114.74,52.75
"Forest_Tent_Caterpillar",-112.88,52.46
"Forest_Tent_Caterpillar",-112.965,51.939
"Forest_Tent_Caterpillar",-112.746,51.959
"Forest_Tent_Caterpillar",-114.744,52.749
"Forest_Tent_Caterpillar",-114.744,52.749
"Forest_Tent_Caterpillar",-112.702,52.499
"Forest_Tent_Caterpillar",-112.88,52.46
"Forest_Tent_Caterpillar",-112.883,52.322
"Forest_Tent_Caterpillar",-113.05,52.31
"Forest_Tent_Caterpillar",-112.97,51.93
"Forest_Tent_Caterpillar",-114.5,53.01
"Forest_Tent_Caterpillar",-112.22,52.49
"Forest_Tent_Caterpillar",-112.88,52.46
"Forest_Tent_Caterpillar",-113.05,52.31
"Forest_Tent_Caterpillar",-114.5,53.01
"Forest_Tent_Caterpillar",-114.5,53.01
"Forest_Tent_Caterpillar",-114.5,53.01
"Forest_Tent_Caterpillar",-114.5,53.01
"Forest_Tent_Caterpillar",-112.88,52.46
"Forest_Tent_Caterpillar",-114.5,53.01
"Forest_Tent_Caterpillar",-112.883,52.322
"Forest_Tent_Caterpillar",-114.5,53.01
"Forest_Tent_Caterpillar",-112.88,52.46
"Forest_Tent_Caterpillar",-114.5,53.01
"Forest_Tent_Caterpillar",-113.7,51.97
"Forest_Tent_Caterpillar",-112.83,52.23
"Forest_Tent_Caterpillar",-114.5,53.01
"Forest_Tent_Caterpillar",-114.5,53.01
"Forest_Tent_Caterpillar",-112.883,52.322
"Forest_Tent_Caterpillar",-112.883,52.322
"Forest_Tent_Caterpillar",-112.883,52.322
"Forest_Tent_Caterpillar",-112.883,52.322
"Forest_Tent_Caterpillar",-112.945,52.025
"Forest_Tent_Caterpillar",-112.883,52.322
"Forest_Tent_Caterpillar",-114.5,53.01
"Forest_Tent_Caterpillar",-114.5,53.01
"Forest_Tent_Caterpillar",-79.41722,43.67073
"Forest_Tent_Caterpillar",-60.016334,46.034762
"Forest_Tent_Caterpillar",-79.769368,43.689466
"Forest_Tent_Caterpillar",-95.325606,32.370101
"Forest_Tent_Caterpillar",-97.396381,27.800583
"Forest_Tent_Caterpillar",-95.32798,49.83693
"Forest_Tent_Caterpillar",-75.813277,45.505305
"Forest_Tent_Caterpillar",-96.70386,32.701701
"Forest_Tent_Caterpillar",-80.59474,41.883152
"Forest_Tent_Caterpillar",-79.360267,44.913791
"Forest_Tent_Caterpillar",-79.76939,43.689474
"Forest_Tent_Caterpillar",-95.211821,49.74603
"Forest_Tent_Caterpillar",-61.37562,46.206144
"Forest_Tent_Caterpillar",-61.37562,46.206144
"Forest_Tent_Caterpillar",-99.491722,50.226789
"Forest_Tent_Caterpillar",-82.2389,29.668303
"Forest_Tent_Caterpillar",-86.432383,35.868743
"Forest_Tent_Caterpillar",-79.897299,43.274143
"Forest_Tent_Caterpillar",-74.086809,41.747593
"Forest_Tent_Caterpillar",-62.730858,46.211036
"Forest_Tent_Caterpillar",-76.317503,42.457898
"Forest_Tent_Caterpillar",-79.17712,40.1241
"Forest_Tent_Caterpillar",-96.121738,46.799219
"Forest_Tent_Caterpillar",-63.261888,45.373337
"Forest_Tent_Caterpillar",-83.929505,35.358507
"Forest_Tent_Caterpillar",-73.070483,40.926751
"Forest_Tent_Caterpillar",-76.512,42.409
"Forest_Tent_Caterpillar",-89.50992,48.05015
"Forest_Tent_Caterpillar",-93.184919,33.347662
"Forest_Tent_Caterpillar",-72.531952,42.99173
"Forest_Tent_Caterpillar",-74.718717,40.441349
"Forest_Tent_Caterpillar",-75.85918,45.491062
"Forest_Tent_Caterpillar",-75.862184,45.492077
"Forest_Tent_Caterpillar",-75.862018,45.49204
"Forest_Tent_Caterpillar",-78.105763,34.411086
"Forest_Tent_Caterpillar",-72.584315,44.393288
"Forest_Tent_Caterpillar",-85.600181,42.290047
"Forest_Tent_Caterpillar",-78.364189,45.634575
"Forest_Tent_Caterpillar",-115.154148,44.146916
"Forest_Tent_Caterpillar",-76.454633,42.361192
"Forest_Tent_Caterpillar",-76.556642,42.398045
"Forest_Tent_Caterpillar",-76.556642,42.398045
"Forest_Tent_Caterpillar",-70.982525,43.691604
"Forest_Tent_Caterpillar",-96.685648,32.972373
"Forest_Tent_Caterpillar",-97.100797,32.754007
"Forest_Tent_Caterpillar",-97.361642,32.71005
"Forest_Tent_Caterpillar",-122.603,49.212
"Forest_Tent_Caterpillar",-122.988,49.239
"Forest_Tent_Caterpillar",-122.603,49.212
"Forest_Tent_Caterpillar",-123.068,49.32
"Forest_Tent_Caterpillar",-119.272,50.267
"Forest_Tent_Caterpillar",-122.603,49.212
"Forest_Tent_Caterpillar",-122.603,49.212
"Forest_Tent_Caterpillar",-122.603,49.212
"Forest_Tent_Caterpillar",-119.197,50.448
"Forest_Tent_Caterpillar",-122.603,49.212
"Forest_Tent_Caterpillar",-122.603,49.212
"Forest_Tent_Caterpillar",-122.603,49.212
"Forest_Tent_Caterpillar",-123.137,49.251
"Forest_Tent_Caterpillar",-122.603,49.212
"Forest_Tent_Caterpillar",-123.366,48.428
"Forest_Tent_Caterpillar",-122.603,49.212
"Forest_Tent_Caterpillar",-122.603,49.212
"Forest_Tent_Caterpillar",-123.366,48.428
"Forest_Tent_Caterpillar",-122.603,49.212
"Forest_Tent_Caterpillar",-122.603,49.212
"Forest_Tent_Caterpillar",-123.366,48.428
"Forest_Tent_Caterpillar",-122.603,49.212
"Forest_Tent_Caterpillar",-123.366,48.428
"Forest_Tent_Caterpillar",-123.366,48.428
"Forest_Tent_Caterpillar",-122.603,49.212
"Forest_Tent_Caterpillar",-122.603,49.212
"Forest_Tent_Caterpillar",-122.603,49.212
"Forest_Tent_Caterpillar",-123.366,48.428
"Forest_Tent_Caterpillar",-120.327,50.675
"Forest_Tent_Caterpillar",-123.137,49.251
"Forest_Tent_Caterpillar",-119.284,50.7
"Forest_Tent_Caterpillar",-123.366,48.428
"Forest_Tent_Caterpillar",-123.137,49.251
"Forest_Tent_Caterpillar",-122.603,49.212
"Forest_Tent_Caterpillar",-119.284,50.7
"Forest_Tent_Caterpillar",-122.603,49.212
"Forest_Tent_Caterpillar",-122.603,49.212
"Forest_Tent_Caterpillar",-124.044,49.214
"Forest_Tent_Caterpillar",-123.253,49.265
"Forest_Tent_Caterpillar",-122.603,49.212
"Forest_Tent_Caterpillar",-119.197,50.448
"Forest_Tent_Caterpillar",-123.137,49.251
"Forest_Tent_Caterpillar",-123.366,48.428
"Forest_Tent_Caterpillar",-124.044,49.214
"Forest_Tent_Caterpillar",-123.137,49.251
"Forest_Tent_Caterpillar",-71.444466,43.722123
"Forest_Tent_Caterpillar",-80.81965,33.822062
"Forest_Tent_Caterpillar",-82.5125,41.95833
"Forest_Tent_Caterpillar",-73.144814,41.41042
"Forest_Tent_Caterpillar",-97.375038,32.774697
"Forest_Tent_Caterpillar",-84.963484,46.765019
"Forest_Tent_Caterpillar",-76.983946,44.962282
"Forest_Tent_Caterpillar",-71.818425,44.527834
"Forest_Tent_Caterpillar",-89.144915,45.435343
"Forest_Tent_Caterpillar",-76.454445,42.361111
"Forest_Tent_Caterpillar",-79.267076,45.220191
"Forest_Tent_Caterpillar",-76.232814,44.781147
"Forest_Tent_Caterpillar",-113.926442,46.905681
"Forest_Tent_Caterpillar",-113.926442,46.905681
"Forest_Tent_Caterpillar",-122.358532,41.335647
"Forest_Tent_Caterpillar",-122.358437,41.33595
"Forest_Tent_Caterpillar",-71.437877,43.720195
"Forest_Tent_Caterpillar",-73.144517,44.706221
"Forest_Tent_Caterpillar",-123.432121,39.562543
"Forest_Tent_Caterpillar",-83.971081,44.395278
"Forest_Tent_Caterpillar",-94.177375,30.250925
"Forest_Tent_Caterpillar",-95.192199,32.301027
"Forest_Tent_Caterpillar",-100.069603,29.650518
"Forest_Tent_Caterpillar",-97.087077,32.727589
"Forest_Tent_Caterpillar",-83.186111,35.836667
"Forest_Tent_Caterpillar",-83.186111,35.836667
"Forest_Tent_Caterpillar",-83.186111,35.836667
"Forest_Tent_Caterpillar",-73.091478,43.98847
"Forest_Tent_Caterpillar",-73.091269,43.988422
"Forest_Tent_Caterpillar",-91.249352,47.388588
"Forest_Tent_Caterpillar",-72.587872,44.739723
"Forest_Tent_Caterpillar",-73.671292,45.164293
"Forest_Tent_Caterpillar",-91.244453,47.385602
"Forest_Tent_Caterpillar",-93.714189,48.60352
"Forest_Tent_Caterpillar",-93.77983,48.775843
"Forest_Tent_Caterpillar",-93.631912,48.769144
"Forest_Tent_Caterpillar",-93.753003,48.66878
"Forest_Tent_Caterpillar",-71.437891,43.720245
"Forest_Tent_Caterpillar",-78.472617,44.506514
"Forest_Tent_Caterpillar",-71.818425,44.527834
"Forest_Tent_Caterpillar",-76.454722,42.361297
"Forest_Tent_Caterpillar",-70.276569,43.717266
"Forest_Tent_Caterpillar",-73.342943,44.71327
"Forest_Tent_Caterpillar",-72.210475,43.808343
"Forest_Tent_Caterpillar",-94.762664,47.159392
"Forest_Tent_Caterpillar",-67.158447,44.849878
"Forest_Tent_Caterpillar",-72.578842,43.992768
"Forest_Tent_Caterpillar",-78.723994,44.893136
"Forest_Tent_Caterpillar",-95.885194,50.273405
"Forest_Tent_Caterpillar",-91.244443,47.385713
"Forest_Tent_Caterpillar",-76.095752,44.902002
"Forest_Tent_Caterpillar",-76.454512,42.361158
"Forest_Tent_Caterpillar",-106.657848,52.141825
"Forest_Tent_Caterpillar",-71.162627,42.243874
"Forest_Tent_Caterpillar",-76.454508,42.361172
"Forest_Tent_Caterpillar",-84.411392,42.30753
"Forest_Tent_Caterpillar",-88.704872,44.854259
"Forest_Tent_Caterpillar",-97.137455,49.861794
"Forest_Tent_Caterpillar",-72.606463,43.171682
"Forest_Tent_Caterpillar",-72.210474,43.808348
"Forest_Tent_Caterpillar",-76.095308,44.90257
"Forest_Tent_Caterpillar",-70.678246,41.858683
"Forest_Tent_Caterpillar",-76.019622,44.492428
"Forest_Tent_Caterpillar",-79.053594,44.546136
"Forest_Tent_Caterpillar",-73.295088,40.702812
"Forest_Tent_Caterpillar",-78.128363,44.620412
"Forest_Tent_Caterpillar",-72.613578,42.9625
"Forest_Tent_Caterpillar",-76.645128,41.855829
"Forest_Tent_Caterpillar",-93.661629,48.735348
"Forest_Tent_Caterpillar",-72.939526,43.628888
"Forest_Tent_Caterpillar",-72.535928,43.373395
"Forest_Tent_Caterpillar",-75.863067,45.363005
"Forest_Tent_Caterpillar",-67.933328,44.458983
"Forest_Tent_Caterpillar",-75.863067,45.363005
"Forest_Tent_Caterpillar",-89.219608,48.44101
"Forest_Tent_Caterpillar",-76.238986,44.779745
"Forest_Tent_Caterpillar",-72.541288,43.869463
"Forest_Tent_Caterpillar",-78.129975,44.620183
"Forest_Tent_Caterpillar",-76.556725,42.398121
"Forest_Tent_Caterpillar",-79.599602,47.402725
"Forest_Tent_Caterpillar",-75.80326,45.791222
"Forest_Tent_Caterpillar",-78.062225,44.136944
"Forest_Tent_Caterpillar",-76.950899,44.676726
"Forest_Tent_Caterpillar",-75.813909,45.505758
"Forest_Tent_Caterpillar",-84.47673,46.628198
"Forest_Tent_Caterpillar",-104.690719,50.486619
"Forest_Tent_Caterpillar",-75.360203,45.257202
"Forest_Tent_Caterpillar",-97.133068,33.214841
"Forest_Tent_Caterpillar",-95.395251,29.750918
"Forest_Tent_Caterpillar",-122.240109,37.400948
"Forest_Tent_Caterpillar",-84.0011,42.470823
"Forest_Tent_Caterpillar",-66.682513,45.847611
"Forest_Tent_Caterpillar",-78.723652,44.891057
"Forest_Tent_Caterpillar",-83.940787,46.068811
"Forest_Tent_Caterpillar",-91.24392,47.385599
"Forest_Tent_Caterpillar",-84.031428,46.282588
"Forest_Tent_Caterpillar",-77.884276,44.679224
"Forest_Tent_Caterpillar",-94.531502,47.532295
"Forest_Tent_Caterpillar",-76.427022,42.462588
"Forest_Tent_Caterpillar",-76.071804,44.356118
"Forest_Tent_Caterpillar",-83.279897,35.535191
"Forest_Tent_Caterpillar",-83.279897,35.535191
"Forest_Tent_Caterpillar",-82.399843,35.597894
"Forest_Tent_Caterpillar",-72.363613,44.36053
"Forest_Tent_Caterpillar",-85.944705,46.288327
"Forest_Tent_Caterpillar",-95.10877,46.76898
"Forest_Tent_Caterpillar",-78.108673,34.561248
"Forest_Tent_Caterpillar",-95.694874,33.811091
"Forest_Tent_Caterpillar",-78.135559,44.570835
"Forest_Tent_Caterpillar",-80.961652,46.434465
"Forest_Tent_Caterpillar",-97.13974,49.856436
"Forest_Tent_Caterpillar",-97.152586,33.207488
"Forest_Tent_Caterpillar",-76.864117,39.113628
"Forest_Tent_Caterpillar",-71.164188,42.061258
"Forest_Tent_Caterpillar",-72.590012,44.759517
"Forest_Tent_Caterpillar",-76.042799,45.600526
"Forest_Tent_Caterpillar",-72.254144,41.690447
"Forest_Tent_Caterpillar",-76.238377,44.766901
"Forest_Tent_Caterpillar",-72.517851,43.631255
"Forest_Tent_Caterpillar",-72.568293,44.275237
"Forest_Tent_Caterpillar",-97.171035,49.879282
"Forest_Tent_Caterpillar",-82.29932,35.647874
"Forest_Tent_Caterpillar",-94.34916,45.47572
"Forest_Tent_Caterpillar",-68.531753,44.968444
"Forest_Tent_Caterpillar",-84.17174,39.77689
"Forest_Tent_Caterpillar",-72.209699,43.808189
"Forest_Tent_Caterpillar",-73.100966,44.611365
"Forest_Tent_Caterpillar",-79.965291,38.933815
"Forest_Tent_Caterpillar",-70.976434,43.6897
"Forest_Tent_Caterpillar",-91.6275,44.095278
"Forest_Tent_Caterpillar",-72.461903,44.33956
"Forest_Tent_Caterpillar",-95.694892,33.81175
"Forest_Tent_Caterpillar",-96.933954,32.63783
"Forest_Tent_Caterpillar",-96.615741,33.158261
"Forest_Tent_Caterpillar",-96.923163,30.179125
"Forest_Tent_Caterpillar",-76.671421,41.799838
"Forest_Tent_Caterpillar",-72.533035,42.327197
"Forest_Tent_Caterpillar",-73.057695,43.347577
"Forest_Tent_Caterpillar",-97.25576,49.899033
"Forest_Tent_Caterpillar",-92.889808,44.681114
"Forest_Tent_Caterpillar",-96.685728,32.857114
"Forest_Tent_Caterpillar",-97.052536,33.020267
"Forest_Tent_Caterpillar",-72.691287,44.892064
"Forest_Tent_Caterpillar",-97.13815,49.855053
"Forest_Tent_Caterpillar",-86.204177,44.681365
"Forest_Tent_Caterpillar",-72.427568,44.277224
"Forest_Tent_Caterpillar",-76.232814,44.781147
"Forest_Tent_Caterpillar",-76.238986,44.779745
"Forest_Tent_Caterpillar",-76.238986,44.779745
"Forest_Tent_Caterpillar",-76.238986,44.779745
"Forest_Tent_Caterpillar",-72.525867,43.131787
"Forest_Tent_Caterpillar",-80.9491,41.5544
"Forest_Tent_Caterpillar",-80.9072,41.6348
"Forest_Tent_Caterpillar",-80.873,41.708
"Forest_Tent_Caterpillar",-81.17,41.5
"Forest_Tent_Caterpillar",-80.9072,41.6348
"Forest_Tent_Caterpillar",-81.0589,41.7429
"Forest_Tent_Caterpillar",-80.9072,41.6348
"Forest_Tent_Caterpillar",-80.9072,41.6348
"Forest_Tent_Caterpillar",-84.5046,45.1255
"Forest_Tent_Caterpillar",-81.17,41.5
"Forest_Tent_Caterpillar",-80.935,41.383
"Forest_Tent_Caterpillar",-81.174,41.426
"Forest_Tent_Caterpillar",-80.935,41.383
"Forest_Tent_Caterpillar",-81.17,41.5
"Forest_Tent_Caterpillar",-81.17,41.5
"Forest_Tent_Caterpillar",-81.174,41.426
"Forest_Tent_Caterpillar",-81.348,41.505
"Forest_Tent_Caterpillar",-81.0589,41.7429
"Forest_Tent_Caterpillar",-81.348,41.505
"Forest_Tent_Caterpillar",-80.935,41.383
"Forest_Tent_Caterpillar",-81.348,41.505
"Forest_Tent_Caterpillar",-81.0503,41.6072
"Forest_Tent_Caterpillar",-80.9072,41.6348
"Forest_Tent_Caterpillar",-81.348,41.505
"Forest_Tent_Caterpillar",-81.0503,41.6072
"Forest_Tent_Caterpillar",-81.348,41.505
"Forest_Tent_Caterpillar",-81.17,41.5
"Forest_Tent_Caterpillar",-81.17,41.5
"Forest_Tent_Caterpillar",-81.292,41.548
"Forest_Tent_Caterpillar",-81.0503,41.6072
"Forest_Tent_Caterpillar",-80.9072,41.6348
"Forest_Tent_Caterpillar",-80.935,41.383
"Forest_Tent_Caterpillar",-80.9491,41.5544
"Forest_Tent_Caterpillar",-80.9072,41.6348
"Forest_Tent_Caterpillar",-81.4267,41.5775
"Forest_Tent_Caterpillar",-80.935,41.383
"Forest_Tent_Caterpillar",-81.292,41.548
"Forest_Tent_Caterpillar",-80.8771,41.7366
"Forest_Tent_Caterpillar",-81.348,41.505
"Forest_Tent_Caterpillar",-81.174,41.426
"Forest_Tent_Caterpillar",-81.17,41.5
"Forest_Tent_Caterpillar",-81.174,41.426
"Forest_Tent_Caterpillar",-80.9072,41.6348
"Forest_Tent_Caterpillar",-81.4267,41.5775
"Forest_Tent_Caterpillar",-81.348,41.505
"Forest_Tent_Caterpillar",-80.9758,41.3975
"Forest_Tent_Caterpillar",-100,40
"Forest_Tent_Caterpillar",-81.174,41.426
"Forest_Tent_Caterpillar",-81.348,41.505
"Forest_Tent_Caterpillar",-80.9758,41.3975
"Forest_Tent_Caterpillar",-68.3831,45.1744
"Forest_Tent_Caterpillar",-81.0589,41.7429
"Forest_Tent_Caterpillar",-81.17,41.477
"Forest_Tent_Caterpillar",-81.0589,41.7429
"Forest_Tent_Caterpillar",-80.8667,41.7
"Forest_Tent_Caterpillar",-80.9592,41.6747
"Forest_Tent_Caterpillar",-80.9072,41.6348
"Forest_Tent_Caterpillar",-80.8667,41.7
"Forest_Tent_Caterpillar",-81.0589,41.7429
"Forest_Tent_Caterpillar",-89.93233,43.346343
"Forest_Tent_Caterpillar",-73.857247,41.225553
"Forest_Tent_Caterpillar",-75.197778,41.446828
"Forest_Tent_Caterpillar",-72.530651,42.323567
"Forest_Tent_Caterpillar",-100.069538,29.650623
"Forest_Tent_Caterpillar",-100.069533,29.650609
"Forest_Tent_Caterpillar",-74.876332,40.692288
"Forest_Tent_Caterpillar",-73.912834,40.980204
"Forest_Tent_Caterpillar",-97.653286,30.232517
"Forest_Tent_Caterpillar",-95.68425,33.811744
"Forest_Tent_Caterpillar",-95.694953,33.812156
"Forest_Tent_Caterpillar",-73.578163,40.734038
"Forest_Tent_Caterpillar",-95.69485,33.811217
"Forest_Tent_Caterpillar",-95.694978,33.812465
"Forest_Tent_Caterpillar",-78.91016,37.962838
"Forest_Tent_Caterpillar",-95.695289,33.81163
"Forest_Tent_Caterpillar",-97.582332,30.247487
"Forest_Tent_Caterpillar",-95.684326,33.81171
"Forest_Tent_Caterpillar",-95.6842,33.811714
"Forest_Tent_Caterpillar",-122.788064,38.360489
"Forest_Tent_Caterpillar",-72.532088,42.325633
"Forest_Tent_Caterpillar",-95.694869,33.811466
"Forest_Tent_Caterpillar",-80.028341,40.201649
"Forest_Tent_Caterpillar",-95.68367,33.811699
"Forest_Tent_Caterpillar",-95.678382,33.809741
"Forest_Tent_Caterpillar",-95.683584,33.811681
"Forest_Tent_Caterpillar",-122.776658,38.455917
"Forest_Tent_Caterpillar",-95.684138,33.811495
"Forest_Tent_Caterpillar",-82.074044,39.532167
"Forest_Tent_Caterpillar",-96.916671,32.62833
"Forest_Tent_Caterpillar",-95.904284,36.22263
"Forest_Tent_Caterpillar",-91.038989,30.426337
"Forest_Tent_Caterpillar",-80.65181,40.732804
"Forest_Tent_Caterpillar",-95.419722,29.0425
"Forest_Tent_Caterpillar",-79.733567,33.266645
"Forest_Tent_Caterpillar",-95.183296,32.712284
"Forest_Tent_Caterpillar",-90.344509,38.589273
"Forest_Tent_Caterpillar",-85.759735,38.220982
"Forest_Tent_Caterpillar",-82.352221,28.629707
"Forest_Tent_Caterpillar",-122.352418,38.419004
"Forest_Tent_Caterpillar",-97.983419,29.572262
"Forest_Tent_Caterpillar",-122.592637,37.96938
"Forest_Tent_Caterpillar",-75.721992,38.760082
"Forest_Tent_Caterpillar",-97.582332,30.247487
"Forest_Tent_Caterpillar",-96.865926,32.751636
"Forest_Tent_Caterpillar",-98.340429,29.911466
"Forest_Tent_Caterpillar",-82.370673,35.544506
"Forest_Tent_Caterpillar",-97.271842,35.190647
"Forest_Tent_Caterpillar",-80.012681,32.695339
"Forest_Tent_Caterpillar",-80.528099,34.607394
"Forest_Tent_Caterpillar",-97.337493,30.121971
"Forest_Tent_Caterpillar",-85.748439,38.253507
"Forest_Tent_Caterpillar",-97.532993,30.347828
"Forest_Tent_Caterpillar",-75.977985,36.852926
"Forest_Tent_Caterpillar",-64.618636,46.389255
"Forest_Tent_Caterpillar",-75.977985,36.852926
"Forest_Tent_Caterpillar",-75.977985,36.852926
"Forest_Tent_Caterpillar",-82.238657,29.668598
"Forest_Tent_Caterpillar",-82.238657,29.668598
"Forest_Tent_Caterpillar",-82.238657,29.668598
"Forest_Tent_Caterpillar",-82.238657,29.668598
"Forest_Tent_Caterpillar",-72.345915,43.826195
"Forest_Tent_Caterpillar",-72.345915,43.826195
"Forest_Tent_Caterpillar",-97.458663,30.141063
"Forest_Tent_Caterpillar",-97.845833,30.159444
"Forest_Tent_Caterpillar",-97.87345,30.185745
"Forest_Tent_Caterpillar",-64.618634,46.389257
"Forest_Tent_Caterpillar",-97.114088,32.731148
"Forest_Tent_Caterpillar",-95.419722,29.0425
"Forest_Tent_Caterpillar",-97.845556,30.159444
"Forest_Tent_Caterpillar",-97.845556,30.159444
"Forest_Tent_Caterpillar",-97.826977,30.244798
"Forest_Tent_Caterpillar",-97.559539,32.890178
"Forest_Tent_Caterpillar",-96.778889,32.918275
"Forest_Tent_Caterpillar",-97.827039,30.244851
"Forest_Tent_Caterpillar",-97.845833,30.159444
"Forest_Tent_Caterpillar",-95.610322,29.379166
"Forest_Tent_Caterpillar",-95.612469,29.374191
"Forest_Tent_Caterpillar",-78.860146,35.054232
"Forest_Tent_Caterpillar",-94.674562,30.291704
"Forest_Tent_Caterpillar",-96.694578,32.958226
"Forest_Tent_Caterpillar",-95.596947,29.376389
"Forest_Tent_Caterpillar",-96.743592,32.901486
"Forest_Tent_Caterpillar",-97.826954,30.244724
"Forest_Tent_Caterpillar",-78.858733,35.055879
"Forest_Tent_Caterpillar",-95.419722,29.0425
"Forest_Tent_Caterpillar",-94.660535,33.736686
"Forest_Tent_Caterpillar",-95.628862,29.369123
"Forest_Tent_Caterpillar",-94.027892,33.189864
"Forest_Tent_Caterpillar",-95.661522,29.407983
"Forest_Tent_Caterpillar",-96.751622,32.729764
"Forest_Tent_Caterpillar",-122.503553,38.369422
"Forest_Tent_Caterpillar",-78.851022,35.002622
"Forest_Tent_Caterpillar",-97.439572,30.284196
"Forest_Tent_Caterpillar",-94.768226,33.720248
"Forest_Tent_Caterpillar",-90.987868,30.478181
"Forest_Tent_Caterpillar",-96.706241,33.045204
"Forest_Tent_Caterpillar",-97.758536,30.417972
"Forest_Tent_Caterpillar",-95.131904,30.581894
"Forest_Tent_Caterpillar",-97.100737,32.752686
"Forest_Tent_Caterpillar",-111.888823,41.323016
"Forest_Tent_Caterpillar",-111.861441,40.746266
"Forest_Tent_Caterpillar",-111.768238,40.7264
"Forest_Tent_Caterpillar",-111.888823,41.323016
"Forest_Tent_Caterpillar",-112.015353,40.690956
"Forest_Tent_Caterpillar",-111.888823,41.323016
"Forest_Tent_Caterpillar",-112.015353,40.690956
"Forest_Tent_Caterpillar",-111.87472,40.68694
"Forest_Tent_Caterpillar",-96.783951,32.793831
"Forest_Tent_Caterpillar",-97.45777,30.142052
"Forest_Tent_Caterpillar",-96.68575,32.857107
"Forest_Tent_Caterpillar",-97.115563,32.783448
"Forest_Tent_Caterpillar",-95.84526,32.210346
"Forest_Tent_Caterpillar",-95.627026,29.37094
"Forest_Tent_Caterpillar",-96.790999,32.752257
"Forest_Tent_Caterpillar",-97.359883,32.405382
"Forest_Tent_Caterpillar",-97.02574,30.383691
"Forest_Tent_Caterpillar",-96.961111,32.870278
"Forest_Tent_Caterpillar",-96.961915,32.86848
"Forest_Tent_Caterpillar",-94.70722,31.331486
"Forest_Tent_Caterpillar",-97.093618,32.786758
"Forest_Tent_Caterpillar",-96.843946,32.813788
"Forest_Tent_Caterpillar",-97.916186,29.891976
"Forest_Tent_Caterpillar",-96.827553,32.399475
"Forest_Tent_Caterpillar",-97.288163,32.669911
"Forest_Tent_Caterpillar",-94.951022,30.726908
"Forest_Tent_Caterpillar",-94.952946,30.712176
"Forest_Tent_Caterpillar",-96.98945,33.060202
"Forest_Tent_Caterpillar",-97.094418,32.773527
"Forest_Tent_Caterpillar",-95.16211,29.858735
"Forest_Tent_Caterpillar",-96.974737,33.065643
"Forest_Tent_Caterpillar",-96.653023,32.456959
"Forest_Tent_Caterpillar",-75.894605,45.320971
"Forest_Tent_Caterpillar",-96.884443,32.913336
"Forest_Tent_Caterpillar",-97.724288,30.702495
"Forest_Tent_Caterpillar",-95.377617,29.762997
"Forest_Tent_Caterpillar",-78.688724,39.757477
"Forest_Tent_Caterpillar",-72.606463,43.171682
"Forest_Tent_Caterpillar",-108.959846,53.392649
"Forest_Tent_Caterpillar",-77.616777,44.509361
"Forest_Tent_Caterpillar",-76.392727,44.375284
"Forest_Tent_Caterpillar",-82.44085,29.605958
"Forest_Tent_Caterpillar",-95.627202,29.370693
"Forest_Tent_Caterpillar",-97.612033,30.193905
"Forest_Tent_Caterpillar",-97.644864,32.818637
"Forest_Tent_Caterpillar",-82.333651,28.823418
"Forest_Tent_Caterpillar",-96.340099,28.828724
"Forest_Tent_Caterpillar",-97.111647,32.728497
"Forest_Tent_Caterpillar",-97.034042,32.764713
"Forest_Tent_Caterpillar",-97.984783,29.570982
"Forest_Tent_Caterpillar",-95.46319,30.648103
"Forest_Tent_Caterpillar",-64.618636,46.389259
"Forest_Tent_Caterpillar",-82.224822,28.850942
"Forest_Tent_Caterpillar",-64.618638,46.389257
"Forest_Tent_Caterpillar",-98.358092,30.748062
"Forest_Tent_Caterpillar",-81.618614,40.946409
"Forest_Tent_Caterpillar",-94.956293,47.369436
"Forest_Tent_Caterpillar",-72.320333,43.712667
"Forest_Tent_Caterpillar",-123.903017,45.549
"Forest_Tent_Caterpillar",-97.101347,32.586573
"Forest_Tent_Caterpillar",-90.987003,30.478991
"Forest_Tent_Caterpillar",-84.471141,42.723088
"Forest_Tent_Caterpillar",-72.458236,41.917283
"Forest_Tent_Caterpillar",-96.488147,30.794186
"Forest_Tent_Caterpillar",-82.667695,27.84118
"Forest_Tent_Caterpillar",-79.34073,43.707871
"Forest_Tent_Caterpillar",-79.344957,43.706379
"Forest_Tent_Caterpillar",-79.191771,43.835478
"Forest_Tent_Caterpillar",-79.340279,43.707816
"Forest_Tent_Caterpillar",-79.38953,43.846525
"Forest_Tent_Caterpillar",-79.726067,43.455347
"Forest_Tent_Caterpillar",-90.064545,35.342015
"Forest_Tent_Caterpillar",-72.926388,43.169344
"Forest_Tent_Caterpillar",-75.035615,40.301693
"Forest_Tent_Caterpillar",-72.461487,44.340808
"Forest_Tent_Caterpillar",-72.461487,44.340808
"Forest_Tent_Caterpillar",-72.461487,44.340808
"Forest_Tent_Caterpillar",-72.461487,44.340808
"Forest_Tent_Caterpillar",-72.461487,44.340808
"Forest_Tent_Caterpillar",-71.643445,43.113712
"Forest_Tent_Caterpillar",-72.461487,44.340808
"Forest_Tent_Caterpillar",-72.461487,44.340808
"Forest_Tent_Caterpillar",-71.643445,43.113712
"Forest_Tent_Caterpillar",-71.643445,43.113712
"Forest_Tent_Caterpillar",-72.461487,44.340808
"Forest_Tent_Caterpillar",-72.461487,44.340808
"Forest_Tent_Caterpillar",-72.461487,44.340808
"Forest_Tent_Caterpillar",-72.461487,44.340808
"Forest_Tent_Caterpillar",-72.461487,44.340808
"Forest_Tent_Caterpillar",-72.461487,44.340808
"Forest_Tent_Caterpillar",-97.7337,30.2822
"Forest_Tent_Caterpillar",-77.307476,38.760785
"Forest_Tent_Caterpillar",-74.405661,40.058324
"Forest_Tent_Caterpillar",-76.224399,45.204314
"Forest_Tent_Caterpillar",-79.94075,43.845371
"Forest_Tent_Caterpillar",-94.092583,31.397175
"Forest_Tent_Caterpillar",-104.386569,36.959017
"Forest_Tent_Caterpillar",-79.089195,44.649238
"Forest_Tent_Caterpillar",-92.031945,50.029996
"Forest_Tent_Caterpillar",-97.006758,32.831775
"Forest_Tent_Caterpillar",-90.274916,43.634833
"Forest_Tent_Caterpillar",-81.180358,35.817422
"Forest_Tent_Caterpillar",-73.273284,43.633264
"Forest_Tent_Caterpillar",-113.464565,53.542807
"Forest_Tent_Caterpillar",-60.027322,46.040482
"Forest_Tent_Caterpillar",-76.239044,44.779797
"Forest_Tent_Caterpillar",-90.503592,38.803471
"Forest_Tent_Caterpillar",-71.01828,42.723437
"Forest_Tent_Caterpillar",-71.018272,42.723505
"Forest_Tent_Caterpillar",-97.942038,29.887262
"Forest_Tent_Caterpillar",-72.218497,42.567658
"Forest_Tent_Caterpillar",-83.432794,44.70403
"Forest_Tent_Caterpillar",-79.032906,35.899762
"Forest_Tent_Caterpillar",-72.179422,41.82424
"Forest_Tent_Caterpillar",-81.552887,41.274646
"Forest_Tent_Caterpillar",-81.745235,40.885229
"Forest_Tent_Caterpillar",-92.94345,45.057805
"Forest_Tent_Caterpillar",-83.717158,36.024855
"Forest_Tent_Caterpillar",-83.715179,36.024411
"Forest_Tent_Caterpillar",-76.944725,36.566113
"Forest_Tent_Caterpillar",-76.732292,37.145266
"Forest_Tent_Caterpillar",-76.239674,36.913157
"Forest_Tent_Caterpillar",-97.269347,32.746242
"Forest_Tent_Caterpillar",-90.344306,38.589143
"Forest_Tent_Caterpillar",-96.67954,32.987567
"Forest_Tent_Caterpillar",-97.726078,30.179211
"Forest_Tent_Caterpillar",-96.704214,32.702964
"Forest_Tent_Caterpillar",-97.025708,30.383738
"Forest_Tent_Caterpillar",-94.965564,30.720687
"Forest_Tent_Caterpillar",-97.935121,29.888786
"Forest_Tent_Caterpillar",-97.69846,30.312823
"Forest_Tent_Caterpillar",-90.292514,38.636645
"Forest_Tent_Caterpillar",-124.096575,40.856481
"Forest_Tent_Caterpillar",-81.50775,41.231912
"Forest_Tent_Caterpillar",-95.641414,29.373578
"Forest_Tent_Caterpillar",-96.612237,33.067468
"Forest_Tent_Caterpillar",-97.140764,32.566115
"Forest_Tent_Caterpillar",-97.36497,32.735956
"Forest_Tent_Caterpillar",-96.964077,33.06294
"Forest_Tent_Caterpillar",-70.646967,41.380963
"Forest_Tent_Caterpillar",-70.646967,41.380963
"Forest_Tent_Caterpillar",-70.646967,41.380963
"Forest_Tent_Caterpillar",-75.566313,39.662057
"Forest_Tent_Caterpillar",-70.646967,41.380963
"Forest_Tent_Caterpillar",-93.34404,35.36661
"Forest_Tent_Caterpillar",-93.34404,35.36661
"Forest_Tent_Caterpillar",-93.34404,35.36661
"Forest_Tent_Caterpillar",-92.54581,35.07506
"Forest_Tent_Caterpillar",-96.2533,30.5883
"Forest_Tent_Caterpillar",-96.2533,30.5883
"Forest_Tent_Caterpillar",-80.354,43.37386
"Forest_Tent_Caterpillar",-80.36524,43.37363
"Forest_Tent_Caterpillar",-80.36524,43.37363
"Forest_Tent_Caterpillar",-80.36524,43.37363
"Forest_Tent_Caterpillar",-80.36524,43.37363
"Forest_Tent_Caterpillar",-80.36524,43.37363
"Forest_Tent_Caterpillar",-80.36524,43.37363
"Forest_Tent_Caterpillar",-95.95,36.74
"Forest_Tent_Caterpillar",-83.49855,35.68594
"Forest_Tent_Caterpillar",-83.49855,35.68594
"Forest_Tent_Caterpillar",-83.49855,35.68594
"Forest_Tent_Caterpillar",-83.49855,35.68594
"Forest_Tent_Caterpillar",-83.49855,35.68594
"Forest_Tent_Caterpillar",-83.49855,35.68594
"Forest_Tent_Caterpillar",-83.49855,35.68594
"Forest_Tent_Caterpillar",-83.49855,35.68594
"Forest_Tent_Caterpillar",-83.49855,35.68594
"Forest_Tent_Caterpillar",-83.49855,35.68594
"Forest_Tent_Caterpillar",-79.8744,44.8515
"Forest_Tent_Caterpillar",-113.876,49.083
"Forest_Tent_Caterpillar",-113.819,49.106
"Forest_Tent_Caterpillar",-99.898,50.676
"Forest_Tent_Caterpillar",-106.078,53.85
"Forest_Tent_Caterpillar",-106.078,53.85
"Forest_Tent_Caterpillar",-106.078,53.85
"Forest_Tent_Caterpillar",-106.078,53.85
"Forest_Tent_Caterpillar",-106.078,53.85
"Forest_Tent_Caterpillar",-106.078,53.85
"Forest_Tent_Caterpillar",-106.078,53.85
"Forest_Tent_Caterpillar",-106.078,53.85
"Forest_Tent_Caterpillar",-106.078,53.85
"Forest_Tent_Caterpillar",-106.078,53.85
"Forest_Tent_Caterpillar",-106.078,53.85
"Forest_Tent_Caterpillar",-106.078,53.85
"Forest_Tent_Caterpillar",-106.078,53.85
"Forest_Tent_Caterpillar",-106.078,53.85
"Forest_Tent_Caterpillar",-79.8744,44.8515
"Forest_Tent_Caterpillar",-79.8744,44.8515
"Forest_Tent_Caterpillar",-79.8744,44.8515
"Forest_Tent_Caterpillar",-79.8744,44.8515
"Forest_Tent_Caterpillar",-79.8744,44.8515
"Forest_Tent_Caterpillar",-79.8744,44.8515
"Forest_Tent_Caterpillar",-79.8744,44.8515
"Forest_Tent_Caterpillar",-79.8744,44.8515
"Forest_Tent_Caterpillar",-118.15659,50.992
"Forest_Tent_Caterpillar",-118.15659,50.992
"Forest_Tent_Caterpillar",-116.055,50.627
"Forest_Tent_Caterpillar",-118.15659,50.992
"Forest_Tent_Caterpillar",-60.613,46.829
"Forest_Tent_Caterpillar",-78.42149,45.52349
"Forest_Tent_Caterpillar",-78.79619,45.459995
"Forest_Tent_Caterpillar",-95.95,36.74
"Forest_Tent_Caterpillar",-95.95,36.74
"Forest_Tent_Caterpillar",-95.95,36.74
"Forest_Tent_Caterpillar",-95.95,36.74
"Forest_Tent_Caterpillar",-60.768,46.812
"Forest_Tent_Caterpillar",-60.768,46.812
"Forest_Tent_Caterpillar",-60.768,46.812
"Forest_Tent_Caterpillar",-81.180358,35.817422
"Forest_Tent_Caterpillar",-77.198589,38.644745
"Forest_Tent_Caterpillar",-71.110822,42.062018
"Forest_Tent_Caterpillar",-80.096013,41.381532
"Forest_Tent_Caterpillar",-80.099258,41.383764
"Forest_Tent_Caterpillar",-71.3489,42.4604
"Forest_Tent_Caterpillar",-71.110822,42.062018
"Forest_Tent_Caterpillar",-64.618645,46.389256
"Forest_Tent_Caterpillar",-97.080015,32.847357
"Forest_Tent_Caterpillar",-70.447763,41.493381
"Forest_Tent_Caterpillar",-79.46369,43.646548
"Forest_Tent_Caterpillar",-92.840846,49.774525
"Forest_Tent_Caterpillar",-77.760115,40.652836
"Forest_Tent_Caterpillar",-73.13012,44.7392
"Forest_Tent_Caterpillar",-83.982797,30.48495
"Forest_Tent_Caterpillar",-83.982797,30.48495
"Forest_Tent_Caterpillar",-75.850494,45.5704
"Forest_Tent_Caterpillar",-91.242828,47.386728
"Forest_Tent_Caterpillar",-84.118222,39.70571
"Forest_Tent_Caterpillar",-82.340607,29.645266
"Forest_Tent_Caterpillar",-97.777829,30.436362
"Forest_Tent_Caterpillar",-106.598884,32.208152
"Forest_Tent_Caterpillar",-79.644977,45.055868
"Forest_Tent_Caterpillar",-72.606463,43.171682
"Forest_Tent_Caterpillar",-72.606463,43.171682
"Forest_Tent_Caterpillar",-95.556793,50.305152
"Forest_Tent_Caterpillar",-71.279997,42.388788
"Forest_Tent_Caterpillar",-77.108338,38.813623
"Forest_Tent_Caterpillar",-77.098384,38.756659
"Forest_Tent_Caterpillar",-97.315119,32.821117
"Forest_Tent_Caterpillar",-91.244116,47.385798
"Forest_Tent_Caterpillar",-72.531289,42.992392
"Forest_Tent_Caterpillar",-75.850365,45.570393
"Forest_Tent_Caterpillar",-76.42678,42.462622
"Forest_Tent_Caterpillar",-76.426787,42.462622
"Forest_Tent_Caterpillar",-72.564646,41.315864
"Forest_Tent_Caterpillar",-81.180358,35.817422
"Forest_Tent_Caterpillar",-73.058567,42.659022
"Forest_Tent_Caterpillar",-115.050427,41.026968
"Forest_Tent_Caterpillar",-71.011092,44.236357
"Forest_Tent_Caterpillar",-72.527146,44.53023
"Forest_Tent_Caterpillar",-76.427,42.462573
"Forest_Tent_Caterpillar",-72.278863,41.648238
"Forest_Tent_Caterpillar",-72.02446,44.419468
"Forest_Tent_Caterpillar",-64.984112,47.521262
"Forest_Tent_Caterpillar",-72.504788,43.62435
"Forest_Tent_Caterpillar",-99.248886,49.662224
"Forest_Tent_Caterpillar",-72.613384,42.962349
"Forest_Tent_Caterpillar",-72.527205,44.530158
"Forest_Tent_Caterpillar",-110.192437,54.657228
"Forest_Tent_Caterpillar",-72.531997,42.991914
"Forest_Tent_Caterpillar",-89.513297,45.776623
"Forest_Tent_Caterpillar",-89.513555,45.776653
"Forest_Tent_Caterpillar",-89.5138,45.776305
"Forest_Tent_Caterpillar",-89.513862,45.776113
"Forest_Tent_Caterpillar",-73.407231,44.033614
"Forest_Tent_Caterpillar",-72.218532,42.567682
"Forest_Tent_Caterpillar",-72.216637,42.567298
"Forest_Tent_Caterpillar",-72.216745,42.567037
"Forest_Tent_Caterpillar",-73.342944,44.713261
"Forest_Tent_Caterpillar",-72.93961,43.628886
"Forest_Tent_Caterpillar",-71.033034,43.797627
"Forest_Tent_Caterpillar",-97.257315,49.898709
"Forest_Tent_Caterpillar",-111.269225,53.729058
"Forest_Tent_Caterpillar",-99.965347,50.633153
"Forest_Tent_Caterpillar",-77.108338,38.813623
"Forest_Tent_Caterpillar",-71.110231,42.187755
"Forest_Tent_Caterpillar",-72.525467,43.132339
"Forest_Tent_Caterpillar",-92.357628,46.652005
"Forest_Tent_Caterpillar",-72.218044,42.567653
"Forest_Tent_Caterpillar",-77.24719,39.001091
"Forest_Tent_Caterpillar",-77.250881,38.996986
"Forest_Tent_Caterpillar",-72.467944,41.229139
"Forest_Tent_Caterpillar",-95.419722,29.0425
"Forest_Tent_Caterpillar",-95.419855,29.042592
"Forest_Tent_Caterpillar",-74.829031,44.167521
"Forest_Tent_Caterpillar",-79.479228,43.644554
"Forest_Tent_Caterpillar",-79.712848,40.708069
"Forest_Tent_Caterpillar",-72.779848,44.192639
"Forest_Tent_Caterpillar",-75.737514,44.323725
"Forest_Tent_Caterpillar",-72.499058,44.322492
"Forest_Tent_Caterpillar",-80.008494,44.832904
"Forest_Tent_Caterpillar",-72.519312,43.630208
"Forest_Tent_Caterpillar",-75.663901,45.447014
"Forest_Tent_Caterpillar",-66.764501,45.926447
"Forest_Tent_Caterpillar",-82.370704,35.544521
"Forest_Tent_Caterpillar",-82.370695,35.544519
"Forest_Tent_Caterpillar",-72.120221,44.376844
"Forest_Tent_Caterpillar",-72.589838,41.363087
"Forest_Tent_Caterpillar",-72.561985,41.316794
"Forest_Tent_Caterpillar",-72.595996,44.156676
"Forest_Tent_Caterpillar",-72.696032,41.407265
"Forest_Tent_Caterpillar",-79.813654,44.020751
"Forest_Tent_Caterpillar",-99.62326,49.795163
"Forest_Tent_Caterpillar",-73.563886,45.495297
"Forest_Tent_Caterpillar",-78.370136,39.749246
"Forest_Tent_Caterpillar",-72.785368,43.680544
"Forest_Tent_Caterpillar",-82.370692,35.544493
"Forest_Tent_Caterpillar",-111.299157,53.996594
"Forest_Tent_Caterpillar",-70.684427,44.384973
"Forest_Tent_Caterpillar",-71.086355,42.218952
"Forest_Tent_Caterpillar",-87.793647,33.334841
"Forest_Tent_Caterpillar",-85.599724,42.289722
"Forest_Tent_Caterpillar",-122.782031,38.612298
"Forest_Tent_Caterpillar",-77.098505,38.75662
"Forest_Tent_Caterpillar",-79.32253,43.730124
"Forest_Tent_Caterpillar",-72.939614,43.628902
"Forest_Tent_Caterpillar",-124.003333,42.657222
"Forest_Tent_Caterpillar",-73.120179,44.231718
"Forest_Tent_Caterpillar",-95.57468,46.59537
"Forest_Tent_Caterpillar",-77.045403,38.962988
"Forest_Tent_Caterpillar",-77.092277,38.905221
"Forest_Tent_Caterpillar",-77.247574,38.996055
"Forest_Tent_Caterpillar",-78.687485,39.832091
"Forest_Tent_Caterpillar",-82.370671,35.544442
"Forest_Tent_Caterpillar",-74.725919,40.29558
"Forest_Tent_Caterpillar",-96.68577,32.857028
"Forest_Tent_Caterpillar",-76.44603,35.804796
"Forest_Tent_Caterpillar",-96.68577,32.857028
"Forest_Tent_Caterpillar",-98.114223,30.198645
"Forest_Tent_Caterpillar",-83.75415,35.999733
"Forest_Tent_Caterpillar",-122.823157,38.447875
"Forest_Tent_Caterpillar",-97.011337,32.875551
"Forest_Tent_Caterpillar",-96.763279,32.780475
"Forest_Tent_Caterpillar",-98.114204,30.198664
"Forest_Tent_Caterpillar",-87.057192,33.094594
"Forest_Tent_Caterpillar",-95.902875,36.21476
"Forest_Tent_Caterpillar",-97.059564,33.263912
"Forest_Tent_Caterpillar",-97.982672,29.572063
"Forest_Tent_Caterpillar",-73.146113,44.705705
"Forest_Tent_Caterpillar",-97.692367,33.143403
"Forest_Tent_Caterpillar",-96.102916,31.937456
"Forest_Tent_Caterpillar",-97.048789,33.411255
"Forest_Tent_Caterpillar",-97.212474,32.687014
"Forest_Tent_Caterpillar",-97.476483,32.832662
"Forest_Tent_Caterpillar",-95.920319,36.307476
"Forest_Tent_Caterpillar",-97.279461,32.732736
"Forest_Tent_Caterpillar",-96.651325,32.360342
"Forest_Tent_Caterpillar",-94.727106,31.358084
"Forest_Tent_Caterpillar",-96.705314,32.702039
"Forest_Tent_Caterpillar",-96.706453,32.702692
"Forest_Tent_Caterpillar",-97.473824,32.83358
"Forest_Tent_Caterpillar",-96.700419,32.711127
"Forest_Tent_Caterpillar",-95.369225,32.533557
"Forest_Tent_Caterpillar",-97.970551,29.550648
"Forest_Tent_Caterpillar",-94.124511,32.733776
"Forest_Tent_Caterpillar",-79.95797,39.59814
"Forest_Tent_Caterpillar",-97.972326,29.747213
"Forest_Tent_Caterpillar",-95.996481,32.846286
"Forest_Tent_Caterpillar",-72.531952,42.99173
"Forest_Tent_Caterpillar",-72.531883,42.991783
"Forest_Tent_Caterpillar",-76.546506,36.644539
"Forest_Tent_Caterpillar",-78.758676,35.718673
"Forest_Tent_Caterpillar",-78.460282,39.898513
"Forest_Tent_Caterpillar",-80.005701,41.012564
"Forest_Tent_Caterpillar",-80.009356,41.011319
"Forest_Tent_Caterpillar",-80.006871,41.009087
"Forest_Tent_Caterpillar",-79.956093,43.720497
"Forest_Tent_Caterpillar",-79.880133,43.641541
"Forest_Tent_Caterpillar",-124.10856,42.035841
"Forest_Tent_Caterpillar",-80.492764,35.462389
"Forest_Tent_Caterpillar",-71.643433,43.113758
"Forest_Tent_Caterpillar",-106.346771,56.130366
"Forest_Tent_Caterpillar",-72.436008,43.496947
"Forest_Tent_Caterpillar",-98.075659,30.641272
"Forest_Tent_Caterpillar",-78.759019,35.718673
"Forest_Tent_Caterpillar",-72.461311,44.340881
"Forest_Tent_Caterpillar",-81.525,41.2175
"Forest_Tent_Caterpillar",-72.311481,41.823281
"Forest_Tent_Caterpillar",-71.113901,42.21269
"Forest_Tent_Caterpillar",-97.173833,49.8805
"Forest_Tent_Caterpillar",-77.208309,37.33188
"Forest_Tent_Caterpillar",-71.114953,42.21242
"Forest_Tent_Caterpillar",-94.759741,32.520929
"Forest_Tent_Caterpillar",-97.280423,32.883235
"Forest_Tent_Caterpillar",-97.025756,30.383741
"Forest_Tent_Caterpillar",-72.504748,43.624347
"Forest_Tent_Caterpillar",-71.113987,42.21304
"Forest_Tent_Caterpillar",-97.048572,33.261287
"Forest_Tent_Caterpillar",-72.461311,44.340881
"Forest_Tent_Caterpillar",-72.461311,44.340881
"Forest_Tent_Caterpillar",-72.461311,44.340881
"Forest_Tent_Caterpillar",-72.461311,44.340881
"Forest_Tent_Caterpillar",-72.461311,44.340881
"Forest_Tent_Caterpillar",-72.461311,44.340881
"Forest_Tent_Caterpillar",-72.461311,44.340881
"Forest_Tent_Caterpillar",-72.461311,44.340881
"Forest_Tent_Caterpillar",-72.461311,44.340881
"Forest_Tent_Caterpillar",-71.641493,43.113752
"Forest_Tent_Caterpillar",-72.461311,44.340881
"Forest_Tent_Caterpillar",-91.038989,30.426337
"Forest_Tent_Caterpillar",-65.404556,44.772852
"Forest_Tent_Caterpillar",-65.404556,44.772852
"Forest_Tent_Caterpillar",-81.400924,46.012492
"Forest_Tent_Caterpillar",-92.44653,38.94626
"Forest_Tent_Caterpillar",-79.796063,45.117956
"Forest_Tent_Caterpillar",-79.773391,45.134888
"Forest_Tent_Caterpillar",-76.909625,44.757244
"Forest_Tent_Caterpillar",-78.296944,38.741432
"Forest_Tent_Caterpillar",-79.46838,46.35565
"Forest_Tent_Caterpillar",-72.414892,44.3175
"Forest_Tent_Caterpillar",-91.006944,37.476586
"Forest_Tent_Caterpillar",-69.064759,44.209801
"Forest_Tent_Caterpillar",-69.064759,44.209801
"Forest_Tent_Caterpillar",-75.453009,40.091047
"Forest_Tent_Caterpillar",-75.411873,40.047592
"Forest_Tent_Caterpillar",-79.781403,38.541302
"Forest_Tent_Caterpillar",-75.411873,40.047592
"Forest_Tent_Caterpillar",-69.064759,44.209801
"Forest_Tent_Caterpillar",-75.411873,40.047592
"Forest_Tent_Caterpillar",-79.604586,37.435483
"Forest_Tent_Caterpillar",-75.411873,40.047592
"Forest_Tent_Caterpillar",-75.411873,40.047592
"Forest_Tent_Caterpillar",-69.008645,44.281189
"Forest_Tent_Caterpillar",-76.018344,44.518937
"Forest_Tent_Caterpillar",-72.49296,44.359338
"Forest_Tent_Caterpillar",-93.039874,30.956269
"Forest_Tent_Caterpillar",-113.466647,53.542845
"Forest_Tent_Caterpillar",-80.3641,43.3705
"Forest_Tent_Caterpillar",-80.3641,43.3705
"Forest_Tent_Caterpillar",-80.364,43.37
"Forest_Tent_Caterpillar",-80.3641,43.3705
"Forest_Tent_Caterpillar",-80.354,43.374
"Forest_Tent_Caterpillar",-80.3641,43.3705
"Forest_Tent_Caterpillar",-72.504713,43.624405
"Forest_Tent_Caterpillar",-79.46838,46.35565
"Forest_Tent_Caterpillar",-79.46838,46.35565
"Forest_Tent_Caterpillar",-72.541187,43.633105
"Forest_Tent_Caterpillar",-72.54236,43.63286
"Forest_Tent_Caterpillar",-72.583075,44.257718
"Forest_Tent_Caterpillar",-72.583269,44.257675
"Forest_Tent_Caterpillar",-75.035611,40.301729
"Forest_Tent_Caterpillar",-77.857088,40.807218
"Forest_Tent_Caterpillar",-79.374183,44.919643
"Forest_Tent_Caterpillar",-72.939586,43.628899
"Forest_Tent_Caterpillar",-72.357518,44.308931
"Forest_Tent_Caterpillar",-72.975781,43.936795
"Forest_Tent_Caterpillar",-79.049978,44.546441
"Forest_Tent_Caterpillar",-72.485062,44.37012
"Forest_Tent_Caterpillar",-81.600574,30.328138
"Forest_Tent_Caterpillar",-72.51191,44.299403
"Forest_Tent_Caterpillar",-93.001024,46.123276
"Forest_Tent_Caterpillar",-92.051525,30.231447
"Forest_Tent_Caterpillar",-72.518299,43.630305
"Forest_Tent_Caterpillar",-72.658766,44.138478
"Forest_Tent_Caterpillar",-72.53875,43.632483
"Forest_Tent_Caterpillar",-76.891304,39.005954
"Forest_Tent_Caterpillar",-72.608539,44.51708
"Forest_Tent_Caterpillar",-73.382352,43.82876
"Forest_Tent_Caterpillar",-76.645377,41.856072
"Forest_Tent_Caterpillar",-77.917587,38.016976
"Forest_Tent_Caterpillar",-72.541237,43.634113
"Forest_Tent_Caterpillar",-74.441337,40.518056
"Forest_Tent_Caterpillar",-77.920242,38.018695
"Forest_Tent_Caterpillar",-96.638489,33.220308
"Forest_Tent_Caterpillar",-96.68575,32.857063
"Forest_Tent_Caterpillar",-97.618185,30.524232
"Forest_Tent_Caterpillar",-97.025671,30.38371
"Forest_Tent_Caterpillar",-97.279075,32.881441
"Forest_Tent_Caterpillar",-91.938564,30.138432
"Forest_Tent_Caterpillar",-92.057063,30.616307
"Forest_Tent_Caterpillar",-96.68575,32.857063
"Forest_Tent_Caterpillar",-96.489904,32.61828
"Forest_Tent_Caterpillar",-76.946876,38.990133
"Forest_Tent_Caterpillar",-96.571059,32.914545
"Forest_Tent_Caterpillar",-96.980203,33.061631
"Forest_Tent_Caterpillar",-97.101663,32.587617
"Forest_Tent_Caterpillar",-96.884557,32.913322
"Forest_Tent_Caterpillar",-98.012942,30.646387
"Forest_Tent_Caterpillar",-96.68575,32.857063
"Forest_Tent_Caterpillar",-97.098314,32.586814
"Forest_Tent_Caterpillar",-94.165437,32.663886
"Forest_Tent_Caterpillar",-97.27498,32.866678
"Forest_Tent_Caterpillar",-96.866257,30.707582
"Forest_Tent_Caterpillar",-96.975074,33.064023
"Forest_Tent_Caterpillar",-96.625268,32.329311
"Forest_Tent_Caterpillar",-94.791032,30.412583
"Forest_Tent_Caterpillar",-82.985063,29.569418
"Forest_Tent_Caterpillar",-82.302729,29.605686
"Forest_Tent_Caterpillar",-93.171134,44.462976
"Forest_Tent_Caterpillar",-97.115211,32.783495
"Forest_Tent_Caterpillar",-73.436908,41.100653
"Forest_Tent_Caterpillar",-73.436908,41.100653
"Forest_Tent_Caterpillar",-97.101299,32.583587
"Forest_Tent_Caterpillar",-85.37313,44.92861
"Forest_Tent_Caterpillar",-103.4667,43.9333
"Forest_Tent_Caterpillar",-74.912252,39.178473
"Forest_Tent_Caterpillar",-115.06667,50.88301
"Forest_Tent_Caterpillar",-70.6093951,41.4099551
"Forest_Tent_Caterpillar",-72.631513,41.28599
"Forest_Tent_Caterpillar",-71.966462,41.354266
"Forest_Tent_Caterpillar",-73.898747,40.93121
"Forest_Tent_Caterpillar",-72.928158,41.308153
"Forest_Tent_Caterpillar",-69.176991,45.443382
"Forest_Tent_Caterpillar",-74.273757,40.260111
"Forest_Tent_Caterpillar",-72.143976,43.640627
"Forest_Tent_Caterpillar",-70.92368,43.64397
"Forest_Tent_Caterpillar",-73.310673,41.631484
"Forest_Tent_Caterpillar",-72.992468,41.320997
"Forest_Tent_Caterpillar",-76.066614,44.28338
"Forest_Tent_Caterpillar",-70.444219,43.679525
"Forest_Tent_Caterpillar",-76.501414,42.443415
"Forest_Tent_Caterpillar",-73.411176,41.776056
"Forest_Tent_Caterpillar",-123.26204,44.63698
"Forest_Tent_Caterpillar",-103.4667,43.9333
"Forest_Tent_Caterpillar",-72.815099,41.279541
"Forest_Tent_Caterpillar",-70.5093924,41.3799553
"Forest_Tent_Caterpillar",-71.641664,44.647144
"Forest_Tent_Caterpillar",-118.76667,55.67227
"Forest_Tent_Caterpillar",-106.38321,37.582523
"Forest_Tent_Caterpillar",-72.143976,43.640627
"Forest_Tent_Caterpillar",-76.68941,40.660363
"Forest_Tent_Caterpillar",-71.966462,41.354266
"Forest_Tent_Caterpillar",-72.859545,41.39093
"Forest_Tent_Caterpillar",-72.229998,41.788137
"Forest_Tent_Caterpillar",-64.448267,44.233806
"Forest_Tent_Caterpillar",-76.68941,40.660363
"Forest_Tent_Caterpillar",-70.848116,43.540636
"Forest_Tent_Caterpillar",-72.80273,41.433915
"Forest_Tent_Caterpillar",-70.668182,41.766062
"Forest_Tent_Caterpillar",-120.008654,46.323742
"Forest_Tent_Caterpillar",-72.143976,43.640627
"Forest_Tent_Caterpillar",-106.191628,37.200688
"Forest_Tent_Caterpillar",-70.6093951,41.4099551
"Forest_Tent_Caterpillar",-72.143976,43.640627
"Forest_Tent_Caterpillar",-101.2472,53.817699
"Forest_Tent_Caterpillar",-76.98915,40.64727
"Forest_Tent_Caterpillar",-72.631513,41.28599
"Forest_Tent_Caterpillar",-72.143976,43.640627
"Forest_Tent_Caterpillar",-115.066667,51.1
"Forest_Tent_Caterpillar",-74.6283,39.9581
"Forest_Tent_Caterpillar",-72.143976,43.640627
"Forest_Tent_Caterpillar",-76.68941,40.660363
"Forest_Tent_Caterpillar",-72.143976,43.640627
"Forest_Tent_Caterpillar",-70.6093951,41.4099551
"Forest_Tent_Caterpillar",-72.143976,43.640627
"Forest_Tent_Caterpillar",-119.780617,48.095978
"Forest_Tent_Caterpillar",-76.68941,40.660363
"Forest_Tent_Caterpillar",-75.5606,39.7458
"Forest_Tent_Caterpillar",-88.8333,48
"Forest_Tent_Caterpillar",-119.780617,48.095978
"Forest_Tent_Caterpillar",-74.273757,40.260111
"Forest_Tent_Caterpillar",-76.68941,40.660363
"Forest_Tent_Caterpillar",-73.310673,41.631484
"Forest_Tent_Caterpillar",-73.008438,41.352597
"Forest_Tent_Caterpillar",-72.143976,43.640627
"Forest_Tent_Caterpillar",-70.6093951,41.4099551
"Forest_Tent_Caterpillar",-71.966462,41.354266
"Forest_Tent_Caterpillar",-73.84492,40.704087
"Forest_Tent_Caterpillar",-73.310673,41.631484
"Forest_Tent_Caterpillar",-74.273757,40.260111
"Forest_Tent_Caterpillar",-66.2,48.91667
"Forest_Tent_Caterpillar",-73.310673,41.631484
"Forest_Tent_Caterpillar",-76.68941,40.660363
"Forest_Tent_Caterpillar",-103.4667,43.9333
"Forest_Tent_Caterpillar",-70.668182,41.766062
"Forest_Tent_Caterpillar",-72.875146,40.865532
"Forest_Tent_Caterpillar",-76.68941,40.660363
"Forest_Tent_Caterpillar",-104.512846,38.17342
"Forest_Tent_Caterpillar",-76.68941,40.660363
"Forest_Tent_Caterpillar",-101.2472,53.817699
"Forest_Tent_Caterpillar",-74.6283,39.9581
"Forest_Tent_Caterpillar",-121.768265,37.681931
"Forest_Tent_Caterpillar",-79.918614,47.011158
"Forest_Tent_Caterpillar",-71.966462,41.354266
"Forest_Tent_Caterpillar",-70.6093951,41.4099551
"Forest_Tent_Caterpillar",-118.76667,55.67227
"Forest_Tent_Caterpillar",-73.383625,41.304401
"Forest_Tent_Caterpillar",-103.4667,43.9333
"Forest_Tent_Caterpillar",-109.986989,45.931599
"Forest_Tent_Caterpillar",-75.5606,39.7458
"Forest_Tent_Caterpillar",-73.84492,40.704087
"Forest_Tent_Caterpillar",-118.76667,55.67227
"Forest_Tent_Caterpillar",-83.8049,35.45342
"Forest_Tent_Caterpillar",-72.252102,43.640175
"Forest_Tent_Caterpillar",-117.546697,57.624803
"Forest_Tent_Caterpillar",-74.273757,40.260111
"Forest_Tent_Caterpillar",-76.68941,40.660363
"Forest_Tent_Caterpillar",-103.4667,43.9333
"Forest_Tent_Caterpillar",-73.269818,41.626608
"Forest_Tent_Caterpillar",-97.608131,37.033627
"Forest_Tent_Caterpillar",-103.4667,43.9333
"Forest_Tent_Caterpillar",-72.875146,40.865532
"Forest_Tent_Caterpillar",-76.066614,44.28338
"Forest_Tent_Caterpillar",-73.601673,41.046051
"Forest_Tent_Caterpillar",-72.143976,43.640627
"Forest_Tent_Caterpillar",-74.3117,40.0144
"Forest_Tent_Caterpillar",-76.68941,40.660363
"Forest_Tent_Caterpillar",-72.815099,41.279541
"Forest_Tent_Caterpillar",-72.143976,43.640627
"Forest_Tent_Caterpillar",-70.6093951,41.4099551
"Forest_Tent_Caterpillar",-70.6093951,41.4099551
"Forest_Tent_Caterpillar",-81.537067,41.473942
"Forest_Tent_Caterpillar",-72.859545,41.39093
"Forest_Tent_Caterpillar",-73.310673,41.631484
"Forest_Tent_Caterpillar",-72.403696,42.393146
"Forest_Tent_Caterpillar",-101.03333,50.13333
"Forest_Tent_Caterpillar",-72.143976,43.640627
"Forest_Tent_Caterpillar",-72.229998,41.788137
"Forest_Tent_Caterpillar",-70.6093951,41.4099551
"Forest_Tent_Caterpillar",-72.8997,41.3489
"Forest_Tent_Caterpillar",-70.6093951,41.4099551
"Forest_Tent_Caterpillar",-103.4667,43.9333
"Forest_Tent_Caterpillar",-101.03333,50.13333
"Forest_Tent_Caterpillar",-72.143976,43.640627
"Forest_Tent_Caterpillar",-109.986989,45.931599
"Forest_Tent_Caterpillar",-76.68941,40.660363
"Forest_Tent_Caterpillar",-74.273757,40.260111
"Forest_Tent_Caterpillar",-73.84492,40.704087
"Forest_Tent_Caterpillar",-72.143976,43.640627
"Forest_Tent_Caterpillar",-70.6093951,41.4099551
"Forest_Tent_Caterpillar",-72.143976,43.640627
"Forest_Tent_Caterpillar",-70.6093951,41.4099551
"Forest_Tent_Caterpillar",-71.282834,42.245931
"Forest_Tent_Caterpillar",-72.252102,43.640175
"Forest_Tent_Caterpillar",-71.594223,41.17177
"Forest_Tent_Caterpillar",-72.143976,43.640627
"Forest_Tent_Caterpillar",-71.804752,41.372944
"Forest_Tent_Caterpillar",-72.5019,42.4519
"Forest_Tent_Caterpillar",-72.8997,41.3489
"Forest_Tent_Caterpillar",-124.016667,49.2
"Forest_Tent_Caterpillar",-91.39296,44.936863
"Forest_Tent_Caterpillar",-70.5453,44.2139
"Forest_Tent_Caterpillar",-76.98915,40.64727
"Forest_Tent_Caterpillar",-70.6093951,41.4099551
"Forest_Tent_Caterpillar",-119.780617,48.095978
"Forest_Tent_Caterpillar",-73.008438,41.352597
"Forest_Tent_Caterpillar",-72.519938,43.63292
"Forest_Tent_Caterpillar",-72.519938,43.63292
"Forest_Tent_Caterpillar",-72.519648,43.632981
"Forest_Tent_Caterpillar",-72.504805,43.624362
"Forest_Tent_Caterpillar",-72.588778,43.852963
"Forest_Tent_Caterpillar",-72.939567,43.628889
"Forest_Tent_Caterpillar",-71.113011,42.212563
"Forest_Tent_Caterpillar",-72.995833,44.346667
