"species","dd long","dd lat"
"Oriental_Chestnut_Gall_Wasp",5.9,51.8
"Oriental_Chestnut_Gall_Wasp",5.45,51.55
"Oriental_Chestnut_Gall_Wasp",5.95,51.15
"Oriental_Chestnut_Gall_Wasp",5,51.55
"Oriental_Chestnut_Gall_Wasp",6.35,52
"Oriental_Chestnut_Gall_Wasp",5,51.55
"Oriental_Chestnut_Gall_Wasp",5.7,50.9
"Oriental_Chestnut_Gall_Wasp",5.7,50.9
"Oriental_Chestnut_Gall_Wasp",5.7,50.8
"Oriental_Chestnut_Gall_Wasp",5.7,50.9
"Oriental_Chestnut_Gall_Wasp",6.15,51.3
"Oriental_Chestnut_Gall_Wasp",6.8,52.2
"Oriental_Chestnut_Gall_Wasp",4.0796,50.8189
"Oriental_Chestnut_Gall_Wasp",4.07981,50.81887
"Oriental_Chestnut_Gall_Wasp",4.19768,50.93041
"Oriental_Chestnut_Gall_Wasp",4.07981,50.81887
"Oriental_Chestnut_Gall_Wasp",5.43438,51.02325
"Oriental_Chestnut_Gall_Wasp",4.07981,50.81887
"Oriental_Chestnut_Gall_Wasp",4.91791,51.0678
"Oriental_Chestnut_Gall_Wasp",4.43692,51.16258
"Oriental_Chestnut_Gall_Wasp",4.70913,51.127
"Oriental_Chestnut_Gall_Wasp",4.43759,51.16249
"Oriental_Chestnut_Gall_Wasp",4.04019,50.77322
"Oriental_Chestnut_Gall_Wasp",4.38979,51.00766
"Oriental_Chestnut_Gall_Wasp",4.20381,50.93519
"Oriental_Chestnut_Gall_Wasp",2.96695,51.06724
"Oriental_Chestnut_Gall_Wasp",3.4948,50.76398
"Oriental_Chestnut_Gall_Wasp",3.39721,51.17467
"Oriental_Chestnut_Gall_Wasp",4.68609,50.84111
"Oriental_Chestnut_Gall_Wasp",4.76094,50.9123
"Oriental_Chestnut_Gall_Wasp",4.18186,50.91883
"Oriental_Chestnut_Gall_Wasp",4.04019,50.77322
"Oriental_Chestnut_Gall_Wasp",3.47959,50.81716
"Oriental_Chestnut_Gall_Wasp",4.07968,51.12089
"Oriental_Chestnut_Gall_Wasp",5.03125,51.22211
"Oriental_Chestnut_Gall_Wasp",3.61546,51.17685
"Oriental_Chestnut_Gall_Wasp",4.43743,51.16248
"Oriental_Chestnut_Gall_Wasp",3.94153,50.76424
"Oriental_Chestnut_Gall_Wasp",4.03993,50.77353
"Oriental_Chestnut_Gall_Wasp",4.07709,51.12112
"Oriental_Chestnut_Gall_Wasp",4.99955,51.04632
"Oriental_Chestnut_Gall_Wasp",4.76438,50.89767
"Oriental_Chestnut_Gall_Wasp",4.38978,51.00763
"Oriental_Chestnut_Gall_Wasp",-1.687906,47.927246
"Oriental_Chestnut_Gall_Wasp",0.918992,51.147831
"Oriental_Chestnut_Gall_Wasp",0.918088,51.146714
"Oriental_Chestnut_Gall_Wasp",-5.170985,43.388341
"Oriental_Chestnut_Gall_Wasp",-83.50702,39.222717
"Oriental_Chestnut_Gall_Wasp",-6.807602,43.400662
"Oriental_Chestnut_Gall_Wasp",-5.172143,43.382919
"Oriental_Chestnut_Gall_Wasp",4.763063,50.951595
"Oriental_Chestnut_Gall_Wasp",-5.416678,43.331932
"Oriental_Chestnut_Gall_Wasp",3.2238,51.08597
"Oriental_Chestnut_Gall_Wasp",4.06917,51.11684
"Oriental_Chestnut_Gall_Wasp",4.73719,51.08494
"Oriental_Chestnut_Gall_Wasp",4.90167,51.0138
"Oriental_Chestnut_Gall_Wasp",4.73723,51.08492
"Oriental_Chestnut_Gall_Wasp",3.47371,50.91593
"Oriental_Chestnut_Gall_Wasp",4.15383,50.9324
"Oriental_Chestnut_Gall_Wasp",4.90164,51.01377
"Oriental_Chestnut_Gall_Wasp",15.094293,37.687012
"Oriental_Chestnut_Gall_Wasp",5.04303,50.92334
"Oriental_Chestnut_Gall_Wasp",5.04303,50.92334
"Oriental_Chestnut_Gall_Wasp",5.04303,50.92337
"Oriental_Chestnut_Gall_Wasp",5.7,50.8
"Oriental_Chestnut_Gall_Wasp",3.47413,50.91544
"Oriental_Chestnut_Gall_Wasp",5.7,50.8
"Oriental_Chestnut_Gall_Wasp",26.389547,39.065459
"Oriental_Chestnut_Gall_Wasp",8.668749,45.73362
"Oriental_Chestnut_Gall_Wasp",4.1533,50.93212
"Oriental_Chestnut_Gall_Wasp",4.1533,50.93212
"Oriental_Chestnut_Gall_Wasp",4.1533,50.93212
"Oriental_Chestnut_Gall_Wasp",4.1533,50.93212
"Oriental_Chestnut_Gall_Wasp",5.51678,50.98063
"Oriental_Chestnut_Gall_Wasp",5.42883,50.96578
"Oriental_Chestnut_Gall_Wasp",5.5171,50.98026
"Oriental_Chestnut_Gall_Wasp",5.51699,50.9809
"Oriental_Chestnut_Gall_Wasp",127.1452,35.80738
"Oriental_Chestnut_Gall_Wasp",127.1414,35.78968
"Oriental_Chestnut_Gall_Wasp",128.9194,37.76306
"Oriental_Chestnut_Gall_Wasp",128.9244,37.75333
"Oriental_Chestnut_Gall_Wasp",9.650226,44.330599
"Oriental_Chestnut_Gall_Wasp",5.74782,50.912753
"Oriental_Chestnut_Gall_Wasp",120.13026,30.25961
"Oriental_Chestnut_Gall_Wasp",6.2,52.35
"Oriental_Chestnut_Gall_Wasp",5.4,52.15
"Oriental_Chestnut_Gall_Wasp",5.4,52.15
"Oriental_Chestnut_Gall_Wasp",5.7,50.9
"Oriental_Chestnut_Gall_Wasp",16.22027,46.891558
"Oriental_Chestnut_Gall_Wasp",8.150072,49.447495
"Oriental_Chestnut_Gall_Wasp",7.950153,51.616657
"Oriental_Chestnut_Gall_Wasp",6.656206,51.145718
"Oriental_Chestnut_Gall_Wasp",8.621178,49.326931
"Oriental_Chestnut_Gall_Wasp",8.739259,49.443924
"Oriental_Chestnut_Gall_Wasp",8.710082,49.433964
"Oriental_Chestnut_Gall_Wasp",8.149657,49.44751
"Oriental_Chestnut_Gall_Wasp",7.950153,51.616657
"Oriental_Chestnut_Gall_Wasp",6.835556,51.259014
"Oriental_Chestnut_Gall_Wasp",9.804655,44.071159
"Oriental_Chestnut_Gall_Wasp",8.023054,49.200474
"Oriental_Chestnut_Gall_Wasp",6.869171,50.985718
"Oriental_Chestnut_Gall_Wasp",128.929,37.694556
"Oriental_Chestnut_Gall_Wasp",129.072167,37.558056
"Oriental_Chestnut_Gall_Wasp",128.801972,37.798333
"Oriental_Chestnut_Gall_Wasp",129.072167,37.558056
"Oriental_Chestnut_Gall_Wasp",128.754003,37.885589
"Oriental_Chestnut_Gall_Wasp",3.15048,51.17622
"Oriental_Chestnut_Gall_Wasp",8.757168,45.703168
"Oriental_Chestnut_Gall_Wasp",8.469935,45.744448
"Oriental_Chestnut_Gall_Wasp",5.75,51.65
"Oriental_Chestnut_Gall_Wasp",129.119003,35.24642
"Oriental_Chestnut_Gall_Wasp",127.087683,37.395028
"Oriental_Chestnut_Gall_Wasp",128.718611,35.130833
"Oriental_Chestnut_Gall_Wasp",127.1016,37.484253
"Oriental_Chestnut_Gall_Wasp",4.74464,50.90071
"Oriental_Chestnut_Gall_Wasp",4.45659,51.46223
"Oriental_Chestnut_Gall_Wasp",127.005278,37.543611
"Oriental_Chestnut_Gall_Wasp",127.101205,37.485707
"Oriental_Chestnut_Gall_Wasp",126.826681,37.486372
"Oriental_Chestnut_Gall_Wasp",126.256358,37.177766
"Oriental_Chestnut_Gall_Wasp",126.96273,37.585363
"Oriental_Chestnut_Gall_Wasp",127.005585,37.543493
"Oriental_Chestnut_Gall_Wasp",-8.34631,40.163101
"Oriental_Chestnut_Gall_Wasp",40.196034,43.674349
"Oriental_Chestnut_Gall_Wasp",5.7,50.8
"Oriental_Chestnut_Gall_Wasp",0.651053,51.287033
"Oriental_Chestnut_Gall_Wasp",0.448412,51.403858
"Oriental_Chestnut_Gall_Wasp",0.419687,51.403645
"Oriental_Chestnut_Gall_Wasp",1.076714,51.328358
"Oriental_Chestnut_Gall_Wasp",6.95,52.3
"Oriental_Chestnut_Gall_Wasp",6,51.1
"Oriental_Chestnut_Gall_Wasp",5.75,50.85
"Oriental_Chestnut_Gall_Wasp",5.65,50.8
"Oriental_Chestnut_Gall_Wasp",5.8,50.85
"Oriental_Chestnut_Gall_Wasp",5.65,50.85
"Oriental_Chestnut_Gall_Wasp",-7.883468,41.367238
"Oriental_Chestnut_Gall_Wasp",3.2397,50.95919
"Oriental_Chestnut_Gall_Wasp",139.242625,35.638848
"Oriental_Chestnut_Gall_Wasp",-71.405909,41.784197
"Oriental_Chestnut_Gall_Wasp",-77.572638,43.024435
"Oriental_Chestnut_Gall_Wasp",5.3,51.6
"Oriental_Chestnut_Gall_Wasp",6.4,52.3
"Oriental_Chestnut_Gall_Wasp",6.4,52.4
"Oriental_Chestnut_Gall_Wasp",6,51.6
"Oriental_Chestnut_Gall_Wasp",6.4,52.35
"Oriental_Chestnut_Gall_Wasp",6.4,52.35
"Oriental_Chestnut_Gall_Wasp",6,51.5
"Oriental_Chestnut_Gall_Wasp",6.4,52.4
"Oriental_Chestnut_Gall_Wasp",5.75,50.85
"Oriental_Chestnut_Gall_Wasp",6.45,52.75
"Oriental_Chestnut_Gall_Wasp",6.45,52.75
"Oriental_Chestnut_Gall_Wasp",6.4,52.4
"Oriental_Chestnut_Gall_Wasp",6.4,52.35
"Oriental_Chestnut_Gall_Wasp",5.85,51.75
"Oriental_Chestnut_Gall_Wasp",6.4,52.4
"Oriental_Chestnut_Gall_Wasp",5.65,50.8
"Oriental_Chestnut_Gall_Wasp",6.4,52.4
"Oriental_Chestnut_Gall_Wasp",5.35,51.65
"Oriental_Chestnut_Gall_Wasp",6.4,52.4
"Oriental_Chestnut_Gall_Wasp",6.45,52.75
"Oriental_Chestnut_Gall_Wasp",6,51.55
"Oriental_Chestnut_Gall_Wasp",6.45,52.75
"Oriental_Chestnut_Gall_Wasp",6.05,51.3
"Oriental_Chestnut_Gall_Wasp",-72.671985,42.335505
"Oriental_Chestnut_Gall_Wasp",121.363153,24.429188
"Oriental_Chestnut_Gall_Wasp",-6.790428,40.224098
"Oriental_Chestnut_Gall_Wasp",-72.671985,42.335505
"Oriental_Chestnut_Gall_Wasp",-6.790571,40.224715
"Oriental_Chestnut_Gall_Wasp",-72.671985,42.335505
"Oriental_Chestnut_Gall_Wasp",-80.489128,42.672089
"Oriental_Chestnut_Gall_Wasp",13.006581,55.583295
"Oriental_Chestnut_Gall_Wasp",-72.671985,42.335505
"Oriental_Chestnut_Gall_Wasp",-72.671985,42.335505
"Oriental_Chestnut_Gall_Wasp",-81.435003,41.112985
"Oriental_Chestnut_Gall_Wasp",-6.79164,40.223258
"Oriental_Chestnut_Gall_Wasp",-80.497963,42.67075
"Oriental_Chestnut_Gall_Wasp",128.145413,37.456759
"Oriental_Chestnut_Gall_Wasp",11.166348,46.705827
"Oriental_Chestnut_Gall_Wasp",4.76615,50.90043
"Oriental_Chestnut_Gall_Wasp",12.176753,42.189553
"Oriental_Chestnut_Gall_Wasp",11.178128,43.310965
"Oriental_Chestnut_Gall_Wasp",13.186779,55.69688
"Oriental_Chestnut_Gall_Wasp",3.67632,50.69732
"Oriental_Chestnut_Gall_Wasp",4.64755,50.76465
"Oriental_Chestnut_Gall_Wasp",-8.264943,42.827921
"Oriental_Chestnut_Gall_Wasp",13.2355,51.692
"Oriental_Chestnut_Gall_Wasp",13.5094,51.1425
"Oriental_Chestnut_Gall_Wasp",13.4938,51.148
"Oriental_Chestnut_Gall_Wasp",14.0457,50.9356
"Oriental_Chestnut_Gall_Wasp",13.5276,51.1224
"Oriental_Chestnut_Gall_Wasp",13.4052,51.1052
"Oriental_Chestnut_Gall_Wasp",13.4133,51.2346
"Oriental_Chestnut_Gall_Wasp",13.483,51.148
"Oriental_Chestnut_Gall_Wasp",11.1714,46.702
"Oriental_Chestnut_Gall_Wasp",13.5944,51.1294
"Oriental_Chestnut_Gall_Wasp",12.617,52.0991
"Oriental_Chestnut_Gall_Wasp",13.673,51.0823
"Oriental_Chestnut_Gall_Wasp",6.563,51.146
"Oriental_Chestnut_Gall_Wasp",13.4042,51.105
"Oriental_Chestnut_Gall_Wasp",13.7521,51.0388
"Oriental_Chestnut_Gall_Wasp",13.4764,51.1666
"Oriental_Chestnut_Gall_Wasp",13.2902,51.3173
"Oriental_Chestnut_Gall_Wasp",13.8174,51.0596
"Oriental_Chestnut_Gall_Wasp",13.4804,51.1738
"Oriental_Chestnut_Gall_Wasp",13.9355,50.9594
"Oriental_Chestnut_Gall_Wasp",11.1899,46.6851
"Oriental_Chestnut_Gall_Wasp",13.4945,51.1406
"Oriental_Chestnut_Gall_Wasp",6.5643,51.1468
"Oriental_Chestnut_Gall_Wasp",13.5799,51.1031
"Oriental_Chestnut_Gall_Wasp",13.4153,51.1112
"Oriental_Chestnut_Gall_Wasp",13.4052,51.1053
"Oriental_Chestnut_Gall_Wasp",13.5982,51.0809
"Oriental_Chestnut_Gall_Wasp",13.4777,51.1489
"Oriental_Chestnut_Gall_Wasp",13.4042,51.1051
"Oriental_Chestnut_Gall_Wasp",11.1664,46.7058
"Oriental_Chestnut_Gall_Wasp",13.4049,51.1051
"Oriental_Chestnut_Gall_Wasp",13.4055,51.1051
"Oriental_Chestnut_Gall_Wasp",13.5289,51.1218
"Oriental_Chestnut_Gall_Wasp",13.4732,51.1785
"Oriental_Chestnut_Gall_Wasp",13.4896,51.1679
"Oriental_Chestnut_Gall_Wasp",13.5988,51.0809
"Oriental_Chestnut_Gall_Wasp",13.5787,50.9828
"Oriental_Chestnut_Gall_Wasp",13.3861,51.0916
"Oriental_Chestnut_Gall_Wasp",13.6022,51.0822
"Oriental_Chestnut_Gall_Wasp",13.4042,51.105
"Oriental_Chestnut_Gall_Wasp",6.5626,51.1455
"Oriental_Chestnut_Gall_Wasp",4.72839,50.90585
"Oriental_Chestnut_Gall_Wasp",3.80554,51.07114
"Oriental_Chestnut_Gall_Wasp",4.64396,50.72249
"Oriental_Chestnut_Gall_Wasp",5.19931,50.6715
"Oriental_Chestnut_Gall_Wasp",5.19816,50.67103
"Oriental_Chestnut_Gall_Wasp",5.17477,50.4739
"Oriental_Chestnut_Gall_Wasp",4.19407,50.63357
"Oriental_Chestnut_Gall_Wasp",4.17098,50.64409
"Oriental_Chestnut_Gall_Wasp",3.49125,50.75631
"Oriental_Chestnut_Gall_Wasp",5.19872,50.66998
"Oriental_Chestnut_Gall_Wasp",4.91507,50.65819
"Oriental_Chestnut_Gall_Wasp",3.71246,50.76645
"Oriental_Chestnut_Gall_Wasp",3.21447,50.76182
"Oriental_Chestnut_Gall_Wasp",4.19538,50.6517
"Oriental_Chestnut_Gall_Wasp",4.64673,50.72781
"Oriental_Chestnut_Gall_Wasp",3.70411,50.75317
"Oriental_Chestnut_Gall_Wasp",5.19888,50.67135
"Oriental_Chestnut_Gall_Wasp",3.21512,50.76201
"Oriental_Chestnut_Gall_Wasp",3.21447,50.76182
"Oriental_Chestnut_Gall_Wasp",3.67659,50.69905
"Oriental_Chestnut_Gall_Wasp",3.96257,50.63987
"Oriental_Chestnut_Gall_Wasp",3.67428,50.69286
"Oriental_Chestnut_Gall_Wasp",5.19877,50.67131
"Oriental_Chestnut_Gall_Wasp",3.877,50.74979
"Oriental_Chestnut_Gall_Wasp",3.69673,50.75775
"Oriental_Chestnut_Gall_Wasp",3.21484,50.76227
"Oriental_Chestnut_Gall_Wasp",4.92599,49.8479
"Oriental_Chestnut_Gall_Wasp",5.93372,50.67226
"Oriental_Chestnut_Gall_Wasp",3.21447,50.76182
"Oriental_Chestnut_Gall_Wasp",3.21447,50.76182
"Oriental_Chestnut_Gall_Wasp",-8.170909,40.571154
"Oriental_Chestnut_Gall_Wasp",-84.35247,33.80167
"Oriental_Chestnut_Gall_Wasp",10.855205,43.161251
"Oriental_Chestnut_Gall_Wasp",-8.221294,41.283569
"Oriental_Chestnut_Gall_Wasp",-8.296363,41.327801
"Oriental_Chestnut_Gall_Wasp",0.453541,51.072476
"Oriental_Chestnut_Gall_Wasp",-84.352508,33.80163
"Oriental_Chestnut_Gall_Wasp",14.480862,46.051022
"Oriental_Chestnut_Gall_Wasp",0.529675,51.104867
"Oriental_Chestnut_Gall_Wasp",-80.496665,42.670691
"Oriental_Chestnut_Gall_Wasp",2.054158,48.863913
"Oriental_Chestnut_Gall_Wasp",1.188059,51.938915
"Oriental_Chestnut_Gall_Wasp",2.057027,48.863044
"Oriental_Chestnut_Gall_Wasp",4.77185,50.95419
"Oriental_Chestnut_Gall_Wasp",4.76869,50.95353
"Oriental_Chestnut_Gall_Wasp",4.77184,50.9542
"Oriental_Chestnut_Gall_Wasp",4.66164,50.79645
"Oriental_Chestnut_Gall_Wasp",4.77188,50.9542
"Oriental_Chestnut_Gall_Wasp",4.7687,50.95349
"Oriental_Chestnut_Gall_Wasp",-8.341528,40.791778
"Oriental_Chestnut_Gall_Wasp",8.453079,46.050041
"Oriental_Chestnut_Gall_Wasp",-81.859423,36.734167
"Oriental_Chestnut_Gall_Wasp",-71.755417,41.920518
"Oriental_Chestnut_Gall_Wasp",-71.405824,41.784415
"Oriental_Chestnut_Gall_Wasp",-6.164205,43.478928
"Oriental_Chestnut_Gall_Wasp",-7.723679,42.374449
"Oriental_Chestnut_Gall_Wasp",-3.590011,43.32325
"Oriental_Chestnut_Gall_Wasp",-5.610859,43.525153
"Oriental_Chestnut_Gall_Wasp",-6.75388,40.149646
"Oriental_Chestnut_Gall_Wasp",6.15,51.3
"Oriental_Chestnut_Gall_Wasp",0.991627,41.306711
"Oriental_Chestnut_Gall_Wasp",6.05,51.2
"Oriental_Chestnut_Gall_Wasp",0.991627,41.306711
"Oriental_Chestnut_Gall_Wasp",5.9,50.75
"Oriental_Chestnut_Gall_Wasp",5.9,51.7
"Oriental_Chestnut_Gall_Wasp",6.1,51.45
"Oriental_Chestnut_Gall_Wasp",4.3,51.45
"Oriental_Chestnut_Gall_Wasp",4.65,51.95
"Oriental_Chestnut_Gall_Wasp",5.7,52
"Oriental_Chestnut_Gall_Wasp",-8.362147,42.611518
"Oriental_Chestnut_Gall_Wasp",1.004247,41.34295
"Oriental_Chestnut_Gall_Wasp",-3.423958,43.356889
"Oriental_Chestnut_Gall_Wasp",-1.633119,43.012281
"Oriental_Chestnut_Gall_Wasp",-5.628213,43.314558
"Oriental_Chestnut_Gall_Wasp",5.75,50.85
"Oriental_Chestnut_Gall_Wasp",6.15,51.3
"Oriental_Chestnut_Gall_Wasp",5.65,50.85
"Oriental_Chestnut_Gall_Wasp",5.5,51.35
"Oriental_Chestnut_Gall_Wasp",5.5,51.35
"Oriental_Chestnut_Gall_Wasp",-3.727,40.447089
"Oriental_Chestnut_Gall_Wasp",5.5,51.35
"Oriental_Chestnut_Gall_Wasp",6.05,51.25
"Oriental_Chestnut_Gall_Wasp",-6.164205,43.478928
"Oriental_Chestnut_Gall_Wasp",-7.723679,42.374449
"Oriental_Chestnut_Gall_Wasp",-3.008132,43.338737
"Oriental_Chestnut_Gall_Wasp",-1.93014,43.32547
"Oriental_Chestnut_Gall_Wasp",-5.814135,43.127548
"Oriental_Chestnut_Gall_Wasp",6.15,51.3
"Oriental_Chestnut_Gall_Wasp",5.9,51.75
"Oriental_Chestnut_Gall_Wasp",-6.75388,40.149646
"Oriental_Chestnut_Gall_Wasp",5.05,51.65
"Oriental_Chestnut_Gall_Wasp",-3.41435,43.408092
"Oriental_Chestnut_Gall_Wasp",4.6,51.45
"Oriental_Chestnut_Gall_Wasp",5.65,50.85
"Oriental_Chestnut_Gall_Wasp",-4.092944,43.128414
"Oriental_Chestnut_Gall_Wasp",-5.610859,43.525153
"Oriental_Chestnut_Gall_Wasp",-2.804303,43.402491
"Oriental_Chestnut_Gall_Wasp",4.3,51.45
"Oriental_Chestnut_Gall_Wasp",-7.723679,42.374449
"Oriental_Chestnut_Gall_Wasp",-1.61471,43.140157
"Oriental_Chestnut_Gall_Wasp",-1.93014,43.32547
"Oriental_Chestnut_Gall_Wasp",6.05,51.3
"Oriental_Chestnut_Gall_Wasp",5.8,51.7
"Oriental_Chestnut_Gall_Wasp",-5.610859,43.525153
"Oriental_Chestnut_Gall_Wasp",-3.698788,40.860142
"Oriental_Chestnut_Gall_Wasp",-7.546719,43.006116
"Oriental_Chestnut_Gall_Wasp",1.004247,41.34295
"Oriental_Chestnut_Gall_Wasp",5.9,51.8
"Oriental_Chestnut_Gall_Wasp",5.9,51.8
"Oriental_Chestnut_Gall_Wasp",-3.806081,43.470589
"Oriental_Chestnut_Gall_Wasp",5.9,50.75
"Oriental_Chestnut_Gall_Wasp",5.9,51.8
"Oriental_Chestnut_Gall_Wasp",-3.727,40.447096
"Oriental_Chestnut_Gall_Wasp",-5.867103,43.327163
"Oriental_Chestnut_Gall_Wasp",5.7,50.8
"Oriental_Chestnut_Gall_Wasp",5.05,51.65
"Oriental_Chestnut_Gall_Wasp",6.05,51.3
"Oriental_Chestnut_Gall_Wasp",0.3884,51.390099
"Oriental_Chestnut_Gall_Wasp",4.79641,51.08445
"Oriental_Chestnut_Gall_Wasp",5.04682,51.22929
"Oriental_Chestnut_Gall_Wasp",4.82967,50.7837
"Oriental_Chestnut_Gall_Wasp",-27.268673,38.685832
"Oriental_Chestnut_Gall_Wasp",-27.258492,38.797306
"Oriental_Chestnut_Gall_Wasp",0.865257,51.323449
"Oriental_Chestnut_Gall_Wasp",-7.024643,43.099557
"Oriental_Chestnut_Gall_Wasp",3.4658,50.85913
"Oriental_Chestnut_Gall_Wasp",-8.660934,43.157932
"Oriental_Chestnut_Gall_Wasp",-8.135387,43.26467
"Oriental_Chestnut_Gall_Wasp",5.42657,51.02518
"Oriental_Chestnut_Gall_Wasp",4.25277,51.03498
"Oriental_Chestnut_Gall_Wasp",4.74583,50.81547
"Oriental_Chestnut_Gall_Wasp",5.43871,51.01883
"Oriental_Chestnut_Gall_Wasp",-77.051864,38.779247
"Oriental_Chestnut_Gall_Wasp",-78.452103,37.999891
"Oriental_Chestnut_Gall_Wasp",-80.469026,42.710132
"Oriental_Chestnut_Gall_Wasp",-77.05185,38.779317
"Oriental_Chestnut_Gall_Wasp",-80.341396,43.268542
"Oriental_Chestnut_Gall_Wasp",-80.002342,43.222767
"Oriental_Chestnut_Gall_Wasp",7.865686,44.766341
"Oriental_Chestnut_Gall_Wasp",-80.403769,37.12824
"Oriental_Chestnut_Gall_Wasp",-80.658163,41.927488
"Oriental_Chestnut_Gall_Wasp",-72.284758,42.02742
"Oriental_Chestnut_Gall_Wasp",-8.409274,43.326012
"Oriental_Chestnut_Gall_Wasp",-8.040842,43.406479
"Oriental_Chestnut_Gall_Wasp",-80.452376,42.69424
"Oriental_Chestnut_Gall_Wasp",4.96582,51.23337
"Oriental_Chestnut_Gall_Wasp",-86.560587,34.745595
"Oriental_Chestnut_Gall_Wasp",-80.454513,42.70242
"Oriental_Chestnut_Gall_Wasp",5.04373,51.22469
"Oriental_Chestnut_Gall_Wasp",3.90783,50.97362
"Oriental_Chestnut_Gall_Wasp",4.76881,50.89945
"Oriental_Chestnut_Gall_Wasp",-85.380495,34.922242
"Oriental_Chestnut_Gall_Wasp",40.220605,43.692273
"Oriental_Chestnut_Gall_Wasp",-7.803092,41.372508
"Oriental_Chestnut_Gall_Wasp",-7.841817,41.367013
"Oriental_Chestnut_Gall_Wasp",0.437225,51.632895
"Oriental_Chestnut_Gall_Wasp",-7.879063,41.364725
"Oriental_Chestnut_Gall_Wasp",-7.807128,41.333967
"Oriental_Chestnut_Gall_Wasp",-7.078778,43.20264
"Oriental_Chestnut_Gall_Wasp",4.76986,50.91355
"Oriental_Chestnut_Gall_Wasp",3.22562,51.08532
"Oriental_Chestnut_Gall_Wasp",5.18601,51.23444
"Oriental_Chestnut_Gall_Wasp",3.20521,51.15725
"Oriental_Chestnut_Gall_Wasp",3.14728,51.07182
"Oriental_Chestnut_Gall_Wasp",3.05897,51.07009
"Oriental_Chestnut_Gall_Wasp",3.17995,51.10901
"Oriental_Chestnut_Gall_Wasp",4.31736,51.14943
"Oriental_Chestnut_Gall_Wasp",4.79158,50.94727
"Oriental_Chestnut_Gall_Wasp",4.83986,50.85312
"Oriental_Chestnut_Gall_Wasp",3.81293,51.11268
"Oriental_Chestnut_Gall_Wasp",4.76417,50.89772
"Oriental_Chestnut_Gall_Wasp",4.85237,50.9164
"Oriental_Chestnut_Gall_Wasp",4.23262,50.85532
"Oriental_Chestnut_Gall_Wasp",4.07723,51.12113
"Oriental_Chestnut_Gall_Wasp",3.11135,51.15178
"Oriental_Chestnut_Gall_Wasp",3.51884,50.79292
"Oriental_Chestnut_Gall_Wasp",3.77071,51.03933
"Oriental_Chestnut_Gall_Wasp",4.23852,51.19743
"Oriental_Chestnut_Gall_Wasp",3.90192,51.00922
"Oriental_Chestnut_Gall_Wasp",5.06291,50.98212
"Oriental_Chestnut_Gall_Wasp",3.16369,51.1726
"Oriental_Chestnut_Gall_Wasp",3.63512,50.93597
"Oriental_Chestnut_Gall_Wasp",4.07481,51.12114
"Oriental_Chestnut_Gall_Wasp",3.29112,51.20151
"Oriental_Chestnut_Gall_Wasp",4.30717,50.71257
"Oriental_Chestnut_Gall_Wasp",3.14956,51.17631
"Oriental_Chestnut_Gall_Wasp",4.75533,51.19647
"Oriental_Chestnut_Gall_Wasp",4.74642,50.90149
"Oriental_Chestnut_Gall_Wasp",4.19726,50.79279
"Oriental_Chestnut_Gall_Wasp",3.18049,51.10943
"Oriental_Chestnut_Gall_Wasp",3.7682,51.02536
"Oriental_Chestnut_Gall_Wasp",4.47286,51.0474
"Oriental_Chestnut_Gall_Wasp",4.76946,50.95545
"Oriental_Chestnut_Gall_Wasp",3.17222,51.15905
"Oriental_Chestnut_Gall_Wasp",4.60626,51.2193
"Oriental_Chestnut_Gall_Wasp",5.09709,50.98744
"Oriental_Chestnut_Gall_Wasp",4.90183,51.28892
"Oriental_Chestnut_Gall_Wasp",4.67309,50.88363
"Oriental_Chestnut_Gall_Wasp",3.9413,51.00972
"Oriental_Chestnut_Gall_Wasp",3.65511,51.07632
"Oriental_Chestnut_Gall_Wasp",4.90179,51.29037
"Oriental_Chestnut_Gall_Wasp",3.2588,51.20552
"Oriental_Chestnut_Gall_Wasp",5.4802,51.00327
"Oriental_Chestnut_Gall_Wasp",3.11296,51.15083
"Oriental_Chestnut_Gall_Wasp",4.47231,51.04761
"Oriental_Chestnut_Gall_Wasp",3.29439,51.10926
"Oriental_Chestnut_Gall_Wasp",5.18877,51.23391
"Oriental_Chestnut_Gall_Wasp",3.80101,50.97337
"Oriental_Chestnut_Gall_Wasp",3.15712,51.17415
"Oriental_Chestnut_Gall_Wasp",3.19753,51.17488
"Oriental_Chestnut_Gall_Wasp",3.29539,51.11418
"Oriental_Chestnut_Gall_Wasp",3.19461,50.84243
"Oriental_Chestnut_Gall_Wasp",4.57163,51.22391
"Oriental_Chestnut_Gall_Wasp",5.40699,50.90446
"Oriental_Chestnut_Gall_Wasp",4.78914,50.94535
"Oriental_Chestnut_Gall_Wasp",3.94337,51.11596
"Oriental_Chestnut_Gall_Wasp",5.21755,50.86155
"Oriental_Chestnut_Gall_Wasp",3.63853,50.76254
"Oriental_Chestnut_Gall_Wasp",3.21466,50.78913
"Oriental_Chestnut_Gall_Wasp",3.45647,51.13878
"Oriental_Chestnut_Gall_Wasp",3.34434,51.07684
"Oriental_Chestnut_Gall_Wasp",3.7525,51.04507
"Oriental_Chestnut_Gall_Wasp",3.23142,51.20658
"Oriental_Chestnut_Gall_Wasp",4.76595,50.91795
"Oriental_Chestnut_Gall_Wasp",5.10578,50.99166
"Oriental_Chestnut_Gall_Wasp",4.9124,51.29384
"Oriental_Chestnut_Gall_Wasp",4.87246,50.94631
"Oriental_Chestnut_Gall_Wasp",4.53409,51.0254
"Oriental_Chestnut_Gall_Wasp",5.21617,50.86142
"Oriental_Chestnut_Gall_Wasp",4.47273,51.04761
"Oriental_Chestnut_Gall_Wasp",4.88968,50.98541
"Oriental_Chestnut_Gall_Wasp",4.92158,51.29718
"Oriental_Chestnut_Gall_Wasp",4.77871,50.95291
"Oriental_Chestnut_Gall_Wasp",2.98104,50.85261
"Oriental_Chestnut_Gall_Wasp",4.03111,51.09262
"Oriental_Chestnut_Gall_Wasp",4.97306,51.03167
"Oriental_Chestnut_Gall_Wasp",4.46826,51.21828
"Oriental_Chestnut_Gall_Wasp",4.7819,51.05653
"Oriental_Chestnut_Gall_Wasp",5.59691,50.91656
"Oriental_Chestnut_Gall_Wasp",4.8695,51.14108
"Oriental_Chestnut_Gall_Wasp",4.44294,51.15634
"Oriental_Chestnut_Gall_Wasp",4.89433,51.08316
"Oriental_Chestnut_Gall_Wasp",5.02025,51.2078
"Oriental_Chestnut_Gall_Wasp",5.3535,50.93352
"Oriental_Chestnut_Gall_Wasp",5.46171,51.00812
"Oriental_Chestnut_Gall_Wasp",3.26307,51.21133
"Oriental_Chestnut_Gall_Wasp",3.17973,51.10832
"Oriental_Chestnut_Gall_Wasp",3.76167,51.23484
"Oriental_Chestnut_Gall_Wasp",5.41663,51.24906
"Oriental_Chestnut_Gall_Wasp",4.78948,50.94623
"Oriental_Chestnut_Gall_Wasp",5.16118,51.03922
"Oriental_Chestnut_Gall_Wasp",4.90167,51.08882
"Oriental_Chestnut_Gall_Wasp",4.97759,51.04383
"Oriental_Chestnut_Gall_Wasp",5.63012,50.93319
"Oriental_Chestnut_Gall_Wasp",5.62164,50.93444
"Oriental_Chestnut_Gall_Wasp",5.42065,51.23517
"Oriental_Chestnut_Gall_Wasp",3.13719,51.071
"Oriental_Chestnut_Gall_Wasp",4.40329,51.16891
"Oriental_Chestnut_Gall_Wasp",5.33556,50.9955
"Oriental_Chestnut_Gall_Wasp",5.52616,51.21628
"Oriental_Chestnut_Gall_Wasp",5.52607,51.21582
"Oriental_Chestnut_Gall_Wasp",5.66215,51.12666
"Oriental_Chestnut_Gall_Wasp",2.78987,50.87291
"Oriental_Chestnut_Gall_Wasp",5.00606,51.318
"Oriental_Chestnut_Gall_Wasp",5.46364,51.2377
"Oriental_Chestnut_Gall_Wasp",5.4894,51.25014
"Oriental_Chestnut_Gall_Wasp",5.40586,50.95973
"Oriental_Chestnut_Gall_Wasp",5.43759,50.94694
"Oriental_Chestnut_Gall_Wasp",5.66127,51.17809
"Oriental_Chestnut_Gall_Wasp",5.66197,51.17797
"Oriental_Chestnut_Gall_Wasp",3.69551,51.01334
"Oriental_Chestnut_Gall_Wasp",4.9339,51.04772
"Oriental_Chestnut_Gall_Wasp",4.30532,50.71284
"Oriental_Chestnut_Gall_Wasp",5.18601,51.23444
"Oriental_Chestnut_Gall_Wasp",4.19719,50.93229
"Oriental_Chestnut_Gall_Wasp",5.18601,51.23444
"Oriental_Chestnut_Gall_Wasp",3.51749,51.14304
"Oriental_Chestnut_Gall_Wasp",4.89175,51.08166
"Oriental_Chestnut_Gall_Wasp",4.8243,50.97612
"Oriental_Chestnut_Gall_Wasp",3.45688,51.04713
"Oriental_Chestnut_Gall_Wasp",3.32176,51.09279
"Oriental_Chestnut_Gall_Wasp",4.51833,50.98938
"Oriental_Chestnut_Gall_Wasp",3.93904,51.01734
"Oriental_Chestnut_Gall_Wasp",4.78899,50.94532
"Oriental_Chestnut_Gall_Wasp",4.79033,50.94588
"Oriental_Chestnut_Gall_Wasp",4.79756,50.94926
"Oriental_Chestnut_Gall_Wasp",4.77223,50.91381
"Oriental_Chestnut_Gall_Wasp",2.95501,51.07486
"Oriental_Chestnut_Gall_Wasp",4.80038,50.86218
"Oriental_Chestnut_Gall_Wasp",4.24979,51.03371
"Oriental_Chestnut_Gall_Wasp",4.33403,50.76753
"Oriental_Chestnut_Gall_Wasp",4.25581,51.03429
"Oriental_Chestnut_Gall_Wasp",4.76515,50.89719
"Oriental_Chestnut_Gall_Wasp",4.85239,50.91645
"Oriental_Chestnut_Gall_Wasp",4.84926,50.91858
"Oriental_Chestnut_Gall_Wasp",4.7447,50.91438
"Oriental_Chestnut_Gall_Wasp",5.14584,50.75259
"Oriental_Chestnut_Gall_Wasp",4.44577,51.00706
"Oriental_Chestnut_Gall_Wasp",4.74444,50.91332
"Oriental_Chestnut_Gall_Wasp",4.45004,51.12839
"Oriental_Chestnut_Gall_Wasp",3.65112,50.76825
"Oriental_Chestnut_Gall_Wasp",4.07126,51.1195
"Oriental_Chestnut_Gall_Wasp",3.57666,51.16706
"Oriental_Chestnut_Gall_Wasp",3.10952,51.15707
"Oriental_Chestnut_Gall_Wasp",5.70523,51.06226
"Oriental_Chestnut_Gall_Wasp",4.02061,50.94133
"Oriental_Chestnut_Gall_Wasp",5.06293,50.98212
"Oriental_Chestnut_Gall_Wasp",4.72785,50.90788
"Oriental_Chestnut_Gall_Wasp",4.73326,50.91018
"Oriental_Chestnut_Gall_Wasp",5.11915,51.19857
"Oriental_Chestnut_Gall_Wasp",4.26778,51.28395
"Oriental_Chestnut_Gall_Wasp",4.76514,50.91791
"Oriental_Chestnut_Gall_Wasp",3.71787,51.12447
"Oriental_Chestnut_Gall_Wasp",3.57874,51.16161
"Oriental_Chestnut_Gall_Wasp",4.87185,51.14205
"Oriental_Chestnut_Gall_Wasp",3.19171,50.84219
"Oriental_Chestnut_Gall_Wasp",4.79537,50.94669
"Oriental_Chestnut_Gall_Wasp",3.6453,51.07711
"Oriental_Chestnut_Gall_Wasp",4.71103,51.1294
"Oriental_Chestnut_Gall_Wasp",3.56813,51.16552
"Oriental_Chestnut_Gall_Wasp",4.9626,51.37824
"Oriental_Chestnut_Gall_Wasp",5.5275,50.84279
"Oriental_Chestnut_Gall_Wasp",3.05276,51.12548
"Oriental_Chestnut_Gall_Wasp",3.64529,51.07743
"Oriental_Chestnut_Gall_Wasp",4.4259,51.3468
"Oriental_Chestnut_Gall_Wasp",4.42462,51.34665
"Oriental_Chestnut_Gall_Wasp",3.5326,50.98972
"Oriental_Chestnut_Gall_Wasp",4.63307,51.03285
"Oriental_Chestnut_Gall_Wasp",5.62551,50.92404
"Oriental_Chestnut_Gall_Wasp",4.47278,51.04778
"Oriental_Chestnut_Gall_Wasp",3.45576,51.04707
"Oriental_Chestnut_Gall_Wasp",5.40073,51.11555
"Oriental_Chestnut_Gall_Wasp",4.10311,50.77694
"Oriental_Chestnut_Gall_Wasp",4.63319,51.0327
"Oriental_Chestnut_Gall_Wasp",4.74459,50.96548
"Oriental_Chestnut_Gall_Wasp",4.52694,51.0275
"Oriental_Chestnut_Gall_Wasp",4.41262,51.18094
"Oriental_Chestnut_Gall_Wasp",3.77445,50.76876
"Oriental_Chestnut_Gall_Wasp",3.27529,51.16804
"Oriental_Chestnut_Gall_Wasp",3.77452,50.76875
"Oriental_Chestnut_Gall_Wasp",3.46637,51.15343
"Oriental_Chestnut_Gall_Wasp",3.32603,51.09414
"Oriental_Chestnut_Gall_Wasp",4.29045,50.74522
"Oriental_Chestnut_Gall_Wasp",4.59739,51.31365
"Oriental_Chestnut_Gall_Wasp",3.56573,51.05994
"Oriental_Chestnut_Gall_Wasp",4.45093,51.12814
"Oriental_Chestnut_Gall_Wasp",5.03313,51.22186
"Oriental_Chestnut_Gall_Wasp",4.7582,50.95124
"Oriental_Chestnut_Gall_Wasp",5.05369,51.24504
"Oriental_Chestnut_Gall_Wasp",4.42588,51.34667
"Oriental_Chestnut_Gall_Wasp",5.216,50.86133
"Oriental_Chestnut_Gall_Wasp",4.77476,50.95652
"Oriental_Chestnut_Gall_Wasp",4.9672,51.01269
"Oriental_Chestnut_Gall_Wasp",3.31971,51.08785
"Oriental_Chestnut_Gall_Wasp",5.04919,50.87636
"Oriental_Chestnut_Gall_Wasp",3.69945,51.02441
"Oriental_Chestnut_Gall_Wasp",4.74258,50.91084
"Oriental_Chestnut_Gall_Wasp",4.77219,50.90784
"Oriental_Chestnut_Gall_Wasp",5.59788,50.91391
"Oriental_Chestnut_Gall_Wasp",4.87614,50.94726
"Oriental_Chestnut_Gall_Wasp",4.95855,51.01112
"Oriental_Chestnut_Gall_Wasp",3.39292,51.08895
"Oriental_Chestnut_Gall_Wasp",5.16538,51.22368
"Oriental_Chestnut_Gall_Wasp",3.7034,50.80408
"Oriental_Chestnut_Gall_Wasp",5.38939,51.24195
"Oriental_Chestnut_Gall_Wasp",3.31847,51.11205
"Oriental_Chestnut_Gall_Wasp",3.64672,51.07872
"Oriental_Chestnut_Gall_Wasp",3.19144,51.1797
"Oriental_Chestnut_Gall_Wasp",3.31381,50.84863
"Oriental_Chestnut_Gall_Wasp",3.62705,51.18117
"Oriental_Chestnut_Gall_Wasp",3.5326,50.98972
"Oriental_Chestnut_Gall_Wasp",4.85955,51.20256
"Oriental_Chestnut_Gall_Wasp",4.82645,50.97452
"Oriental_Chestnut_Gall_Wasp",4.97188,51.03881
"Oriental_Chestnut_Gall_Wasp",4.85696,50.92522
"Oriental_Chestnut_Gall_Wasp",3.51941,51.14362
"Oriental_Chestnut_Gall_Wasp",5.69523,51.17333
"Oriental_Chestnut_Gall_Wasp",4.31617,51.14856
"Oriental_Chestnut_Gall_Wasp",5.41662,51.24898
"Oriental_Chestnut_Gall_Wasp",4.98784,51.03674
"Oriental_Chestnut_Gall_Wasp",5.32499,50.88656
"Oriental_Chestnut_Gall_Wasp",5.42124,51.2352
"Oriental_Chestnut_Gall_Wasp",5.42033,51.23525
"Oriental_Chestnut_Gall_Wasp",4.40198,51.16845
"Oriental_Chestnut_Gall_Wasp",5.53976,51.21089
"Oriental_Chestnut_Gall_Wasp",5.52581,51.21586
"Oriental_Chestnut_Gall_Wasp",3.19138,50.8428
"Oriental_Chestnut_Gall_Wasp",4.87824,51.19411
"Oriental_Chestnut_Gall_Wasp",5.48997,51.25029
"Oriental_Chestnut_Gall_Wasp",5.53265,51.23925
"Oriental_Chestnut_Gall_Wasp",3.31868,50.84623
"Oriental_Chestnut_Gall_Wasp",5.41276,51.24328
"Oriental_Chestnut_Gall_Wasp",5.22699,50.98483
"Oriental_Chestnut_Gall_Wasp",3.80412,50.97575
"Oriental_Chestnut_Gall_Wasp",4.96055,51.35775
"Oriental_Chestnut_Gall_Wasp",4.94182,51.35633
"Oriental_Chestnut_Gall_Wasp",4.9283,51.05801
"Oriental_Chestnut_Gall_Wasp",5.04409,51.22677
"Oriental_Chestnut_Gall_Wasp",5.08724,51.13489
"Oriental_Chestnut_Gall_Wasp",5.00235,51.04551
"Oriental_Chestnut_Gall_Wasp",5.03266,51.229
"Oriental_Chestnut_Gall_Wasp",4.40916,50.79439
"Oriental_Chestnut_Gall_Wasp",4.44132,50.98341
"Oriental_Chestnut_Gall_Wasp",3.6377,50.78351
"Oriental_Chestnut_Gall_Wasp",4.77583,50.91516
"Oriental_Chestnut_Gall_Wasp",5.03295,51.222
"Oriental_Chestnut_Gall_Wasp",4.2719,51.0388
"Oriental_Chestnut_Gall_Wasp",3.51747,51.14306
"Oriental_Chestnut_Gall_Wasp",4.45058,51.12796
"Oriental_Chestnut_Gall_Wasp",4.04004,50.77348
"Oriental_Chestnut_Gall_Wasp",3.40368,51.20916
"Oriental_Chestnut_Gall_Wasp",4.77909,50.91673
"Oriental_Chestnut_Gall_Wasp",4.78919,50.94536
"Oriental_Chestnut_Gall_Wasp",4.78919,50.94536
"Oriental_Chestnut_Gall_Wasp",4.61146,50.87902
"Oriental_Chestnut_Gall_Wasp",4.72308,50.86466
"Oriental_Chestnut_Gall_Wasp",4.77563,50.91511
"Oriental_Chestnut_Gall_Wasp",4.7711,50.92657
"Oriental_Chestnut_Gall_Wasp",5.11184,51.20719
"Oriental_Chestnut_Gall_Wasp",4.33028,50.99083
"Oriental_Chestnut_Gall_Wasp",4.09207,50.71004
"Oriental_Chestnut_Gall_Wasp",4.7677,51.24929
"Oriental_Chestnut_Gall_Wasp",3.32893,51.076
"Oriental_Chestnut_Gall_Wasp",2.95935,51.0687
"Oriental_Chestnut_Gall_Wasp",3.57007,51.16614
"Oriental_Chestnut_Gall_Wasp",3.13355,50.92606
"Oriental_Chestnut_Gall_Wasp",3.45261,51.04647
"Oriental_Chestnut_Gall_Wasp",3.15564,51.17432
"Oriental_Chestnut_Gall_Wasp",3.23529,51.12127
"Oriental_Chestnut_Gall_Wasp",5.173,50.98526
"Oriental_Chestnut_Gall_Wasp",3.89558,51.14504
"Oriental_Chestnut_Gall_Wasp",4.33856,51.07565
"Oriental_Chestnut_Gall_Wasp",4.60405,51.21916
"Oriental_Chestnut_Gall_Wasp",4.76469,50.89777
"Oriental_Chestnut_Gall_Wasp",4.48233,51.0384
"Oriental_Chestnut_Gall_Wasp",5.05613,50.877
"Oriental_Chestnut_Gall_Wasp",4.84502,50.95989
"Oriental_Chestnut_Gall_Wasp",3.11301,51.14718
"Oriental_Chestnut_Gall_Wasp",3.11291,51.14748
"Oriental_Chestnut_Gall_Wasp",4.23151,50.85552
"Oriental_Chestnut_Gall_Wasp",3.6152,50.83588
"Oriental_Chestnut_Gall_Wasp",3.93758,50.76895
"Oriental_Chestnut_Gall_Wasp",4.51694,51.00194
"Oriental_Chestnut_Gall_Wasp",4.87934,51.21078
"Oriental_Chestnut_Gall_Wasp",4.77239,51.04206
"Oriental_Chestnut_Gall_Wasp",4.82358,50.97566
"Oriental_Chestnut_Gall_Wasp",4.96229,51.02616
"Oriental_Chestnut_Gall_Wasp",3.75209,50.97607
"Oriental_Chestnut_Gall_Wasp",4.44194,51.3625
"Oriental_Chestnut_Gall_Wasp",3.19073,50.84196
"Oriental_Chestnut_Gall_Wasp",3.25457,51.15682
"Oriental_Chestnut_Gall_Wasp",4.96042,51.37841
"Oriental_Chestnut_Gall_Wasp",3.78598,50.92632
"Oriental_Chestnut_Gall_Wasp",5.12438,51.3147
"Oriental_Chestnut_Gall_Wasp",4.67874,50.83136
"Oriental_Chestnut_Gall_Wasp",3.65313,51.07944
"Oriental_Chestnut_Gall_Wasp",3.65344,51.06945
"Oriental_Chestnut_Gall_Wasp",5.10428,51.30516
"Oriental_Chestnut_Gall_Wasp",4.76232,50.95214
"Oriental_Chestnut_Gall_Wasp",5.37651,50.95947
"Oriental_Chestnut_Gall_Wasp",3.85961,50.91479
"Oriental_Chestnut_Gall_Wasp",3.97178,50.93653
"Oriental_Chestnut_Gall_Wasp",2.98749,50.84986
"Oriental_Chestnut_Gall_Wasp",3.38138,50.97684
"Oriental_Chestnut_Gall_Wasp",4.81981,50.96938
"Oriental_Chestnut_Gall_Wasp",4.80029,50.97847
"Oriental_Chestnut_Gall_Wasp",4.45395,51.37484
"Oriental_Chestnut_Gall_Wasp",4.41106,51.33675
"Oriental_Chestnut_Gall_Wasp",4.2976,50.85348
"Oriental_Chestnut_Gall_Wasp",3.9348,50.78099
"Oriental_Chestnut_Gall_Wasp",5.19704,51.22989
"Oriental_Chestnut_Gall_Wasp",4.27846,51.04525
"Oriental_Chestnut_Gall_Wasp",3.31473,51.10987
"Oriental_Chestnut_Gall_Wasp",4.44974,51.16626
"Oriental_Chestnut_Gall_Wasp",4.79851,50.94695
"Oriental_Chestnut_Gall_Wasp",3.25908,51.20758
"Oriental_Chestnut_Gall_Wasp",3.16545,51.16867
"Oriental_Chestnut_Gall_Wasp",5.30611,50.97656
"Oriental_Chestnut_Gall_Wasp",5.2176,50.85369
"Oriental_Chestnut_Gall_Wasp",5.4578,51.00665
"Oriental_Chestnut_Gall_Wasp",4.77252,50.91382
"Oriental_Chestnut_Gall_Wasp",3.63782,50.8441
"Oriental_Chestnut_Gall_Wasp",3.30546,50.76866
"Oriental_Chestnut_Gall_Wasp",4.59303,50.82874
"Oriental_Chestnut_Gall_Wasp",3.32107,50.8571
"Oriental_Chestnut_Gall_Wasp",3.04441,51.07948
"Oriental_Chestnut_Gall_Wasp",5.32499,50.88656
"Oriental_Chestnut_Gall_Wasp",5.42165,51.23505
"Oriental_Chestnut_Gall_Wasp",5.53994,51.21114
"Oriental_Chestnut_Gall_Wasp",5.24432,51.01635
"Oriental_Chestnut_Gall_Wasp",5.5261,51.21639
"Oriental_Chestnut_Gall_Wasp",5.52615,51.21628
"Oriental_Chestnut_Gall_Wasp",5.52608,51.21572
"Oriental_Chestnut_Gall_Wasp",5.40422,51.23661
"Oriental_Chestnut_Gall_Wasp",5.66207,51.12666
"Oriental_Chestnut_Gall_Wasp",3.19145,50.84275
"Oriental_Chestnut_Gall_Wasp",5.13712,51.1513
"Oriental_Chestnut_Gall_Wasp",3.08253,51.09296
"Oriental_Chestnut_Gall_Wasp",3.26965,50.8045
"Oriental_Chestnut_Gall_Wasp",5.49379,51.25237
"Oriental_Chestnut_Gall_Wasp",3.39026,50.94115
"Oriental_Chestnut_Gall_Wasp",5.47257,51.23091
"Oriental_Chestnut_Gall_Wasp",5.40398,50.95844
"Oriental_Chestnut_Gall_Wasp",5.42896,50.93335
"Oriental_Chestnut_Gall_Wasp",3.79576,50.97523
"Oriental_Chestnut_Gall_Wasp",5.42872,50.96573
"Oriental_Chestnut_Gall_Wasp",3.28482,50.8362
"Oriental_Chestnut_Gall_Wasp",5.5431,50.90064
"Oriental_Chestnut_Gall_Wasp",5.03695,51.2315
"Oriental_Chestnut_Gall_Wasp",5.0239,51.22354
"Oriental_Chestnut_Gall_Wasp",4.92853,51.05711
"Oriental_Chestnut_Gall_Wasp",5.03636,51.13618
"Oriental_Chestnut_Gall_Wasp",3.16452,51.16884
"Oriental_Chestnut_Gall_Wasp",4.77188,50.91107
"Oriental_Chestnut_Gall_Wasp",3.15155,51.17471
"Oriental_Chestnut_Gall_Wasp",5.18613,51.23439
"Oriental_Chestnut_Gall_Wasp",4.43637,50.98439
"Oriental_Chestnut_Gall_Wasp",4.3894,50.90581
"Oriental_Chestnut_Gall_Wasp",3.51749,51.14304
"Oriental_Chestnut_Gall_Wasp",5.0489,50.92682
"Oriental_Chestnut_Gall_Wasp",4.91801,51.06795
"Oriental_Chestnut_Gall_Wasp",3.93643,50.76888
"Oriental_Chestnut_Gall_Wasp",3.71753,51.10922
"Oriental_Chestnut_Gall_Wasp",4.88922,50.77194
"Oriental_Chestnut_Gall_Wasp",4.83254,50.93853
"Oriental_Chestnut_Gall_Wasp",3.64227,50.83743
"Oriental_Chestnut_Gall_Wasp",4.2744,51.03611
"Oriental_Chestnut_Gall_Wasp",4.79018,50.94572
"Oriental_Chestnut_Gall_Wasp",4.40152,50.99019
"Oriental_Chestnut_Gall_Wasp",3.09722,50.85268
"Oriental_Chestnut_Gall_Wasp",5.05137,50.87706
"Oriental_Chestnut_Gall_Wasp",5.03278,51.22197
"Oriental_Chestnut_Gall_Wasp",4.23699,51.21261
"Oriental_Chestnut_Gall_Wasp",4.33413,50.76719
"Oriental_Chestnut_Gall_Wasp",4.84717,50.91714
"Oriental_Chestnut_Gall_Wasp",4.39549,51.05239
"Oriental_Chestnut_Gall_Wasp",3.14864,51.17656
"Oriental_Chestnut_Gall_Wasp",4.5541,50.80166
"Oriental_Chestnut_Gall_Wasp",4.84852,50.89539
"Oriental_Chestnut_Gall_Wasp",3.10641,50.99525
"Oriental_Chestnut_Gall_Wasp",3.22845,51.08639
"Oriental_Chestnut_Gall_Wasp",4.76643,50.90512
"Oriental_Chestnut_Gall_Wasp",4.60614,51.14426
"Oriental_Chestnut_Gall_Wasp",4.48272,51.03873
"Oriental_Chestnut_Gall_Wasp",4.30703,50.70931
"Oriental_Chestnut_Gall_Wasp",3.28767,51.1107
"Oriental_Chestnut_Gall_Wasp",3.18037,51.17617
"Oriental_Chestnut_Gall_Wasp",3.13553,51.0712
"Oriental_Chestnut_Gall_Wasp",3.32897,51.07639
"Oriental_Chestnut_Gall_Wasp",4.44866,51.39405
"Oriental_Chestnut_Gall_Wasp",4.74854,50.81779
"Oriental_Chestnut_Gall_Wasp",3.90151,51.00902
"Oriental_Chestnut_Gall_Wasp",3.47609,51.06849
"Oriental_Chestnut_Gall_Wasp",4.77507,50.91472
"Oriental_Chestnut_Gall_Wasp",3.1663,51.1727
"Oriental_Chestnut_Gall_Wasp",3.18055,51.1096
"Oriental_Chestnut_Gall_Wasp",3.76995,50.99115
"Oriental_Chestnut_Gall_Wasp",4.85104,50.91407
"Oriental_Chestnut_Gall_Wasp",4.02972,50.76278
"Oriental_Chestnut_Gall_Wasp",4.85061,51.09659
"Oriental_Chestnut_Gall_Wasp",5.16028,51.25194
"Oriental_Chestnut_Gall_Wasp",4.28493,50.70959
"Oriental_Chestnut_Gall_Wasp",4.47263,51.04791
"Oriental_Chestnut_Gall_Wasp",4.68725,50.84421
"Oriental_Chestnut_Gall_Wasp",4.95707,51.02457
"Oriental_Chestnut_Gall_Wasp",4.96574,51.01714
"Oriental_Chestnut_Gall_Wasp",4.80888,50.99247
"Oriental_Chestnut_Gall_Wasp",3.32014,51.09413
"Oriental_Chestnut_Gall_Wasp",3.29439,51.10926
"Oriental_Chestnut_Gall_Wasp",3.31583,51.12639
"Oriental_Chestnut_Gall_Wasp",3.24176,51.11914
"Oriental_Chestnut_Gall_Wasp",3.64645,51.07884
"Oriental_Chestnut_Gall_Wasp",3.22577,51.08633
"Oriental_Chestnut_Gall_Wasp",3.87471,50.75253
"Oriental_Chestnut_Gall_Wasp",4.91249,51.38444
"Oriental_Chestnut_Gall_Wasp",3.62355,51.07645
"Oriental_Chestnut_Gall_Wasp",5.04617,51.22555
"Oriental_Chestnut_Gall_Wasp",5.40626,51.10441
"Oriental_Chestnut_Gall_Wasp",4.42113,51.13364
"Oriental_Chestnut_Gall_Wasp",4.42683,51.34868
"Oriental_Chestnut_Gall_Wasp",5.0358,51.33059
"Oriental_Chestnut_Gall_Wasp",4.74474,50.81579
"Oriental_Chestnut_Gall_Wasp",4.94559,51.29138
"Oriental_Chestnut_Gall_Wasp",3.20026,51.15776
"Oriental_Chestnut_Gall_Wasp",4.38408,51.35326
"Oriental_Chestnut_Gall_Wasp",5.16137,51.26559
"Oriental_Chestnut_Gall_Wasp",4.39426,50.90362
"Oriental_Chestnut_Gall_Wasp",4.13317,51.14315
"Oriental_Chestnut_Gall_Wasp",3.78513,50.98934
"Oriental_Chestnut_Gall_Wasp",4.76294,50.95178
"Oriental_Chestnut_Gall_Wasp",4.76757,50.95254
"Oriental_Chestnut_Gall_Wasp",5.03575,51.33062
"Oriental_Chestnut_Gall_Wasp",3.6495,50.7669
"Oriental_Chestnut_Gall_Wasp",5.18109,50.8783
"Oriental_Chestnut_Gall_Wasp",3.66505,50.90615
"Oriental_Chestnut_Gall_Wasp",4.25525,51.03403
"Oriental_Chestnut_Gall_Wasp",3.76164,51.23482
"Oriental_Chestnut_Gall_Wasp",3.70107,51.10441
"Oriental_Chestnut_Gall_Wasp",5.65536,50.99141
"Oriental_Chestnut_Gall_Wasp",3.31388,50.84927
"Oriental_Chestnut_Gall_Wasp",3.23651,50.96048
"Oriental_Chestnut_Gall_Wasp",3.34434,51.07718
"Oriental_Chestnut_Gall_Wasp",5.04919,50.87636
"Oriental_Chestnut_Gall_Wasp",3.37597,51.07505
"Oriental_Chestnut_Gall_Wasp",5.06424,51.12696
"Oriental_Chestnut_Gall_Wasp",4.92295,51.24102
"Oriental_Chestnut_Gall_Wasp",3.04637,51.07885
"Oriental_Chestnut_Gall_Wasp",4.74269,50.91166
"Oriental_Chestnut_Gall_Wasp",4.23511,51.21303
"Oriental_Chestnut_Gall_Wasp",4.67983,51.0205
"Oriental_Chestnut_Gall_Wasp",5.03999,50.9833
"Oriental_Chestnut_Gall_Wasp",3.1609,51.17199
"Oriental_Chestnut_Gall_Wasp",5.14442,51.02937
"Oriental_Chestnut_Gall_Wasp",3.52005,51.14336
"Oriental_Chestnut_Gall_Wasp",4.95846,51.01106
"Oriental_Chestnut_Gall_Wasp",5.04051,50.98301
"Oriental_Chestnut_Gall_Wasp",3.61249,51.18146
"Oriental_Chestnut_Gall_Wasp",4.82349,50.97384
"Oriental_Chestnut_Gall_Wasp",3.20388,51.1957
"Oriental_Chestnut_Gall_Wasp",3.87989,50.75179
"Oriental_Chestnut_Gall_Wasp",3.39187,50.94047
"Oriental_Chestnut_Gall_Wasp",4.97227,51.0363
"Oriental_Chestnut_Gall_Wasp",4.7705,50.90875
"Oriental_Chestnut_Gall_Wasp",3.04431,51.07927
"Oriental_Chestnut_Gall_Wasp",4.40548,51.19448
"Oriental_Chestnut_Gall_Wasp",5.13768,51.15083
"Oriental_Chestnut_Gall_Wasp",3.32664,51.1083
"Oriental_Chestnut_Gall_Wasp",3.39006,50.94091
"Oriental_Chestnut_Gall_Wasp",3.39122,50.9088
"Oriental_Chestnut_Gall_Wasp",4.40369,51.17922
"Oriental_Chestnut_Gall_Wasp",4.76773,50.91549
"Oriental_Chestnut_Gall_Wasp",3.34616,51.08308
"Oriental_Chestnut_Gall_Wasp",4.82365,50.97696
"Oriental_Chestnut_Gall_Wasp",3.76167,51.23484
"Oriental_Chestnut_Gall_Wasp",4.82036,50.97517
"Oriental_Chestnut_Gall_Wasp",5.00204,51.04512
"Oriental_Chestnut_Gall_Wasp",3.82696,50.86975
"Oriental_Chestnut_Gall_Wasp",4.96563,51.38203
"Oriental_Chestnut_Gall_Wasp",4.98745,51.03582
"Oriental_Chestnut_Gall_Wasp",5.39549,51.24382
"Oriental_Chestnut_Gall_Wasp",5.05978,51.12926
"Oriental_Chestnut_Gall_Wasp",5.42093,51.23517
"Oriental_Chestnut_Gall_Wasp",5.42066,51.23522
"Oriental_Chestnut_Gall_Wasp",5.42025,51.23524
"Oriental_Chestnut_Gall_Wasp",4.4029,51.16904
"Oriental_Chestnut_Gall_Wasp",5.53972,51.21081
"Oriental_Chestnut_Gall_Wasp",5.52512,51.21515
"Oriental_Chestnut_Gall_Wasp",5.52634,51.21621
"Oriental_Chestnut_Gall_Wasp",5.48818,51.23423
"Oriental_Chestnut_Gall_Wasp",5.43074,51.22389
"Oriental_Chestnut_Gall_Wasp",3.2365,50.96019
"Oriental_Chestnut_Gall_Wasp",5.49469,51.2531
"Oriental_Chestnut_Gall_Wasp",5.50521,51.24013
"Oriental_Chestnut_Gall_Wasp",5.4204,51.23268
"Oriental_Chestnut_Gall_Wasp",4.96296,51.03361
"Oriental_Chestnut_Gall_Wasp",5.41899,50.9646
"Oriental_Chestnut_Gall_Wasp",5.0625,50.982
"Oriental_Chestnut_Gall_Wasp",5.35819,50.93175
"Oriental_Chestnut_Gall_Wasp",5.42883,50.96578
"Oriental_Chestnut_Gall_Wasp",5.05577,50.87693
"Oriental_Chestnut_Gall_Wasp",3.21451,50.78918
"Oriental_Chestnut_Gall_Wasp",5.6556,51.1797
"Oriental_Chestnut_Gall_Wasp",5.30827,50.94482
"Oriental_Chestnut_Gall_Wasp",5.12975,51.19442
"Oriental_Chestnut_Gall_Wasp",4.74199,50.90697
"Oriental_Chestnut_Gall_Wasp",3.92837,50.93453
"Oriental_Chestnut_Gall_Wasp",4.7776,50.91579
"Oriental_Chestnut_Gall_Wasp",5.18619,51.23441
"Oriental_Chestnut_Gall_Wasp",3.51749,51.14304
"Oriental_Chestnut_Gall_Wasp",4.33397,50.76731
"Oriental_Chestnut_Gall_Wasp",4.15617,50.93352
"Oriental_Chestnut_Gall_Wasp",5.05843,50.98465
"Oriental_Chestnut_Gall_Wasp",4.83256,50.93855
"Oriental_Chestnut_Gall_Wasp",4.36428,51.13412
"Oriental_Chestnut_Gall_Wasp",3.67491,51.1194
"Oriental_Chestnut_Gall_Wasp",3.09643,50.84823
"Oriental_Chestnut_Gall_Wasp",3.46857,50.89164
"Oriental_Chestnut_Gall_Wasp",3.22794,51.08623
"Oriental_Chestnut_Gall_Wasp",4.84111,50.85392
"Oriental_Chestnut_Gall_Wasp",4.25537,51.03417
"Oriental_Chestnut_Gall_Wasp",4.86146,50.91428
"Oriental_Chestnut_Gall_Wasp",4.75686,51.39294
"Oriental_Chestnut_Gall_Wasp",3.10072,51.14147
"Oriental_Chestnut_Gall_Wasp",4.72116,50.86668
"Oriental_Chestnut_Gall_Wasp",3.78652,51.06413
"Oriental_Chestnut_Gall_Wasp",4.51631,50.9884
"Oriental_Chestnut_Gall_Wasp",5.0122,51.29547
"Oriental_Chestnut_Gall_Wasp",3.10074,51.14134
"Oriental_Chestnut_Gall_Wasp",3.07693,51.09454
"Oriental_Chestnut_Gall_Wasp",3.69352,51.08262
"Oriental_Chestnut_Gall_Wasp",4.63478,50.95309
"Oriental_Chestnut_Gall_Wasp",4.75983,50.88344
"Oriental_Chestnut_Gall_Wasp",4.5542,50.86204
"Oriental_Chestnut_Gall_Wasp",3.6489,50.83394
"Oriental_Chestnut_Gall_Wasp",3.85577,50.90693
"Oriental_Chestnut_Gall_Wasp",3.8284,50.99562
"Oriental_Chestnut_Gall_Wasp",3.64175,50.8376
"Oriental_Chestnut_Gall_Wasp",4.92925,51.05518
"Oriental_Chestnut_Gall_Wasp",3.2825,51.05461
"Oriental_Chestnut_Gall_Wasp",3.25803,51.16113
"Oriental_Chestnut_Gall_Wasp",4.33854,51.07567
"Oriental_Chestnut_Gall_Wasp",5.04586,51.22421
"Oriental_Chestnut_Gall_Wasp",4.59943,51.20281
"Oriental_Chestnut_Gall_Wasp",4.97227,51.03646
"Oriental_Chestnut_Gall_Wasp",4.69867,50.84426
"Oriental_Chestnut_Gall_Wasp",4.63498,50.95288
"Oriental_Chestnut_Gall_Wasp",5.18872,51.23399
"Oriental_Chestnut_Gall_Wasp",3.6954,51.08108
"Oriental_Chestnut_Gall_Wasp",4.84653,50.84829
"Oriental_Chestnut_Gall_Wasp",4.97816,50.90888
"Oriental_Chestnut_Gall_Wasp",4.27318,51.03903
"Oriental_Chestnut_Gall_Wasp",3.65113,50.99542
"Oriental_Chestnut_Gall_Wasp",5.03556,51.33067
"Oriental_Chestnut_Gall_Wasp",3.20495,51.15737
"Oriental_Chestnut_Gall_Wasp",3.50747,50.88926
"Oriental_Chestnut_Gall_Wasp",5.32034,51.00221
"Oriental_Chestnut_Gall_Wasp",4.82407,50.97609
"Oriental_Chestnut_Gall_Wasp",4.76094,50.95267
"Oriental_Chestnut_Gall_Wasp",4.76314,50.95162
"Oriental_Chestnut_Gall_Wasp",3.6653,50.90641
"Oriental_Chestnut_Gall_Wasp",3.71742,51.03401
"Oriental_Chestnut_Gall_Wasp",2.97924,50.82216
"Oriental_Chestnut_Gall_Wasp",4.97249,51.03782
"Oriental_Chestnut_Gall_Wasp",3.64528,51.07084
"Oriental_Chestnut_Gall_Wasp",5.04944,51.26278
"Oriental_Chestnut_Gall_Wasp",4.72314,50.9059
"Oriental_Chestnut_Gall_Wasp",5.08946,51.4224
"Oriental_Chestnut_Gall_Wasp",4.99699,51.04493
"Oriental_Chestnut_Gall_Wasp",5.03521,50.7959
"Oriental_Chestnut_Gall_Wasp",4.42192,51.34043
"Oriental_Chestnut_Gall_Wasp",3.25954,51.15991
"Oriental_Chestnut_Gall_Wasp",4.83273,51.27987
"Oriental_Chestnut_Gall_Wasp",3.50855,51.13857
"Oriental_Chestnut_Gall_Wasp",3.79161,51.0386
"Oriental_Chestnut_Gall_Wasp",4.45566,51.36082
"Oriental_Chestnut_Gall_Wasp",4.67427,50.80531
"Oriental_Chestnut_Gall_Wasp",3.6388,50.78363
"Oriental_Chestnut_Gall_Wasp",5.68878,51.04783
"Oriental_Chestnut_Gall_Wasp",3.7166,51.06001
"Oriental_Chestnut_Gall_Wasp",4.51871,50.99909
"Oriental_Chestnut_Gall_Wasp",2.91763,50.81876
"Oriental_Chestnut_Gall_Wasp",3.51737,51.14284
"Oriental_Chestnut_Gall_Wasp",4.94969,50.95584
"Oriental_Chestnut_Gall_Wasp",4.77767,50.95853
"Oriental_Chestnut_Gall_Wasp",4.78222,50.93056
"Oriental_Chestnut_Gall_Wasp",2.9262,50.81658
"Oriental_Chestnut_Gall_Wasp",4.45022,51.15653
"Oriental_Chestnut_Gall_Wasp",4.5357,51.20074
"Oriental_Chestnut_Gall_Wasp",4.41303,51.07287
"Oriental_Chestnut_Gall_Wasp",3.4788,50.9655
"Oriental_Chestnut_Gall_Wasp",4.0394,50.93388
"Oriental_Chestnut_Gall_Wasp",5.00128,51.04441
"Oriental_Chestnut_Gall_Wasp",4.99998,51.0456
"Oriental_Chestnut_Gall_Wasp",4.44248,51.15608
"Oriental_Chestnut_Gall_Wasp",4.96214,51.02791
"Oriental_Chestnut_Gall_Wasp",4.57736,51.13287
"Oriental_Chestnut_Gall_Wasp",5.18416,51.00545
"Oriental_Chestnut_Gall_Wasp",4.04188,50.93561
"Oriental_Chestnut_Gall_Wasp",4.81986,50.96796
"Oriental_Chestnut_Gall_Wasp",5.08328,51.15641
"Oriental_Chestnut_Gall_Wasp",4.9759,51.0441
"Oriental_Chestnut_Gall_Wasp",4.98746,51.03588
"Oriental_Chestnut_Gall_Wasp",2.96493,51.07328
"Oriental_Chestnut_Gall_Wasp",5.63012,50.93319
"Oriental_Chestnut_Gall_Wasp",5.42161,51.23513
"Oriental_Chestnut_Gall_Wasp",3.20834,51.1876
"Oriental_Chestnut_Gall_Wasp",4.40333,51.16844
"Oriental_Chestnut_Gall_Wasp",5.56242,51.03445
"Oriental_Chestnut_Gall_Wasp",5.52583,51.21596
"Oriental_Chestnut_Gall_Wasp",5.52595,51.21555
"Oriental_Chestnut_Gall_Wasp",5.07798,51.1568
"Oriental_Chestnut_Gall_Wasp",5.0006,51.3207
"Oriental_Chestnut_Gall_Wasp",5.43097,51.22399
"Oriental_Chestnut_Gall_Wasp",5.48728,51.24981
"Oriental_Chestnut_Gall_Wasp",5.42037,51.23259
"Oriental_Chestnut_Gall_Wasp",5.43283,50.91836
"Oriental_Chestnut_Gall_Wasp",5.43283,50.91836
"Oriental_Chestnut_Gall_Wasp",5.06254,50.98163
"Oriental_Chestnut_Gall_Wasp",4.01899,51.10248
"Oriental_Chestnut_Gall_Wasp",5.37384,50.96021
"Oriental_Chestnut_Gall_Wasp",5.66137,51.17797
"Oriental_Chestnut_Gall_Wasp",5.37541,50.96122
"Oriental_Chestnut_Gall_Wasp",3.09169,51.11823
"Oriental_Chestnut_Gall_Wasp",5.0733,51.15546
"Oriental_Chestnut_Gall_Wasp",4.67165,50.83658
"Oriental_Chestnut_Gall_Wasp",3.46032,51.00437
"Oriental_Chestnut_Gall_Wasp",4.77086,50.91155
"Oriental_Chestnut_Gall_Wasp",5.0318,51.22182
"Oriental_Chestnut_Gall_Wasp",4.09764,50.7126
"Oriental_Chestnut_Gall_Wasp",4.34536,50.75675
"Oriental_Chestnut_Gall_Wasp",3.15963,51.17269
"Oriental_Chestnut_Gall_Wasp",4.74312,50.87618
"Oriental_Chestnut_Gall_Wasp",4.07676,51.12108
"Oriental_Chestnut_Gall_Wasp",4.70685,50.86815
"Oriental_Chestnut_Gall_Wasp",3.23341,51.27573
"Oriental_Chestnut_Gall_Wasp",4.92854,50.77634
"Oriental_Chestnut_Gall_Wasp",4.76446,50.89769
"Oriental_Chestnut_Gall_Wasp",4.76423,50.89777
"Oriental_Chestnut_Gall_Wasp",4.78084,50.88037
"Oriental_Chestnut_Gall_Wasp",4.7414,50.89198
"Oriental_Chestnut_Gall_Wasp",3.72223,51.06443
"Oriental_Chestnut_Gall_Wasp",5.06281,50.9819
"Oriental_Chestnut_Gall_Wasp",4.78778,50.94501
"Oriental_Chestnut_Gall_Wasp",5.59433,50.91085
"Oriental_Chestnut_Gall_Wasp",5.44712,51.03147
"Oriental_Chestnut_Gall_Wasp",3.72539,51.18936
"Oriental_Chestnut_Gall_Wasp",3.15348,51.17035
"Oriental_Chestnut_Gall_Wasp",3.09997,51.14612
"Oriental_Chestnut_Gall_Wasp",4.38625,51.35241
"Oriental_Chestnut_Gall_Wasp",4.68829,50.83527
"Oriental_Chestnut_Gall_Wasp",4.47776,51.26859
"Oriental_Chestnut_Gall_Wasp",4.7771,50.9159
"Oriental_Chestnut_Gall_Wasp",4.6086,50.80095
"Oriental_Chestnut_Gall_Wasp",5.13702,51.15063
"Oriental_Chestnut_Gall_Wasp",3.28249,51.05463
"Oriental_Chestnut_Gall_Wasp",4.47279,51.04775
"Oriental_Chestnut_Gall_Wasp",3.58086,51.16413
"Oriental_Chestnut_Gall_Wasp",4.80122,50.95016
"Oriental_Chestnut_Gall_Wasp",4.78673,50.94605
"Oriental_Chestnut_Gall_Wasp",4.07659,51.12683
"Oriental_Chestnut_Gall_Wasp",4.67807,50.81335
"Oriental_Chestnut_Gall_Wasp",4.54261,50.96553
"Oriental_Chestnut_Gall_Wasp",4.81625,50.97208
"Oriental_Chestnut_Gall_Wasp",3.69503,51.08107
"Oriental_Chestnut_Gall_Wasp",4.79609,50.97161
"Oriental_Chestnut_Gall_Wasp",5.25149,50.97612
"Oriental_Chestnut_Gall_Wasp",5.16086,51.24945
"Oriental_Chestnut_Gall_Wasp",3.69485,51.08314
"Oriental_Chestnut_Gall_Wasp",3.6472,50.8528
"Oriental_Chestnut_Gall_Wasp",3.57837,51.16233
"Oriental_Chestnut_Gall_Wasp",3.16303,51.16078
"Oriental_Chestnut_Gall_Wasp",3.44595,51.16105
"Oriental_Chestnut_Gall_Wasp",4.4725,51.04778
"Oriental_Chestnut_Gall_Wasp",4.47235,51.21279
"Oriental_Chestnut_Gall_Wasp",5.13637,51.15076
"Oriental_Chestnut_Gall_Wasp",4.97241,51.03781
"Oriental_Chestnut_Gall_Wasp",5.18937,51.23444
"Oriental_Chestnut_Gall_Wasp",3.87601,50.75385
"Oriental_Chestnut_Gall_Wasp",4.4392,51.33563
"Oriental_Chestnut_Gall_Wasp",3.63365,51.07807
"Oriental_Chestnut_Gall_Wasp",5.58667,50.89194
"Oriental_Chestnut_Gall_Wasp",3.40681,51.0811
"Oriental_Chestnut_Gall_Wasp",3.65364,51.06932
"Oriental_Chestnut_Gall_Wasp",5.05041,51.11811
"Oriental_Chestnut_Gall_Wasp",3.46986,51.06796
"Oriental_Chestnut_Gall_Wasp",5.03556,51.33067
"Oriental_Chestnut_Gall_Wasp",3.66881,51.06938
"Oriental_Chestnut_Gall_Wasp",4.75866,50.95167
"Oriental_Chestnut_Gall_Wasp",4.76127,50.95251
"Oriental_Chestnut_Gall_Wasp",4.76416,50.95179
"Oriental_Chestnut_Gall_Wasp",4.76774,50.9526
"Oriental_Chestnut_Gall_Wasp",3.62859,51.02571
"Oriental_Chestnut_Gall_Wasp",5.01816,51.36457
"Oriental_Chestnut_Gall_Wasp",3.71517,51.02562
"Oriental_Chestnut_Gall_Wasp",5.03575,51.33062
"Oriental_Chestnut_Gall_Wasp",3.76605,51.03853
"Oriental_Chestnut_Gall_Wasp",4.98746,51.03583
"Oriental_Chestnut_Gall_Wasp",5.22164,50.8549
"Oriental_Chestnut_Gall_Wasp",4.77401,50.95682
"Oriental_Chestnut_Gall_Wasp",3.29383,51.11589
"Oriental_Chestnut_Gall_Wasp",5.05337,50.8804
"Oriental_Chestnut_Gall_Wasp",3.31974,51.08785
"Oriental_Chestnut_Gall_Wasp",3.34456,51.07688
"Oriental_Chestnut_Gall_Wasp",3.66927,51.06931
"Oriental_Chestnut_Gall_Wasp",4.98811,51.03778
"Oriental_Chestnut_Gall_Wasp",3.25915,51.16022
"Oriental_Chestnut_Gall_Wasp",4.77297,50.95633
"Oriental_Chestnut_Gall_Wasp",3.57314,51.16511
"Oriental_Chestnut_Gall_Wasp",3.78288,50.9276
"Oriental_Chestnut_Gall_Wasp",3.15956,51.17719
"Oriental_Chestnut_Gall_Wasp",4.47249,51.21273
"Oriental_Chestnut_Gall_Wasp",5.68878,51.04783
"Oriental_Chestnut_Gall_Wasp",4.96759,51.04431
"Oriental_Chestnut_Gall_Wasp",4.98708,51.03564
"Oriental_Chestnut_Gall_Wasp",4.7428,51.19797
"Oriental_Chestnut_Gall_Wasp",5.40309,51.10838
"Oriental_Chestnut_Gall_Wasp",4.93509,50.80363
"Oriental_Chestnut_Gall_Wasp",3.05835,51.04596
"Oriental_Chestnut_Gall_Wasp",3.18499,50.95384
"Oriental_Chestnut_Gall_Wasp",5.04931,51.26285
"Oriental_Chestnut_Gall_Wasp",5.20974,50.85544
"Oriental_Chestnut_Gall_Wasp",4.83919,50.95784
"Oriental_Chestnut_Gall_Wasp",4.81573,50.97143
"Oriental_Chestnut_Gall_Wasp",5.59186,50.90821
"Oriental_Chestnut_Gall_Wasp",4.10057,50.95181
"Oriental_Chestnut_Gall_Wasp",5.41912,51.00211
"Oriental_Chestnut_Gall_Wasp",2.9929,51.04045
"Oriental_Chestnut_Gall_Wasp",2.99257,51.08874
"Oriental_Chestnut_Gall_Wasp",5.34367,50.9126
"Oriental_Chestnut_Gall_Wasp",5.46246,51.00696
"Oriental_Chestnut_Gall_Wasp",5.40702,50.90445
"Oriental_Chestnut_Gall_Wasp",3.26373,51.2103
"Oriental_Chestnut_Gall_Wasp",4.76542,50.91651
"Oriental_Chestnut_Gall_Wasp",3.26335,51.21094
"Oriental_Chestnut_Gall_Wasp",4.94478,51.23243
"Oriental_Chestnut_Gall_Wasp",5.04627,51.22581
"Oriental_Chestnut_Gall_Wasp",5.64545,51.08691
"Oriental_Chestnut_Gall_Wasp",3.455,51.14826
"Oriental_Chestnut_Gall_Wasp",5.10767,50.9891
"Oriental_Chestnut_Gall_Wasp",4.98784,51.03674
"Oriental_Chestnut_Gall_Wasp",5.39262,50.88865
"Oriental_Chestnut_Gall_Wasp",3.15207,50.99893
"Oriental_Chestnut_Gall_Wasp",5.42088,51.2352
"Oriental_Chestnut_Gall_Wasp",5.4204,51.23522
"Oriental_Chestnut_Gall_Wasp",5.42012,51.23527
"Oriental_Chestnut_Gall_Wasp",4.40156,51.16846
"Oriental_Chestnut_Gall_Wasp",5.53971,51.2107
"Oriental_Chestnut_Gall_Wasp",3.56494,51.0917
"Oriental_Chestnut_Gall_Wasp",5.52516,51.21522
"Oriental_Chestnut_Gall_Wasp",5.52616,51.21667
"Oriental_Chestnut_Gall_Wasp",5.52622,51.21608
"Oriental_Chestnut_Gall_Wasp",4.39433,51.16846
"Oriental_Chestnut_Gall_Wasp",5.66215,51.12666
"Oriental_Chestnut_Gall_Wasp",5.5033,51.2685
"Oriental_Chestnut_Gall_Wasp",5.13774,51.15109
"Oriental_Chestnut_Gall_Wasp",5.43755,51.23367
"Oriental_Chestnut_Gall_Wasp",5.48732,51.2497
"Oriental_Chestnut_Gall_Wasp",5.3442,50.93155
"Oriental_Chestnut_Gall_Wasp",4.95828,51.07824
"Oriental_Chestnut_Gall_Wasp",5.14575,51.12745
"Oriental_Chestnut_Gall_Wasp",5.42389,51.23369
"Oriental_Chestnut_Gall_Wasp",5.4204,51.23259
"Oriental_Chestnut_Gall_Wasp",5.40621,50.95966
"Oriental_Chestnut_Gall_Wasp",5.09531,50.96813
"Oriental_Chestnut_Gall_Wasp",5.37384,50.96021
"Oriental_Chestnut_Gall_Wasp",5.37384,50.96021
"Oriental_Chestnut_Gall_Wasp",4.94554,51.29114
"Oriental_Chestnut_Gall_Wasp",5.18621,51.23571
"Oriental_Chestnut_Gall_Wasp",5.11519,51.19854
"Oriental_Chestnut_Gall_Wasp",4.40916,50.79439
"Oriental_Chestnut_Gall_Wasp",4.31447,51.14877
"Oriental_Chestnut_Gall_Wasp",5.18602,51.23446
"Oriental_Chestnut_Gall_Wasp",4.92705,51.01121
"Oriental_Chestnut_Gall_Wasp",4.22216,50.71421
"Oriental_Chestnut_Gall_Wasp",3.92812,50.93463
"Oriental_Chestnut_Gall_Wasp",4.15361,50.93217
"Oriental_Chestnut_Gall_Wasp",4.79514,50.94754
"Oriental_Chestnut_Gall_Wasp",4.07382,51.0418
"Oriental_Chestnut_Gall_Wasp",3.62049,51.00711
"Oriental_Chestnut_Gall_Wasp",3.96572,50.95898
"Oriental_Chestnut_Gall_Wasp",4.83,50.85
"Oriental_Chestnut_Gall_Wasp",3.50388,51.13651
"Oriental_Chestnut_Gall_Wasp",3.93899,51.01729
"Oriental_Chestnut_Gall_Wasp",5.05137,50.87706
"Oriental_Chestnut_Gall_Wasp",4.40535,51.17987
"Oriental_Chestnut_Gall_Wasp",5.04736,50.87732
"Oriental_Chestnut_Gall_Wasp",4.77113,50.92654
"Oriental_Chestnut_Gall_Wasp",4.85293,50.91544
"Oriental_Chestnut_Gall_Wasp",4.84833,50.99075
"Oriental_Chestnut_Gall_Wasp",4.77787,50.91712
"Oriental_Chestnut_Gall_Wasp",3.48065,50.81824
"Oriental_Chestnut_Gall_Wasp",4.13655,51.13394
"Oriental_Chestnut_Gall_Wasp",3.57456,51.16528
"Oriental_Chestnut_Gall_Wasp",4.87046,50.94729
"Oriental_Chestnut_Gall_Wasp",4.54303,50.86182
"Oriental_Chestnut_Gall_Wasp",4.91959,50.95767
"Oriental_Chestnut_Gall_Wasp",3.16199,51.17376
"Oriental_Chestnut_Gall_Wasp",4.73425,51.14208
"Oriental_Chestnut_Gall_Wasp",5.41864,51.01193
"Oriental_Chestnut_Gall_Wasp",3.29112,51.20151
"Oriental_Chestnut_Gall_Wasp",3.67314,51.05737
"Oriental_Chestnut_Gall_Wasp",3.15806,51.09134
"Oriental_Chestnut_Gall_Wasp",4.47762,51.26864
"Oriental_Chestnut_Gall_Wasp",3.4323,51.08793
"Oriental_Chestnut_Gall_Wasp",4.8917,51.14072
"Oriental_Chestnut_Gall_Wasp",4.87185,51.14205
"Oriental_Chestnut_Gall_Wasp",4.92008,51.05778
"Oriental_Chestnut_Gall_Wasp",5.00683,50.93872
"Oriental_Chestnut_Gall_Wasp",3.93596,50.76883
"Oriental_Chestnut_Gall_Wasp",3.76274,51.1913
"Oriental_Chestnut_Gall_Wasp",4.98871,51.03709
"Oriental_Chestnut_Gall_Wasp",4.15694,50.93333
"Oriental_Chestnut_Gall_Wasp",3.29121,51.11987
"Oriental_Chestnut_Gall_Wasp",4.45148,51.14002
"Oriental_Chestnut_Gall_Wasp",5.03401,51.22493
"Oriental_Chestnut_Gall_Wasp",3.56609,51.16835
"Oriental_Chestnut_Gall_Wasp",4.71544,51.08765
"Oriental_Chestnut_Gall_Wasp",3.65063,51.08014
"Oriental_Chestnut_Gall_Wasp",3.16321,51.16925
"Oriental_Chestnut_Gall_Wasp",3.2596,51.20726
"Oriental_Chestnut_Gall_Wasp",5.11188,51.20722
"Oriental_Chestnut_Gall_Wasp",4.77133,50.91342
"Oriental_Chestnut_Gall_Wasp",3.6939,51.08215
"Oriental_Chestnut_Gall_Wasp",4.36318,51.13656
"Oriental_Chestnut_Gall_Wasp",3.32091,51.10822
"Oriental_Chestnut_Gall_Wasp",4.62993,51.15113
"Oriental_Chestnut_Gall_Wasp",3.14376,51.15157
"Oriental_Chestnut_Gall_Wasp",3.80156,50.97355
"Oriental_Chestnut_Gall_Wasp",4.76782,50.91322
"Oriental_Chestnut_Gall_Wasp",3.19146,50.84281
"Oriental_Chestnut_Gall_Wasp",5.30351,50.84305
"Oriental_Chestnut_Gall_Wasp",4.80019,50.97847
"Oriental_Chestnut_Gall_Wasp",4.74874,50.81781
"Oriental_Chestnut_Gall_Wasp",4.77341,50.90657
"Oriental_Chestnut_Gall_Wasp",3.1511,51.17472
"Oriental_Chestnut_Gall_Wasp",4.82036,50.97512
"Oriental_Chestnut_Gall_Wasp",3.55763,51.16536
"Oriental_Chestnut_Gall_Wasp",3.80364,51.06117
"Oriental_Chestnut_Gall_Wasp",5.03564,51.33064
"Oriental_Chestnut_Gall_Wasp",3.2593,51.21067
"Oriental_Chestnut_Gall_Wasp",3.71712,51.03394
"Oriental_Chestnut_Gall_Wasp",4.74557,51.19889
"Oriental_Chestnut_Gall_Wasp",3.28742,51.11062
"Oriental_Chestnut_Gall_Wasp",4.48414,51.04791
"Oriental_Chestnut_Gall_Wasp",4.46227,51.21701
"Oriental_Chestnut_Gall_Wasp",5.40682,50.90433
"Oriental_Chestnut_Gall_Wasp",3.72251,50.95656
"Oriental_Chestnut_Gall_Wasp",4.80552,50.84009
"Oriental_Chestnut_Gall_Wasp",3.51936,51.14379
"Oriental_Chestnut_Gall_Wasp",4.45747,51.3734
"Oriental_Chestnut_Gall_Wasp",3.77091,50.99137
"Oriental_Chestnut_Gall_Wasp",3.67772,51.22871
"Oriental_Chestnut_Gall_Wasp",5.40701,50.90445
"Oriental_Chestnut_Gall_Wasp",4.77111,50.92646
"Oriental_Chestnut_Gall_Wasp",4.97847,51.03191
"Oriental_Chestnut_Gall_Wasp",4.44192,51.36267
"Oriental_Chestnut_Gall_Wasp",5.14711,51.03408
"Oriental_Chestnut_Gall_Wasp",4.39548,50.9034
"Oriental_Chestnut_Gall_Wasp",4.77578,50.9134
"Oriental_Chestnut_Gall_Wasp",3.51663,51.14295
"Oriental_Chestnut_Gall_Wasp",3.52098,50.97864
"Oriental_Chestnut_Gall_Wasp",3.56074,51.01492
"Oriental_Chestnut_Gall_Wasp",3.13702,50.79393
"Oriental_Chestnut_Gall_Wasp",3.8054,50.93777
"Oriental_Chestnut_Gall_Wasp",3.21464,50.78902
"Oriental_Chestnut_Gall_Wasp",4.96859,51.03653
"Oriental_Chestnut_Gall_Wasp",5.43599,51.02638
"Oriental_Chestnut_Gall_Wasp",3.14923,51.00083
"Oriental_Chestnut_Gall_Wasp",5.07336,51.15551
"Oriental_Chestnut_Gall_Wasp",3.6847,50.9757
"Oriental_Chestnut_Gall_Wasp",4.82003,50.96764
"Oriental_Chestnut_Gall_Wasp",3.57404,51.16455
"Oriental_Chestnut_Gall_Wasp",2.99257,51.08874
"Oriental_Chestnut_Gall_Wasp",3.99823,51.01772
"Oriental_Chestnut_Gall_Wasp",3.63112,51.1675
"Oriental_Chestnut_Gall_Wasp",4.77065,50.92652
"Oriental_Chestnut_Gall_Wasp",3.19775,51.17481
"Oriental_Chestnut_Gall_Wasp",4.7911,50.94674
"Oriental_Chestnut_Gall_Wasp",4.78957,50.9457
"Oriental_Chestnut_Gall_Wasp",4.39497,51.16865
"Oriental_Chestnut_Gall_Wasp",5.69523,51.17333
"Oriental_Chestnut_Gall_Wasp",5.0069,51.3612
"Oriental_Chestnut_Gall_Wasp",5.42148,51.23516
"Oriental_Chestnut_Gall_Wasp",3.04984,51.07604
"Oriental_Chestnut_Gall_Wasp",4.40329,51.16891
"Oriental_Chestnut_Gall_Wasp",4.40267,51.169
"Oriental_Chestnut_Gall_Wasp",4.39746,51.17017
"Oriental_Chestnut_Gall_Wasp",5.5259,51.21608
"Oriental_Chestnut_Gall_Wasp",5.52617,51.21644
"Oriental_Chestnut_Gall_Wasp",5.52638,51.21645
"Oriental_Chestnut_Gall_Wasp",5.52585,51.21543
"Oriental_Chestnut_Gall_Wasp",3.1912,50.84244
"Oriental_Chestnut_Gall_Wasp",2.73984,50.78427
"Oriental_Chestnut_Gall_Wasp",5.00721,51.31606
"Oriental_Chestnut_Gall_Wasp",5.43742,51.2337
"Oriental_Chestnut_Gall_Wasp",5.4873,51.24967
"Oriental_Chestnut_Gall_Wasp",5.46436,51.22321
"Oriental_Chestnut_Gall_Wasp",5.42033,51.23256
"Oriental_Chestnut_Gall_Wasp",5.06254,50.98163
"Oriental_Chestnut_Gall_Wasp",5.1888,51.2297
"Oriental_Chestnut_Gall_Wasp",5.20286,51.10926
"Oriental_Chestnut_Gall_Wasp",5.11443,50.9868
"Oriental_Chestnut_Gall_Wasp",5.26712,51.16881
"Oriental_Chestnut_Gall_Wasp",5.4019,51.053
"Oriental_Chestnut_Gall_Wasp",5.21436,50.85975
"Oriental_Chestnut_Gall_Wasp",4.70688,50.86819
"Oriental_Chestnut_Gall_Wasp",4.30757,50.71303
"Oriental_Chestnut_Gall_Wasp",4.25022,51.03362
"Oriental_Chestnut_Gall_Wasp",5.37365,50.96036
"Oriental_Chestnut_Gall_Wasp",4.78899,50.94532
"Oriental_Chestnut_Gall_Wasp",4.46952,51.15488
"Oriental_Chestnut_Gall_Wasp",4.19606,50.79482
"Oriental_Chestnut_Gall_Wasp",4.07694,51.12107
"Oriental_Chestnut_Gall_Wasp",4.25079,51.0337
"Oriental_Chestnut_Gall_Wasp",4.51539,51.2495
"Oriental_Chestnut_Gall_Wasp",3.64677,50.83427
"Oriental_Chestnut_Gall_Wasp",3.22868,51.20139
"Oriental_Chestnut_Gall_Wasp",5.05133,50.87706
"Oriental_Chestnut_Gall_Wasp",4.78318,50.83798
"Oriental_Chestnut_Gall_Wasp",4.76377,50.8979
"Oriental_Chestnut_Gall_Wasp",3.76368,51.18547
"Oriental_Chestnut_Gall_Wasp",4.76676,50.95313
"Oriental_Chestnut_Gall_Wasp",4.85125,50.91848
"Oriental_Chestnut_Gall_Wasp",3.46075,51.0044
"Oriental_Chestnut_Gall_Wasp",4.74416,50.90055
"Oriental_Chestnut_Gall_Wasp",3.1915,50.8427
"Oriental_Chestnut_Gall_Wasp",4.81623,50.97175
"Oriental_Chestnut_Gall_Wasp",3.77459,50.89829
"Oriental_Chestnut_Gall_Wasp",4.25057,51.03371
"Oriental_Chestnut_Gall_Wasp",3.93395,50.7621
"Oriental_Chestnut_Gall_Wasp",4.99789,51.04481
"Oriental_Chestnut_Gall_Wasp",3.45253,51.04616
"Oriental_Chestnut_Gall_Wasp",3.1013,51.14825
"Oriental_Chestnut_Gall_Wasp",4.76866,50.89944
"Oriental_Chestnut_Gall_Wasp",5.07461,51.26555
"Oriental_Chestnut_Gall_Wasp",3.72583,51.18913
"Oriental_Chestnut_Gall_Wasp",4.72786,50.908
"Oriental_Chestnut_Gall_Wasp",4.47776,51.26859
"Oriental_Chestnut_Gall_Wasp",4.89097,51.14134
"Oriental_Chestnut_Gall_Wasp",3.64023,50.76376
"Oriental_Chestnut_Gall_Wasp",4.92033,51.05791
"Oriental_Chestnut_Gall_Wasp",4.79601,50.9716
"Oriental_Chestnut_Gall_Wasp",4.61643,50.88588
"Oriental_Chestnut_Gall_Wasp",4.51599,50.99195
"Oriental_Chestnut_Gall_Wasp",3.041,51.12162
"Oriental_Chestnut_Gall_Wasp",3.80436,50.97405
"Oriental_Chestnut_Gall_Wasp",3.89574,50.99044
"Oriental_Chestnut_Gall_Wasp",3.75306,50.97222
"Oriental_Chestnut_Gall_Wasp",3.44712,51.15895
"Oriental_Chestnut_Gall_Wasp",4.79437,50.94811
"Oriental_Chestnut_Gall_Wasp",4.8909,51.28991
"Oriental_Chestnut_Gall_Wasp",3.17093,51.16947
"Oriental_Chestnut_Gall_Wasp",4.95703,51.02456
"Oriental_Chestnut_Gall_Wasp",4.25012,50.70756
"Oriental_Chestnut_Gall_Wasp",4.25009,50.70755
"Oriental_Chestnut_Gall_Wasp",3.69609,51.08132
"Oriental_Chestnut_Gall_Wasp",3.39608,51.08387
"Oriental_Chestnut_Gall_Wasp",3.39146,51.09033
"Oriental_Chestnut_Gall_Wasp",3.45431,51.04377
"Oriental_Chestnut_Gall_Wasp",4.48447,51.36651
"Oriental_Chestnut_Gall_Wasp",3.67428,51.07566
"Oriental_Chestnut_Gall_Wasp",4.89221,51.00378
"Oriental_Chestnut_Gall_Wasp",5.18877,51.23391
"Oriental_Chestnut_Gall_Wasp",4.73256,50.90619
"Oriental_Chestnut_Gall_Wasp",5.36467,50.94875
"Oriental_Chestnut_Gall_Wasp",4.76839,50.9528
"Oriental_Chestnut_Gall_Wasp",5.0358,51.33059
"Oriental_Chestnut_Gall_Wasp",3.50747,50.88926
"Oriental_Chestnut_Gall_Wasp",4.43379,51.24494
"Oriental_Chestnut_Gall_Wasp",4.78914,50.94535
"Oriental_Chestnut_Gall_Wasp",4.46745,51.21392
"Oriental_Chestnut_Gall_Wasp",4.77105,50.92618
"Oriental_Chestnut_Gall_Wasp",4.75811,50.95139
"Oriental_Chestnut_Gall_Wasp",4.76477,50.95197
"Oriental_Chestnut_Gall_Wasp",5.01052,51.36713
"Oriental_Chestnut_Gall_Wasp",3.52006,51.14344
"Oriental_Chestnut_Gall_Wasp",5.37635,50.95949
"Oriental_Chestnut_Gall_Wasp",4.81648,51.26835
"Oriental_Chestnut_Gall_Wasp",3.39017,50.9412
"Oriental_Chestnut_Gall_Wasp",4.85072,51.31062
"Oriental_Chestnut_Gall_Wasp",5.63089,50.92771
"Oriental_Chestnut_Gall_Wasp",3.64864,51.0796
"Oriental_Chestnut_Gall_Wasp",4.81961,50.96894
"Oriental_Chestnut_Gall_Wasp",5.19124,51.22998
"Oriental_Chestnut_Gall_Wasp",4.73772,50.90936
"Oriental_Chestnut_Gall_Wasp",5.04279,50.98262
"Oriental_Chestnut_Gall_Wasp",5.11185,50.71532
"Oriental_Chestnut_Gall_Wasp",4.6688,51.04321
"Oriental_Chestnut_Gall_Wasp",4.42588,51.34665
"Oriental_Chestnut_Gall_Wasp",3.55864,51.16588
"Oriental_Chestnut_Gall_Wasp",4.53409,51.0254
"Oriental_Chestnut_Gall_Wasp",3.7207,50.77266
"Oriental_Chestnut_Gall_Wasp",3.71673,50.77252
"Oriental_Chestnut_Gall_Wasp",5.00049,51.03915
"Oriental_Chestnut_Gall_Wasp",4.443,51.15645
"Oriental_Chestnut_Gall_Wasp",5.21883,51.06879
"Oriental_Chestnut_Gall_Wasp",3.08233,51.05177
"Oriental_Chestnut_Gall_Wasp",4.98699,51.03625
"Oriental_Chestnut_Gall_Wasp",4.40549,51.19448
"Oriental_Chestnut_Gall_Wasp",4.43751,51.16699
"Oriental_Chestnut_Gall_Wasp",5.25337,51.22742
"Oriental_Chestnut_Gall_Wasp",4.46682,51.219
"Oriental_Chestnut_Gall_Wasp",4.46951,51.13779
"Oriental_Chestnut_Gall_Wasp",5.46175,51.00817
"Oriental_Chestnut_Gall_Wasp",5.3617,50.94796
"Oriental_Chestnut_Gall_Wasp",5.69523,51.17333
"Oriental_Chestnut_Gall_Wasp",5.05575,50.98463
"Oriental_Chestnut_Gall_Wasp",5.37374,50.96034
"Oriental_Chestnut_Gall_Wasp",5.37374,50.96034
"Oriental_Chestnut_Gall_Wasp",5.42087,51.23519
"Oriental_Chestnut_Gall_Wasp",5.4201,51.2353
"Oriental_Chestnut_Gall_Wasp",4.40151,51.16851
"Oriental_Chestnut_Gall_Wasp",3.30681,51.11309
"Oriental_Chestnut_Gall_Wasp",5.56242,51.03445
"Oriental_Chestnut_Gall_Wasp",5.54518,51.21375
"Oriental_Chestnut_Gall_Wasp",5.5396,51.21059
"Oriental_Chestnut_Gall_Wasp",5.52536,51.21539
"Oriental_Chestnut_Gall_Wasp",5.00001,51.32519
"Oriental_Chestnut_Gall_Wasp",5.48732,51.24959
"Oriental_Chestnut_Gall_Wasp",5.4644,51.22312
"Oriental_Chestnut_Gall_Wasp",2.9657,51.07348
"Oriental_Chestnut_Gall_Wasp",5.38028,50.88629
"Oriental_Chestnut_Gall_Wasp",5.14575,51.12745
"Oriental_Chestnut_Gall_Wasp",5.42052,51.23257
"Oriental_Chestnut_Gall_Wasp",4.96296,51.03361
"Oriental_Chestnut_Gall_Wasp",4.97895,51.03213
"Oriental_Chestnut_Gall_Wasp",5.34565,50.9328
"Oriental_Chestnut_Gall_Wasp",5.24193,51.07404
"Oriental_Chestnut_Gall_Wasp",5.21366,51.12652
"Oriental_Chestnut_Gall_Wasp",5.2159,51.11535
"Oriental_Chestnut_Gall_Wasp",3.53237,50.97663
"Oriental_Chestnut_Gall_Wasp",5.00182,51.04588
"Oriental_Chestnut_Gall_Wasp",5.21436,50.85975
"Oriental_Chestnut_Gall_Wasp",4.7735,50.91114
"Oriental_Chestnut_Gall_Wasp",4.68387,50.84777
"Oriental_Chestnut_Gall_Wasp",4.67138,50.83645
"Oriental_Chestnut_Gall_Wasp",3.47838,50.8186
"Oriental_Chestnut_Gall_Wasp",4.09652,50.77725
"Oriental_Chestnut_Gall_Wasp",3.80293,50.9732
"Oriental_Chestnut_Gall_Wasp",4.74587,50.9006
"Oriental_Chestnut_Gall_Wasp",3.22629,51.08515
"Oriental_Chestnut_Gall_Wasp",3.05882,51.07006
"Oriental_Chestnut_Gall_Wasp",4.79033,50.94588
"Oriental_Chestnut_Gall_Wasp",3.63891,50.76248
"Oriental_Chestnut_Gall_Wasp",4.61122,50.87877
"Oriental_Chestnut_Gall_Wasp",5.05133,50.87706
"Oriental_Chestnut_Gall_Wasp",3.28466,51.11398
"Oriental_Chestnut_Gall_Wasp",3.17302,51.10868
"Oriental_Chestnut_Gall_Wasp",4.39549,51.05239
"Oriental_Chestnut_Gall_Wasp",4.11392,50.86911
"Oriental_Chestnut_Gall_Wasp",5.11206,50.71533
"Oriental_Chestnut_Gall_Wasp",3.22394,51.08596
"Oriental_Chestnut_Gall_Wasp",4.51582,50.98826
"Oriental_Chestnut_Gall_Wasp",4.76873,50.89963
"Oriental_Chestnut_Gall_Wasp",4.78888,50.94524
"Oriental_Chestnut_Gall_Wasp",3.18707,51.19064
"Oriental_Chestnut_Gall_Wasp",5.30415,50.94615
"Oriental_Chestnut_Gall_Wasp",4.97851,51.03191
"Oriental_Chestnut_Gall_Wasp",4.48017,51.2147
"Oriental_Chestnut_Gall_Wasp",4.44275,51.15652
"Oriental_Chestnut_Gall_Wasp",4.74825,50.81755
"Oriental_Chestnut_Gall_Wasp",3.16086,51.16382
"Oriental_Chestnut_Gall_Wasp",3.6337,51.0698
"Oriental_Chestnut_Gall_Wasp",3.18013,51.12178
"Oriental_Chestnut_Gall_Wasp",4.96602,51.23324
"Oriental_Chestnut_Gall_Wasp",3.69352,51.08262
"Oriental_Chestnut_Gall_Wasp",4.72785,50.90802
"Oriental_Chestnut_Gall_Wasp",3.63303,51.06696
"Oriental_Chestnut_Gall_Wasp",5.01075,50.96004
"Oriental_Chestnut_Gall_Wasp",4.90239,51.09117
"Oriental_Chestnut_Gall_Wasp",4.83252,51.17875
"Oriental_Chestnut_Gall_Wasp",4.84613,50.9603
"Oriental_Chestnut_Gall_Wasp",4.76515,50.95207
"Oriental_Chestnut_Gall_Wasp",4.76017,50.88301
"Oriental_Chestnut_Gall_Wasp",3.25803,51.16113
"Oriental_Chestnut_Gall_Wasp",4.74372,50.81542
"Oriental_Chestnut_Gall_Wasp",3.92998,50.77592
"Oriental_Chestnut_Gall_Wasp",4.45091,51.1279
"Oriental_Chestnut_Gall_Wasp",4.78844,50.94638
"Oriental_Chestnut_Gall_Wasp",3.23131,51.08528
"Oriental_Chestnut_Gall_Wasp",4.15346,50.93155
"Oriental_Chestnut_Gall_Wasp",3.94254,50.77192
"Oriental_Chestnut_Gall_Wasp",4.91904,51.24253
"Oriental_Chestnut_Gall_Wasp",4.79845,50.975
"Oriental_Chestnut_Gall_Wasp",3.69493,51.0812
"Oriental_Chestnut_Gall_Wasp",3.64577,51.07881
"Oriental_Chestnut_Gall_Wasp",5.01848,51.33528
"Oriental_Chestnut_Gall_Wasp",4.90179,51.29037
"Oriental_Chestnut_Gall_Wasp",4.48141,51.03836
"Oriental_Chestnut_Gall_Wasp",5.25149,50.97612
"Oriental_Chestnut_Gall_Wasp",4.4727,51.04786
"Oriental_Chestnut_Gall_Wasp",4.23163,50.85583
"Oriental_Chestnut_Gall_Wasp",4.9392,51.36232
"Oriental_Chestnut_Gall_Wasp",4.9392,51.36232
"Oriental_Chestnut_Gall_Wasp",3.32091,51.10822
"Oriental_Chestnut_Gall_Wasp",3.72531,50.89857
"Oriental_Chestnut_Gall_Wasp",4.64975,51.3592
"Oriental_Chestnut_Gall_Wasp",3.65643,51.07468
"Oriental_Chestnut_Gall_Wasp",3.64104,50.76357
"Oriental_Chestnut_Gall_Wasp",4.50609,51.34872
"Oriental_Chestnut_Gall_Wasp",3.29915,51.10506
"Oriental_Chestnut_Gall_Wasp",3.47165,51.1483
"Oriental_Chestnut_Gall_Wasp",3.76444,51.0389
"Oriental_Chestnut_Gall_Wasp",4.06935,51.11699
"Oriental_Chestnut_Gall_Wasp",4.47115,51.21617
"Oriental_Chestnut_Gall_Wasp",4.98619,51.03622
"Oriental_Chestnut_Gall_Wasp",4.76077,50.87908
"Oriental_Chestnut_Gall_Wasp",3.61143,51.18222
"Oriental_Chestnut_Gall_Wasp",4.82449,50.97596
"Oriental_Chestnut_Gall_Wasp",3.7615,51.2351
"Oriental_Chestnut_Gall_Wasp",4.81291,50.97361
"Oriental_Chestnut_Gall_Wasp",3.61145,51.18187
"Oriental_Chestnut_Gall_Wasp",3.72638,51.07577
"Oriental_Chestnut_Gall_Wasp",3.71519,51.02573
"Oriental_Chestnut_Gall_Wasp",5.0357,51.33067
"Oriental_Chestnut_Gall_Wasp",4.92224,51.27064
"Oriental_Chestnut_Gall_Wasp",3.65065,50.99565
"Oriental_Chestnut_Gall_Wasp",5.69338,51.05756
"Oriental_Chestnut_Gall_Wasp",5.52735,50.84283
"Oriental_Chestnut_Gall_Wasp",3.3445,51.07678
"Oriental_Chestnut_Gall_Wasp",3.34437,51.07676
"Oriental_Chestnut_Gall_Wasp",4.4889,51.04815
"Oriental_Chestnut_Gall_Wasp",3.76152,51.2348
"Oriental_Chestnut_Gall_Wasp",5.11425,51.29765
"Oriental_Chestnut_Gall_Wasp",4.82032,50.9751
"Oriental_Chestnut_Gall_Wasp",3.57936,51.16753
"Oriental_Chestnut_Gall_Wasp",3.15285,51.17531
"Oriental_Chestnut_Gall_Wasp",4.62346,51.26068
"Oriental_Chestnut_Gall_Wasp",4.46405,51.2155
"Oriental_Chestnut_Gall_Wasp",4.44809,51.37714
"Oriental_Chestnut_Gall_Wasp",3.62982,51.02584
"Oriental_Chestnut_Gall_Wasp",4.82047,50.97508
"Oriental_Chestnut_Gall_Wasp",5.25267,51.22739
"Oriental_Chestnut_Gall_Wasp",4.47272,51.04785
"Oriental_Chestnut_Gall_Wasp",3.3205,51.09386
"Oriental_Chestnut_Gall_Wasp",4.96094,51.02782
"Oriental_Chestnut_Gall_Wasp",5.34369,50.91261
"Oriental_Chestnut_Gall_Wasp",4.72359,50.90654
"Oriental_Chestnut_Gall_Wasp",3.5141,50.98026
"Oriental_Chestnut_Gall_Wasp",5.53534,50.95903
"Oriental_Chestnut_Gall_Wasp",5.37321,50.96026
"Oriental_Chestnut_Gall_Wasp",4.20984,51.07861
"Oriental_Chestnut_Gall_Wasp",4.83869,50.98552
"Oriental_Chestnut_Gall_Wasp",4.4738,51.15543
"Oriental_Chestnut_Gall_Wasp",3.23583,51.06203
"Oriental_Chestnut_Gall_Wasp",5.00206,51.04507
"Oriental_Chestnut_Gall_Wasp",4.99765,51.04332
"Oriental_Chestnut_Gall_Wasp",4.7615,50.95247
"Oriental_Chestnut_Gall_Wasp",5.43737,51.23365
"Oriental_Chestnut_Gall_Wasp",4.99986,51.04601
"Oriental_Chestnut_Gall_Wasp",4.43239,51.17078
"Oriental_Chestnut_Gall_Wasp",5.43348,51.22393
"Oriental_Chestnut_Gall_Wasp",5.42035,51.23525
"Oriental_Chestnut_Gall_Wasp",5.16238,51.09801
"Oriental_Chestnut_Gall_Wasp",5.53991,51.21092
"Oriental_Chestnut_Gall_Wasp",5.52591,51.2162
"Oriental_Chestnut_Gall_Wasp",5.52638,51.21645
"Oriental_Chestnut_Gall_Wasp",5.52618,51.21594
"Oriental_Chestnut_Gall_Wasp",5.4036,51.23664
"Oriental_Chestnut_Gall_Wasp",5.66207,51.12666
"Oriental_Chestnut_Gall_Wasp",3.19464,51.17473
"Oriental_Chestnut_Gall_Wasp",5.42579,51.25708
"Oriental_Chestnut_Gall_Wasp",5.46941,51.19822
"Oriental_Chestnut_Gall_Wasp",5.00687,51.31657
"Oriental_Chestnut_Gall_Wasp",5.00599,51.31772
"Oriental_Chestnut_Gall_Wasp",5.48931,51.25014
"Oriental_Chestnut_Gall_Wasp",5.09221,50.96664
"Oriental_Chestnut_Gall_Wasp",5.41765,51.24679
"Oriental_Chestnut_Gall_Wasp",4.97895,51.03213
"Oriental_Chestnut_Gall_Wasp",5.41149,50.9631
"Oriental_Chestnut_Gall_Wasp",5.34472,50.93249
"Oriental_Chestnut_Gall_Wasp",5.66122,51.17802
"Oriental_Chestnut_Gall_Wasp",5.13879,51.15107
"Oriental_Chestnut_Gall_Wasp",5.46371,51.23759
"Oriental_Chestnut_Gall_Wasp",5.1383,51.14691
"Oriental_Chestnut_Gall_Wasp",5.07795,51.15652
"Oriental_Chestnut_Gall_Wasp",5.33051,51.05769
"Oriental_Chestnut_Gall_Wasp",4.76986,50.91355
"Oriental_Chestnut_Gall_Wasp",3.23246,50.92514
"Oriental_Chestnut_Gall_Wasp",3.66814,51.07445
"Oriental_Chestnut_Gall_Wasp",4.21437,51.03528
"Oriental_Chestnut_Gall_Wasp",5.01127,50.95982
"Oriental_Chestnut_Gall_Wasp",4.15349,50.93219
"Oriental_Chestnut_Gall_Wasp",3.80352,50.97313
"Oriental_Chestnut_Gall_Wasp",5.03156,51.22205
"Oriental_Chestnut_Gall_Wasp",3.80381,50.97317
"Oriental_Chestnut_Gall_Wasp",4.76834,50.95303
"Oriental_Chestnut_Gall_Wasp",4.79519,50.94754
"Oriental_Chestnut_Gall_Wasp",4.79158,50.94727
"Oriental_Chestnut_Gall_Wasp",3.15653,51.17735
"Oriental_Chestnut_Gall_Wasp",3.66596,50.99266
"Oriental_Chestnut_Gall_Wasp",4.36428,51.13412
"Oriental_Chestnut_Gall_Wasp",4.92845,50.77641
"Oriental_Chestnut_Gall_Wasp",4.76422,50.89765
"Oriental_Chestnut_Gall_Wasp",3.89652,51.00505
"Oriental_Chestnut_Gall_Wasp",4.48224,51.03872
"Oriental_Chestnut_Gall_Wasp",4.15677,50.76065
"Oriental_Chestnut_Gall_Wasp",4.74626,50.90146
"Oriental_Chestnut_Gall_Wasp",3.16018,51.16383
"Oriental_Chestnut_Gall_Wasp",3.28919,51.19892
"Oriental_Chestnut_Gall_Wasp",4.92797,51.06
"Oriental_Chestnut_Gall_Wasp",3.22815,51.08655
"Oriental_Chestnut_Gall_Wasp",4.15391,50.93238
"Oriental_Chestnut_Gall_Wasp",3.72364,51.16729
"Oriental_Chestnut_Gall_Wasp",4.91949,50.95716
"Oriental_Chestnut_Gall_Wasp",4.82971,50.85923
"Oriental_Chestnut_Gall_Wasp",5.37933,50.95981
"Oriental_Chestnut_Gall_Wasp",5.38995,50.96359
"Oriental_Chestnut_Gall_Wasp",3.29115,51.20146
"Oriental_Chestnut_Gall_Wasp",3.1599,51.17507
"Oriental_Chestnut_Gall_Wasp",3.65361,51.06934
"Oriental_Chestnut_Gall_Wasp",4.92261,51.24033
"Oriental_Chestnut_Gall_Wasp",4.61194,50.79917
"Oriental_Chestnut_Gall_Wasp",4.77127,50.92666
"Oriental_Chestnut_Gall_Wasp",5.05266,51.22807
"Oriental_Chestnut_Gall_Wasp",3.68019,51.23015
"Oriental_Chestnut_Gall_Wasp",3.65361,51.06924
"Oriental_Chestnut_Gall_Wasp",3.22273,50.92068
"Oriental_Chestnut_Gall_Wasp",5.04979,50.87649
"Oriental_Chestnut_Gall_Wasp",3.28594,51.19766
"Oriental_Chestnut_Gall_Wasp",4.77692,50.91317
"Oriental_Chestnut_Gall_Wasp",4.90394,51.28959
"Oriental_Chestnut_Gall_Wasp",4.87948,51.2923
"Oriental_Chestnut_Gall_Wasp",3.29758,51.11443
"Oriental_Chestnut_Gall_Wasp",4.88205,51.20802
"Oriental_Chestnut_Gall_Wasp",4.97315,51.03513
"Oriental_Chestnut_Gall_Wasp",3.1699,51.16796
"Oriental_Chestnut_Gall_Wasp",4.47278,51.0475
"Oriental_Chestnut_Gall_Wasp",4.9988,51.04545
"Oriental_Chestnut_Gall_Wasp",4.74503,50.96598
"Oriental_Chestnut_Gall_Wasp",3.64884,50.90527
"Oriental_Chestnut_Gall_Wasp",3.22301,50.78809
"Oriental_Chestnut_Gall_Wasp",2.99294,51.04037
"Oriental_Chestnut_Gall_Wasp",3.76727,51.03902
"Oriental_Chestnut_Gall_Wasp",4.61107,51.19531
"Oriental_Chestnut_Gall_Wasp",4.42686,51.34714
"Oriental_Chestnut_Gall_Wasp",4.96655,51.0258
"Oriental_Chestnut_Gall_Wasp",3.7613,51.23467
"Oriental_Chestnut_Gall_Wasp",3.65355,51.0692
"Oriental_Chestnut_Gall_Wasp",4.82451,50.97593
"Oriental_Chestnut_Gall_Wasp",3.50871,51.139
"Oriental_Chestnut_Gall_Wasp",3.28941,51.20171
"Oriental_Chestnut_Gall_Wasp",5.03575,51.33062
"Oriental_Chestnut_Gall_Wasp",5.01052,51.36713
"Oriental_Chestnut_Gall_Wasp",3.34797,50.8877
"Oriental_Chestnut_Gall_Wasp",2.97483,50.85221
"Oriental_Chestnut_Gall_Wasp",4.48254,51.03859
"Oriental_Chestnut_Gall_Wasp",4.94548,51.33648
"Oriental_Chestnut_Gall_Wasp",4.87567,51.20816
"Oriental_Chestnut_Gall_Wasp",4.91739,51.0592
"Oriental_Chestnut_Gall_Wasp",5.0488,51.26688
"Oriental_Chestnut_Gall_Wasp",3.86007,50.91455
"Oriental_Chestnut_Gall_Wasp",4.97224,51.03767
"Oriental_Chestnut_Gall_Wasp",4.96756,51.10121
"Oriental_Chestnut_Gall_Wasp",5.07456,51.26546
"Oriental_Chestnut_Gall_Wasp",4.45747,51.3734
"Oriental_Chestnut_Gall_Wasp",4.82341,50.97624
"Oriental_Chestnut_Gall_Wasp",4.87873,51.20882
"Oriental_Chestnut_Gall_Wasp",3.32458,50.84091
"Oriental_Chestnut_Gall_Wasp",3.79161,51.0386
"Oriental_Chestnut_Gall_Wasp",3.79161,51.0386
"Oriental_Chestnut_Gall_Wasp",4.4675,51.21707
"Oriental_Chestnut_Gall_Wasp",3.51692,51.14262
"Oriental_Chestnut_Gall_Wasp",5.40686,50.9044
"Oriental_Chestnut_Gall_Wasp",3.34378,51.07906
"Oriental_Chestnut_Gall_Wasp",4.47138,51.04766
"Oriental_Chestnut_Gall_Wasp",5.00183,51.04442
"Oriental_Chestnut_Gall_Wasp",4.97226,51.03802
"Oriental_Chestnut_Gall_Wasp",4.97205,51.0384
"Oriental_Chestnut_Gall_Wasp",4.79342,50.92774
"Oriental_Chestnut_Gall_Wasp",4.79223,50.93428
"Oriental_Chestnut_Gall_Wasp",3.16249,51.16952
"Oriental_Chestnut_Gall_Wasp",3.4497,51.15119
"Oriental_Chestnut_Gall_Wasp",4.76802,50.91316
"Oriental_Chestnut_Gall_Wasp",3.34388,51.07899
"Oriental_Chestnut_Gall_Wasp",4.5002,51.02173
"Oriental_Chestnut_Gall_Wasp",5.37564,51.2049
"Oriental_Chestnut_Gall_Wasp",5.70664,51.0624
"Oriental_Chestnut_Gall_Wasp",5.18539,51.00601
"Oriental_Chestnut_Gall_Wasp",4.77791,50.91665
"Oriental_Chestnut_Gall_Wasp",4.94574,51.29145
"Oriental_Chestnut_Gall_Wasp",5.17285,51.23506
"Oriental_Chestnut_Gall_Wasp",4.42466,51.38447
"Oriental_Chestnut_Gall_Wasp",5.05575,50.98463
"Oriental_Chestnut_Gall_Wasp",5.4347,50.9435
"Oriental_Chestnut_Gall_Wasp",5.42129,51.23518
"Oriental_Chestnut_Gall_Wasp",5.53955,51.21045
"Oriental_Chestnut_Gall_Wasp",5.24432,51.01635
"Oriental_Chestnut_Gall_Wasp",5.07798,51.1568
"Oriental_Chestnut_Gall_Wasp",5.52572,51.21567
"Oriental_Chestnut_Gall_Wasp",5.52585,51.2154
"Oriental_Chestnut_Gall_Wasp",3.56559,51.09169
"Oriental_Chestnut_Gall_Wasp",4.99915,51.32565
"Oriental_Chestnut_Gall_Wasp",3.65061,50.99567
"Oriental_Chestnut_Gall_Wasp",5.37588,50.96036
"Oriental_Chestnut_Gall_Wasp",5.22699,50.98483
"Oriental_Chestnut_Gall_Wasp",5.34458,50.93314
"Oriental_Chestnut_Gall_Wasp",4.9909,51.03642
"Oriental_Chestnut_Gall_Wasp",3.32095,50.85708
"Oriental_Chestnut_Gall_Wasp",5.19986,51.09155
"Oriental_Chestnut_Gall_Wasp",5.16432,51.20703
"Oriental_Chestnut_Gall_Wasp",5.08432,51.15605
"Oriental_Chestnut_Gall_Wasp",5.1382,51.14737
"Oriental_Chestnut_Gall_Wasp",-80.001752,43.222296
"Oriental_Chestnut_Gall_Wasp",-80.002358,43.222737
"Oriental_Chestnut_Gall_Wasp",9.066883,44.394426
"Oriental_Chestnut_Gall_Wasp",-7.687184,43.295024
"Oriental_Chestnut_Gall_Wasp",-8.345623,40.165348
"Oriental_Chestnut_Gall_Wasp",8.654156,50.122191
"Oriental_Chestnut_Gall_Wasp",0.952638,51.862351
"Oriental_Chestnut_Gall_Wasp",26.388422,39.064366
"Oriental_Chestnut_Gall_Wasp",26.389297,39.064912
"Oriental_Chestnut_Gall_Wasp",-7.155022,42.634447
"Oriental_Chestnut_Gall_Wasp",-7.153845,42.635545
"Oriental_Chestnut_Gall_Wasp",-7.155022,42.634068
"Oriental_Chestnut_Gall_Wasp",6.2,51.3
"Oriental_Chestnut_Gall_Wasp",6,51.45
"Oriental_Chestnut_Gall_Wasp",5.9,51.8
"Oriental_Chestnut_Gall_Wasp",5.85,51.75
"Oriental_Chestnut_Gall_Wasp",6.1,51.3
"Oriental_Chestnut_Gall_Wasp",5.85,51.75
"Oriental_Chestnut_Gall_Wasp",4.3,51.5
"Oriental_Chestnut_Gall_Wasp",5.85,51.75
"Oriental_Chestnut_Gall_Wasp",4.3,51.5
"Oriental_Chestnut_Gall_Wasp",4.6,51.5
"Oriental_Chestnut_Gall_Wasp",5.9,50.75
"Oriental_Chestnut_Gall_Wasp",6.15,51.3
"Oriental_Chestnut_Gall_Wasp",4.3,51.45
"Oriental_Chestnut_Gall_Wasp",5.95,51.1
"Oriental_Chestnut_Gall_Wasp",5.9,51.8
"Oriental_Chestnut_Gall_Wasp",5.85,51.75
"Oriental_Chestnut_Gall_Wasp",5.9,50.75
"Oriental_Chestnut_Gall_Wasp",5.8,50.8
"Oriental_Chestnut_Gall_Wasp",5.9,51.7
"Oriental_Chestnut_Gall_Wasp",5.7,50.9
"Oriental_Chestnut_Gall_Wasp",6.1,51.45
"Oriental_Chestnut_Gall_Wasp",6.15,52.25
"Oriental_Chestnut_Gall_Wasp",5.7,51.75
"Oriental_Chestnut_Gall_Wasp",5.9,50.8
"Oriental_Chestnut_Gall_Wasp",6.15,51.3
"Oriental_Chestnut_Gall_Wasp",5.85,51.75
"Oriental_Chestnut_Gall_Wasp",4.45,51.45
"Oriental_Chestnut_Gall_Wasp",5.85,51.75
"Oriental_Chestnut_Gall_Wasp",5.85,51.8
"Oriental_Chestnut_Gall_Wasp",6.15,51.3
"Oriental_Chestnut_Gall_Wasp",5.9,51.8
"Oriental_Chestnut_Gall_Wasp",5.85,51.75
"Oriental_Chestnut_Gall_Wasp",5.85,51.75
"Oriental_Chestnut_Gall_Wasp",4.45,51.45
"Oriental_Chestnut_Gall_Wasp",5.85,51.75
"Oriental_Chestnut_Gall_Wasp",6.15,51.3
"Oriental_Chestnut_Gall_Wasp",6.1,51.3
"Oriental_Chestnut_Gall_Wasp",5.65,50.8
"Oriental_Chestnut_Gall_Wasp",5.95,50.75
"Oriental_Chestnut_Gall_Wasp",5.15,51.55
"Oriental_Chestnut_Gall_Wasp",6.75,51.9
"Oriental_Chestnut_Gall_Wasp",5.9,51.95
"Oriental_Chestnut_Gall_Wasp",5.85,51.75
"Oriental_Chestnut_Gall_Wasp",5.9,51.8
"Oriental_Chestnut_Gall_Wasp",6.15,51.3
"Oriental_Chestnut_Gall_Wasp",5.65,50.8
"Oriental_Chestnut_Gall_Wasp",6.1,51.3
"Oriental_Chestnut_Gall_Wasp",4.3,51.5
"Oriental_Chestnut_Gall_Wasp",6.15,51.3
"Oriental_Chestnut_Gall_Wasp",6.1,51.9
"Oriental_Chestnut_Gall_Wasp",6.15,51.3
"Oriental_Chestnut_Gall_Wasp",6.45,52.05
"Oriental_Chestnut_Gall_Wasp",6.15,51.3
"Oriental_Chestnut_Gall_Wasp",6.1,51.4
"Oriental_Chestnut_Gall_Wasp",6,51.45
"Oriental_Chestnut_Gall_Wasp",5.9,50.75
"Oriental_Chestnut_Gall_Wasp",4.3,51.5
"Oriental_Chestnut_Gall_Wasp",5.9,50.75
"Oriental_Chestnut_Gall_Wasp",4.3,51.5
"Oriental_Chestnut_Gall_Wasp",127.163991,37.383807
"Oriental_Chestnut_Gall_Wasp",-1.995278,47.955556
"Oriental_Chestnut_Gall_Wasp",-7.812316,41.131342
"Oriental_Chestnut_Gall_Wasp",8.033228,49.573395
"Oriental_Chestnut_Gall_Wasp",128.139878,37.455037
"Oriental_Chestnut_Gall_Wasp",135.441603,35.499572
"Oriental_Chestnut_Gall_Wasp",-5.014935,43.376166
"Oriental_Chestnut_Gall_Wasp",-77.051911,38.779347
"Oriental_Chestnut_Gall_Wasp",-0.57374,51.430141
"Oriental_Chestnut_Gall_Wasp",-8.144457,41.663345
"Oriental_Chestnut_Gall_Wasp",2.498622,41.883729
"Oriental_Chestnut_Gall_Wasp",12.726643,41.744517
"Oriental_Chestnut_Gall_Wasp",9.717279,44.133568
"Oriental_Chestnut_Gall_Wasp",2.352126,48.682559
"Oriental_Chestnut_Gall_Wasp",-0.179165,51.506987
"Oriental_Chestnut_Gall_Wasp",8.560107,45.676221
"Oriental_Chestnut_Gall_Wasp",1.372791,52.079646
"Oriental_Chestnut_Gall_Wasp",9.750043,52.360035
"Oriental_Chestnut_Gall_Wasp",-0.179165,51.506987
"Oriental_Chestnut_Gall_Wasp",-8.274611,43.352903
"Oriental_Chestnut_Gall_Wasp",-7.134537,42.645499
"Oriental_Chestnut_Gall_Wasp",127.166726,36.715172
"Oriental_Chestnut_Gall_Wasp",-8.244857,40.08168
"Oriental_Chestnut_Gall_Wasp",-85.465621,35.285623
"Oriental_Chestnut_Gall_Wasp",-8.258355,40.090237
"Oriental_Chestnut_Gall_Wasp",-1.401234,41.511746
"Oriental_Chestnut_Gall_Wasp",9.012829,44.417328
"Oriental_Chestnut_Gall_Wasp",-80.467316,42.715345
"Oriental_Chestnut_Gall_Wasp",8.162658,49.402595
"Oriental_Chestnut_Gall_Wasp",7.76062,45.065575
"Oriental_Chestnut_Gall_Wasp",126.664125,36.112604
"Oriental_Chestnut_Gall_Wasp",127.273762,37.679089
"Oriental_Chestnut_Gall_Wasp",7.360134,45.008652
"Oriental_Chestnut_Gall_Wasp",-7.208021,43.221139
"Oriental_Chestnut_Gall_Wasp",-8.180693,40.110355
"Oriental_Chestnut_Gall_Wasp",8.74386,45.608537
"Oriental_Chestnut_Gall_Wasp",8.761805,45.784337
"Oriental_Chestnut_Gall_Wasp",-8.27925,43.354747
"Oriental_Chestnut_Gall_Wasp",2.14911,48.56602
"Oriental_Chestnut_Gall_Wasp",1.6425,48.76241
"Oriental_Chestnut_Gall_Wasp",2.46233,48.53048
"Oriental_Chestnut_Gall_Wasp",2.24771,49.02765
"Oriental_Chestnut_Gall_Wasp",1.50211,49.05279
"Oriental_Chestnut_Gall_Wasp",1.49237,49.05332
"Oriental_Chestnut_Gall_Wasp",2.0865,48.60696
"Oriental_Chestnut_Gall_Wasp",2.90908,48.95574
"Oriental_Chestnut_Gall_Wasp",1.95447,48.95512
"Oriental_Chestnut_Gall_Wasp",1.99878,48.99155
"Oriental_Chestnut_Gall_Wasp",2.08667,48.60727
"Oriental_Chestnut_Gall_Wasp",2.00778,48.52922
"Oriental_Chestnut_Gall_Wasp",2.00505,49.14798
"Oriental_Chestnut_Gall_Wasp",2.38211,49.01338
"Oriental_Chestnut_Gall_Wasp",2.58722,48.76519
"Oriental_Chestnut_Gall_Wasp",2.31306,49.10725
"Oriental_Chestnut_Gall_Wasp",2.57511,48.75762
"Oriental_Chestnut_Gall_Wasp",2.29138,49.07943
"Oriental_Chestnut_Gall_Wasp",1.99335,49.01287
"Oriental_Chestnut_Gall_Wasp",2.28589,49.08198
"Oriental_Chestnut_Gall_Wasp",2.24497,49.026
"Oriental_Chestnut_Gall_Wasp",2.75188,49.03699
"Oriental_Chestnut_Gall_Wasp",2.56404,48.92722
"Oriental_Chestnut_Gall_Wasp",2.19212,48.53566
"Oriental_Chestnut_Gall_Wasp",2.06975,48.57992
"Oriental_Chestnut_Gall_Wasp",2.16396,48.528
"Oriental_Chestnut_Gall_Wasp",2.18703,48.53726
"Oriental_Chestnut_Gall_Wasp",1.89919,48.91151
"Oriental_Chestnut_Gall_Wasp",2.07214,48.57839
"Oriental_Chestnut_Gall_Wasp",2.18056,48.54544
"Oriental_Chestnut_Gall_Wasp",2.05455,48.60694
"Oriental_Chestnut_Gall_Wasp",2.06502,48.60639
"Oriental_Chestnut_Gall_Wasp",2.14547,48.53739
"Oriental_Chestnut_Gall_Wasp",2.76349,49.02501
"Oriental_Chestnut_Gall_Wasp",2.24204,48.62346
"Oriental_Chestnut_Gall_Wasp",2.6578,48.32986
"Oriental_Chestnut_Gall_Wasp",2.46719,48.53158
"Oriental_Chestnut_Gall_Wasp",2.15621,48.83226
"Oriental_Chestnut_Gall_Wasp",2.63947,48.89655
"Oriental_Chestnut_Gall_Wasp",2.64661,48.89617
"Oriental_Chestnut_Gall_Wasp",2.64224,48.88819
"Oriental_Chestnut_Gall_Wasp",2.62485,48.55912
"Oriental_Chestnut_Gall_Wasp",1.74713,49.09494
"Oriental_Chestnut_Gall_Wasp",2.01972,48.89354
"Oriental_Chestnut_Gall_Wasp",1.64337,49.06038
"Oriental_Chestnut_Gall_Wasp",2.91943,48.34928
"Oriental_Chestnut_Gall_Wasp",2.64932,48.88951
"Oriental_Chestnut_Gall_Wasp",2.64346,48.88556
"Oriental_Chestnut_Gall_Wasp",2.58703,48.76491
"Oriental_Chestnut_Gall_Wasp",2.59703,48.55188
"Oriental_Chestnut_Gall_Wasp",2.34575,48.63272
"Oriental_Chestnut_Gall_Wasp",1.78854,45.12057
"Oriental_Chestnut_Gall_Wasp",1.49677,45.57164
"Oriental_Chestnut_Gall_Wasp",1.31083,45.56197
"Oriental_Chestnut_Gall_Wasp",1.74917,45.13871
"Oriental_Chestnut_Gall_Wasp",1.39801,45.56989
"Oriental_Chestnut_Gall_Wasp",1.49523,45.35726
"Oriental_Chestnut_Gall_Wasp",0.97907,45.66554
"Oriental_Chestnut_Gall_Wasp",1.30328,45.56321
"Oriental_Chestnut_Gall_Wasp",1.41852,45.27865
"Oriental_Chestnut_Gall_Wasp",1.45261,45.49702
"Oriental_Chestnut_Gall_Wasp",2.44151,48.47091
"Oriental_Chestnut_Gall_Wasp",0.41388,43.19561
"Oriental_Chestnut_Gall_Wasp",0.39827,43.52868
"Oriental_Chestnut_Gall_Wasp",0.54395,43.15433
"Oriental_Chestnut_Gall_Wasp",1.56866,45.36116
"Oriental_Chestnut_Gall_Wasp",1.79263,45.52664
"Oriental_Chestnut_Gall_Wasp",-7.63875,42.887996
"Oriental_Chestnut_Gall_Wasp",-7.634043,42.886877
"Oriental_Chestnut_Gall_Wasp",-7.636997,42.889772
"Oriental_Chestnut_Gall_Wasp",-7.63875,42.887996
"Oriental_Chestnut_Gall_Wasp",-7.636997,42.889772
"Oriental_Chestnut_Gall_Wasp",-8.091971,41.525247
"Oriental_Chestnut_Gall_Wasp",7.865686,44.766341
"Oriental_Chestnut_Gall_Wasp",7.865686,44.766341
"Oriental_Chestnut_Gall_Wasp",-6.925568,43.089522
"Oriental_Chestnut_Gall_Wasp",40.136631,43.999467
"Oriental_Chestnut_Gall_Wasp",15.509443,40.379058
"Oriental_Chestnut_Gall_Wasp",2.172045,48.704062
"Oriental_Chestnut_Gall_Wasp",138.731849,36.565614
"Oriental_Chestnut_Gall_Wasp",139.710708,36.821005
"Oriental_Chestnut_Gall_Wasp",-81.548095,41.184258
"Oriental_Chestnut_Gall_Wasp",6.159693,51.308918
"Oriental_Chestnut_Gall_Wasp",8.102783,48.623512
"Oriental_Chestnut_Gall_Wasp",5.8,50.85
"Oriental_Chestnut_Gall_Wasp",6.760083,51.375058
"Oriental_Chestnut_Gall_Wasp",6.652414,51.281166
"Oriental_Chestnut_Gall_Wasp",7.554583,52
"Oriental_Chestnut_Gall_Wasp",-5.239677,43.408661
"Oriental_Chestnut_Gall_Wasp",6.1,51.9
"Oriental_Chestnut_Gall_Wasp",6.910907,51.44096
"Oriental_Chestnut_Gall_Wasp",5.8,50.85
"Oriental_Chestnut_Gall_Wasp",6.15,51.3
"Oriental_Chestnut_Gall_Wasp",6.15,51.3
"Oriental_Chestnut_Gall_Wasp",-2.972816,43.326413
"Oriental_Chestnut_Gall_Wasp",6.173482,51.308442
"Oriental_Chestnut_Gall_Wasp",-5.590762,43.493617
"Oriental_Chestnut_Gall_Wasp",7.41972,48.366451
"Oriental_Chestnut_Gall_Wasp",6.159726,51.30892
"Oriental_Chestnut_Gall_Wasp",5.35,51.65
"Oriental_Chestnut_Gall_Wasp",9.366703,42.374778
"Oriental_Chestnut_Gall_Wasp",0.88565,47.4562
"Oriental_Chestnut_Gall_Wasp",6.4,52.35
"Oriental_Chestnut_Gall_Wasp",5.35,51.65
"Oriental_Chestnut_Gall_Wasp",-7.877699,43.17691
"Oriental_Chestnut_Gall_Wasp",6.281184,51.279077
"Oriental_Chestnut_Gall_Wasp",-5.772615,43.099232
"Oriental_Chestnut_Gall_Wasp",5.85,51.75
"Oriental_Chestnut_Gall_Wasp",6.4,52.3
"Oriental_Chestnut_Gall_Wasp",6.15,51.3
"Oriental_Chestnut_Gall_Wasp",13.40472,51.104977
"Oriental_Chestnut_Gall_Wasp",6.905438,51.439731
"Oriental_Chestnut_Gall_Wasp",6.895554,51.432228
"Oriental_Chestnut_Gall_Wasp",8.159117,49.445162
"Oriental_Chestnut_Gall_Wasp",4.783496,50.629904
"Oriental_Chestnut_Gall_Wasp",2.653834,42.367906
"Oriental_Chestnut_Gall_Wasp",-7.630958,43.070572
"Oriental_Chestnut_Gall_Wasp",-7.631983,43.070285
"Oriental_Chestnut_Gall_Wasp",-7.630958,43.070572
"Oriental_Chestnut_Gall_Wasp",-80.498445,42.6707
"Oriental_Chestnut_Gall_Wasp",-80.554052,42.709567
"Oriental_Chestnut_Gall_Wasp",2.850775,41.981113
"Oriental_Chestnut_Gall_Wasp",127.087683,37.395028
"Oriental_Chestnut_Gall_Wasp",127.092598,37.394499
"Oriental_Chestnut_Gall_Wasp",15.924588,45.861877
"Oriental_Chestnut_Gall_Wasp",-82.512656,35.765234
"Oriental_Chestnut_Gall_Wasp",0.918597,51.146786
"Oriental_Chestnut_Gall_Wasp",9.155962,44.801753
"Oriental_Chestnut_Gall_Wasp",8.765622,46.159869
"Oriental_Chestnut_Gall_Wasp",-8.174193,40.571317
"Oriental_Chestnut_Gall_Wasp",-81.936103,40.811438
"Oriental_Chestnut_Gall_Wasp",0.356686,51.156234
"Oriental_Chestnut_Gall_Wasp",4.55,51.45
"Oriental_Chestnut_Gall_Wasp",5.9,51.8
"Oriental_Chestnut_Gall_Wasp",5.35,51.65
"Oriental_Chestnut_Gall_Wasp",6.15,51.3
"Oriental_Chestnut_Gall_Wasp",4.55,51.45
"Oriental_Chestnut_Gall_Wasp",6.05,51.35
"Oriental_Chestnut_Gall_Wasp",4.05,51.2
"Oriental_Chestnut_Gall_Wasp",5.85,51.75
"Oriental_Chestnut_Gall_Wasp",4.05,51.2
"Oriental_Chestnut_Gall_Wasp",6,51.1
"Oriental_Chestnut_Gall_Wasp",5.7,51.45
"Oriental_Chestnut_Gall_Wasp",5.8,51.3
"Oriental_Chestnut_Gall_Wasp",5.65,50.8
"Oriental_Chestnut_Gall_Wasp",1.078064,45.496878
"Oriental_Chestnut_Gall_Wasp",11.56803,42.877303
"Oriental_Chestnut_Gall_Wasp",-8.273203,41.273483
"Oriental_Chestnut_Gall_Wasp",-5.519,43.095175
"Oriental_Chestnut_Gall_Wasp",-7.826336,41.149668
"Oriental_Chestnut_Gall_Wasp",133.9949,35.50919
"Oriental_Chestnut_Gall_Wasp",133.9949,35.50919
"Oriental_Chestnut_Gall_Wasp",133.9949,35.50919
"Oriental_Chestnut_Gall_Wasp",133.9949,35.50919
"Oriental_Chestnut_Gall_Wasp",133.9949,35.50919
"Oriental_Chestnut_Gall_Wasp",133.9949,35.50919
"Oriental_Chestnut_Gall_Wasp",133.9949,35.50919
"Oriental_Chestnut_Gall_Wasp",133.9949,35.50919
"Oriental_Chestnut_Gall_Wasp",133.9949,35.50919
"Oriental_Chestnut_Gall_Wasp",133.9949,35.50919
"Oriental_Chestnut_Gall_Wasp",133.9949,35.50919
"Oriental_Chestnut_Gall_Wasp",9.9866,53.559517
"Oriental_Chestnut_Gall_Wasp",9.719958,44.473028
"Oriental_Chestnut_Gall_Wasp",-8.470417,40.769308
"Oriental_Chestnut_Gall_Wasp",-8.125705,42.664783
"Oriental_Chestnut_Gall_Wasp",-16.78231,32.75284
"Oriental_Chestnut_Gall_Wasp",-0.168212,51.504037
"Oriental_Chestnut_Gall_Wasp",5.2,52.1
"Oriental_Chestnut_Gall_Wasp",5.4,51.45
"Oriental_Chestnut_Gall_Wasp",5.85,51.75
"Oriental_Chestnut_Gall_Wasp",5.9,50.75
"Oriental_Chestnut_Gall_Wasp",5.7,50.8
"Oriental_Chestnut_Gall_Wasp",-2.1815,47.880224
"Oriental_Chestnut_Gall_Wasp",1.91841,45.0145
"Oriental_Chestnut_Gall_Wasp",1.47751,45.32498
"Oriental_Chestnut_Gall_Wasp",1.68071,45.28698
"Oriental_Chestnut_Gall_Wasp",1.67223,45.2789
"Oriental_Chestnut_Gall_Wasp",1.67223,45.2789
"Oriental_Chestnut_Gall_Wasp",1.13335,45.44689
"Oriental_Chestnut_Gall_Wasp",-0.82322,47.56296
"Oriental_Chestnut_Gall_Wasp",-0.86541,47.55745
"Oriental_Chestnut_Gall_Wasp",-0.81806,47.55303
"Oriental_Chestnut_Gall_Wasp",-0.81149,47.55454
"Oriental_Chestnut_Gall_Wasp",0.25237,47.47733
"Oriental_Chestnut_Gall_Wasp",2.03348,49.01099
"Oriental_Chestnut_Gall_Wasp",2.2562,49.03075
"Oriental_Chestnut_Gall_Wasp",1.23433,43.11332
"Oriental_Chestnut_Gall_Wasp",2.25268,49.03109
"Oriental_Chestnut_Gall_Wasp",2.2526,49.0312
"Oriental_Chestnut_Gall_Wasp",2.25646,49.03075
"Oriental_Chestnut_Gall_Wasp",2.24882,49.02794
"Oriental_Chestnut_Gall_Wasp",2.03348,49.01099
"Oriental_Chestnut_Gall_Wasp",2.25268,49.03109
"Oriental_Chestnut_Gall_Wasp",2.25268,49.03109
"Oriental_Chestnut_Gall_Wasp",2.2562,49.03075
"Oriental_Chestnut_Gall_Wasp",8.421238,45.706441
"Oriental_Chestnut_Gall_Wasp",39.255813,44.252122
"Oriental_Chestnut_Gall_Wasp",11.102199,43.034608
"Oriental_Chestnut_Gall_Wasp",39.276095,44.241815
"Oriental_Chestnut_Gall_Wasp",128.043257,35.710235
"Oriental_Chestnut_Gall_Wasp",2.95501,51.074857
"Oriental_Chestnut_Gall_Wasp",39.280668,44.24339
"Oriental_Chestnut_Gall_Wasp",-80.558634,42.714603
"Oriental_Chestnut_Gall_Wasp",39.274798,44.241438
"Oriental_Chestnut_Gall_Wasp",39.27553,44.241897
"Oriental_Chestnut_Gall_Wasp",-85.710165,35.186877
"Oriental_Chestnut_Gall_Wasp",-7.817081,41.021368
"Oriental_Chestnut_Gall_Wasp",39.274417,44.241035
"Oriental_Chestnut_Gall_Wasp",-72.342995,42.041517
"Oriental_Chestnut_Gall_Wasp",10.277465,44.049126
"Oriental_Chestnut_Gall_Wasp",-7.182183,42.669536
"Oriental_Chestnut_Gall_Wasp",0.11241,47.509756
"Oriental_Chestnut_Gall_Wasp",-81.737814,41.325829
"Oriental_Chestnut_Gall_Wasp",4.32692,50.931008
"Oriental_Chestnut_Gall_Wasp",10.55984,43.712895
"Oriental_Chestnut_Gall_Wasp",-80.482678,42.664553
"Oriental_Chestnut_Gall_Wasp",10.860629,43.158378
"Oriental_Chestnut_Gall_Wasp",-6.851718,41.800445
"Oriental_Chestnut_Gall_Wasp",-6.877647,41.830257
"Oriental_Chestnut_Gall_Wasp",-6.929928,41.803748
"Oriental_Chestnut_Gall_Wasp",-5.632308,43.282732
"Oriental_Chestnut_Gall_Wasp",-6.930348,41.804147
"Oriental_Chestnut_Gall_Wasp",39.27533,44.24728
"Oriental_Chestnut_Gall_Wasp",-74.428171,40.38062
"Oriental_Chestnut_Gall_Wasp",-6.85369,41.833205
"Oriental_Chestnut_Gall_Wasp",10.306853,44.16749
"Oriental_Chestnut_Gall_Wasp",-5.863514,43.155532
"Oriental_Chestnut_Gall_Wasp",-8.242636,39.720367
"Oriental_Chestnut_Gall_Wasp",103.364288,29.585417
"Oriental_Chestnut_Gall_Wasp",-8.104133,41.689607
"Oriental_Chestnut_Gall_Wasp",-8.158748,41.699698
"Oriental_Chestnut_Gall_Wasp",-0.176342,51.510458
"Oriental_Chestnut_Gall_Wasp",-86.542747,35.30825
"Oriental_Chestnut_Gall_Wasp",128.139771,37.454832
"Oriental_Chestnut_Gall_Wasp",16.382238,48.190097
"Oriental_Chestnut_Gall_Wasp",14.74769,40.953236
"Oriental_Chestnut_Gall_Wasp",16.382225,48.190094
"Oriental_Chestnut_Gall_Wasp",-7.621483,42.937173
"Oriental_Chestnut_Gall_Wasp",-7.622302,42.936977
"Oriental_Chestnut_Gall_Wasp",14.930291,38.164694
"Oriental_Chestnut_Gall_Wasp",2.467152,48.501977
"Oriental_Chestnut_Gall_Wasp",-8.279933,43.354397
"Oriental_Chestnut_Gall_Wasp",8.347725,44.319877
"Oriental_Chestnut_Gall_Wasp",-6.90939,41.689378
"Oriental_Chestnut_Gall_Wasp",-8.169604,41.639335
"Oriental_Chestnut_Gall_Wasp",-6.928458,41.717935
"Oriental_Chestnut_Gall_Wasp",-81.264838,41.688942
"Oriental_Chestnut_Gall_Wasp",-6.928138,41.717787
"Oriental_Chestnut_Gall_Wasp",-1.78402,47.26503
"Oriental_Chestnut_Gall_Wasp",-0.70267,43.35569
"Oriental_Chestnut_Gall_Wasp",7.96205,49.01858
"Oriental_Chestnut_Gall_Wasp",2.01631,48.90091
"Oriental_Chestnut_Gall_Wasp",4.17172,44.54247
"Oriental_Chestnut_Gall_Wasp",-1.89042,47.55568
"Oriental_Chestnut_Gall_Wasp",0.89135,44.03004
"Oriental_Chestnut_Gall_Wasp",1.75187,47.62278
"Oriental_Chestnut_Gall_Wasp",-1.79406,47.52824
"Oriental_Chestnut_Gall_Wasp",2.184,47.24195
"Oriental_Chestnut_Gall_Wasp",2.24704,49.02004
"Oriental_Chestnut_Gall_Wasp",0.3025,47.38823
"Oriental_Chestnut_Gall_Wasp",0.4092,45.51131
"Oriental_Chestnut_Gall_Wasp",1.51013,47.13261
"Oriental_Chestnut_Gall_Wasp",4.8191,46.48089
"Oriental_Chestnut_Gall_Wasp",4.64271,45.72981
"Oriental_Chestnut_Gall_Wasp",-1.47062,47.16042
"Oriental_Chestnut_Gall_Wasp",-0.70267,43.35569
"Oriental_Chestnut_Gall_Wasp",-0.69587,46.86353
"Oriental_Chestnut_Gall_Wasp",-0.35439,48.3735
"Oriental_Chestnut_Gall_Wasp",4.52575,44.84562
"Oriental_Chestnut_Gall_Wasp",2.50087,43.50657
"Oriental_Chestnut_Gall_Wasp",4.06343,44.5434
"Oriental_Chestnut_Gall_Wasp",-0.86154,47.70621
"Oriental_Chestnut_Gall_Wasp",-1.49974,47.20302
"Oriental_Chestnut_Gall_Wasp",1.51013,47.13261
"Oriental_Chestnut_Gall_Wasp",1.17447,46.99177
"Oriental_Chestnut_Gall_Wasp",0.97559,46.825
"Oriental_Chestnut_Gall_Wasp",-0.6673,47.54802
"Oriental_Chestnut_Gall_Wasp",2.51245,47.45316
"Oriental_Chestnut_Gall_Wasp",0.90048,47.10417
"Oriental_Chestnut_Gall_Wasp",-1.41543,47.07151
"Oriental_Chestnut_Gall_Wasp",-1.20377,46.72394
"Oriental_Chestnut_Gall_Wasp",-0.35198,46.79561
"Oriental_Chestnut_Gall_Wasp",0.19515,47.69222
"Oriental_Chestnut_Gall_Wasp",0.245,48.38727
"Oriental_Chestnut_Gall_Wasp",4.2339,44.74804
"Oriental_Chestnut_Gall_Wasp",2.35903,42.52329
"Oriental_Chestnut_Gall_Wasp",-0.67411,45.46007
"Oriental_Chestnut_Gall_Wasp",3.02745,48.9387
"Oriental_Chestnut_Gall_Wasp",-1.21013,46.78289
"Oriental_Chestnut_Gall_Wasp",1.56096,47.00914
"Oriental_Chestnut_Gall_Wasp",-1.12501,43.80726
"Oriental_Chestnut_Gall_Wasp",0.32233,47.21285
"Oriental_Chestnut_Gall_Wasp",-1.24005,48.18431
"Oriental_Chestnut_Gall_Wasp",-4.16415,47.88714
"Oriental_Chestnut_Gall_Wasp",-0.50345,43.4126
"Oriental_Chestnut_Gall_Wasp",5.42967,44.29742
"Oriental_Chestnut_Gall_Wasp",-1.6248,47.95406
"Oriental_Chestnut_Gall_Wasp",-1.20598,48.31709
"Oriental_Chestnut_Gall_Wasp",-0.30705,47.24142
"Oriental_Chestnut_Gall_Wasp",0.03377,47.18437
"Oriental_Chestnut_Gall_Wasp",-0.0048,45.24338
"Oriental_Chestnut_Gall_Wasp",-1.46226,47.21205
"Oriental_Chestnut_Gall_Wasp",0.33843,46.10112
"Oriental_Chestnut_Gall_Wasp",-1.33439,46.7218
"Oriental_Chestnut_Gall_Wasp",-1.59633,47.08886
"Oriental_Chestnut_Gall_Wasp",0.72259,44.80493
"Oriental_Chestnut_Gall_Wasp",5.83164,45.76473
"Oriental_Chestnut_Gall_Wasp",-0.21186,48.529
"Oriental_Chestnut_Gall_Wasp",1.6736,49.24545
"Oriental_Chestnut_Gall_Wasp",-0.15201,47.24461
"Oriental_Chestnut_Gall_Wasp",0.1879,47.38927
"Oriental_Chestnut_Gall_Wasp",3.35376,49.10309
"Oriental_Chestnut_Gall_Wasp",-0.4524,45.33626
"Oriental_Chestnut_Gall_Wasp",0.39199,45.88743
"Oriental_Chestnut_Gall_Wasp",2.41079,47.24918
"Oriental_Chestnut_Gall_Wasp",1.5727,47.05245
"Oriental_Chestnut_Gall_Wasp",0.10731,43.09504
"Oriental_Chestnut_Gall_Wasp",-1.70805,47.54517
"Oriental_Chestnut_Gall_Wasp",-1.13406,48.28681
"Oriental_Chestnut_Gall_Wasp",1.53231,47.79231
"Oriental_Chestnut_Gall_Wasp",0.09178,48.10857
"Oriental_Chestnut_Gall_Wasp",9.3423,42.42799
"Oriental_Chestnut_Gall_Wasp",1.21603,49.48739
"Oriental_Chestnut_Gall_Wasp",-0.80883,43.37656
"Oriental_Chestnut_Gall_Wasp",2.61387,48.78686
"Oriental_Chestnut_Gall_Wasp",0.78674,47.49891
"Oriental_Chestnut_Gall_Wasp",-1.32763,47.8285
"Oriental_Chestnut_Gall_Wasp",-1.58443,48.15661
"Oriental_Chestnut_Gall_Wasp",1.4847,49.08771
"Oriental_Chestnut_Gall_Wasp",-0.08298,47.26749
"Oriental_Chestnut_Gall_Wasp",3.49661,49.5791
"Oriental_Chestnut_Gall_Wasp",-0.56253,43.29112
"Oriental_Chestnut_Gall_Wasp",1.30636,47.0304
"Oriental_Chestnut_Gall_Wasp",1.47336,49.54757
"Oriental_Chestnut_Gall_Wasp",-0.70886,48.38274
"Oriental_Chestnut_Gall_Wasp",-1.58242,47.81794
"Oriental_Chestnut_Gall_Wasp",0.7379,47.35672
"Oriental_Chestnut_Gall_Wasp",1.42684,47.11545
"Oriental_Chestnut_Gall_Wasp",-0.4826,47.16785
"Oriental_Chestnut_Gall_Wasp",-0.2127,43.69314
"Oriental_Chestnut_Gall_Wasp",-0.78005,43.37258
"Oriental_Chestnut_Gall_Wasp",3.37578,43.97994
"Oriental_Chestnut_Gall_Wasp",-0.81108,43.09899
"Oriental_Chestnut_Gall_Wasp",-1.1167,46.82248
"Oriental_Chestnut_Gall_Wasp",2.0111,42.98151
"Oriental_Chestnut_Gall_Wasp",0.36301,47.34965
"Oriental_Chestnut_Gall_Wasp",1.55763,47.10033
"Oriental_Chestnut_Gall_Wasp",6.46701,43.32358
"Oriental_Chestnut_Gall_Wasp",-0.98653,43.8511
"Oriental_Chestnut_Gall_Wasp",1.80778,47.2011
"Oriental_Chestnut_Gall_Wasp",-1.50954,47.10038
"Oriental_Chestnut_Gall_Wasp",1.81102,48.99255
"Oriental_Chestnut_Gall_Wasp",3.51204,49.60829
"Oriental_Chestnut_Gall_Wasp",6.38424,45.6423
"Oriental_Chestnut_Gall_Wasp",0.21781,47.31536
"Oriental_Chestnut_Gall_Wasp",-1.16534,43.40488
"Oriental_Chestnut_Gall_Wasp",0.4092,45.51131
"Oriental_Chestnut_Gall_Wasp",-0.89709,43.29515
"Oriental_Chestnut_Gall_Wasp",-0.86154,47.70621
"Oriental_Chestnut_Gall_Wasp",0.2255,43.27377
"Oriental_Chestnut_Gall_Wasp",2.4215,48.67774
"Oriental_Chestnut_Gall_Wasp",0.32233,47.21285
"Oriental_Chestnut_Gall_Wasp",3.10426,43.66042
"Oriental_Chestnut_Gall_Wasp",-1.16534,43.40488
"Oriental_Chestnut_Gall_Wasp",3.96244,44.30006
"Oriental_Chestnut_Gall_Wasp",2.27138,47.32215
"Oriental_Chestnut_Gall_Wasp",2.10115,45.37958
"Oriental_Chestnut_Gall_Wasp",2.17411,44.5732
"Oriental_Chestnut_Gall_Wasp",-0.19456,48.4562
"Oriental_Chestnut_Gall_Wasp",-0.83045,44.21228
"Oriental_Chestnut_Gall_Wasp",-0.551,43.35379
"Oriental_Chestnut_Gall_Wasp",-0.56253,43.29112
"Oriental_Chestnut_Gall_Wasp",-0.74578,45.75462
"Oriental_Chestnut_Gall_Wasp",-0.82831,46.78161
"Oriental_Chestnut_Gall_Wasp",0.86855,43.9031
"Oriental_Chestnut_Gall_Wasp",0.14749,47.38105
"Oriental_Chestnut_Gall_Wasp",0.99025,49.38615
"Oriental_Chestnut_Gall_Wasp",2.3064,47.23431
"Oriental_Chestnut_Gall_Wasp",1.98511,47.15496
"Oriental_Chestnut_Gall_Wasp",3.34502,49.6856
"Oriental_Chestnut_Gall_Wasp",1.52843,44.06337
"Oriental_Chestnut_Gall_Wasp",2.38651,42.94773
"Oriental_Chestnut_Gall_Wasp",4.55917,45.2639
"Oriental_Chestnut_Gall_Wasp",-0.80828,46.50132
"Oriental_Chestnut_Gall_Wasp",2.34144,42.92459
"Oriental_Chestnut_Gall_Wasp",-0.0048,45.24338
"Oriental_Chestnut_Gall_Wasp",-0.87754,47.04564
"Oriental_Chestnut_Gall_Wasp",-0.03461,47.86509
"Oriental_Chestnut_Gall_Wasp",-1.2075,43.51001
"Oriental_Chestnut_Gall_Wasp",3.18348,43.5692
"Oriental_Chestnut_Gall_Wasp",-0.75456,43.36858
"Oriental_Chestnut_Gall_Wasp",1.7913,47.68298
"Oriental_Chestnut_Gall_Wasp",3.18913,48.61335
"Oriental_Chestnut_Gall_Wasp",4.15778,44.48697
"Oriental_Chestnut_Gall_Wasp",0.41705,45.77358
"Oriental_Chestnut_Gall_Wasp",2.0758,48.77306
"Oriental_Chestnut_Gall_Wasp",7.22893,47.93815
"Oriental_Chestnut_Gall_Wasp",-1.6426,48.01891
"Oriental_Chestnut_Gall_Wasp",0.06949,47.8339
"Oriental_Chestnut_Gall_Wasp",3.58794,49.50263
"Oriental_Chestnut_Gall_Wasp",7.76847,49.01244
"Oriental_Chestnut_Gall_Wasp",0.77856,45.20979
"Oriental_Chestnut_Gall_Wasp",-1.42928,47.50919
"Oriental_Chestnut_Gall_Wasp",0.00351,47.22058
"Oriental_Chestnut_Gall_Wasp",-1.52823,47.61292
"Oriental_Chestnut_Gall_Wasp",-2.38618,47.76932
"Oriental_Chestnut_Gall_Wasp",6.26391,45.43968
"Oriental_Chestnut_Gall_Wasp",-0.63018,43.35151
"Oriental_Chestnut_Gall_Wasp",5.77176,45.58818
"Oriental_Chestnut_Gall_Wasp",-1.04265,47.25851
"Oriental_Chestnut_Gall_Wasp",0.07096,47.30596
"Oriental_Chestnut_Gall_Wasp",3.77344,44.01195
"Oriental_Chestnut_Gall_Wasp",0.02159,47.21135
"Oriental_Chestnut_Gall_Wasp",-1.06406,43.56129
"Oriental_Chestnut_Gall_Wasp",0.29713,47.97886
"Oriental_Chestnut_Gall_Wasp",-1.2075,43.51001
"Oriental_Chestnut_Gall_Wasp",-0.82419,45.57641
"Oriental_Chestnut_Gall_Wasp",-0.12369,47.22354
"Oriental_Chestnut_Gall_Wasp",0.12236,45.55753
"Oriental_Chestnut_Gall_Wasp",2.0476,43.41032
"Oriental_Chestnut_Gall_Wasp",5.77176,45.58818
"Oriental_Chestnut_Gall_Wasp",-0.551,43.35379
"Oriental_Chestnut_Gall_Wasp",-0.86154,47.70621
"Oriental_Chestnut_Gall_Wasp",1.12576,48.79772
"Oriental_Chestnut_Gall_Wasp",3.42002,50.04503
"Oriental_Chestnut_Gall_Wasp",-1.2269,47.90038
"Oriental_Chestnut_Gall_Wasp",0.13028,47.29646
"Oriental_Chestnut_Gall_Wasp",1.47314,49.39401
"Oriental_Chestnut_Gall_Wasp",0.8898,44.5299
"Oriental_Chestnut_Gall_Wasp",-0.82006,45.65226
"Oriental_Chestnut_Gall_Wasp",-0.70816,47.4612
"Oriental_Chestnut_Gall_Wasp",-0.24026,47.33259
"Oriental_Chestnut_Gall_Wasp",-1.00491,48.03846
"Oriental_Chestnut_Gall_Wasp",-0.52584,43.87092
"Oriental_Chestnut_Gall_Wasp",-1.04924,46.6114
"Oriental_Chestnut_Gall_Wasp",-1.14112,47.54185
"Oriental_Chestnut_Gall_Wasp",1.36104,45.41054
"Oriental_Chestnut_Gall_Wasp",4.29821,44.60964
"Oriental_Chestnut_Gall_Wasp",3.24799,49.63933
"Oriental_Chestnut_Gall_Wasp",3.65417,49.73717
"Oriental_Chestnut_Gall_Wasp",1.24994,49.1172
"Oriental_Chestnut_Gall_Wasp",5.03917,45.2535
"Oriental_Chestnut_Gall_Wasp",2.16461,48.6111
"Oriental_Chestnut_Gall_Wasp",-0.06247,45.34749
"Oriental_Chestnut_Gall_Wasp",-1.12501,43.80726
"Oriental_Chestnut_Gall_Wasp",-2.62211,47.67826
"Oriental_Chestnut_Gall_Wasp",6.23798,45.38799
"Oriental_Chestnut_Gall_Wasp",1.09113,49.32805
"Oriental_Chestnut_Gall_Wasp",-1.27691,43.5815
"Oriental_Chestnut_Gall_Wasp",0.60195,47.33738
"Oriental_Chestnut_Gall_Wasp",-0.82135,43.23036
"Oriental_Chestnut_Gall_Wasp",-0.64736,43.29806
"Oriental_Chestnut_Gall_Wasp",-1.85422,47.34389
"Oriental_Chestnut_Gall_Wasp",1.13558,47.97452
"Oriental_Chestnut_Gall_Wasp",2.01797,48.80456
"Oriental_Chestnut_Gall_Wasp",2.43436,42.98417
"Oriental_Chestnut_Gall_Wasp",-1.3629,48.00878
"Oriental_Chestnut_Gall_Wasp",1.08961,49.38162
"Oriental_Chestnut_Gall_Wasp",1.20348,49.38104
"Oriental_Chestnut_Gall_Wasp",-1.79406,47.52824
"Oriental_Chestnut_Gall_Wasp",-1.47214,47.30179
"Oriental_Chestnut_Gall_Wasp",-0.25974,47.25291
"Oriental_Chestnut_Gall_Wasp",-1.71394,47.96702
"Oriental_Chestnut_Gall_Wasp",-1.09657,43.31088
"Oriental_Chestnut_Gall_Wasp",0.00664,47.14214
"Oriental_Chestnut_Gall_Wasp",0.08234,45.39441
"Oriental_Chestnut_Gall_Wasp",3.13193,49.68787
"Oriental_Chestnut_Gall_Wasp",-0.73515,44.1462
"Oriental_Chestnut_Gall_Wasp",0.53093,46.61836
"Oriental_Chestnut_Gall_Wasp",-1.7283,47.73421
"Oriental_Chestnut_Gall_Wasp",-0.53288,43.35595
"Oriental_Chestnut_Gall_Wasp",0.36132,45.84531
"Oriental_Chestnut_Gall_Wasp",2.51633,43.33261
"Oriental_Chestnut_Gall_Wasp",-1.32507,43.45629
"Oriental_Chestnut_Gall_Wasp",1.9325,45.37289
"Oriental_Chestnut_Gall_Wasp",1.45196,44.7395
"Oriental_Chestnut_Gall_Wasp",0.25989,46.72857
"Oriental_Chestnut_Gall_Wasp",-1.06506,45.18086
"Oriental_Chestnut_Gall_Wasp",-0.60059,47.50528
"Oriental_Chestnut_Gall_Wasp",-1.35375,47.95857
"Oriental_Chestnut_Gall_Wasp",3.53348,49.54689
"Oriental_Chestnut_Gall_Wasp",1.19408,47.35791
"Oriental_Chestnut_Gall_Wasp",2.33074,44.70485
"Oriental_Chestnut_Gall_Wasp",2.79446,48.27339
"Oriental_Chestnut_Gall_Wasp",2.19738,48.78387
"Oriental_Chestnut_Gall_Wasp",0.13757,45.28368
"Oriental_Chestnut_Gall_Wasp",0.86116,48.08867
"Oriental_Chestnut_Gall_Wasp",3.01796,48.6818
"Oriental_Chestnut_Gall_Wasp",4.27967,44.58074
"Oriental_Chestnut_Gall_Wasp",3.15601,49.67611
"Oriental_Chestnut_Gall_Wasp",4.22664,45.45167
"Oriental_Chestnut_Gall_Wasp",6.41272,43.16603
"Oriental_Chestnut_Gall_Wasp",-1.28483,48.16101
"Oriental_Chestnut_Gall_Wasp",0.21781,47.31536
"Oriental_Chestnut_Gall_Wasp",0.46517,48.10432
"Oriental_Chestnut_Gall_Wasp",-1.20377,46.72394
"Oriental_Chestnut_Gall_Wasp",0.93387,47.93111
"Oriental_Chestnut_Gall_Wasp",1.13635,49.12372
"Oriental_Chestnut_Gall_Wasp",-1.05608,48.0346
"Oriental_Chestnut_Gall_Wasp",-1.13845,48.04842
"Oriental_Chestnut_Gall_Wasp",-2.13103,47.82337
"Oriental_Chestnut_Gall_Wasp",-1.7783,46.95757
"Oriental_Chestnut_Gall_Wasp",4.2339,44.74804
"Oriental_Chestnut_Gall_Wasp",1.40225,48.11287
"Oriental_Chestnut_Gall_Wasp",1.14436,44.59011
"Oriental_Chestnut_Gall_Wasp",-0.60059,47.50528
"Oriental_Chestnut_Gall_Wasp",-1.09657,43.31088
"Oriental_Chestnut_Gall_Wasp",-1.9074,47.03437
"Oriental_Chestnut_Gall_Wasp",6.29392,45.31921
"Oriental_Chestnut_Gall_Wasp",2.86055,43.69352
"Oriental_Chestnut_Gall_Wasp",2.07013,49.1923
"Oriental_Chestnut_Gall_Wasp",0.00351,47.22058
"Oriental_Chestnut_Gall_Wasp",0.77856,45.20979
"Oriental_Chestnut_Gall_Wasp",2.42618,48.32038
"Oriental_Chestnut_Gall_Wasp",-0.75456,43.36858
"Oriental_Chestnut_Gall_Wasp",-1.34905,47.12046
"Oriental_Chestnut_Gall_Wasp",0.32233,47.21285
"Oriental_Chestnut_Gall_Wasp",2.30787,42.99243
"Oriental_Chestnut_Gall_Wasp",2.38651,42.94773
"Oriental_Chestnut_Gall_Wasp",0.28354,45.55439
"Oriental_Chestnut_Gall_Wasp",1.061,47.87002
"Oriental_Chestnut_Gall_Wasp",0.90503,47.80967
"Oriental_Chestnut_Gall_Wasp",0.87196,47.48635
"Oriental_Chestnut_Gall_Wasp",0.66351,46.96942
"Oriental_Chestnut_Gall_Wasp",1.51064,47.54715
"Oriental_Chestnut_Gall_Wasp",7.54213,48.91681
"Oriental_Chestnut_Gall_Wasp",0.28567,46.11351
"Oriental_Chestnut_Gall_Wasp",4.66988,44.48311
"Oriental_Chestnut_Gall_Wasp",-1.33439,46.7218
"Oriental_Chestnut_Gall_Wasp",-0.551,43.35379
"Oriental_Chestnut_Gall_Wasp",0.89024,44.82046
"Oriental_Chestnut_Gall_Wasp",-0.35916,47.60415
"Oriental_Chestnut_Gall_Wasp",-1.21013,46.78289
"Oriental_Chestnut_Gall_Wasp",0.08196,45.46692
"Oriental_Chestnut_Gall_Wasp",1.18147,47.254
"Oriental_Chestnut_Gall_Wasp",3.09163,43.8097
"Oriental_Chestnut_Gall_Wasp",4.19672,44.71643
"Oriental_Chestnut_Gall_Wasp",-0.88891,43.33187
"Oriental_Chestnut_Gall_Wasp",2.12496,48.77269
"Oriental_Chestnut_Gall_Wasp",1.93885,47.26162
"Oriental_Chestnut_Gall_Wasp",1.7913,47.68298
"Oriental_Chestnut_Gall_Wasp",-0.70816,47.4612
"Oriental_Chestnut_Gall_Wasp",3.29307,48.87633
"Oriental_Chestnut_Gall_Wasp",3.10484,43.74877
"Oriental_Chestnut_Gall_Wasp",2.22682,47.56853
"Oriental_Chestnut_Gall_Wasp",1.17343,44.55882
"Oriental_Chestnut_Gall_Wasp",-1.32763,47.8285
"Oriental_Chestnut_Gall_Wasp",-0.90362,46.89157
"Oriental_Chestnut_Gall_Wasp",-0.38326,45.37836
"Oriental_Chestnut_Gall_Wasp",-0.74976,43.33859
"Oriental_Chestnut_Gall_Wasp",1.10891,47.18456
"Oriental_Chestnut_Gall_Wasp",0.23208,45.38801
"Oriental_Chestnut_Gall_Wasp",1.83396,47.8499
"Oriental_Chestnut_Gall_Wasp",1.34416,49.26089
"Oriental_Chestnut_Gall_Wasp",-1.76789,47.14097
"Oriental_Chestnut_Gall_Wasp",-1.38683,47.72218
"Oriental_Chestnut_Gall_Wasp",-0.18695,47.26848
"Oriental_Chestnut_Gall_Wasp",0.92366,49.43327
"Oriental_Chestnut_Gall_Wasp",-1.09065,47.09671
"Oriental_Chestnut_Gall_Wasp",3.3082,49.24596
"Oriental_Chestnut_Gall_Wasp",-0.54146,45.85911
"Oriental_Chestnut_Gall_Wasp",2.17988,47.20814
"Oriental_Chestnut_Gall_Wasp",1.23683,49.19243
"Oriental_Chestnut_Gall_Wasp",-0.70267,43.35569
"Oriental_Chestnut_Gall_Wasp",-2.66595,47.69863
"Oriental_Chestnut_Gall_Wasp",-0.70893,43.29348
"Oriental_Chestnut_Gall_Wasp",2.16147,43.36618
"Oriental_Chestnut_Gall_Wasp",2.07677,45.29243
"Oriental_Chestnut_Gall_Wasp",3.38206,44.02631
"Oriental_Chestnut_Gall_Wasp",-0.33187,47.27453
"Oriental_Chestnut_Gall_Wasp",0.07223,47.89362
"Oriental_Chestnut_Gall_Wasp",2.47144,43.37648
"Oriental_Chestnut_Gall_Wasp",-1.92201,47.14934
"Oriental_Chestnut_Gall_Wasp",0.11039,46.88643
"Oriental_Chestnut_Gall_Wasp",-1.81634,48.12211
"Oriental_Chestnut_Gall_Wasp",0.32233,47.21285
"Oriental_Chestnut_Gall_Wasp",0.05153,47.12504
"Oriental_Chestnut_Gall_Wasp",4.06343,44.5434
"Oriental_Chestnut_Gall_Wasp",-0.57875,45.4511
"Oriental_Chestnut_Gall_Wasp",-1.21013,46.78289
"Oriental_Chestnut_Gall_Wasp",3.48504,49.21443
"Oriental_Chestnut_Gall_Wasp",-1.61666,47.17067
"Oriental_Chestnut_Gall_Wasp",0.58362,48.22676
"Oriental_Chestnut_Gall_Wasp",-0.09555,46.4326
"Oriental_Chestnut_Gall_Wasp",0.52235,48.39103
"Oriental_Chestnut_Gall_Wasp",-1.44551,47.35729
"Oriental_Chestnut_Gall_Wasp",-0.25081,48.49103
"Oriental_Chestnut_Gall_Wasp",3.11252,49.68591
"Oriental_Chestnut_Gall_Wasp",4.19672,44.71643
"Oriental_Chestnut_Gall_Wasp",-0.56253,43.29112
"Oriental_Chestnut_Gall_Wasp",0.72322,47.82475
"Oriental_Chestnut_Gall_Wasp",0.9974,49.27633
"Oriental_Chestnut_Gall_Wasp",3.51101,49.18725
"Oriental_Chestnut_Gall_Wasp",4.64182,46.83806
"Oriental_Chestnut_Gall_Wasp",-1.05608,48.0346
"Oriental_Chestnut_Gall_Wasp",4.66588,46.31029
"Oriental_Chestnut_Gall_Wasp",1.3275,44.66938
"Oriental_Chestnut_Gall_Wasp",2.34628,48.43173
"Oriental_Chestnut_Gall_Wasp",-1.19954,43.77366
"Oriental_Chestnut_Gall_Wasp",1.04808,47.14584
"Oriental_Chestnut_Gall_Wasp",2.85387,48.40631
"Oriental_Chestnut_Gall_Wasp",-7.781672,40.693729
"Oriental_Chestnut_Gall_Wasp",15.779681,38.261939
"Oriental_Chestnut_Gall_Wasp",-6.891568,41.738602
"Oriental_Chestnut_Gall_Wasp",9.729453,44.129222
"Oriental_Chestnut_Gall_Wasp",-0.178589,51.509928
"Oriental_Chestnut_Gall_Wasp",2.231332,49.031732
"Oriental_Chestnut_Gall_Wasp",6.15,51.3
"Oriental_Chestnut_Gall_Wasp",6.1,51.3
"Oriental_Chestnut_Gall_Wasp",6.154093,51.308026
"Oriental_Chestnut_Gall_Wasp",5.1,51.5
"Oriental_Chestnut_Gall_Wasp",-81.494756,41.201466
"Oriental_Chestnut_Gall_Wasp",2.6578,48.32986
"Oriental_Chestnut_Gall_Wasp",2.64932,48.88951
"Oriental_Chestnut_Gall_Wasp",2.64661,48.89617
"Oriental_Chestnut_Gall_Wasp",2.46719,48.53158
"Oriental_Chestnut_Gall_Wasp",2.64346,48.88556
"Oriental_Chestnut_Gall_Wasp",2.64224,48.88819
"Oriental_Chestnut_Gall_Wasp",3.92813,44.46149
"Oriental_Chestnut_Gall_Wasp",2.24204,48.62346
"Oriental_Chestnut_Gall_Wasp",1.64337,49.06038
"Oriental_Chestnut_Gall_Wasp",2.627,48.57157
"Oriental_Chestnut_Gall_Wasp",1.77291,49.09314
"Oriental_Chestnut_Gall_Wasp",2.63947,48.89655
"Oriental_Chestnut_Gall_Wasp",11.316585,45.550973
"Oriental_Chestnut_Gall_Wasp",11.30852,45.580541
"Oriental_Chestnut_Gall_Wasp",120.59269,36.28749
"Oriental_Chestnut_Gall_Wasp",16.382278,48.189952
"Oriental_Chestnut_Gall_Wasp",11.099639,43.03096
"Oriental_Chestnut_Gall_Wasp",11.099682,43.030974
"Oriental_Chestnut_Gall_Wasp",16.382217,48.189949
"Oriental_Chestnut_Gall_Wasp",38.632761,40.853319
"Oriental_Chestnut_Gall_Wasp",8.025898,49.201315
"Oriental_Chestnut_Gall_Wasp",3.796651,51.173287
"Oriental_Chestnut_Gall_Wasp",128.929,37.694556
"Oriental_Chestnut_Gall_Wasp",129.072167,37.558056
"Oriental_Chestnut_Gall_Wasp",129.072167,37.558056
"Oriental_Chestnut_Gall_Wasp",128.801972,37.798333
"Oriental_Chestnut_Gall_Wasp",-72.558452,42.224389
"Oriental_Chestnut_Gall_Wasp",-74.502846,40.214081
"Oriental_Chestnut_Gall_Wasp",-0.540528,51.363291
"Oriental_Chestnut_Gall_Wasp",5.85,50.75
"Oriental_Chestnut_Gall_Wasp",5.85,50.75
"Oriental_Chestnut_Gall_Wasp",5.8,50.85
"Oriental_Chestnut_Gall_Wasp",5.85,51.75
"Oriental_Chestnut_Gall_Wasp",5.9,51.95
"Oriental_Chestnut_Gall_Wasp",5.75,50.85
"Oriental_Chestnut_Gall_Wasp",5.9,51.95
"Oriental_Chestnut_Gall_Wasp",6.75,52.15
"Oriental_Chestnut_Gall_Wasp",5.85,50.75
"Oriental_Chestnut_Gall_Wasp",5.75,50.9
"Oriental_Chestnut_Gall_Wasp",5.35,51.65
"Oriental_Chestnut_Gall_Wasp",5.9,51.95
"Oriental_Chestnut_Gall_Wasp",5.9,51.95
"Oriental_Chestnut_Gall_Wasp",5.9,50.75
"Oriental_Chestnut_Gall_Wasp",6.75,52.15
"Oriental_Chestnut_Gall_Wasp",5.9,51.95
"Oriental_Chestnut_Gall_Wasp",5.65,52
"Oriental_Chestnut_Gall_Wasp",5.9,51.75
"Oriental_Chestnut_Gall_Wasp",5.9,51.95
"Oriental_Chestnut_Gall_Wasp",5.8,50.85
"Oriental_Chestnut_Gall_Wasp",6.75,52.15
"Oriental_Chestnut_Gall_Wasp",16.38238,48.189962
"Oriental_Chestnut_Gall_Wasp",-7.176259,41.855146
"Oriental_Chestnut_Gall_Wasp",-5.733916,43.456044
"Oriental_Chestnut_Gall_Wasp",16.348621,48.233147
"Oriental_Chestnut_Gall_Wasp",-7.168933,41.859542
"Oriental_Chestnut_Gall_Wasp",16.348625,48.233141
"Oriental_Chestnut_Gall_Wasp",2.45652,48.82131
"Oriental_Chestnut_Gall_Wasp",-7.147794,41.84577
"Oriental_Chestnut_Gall_Wasp",-8.334267,40.01601
"Oriental_Chestnut_Gall_Wasp",135.391372,35.548063
"Oriental_Chestnut_Gall_Wasp",2.391769,42.544153
"Oriental_Chestnut_Gall_Wasp",-7.696652,40.324353
"Oriental_Chestnut_Gall_Wasp",-6.965951,41.845902
"Oriental_Chestnut_Gall_Wasp",-8.156747,40.146404
"Oriental_Chestnut_Gall_Wasp",-7.021282,41.878635
"Oriental_Chestnut_Gall_Wasp",-7.02498,41.869983
"Oriental_Chestnut_Gall_Wasp",-7.033683,41.859704
"Oriental_Chestnut_Gall_Wasp",-0.62838,42.93569
"Oriental_Chestnut_Gall_Wasp",0.563567,51.243817
"Oriental_Chestnut_Gall_Wasp",-80.384778,40.436072
"Oriental_Chestnut_Gall_Wasp",127.211048,36.793975
"Oriental_Chestnut_Gall_Wasp",127.905047,35.734965
"Oriental_Chestnut_Gall_Wasp",-0.171281,51.510775
"Oriental_Chestnut_Gall_Wasp",-7.030804,41.910549
"Oriental_Chestnut_Gall_Wasp",-6.991542,41.924938
"Oriental_Chestnut_Gall_Wasp",-6.988501,41.9238
"Oriental_Chestnut_Gall_Wasp",-72.904708,41.40713
"Oriental_Chestnut_Gall_Wasp",5.65,50.8
"Oriental_Chestnut_Gall_Wasp",6,51.1
"Oriental_Chestnut_Gall_Wasp",5.65,50.8
"Oriental_Chestnut_Gall_Wasp",5.1,52.25
"Oriental_Chestnut_Gall_Wasp",5.9,51.9
"Oriental_Chestnut_Gall_Wasp",5.95,50.75
"Oriental_Chestnut_Gall_Wasp",6,51.1
"Oriental_Chestnut_Gall_Wasp",5.9,51.95
"Oriental_Chestnut_Gall_Wasp",5.85,51.75
"Oriental_Chestnut_Gall_Wasp",5.85,51.75
"Oriental_Chestnut_Gall_Wasp",5.9,50.8
"Oriental_Chestnut_Gall_Wasp",5.95,50.75
"Oriental_Chestnut_Gall_Wasp",5.8,51.3
"Oriental_Chestnut_Gall_Wasp",6,51.25
"Oriental_Chestnut_Gall_Wasp",5.7,51.7
"Oriental_Chestnut_Gall_Wasp",5.85,51.75
"Oriental_Chestnut_Gall_Wasp",6.4,52.3
"Oriental_Chestnut_Gall_Wasp",5.75,50.8
"Oriental_Chestnut_Gall_Wasp",5.85,51.75
"Oriental_Chestnut_Gall_Wasp",6.15,51.3
"Oriental_Chestnut_Gall_Wasp",5.65,50.8
"Oriental_Chestnut_Gall_Wasp",5.7,50.8
"Oriental_Chestnut_Gall_Wasp",5.7,50.8
"Oriental_Chestnut_Gall_Wasp",5.85,51.75
"Oriental_Chestnut_Gall_Wasp",5.85,51.75
"Oriental_Chestnut_Gall_Wasp",5.9,50.75
"Oriental_Chestnut_Gall_Wasp",4.5,51.9
"Oriental_Chestnut_Gall_Wasp",6.1,51.3
"Oriental_Chestnut_Gall_Wasp",5.9,50.75
"Oriental_Chestnut_Gall_Wasp",4.8,51.55
"Oriental_Chestnut_Gall_Wasp",5.9,51.8
"Oriental_Chestnut_Gall_Wasp",5.8,51.3
"Oriental_Chestnut_Gall_Wasp",5.95,51.1
"Oriental_Chestnut_Gall_Wasp",5.9,51.8
"Oriental_Chestnut_Gall_Wasp",5.7,50.8
"Oriental_Chestnut_Gall_Wasp",4.85,51.55
"Oriental_Chestnut_Gall_Wasp",5.9,50.75
"Oriental_Chestnut_Gall_Wasp",5.9,51.8
"Oriental_Chestnut_Gall_Wasp",5.9,50.8
"Oriental_Chestnut_Gall_Wasp",-7.62045,42.936536
"Oriental_Chestnut_Gall_Wasp",8.930375,45.731243
"Oriental_Chestnut_Gall_Wasp",8.943782,45.760557
"Oriental_Chestnut_Gall_Wasp",13.476122,52.488548
"Oriental_Chestnut_Gall_Wasp",-81.9536,35.962223
"Oriental_Chestnut_Gall_Wasp",-7.91101,40.638852
"Oriental_Chestnut_Gall_Wasp",-7.706388,40.381539
"Oriental_Chestnut_Gall_Wasp",-85.372986,35.162594
"Oriental_Chestnut_Gall_Wasp",4.329721,50.932418
"Oriental_Chestnut_Gall_Wasp",8.038367,49.578728
"Oriental_Chestnut_Gall_Wasp",-78.065266,39.063792
"Oriental_Chestnut_Gall_Wasp",-86.534317,35.332192
"Oriental_Chestnut_Gall_Wasp",-77.572334,43.023995
"Oriental_Chestnut_Gall_Wasp",-7.935207,40.218607
"Oriental_Chestnut_Gall_Wasp",4.329855,50.932309
"Oriental_Chestnut_Gall_Wasp",0.125617,51.482364
"Oriental_Chestnut_Gall_Wasp",-8.542519,41.085737
"Oriental_Chestnut_Gall_Wasp",-7.706974,40.380872
"Oriental_Chestnut_Gall_Wasp",1.227954,43.109799
"Oriental_Chestnut_Gall_Wasp",-1.02345,47.10531
"Oriental_Chestnut_Gall_Wasp",-1.0853,47.21079
"Oriental_Chestnut_Gall_Wasp",1.36005,46.78811
"Oriental_Chestnut_Gall_Wasp",-0.95694,47.19715
"Oriental_Chestnut_Gall_Wasp",5.7,50.9
"Oriental_Chestnut_Gall_Wasp",5.85,51.75
"Oriental_Chestnut_Gall_Wasp",4.05,51.25
"Oriental_Chestnut_Gall_Wasp",5.9,51.8
"Oriental_Chestnut_Gall_Wasp",-0.061934,48.461963
"Oriental_Chestnut_Gall_Wasp",11.577884,42.861048
"Oriental_Chestnut_Gall_Wasp",-79.45905,40.90317
"Oriental_Chestnut_Gall_Wasp",-86.534347,35.332387
"Oriental_Chestnut_Gall_Wasp",-80.647407,41.93131
"Oriental_Chestnut_Gall_Wasp",-85.293092,35.046239
"Oriental_Chestnut_Gall_Wasp",-86.534225,35.332158
"Oriental_Chestnut_Gall_Wasp",140.09904,36.04619
"Oriental_Chestnut_Gall_Wasp",140.09904,36.04619
"Oriental_Chestnut_Gall_Wasp",140.09904,36.04619
"Oriental_Chestnut_Gall_Wasp",140.09904,36.04619
"Oriental_Chestnut_Gall_Wasp",140.09904,36.04619
"Oriental_Chestnut_Gall_Wasp",140.09904,36.04619
"Oriental_Chestnut_Gall_Wasp",-7.679962,43.064733
"Oriental_Chestnut_Gall_Wasp",-0.008969,51.527019
"Oriental_Chestnut_Gall_Wasp",-7.604396,42.961414
"Oriental_Chestnut_Gall_Wasp",0.615311,51.588259
"Oriental_Chestnut_Gall_Wasp",-0.009365,51.526936
"Oriental_Chestnut_Gall_Wasp",39.723588,43.710883
"Oriental_Chestnut_Gall_Wasp",0.639863,51.59334
"Oriental_Chestnut_Gall_Wasp",-7.679674,43.065975
"Oriental_Chestnut_Gall_Wasp",-8.169759,40.127525
"Oriental_Chestnut_Gall_Wasp",127.208474,36.795693
"Oriental_Chestnut_Gall_Wasp",9.776449,44.088664
"Oriental_Chestnut_Gall_Wasp",8.947893,45.756144
"Oriental_Chestnut_Gall_Wasp",-72.542131,41.635456
"Oriental_Chestnut_Gall_Wasp",-80.403838,42.670825
"Oriental_Chestnut_Gall_Wasp",13.35762,46.17195
"Oriental_Chestnut_Gall_Wasp",5.1,51.6
"Oriental_Chestnut_Gall_Wasp",5.65,51.95
"Oriental_Chestnut_Gall_Wasp",5.1,52.25
"Oriental_Chestnut_Gall_Wasp",4.6,51.55
"Oriental_Chestnut_Gall_Wasp",5.9,51.75
"Oriental_Chestnut_Gall_Wasp",5.85,51.75
"Oriental_Chestnut_Gall_Wasp",5.65,50.8
"Oriental_Chestnut_Gall_Wasp",5.9,51.75
"Oriental_Chestnut_Gall_Wasp",6.2,51.9
"Oriental_Chestnut_Gall_Wasp",5.85,51.75
"Oriental_Chestnut_Gall_Wasp",4.95,51.75
"Oriental_Chestnut_Gall_Wasp",5.2,52.25
"Oriental_Chestnut_Gall_Wasp",5.35,51.65
"Oriental_Chestnut_Gall_Wasp",5.95,51.75
"Oriental_Chestnut_Gall_Wasp",5.95,51.1
"Oriental_Chestnut_Gall_Wasp",5.4,51.65
"Oriental_Chestnut_Gall_Wasp",5.4,52.15
"Oriental_Chestnut_Gall_Wasp",5.25,52.1
"Oriental_Chestnut_Gall_Wasp",5.2,52.15
"Oriental_Chestnut_Gall_Wasp",5.85,51.75
"Oriental_Chestnut_Gall_Wasp",5.2,52.15
"Oriental_Chestnut_Gall_Wasp",5.7,50.8
"Oriental_Chestnut_Gall_Wasp",5.35,51.6
"Oriental_Chestnut_Gall_Wasp",6.173332,51.308405
"Oriental_Chestnut_Gall_Wasp",5.9,51.8
"Oriental_Chestnut_Gall_Wasp",5.35,51.65
"Oriental_Chestnut_Gall_Wasp",5.7,50.9
"Oriental_Chestnut_Gall_Wasp",5.2,51.6
"Oriental_Chestnut_Gall_Wasp",0.600281,44.993823
"Oriental_Chestnut_Gall_Wasp",5.95,50.75
"Oriental_Chestnut_Gall_Wasp",6.1,53.2
"Oriental_Chestnut_Gall_Wasp",5.4,51.3
"Oriental_Chestnut_Gall_Wasp",5.85,51.75
"Oriental_Chestnut_Gall_Wasp",5.3,51.6
"Oriental_Chestnut_Gall_Wasp",5.95,51.1
"Oriental_Chestnut_Gall_Wasp",5.7,50.9
"Oriental_Chestnut_Gall_Wasp",6.15,51.15
"Oriental_Chestnut_Gall_Wasp",5.9,51.8
"Oriental_Chestnut_Gall_Wasp",5.9,51.7
"Oriental_Chestnut_Gall_Wasp",5.85,51.75
"Oriental_Chestnut_Gall_Wasp",6.2,51.9
"Oriental_Chestnut_Gall_Wasp",5.9,51.8
"Oriental_Chestnut_Gall_Wasp",5.35,51.65
"Oriental_Chestnut_Gall_Wasp",5.3,51.6
"Oriental_Chestnut_Gall_Wasp",5.7,51.8
"Oriental_Chestnut_Gall_Wasp",5.85,51.8
"Oriental_Chestnut_Gall_Wasp",6.35,51.95
"Oriental_Chestnut_Gall_Wasp",5.8,50.85
"Oriental_Chestnut_Gall_Wasp",5.2,51.6
"Oriental_Chestnut_Gall_Wasp",6.05,51.2
"Oriental_Chestnut_Gall_Wasp",5.8,51.7
"Oriental_Chestnut_Gall_Wasp",5.85,51.75
"Oriental_Chestnut_Gall_Wasp",5.25,52.1
"Oriental_Chestnut_Gall_Wasp",5.85,51.75
"Oriental_Chestnut_Gall_Wasp",5.85,51.75
"Oriental_Chestnut_Gall_Wasp",6,51.55
"Oriental_Chestnut_Gall_Wasp",5.9,50.75
"Oriental_Chestnut_Gall_Wasp",6.200752,51.768562
"Oriental_Chestnut_Gall_Wasp",5.7,51.95
"Oriental_Chestnut_Gall_Wasp",5.9,51.2
"Oriental_Chestnut_Gall_Wasp",5.9,51.8
"Oriental_Chestnut_Gall_Wasp",6.910325,51.440921
"Oriental_Chestnut_Gall_Wasp",6.05,51.15
"Oriental_Chestnut_Gall_Wasp",4.25,51.5
"Oriental_Chestnut_Gall_Wasp",5.1,51.5
"Oriental_Chestnut_Gall_Wasp",5.75,50.9
"Oriental_Chestnut_Gall_Wasp",5.1,51.6
"Oriental_Chestnut_Gall_Wasp",5.35,52.15
"Oriental_Chestnut_Gall_Wasp",5.2,52.15
"Oriental_Chestnut_Gall_Wasp",6.65,52.3
"Oriental_Chestnut_Gall_Wasp",5.7,51.45
"Oriental_Chestnut_Gall_Wasp",5.1,52.25
"Oriental_Chestnut_Gall_Wasp",5.85,51.75
"Oriental_Chestnut_Gall_Wasp",6.05,51.25
"Oriental_Chestnut_Gall_Wasp",5.8,51.3
"Oriental_Chestnut_Gall_Wasp",5.85,51.75
"Oriental_Chestnut_Gall_Wasp",5.95,51.75
"Oriental_Chestnut_Gall_Wasp",5.1,51.5
"Oriental_Chestnut_Gall_Wasp",5.85,51.75
"Oriental_Chestnut_Gall_Wasp",5.3,52.1
"Oriental_Chestnut_Gall_Wasp",5.35,52.15
"Oriental_Chestnut_Gall_Wasp",5.85,51.7
"Oriental_Chestnut_Gall_Wasp",5,51.5
"Oriental_Chestnut_Gall_Wasp",5.85,51.75
"Oriental_Chestnut_Gall_Wasp",5.65,51.5
"Oriental_Chestnut_Gall_Wasp",5.25,51.6
"Oriental_Chestnut_Gall_Wasp",5.15,51.55
"Oriental_Chestnut_Gall_Wasp",5.9,51.8
"Oriental_Chestnut_Gall_Wasp",5.85,51.75
"Oriental_Chestnut_Gall_Wasp",5,51.55
"Oriental_Chestnut_Gall_Wasp",5.7,51.75
"Oriental_Chestnut_Gall_Wasp",5.15,51.55
"Oriental_Chestnut_Gall_Wasp",5.25,52.1
"Oriental_Chestnut_Gall_Wasp",5.15,51.5
"Oriental_Chestnut_Gall_Wasp",5.9,51.8
"Oriental_Chestnut_Gall_Wasp",3.636696,44.078652
"Oriental_Chestnut_Gall_Wasp",6.55,51.9
"Oriental_Chestnut_Gall_Wasp",5.75,50.85
"Oriental_Chestnut_Gall_Wasp",6.45,52.45
"Oriental_Chestnut_Gall_Wasp",5.25,52.15
"Oriental_Chestnut_Gall_Wasp",5.25,52.15
"Oriental_Chestnut_Gall_Wasp",3.95,51.3
"Oriental_Chestnut_Gall_Wasp",5.6,51.45
"Oriental_Chestnut_Gall_Wasp",5.85,51.75
"Oriental_Chestnut_Gall_Wasp",5.85,51.75
"Oriental_Chestnut_Gall_Wasp",5.35,51.65
"Oriental_Chestnut_Gall_Wasp",5.2,52.25
"Oriental_Chestnut_Gall_Wasp",4.1,51.95
"Oriental_Chestnut_Gall_Wasp",5.95,50.75
"Oriental_Chestnut_Gall_Wasp",5.2,52.15
"Oriental_Chestnut_Gall_Wasp",6,50.75
"Oriental_Chestnut_Gall_Wasp",5.9,50.75
"Oriental_Chestnut_Gall_Wasp",5.95,50.75
"Oriental_Chestnut_Gall_Wasp",5.2,51.55
"Oriental_Chestnut_Gall_Wasp",6.2,51.9
"Oriental_Chestnut_Gall_Wasp",6.241967,51.34905
"Oriental_Chestnut_Gall_Wasp",5.95,51.1
"Oriental_Chestnut_Gall_Wasp",5.25,52.35
"Oriental_Chestnut_Gall_Wasp",5.85,51.75
"Oriental_Chestnut_Gall_Wasp",4.85,51.5
"Oriental_Chestnut_Gall_Wasp",6.2,51.9
"Oriental_Chestnut_Gall_Wasp",5.7,50.9
"Oriental_Chestnut_Gall_Wasp",5.9,51.7
"Oriental_Chestnut_Gall_Wasp",5.5,51.95
"Oriental_Chestnut_Gall_Wasp",5.9,51.7
"Oriental_Chestnut_Gall_Wasp",6.2,52.15
"Oriental_Chestnut_Gall_Wasp",5.4,52
"Oriental_Chestnut_Gall_Wasp",4.4,51.5
"Oriental_Chestnut_Gall_Wasp",5.15,51.55
"Oriental_Chestnut_Gall_Wasp",-5.247517,36.600508
"Oriental_Chestnut_Gall_Wasp",6.721576,51.652136
"Oriental_Chestnut_Gall_Wasp",5.55,51.95
"Oriental_Chestnut_Gall_Wasp",5.25,51.65
"Oriental_Chestnut_Gall_Wasp",5.35,51.65
"Oriental_Chestnut_Gall_Wasp",6.15,51.15
"Oriental_Chestnut_Gall_Wasp",5.85,51.8
"Oriental_Chestnut_Gall_Wasp",5.7,50.8
"Oriental_Chestnut_Gall_Wasp",5.1,52.15
"Oriental_Chestnut_Gall_Wasp",5.6,52
"Oriental_Chestnut_Gall_Wasp",5.7,51.75
"Oriental_Chestnut_Gall_Wasp",5.7,50.8
"Oriental_Chestnut_Gall_Wasp",5.8,51.95
"Oriental_Chestnut_Gall_Wasp",5.5,52.1
"Oriental_Chestnut_Gall_Wasp",6.1,51.15
"Oriental_Chestnut_Gall_Wasp",5.85,51.8
"Oriental_Chestnut_Gall_Wasp",5.7,51.75
"Oriental_Chestnut_Gall_Wasp",6.1,51.15
"Oriental_Chestnut_Gall_Wasp",6.05,52.05
"Oriental_Chestnut_Gall_Wasp",5.9,51.8
"Oriental_Chestnut_Gall_Wasp",5.35,51.65
"Oriental_Chestnut_Gall_Wasp",5.65,52.05
"Oriental_Chestnut_Gall_Wasp",5.85,51.8
"Oriental_Chestnut_Gall_Wasp",5.7,52
"Oriental_Chestnut_Gall_Wasp",5.85,51.8
"Oriental_Chestnut_Gall_Wasp",4.85,51.55
"Oriental_Chestnut_Gall_Wasp",6,52
"Oriental_Chestnut_Gall_Wasp",5.9,51.8
"Oriental_Chestnut_Gall_Wasp",6.239422,51.35443
"Oriental_Chestnut_Gall_Wasp",5.7,51.7
"Oriental_Chestnut_Gall_Wasp",5.65,50.8
"Oriental_Chestnut_Gall_Wasp",5.8,51.8
"Oriental_Chestnut_Gall_Wasp",5.9,50.75
"Oriental_Chestnut_Gall_Wasp",5.9,50.75
"Oriental_Chestnut_Gall_Wasp",5.15,52.05
"Oriental_Chestnut_Gall_Wasp",5.15,51.5
"Oriental_Chestnut_Gall_Wasp",6.15,51.45
"Oriental_Chestnut_Gall_Wasp",4.8,51.5
"Oriental_Chestnut_Gall_Wasp",5.25,52.1
"Oriental_Chestnut_Gall_Wasp",5.75,52
"Oriental_Chestnut_Gall_Wasp",5.7,50.9
"Oriental_Chestnut_Gall_Wasp",6.1,52.05
"Oriental_Chestnut_Gall_Wasp",5.9,51.75
"Oriental_Chestnut_Gall_Wasp",5.9,51.8
"Oriental_Chestnut_Gall_Wasp",5.9,51.8
"Oriental_Chestnut_Gall_Wasp",5.9,51.8
"Oriental_Chestnut_Gall_Wasp",5.1,51.55
"Oriental_Chestnut_Gall_Wasp",5.3,51.6
"Oriental_Chestnut_Gall_Wasp",4.3,51.5
"Oriental_Chestnut_Gall_Wasp",6.908893,51.441035
"Oriental_Chestnut_Gall_Wasp",5.2,51.55
"Oriental_Chestnut_Gall_Wasp",5.15,52.15
"Oriental_Chestnut_Gall_Wasp",6,51.15
"Oriental_Chestnut_Gall_Wasp",6.85,52.4
"Oriental_Chestnut_Gall_Wasp",5.25,52.1
"Oriental_Chestnut_Gall_Wasp",5.65,50.8
"Oriental_Chestnut_Gall_Wasp",5.15,52.2
"Oriental_Chestnut_Gall_Wasp",5.3,52.15
"Oriental_Chestnut_Gall_Wasp",5.85,51.75
"Oriental_Chestnut_Gall_Wasp",5.75,50.8
"Oriental_Chestnut_Gall_Wasp",5.85,51.75
"Oriental_Chestnut_Gall_Wasp",4.8,51.4
"Oriental_Chestnut_Gall_Wasp",6.2,51.9
"Oriental_Chestnut_Gall_Wasp",5.85,51.75
"Oriental_Chestnut_Gall_Wasp",5.3,51.6
"Oriental_Chestnut_Gall_Wasp",6.85,52.4
"Oriental_Chestnut_Gall_Wasp",5.95,52
"Oriental_Chestnut_Gall_Wasp",6.75,51.95
"Oriental_Chestnut_Gall_Wasp",5.3,51.3
"Oriental_Chestnut_Gall_Wasp",6.2,51.9
"Oriental_Chestnut_Gall_Wasp",5.15,51.55
"Oriental_Chestnut_Gall_Wasp",5.85,51.75
"Oriental_Chestnut_Gall_Wasp",-1.553466,43.214589
"Oriental_Chestnut_Gall_Wasp",5.4,52
"Oriental_Chestnut_Gall_Wasp",6.173376,51.308423
"Oriental_Chestnut_Gall_Wasp",5.65,50.8
"Oriental_Chestnut_Gall_Wasp",-1.615162,43.237136
"Oriental_Chestnut_Gall_Wasp",5.8,51
"Oriental_Chestnut_Gall_Wasp",-76.459253,42.451561
"Oriental_Chestnut_Gall_Wasp",-73.156364,40.743072
"Oriental_Chestnut_Gall_Wasp",-72.904725,41.40735
"Oriental_Chestnut_Gall_Wasp",-76.130592,42.989147
"Oriental_Chestnut_Gall_Wasp",-73.854911,42.632683
"Oriental_Chestnut_Gall_Wasp",-73.4837,40.849036
"Oriental_Chestnut_Gall_Wasp",-73.557661,40.862583
"Oriental_Chestnut_Gall_Wasp",-73.086886,40.914997
"Oriental_Chestnut_Gall_Wasp",-73.743728,41.277581
"Oriental_Chestnut_Gall_Wasp",-73.911103,42.021581
"Oriental_Chestnut_Gall_Wasp",4.547749,45.443632
"Oriental_Chestnut_Gall_Wasp",1.4561,43.07331
"Oriental_Chestnut_Gall_Wasp",-0.63139,44.65141
"Oriental_Chestnut_Gall_Wasp",2.09106,45.22077
"Oriental_Chestnut_Gall_Wasp",2.22097,45.24424
"Oriental_Chestnut_Gall_Wasp",2.24016,45.27193
"Oriental_Chestnut_Gall_Wasp",2.85354,49.4667
"Oriental_Chestnut_Gall_Wasp",2.09178,47.52873
"Oriental_Chestnut_Gall_Wasp",1.752295,49.097169
"Oriental_Chestnut_Gall_Wasp",2.752536,49.03781
"Oriental_Chestnut_Gall_Wasp",8.99507,45.680378
"Oriental_Chestnut_Gall_Wasp",3.769722,44.03
"Oriental_Chestnut_Gall_Wasp",14.564669,46.281279
"Oriental_Chestnut_Gall_Wasp",14.367639,45.97116
"Oriental_Chestnut_Gall_Wasp",127.063778,36.579061
"Oriental_Chestnut_Gall_Wasp",129.060568,35.253312
"Oriental_Chestnut_Gall_Wasp",127.033781,36.676394
"Oriental_Chestnut_Gall_Wasp",127.196667,34.445
"Oriental_Chestnut_Gall_Wasp",127.360278,34.647778
"Oriental_Chestnut_Gall_Wasp",127.043062,36.439414
"Oriental_Chestnut_Gall_Wasp",127.292575,34.543356
"Oriental_Chestnut_Gall_Wasp",127.033781,36.676394
"Oriental_Chestnut_Gall_Wasp",127.360278,34.647778
"Oriental_Chestnut_Gall_Wasp",127.32,34.487222
"Oriental_Chestnut_Gall_Wasp",127.456667,34.494167
"Oriental_Chestnut_Gall_Wasp",127.284451,36.303584
"Oriental_Chestnut_Gall_Wasp",127.046673,36.436081
"Oriental_Chestnut_Gall_Wasp",-16.590542,28.368349
"Oriental_Chestnut_Gall_Wasp",-81.983825,40.732342
"Oriental_Chestnut_Gall_Wasp",8.975722,46.356292
"Oriental_Chestnut_Gall_Wasp",-0.179165,51.506987
"Oriental_Chestnut_Gall_Wasp",-8.235872,40.098273
"Oriental_Chestnut_Gall_Wasp",-8.235566,40.098108
"Oriental_Chestnut_Gall_Wasp",-5.876083,43.373574
"Oriental_Chestnut_Gall_Wasp",3.589211,44.085892
"Oriental_Chestnut_Gall_Wasp",-7.516998,40.373037
"Oriental_Chestnut_Gall_Wasp",0.210723,51.248034
"Oriental_Chestnut_Gall_Wasp",-0.182146,51.561774
"Oriental_Chestnut_Gall_Wasp",127.096108,36.797443
"Oriental_Chestnut_Gall_Wasp",-0.582725,51.162797
"Oriental_Chestnut_Gall_Wasp",-80.583906,42.631473
"Oriental_Chestnut_Gall_Wasp",0.001416,51.478017
"Oriental_Chestnut_Gall_Wasp",-0.175662,51.507668
"Oriental_Chestnut_Gall_Wasp",-4.88,36.56
"Oriental_Chestnut_Gall_Wasp",-4.88,36.56
"Oriental_Chestnut_Gall_Wasp",-4.88,36.56
"Oriental_Chestnut_Gall_Wasp",-4.88,36.56
"Oriental_Chestnut_Gall_Wasp",-4.88,36.56
"Oriental_Chestnut_Gall_Wasp",-4.88,36.56
"Oriental_Chestnut_Gall_Wasp",-3.281204,47.81788
"Oriental_Chestnut_Gall_Wasp",-8.793585,42.575249
"Oriental_Chestnut_Gall_Wasp",-8.176741,40.952927
"Oriental_Chestnut_Gall_Wasp",8.24313,50.117195
"Oriental_Chestnut_Gall_Wasp",127.095689,36.797753
"Oriental_Chestnut_Gall_Wasp",126.895515,36.731054
"Oriental_Chestnut_Gall_Wasp",-79.462658,40.899071
"Oriental_Chestnut_Gall_Wasp",8.121086,49.347628
"Oriental_Chestnut_Gall_Wasp",40.277817,43.68132
"Oriental_Chestnut_Gall_Wasp",-81.999919,41.255418
"Oriental_Chestnut_Gall_Wasp",-77.55725,38.811734
"Oriental_Chestnut_Gall_Wasp",14.780458,40.94312
"Oriental_Chestnut_Gall_Wasp",7.89032,45.154501
"Oriental_Chestnut_Gall_Wasp",-81.484681,41.38704
"Oriental_Chestnut_Gall_Wasp",-6.996238,43.070904
"Oriental_Chestnut_Gall_Wasp",-8.539297,40.720743
"Oriental_Chestnut_Gall_Wasp",-7.517023,40.373032
"Oriental_Chestnut_Gall_Wasp",-80.54244,42.754498
"Oriental_Chestnut_Gall_Wasp",8.673434,45.710854
"Oriental_Chestnut_Gall_Wasp",-7.324258,41.237187
"Oriental_Chestnut_Gall_Wasp",11.578535,42.861172
"Oriental_Chestnut_Gall_Wasp",3.725435,51.189298
"Oriental_Chestnut_Gall_Wasp",-81.885683,41.59265
"Oriental_Chestnut_Gall_Wasp",-72.326905,42.100807
"Oriental_Chestnut_Gall_Wasp",-72.326905,42.100807
"Oriental_Chestnut_Gall_Wasp",-8.275457,40.028167
"Oriental_Chestnut_Gall_Wasp",-8.734446,41.286166
"Oriental_Chestnut_Gall_Wasp",11.558457,42.884035
"Oriental_Chestnut_Gall_Wasp",8.961276,45.736282
"Oriental_Chestnut_Gall_Wasp",-8.44135,40.742423
"Oriental_Chestnut_Gall_Wasp",-5.749223,43.257375
"Oriental_Chestnut_Gall_Wasp",1.133347,45.446895
"Oriental_Chestnut_Gall_Wasp",-5.825413,43.15909
"Oriental_Chestnut_Gall_Wasp",-8.643637,40.563526
"Oriental_Chestnut_Gall_Wasp",-5.825155,43.15999
"Oriental_Chestnut_Gall_Wasp",-80.403548,42.670948
"Oriental_Chestnut_Gall_Wasp",-8.228924,40.302066
"Oriental_Chestnut_Gall_Wasp",-78.03295,38.281269
"Oriental_Chestnut_Gall_Wasp",-82.066219,39.995172
"Oriental_Chestnut_Gall_Wasp",8.957335,45.768963
"Oriental_Chestnut_Gall_Wasp",0.463838,51.380595
"Oriental_Chestnut_Gall_Wasp",5.903827,45.721024
"Oriental_Chestnut_Gall_Wasp",-1.787176,47.874381
"Oriental_Chestnut_Gall_Wasp",133.705719,33.568328
"Oriental_Chestnut_Gall_Wasp",3.143207,50.608777
"Oriental_Chestnut_Gall_Wasp",3.143201,50.60877
"Oriental_Chestnut_Gall_Wasp",127.240085,36.676046
"Oriental_Chestnut_Gall_Wasp",127.181917,36.718835
"Oriental_Chestnut_Gall_Wasp",8.955173,45.766747
"Oriental_Chestnut_Gall_Wasp",10.160975,42.785953
"Oriental_Chestnut_Gall_Wasp",136.406298,35.454749
"Oriental_Chestnut_Gall_Wasp",-1.924358,48.213435
"Oriental_Chestnut_Gall_Wasp",-82.182953,40.643792
"Oriental_Chestnut_Gall_Wasp",8.155643,44.159767
"Oriental_Chestnut_Gall_Wasp",3.508706,51.139001
"Oriental_Chestnut_Gall_Wasp",-8.255098,40.932843
"Oriental_Chestnut_Gall_Wasp",-85.633317,34.392342
"Oriental_Chestnut_Gall_Wasp",-8.384922,40.946844
"Oriental_Chestnut_Gall_Wasp",2.5448,42.145114
"Oriental_Chestnut_Gall_Wasp",10.274338,43.976038
"Oriental_Chestnut_Gall_Wasp",-8.23852,40.895201
"Oriental_Chestnut_Gall_Wasp",-85.373041,35.162642
"Oriental_Chestnut_Gall_Wasp",-8.613228,41.288431
"Oriental_Chestnut_Gall_Wasp",5.081111,51.626944
"Oriental_Chestnut_Gall_Wasp",5.164167,51.555
"Oriental_Chestnut_Gall_Wasp",5.163333,51.540556
"Oriental_Chestnut_Gall_Wasp",5.161944,51.553889
"Oriental_Chestnut_Gall_Wasp",5.153889,51.541944
"Oriental_Chestnut_Gall_Wasp",5.110278,51.541111
"Oriental_Chestnut_Gall_Wasp",-1.669506,47.883399
"Oriental_Chestnut_Gall_Wasp",-71.204769,42.129742
"Oriental_Chestnut_Gall_Wasp",-81.683837,41.318466
"Oriental_Chestnut_Gall_Wasp",-82.606942,35.499128
"Oriental_Chestnut_Gall_Wasp",-81.619918,41.215615
"Oriental_Chestnut_Gall_Wasp",-0.694362,51.532447
"Oriental_Chestnut_Gall_Wasp",-81.758947,41.303234
"Oriental_Chestnut_Gall_Wasp",-0.168556,51.503715
"Oriental_Chestnut_Gall_Wasp",3.516485,51.136516
"Oriental_Chestnut_Gall_Wasp",-0.602725,44.76313
"Oriental_Chestnut_Gall_Wasp",-0.176492,51.503952
"Oriental_Chestnut_Gall_Wasp",2.402632,48.617243
"Oriental_Chestnut_Gall_Wasp",3.395452,51.08493
"Oriental_Chestnut_Gall_Wasp",6.472251,43.298937
"Oriental_Chestnut_Gall_Wasp",14.584134,45.861565
"Oriental_Chestnut_Gall_Wasp",-77.859368,40.818763
"Oriental_Chestnut_Gall_Wasp",11.672423,42.762432
"Oriental_Chestnut_Gall_Wasp",4.709517,51.129375
"Oriental_Chestnut_Gall_Wasp",-81.305565,41.175465
"Oriental_Chestnut_Gall_Wasp",-8.2885,40.90806
"Oriental_Chestnut_Gall_Wasp",-0.292108,51.477252
"Oriental_Chestnut_Gall_Wasp",-0.296761,51.472907
"Oriental_Chestnut_Gall_Wasp",-0.3089,51.509883
"Oriental_Chestnut_Gall_Wasp",-0.29281,51.477563
"Oriental_Chestnut_Gall_Wasp",-0.297808,51.478247
"Oriental_Chestnut_Gall_Wasp",-0.298148,51.477894
"Oriental_Chestnut_Gall_Wasp",-0.000511,51.479338
"Oriental_Chestnut_Gall_Wasp",0.021765,51.568815
"Oriental_Chestnut_Gall_Wasp",-0.294745,51.49356
"Oriental_Chestnut_Gall_Wasp",-0.172788,51.508172
"Oriental_Chestnut_Gall_Wasp",-0.050414,51.561478
"Oriental_Chestnut_Gall_Wasp",-0.292979,51.525511
"Oriental_Chestnut_Gall_Wasp",-7.376737,41.287025
"Oriental_Chestnut_Gall_Wasp",3.637612,50.763647
"Oriental_Chestnut_Gall_Wasp",3.638061,50.763751
"Oriental_Chestnut_Gall_Wasp",9.13449,45.779766
"Oriental_Chestnut_Gall_Wasp",-0.308911,51.432683
"Oriental_Chestnut_Gall_Wasp",-80.647407,41.931311
"Oriental_Chestnut_Gall_Wasp",10.990328,43.086659
"Oriental_Chestnut_Gall_Wasp",-4.952968,36.750871
"Oriental_Chestnut_Gall_Wasp",-2.453256,43.035579
"Oriental_Chestnut_Gall_Wasp",-8.230003,40.303201
"Oriental_Chestnut_Gall_Wasp",8.038951,44.537553
"Oriental_Chestnut_Gall_Wasp",8.039174,44.539223
"Oriental_Chestnut_Gall_Wasp",-7.11809,42.625046
"Oriental_Chestnut_Gall_Wasp",0.101082,51.420483
"Oriental_Chestnut_Gall_Wasp",7.77799,45.064668
"Oriental_Chestnut_Gall_Wasp",11.58724,42.888623
"Oriental_Chestnut_Gall_Wasp",8.977021,45.756067
"Oriental_Chestnut_Gall_Wasp",-3.24073,47.803223
"Oriental_Chestnut_Gall_Wasp",-8.410416,43.325575
"Oriental_Chestnut_Gall_Wasp",11.553372,42.76071
"Oriental_Chestnut_Gall_Wasp",-72.275517,42.341847
"Oriental_Chestnut_Gall_Wasp",-3.240665,47.803169
"Oriental_Chestnut_Gall_Wasp",8.967965,45.703866
"Oriental_Chestnut_Gall_Wasp",14.744863,40.935335
"Oriental_Chestnut_Gall_Wasp",10.325149,46.087586
"Oriental_Chestnut_Gall_Wasp",-3.240515,47.803298
"Oriental_Chestnut_Gall_Wasp",8.966893,45.703751
"Oriental_Chestnut_Gall_Wasp",10.162779,45.880828
"Oriental_Chestnut_Gall_Wasp",5.921418,50.700687
"Oriental_Chestnut_Gall_Wasp",8.955832,45.776028
"Oriental_Chestnut_Gall_Wasp",0.10166,51.420015
"Oriental_Chestnut_Gall_Wasp",8.535196,45.943024
"Oriental_Chestnut_Gall_Wasp",2.353954,44.720188
"Oriental_Chestnut_Gall_Wasp",11.565116,42.920168
"Oriental_Chestnut_Gall_Wasp",11.529104,42.887553
"Oriental_Chestnut_Gall_Wasp",-8.36802,40.931325
"Oriental_Chestnut_Gall_Wasp",7.96185,48.292535
"Oriental_Chestnut_Gall_Wasp",-3.240501,47.803233
"Oriental_Chestnut_Gall_Wasp",9.133813,45.780267
"Oriental_Chestnut_Gall_Wasp",10.033737,44.438679
"Oriental_Chestnut_Gall_Wasp",5.8,51
"Oriental_Chestnut_Gall_Wasp",5.9,51.7
"Oriental_Chestnut_Gall_Wasp",6.095897,51.786827
"Oriental_Chestnut_Gall_Wasp",5.85,51.95
"Oriental_Chestnut_Gall_Wasp",5.35,52
"Oriental_Chestnut_Gall_Wasp",5.8,51.95
"Oriental_Chestnut_Gall_Wasp",5.85,51.75
"Oriental_Chestnut_Gall_Wasp",5.8,51.3
"Oriental_Chestnut_Gall_Wasp",5.85,51.75
"Oriental_Chestnut_Gall_Wasp",4.45,51.45
"Oriental_Chestnut_Gall_Wasp",5.85,51.75
"Oriental_Chestnut_Gall_Wasp",4.45,51.45
"Oriental_Chestnut_Gall_Wasp",5.25,52.1
"Oriental_Chestnut_Gall_Wasp",6.01585,51.7758
"Oriental_Chestnut_Gall_Wasp",6.921566,51.438337
"Oriental_Chestnut_Gall_Wasp",5.7,51.75
"Oriental_Chestnut_Gall_Wasp",6.75,51.9
"Oriental_Chestnut_Gall_Wasp",5.4,51.45
"Oriental_Chestnut_Gall_Wasp",6.75,51.9
"Oriental_Chestnut_Gall_Wasp",6.05,51.35
"Oriental_Chestnut_Gall_Wasp",4.45,51.45
"Oriental_Chestnut_Gall_Wasp",5.85,51.8
"Oriental_Chestnut_Gall_Wasp",5.85,51.75
"Oriental_Chestnut_Gall_Wasp",5.15,52.25
"Oriental_Chestnut_Gall_Wasp",6.170377,51.307529
"Oriental_Chestnut_Gall_Wasp",7.014889,51.489435
"Oriental_Chestnut_Gall_Wasp",5.75,51.65
"Oriental_Chestnut_Gall_Wasp",5.25,52.1
"Oriental_Chestnut_Gall_Wasp",5.85,51.75
"Oriental_Chestnut_Gall_Wasp",5.85,51.75
"Oriental_Chestnut_Gall_Wasp",6.75,51.9
"Oriental_Chestnut_Gall_Wasp",5.25,52.1
"Oriental_Chestnut_Gall_Wasp",6.65,52.05
"Oriental_Chestnut_Gall_Wasp",4.35,51.4
"Oriental_Chestnut_Gall_Wasp",5.9,51.35
"Oriental_Chestnut_Gall_Wasp",5.7,50.9
"Oriental_Chestnut_Gall_Wasp",4.35,51.4
"Oriental_Chestnut_Gall_Wasp",5.85,51.75
"Oriental_Chestnut_Gall_Wasp",5.7,51.75
"Oriental_Chestnut_Gall_Wasp",6.15,51.95
"Oriental_Chestnut_Gall_Wasp",6.128626,51.789563
"Oriental_Chestnut_Gall_Wasp",15.6004,46.532086
"Oriental_Chestnut_Gall_Wasp",0.989785,46.668618
"Oriental_Chestnut_Gall_Wasp",5.9,51.35
"Oriental_Chestnut_Gall_Wasp",7.139755,45.708816
"Oriental_Chestnut_Gall_Wasp",4.3,51.45
"Oriental_Chestnut_Gall_Wasp",4.45,51.45
"Oriental_Chestnut_Gall_Wasp",6.05,51.2
"Oriental_Chestnut_Gall_Wasp",4.45,51.45
"Oriental_Chestnut_Gall_Wasp",5.7,50.9
"Oriental_Chestnut_Gall_Wasp",-7.518175,40.373798
"Oriental_Chestnut_Gall_Wasp",5.8,50.8
"Oriental_Chestnut_Gall_Wasp",5.9,51.35
"Oriental_Chestnut_Gall_Wasp",5.9,51.7
"Oriental_Chestnut_Gall_Wasp",5.7,51.7
"Oriental_Chestnut_Gall_Wasp",5.4,51.45
"Oriental_Chestnut_Gall_Wasp",5.25,52.1
"Oriental_Chestnut_Gall_Wasp",6.894985,51.431952
"Oriental_Chestnut_Gall_Wasp",5.15,52.05
"Oriental_Chestnut_Gall_Wasp",5.8,51.95
"Oriental_Chestnut_Gall_Wasp",5.2,51.55
"Oriental_Chestnut_Gall_Wasp",5.7,50.9
"Oriental_Chestnut_Gall_Wasp",5.85,51.75
"Oriental_Chestnut_Gall_Wasp",5.75,51.8
"Oriental_Chestnut_Gall_Wasp",6.2,51.9
"Oriental_Chestnut_Gall_Wasp",5.25,51.55
"Oriental_Chestnut_Gall_Wasp",5.25,52.1
"Oriental_Chestnut_Gall_Wasp",5.35,52.15
"Oriental_Chestnut_Gall_Wasp",5.8,51.95
"Oriental_Chestnut_Gall_Wasp",-0.297634,51.476002
"Oriental_Chestnut_Gall_Wasp",5.9,51.7
"Oriental_Chestnut_Gall_Wasp",6.902661,51.437184
"Oriental_Chestnut_Gall_Wasp",4.45,51.45
"Oriental_Chestnut_Gall_Wasp",4.95,51.75
"Oriental_Chestnut_Gall_Wasp",5.75,50.9
"Oriental_Chestnut_Gall_Wasp",5.9,51.8
"Oriental_Chestnut_Gall_Wasp",4.040251,44.334569
"Oriental_Chestnut_Gall_Wasp",0.104068,51.436951
"Oriental_Chestnut_Gall_Wasp",-1.615919,48.118347
"Oriental_Chestnut_Gall_Wasp",8.343345,44.342055
"Oriental_Chestnut_Gall_Wasp",-1.61594,48.118328
"Oriental_Chestnut_Gall_Wasp",15.61194,46.475942
"Oriental_Chestnut_Gall_Wasp",-72.999201,41.701554
"Oriental_Chestnut_Gall_Wasp",-81.445394,40.823058
"Oriental_Chestnut_Gall_Wasp",-81.945045,40.806375
"Oriental_Chestnut_Gall_Wasp",4.634706,50.952894
"Oriental_Chestnut_Gall_Wasp",15.26982,45.665392
"Oriental_Chestnut_Gall_Wasp",-81.936592,40.836553
"Oriental_Chestnut_Gall_Wasp",3.156907,51.175285
"Oriental_Chestnut_Gall_Wasp",-81.674347,40.799887
"Oriental_Chestnut_Gall_Wasp",-82.113565,39.992471
"Oriental_Chestnut_Gall_Wasp",-81.946162,40.73585
"Oriental_Chestnut_Gall_Wasp",8.982511,45.745094
"Oriental_Chestnut_Gall_Wasp",1.99242,49.013135
"Oriental_Chestnut_Gall_Wasp",-81.291373,41.129283
"Oriental_Chestnut_Gall_Wasp",10.249384,45.925617
"Oriental_Chestnut_Gall_Wasp",-0.180825,51.508013
"Oriental_Chestnut_Gall_Wasp",10.205119,44.733547
"Oriental_Chestnut_Gall_Wasp",-82.499789,35.541109
"Oriental_Chestnut_Gall_Wasp",-82.499874,35.541134
"Oriental_Chestnut_Gall_Wasp",8.157967,49.404049
"Oriental_Chestnut_Gall_Wasp",-77.859352,40.819324
"Oriental_Chestnut_Gall_Wasp",-0.186428,51.503133
"Oriental_Chestnut_Gall_Wasp",-0.62838,42.93569
"Oriental_Chestnut_Gall_Wasp",2.59703,48.55188
"Oriental_Chestnut_Gall_Wasp",-0.46545,43.83718
"Oriental_Chestnut_Gall_Wasp",-0.61666,44.77082
"Oriental_Chestnut_Gall_Wasp",2.34575,48.63272
"Oriental_Chestnut_Gall_Wasp",2.57511,48.75762
"Oriental_Chestnut_Gall_Wasp",2.56404,48.92722
"Oriental_Chestnut_Gall_Wasp",2.90908,48.95574
"Oriental_Chestnut_Gall_Wasp",1.49237,49.05332
"Oriental_Chestnut_Gall_Wasp",1.50211,49.05279
"Oriental_Chestnut_Gall_Wasp",2.27039,49.02431
"Oriental_Chestnut_Gall_Wasp",2.27039,49.02431
"Oriental_Chestnut_Gall_Wasp",2.27039,49.02431
"Oriental_Chestnut_Gall_Wasp",2.27039,49.02431
"Oriental_Chestnut_Gall_Wasp",2.24882,49.02794
"Oriental_Chestnut_Gall_Wasp",2.34966,49.00194
"Oriental_Chestnut_Gall_Wasp",-1.22572,47.42872
"Oriental_Chestnut_Gall_Wasp",-0.61666,44.77082
"Oriental_Chestnut_Gall_Wasp",2.0629,47.52486
"Oriental_Chestnut_Gall_Wasp",-76.276353,38.794647
"Oriental_Chestnut_Gall_Wasp",-81.474004,40.887863
"Oriental_Chestnut_Gall_Wasp",13.944598,45.784673
"Oriental_Chestnut_Gall_Wasp",13.883884,45.82583
"Oriental_Chestnut_Gall_Wasp",14.821444,46.341128
"Oriental_Chestnut_Gall_Wasp",15.49822,46.374406
"Oriental_Chestnut_Gall_Wasp",15.279239,45.703657
"Oriental_Chestnut_Gall_Wasp",14.662145,46.208331
"Oriental_Chestnut_Gall_Wasp",13.883509,45.854278
"Oriental_Chestnut_Gall_Wasp",16.02179,46.53174
"Oriental_Chestnut_Gall_Wasp",13.934786,45.790736
"Oriental_Chestnut_Gall_Wasp",13.902045,45.810079
"Oriental_Chestnut_Gall_Wasp",14.812192,46.330317
"Oriental_Chestnut_Gall_Wasp",13.87601,45.818662
"Oriental_Chestnut_Gall_Wasp",14.665701,46.048185
"Oriental_Chestnut_Gall_Wasp",14.838338,46.316771
"Oriental_Chestnut_Gall_Wasp",15.232337,45.948832
"Oriental_Chestnut_Gall_Wasp",14.820723,46.303159
"Oriental_Chestnut_Gall_Wasp",13.856977,45.821785
"Oriental_Chestnut_Gall_Wasp",16.182297,46.784441
"Oriental_Chestnut_Gall_Wasp",15.480111,45.862297
"Oriental_Chestnut_Gall_Wasp",13.883884,45.82583
"Oriental_Chestnut_Gall_Wasp",14.837381,46.333324
"Oriental_Chestnut_Gall_Wasp",15.109998,46.335344
"Oriental_Chestnut_Gall_Wasp",14.094656,46.401918
"Oriental_Chestnut_Gall_Wasp",15.742608,46.268995
"Oriental_Chestnut_Gall_Wasp",15.68158,46.283727
"Oriental_Chestnut_Gall_Wasp",13.87601,45.818662
"Oriental_Chestnut_Gall_Wasp",14.437457,46.08547
"Oriental_Chestnut_Gall_Wasp",14.129465,46.334259
"Oriental_Chestnut_Gall_Wasp",14.611208,45.987279
"Oriental_Chestnut_Gall_Wasp",16.033139,46.631504
"Oriental_Chestnut_Gall_Wasp",14.612667,46.241465
"Oriental_Chestnut_Gall_Wasp",14.731289,46.274014
"Oriental_Chestnut_Gall_Wasp",13.641567,46.066531
"Oriental_Chestnut_Gall_Wasp",15.794776,46.329025
"Oriental_Chestnut_Gall_Wasp",15.501897,46.086635
"Oriental_Chestnut_Gall_Wasp",16.010285,46.775026
"Oriental_Chestnut_Gall_Wasp",13.855697,45.854174
"Oriental_Chestnut_Gall_Wasp",14.717434,46.039326
"Oriental_Chestnut_Gall_Wasp",15.499446,45.9673
"Oriental_Chestnut_Gall_Wasp",13.42589,46.251494
"Oriental_Chestnut_Gall_Wasp",14.63995,46.233456
"Oriental_Chestnut_Gall_Wasp",16.063027,46.81998
"Oriental_Chestnut_Gall_Wasp",16.103268,46.78829
"Oriental_Chestnut_Gall_Wasp",14.824314,46.337264
"Oriental_Chestnut_Gall_Wasp",15.207795,45.651458
"Oriental_Chestnut_Gall_Wasp",15.889333,46.316477
"Oriental_Chestnut_Gall_Wasp",13.902045,45.810079
"Oriental_Chestnut_Gall_Wasp",14.717411,46.043825
"Oriental_Chestnut_Gall_Wasp",15.55423,46.289744
"Oriental_Chestnut_Gall_Wasp",13.909885,45.799302
"Oriental_Chestnut_Gall_Wasp",14.914228,45.861636
"Oriental_Chestnut_Gall_Wasp",14.959316,46.378327
"Oriental_Chestnut_Gall_Wasp",14.096026,45.606454
"Oriental_Chestnut_Gall_Wasp",14.701904,46.0757
"Oriental_Chestnut_Gall_Wasp",14.995217,45.954192
"Oriental_Chestnut_Gall_Wasp",13.75284,45.871824
"Oriental_Chestnut_Gall_Wasp",13.885421,45.803602
"Oriental_Chestnut_Gall_Wasp",14.935472,46.312277
"Oriental_Chestnut_Gall_Wasp",16.072809,46.850476
"Oriental_Chestnut_Gall_Wasp",14.538913,46.14447
"Oriental_Chestnut_Gall_Wasp",15.308245,45.807123
"Oriental_Chestnut_Gall_Wasp",14.658079,46.237111
"Oriental_Chestnut_Gall_Wasp",16.218632,46.856391
"Oriental_Chestnut_Gall_Wasp",13.879554,45.764402
"Oriental_Chestnut_Gall_Wasp",15.11229,46.357079
"Oriental_Chestnut_Gall_Wasp",16.020636,46.609124
"Oriental_Chestnut_Gall_Wasp",14.821444,46.341128
"Oriental_Chestnut_Gall_Wasp",15.688545,46.319557
"Oriental_Chestnut_Gall_Wasp",15.995981,46.546138
"Oriental_Chestnut_Gall_Wasp",16.133291,46.820744
"Oriental_Chestnut_Gall_Wasp",14.858944,45.880361
"Oriental_Chestnut_Gall_Wasp",14.853068,46.344412
"Oriental_Chestnut_Gall_Wasp",14.664105,46.205637
"Oriental_Chestnut_Gall_Wasp",14.833861,46.337593
"Oriental_Chestnut_Gall_Wasp",15.625864,45.860249
"Oriental_Chestnut_Gall_Wasp",14.293585,46.095984
"Oriental_Chestnut_Gall_Wasp",13.883509,45.854278
"Oriental_Chestnut_Gall_Wasp",15.486497,46.076418
"Oriental_Chestnut_Gall_Wasp",13.927536,45.791839
"Oriental_Chestnut_Gall_Wasp",16.178271,46.756053
"Oriental_Chestnut_Gall_Wasp",13.849659,45.861627
"Oriental_Chestnut_Gall_Wasp",13.855697,45.854174
"Oriental_Chestnut_Gall_Wasp",14.936238,46.323614
"Oriental_Chestnut_Gall_Wasp",15.286488,46.053361
"Oriental_Chestnut_Gall_Wasp",13.937992,45.805496
"Oriental_Chestnut_Gall_Wasp",14.043823,45.577684
"Oriental_Chestnut_Gall_Wasp",14.881398,46.279304
"Oriental_Chestnut_Gall_Wasp",13.883509,45.854278
"Oriental_Chestnut_Gall_Wasp",14.538395,46.147644
"Oriental_Chestnut_Gall_Wasp",13.883884,45.82583
"Oriental_Chestnut_Gall_Wasp",15.135169,46.209642
"Oriental_Chestnut_Gall_Wasp",14.842106,46.361852
"Oriental_Chestnut_Gall_Wasp",14.217483,46.329522
"Oriental_Chestnut_Gall_Wasp",14.755741,46.142886
"Oriental_Chestnut_Gall_Wasp",16.012432,46.519228
"Oriental_Chestnut_Gall_Wasp",13.900867,45.849092
"Oriental_Chestnut_Gall_Wasp",13.785495,45.915564
"Oriental_Chestnut_Gall_Wasp",14.592318,46.011058
"Oriental_Chestnut_Gall_Wasp",13.898367,45.861584
"Oriental_Chestnut_Gall_Wasp",14.710881,46.057305
"Oriental_Chestnut_Gall_Wasp",13.936276,45.826059
"Oriental_Chestnut_Gall_Wasp",15.101961,46.358123
"Oriental_Chestnut_Gall_Wasp",14.281436,46.034428
"Oriental_Chestnut_Gall_Wasp",15.393405,45.972341
"Oriental_Chestnut_Gall_Wasp",15.399265,46.348479
"Oriental_Chestnut_Gall_Wasp",14.590042,46.022045
"Oriental_Chestnut_Gall_Wasp",14.6544,46.203359
"Oriental_Chestnut_Gall_Wasp",15.205578,45.659327
"Oriental_Chestnut_Gall_Wasp",14.842787,46.350696
"Oriental_Chestnut_Gall_Wasp",13.849659,45.861627
"Oriental_Chestnut_Gall_Wasp",14.859709,46.338392
"Oriental_Chestnut_Gall_Wasp",15.755855,46.325492
"Oriental_Chestnut_Gall_Wasp",14.972548,46.156637
"Oriental_Chestnut_Gall_Wasp",14.914161,46.3236
"Oriental_Chestnut_Gall_Wasp",13.883509,45.854278
"Oriental_Chestnut_Gall_Wasp",13.927536,45.791839
"Oriental_Chestnut_Gall_Wasp",13.785495,45.915564
"Oriental_Chestnut_Gall_Wasp",15.114824,45.983753
"Oriental_Chestnut_Gall_Wasp",15.963664,46.635485
"Oriental_Chestnut_Gall_Wasp",15.123983,46.055365
"Oriental_Chestnut_Gall_Wasp",14.888283,46.210571
"Oriental_Chestnut_Gall_Wasp",16.114208,46.7979
"Oriental_Chestnut_Gall_Wasp",14.959327,46.361772
"Oriental_Chestnut_Gall_Wasp",15.090577,46.350135
"Oriental_Chestnut_Gall_Wasp",16.307949,46.802684
"Oriental_Chestnut_Gall_Wasp",15.751008,46.313
"Oriental_Chestnut_Gall_Wasp",13.94767,45.883284
"Oriental_Chestnut_Gall_Wasp",16.262039,46.730417
"Oriental_Chestnut_Gall_Wasp",13.883884,45.82583
"Oriental_Chestnut_Gall_Wasp",15.356224,45.989694
"Oriental_Chestnut_Gall_Wasp",15.282037,45.698161
"Oriental_Chestnut_Gall_Wasp",14.281955,46.060272
"Oriental_Chestnut_Gall_Wasp",16.164225,46.796682
"Oriental_Chestnut_Gall_Wasp",14.995217,45.954192
"Oriental_Chestnut_Gall_Wasp",14.994156,46.365197
"Oriental_Chestnut_Gall_Wasp",14.865281,46.344157
"Oriental_Chestnut_Gall_Wasp",15.299997,45.659107
"Oriental_Chestnut_Gall_Wasp",15.324613,45.809759
"Oriental_Chestnut_Gall_Wasp",14.824314,46.337264
"Oriental_Chestnut_Gall_Wasp",15.278284,45.933631
"Oriental_Chestnut_Gall_Wasp",14.049983,45.586248
"Oriental_Chestnut_Gall_Wasp",13.91,45.802606
"Oriental_Chestnut_Gall_Wasp",14.810706,46.347229
"Oriental_Chestnut_Gall_Wasp",13.883884,45.82583
"Oriental_Chestnut_Gall_Wasp",15.029181,45.904655
"Oriental_Chestnut_Gall_Wasp",15.499446,45.9673
"Oriental_Chestnut_Gall_Wasp",15.478136,45.857357
"Oriental_Chestnut_Gall_Wasp",15.345443,46.055339
"Oriental_Chestnut_Gall_Wasp",14.675327,46.05946
"Oriental_Chestnut_Gall_Wasp",14.816011,46.314668
"Oriental_Chestnut_Gall_Wasp",14.474897,46.065754
"Oriental_Chestnut_Gall_Wasp",15.027713,46.413058
"Oriental_Chestnut_Gall_Wasp",14.821079,46.30549
"Oriental_Chestnut_Gall_Wasp",13.921065,45.807254
"Oriental_Chestnut_Gall_Wasp",14.842106,46.361852
"Oriental_Chestnut_Gall_Wasp",15.031884,46.427812
"Oriental_Chestnut_Gall_Wasp",13.868497,45.821063
"Oriental_Chestnut_Gall_Wasp",13.697129,46.204841
"Oriental_Chestnut_Gall_Wasp",15.547604,45.876146
"Oriental_Chestnut_Gall_Wasp",14.695429,46.053945
"Oriental_Chestnut_Gall_Wasp",14.701212,46.052782
"Oriental_Chestnut_Gall_Wasp",16.216677,46.787319
"Oriental_Chestnut_Gall_Wasp",13.876338,45.788864
"Oriental_Chestnut_Gall_Wasp",14.259143,46.283616
"Oriental_Chestnut_Gall_Wasp",15.516697,45.84954
"Oriental_Chestnut_Gall_Wasp",14.681853,46.048231
"Oriental_Chestnut_Gall_Wasp",14.478325,46.064141
"Oriental_Chestnut_Gall_Wasp",14.924248,46.355097
"Oriental_Chestnut_Gall_Wasp",15.493934,46.558395
"Oriental_Chestnut_Gall_Wasp",16.041966,46.598135
"Oriental_Chestnut_Gall_Wasp",15.642107,45.836026
"Oriental_Chestnut_Gall_Wasp",14.710881,46.057305
"Oriental_Chestnut_Gall_Wasp",14.715453,46.06554
"Oriental_Chestnut_Gall_Wasp",14.710881,46.057305
"Oriental_Chestnut_Gall_Wasp",15.059872,46.347051
"Oriental_Chestnut_Gall_Wasp",14.845602,46.319615
"Oriental_Chestnut_Gall_Wasp",15.512834,45.972234
"Oriental_Chestnut_Gall_Wasp",13.926747,45.844407
"Oriental_Chestnut_Gall_Wasp",13.88304,45.781722
"Oriental_Chestnut_Gall_Wasp",13.952454,45.808878
"Oriental_Chestnut_Gall_Wasp",15.09291,46.346363
"Oriental_Chestnut_Gall_Wasp",15.055866,46.355727
"Oriental_Chestnut_Gall_Wasp",15.082926,46.350717
"Oriental_Chestnut_Gall_Wasp",15.039657,46.366144
"Oriental_Chestnut_Gall_Wasp",14.714066,46.066311
"Oriental_Chestnut_Gall_Wasp",15.117947,45.983525
"Oriental_Chestnut_Gall_Wasp",14.944534,46.339273
"Oriental_Chestnut_Gall_Wasp",13.874302,45.925182
"Oriental_Chestnut_Gall_Wasp",13.873276,45.859208
"Oriental_Chestnut_Gall_Wasp",14.850583,46.302482
"Oriental_Chestnut_Gall_Wasp",15.477683,46.539166
"Oriental_Chestnut_Gall_Wasp",16.193863,46.50173
"Oriental_Chestnut_Gall_Wasp",14.865281,46.344157
"Oriental_Chestnut_Gall_Wasp",14.998445,46.400466
"Oriental_Chestnut_Gall_Wasp",13.927536,45.791839
"Oriental_Chestnut_Gall_Wasp",14.902001,46.296058
"Oriental_Chestnut_Gall_Wasp",14.970501,46.366634
"Oriental_Chestnut_Gall_Wasp",15.153047,45.860617
"Oriental_Chestnut_Gall_Wasp",13.950531,45.793419
"Oriental_Chestnut_Gall_Wasp",15.478905,46.535868
"Oriental_Chestnut_Gall_Wasp",13.921065,45.807254
"Oriental_Chestnut_Gall_Wasp",13.921065,45.807254
"Oriental_Chestnut_Gall_Wasp",14.995217,45.954192
"Oriental_Chestnut_Gall_Wasp",15.651495,46.293188
"Oriental_Chestnut_Gall_Wasp",13.916801,45.798855
"Oriental_Chestnut_Gall_Wasp",15.040898,46.373818
"Oriental_Chestnut_Gall_Wasp",15.730495,46.324875
"Oriental_Chestnut_Gall_Wasp",15.224021,45.994018
"Oriental_Chestnut_Gall_Wasp",16.100484,46.841127
"Oriental_Chestnut_Gall_Wasp",14.723,46.21929
"Oriental_Chestnut_Gall_Wasp",13.888878,45.870527
"Oriental_Chestnut_Gall_Wasp",16.178271,46.756053
"Oriental_Chestnut_Gall_Wasp",15.148276,45.858185
"Oriental_Chestnut_Gall_Wasp",16.134416,46.799501
"Oriental_Chestnut_Gall_Wasp",14.918516,45.906638
"Oriental_Chestnut_Gall_Wasp",15.269559,45.667012
"Oriental_Chestnut_Gall_Wasp",14.557019,46.021544
"Oriental_Chestnut_Gall_Wasp",14.838123,45.863193
"Oriental_Chestnut_Gall_Wasp",14.820697,46.33123
"Oriental_Chestnut_Gall_Wasp",13.950531,45.793419
"Oriental_Chestnut_Gall_Wasp",14.694466,46.123512
"Oriental_Chestnut_Gall_Wasp",13.418697,46.266241
"Oriental_Chestnut_Gall_Wasp",13.934786,45.790736
"Oriental_Chestnut_Gall_Wasp",15.726236,46.318037
"Oriental_Chestnut_Gall_Wasp",15.72577,46.304436
"Oriental_Chestnut_Gall_Wasp",13.87601,45.818662
"Oriental_Chestnut_Gall_Wasp",15.932297,46.653289
"Oriental_Chestnut_Gall_Wasp",15.623697,46.605092
"Oriental_Chestnut_Gall_Wasp",14.41378,46.042676
"Oriental_Chestnut_Gall_Wasp",15.654196,46.334641
"Oriental_Chestnut_Gall_Wasp",15.012201,46.338673
"Oriental_Chestnut_Gall_Wasp",14.677711,46.205676
"Oriental_Chestnut_Gall_Wasp",13.785495,45.915564
"Oriental_Chestnut_Gall_Wasp",14.229771,46.002906
"Oriental_Chestnut_Gall_Wasp",15.119534,46.042144
"Oriental_Chestnut_Gall_Wasp",16.124758,46.813811
"Oriental_Chestnut_Gall_Wasp",15.73835,46.29193
"Oriental_Chestnut_Gall_Wasp",15.773318,46.301281
"Oriental_Chestnut_Gall_Wasp",14.876416,46.302782
"Oriental_Chestnut_Gall_Wasp",13.785495,45.915564
"Oriental_Chestnut_Gall_Wasp",14.810688,46.337162
"Oriental_Chestnut_Gall_Wasp",15.49822,46.374406
"Oriental_Chestnut_Gall_Wasp",13.867172,45.816587
"Oriental_Chestnut_Gall_Wasp",15.507219,46.080376
"Oriental_Chestnut_Gall_Wasp",16.286978,46.747458
"Oriental_Chestnut_Gall_Wasp",14.571347,46.218825
"Oriental_Chestnut_Gall_Wasp",14.717571,46.012333
"Oriental_Chestnut_Gall_Wasp",14.043823,45.577684
"Oriental_Chestnut_Gall_Wasp",14.837381,46.333324
"Oriental_Chestnut_Gall_Wasp",14.883241,46.329151
"Oriental_Chestnut_Gall_Wasp",14.866029,46.357114
"Oriental_Chestnut_Gall_Wasp",14.761905,46.214879
"Oriental_Chestnut_Gall_Wasp",13.888878,45.870527
"Oriental_Chestnut_Gall_Wasp",14.324701,46.239376
"Oriental_Chestnut_Gall_Wasp",14.762309,46.120406
"Oriental_Chestnut_Gall_Wasp",14.833861,46.337593
"Oriental_Chestnut_Gall_Wasp",15.389394,45.81661
"Oriental_Chestnut_Gall_Wasp",13.903878,45.801899
"Oriental_Chestnut_Gall_Wasp",15.040208,46.3563
"Oriental_Chestnut_Gall_Wasp",14.814741,46.348883
"Oriental_Chestnut_Gall_Wasp",14.965828,46.356376
"Oriental_Chestnut_Gall_Wasp",14.613378,46.23247
"Oriental_Chestnut_Gall_Wasp",16.025484,46.330486
"Oriental_Chestnut_Gall_Wasp",14.805863,46.32023
"Oriental_Chestnut_Gall_Wasp",16.097862,46.850778
"Oriental_Chestnut_Gall_Wasp",15.480111,45.862297
"Oriental_Chestnut_Gall_Wasp",15.056242,45.775829
"Oriental_Chestnut_Gall_Wasp",13.864588,45.872889
"Oriental_Chestnut_Gall_Wasp",14.965828,46.356376
"Oriental_Chestnut_Gall_Wasp",13.921065,45.807254
"Oriental_Chestnut_Gall_Wasp",15.579724,45.993841
"Oriental_Chestnut_Gall_Wasp",15.601192,45.997347
"Oriental_Chestnut_Gall_Wasp",14.959912,46.28705
"Oriental_Chestnut_Gall_Wasp",13.425887,46.256164
"Oriental_Chestnut_Gall_Wasp",15.738631,46.302194
"Oriental_Chestnut_Gall_Wasp",15.682767,46.30499
"Oriental_Chestnut_Gall_Wasp",15.496094,46.542147
"Oriental_Chestnut_Gall_Wasp",14.849415,46.350075
"Oriental_Chestnut_Gall_Wasp",14.687456,46.201205
"Oriental_Chestnut_Gall_Wasp",13.87601,45.818662
"Oriental_Chestnut_Gall_Wasp",14.730179,46.05674
"Oriental_Chestnut_Gall_Wasp",14.876477,46.333463
"Oriental_Chestnut_Gall_Wasp",13.83651,45.867181
"Oriental_Chestnut_Gall_Wasp",15.315397,46.037629
"Oriental_Chestnut_Gall_Wasp",14.883522,46.318894
"Oriental_Chestnut_Gall_Wasp",14.649507,46.054885
"Oriental_Chestnut_Gall_Wasp",15.784902,46.332404
"Oriental_Chestnut_Gall_Wasp",14.075371,45.576054
"Oriental_Chestnut_Gall_Wasp",13.82737,45.857109
"Oriental_Chestnut_Gall_Wasp",13.903872,45.806803
"Oriental_Chestnut_Gall_Wasp",15.734731,46.29791
"Oriental_Chestnut_Gall_Wasp",14.943224,46.350069
"Oriental_Chestnut_Gall_Wasp",13.864588,45.872889
"Oriental_Chestnut_Gall_Wasp",14.607268,46.137949
"Oriental_Chestnut_Gall_Wasp",15.619778,46.609359
"Oriental_Chestnut_Gall_Wasp",16.020024,46.736074
"Oriental_Chestnut_Gall_Wasp",16.11871,46.838071
"Oriental_Chestnut_Gall_Wasp",14.962167,46.391284
"Oriental_Chestnut_Gall_Wasp",13.641334,46.076066
"Oriental_Chestnut_Gall_Wasp",16.306794,46.809085
"Oriental_Chestnut_Gall_Wasp",16.113143,46.759045
"Oriental_Chestnut_Gall_Wasp",14.839006,46.323808
"Oriental_Chestnut_Gall_Wasp",16.05305,46.597584
"Oriental_Chestnut_Gall_Wasp",14.589079,46.274673
"Oriental_Chestnut_Gall_Wasp",14.801045,46.142973
"Oriental_Chestnut_Gall_Wasp",13.855697,45.854174
"Oriental_Chestnut_Gall_Wasp",16.159646,46.803026
"Oriental_Chestnut_Gall_Wasp",14.871767,46.348213
"Oriental_Chestnut_Gall_Wasp",14.717012,46.122553
"Oriental_Chestnut_Gall_Wasp",13.921065,45.807254
"Oriental_Chestnut_Gall_Wasp",13.965424,45.777484
"Oriental_Chestnut_Gall_Wasp",14.69699,46.23497
"Oriental_Chestnut_Gall_Wasp",14.484527,46.140955
"Oriental_Chestnut_Gall_Wasp",13.862234,45.86133
"Oriental_Chestnut_Gall_Wasp",13.87601,45.818662
"Oriental_Chestnut_Gall_Wasp",15.999502,46.309564
"Oriental_Chestnut_Gall_Wasp",15.586443,46.602851
"Oriental_Chestnut_Gall_Wasp",15.550538,45.992735
"Oriental_Chestnut_Gall_Wasp",15.142738,46.352672
"Oriental_Chestnut_Gall_Wasp",14.141181,46.054211
"Oriental_Chestnut_Gall_Wasp",14.659213,46.052665
"Oriental_Chestnut_Gall_Wasp",14.888745,46.304324
"Oriental_Chestnut_Gall_Wasp",14.901872,46.22183
"Oriental_Chestnut_Gall_Wasp",13.929974,45.882976
"Oriental_Chestnut_Gall_Wasp",13.906717,45.799461
"Oriental_Chestnut_Gall_Wasp",14.959852,46.354394
"Oriental_Chestnut_Gall_Wasp",14.955734,46.303469
"Oriental_Chestnut_Gall_Wasp",13.900867,45.849092
"Oriental_Chestnut_Gall_Wasp",15.660371,45.97672
"Oriental_Chestnut_Gall_Wasp",14.456953,46.270705
"Oriental_Chestnut_Gall_Wasp",15.133218,45.750119
"Oriental_Chestnut_Gall_Wasp",15.2756,45.674151
"Oriental_Chestnut_Gall_Wasp",13.886138,45.760436
"Oriental_Chestnut_Gall_Wasp",15.548398,46.056854
"Oriental_Chestnut_Gall_Wasp",14.75198,46.179255
"Oriental_Chestnut_Gall_Wasp",14.987386,46.425208
"Oriental_Chestnut_Gall_Wasp",14.828951,46.328994
"Oriental_Chestnut_Gall_Wasp",14.448714,46.270756
"Oriental_Chestnut_Gall_Wasp",13.806924,45.868406
"Oriental_Chestnut_Gall_Wasp",15.741908,46.274785
"Oriental_Chestnut_Gall_Wasp",14.529073,46.254433
"Oriental_Chestnut_Gall_Wasp",13.898367,45.861584
"Oriental_Chestnut_Gall_Wasp",15.507219,46.080376
"Oriental_Chestnut_Gall_Wasp",14.174967,45.980804
"Oriental_Chestnut_Gall_Wasp",14.925565,46.341962
"Oriental_Chestnut_Gall_Wasp",14.791445,46.286915
"Oriental_Chestnut_Gall_Wasp",14.434361,46.077105
"Oriental_Chestnut_Gall_Wasp",15.741698,46.286168
"Oriental_Chestnut_Gall_Wasp",14.722988,46.22154
"Oriental_Chestnut_Gall_Wasp",13.883509,45.854278
"Oriental_Chestnut_Gall_Wasp",16.096096,46.796276
"Oriental_Chestnut_Gall_Wasp",15.517778,46.399906
"Oriental_Chestnut_Gall_Wasp",14.736814,46.039372
"Oriental_Chestnut_Gall_Wasp",15.088301,45.825046
"Oriental_Chestnut_Gall_Wasp",14.853068,46.344412
"Oriental_Chestnut_Gall_Wasp",15.577663,45.859262
"Oriental_Chestnut_Gall_Wasp",14.786139,46.316596
"Oriental_Chestnut_Gall_Wasp",13.861637,45.842617
"Oriental_Chestnut_Gall_Wasp",14.952076,46.330279
"Oriental_Chestnut_Gall_Wasp",14.612609,46.207032
"Oriental_Chestnut_Gall_Wasp",14.68656,46.052383
"Oriental_Chestnut_Gall_Wasp",13.867172,45.816587
"Oriental_Chestnut_Gall_Wasp",15.728811,46.27442
"Oriental_Chestnut_Gall_Wasp",14.768787,46.11817
"Oriental_Chestnut_Gall_Wasp",14.833861,46.337593
"Oriental_Chestnut_Gall_Wasp",14.324701,46.239376
"Oriental_Chestnut_Gall_Wasp",14.024504,45.58337
"Oriental_Chestnut_Gall_Wasp",14.957511,46.358172
"Oriental_Chestnut_Gall_Wasp",15.636489,46.43255
"Oriental_Chestnut_Gall_Wasp",13.921065,45.807254
"Oriental_Chestnut_Gall_Wasp",13.934786,45.790736
"Oriental_Chestnut_Gall_Wasp",15.630184,46.527566
"Oriental_Chestnut_Gall_Wasp",13.855697,45.854174
"Oriental_Chestnut_Gall_Wasp",15.651495,46.293188
"Oriental_Chestnut_Gall_Wasp",16.088961,46.85806
"Oriental_Chestnut_Gall_Wasp",14.697908,46.06627
"Oriental_Chestnut_Gall_Wasp",13.785495,45.915564
"Oriental_Chestnut_Gall_Wasp",14.114313,46.399921
"Oriental_Chestnut_Gall_Wasp",15.740399,46.244708
"Oriental_Chestnut_Gall_Wasp",14.803985,46.330115
"Oriental_Chestnut_Gall_Wasp",15.716969,46.285678
"Oriental_Chestnut_Gall_Wasp",14.567043,46.271893
"Oriental_Chestnut_Gall_Wasp",15.507219,46.080376
"Oriental_Chestnut_Gall_Wasp",14.800354,45.879735
"Oriental_Chestnut_Gall_Wasp",14.649606,46.039139
"Oriental_Chestnut_Gall_Wasp",14.779004,46.282393
"Oriental_Chestnut_Gall_Wasp",15.569859,45.992379
"Oriental_Chestnut_Gall_Wasp",14.957147,46.375726
"Oriental_Chestnut_Gall_Wasp",14.696943,46.243518
"Oriental_Chestnut_Gall_Wasp",15.095328,45.691328
"Oriental_Chestnut_Gall_Wasp",13.532712,46.062218
"Oriental_Chestnut_Gall_Wasp",14.694738,46.055014
"Oriental_Chestnut_Gall_Wasp",14.475009,46.062129
"Oriental_Chestnut_Gall_Wasp",14.464144,46.095055
"Oriental_Chestnut_Gall_Wasp",14.842845,46.330138
"Oriental_Chestnut_Gall_Wasp",13.873276,45.859208
"Oriental_Chestnut_Gall_Wasp",15.140858,46.154301
"Oriental_Chestnut_Gall_Wasp",13.937992,45.805496
"Oriental_Chestnut_Gall_Wasp",14.820697,46.33123
"Oriental_Chestnut_Gall_Wasp",15.305093,45.499525
"Oriental_Chestnut_Gall_Wasp",14.837578,46.354558
"Oriental_Chestnut_Gall_Wasp",15.795873,46.30171
"Oriental_Chestnut_Gall_Wasp",13.894053,45.809516
"Oriental_Chestnut_Gall_Wasp",14.694356,46.124745
"Oriental_Chestnut_Gall_Wasp",14.108601,46.423324
"Oriental_Chestnut_Gall_Wasp",15.526929,45.842294
"Oriental_Chestnut_Gall_Wasp",15.255218,46.226755
"Oriental_Chestnut_Gall_Wasp",13.59831,46.100471
"Oriental_Chestnut_Gall_Wasp",14.551937,46.214702
"Oriental_Chestnut_Gall_Wasp",14.478783,46.052437
"Oriental_Chestnut_Gall_Wasp",14.237164,46.297382
"Oriental_Chestnut_Gall_Wasp",13.916897,45.857046
"Oriental_Chestnut_Gall_Wasp",15.887318,46.315485
"Oriental_Chestnut_Gall_Wasp",13.909885,45.799302
"Oriental_Chestnut_Gall_Wasp",16.093634,46.855677
"Oriental_Chestnut_Gall_Wasp",14.277479,46.091385
"Oriental_Chestnut_Gall_Wasp",15.771116,46.335728
"Oriental_Chestnut_Gall_Wasp",14.820468,46.140756
"Oriental_Chestnut_Gall_Wasp",14.6467,46.191639
"Oriental_Chestnut_Gall_Wasp",14.710753,46.082048
"Oriental_Chestnut_Gall_Wasp",14.690457,46.24395
"Oriental_Chestnut_Gall_Wasp",13.855697,45.854174
"Oriental_Chestnut_Gall_Wasp",14.800771,46.219451
"Oriental_Chestnut_Gall_Wasp",14.704479,46.046042
"Oriental_Chestnut_Gall_Wasp",13.900867,45.849092
"Oriental_Chestnut_Gall_Wasp",15.457507,45.854292
"Oriental_Chestnut_Gall_Wasp",15.478892,46.56536
"Oriental_Chestnut_Gall_Wasp",14.83597,46.327204
"Oriental_Chestnut_Gall_Wasp",13.900867,45.849092
"Oriental_Chestnut_Gall_Wasp",15.659129,46.292308
"Oriental_Chestnut_Gall_Wasp",15.489746,45.859557
"Oriental_Chestnut_Gall_Wasp",15.684881,46.315261
"Oriental_Chestnut_Gall_Wasp",13.888878,45.870527
"Oriental_Chestnut_Gall_Wasp",13.921065,45.807254
"Oriental_Chestnut_Gall_Wasp",14.277476,45.978284
"Oriental_Chestnut_Gall_Wasp",13.894053,45.809516
"Oriental_Chestnut_Gall_Wasp",14.489646,46.054484
"Oriental_Chestnut_Gall_Wasp",14.837118,46.201513
"Oriental_Chestnut_Gall_Wasp",14.848671,45.858321
"Oriental_Chestnut_Gall_Wasp",15.993748,46.368807
"Oriental_Chestnut_Gall_Wasp",14.611843,46.207308
"Oriental_Chestnut_Gall_Wasp",15.156564,45.624546
"Oriental_Chestnut_Gall_Wasp",15.716547,46.277215
"Oriental_Chestnut_Gall_Wasp",14.995217,45.954192
"Oriental_Chestnut_Gall_Wasp",15.139306,46.053674
"Oriental_Chestnut_Gall_Wasp",13.864588,45.872889
"Oriental_Chestnut_Gall_Wasp",14.220292,45.984684
"Oriental_Chestnut_Gall_Wasp",14.229102,46.284426
"Oriental_Chestnut_Gall_Wasp",14.803509,46.343349
"Oriental_Chestnut_Gall_Wasp",14.837578,46.354558
"Oriental_Chestnut_Gall_Wasp",14.862765,46.310594
"Oriental_Chestnut_Gall_Wasp",14.238556,46.359031
"Oriental_Chestnut_Gall_Wasp",14.049983,45.586248
"Oriental_Chestnut_Gall_Wasp",14.72036,46.100067
"Oriental_Chestnut_Gall_Wasp",13.806924,45.868406
"Oriental_Chestnut_Gall_Wasp",14.976343,46.350287
"Oriental_Chestnut_Gall_Wasp",15.728983,46.318622
"Oriental_Chestnut_Gall_Wasp",15.496054,46.542102
"Oriental_Chestnut_Gall_Wasp",13.856977,45.821785
"Oriental_Chestnut_Gall_Wasp",14.975966,46.350197
"Oriental_Chestnut_Gall_Wasp",16.164788,46.798475
"Oriental_Chestnut_Gall_Wasp",14.964463,45.889628
"Oriental_Chestnut_Gall_Wasp",13.883509,45.854278
"Oriental_Chestnut_Gall_Wasp",13.746878,45.902721
"Oriental_Chestnut_Gall_Wasp",15.074631,46.356768
"Oriental_Chestnut_Gall_Wasp",14.722988,46.22154
"Oriental_Chestnut_Gall_Wasp",14.168014,46.023763
"Oriental_Chestnut_Gall_Wasp",14.478784,46.052401
"Oriental_Chestnut_Gall_Wasp",14.051351,45.587195
"Oriental_Chestnut_Gall_Wasp",14.448714,46.270756
"Oriental_Chestnut_Gall_Wasp",13.862234,45.86133
"Oriental_Chestnut_Gall_Wasp",14.791445,46.286915
"Oriental_Chestnut_Gall_Wasp",14.452494,46.086974
"Oriental_Chestnut_Gall_Wasp",14.87266,46.298729
"Oriental_Chestnut_Gall_Wasp",14.970653,46.349179
"Oriental_Chestnut_Gall_Wasp",15.326195,45.809628
"Oriental_Chestnut_Gall_Wasp",14.83597,46.327204
"Oriental_Chestnut_Gall_Wasp",15.688545,46.319557
"Oriental_Chestnut_Gall_Wasp",14.837381,46.333324
"Oriental_Chestnut_Gall_Wasp",15.929119,46.601358
"Oriental_Chestnut_Gall_Wasp",13.823561,45.866761
"Oriental_Chestnut_Gall_Wasp",14.92505,46.338363
"Oriental_Chestnut_Gall_Wasp",13.846645,45.763626
"Oriental_Chestnut_Gall_Wasp",14.852287,46.320793
"Oriental_Chestnut_Gall_Wasp",14.670426,46.04029
"Oriental_Chestnut_Gall_Wasp",14.959852,46.354394
"Oriental_Chestnut_Gall_Wasp",14.995217,45.954192
"Oriental_Chestnut_Gall_Wasp",15.617577,45.970977
"Oriental_Chestnut_Gall_Wasp",13.929974,45.882976
"Oriental_Chestnut_Gall_Wasp",14.662375,46.063921
"Oriental_Chestnut_Gall_Wasp",15.740363,46.310326
"Oriental_Chestnut_Gall_Wasp",14.896554,46.293804
"Oriental_Chestnut_Gall_Wasp",13.619144,46.068962
"Oriental_Chestnut_Gall_Wasp",13.856199,45.82903
"Oriental_Chestnut_Gall_Wasp",16.133736,46.492446
"Oriental_Chestnut_Gall_Wasp",14.882451,46.210566
"Oriental_Chestnut_Gall_Wasp",14.444119,46.091666
"Oriental_Chestnut_Gall_Wasp",14.401397,46.037114
"Oriental_Chestnut_Gall_Wasp",13.87829,45.911553
"Oriental_Chestnut_Gall_Wasp",14.468319,46.228831
"Oriental_Chestnut_Gall_Wasp",14.714066,46.066311
"Oriental_Chestnut_Gall_Wasp",14.771995,46.282739
"Oriental_Chestnut_Gall_Wasp",14.094662,46.401549
"Oriental_Chestnut_Gall_Wasp",15.550835,45.961602
"Oriental_Chestnut_Gall_Wasp",14.400667,45.996981
"Oriental_Chestnut_Gall_Wasp",13.606502,46.109029
"Oriental_Chestnut_Gall_Wasp",15.753617,46.689156
"Oriental_Chestnut_Gall_Wasp",14.215414,45.98825
"Oriental_Chestnut_Gall_Wasp",15.724212,46.299543
"Oriental_Chestnut_Gall_Wasp",15.024451,46.365797
"Oriental_Chestnut_Gall_Wasp",14.519048,46.170778
"Oriental_Chestnut_Gall_Wasp",14.697908,46.06627
"Oriental_Chestnut_Gall_Wasp",14.696559,46.078944
"Oriental_Chestnut_Gall_Wasp",14.276557,46.076803
"Oriental_Chestnut_Gall_Wasp",15.155812,46.054624
"Oriental_Chestnut_Gall_Wasp",14.82114,46.314586
"Oriental_Chestnut_Gall_Wasp",15.154103,45.629804
"Oriental_Chestnut_Gall_Wasp",14.811183,46.344576
"Oriental_Chestnut_Gall_Wasp",13.886138,45.760436
"Oriental_Chestnut_Gall_Wasp",15.598321,46.562574
"Oriental_Chestnut_Gall_Wasp",13.577756,46.044611
"Oriental_Chestnut_Gall_Wasp",16.109213,46.835284
"Oriental_Chestnut_Gall_Wasp",15.453541,45.841711
"Oriental_Chestnut_Gall_Wasp",15.016712,46.347813
"Oriental_Chestnut_Gall_Wasp",13.768517,45.764224
"Oriental_Chestnut_Gall_Wasp",14.853068,46.344412
"Oriental_Chestnut_Gall_Wasp",14.954891,46.384263
"Oriental_Chestnut_Gall_Wasp",15.659748,46.282272
"Oriental_Chestnut_Gall_Wasp",15.556847,46.335194
"Oriental_Chestnut_Gall_Wasp",16.227447,46.488778
"Oriental_Chestnut_Gall_Wasp",13.862234,45.86133
"Oriental_Chestnut_Gall_Wasp",14.835506,46.330263
"Oriental_Chestnut_Gall_Wasp",14.191113,46.378284
"Oriental_Chestnut_Gall_Wasp",15.730002,46.320028
"Oriental_Chestnut_Gall_Wasp",14.820697,46.33123
"Oriental_Chestnut_Gall_Wasp",14.672228,46.036957
"Oriental_Chestnut_Gall_Wasp",15.215384,46.224517
"Oriental_Chestnut_Gall_Wasp",15.7239,46.307372
"Oriental_Chestnut_Gall_Wasp",15.166725,45.476093
"Oriental_Chestnut_Gall_Wasp",16.144564,46.820811
"Oriental_Chestnut_Gall_Wasp",15.036822,46.418454
"Oriental_Chestnut_Gall_Wasp",14.438326,46.085277
"Oriental_Chestnut_Gall_Wasp",14.802562,46.299081
"Oriental_Chestnut_Gall_Wasp",15.249104,45.971147
"Oriental_Chestnut_Gall_Wasp",15.084235,46.348817
"Oriental_Chestnut_Gall_Wasp",14.429447,46.101168
"Oriental_Chestnut_Gall_Wasp",15.667429,46.700542
"Oriental_Chestnut_Gall_Wasp",15.422448,46.191005
"Oriental_Chestnut_Gall_Wasp",14.710501,46.078215
"Oriental_Chestnut_Gall_Wasp",14.954918,46.350074
"Oriental_Chestnut_Gall_Wasp",15.748687,46.315157
"Oriental_Chestnut_Gall_Wasp",15.746124,46.320464
"Oriental_Chestnut_Gall_Wasp",7.66381,44.057
"Oriental_Chestnut_Gall_Wasp",-81.544871,40.843426
"Oriental_Chestnut_Gall_Wasp",0.315421,51.164763
"Oriental_Chestnut_Gall_Wasp",9.199325,48.900345
"Oriental_Chestnut_Gall_Wasp",8.930935,45.722577
"Oriental_Chestnut_Gall_Wasp",8.338057,44.306834
"Oriental_Chestnut_Gall_Wasp",-4.88,36.56
"Oriental_Chestnut_Gall_Wasp",12.763658,42.98201
"Oriental_Chestnut_Gall_Wasp",-81.402701,41.166852
"Oriental_Chestnut_Gall_Wasp",8.346107,44.335633
"Oriental_Chestnut_Gall_Wasp",4.89237,51.09867
"Oriental_Chestnut_Gall_Wasp",3.17755,50.84407
"Oriental_Chestnut_Gall_Wasp",3.10643,50.79919
"Oriental_Chestnut_Gall_Wasp",4.97525,51.36709
"Oriental_Chestnut_Gall_Wasp",5.3849,50.95474
"Oriental_Chestnut_Gall_Wasp",5.03313,51.05133
"Oriental_Chestnut_Gall_Wasp",3.81903,50.97622
"Oriental_Chestnut_Gall_Wasp",3.39249,51.06836
"Oriental_Chestnut_Gall_Wasp",4.96184,51.05255
"Oriental_Chestnut_Gall_Wasp",5.54187,51.22126
"Oriental_Chestnut_Gall_Wasp",5.6797,51.12824
"Oriental_Chestnut_Gall_Wasp",4.96184,51.05255
"Oriental_Chestnut_Gall_Wasp",5.47275,51.26771
"Oriental_Chestnut_Gall_Wasp",3.17806,50.97896
"Oriental_Chestnut_Gall_Wasp",5.39881,51.22428
"Oriental_Chestnut_Gall_Wasp",4.81572,50.96498
"Oriental_Chestnut_Gall_Wasp",5.39881,51.22428
"Oriental_Chestnut_Gall_Wasp",5.31377,50.95617
"Oriental_Chestnut_Gall_Wasp",4.46693,51.19471
"Oriental_Chestnut_Gall_Wasp",5.04104,51.23107
"Oriental_Chestnut_Gall_Wasp",5.54187,51.22126
"Oriental_Chestnut_Gall_Wasp",3.39135,50.93348
"Oriental_Chestnut_Gall_Wasp",5.0292,50.96147
"Oriental_Chestnut_Gall_Wasp",4.95805,50.96268
"Oriental_Chestnut_Gall_Wasp",4.81397,50.92004
"Oriental_Chestnut_Gall_Wasp",4.74287,50.92112
"Oriental_Chestnut_Gall_Wasp",4.81572,50.96498
"Oriental_Chestnut_Gall_Wasp",5.54187,51.22126
"Oriental_Chestnut_Gall_Wasp",5.1085,51.13993
"Oriental_Chestnut_Gall_Wasp",4.39134,51.06074
"Oriental_Chestnut_Gall_Wasp",3.32144,51.11354
"Oriental_Chestnut_Gall_Wasp",5.0292,50.96147
"Oriental_Chestnut_Gall_Wasp",5.54187,51.22126
"Oriental_Chestnut_Gall_Wasp",5.31377,50.95617
"Oriental_Chestnut_Gall_Wasp",4.81397,50.92004
"Oriental_Chestnut_Gall_Wasp",5.45365,50.90835
"Oriental_Chestnut_Gall_Wasp",3.17875,51.15881
"Oriental_Chestnut_Gall_Wasp",4.32257,51.15147
"Oriental_Chestnut_Gall_Wasp",4.4655,51.14976
"Oriental_Chestnut_Gall_Wasp",5.59824,50.95019
"Oriental_Chestnut_Gall_Wasp",5.1778,51.0937
"Oriental_Chestnut_Gall_Wasp",5.03707,51.1412
"Oriental_Chestnut_Gall_Wasp",5.1085,51.13993
"Oriental_Chestnut_Gall_Wasp",4.4655,51.14976
"Oriental_Chestnut_Gall_Wasp",3.10715,51.11393
"Oriental_Chestnut_Gall_Wasp",5.6797,51.12824
"Oriental_Chestnut_Gall_Wasp",5.39881,51.22428
"Oriental_Chestnut_Gall_Wasp",4.24867,51.06235
"Oriental_Chestnut_Gall_Wasp",4.88507,50.91891
"Oriental_Chestnut_Gall_Wasp",4.39539,51.19558
"Oriental_Chestnut_Gall_Wasp",5.1757,51.04877
"Oriental_Chestnut_Gall_Wasp",3.25049,51.20364
"Oriental_Chestnut_Gall_Wasp",5.6797,51.12824
"Oriental_Chestnut_Gall_Wasp",3.53572,51.11275
"Oriental_Chestnut_Gall_Wasp",5.47034,51.22279
"Oriental_Chestnut_Gall_Wasp",4.89975,51.27841
"Oriental_Chestnut_Gall_Wasp",5.47034,51.22279
"Oriental_Chestnut_Gall_Wasp",2.96432,51.06901
"Oriental_Chestnut_Gall_Wasp",3.32144,51.11354
"Oriental_Chestnut_Gall_Wasp",3.31958,50.84377
"Oriental_Chestnut_Gall_Wasp",4.03166,50.92957
"Oriental_Chestnut_Gall_Wasp",5.18416,51.22848
"Oriental_Chestnut_Gall_Wasp",5.1085,51.13993
"Oriental_Chestnut_Gall_Wasp",3.32113,51.06858
"Oriental_Chestnut_Gall_Wasp",5.10035,50.96021
"Oriental_Chestnut_Gall_Wasp",5.0292,50.96147
"Oriental_Chestnut_Gall_Wasp",5.17359,51.00384
"Oriental_Chestnut_Gall_Wasp",4.47267,51.37449
"Oriental_Chestnut_Gall_Wasp",5.1085,51.13993
"Oriental_Chestnut_Gall_Wasp",4.39404,51.15064
"Oriental_Chestnut_Gall_Wasp",4.81572,50.96498
"Oriental_Chestnut_Gall_Wasp",5.3849,50.95474
"Oriental_Chestnut_Gall_Wasp",5.3849,50.95474
"Oriental_Chestnut_Gall_Wasp",5.45365,50.90835
"Oriental_Chestnut_Gall_Wasp",4.89421,51.1436
"Oriental_Chestnut_Gall_Wasp",5.39881,51.22428
"Oriental_Chestnut_Gall_Wasp",5.6823,51.17315
"Oriental_Chestnut_Gall_Wasp",5.38951,51.04459
"Oriental_Chestnut_Gall_Wasp",3.74423,50.7519
"Oriental_Chestnut_Gall_Wasp",3.31958,50.84377
"Oriental_Chestnut_Gall_Wasp",5.3849,50.95474
"Oriental_Chestnut_Gall_Wasp",3.17806,50.97896
"Oriental_Chestnut_Gall_Wasp",5.3849,50.95474
"Oriental_Chestnut_Gall_Wasp",4.5325,51.01401
"Oriental_Chestnut_Gall_Wasp",4.81572,50.96498
"Oriental_Chestnut_Gall_Wasp",5.03116,51.0064
"Oriental_Chestnut_Gall_Wasp",3.10715,51.11393
"Oriental_Chestnut_Gall_Wasp",5.54187,51.22126
"Oriental_Chestnut_Gall_Wasp",5.23832,50.8677
"Oriental_Chestnut_Gall_Wasp",3.81824,50.93127
"Oriental_Chestnut_Gall_Wasp",5.45839,50.99819
"Oriental_Chestnut_Gall_Wasp",5.39881,51.22428
"Oriental_Chestnut_Gall_Wasp",5.3849,50.95474
"Oriental_Chestnut_Gall_Wasp",4.74455,50.96607
"Oriental_Chestnut_Gall_Wasp",4.96184,51.05255
"Oriental_Chestnut_Gall_Wasp",5.1778,51.0937
"Oriental_Chestnut_Gall_Wasp",5.18416,51.22848
"Oriental_Chestnut_Gall_Wasp",5.03313,51.05133
"Oriental_Chestnut_Gall_Wasp",3.74423,50.7519
"Oriental_Chestnut_Gall_Wasp",4.39404,51.15064
"Oriental_Chestnut_Gall_Wasp",4.39404,51.15064
"Oriental_Chestnut_Gall_Wasp",5.31154,50.91125
"Oriental_Chestnut_Gall_Wasp",5.23832,50.8677
"Oriental_Chestnut_Gall_Wasp",4.4655,51.14976
"Oriental_Chestnut_Gall_Wasp",5.3849,50.95474
"Oriental_Chestnut_Gall_Wasp",5.3849,50.95474
"Oriental_Chestnut_Gall_Wasp",4.97332,51.32216
"Oriental_Chestnut_Gall_Wasp",3.03568,51.06901
"Oriental_Chestnut_Gall_Wasp",5.03905,51.18613
"Oriental_Chestnut_Gall_Wasp",4.74287,50.92112
"Oriental_Chestnut_Gall_Wasp",5.47275,51.26771
"Oriental_Chestnut_Gall_Wasp",5.47034,51.22279
"Oriental_Chestnut_Gall_Wasp",5.03313,51.05133
"Oriental_Chestnut_Gall_Wasp",5.39881,51.22428
"Oriental_Chestnut_Gall_Wasp",5.2448,51.00249
"Oriental_Chestnut_Gall_Wasp",5.3826,50.90982
"Oriental_Chestnut_Gall_Wasp",5.47034,51.22279
"Oriental_Chestnut_Gall_Wasp",4.46836,51.23965
"Oriental_Chestnut_Gall_Wasp",5.54187,51.22126
"Oriental_Chestnut_Gall_Wasp",3.03565,51.02405
"Oriental_Chestnut_Gall_Wasp",3.60364,50.84264
"Oriental_Chestnut_Gall_Wasp",4.96184,51.05255
"Oriental_Chestnut_Gall_Wasp",5.03313,51.05133
"Oriental_Chestnut_Gall_Wasp",4.81572,50.96498
"Oriental_Chestnut_Gall_Wasp",5.6823,51.17315
"Oriental_Chestnut_Gall_Wasp",4.46266,51.05987
"Oriental_Chestnut_Gall_Wasp",5.38031,50.86489
"Oriental_Chestnut_Gall_Wasp",4.95053,50.78293
"Oriental_Chestnut_Gall_Wasp",5.3849,50.95474
"Oriental_Chestnut_Gall_Wasp",3.25049,51.20364
"Oriental_Chestnut_Gall_Wasp",3.17893,51.20377
"Oriental_Chestnut_Gall_Wasp",3.17858,51.11384
"Oriental_Chestnut_Gall_Wasp",3.24832,50.79898
"Oriental_Chestnut_Gall_Wasp",3.53417,50.97787
"Oriental_Chestnut_Gall_Wasp",2.96432,51.06901
"Oriental_Chestnut_Gall_Wasp",4.74287,50.92112
"Oriental_Chestnut_Gall_Wasp",3.60833,51.20232
"Oriental_Chestnut_Gall_Wasp",4.89237,51.09867
"Oriental_Chestnut_Gall_Wasp",3.24832,50.79898
"Oriental_Chestnut_Gall_Wasp",5.47034,51.22279
"Oriental_Chestnut_Gall_Wasp",5.54187,51.22126
"Oriental_Chestnut_Gall_Wasp",5.47034,51.22279
"Oriental_Chestnut_Gall_Wasp",4.97525,51.36709
"Oriental_Chestnut_Gall_Wasp",5.03116,51.0064
"Oriental_Chestnut_Gall_Wasp",5.31154,50.91125
"Oriental_Chestnut_Gall_Wasp",3.74927,51.06662
"Oriental_Chestnut_Gall_Wasp",5.0292,50.96147
"Oriental_Chestnut_Gall_Wasp",4.40085,51.37537
"Oriental_Chestnut_Gall_Wasp",2.82228,50.88903
"Oriental_Chestnut_Gall_Wasp",5.45602,50.95327
"Oriental_Chestnut_Gall_Wasp",4.46836,51.23965
"Oriental_Chestnut_Gall_Wasp",3.31958,50.84377
"Oriental_Chestnut_Gall_Wasp",4.10386,50.97388
"Oriental_Chestnut_Gall_Wasp",4.81572,50.96498
"Oriental_Chestnut_Gall_Wasp",5.10035,50.96021
"Oriental_Chestnut_Gall_Wasp",3.32113,51.06858
"Oriental_Chestnut_Gall_Wasp",4.96184,51.05255
"Oriental_Chestnut_Gall_Wasp",2.96432,51.06901
"Oriental_Chestnut_Gall_Wasp",5.39881,51.22428
"Oriental_Chestnut_Gall_Wasp",3.60833,51.20232
"Oriental_Chestnut_Gall_Wasp",5.3849,50.95474
"Oriental_Chestnut_Gall_Wasp",5.54187,51.22126
"Oriental_Chestnut_Gall_Wasp",5.6823,51.17315
"Oriental_Chestnut_Gall_Wasp",3.31958,50.84377
"Oriental_Chestnut_Gall_Wasp",5.30931,50.86632
"Oriental_Chestnut_Gall_Wasp",5.45602,50.95327
"Oriental_Chestnut_Gall_Wasp",4.96374,51.09749
"Oriental_Chestnut_Gall_Wasp",5.31154,50.91125
"Oriental_Chestnut_Gall_Wasp",4.74793,51.05595
"Oriental_Chestnut_Gall_Wasp",3.46475,51.15802
"Oriental_Chestnut_Gall_Wasp",4.81572,50.96498
"Oriental_Chestnut_Gall_Wasp",5.5247,50.90683
"Oriental_Chestnut_Gall_Wasp",5.67451,51.03841
"Oriental_Chestnut_Gall_Wasp",3.53468,51.02283
"Oriental_Chestnut_Gall_Wasp",5.25352,51.1822
"Oriental_Chestnut_Gall_Wasp",5.17359,51.00384
"Oriental_Chestnut_Gall_Wasp",5.39881,51.22428
"Oriental_Chestnut_Gall_Wasp",3.53624,51.15771
"Oriental_Chestnut_Gall_Wasp",5.54187,51.22126
"Oriental_Chestnut_Gall_Wasp",5.46794,51.17787
"Oriental_Chestnut_Gall_Wasp",5.47275,51.26771
"Oriental_Chestnut_Gall_Wasp",4.60842,51.14788
"Oriental_Chestnut_Gall_Wasp",5.39881,51.22428
"Oriental_Chestnut_Gall_Wasp",5.316,51.0011
"Oriental_Chestnut_Gall_Wasp",3.39135,50.93348
"Oriental_Chestnut_Gall_Wasp",4.96184,51.05255
"Oriental_Chestnut_Gall_Wasp",4.4655,51.14976
"Oriental_Chestnut_Gall_Wasp",5.54187,51.22126
"Oriental_Chestnut_Gall_Wasp",4.97139,51.27723
"Oriental_Chestnut_Gall_Wasp",3.6766,50.97714
"Oriental_Chestnut_Gall_Wasp",5.17992,51.13862
"Oriental_Chestnut_Gall_Wasp",3.17875,51.15881
"Oriental_Chestnut_Gall_Wasp",5.03707,51.1412
"Oriental_Chestnut_Gall_Wasp",4.96184,51.05255
"Oriental_Chestnut_Gall_Wasp",4.39404,51.15064
"Oriental_Chestnut_Gall_Wasp",5.47275,51.26771
"Oriental_Chestnut_Gall_Wasp",5.59824,50.95019
"Oriental_Chestnut_Gall_Wasp",5.39881,51.22428
"Oriental_Chestnut_Gall_Wasp",5.59574,50.90527
"Oriental_Chestnut_Gall_Wasp",3.75218,51.24645
"Oriental_Chestnut_Gall_Wasp",4.74455,50.96607
"Oriental_Chestnut_Gall_Wasp",3.32144,51.11354
"Oriental_Chestnut_Gall_Wasp",3.31897,50.75384
"Oriental_Chestnut_Gall_Wasp",5.31377,50.95617
"Oriental_Chestnut_Gall_Wasp",4.97332,51.32216
"Oriental_Chestnut_Gall_Wasp",5.02529,50.8716
"Oriental_Chestnut_Gall_Wasp",4.97525,51.36709
"Oriental_Chestnut_Gall_Wasp",5.11055,51.18487
"Oriental_Chestnut_Gall_Wasp",5.24915,51.09234
"Oriental_Chestnut_Gall_Wasp",2.89358,50.79919
"Oriental_Chestnut_Gall_Wasp",4.75303,51.19077
"Oriental_Chestnut_Gall_Wasp",5.1085,51.13993
"Oriental_Chestnut_Gall_Wasp",5.6823,51.17315
"Oriental_Chestnut_Gall_Wasp",4.4655,51.14976
"Oriental_Chestnut_Gall_Wasp",4.81572,50.96498
"Oriental_Chestnut_Gall_Wasp",5.54187,51.22126
"Oriental_Chestnut_Gall_Wasp",5.39881,51.22428
"Oriental_Chestnut_Gall_Wasp",4.96184,51.05255
"Oriental_Chestnut_Gall_Wasp",5.03313,51.05133
"Oriental_Chestnut_Gall_Wasp",4.39404,51.15064
"Oriental_Chestnut_Gall_Wasp",5.40115,51.2692
"Oriental_Chestnut_Gall_Wasp",5.1085,51.13993
"Oriental_Chestnut_Gall_Wasp",5.40115,51.2692
"Oriental_Chestnut_Gall_Wasp",5.47034,51.22279
"Oriental_Chestnut_Gall_Wasp",4.96184,51.05255
"Oriental_Chestnut_Gall_Wasp",5.03313,51.05133
"Oriental_Chestnut_Gall_Wasp",3.17875,51.15881
"Oriental_Chestnut_Gall_Wasp",5.39881,51.22428
"Oriental_Chestnut_Gall_Wasp",4.81397,50.92004
"Oriental_Chestnut_Gall_Wasp",5.54187,51.22126
"Oriental_Chestnut_Gall_Wasp",4.81572,50.96498
"Oriental_Chestnut_Gall_Wasp",4.95994,51.00762
"Oriental_Chestnut_Gall_Wasp",5.47275,51.26771
"Oriental_Chestnut_Gall_Wasp",5.3826,50.90982
"Oriental_Chestnut_Gall_Wasp",4.74455,50.96607
"Oriental_Chestnut_Gall_Wasp",3.53624,51.15771
"Oriental_Chestnut_Gall_Wasp",5.03313,51.05133
"Oriental_Chestnut_Gall_Wasp",4.97332,51.32216
"Oriental_Chestnut_Gall_Wasp",4.39404,51.15064
"Oriental_Chestnut_Gall_Wasp",5.3849,50.95474
"Oriental_Chestnut_Gall_Wasp",5.54187,51.22126
"Oriental_Chestnut_Gall_Wasp",4.39404,51.15064
"Oriental_Chestnut_Gall_Wasp",5.47034,51.22279
"Oriental_Chestnut_Gall_Wasp",3.31958,50.84377
"Oriental_Chestnut_Gall_Wasp",5.04303,51.276
"Oriental_Chestnut_Gall_Wasp",3.17893,51.20377
"Oriental_Chestnut_Gall_Wasp",5.39881,51.22428
"Oriental_Chestnut_Gall_Wasp",5.45602,50.95327
"Oriental_Chestnut_Gall_Wasp",5.04104,51.23107
"Oriental_Chestnut_Gall_Wasp",5.1085,51.13993
"Oriental_Chestnut_Gall_Wasp",5.1085,51.13993
"Oriental_Chestnut_Gall_Wasp",5.53202,51.04159
"Oriental_Chestnut_Gall_Wasp",3.60774,51.15736
"Oriental_Chestnut_Gall_Wasp",5.54187,51.22126
"Oriental_Chestnut_Gall_Wasp",4.89237,51.09867
"Oriental_Chestnut_Gall_Wasp",4.74287,50.92112
"Oriental_Chestnut_Gall_Wasp",5.47275,51.26771
"Oriental_Chestnut_Gall_Wasp",4.03566,51.10939
"Oriental_Chestnut_Gall_Wasp",5.24697,51.04742
"Oriental_Chestnut_Gall_Wasp",5.3849,50.95474
"Oriental_Chestnut_Gall_Wasp",4.39404,51.15064
"Oriental_Chestnut_Gall_Wasp",5.39881,51.22428
"Oriental_Chestnut_Gall_Wasp",5.53202,51.04159
"Oriental_Chestnut_Gall_Wasp",5.54187,51.22126
"Oriental_Chestnut_Gall_Wasp",4.81572,50.96498
"Oriental_Chestnut_Gall_Wasp",4.97139,51.27723
"Oriental_Chestnut_Gall_Wasp",2.89358,50.79919
"Oriental_Chestnut_Gall_Wasp",4.39404,51.15064
"Oriental_Chestnut_Gall_Wasp",4.96184,51.05255
"Oriental_Chestnut_Gall_Wasp",3.17755,50.84407
"Oriental_Chestnut_Gall_Wasp",3.53417,50.97787
"Oriental_Chestnut_Gall_Wasp",3.46295,50.97818
"Oriental_Chestnut_Gall_Wasp",4.03366,51.01949
"Oriental_Chestnut_Gall_Wasp",4.97332,51.32216
"Oriental_Chestnut_Gall_Wasp",5.04104,51.23107
"Oriental_Chestnut_Gall_Wasp",5.0292,50.96147
"Oriental_Chestnut_Gall_Wasp",4.03166,50.92957
"Oriental_Chestnut_Gall_Wasp",4.61313,51.28271
"Oriental_Chestnut_Gall_Wasp",5.1085,51.13993
"Oriental_Chestnut_Gall_Wasp",5.39881,51.22428
"Oriental_Chestnut_Gall_Wasp",4.96564,51.14242
"Oriental_Chestnut_Gall_Wasp",3.60597,51.02249
"Oriental_Chestnut_Gall_Wasp",5.25572,51.22712
"Oriental_Chestnut_Gall_Wasp",5.54187,51.22126
"Oriental_Chestnut_Gall_Wasp",5.03313,51.05133
"Oriental_Chestnut_Gall_Wasp",5.03313,51.05133
"Oriental_Chestnut_Gall_Wasp",5.45839,50.99819
"Oriental_Chestnut_Gall_Wasp",5.39881,51.22428
"Oriental_Chestnut_Gall_Wasp",3.24977,51.06875
"Oriental_Chestnut_Gall_Wasp",3.39097,50.88851
"Oriental_Chestnut_Gall_Wasp",4.47123,51.32954
"Oriental_Chestnut_Gall_Wasp",4.59758,50.83327
"Oriental_Chestnut_Gall_Wasp",5.39881,51.22428
"Oriental_Chestnut_Gall_Wasp",5.39881,51.22428
"Oriental_Chestnut_Gall_Wasp",5.47275,51.26771
"Oriental_Chestnut_Gall_Wasp",5.30931,50.86632
"Oriental_Chestnut_Gall_Wasp",5.6797,51.12824
"Oriental_Chestnut_Gall_Wasp",5.39881,51.22428
"Oriental_Chestnut_Gall_Wasp",5.54187,51.22126
"Oriental_Chestnut_Gall_Wasp",5.18416,51.22848
"Oriental_Chestnut_Gall_Wasp",4.97332,51.32216
"Oriental_Chestnut_Gall_Wasp",5.04104,51.23107
"Oriental_Chestnut_Gall_Wasp",5.24915,51.09234
"Oriental_Chestnut_Gall_Wasp",4.96184,51.05255
"Oriental_Chestnut_Gall_Wasp",5.6823,51.17315
"Oriental_Chestnut_Gall_Wasp",4.96184,51.05255
"Oriental_Chestnut_Gall_Wasp",5.03313,51.05133
"Oriental_Chestnut_Gall_Wasp",5.45602,50.95327
"Oriental_Chestnut_Gall_Wasp",4.81572,50.96498
"Oriental_Chestnut_Gall_Wasp",5.31154,50.91125
"Oriental_Chestnut_Gall_Wasp",4.74287,50.92112
"Oriental_Chestnut_Gall_Wasp",5.67451,51.03841
"Oriental_Chestnut_Gall_Wasp",5.17992,51.13862
"Oriental_Chestnut_Gall_Wasp",3.95776,50.79531
"Oriental_Chestnut_Gall_Wasp",5.25572,51.22712
"Oriental_Chestnut_Gall_Wasp",5.1085,51.13993
"Oriental_Chestnut_Gall_Wasp",3.17875,51.15881
"Oriental_Chestnut_Gall_Wasp",4.97332,51.32216
"Oriental_Chestnut_Gall_Wasp",5.31824,51.04602
"Oriental_Chestnut_Gall_Wasp",5.54187,51.22126
"Oriental_Chestnut_Gall_Wasp",4.82454,51.18968
"Oriental_Chestnut_Gall_Wasp",3.32113,51.06858
"Oriental_Chestnut_Gall_Wasp",4.74287,50.92112
"Oriental_Chestnut_Gall_Wasp",4.39539,51.19558
"Oriental_Chestnut_Gall_Wasp",4.81572,50.96498
"Oriental_Chestnut_Gall_Wasp",5.3826,50.90982
"Oriental_Chestnut_Gall_Wasp",5.3826,50.90982
"Oriental_Chestnut_Gall_Wasp",5.3849,50.95474
"Oriental_Chestnut_Gall_Wasp",5.54187,51.22126
"Oriental_Chestnut_Gall_Wasp",4.96184,51.05255
"Oriental_Chestnut_Gall_Wasp",3.10704,51.06897
"Oriental_Chestnut_Gall_Wasp",3.17755,50.84407
"Oriental_Chestnut_Gall_Wasp",5.47034,51.22279
"Oriental_Chestnut_Gall_Wasp",5.39881,51.22428
"Oriental_Chestnut_Gall_Wasp",5.39881,51.22428
"Oriental_Chestnut_Gall_Wasp",5.54187,51.22126
"Oriental_Chestnut_Gall_Wasp",3.10704,51.06897
"Oriental_Chestnut_Gall_Wasp",4.89605,51.18854
"Oriental_Chestnut_Gall_Wasp",5.18416,51.22848
"Oriental_Chestnut_Gall_Wasp",5.39182,51.08951
"Oriental_Chestnut_Gall_Wasp",5.03707,51.1412
"Oriental_Chestnut_Gall_Wasp",5.39881,51.22428
"Oriental_Chestnut_Gall_Wasp",5.47034,51.22279
"Oriental_Chestnut_Gall_Wasp",3.25049,51.20364
"Oriental_Chestnut_Gall_Wasp",5.39881,51.22428
"Oriental_Chestnut_Gall_Wasp",5.39881,51.22428
"Oriental_Chestnut_Gall_Wasp",5.3872,50.99967
"Oriental_Chestnut_Gall_Wasp",3.32144,51.11354
"Oriental_Chestnut_Gall_Wasp",5.2448,51.00249
"Oriental_Chestnut_Gall_Wasp",5.3849,50.95474
"Oriental_Chestnut_Gall_Wasp",3.81745,50.88631
"Oriental_Chestnut_Gall_Wasp",4.39404,51.15064
"Oriental_Chestnut_Gall_Wasp",5.6797,51.12824
"Oriental_Chestnut_Gall_Wasp",5.52713,50.95175
"Oriental_Chestnut_Gall_Wasp",4.4655,51.14976
"Oriental_Chestnut_Gall_Wasp",5.54187,51.22126
"Oriental_Chestnut_Gall_Wasp",4.81572,50.96498
"Oriental_Chestnut_Gall_Wasp",5.18416,51.22848
"Oriental_Chestnut_Gall_Wasp",5.18416,51.22848
"Oriental_Chestnut_Gall_Wasp",5.23832,50.8677
"Oriental_Chestnut_Gall_Wasp",4.97525,51.36709
"Oriental_Chestnut_Gall_Wasp",5.10238,51.00514
"Oriental_Chestnut_Gall_Wasp",3.88597,50.75091
"Oriental_Chestnut_Gall_Wasp",4.03566,51.10939
"Oriental_Chestnut_Gall_Wasp",5.47275,51.26771
"Oriental_Chestnut_Gall_Wasp",3.67791,51.06705
"Oriental_Chestnut_Gall_Wasp",3.53624,51.15771
"Oriental_Chestnut_Gall_Wasp",4.95994,51.00762
"Oriental_Chestnut_Gall_Wasp",3.17755,50.84407
"Oriental_Chestnut_Gall_Wasp",5.47275,51.26771
"Oriental_Chestnut_Gall_Wasp",4.96184,51.05255
"Oriental_Chestnut_Gall_Wasp",4.4655,51.14976
"Oriental_Chestnut_Gall_Wasp",3.60774,51.15736
"Oriental_Chestnut_Gall_Wasp",5.31377,50.95617
"Oriental_Chestnut_Gall_Wasp",5.45839,50.99819
"Oriental_Chestnut_Gall_Wasp",5.2448,51.00249
"Oriental_Chestnut_Gall_Wasp",5.3849,50.95474
"Oriental_Chestnut_Gall_Wasp",5.54187,51.22126
"Oriental_Chestnut_Gall_Wasp",3.81903,50.97622
"Oriental_Chestnut_Gall_Wasp",5.39881,51.22428
"Oriental_Chestnut_Gall_Wasp",5.2448,51.00249
"Oriental_Chestnut_Gall_Wasp",5.45602,50.95327
"Oriental_Chestnut_Gall_Wasp",4.53846,51.19379
"Oriental_Chestnut_Gall_Wasp",5.1085,51.13993
"Oriental_Chestnut_Gall_Wasp",5.6823,51.17315
"Oriental_Chestnut_Gall_Wasp",5.45602,50.95327
"Oriental_Chestnut_Gall_Wasp",3.32144,51.11354
"Oriental_Chestnut_Gall_Wasp",4.81572,50.96498
"Oriental_Chestnut_Gall_Wasp",4.96184,51.05255
"Oriental_Chestnut_Gall_Wasp",3.6766,50.97714
"Oriental_Chestnut_Gall_Wasp",5.3849,50.95474
"Oriental_Chestnut_Gall_Wasp",3.75218,51.24645
"Oriental_Chestnut_Gall_Wasp",5.17992,51.13862
"Oriental_Chestnut_Gall_Wasp",5.59574,50.90527
"Oriental_Chestnut_Gall_Wasp",3.03568,51.06901
"Oriental_Chestnut_Gall_Wasp",5.03313,51.05133
"Oriental_Chestnut_Gall_Wasp",5.54187,51.22126
"Oriental_Chestnut_Gall_Wasp",3.53572,51.11275
"Oriental_Chestnut_Gall_Wasp",5.18416,51.22848
"Oriental_Chestnut_Gall_Wasp",4.5325,51.01401
"Oriental_Chestnut_Gall_Wasp",4.39539,51.19558
"Oriental_Chestnut_Gall_Wasp",4.46266,51.05987
"Oriental_Chestnut_Gall_Wasp",5.03707,51.1412
"Oriental_Chestnut_Gall_Wasp",5.54187,51.22126
"Oriental_Chestnut_Gall_Wasp",5.47275,51.26771
"Oriental_Chestnut_Gall_Wasp",5.54187,51.22126
"Oriental_Chestnut_Gall_Wasp",4.96184,51.05255
"Oriental_Chestnut_Gall_Wasp",5.39881,51.22428
"Oriental_Chestnut_Gall_Wasp",3.17789,50.934
"Oriental_Chestnut_Gall_Wasp",5.39881,51.22428
"Oriental_Chestnut_Gall_Wasp",5.39881,51.22428
"Oriental_Chestnut_Gall_Wasp",3.53417,50.97787
"Oriental_Chestnut_Gall_Wasp",5.40115,51.2692
"Oriental_Chestnut_Gall_Wasp",4.96374,51.09749
"Oriental_Chestnut_Gall_Wasp",3.53624,51.15771
"Oriental_Chestnut_Gall_Wasp",4.4655,51.14976
"Oriental_Chestnut_Gall_Wasp",4.97332,51.32216
"Oriental_Chestnut_Gall_Wasp",3.24832,50.79898
"Oriental_Chestnut_Gall_Wasp",5.6823,51.17315
"Oriental_Chestnut_Gall_Wasp",3.17875,51.15881
"Oriental_Chestnut_Gall_Wasp",5.54187,51.22126
"Oriental_Chestnut_Gall_Wasp",5.6823,51.17315
"Oriental_Chestnut_Gall_Wasp",5.03313,51.05133
"Oriental_Chestnut_Gall_Wasp",3.53417,50.97787
"Oriental_Chestnut_Gall_Wasp",4.96184,51.05255
"Oriental_Chestnut_Gall_Wasp",5.46077,51.04311
"Oriental_Chestnut_Gall_Wasp",4.96184,51.05255
"Oriental_Chestnut_Gall_Wasp",4.74287,50.92112
"Oriental_Chestnut_Gall_Wasp",3.03568,51.06901
"Oriental_Chestnut_Gall_Wasp",5.1085,51.13993
"Oriental_Chestnut_Gall_Wasp",2.96435,51.02405
"Oriental_Chestnut_Gall_Wasp",5.1778,51.0937
"Oriental_Chestnut_Gall_Wasp",5.23832,50.8677
"Oriental_Chestnut_Gall_Wasp",5.59824,50.95019
"Oriental_Chestnut_Gall_Wasp",5.11055,51.18487
"Oriental_Chestnut_Gall_Wasp",4.17734,51.06309
"Oriental_Chestnut_Gall_Wasp",4.96947,51.23229
"Oriental_Chestnut_Gall_Wasp",4.96564,51.14242
"Oriental_Chestnut_Gall_Wasp",5.31154,50.91125
"Oriental_Chestnut_Gall_Wasp",5.39881,51.22428
"Oriental_Chestnut_Gall_Wasp",2.75168,50.79898
"Oriental_Chestnut_Gall_Wasp",3.674,50.79729
"Oriental_Chestnut_Gall_Wasp",5.54187,51.22126
"Oriental_Chestnut_Gall_Wasp",5.6797,51.12824
"Oriental_Chestnut_Gall_Wasp",5.54187,51.22126
"Oriental_Chestnut_Gall_Wasp",4.96184,51.05255
"Oriental_Chestnut_Gall_Wasp",5.04104,51.23107
"Oriental_Chestnut_Gall_Wasp",4.96184,51.05255
"Oriental_Chestnut_Gall_Wasp",2.96449,50.8442
"Oriental_Chestnut_Gall_Wasp",4.96184,51.05255
"Oriental_Chestnut_Gall_Wasp",5.39881,51.22428
"Oriental_Chestnut_Gall_Wasp",5.03313,51.05133
"Oriental_Chestnut_Gall_Wasp",3.25049,51.20364
"Oriental_Chestnut_Gall_Wasp",3.46475,51.15802
"Oriental_Chestnut_Gall_Wasp",3.24928,50.97883
"Oriental_Chestnut_Gall_Wasp",3.39135,50.93348
"Oriental_Chestnut_Gall_Wasp",5.54187,51.22126
"Oriental_Chestnut_Gall_Wasp",4.4655,51.14976
"Oriental_Chestnut_Gall_Wasp",5.25572,51.22712
"Oriental_Chestnut_Gall_Wasp",2.96432,51.06901
"Oriental_Chestnut_Gall_Wasp",5.10238,51.00514
"Oriental_Chestnut_Gall_Wasp",4.96184,51.05255
"Oriental_Chestnut_Gall_Wasp",5.40115,51.2692
"Oriental_Chestnut_Gall_Wasp",4.74287,50.92112
"Oriental_Chestnut_Gall_Wasp",5.54187,51.22126
"Oriental_Chestnut_Gall_Wasp",5.39881,51.22428
"Oriental_Chestnut_Gall_Wasp",4.96184,51.05255
"Oriental_Chestnut_Gall_Wasp",5.54187,51.22126
"Oriental_Chestnut_Gall_Wasp",5.6771,51.08332
"Oriental_Chestnut_Gall_Wasp",5.6771,51.08332
"Oriental_Chestnut_Gall_Wasp",5.45839,50.99819
"Oriental_Chestnut_Gall_Wasp",5.03707,51.1412
"Oriental_Chestnut_Gall_Wasp",5.54187,51.22126
"Oriental_Chestnut_Gall_Wasp",4.39404,51.15064
"Oriental_Chestnut_Gall_Wasp",5.8,51.3
"Oriental_Chestnut_Gall_Wasp",6,51.2
"Oriental_Chestnut_Gall_Wasp",6.1,51.45
"Oriental_Chestnut_Gall_Wasp",6.05,51.1
"Oriental_Chestnut_Gall_Wasp",6.5,52.25
"Oriental_Chestnut_Gall_Wasp",6.5,52.25
"Oriental_Chestnut_Gall_Wasp",6.5,52.25
"Oriental_Chestnut_Gall_Wasp",5.7,50.9
"Oriental_Chestnut_Gall_Wasp",5.85,51.05
"Oriental_Chestnut_Gall_Wasp",5.85,51.75
"Oriental_Chestnut_Gall_Wasp",6.15,51.35
"Oriental_Chestnut_Gall_Wasp",5.8,51
"Oriental_Chestnut_Gall_Wasp",5.85,51.75
"Oriental_Chestnut_Gall_Wasp",5.9,51.8
"Oriental_Chestnut_Gall_Wasp",5.9,51.8
"Oriental_Chestnut_Gall_Wasp",5.9,51.35
"Oriental_Chestnut_Gall_Wasp",6.65,52.1
"Oriental_Chestnut_Gall_Wasp",6.2,51.9
"Oriental_Chestnut_Gall_Wasp",5.95,50.75
"Oriental_Chestnut_Gall_Wasp",5.9,51.2
"Oriental_Chestnut_Gall_Wasp",6.05,51.55
"Oriental_Chestnut_Gall_Wasp",5.15,52.05
"Oriental_Chestnut_Gall_Wasp",5.9,51.65
"Oriental_Chestnut_Gall_Wasp",5.85,51.75
"Oriental_Chestnut_Gall_Wasp",6.2,51.9
"Oriental_Chestnut_Gall_Wasp",5.1,52.1
"Oriental_Chestnut_Gall_Wasp",5.95,50.8
"Oriental_Chestnut_Gall_Wasp",5.8,51.3
"Oriental_Chestnut_Gall_Wasp",5.95,50.95
"Oriental_Chestnut_Gall_Wasp",5.9,51.35
"Oriental_Chestnut_Gall_Wasp",5.85,51.75
"Oriental_Chestnut_Gall_Wasp",5.9,51.3
"Oriental_Chestnut_Gall_Wasp",6,51.6
"Oriental_Chestnut_Gall_Wasp",5.85,51.75
"Oriental_Chestnut_Gall_Wasp",6.15,51.3
"Oriental_Chestnut_Gall_Wasp",5.9,51.9
"Oriental_Chestnut_Gall_Wasp",5.6,51.2
"Oriental_Chestnut_Gall_Wasp",5.85,51.95
"Oriental_Chestnut_Gall_Wasp",5.85,51.95
"Oriental_Chestnut_Gall_Wasp",5.4,51.3
"Oriental_Chestnut_Gall_Wasp",5.25,51.6
"Oriental_Chestnut_Gall_Wasp",6.55,52
"Oriental_Chestnut_Gall_Wasp",4.5,51.5
"Oriental_Chestnut_Gall_Wasp",5.85,51.75
"Oriental_Chestnut_Gall_Wasp",5.85,51.95
"Oriental_Chestnut_Gall_Wasp",5.7,50.9
"Oriental_Chestnut_Gall_Wasp",5.85,52
"Oriental_Chestnut_Gall_Wasp",6.2,51.85
"Oriental_Chestnut_Gall_Wasp",5.85,51.8
"Oriental_Chestnut_Gall_Wasp",5.9,51.75
"Oriental_Chestnut_Gall_Wasp",5.85,51.75
"Oriental_Chestnut_Gall_Wasp",5.65,50.8
"Oriental_Chestnut_Gall_Wasp",5.7,51.95
"Oriental_Chestnut_Gall_Wasp",5.9,51.25
"Oriental_Chestnut_Gall_Wasp",5.7,51.8
"Oriental_Chestnut_Gall_Wasp",4.3,51.5
"Oriental_Chestnut_Gall_Wasp",4.3,51.5
"Oriental_Chestnut_Gall_Wasp",5.1,52.25
"Oriental_Chestnut_Gall_Wasp",5.75,51.2
"Oriental_Chestnut_Gall_Wasp",6.5,52.25
"Oriental_Chestnut_Gall_Wasp",6,51.65
"Oriental_Chestnut_Gall_Wasp",5.7,51.7
"Oriental_Chestnut_Gall_Wasp",5.8,51.7
"Oriental_Chestnut_Gall_Wasp",5,51.55
"Oriental_Chestnut_Gall_Wasp",6.1,51.45
"Oriental_Chestnut_Gall_Wasp",5.65,51.25
"Oriental_Chestnut_Gall_Wasp",5.85,51.75
"Oriental_Chestnut_Gall_Wasp",5.65,51.95
"Oriental_Chestnut_Gall_Wasp",6,51.6
"Oriental_Chestnut_Gall_Wasp",6.1,51.4
"Oriental_Chestnut_Gall_Wasp",5.95,50.75
"Oriental_Chestnut_Gall_Wasp",5.9,51.7
"Oriental_Chestnut_Gall_Wasp",5.95,50.85
"Oriental_Chestnut_Gall_Wasp",5.9,51.7
"Oriental_Chestnut_Gall_Wasp",4.3,51.45
"Oriental_Chestnut_Gall_Wasp",4.3,51.4
"Oriental_Chestnut_Gall_Wasp",4.85,51.55
"Oriental_Chestnut_Gall_Wasp",5.85,51.8
"Oriental_Chestnut_Gall_Wasp",5.8,51.8
"Oriental_Chestnut_Gall_Wasp",6.2,51.9
"Oriental_Chestnut_Gall_Wasp",5.85,51.75
"Oriental_Chestnut_Gall_Wasp",5.9,51.95
"Oriental_Chestnut_Gall_Wasp",8.440833,45.815
"Oriental_Chestnut_Gall_Wasp",8.976803,46.431838
"Oriental_Chestnut_Gall_Wasp",1.163828,44.824997
"Oriental_Chestnut_Gall_Wasp",7.024201,49.228482
"Oriental_Chestnut_Gall_Wasp",15.289659,45.981434
"Oriental_Chestnut_Gall_Wasp",3.517663,51.142417
"Oriental_Chestnut_Gall_Wasp",10.156608,45.87885
"Oriental_Chestnut_Gall_Wasp",8.599795,49.359461
